/*--------------------------------*- C++ -*----------------------------------*\
| =========                 |                                                 |
| \\      /  F ield         | OpenFOAM: The Open Source CFD Toolbox           |
|  \\    /   O peration     | Version:  2412                                  |
|   \\  /    A nd           | Website:  www.openfoam.com                      |
|    \\/     M anipulation  |                                                 |
\*---------------------------------------------------------------------------*/
FoamFile
{
    version     2.0;
    format      ascii;
    arch        "LSB;label=32;scalar=64";
    class       volScalarField;
    location    "6000/domain3";
    object      T;
}
// * * * * * * * * * * * * * * * * * * * * * * * * * * * * * * * * * * * * * //

dimensions      [0 0 0 1 0 0 0];

internalField   nonuniform List<scalar> 
24000
(
0.02498555
0.024975995
0.024969001
0.024963581
0.024959312
0.024955968
0.024953416
0.024951566
0.024950362
0.024949768
0.024949768
0.024950362
0.024951566
0.024953416
0.024955968
0.024959312
0.024963581
0.024969001
0.024975995
0.02498555
0.024975984
0.024950367
0.024930454
0.024914679
0.024902139
0.024892277
0.02488473
0.024879254
0.024875687
0.024873927
0.024873927
0.024875687
0.024879254
0.02488473
0.024892277
0.024902138
0.024914679
0.024930454
0.024950367
0.024975984
0.024968982
0.024930446
0.024899395
0.024874318
0.02485417
0.02483823
0.024825988
0.024817085
0.024811277
0.024808411
0.024808411
0.024811277
0.024817085
0.024825988
0.02483823
0.02485417
0.024874317
0.024899395
0.024930446
0.024968982
0.024963557
0.024914664
0.024874311
0.024841209
0.02481435
0.024792963
0.02477647
0.024764445
0.024756588
0.024752706
0.024752706
0.024756588
0.024764445
0.02477647
0.024792963
0.02481435
0.024841209
0.024874311
0.024914664
0.024963557
0.024959284
0.024902119
0.024854159
0.024814344
0.024781766
0.024755673
0.024735472
0.024720704
0.024711038
0.024706259
0.024706259
0.024711038
0.024720704
0.024735472
0.024755673
0.024781765
0.024814344
0.024854159
0.024902119
0.024959283
0.024955937
0.024892253
0.024838214
0.024792953
0.024755669
0.024725662
0.024702348
0.024685264
0.024674065
0.024668522
0.024668522
0.024674065
0.024685264
0.024702348
0.024725661
0.024755669
0.024792953
0.024838214
0.024892253
0.024955937
0.024953381
0.024884704
0.024825968
0.024776457
0.024735464
0.024702344
0.024676539
0.024657592
0.024645155
0.024638995
0.024638995
0.024645155
0.024657592
0.024676539
0.024702344
0.024735464
0.024776457
0.024825968
0.024884703
0.024953381
0.02495153
0.024879226
0.024817064
0.02476443
0.024720694
0.024685258
0.024657589
0.024637242
0.024623872
0.024617246
0.024617246
0.024623872
0.024637242
0.024657589
0.024685258
0.024720694
0.02476443
0.024817063
0.024879225
0.02495153
0.024950324
0.024875657
0.024811255
0.024756571
0.024711027
0.024674058
0.024645151
0.024623871
0.024609879
0.024602941
0.024602941
0.024609879
0.024623871
0.024645151
0.024674058
0.024711027
0.024756571
0.024811254
0.024875657
0.024950324
0.02494973
0.024873896
0.024808387
0.024752689
0.024706247
0.024668514
0.02463899
0.024617244
0.024602941
0.024595848
0.024595848
0.024602941
0.024617244
0.02463899
0.024668514
0.024706247
0.024752689
0.024808387
0.024873896
0.02494973
0.02494973
0.024873897
0.024808388
0.024752689
0.024706247
0.024668515
0.02463899
0.024617245
0.024602941
0.024595848
0.024595848
0.024602941
0.024617245
0.02463899
0.024668515
0.024706247
0.024752689
0.024808388
0.024873897
0.02494973
0.024950325
0.024875658
0.024811255
0.024756572
0.024711028
0.024674059
0.024645152
0.024623872
0.02460988
0.024602942
0.024602942
0.02460988
0.024623872
0.024645152
0.024674059
0.024711028
0.024756572
0.024811255
0.024875657
0.024950325
0.024951531
0.024879227
0.024817065
0.024764431
0.024720696
0.02468526
0.024657591
0.024637244
0.024623874
0.024617248
0.024617248
0.024623874
0.024637244
0.024657591
0.02468526
0.024720696
0.024764431
0.024817065
0.024879227
0.024951531
0.024953383
0.024884706
0.024825971
0.024776459
0.024735466
0.024702347
0.024676542
0.024657594
0.024645157
0.024638997
0.024638997
0.024645157
0.024657594
0.024676542
0.024702347
0.024735466
0.024776459
0.02482597
0.024884705
0.024953383
0.024955939
0.024892256
0.024838217
0.024792956
0.024755672
0.024725665
0.024702351
0.024685267
0.024674068
0.024668526
0.024668526
0.024674068
0.024685267
0.024702351
0.024725665
0.024755672
0.024792956
0.024838217
0.024892256
0.024955939
0.024959287
0.024902122
0.024854162
0.024814348
0.024781769
0.024755677
0.024735476
0.024720708
0.024711043
0.024706263
0.024706263
0.024711043
0.024720708
0.024735476
0.024755677
0.024781769
0.024814348
0.024854162
0.024902122
0.024959286
0.024963561
0.024914668
0.024874315
0.024841214
0.024814354
0.024792967
0.024776475
0.02476445
0.024756593
0.024752711
0.024752711
0.024756593
0.02476445
0.024776475
0.024792967
0.024814354
0.024841214
0.024874315
0.024914668
0.024963561
0.024968987
0.024930451
0.0248994
0.024874323
0.024854176
0.024838236
0.024825993
0.024817091
0.024811283
0.024808417
0.024808417
0.024811283
0.024817091
0.024825993
0.024838235
0.024854176
0.024874323
0.0248994
0.024930451
0.024968987
0.024975989
0.024950373
0.02493046
0.024914685
0.024902145
0.024892283
0.024884736
0.024879261
0.024875693
0.024873933
0.024873933
0.024875693
0.024879261
0.024884736
0.024892283
0.024902145
0.024914685
0.02493046
0.024950372
0.024975989
0.024985556
0.024976002
0.024969007
0.024963588
0.024959319
0.024955976
0.024953423
0.024951574
0.024950369
0.024949776
0.024949776
0.024950369
0.024951574
0.024953423
0.024955976
0.024959319
0.024963588
0.024969007
0.024976002
0.024985556
0.024995562
0.024996806
0.024997935
0.024998932
0.024999788
0.025000499
0.025001064
0.025001486
0.025001766
0.025001905
0.025001905
0.025001766
0.025001486
0.025001064
0.025000499
0.024999788
0.024998932
0.024997935
0.024996806
0.024995562
0.024996808
0.025000443
0.025003766
0.025006708
0.025009237
0.02501134
0.025013014
0.025014263
0.025015092
0.025015505
0.025015505
0.025015092
0.025014263
0.025013014
0.02501134
0.025009237
0.025006708
0.025003766
0.025000443
0.024996808
0.02499794
0.025003768
0.025009125
0.025013886
0.025017988
0.025021405
0.025024129
0.025026162
0.025027511
0.025028184
0.025028184
0.025027511
0.025026162
0.025024129
0.025021405
0.025017988
0.025013886
0.025009125
0.025003768
0.02499794
0.024998938
0.025006712
0.025013887
0.025020288
0.025025818
0.025030431
0.025034113
0.025036863
0.02503869
0.025039601
0.025039601
0.02503869
0.025036863
0.025034113
0.025030431
0.025025817
0.025020288
0.025013887
0.025006712
0.024998938
0.024999795
0.025009242
0.025017992
0.025025819
0.025032597
0.025038262
0.025042789
0.025046174
0.025048423
0.025049545
0.025049545
0.025048423
0.025046174
0.025042789
0.025038262
0.025032597
0.025025819
0.025017991
0.025009242
0.024999795
0.025000507
0.025011346
0.02502141
0.025030434
0.025038264
0.025044818
0.025050061
0.025053985
0.025056593
0.025057895
0.025057895
0.025056593
0.025053985
0.025050061
0.025044818
0.025038264
0.025030434
0.02502141
0.025011346
0.025000507
0.025001073
0.025013021
0.025024134
0.025034116
0.025042791
0.025050062
0.025055884
0.025060243
0.025063143
0.02506459
0.02506459
0.025063143
0.025060243
0.025055884
0.025050062
0.025042791
0.025034116
0.025024134
0.025013021
0.025001073
0.025001496
0.025014271
0.025026168
0.025036868
0.025046177
0.025053986
0.025060244
0.025064933
0.025068053
0.02506961
0.02506961
0.025068053
0.025064933
0.025060244
0.025053986
0.025046177
0.025036868
0.025026168
0.025014271
0.025001496
0.025001776
0.0250151
0.025027518
0.025038695
0.025048427
0.025056596
0.025063145
0.025068053
0.02507132
0.025072951
0.025072951
0.02507132
0.025068053
0.025063145
0.025056596
0.025048427
0.025038695
0.025027518
0.0250151
0.025001776
0.025001916
0.025015514
0.025028191
0.025039606
0.025049549
0.025057898
0.025064592
0.025069611
0.025072952
0.02507462
0.02507462
0.025072952
0.025069611
0.025064592
0.025057898
0.025049549
0.025039606
0.025028191
0.025015514
0.025001916
0.025001916
0.025015514
0.025028191
0.025039607
0.025049549
0.025057898
0.025064593
0.025069612
0.025072952
0.02507462
0.02507462
0.025072952
0.025069611
0.025064593
0.025057898
0.025049549
0.025039607
0.025028191
0.025015514
0.025001916
0.025001777
0.025015101
0.025027519
0.025038696
0.025048428
0.025056597
0.025063146
0.025068054
0.025071321
0.025072952
0.025072952
0.025071321
0.025068054
0.025063146
0.025056597
0.025048428
0.025038696
0.025027519
0.025015101
0.025001777
0.025001497
0.025014273
0.025026169
0.025036869
0.025046179
0.025053988
0.025060246
0.025064935
0.025068054
0.025069612
0.025069612
0.025068054
0.025064935
0.025060246
0.025053988
0.025046179
0.025036869
0.025026169
0.025014272
0.025001497
0.025001075
0.025013023
0.025024136
0.025034119
0.025042794
0.025050065
0.025055886
0.025060246
0.025063146
0.025064593
0.025064593
0.025063146
0.025060246
0.025055886
0.025050064
0.025042794
0.025034119
0.025024136
0.025013023
0.025001075
0.025000509
0.025011349
0.025021412
0.025030437
0.025038267
0.025044821
0.025050064
0.025053988
0.025056596
0.025057898
0.025057898
0.025056596
0.025053988
0.025050064
0.025044821
0.025038267
0.025030437
0.025021412
0.025011349
0.025000509
0.024999798
0.025009245
0.025017995
0.025025823
0.025032601
0.025038266
0.025042793
0.025046178
0.025048427
0.025049549
0.025049549
0.025048427
0.025046178
0.025042793
0.025038266
0.025032601
0.025025823
0.025017995
0.025009245
0.024999798
0.024998942
0.025006716
0.025013892
0.025020292
0.025025822
0.025030436
0.025034118
0.025036868
0.025038695
0.025039606
0.025039606
0.025038695
0.025036868
0.025034118
0.025030436
0.025025822
0.025020292
0.025013892
0.025006716
0.024998942
0.024997944
0.025003773
0.02500913
0.025013891
0.025017994
0.025021411
0.025024134
0.025026167
0.025027517
0.02502819
0.02502819
0.025027517
0.025026167
0.025024134
0.025021411
0.025017994
0.025013891
0.025009129
0.025003773
0.024997944
0.024996813
0.025000449
0.025003772
0.025006714
0.025009243
0.025011346
0.025013021
0.02501427
0.025015099
0.025015512
0.025015512
0.025015099
0.02501427
0.025013021
0.025011346
0.025009243
0.025006714
0.025003772
0.025000449
0.024996813
0.024995568
0.024996812
0.024997942
0.024998939
0.024999795
0.025000506
0.025001072
0.025001494
0.025001773
0.025001913
0.025001913
0.025001773
0.025001494
0.025001072
0.025000506
0.024999795
0.024998939
0.024997942
0.024996812
0.024995568
0.024995539
0.024995563
0.024995587
0.02499561
0.024995631
0.02499565
0.024995666
0.024995679
0.024995687
0.024995692
0.024995692
0.024995687
0.024995679
0.024995666
0.02499565
0.024995631
0.02499561
0.024995587
0.024995563
0.024995539
0.024995564
0.024995637
0.024995709
0.024995778
0.024995842
0.024995899
0.024995948
0.024995986
0.024996012
0.024996025
0.024996025
0.024996012
0.024995986
0.024995948
0.024995899
0.024995842
0.024995778
0.024995709
0.024995637
0.024995564
0.024995589
0.02499571
0.024995829
0.024995944
0.024996051
0.024996147
0.024996228
0.024996291
0.024996335
0.024996357
0.024996357
0.024996335
0.024996291
0.024996228
0.024996147
0.024996051
0.024995944
0.024995829
0.02499571
0.024995588
0.024995612
0.024995779
0.024995945
0.024996105
0.024996254
0.024996387
0.0249965
0.024996589
0.02499665
0.024996681
0.024996681
0.02499665
0.024996589
0.0249965
0.024996387
0.024996254
0.024996105
0.024995945
0.024995779
0.024995612
0.024995634
0.024995844
0.024996053
0.024996254
0.024996443
0.024996612
0.024996756
0.024996868
0.024996946
0.024996985
0.024996985
0.024996946
0.024996868
0.024996756
0.024996612
0.024996443
0.024996254
0.024996053
0.024995844
0.024995634
0.024995653
0.024995902
0.024996149
0.024996388
0.024996613
0.024996814
0.024996986
0.02499712
0.024997212
0.02499726
0.02499726
0.024997212
0.02499712
0.024996986
0.024996814
0.024996613
0.024996388
0.024996149
0.024995902
0.024995653
0.02499567
0.024995951
0.02499623
0.024996502
0.024996757
0.024996986
0.024997181
0.024997334
0.02499744
0.024997493
0.024997493
0.02499744
0.024997334
0.024997181
0.024996986
0.024996757
0.024996502
0.02499623
0.024995951
0.02499567
0.024995683
0.024995989
0.024996294
0.024996591
0.02499687
0.024997121
0.024997335
0.024997503
0.024997618
0.024997677
0.024997677
0.024997618
0.024997503
0.024997335
0.024997121
0.02499687
0.024996591
0.024996294
0.024995989
0.024995683
0.024995692
0.024996015
0.024996338
0.024996652
0.024996948
0.024997214
0.02499744
0.024997619
0.024997741
0.024997804
0.024997804
0.024997741
0.024997619
0.02499744
0.024997214
0.024996948
0.024996652
0.024996338
0.024996015
0.024995692
0.024995696
0.024996029
0.024996361
0.024996684
0.024996988
0.024997261
0.024997495
0.024997678
0.024997804
0.024997869
0.024997869
0.024997804
0.024997678
0.024997495
0.024997261
0.024996987
0.024996683
0.024996361
0.024996029
0.024995696
0.024995697
0.024996029
0.024996361
0.024996684
0.024996988
0.024997262
0.024997495
0.024997678
0.024997805
0.024997869
0.024997869
0.024997805
0.024997678
0.024997495
0.024997262
0.024996988
0.024996684
0.024996361
0.024996029
0.024995697
0.024995693
0.024996016
0.024996339
0.024996653
0.024996949
0.024997215
0.024997442
0.02499762
0.024997742
0.024997805
0.024997805
0.024997742
0.02499762
0.024997442
0.024997215
0.024996949
0.024996653
0.024996339
0.024996016
0.024995692
0.024995684
0.024995991
0.024996296
0.024996593
0.024996872
0.024997123
0.024997336
0.024997504
0.02499762
0.024997679
0.024997679
0.02499762
0.024997504
0.024997336
0.024997123
0.024996872
0.024996592
0.024996296
0.02499599
0.024995684
0.024995672
0.024995953
0.024996233
0.024996504
0.024996759
0.024996989
0.024997184
0.024997337
0.024997442
0.024997496
0.024997496
0.024997442
0.024997337
0.024997184
0.024996989
0.024996759
0.024996504
0.024996232
0.024995953
0.024995672
0.024995656
0.024995905
0.024996152
0.024996391
0.024996616
0.024996818
0.024996989
0.024997123
0.024997216
0.024997263
0.024997263
0.024997216
0.024997123
0.024996989
0.024996818
0.024996616
0.024996391
0.024996152
0.024995905
0.024995656
0.024995637
0.024995847
0.024996056
0.024996258
0.024996447
0.024996616
0.02499676
0.024996872
0.02499695
0.024996989
0.024996989
0.02499695
0.024996872
0.02499676
0.024996616
0.024996447
0.024996258
0.024996056
0.024995847
0.024995637
0.024995616
0.024995783
0.024995949
0.024996109
0.024996258
0.024996392
0.024996505
0.024996594
0.024996655
0.024996686
0.024996686
0.024996655
0.024996594
0.024996505
0.024996392
0.024996258
0.024996109
0.024995949
0.024995783
0.024995616
0.024995593
0.024995714
0.024995834
0.024995949
0.024996057
0.024996153
0.024996234
0.024996297
0.024996341
0.024996363
0.024996363
0.024996341
0.024996297
0.024996234
0.024996153
0.024996057
0.024995949
0.024995834
0.024995714
0.024995593
0.024995569
0.024995643
0.024995715
0.024995784
0.024995848
0.024995906
0.024995954
0.024995992
0.024996018
0.024996032
0.024996032
0.024996018
0.024995992
0.024995954
0.024995906
0.024995848
0.024995784
0.024995715
0.024995642
0.024995569
0.024995545
0.024995569
0.024995594
0.024995617
0.024995638
0.024995657
0.024995674
0.024995686
0.024995695
0.024995699
0.024995699
0.024995695
0.024995686
0.024995674
0.024995657
0.024995638
0.024995617
0.024995594
0.024995569
0.024995544
0.024995753
0.024995752
0.02499575
0.024995749
0.024995747
0.024995746
0.024995745
0.024995744
0.024995744
0.024995743
0.024995743
0.024995744
0.024995744
0.024995745
0.024995746
0.024995747
0.024995749
0.02499575
0.024995752
0.024995753
0.024995753
0.024995748
0.024995744
0.024995739
0.024995735
0.024995731
0.024995728
0.024995726
0.024995724
0.024995723
0.024995723
0.024995724
0.024995726
0.024995728
0.024995731
0.024995735
0.024995739
0.024995744
0.024995748
0.024995753
0.024995752
0.024995744
0.024995737
0.02499573
0.024995723
0.024995717
0.024995711
0.024995707
0.024995704
0.024995703
0.024995703
0.024995704
0.024995707
0.024995711
0.024995717
0.024995723
0.02499573
0.024995737
0.024995744
0.024995752
0.024995751
0.024995741
0.02499573
0.02499572
0.024995711
0.024995702
0.024995694
0.024995689
0.024995684
0.024995682
0.024995682
0.024995684
0.024995689
0.024995694
0.024995702
0.024995711
0.02499572
0.02499573
0.024995741
0.024995751
0.02499575
0.024995737
0.024995724
0.024995711
0.024995699
0.024995688
0.024995678
0.024995671
0.024995666
0.024995663
0.024995663
0.024995666
0.024995671
0.024995678
0.024995688
0.024995699
0.024995711
0.024995724
0.024995737
0.02499575
0.024995749
0.024995734
0.024995718
0.024995703
0.024995688
0.024995675
0.024995664
0.024995655
0.024995648
0.024995645
0.024995645
0.024995648
0.024995655
0.024995664
0.024995675
0.024995688
0.024995703
0.024995718
0.024995734
0.024995749
0.024995748
0.024995731
0.024995713
0.024995696
0.024995679
0.024995664
0.024995651
0.024995641
0.024995633
0.02499563
0.02499563
0.024995633
0.024995641
0.024995651
0.024995664
0.024995679
0.024995696
0.024995713
0.024995731
0.024995748
0.024995748
0.024995729
0.02499571
0.024995691
0.024995672
0.024995655
0.024995641
0.02499563
0.024995622
0.024995618
0.024995618
0.024995622
0.02499563
0.024995641
0.024995655
0.024995672
0.02499569
0.02499571
0.024995729
0.024995748
0.024995748
0.024995728
0.024995707
0.024995687
0.024995667
0.02499565
0.024995634
0.024995622
0.024995614
0.024995609
0.024995609
0.024995614
0.024995622
0.024995634
0.02499565
0.024995667
0.024995687
0.024995707
0.024995727
0.024995748
0.024995748
0.024995727
0.024995706
0.024995685
0.024995665
0.024995647
0.024995631
0.024995618
0.02499561
0.024995605
0.024995605
0.02499561
0.024995618
0.024995631
0.024995647
0.024995665
0.024995685
0.024995706
0.024995727
0.024995748
0.024995748
0.024995727
0.024995706
0.024995685
0.024995665
0.024995647
0.024995631
0.024995619
0.02499561
0.024995606
0.024995606
0.02499561
0.024995619
0.024995631
0.024995647
0.024995665
0.024995685
0.024995706
0.024995727
0.024995748
0.024995748
0.024995728
0.024995708
0.024995688
0.024995668
0.024995651
0.024995635
0.024995623
0.024995615
0.02499561
0.02499561
0.024995615
0.024995623
0.024995635
0.024995651
0.024995668
0.024995688
0.024995708
0.024995728
0.024995748
0.024995749
0.02499573
0.024995711
0.024995692
0.024995674
0.024995657
0.024995643
0.024995631
0.024995623
0.024995619
0.024995619
0.024995623
0.024995631
0.024995643
0.024995657
0.024995674
0.024995692
0.024995711
0.02499573
0.024995749
0.02499575
0.024995733
0.024995716
0.024995698
0.024995682
0.024995667
0.024995654
0.024995643
0.024995636
0.024995632
0.024995632
0.024995636
0.024995643
0.024995654
0.024995667
0.024995682
0.024995698
0.024995716
0.024995733
0.02499575
0.024995752
0.024995736
0.024995721
0.024995706
0.024995692
0.024995678
0.024995667
0.024995658
0.024995652
0.024995648
0.024995648
0.024995652
0.024995658
0.024995667
0.024995678
0.024995692
0.024995706
0.024995721
0.024995736
0.024995751
0.024995753
0.02499574
0.024995728
0.024995715
0.024995703
0.024995692
0.024995682
0.024995675
0.02499567
0.024995667
0.024995667
0.02499567
0.024995675
0.024995682
0.024995692
0.024995703
0.024995715
0.024995728
0.02499574
0.024995753
0.024995754
0.024995745
0.024995735
0.024995725
0.024995715
0.024995707
0.024995699
0.024995694
0.024995689
0.024995687
0.024995687
0.024995689
0.024995694
0.024995699
0.024995707
0.024995715
0.024995725
0.024995735
0.024995745
0.024995754
0.024995756
0.024995749
0.024995742
0.024995735
0.024995728
0.024995722
0.024995717
0.024995713
0.02499571
0.024995709
0.024995709
0.02499571
0.024995713
0.024995717
0.024995722
0.024995728
0.024995735
0.024995742
0.024995749
0.024995756
0.024995758
0.024995754
0.024995749
0.024995745
0.024995741
0.024995738
0.024995735
0.024995732
0.024995731
0.02499573
0.02499573
0.024995731
0.024995732
0.024995735
0.024995738
0.024995741
0.024995745
0.024995749
0.024995754
0.024995758
0.024995759
0.024995758
0.024995757
0.024995756
0.024995754
0.024995753
0.024995752
0.024995752
0.024995751
0.024995751
0.024995751
0.024995751
0.024995752
0.024995752
0.024995753
0.024995754
0.024995756
0.024995757
0.024995758
0.024995759
0.024995825
0.024995824
0.024995824
0.024995824
0.024995824
0.024995824
0.024995823
0.024995823
0.024995823
0.024995823
0.024995823
0.024995823
0.024995823
0.024995823
0.024995824
0.024995824
0.024995824
0.024995824
0.024995824
0.024995825
0.024995825
0.024995825
0.024995824
0.024995824
0.024995824
0.024995824
0.024995824
0.024995823
0.024995823
0.024995823
0.024995823
0.024995823
0.024995823
0.024995824
0.024995824
0.024995824
0.024995824
0.024995824
0.024995825
0.024995825
0.024995826
0.024995825
0.024995825
0.024995824
0.024995824
0.024995824
0.024995823
0.024995823
0.024995823
0.024995823
0.024995823
0.024995823
0.024995823
0.024995823
0.024995824
0.024995824
0.024995824
0.024995825
0.024995825
0.024995826
0.024995826
0.024995825
0.024995825
0.024995825
0.024995824
0.024995824
0.024995823
0.024995823
0.024995823
0.024995823
0.024995823
0.024995823
0.024995823
0.024995823
0.024995824
0.024995824
0.024995825
0.024995825
0.024995825
0.024995826
0.024995826
0.024995826
0.024995825
0.024995825
0.024995824
0.024995824
0.024995823
0.024995823
0.024995823
0.024995822
0.024995822
0.024995823
0.024995823
0.024995823
0.024995824
0.024995824
0.024995825
0.024995825
0.024995826
0.024995826
0.024995827
0.024995826
0.024995825
0.024995825
0.024995824
0.024995824
0.024995823
0.024995823
0.024995822
0.024995822
0.024995822
0.024995822
0.024995823
0.024995823
0.024995824
0.024995824
0.024995825
0.024995825
0.024995826
0.024995826
0.024995827
0.024995826
0.024995826
0.024995825
0.024995824
0.024995823
0.024995823
0.024995822
0.024995822
0.024995822
0.024995822
0.024995822
0.024995822
0.024995823
0.024995823
0.024995824
0.024995825
0.024995826
0.024995826
0.024995827
0.024995827
0.024995826
0.024995826
0.024995825
0.024995824
0.024995824
0.024995823
0.024995822
0.024995822
0.024995822
0.024995822
0.024995822
0.024995822
0.024995823
0.024995823
0.024995824
0.024995825
0.024995826
0.024995826
0.024995827
0.024995827
0.024995827
0.024995826
0.024995825
0.024995824
0.024995824
0.024995823
0.024995822
0.024995822
0.024995822
0.024995822
0.024995822
0.024995822
0.024995823
0.024995824
0.024995824
0.024995825
0.024995826
0.024995827
0.024995827
0.024995828
0.024995827
0.024995826
0.024995825
0.024995825
0.024995824
0.024995823
0.024995823
0.024995822
0.024995822
0.024995822
0.024995822
0.024995823
0.024995823
0.024995824
0.024995825
0.024995825
0.024995826
0.024995827
0.024995828
0.024995828
0.024995827
0.024995827
0.024995826
0.024995825
0.024995824
0.024995824
0.024995823
0.024995823
0.024995822
0.024995822
0.024995823
0.024995823
0.024995823
0.024995824
0.024995825
0.024995826
0.024995826
0.024995827
0.024995828
0.024995828
0.024995828
0.024995827
0.024995826
0.024995825
0.024995825
0.024995824
0.024995823
0.024995823
0.024995823
0.024995823
0.024995823
0.024995823
0.024995824
0.024995825
0.024995825
0.024995826
0.024995827
0.024995828
0.024995828
0.024995829
0.024995828
0.024995827
0.024995827
0.024995826
0.024995825
0.024995825
0.024995824
0.024995824
0.024995824
0.024995824
0.024995824
0.024995824
0.024995825
0.024995825
0.024995826
0.024995827
0.024995827
0.024995828
0.024995828
0.024995829
0.024995828
0.024995828
0.024995827
0.024995827
0.024995826
0.024995825
0.024995825
0.024995825
0.024995825
0.024995825
0.024995825
0.024995825
0.024995825
0.024995826
0.024995827
0.024995827
0.024995828
0.024995828
0.024995829
0.024995829
0.024995829
0.024995828
0.024995828
0.024995827
0.024995827
0.024995826
0.024995826
0.024995826
0.024995826
0.024995826
0.024995826
0.024995826
0.024995826
0.024995827
0.024995827
0.024995828
0.024995828
0.024995829
0.024995829
0.024995829
0.024995829
0.024995829
0.024995828
0.024995828
0.024995828
0.024995827
0.024995827
0.024995827
0.024995827
0.024995827
0.024995827
0.024995827
0.024995827
0.024995828
0.024995828
0.024995828
0.024995829
0.024995829
0.024995829
0.02499583
0.024995829
0.024995829
0.024995829
0.024995829
0.024995828
0.024995828
0.024995828
0.024995828
0.024995828
0.024995828
0.024995828
0.024995828
0.024995828
0.024995828
0.024995829
0.024995829
0.024995829
0.024995829
0.02499583
0.02499583
0.02499583
0.02499583
0.02499583
0.02499583
0.024995829
0.024995829
0.024995829
0.024995829
0.024995829
0.024995829
0.024995829
0.024995829
0.024995829
0.024995829
0.024995829
0.02499583
0.02499583
0.02499583
0.02499583
0.02499583
0.02499583
0.02499583
0.02499583
0.02499583
0.02499583
0.02499583
0.02499583
0.02499583
0.02499583
0.02499583
0.02499583
0.02499583
0.02499583
0.02499583
0.02499583
0.02499583
0.02499583
0.02499583
0.02499583
0.02499583
0.024995831
0.024995831
0.024995831
0.024995831
0.024995831
0.024995831
0.024995831
0.024995831
0.024995831
0.024995831
0.024995831
0.024995831
0.024995831
0.024995831
0.024995831
0.024995831
0.024995831
0.024995831
0.02499583
0.024995843
0.024995843
0.024995842
0.024995842
0.024995842
0.024995842
0.024995842
0.024995842
0.024995842
0.024995842
0.024995842
0.024995842
0.024995842
0.024995842
0.024995842
0.024995842
0.024995842
0.024995842
0.024995842
0.024995843
0.024995843
0.024995843
0.024995843
0.024995843
0.024995843
0.024995843
0.024995843
0.024995843
0.024995843
0.024995843
0.024995843
0.024995843
0.024995843
0.024995843
0.024995843
0.024995843
0.024995843
0.024995843
0.024995843
0.024995843
0.024995844
0.024995844
0.024995844
0.024995844
0.024995844
0.024995844
0.024995844
0.024995844
0.024995843
0.024995843
0.024995843
0.024995843
0.024995843
0.024995844
0.024995844
0.024995844
0.024995844
0.024995844
0.024995844
0.024995844
0.024995844
0.024995844
0.024995844
0.024995844
0.024995844
0.024995844
0.024995844
0.024995844
0.024995844
0.024995844
0.024995844
0.024995844
0.024995844
0.024995844
0.024995844
0.024995844
0.024995844
0.024995844
0.024995844
0.024995844
0.024995845
0.024995845
0.024995845
0.024995845
0.024995845
0.024995845
0.024995845
0.024995845
0.024995845
0.024995845
0.024995845
0.024995845
0.024995845
0.024995845
0.024995845
0.024995845
0.024995845
0.024995845
0.024995845
0.024995845
0.024995845
0.024995845
0.024995845
0.024995845
0.024995845
0.024995845
0.024995845
0.024995845
0.024995845
0.024995845
0.024995845
0.024995845
0.024995845
0.024995845
0.024995845
0.024995845
0.024995845
0.024995845
0.024995845
0.024995845
0.024995845
0.024995846
0.024995846
0.024995846
0.024995846
0.024995846
0.024995846
0.024995846
0.024995846
0.024995846
0.024995846
0.024995846
0.024995846
0.024995846
0.024995846
0.024995846
0.024995846
0.024995846
0.024995845
0.024995845
0.024995846
0.024995846
0.024995846
0.024995846
0.024995846
0.024995846
0.024995846
0.024995846
0.024995846
0.024995846
0.024995846
0.024995846
0.024995846
0.024995846
0.024995846
0.024995846
0.024995846
0.024995846
0.024995846
0.024995846
0.024995846
0.024995846
0.024995846
0.024995846
0.024995847
0.024995847
0.024995847
0.024995847
0.024995847
0.024995847
0.024995847
0.024995847
0.024995847
0.024995847
0.024995847
0.024995847
0.024995846
0.024995846
0.024995846
0.024995846
0.024995846
0.024995847
0.024995847
0.024995847
0.024995847
0.024995847
0.024995847
0.024995847
0.024995847
0.024995847
0.024995847
0.024995847
0.024995847
0.024995847
0.024995847
0.024995847
0.024995847
0.024995847
0.024995846
0.024995846
0.024995847
0.024995847
0.024995847
0.024995847
0.024995847
0.024995847
0.024995848
0.024995848
0.024995848
0.024995848
0.024995848
0.024995848
0.024995848
0.024995847
0.024995847
0.024995847
0.024995847
0.024995847
0.024995847
0.024995846
0.024995847
0.024995847
0.024995847
0.024995847
0.024995848
0.024995848
0.024995848
0.024995848
0.024995848
0.024995848
0.024995848
0.024995848
0.024995848
0.024995848
0.024995848
0.024995848
0.024995847
0.024995847
0.024995847
0.024995847
0.024995847
0.024995847
0.024995848
0.024995848
0.024995848
0.024995848
0.024995848
0.024995848
0.024995848
0.024995848
0.024995848
0.024995848
0.024995848
0.024995848
0.024995848
0.024995848
0.024995848
0.024995848
0.024995847
0.024995847
0.024995847
0.024995848
0.024995848
0.024995848
0.024995848
0.024995848
0.024995848
0.024995848
0.024995849
0.024995849
0.024995849
0.024995849
0.024995848
0.024995848
0.024995848
0.024995848
0.024995848
0.024995848
0.024995848
0.024995847
0.024995848
0.024995848
0.024995848
0.024995848
0.024995848
0.024995849
0.024995849
0.024995849
0.024995849
0.024995849
0.024995849
0.024995849
0.024995849
0.024995849
0.024995849
0.024995848
0.024995848
0.024995848
0.024995848
0.024995848
0.024995848
0.024995848
0.024995848
0.024995848
0.024995849
0.024995849
0.024995849
0.024995849
0.024995849
0.024995849
0.024995849
0.024995849
0.024995849
0.024995849
0.024995849
0.024995849
0.024995848
0.024995848
0.024995848
0.024995848
0.024995848
0.024995848
0.024995849
0.024995849
0.024995849
0.024995849
0.024995849
0.024995849
0.024995849
0.024995849
0.024995849
0.024995849
0.024995849
0.024995849
0.024995849
0.024995849
0.024995849
0.024995848
0.024995848
0.024995848
0.024995848
0.024995849
0.024995849
0.024995849
0.024995849
0.024995849
0.024995849
0.024995849
0.024995849
0.024995849
0.024995849
0.024995849
0.024995849
0.024995849
0.024995849
0.024995849
0.024995849
0.024995849
0.024995848
0.024995848
0.024995848
0.024995849
0.024995849
0.024995849
0.024995849
0.024995849
0.024995849
0.024995849
0.024995849
0.024995849
0.024995849
0.024995849
0.024995849
0.024995849
0.024995849
0.024995849
0.024995849
0.024995849
0.024995849
0.024995848
0.024995849
0.024995849
0.024995849
0.024995849
0.024995849
0.024995849
0.024995849
0.02499585
0.02499585
0.02499585
0.02499585
0.02499585
0.02499585
0.024995849
0.024995849
0.024995849
0.024995849
0.024995849
0.024995849
0.024995849
0.024995847
0.024995847
0.024995846
0.024995846
0.024995846
0.024995846
0.024995846
0.024995846
0.024995846
0.024995846
0.024995846
0.024995846
0.024995846
0.024995846
0.024995846
0.024995846
0.024995846
0.024995846
0.024995847
0.024995847
0.024995848
0.024995847
0.024995847
0.024995847
0.024995847
0.024995847
0.024995847
0.024995847
0.024995847
0.024995847
0.024995847
0.024995847
0.024995847
0.024995847
0.024995847
0.024995847
0.024995847
0.024995847
0.024995847
0.024995847
0.024995848
0.024995848
0.024995848
0.024995848
0.024995848
0.024995847
0.024995847
0.024995847
0.024995847
0.024995847
0.024995847
0.024995847
0.024995847
0.024995847
0.024995847
0.024995847
0.024995848
0.024995848
0.024995848
0.024995848
0.024995848
0.024995848
0.024995848
0.024995848
0.024995848
0.024995848
0.024995848
0.024995848
0.024995848
0.024995848
0.024995848
0.024995848
0.024995848
0.024995848
0.024995848
0.024995848
0.024995848
0.024995848
0.024995848
0.024995848
0.024995849
0.024995849
0.024995849
0.024995849
0.024995849
0.024995849
0.024995849
0.024995849
0.024995849
0.024995849
0.024995849
0.024995849
0.024995849
0.024995849
0.024995849
0.024995849
0.024995849
0.024995849
0.024995849
0.024995849
0.024995849
0.024995849
0.024995849
0.024995849
0.024995849
0.024995849
0.024995849
0.024995849
0.024995849
0.024995849
0.024995849
0.024995849
0.024995849
0.024995849
0.024995849
0.024995849
0.024995849
0.024995849
0.024995849
0.024995849
0.024995849
0.024995849
0.024995849
0.02499585
0.02499585
0.02499585
0.02499585
0.02499585
0.02499585
0.02499585
0.02499585
0.02499585
0.02499585
0.02499585
0.02499585
0.02499585
0.024995849
0.024995849
0.024995849
0.024995849
0.02499585
0.02499585
0.02499585
0.02499585
0.02499585
0.02499585
0.02499585
0.02499585
0.02499585
0.02499585
0.02499585
0.02499585
0.02499585
0.02499585
0.02499585
0.02499585
0.02499585
0.02499585
0.02499585
0.02499585
0.02499585
0.02499585
0.02499585
0.02499585
0.02499585
0.02499585
0.02499585
0.02499585
0.02499585
0.02499585
0.02499585
0.02499585
0.02499585
0.02499585
0.02499585
0.02499585
0.02499585
0.02499585
0.02499585
0.02499585
0.02499585
0.02499585
0.024995851
0.024995851
0.024995851
0.024995851
0.024995851
0.024995851
0.024995851
0.024995851
0.024995851
0.024995851
0.024995851
0.024995851
0.024995851
0.024995851
0.024995851
0.02499585
0.02499585
0.02499585
0.024995851
0.024995851
0.024995851
0.024995851
0.024995851
0.024995851
0.024995851
0.024995851
0.024995851
0.024995851
0.024995851
0.024995851
0.024995851
0.024995851
0.024995851
0.024995851
0.024995851
0.024995851
0.024995851
0.024995851
0.024995851
0.024995851
0.024995851
0.024995851
0.024995851
0.024995851
0.024995852
0.024995852
0.024995852
0.024995852
0.024995852
0.024995852
0.024995852
0.024995851
0.024995851
0.024995851
0.024995851
0.024995851
0.024995851
0.024995851
0.024995851
0.024995851
0.024995851
0.024995852
0.024995852
0.024995852
0.024995852
0.024995852
0.024995852
0.024995852
0.024995852
0.024995852
0.024995852
0.024995852
0.024995852
0.024995852
0.024995852
0.024995851
0.024995851
0.024995851
0.024995851
0.024995852
0.024995852
0.024995852
0.024995852
0.024995852
0.024995852
0.024995852
0.024995852
0.024995852
0.024995852
0.024995852
0.024995852
0.024995852
0.024995852
0.024995852
0.024995852
0.024995852
0.024995851
0.024995851
0.024995852
0.024995852
0.024995852
0.024995852
0.024995852
0.024995852
0.024995852
0.024995852
0.024995852
0.024995852
0.024995852
0.024995852
0.024995852
0.024995852
0.024995852
0.024995852
0.024995852
0.024995852
0.024995852
0.024995852
0.024995852
0.024995852
0.024995852
0.024995852
0.024995852
0.024995853
0.024995853
0.024995853
0.024995853
0.024995853
0.024995853
0.024995853
0.024995853
0.024995853
0.024995853
0.024995852
0.024995852
0.024995852
0.024995852
0.024995852
0.024995852
0.024995852
0.024995852
0.024995853
0.024995853
0.024995853
0.024995853
0.024995853
0.024995853
0.024995853
0.024995853
0.024995853
0.024995853
0.024995853
0.024995853
0.024995853
0.024995853
0.024995852
0.024995852
0.024995852
0.024995852
0.024995853
0.024995853
0.024995853
0.024995853
0.024995853
0.024995853
0.024995853
0.024995853
0.024995853
0.024995853
0.024995853
0.024995853
0.024995853
0.024995853
0.024995853
0.024995853
0.024995853
0.024995852
0.024995852
0.024995853
0.024995853
0.024995853
0.024995853
0.024995853
0.024995853
0.024995853
0.024995853
0.024995853
0.024995853
0.024995853
0.024995853
0.024995853
0.024995853
0.024995853
0.024995853
0.024995853
0.024995853
0.024995853
0.024995852
0.024995853
0.024995853
0.024995853
0.024995853
0.024995853
0.024995853
0.024995854
0.024995854
0.024995854
0.024995854
0.024995854
0.024995854
0.024995854
0.024995853
0.024995853
0.024995853
0.024995853
0.024995853
0.024995853
0.024995853
0.024995848
0.024995847
0.024995847
0.024995847
0.024995847
0.024995847
0.024995847
0.024995847
0.024995847
0.024995847
0.024995847
0.024995847
0.024995847
0.024995847
0.024995847
0.024995847
0.024995847
0.024995847
0.024995847
0.024995848
0.024995848
0.024995848
0.024995848
0.024995848
0.024995848
0.024995848
0.024995847
0.024995847
0.024995847
0.024995847
0.024995847
0.024995847
0.024995847
0.024995847
0.024995848
0.024995848
0.024995848
0.024995848
0.024995848
0.024995848
0.024995849
0.024995849
0.024995848
0.024995848
0.024995848
0.024995848
0.024995848
0.024995848
0.024995848
0.024995848
0.024995848
0.024995848
0.024995848
0.024995848
0.024995848
0.024995848
0.024995848
0.024995848
0.024995848
0.024995849
0.024995849
0.024995849
0.024995849
0.024995849
0.024995849
0.024995849
0.024995849
0.024995849
0.024995849
0.024995849
0.024995849
0.024995849
0.024995849
0.024995849
0.024995849
0.024995849
0.024995849
0.024995849
0.024995849
0.024995849
0.024995849
0.024995849
0.024995849
0.024995849
0.024995849
0.024995849
0.024995849
0.024995849
0.024995849
0.024995849
0.024995849
0.024995849
0.024995849
0.024995849
0.024995849
0.024995849
0.024995849
0.024995849
0.024995849
0.024995849
0.02499585
0.02499585
0.02499585
0.02499585
0.02499585
0.02499585
0.02499585
0.02499585
0.02499585
0.02499585
0.02499585
0.02499585
0.02499585
0.02499585
0.02499585
0.02499585
0.02499585
0.02499585
0.02499585
0.02499585
0.02499585
0.02499585
0.02499585
0.02499585
0.02499585
0.02499585
0.02499585
0.02499585
0.02499585
0.02499585
0.02499585
0.02499585
0.02499585
0.02499585
0.02499585
0.02499585
0.02499585
0.02499585
0.02499585
0.02499585
0.02499585
0.024995851
0.024995851
0.024995851
0.024995851
0.024995851
0.024995851
0.024995851
0.024995851
0.024995851
0.024995851
0.024995851
0.024995851
0.024995851
0.024995851
0.024995851
0.024995851
0.024995851
0.02499585
0.02499585
0.024995851
0.024995851
0.024995851
0.024995851
0.024995851
0.024995851
0.024995851
0.024995851
0.024995851
0.024995851
0.024995851
0.024995851
0.024995851
0.024995851
0.024995851
0.024995851
0.024995851
0.024995851
0.024995851
0.024995851
0.024995851
0.024995851
0.024995851
0.024995851
0.024995851
0.024995851
0.024995851
0.024995851
0.024995852
0.024995852
0.024995852
0.024995851
0.024995851
0.024995851
0.024995851
0.024995851
0.024995851
0.024995851
0.024995851
0.024995851
0.024995851
0.024995851
0.024995852
0.024995852
0.024995852
0.024995852
0.024995852
0.024995852
0.024995852
0.024995852
0.024995852
0.024995852
0.024995852
0.024995852
0.024995852
0.024995852
0.024995852
0.024995852
0.024995851
0.024995851
0.024995852
0.024995852
0.024995852
0.024995852
0.024995852
0.024995852
0.024995852
0.024995852
0.024995852
0.024995852
0.024995852
0.024995852
0.024995852
0.024995852
0.024995852
0.024995852
0.024995852
0.024995852
0.024995852
0.024995852
0.024995852
0.024995852
0.024995852
0.024995852
0.024995852
0.024995852
0.024995852
0.024995853
0.024995853
0.024995853
0.024995853
0.024995853
0.024995853
0.024995852
0.024995852
0.024995852
0.024995852
0.024995852
0.024995852
0.024995852
0.024995852
0.024995852
0.024995852
0.024995853
0.024995853
0.024995853
0.024995853
0.024995853
0.024995853
0.024995853
0.024995853
0.024995853
0.024995853
0.024995853
0.024995853
0.024995853
0.024995852
0.024995852
0.024995852
0.024995852
0.024995852
0.024995853
0.024995853
0.024995853
0.024995853
0.024995853
0.024995853
0.024995853
0.024995853
0.024995853
0.024995853
0.024995853
0.024995853
0.024995853
0.024995853
0.024995853
0.024995853
0.024995853
0.024995852
0.024995852
0.024995853
0.024995853
0.024995853
0.024995853
0.024995853
0.024995853
0.024995853
0.024995853
0.024995853
0.024995853
0.024995853
0.024995853
0.024995853
0.024995853
0.024995853
0.024995853
0.024995853
0.024995853
0.024995853
0.024995852
0.024995853
0.024995853
0.024995853
0.024995853
0.024995853
0.024995854
0.024995854
0.024995854
0.024995854
0.024995854
0.024995854
0.024995854
0.024995854
0.024995854
0.024995853
0.024995853
0.024995853
0.024995853
0.024995853
0.024995853
0.024995853
0.024995853
0.024995853
0.024995854
0.024995854
0.024995854
0.024995854
0.024995854
0.024995854
0.024995854
0.024995854
0.024995854
0.024995854
0.024995854
0.024995854
0.024995854
0.024995854
0.024995853
0.024995853
0.024995853
0.024995853
0.024995854
0.024995854
0.024995854
0.024995854
0.024995854
0.024995854
0.024995854
0.024995854
0.024995854
0.024995854
0.024995854
0.024995854
0.024995854
0.024995854
0.024995854
0.024995854
0.024995854
0.024995853
0.024995853
0.024995854
0.024995854
0.024995854
0.024995854
0.024995854
0.024995854
0.024995854
0.024995854
0.024995854
0.024995854
0.024995854
0.024995854
0.024995854
0.024995854
0.024995854
0.024995854
0.024995854
0.024995854
0.024995854
0.024995854
0.024995848
0.024995848
0.024995847
0.024995847
0.024995847
0.024995847
0.024995847
0.024995847
0.024995847
0.024995847
0.024995847
0.024995847
0.024995847
0.024995847
0.024995847
0.024995847
0.024995847
0.024995847
0.024995847
0.024995848
0.024995848
0.024995848
0.024995848
0.024995848
0.024995848
0.024995848
0.024995848
0.024995848
0.024995848
0.024995848
0.024995848
0.024995848
0.024995848
0.024995848
0.024995848
0.024995848
0.024995848
0.024995848
0.024995848
0.024995848
0.024995849
0.024995849
0.024995849
0.024995848
0.024995848
0.024995848
0.024995848
0.024995848
0.024995848
0.024995848
0.024995848
0.024995848
0.024995848
0.024995848
0.024995848
0.024995848
0.024995848
0.024995849
0.024995849
0.024995849
0.024995849
0.024995849
0.024995849
0.024995849
0.024995849
0.024995849
0.024995849
0.024995849
0.024995849
0.024995849
0.024995849
0.024995849
0.024995849
0.024995849
0.024995849
0.024995849
0.024995849
0.024995849
0.024995849
0.024995849
0.02499585
0.02499585
0.02499585
0.02499585
0.024995849
0.024995849
0.024995849
0.024995849
0.024995849
0.024995849
0.024995849
0.024995849
0.024995849
0.024995849
0.024995849
0.024995849
0.024995849
0.02499585
0.02499585
0.02499585
0.02499585
0.02499585
0.02499585
0.02499585
0.02499585
0.02499585
0.02499585
0.02499585
0.02499585
0.02499585
0.02499585
0.02499585
0.02499585
0.02499585
0.02499585
0.02499585
0.02499585
0.02499585
0.02499585
0.02499585
0.02499585
0.02499585
0.02499585
0.02499585
0.02499585
0.02499585
0.02499585
0.02499585
0.02499585
0.02499585
0.02499585
0.02499585
0.02499585
0.02499585
0.02499585
0.02499585
0.02499585
0.02499585
0.02499585
0.02499585
0.024995851
0.024995851
0.024995851
0.024995851
0.024995851
0.024995851
0.024995851
0.024995851
0.024995851
0.024995851
0.024995851
0.024995851
0.024995851
0.024995851
0.024995851
0.024995851
0.024995851
0.024995851
0.024995851
0.024995851
0.024995851
0.024995851
0.024995851
0.024995851
0.024995851
0.024995851
0.024995851
0.024995851
0.024995851
0.024995851
0.024995851
0.024995851
0.024995851
0.024995851
0.024995851
0.024995851
0.024995851
0.024995851
0.024995851
0.024995851
0.024995851
0.024995851
0.024995851
0.024995851
0.024995852
0.024995852
0.024995852
0.024995852
0.024995852
0.024995852
0.024995852
0.024995852
0.024995852
0.024995852
0.024995852
0.024995852
0.024995851
0.024995851
0.024995851
0.024995851
0.024995851
0.024995852
0.024995852
0.024995852
0.024995852
0.024995852
0.024995852
0.024995852
0.024995852
0.024995852
0.024995852
0.024995852
0.024995852
0.024995852
0.024995852
0.024995852
0.024995852
0.024995852
0.024995852
0.024995851
0.024995852
0.024995852
0.024995852
0.024995852
0.024995852
0.024995852
0.024995852
0.024995852
0.024995852
0.024995852
0.024995852
0.024995852
0.024995852
0.024995852
0.024995852
0.024995852
0.024995852
0.024995852
0.024995852
0.024995852
0.024995852
0.024995852
0.024995852
0.024995852
0.024995853
0.024995853
0.024995853
0.024995853
0.024995853
0.024995853
0.024995853
0.024995853
0.024995853
0.024995853
0.024995853
0.024995852
0.024995852
0.024995852
0.024995852
0.024995852
0.024995852
0.024995852
0.024995853
0.024995853
0.024995853
0.024995853
0.024995853
0.024995853
0.024995853
0.024995853
0.024995853
0.024995853
0.024995853
0.024995853
0.024995853
0.024995853
0.024995853
0.024995853
0.024995852
0.024995852
0.024995853
0.024995853
0.024995853
0.024995853
0.024995853
0.024995853
0.024995853
0.024995853
0.024995853
0.024995853
0.024995853
0.024995853
0.024995853
0.024995853
0.024995853
0.024995853
0.024995853
0.024995853
0.024995853
0.024995852
0.024995853
0.024995853
0.024995853
0.024995853
0.024995853
0.024995853
0.024995854
0.024995854
0.024995854
0.024995854
0.024995854
0.024995854
0.024995854
0.024995853
0.024995853
0.024995853
0.024995853
0.024995853
0.024995853
0.024995853
0.024995853
0.024995853
0.024995853
0.024995854
0.024995854
0.024995854
0.024995854
0.024995854
0.024995854
0.024995854
0.024995854
0.024995854
0.024995854
0.024995854
0.024995854
0.024995854
0.024995853
0.024995853
0.024995853
0.024995853
0.024995853
0.024995853
0.024995854
0.024995854
0.024995854
0.024995854
0.024995854
0.024995854
0.024995854
0.024995854
0.024995854
0.024995854
0.024995854
0.024995854
0.024995854
0.024995854
0.024995854
0.024995854
0.024995853
0.024995853
0.024995853
0.024995854
0.024995854
0.024995854
0.024995854
0.024995854
0.024995854
0.024995854
0.024995854
0.024995854
0.024995854
0.024995854
0.024995854
0.024995854
0.024995854
0.024995854
0.024995854
0.024995854
0.024995854
0.024995853
0.024995854
0.024995854
0.024995854
0.024995854
0.024995854
0.024995854
0.024995854
0.024995854
0.024995854
0.024995854
0.024995854
0.024995854
0.024995854
0.024995854
0.024995854
0.024995854
0.024995854
0.024995854
0.024995854
0.024995854
0.024995848
0.024995848
0.024995847
0.024995847
0.024995847
0.024995847
0.024995847
0.024995847
0.024995847
0.024995847
0.024995847
0.024995847
0.024995847
0.024995847
0.024995847
0.024995847
0.024995847
0.024995847
0.024995847
0.024995848
0.024995848
0.024995848
0.024995848
0.024995848
0.024995848
0.024995848
0.024995848
0.024995848
0.024995848
0.024995848
0.024995848
0.024995848
0.024995848
0.024995848
0.024995848
0.024995848
0.024995848
0.024995848
0.024995848
0.024995848
0.024995849
0.024995849
0.024995849
0.024995848
0.024995848
0.024995848
0.024995848
0.024995848
0.024995848
0.024995848
0.024995848
0.024995848
0.024995848
0.024995848
0.024995848
0.024995848
0.024995848
0.024995849
0.024995849
0.024995849
0.024995849
0.024995849
0.024995849
0.024995849
0.024995849
0.024995849
0.024995849
0.024995849
0.024995849
0.024995849
0.024995849
0.024995849
0.024995849
0.024995849
0.024995849
0.024995849
0.024995849
0.024995849
0.024995849
0.024995849
0.02499585
0.02499585
0.02499585
0.02499585
0.024995849
0.024995849
0.024995849
0.024995849
0.024995849
0.024995849
0.024995849
0.024995849
0.024995849
0.024995849
0.024995849
0.024995849
0.024995849
0.02499585
0.02499585
0.02499585
0.02499585
0.02499585
0.02499585
0.02499585
0.02499585
0.02499585
0.02499585
0.02499585
0.02499585
0.02499585
0.02499585
0.02499585
0.02499585
0.02499585
0.02499585
0.02499585
0.02499585
0.02499585
0.02499585
0.02499585
0.02499585
0.02499585
0.02499585
0.02499585
0.02499585
0.02499585
0.02499585
0.02499585
0.02499585
0.02499585
0.02499585
0.02499585
0.02499585
0.02499585
0.02499585
0.02499585
0.02499585
0.02499585
0.02499585
0.02499585
0.024995851
0.024995851
0.024995851
0.024995851
0.024995851
0.024995851
0.024995851
0.024995851
0.024995851
0.024995851
0.024995851
0.024995851
0.024995851
0.024995851
0.024995851
0.024995851
0.024995851
0.024995851
0.024995851
0.024995851
0.024995851
0.024995851
0.024995851
0.024995851
0.024995851
0.024995851
0.024995851
0.024995851
0.024995851
0.024995851
0.024995851
0.024995851
0.024995851
0.024995851
0.024995851
0.024995851
0.024995851
0.024995851
0.024995851
0.024995851
0.024995851
0.024995851
0.024995851
0.024995851
0.024995852
0.024995852
0.024995852
0.024995852
0.024995852
0.024995852
0.024995852
0.024995852
0.024995852
0.024995852
0.024995852
0.024995852
0.024995851
0.024995851
0.024995851
0.024995851
0.024995851
0.024995852
0.024995852
0.024995852
0.024995852
0.024995852
0.024995852
0.024995852
0.024995852
0.024995852
0.024995852
0.024995852
0.024995852
0.024995852
0.024995852
0.024995852
0.024995852
0.024995852
0.024995852
0.024995851
0.024995852
0.024995852
0.024995852
0.024995852
0.024995852
0.024995852
0.024995852
0.024995852
0.024995852
0.024995852
0.024995852
0.024995852
0.024995852
0.024995852
0.024995852
0.024995852
0.024995852
0.024995852
0.024995852
0.024995852
0.024995852
0.024995852
0.024995852
0.024995852
0.024995853
0.024995853
0.024995853
0.024995853
0.024995853
0.024995853
0.024995853
0.024995853
0.024995853
0.024995853
0.024995853
0.024995852
0.024995852
0.024995852
0.024995852
0.024995852
0.024995852
0.024995852
0.024995853
0.024995853
0.024995853
0.024995853
0.024995853
0.024995853
0.024995853
0.024995853
0.024995853
0.024995853
0.024995853
0.024995853
0.024995853
0.024995853
0.024995853
0.024995853
0.024995852
0.024995852
0.024995853
0.024995853
0.024995853
0.024995853
0.024995853
0.024995853
0.024995853
0.024995853
0.024995853
0.024995853
0.024995853
0.024995853
0.024995853
0.024995853
0.024995853
0.024995853
0.024995853
0.024995853
0.024995853
0.024995852
0.024995853
0.024995853
0.024995853
0.024995853
0.024995853
0.024995853
0.024995853
0.024995854
0.024995854
0.024995854
0.024995854
0.024995854
0.024995854
0.024995853
0.024995853
0.024995853
0.024995853
0.024995853
0.024995853
0.024995853
0.024995853
0.024995853
0.024995853
0.024995853
0.024995854
0.024995854
0.024995854
0.024995854
0.024995854
0.024995854
0.024995854
0.024995854
0.024995854
0.024995854
0.024995854
0.024995854
0.024995853
0.024995853
0.024995853
0.024995853
0.024995853
0.024995853
0.024995854
0.024995854
0.024995854
0.024995854
0.024995854
0.024995854
0.024995854
0.024995854
0.024995854
0.024995854
0.024995854
0.024995854
0.024995854
0.024995854
0.024995854
0.024995854
0.024995853
0.024995853
0.024995853
0.024995854
0.024995854
0.024995854
0.024995854
0.024995854
0.024995854
0.024995854
0.024995854
0.024995854
0.024995854
0.024995854
0.024995854
0.024995854
0.024995854
0.024995854
0.024995854
0.024995854
0.024995854
0.024995853
0.024995854
0.024995854
0.024995854
0.024995854
0.024995854
0.024995854
0.024995854
0.024995854
0.024995854
0.024995854
0.024995854
0.024995854
0.024995854
0.024995854
0.024995854
0.024995854
0.024995854
0.024995854
0.024995854
0.024995854
0.024995848
0.024995847
0.024995847
0.024995847
0.024995847
0.024995847
0.024995847
0.024995847
0.024995847
0.024995847
0.024995847
0.024995847
0.024995847
0.024995847
0.024995847
0.024995847
0.024995847
0.024995847
0.024995847
0.024995848
0.024995848
0.024995848
0.024995848
0.024995848
0.024995848
0.024995848
0.024995848
0.024995848
0.024995848
0.024995848
0.024995848
0.024995848
0.024995848
0.024995848
0.024995848
0.024995848
0.024995848
0.024995848
0.024995848
0.024995848
0.024995849
0.024995849
0.024995849
0.024995848
0.024995848
0.024995848
0.024995848
0.024995848
0.024995848
0.024995848
0.024995848
0.024995848
0.024995848
0.024995848
0.024995848
0.024995848
0.024995848
0.024995848
0.024995849
0.024995849
0.024995849
0.024995849
0.024995849
0.024995849
0.024995849
0.024995849
0.024995849
0.024995849
0.024995849
0.024995849
0.024995849
0.024995849
0.024995849
0.024995849
0.024995849
0.024995849
0.024995849
0.024995849
0.024995849
0.024995849
0.02499585
0.02499585
0.02499585
0.024995849
0.024995849
0.024995849
0.024995849
0.024995849
0.024995849
0.024995849
0.024995849
0.024995849
0.024995849
0.024995849
0.024995849
0.024995849
0.024995849
0.024995849
0.02499585
0.02499585
0.02499585
0.02499585
0.02499585
0.02499585
0.02499585
0.02499585
0.02499585
0.02499585
0.02499585
0.02499585
0.02499585
0.02499585
0.02499585
0.02499585
0.02499585
0.02499585
0.02499585
0.02499585
0.02499585
0.02499585
0.02499585
0.02499585
0.02499585
0.02499585
0.02499585
0.02499585
0.02499585
0.02499585
0.02499585
0.02499585
0.02499585
0.02499585
0.02499585
0.02499585
0.02499585
0.02499585
0.02499585
0.02499585
0.02499585
0.02499585
0.024995851
0.024995851
0.024995851
0.024995851
0.024995851
0.024995851
0.024995851
0.024995851
0.024995851
0.024995851
0.024995851
0.024995851
0.024995851
0.024995851
0.024995851
0.024995851
0.024995851
0.024995851
0.024995851
0.024995851
0.024995851
0.024995851
0.024995851
0.024995851
0.024995851
0.024995851
0.024995851
0.024995851
0.024995851
0.024995851
0.024995851
0.024995851
0.024995851
0.024995851
0.024995851
0.024995851
0.024995851
0.024995851
0.024995851
0.024995851
0.024995851
0.024995851
0.024995851
0.024995851
0.024995852
0.024995852
0.024995852
0.024995852
0.024995852
0.024995852
0.024995852
0.024995852
0.024995852
0.024995852
0.024995852
0.024995851
0.024995851
0.024995851
0.024995851
0.024995851
0.024995851
0.024995852
0.024995852
0.024995852
0.024995852
0.024995852
0.024995852
0.024995852
0.024995852
0.024995852
0.024995852
0.024995852
0.024995852
0.024995852
0.024995852
0.024995852
0.024995852
0.024995852
0.024995852
0.024995851
0.024995852
0.024995852
0.024995852
0.024995852
0.024995852
0.024995852
0.024995852
0.024995852
0.024995852
0.024995852
0.024995852
0.024995852
0.024995852
0.024995852
0.024995852
0.024995852
0.024995852
0.024995852
0.024995852
0.024995852
0.024995852
0.024995852
0.024995852
0.024995852
0.024995852
0.024995853
0.024995853
0.024995853
0.024995853
0.024995853
0.024995853
0.024995853
0.024995853
0.024995853
0.024995853
0.024995852
0.024995852
0.024995852
0.024995852
0.024995852
0.024995852
0.024995852
0.024995853
0.024995853
0.024995853
0.024995853
0.024995853
0.024995853
0.024995853
0.024995853
0.024995853
0.024995853
0.024995853
0.024995853
0.024995853
0.024995853
0.024995853
0.024995852
0.024995852
0.024995852
0.024995852
0.024995853
0.024995853
0.024995853
0.024995853
0.024995853
0.024995853
0.024995853
0.024995853
0.024995853
0.024995853
0.024995853
0.024995853
0.024995853
0.024995853
0.024995853
0.024995853
0.024995853
0.024995853
0.024995852
0.024995853
0.024995853
0.024995853
0.024995853
0.024995853
0.024995853
0.024995853
0.024995854
0.024995854
0.024995854
0.024995854
0.024995854
0.024995853
0.024995853
0.024995853
0.024995853
0.024995853
0.024995853
0.024995853
0.024995853
0.024995853
0.024995853
0.024995853
0.024995853
0.024995854
0.024995854
0.024995854
0.024995854
0.024995854
0.024995854
0.024995854
0.024995854
0.024995854
0.024995854
0.024995854
0.024995854
0.024995853
0.024995853
0.024995853
0.024995853
0.024995853
0.024995853
0.024995854
0.024995854
0.024995854
0.024995854
0.024995854
0.024995854
0.024995854
0.024995854
0.024995854
0.024995854
0.024995854
0.024995854
0.024995854
0.024995854
0.024995854
0.024995854
0.024995853
0.024995853
0.024995853
0.024995854
0.024995854
0.024995854
0.024995854
0.024995854
0.024995854
0.024995854
0.024995854
0.024995854
0.024995854
0.024995854
0.024995854
0.024995854
0.024995854
0.024995854
0.024995854
0.024995854
0.024995854
0.024995853
0.024995854
0.024995854
0.024995854
0.024995854
0.024995854
0.024995854
0.024995854
0.024995854
0.024995854
0.024995854
0.024995854
0.024995854
0.024995854
0.024995854
0.024995854
0.024995854
0.024995854
0.024995854
0.024995854
0.024995854
0.024995848
0.024995848
0.024995847
0.024995847
0.024995847
0.024995847
0.024995847
0.024995847
0.024995847
0.024995847
0.024995847
0.024995847
0.024995847
0.024995847
0.024995847
0.024995847
0.024995847
0.024995847
0.024995847
0.024995848
0.024995848
0.024995848
0.024995848
0.024995848
0.024995848
0.024995848
0.024995848
0.024995848
0.024995848
0.024995848
0.024995848
0.024995848
0.024995848
0.024995848
0.024995848
0.024995848
0.024995848
0.024995848
0.024995848
0.024995848
0.024995849
0.024995849
0.024995849
0.024995848
0.024995848
0.024995848
0.024995848
0.024995848
0.024995848
0.024995848
0.024995848
0.024995848
0.024995848
0.024995848
0.024995848
0.024995848
0.024995848
0.024995849
0.024995849
0.024995849
0.024995849
0.024995849
0.024995849
0.024995849
0.024995849
0.024995849
0.024995849
0.024995849
0.024995849
0.024995849
0.024995849
0.024995849
0.024995849
0.024995849
0.024995849
0.024995849
0.024995849
0.024995849
0.024995849
0.024995849
0.02499585
0.02499585
0.02499585
0.02499585
0.024995849
0.024995849
0.024995849
0.024995849
0.024995849
0.024995849
0.024995849
0.024995849
0.024995849
0.024995849
0.024995849
0.024995849
0.024995849
0.02499585
0.02499585
0.02499585
0.02499585
0.02499585
0.02499585
0.02499585
0.02499585
0.02499585
0.02499585
0.02499585
0.02499585
0.02499585
0.02499585
0.02499585
0.02499585
0.02499585
0.02499585
0.02499585
0.02499585
0.02499585
0.02499585
0.02499585
0.02499585
0.02499585
0.02499585
0.02499585
0.02499585
0.02499585
0.02499585
0.02499585
0.02499585
0.02499585
0.02499585
0.02499585
0.02499585
0.02499585
0.02499585
0.02499585
0.02499585
0.02499585
0.02499585
0.02499585
0.024995851
0.024995851
0.024995851
0.024995851
0.024995851
0.024995851
0.024995851
0.024995851
0.024995851
0.024995851
0.024995851
0.024995851
0.024995851
0.024995851
0.024995851
0.024995851
0.024995851
0.024995851
0.024995851
0.024995851
0.024995851
0.024995851
0.024995851
0.024995851
0.024995851
0.024995851
0.024995851
0.024995851
0.024995851
0.024995851
0.024995851
0.024995851
0.024995851
0.024995851
0.024995851
0.024995851
0.024995851
0.024995851
0.024995851
0.024995851
0.024995851
0.024995851
0.024995851
0.024995852
0.024995852
0.024995852
0.024995852
0.024995852
0.024995852
0.024995852
0.024995852
0.024995852
0.024995852
0.024995852
0.024995852
0.024995852
0.024995851
0.024995851
0.024995851
0.024995851
0.024995852
0.024995852
0.024995852
0.024995852
0.024995852
0.024995852
0.024995852
0.024995852
0.024995852
0.024995852
0.024995852
0.024995852
0.024995852
0.024995852
0.024995852
0.024995852
0.024995852
0.024995852
0.024995852
0.024995851
0.024995852
0.024995852
0.024995852
0.024995852
0.024995852
0.024995852
0.024995852
0.024995852
0.024995852
0.024995852
0.024995852
0.024995852
0.024995852
0.024995852
0.024995852
0.024995852
0.024995852
0.024995852
0.024995852
0.024995852
0.024995852
0.024995852
0.024995852
0.024995852
0.024995853
0.024995853
0.024995853
0.024995853
0.024995853
0.024995853
0.024995853
0.024995853
0.024995853
0.024995853
0.024995853
0.024995852
0.024995852
0.024995852
0.024995852
0.024995852
0.024995852
0.024995852
0.024995853
0.024995853
0.024995853
0.024995853
0.024995853
0.024995853
0.024995853
0.024995853
0.024995853
0.024995853
0.024995853
0.024995853
0.024995853
0.024995853
0.024995853
0.024995853
0.024995852
0.024995852
0.024995853
0.024995853
0.024995853
0.024995853
0.024995853
0.024995853
0.024995853
0.024995853
0.024995853
0.024995853
0.024995853
0.024995853
0.024995853
0.024995853
0.024995853
0.024995853
0.024995853
0.024995853
0.024995853
0.024995852
0.024995853
0.024995853
0.024995853
0.024995853
0.024995853
0.024995853
0.024995854
0.024995854
0.024995854
0.024995854
0.024995854
0.024995854
0.024995854
0.024995853
0.024995853
0.024995853
0.024995853
0.024995853
0.024995853
0.024995853
0.024995853
0.024995853
0.024995853
0.024995854
0.024995854
0.024995854
0.024995854
0.024995854
0.024995854
0.024995854
0.024995854
0.024995854
0.024995854
0.024995854
0.024995854
0.024995854
0.024995853
0.024995853
0.024995853
0.024995853
0.024995853
0.024995853
0.024995854
0.024995854
0.024995854
0.024995854
0.024995854
0.024995854
0.024995854
0.024995854
0.024995854
0.024995854
0.024995854
0.024995854
0.024995854
0.024995854
0.024995854
0.024995854
0.024995853
0.024995853
0.024995853
0.024995854
0.024995854
0.024995854
0.024995854
0.024995854
0.024995854
0.024995854
0.024995854
0.024995854
0.024995854
0.024995854
0.024995854
0.024995854
0.024995854
0.024995854
0.024995854
0.024995854
0.024995854
0.024995853
0.024995854
0.024995854
0.024995854
0.024995854
0.024995854
0.024995854
0.024995854
0.024995854
0.024995854
0.024995854
0.024995854
0.024995854
0.024995854
0.024995854
0.024995854
0.024995854
0.024995854
0.024995854
0.024995854
0.024995854
0.024995848
0.024995848
0.024995847
0.024995847
0.024995847
0.024995847
0.024995847
0.024995847
0.024995847
0.024995847
0.024995847
0.024995847
0.024995847
0.024995847
0.024995847
0.024995847
0.024995847
0.024995847
0.024995847
0.024995848
0.024995848
0.024995848
0.024995848
0.024995848
0.024995848
0.024995848
0.024995848
0.024995848
0.024995848
0.024995848
0.024995848
0.024995848
0.024995848
0.024995848
0.024995848
0.024995848
0.024995848
0.024995848
0.024995848
0.024995848
0.024995849
0.024995849
0.024995849
0.024995848
0.024995848
0.024995848
0.024995848
0.024995848
0.024995848
0.024995848
0.024995848
0.024995848
0.024995848
0.024995848
0.024995848
0.024995848
0.024995848
0.024995849
0.024995849
0.024995849
0.024995849
0.024995849
0.024995849
0.024995849
0.024995849
0.024995849
0.024995849
0.024995849
0.024995849
0.024995849
0.024995849
0.024995849
0.024995849
0.024995849
0.024995849
0.024995849
0.024995849
0.024995849
0.024995849
0.024995849
0.02499585
0.02499585
0.02499585
0.02499585
0.024995849
0.024995849
0.024995849
0.024995849
0.024995849
0.024995849
0.024995849
0.024995849
0.024995849
0.024995849
0.024995849
0.024995849
0.024995849
0.02499585
0.02499585
0.02499585
0.02499585
0.02499585
0.02499585
0.02499585
0.02499585
0.02499585
0.02499585
0.02499585
0.02499585
0.02499585
0.02499585
0.02499585
0.02499585
0.02499585
0.02499585
0.02499585
0.02499585
0.02499585
0.02499585
0.02499585
0.02499585
0.02499585
0.02499585
0.02499585
0.02499585
0.02499585
0.02499585
0.02499585
0.02499585
0.02499585
0.02499585
0.02499585
0.02499585
0.02499585
0.02499585
0.02499585
0.02499585
0.02499585
0.02499585
0.02499585
0.024995851
0.024995851
0.024995851
0.024995851
0.024995851
0.024995851
0.024995851
0.024995851
0.024995851
0.024995851
0.024995851
0.024995851
0.024995851
0.024995851
0.024995851
0.024995851
0.024995851
0.024995851
0.024995851
0.024995851
0.024995851
0.024995851
0.024995851
0.024995851
0.024995851
0.024995851
0.024995851
0.024995851
0.024995851
0.024995851
0.024995851
0.024995851
0.024995851
0.024995851
0.024995851
0.024995851
0.024995851
0.024995851
0.024995851
0.024995851
0.024995851
0.024995851
0.024995851
0.024995852
0.024995852
0.024995852
0.024995852
0.024995852
0.024995852
0.024995852
0.024995852
0.024995852
0.024995852
0.024995852
0.024995852
0.024995852
0.024995851
0.024995851
0.024995851
0.024995851
0.024995851
0.024995852
0.024995852
0.024995852
0.024995852
0.024995852
0.024995852
0.024995852
0.024995852
0.024995852
0.024995852
0.024995852
0.024995852
0.024995852
0.024995852
0.024995852
0.024995852
0.024995852
0.024995852
0.024995851
0.024995852
0.024995852
0.024995852
0.024995852
0.024995852
0.024995852
0.024995852
0.024995852
0.024995852
0.024995852
0.024995852
0.024995852
0.024995852
0.024995852
0.024995852
0.024995852
0.024995852
0.024995852
0.024995852
0.024995852
0.024995852
0.024995852
0.024995852
0.024995852
0.024995853
0.024995853
0.024995853
0.024995853
0.024995853
0.024995853
0.024995853
0.024995853
0.024995853
0.024995853
0.024995853
0.024995852
0.024995852
0.024995852
0.024995852
0.024995852
0.024995852
0.024995852
0.024995853
0.024995853
0.024995853
0.024995853
0.024995853
0.024995853
0.024995853
0.024995853
0.024995853
0.024995853
0.024995853
0.024995853
0.024995853
0.024995853
0.024995853
0.024995853
0.024995852
0.024995852
0.024995853
0.024995853
0.024995853
0.024995853
0.024995853
0.024995853
0.024995853
0.024995853
0.024995853
0.024995853
0.024995853
0.024995853
0.024995853
0.024995853
0.024995853
0.024995853
0.024995853
0.024995853
0.024995853
0.024995852
0.024995853
0.024995853
0.024995853
0.024995853
0.024995853
0.024995853
0.024995854
0.024995854
0.024995854
0.024995854
0.024995854
0.024995854
0.024995854
0.024995853
0.024995853
0.024995853
0.024995853
0.024995853
0.024995853
0.024995853
0.024995853
0.024995853
0.024995853
0.024995854
0.024995854
0.024995854
0.024995854
0.024995854
0.024995854
0.024995854
0.024995854
0.024995854
0.024995854
0.024995854
0.024995854
0.024995854
0.024995853
0.024995853
0.024995853
0.024995853
0.024995853
0.024995853
0.024995854
0.024995854
0.024995854
0.024995854
0.024995854
0.024995854
0.024995854
0.024995854
0.024995854
0.024995854
0.024995854
0.024995854
0.024995854
0.024995854
0.024995854
0.024995854
0.024995853
0.024995853
0.024995853
0.024995854
0.024995854
0.024995854
0.024995854
0.024995854
0.024995854
0.024995854
0.024995854
0.024995854
0.024995854
0.024995854
0.024995854
0.024995854
0.024995854
0.024995854
0.024995854
0.024995854
0.024995854
0.024995853
0.024995854
0.024995854
0.024995854
0.024995854
0.024995854
0.024995854
0.024995854
0.024995854
0.024995854
0.024995854
0.024995854
0.024995854
0.024995854
0.024995854
0.024995854
0.024995854
0.024995854
0.024995854
0.024995854
0.024995854
0.024995848
0.024995847
0.024995847
0.024995847
0.024995847
0.024995847
0.024995847
0.024995847
0.024995847
0.024995847
0.024995847
0.024995847
0.024995847
0.024995847
0.024995847
0.024995847
0.024995847
0.024995847
0.024995847
0.024995848
0.024995848
0.024995848
0.024995848
0.024995848
0.024995848
0.024995848
0.024995848
0.024995848
0.024995848
0.024995848
0.024995848
0.024995848
0.024995848
0.024995848
0.024995848
0.024995848
0.024995848
0.024995848
0.024995848
0.024995848
0.024995849
0.024995849
0.024995849
0.024995848
0.024995848
0.024995848
0.024995848
0.024995848
0.024995848
0.024995848
0.024995848
0.024995848
0.024995848
0.024995848
0.024995848
0.024995848
0.024995848
0.024995848
0.024995849
0.024995849
0.024995849
0.024995849
0.024995849
0.024995849
0.024995849
0.024995849
0.024995849
0.024995849
0.024995849
0.024995849
0.024995849
0.024995849
0.024995849
0.024995849
0.024995849
0.024995849
0.024995849
0.024995849
0.024995849
0.024995849
0.02499585
0.02499585
0.02499585
0.024995849
0.024995849
0.024995849
0.024995849
0.024995849
0.024995849
0.024995849
0.024995849
0.024995849
0.024995849
0.024995849
0.024995849
0.024995849
0.024995849
0.024995849
0.02499585
0.02499585
0.02499585
0.02499585
0.02499585
0.02499585
0.02499585
0.02499585
0.02499585
0.02499585
0.02499585
0.02499585
0.02499585
0.02499585
0.02499585
0.02499585
0.02499585
0.02499585
0.02499585
0.02499585
0.02499585
0.02499585
0.02499585
0.02499585
0.02499585
0.02499585
0.02499585
0.02499585
0.02499585
0.02499585
0.02499585
0.02499585
0.02499585
0.02499585
0.02499585
0.02499585
0.02499585
0.02499585
0.02499585
0.02499585
0.02499585
0.02499585
0.024995851
0.024995851
0.024995851
0.024995851
0.024995851
0.024995851
0.024995851
0.024995851
0.024995851
0.024995851
0.024995851
0.024995851
0.024995851
0.024995851
0.024995851
0.024995851
0.024995851
0.024995851
0.024995851
0.024995851
0.024995851
0.024995851
0.024995851
0.024995851
0.024995851
0.024995851
0.024995851
0.024995851
0.024995851
0.024995851
0.024995851
0.024995851
0.024995851
0.024995851
0.024995851
0.024995851
0.024995851
0.024995851
0.024995851
0.024995851
0.024995851
0.024995851
0.024995851
0.024995851
0.024995852
0.024995852
0.024995852
0.024995852
0.024995852
0.024995852
0.024995852
0.024995852
0.024995852
0.024995852
0.024995852
0.024995851
0.024995851
0.024995851
0.024995851
0.024995851
0.024995851
0.024995852
0.024995852
0.024995852
0.024995852
0.024995852
0.024995852
0.024995852
0.024995852
0.024995852
0.024995852
0.024995852
0.024995852
0.024995852
0.024995852
0.024995852
0.024995852
0.024995852
0.024995852
0.024995851
0.024995852
0.024995852
0.024995852
0.024995852
0.024995852
0.024995852
0.024995852
0.024995852
0.024995852
0.024995852
0.024995852
0.024995852
0.024995852
0.024995852
0.024995852
0.024995852
0.024995852
0.024995852
0.024995852
0.024995852
0.024995852
0.024995852
0.024995852
0.024995852
0.024995852
0.024995853
0.024995853
0.024995853
0.024995853
0.024995853
0.024995853
0.024995853
0.024995853
0.024995853
0.024995853
0.024995852
0.024995852
0.024995852
0.024995852
0.024995852
0.024995852
0.024995852
0.024995853
0.024995853
0.024995853
0.024995853
0.024995853
0.024995853
0.024995853
0.024995853
0.024995853
0.024995853
0.024995853
0.024995853
0.024995853
0.024995853
0.024995853
0.024995852
0.024995852
0.024995852
0.024995852
0.024995853
0.024995853
0.024995853
0.024995853
0.024995853
0.024995853
0.024995853
0.024995853
0.024995853
0.024995853
0.024995853
0.024995853
0.024995853
0.024995853
0.024995853
0.024995853
0.024995853
0.024995853
0.024995852
0.024995853
0.024995853
0.024995853
0.024995853
0.024995853
0.024995853
0.024995853
0.024995854
0.024995854
0.024995854
0.024995854
0.024995854
0.024995853
0.024995853
0.024995853
0.024995853
0.024995853
0.024995853
0.024995853
0.024995853
0.024995853
0.024995853
0.024995853
0.024995853
0.024995854
0.024995854
0.024995854
0.024995854
0.024995854
0.024995854
0.024995854
0.024995854
0.024995854
0.024995854
0.024995854
0.024995854
0.024995853
0.024995853
0.024995853
0.024995853
0.024995853
0.024995853
0.024995854
0.024995854
0.024995854
0.024995854
0.024995854
0.024995854
0.024995854
0.024995854
0.024995854
0.024995854
0.024995854
0.024995854
0.024995854
0.024995854
0.024995854
0.024995854
0.024995853
0.024995853
0.024995853
0.024995854
0.024995854
0.024995854
0.024995854
0.024995854
0.024995854
0.024995854
0.024995854
0.024995854
0.024995854
0.024995854
0.024995854
0.024995854
0.024995854
0.024995854
0.024995854
0.024995854
0.024995854
0.024995853
0.024995854
0.024995854
0.024995854
0.024995854
0.024995854
0.024995854
0.024995854
0.024995854
0.024995854
0.024995854
0.024995854
0.024995854
0.024995854
0.024995854
0.024995854
0.024995854
0.024995854
0.024995854
0.024995854
0.024995854
0.024995848
0.024995848
0.024995847
0.024995847
0.024995847
0.024995847
0.024995847
0.024995847
0.024995847
0.024995847
0.024995847
0.024995847
0.024995847
0.024995847
0.024995847
0.024995847
0.024995847
0.024995847
0.024995847
0.024995848
0.024995848
0.024995848
0.024995848
0.024995848
0.024995848
0.024995848
0.024995848
0.024995848
0.024995848
0.024995848
0.024995848
0.024995848
0.024995848
0.024995848
0.024995848
0.024995848
0.024995848
0.024995848
0.024995848
0.024995848
0.024995849
0.024995849
0.024995849
0.024995848
0.024995848
0.024995848
0.024995848
0.024995848
0.024995848
0.024995848
0.024995848
0.024995848
0.024995848
0.024995848
0.024995848
0.024995848
0.024995848
0.024995849
0.024995849
0.024995849
0.024995849
0.024995849
0.024995849
0.024995849
0.024995849
0.024995849
0.024995849
0.024995849
0.024995849
0.024995849
0.024995849
0.024995849
0.024995849
0.024995849
0.024995849
0.024995849
0.024995849
0.024995849
0.024995849
0.024995849
0.02499585
0.02499585
0.02499585
0.02499585
0.024995849
0.024995849
0.024995849
0.024995849
0.024995849
0.024995849
0.024995849
0.024995849
0.024995849
0.024995849
0.024995849
0.024995849
0.024995849
0.02499585
0.02499585
0.02499585
0.02499585
0.02499585
0.02499585
0.02499585
0.02499585
0.02499585
0.02499585
0.02499585
0.02499585
0.02499585
0.02499585
0.02499585
0.02499585
0.02499585
0.02499585
0.02499585
0.02499585
0.02499585
0.02499585
0.02499585
0.02499585
0.02499585
0.02499585
0.02499585
0.02499585
0.02499585
0.02499585
0.02499585
0.02499585
0.02499585
0.02499585
0.02499585
0.02499585
0.02499585
0.02499585
0.02499585
0.02499585
0.02499585
0.02499585
0.02499585
0.024995851
0.024995851
0.024995851
0.024995851
0.024995851
0.024995851
0.024995851
0.024995851
0.024995851
0.024995851
0.024995851
0.024995851
0.024995851
0.024995851
0.024995851
0.024995851
0.024995851
0.024995851
0.024995851
0.024995851
0.024995851
0.024995851
0.024995851
0.024995851
0.024995851
0.024995851
0.024995851
0.024995851
0.024995851
0.024995851
0.024995851
0.024995851
0.024995851
0.024995851
0.024995851
0.024995851
0.024995851
0.024995851
0.024995851
0.024995851
0.024995851
0.024995851
0.024995851
0.024995852
0.024995852
0.024995852
0.024995852
0.024995852
0.024995852
0.024995852
0.024995852
0.024995852
0.024995852
0.024995852
0.024995852
0.024995852
0.024995851
0.024995851
0.024995851
0.024995851
0.024995852
0.024995852
0.024995852
0.024995852
0.024995852
0.024995852
0.024995852
0.024995852
0.024995852
0.024995852
0.024995852
0.024995852
0.024995852
0.024995852
0.024995852
0.024995852
0.024995852
0.024995852
0.024995852
0.024995851
0.024995852
0.024995852
0.024995852
0.024995852
0.024995852
0.024995852
0.024995852
0.024995852
0.024995852
0.024995852
0.024995852
0.024995852
0.024995852
0.024995852
0.024995852
0.024995852
0.024995852
0.024995852
0.024995852
0.024995852
0.024995852
0.024995852
0.024995852
0.024995852
0.024995853
0.024995853
0.024995853
0.024995853
0.024995853
0.024995853
0.024995853
0.024995853
0.024995853
0.024995853
0.024995853
0.024995852
0.024995852
0.024995852
0.024995852
0.024995852
0.024995852
0.024995852
0.024995853
0.024995853
0.024995853
0.024995853
0.024995853
0.024995853
0.024995853
0.024995853
0.024995853
0.024995853
0.024995853
0.024995853
0.024995853
0.024995853
0.024995853
0.024995853
0.024995852
0.024995852
0.024995853
0.024995853
0.024995853
0.024995853
0.024995853
0.024995853
0.024995853
0.024995853
0.024995853
0.024995853
0.024995853
0.024995853
0.024995853
0.024995853
0.024995853
0.024995853
0.024995853
0.024995853
0.024995853
0.024995852
0.024995853
0.024995853
0.024995853
0.024995853
0.024995853
0.024995853
0.024995854
0.024995854
0.024995854
0.024995854
0.024995854
0.024995854
0.024995854
0.024995853
0.024995853
0.024995853
0.024995853
0.024995853
0.024995853
0.024995853
0.024995853
0.024995853
0.024995853
0.024995854
0.024995854
0.024995854
0.024995854
0.024995854
0.024995854
0.024995854
0.024995854
0.024995854
0.024995854
0.024995854
0.024995854
0.024995854
0.024995853
0.024995853
0.024995853
0.024995853
0.024995853
0.024995853
0.024995854
0.024995854
0.024995854
0.024995854
0.024995854
0.024995854
0.024995854
0.024995854
0.024995854
0.024995854
0.024995854
0.024995854
0.024995854
0.024995854
0.024995854
0.024995854
0.024995853
0.024995853
0.024995853
0.024995854
0.024995854
0.024995854
0.024995854
0.024995854
0.024995854
0.024995854
0.024995854
0.024995854
0.024995854
0.024995854
0.024995854
0.024995854
0.024995854
0.024995854
0.024995854
0.024995854
0.024995854
0.024995853
0.024995854
0.024995854
0.024995854
0.024995854
0.024995854
0.024995854
0.024995854
0.024995854
0.024995854
0.024995855
0.024995854
0.024995854
0.024995854
0.024995854
0.024995854
0.024995854
0.024995854
0.024995854
0.024995854
0.024995854
0.024995848
0.024995848
0.024995847
0.024995847
0.024995847
0.024995847
0.024995847
0.024995847
0.024995847
0.024995847
0.024995847
0.024995847
0.024995847
0.024995847
0.024995847
0.024995847
0.024995847
0.024995847
0.024995847
0.024995848
0.024995848
0.024995848
0.024995848
0.024995848
0.024995848
0.024995848
0.024995848
0.024995848
0.024995848
0.024995848
0.024995848
0.024995848
0.024995848
0.024995848
0.024995848
0.024995848
0.024995848
0.024995848
0.024995848
0.024995848
0.024995849
0.024995849
0.024995849
0.024995848
0.024995848
0.024995848
0.024995848
0.024995848
0.024995848
0.024995848
0.024995848
0.024995848
0.024995848
0.024995848
0.024995848
0.024995848
0.024995848
0.024995849
0.024995849
0.024995849
0.024995849
0.024995849
0.024995849
0.024995849
0.024995849
0.024995849
0.024995849
0.024995849
0.024995849
0.024995849
0.024995849
0.024995849
0.024995849
0.024995849
0.024995849
0.024995849
0.024995849
0.024995849
0.024995849
0.024995849
0.02499585
0.02499585
0.02499585
0.02499585
0.024995849
0.024995849
0.024995849
0.024995849
0.024995849
0.024995849
0.024995849
0.024995849
0.024995849
0.024995849
0.024995849
0.024995849
0.024995849
0.02499585
0.02499585
0.02499585
0.02499585
0.02499585
0.02499585
0.02499585
0.02499585
0.02499585
0.02499585
0.02499585
0.02499585
0.02499585
0.02499585
0.02499585
0.02499585
0.02499585
0.02499585
0.02499585
0.02499585
0.02499585
0.02499585
0.02499585
0.02499585
0.02499585
0.02499585
0.02499585
0.02499585
0.02499585
0.02499585
0.02499585
0.02499585
0.02499585
0.02499585
0.02499585
0.02499585
0.02499585
0.02499585
0.02499585
0.02499585
0.02499585
0.02499585
0.02499585
0.024995851
0.024995851
0.024995851
0.024995851
0.024995851
0.024995851
0.024995851
0.024995851
0.024995851
0.024995851
0.024995851
0.024995851
0.024995851
0.024995851
0.024995851
0.024995851
0.024995851
0.024995851
0.024995851
0.024995851
0.024995851
0.024995851
0.024995851
0.024995851
0.024995851
0.024995851
0.024995851
0.024995851
0.024995851
0.024995851
0.024995851
0.024995851
0.024995851
0.024995851
0.024995851
0.024995851
0.024995851
0.024995851
0.024995851
0.024995851
0.024995851
0.024995851
0.024995851
0.024995852
0.024995852
0.024995852
0.024995852
0.024995852
0.024995852
0.024995852
0.024995852
0.024995852
0.024995852
0.024995852
0.024995852
0.024995852
0.024995851
0.024995851
0.024995851
0.024995851
0.024995851
0.024995852
0.024995852
0.024995852
0.024995852
0.024995852
0.024995852
0.024995852
0.024995852
0.024995852
0.024995852
0.024995852
0.024995852
0.024995852
0.024995852
0.024995852
0.024995852
0.024995852
0.024995852
0.024995851
0.024995852
0.024995852
0.024995852
0.024995852
0.024995852
0.024995852
0.024995852
0.024995852
0.024995852
0.024995852
0.024995852
0.024995852
0.024995852
0.024995852
0.024995852
0.024995852
0.024995852
0.024995852
0.024995852
0.024995852
0.024995852
0.024995852
0.024995852
0.024995852
0.024995853
0.024995853
0.024995853
0.024995853
0.024995853
0.024995853
0.024995853
0.024995853
0.024995853
0.024995853
0.024995853
0.024995852
0.024995852
0.024995852
0.024995852
0.024995852
0.024995852
0.024995852
0.024995853
0.024995853
0.024995853
0.024995853
0.024995853
0.024995853
0.024995853
0.024995853
0.024995853
0.024995853
0.024995853
0.024995853
0.024995853
0.024995853
0.024995853
0.024995853
0.024995852
0.024995852
0.024995853
0.024995853
0.024995853
0.024995853
0.024995853
0.024995853
0.024995853
0.024995853
0.024995853
0.024995853
0.024995853
0.024995853
0.024995853
0.024995853
0.024995853
0.024995853
0.024995853
0.024995853
0.024995853
0.024995852
0.024995853
0.024995853
0.024995853
0.024995853
0.024995853
0.024995853
0.024995854
0.024995854
0.024995854
0.024995854
0.024995854
0.024995854
0.024995854
0.024995853
0.024995853
0.024995853
0.024995853
0.024995853
0.024995853
0.024995853
0.024995853
0.024995853
0.024995853
0.024995854
0.024995854
0.024995854
0.024995854
0.024995854
0.024995854
0.024995854
0.024995854
0.024995854
0.024995854
0.024995854
0.024995854
0.024995854
0.024995853
0.024995853
0.024995853
0.024995853
0.024995853
0.024995853
0.024995854
0.024995854
0.024995854
0.024995854
0.024995854
0.024995854
0.024995854
0.024995854
0.024995854
0.024995854
0.024995854
0.024995854
0.024995854
0.024995854
0.024995854
0.024995854
0.024995853
0.024995853
0.024995853
0.024995854
0.024995854
0.024995854
0.024995854
0.024995854
0.024995854
0.024995854
0.024995854
0.024995854
0.024995854
0.024995854
0.024995854
0.024995854
0.024995854
0.024995854
0.024995854
0.024995854
0.024995854
0.024995853
0.024995854
0.024995854
0.024995854
0.024995854
0.024995854
0.024995854
0.024995854
0.024995854
0.024995854
0.024995854
0.024995854
0.024995854
0.024995854
0.024995854
0.024995854
0.024995854
0.024995854
0.024995854
0.024995854
0.024995854
0.024995848
0.024995847
0.024995847
0.024995847
0.024995847
0.024995847
0.024995847
0.024995847
0.024995847
0.024995847
0.024995847
0.024995847
0.024995847
0.024995847
0.024995847
0.024995847
0.024995847
0.024995847
0.024995847
0.024995848
0.024995848
0.024995848
0.024995848
0.024995848
0.024995848
0.024995848
0.024995848
0.024995848
0.024995848
0.024995848
0.024995848
0.024995848
0.024995848
0.024995848
0.024995848
0.024995848
0.024995848
0.024995848
0.024995848
0.024995848
0.024995849
0.024995849
0.024995849
0.024995848
0.024995848
0.024995848
0.024995848
0.024995848
0.024995848
0.024995848
0.024995848
0.024995848
0.024995848
0.024995848
0.024995848
0.024995848
0.024995848
0.024995849
0.024995849
0.024995849
0.024995849
0.024995849
0.024995849
0.024995849
0.024995849
0.024995849
0.024995849
0.024995849
0.024995849
0.024995849
0.024995849
0.024995849
0.024995849
0.024995849
0.024995849
0.024995849
0.024995849
0.024995849
0.024995849
0.024995849
0.02499585
0.02499585
0.02499585
0.024995849
0.024995849
0.024995849
0.024995849
0.024995849
0.024995849
0.024995849
0.024995849
0.024995849
0.024995849
0.024995849
0.024995849
0.024995849
0.024995849
0.024995849
0.02499585
0.02499585
0.02499585
0.02499585
0.02499585
0.02499585
0.02499585
0.02499585
0.02499585
0.02499585
0.02499585
0.02499585
0.02499585
0.02499585
0.02499585
0.02499585
0.02499585
0.02499585
0.02499585
0.02499585
0.02499585
0.02499585
0.02499585
0.02499585
0.02499585
0.02499585
0.02499585
0.02499585
0.02499585
0.02499585
0.02499585
0.02499585
0.02499585
0.02499585
0.02499585
0.02499585
0.02499585
0.02499585
0.02499585
0.02499585
0.02499585
0.02499585
0.024995851
0.024995851
0.024995851
0.024995851
0.024995851
0.024995851
0.024995851
0.024995851
0.024995851
0.024995851
0.024995851
0.024995851
0.024995851
0.024995851
0.024995851
0.024995851
0.024995851
0.024995851
0.024995851
0.024995851
0.024995851
0.024995851
0.024995851
0.024995851
0.024995851
0.024995851
0.024995851
0.024995851
0.024995851
0.024995851
0.024995851
0.024995851
0.024995851
0.024995851
0.024995851
0.024995851
0.024995851
0.024995851
0.024995851
0.024995851
0.024995851
0.024995851
0.024995851
0.024995851
0.024995852
0.024995852
0.024995852
0.024995852
0.024995852
0.024995852
0.024995852
0.024995852
0.024995852
0.024995852
0.024995852
0.024995851
0.024995851
0.024995851
0.024995851
0.024995851
0.024995851
0.024995852
0.024995852
0.024995852
0.024995852
0.024995852
0.024995852
0.024995852
0.024995852
0.024995852
0.024995852
0.024995852
0.024995852
0.024995852
0.024995852
0.024995852
0.024995852
0.024995852
0.024995852
0.024995851
0.024995852
0.024995852
0.024995852
0.024995852
0.024995852
0.024995852
0.024995852
0.024995852
0.024995852
0.024995852
0.024995852
0.024995852
0.024995852
0.024995852
0.024995852
0.024995852
0.024995852
0.024995852
0.024995852
0.024995852
0.024995852
0.024995852
0.024995852
0.024995852
0.024995852
0.024995853
0.024995853
0.024995853
0.024995853
0.024995853
0.024995853
0.024995853
0.024995853
0.024995853
0.024995853
0.024995852
0.024995852
0.024995852
0.024995852
0.024995852
0.024995852
0.024995852
0.024995853
0.024995853
0.024995853
0.024995853
0.024995853
0.024995853
0.024995853
0.024995853
0.024995853
0.024995853
0.024995853
0.024995853
0.024995853
0.024995853
0.024995853
0.024995852
0.024995852
0.024995852
0.024995852
0.024995853
0.024995853
0.024995853
0.024995853
0.024995853
0.024995853
0.024995853
0.024995853
0.024995853
0.024995853
0.024995853
0.024995853
0.024995853
0.024995853
0.024995853
0.024995853
0.024995853
0.024995853
0.024995852
0.024995853
0.024995853
0.024995853
0.024995853
0.024995853
0.024995853
0.024995853
0.024995854
0.024995854
0.024995854
0.024995854
0.024995854
0.024995854
0.024995853
0.024995853
0.024995853
0.024995853
0.024995853
0.024995853
0.024995853
0.024995853
0.024995853
0.024995853
0.024995853
0.024995854
0.024995854
0.024995854
0.024995854
0.024995854
0.024995854
0.024995854
0.024995854
0.024995854
0.024995854
0.024995854
0.024995854
0.024995853
0.024995853
0.024995853
0.024995853
0.024995853
0.024995853
0.024995854
0.024995854
0.024995854
0.024995854
0.024995854
0.024995854
0.024995854
0.024995854
0.024995854
0.024995854
0.024995854
0.024995854
0.024995854
0.024995854
0.024995854
0.024995854
0.024995853
0.024995853
0.024995853
0.024995854
0.024995854
0.024995854
0.024995854
0.024995854
0.024995854
0.024995854
0.024995854
0.024995854
0.024995854
0.024995854
0.024995854
0.024995854
0.024995854
0.024995854
0.024995854
0.024995854
0.024995854
0.024995853
0.024995854
0.024995854
0.024995854
0.024995854
0.024995854
0.024995854
0.024995854
0.024995854
0.024995854
0.024995854
0.024995854
0.024995854
0.024995854
0.024995854
0.024995854
0.024995854
0.024995854
0.024995854
0.024995854
0.024995854
0.024995848
0.024995848
0.024995847
0.024995847
0.024995847
0.024995847
0.024995847
0.024995847
0.024995847
0.024995847
0.024995847
0.024995847
0.024995847
0.024995847
0.024995847
0.024995847
0.024995847
0.024995847
0.024995847
0.024995848
0.024995848
0.024995848
0.024995848
0.024995848
0.024995848
0.024995848
0.024995848
0.024995848
0.024995848
0.024995848
0.024995848
0.024995848
0.024995848
0.024995848
0.024995848
0.024995848
0.024995848
0.024995848
0.024995848
0.024995848
0.024995849
0.024995849
0.024995849
0.024995848
0.024995848
0.024995848
0.024995848
0.024995848
0.024995848
0.024995848
0.024995848
0.024995848
0.024995848
0.024995848
0.024995848
0.024995848
0.024995848
0.024995849
0.024995849
0.024995849
0.024995849
0.024995849
0.024995849
0.024995849
0.024995849
0.024995849
0.024995849
0.024995849
0.024995849
0.024995849
0.024995849
0.024995849
0.024995849
0.024995849
0.024995849
0.024995849
0.024995849
0.024995849
0.024995849
0.024995849
0.02499585
0.02499585
0.02499585
0.02499585
0.024995849
0.024995849
0.024995849
0.024995849
0.024995849
0.024995849
0.024995849
0.024995849
0.024995849
0.024995849
0.024995849
0.024995849
0.024995849
0.024995849
0.02499585
0.02499585
0.02499585
0.02499585
0.02499585
0.02499585
0.02499585
0.02499585
0.02499585
0.02499585
0.02499585
0.02499585
0.02499585
0.02499585
0.02499585
0.02499585
0.02499585
0.02499585
0.02499585
0.02499585
0.02499585
0.02499585
0.02499585
0.02499585
0.02499585
0.02499585
0.02499585
0.02499585
0.02499585
0.02499585
0.02499585
0.02499585
0.02499585
0.02499585
0.02499585
0.02499585
0.02499585
0.02499585
0.02499585
0.02499585
0.02499585
0.02499585
0.024995851
0.024995851
0.024995851
0.024995851
0.024995851
0.024995851
0.024995851
0.024995851
0.024995851
0.024995851
0.024995851
0.024995851
0.024995851
0.024995851
0.024995851
0.024995851
0.024995851
0.024995851
0.024995851
0.024995851
0.024995851
0.024995851
0.024995851
0.024995851
0.024995851
0.024995851
0.024995851
0.024995851
0.024995851
0.024995851
0.024995851
0.024995851
0.024995851
0.024995851
0.024995851
0.024995851
0.024995851
0.024995851
0.024995851
0.024995851
0.024995851
0.024995851
0.024995851
0.024995851
0.024995852
0.024995852
0.024995852
0.024995852
0.024995852
0.024995852
0.024995852
0.024995852
0.024995852
0.024995852
0.024995852
0.024995851
0.024995851
0.024995851
0.024995851
0.024995851
0.024995851
0.024995852
0.024995852
0.024995852
0.024995852
0.024995852
0.024995852
0.024995852
0.024995852
0.024995852
0.024995852
0.024995852
0.024995852
0.024995852
0.024995852
0.024995852
0.024995852
0.024995852
0.024995852
0.024995851
0.024995852
0.024995852
0.024995852
0.024995852
0.024995852
0.024995852
0.024995852
0.024995852
0.024995852
0.024995852
0.024995852
0.024995852
0.024995852
0.024995852
0.024995852
0.024995852
0.024995852
0.024995852
0.024995852
0.024995852
0.024995852
0.024995852
0.024995852
0.024995852
0.024995853
0.024995853
0.024995853
0.024995853
0.024995853
0.024995853
0.024995853
0.024995853
0.024995853
0.024995853
0.024995853
0.024995852
0.024995852
0.024995852
0.024995852
0.024995852
0.024995852
0.024995852
0.024995853
0.024995853
0.024995853
0.024995853
0.024995853
0.024995853
0.024995853
0.024995853
0.024995853
0.024995853
0.024995853
0.024995853
0.024995853
0.024995853
0.024995853
0.024995853
0.024995852
0.024995852
0.024995852
0.024995853
0.024995853
0.024995853
0.024995853
0.024995853
0.024995853
0.024995853
0.024995853
0.024995853
0.024995853
0.024995853
0.024995853
0.024995853
0.024995853
0.024995853
0.024995853
0.024995853
0.024995853
0.024995852
0.024995853
0.024995853
0.024995853
0.024995853
0.024995853
0.024995853
0.024995853
0.024995854
0.024995854
0.024995854
0.024995854
0.024995854
0.024995854
0.024995853
0.024995853
0.024995853
0.024995853
0.024995853
0.024995853
0.024995853
0.024995853
0.024995853
0.024995853
0.024995853
0.024995854
0.024995854
0.024995854
0.024995854
0.024995854
0.024995854
0.024995854
0.024995854
0.024995854
0.024995854
0.024995854
0.024995854
0.024995853
0.024995853
0.024995853
0.024995853
0.024995853
0.024995853
0.024995854
0.024995854
0.024995854
0.024995854
0.024995854
0.024995854
0.024995854
0.024995854
0.024995854
0.024995854
0.024995854
0.024995854
0.024995854
0.024995854
0.024995854
0.024995854
0.024995853
0.024995853
0.024995853
0.024995854
0.024995854
0.024995854
0.024995854
0.024995854
0.024995854
0.024995854
0.024995854
0.024995854
0.024995854
0.024995854
0.024995854
0.024995854
0.024995854
0.024995854
0.024995854
0.024995854
0.024995854
0.024995853
0.024995854
0.024995854
0.024995854
0.024995854
0.024995854
0.024995854
0.024995854
0.024995854
0.024995854
0.024995854
0.024995854
0.024995854
0.024995854
0.024995854
0.024995854
0.024995854
0.024995854
0.024995854
0.024995854
0.024995854
0.024995848
0.024995847
0.024995847
0.024995847
0.024995847
0.024995847
0.024995847
0.024995847
0.024995847
0.024995847
0.024995847
0.024995847
0.024995847
0.024995847
0.024995847
0.024995847
0.024995847
0.024995847
0.024995847
0.024995848
0.024995848
0.024995848
0.024995848
0.024995848
0.024995848
0.024995848
0.024995848
0.024995848
0.024995848
0.024995848
0.024995848
0.024995848
0.024995848
0.024995848
0.024995848
0.024995848
0.024995848
0.024995848
0.024995848
0.024995848
0.024995849
0.024995849
0.024995849
0.024995848
0.024995848
0.024995848
0.024995848
0.024995848
0.024995848
0.024995848
0.024995848
0.024995848
0.024995848
0.024995848
0.024995848
0.024995848
0.024995848
0.024995849
0.024995849
0.024995849
0.024995849
0.024995849
0.024995849
0.024995849
0.024995849
0.024995849
0.024995849
0.024995849
0.024995849
0.024995849
0.024995849
0.024995849
0.024995849
0.024995849
0.024995849
0.024995849
0.024995849
0.024995849
0.024995849
0.024995849
0.02499585
0.02499585
0.02499585
0.024995849
0.024995849
0.024995849
0.024995849
0.024995849
0.024995849
0.024995849
0.024995849
0.024995849
0.024995849
0.024995849
0.024995849
0.024995849
0.024995849
0.024995849
0.02499585
0.02499585
0.02499585
0.02499585
0.02499585
0.02499585
0.02499585
0.02499585
0.02499585
0.02499585
0.02499585
0.02499585
0.02499585
0.02499585
0.02499585
0.02499585
0.02499585
0.02499585
0.02499585
0.02499585
0.02499585
0.02499585
0.02499585
0.02499585
0.02499585
0.02499585
0.02499585
0.02499585
0.02499585
0.02499585
0.02499585
0.02499585
0.02499585
0.02499585
0.02499585
0.02499585
0.02499585
0.02499585
0.02499585
0.02499585
0.02499585
0.02499585
0.024995851
0.024995851
0.024995851
0.024995851
0.024995851
0.024995851
0.024995851
0.024995851
0.024995851
0.024995851
0.024995851
0.024995851
0.024995851
0.024995851
0.024995851
0.024995851
0.024995851
0.024995851
0.024995851
0.024995851
0.024995851
0.024995851
0.024995851
0.024995851
0.024995851
0.024995851
0.024995851
0.024995851
0.024995851
0.024995851
0.024995851
0.024995851
0.024995851
0.024995851
0.024995851
0.024995851
0.024995851
0.024995851
0.024995851
0.024995851
0.024995851
0.024995851
0.024995851
0.024995851
0.024995852
0.024995852
0.024995852
0.024995852
0.024995852
0.024995852
0.024995852
0.024995852
0.024995852
0.024995852
0.024995852
0.024995851
0.024995851
0.024995851
0.024995851
0.024995851
0.024995851
0.024995852
0.024995852
0.024995852
0.024995852
0.024995852
0.024995852
0.024995852
0.024995852
0.024995852
0.024995852
0.024995852
0.024995852
0.024995852
0.024995852
0.024995852
0.024995852
0.024995852
0.024995852
0.024995851
0.024995852
0.024995852
0.024995852
0.024995852
0.024995852
0.024995852
0.024995852
0.024995852
0.024995852
0.024995852
0.024995852
0.024995852
0.024995852
0.024995852
0.024995852
0.024995852
0.024995852
0.024995852
0.024995852
0.024995852
0.024995852
0.024995852
0.024995852
0.024995852
0.024995852
0.024995853
0.024995853
0.024995853
0.024995853
0.024995853
0.024995853
0.024995853
0.024995853
0.024995853
0.024995853
0.024995852
0.024995852
0.024995852
0.024995852
0.024995852
0.024995852
0.024995852
0.024995853
0.024995853
0.024995853
0.024995853
0.024995853
0.024995853
0.024995853
0.024995853
0.024995853
0.024995853
0.024995853
0.024995853
0.024995853
0.024995853
0.024995853
0.024995853
0.024995852
0.024995852
0.024995852
0.024995853
0.024995853
0.024995853
0.024995853
0.024995853
0.024995853
0.024995853
0.024995853
0.024995853
0.024995853
0.024995853
0.024995853
0.024995853
0.024995853
0.024995853
0.024995853
0.024995853
0.024995853
0.024995852
0.024995853
0.024995853
0.024995853
0.024995853
0.024995853
0.024995853
0.024995853
0.024995854
0.024995854
0.024995854
0.024995854
0.024995854
0.024995854
0.024995853
0.024995853
0.024995853
0.024995853
0.024995853
0.024995853
0.024995853
0.024995853
0.024995853
0.024995853
0.024995853
0.024995854
0.024995854
0.024995854
0.024995854
0.024995854
0.024995854
0.024995854
0.024995854
0.024995854
0.024995854
0.024995854
0.024995854
0.024995853
0.024995853
0.024995853
0.024995853
0.024995853
0.024995853
0.024995854
0.024995854
0.024995854
0.024995854
0.024995854
0.024995854
0.024995854
0.024995854
0.024995854
0.024995854
0.024995854
0.024995854
0.024995854
0.024995854
0.024995854
0.024995854
0.024995853
0.024995853
0.024995853
0.024995854
0.024995854
0.024995854
0.024995854
0.024995854
0.024995854
0.024995854
0.024995854
0.024995854
0.024995854
0.024995854
0.024995854
0.024995854
0.024995854
0.024995854
0.024995854
0.024995854
0.024995854
0.024995853
0.024995854
0.024995854
0.024995854
0.024995854
0.024995854
0.024995854
0.024995854
0.024995854
0.024995854
0.024995854
0.024995854
0.024995854
0.024995854
0.024995854
0.024995854
0.024995854
0.024995854
0.024995854
0.024995854
0.024995854
0.024995848
0.024995847
0.024995847
0.024995847
0.024995847
0.024995847
0.024995847
0.024995847
0.024995847
0.024995847
0.024995847
0.024995847
0.024995847
0.024995847
0.024995847
0.024995847
0.024995847
0.024995847
0.024995847
0.024995848
0.024995848
0.024995848
0.024995848
0.024995848
0.024995848
0.024995848
0.024995848
0.024995848
0.024995848
0.024995848
0.024995848
0.024995848
0.024995848
0.024995848
0.024995848
0.024995848
0.024995848
0.024995848
0.024995848
0.024995848
0.024995849
0.024995849
0.024995849
0.024995848
0.024995848
0.024995848
0.024995848
0.024995848
0.024995848
0.024995848
0.024995848
0.024995848
0.024995848
0.024995848
0.024995848
0.024995848
0.024995848
0.024995849
0.024995849
0.024995849
0.024995849
0.024995849
0.024995849
0.024995849
0.024995849
0.024995849
0.024995849
0.024995849
0.024995849
0.024995849
0.024995849
0.024995849
0.024995849
0.024995849
0.024995849
0.024995849
0.024995849
0.024995849
0.024995849
0.024995849
0.02499585
0.02499585
0.02499585
0.024995849
0.024995849
0.024995849
0.024995849
0.024995849
0.024995849
0.024995849
0.024995849
0.024995849
0.024995849
0.024995849
0.024995849
0.024995849
0.024995849
0.024995849
0.02499585
0.02499585
0.02499585
0.02499585
0.02499585
0.02499585
0.02499585
0.02499585
0.02499585
0.02499585
0.02499585
0.02499585
0.02499585
0.02499585
0.02499585
0.02499585
0.02499585
0.02499585
0.02499585
0.02499585
0.02499585
0.02499585
0.02499585
0.02499585
0.02499585
0.02499585
0.02499585
0.02499585
0.02499585
0.02499585
0.02499585
0.02499585
0.02499585
0.02499585
0.02499585
0.02499585
0.02499585
0.02499585
0.02499585
0.02499585
0.02499585
0.02499585
0.024995851
0.024995851
0.024995851
0.024995851
0.024995851
0.024995851
0.024995851
0.024995851
0.024995851
0.024995851
0.024995851
0.024995851
0.024995851
0.024995851
0.024995851
0.024995851
0.024995851
0.024995851
0.024995851
0.024995851
0.024995851
0.024995851
0.024995851
0.024995851
0.024995851
0.024995851
0.024995851
0.024995851
0.024995851
0.024995851
0.024995851
0.024995851
0.024995851
0.024995851
0.024995851
0.024995851
0.024995851
0.024995851
0.024995851
0.024995851
0.024995851
0.024995851
0.024995851
0.024995851
0.024995852
0.024995852
0.024995852
0.024995852
0.024995852
0.024995852
0.024995852
0.024995852
0.024995852
0.024995852
0.024995852
0.024995852
0.024995851
0.024995851
0.024995851
0.024995851
0.024995851
0.024995852
0.024995852
0.024995852
0.024995852
0.024995852
0.024995852
0.024995852
0.024995852
0.024995852
0.024995852
0.024995852
0.024995852
0.024995852
0.024995852
0.024995852
0.024995852
0.024995852
0.024995852
0.024995851
0.024995852
0.024995852
0.024995852
0.024995852
0.024995852
0.024995852
0.024995852
0.024995852
0.024995852
0.024995852
0.024995852
0.024995852
0.024995852
0.024995852
0.024995852
0.024995852
0.024995852
0.024995852
0.024995852
0.024995852
0.024995852
0.024995852
0.024995852
0.024995852
0.024995853
0.024995853
0.024995853
0.024995853
0.024995853
0.024995853
0.024995853
0.024995853
0.024995853
0.024995853
0.024995853
0.024995852
0.024995852
0.024995852
0.024995852
0.024995852
0.024995852
0.024995852
0.024995853
0.024995853
0.024995853
0.024995853
0.024995853
0.024995853
0.024995853
0.024995853
0.024995853
0.024995853
0.024995853
0.024995853
0.024995853
0.024995853
0.024995853
0.024995853
0.024995852
0.024995852
0.024995852
0.024995853
0.024995853
0.024995853
0.024995853
0.024995853
0.024995853
0.024995853
0.024995853
0.024995853
0.024995853
0.024995853
0.024995853
0.024995853
0.024995853
0.024995853
0.024995853
0.024995853
0.024995853
0.024995852
0.024995853
0.024995853
0.024995853
0.024995853
0.024995853
0.024995853
0.024995853
0.024995854
0.024995854
0.024995854
0.024995854
0.024995854
0.024995854
0.024995853
0.024995853
0.024995853
0.024995853
0.024995853
0.024995853
0.024995853
0.024995853
0.024995853
0.024995853
0.024995853
0.024995854
0.024995854
0.024995854
0.024995854
0.024995854
0.024995854
0.024995854
0.024995854
0.024995854
0.024995854
0.024995854
0.024995854
0.024995853
0.024995853
0.024995853
0.024995853
0.024995853
0.024995853
0.024995854
0.024995854
0.024995854
0.024995854
0.024995854
0.024995854
0.024995854
0.024995854
0.024995854
0.024995854
0.024995854
0.024995854
0.024995854
0.024995854
0.024995854
0.024995854
0.024995853
0.024995853
0.024995853
0.024995854
0.024995854
0.024995854
0.024995854
0.024995854
0.024995854
0.024995854
0.024995854
0.024995854
0.024995854
0.024995854
0.024995854
0.024995854
0.024995854
0.024995854
0.024995854
0.024995854
0.024995854
0.024995853
0.024995854
0.024995854
0.024995854
0.024995854
0.024995854
0.024995854
0.024995854
0.024995854
0.024995854
0.024995854
0.024995854
0.024995854
0.024995854
0.024995854
0.024995854
0.024995854
0.024995854
0.024995854
0.024995854
0.024995854
0.024995848
0.024995848
0.024995847
0.024995847
0.024995847
0.024995847
0.024995847
0.024995847
0.024995847
0.024995847
0.024995847
0.024995847
0.024995847
0.024995847
0.024995847
0.024995847
0.024995847
0.024995847
0.024995847
0.024995848
0.024995848
0.024995848
0.024995848
0.024995848
0.024995848
0.024995848
0.024995848
0.024995848
0.024995848
0.024995848
0.024995848
0.024995848
0.024995848
0.024995848
0.024995848
0.024995848
0.024995848
0.024995848
0.024995848
0.024995848
0.024995849
0.024995849
0.024995849
0.024995848
0.024995848
0.024995848
0.024995848
0.024995848
0.024995848
0.024995848
0.024995848
0.024995848
0.024995848
0.024995848
0.024995848
0.024995848
0.024995848
0.024995849
0.024995849
0.024995849
0.024995849
0.024995849
0.024995849
0.024995849
0.024995849
0.024995849
0.024995849
0.024995849
0.024995849
0.024995849
0.024995849
0.024995849
0.024995849
0.024995849
0.024995849
0.024995849
0.024995849
0.024995849
0.024995849
0.024995849
0.02499585
0.02499585
0.02499585
0.02499585
0.02499585
0.024995849
0.024995849
0.024995849
0.024995849
0.024995849
0.024995849
0.024995849
0.024995849
0.024995849
0.024995849
0.024995849
0.024995849
0.02499585
0.02499585
0.02499585
0.02499585
0.02499585
0.02499585
0.02499585
0.02499585
0.02499585
0.02499585
0.02499585
0.02499585
0.02499585
0.02499585
0.02499585
0.02499585
0.02499585
0.02499585
0.02499585
0.02499585
0.02499585
0.02499585
0.02499585
0.02499585
0.02499585
0.02499585
0.02499585
0.02499585
0.02499585
0.02499585
0.02499585
0.02499585
0.02499585
0.02499585
0.02499585
0.02499585
0.02499585
0.02499585
0.02499585
0.02499585
0.02499585
0.02499585
0.02499585
0.024995851
0.024995851
0.024995851
0.024995851
0.024995851
0.024995851
0.024995851
0.024995851
0.024995851
0.024995851
0.024995851
0.024995851
0.024995851
0.024995851
0.024995851
0.024995851
0.024995851
0.024995851
0.024995851
0.024995851
0.024995851
0.024995851
0.024995851
0.024995851
0.024995851
0.024995851
0.024995851
0.024995851
0.024995851
0.024995851
0.024995851
0.024995851
0.024995851
0.024995851
0.024995851
0.024995851
0.024995851
0.024995851
0.024995851
0.024995851
0.024995851
0.024995851
0.024995851
0.024995852
0.024995852
0.024995852
0.024995852
0.024995852
0.024995852
0.024995852
0.024995852
0.024995852
0.024995852
0.024995852
0.024995852
0.024995852
0.024995851
0.024995851
0.024995851
0.024995851
0.024995852
0.024995852
0.024995852
0.024995852
0.024995852
0.024995852
0.024995852
0.024995852
0.024995852
0.024995852
0.024995852
0.024995852
0.024995852
0.024995852
0.024995852
0.024995852
0.024995852
0.024995852
0.024995852
0.024995851
0.024995852
0.024995852
0.024995852
0.024995852
0.024995852
0.024995852
0.024995852
0.024995852
0.024995852
0.024995852
0.024995852
0.024995852
0.024995852
0.024995852
0.024995852
0.024995852
0.024995852
0.024995852
0.024995852
0.024995852
0.024995852
0.024995852
0.024995852
0.024995852
0.024995853
0.024995853
0.024995853
0.024995853
0.024995853
0.024995853
0.024995853
0.024995853
0.024995853
0.024995853
0.024995853
0.024995853
0.024995852
0.024995852
0.024995852
0.024995852
0.024995852
0.024995852
0.024995853
0.024995853
0.024995853
0.024995853
0.024995853
0.024995853
0.024995853
0.024995853
0.024995853
0.024995853
0.024995853
0.024995853
0.024995853
0.024995853
0.024995853
0.024995853
0.024995852
0.024995852
0.024995853
0.024995853
0.024995853
0.024995853
0.024995853
0.024995853
0.024995853
0.024995853
0.024995853
0.024995853
0.024995853
0.024995853
0.024995853
0.024995853
0.024995853
0.024995853
0.024995853
0.024995853
0.024995853
0.024995852
0.024995853
0.024995853
0.024995853
0.024995853
0.024995853
0.024995853
0.024995854
0.024995854
0.024995854
0.024995854
0.024995854
0.024995854
0.024995854
0.024995854
0.024995853
0.024995853
0.024995853
0.024995853
0.024995853
0.024995853
0.024995853
0.024995853
0.024995853
0.024995854
0.024995854
0.024995854
0.024995854
0.024995854
0.024995854
0.024995854
0.024995854
0.024995854
0.024995854
0.024995854
0.024995854
0.024995854
0.024995853
0.024995853
0.024995853
0.024995853
0.024995853
0.024995853
0.024995854
0.024995854
0.024995854
0.024995854
0.024995854
0.024995854
0.024995854
0.024995854
0.024995854
0.024995854
0.024995854
0.024995854
0.024995854
0.024995854
0.024995854
0.024995854
0.024995853
0.024995853
0.024995853
0.024995854
0.024995854
0.024995854
0.024995854
0.024995854
0.024995854
0.024995854
0.024995854
0.024995854
0.024995854
0.024995854
0.024995854
0.024995854
0.024995854
0.024995854
0.024995854
0.024995854
0.024995854
0.024995853
0.024995854
0.024995854
0.024995854
0.024995854
0.024995854
0.024995854
0.024995854
0.024995854
0.024995854
0.024995854
0.024995854
0.024995854
0.024995854
0.024995854
0.024995854
0.024995854
0.024995854
0.024995854
0.024995854
0.024995854
0.024995848
0.024995848
0.024995847
0.024995847
0.024995847
0.024995847
0.024995847
0.024995847
0.024995847
0.024995847
0.024995847
0.024995847
0.024995847
0.024995847
0.024995847
0.024995847
0.024995847
0.024995847
0.024995847
0.024995848
0.024995848
0.024995848
0.024995848
0.024995848
0.024995848
0.024995848
0.024995848
0.024995848
0.024995848
0.024995848
0.024995848
0.024995848
0.024995848
0.024995848
0.024995848
0.024995848
0.024995848
0.024995848
0.024995848
0.024995848
0.024995849
0.024995849
0.024995849
0.024995848
0.024995848
0.024995848
0.024995848
0.024995848
0.024995848
0.024995848
0.024995848
0.024995848
0.024995848
0.024995848
0.024995848
0.024995848
0.024995848
0.024995849
0.024995849
0.024995849
0.024995849
0.024995849
0.024995849
0.024995849
0.024995849
0.024995849
0.024995849
0.024995849
0.024995849
0.024995849
0.024995849
0.024995849
0.024995849
0.024995849
0.024995849
0.024995849
0.024995849
0.024995849
0.024995849
0.024995849
0.02499585
0.02499585
0.02499585
0.024995849
0.024995849
0.024995849
0.024995849
0.024995849
0.024995849
0.024995849
0.024995849
0.024995849
0.024995849
0.024995849
0.024995849
0.024995849
0.024995849
0.024995849
0.02499585
0.02499585
0.02499585
0.02499585
0.02499585
0.02499585
0.02499585
0.02499585
0.02499585
0.02499585
0.02499585
0.02499585
0.02499585
0.02499585
0.02499585
0.02499585
0.02499585
0.02499585
0.02499585
0.02499585
0.02499585
0.02499585
0.02499585
0.02499585
0.02499585
0.02499585
0.02499585
0.02499585
0.02499585
0.02499585
0.02499585
0.02499585
0.02499585
0.02499585
0.02499585
0.02499585
0.02499585
0.02499585
0.02499585
0.02499585
0.02499585
0.02499585
0.024995851
0.024995851
0.024995851
0.024995851
0.024995851
0.024995851
0.024995851
0.024995851
0.024995851
0.024995851
0.024995851
0.024995851
0.024995851
0.024995851
0.024995851
0.024995851
0.024995851
0.024995851
0.024995851
0.024995851
0.024995851
0.024995851
0.024995851
0.024995851
0.024995851
0.024995851
0.024995851
0.024995851
0.024995851
0.024995851
0.024995851
0.024995851
0.024995851
0.024995851
0.024995851
0.024995851
0.024995851
0.024995851
0.024995851
0.024995851
0.024995851
0.024995851
0.024995851
0.024995851
0.024995852
0.024995852
0.024995852
0.024995852
0.024995852
0.024995852
0.024995852
0.024995852
0.024995852
0.024995852
0.024995852
0.024995851
0.024995851
0.024995851
0.024995851
0.024995851
0.024995851
0.024995852
0.024995852
0.024995852
0.024995852
0.024995852
0.024995852
0.024995852
0.024995852
0.024995852
0.024995852
0.024995852
0.024995852
0.024995852
0.024995852
0.024995852
0.024995852
0.024995852
0.024995852
0.024995851
0.024995852
0.024995852
0.024995852
0.024995852
0.024995852
0.024995852
0.024995852
0.024995852
0.024995852
0.024995852
0.024995852
0.024995852
0.024995852
0.024995852
0.024995852
0.024995852
0.024995852
0.024995852
0.024995852
0.024995852
0.024995852
0.024995852
0.024995852
0.024995852
0.024995852
0.024995853
0.024995853
0.024995853
0.024995853
0.024995853
0.024995853
0.024995853
0.024995853
0.024995853
0.024995853
0.024995852
0.024995852
0.024995852
0.024995852
0.024995852
0.024995852
0.024995852
0.024995853
0.024995853
0.024995853
0.024995853
0.024995853
0.024995853
0.024995853
0.024995853
0.024995853
0.024995853
0.024995853
0.024995853
0.024995853
0.024995853
0.024995853
0.024995853
0.024995852
0.024995852
0.024995852
0.024995853
0.024995853
0.024995853
0.024995853
0.024995853
0.024995853
0.024995853
0.024995853
0.024995853
0.024995853
0.024995853
0.024995853
0.024995853
0.024995853
0.024995853
0.024995853
0.024995853
0.024995853
0.024995852
0.024995853
0.024995853
0.024995853
0.024995853
0.024995853
0.024995853
0.024995853
0.024995854
0.024995854
0.024995854
0.024995854
0.024995854
0.024995854
0.024995853
0.024995853
0.024995853
0.024995853
0.024995853
0.024995853
0.024995853
0.024995853
0.024995853
0.024995853
0.024995853
0.024995854
0.024995854
0.024995854
0.024995854
0.024995854
0.024995854
0.024995854
0.024995854
0.024995854
0.024995854
0.024995854
0.024995854
0.024995853
0.024995853
0.024995853
0.024995853
0.024995853
0.024995853
0.024995854
0.024995854
0.024995854
0.024995854
0.024995854
0.024995854
0.024995854
0.024995854
0.024995854
0.024995854
0.024995854
0.024995854
0.024995854
0.024995854
0.024995854
0.024995854
0.024995853
0.024995853
0.024995853
0.024995854
0.024995854
0.024995854
0.024995854
0.024995854
0.024995854
0.024995854
0.024995854
0.024995854
0.024995854
0.024995854
0.024995854
0.024995854
0.024995854
0.024995854
0.024995854
0.024995854
0.024995854
0.024995853
0.024995854
0.024995854
0.024995854
0.024995854
0.024995854
0.024995854
0.024995854
0.024995854
0.024995854
0.024995854
0.024995854
0.024995854
0.024995854
0.024995854
0.024995854
0.024995854
0.024995854
0.024995854
0.024995854
0.024995854
0.024995848
0.024995847
0.024995847
0.024995847
0.024995847
0.024995847
0.024995847
0.024995847
0.024995847
0.024995847
0.024995847
0.024995847
0.024995847
0.024995847
0.024995847
0.024995847
0.024995847
0.024995847
0.024995847
0.024995848
0.024995848
0.024995848
0.024995848
0.024995848
0.024995848
0.024995848
0.024995848
0.024995848
0.024995848
0.024995848
0.024995848
0.024995848
0.024995848
0.024995848
0.024995848
0.024995848
0.024995848
0.024995848
0.024995848
0.024995848
0.024995849
0.024995849
0.024995849
0.024995848
0.024995848
0.024995848
0.024995848
0.024995848
0.024995848
0.024995848
0.024995848
0.024995848
0.024995848
0.024995848
0.024995848
0.024995848
0.024995848
0.024995848
0.024995849
0.024995849
0.024995849
0.024995849
0.024995849
0.024995849
0.024995849
0.024995849
0.024995849
0.024995849
0.024995849
0.024995849
0.024995849
0.024995849
0.024995849
0.024995849
0.024995849
0.024995849
0.024995849
0.024995849
0.024995849
0.024995849
0.02499585
0.02499585
0.02499585
0.024995849
0.024995849
0.024995849
0.024995849
0.024995849
0.024995849
0.024995849
0.024995849
0.024995849
0.024995849
0.024995849
0.024995849
0.024995849
0.024995849
0.024995849
0.02499585
0.02499585
0.02499585
0.02499585
0.02499585
0.02499585
0.02499585
0.02499585
0.02499585
0.02499585
0.02499585
0.02499585
0.02499585
0.02499585
0.02499585
0.02499585
0.02499585
0.02499585
0.02499585
0.02499585
0.02499585
0.02499585
0.02499585
0.02499585
0.02499585
0.02499585
0.02499585
0.02499585
0.02499585
0.02499585
0.02499585
0.02499585
0.02499585
0.02499585
0.02499585
0.02499585
0.02499585
0.02499585
0.02499585
0.02499585
0.02499585
0.02499585
0.024995851
0.024995851
0.024995851
0.024995851
0.024995851
0.024995851
0.024995851
0.024995851
0.024995851
0.024995851
0.024995851
0.024995851
0.024995851
0.024995851
0.024995851
0.024995851
0.024995851
0.024995851
0.024995851
0.024995851
0.024995851
0.024995851
0.024995851
0.024995851
0.024995851
0.024995851
0.024995851
0.024995851
0.024995851
0.024995851
0.024995851
0.024995851
0.024995851
0.024995851
0.024995851
0.024995851
0.024995851
0.024995851
0.024995851
0.024995851
0.024995851
0.024995851
0.024995851
0.024995851
0.024995851
0.024995852
0.024995852
0.024995852
0.024995852
0.024995852
0.024995852
0.024995852
0.024995852
0.024995852
0.024995852
0.024995851
0.024995851
0.024995851
0.024995851
0.024995851
0.024995851
0.024995852
0.024995852
0.024995852
0.024995852
0.024995852
0.024995852
0.024995852
0.024995852
0.024995852
0.024995852
0.024995852
0.024995852
0.024995852
0.024995852
0.024995852
0.024995852
0.024995852
0.024995852
0.024995851
0.024995852
0.024995852
0.024995852
0.024995852
0.024995852
0.024995852
0.024995852
0.024995852
0.024995852
0.024995852
0.024995852
0.024995852
0.024995852
0.024995852
0.024995852
0.024995852
0.024995852
0.024995852
0.024995852
0.024995852
0.024995852
0.024995852
0.024995852
0.024995852
0.024995852
0.024995853
0.024995853
0.024995853
0.024995853
0.024995853
0.024995853
0.024995853
0.024995853
0.024995853
0.024995853
0.024995852
0.024995852
0.024995852
0.024995852
0.024995852
0.024995852
0.024995852
0.024995853
0.024995853
0.024995853
0.024995853
0.024995853
0.024995853
0.024995853
0.024995853
0.024995853
0.024995853
0.024995853
0.024995853
0.024995853
0.024995853
0.024995853
0.024995852
0.024995852
0.024995852
0.024995852
0.024995853
0.024995853
0.024995853
0.024995853
0.024995853
0.024995853
0.024995853
0.024995853
0.024995853
0.024995853
0.024995853
0.024995853
0.024995853
0.024995853
0.024995853
0.024995853
0.024995853
0.024995853
0.024995852
0.024995853
0.024995853
0.024995853
0.024995853
0.024995853
0.024995853
0.024995853
0.024995853
0.024995854
0.024995854
0.024995854
0.024995854
0.024995853
0.024995853
0.024995853
0.024995853
0.024995853
0.024995853
0.024995853
0.024995853
0.024995853
0.024995853
0.024995853
0.024995853
0.024995854
0.024995854
0.024995854
0.024995854
0.024995854
0.024995854
0.024995854
0.024995854
0.024995854
0.024995854
0.024995854
0.024995854
0.024995853
0.024995853
0.024995853
0.024995853
0.024995853
0.024995853
0.024995854
0.024995854
0.024995854
0.024995854
0.024995854
0.024995854
0.024995854
0.024995854
0.024995854
0.024995854
0.024995854
0.024995854
0.024995854
0.024995854
0.024995854
0.024995854
0.024995853
0.024995853
0.024995853
0.024995854
0.024995854
0.024995854
0.024995854
0.024995854
0.024995854
0.024995854
0.024995854
0.024995854
0.024995854
0.024995854
0.024995854
0.024995854
0.024995854
0.024995854
0.024995854
0.024995854
0.024995854
0.024995853
0.024995854
0.024995854
0.024995854
0.024995854
0.024995854
0.024995854
0.024995854
0.024995854
0.024995854
0.024995854
0.024995854
0.024995854
0.024995854
0.024995854
0.024995854
0.024995854
0.024995854
0.024995854
0.024995854
0.024995854
0.024995848
0.024995848
0.024995847
0.024995847
0.024995847
0.024995847
0.024995847
0.024995847
0.024995847
0.024995847
0.024995847
0.024995847
0.024995847
0.024995847
0.024995847
0.024995847
0.024995847
0.024995847
0.024995847
0.024995848
0.024995848
0.024995848
0.024995848
0.024995848
0.024995848
0.024995848
0.024995848
0.024995848
0.024995848
0.024995848
0.024995848
0.024995848
0.024995848
0.024995848
0.024995848
0.024995848
0.024995848
0.024995848
0.024995848
0.024995848
0.024995849
0.024995849
0.024995849
0.024995848
0.024995848
0.024995848
0.024995848
0.024995848
0.024995848
0.024995848
0.024995848
0.024995848
0.024995848
0.024995848
0.024995848
0.024995848
0.024995848
0.024995849
0.024995849
0.024995849
0.024995849
0.024995849
0.024995849
0.024995849
0.024995849
0.024995849
0.024995849
0.024995849
0.024995849
0.024995849
0.024995849
0.024995849
0.024995849
0.024995849
0.024995849
0.024995849
0.024995849
0.024995849
0.024995849
0.024995849
0.02499585
0.02499585
0.02499585
0.02499585
0.02499585
0.024995849
0.024995849
0.024995849
0.024995849
0.024995849
0.024995849
0.024995849
0.024995849
0.024995849
0.024995849
0.024995849
0.024995849
0.02499585
0.02499585
0.02499585
0.02499585
0.02499585
0.02499585
0.02499585
0.02499585
0.02499585
0.02499585
0.02499585
0.02499585
0.02499585
0.02499585
0.02499585
0.02499585
0.02499585
0.02499585
0.02499585
0.02499585
0.02499585
0.02499585
0.02499585
0.02499585
0.02499585
0.02499585
0.02499585
0.02499585
0.02499585
0.02499585
0.02499585
0.02499585
0.02499585
0.02499585
0.02499585
0.02499585
0.02499585
0.02499585
0.02499585
0.02499585
0.02499585
0.02499585
0.02499585
0.024995851
0.024995851
0.024995851
0.024995851
0.024995851
0.024995851
0.024995851
0.024995851
0.024995851
0.024995851
0.024995851
0.024995851
0.024995851
0.024995851
0.024995851
0.024995851
0.024995851
0.024995851
0.024995851
0.024995851
0.024995851
0.024995851
0.024995851
0.024995851
0.024995851
0.024995851
0.024995851
0.024995851
0.024995851
0.024995851
0.024995851
0.024995851
0.024995851
0.024995851
0.024995851
0.024995851
0.024995851
0.024995851
0.024995851
0.024995851
0.024995851
0.024995851
0.024995851
0.024995852
0.024995852
0.024995852
0.024995852
0.024995852
0.024995852
0.024995852
0.024995852
0.024995852
0.024995852
0.024995852
0.024995852
0.024995852
0.024995851
0.024995851
0.024995851
0.024995851
0.024995851
0.024995852
0.024995852
0.024995852
0.024995852
0.024995852
0.024995852
0.024995852
0.024995852
0.024995852
0.024995852
0.024995852
0.024995852
0.024995852
0.024995852
0.024995852
0.024995852
0.024995852
0.024995852
0.024995851
0.024995852
0.024995852
0.024995852
0.024995852
0.024995852
0.024995852
0.024995852
0.024995852
0.024995852
0.024995852
0.024995852
0.024995852
0.024995852
0.024995852
0.024995852
0.024995852
0.024995852
0.024995852
0.024995852
0.024995852
0.024995852
0.024995852
0.024995852
0.024995852
0.024995853
0.024995853
0.024995853
0.024995853
0.024995853
0.024995853
0.024995853
0.024995853
0.024995853
0.024995853
0.024995853
0.024995853
0.024995852
0.024995852
0.024995852
0.024995852
0.024995852
0.024995852
0.024995853
0.024995853
0.024995853
0.024995853
0.024995853
0.024995853
0.024995853
0.024995853
0.024995853
0.024995853
0.024995853
0.024995853
0.024995853
0.024995853
0.024995853
0.024995853
0.024995852
0.024995852
0.024995853
0.024995853
0.024995853
0.024995853
0.024995853
0.024995853
0.024995853
0.024995853
0.024995853
0.024995853
0.024995853
0.024995853
0.024995853
0.024995853
0.024995853
0.024995853
0.024995853
0.024995853
0.024995853
0.024995852
0.024995853
0.024995853
0.024995853
0.024995853
0.024995853
0.024995853
0.024995854
0.024995854
0.024995854
0.024995854
0.024995854
0.024995854
0.024995854
0.024995854
0.024995853
0.024995853
0.024995853
0.024995853
0.024995853
0.024995853
0.024995853
0.024995853
0.024995853
0.024995854
0.024995854
0.024995854
0.024995854
0.024995854
0.024995854
0.024995854
0.024995854
0.024995854
0.024995854
0.024995854
0.024995854
0.024995854
0.024995853
0.024995853
0.024995853
0.024995853
0.024995853
0.024995853
0.024995854
0.024995854
0.024995854
0.024995854
0.024995854
0.024995854
0.024995854
0.024995854
0.024995854
0.024995854
0.024995854
0.024995854
0.024995854
0.024995854
0.024995854
0.024995854
0.024995853
0.024995853
0.024995853
0.024995854
0.024995854
0.024995854
0.024995854
0.024995854
0.024995854
0.024995854
0.024995854
0.024995854
0.024995854
0.024995854
0.024995854
0.024995854
0.024995854
0.024995854
0.024995854
0.024995854
0.024995854
0.024995853
0.024995854
0.024995854
0.024995854
0.024995854
0.024995854
0.024995854
0.024995854
0.024995854
0.024995854
0.024995854
0.024995854
0.024995854
0.024995854
0.024995854
0.024995854
0.024995854
0.024995854
0.024995854
0.024995854
0.024995854
0.024995848
0.024995848
0.024995847
0.024995847
0.024995847
0.024995847
0.024995847
0.024995847
0.024995847
0.024995847
0.024995847
0.024995847
0.024995847
0.024995847
0.024995847
0.024995847
0.024995847
0.024995847
0.024995847
0.024995848
0.024995848
0.024995848
0.024995848
0.024995848
0.024995848
0.024995848
0.024995848
0.024995848
0.024995848
0.024995848
0.024995848
0.024995848
0.024995848
0.024995848
0.024995848
0.024995848
0.024995848
0.024995848
0.024995848
0.024995848
0.024995849
0.024995849
0.024995849
0.024995848
0.024995848
0.024995848
0.024995848
0.024995848
0.024995848
0.024995848
0.024995848
0.024995848
0.024995848
0.024995848
0.024995848
0.024995848
0.024995848
0.024995849
0.024995849
0.024995849
0.024995849
0.024995849
0.024995849
0.024995849
0.024995849
0.024995849
0.024995849
0.024995849
0.024995849
0.024995849
0.024995849
0.024995849
0.024995849
0.024995849
0.024995849
0.024995849
0.024995849
0.024995849
0.024995849
0.024995849
0.02499585
0.02499585
0.02499585
0.02499585
0.024995849
0.024995849
0.024995849
0.024995849
0.024995849
0.024995849
0.024995849
0.024995849
0.024995849
0.024995849
0.024995849
0.024995849
0.024995849
0.02499585
0.02499585
0.02499585
0.02499585
0.02499585
0.02499585
0.02499585
0.02499585
0.02499585
0.02499585
0.02499585
0.02499585
0.02499585
0.02499585
0.02499585
0.02499585
0.02499585
0.02499585
0.02499585
0.02499585
0.02499585
0.02499585
0.02499585
0.02499585
0.02499585
0.02499585
0.02499585
0.02499585
0.02499585
0.02499585
0.02499585
0.02499585
0.02499585
0.02499585
0.02499585
0.02499585
0.02499585
0.02499585
0.02499585
0.02499585
0.02499585
0.02499585
0.02499585
0.024995851
0.024995851
0.024995851
0.024995851
0.024995851
0.024995851
0.024995851
0.024995851
0.024995851
0.024995851
0.024995851
0.024995851
0.024995851
0.024995851
0.024995851
0.024995851
0.024995851
0.024995851
0.024995851
0.024995851
0.024995851
0.024995851
0.024995851
0.024995851
0.024995851
0.024995851
0.024995851
0.024995851
0.024995851
0.024995851
0.024995851
0.024995851
0.024995851
0.024995851
0.024995851
0.024995851
0.024995851
0.024995851
0.024995851
0.024995851
0.024995851
0.024995851
0.024995851
0.024995851
0.024995852
0.024995852
0.024995852
0.024995852
0.024995852
0.024995852
0.024995852
0.024995852
0.024995852
0.024995852
0.024995852
0.024995852
0.024995851
0.024995851
0.024995851
0.024995851
0.024995851
0.024995852
0.024995852
0.024995852
0.024995852
0.024995852
0.024995852
0.024995852
0.024995852
0.024995852
0.024995852
0.024995852
0.024995852
0.024995852
0.024995852
0.024995852
0.024995852
0.024995852
0.024995852
0.024995851
0.024995852
0.024995852
0.024995852
0.024995852
0.024995852
0.024995852
0.024995852
0.024995852
0.024995852
0.024995852
0.024995852
0.024995852
0.024995852
0.024995852
0.024995852
0.024995852
0.024995852
0.024995852
0.024995852
0.024995852
0.024995852
0.024995852
0.024995852
0.024995852
0.024995853
0.024995853
0.024995853
0.024995853
0.024995853
0.024995853
0.024995853
0.024995853
0.024995853
0.024995853
0.024995853
0.024995852
0.024995852
0.024995852
0.024995852
0.024995852
0.024995852
0.024995852
0.024995853
0.024995853
0.024995853
0.024995853
0.024995853
0.024995853
0.024995853
0.024995853
0.024995853
0.024995853
0.024995853
0.024995853
0.024995853
0.024995853
0.024995853
0.024995853
0.024995852
0.024995852
0.024995853
0.024995853
0.024995853
0.024995853
0.024995853
0.024995853
0.024995853
0.024995853
0.024995853
0.024995853
0.024995853
0.024995853
0.024995853
0.024995853
0.024995853
0.024995853
0.024995853
0.024995853
0.024995853
0.024995852
0.024995853
0.024995853
0.024995853
0.024995853
0.024995853
0.024995853
0.024995854
0.024995854
0.024995854
0.024995854
0.024995854
0.024995854
0.024995854
0.024995853
0.024995853
0.024995853
0.024995853
0.024995853
0.024995853
0.024995853
0.024995853
0.024995853
0.024995853
0.024995853
0.024995854
0.024995854
0.024995854
0.024995854
0.024995854
0.024995854
0.024995854
0.024995854
0.024995854
0.024995854
0.024995854
0.024995854
0.024995853
0.024995853
0.024995853
0.024995853
0.024995853
0.024995853
0.024995854
0.024995854
0.024995854
0.024995854
0.024995854
0.024995854
0.024995854
0.024995854
0.024995854
0.024995854
0.024995854
0.024995854
0.024995854
0.024995854
0.024995854
0.024995854
0.024995853
0.024995853
0.024995853
0.024995854
0.024995854
0.024995854
0.024995854
0.024995854
0.024995854
0.024995854
0.024995854
0.024995854
0.024995854
0.024995854
0.024995854
0.024995854
0.024995854
0.024995854
0.024995854
0.024995854
0.024995854
0.024995853
0.024995854
0.024995854
0.024995854
0.024995854
0.024995854
0.024995854
0.024995854
0.024995854
0.024995854
0.024995854
0.024995854
0.024995854
0.024995854
0.024995854
0.024995854
0.024995854
0.024995854
0.024995854
0.024995854
0.024995854
0.024995848
0.024995847
0.024995847
0.024995847
0.024995847
0.024995847
0.024995847
0.024995847
0.024995847
0.024995847
0.024995847
0.024995847
0.024995847
0.024995847
0.024995847
0.024995847
0.024995847
0.024995847
0.024995847
0.024995848
0.024995848
0.024995848
0.024995848
0.024995848
0.024995848
0.024995848
0.024995848
0.024995848
0.024995848
0.024995848
0.024995848
0.024995848
0.024995848
0.024995848
0.024995848
0.024995848
0.024995848
0.024995848
0.024995848
0.024995848
0.024995849
0.024995849
0.024995849
0.024995848
0.024995848
0.024995848
0.024995848
0.024995848
0.024995848
0.024995848
0.024995848
0.024995848
0.024995848
0.024995848
0.024995848
0.024995848
0.024995848
0.024995848
0.024995849
0.024995849
0.024995849
0.024995849
0.024995849
0.024995849
0.024995849
0.024995849
0.024995849
0.024995849
0.024995849
0.024995849
0.024995849
0.024995849
0.024995849
0.024995849
0.024995849
0.024995849
0.024995849
0.024995849
0.024995849
0.024995849
0.02499585
0.02499585
0.02499585
0.024995849
0.024995849
0.024995849
0.024995849
0.024995849
0.024995849
0.024995849
0.024995849
0.024995849
0.024995849
0.024995849
0.024995849
0.024995849
0.024995849
0.024995849
0.02499585
0.02499585
0.02499585
0.02499585
0.02499585
0.02499585
0.02499585
0.02499585
0.02499585
0.02499585
0.02499585
0.02499585
0.02499585
0.02499585
0.02499585
0.02499585
0.02499585
0.02499585
0.02499585
0.02499585
0.02499585
0.02499585
0.02499585
0.02499585
0.02499585
0.02499585
0.02499585
0.02499585
0.02499585
0.02499585
0.02499585
0.02499585
0.02499585
0.02499585
0.02499585
0.02499585
0.02499585
0.02499585
0.02499585
0.02499585
0.02499585
0.02499585
0.024995851
0.024995851
0.024995851
0.024995851
0.024995851
0.024995851
0.024995851
0.024995851
0.024995851
0.024995851
0.024995851
0.024995851
0.024995851
0.024995851
0.024995851
0.024995851
0.024995851
0.024995851
0.024995851
0.024995851
0.024995851
0.024995851
0.024995851
0.024995851
0.024995851
0.024995851
0.024995851
0.024995851
0.024995851
0.024995851
0.024995851
0.024995851
0.024995851
0.024995851
0.024995851
0.024995851
0.024995851
0.024995851
0.024995851
0.024995851
0.024995851
0.024995851
0.024995851
0.024995851
0.024995851
0.024995852
0.024995852
0.024995852
0.024995852
0.024995852
0.024995852
0.024995852
0.024995852
0.024995852
0.024995851
0.024995851
0.024995851
0.024995851
0.024995851
0.024995851
0.024995851
0.024995852
0.024995852
0.024995852
0.024995852
0.024995852
0.024995852
0.024995852
0.024995852
0.024995852
0.024995852
0.024995852
0.024995852
0.024995852
0.024995852
0.024995852
0.024995852
0.024995852
0.024995852
0.024995851
0.024995852
0.024995852
0.024995852
0.024995852
0.024995852
0.024995852
0.024995852
0.024995852
0.024995852
0.024995852
0.024995852
0.024995852
0.024995852
0.024995852
0.024995852
0.024995852
0.024995852
0.024995852
0.024995852
0.024995852
0.024995852
0.024995852
0.024995852
0.024995852
0.024995852
0.024995853
0.024995853
0.024995853
0.024995853
0.024995853
0.024995853
0.024995853
0.024995853
0.024995853
0.024995852
0.024995852
0.024995852
0.024995852
0.024995852
0.024995852
0.024995852
0.024995852
0.024995853
0.024995853
0.024995853
0.024995853
0.024995853
0.024995853
0.024995853
0.024995853
0.024995853
0.024995853
0.024995853
0.024995853
0.024995853
0.024995853
0.024995853
0.024995852
0.024995852
0.024995852
0.024995852
0.024995853
0.024995853
0.024995853
0.024995853
0.024995853
0.024995853
0.024995853
0.024995853
0.024995853
0.024995853
0.024995853
0.024995853
0.024995853
0.024995853
0.024995853
0.024995853
0.024995853
0.024995853
0.024995852
0.024995853
0.024995853
0.024995853
0.024995853
0.024995853
0.024995853
0.024995853
0.024995853
0.024995853
0.024995854
0.024995854
0.024995853
0.024995853
0.024995853
0.024995853
0.024995853
0.024995853
0.024995853
0.024995853
0.024995853
0.024995853
0.024995853
0.024995853
0.024995853
0.024995854
0.024995854
0.024995854
0.024995854
0.024995854
0.024995854
0.024995854
0.024995854
0.024995854
0.024995854
0.024995854
0.024995854
0.024995853
0.024995853
0.024995853
0.024995853
0.024995853
0.024995853
0.024995854
0.024995854
0.024995854
0.024995854
0.024995854
0.024995854
0.024995854
0.024995854
0.024995854
0.024995854
0.024995854
0.024995854
0.024995854
0.024995854
0.024995854
0.024995854
0.024995853
0.024995853
0.024995853
0.024995854
0.024995854
0.024995854
0.024995854
0.024995854
0.024995854
0.024995854
0.024995854
0.024995854
0.024995854
0.024995854
0.024995854
0.024995854
0.024995854
0.024995854
0.024995854
0.024995854
0.024995854
0.024995853
0.024995854
0.024995854
0.024995854
0.024995854
0.024995854
0.024995854
0.024995854
0.024995854
0.024995854
0.024995854
0.024995854
0.024995854
0.024995854
0.024995854
0.024995854
0.024995854
0.024995854
0.024995854
0.024995854
0.024995854
0.024995848
0.024995848
0.024995847
0.024995847
0.024995847
0.024995847
0.024995847
0.024995847
0.024995847
0.024995847
0.024995847
0.024995847
0.024995847
0.024995847
0.024995847
0.024995847
0.024995847
0.024995847
0.024995847
0.024995848
0.024995848
0.024995848
0.024995848
0.024995848
0.024995848
0.024995848
0.024995848
0.024995848
0.024995848
0.024995848
0.024995848
0.024995848
0.024995848
0.024995848
0.024995848
0.024995848
0.024995848
0.024995848
0.024995848
0.024995848
0.024995849
0.024995849
0.024995849
0.024995848
0.024995848
0.024995848
0.024995848
0.024995848
0.024995848
0.024995848
0.024995848
0.024995848
0.024995848
0.024995848
0.024995848
0.024995848
0.024995848
0.024995849
0.024995849
0.024995849
0.024995849
0.024995849
0.024995849
0.024995849
0.024995849
0.024995849
0.024995849
0.024995849
0.024995849
0.024995849
0.024995849
0.024995849
0.024995849
0.024995849
0.024995849
0.024995849
0.024995849
0.024995849
0.024995849
0.024995849
0.02499585
0.02499585
0.02499585
0.02499585
0.024995849
0.024995849
0.024995849
0.024995849
0.024995849
0.024995849
0.024995849
0.024995849
0.024995849
0.024995849
0.024995849
0.024995849
0.024995849
0.02499585
0.02499585
0.02499585
0.02499585
0.02499585
0.02499585
0.02499585
0.02499585
0.02499585
0.02499585
0.02499585
0.02499585
0.02499585
0.02499585
0.02499585
0.02499585
0.02499585
0.02499585
0.02499585
0.02499585
0.02499585
0.02499585
0.02499585
0.02499585
0.02499585
0.02499585
0.02499585
0.02499585
0.02499585
0.02499585
0.02499585
0.02499585
0.02499585
0.02499585
0.02499585
0.02499585
0.02499585
0.02499585
0.02499585
0.02499585
0.02499585
0.02499585
0.02499585
0.024995851
0.024995851
0.024995851
0.024995851
0.024995851
0.024995851
0.024995851
0.024995851
0.024995851
0.024995851
0.024995851
0.024995851
0.024995851
0.024995851
0.024995851
0.024995851
0.024995851
0.024995851
0.024995851
0.024995851
0.024995851
0.024995851
0.024995851
0.024995851
0.024995851
0.024995851
0.024995851
0.024995851
0.024995851
0.024995851
0.024995851
0.024995851
0.024995851
0.024995851
0.024995851
0.024995851
0.024995851
0.024995851
0.024995851
0.024995851
0.024995851
0.024995851
0.024995851
0.024995852
0.024995852
0.024995852
0.024995852
0.024995852
0.024995852
0.024995852
0.024995852
0.024995852
0.024995852
0.024995852
0.024995852
0.024995852
0.024995851
0.024995851
0.024995851
0.024995851
0.024995852
0.024995852
0.024995852
0.024995852
0.024995852
0.024995852
0.024995852
0.024995852
0.024995852
0.024995852
0.024995852
0.024995852
0.024995852
0.024995852
0.024995852
0.024995852
0.024995852
0.024995852
0.024995852
0.024995851
0.024995852
0.024995852
0.024995852
0.024995852
0.024995852
0.024995852
0.024995852
0.024995852
0.024995852
0.024995852
0.024995852
0.024995852
0.024995852
0.024995852
0.024995852
0.024995852
0.024995852
0.024995852
0.024995852
0.024995852
0.024995852
0.024995852
0.024995852
0.024995852
0.024995853
0.024995853
0.024995853
0.024995853
0.024995853
0.024995853
0.024995853
0.024995853
0.024995853
0.024995853
0.024995853
0.024995852
0.024995852
0.024995852
0.024995852
0.024995852
0.024995852
0.024995852
0.024995853
0.024995853
0.024995853
0.024995853
0.024995853
0.024995853
0.024995853
0.024995853
0.024995853
0.024995853
0.024995853
0.024995853
0.024995853
0.024995853
0.024995853
0.024995853
0.024995852
0.024995852
0.024995853
0.024995853
0.024995853
0.024995853
0.024995853
0.024995853
0.024995853
0.024995853
0.024995853
0.024995853
0.024995853
0.024995853
0.024995853
0.024995853
0.024995853
0.024995853
0.024995853
0.024995853
0.024995853
0.024995852
0.024995853
0.024995853
0.024995853
0.024995853
0.024995853
0.024995853
0.024995854
0.024995854
0.024995854
0.024995854
0.024995854
0.024995854
0.024995854
0.024995853
0.024995853
0.024995853
0.024995853
0.024995853
0.024995853
0.024995853
0.024995853
0.024995853
0.024995853
0.024995854
0.024995854
0.024995854
0.024995854
0.024995854
0.024995854
0.024995854
0.024995854
0.024995854
0.024995854
0.024995854
0.024995854
0.024995854
0.024995853
0.024995853
0.024995853
0.024995853
0.024995853
0.024995853
0.024995854
0.024995854
0.024995854
0.024995854
0.024995854
0.024995854
0.024995854
0.024995854
0.024995854
0.024995854
0.024995854
0.024995854
0.024995854
0.024995854
0.024995854
0.024995854
0.024995853
0.024995853
0.024995853
0.024995854
0.024995854
0.024995854
0.024995854
0.024995854
0.024995854
0.024995854
0.024995854
0.024995854
0.024995854
0.024995854
0.024995854
0.024995854
0.024995854
0.024995854
0.024995854
0.024995854
0.024995854
0.024995853
0.024995854
0.024995854
0.024995854
0.024995854
0.024995854
0.024995854
0.024995854
0.024995854
0.024995854
0.024995854
0.024995854
0.024995854
0.024995854
0.024995854
0.024995854
0.024995854
0.024995854
0.024995854
0.024995854
0.024995854
0.024995848
0.024995847
0.024995847
0.024995847
0.024995847
0.024995847
0.024995847
0.024995847
0.024995847
0.024995847
0.024995847
0.024995847
0.024995847
0.024995847
0.024995847
0.024995847
0.024995847
0.024995847
0.024995847
0.024995848
0.024995848
0.024995848
0.024995848
0.024995848
0.024995848
0.024995848
0.024995848
0.024995848
0.024995848
0.024995848
0.024995848
0.024995848
0.024995848
0.024995848
0.024995848
0.024995848
0.024995848
0.024995848
0.024995848
0.024995848
0.024995849
0.024995849
0.024995849
0.024995848
0.024995848
0.024995848
0.024995848
0.024995848
0.024995848
0.024995848
0.024995848
0.024995848
0.024995848
0.024995848
0.024995848
0.024995848
0.024995848
0.024995849
0.024995849
0.024995849
0.024995849
0.024995849
0.024995849
0.024995849
0.024995849
0.024995849
0.024995849
0.024995849
0.024995849
0.024995849
0.024995849
0.024995849
0.024995849
0.024995849
0.024995849
0.024995849
0.024995849
0.024995849
0.024995849
0.024995849
0.02499585
0.02499585
0.02499585
0.02499585
0.02499585
0.024995849
0.024995849
0.024995849
0.024995849
0.024995849
0.024995849
0.024995849
0.024995849
0.024995849
0.024995849
0.024995849
0.024995849
0.02499585
0.02499585
0.02499585
0.02499585
0.02499585
0.02499585
0.02499585
0.02499585
0.02499585
0.02499585
0.02499585
0.02499585
0.02499585
0.02499585
0.02499585
0.02499585
0.02499585
0.02499585
0.02499585
0.02499585
0.02499585
0.02499585
0.02499585
0.02499585
0.02499585
0.02499585
0.02499585
0.02499585
0.02499585
0.02499585
0.02499585
0.02499585
0.02499585
0.02499585
0.02499585
0.02499585
0.02499585
0.02499585
0.02499585
0.02499585
0.02499585
0.02499585
0.02499585
0.024995851
0.024995851
0.024995851
0.024995851
0.024995851
0.024995851
0.024995851
0.024995851
0.024995851
0.024995851
0.024995851
0.024995851
0.024995851
0.024995851
0.024995851
0.024995851
0.024995851
0.024995851
0.024995851
0.024995851
0.024995851
0.024995851
0.024995851
0.024995851
0.024995851
0.024995851
0.024995851
0.024995851
0.024995851
0.024995851
0.024995851
0.024995851
0.024995851
0.024995851
0.024995851
0.024995851
0.024995851
0.024995851
0.024995851
0.024995851
0.024995851
0.024995851
0.024995851
0.024995852
0.024995852
0.024995852
0.024995852
0.024995852
0.024995852
0.024995852
0.024995852
0.024995852
0.024995852
0.024995852
0.024995852
0.024995852
0.024995851
0.024995851
0.024995851
0.024995851
0.024995851
0.024995852
0.024995852
0.024995852
0.024995852
0.024995852
0.024995852
0.024995852
0.024995852
0.024995852
0.024995852
0.024995852
0.024995852
0.024995852
0.024995852
0.024995852
0.024995852
0.024995852
0.024995852
0.024995851
0.024995852
0.024995852
0.024995852
0.024995852
0.024995852
0.024995852
0.024995852
0.024995852
0.024995852
0.024995852
0.024995852
0.024995852
0.024995852
0.024995852
0.024995852
0.024995852
0.024995852
0.024995852
0.024995852
0.024995852
0.024995852
0.024995852
0.024995852
0.024995852
0.024995853
0.024995853
0.024995853
0.024995853
0.024995853
0.024995853
0.024995853
0.024995853
0.024995853
0.024995853
0.024995853
0.024995853
0.024995852
0.024995852
0.024995852
0.024995852
0.024995852
0.024995852
0.024995853
0.024995853
0.024995853
0.024995853
0.024995853
0.024995853
0.024995853
0.024995853
0.024995853
0.024995853
0.024995853
0.024995853
0.024995853
0.024995853
0.024995853
0.024995853
0.024995852
0.024995852
0.024995852
0.024995853
0.024995853
0.024995853
0.024995853
0.024995853
0.024995853
0.024995853
0.024995853
0.024995853
0.024995853
0.024995853
0.024995853
0.024995853
0.024995853
0.024995853
0.024995853
0.024995853
0.024995853
0.024995852
0.024995853
0.024995853
0.024995853
0.024995853
0.024995853
0.024995853
0.024995854
0.024995854
0.024995854
0.024995854
0.024995854
0.024995854
0.024995854
0.024995854
0.024995853
0.024995853
0.024995853
0.024995853
0.024995853
0.024995853
0.024995853
0.024995853
0.024995853
0.024995854
0.024995854
0.024995854
0.024995854
0.024995854
0.024995854
0.024995854
0.024995854
0.024995854
0.024995854
0.024995854
0.024995854
0.024995854
0.024995853
0.024995853
0.024995853
0.024995853
0.024995853
0.024995853
0.024995854
0.024995854
0.024995854
0.024995854
0.024995854
0.024995854
0.024995854
0.024995854
0.024995854
0.024995854
0.024995854
0.024995854
0.024995854
0.024995854
0.024995854
0.024995854
0.024995853
0.024995853
0.024995853
0.024995854
0.024995854
0.024995854
0.024995854
0.024995854
0.024995854
0.024995854
0.024995854
0.024995854
0.024995854
0.024995854
0.024995854
0.024995854
0.024995854
0.024995854
0.024995854
0.024995854
0.024995854
0.024995853
0.024995854
0.024995854
0.024995854
0.024995854
0.024995854
0.024995854
0.024995854
0.024995854
0.024995854
0.024995854
0.024995854
0.024995854
0.024995854
0.024995854
0.024995854
0.024995854
0.024995854
0.024995854
0.024995854
0.024995854
0.024995848
0.024995847
0.024995847
0.024995847
0.024995847
0.024995847
0.024995847
0.024995847
0.024995847
0.024995847
0.024995847
0.024995847
0.024995847
0.024995847
0.024995847
0.024995847
0.024995847
0.024995847
0.024995847
0.024995848
0.024995848
0.024995848
0.024995848
0.024995848
0.024995848
0.024995848
0.024995848
0.024995848
0.024995848
0.024995848
0.024995848
0.024995848
0.024995848
0.024995848
0.024995848
0.024995848
0.024995848
0.024995848
0.024995848
0.024995848
0.024995849
0.024995849
0.024995849
0.024995848
0.024995848
0.024995848
0.024995848
0.024995848
0.024995848
0.024995848
0.024995848
0.024995848
0.024995848
0.024995848
0.024995848
0.024995848
0.024995848
0.024995848
0.024995849
0.024995849
0.024995849
0.024995849
0.024995849
0.024995849
0.024995849
0.024995849
0.024995849
0.024995849
0.024995849
0.024995849
0.024995849
0.024995849
0.024995849
0.024995849
0.024995849
0.024995849
0.024995849
0.024995849
0.024995849
0.024995849
0.02499585
0.02499585
0.02499585
0.024995849
0.024995849
0.024995849
0.024995849
0.024995849
0.024995849
0.024995849
0.024995849
0.024995849
0.024995849
0.024995849
0.024995849
0.024995849
0.024995849
0.024995849
0.02499585
0.02499585
0.02499585
0.02499585
0.02499585
0.02499585
0.02499585
0.02499585
0.02499585
0.02499585
0.02499585
0.02499585
0.02499585
0.02499585
0.02499585
0.02499585
0.02499585
0.02499585
0.02499585
0.02499585
0.02499585
0.02499585
0.02499585
0.02499585
0.02499585
0.02499585
0.02499585
0.02499585
0.02499585
0.02499585
0.02499585
0.02499585
0.02499585
0.02499585
0.02499585
0.02499585
0.02499585
0.02499585
0.02499585
0.02499585
0.02499585
0.02499585
0.024995851
0.024995851
0.024995851
0.024995851
0.024995851
0.024995851
0.024995851
0.024995851
0.024995851
0.024995851
0.024995851
0.024995851
0.024995851
0.024995851
0.024995851
0.024995851
0.024995851
0.024995851
0.024995851
0.024995851
0.024995851
0.024995851
0.024995851
0.024995851
0.024995851
0.024995851
0.024995851
0.024995851
0.024995851
0.024995851
0.024995851
0.024995851
0.024995851
0.024995851
0.024995851
0.024995851
0.024995851
0.024995851
0.024995851
0.024995851
0.024995851
0.024995851
0.024995851
0.024995851
0.024995852
0.024995852
0.024995852
0.024995852
0.024995852
0.024995852
0.024995852
0.024995852
0.024995852
0.024995852
0.024995852
0.024995851
0.024995851
0.024995851
0.024995851
0.024995851
0.024995851
0.024995852
0.024995852
0.024995852
0.024995852
0.024995852
0.024995852
0.024995852
0.024995852
0.024995852
0.024995852
0.024995852
0.024995852
0.024995852
0.024995852
0.024995852
0.024995852
0.024995852
0.024995852
0.024995851
0.024995852
0.024995852
0.024995852
0.024995852
0.024995852
0.024995852
0.024995852
0.024995852
0.024995852
0.024995852
0.024995852
0.024995852
0.024995852
0.024995852
0.024995852
0.024995852
0.024995852
0.024995852
0.024995852
0.024995852
0.024995852
0.024995852
0.024995852
0.024995852
0.024995852
0.024995853
0.024995853
0.024995853
0.024995853
0.024995853
0.024995853
0.024995853
0.024995853
0.024995853
0.024995853
0.024995852
0.024995852
0.024995852
0.024995852
0.024995852
0.024995852
0.024995852
0.024995853
0.024995853
0.024995853
0.024995853
0.024995853
0.024995853
0.024995853
0.024995853
0.024995853
0.024995853
0.024995853
0.024995853
0.024995853
0.024995853
0.024995853
0.024995852
0.024995852
0.024995852
0.024995852
0.024995853
0.024995853
0.024995853
0.024995853
0.024995853
0.024995853
0.024995853
0.024995853
0.024995853
0.024995853
0.024995853
0.024995853
0.024995853
0.024995853
0.024995853
0.024995853
0.024995853
0.024995853
0.024995852
0.024995853
0.024995853
0.024995853
0.024995853
0.024995853
0.024995853
0.024995853
0.024995854
0.024995854
0.024995854
0.024995854
0.024995854
0.024995853
0.024995853
0.024995853
0.024995853
0.024995853
0.024995853
0.024995853
0.024995853
0.024995853
0.024995853
0.024995853
0.024995853
0.024995854
0.024995854
0.024995854
0.024995854
0.024995854
0.024995854
0.024995854
0.024995854
0.024995854
0.024995854
0.024995854
0.024995854
0.024995853
0.024995853
0.024995853
0.024995853
0.024995853
0.024995853
0.024995854
0.024995854
0.024995854
0.024995854
0.024995854
0.024995854
0.024995854
0.024995854
0.024995854
0.024995854
0.024995854
0.024995854
0.024995854
0.024995854
0.024995854
0.024995854
0.024995853
0.024995853
0.024995853
0.024995854
0.024995854
0.024995854
0.024995854
0.024995854
0.024995854
0.024995854
0.024995854
0.024995854
0.024995854
0.024995854
0.024995854
0.024995854
0.024995854
0.024995854
0.024995854
0.024995854
0.024995854
0.024995853
0.024995854
0.024995854
0.024995854
0.024995854
0.024995854
0.024995854
0.024995854
0.024995854
0.024995854
0.024995854
0.024995854
0.024995854
0.024995854
0.024995854
0.024995854
0.024995854
0.024995854
0.024995854
0.024995854
0.024995854
0.024995848
0.024995848
0.024995847
0.024995847
0.024995847
0.024995847
0.024995847
0.024995847
0.024995847
0.024995847
0.024995847
0.024995847
0.024995847
0.024995847
0.024995847
0.024995847
0.024995847
0.024995847
0.024995847
0.024995848
0.024995848
0.024995848
0.024995848
0.024995848
0.024995848
0.024995848
0.024995848
0.024995848
0.024995848
0.024995848
0.024995848
0.024995848
0.024995848
0.024995848
0.024995848
0.024995848
0.024995848
0.024995848
0.024995848
0.024995848
0.024995849
0.024995849
0.024995849
0.024995848
0.024995848
0.024995848
0.024995848
0.024995848
0.024995848
0.024995848
0.024995848
0.024995848
0.024995848
0.024995848
0.024995848
0.024995848
0.024995848
0.024995849
0.024995849
0.024995849
0.024995849
0.024995849
0.024995849
0.024995849
0.024995849
0.024995849
0.024995849
0.024995849
0.024995849
0.024995849
0.024995849
0.024995849
0.024995849
0.024995849
0.024995849
0.024995849
0.024995849
0.024995849
0.024995849
0.024995849
0.02499585
0.02499585
0.02499585
0.024995849
0.024995849
0.024995849
0.024995849
0.024995849
0.024995849
0.024995849
0.024995849
0.024995849
0.024995849
0.024995849
0.024995849
0.024995849
0.024995849
0.024995849
0.02499585
0.02499585
0.02499585
0.02499585
0.02499585
0.02499585
0.02499585
0.02499585
0.02499585
0.02499585
0.02499585
0.02499585
0.02499585
0.02499585
0.02499585
0.02499585
0.02499585
0.02499585
0.02499585
0.02499585
0.02499585
0.02499585
0.02499585
0.02499585
0.02499585
0.02499585
0.02499585
0.02499585
0.02499585
0.02499585
0.02499585
0.02499585
0.02499585
0.02499585
0.02499585
0.02499585
0.02499585
0.02499585
0.02499585
0.02499585
0.02499585
0.02499585
0.024995851
0.024995851
0.024995851
0.024995851
0.024995851
0.024995851
0.024995851
0.024995851
0.024995851
0.024995851
0.024995851
0.024995851
0.024995851
0.024995851
0.024995851
0.024995851
0.024995851
0.024995851
0.024995851
0.024995851
0.024995851
0.024995851
0.024995851
0.024995851
0.024995851
0.024995851
0.024995851
0.024995851
0.024995851
0.024995851
0.024995851
0.024995851
0.024995851
0.024995851
0.024995851
0.024995851
0.024995851
0.024995851
0.024995851
0.024995851
0.024995851
0.024995851
0.024995851
0.024995851
0.024995852
0.024995852
0.024995852
0.024995852
0.024995852
0.024995852
0.024995852
0.024995852
0.024995852
0.024995852
0.024995852
0.024995851
0.024995851
0.024995851
0.024995851
0.024995851
0.024995851
0.024995852
0.024995852
0.024995852
0.024995852
0.024995852
0.024995852
0.024995852
0.024995852
0.024995852
0.024995852
0.024995852
0.024995852
0.024995852
0.024995852
0.024995852
0.024995852
0.024995852
0.024995852
0.024995851
0.024995852
0.024995852
0.024995852
0.024995852
0.024995852
0.024995852
0.024995852
0.024995852
0.024995852
0.024995852
0.024995852
0.024995852
0.024995852
0.024995852
0.024995852
0.024995852
0.024995852
0.024995852
0.024995852
0.024995852
0.024995852
0.024995852
0.024995852
0.024995852
0.024995852
0.024995853
0.024995853
0.024995853
0.024995853
0.024995853
0.024995853
0.024995853
0.024995853
0.024995853
0.024995852
0.024995852
0.024995852
0.024995852
0.024995852
0.024995852
0.024995852
0.024995852
0.024995853
0.024995853
0.024995853
0.024995853
0.024995853
0.024995853
0.024995853
0.024995853
0.024995853
0.024995853
0.024995853
0.024995853
0.024995853
0.024995853
0.024995853
0.024995852
0.024995852
0.024995852
0.024995852
0.024995853
0.024995853
0.024995853
0.024995853
0.024995853
0.024995853
0.024995853
0.024995853
0.024995853
0.024995853
0.024995853
0.024995853
0.024995853
0.024995853
0.024995853
0.024995853
0.024995853
0.024995853
0.024995852
0.024995853
0.024995853
0.024995853
0.024995853
0.024995853
0.024995853
0.024995853
0.024995853
0.024995854
0.024995854
0.024995854
0.024995854
0.024995853
0.024995853
0.024995853
0.024995853
0.024995853
0.024995853
0.024995853
0.024995853
0.024995853
0.024995853
0.024995853
0.024995853
0.024995854
0.024995854
0.024995854
0.024995854
0.024995854
0.024995854
0.024995854
0.024995854
0.024995854
0.024995854
0.024995854
0.024995854
0.024995853
0.024995853
0.024995853
0.024995853
0.024995853
0.024995853
0.024995854
0.024995854
0.024995854
0.024995854
0.024995854
0.024995854
0.024995854
0.024995854
0.024995854
0.024995854
0.024995854
0.024995854
0.024995854
0.024995854
0.024995854
0.024995854
0.024995853
0.024995853
0.024995853
0.024995854
0.024995854
0.024995854
0.024995854
0.024995854
0.024995854
0.024995854
0.024995854
0.024995854
0.024995854
0.024995854
0.024995854
0.024995854
0.024995854
0.024995854
0.024995854
0.024995854
0.024995854
0.024995853
0.024995854
0.024995854
0.024995854
0.024995854
0.024995854
0.024995854
0.024995854
0.024995854
0.024995854
0.024995854
0.024995854
0.024995854
0.024995854
0.024995854
0.024995854
0.024995854
0.024995854
0.024995854
0.024995854
0.024995854
0.024995848
0.024995848
0.024995847
0.024995847
0.024995847
0.024995847
0.024995847
0.024995847
0.024995847
0.024995847
0.024995847
0.024995847
0.024995847
0.024995847
0.024995847
0.024995847
0.024995847
0.024995847
0.024995847
0.024995848
0.024995848
0.024995848
0.024995848
0.024995848
0.024995848
0.024995848
0.024995848
0.024995848
0.024995848
0.024995848
0.024995848
0.024995848
0.024995848
0.024995848
0.024995848
0.024995848
0.024995848
0.024995848
0.024995848
0.024995848
0.024995849
0.024995849
0.024995849
0.024995848
0.024995848
0.024995848
0.024995848
0.024995848
0.024995848
0.024995848
0.024995848
0.024995848
0.024995848
0.024995848
0.024995848
0.024995848
0.024995848
0.024995849
0.024995849
0.024995849
0.024995849
0.024995849
0.024995849
0.024995849
0.024995849
0.024995849
0.024995849
0.024995849
0.024995849
0.024995849
0.024995849
0.024995849
0.024995849
0.024995849
0.024995849
0.024995849
0.024995849
0.024995849
0.024995849
0.024995849
0.02499585
0.02499585
0.02499585
0.02499585
0.024995849
0.024995849
0.024995849
0.024995849
0.024995849
0.024995849
0.024995849
0.024995849
0.024995849
0.024995849
0.024995849
0.024995849
0.024995849
0.024995849
0.02499585
0.02499585
0.02499585
0.02499585
0.02499585
0.02499585
0.02499585
0.02499585
0.02499585
0.02499585
0.02499585
0.02499585
0.02499585
0.02499585
0.02499585
0.02499585
0.02499585
0.02499585
0.02499585
0.02499585
0.02499585
0.02499585
0.02499585
0.02499585
0.02499585
0.02499585
0.02499585
0.02499585
0.02499585
0.02499585
0.02499585
0.02499585
0.02499585
0.02499585
0.02499585
0.02499585
0.02499585
0.02499585
0.02499585
0.02499585
0.02499585
0.02499585
0.024995851
0.024995851
0.024995851
0.024995851
0.024995851
0.024995851
0.024995851
0.024995851
0.024995851
0.024995851
0.024995851
0.024995851
0.024995851
0.024995851
0.024995851
0.024995851
0.024995851
0.024995851
0.024995851
0.024995851
0.024995851
0.024995851
0.024995851
0.024995851
0.024995851
0.024995851
0.024995851
0.024995851
0.024995851
0.024995851
0.024995851
0.024995851
0.024995851
0.024995851
0.024995851
0.024995851
0.024995851
0.024995851
0.024995851
0.024995851
0.024995851
0.024995851
0.024995851
0.024995852
0.024995852
0.024995852
0.024995852
0.024995852
0.024995852
0.024995852
0.024995852
0.024995852
0.024995852
0.024995852
0.024995852
0.024995852
0.024995851
0.024995851
0.024995851
0.024995851
0.024995851
0.024995852
0.024995852
0.024995852
0.024995852
0.024995852
0.024995852
0.024995852
0.024995852
0.024995852
0.024995852
0.024995852
0.024995852
0.024995852
0.024995852
0.024995852
0.024995852
0.024995852
0.024995852
0.024995851
0.024995852
0.024995852
0.024995852
0.024995852
0.024995852
0.024995852
0.024995852
0.024995852
0.024995852
0.024995852
0.024995852
0.024995852
0.024995852
0.024995852
0.024995852
0.024995852
0.024995852
0.024995852
0.024995852
0.024995852
0.024995852
0.024995852
0.024995852
0.024995852
0.024995853
0.024995853
0.024995853
0.024995853
0.024995853
0.024995853
0.024995853
0.024995853
0.024995853
0.024995853
0.024995853
0.024995852
0.024995852
0.024995852
0.024995852
0.024995852
0.024995852
0.024995852
0.024995853
0.024995853
0.024995853
0.024995853
0.024995853
0.024995853
0.024995853
0.024995853
0.024995853
0.024995853
0.024995853
0.024995853
0.024995853
0.024995853
0.024995853
0.024995853
0.024995852
0.024995852
0.024995852
0.024995853
0.024995853
0.024995853
0.024995853
0.024995853
0.024995853
0.024995853
0.024995853
0.024995853
0.024995853
0.024995853
0.024995853
0.024995853
0.024995853
0.024995853
0.024995853
0.024995853
0.024995853
0.024995852
0.024995853
0.024995853
0.024995853
0.024995853
0.024995853
0.024995853
0.024995854
0.024995854
0.024995854
0.024995854
0.024995854
0.024995854
0.024995854
0.024995853
0.024995853
0.024995853
0.024995853
0.024995853
0.024995853
0.024995853
0.024995853
0.024995853
0.024995853
0.024995853
0.024995854
0.024995854
0.024995854
0.024995854
0.024995854
0.024995854
0.024995854
0.024995854
0.024995854
0.024995854
0.024995854
0.024995854
0.024995853
0.024995853
0.024995853
0.024995853
0.024995853
0.024995853
0.024995854
0.024995854
0.024995854
0.024995854
0.024995854
0.024995854
0.024995854
0.024995854
0.024995854
0.024995854
0.024995854
0.024995854
0.024995854
0.024995854
0.024995854
0.024995854
0.024995853
0.024995853
0.024995853
0.024995854
0.024995854
0.024995854
0.024995854
0.024995854
0.024995854
0.024995854
0.024995854
0.024995854
0.024995854
0.024995854
0.024995854
0.024995854
0.024995854
0.024995854
0.024995854
0.024995854
0.024995854
0.024995853
0.024995854
0.024995854
0.024995854
0.024995854
0.024995854
0.024995854
0.024995854
0.024995854
0.024995854
0.024995854
0.024995854
0.024995854
0.024995854
0.024995854
0.024995854
0.024995854
0.024995854
0.024995854
0.024995854
0.024995854
0.024995848
0.024995847
0.024995847
0.024995847
0.024995847
0.024995847
0.024995847
0.024995847
0.024995847
0.024995847
0.024995847
0.024995847
0.024995847
0.024995847
0.024995847
0.024995847
0.024995847
0.024995847
0.024995847
0.024995848
0.024995848
0.024995848
0.024995848
0.024995848
0.024995848
0.024995848
0.024995848
0.024995848
0.024995848
0.024995848
0.024995848
0.024995848
0.024995848
0.024995848
0.024995848
0.024995848
0.024995848
0.024995848
0.024995848
0.024995848
0.024995849
0.024995849
0.024995849
0.024995848
0.024995848
0.024995848
0.024995848
0.024995848
0.024995848
0.024995848
0.024995848
0.024995848
0.024995848
0.024995848
0.024995848
0.024995848
0.024995848
0.024995849
0.024995849
0.024995849
0.024995849
0.024995849
0.024995849
0.024995849
0.024995849
0.024995849
0.024995849
0.024995849
0.024995849
0.024995849
0.024995849
0.024995849
0.024995849
0.024995849
0.024995849
0.024995849
0.024995849
0.024995849
0.024995849
0.024995849
0.02499585
0.02499585
0.02499585
0.02499585
0.024995849
0.024995849
0.024995849
0.024995849
0.024995849
0.024995849
0.024995849
0.024995849
0.024995849
0.024995849
0.024995849
0.024995849
0.024995849
0.024995849
0.02499585
0.02499585
0.02499585
0.02499585
0.02499585
0.02499585
0.02499585
0.02499585
0.02499585
0.02499585
0.02499585
0.02499585
0.02499585
0.02499585
0.02499585
0.02499585
0.02499585
0.02499585
0.02499585
0.02499585
0.02499585
0.02499585
0.02499585
0.02499585
0.02499585
0.02499585
0.02499585
0.02499585
0.02499585
0.02499585
0.02499585
0.02499585
0.02499585
0.02499585
0.02499585
0.02499585
0.02499585
0.02499585
0.02499585
0.02499585
0.02499585
0.02499585
0.024995851
0.024995851
0.024995851
0.024995851
0.024995851
0.024995851
0.024995851
0.024995851
0.024995851
0.024995851
0.024995851
0.024995851
0.024995851
0.024995851
0.024995851
0.024995851
0.024995851
0.024995851
0.024995851
0.024995851
0.024995851
0.024995851
0.024995851
0.024995851
0.024995851
0.024995851
0.024995851
0.024995851
0.024995851
0.024995851
0.024995851
0.024995851
0.024995851
0.024995851
0.024995851
0.024995851
0.024995851
0.024995851
0.024995851
0.024995851
0.024995851
0.024995851
0.024995851
0.024995852
0.024995852
0.024995852
0.024995852
0.024995852
0.024995852
0.024995852
0.024995852
0.024995852
0.024995852
0.024995852
0.024995852
0.024995852
0.024995851
0.024995851
0.024995851
0.024995851
0.024995851
0.024995852
0.024995852
0.024995852
0.024995852
0.024995852
0.024995852
0.024995852
0.024995852
0.024995852
0.024995852
0.024995852
0.024995852
0.024995852
0.024995852
0.024995852
0.024995852
0.024995852
0.024995852
0.024995851
0.024995852
0.024995852
0.024995852
0.024995852
0.024995852
0.024995852
0.024995852
0.024995852
0.024995852
0.024995852
0.024995852
0.024995852
0.024995852
0.024995852
0.024995852
0.024995852
0.024995852
0.024995852
0.024995852
0.024995852
0.024995852
0.024995852
0.024995852
0.024995852
0.024995853
0.024995853
0.024995853
0.024995853
0.024995853
0.024995853
0.024995853
0.024995853
0.024995853
0.024995853
0.024995853
0.024995852
0.024995852
0.024995852
0.024995852
0.024995852
0.024995852
0.024995852
0.024995853
0.024995853
0.024995853
0.024995853
0.024995853
0.024995853
0.024995853
0.024995853
0.024995853
0.024995853
0.024995853
0.024995853
0.024995853
0.024995853
0.024995853
0.024995853
0.024995852
0.024995852
0.024995852
0.024995853
0.024995853
0.024995853
0.024995853
0.024995853
0.024995853
0.024995853
0.024995853
0.024995853
0.024995853
0.024995853
0.024995853
0.024995853
0.024995853
0.024995853
0.024995853
0.024995853
0.024995853
0.024995852
0.024995853
0.024995853
0.024995853
0.024995853
0.024995853
0.024995853
0.024995854
0.024995854
0.024995854
0.024995854
0.024995854
0.024995854
0.024995854
0.024995853
0.024995853
0.024995853
0.024995853
0.024995853
0.024995853
0.024995853
0.024995853
0.024995853
0.024995853
0.024995853
0.024995854
0.024995854
0.024995854
0.024995854
0.024995854
0.024995854
0.024995854
0.024995854
0.024995854
0.024995854
0.024995854
0.024995854
0.024995853
0.024995853
0.024995853
0.024995853
0.024995853
0.024995853
0.024995854
0.024995854
0.024995854
0.024995854
0.024995854
0.024995854
0.024995854
0.024995854
0.024995854
0.024995854
0.024995854
0.024995854
0.024995854
0.024995854
0.024995854
0.024995854
0.024995853
0.024995853
0.024995853
0.024995854
0.024995854
0.024995854
0.024995854
0.024995854
0.024995854
0.024995854
0.024995854
0.024995854
0.024995854
0.024995854
0.024995854
0.024995854
0.024995854
0.024995854
0.024995854
0.024995854
0.024995854
0.024995853
0.024995854
0.024995854
0.024995854
0.024995854
0.024995854
0.024995854
0.024995854
0.024995854
0.024995854
0.024995854
0.024995854
0.024995854
0.024995854
0.024995854
0.024995854
0.024995854
0.024995854
0.024995854
0.024995854
0.024995854
0.024995848
0.024995848
0.024995847
0.024995847
0.024995847
0.024995847
0.024995847
0.024995847
0.024995847
0.024995847
0.024995847
0.024995847
0.024995847
0.024995847
0.024995847
0.024995847
0.024995847
0.024995847
0.024995847
0.024995848
0.024995848
0.024995848
0.024995848
0.024995848
0.024995848
0.024995848
0.024995848
0.024995848
0.024995848
0.024995848
0.024995848
0.024995848
0.024995848
0.024995848
0.024995848
0.024995848
0.024995848
0.024995848
0.024995848
0.024995848
0.024995849
0.024995849
0.024995849
0.024995848
0.024995848
0.024995848
0.024995848
0.024995848
0.024995848
0.024995848
0.024995848
0.024995848
0.024995848
0.024995848
0.024995848
0.024995848
0.024995848
0.024995849
0.024995849
0.024995849
0.024995849
0.024995849
0.024995849
0.024995849
0.024995849
0.024995849
0.024995849
0.024995849
0.024995849
0.024995849
0.024995849
0.024995849
0.024995849
0.024995849
0.024995849
0.024995849
0.024995849
0.024995849
0.024995849
0.024995849
0.02499585
0.02499585
0.02499585
0.024995849
0.024995849
0.024995849
0.024995849
0.024995849
0.024995849
0.024995849
0.024995849
0.024995849
0.024995849
0.024995849
0.024995849
0.024995849
0.024995849
0.024995849
0.02499585
0.02499585
0.02499585
0.02499585
0.02499585
0.02499585
0.02499585
0.02499585
0.02499585
0.02499585
0.02499585
0.02499585
0.02499585
0.02499585
0.02499585
0.02499585
0.02499585
0.02499585
0.02499585
0.02499585
0.02499585
0.02499585
0.02499585
0.02499585
0.02499585
0.02499585
0.02499585
0.02499585
0.02499585
0.02499585
0.02499585
0.02499585
0.02499585
0.02499585
0.02499585
0.02499585
0.02499585
0.02499585
0.02499585
0.02499585
0.02499585
0.02499585
0.024995851
0.024995851
0.024995851
0.024995851
0.024995851
0.024995851
0.024995851
0.024995851
0.024995851
0.024995851
0.024995851
0.024995851
0.024995851
0.024995851
0.024995851
0.024995851
0.024995851
0.024995851
0.024995851
0.024995851
0.024995851
0.024995851
0.024995851
0.024995851
0.024995851
0.024995851
0.024995851
0.024995851
0.024995851
0.024995851
0.024995851
0.024995851
0.024995851
0.024995851
0.024995851
0.024995851
0.024995851
0.024995851
0.024995851
0.024995851
0.024995851
0.024995851
0.024995851
0.024995851
0.024995852
0.024995852
0.024995852
0.024995852
0.024995852
0.024995852
0.024995852
0.024995852
0.024995852
0.024995852
0.024995852
0.024995852
0.024995851
0.024995851
0.024995851
0.024995851
0.024995851
0.024995852
0.024995852
0.024995852
0.024995852
0.024995852
0.024995852
0.024995852
0.024995852
0.024995852
0.024995852
0.024995852
0.024995852
0.024995852
0.024995852
0.024995852
0.024995852
0.024995852
0.024995852
0.024995851
0.024995852
0.024995852
0.024995852
0.024995852
0.024995852
0.024995852
0.024995852
0.024995852
0.024995852
0.024995852
0.024995852
0.024995852
0.024995852
0.024995852
0.024995852
0.024995852
0.024995852
0.024995852
0.024995852
0.024995852
0.024995852
0.024995852
0.024995852
0.024995852
0.024995853
0.024995853
0.024995853
0.024995853
0.024995853
0.024995853
0.024995853
0.024995853
0.024995853
0.024995853
0.024995853
0.024995852
0.024995852
0.024995852
0.024995852
0.024995852
0.024995852
0.024995852
0.024995853
0.024995853
0.024995853
0.024995853
0.024995853
0.024995853
0.024995853
0.024995853
0.024995853
0.024995853
0.024995853
0.024995853
0.024995853
0.024995853
0.024995853
0.024995853
0.024995852
0.024995852
0.024995853
0.024995853
0.024995853
0.024995853
0.024995853
0.024995853
0.024995853
0.024995853
0.024995853
0.024995853
0.024995853
0.024995853
0.024995853
0.024995853
0.024995853
0.024995853
0.024995853
0.024995853
0.024995853
0.024995852
0.024995853
0.024995853
0.024995853
0.024995853
0.024995853
0.024995853
0.024995853
0.024995854
0.024995854
0.024995854
0.024995854
0.024995854
0.024995854
0.024995853
0.024995853
0.024995853
0.024995853
0.024995853
0.024995853
0.024995853
0.024995853
0.024995853
0.024995853
0.024995853
0.024995854
0.024995854
0.024995854
0.024995854
0.024995854
0.024995854
0.024995854
0.024995854
0.024995854
0.024995854
0.024995854
0.024995854
0.024995853
0.024995853
0.024995853
0.024995853
0.024995853
0.024995853
0.024995854
0.024995854
0.024995854
0.024995854
0.024995854
0.024995854
0.024995854
0.024995854
0.024995854
0.024995854
0.024995854
0.024995854
0.024995854
0.024995854
0.024995854
0.024995854
0.024995853
0.024995853
0.024995853
0.024995854
0.024995854
0.024995854
0.024995854
0.024995854
0.024995854
0.024995854
0.024995854
0.024995854
0.024995854
0.024995854
0.024995854
0.024995854
0.024995854
0.024995854
0.024995854
0.024995854
0.024995854
0.024995853
0.024995854
0.024995854
0.024995854
0.024995854
0.024995854
0.024995854
0.024995854
0.024995854
0.024995854
0.024995854
0.024995854
0.024995854
0.024995854
0.024995854
0.024995854
0.024995854
0.024995854
0.024995854
0.024995854
0.024995854
0.024995848
0.024995848
0.024995847
0.024995847
0.024995847
0.024995847
0.024995847
0.024995847
0.024995847
0.024995847
0.024995847
0.024995847
0.024995847
0.024995847
0.024995847
0.024995847
0.024995847
0.024995847
0.024995847
0.024995848
0.024995848
0.024995848
0.024995848
0.024995848
0.024995848
0.024995848
0.024995848
0.024995848
0.024995848
0.024995848
0.024995848
0.024995848
0.024995848
0.024995848
0.024995848
0.024995848
0.024995848
0.024995848
0.024995848
0.024995848
0.024995849
0.024995849
0.024995849
0.024995848
0.024995848
0.024995848
0.024995848
0.024995848
0.024995848
0.024995848
0.024995848
0.024995848
0.024995848
0.024995848
0.024995848
0.024995848
0.024995848
0.024995849
0.024995849
0.024995849
0.024995849
0.024995849
0.024995849
0.024995849
0.024995849
0.024995849
0.024995849
0.024995849
0.024995849
0.024995849
0.024995849
0.024995849
0.024995849
0.024995849
0.024995849
0.024995849
0.024995849
0.024995849
0.024995849
0.024995849
0.02499585
0.02499585
0.02499585
0.024995849
0.024995849
0.024995849
0.024995849
0.024995849
0.024995849
0.024995849
0.024995849
0.024995849
0.024995849
0.024995849
0.024995849
0.024995849
0.024995849
0.024995849
0.02499585
0.02499585
0.02499585
0.02499585
0.02499585
0.02499585
0.02499585
0.02499585
0.02499585
0.02499585
0.02499585
0.02499585
0.02499585
0.02499585
0.02499585
0.02499585
0.02499585
0.02499585
0.02499585
0.02499585
0.02499585
0.02499585
0.02499585
0.02499585
0.02499585
0.02499585
0.02499585
0.02499585
0.02499585
0.02499585
0.02499585
0.02499585
0.02499585
0.02499585
0.02499585
0.02499585
0.02499585
0.02499585
0.02499585
0.02499585
0.02499585
0.02499585
0.024995851
0.024995851
0.024995851
0.024995851
0.024995851
0.024995851
0.024995851
0.024995851
0.024995851
0.024995851
0.024995851
0.024995851
0.024995851
0.024995851
0.024995851
0.024995851
0.024995851
0.024995851
0.024995851
0.024995851
0.024995851
0.024995851
0.024995851
0.024995851
0.024995851
0.024995851
0.024995851
0.024995851
0.024995851
0.024995851
0.024995851
0.024995851
0.024995851
0.024995851
0.024995851
0.024995851
0.024995851
0.024995851
0.024995851
0.024995851
0.024995851
0.024995851
0.024995851
0.024995851
0.024995851
0.024995852
0.024995852
0.024995852
0.024995852
0.024995852
0.024995852
0.024995852
0.024995852
0.024995852
0.024995851
0.024995851
0.024995851
0.024995851
0.024995851
0.024995851
0.024995851
0.024995852
0.024995852
0.024995852
0.024995852
0.024995852
0.024995852
0.024995852
0.024995852
0.024995852
0.024995852
0.024995852
0.024995852
0.024995852
0.024995852
0.024995852
0.024995852
0.024995852
0.024995852
0.024995851
0.024995852
0.024995852
0.024995852
0.024995852
0.024995852
0.024995852
0.024995852
0.024995852
0.024995852
0.024995852
0.024995852
0.024995852
0.024995852
0.024995852
0.024995852
0.024995852
0.024995852
0.024995852
0.024995852
0.024995852
0.024995852
0.024995852
0.024995852
0.024995852
0.024995852
0.024995853
0.024995853
0.024995853
0.024995853
0.024995853
0.024995853
0.024995853
0.024995853
0.024995853
0.024995852
0.024995852
0.024995852
0.024995852
0.024995852
0.024995852
0.024995852
0.024995852
0.024995853
0.024995853
0.024995853
0.024995853
0.024995853
0.024995853
0.024995853
0.024995853
0.024995853
0.024995853
0.024995853
0.024995853
0.024995853
0.024995853
0.024995853
0.024995852
0.024995852
0.024995852
0.024995852
0.024995853
0.024995853
0.024995853
0.024995853
0.024995853
0.024995853
0.024995853
0.024995853
0.024995853
0.024995853
0.024995853
0.024995853
0.024995853
0.024995853
0.024995853
0.024995853
0.024995853
0.024995853
0.024995852
0.024995853
0.024995853
0.024995853
0.024995853
0.024995853
0.024995853
0.024995853
0.024995853
0.024995854
0.024995854
0.024995854
0.024995854
0.024995853
0.024995853
0.024995853
0.024995853
0.024995853
0.024995853
0.024995853
0.024995853
0.024995853
0.024995853
0.024995853
0.024995853
0.024995854
0.024995854
0.024995854
0.024995854
0.024995854
0.024995854
0.024995854
0.024995854
0.024995854
0.024995854
0.024995854
0.024995854
0.024995853
0.024995853
0.024995853
0.024995853
0.024995853
0.024995853
0.024995854
0.024995854
0.024995854
0.024995854
0.024995854
0.024995854
0.024995854
0.024995854
0.024995854
0.024995854
0.024995854
0.024995854
0.024995854
0.024995854
0.024995854
0.024995854
0.024995853
0.024995853
0.024995853
0.024995854
0.024995854
0.024995854
0.024995854
0.024995854
0.024995854
0.024995854
0.024995854
0.024995854
0.024995854
0.024995854
0.024995854
0.024995854
0.024995854
0.024995854
0.024995854
0.024995854
0.024995854
0.024995853
0.024995854
0.024995854
0.024995854
0.024995854
0.024995854
0.024995854
0.024995854
0.024995854
0.024995854
0.024995854
0.024995854
0.024995854
0.024995854
0.024995854
0.024995854
0.024995854
0.024995854
0.024995854
0.024995854
0.024995854
0.024995848
0.024995847
0.024995847
0.024995847
0.024995847
0.024995847
0.024995847
0.024995847
0.024995847
0.024995847
0.024995847
0.024995847
0.024995847
0.024995847
0.024995847
0.024995847
0.024995847
0.024995847
0.024995847
0.024995848
0.024995848
0.024995848
0.024995848
0.024995848
0.024995848
0.024995848
0.024995848
0.024995848
0.024995848
0.024995848
0.024995848
0.024995848
0.024995848
0.024995848
0.024995848
0.024995848
0.024995848
0.024995848
0.024995848
0.024995848
0.024995849
0.024995849
0.024995849
0.024995848
0.024995848
0.024995848
0.024995848
0.024995848
0.024995848
0.024995848
0.024995848
0.024995848
0.024995848
0.024995848
0.024995848
0.024995848
0.024995848
0.024995849
0.024995849
0.024995849
0.024995849
0.024995849
0.024995849
0.024995849
0.024995849
0.024995849
0.024995849
0.024995849
0.024995849
0.024995849
0.024995849
0.024995849
0.024995849
0.024995849
0.024995849
0.024995849
0.024995849
0.024995849
0.024995849
0.024995849
0.02499585
0.02499585
0.02499585
0.024995849
0.024995849
0.024995849
0.024995849
0.024995849
0.024995849
0.024995849
0.024995849
0.024995849
0.024995849
0.024995849
0.024995849
0.024995849
0.024995849
0.024995849
0.02499585
0.02499585
0.02499585
0.02499585
0.02499585
0.02499585
0.02499585
0.02499585
0.02499585
0.02499585
0.02499585
0.02499585
0.02499585
0.02499585
0.02499585
0.02499585
0.02499585
0.02499585
0.02499585
0.02499585
0.02499585
0.02499585
0.02499585
0.02499585
0.02499585
0.02499585
0.02499585
0.02499585
0.02499585
0.02499585
0.02499585
0.02499585
0.02499585
0.02499585
0.02499585
0.02499585
0.02499585
0.02499585
0.02499585
0.02499585
0.02499585
0.02499585
0.024995851
0.024995851
0.024995851
0.024995851
0.024995851
0.024995851
0.024995851
0.024995851
0.024995851
0.024995851
0.024995851
0.024995851
0.024995851
0.024995851
0.024995851
0.024995851
0.024995851
0.024995851
0.024995851
0.024995851
0.024995851
0.024995851
0.024995851
0.024995851
0.024995851
0.024995851
0.024995851
0.024995851
0.024995851
0.024995851
0.024995851
0.024995851
0.024995851
0.024995851
0.024995851
0.024995851
0.024995851
0.024995851
0.024995851
0.024995851
0.024995851
0.024995851
0.024995851
0.024995851
0.024995852
0.024995852
0.024995852
0.024995852
0.024995852
0.024995852
0.024995852
0.024995852
0.024995852
0.024995852
0.024995852
0.024995852
0.024995851
0.024995851
0.024995851
0.024995851
0.024995851
0.024995852
0.024995852
0.024995852
0.024995852
0.024995852
0.024995852
0.024995852
0.024995852
0.024995852
0.024995852
0.024995852
0.024995852
0.024995852
0.024995852
0.024995852
0.024995852
0.024995852
0.024995852
0.024995851
0.024995852
0.024995852
0.024995852
0.024995852
0.024995852
0.024995852
0.024995852
0.024995852
0.024995852
0.024995852
0.024995852
0.024995852
0.024995852
0.024995852
0.024995852
0.024995852
0.024995852
0.024995852
0.024995852
0.024995852
0.024995852
0.024995852
0.024995852
0.024995852
0.024995853
0.024995853
0.024995853
0.024995853
0.024995853
0.024995853
0.024995853
0.024995853
0.024995853
0.024995853
0.024995853
0.024995852
0.024995852
0.024995852
0.024995852
0.024995852
0.024995852
0.024995852
0.024995853
0.024995853
0.024995853
0.024995853
0.024995853
0.024995853
0.024995853
0.024995853
0.024995853
0.024995853
0.024995853
0.024995853
0.024995853
0.024995853
0.024995853
0.024995853
0.024995852
0.024995852
0.024995852
0.024995853
0.024995853
0.024995853
0.024995853
0.024995853
0.024995853
0.024995853
0.024995853
0.024995853
0.024995853
0.024995853
0.024995853
0.024995853
0.024995853
0.024995853
0.024995853
0.024995853
0.024995853
0.024995852
0.024995853
0.024995853
0.024995853
0.024995853
0.024995853
0.024995853
0.024995853
0.024995854
0.024995854
0.024995854
0.024995854
0.024995854
0.024995854
0.024995853
0.024995853
0.024995853
0.024995853
0.024995853
0.024995853
0.024995853
0.024995853
0.024995853
0.024995853
0.024995853
0.024995854
0.024995854
0.024995854
0.024995854
0.024995854
0.024995854
0.024995854
0.024995854
0.024995854
0.024995854
0.024995854
0.024995854
0.024995853
0.024995853
0.024995853
0.024995853
0.024995853
0.024995853
0.024995854
0.024995854
0.024995854
0.024995854
0.024995854
0.024995854
0.024995854
0.024995854
0.024995854
0.024995854
0.024995854
0.024995854
0.024995854
0.024995854
0.024995854
0.024995854
0.024995853
0.024995853
0.024995853
0.024995854
0.024995854
0.024995854
0.024995854
0.024995854
0.024995854
0.024995854
0.024995854
0.024995854
0.024995854
0.024995854
0.024995854
0.024995854
0.024995854
0.024995854
0.024995854
0.024995854
0.024995854
0.024995853
0.024995854
0.024995854
0.024995854
0.024995854
0.024995854
0.024995854
0.024995854
0.024995854
0.024995854
0.024995854
0.024995854
0.024995854
0.024995854
0.024995854
0.024995854
0.024995854
0.024995854
0.024995854
0.024995854
0.024995854
0.024995848
0.024995848
0.024995847
0.024995847
0.024995847
0.024995847
0.024995847
0.024995847
0.024995847
0.024995847
0.024995847
0.024995847
0.024995847
0.024995847
0.024995847
0.024995847
0.024995847
0.024995847
0.024995847
0.024995848
0.024995848
0.024995848
0.024995848
0.024995848
0.024995848
0.024995848
0.024995848
0.024995848
0.024995848
0.024995848
0.024995848
0.024995848
0.024995848
0.024995848
0.024995848
0.024995848
0.024995848
0.024995848
0.024995848
0.024995848
0.024995849
0.024995849
0.024995849
0.024995849
0.024995848
0.024995848
0.024995848
0.024995848
0.024995848
0.024995848
0.024995848
0.024995848
0.024995848
0.024995848
0.024995848
0.024995848
0.024995848
0.024995849
0.024995849
0.024995849
0.024995849
0.024995849
0.024995849
0.024995849
0.024995849
0.024995849
0.024995849
0.024995849
0.024995849
0.024995849
0.024995849
0.024995849
0.024995849
0.024995849
0.024995849
0.024995849
0.024995849
0.024995849
0.024995849
0.024995849
0.02499585
0.02499585
0.02499585
0.02499585
0.02499585
0.02499585
0.024995849
0.024995849
0.024995849
0.024995849
0.024995849
0.024995849
0.024995849
0.024995849
0.024995849
0.024995849
0.02499585
0.02499585
0.02499585
0.02499585
0.02499585
0.02499585
0.02499585
0.02499585
0.02499585
0.02499585
0.02499585
0.02499585
0.02499585
0.02499585
0.02499585
0.02499585
0.02499585
0.02499585
0.02499585
0.02499585
0.02499585
0.02499585
0.02499585
0.02499585
0.02499585
0.02499585
0.02499585
0.02499585
0.02499585
0.02499585
0.02499585
0.02499585
0.02499585
0.02499585
0.02499585
0.02499585
0.02499585
0.02499585
0.02499585
0.02499585
0.02499585
0.02499585
0.02499585
0.02499585
0.024995851
0.024995851
0.024995851
0.024995851
0.024995851
0.024995851
0.024995851
0.024995851
0.024995851
0.024995851
0.024995851
0.024995851
0.024995851
0.024995851
0.024995851
0.024995851
0.024995851
0.024995851
0.024995851
0.024995851
0.024995851
0.024995851
0.024995851
0.024995851
0.024995851
0.024995851
0.024995851
0.024995851
0.024995851
0.024995851
0.024995851
0.024995851
0.024995851
0.024995851
0.024995851
0.024995851
0.024995851
0.024995851
0.024995851
0.024995851
0.024995851
0.024995851
0.024995851
0.024995852
0.024995852
0.024995852
0.024995852
0.024995852
0.024995852
0.024995852
0.024995852
0.024995852
0.024995852
0.024995852
0.024995852
0.024995852
0.024995852
0.024995851
0.024995851
0.024995851
0.024995852
0.024995852
0.024995852
0.024995852
0.024995852
0.024995852
0.024995852
0.024995852
0.024995852
0.024995852
0.024995852
0.024995852
0.024995852
0.024995852
0.024995852
0.024995852
0.024995852
0.024995852
0.024995852
0.024995851
0.024995852
0.024995852
0.024995852
0.024995852
0.024995852
0.024995852
0.024995852
0.024995852
0.024995853
0.024995853
0.024995852
0.024995852
0.024995852
0.024995852
0.024995852
0.024995852
0.024995852
0.024995852
0.024995852
0.024995852
0.024995852
0.024995852
0.024995852
0.024995852
0.024995853
0.024995853
0.024995853
0.024995853
0.024995853
0.024995853
0.024995853
0.024995853
0.024995853
0.024995853
0.024995853
0.024995853
0.024995852
0.024995852
0.024995852
0.024995852
0.024995852
0.024995852
0.024995853
0.024995853
0.024995853
0.024995853
0.024995853
0.024995853
0.024995853
0.024995853
0.024995853
0.024995853
0.024995853
0.024995853
0.024995853
0.024995853
0.024995853
0.024995853
0.024995852
0.024995852
0.024995853
0.024995853
0.024995853
0.024995853
0.024995853
0.024995853
0.024995853
0.024995853
0.024995853
0.024995853
0.024995853
0.024995853
0.024995853
0.024995853
0.024995853
0.024995853
0.024995853
0.024995853
0.024995853
0.024995852
0.024995853
0.024995853
0.024995853
0.024995853
0.024995853
0.024995853
0.024995854
0.024995854
0.024995854
0.024995854
0.024995854
0.024995854
0.024995854
0.024995854
0.024995853
0.024995853
0.024995853
0.024995853
0.024995853
0.024995853
0.024995853
0.024995853
0.024995853
0.024995854
0.024995854
0.024995854
0.024995854
0.024995854
0.024995854
0.024995854
0.024995854
0.024995854
0.024995854
0.024995854
0.024995854
0.024995854
0.024995853
0.024995853
0.024995853
0.024995853
0.024995853
0.024995853
0.024995854
0.024995854
0.024995854
0.024995854
0.024995854
0.024995854
0.024995854
0.024995854
0.024995854
0.024995854
0.024995854
0.024995854
0.024995854
0.024995854
0.024995854
0.024995854
0.024995853
0.024995853
0.024995853
0.024995854
0.024995854
0.024995854
0.024995854
0.024995854
0.024995854
0.024995854
0.024995854
0.024995854
0.024995854
0.024995854
0.024995854
0.024995854
0.024995854
0.024995854
0.024995854
0.024995854
0.024995854
0.024995853
0.024995854
0.024995854
0.024995854
0.024995854
0.024995854
0.024995854
0.024995854
0.024995854
0.024995854
0.024995854
0.024995854
0.024995854
0.024995854
0.024995854
0.024995854
0.024995854
0.024995854
0.024995854
0.024995854
0.024995854
0.024995848
0.024995847
0.024995847
0.024995847
0.024995847
0.024995847
0.024995847
0.024995847
0.024995847
0.024995847
0.024995847
0.024995847
0.024995847
0.024995847
0.024995847
0.024995847
0.024995847
0.024995847
0.024995847
0.024995848
0.024995848
0.024995848
0.024995848
0.024995848
0.024995848
0.024995848
0.024995848
0.024995848
0.024995848
0.024995848
0.024995848
0.024995848
0.024995848
0.024995848
0.024995848
0.024995848
0.024995848
0.024995848
0.024995848
0.024995848
0.024995849
0.024995849
0.024995849
0.024995848
0.024995848
0.024995848
0.024995848
0.024995848
0.024995848
0.024995848
0.024995848
0.024995848
0.024995848
0.024995848
0.024995848
0.024995848
0.024995848
0.024995848
0.024995849
0.024995849
0.024995849
0.024995849
0.024995849
0.024995849
0.024995849
0.024995849
0.024995849
0.024995849
0.024995849
0.024995849
0.024995849
0.024995849
0.024995849
0.024995849
0.024995849
0.024995849
0.024995849
0.024995849
0.024995849
0.024995849
0.02499585
0.02499585
0.02499585
0.024995849
0.024995849
0.024995849
0.024995849
0.024995849
0.024995849
0.024995849
0.024995849
0.024995849
0.024995849
0.024995849
0.024995849
0.024995849
0.024995849
0.024995849
0.02499585
0.02499585
0.02499585
0.02499585
0.02499585
0.02499585
0.02499585
0.02499585
0.02499585
0.02499585
0.02499585
0.02499585
0.02499585
0.02499585
0.02499585
0.02499585
0.02499585
0.02499585
0.02499585
0.02499585
0.02499585
0.02499585
0.02499585
0.02499585
0.02499585
0.02499585
0.02499585
0.02499585
0.02499585
0.02499585
0.02499585
0.02499585
0.02499585
0.02499585
0.02499585
0.02499585
0.02499585
0.02499585
0.02499585
0.02499585
0.02499585
0.02499585
0.024995851
0.024995851
0.024995851
0.024995851
0.024995851
0.024995851
0.024995851
0.024995851
0.024995851
0.024995851
0.024995851
0.024995851
0.024995851
0.024995851
0.024995851
0.024995851
0.024995851
0.024995851
0.024995851
0.024995851
0.024995851
0.024995851
0.024995851
0.024995851
0.024995851
0.024995851
0.024995851
0.024995851
0.024995851
0.024995851
0.024995851
0.024995851
0.024995851
0.024995851
0.024995851
0.024995851
0.024995851
0.024995851
0.024995851
0.024995851
0.024995851
0.024995851
0.024995851
0.024995851
0.024995852
0.024995852
0.024995852
0.024995852
0.024995852
0.024995852
0.024995852
0.024995852
0.024995852
0.024995852
0.024995852
0.024995851
0.024995851
0.024995851
0.024995851
0.024995851
0.024995851
0.024995852
0.024995852
0.024995852
0.024995852
0.024995852
0.024995852
0.024995852
0.024995852
0.024995852
0.024995852
0.024995852
0.024995852
0.024995852
0.024995852
0.024995852
0.024995852
0.024995852
0.024995852
0.024995851
0.024995852
0.024995852
0.024995852
0.024995852
0.024995852
0.024995852
0.024995852
0.024995852
0.024995852
0.024995852
0.024995852
0.024995852
0.024995852
0.024995852
0.024995852
0.024995852
0.024995852
0.024995852
0.024995852
0.024995852
0.024995852
0.024995852
0.024995852
0.024995852
0.024995852
0.024995853
0.024995853
0.024995853
0.024995853
0.024995853
0.024995853
0.024995853
0.024995853
0.024995853
0.024995852
0.024995852
0.024995852
0.024995852
0.024995852
0.024995852
0.024995852
0.024995852
0.024995853
0.024995853
0.024995853
0.024995853
0.024995853
0.024995853
0.024995853
0.024995853
0.024995853
0.024995853
0.024995853
0.024995853
0.024995853
0.024995853
0.024995853
0.024995852
0.024995852
0.024995852
0.024995852
0.024995853
0.024995853
0.024995853
0.024995853
0.024995853
0.024995853
0.024995853
0.024995853
0.024995853
0.024995853
0.024995853
0.024995853
0.024995853
0.024995853
0.024995853
0.024995853
0.024995853
0.024995853
0.024995852
0.024995853
0.024995853
0.024995853
0.024995853
0.024995853
0.024995853
0.024995853
0.024995853
0.024995854
0.024995854
0.024995854
0.024995854
0.024995854
0.024995853
0.024995853
0.024995853
0.024995853
0.024995853
0.024995853
0.024995853
0.024995853
0.024995853
0.024995853
0.024995853
0.024995854
0.024995854
0.024995854
0.024995854
0.024995854
0.024995854
0.024995854
0.024995854
0.024995854
0.024995854
0.024995854
0.024995854
0.024995853
0.024995853
0.024995853
0.024995853
0.024995853
0.024995853
0.024995854
0.024995854
0.024995854
0.024995854
0.024995854
0.024995854
0.024995854
0.024995854
0.024995854
0.024995854
0.024995854
0.024995854
0.024995854
0.024995854
0.024995854
0.024995854
0.024995853
0.024995853
0.024995853
0.024995854
0.024995854
0.024995854
0.024995854
0.024995854
0.024995854
0.024995854
0.024995854
0.024995854
0.024995854
0.024995854
0.024995854
0.024995854
0.024995854
0.024995854
0.024995854
0.024995854
0.024995854
0.024995853
0.024995854
0.024995854
0.024995854
0.024995854
0.024995854
0.024995854
0.024995854
0.024995854
0.024995854
0.024995854
0.024995854
0.024995854
0.024995854
0.024995854
0.024995854
0.024995854
0.024995854
0.024995854
0.024995854
0.024995854
0.024995848
0.024995847
0.024995847
0.024995847
0.024995847
0.024995847
0.024995847
0.024995847
0.024995847
0.024995847
0.024995847
0.024995847
0.024995847
0.024995847
0.024995847
0.024995847
0.024995847
0.024995847
0.024995847
0.024995848
0.024995848
0.024995848
0.024995848
0.024995848
0.024995848
0.024995848
0.024995848
0.024995848
0.024995848
0.024995848
0.024995848
0.024995848
0.024995848
0.024995848
0.024995848
0.024995848
0.024995848
0.024995848
0.024995848
0.024995848
0.024995849
0.024995849
0.024995849
0.024995848
0.024995848
0.024995848
0.024995848
0.024995848
0.024995848
0.024995848
0.024995848
0.024995848
0.024995848
0.024995848
0.024995848
0.024995848
0.024995848
0.024995848
0.024995849
0.024995849
0.024995849
0.024995849
0.024995849
0.024995849
0.024995849
0.024995849
0.024995849
0.024995849
0.024995849
0.024995849
0.024995849
0.024995849
0.024995849
0.024995849
0.024995849
0.024995849
0.024995849
0.024995849
0.024995849
0.024995849
0.02499585
0.02499585
0.024995849
0.024995849
0.024995849
0.024995849
0.024995849
0.024995849
0.024995849
0.024995849
0.024995849
0.024995849
0.024995849
0.024995849
0.024995849
0.024995849
0.024995849
0.024995849
0.024995849
0.02499585
0.02499585
0.02499585
0.02499585
0.02499585
0.02499585
0.02499585
0.02499585
0.02499585
0.02499585
0.02499585
0.02499585
0.02499585
0.02499585
0.02499585
0.02499585
0.02499585
0.02499585
0.02499585
0.02499585
0.02499585
0.02499585
0.02499585
0.02499585
0.02499585
0.02499585
0.02499585
0.02499585
0.02499585
0.02499585
0.02499585
0.02499585
0.02499585
0.02499585
0.02499585
0.02499585
0.02499585
0.02499585
0.02499585
0.02499585
0.02499585
0.024995851
0.024995851
0.024995851
0.024995851
0.024995851
0.024995851
0.024995851
0.024995851
0.024995851
0.024995851
0.024995851
0.024995851
0.024995851
0.024995851
0.024995851
0.024995851
0.024995851
0.024995851
0.024995851
0.024995851
0.024995851
0.024995851
0.024995851
0.024995851
0.024995851
0.024995851
0.024995851
0.024995851
0.024995851
0.024995851
0.024995851
0.024995851
0.024995851
0.024995851
0.024995851
0.024995851
0.024995851
0.024995851
0.024995851
0.024995851
0.024995851
0.024995851
0.024995851
0.024995851
0.024995851
0.024995852
0.024995852
0.024995852
0.024995852
0.024995852
0.024995852
0.024995851
0.024995851
0.024995851
0.024995851
0.024995851
0.024995851
0.024995851
0.024995851
0.024995851
0.024995851
0.024995852
0.024995852
0.024995852
0.024995852
0.024995852
0.024995852
0.024995852
0.024995852
0.024995852
0.024995852
0.024995852
0.024995852
0.024995852
0.024995852
0.024995852
0.024995852
0.024995852
0.024995851
0.024995851
0.024995852
0.024995852
0.024995852
0.024995852
0.024995852
0.024995852
0.024995852
0.024995852
0.024995852
0.024995852
0.024995852
0.024995852
0.024995852
0.024995852
0.024995852
0.024995852
0.024995852
0.024995852
0.024995852
0.024995852
0.024995852
0.024995852
0.024995852
0.024995852
0.024995852
0.024995852
0.024995853
0.024995853
0.024995853
0.024995853
0.024995853
0.024995853
0.024995853
0.024995852
0.024995852
0.024995852
0.024995852
0.024995852
0.024995852
0.024995852
0.024995852
0.024995852
0.024995852
0.024995853
0.024995853
0.024995853
0.024995853
0.024995853
0.024995853
0.024995853
0.024995853
0.024995853
0.024995853
0.024995853
0.024995853
0.024995853
0.024995853
0.024995852
0.024995852
0.024995852
0.024995852
0.024995853
0.024995853
0.024995853
0.024995853
0.024995853
0.024995853
0.024995853
0.024995853
0.024995853
0.024995853
0.024995853
0.024995853
0.024995853
0.024995853
0.024995853
0.024995853
0.024995853
0.024995853
0.024995852
0.024995853
0.024995853
0.024995853
0.024995853
0.024995853
0.024995853
0.024995853
0.024995853
0.024995853
0.024995853
0.024995853
0.024995853
0.024995853
0.024995853
0.024995853
0.024995853
0.024995853
0.024995853
0.024995853
0.024995853
0.024995853
0.024995853
0.024995853
0.024995853
0.024995854
0.024995854
0.024995854
0.024995854
0.024995854
0.024995854
0.024995854
0.024995854
0.024995854
0.024995854
0.024995854
0.024995853
0.024995853
0.024995853
0.024995853
0.024995853
0.024995853
0.024995853
0.024995854
0.024995854
0.024995854
0.024995854
0.024995854
0.024995854
0.024995854
0.024995854
0.024995854
0.024995854
0.024995854
0.024995854
0.024995854
0.024995854
0.024995854
0.024995853
0.024995853
0.024995853
0.024995853
0.024995854
0.024995854
0.024995854
0.024995854
0.024995854
0.024995854
0.024995854
0.024995854
0.024995854
0.024995854
0.024995854
0.024995854
0.024995854
0.024995854
0.024995854
0.024995854
0.024995854
0.024995854
0.024995853
0.024995854
0.024995854
0.024995854
0.024995854
0.024995854
0.024995854
0.024995854
0.024995854
0.024995854
0.024995854
0.024995854
0.024995854
0.024995854
0.024995854
0.024995854
0.024995854
0.024995854
0.024995854
0.024995854
0.024995854
0.024995848
0.024995848
0.024995847
0.024995847
0.024995847
0.024995847
0.024995847
0.024995847
0.024995847
0.024995847
0.024995847
0.024995847
0.024995847
0.024995847
0.024995847
0.024995847
0.024995847
0.024995847
0.024995847
0.024995848
0.024995848
0.024995848
0.024995848
0.024995848
0.024995848
0.024995848
0.024995848
0.024995848
0.024995848
0.024995848
0.024995848
0.024995848
0.024995848
0.024995848
0.024995848
0.024995848
0.024995848
0.024995848
0.024995848
0.024995848
0.024995849
0.024995849
0.024995849
0.024995848
0.024995848
0.024995848
0.024995848
0.024995848
0.024995848
0.024995848
0.024995848
0.024995848
0.024995848
0.024995848
0.024995848
0.024995848
0.024995848
0.024995849
0.024995849
0.024995849
0.024995849
0.024995849
0.024995849
0.024995849
0.024995849
0.024995849
0.024995849
0.024995849
0.024995849
0.024995849
0.024995849
0.024995849
0.024995849
0.024995849
0.024995849
0.024995849
0.024995849
0.024995849
0.024995849
0.024995849
0.02499585
0.02499585
0.02499585
0.02499585
0.02499585
0.024995849
0.024995849
0.024995849
0.024995849
0.024995849
0.024995849
0.024995849
0.024995849
0.024995849
0.024995849
0.024995849
0.02499585
0.02499585
0.02499585
0.02499585
0.02499585
0.02499585
0.02499585
0.02499585
0.02499585
0.02499585
0.02499585
0.02499585
0.02499585
0.02499585
0.02499585
0.02499585
0.02499585
0.02499585
0.02499585
0.02499585
0.02499585
0.02499585
0.02499585
0.02499585
0.02499585
0.02499585
0.02499585
0.02499585
0.02499585
0.02499585
0.02499585
0.02499585
0.02499585
0.02499585
0.02499585
0.02499585
0.02499585
0.02499585
0.02499585
0.02499585
0.02499585
0.02499585
0.02499585
0.02499585
0.024995851
0.024995851
0.024995851
0.024995851
0.024995851
0.024995851
0.024995851
0.024995851
0.024995851
0.024995851
0.024995851
0.024995851
0.024995851
0.024995851
0.024995851
0.024995851
0.024995851
0.024995851
0.024995851
0.024995851
0.024995851
0.024995851
0.024995851
0.024995851
0.024995851
0.024995851
0.024995851
0.024995851
0.024995851
0.024995851
0.024995851
0.024995851
0.024995851
0.024995851
0.024995851
0.024995851
0.024995851
0.024995851
0.024995851
0.024995851
0.024995851
0.024995851
0.024995851
0.024995852
0.024995852
0.024995852
0.024995852
0.024995852
0.024995852
0.024995852
0.024995852
0.024995852
0.024995852
0.024995852
0.024995852
0.024995852
0.024995851
0.024995851
0.024995851
0.024995851
0.024995851
0.024995852
0.024995852
0.024995852
0.024995852
0.024995852
0.024995852
0.024995852
0.024995852
0.024995852
0.024995852
0.024995852
0.024995852
0.024995852
0.024995852
0.024995852
0.024995852
0.024995852
0.024995852
0.024995851
0.024995852
0.024995852
0.024995852
0.024995852
0.024995852
0.024995852
0.024995852
0.024995852
0.024995852
0.024995852
0.024995852
0.024995852
0.024995852
0.024995852
0.024995852
0.024995852
0.024995852
0.024995852
0.024995852
0.024995852
0.024995852
0.024995852
0.024995852
0.024995852
0.024995853
0.024995853
0.024995853
0.024995853
0.024995853
0.024995853
0.024995853
0.024995853
0.024995853
0.024995853
0.024995853
0.024995852
0.024995852
0.024995852
0.024995852
0.024995852
0.024995852
0.024995852
0.024995853
0.024995853
0.024995853
0.024995853
0.024995853
0.024995853
0.024995853
0.024995853
0.024995853
0.024995853
0.024995853
0.024995853
0.024995853
0.024995853
0.024995853
0.024995853
0.024995852
0.024995852
0.024995853
0.024995853
0.024995853
0.024995853
0.024995853
0.024995853
0.024995853
0.024995853
0.024995853
0.024995853
0.024995853
0.024995853
0.024995853
0.024995853
0.024995853
0.024995853
0.024995853
0.024995853
0.024995853
0.024995852
0.024995853
0.024995853
0.024995853
0.024995853
0.024995853
0.024995853
0.024995854
0.024995854
0.024995854
0.024995854
0.024995854
0.024995854
0.024995854
0.024995854
0.024995853
0.024995853
0.024995853
0.024995853
0.024995853
0.024995853
0.024995853
0.024995853
0.024995853
0.024995854
0.024995854
0.024995854
0.024995854
0.024995854
0.024995854
0.024995854
0.024995854
0.024995854
0.024995854
0.024995854
0.024995854
0.024995854
0.024995853
0.024995853
0.024995853
0.024995853
0.024995853
0.024995853
0.024995854
0.024995854
0.024995854
0.024995854
0.024995854
0.024995854
0.024995854
0.024995854
0.024995854
0.024995854
0.024995854
0.024995854
0.024995854
0.024995854
0.024995854
0.024995854
0.024995853
0.024995853
0.024995853
0.024995854
0.024995854
0.024995854
0.024995854
0.024995854
0.024995854
0.024995854
0.024995854
0.024995854
0.024995854
0.024995854
0.024995854
0.024995854
0.024995854
0.024995854
0.024995854
0.024995854
0.024995854
0.024995853
0.024995854
0.024995854
0.024995854
0.024995854
0.024995854
0.024995854
0.024995854
0.024995854
0.024995854
0.024995854
0.024995854
0.024995854
0.024995854
0.024995854
0.024995854
0.024995854
0.024995854
0.024995854
0.024995854
0.024995854
0.024995848
0.024995847
0.024995847
0.024995847
0.024995847
0.024995847
0.024995847
0.024995847
0.024995847
0.024995847
0.024995847
0.024995847
0.024995847
0.024995847
0.024995847
0.024995847
0.024995847
0.024995847
0.024995847
0.024995848
0.024995848
0.024995848
0.024995848
0.024995848
0.024995848
0.024995848
0.024995848
0.024995848
0.024995848
0.024995848
0.024995848
0.024995848
0.024995848
0.024995848
0.024995848
0.024995848
0.024995848
0.024995848
0.024995848
0.024995848
0.024995849
0.024995849
0.024995849
0.024995848
0.024995848
0.024995848
0.024995848
0.024995848
0.024995848
0.024995848
0.024995848
0.024995848
0.024995848
0.024995848
0.024995848
0.024995848
0.024995848
0.024995849
0.024995849
0.024995849
0.024995849
0.024995849
0.024995849
0.024995849
0.024995849
0.024995849
0.024995849
0.024995849
0.024995849
0.024995849
0.024995849
0.024995849
0.024995849
0.024995849
0.024995849
0.024995849
0.024995849
0.024995849
0.024995849
0.024995849
0.02499585
0.02499585
0.02499585
0.02499585
0.024995849
0.024995849
0.024995849
0.024995849
0.024995849
0.024995849
0.024995849
0.024995849
0.024995849
0.024995849
0.024995849
0.024995849
0.024995849
0.02499585
0.02499585
0.02499585
0.02499585
0.02499585
0.02499585
0.02499585
0.02499585
0.02499585
0.02499585
0.02499585
0.02499585
0.02499585
0.02499585
0.02499585
0.02499585
0.02499585
0.02499585
0.02499585
0.02499585
0.02499585
0.02499585
0.02499585
0.02499585
0.02499585
0.02499585
0.02499585
0.02499585
0.02499585
0.02499585
0.02499585
0.02499585
0.02499585
0.02499585
0.02499585
0.02499585
0.02499585
0.02499585
0.02499585
0.02499585
0.02499585
0.02499585
0.02499585
0.024995851
0.024995851
0.024995851
0.024995851
0.024995851
0.024995851
0.024995851
0.024995851
0.024995851
0.024995851
0.024995851
0.024995851
0.024995851
0.024995851
0.024995851
0.024995851
0.024995851
0.024995851
0.024995851
0.024995851
0.024995851
0.024995851
0.024995851
0.024995851
0.024995851
0.024995851
0.024995851
0.024995851
0.024995851
0.024995851
0.024995851
0.024995851
0.024995851
0.024995851
0.024995851
0.024995851
0.024995851
0.024995851
0.024995851
0.024995851
0.024995851
0.024995851
0.024995851
0.024995852
0.024995852
0.024995852
0.024995852
0.024995852
0.024995852
0.024995852
0.024995852
0.024995852
0.024995852
0.024995852
0.024995852
0.024995852
0.024995851
0.024995851
0.024995851
0.024995851
0.024995851
0.024995852
0.024995852
0.024995852
0.024995852
0.024995852
0.024995852
0.024995852
0.024995852
0.024995852
0.024995852
0.024995852
0.024995852
0.024995852
0.024995852
0.024995852
0.024995852
0.024995852
0.024995852
0.024995851
0.024995852
0.024995852
0.024995852
0.024995852
0.024995852
0.024995852
0.024995852
0.024995852
0.024995852
0.024995852
0.024995852
0.024995852
0.024995852
0.024995852
0.024995852
0.024995852
0.024995852
0.024995852
0.024995852
0.024995852
0.024995852
0.024995852
0.024995852
0.024995852
0.024995853
0.024995853
0.024995853
0.024995853
0.024995853
0.024995853
0.024995853
0.024995853
0.024995853
0.024995853
0.024995853
0.024995852
0.024995852
0.024995852
0.024995852
0.024995852
0.024995852
0.024995852
0.024995853
0.024995853
0.024995853
0.024995853
0.024995853
0.024995853
0.024995853
0.024995853
0.024995853
0.024995853
0.024995853
0.024995853
0.024995853
0.024995853
0.024995853
0.024995853
0.024995852
0.024995852
0.024995852
0.024995853
0.024995853
0.024995853
0.024995853
0.024995853
0.024995853
0.024995853
0.024995853
0.024995853
0.024995853
0.024995853
0.024995853
0.024995853
0.024995853
0.024995853
0.024995853
0.024995853
0.024995853
0.024995852
0.024995853
0.024995853
0.024995853
0.024995853
0.024995853
0.024995853
0.024995854
0.024995854
0.024995854
0.024995854
0.024995854
0.024995854
0.024995854
0.024995854
0.024995853
0.024995853
0.024995853
0.024995853
0.024995853
0.024995853
0.024995853
0.024995853
0.024995853
0.024995854
0.024995854
0.024995854
0.024995854
0.024995854
0.024995854
0.024995854
0.024995854
0.024995854
0.024995854
0.024995854
0.024995854
0.024995854
0.024995853
0.024995853
0.024995853
0.024995853
0.024995853
0.024995853
0.024995854
0.024995854
0.024995854
0.024995854
0.024995854
0.024995854
0.024995854
0.024995854
0.024995854
0.024995854
0.024995854
0.024995854
0.024995854
0.024995854
0.024995854
0.024995854
0.024995853
0.024995853
0.024995853
0.024995854
0.024995854
0.024995854
0.024995854
0.024995854
0.024995854
0.024995854
0.024995854
0.024995854
0.024995854
0.024995854
0.024995854
0.024995854
0.024995854
0.024995854
0.024995854
0.024995854
0.024995854
0.024995853
0.024995854
0.024995854
0.024995854
0.024995854
0.024995854
0.024995854
0.024995854
0.024995854
0.024995854
0.024995854
0.024995854
0.024995854
0.024995854
0.024995854
0.024995854
0.024995854
0.024995854
0.024995854
0.024995854
0.024995854
0.024995848
0.024995847
0.024995847
0.024995847
0.024995847
0.024995847
0.024995847
0.024995847
0.024995847
0.024995847
0.024995847
0.024995847
0.024995847
0.024995847
0.024995847
0.024995847
0.024995847
0.024995847
0.024995847
0.024995848
0.024995848
0.024995848
0.024995848
0.024995848
0.024995848
0.024995848
0.024995848
0.024995848
0.024995848
0.024995847
0.024995847
0.024995847
0.024995848
0.024995848
0.024995848
0.024995848
0.024995848
0.024995848
0.024995848
0.024995848
0.024995849
0.024995849
0.024995849
0.024995848
0.024995848
0.024995848
0.024995848
0.024995848
0.024995848
0.024995848
0.024995848
0.024995848
0.024995848
0.024995848
0.024995848
0.024995848
0.024995848
0.024995848
0.024995849
0.024995849
0.024995849
0.024995849
0.024995849
0.024995849
0.024995849
0.024995849
0.024995849
0.024995849
0.024995849
0.024995849
0.024995849
0.024995849
0.024995849
0.024995849
0.024995849
0.024995849
0.024995849
0.024995849
0.024995849
0.024995849
0.02499585
0.02499585
0.024995849
0.024995849
0.024995849
0.024995849
0.024995849
0.024995849
0.024995849
0.024995849
0.024995849
0.024995849
0.024995849
0.024995849
0.024995849
0.024995849
0.024995849
0.024995849
0.024995849
0.02499585
0.02499585
0.02499585
0.02499585
0.02499585
0.02499585
0.02499585
0.02499585
0.02499585
0.02499585
0.02499585
0.02499585
0.02499585
0.02499585
0.02499585
0.02499585
0.02499585
0.02499585
0.02499585
0.02499585
0.02499585
0.02499585
0.02499585
0.02499585
0.02499585
0.02499585
0.02499585
0.02499585
0.02499585
0.02499585
0.02499585
0.02499585
0.02499585
0.02499585
0.02499585
0.02499585
0.02499585
0.02499585
0.02499585
0.02499585
0.02499585
0.024995851
0.024995851
0.024995851
0.024995851
0.024995851
0.024995851
0.024995851
0.024995851
0.024995851
0.024995851
0.024995851
0.024995851
0.024995851
0.024995851
0.024995851
0.024995851
0.024995851
0.024995851
0.024995851
0.02499585
0.024995851
0.024995851
0.024995851
0.024995851
0.024995851
0.024995851
0.024995851
0.024995851
0.024995851
0.024995851
0.024995851
0.024995851
0.024995851
0.024995851
0.024995851
0.024995851
0.024995851
0.024995851
0.024995851
0.024995851
0.024995851
0.024995851
0.024995851
0.024995851
0.024995851
0.024995851
0.024995852
0.024995852
0.024995852
0.024995852
0.024995852
0.024995852
0.024995852
0.024995851
0.024995851
0.024995851
0.024995851
0.024995851
0.024995851
0.024995851
0.024995851
0.024995852
0.024995852
0.024995852
0.024995852
0.024995852
0.024995852
0.024995852
0.024995852
0.024995852
0.024995852
0.024995852
0.024995852
0.024995852
0.024995852
0.024995852
0.024995852
0.024995852
0.024995851
0.024995851
0.024995852
0.024995852
0.024995852
0.024995852
0.024995852
0.024995852
0.024995852
0.024995852
0.024995852
0.024995852
0.024995852
0.024995852
0.024995852
0.024995852
0.024995852
0.024995852
0.024995852
0.024995852
0.024995852
0.024995852
0.024995852
0.024995852
0.024995852
0.024995852
0.024995852
0.024995852
0.024995853
0.024995853
0.024995853
0.024995853
0.024995853
0.024995853
0.024995853
0.024995852
0.024995852
0.024995852
0.024995852
0.024995852
0.024995852
0.024995852
0.024995852
0.024995852
0.024995852
0.024995853
0.024995853
0.024995853
0.024995853
0.024995853
0.024995853
0.024995853
0.024995853
0.024995853
0.024995853
0.024995853
0.024995853
0.024995853
0.024995853
0.024995852
0.024995852
0.024995852
0.024995852
0.024995853
0.024995853
0.024995853
0.024995853
0.024995853
0.024995853
0.024995853
0.024995853
0.024995853
0.024995853
0.024995853
0.024995853
0.024995853
0.024995853
0.024995853
0.024995853
0.024995853
0.024995853
0.024995852
0.024995853
0.024995853
0.024995853
0.024995853
0.024995853
0.024995853
0.024995853
0.024995853
0.024995853
0.024995853
0.024995853
0.024995853
0.024995853
0.024995853
0.024995853
0.024995853
0.024995853
0.024995853
0.024995853
0.024995853
0.024995853
0.024995853
0.024995853
0.024995853
0.024995853
0.024995854
0.024995854
0.024995854
0.024995854
0.024995854
0.024995854
0.024995854
0.024995854
0.024995854
0.024995854
0.024995853
0.024995853
0.024995853
0.024995853
0.024995853
0.024995853
0.024995853
0.024995854
0.024995854
0.024995854
0.024995854
0.024995854
0.024995854
0.024995854
0.024995854
0.024995854
0.024995854
0.024995854
0.024995854
0.024995854
0.024995854
0.024995854
0.024995853
0.024995853
0.024995853
0.024995853
0.024995854
0.024995854
0.024995854
0.024995854
0.024995854
0.024995854
0.024995854
0.024995854
0.024995854
0.024995854
0.024995854
0.024995854
0.024995854
0.024995854
0.024995854
0.024995854
0.024995854
0.024995854
0.024995853
0.024995854
0.024995854
0.024995854
0.024995854
0.024995854
0.024995854
0.024995854
0.024995854
0.024995854
0.024995854
0.024995854
0.024995854
0.024995854
0.024995854
0.024995854
0.024995854
0.024995854
0.024995854
0.024995854
0.024995854
0.024995848
0.024995847
0.024995847
0.024995847
0.024995847
0.024995847
0.024995847
0.024995847
0.024995847
0.024995847
0.024995847
0.024995847
0.024995847
0.024995847
0.024995847
0.024995847
0.024995847
0.024995847
0.024995847
0.024995848
0.024995848
0.024995848
0.024995848
0.024995848
0.024995848
0.024995848
0.024995848
0.024995848
0.024995848
0.024995848
0.024995848
0.024995848
0.024995848
0.024995848
0.024995848
0.024995848
0.024995848
0.024995848
0.024995848
0.024995848
0.024995849
0.024995849
0.024995849
0.024995848
0.024995848
0.024995848
0.024995848
0.024995848
0.024995848
0.024995848
0.024995848
0.024995848
0.024995848
0.024995848
0.024995848
0.024995848
0.024995848
0.024995848
0.024995849
0.024995849
0.024995849
0.024995849
0.024995849
0.024995849
0.024995849
0.024995849
0.024995849
0.024995849
0.024995849
0.024995849
0.024995849
0.024995849
0.024995849
0.024995849
0.024995849
0.024995849
0.024995849
0.024995849
0.024995849
0.024995849
0.02499585
0.02499585
0.024995849
0.024995849
0.024995849
0.024995849
0.024995849
0.024995849
0.024995849
0.024995849
0.024995849
0.024995849
0.024995849
0.024995849
0.024995849
0.024995849
0.024995849
0.024995849
0.02499585
0.02499585
0.02499585
0.02499585
0.02499585
0.02499585
0.02499585
0.02499585
0.02499585
0.02499585
0.02499585
0.02499585
0.02499585
0.02499585
0.02499585
0.02499585
0.02499585
0.02499585
0.02499585
0.02499585
0.02499585
0.02499585
0.02499585
0.02499585
0.02499585
0.02499585
0.02499585
0.02499585
0.02499585
0.02499585
0.02499585
0.02499585
0.02499585
0.02499585
0.02499585
0.02499585
0.02499585
0.02499585
0.02499585
0.02499585
0.02499585
0.02499585
0.024995851
0.024995851
0.024995851
0.024995851
0.024995851
0.024995851
0.024995851
0.024995851
0.024995851
0.024995851
0.024995851
0.024995851
0.024995851
0.024995851
0.024995851
0.024995851
0.024995851
0.024995851
0.024995851
0.024995851
0.024995851
0.024995851
0.024995851
0.024995851
0.024995851
0.024995851
0.024995851
0.024995851
0.024995851
0.024995851
0.024995851
0.024995851
0.024995851
0.024995851
0.024995851
0.024995851
0.024995851
0.024995851
0.024995851
0.024995851
0.024995851
0.024995851
0.024995851
0.024995851
0.024995851
0.024995851
0.024995852
0.024995852
0.024995852
0.024995852
0.024995852
0.024995852
0.024995852
0.024995852
0.024995852
0.024995851
0.024995851
0.024995851
0.024995851
0.024995851
0.024995851
0.024995852
0.024995852
0.024995852
0.024995852
0.024995852
0.024995852
0.024995852
0.024995852
0.024995852
0.024995852
0.024995852
0.024995852
0.024995852
0.024995852
0.024995852
0.024995852
0.024995852
0.024995851
0.024995851
0.024995852
0.024995852
0.024995852
0.024995852
0.024995852
0.024995852
0.024995852
0.024995852
0.024995852
0.024995852
0.024995852
0.024995852
0.024995852
0.024995852
0.024995852
0.024995852
0.024995852
0.024995852
0.024995852
0.024995852
0.024995852
0.024995852
0.024995852
0.024995852
0.024995852
0.024995853
0.024995853
0.024995853
0.024995853
0.024995853
0.024995853
0.024995853
0.024995853
0.024995853
0.024995853
0.024995852
0.024995852
0.024995852
0.024995852
0.024995852
0.024995852
0.024995852
0.024995853
0.024995853
0.024995853
0.024995853
0.024995853
0.024995853
0.024995853
0.024995853
0.024995853
0.024995853
0.024995853
0.024995853
0.024995853
0.024995853
0.024995853
0.024995852
0.024995852
0.024995852
0.024995852
0.024995853
0.024995853
0.024995853
0.024995853
0.024995853
0.024995853
0.024995853
0.024995853
0.024995853
0.024995853
0.024995853
0.024995853
0.024995853
0.024995853
0.024995853
0.024995853
0.024995853
0.024995853
0.024995852
0.024995853
0.024995853
0.024995853
0.024995853
0.024995853
0.024995853
0.024995853
0.024995854
0.024995854
0.024995854
0.024995854
0.024995853
0.024995853
0.024995853
0.024995853
0.024995853
0.024995853
0.024995853
0.024995853
0.024995853
0.024995853
0.024995853
0.024995853
0.024995853
0.024995854
0.024995854
0.024995854
0.024995854
0.024995854
0.024995854
0.024995854
0.024995854
0.024995854
0.024995854
0.024995854
0.024995853
0.024995853
0.024995853
0.024995853
0.024995853
0.024995853
0.024995853
0.024995854
0.024995854
0.024995854
0.024995854
0.024995854
0.024995854
0.024995854
0.024995854
0.024995854
0.024995854
0.024995854
0.024995854
0.024995854
0.024995854
0.024995854
0.024995854
0.024995853
0.024995853
0.024995853
0.024995854
0.024995854
0.024995854
0.024995854
0.024995854
0.024995854
0.024995854
0.024995854
0.024995854
0.024995854
0.024995854
0.024995854
0.024995854
0.024995854
0.024995854
0.024995854
0.024995854
0.024995854
0.024995853
0.024995854
0.024995854
0.024995854
0.024995854
0.024995854
0.024995854
0.024995854
0.024995854
0.024995854
0.024995854
0.024995854
0.024995854
0.024995854
0.024995854
0.024995854
0.024995854
0.024995854
0.024995854
0.024995854
0.024995854
0.024995848
0.024995847
0.024995847
0.024995847
0.024995847
0.024995847
0.024995847
0.024995847
0.024995847
0.024995847
0.024995847
0.024995847
0.024995847
0.024995847
0.024995847
0.024995847
0.024995847
0.024995847
0.024995847
0.024995848
0.024995848
0.024995848
0.024995848
0.024995848
0.024995848
0.024995848
0.024995848
0.024995848
0.024995848
0.024995848
0.024995848
0.024995848
0.024995848
0.024995848
0.024995848
0.024995848
0.024995848
0.024995848
0.024995848
0.024995848
0.024995849
0.024995849
0.024995849
0.024995848
0.024995848
0.024995848
0.024995848
0.024995848
0.024995848
0.024995848
0.024995848
0.024995848
0.024995848
0.024995848
0.024995848
0.024995848
0.024995848
0.024995849
0.024995849
0.024995849
0.024995849
0.024995849
0.024995849
0.024995849
0.024995849
0.024995849
0.024995849
0.024995849
0.024995849
0.024995849
0.024995849
0.024995849
0.024995849
0.024995849
0.024995849
0.024995849
0.024995849
0.024995849
0.024995849
0.024995849
0.02499585
0.02499585
0.02499585
0.02499585
0.024995849
0.024995849
0.024995849
0.02499585
0.02499585
0.024995849
0.024995849
0.024995849
0.024995849
0.024995849
0.024995849
0.024995849
0.024995849
0.02499585
0.02499585
0.02499585
0.02499585
0.02499585
0.02499585
0.02499585
0.02499585
0.02499585
0.02499585
0.02499585
0.02499585
0.02499585
0.02499585
0.02499585
0.02499585
0.02499585
0.02499585
0.02499585
0.02499585
0.02499585
0.02499585
0.02499585
0.02499585
0.02499585
0.02499585
0.02499585
0.02499585
0.02499585
0.02499585
0.02499585
0.024995851
0.024995851
0.024995851
0.024995851
0.02499585
0.02499585
0.02499585
0.02499585
0.02499585
0.02499585
0.02499585
0.02499585
0.024995851
0.024995851
0.024995851
0.024995851
0.024995851
0.024995851
0.024995851
0.024995851
0.024995851
0.024995851
0.024995851
0.024995851
0.024995851
0.024995851
0.024995851
0.024995851
0.024995851
0.024995851
0.024995851
0.024995851
0.024995851
0.024995851
0.024995851
0.024995851
0.024995851
0.024995851
0.024995851
0.024995851
0.024995851
0.024995851
0.024995851
0.024995851
0.024995851
0.024995851
0.024995851
0.024995851
0.024995851
0.024995851
0.024995851
0.024995851
0.024995851
0.024995851
0.024995851
0.024995852
0.024995852
0.024995852
0.024995852
0.024995852
0.024995852
0.024995852
0.024995852
0.024995852
0.024995852
0.024995852
0.024995852
0.024995852
0.024995851
0.024995851
0.024995851
0.024995851
0.024995851
0.024995852
0.024995852
0.024995852
0.024995852
0.024995852
0.024995852
0.024995852
0.024995852
0.024995852
0.024995852
0.024995852
0.024995852
0.024995852
0.024995852
0.024995852
0.024995852
0.024995852
0.024995852
0.024995851
0.024995852
0.024995852
0.024995852
0.024995852
0.024995852
0.024995852
0.024995852
0.024995852
0.024995852
0.024995852
0.024995852
0.024995852
0.024995852
0.024995852
0.024995852
0.024995852
0.024995852
0.024995852
0.024995852
0.024995852
0.024995852
0.024995852
0.024995852
0.024995853
0.024995853
0.024995853
0.024995853
0.024995853
0.024995853
0.024995853
0.024995853
0.024995853
0.024995853
0.024995853
0.024995853
0.024995853
0.024995852
0.024995852
0.024995852
0.024995852
0.024995852
0.024995852
0.024995853
0.024995853
0.024995853
0.024995853
0.024995853
0.024995853
0.024995853
0.024995853
0.024995853
0.024995853
0.024995853
0.024995853
0.024995853
0.024995853
0.024995853
0.024995853
0.024995852
0.024995852
0.024995852
0.024995853
0.024995853
0.024995853
0.024995853
0.024995853
0.024995853
0.024995853
0.024995853
0.024995853
0.024995853
0.024995853
0.024995853
0.024995853
0.024995853
0.024995853
0.024995853
0.024995853
0.024995853
0.024995852
0.024995853
0.024995853
0.024995853
0.024995853
0.024995853
0.024995853
0.024995854
0.024995854
0.024995854
0.024995854
0.024995854
0.024995854
0.024995854
0.024995853
0.024995853
0.024995853
0.024995853
0.024995853
0.024995853
0.024995853
0.024995853
0.024995853
0.024995853
0.024995853
0.024995854
0.024995854
0.024995854
0.024995854
0.024995854
0.024995854
0.024995854
0.024995854
0.024995854
0.024995854
0.024995854
0.024995854
0.024995853
0.024995853
0.024995853
0.024995853
0.024995853
0.024995853
0.024995854
0.024995854
0.024995854
0.024995854
0.024995854
0.024995854
0.024995854
0.024995854
0.024995854
0.024995854
0.024995854
0.024995854
0.024995854
0.024995854
0.024995854
0.024995854
0.024995853
0.024995853
0.024995853
0.024995854
0.024995854
0.024995854
0.024995854
0.024995854
0.024995854
0.024995854
0.024995854
0.024995854
0.024995854
0.024995854
0.024995854
0.024995854
0.024995854
0.024995854
0.024995854
0.024995854
0.024995854
0.024995853
0.024995854
0.024995854
0.024995854
0.024995854
0.024995854
0.024995854
0.024995854
0.024995854
0.024995854
0.024995854
0.024995854
0.024995854
0.024995854
0.024995854
0.024995854
0.024995854
0.024995854
0.024995854
0.024995854
0.024995854
0.024995848
0.024995847
0.024995847
0.024995847
0.024995847
0.024995847
0.024995847
0.024995847
0.024995847
0.024995847
0.024995847
0.024995847
0.024995847
0.024995847
0.024995847
0.024995847
0.024995847
0.024995847
0.024995847
0.024995848
0.024995848
0.024995848
0.024995848
0.024995848
0.024995848
0.024995848
0.024995848
0.024995848
0.024995848
0.024995848
0.024995848
0.024995848
0.024995848
0.024995848
0.024995848
0.024995848
0.024995848
0.024995848
0.024995848
0.024995848
0.024995849
0.024995849
0.024995849
0.024995848
0.024995848
0.024995848
0.024995848
0.024995848
0.024995848
0.024995848
0.024995848
0.024995848
0.024995848
0.024995848
0.024995848
0.024995848
0.024995848
0.024995849
0.024995849
0.024995849
0.024995849
0.024995849
0.024995849
0.024995849
0.024995849
0.024995849
0.024995849
0.024995849
0.024995849
0.024995849
0.024995849
0.024995849
0.024995849
0.024995849
0.024995849
0.024995849
0.024995849
0.024995849
0.024995849
0.024995849
0.02499585
0.02499585
0.02499585
0.024995849
0.024995849
0.024995849
0.024995849
0.024995849
0.024995849
0.024995849
0.024995849
0.024995849
0.024995849
0.024995849
0.024995849
0.024995849
0.024995849
0.024995849
0.02499585
0.02499585
0.02499585
0.02499585
0.02499585
0.02499585
0.02499585
0.02499585
0.02499585
0.02499585
0.02499585
0.02499585
0.02499585
0.02499585
0.02499585
0.02499585
0.02499585
0.02499585
0.02499585
0.02499585
0.02499585
0.02499585
0.02499585
0.02499585
0.02499585
0.02499585
0.02499585
0.02499585
0.02499585
0.02499585
0.02499585
0.02499585
0.024995851
0.02499585
0.02499585
0.02499585
0.02499585
0.02499585
0.02499585
0.02499585
0.02499585
0.02499585
0.024995851
0.024995851
0.024995851
0.024995851
0.024995851
0.024995851
0.024995851
0.024995851
0.024995851
0.024995851
0.024995851
0.024995851
0.024995851
0.024995851
0.024995851
0.024995851
0.024995851
0.024995851
0.024995851
0.024995851
0.024995851
0.024995851
0.024995851
0.024995851
0.024995851
0.024995851
0.024995851
0.024995851
0.024995851
0.024995851
0.024995851
0.024995851
0.024995851
0.024995851
0.024995851
0.024995851
0.024995851
0.024995851
0.024995851
0.024995851
0.024995851
0.024995851
0.024995851
0.024995852
0.024995852
0.024995852
0.024995852
0.024995852
0.024995852
0.024995852
0.024995852
0.024995852
0.024995852
0.024995852
0.024995852
0.024995852
0.024995851
0.024995851
0.024995851
0.024995851
0.024995851
0.024995852
0.024995852
0.024995852
0.024995852
0.024995852
0.024995852
0.024995852
0.024995852
0.024995852
0.024995852
0.024995852
0.024995852
0.024995852
0.024995852
0.024995852
0.024995852
0.024995852
0.024995852
0.024995851
0.024995852
0.024995852
0.024995852
0.024995852
0.024995852
0.024995852
0.024995852
0.024995852
0.024995852
0.024995852
0.024995852
0.024995852
0.024995852
0.024995852
0.024995852
0.024995852
0.024995852
0.024995852
0.024995852
0.024995852
0.024995852
0.024995852
0.024995852
0.024995852
0.024995853
0.024995853
0.024995853
0.024995853
0.024995853
0.024995853
0.024995853
0.024995853
0.024995853
0.024995853
0.024995853
0.024995853
0.024995852
0.024995852
0.024995852
0.024995852
0.024995852
0.024995852
0.024995853
0.024995853
0.024995853
0.024995853
0.024995853
0.024995853
0.024995853
0.024995853
0.024995853
0.024995853
0.024995853
0.024995853
0.024995853
0.024995853
0.024995853
0.024995853
0.024995852
0.024995852
0.024995852
0.024995853
0.024995853
0.024995853
0.024995853
0.024995853
0.024995853
0.024995853
0.024995853
0.024995853
0.024995853
0.024995853
0.024995853
0.024995853
0.024995853
0.024995853
0.024995853
0.024995853
0.024995853
0.024995852
0.024995853
0.024995853
0.024995853
0.024995853
0.024995853
0.024995853
0.024995854
0.024995854
0.024995854
0.024995854
0.024995854
0.024995854
0.024995853
0.024995853
0.024995853
0.024995853
0.024995853
0.024995853
0.024995853
0.024995853
0.024995853
0.024995853
0.024995853
0.024995853
0.024995854
0.024995854
0.024995854
0.024995854
0.024995854
0.024995854
0.024995854
0.024995854
0.024995854
0.024995854
0.024995854
0.024995854
0.024995853
0.024995853
0.024995853
0.024995853
0.024995853
0.024995853
0.024995854
0.024995854
0.024995854
0.024995854
0.024995854
0.024995854
0.024995854
0.024995854
0.024995854
0.024995854
0.024995854
0.024995854
0.024995854
0.024995854
0.024995854
0.024995854
0.024995853
0.024995853
0.024995853
0.024995854
0.024995854
0.024995854
0.024995854
0.024995854
0.024995854
0.024995854
0.024995854
0.024995854
0.024995854
0.024995854
0.024995854
0.024995854
0.024995854
0.024995854
0.024995854
0.024995854
0.024995854
0.024995853
0.024995854
0.024995854
0.024995854
0.024995854
0.024995854
0.024995854
0.024995854
0.024995854
0.024995854
0.024995854
0.024995854
0.024995854
0.024995854
0.024995854
0.024995854
0.024995854
0.024995854
0.024995854
0.024995854
0.024995854
0.024995848
0.024995848
0.024995847
0.024995847
0.024995847
0.024995847
0.024995847
0.024995847
0.024995847
0.024995847
0.024995847
0.024995847
0.024995847
0.024995847
0.024995847
0.024995847
0.024995847
0.024995847
0.024995847
0.024995848
0.024995848
0.024995848
0.024995848
0.024995848
0.024995848
0.024995848
0.024995848
0.024995848
0.024995848
0.024995848
0.024995848
0.024995848
0.024995848
0.024995848
0.024995848
0.024995848
0.024995848
0.024995848
0.024995848
0.024995848
0.024995849
0.024995849
0.024995849
0.024995848
0.024995848
0.024995848
0.024995848
0.024995848
0.024995848
0.024995848
0.024995848
0.024995848
0.024995848
0.024995848
0.024995848
0.024995848
0.024995848
0.024995849
0.024995849
0.024995849
0.024995849
0.024995849
0.024995849
0.024995849
0.024995849
0.024995849
0.024995849
0.024995849
0.024995849
0.024995849
0.024995849
0.024995849
0.024995849
0.024995849
0.024995849
0.024995849
0.024995849
0.024995849
0.024995849
0.024995849
0.02499585
0.02499585
0.02499585
0.024995849
0.024995849
0.024995849
0.024995849
0.024995849
0.024995849
0.024995849
0.024995849
0.024995849
0.024995849
0.024995849
0.024995849
0.024995849
0.024995849
0.024995849
0.02499585
0.02499585
0.02499585
0.02499585
0.02499585
0.02499585
0.02499585
0.02499585
0.02499585
0.02499585
0.02499585
0.02499585
0.02499585
0.02499585
0.02499585
0.02499585
0.02499585
0.02499585
0.02499585
0.02499585
0.02499585
0.02499585
0.02499585
0.02499585
0.02499585
0.02499585
0.02499585
0.02499585
0.02499585
0.02499585
0.02499585
0.02499585
0.02499585
0.02499585
0.02499585
0.02499585
0.02499585
0.02499585
0.02499585
0.02499585
0.02499585
0.02499585
0.024995851
0.024995851
0.024995851
0.024995851
0.024995851
0.024995851
0.024995851
0.024995851
0.024995851
0.024995851
0.024995851
0.024995851
0.024995851
0.024995851
0.024995851
0.024995851
0.024995851
0.024995851
0.024995851
0.024995851
0.024995851
0.024995851
0.024995851
0.024995851
0.024995851
0.024995851
0.024995851
0.024995851
0.024995851
0.024995851
0.024995851
0.024995851
0.024995851
0.024995851
0.024995851
0.024995851
0.024995851
0.024995851
0.024995851
0.024995851
0.024995851
0.024995851
0.024995851
0.024995851
0.024995852
0.024995852
0.024995851
0.024995851
0.024995851
0.024995852
0.024995852
0.024995852
0.024995852
0.024995852
0.024995852
0.024995851
0.024995851
0.024995851
0.024995851
0.024995851
0.024995851
0.024995852
0.024995852
0.024995852
0.024995852
0.024995852
0.024995852
0.024995852
0.024995852
0.024995852
0.024995852
0.024995852
0.024995852
0.024995852
0.024995852
0.024995852
0.024995852
0.024995852
0.024995852
0.024995851
0.024995852
0.024995852
0.024995852
0.024995852
0.024995852
0.024995852
0.024995852
0.024995852
0.024995852
0.024995852
0.024995852
0.024995852
0.024995852
0.024995852
0.024995852
0.024995852
0.024995852
0.024995852
0.024995852
0.024995852
0.024995852
0.024995852
0.024995852
0.024995852
0.024995853
0.024995853
0.024995853
0.024995853
0.024995853
0.024995853
0.024995853
0.024995853
0.024995853
0.024995853
0.024995853
0.024995852
0.024995852
0.024995852
0.024995852
0.024995852
0.024995852
0.024995852
0.024995853
0.024995853
0.024995853
0.024995853
0.024995853
0.024995853
0.024995853
0.024995853
0.024995853
0.024995853
0.024995853
0.024995853
0.024995853
0.024995853
0.024995853
0.024995853
0.024995852
0.024995852
0.024995852
0.024995853
0.024995853
0.024995853
0.024995853
0.024995853
0.024995853
0.024995853
0.024995853
0.024995853
0.024995853
0.024995853
0.024995853
0.024995853
0.024995853
0.024995853
0.024995853
0.024995853
0.024995853
0.024995852
0.024995853
0.024995853
0.024995853
0.024995853
0.024995853
0.024995853
0.024995854
0.024995854
0.024995854
0.024995854
0.024995854
0.024995853
0.024995853
0.024995853
0.024995853
0.024995853
0.024995853
0.024995853
0.024995853
0.024995853
0.024995853
0.024995853
0.024995853
0.024995853
0.024995854
0.024995854
0.024995854
0.024995854
0.024995854
0.024995854
0.024995854
0.024995854
0.024995854
0.024995854
0.024995854
0.024995853
0.024995853
0.024995853
0.024995853
0.024995853
0.024995853
0.024995853
0.024995854
0.024995854
0.024995854
0.024995854
0.024995854
0.024995854
0.024995854
0.024995854
0.024995854
0.024995854
0.024995854
0.024995854
0.024995854
0.024995854
0.024995854
0.024995854
0.024995853
0.024995853
0.024995853
0.024995854
0.024995854
0.024995854
0.024995854
0.024995854
0.024995854
0.024995854
0.024995854
0.024995854
0.024995854
0.024995854
0.024995854
0.024995854
0.024995854
0.024995854
0.024995854
0.024995854
0.024995854
0.024995853
0.024995854
0.024995854
0.024995854
0.024995854
0.024995854
0.024995854
0.024995854
0.024995854
0.024995854
0.024995854
0.024995854
0.024995854
0.024995854
0.024995854
0.024995854
0.024995854
0.024995854
0.024995854
0.024995854
0.024995854
0.024995848
0.024995848
0.024995847
0.024995847
0.024995847
0.024995847
0.024995847
0.024995847
0.024995847
0.024995847
0.024995847
0.024995847
0.024995847
0.024995847
0.024995847
0.024995847
0.024995847
0.024995847
0.024995847
0.024995848
0.024995848
0.024995848
0.024995848
0.024995848
0.024995848
0.024995848
0.024995848
0.024995848
0.024995848
0.024995848
0.024995848
0.024995848
0.024995848
0.024995848
0.024995848
0.024995848
0.024995848
0.024995848
0.024995848
0.024995848
0.024995849
0.024995849
0.024995849
0.024995848
0.024995848
0.024995848
0.024995848
0.024995848
0.024995848
0.024995848
0.024995848
0.024995848
0.024995848
0.024995848
0.024995848
0.024995848
0.024995848
0.024995849
0.024995849
0.024995849
0.024995849
0.024995849
0.024995849
0.024995849
0.024995849
0.024995849
0.024995849
0.024995849
0.024995849
0.024995849
0.024995849
0.024995849
0.024995849
0.024995849
0.024995849
0.024995849
0.024995849
0.024995849
0.024995849
0.024995849
0.02499585
0.02499585
0.02499585
0.024995849
0.024995849
0.024995849
0.024995849
0.024995849
0.024995849
0.024995849
0.024995849
0.024995849
0.024995849
0.024995849
0.024995849
0.024995849
0.024995849
0.024995849
0.02499585
0.02499585
0.02499585
0.02499585
0.02499585
0.02499585
0.02499585
0.02499585
0.02499585
0.02499585
0.02499585
0.02499585
0.02499585
0.02499585
0.02499585
0.02499585
0.02499585
0.02499585
0.02499585
0.02499585
0.02499585
0.02499585
0.02499585
0.02499585
0.02499585
0.02499585
0.02499585
0.02499585
0.02499585
0.02499585
0.02499585
0.02499585
0.02499585
0.02499585
0.02499585
0.02499585
0.02499585
0.02499585
0.02499585
0.02499585
0.02499585
0.02499585
0.024995851
0.024995851
0.024995851
0.024995851
0.024995851
0.024995851
0.024995851
0.024995851
0.024995851
0.024995851
0.024995851
0.024995851
0.024995851
0.024995851
0.024995851
0.024995851
0.024995851
0.024995851
0.024995851
0.024995851
0.024995851
0.024995851
0.024995851
0.024995851
0.024995851
0.024995851
0.024995851
0.024995851
0.024995851
0.024995851
0.024995851
0.024995851
0.024995851
0.024995851
0.024995851
0.024995851
0.024995851
0.024995851
0.024995851
0.024995851
0.024995851
0.024995851
0.024995851
0.024995851
0.024995852
0.024995852
0.024995852
0.024995852
0.024995852
0.024995852
0.024995852
0.024995852
0.024995852
0.024995852
0.024995852
0.024995852
0.024995851
0.024995851
0.024995851
0.024995851
0.024995851
0.024995852
0.024995852
0.024995852
0.024995852
0.024995852
0.024995852
0.024995852
0.024995852
0.024995852
0.024995852
0.024995852
0.024995852
0.024995852
0.024995852
0.024995852
0.024995852
0.024995852
0.024995852
0.024995851
0.024995852
0.024995852
0.024995852
0.024995852
0.024995852
0.024995852
0.024995852
0.024995852
0.024995852
0.024995852
0.024995852
0.024995852
0.024995852
0.024995852
0.024995852
0.024995852
0.024995852
0.024995852
0.024995852
0.024995852
0.024995852
0.024995852
0.024995852
0.024995852
0.024995853
0.024995853
0.024995853
0.024995853
0.024995853
0.024995853
0.024995853
0.024995853
0.024995853
0.024995853
0.024995853
0.024995852
0.024995852
0.024995852
0.024995852
0.024995852
0.024995852
0.024995852
0.024995853
0.024995853
0.024995853
0.024995853
0.024995853
0.024995853
0.024995853
0.024995853
0.024995853
0.024995853
0.024995853
0.024995853
0.024995853
0.024995853
0.024995853
0.024995853
0.024995852
0.024995852
0.024995852
0.024995853
0.024995853
0.024995853
0.024995853
0.024995853
0.024995853
0.024995853
0.024995853
0.024995853
0.024995853
0.024995853
0.024995853
0.024995853
0.024995853
0.024995853
0.024995853
0.024995853
0.024995853
0.024995852
0.024995853
0.024995853
0.024995853
0.024995853
0.024995853
0.024995853
0.024995853
0.024995854
0.024995854
0.024995854
0.024995854
0.024995854
0.024995853
0.024995853
0.024995853
0.024995853
0.024995853
0.024995853
0.024995853
0.024995853
0.024995853
0.024995853
0.024995853
0.024995853
0.024995854
0.024995854
0.024995854
0.024995854
0.024995854
0.024995854
0.024995854
0.024995854
0.024995854
0.024995854
0.024995854
0.024995854
0.024995853
0.024995853
0.024995853
0.024995853
0.024995853
0.024995853
0.024995854
0.024995854
0.024995854
0.024995854
0.024995854
0.024995854
0.024995854
0.024995854
0.024995854
0.024995854
0.024995854
0.024995854
0.024995854
0.024995854
0.024995854
0.024995854
0.024995853
0.024995853
0.024995853
0.024995854
0.024995854
0.024995854
0.024995854
0.024995854
0.024995854
0.024995854
0.024995854
0.024995854
0.024995854
0.024995854
0.024995854
0.024995854
0.024995854
0.024995854
0.024995854
0.024995854
0.024995854
0.024995853
0.024995854
0.024995854
0.024995854
0.024995854
0.024995854
0.024995854
0.024995854
0.024995854
0.024995854
0.024995854
0.024995854
0.024995854
0.024995854
0.024995854
0.024995854
0.024995854
0.024995854
0.024995854
0.024995854
0.024995854
0.024995848
0.024995847
0.024995847
0.024995847
0.024995847
0.024995847
0.024995847
0.024995847
0.024995847
0.024995847
0.024995847
0.024995847
0.024995847
0.024995847
0.024995847
0.024995847
0.024995847
0.024995847
0.024995847
0.024995848
0.024995848
0.024995848
0.024995848
0.024995848
0.024995848
0.024995848
0.024995848
0.024995848
0.024995848
0.024995848
0.024995848
0.024995848
0.024995848
0.024995848
0.024995848
0.024995848
0.024995848
0.024995848
0.024995848
0.024995848
0.024995849
0.024995849
0.024995849
0.024995848
0.024995848
0.024995848
0.024995848
0.024995848
0.024995848
0.024995848
0.024995848
0.024995848
0.024995848
0.024995848
0.024995848
0.024995848
0.024995848
0.024995849
0.024995849
0.024995849
0.024995849
0.024995849
0.024995849
0.024995849
0.024995849
0.024995849
0.024995849
0.024995849
0.024995849
0.024995849
0.024995849
0.024995849
0.024995849
0.024995849
0.024995849
0.024995849
0.024995849
0.024995849
0.024995849
0.024995849
0.02499585
0.02499585
0.02499585
0.02499585
0.024995849
0.024995849
0.024995849
0.024995849
0.024995849
0.024995849
0.024995849
0.024995849
0.024995849
0.024995849
0.024995849
0.024995849
0.024995849
0.024995849
0.02499585
0.02499585
0.02499585
0.02499585
0.02499585
0.02499585
0.02499585
0.02499585
0.02499585
0.02499585
0.02499585
0.02499585
0.02499585
0.02499585
0.02499585
0.02499585
0.02499585
0.02499585
0.02499585
0.02499585
0.02499585
0.02499585
0.02499585
0.02499585
0.02499585
0.02499585
0.02499585
0.02499585
0.02499585
0.02499585
0.02499585
0.02499585
0.02499585
0.02499585
0.02499585
0.02499585
0.02499585
0.02499585
0.02499585
0.02499585
0.02499585
0.02499585
0.024995851
0.024995851
0.024995851
0.024995851
0.024995851
0.024995851
0.024995851
0.024995851
0.024995851
0.024995851
0.024995851
0.024995851
0.024995851
0.024995851
0.024995851
0.024995851
0.024995851
0.024995851
0.024995851
0.024995851
0.024995851
0.024995851
0.024995851
0.024995851
0.024995851
0.024995851
0.024995851
0.024995851
0.024995851
0.024995851
0.024995851
0.024995851
0.024995851
0.024995851
0.024995851
0.024995851
0.024995851
0.024995851
0.024995851
0.024995851
0.024995851
0.024995851
0.024995851
0.024995852
0.024995852
0.024995852
0.024995852
0.024995852
0.024995852
0.024995852
0.024995852
0.024995852
0.024995852
0.024995852
0.024995852
0.024995852
0.024995851
0.024995851
0.024995851
0.024995851
0.024995851
0.024995852
0.024995852
0.024995852
0.024995852
0.024995852
0.024995852
0.024995852
0.024995852
0.024995852
0.024995852
0.024995852
0.024995852
0.024995852
0.024995852
0.024995852
0.024995852
0.024995852
0.024995852
0.024995851
0.024995852
0.024995852
0.024995852
0.024995852
0.024995852
0.024995852
0.024995852
0.024995852
0.024995852
0.024995852
0.024995852
0.024995852
0.024995852
0.024995852
0.024995852
0.024995852
0.024995852
0.024995852
0.024995852
0.024995852
0.024995852
0.024995852
0.024995852
0.024995852
0.024995853
0.024995853
0.024995853
0.024995853
0.024995853
0.024995853
0.024995853
0.024995853
0.024995853
0.024995853
0.024995853
0.024995853
0.024995852
0.024995852
0.024995852
0.024995852
0.024995852
0.024995852
0.024995853
0.024995853
0.024995853
0.024995853
0.024995853
0.024995853
0.024995853
0.024995853
0.024995853
0.024995853
0.024995853
0.024995853
0.024995853
0.024995853
0.024995853
0.024995853
0.024995852
0.024995852
0.024995852
0.024995853
0.024995853
0.024995853
0.024995853
0.024995853
0.024995853
0.024995853
0.024995853
0.024995853
0.024995853
0.024995853
0.024995853
0.024995853
0.024995853
0.024995853
0.024995853
0.024995853
0.024995853
0.024995852
0.024995853
0.024995853
0.024995853
0.024995853
0.024995853
0.024995853
0.024995854
0.024995854
0.024995854
0.024995854
0.024995854
0.024995854
0.024995854
0.024995853
0.024995853
0.024995853
0.024995853
0.024995853
0.024995853
0.024995853
0.024995853
0.024995853
0.024995853
0.024995853
0.024995854
0.024995854
0.024995854
0.024995854
0.024995854
0.024995854
0.024995854
0.024995854
0.024995854
0.024995854
0.024995854
0.024995854
0.024995853
0.024995853
0.024995853
0.024995853
0.024995853
0.024995853
0.024995854
0.024995854
0.024995854
0.024995854
0.024995854
0.024995854
0.024995854
0.024995854
0.024995854
0.024995854
0.024995854
0.024995854
0.024995854
0.024995854
0.024995854
0.024995854
0.024995853
0.024995853
0.024995853
0.024995854
0.024995854
0.024995854
0.024995854
0.024995854
0.024995854
0.024995854
0.024995854
0.024995854
0.024995854
0.024995854
0.024995854
0.024995854
0.024995854
0.024995854
0.024995854
0.024995854
0.024995854
0.024995853
0.024995854
0.024995854
0.024995854
0.024995854
0.024995854
0.024995854
0.024995854
0.024995854
0.024995854
0.024995854
0.024995854
0.024995854
0.024995854
0.024995854
0.024995854
0.024995854
0.024995854
0.024995854
0.024995854
0.024995854
0.024995848
0.024995848
0.024995847
0.024995847
0.024995847
0.024995847
0.024995847
0.024995847
0.024995847
0.024995847
0.024995847
0.024995847
0.024995847
0.024995847
0.024995847
0.024995847
0.024995847
0.024995847
0.024995847
0.024995848
0.024995848
0.024995848
0.024995848
0.024995848
0.024995848
0.024995848
0.024995848
0.024995848
0.024995848
0.024995848
0.024995848
0.024995848
0.024995848
0.024995848
0.024995848
0.024995848
0.024995848
0.024995848
0.024995848
0.024995848
0.024995849
0.024995849
0.024995849
0.024995848
0.024995848
0.024995848
0.024995848
0.024995848
0.024995848
0.024995848
0.024995848
0.024995848
0.024995848
0.024995848
0.024995848
0.024995848
0.024995848
0.024995849
0.024995849
0.024995849
0.024995849
0.024995849
0.024995849
0.024995849
0.024995849
0.024995849
0.024995849
0.024995849
0.024995849
0.024995849
0.024995849
0.024995849
0.024995849
0.024995849
0.024995849
0.024995849
0.024995849
0.024995849
0.024995849
0.024995849
0.02499585
0.02499585
0.02499585
0.02499585
0.024995849
0.024995849
0.024995849
0.024995849
0.024995849
0.024995849
0.024995849
0.024995849
0.024995849
0.024995849
0.024995849
0.024995849
0.024995849
0.024995849
0.02499585
0.02499585
0.02499585
0.02499585
0.02499585
0.02499585
0.02499585
0.02499585
0.02499585
0.02499585
0.02499585
0.02499585
0.02499585
0.02499585
0.02499585
0.02499585
0.02499585
0.02499585
0.02499585
0.02499585
0.02499585
0.02499585
0.02499585
0.02499585
0.02499585
0.02499585
0.02499585
0.02499585
0.02499585
0.02499585
0.02499585
0.02499585
0.02499585
0.02499585
0.02499585
0.02499585
0.02499585
0.02499585
0.02499585
0.02499585
0.02499585
0.02499585
0.024995851
0.024995851
0.024995851
0.024995851
0.024995851
0.024995851
0.024995851
0.024995851
0.024995851
0.024995851
0.024995851
0.024995851
0.024995851
0.024995851
0.024995851
0.024995851
0.024995851
0.024995851
0.024995851
0.024995851
0.024995851
0.024995851
0.024995851
0.024995851
0.024995851
0.024995851
0.024995851
0.024995851
0.024995851
0.024995851
0.024995851
0.024995851
0.024995851
0.024995851
0.024995851
0.024995851
0.024995851
0.024995851
0.024995851
0.024995851
0.024995851
0.024995851
0.024995851
0.024995852
0.024995852
0.024995852
0.024995852
0.024995852
0.024995852
0.024995852
0.024995852
0.024995852
0.024995852
0.024995852
0.024995852
0.024995852
0.024995851
0.024995851
0.024995851
0.024995851
0.024995851
0.024995852
0.024995852
0.024995852
0.024995852
0.024995852
0.024995852
0.024995852
0.024995852
0.024995852
0.024995852
0.024995852
0.024995852
0.024995852
0.024995852
0.024995852
0.024995852
0.024995852
0.024995852
0.024995851
0.024995852
0.024995852
0.024995852
0.024995852
0.024995852
0.024995852
0.024995852
0.024995852
0.024995852
0.024995852
0.024995852
0.024995852
0.024995852
0.024995852
0.024995852
0.024995852
0.024995852
0.024995852
0.024995852
0.024995852
0.024995852
0.024995852
0.024995852
0.024995852
0.024995853
0.024995853
0.024995853
0.024995853
0.024995853
0.024995853
0.024995853
0.024995853
0.024995853
0.024995853
0.024995853
0.024995852
0.024995852
0.024995852
0.024995852
0.024995852
0.024995852
0.024995852
0.024995853
0.024995853
0.024995853
0.024995853
0.024995853
0.024995853
0.024995853
0.024995853
0.024995853
0.024995853
0.024995853
0.024995853
0.024995853
0.024995853
0.024995853
0.024995853
0.024995852
0.024995852
0.024995853
0.024995853
0.024995853
0.024995853
0.024995853
0.024995853
0.024995853
0.024995853
0.024995853
0.024995853
0.024995853
0.024995853
0.024995853
0.024995853
0.024995853
0.024995853
0.024995853
0.024995853
0.024995853
0.024995852
0.024995853
0.024995853
0.024995853
0.024995853
0.024995853
0.024995853
0.024995854
0.024995854
0.024995854
0.024995854
0.024995854
0.024995854
0.024995854
0.024995853
0.024995853
0.024995853
0.024995853
0.024995853
0.024995853
0.024995853
0.024995853
0.024995853
0.024995853
0.024995853
0.024995854
0.024995854
0.024995854
0.024995854
0.024995854
0.024995854
0.024995854
0.024995854
0.024995854
0.024995854
0.024995854
0.024995854
0.024995853
0.024995853
0.024995853
0.024995853
0.024995853
0.024995853
0.024995854
0.024995854
0.024995854
0.024995854
0.024995854
0.024995854
0.024995854
0.024995854
0.024995854
0.024995854
0.024995854
0.024995854
0.024995854
0.024995854
0.024995854
0.024995854
0.024995853
0.024995853
0.024995853
0.024995854
0.024995854
0.024995854
0.024995854
0.024995854
0.024995854
0.024995854
0.024995854
0.024995854
0.024995854
0.024995854
0.024995854
0.024995854
0.024995854
0.024995854
0.024995854
0.024995854
0.024995854
0.024995853
0.024995854
0.024995854
0.024995854
0.024995854
0.024995854
0.024995854
0.024995854
0.024995854
0.024995854
0.024995854
0.024995854
0.024995854
0.024995854
0.024995854
0.024995854
0.024995854
0.024995854
0.024995854
0.024995854
0.024995854
0.024995848
0.024995848
0.024995847
0.024995847
0.024995847
0.024995847
0.024995847
0.024995847
0.024995847
0.024995847
0.024995847
0.024995847
0.024995847
0.024995847
0.024995847
0.024995847
0.024995847
0.024995847
0.024995847
0.024995848
0.024995848
0.024995848
0.024995848
0.024995848
0.024995848
0.024995848
0.024995848
0.024995848
0.024995848
0.024995848
0.024995848
0.024995848
0.024995848
0.024995848
0.024995848
0.024995848
0.024995848
0.024995848
0.024995848
0.024995848
0.024995849
0.024995849
0.024995849
0.024995848
0.024995848
0.024995848
0.024995848
0.024995848
0.024995848
0.024995848
0.024995848
0.024995848
0.024995848
0.024995848
0.024995848
0.024995848
0.024995848
0.024995849
0.024995849
0.024995849
0.024995849
0.024995849
0.024995849
0.024995849
0.024995849
0.024995849
0.024995849
0.024995849
0.024995849
0.024995849
0.024995849
0.024995849
0.024995849
0.024995849
0.024995849
0.024995849
0.024995849
0.024995849
0.024995849
0.024995849
0.02499585
0.02499585
0.02499585
0.024995849
0.024995849
0.024995849
0.024995849
0.024995849
0.024995849
0.024995849
0.024995849
0.024995849
0.024995849
0.024995849
0.024995849
0.024995849
0.024995849
0.024995849
0.02499585
0.02499585
0.02499585
0.02499585
0.02499585
0.02499585
0.02499585
0.02499585
0.02499585
0.02499585
0.02499585
0.02499585
0.02499585
0.02499585
0.02499585
0.02499585
0.02499585
0.02499585
0.02499585
0.02499585
0.02499585
0.02499585
0.02499585
0.02499585
0.02499585
0.02499585
0.02499585
0.02499585
0.02499585
0.02499585
0.02499585
0.02499585
0.02499585
0.02499585
0.02499585
0.02499585
0.02499585
0.02499585
0.02499585
0.02499585
0.02499585
0.02499585
0.024995851
0.024995851
0.024995851
0.024995851
0.024995851
0.024995851
0.024995851
0.024995851
0.024995851
0.024995851
0.024995851
0.024995851
0.024995851
0.024995851
0.024995851
0.024995851
0.024995851
0.024995851
0.024995851
0.024995851
0.024995851
0.024995851
0.024995851
0.024995851
0.024995851
0.024995851
0.024995851
0.024995851
0.024995851
0.024995851
0.024995851
0.024995851
0.024995851
0.024995851
0.024995851
0.024995851
0.024995851
0.024995851
0.024995851
0.024995851
0.024995851
0.024995851
0.024995851
0.024995851
0.024995852
0.024995852
0.024995852
0.024995852
0.024995852
0.024995852
0.024995852
0.024995852
0.024995852
0.024995852
0.024995852
0.024995851
0.024995851
0.024995851
0.024995851
0.024995851
0.024995851
0.024995852
0.024995852
0.024995852
0.024995852
0.024995852
0.024995852
0.024995852
0.024995852
0.024995852
0.024995852
0.024995852
0.024995852
0.024995852
0.024995852
0.024995852
0.024995852
0.024995852
0.024995852
0.024995851
0.024995852
0.024995852
0.024995852
0.024995852
0.024995852
0.024995852
0.024995852
0.024995852
0.024995852
0.024995852
0.024995852
0.024995852
0.024995852
0.024995852
0.024995852
0.024995852
0.024995852
0.024995852
0.024995852
0.024995852
0.024995852
0.024995852
0.024995852
0.024995852
0.024995852
0.024995853
0.024995853
0.024995853
0.024995853
0.024995853
0.024995853
0.024995853
0.024995853
0.024995853
0.024995852
0.024995852
0.024995852
0.024995852
0.024995852
0.024995852
0.024995852
0.024995852
0.024995853
0.024995853
0.024995853
0.024995853
0.024995853
0.024995853
0.024995853
0.024995853
0.024995853
0.024995853
0.024995853
0.024995853
0.024995853
0.024995853
0.024995853
0.024995852
0.024995852
0.024995852
0.024995852
0.024995853
0.024995853
0.024995853
0.024995853
0.024995853
0.024995853
0.024995853
0.024995853
0.024995853
0.024995853
0.024995853
0.024995853
0.024995853
0.024995853
0.024995853
0.024995853
0.024995853
0.024995853
0.024995852
0.024995853
0.024995853
0.024995853
0.024995853
0.024995853
0.024995853
0.024995853
0.024995853
0.024995854
0.024995854
0.024995854
0.024995854
0.024995853
0.024995853
0.024995853
0.024995853
0.024995853
0.024995853
0.024995853
0.024995853
0.024995853
0.024995853
0.024995853
0.024995853
0.024995854
0.024995854
0.024995854
0.024995854
0.024995854
0.024995854
0.024995854
0.024995854
0.024995854
0.024995854
0.024995854
0.024995854
0.024995853
0.024995853
0.024995853
0.024995853
0.024995853
0.024995853
0.024995854
0.024995854
0.024995854
0.024995854
0.024995854
0.024995854
0.024995854
0.024995854
0.024995854
0.024995854
0.024995854
0.024995854
0.024995854
0.024995854
0.024995854
0.024995854
0.024995853
0.024995853
0.024995853
0.024995854
0.024995854
0.024995854
0.024995854
0.024995854
0.024995854
0.024995854
0.024995854
0.024995854
0.024995854
0.024995854
0.024995854
0.024995854
0.024995854
0.024995854
0.024995854
0.024995854
0.024995854
0.024995853
0.024995854
0.024995854
0.024995854
0.024995854
0.024995854
0.024995854
0.024995854
0.024995854
0.024995854
0.024995854
0.024995854
0.024995854
0.024995854
0.024995854
0.024995854
0.024995854
0.024995854
0.024995854
0.024995854
0.024995854
0.024995848
0.024995847
0.024995847
0.024995847
0.024995847
0.024995847
0.024995847
0.024995847
0.024995847
0.024995847
0.024995847
0.024995847
0.024995847
0.024995847
0.024995847
0.024995847
0.024995847
0.024995847
0.024995847
0.024995848
0.024995848
0.024995848
0.024995848
0.024995848
0.024995848
0.024995848
0.024995848
0.024995848
0.024995848
0.024995848
0.024995848
0.024995848
0.024995848
0.024995848
0.024995848
0.024995848
0.024995848
0.024995848
0.024995848
0.024995848
0.024995849
0.024995849
0.024995849
0.024995848
0.024995848
0.024995848
0.024995848
0.024995848
0.024995848
0.024995848
0.024995848
0.024995848
0.024995848
0.024995848
0.024995848
0.024995848
0.024995848
0.024995848
0.024995849
0.024995849
0.024995849
0.024995849
0.024995849
0.024995849
0.024995849
0.024995849
0.024995849
0.024995849
0.024995849
0.024995849
0.024995849
0.024995849
0.024995849
0.024995849
0.024995849
0.024995849
0.024995849
0.024995849
0.024995849
0.024995849
0.02499585
0.02499585
0.02499585
0.024995849
0.024995849
0.024995849
0.024995849
0.024995849
0.024995849
0.024995849
0.024995849
0.024995849
0.024995849
0.024995849
0.024995849
0.024995849
0.024995849
0.024995849
0.02499585
0.02499585
0.02499585
0.02499585
0.02499585
0.02499585
0.02499585
0.02499585
0.02499585
0.02499585
0.02499585
0.02499585
0.02499585
0.02499585
0.02499585
0.02499585
0.02499585
0.02499585
0.02499585
0.02499585
0.02499585
0.02499585
0.02499585
0.02499585
0.02499585
0.02499585
0.02499585
0.02499585
0.02499585
0.02499585
0.02499585
0.02499585
0.02499585
0.02499585
0.02499585
0.02499585
0.02499585
0.02499585
0.02499585
0.02499585
0.02499585
0.02499585
0.024995851
0.024995851
0.024995851
0.024995851
0.024995851
0.024995851
0.024995851
0.024995851
0.024995851
0.024995851
0.024995851
0.024995851
0.024995851
0.024995851
0.024995851
0.024995851
0.024995851
0.024995851
0.024995851
0.024995851
0.024995851
0.024995851
0.024995851
0.024995851
0.024995851
0.024995851
0.024995851
0.024995851
0.024995851
0.024995851
0.024995851
0.024995851
0.024995851
0.024995851
0.024995851
0.024995851
0.024995851
0.024995851
0.024995851
0.024995851
0.024995851
0.024995851
0.024995851
0.024995851
0.024995852
0.024995852
0.024995852
0.024995852
0.024995852
0.024995852
0.024995852
0.024995852
0.024995852
0.024995852
0.024995852
0.024995851
0.024995851
0.024995851
0.024995851
0.024995851
0.024995851
0.024995852
0.024995852
0.024995852
0.024995852
0.024995852
0.024995852
0.024995852
0.024995852
0.024995852
0.024995852
0.024995852
0.024995852
0.024995852
0.024995852
0.024995852
0.024995852
0.024995852
0.024995852
0.024995851
0.024995852
0.024995852
0.024995852
0.024995852
0.024995852
0.024995852
0.024995852
0.024995852
0.024995852
0.024995852
0.024995852
0.024995852
0.024995852
0.024995852
0.024995852
0.024995852
0.024995852
0.024995852
0.024995852
0.024995852
0.024995852
0.024995852
0.024995852
0.024995852
0.024995852
0.024995853
0.024995853
0.024995853
0.024995853
0.024995853
0.024995853
0.024995853
0.024995853
0.024995853
0.024995853
0.024995852
0.024995852
0.024995852
0.024995852
0.024995852
0.024995852
0.024995852
0.024995853
0.024995853
0.024995853
0.024995853
0.024995853
0.024995853
0.024995853
0.024995853
0.024995853
0.024995853
0.024995853
0.024995853
0.024995853
0.024995853
0.024995853
0.024995852
0.024995852
0.024995852
0.024995852
0.024995853
0.024995853
0.024995853
0.024995853
0.024995853
0.024995853
0.024995853
0.024995853
0.024995853
0.024995853
0.024995853
0.024995853
0.024995853
0.024995853
0.024995853
0.024995853
0.024995853
0.024995853
0.024995852
0.024995853
0.024995853
0.024995853
0.024995853
0.024995853
0.024995853
0.024995853
0.024995853
0.024995854
0.024995854
0.024995854
0.024995854
0.024995854
0.024995853
0.024995853
0.024995853
0.024995853
0.024995853
0.024995853
0.024995853
0.024995853
0.024995853
0.024995853
0.024995853
0.024995854
0.024995854
0.024995854
0.024995854
0.024995854
0.024995854
0.024995854
0.024995854
0.024995854
0.024995854
0.024995854
0.024995854
0.024995853
0.024995853
0.024995853
0.024995853
0.024995853
0.024995853
0.024995854
0.024995854
0.024995854
0.024995854
0.024995854
0.024995854
0.024995854
0.024995854
0.024995854
0.024995854
0.024995854
0.024995854
0.024995854
0.024995854
0.024995854
0.024995854
0.024995853
0.024995853
0.024995853
0.024995854
0.024995854
0.024995854
0.024995854
0.024995854
0.024995854
0.024995854
0.024995854
0.024995854
0.024995854
0.024995854
0.024995854
0.024995854
0.024995854
0.024995854
0.024995854
0.024995854
0.024995854
0.024995853
0.024995854
0.024995854
0.024995854
0.024995854
0.024995854
0.024995854
0.024995854
0.024995854
0.024995854
0.024995854
0.024995854
0.024995854
0.024995854
0.024995854
0.024995854
0.024995854
0.024995854
0.024995854
0.024995854
0.024995854
0.024995848
0.024995848
0.024995847
0.024995847
0.024995847
0.024995847
0.024995847
0.024995847
0.024995847
0.024995847
0.024995847
0.024995847
0.024995847
0.024995847
0.024995847
0.024995847
0.024995847
0.024995847
0.024995847
0.024995848
0.024995848
0.024995848
0.024995848
0.024995848
0.024995848
0.024995848
0.024995848
0.024995848
0.024995848
0.024995848
0.024995848
0.024995848
0.024995848
0.024995848
0.024995848
0.024995848
0.024995848
0.024995848
0.024995848
0.024995848
0.024995849
0.024995849
0.024995849
0.024995849
0.024995848
0.024995848
0.024995848
0.024995848
0.024995848
0.024995848
0.024995848
0.024995848
0.024995848
0.024995848
0.024995848
0.024995848
0.024995848
0.024995849
0.024995849
0.024995849
0.024995849
0.024995849
0.024995849
0.024995849
0.024995849
0.024995849
0.024995849
0.024995849
0.024995849
0.024995849
0.024995849
0.024995849
0.024995849
0.024995849
0.024995849
0.024995849
0.024995849
0.024995849
0.024995849
0.024995849
0.02499585
0.02499585
0.02499585
0.02499585
0.02499585
0.02499585
0.024995849
0.024995849
0.024995849
0.024995849
0.024995849
0.024995849
0.024995849
0.024995849
0.02499585
0.02499585
0.02499585
0.02499585
0.02499585
0.02499585
0.02499585
0.02499585
0.02499585
0.02499585
0.02499585
0.02499585
0.02499585
0.02499585
0.02499585
0.02499585
0.02499585
0.02499585
0.02499585
0.02499585
0.02499585
0.02499585
0.02499585
0.02499585
0.02499585
0.02499585
0.02499585
0.02499585
0.02499585
0.02499585
0.02499585
0.02499585
0.02499585
0.02499585
0.02499585
0.02499585
0.02499585
0.02499585
0.02499585
0.02499585
0.02499585
0.02499585
0.02499585
0.02499585
0.02499585
0.02499585
0.024995851
0.024995851
0.024995851
0.024995851
0.024995851
0.024995851
0.024995851
0.024995851
0.024995851
0.024995851
0.024995851
0.024995851
0.024995851
0.024995851
0.024995851
0.024995851
0.024995851
0.024995851
0.024995851
0.024995851
0.024995851
0.024995851
0.024995851
0.024995851
0.024995851
0.024995851
0.024995851
0.024995851
0.024995851
0.024995851
0.024995851
0.024995851
0.024995851
0.024995851
0.024995851
0.024995851
0.024995851
0.024995851
0.024995851
0.024995851
0.024995851
0.024995851
0.024995851
0.024995852
0.024995852
0.024995852
0.024995852
0.024995852
0.024995852
0.024995852
0.024995852
0.024995852
0.024995852
0.024995852
0.024995852
0.024995852
0.024995851
0.024995851
0.024995851
0.024995851
0.024995851
0.024995852
0.024995852
0.024995852
0.024995852
0.024995852
0.024995852
0.024995852
0.024995852
0.024995852
0.024995852
0.024995852
0.024995852
0.024995852
0.024995852
0.024995852
0.024995852
0.024995852
0.024995852
0.024995851
0.024995852
0.024995852
0.024995852
0.024995852
0.024995852
0.024995852
0.024995852
0.024995852
0.024995852
0.024995853
0.024995853
0.024995852
0.024995852
0.024995852
0.024995852
0.024995852
0.024995852
0.024995852
0.024995852
0.024995852
0.024995852
0.024995852
0.024995852
0.024995852
0.024995853
0.024995853
0.024995853
0.024995853
0.024995853
0.024995853
0.024995853
0.024995853
0.024995853
0.024995853
0.024995853
0.024995853
0.024995852
0.024995852
0.024995852
0.024995852
0.024995852
0.024995852
0.024995853
0.024995853
0.024995853
0.024995853
0.024995853
0.024995853
0.024995853
0.024995853
0.024995853
0.024995853
0.024995853
0.024995853
0.024995853
0.024995853
0.024995853
0.024995853
0.024995852
0.024995852
0.024995853
0.024995853
0.024995853
0.024995853
0.024995853
0.024995853
0.024995853
0.024995853
0.024995853
0.024995853
0.024995853
0.024995853
0.024995853
0.024995853
0.024995853
0.024995853
0.024995853
0.024995853
0.024995853
0.024995852
0.024995853
0.024995853
0.024995853
0.024995853
0.024995853
0.024995853
0.024995854
0.024995854
0.024995854
0.024995854
0.024995854
0.024995854
0.024995854
0.024995854
0.024995853
0.024995853
0.024995853
0.024995853
0.024995853
0.024995853
0.024995853
0.024995853
0.024995853
0.024995854
0.024995854
0.024995854
0.024995854
0.024995854
0.024995854
0.024995854
0.024995854
0.024995854
0.024995854
0.024995854
0.024995854
0.024995854
0.024995853
0.024995853
0.024995853
0.024995853
0.024995853
0.024995853
0.024995854
0.024995854
0.024995854
0.024995854
0.024995854
0.024995854
0.024995854
0.024995854
0.024995854
0.024995854
0.024995854
0.024995854
0.024995854
0.024995854
0.024995854
0.024995854
0.024995853
0.024995853
0.024995853
0.024995854
0.024995854
0.024995854
0.024995854
0.024995854
0.024995854
0.024995854
0.024995854
0.024995854
0.024995854
0.024995854
0.024995854
0.024995854
0.024995854
0.024995854
0.024995854
0.024995854
0.024995854
0.024995853
0.024995854
0.024995854
0.024995854
0.024995854
0.024995854
0.024995854
0.024995854
0.024995854
0.024995854
0.024995854
0.024995854
0.024995854
0.024995854
0.024995854
0.024995854
0.024995854
0.024995854
0.024995854
0.024995854
0.024995854
0.024995848
0.024995847
0.024995847
0.024995847
0.024995847
0.024995847
0.024995847
0.024995847
0.024995847
0.024995847
0.024995847
0.024995847
0.024995847
0.024995847
0.024995847
0.024995847
0.024995847
0.024995847
0.024995847
0.024995848
0.024995848
0.024995848
0.024995848
0.024995848
0.024995848
0.024995848
0.024995848
0.024995848
0.024995848
0.024995848
0.024995848
0.024995848
0.024995848
0.024995848
0.024995848
0.024995848
0.024995848
0.024995848
0.024995848
0.024995848
0.024995849
0.024995849
0.024995849
0.024995848
0.024995848
0.024995848
0.024995848
0.024995848
0.024995848
0.024995848
0.024995848
0.024995848
0.024995848
0.024995848
0.024995848
0.024995848
0.024995848
0.024995849
0.024995849
0.024995849
0.024995849
0.024995849
0.024995849
0.024995849
0.024995849
0.024995849
0.024995849
0.024995849
0.024995849
0.024995849
0.024995849
0.024995849
0.024995849
0.024995849
0.024995849
0.024995849
0.024995849
0.024995849
0.024995849
0.024995849
0.02499585
0.02499585
0.02499585
0.02499585
0.024995849
0.024995849
0.024995849
0.024995849
0.024995849
0.024995849
0.024995849
0.024995849
0.024995849
0.024995849
0.024995849
0.024995849
0.02499585
0.02499585
0.02499585
0.02499585
0.02499585
0.02499585
0.02499585
0.02499585
0.02499585
0.02499585
0.02499585
0.02499585
0.02499585
0.02499585
0.02499585
0.02499585
0.02499585
0.02499585
0.02499585
0.02499585
0.02499585
0.02499585
0.02499585
0.02499585
0.02499585
0.02499585
0.02499585
0.02499585
0.02499585
0.02499585
0.02499585
0.02499585
0.02499585
0.02499585
0.02499585
0.02499585
0.02499585
0.02499585
0.02499585
0.02499585
0.02499585
0.02499585
0.02499585
0.02499585
0.024995851
0.024995851
0.024995851
0.024995851
0.024995851
0.024995851
0.024995851
0.024995851
0.024995851
0.024995851
0.024995851
0.024995851
0.024995851
0.024995851
0.024995851
0.024995851
0.024995851
0.024995851
0.024995851
0.024995851
0.024995851
0.024995851
0.024995851
0.024995851
0.024995851
0.024995851
0.024995851
0.024995851
0.024995851
0.024995851
0.024995851
0.024995851
0.024995851
0.024995851
0.024995851
0.024995851
0.024995851
0.024995851
0.024995851
0.024995851
0.024995851
0.024995851
0.024995851
0.024995851
0.024995851
0.024995852
0.024995852
0.024995852
0.024995852
0.024995852
0.024995852
0.024995852
0.024995852
0.024995852
0.024995851
0.024995851
0.024995851
0.024995851
0.024995851
0.024995851
0.024995851
0.024995852
0.024995852
0.024995852
0.024995852
0.024995852
0.024995852
0.024995852
0.024995852
0.024995852
0.024995852
0.024995852
0.024995852
0.024995852
0.024995852
0.024995852
0.024995852
0.024995852
0.024995852
0.024995851
0.024995852
0.024995852
0.024995852
0.024995852
0.024995852
0.024995852
0.024995852
0.024995852
0.024995852
0.024995852
0.024995852
0.024995852
0.024995852
0.024995852
0.024995852
0.024995852
0.024995852
0.024995852
0.024995852
0.024995852
0.024995852
0.024995852
0.024995852
0.024995852
0.024995852
0.024995853
0.024995853
0.024995853
0.024995853
0.024995853
0.024995853
0.024995853
0.024995853
0.024995853
0.024995853
0.024995852
0.024995852
0.024995852
0.024995852
0.024995852
0.024995852
0.024995852
0.024995853
0.024995853
0.024995853
0.024995853
0.024995853
0.024995853
0.024995853
0.024995853
0.024995853
0.024995853
0.024995853
0.024995853
0.024995853
0.024995853
0.024995853
0.024995853
0.024995852
0.024995852
0.024995852
0.024995853
0.024995853
0.024995853
0.024995853
0.024995853
0.024995853
0.024995853
0.024995853
0.024995853
0.024995853
0.024995853
0.024995853
0.024995853
0.024995853
0.024995853
0.024995853
0.024995853
0.024995853
0.024995852
0.024995853
0.024995853
0.024995853
0.024995853
0.024995853
0.024995853
0.024995853
0.024995854
0.024995854
0.024995854
0.024995854
0.024995854
0.024995854
0.024995853
0.024995853
0.024995853
0.024995853
0.024995853
0.024995853
0.024995853
0.024995853
0.024995853
0.024995853
0.024995854
0.024995854
0.024995854
0.024995854
0.024995854
0.024995854
0.024995854
0.024995854
0.024995854
0.024995854
0.024995854
0.024995854
0.024995854
0.024995853
0.024995853
0.024995853
0.024995853
0.024995853
0.024995853
0.024995854
0.024995854
0.024995854
0.024995854
0.024995854
0.024995854
0.024995854
0.024995854
0.024995854
0.024995854
0.024995854
0.024995854
0.024995854
0.024995854
0.024995854
0.024995854
0.024995853
0.024995853
0.024995853
0.024995854
0.024995854
0.024995854
0.024995854
0.024995854
0.024995854
0.024995854
0.024995854
0.024995854
0.024995854
0.024995854
0.024995854
0.024995854
0.024995854
0.024995854
0.024995854
0.024995854
0.024995854
0.024995853
0.024995854
0.024995854
0.024995854
0.024995854
0.024995854
0.024995854
0.024995854
0.024995854
0.024995854
0.024995854
0.024995854
0.024995854
0.024995854
0.024995854
0.024995854
0.024995854
0.024995854
0.024995854
0.024995854
0.024995854
0.024995848
0.024995847
0.024995847
0.024995847
0.024995847
0.024995847
0.024995847
0.024995847
0.024995847
0.024995847
0.024995847
0.024995847
0.024995847
0.024995847
0.024995847
0.024995847
0.024995847
0.024995847
0.024995847
0.024995848
0.024995848
0.024995848
0.024995848
0.024995848
0.024995848
0.024995848
0.024995848
0.024995848
0.024995847
0.024995847
0.024995847
0.024995847
0.024995848
0.024995848
0.024995848
0.024995848
0.024995848
0.024995848
0.024995848
0.024995848
0.024995849
0.024995849
0.024995849
0.024995848
0.024995848
0.024995848
0.024995848
0.024995848
0.024995848
0.024995848
0.024995848
0.024995848
0.024995848
0.024995848
0.024995848
0.024995848
0.024995848
0.024995848
0.024995849
0.024995849
0.024995849
0.024995849
0.024995849
0.024995849
0.024995849
0.024995849
0.024995849
0.024995849
0.024995849
0.024995849
0.024995849
0.024995849
0.024995849
0.024995849
0.024995849
0.024995849
0.024995849
0.024995849
0.024995849
0.024995849
0.02499585
0.02499585
0.024995849
0.024995849
0.024995849
0.024995849
0.024995849
0.024995849
0.024995849
0.024995849
0.024995849
0.024995849
0.024995849
0.024995849
0.024995849
0.024995849
0.024995849
0.024995849
0.024995849
0.02499585
0.02499585
0.02499585
0.02499585
0.02499585
0.02499585
0.02499585
0.02499585
0.02499585
0.02499585
0.02499585
0.02499585
0.02499585
0.02499585
0.02499585
0.02499585
0.02499585
0.02499585
0.02499585
0.02499585
0.02499585
0.02499585
0.02499585
0.02499585
0.02499585
0.02499585
0.02499585
0.02499585
0.02499585
0.02499585
0.02499585
0.02499585
0.02499585
0.02499585
0.02499585
0.02499585
0.02499585
0.02499585
0.02499585
0.02499585
0.02499585
0.024995851
0.024995851
0.024995851
0.024995851
0.024995851
0.024995851
0.024995851
0.024995851
0.024995851
0.024995851
0.024995851
0.024995851
0.024995851
0.024995851
0.024995851
0.024995851
0.024995851
0.024995851
0.024995851
0.02499585
0.024995851
0.024995851
0.024995851
0.024995851
0.024995851
0.024995851
0.024995851
0.024995851
0.024995851
0.024995851
0.024995851
0.024995851
0.024995851
0.024995851
0.024995851
0.024995851
0.024995851
0.024995851
0.024995851
0.024995851
0.024995851
0.024995851
0.024995851
0.024995851
0.024995851
0.024995851
0.024995851
0.024995852
0.024995852
0.024995852
0.024995852
0.024995852
0.024995851
0.024995851
0.024995851
0.024995851
0.024995851
0.024995851
0.024995851
0.024995851
0.024995851
0.024995852
0.024995852
0.024995852
0.024995852
0.024995852
0.024995852
0.024995852
0.024995852
0.024995852
0.024995852
0.024995852
0.024995852
0.024995852
0.024995852
0.024995852
0.024995852
0.024995852
0.024995851
0.024995851
0.024995852
0.024995852
0.024995852
0.024995852
0.024995852
0.024995852
0.024995852
0.024995852
0.024995852
0.024995852
0.024995852
0.024995852
0.024995852
0.024995852
0.024995852
0.024995852
0.024995852
0.024995852
0.024995852
0.024995852
0.024995852
0.024995852
0.024995852
0.024995852
0.024995852
0.024995852
0.024995852
0.024995853
0.024995853
0.024995853
0.024995853
0.024995853
0.024995853
0.024995853
0.024995852
0.024995852
0.024995852
0.024995852
0.024995852
0.024995852
0.024995852
0.024995852
0.024995853
0.024995853
0.024995853
0.024995853
0.024995853
0.024995853
0.024995853
0.024995853
0.024995853
0.024995853
0.024995853
0.024995853
0.024995853
0.024995853
0.024995853
0.024995852
0.024995852
0.024995852
0.024995852
0.024995853
0.024995853
0.024995853
0.024995853
0.024995853
0.024995853
0.024995853
0.024995853
0.024995853
0.024995853
0.024995853
0.024995853
0.024995853
0.024995853
0.024995853
0.024995853
0.024995853
0.024995853
0.024995852
0.024995853
0.024995853
0.024995853
0.024995853
0.024995853
0.024995853
0.024995853
0.024995853
0.024995853
0.024995853
0.024995853
0.024995853
0.024995853
0.024995853
0.024995853
0.024995853
0.024995853
0.024995853
0.024995853
0.024995853
0.024995853
0.024995853
0.024995853
0.024995853
0.024995854
0.024995854
0.024995854
0.024995854
0.024995854
0.024995854
0.024995854
0.024995854
0.024995854
0.024995854
0.024995854
0.024995853
0.024995853
0.024995853
0.024995853
0.024995853
0.024995853
0.024995853
0.024995854
0.024995854
0.024995854
0.024995854
0.024995854
0.024995854
0.024995854
0.024995854
0.024995854
0.024995854
0.024995854
0.024995854
0.024995854
0.024995854
0.024995854
0.024995853
0.024995853
0.024995853
0.024995853
0.024995854
0.024995854
0.024995854
0.024995854
0.024995854
0.024995854
0.024995854
0.024995854
0.024995854
0.024995854
0.024995854
0.024995854
0.024995854
0.024995854
0.024995854
0.024995854
0.024995854
0.024995854
0.024995853
0.024995854
0.024995854
0.024995854
0.024995854
0.024995854
0.024995854
0.024995854
0.024995854
0.024995854
0.024995854
0.024995854
0.024995854
0.024995854
0.024995854
0.024995854
0.024995854
0.024995854
0.024995854
0.024995854
0.024995854
0.024995848
0.024995847
0.024995847
0.024995847
0.024995847
0.024995847
0.024995847
0.024995847
0.024995847
0.024995847
0.024995847
0.024995847
0.024995847
0.024995847
0.024995847
0.024995847
0.024995847
0.024995847
0.024995847
0.024995848
0.024995848
0.024995848
0.024995848
0.024995848
0.024995848
0.024995848
0.024995848
0.024995848
0.024995848
0.024995848
0.024995848
0.024995848
0.024995848
0.024995848
0.024995848
0.024995848
0.024995848
0.024995848
0.024995848
0.024995848
0.024995849
0.024995849
0.024995849
0.024995848
0.024995848
0.024995848
0.024995848
0.024995848
0.024995848
0.024995848
0.024995848
0.024995848
0.024995848
0.024995848
0.024995848
0.024995848
0.024995848
0.024995848
0.024995849
0.024995849
0.024995849
0.024995849
0.024995849
0.024995849
0.024995849
0.024995849
0.024995849
0.024995849
0.024995849
0.024995849
0.024995849
0.024995849
0.024995849
0.024995849
0.024995849
0.024995849
0.024995849
0.024995849
0.024995849
0.024995849
0.02499585
0.02499585
0.02499585
0.024995849
0.024995849
0.024995849
0.024995849
0.024995849
0.024995849
0.024995849
0.024995849
0.024995849
0.024995849
0.024995849
0.024995849
0.024995849
0.024995849
0.02499585
0.02499585
0.02499585
0.02499585
0.02499585
0.02499585
0.02499585
0.02499585
0.02499585
0.02499585
0.02499585
0.02499585
0.02499585
0.02499585
0.02499585
0.02499585
0.02499585
0.02499585
0.02499585
0.02499585
0.02499585
0.02499585
0.02499585
0.02499585
0.02499585
0.02499585
0.02499585
0.02499585
0.02499585
0.02499585
0.02499585
0.02499585
0.02499585
0.02499585
0.02499585
0.02499585
0.02499585
0.02499585
0.02499585
0.02499585
0.02499585
0.02499585
0.02499585
0.024995851
0.024995851
0.024995851
0.024995851
0.024995851
0.024995851
0.024995851
0.024995851
0.024995851
0.024995851
0.024995851
0.024995851
0.024995851
0.024995851
0.024995851
0.024995851
0.024995851
0.024995851
0.024995851
0.024995851
0.024995851
0.024995851
0.024995851
0.024995851
0.024995851
0.024995851
0.024995851
0.024995851
0.024995851
0.024995851
0.024995851
0.024995851
0.024995851
0.024995851
0.024995851
0.024995851
0.024995851
0.024995851
0.024995851
0.024995851
0.024995851
0.024995851
0.024995851
0.024995851
0.024995851
0.024995852
0.024995852
0.024995852
0.024995852
0.024995852
0.024995852
0.024995852
0.024995852
0.024995852
0.024995851
0.024995851
0.024995851
0.024995851
0.024995851
0.024995851
0.024995851
0.024995852
0.024995852
0.024995852
0.024995852
0.024995852
0.024995852
0.024995852
0.024995852
0.024995852
0.024995852
0.024995852
0.024995852
0.024995852
0.024995852
0.024995852
0.024995852
0.024995852
0.024995852
0.024995851
0.024995852
0.024995852
0.024995852
0.024995852
0.024995852
0.024995852
0.024995852
0.024995852
0.024995852
0.024995852
0.024995852
0.024995852
0.024995852
0.024995852
0.024995852
0.024995852
0.024995852
0.024995852
0.024995852
0.024995852
0.024995852
0.024995852
0.024995852
0.024995852
0.024995852
0.024995853
0.024995853
0.024995853
0.024995853
0.024995853
0.024995853
0.024995853
0.024995853
0.024995853
0.024995853
0.024995852
0.024995852
0.024995852
0.024995852
0.024995852
0.024995852
0.024995852
0.024995853
0.024995853
0.024995853
0.024995853
0.024995853
0.024995853
0.024995853
0.024995853
0.024995853
0.024995853
0.024995853
0.024995853
0.024995853
0.024995853
0.024995853
0.024995852
0.024995852
0.024995852
0.024995852
0.024995853
0.024995853
0.024995853
0.024995853
0.024995853
0.024995853
0.024995853
0.024995853
0.024995853
0.024995853
0.024995853
0.024995853
0.024995853
0.024995853
0.024995853
0.024995853
0.024995853
0.024995853
0.024995852
0.024995853
0.024995853
0.024995853
0.024995853
0.024995853
0.024995853
0.024995853
0.024995853
0.024995853
0.024995853
0.024995853
0.024995853
0.024995853
0.024995853
0.024995853
0.024995853
0.024995853
0.024995853
0.024995853
0.024995853
0.024995853
0.024995853
0.024995853
0.024995854
0.024995854
0.024995854
0.024995854
0.024995854
0.024995854
0.024995854
0.024995854
0.024995854
0.024995854
0.024995854
0.024995854
0.024995854
0.024995853
0.024995853
0.024995853
0.024995853
0.024995853
0.024995853
0.024995854
0.024995854
0.024995854
0.024995854
0.024995854
0.024995854
0.024995854
0.024995854
0.024995854
0.024995854
0.024995854
0.024995854
0.024995854
0.024995854
0.024995854
0.024995854
0.024995853
0.024995853
0.024995853
0.024995854
0.024995854
0.024995854
0.024995854
0.024995854
0.024995854
0.024995854
0.024995854
0.024995854
0.024995854
0.024995854
0.024995854
0.024995854
0.024995854
0.024995854
0.024995854
0.024995854
0.024995854
0.024995853
0.024995854
0.024995854
0.024995854
0.024995854
0.024995854
0.024995854
0.024995854
0.024995854
0.024995854
0.024995854
0.024995854
0.024995854
0.024995854
0.024995854
0.024995854
0.024995854
0.024995854
0.024995854
0.024995854
0.024995854
0.024995848
0.024995847
0.024995847
0.024995847
0.024995847
0.024995847
0.024995847
0.024995847
0.024995847
0.024995847
0.024995847
0.024995847
0.024995847
0.024995847
0.024995847
0.024995847
0.024995847
0.024995847
0.024995847
0.024995848
0.024995848
0.024995848
0.024995848
0.024995848
0.024995848
0.024995848
0.024995848
0.024995848
0.024995848
0.024995848
0.024995848
0.024995848
0.024995848
0.024995848
0.024995848
0.024995848
0.024995848
0.024995848
0.024995848
0.024995848
0.024995849
0.024995849
0.024995849
0.024995848
0.024995848
0.024995848
0.024995848
0.024995848
0.024995848
0.024995848
0.024995848
0.024995848
0.024995848
0.024995848
0.024995848
0.024995848
0.024995848
0.024995849
0.024995849
0.024995849
0.024995849
0.024995849
0.024995849
0.024995849
0.024995849
0.024995849
0.024995849
0.024995849
0.024995849
0.024995849
0.024995849
0.024995849
0.024995849
0.024995849
0.024995849
0.024995849
0.024995849
0.024995849
0.024995849
0.024995849
0.02499585
0.02499585
0.02499585
0.02499585
0.024995849
0.024995849
0.024995849
0.024995849
0.024995849
0.024995849
0.024995849
0.024995849
0.024995849
0.024995849
0.024995849
0.024995849
0.02499585
0.02499585
0.02499585
0.02499585
0.02499585
0.02499585
0.02499585
0.02499585
0.02499585
0.02499585
0.02499585
0.02499585
0.02499585
0.02499585
0.02499585
0.02499585
0.02499585
0.02499585
0.02499585
0.02499585
0.02499585
0.02499585
0.02499585
0.02499585
0.02499585
0.02499585
0.02499585
0.02499585
0.02499585
0.02499585
0.02499585
0.02499585
0.02499585
0.02499585
0.02499585
0.02499585
0.02499585
0.02499585
0.02499585
0.02499585
0.02499585
0.02499585
0.02499585
0.02499585
0.024995851
0.024995851
0.024995851
0.024995851
0.024995851
0.024995851
0.024995851
0.024995851
0.024995851
0.024995851
0.024995851
0.024995851
0.024995851
0.024995851
0.024995851
0.024995851
0.024995851
0.024995851
0.024995851
0.024995851
0.024995851
0.024995851
0.024995851
0.024995851
0.024995851
0.024995851
0.024995851
0.024995851
0.024995851
0.024995851
0.024995851
0.024995851
0.024995851
0.024995851
0.024995851
0.024995851
0.024995851
0.024995851
0.024995851
0.024995851
0.024995851
0.024995851
0.024995851
0.024995851
0.024995852
0.024995852
0.024995852
0.024995852
0.024995852
0.024995852
0.024995852
0.024995852
0.024995852
0.024995852
0.024995852
0.024995851
0.024995851
0.024995851
0.024995851
0.024995851
0.024995851
0.024995852
0.024995852
0.024995852
0.024995852
0.024995852
0.024995852
0.024995852
0.024995852
0.024995852
0.024995852
0.024995852
0.024995852
0.024995852
0.024995852
0.024995852
0.024995852
0.024995852
0.024995852
0.024995851
0.024995852
0.024995852
0.024995852
0.024995852
0.024995852
0.024995852
0.024995852
0.024995852
0.024995852
0.024995852
0.024995852
0.024995852
0.024995852
0.024995852
0.024995852
0.024995852
0.024995852
0.024995852
0.024995852
0.024995852
0.024995852
0.024995852
0.024995852
0.024995852
0.024995853
0.024995853
0.024995853
0.024995853
0.024995853
0.024995853
0.024995853
0.024995853
0.024995853
0.024995853
0.024995853
0.024995852
0.024995852
0.024995852
0.024995852
0.024995852
0.024995852
0.024995852
0.024995853
0.024995853
0.024995853
0.024995853
0.024995853
0.024995853
0.024995853
0.024995853
0.024995853
0.024995853
0.024995853
0.024995853
0.024995853
0.024995853
0.024995853
0.024995853
0.024995852
0.024995852
0.024995852
0.024995853
0.024995853
0.024995853
0.024995853
0.024995853
0.024995853
0.024995853
0.024995853
0.024995853
0.024995853
0.024995853
0.024995853
0.024995853
0.024995853
0.024995853
0.024995853
0.024995853
0.024995853
0.024995852
0.024995853
0.024995853
0.024995853
0.024995853
0.024995853
0.024995853
0.024995854
0.024995854
0.024995854
0.024995854
0.024995854
0.024995854
0.024995854
0.024995853
0.024995853
0.024995853
0.024995853
0.024995853
0.024995853
0.024995853
0.024995853
0.024995853
0.024995853
0.024995854
0.024995854
0.024995854
0.024995854
0.024995854
0.024995854
0.024995854
0.024995854
0.024995854
0.024995854
0.024995854
0.024995854
0.024995854
0.024995853
0.024995853
0.024995853
0.024995853
0.024995853
0.024995853
0.024995854
0.024995854
0.024995854
0.024995854
0.024995854
0.024995854
0.024995854
0.024995854
0.024995854
0.024995854
0.024995854
0.024995854
0.024995854
0.024995854
0.024995854
0.024995854
0.024995853
0.024995853
0.024995853
0.024995854
0.024995854
0.024995854
0.024995854
0.024995854
0.024995854
0.024995854
0.024995854
0.024995854
0.024995854
0.024995854
0.024995854
0.024995854
0.024995854
0.024995854
0.024995854
0.024995854
0.024995854
0.024995853
0.024995854
0.024995854
0.024995854
0.024995854
0.024995854
0.024995854
0.024995854
0.024995854
0.024995854
0.024995854
0.024995854
0.024995854
0.024995854
0.024995854
0.024995854
0.024995854
0.024995854
0.024995854
0.024995854
0.024995854
0.024995848
0.024995847
0.024995847
0.024995847
0.024995847
0.024995847
0.024995847
0.024995847
0.024995847
0.024995847
0.024995847
0.024995847
0.024995847
0.024995847
0.024995847
0.024995847
0.024995847
0.024995847
0.024995847
0.024995848
0.024995848
0.024995848
0.024995848
0.024995848
0.024995848
0.024995848
0.024995848
0.024995848
0.024995848
0.024995848
0.024995848
0.024995848
0.024995848
0.024995848
0.024995848
0.024995848
0.024995848
0.024995848
0.024995848
0.024995848
0.024995849
0.024995849
0.024995849
0.024995848
0.024995848
0.024995848
0.024995848
0.024995848
0.024995848
0.024995848
0.024995848
0.024995848
0.024995848
0.024995848
0.024995848
0.024995848
0.024995848
0.024995848
0.024995849
0.024995849
0.024995849
0.024995849
0.024995849
0.024995849
0.024995849
0.024995849
0.024995849
0.024995849
0.024995849
0.024995849
0.024995849
0.024995849
0.024995849
0.024995849
0.024995849
0.024995849
0.024995849
0.024995849
0.024995849
0.024995849
0.02499585
0.02499585
0.02499585
0.024995849
0.024995849
0.024995849
0.024995849
0.024995849
0.024995849
0.024995849
0.024995849
0.024995849
0.024995849
0.024995849
0.024995849
0.024995849
0.024995849
0.024995849
0.024995849
0.02499585
0.02499585
0.02499585
0.02499585
0.02499585
0.02499585
0.02499585
0.02499585
0.02499585
0.02499585
0.02499585
0.02499585
0.02499585
0.02499585
0.02499585
0.02499585
0.02499585
0.02499585
0.02499585
0.02499585
0.02499585
0.02499585
0.02499585
0.02499585
0.02499585
0.02499585
0.02499585
0.02499585
0.02499585
0.02499585
0.02499585
0.02499585
0.02499585
0.02499585
0.02499585
0.02499585
0.02499585
0.02499585
0.02499585
0.02499585
0.02499585
0.024995851
0.024995851
0.024995851
0.024995851
0.024995851
0.024995851
0.024995851
0.024995851
0.024995851
0.024995851
0.024995851
0.024995851
0.024995851
0.024995851
0.024995851
0.024995851
0.024995851
0.024995851
0.024995851
0.02499585
0.024995851
0.024995851
0.024995851
0.024995851
0.024995851
0.024995851
0.024995851
0.024995851
0.024995851
0.024995851
0.024995851
0.024995851
0.024995851
0.024995851
0.024995851
0.024995851
0.024995851
0.024995851
0.024995851
0.024995851
0.024995851
0.024995851
0.024995851
0.024995851
0.024995851
0.024995852
0.024995852
0.024995852
0.024995852
0.024995852
0.024995852
0.024995852
0.024995852
0.024995852
0.024995851
0.024995851
0.024995851
0.024995851
0.024995851
0.024995851
0.024995851
0.024995852
0.024995852
0.024995852
0.024995852
0.024995852
0.024995852
0.024995852
0.024995852
0.024995852
0.024995852
0.024995852
0.024995852
0.024995852
0.024995852
0.024995852
0.024995852
0.024995852
0.024995851
0.024995851
0.024995852
0.024995852
0.024995852
0.024995852
0.024995852
0.024995852
0.024995852
0.024995852
0.024995852
0.024995852
0.024995852
0.024995852
0.024995852
0.024995852
0.024995852
0.024995852
0.024995852
0.024995852
0.024995852
0.024995852
0.024995852
0.024995852
0.024995852
0.024995852
0.024995852
0.024995853
0.024995853
0.024995853
0.024995853
0.024995853
0.024995853
0.024995853
0.024995853
0.024995853
0.024995853
0.024995852
0.024995852
0.024995852
0.024995852
0.024995852
0.024995852
0.024995852
0.024995853
0.024995853
0.024995853
0.024995853
0.024995853
0.024995853
0.024995853
0.024995853
0.024995853
0.024995853
0.024995853
0.024995853
0.024995853
0.024995853
0.024995853
0.024995852
0.024995852
0.024995852
0.024995852
0.024995853
0.024995853
0.024995853
0.024995853
0.024995853
0.024995853
0.024995853
0.024995853
0.024995853
0.024995853
0.024995853
0.024995853
0.024995853
0.024995853
0.024995853
0.024995853
0.024995853
0.024995853
0.024995852
0.024995853
0.024995853
0.024995853
0.024995853
0.024995853
0.024995853
0.024995853
0.024995853
0.024995853
0.024995853
0.024995853
0.024995853
0.024995853
0.024995853
0.024995853
0.024995853
0.024995853
0.024995853
0.024995853
0.024995853
0.024995853
0.024995853
0.024995853
0.024995853
0.024995854
0.024995854
0.024995854
0.024995854
0.024995854
0.024995854
0.024995854
0.024995854
0.024995854
0.024995854
0.024995854
0.024995854
0.024995853
0.024995853
0.024995853
0.024995853
0.024995853
0.024995853
0.024995854
0.024995854
0.024995854
0.024995854
0.024995854
0.024995854
0.024995854
0.024995854
0.024995854
0.024995854
0.024995854
0.024995854
0.024995854
0.024995854
0.024995854
0.024995853
0.024995853
0.024995853
0.024995853
0.024995854
0.024995854
0.024995854
0.024995854
0.024995854
0.024995854
0.024995854
0.024995854
0.024995854
0.024995854
0.024995854
0.024995854
0.024995854
0.024995854
0.024995854
0.024995854
0.024995854
0.024995854
0.024995853
0.024995854
0.024995854
0.024995854
0.024995854
0.024995854
0.024995854
0.024995854
0.024995854
0.024995854
0.024995854
0.024995854
0.024995854
0.024995854
0.024995854
0.024995854
0.024995854
0.024995854
0.024995854
0.024995854
0.024995854
0.024995848
0.024995847
0.024995847
0.024995847
0.024995847
0.024995847
0.024995847
0.024995847
0.024995847
0.024995847
0.024995847
0.024995847
0.024995847
0.024995847
0.024995847
0.024995847
0.024995847
0.024995847
0.024995847
0.024995848
0.024995848
0.024995848
0.024995848
0.024995848
0.024995848
0.024995848
0.024995848
0.024995848
0.024995848
0.024995848
0.024995848
0.024995848
0.024995848
0.024995848
0.024995848
0.024995848
0.024995848
0.024995848
0.024995848
0.024995848
0.024995849
0.024995849
0.024995849
0.024995848
0.024995848
0.024995848
0.024995848
0.024995848
0.024995848
0.024995848
0.024995848
0.024995848
0.024995848
0.024995848
0.024995848
0.024995848
0.024995848
0.024995848
0.024995849
0.024995849
0.024995849
0.024995849
0.024995849
0.024995849
0.024995849
0.024995849
0.024995849
0.024995849
0.024995849
0.024995849
0.024995849
0.024995849
0.024995849
0.024995849
0.024995849
0.024995849
0.024995849
0.024995849
0.024995849
0.024995849
0.02499585
0.02499585
0.02499585
0.024995849
0.024995849
0.024995849
0.024995849
0.024995849
0.024995849
0.024995849
0.024995849
0.024995849
0.024995849
0.024995849
0.024995849
0.024995849
0.024995849
0.024995849
0.02499585
0.02499585
0.02499585
0.02499585
0.02499585
0.02499585
0.02499585
0.02499585
0.02499585
0.02499585
0.02499585
0.02499585
0.02499585
0.02499585
0.02499585
0.02499585
0.02499585
0.02499585
0.02499585
0.02499585
0.02499585
0.02499585
0.02499585
0.02499585
0.02499585
0.02499585
0.02499585
0.02499585
0.02499585
0.02499585
0.02499585
0.02499585
0.02499585
0.02499585
0.02499585
0.02499585
0.02499585
0.02499585
0.02499585
0.02499585
0.02499585
0.02499585
0.024995851
0.024995851
0.024995851
0.024995851
0.024995851
0.024995851
0.024995851
0.024995851
0.024995851
0.024995851
0.024995851
0.024995851
0.024995851
0.024995851
0.024995851
0.024995851
0.024995851
0.024995851
0.024995851
0.024995851
0.024995851
0.024995851
0.024995851
0.024995851
0.024995851
0.024995851
0.024995851
0.024995851
0.024995851
0.024995851
0.024995851
0.024995851
0.024995851
0.024995851
0.024995851
0.024995851
0.024995851
0.024995851
0.024995851
0.024995851
0.024995851
0.024995851
0.024995851
0.024995851
0.024995851
0.024995852
0.024995852
0.024995852
0.024995852
0.024995852
0.024995852
0.024995852
0.024995852
0.024995852
0.024995851
0.024995851
0.024995851
0.024995851
0.024995851
0.024995851
0.024995851
0.024995852
0.024995852
0.024995852
0.024995852
0.024995852
0.024995852
0.024995852
0.024995852
0.024995852
0.024995852
0.024995852
0.024995852
0.024995852
0.024995852
0.024995852
0.024995852
0.024995852
0.024995852
0.024995851
0.024995852
0.024995852
0.024995852
0.024995852
0.024995852
0.024995852
0.024995852
0.024995852
0.024995852
0.024995852
0.024995852
0.024995852
0.024995852
0.024995852
0.024995852
0.024995852
0.024995852
0.024995852
0.024995852
0.024995852
0.024995852
0.024995852
0.024995852
0.024995852
0.024995852
0.024995853
0.024995853
0.024995853
0.024995853
0.024995853
0.024995853
0.024995853
0.024995853
0.024995853
0.024995852
0.024995852
0.024995852
0.024995852
0.024995852
0.024995852
0.024995852
0.024995852
0.024995853
0.024995853
0.024995853
0.024995853
0.024995853
0.024995853
0.024995853
0.024995853
0.024995853
0.024995853
0.024995853
0.024995853
0.024995853
0.024995853
0.024995853
0.024995852
0.024995852
0.024995852
0.024995852
0.024995853
0.024995853
0.024995853
0.024995853
0.024995853
0.024995853
0.024995853
0.024995853
0.024995853
0.024995853
0.024995853
0.024995853
0.024995853
0.024995853
0.024995853
0.024995853
0.024995853
0.024995853
0.024995852
0.024995853
0.024995853
0.024995853
0.024995853
0.024995853
0.024995853
0.024995853
0.024995853
0.024995854
0.024995854
0.024995854
0.024995854
0.024995853
0.024995853
0.024995853
0.024995853
0.024995853
0.024995853
0.024995853
0.024995853
0.024995853
0.024995853
0.024995853
0.024995853
0.024995854
0.024995854
0.024995854
0.024995854
0.024995854
0.024995854
0.024995854
0.024995854
0.024995854
0.024995854
0.024995854
0.024995854
0.024995853
0.024995853
0.024995853
0.024995853
0.024995853
0.024995853
0.024995854
0.024995854
0.024995854
0.024995854
0.024995854
0.024995854
0.024995854
0.024995854
0.024995854
0.024995854
0.024995854
0.024995854
0.024995854
0.024995854
0.024995854
0.024995854
0.024995853
0.024995853
0.024995853
0.024995854
0.024995854
0.024995854
0.024995854
0.024995854
0.024995854
0.024995854
0.024995854
0.024995854
0.024995854
0.024995854
0.024995854
0.024995854
0.024995854
0.024995854
0.024995854
0.024995854
0.024995854
0.024995853
0.024995854
0.024995854
0.024995854
0.024995854
0.024995854
0.024995854
0.024995854
0.024995854
0.024995854
0.024995854
0.024995854
0.024995854
0.024995854
0.024995854
0.024995854
0.024995854
0.024995854
0.024995854
0.024995854
0.024995854
0.024995848
0.024995847
0.024995847
0.024995847
0.024995847
0.024995847
0.024995847
0.024995847
0.024995847
0.024995847
0.024995847
0.024995847
0.024995847
0.024995847
0.024995847
0.024995847
0.024995847
0.024995847
0.024995847
0.024995848
0.024995848
0.024995848
0.024995848
0.024995848
0.024995848
0.024995848
0.024995848
0.024995848
0.024995848
0.024995847
0.024995847
0.024995847
0.024995848
0.024995848
0.024995848
0.024995848
0.024995848
0.024995848
0.024995848
0.024995848
0.024995849
0.024995849
0.024995849
0.024995848
0.024995848
0.024995848
0.024995848
0.024995848
0.024995848
0.024995848
0.024995848
0.024995848
0.024995848
0.024995848
0.024995848
0.024995848
0.024995848
0.024995848
0.024995849
0.024995849
0.024995849
0.024995849
0.024995849
0.024995849
0.024995849
0.024995849
0.024995849
0.024995849
0.024995849
0.024995849
0.024995849
0.024995849
0.024995849
0.024995849
0.024995849
0.024995849
0.024995849
0.024995849
0.024995849
0.024995849
0.02499585
0.02499585
0.024995849
0.024995849
0.024995849
0.024995849
0.024995849
0.024995849
0.024995849
0.024995849
0.024995849
0.024995849
0.024995849
0.024995849
0.024995849
0.024995849
0.024995849
0.024995849
0.024995849
0.02499585
0.02499585
0.02499585
0.02499585
0.02499585
0.02499585
0.02499585
0.02499585
0.02499585
0.02499585
0.02499585
0.02499585
0.02499585
0.02499585
0.02499585
0.02499585
0.02499585
0.02499585
0.02499585
0.02499585
0.02499585
0.02499585
0.02499585
0.02499585
0.02499585
0.02499585
0.02499585
0.02499585
0.02499585
0.02499585
0.02499585
0.02499585
0.02499585
0.02499585
0.02499585
0.02499585
0.02499585
0.02499585
0.02499585
0.02499585
0.02499585
0.024995851
0.024995851
0.024995851
0.024995851
0.024995851
0.024995851
0.024995851
0.024995851
0.024995851
0.024995851
0.024995851
0.024995851
0.024995851
0.024995851
0.024995851
0.024995851
0.024995851
0.024995851
0.024995851
0.02499585
0.024995851
0.024995851
0.024995851
0.024995851
0.024995851
0.024995851
0.024995851
0.024995851
0.024995851
0.024995851
0.024995851
0.024995851
0.024995851
0.024995851
0.024995851
0.024995851
0.024995851
0.024995851
0.024995851
0.024995851
0.024995851
0.024995851
0.024995851
0.024995851
0.024995851
0.024995852
0.024995852
0.024995852
0.024995852
0.024995852
0.024995852
0.024995852
0.024995852
0.024995852
0.024995851
0.024995851
0.024995851
0.024995851
0.024995851
0.024995851
0.024995851
0.024995852
0.024995852
0.024995852
0.024995852
0.024995852
0.024995852
0.024995852
0.024995852
0.024995852
0.024995852
0.024995852
0.024995852
0.024995852
0.024995852
0.024995852
0.024995852
0.024995852
0.024995851
0.024995851
0.024995852
0.024995852
0.024995852
0.024995852
0.024995852
0.024995852
0.024995852
0.024995852
0.024995852
0.024995852
0.024995852
0.024995852
0.024995852
0.024995852
0.024995852
0.024995852
0.024995852
0.024995852
0.024995852
0.024995852
0.024995852
0.024995852
0.024995852
0.024995852
0.024995852
0.024995853
0.024995853
0.024995853
0.024995853
0.024995853
0.024995853
0.024995853
0.024995853
0.024995853
0.024995852
0.024995852
0.024995852
0.024995852
0.024995852
0.024995852
0.024995852
0.024995852
0.024995852
0.024995853
0.024995853
0.024995853
0.024995853
0.024995853
0.024995853
0.024995853
0.024995853
0.024995853
0.024995853
0.024995853
0.024995853
0.024995853
0.024995853
0.024995852
0.024995852
0.024995852
0.024995852
0.024995853
0.024995853
0.024995853
0.024995853
0.024995853
0.024995853
0.024995853
0.024995853
0.024995853
0.024995853
0.024995853
0.024995853
0.024995853
0.024995853
0.024995853
0.024995853
0.024995853
0.024995853
0.024995852
0.024995853
0.024995853
0.024995853
0.024995853
0.024995853
0.024995853
0.024995853
0.024995853
0.024995853
0.024995854
0.024995854
0.024995853
0.024995853
0.024995853
0.024995853
0.024995853
0.024995853
0.024995853
0.024995853
0.024995853
0.024995853
0.024995853
0.024995853
0.024995853
0.024995854
0.024995854
0.024995854
0.024995854
0.024995854
0.024995854
0.024995854
0.024995854
0.024995854
0.024995854
0.024995854
0.024995853
0.024995853
0.024995853
0.024995853
0.024995853
0.024995853
0.024995853
0.024995854
0.024995854
0.024995854
0.024995854
0.024995854
0.024995854
0.024995854
0.024995854
0.024995854
0.024995854
0.024995854
0.024995854
0.024995854
0.024995854
0.024995854
0.024995853
0.024995853
0.024995853
0.024995853
0.024995854
0.024995854
0.024995854
0.024995854
0.024995854
0.024995854
0.024995854
0.024995854
0.024995854
0.024995854
0.024995854
0.024995854
0.024995854
0.024995854
0.024995854
0.024995854
0.024995854
0.024995854
0.024995853
0.024995854
0.024995854
0.024995854
0.024995854
0.024995854
0.024995854
0.024995854
0.024995854
0.024995854
0.024995854
0.024995854
0.024995854
0.024995854
0.024995854
0.024995854
0.024995854
0.024995854
0.024995854
0.024995854
0.024995854
0.024995848
0.024995847
0.024995847
0.024995847
0.024995847
0.024995847
0.024995847
0.024995847
0.024995847
0.024995847
0.024995847
0.024995847
0.024995847
0.024995847
0.024995847
0.024995847
0.024995847
0.024995847
0.024995847
0.024995848
0.024995848
0.024995848
0.024995848
0.024995848
0.024995848
0.024995848
0.024995848
0.024995847
0.024995847
0.024995847
0.024995847
0.024995847
0.024995847
0.024995847
0.024995848
0.024995848
0.024995848
0.024995848
0.024995848
0.024995848
0.024995849
0.024995849
0.024995848
0.024995848
0.024995848
0.024995848
0.024995848
0.024995848
0.024995848
0.024995848
0.024995848
0.024995848
0.024995848
0.024995848
0.024995848
0.024995848
0.024995848
0.024995848
0.024995849
0.024995849
0.024995849
0.024995849
0.024995849
0.024995849
0.024995849
0.024995849
0.024995849
0.024995849
0.024995849
0.024995849
0.024995849
0.024995849
0.024995849
0.024995849
0.024995849
0.024995849
0.024995849
0.024995849
0.024995849
0.024995849
0.02499585
0.024995849
0.024995849
0.024995849
0.024995849
0.024995849
0.024995849
0.024995849
0.024995849
0.024995849
0.024995849
0.024995849
0.024995849
0.024995849
0.024995849
0.024995849
0.024995849
0.024995849
0.024995849
0.024995849
0.02499585
0.02499585
0.02499585
0.02499585
0.02499585
0.02499585
0.02499585
0.02499585
0.02499585
0.02499585
0.02499585
0.02499585
0.02499585
0.02499585
0.02499585
0.02499585
0.02499585
0.02499585
0.02499585
0.02499585
0.02499585
0.02499585
0.02499585
0.02499585
0.02499585
0.02499585
0.02499585
0.02499585
0.02499585
0.02499585
0.02499585
0.02499585
0.02499585
0.02499585
0.02499585
0.02499585
0.02499585
0.02499585
0.02499585
0.02499585
0.02499585
0.024995851
0.024995851
0.024995851
0.024995851
0.024995851
0.024995851
0.024995851
0.024995851
0.024995851
0.024995851
0.024995851
0.024995851
0.024995851
0.024995851
0.024995851
0.024995851
0.024995851
0.02499585
0.02499585
0.024995851
0.024995851
0.024995851
0.024995851
0.024995851
0.024995851
0.024995851
0.024995851
0.024995851
0.024995851
0.024995851
0.024995851
0.024995851
0.024995851
0.024995851
0.024995851
0.024995851
0.024995851
0.024995851
0.024995851
0.024995851
0.024995851
0.024995851
0.024995851
0.024995851
0.024995851
0.024995852
0.024995852
0.024995852
0.024995852
0.024995852
0.024995852
0.024995852
0.024995851
0.024995851
0.024995851
0.024995851
0.024995851
0.024995851
0.024995851
0.024995851
0.024995851
0.024995852
0.024995852
0.024995852
0.024995852
0.024995852
0.024995852
0.024995852
0.024995852
0.024995852
0.024995852
0.024995852
0.024995852
0.024995852
0.024995852
0.024995852
0.024995852
0.024995851
0.024995851
0.024995852
0.024995852
0.024995852
0.024995852
0.024995852
0.024995852
0.024995852
0.024995852
0.024995852
0.024995852
0.024995852
0.024995852
0.024995852
0.024995852
0.024995852
0.024995852
0.024995852
0.024995852
0.024995852
0.024995852
0.024995852
0.024995852
0.024995852
0.024995852
0.024995852
0.024995852
0.024995853
0.024995853
0.024995853
0.024995853
0.024995853
0.024995853
0.024995853
0.024995852
0.024995852
0.024995852
0.024995852
0.024995852
0.024995852
0.024995852
0.024995852
0.024995852
0.024995852
0.024995853
0.024995853
0.024995853
0.024995853
0.024995853
0.024995853
0.024995853
0.024995853
0.024995853
0.024995853
0.024995853
0.024995853
0.024995853
0.024995853
0.024995852
0.024995852
0.024995852
0.024995852
0.024995853
0.024995853
0.024995853
0.024995853
0.024995853
0.024995853
0.024995853
0.024995853
0.024995853
0.024995853
0.024995853
0.024995853
0.024995853
0.024995853
0.024995853
0.024995853
0.024995853
0.024995852
0.024995852
0.024995853
0.024995853
0.024995853
0.024995853
0.024995853
0.024995853
0.024995853
0.024995853
0.024995853
0.024995853
0.024995853
0.024995853
0.024995853
0.024995853
0.024995853
0.024995853
0.024995853
0.024995853
0.024995853
0.024995853
0.024995853
0.024995853
0.024995853
0.024995853
0.024995853
0.024995854
0.024995854
0.024995854
0.024995854
0.024995854
0.024995854
0.024995854
0.024995854
0.024995854
0.024995854
0.024995853
0.024995853
0.024995853
0.024995853
0.024995853
0.024995853
0.024995853
0.024995853
0.024995854
0.024995854
0.024995854
0.024995854
0.024995854
0.024995854
0.024995854
0.024995854
0.024995854
0.024995854
0.024995854
0.024995854
0.024995854
0.024995854
0.024995853
0.024995853
0.024995853
0.024995853
0.024995854
0.024995854
0.024995854
0.024995854
0.024995854
0.024995854
0.024995854
0.024995854
0.024995854
0.024995854
0.024995854
0.024995854
0.024995854
0.024995854
0.024995854
0.024995854
0.024995854
0.024995853
0.024995853
0.024995854
0.024995854
0.024995854
0.024995854
0.024995854
0.024995854
0.024995854
0.024995854
0.024995854
0.024995854
0.024995854
0.024995854
0.024995854
0.024995854
0.024995854
0.024995854
0.024995854
0.024995854
0.024995854
0.024995854
0.024995848
0.024995847
0.024995847
0.024995847
0.024995847
0.024995847
0.024995847
0.024995847
0.024995847
0.024995847
0.024995847
0.024995847
0.024995847
0.024995847
0.024995847
0.024995847
0.024995847
0.024995847
0.024995847
0.024995848
0.024995848
0.024995848
0.024995848
0.024995848
0.024995848
0.024995848
0.024995848
0.024995847
0.024995847
0.024995847
0.024995847
0.024995847
0.024995847
0.024995847
0.024995848
0.024995848
0.024995848
0.024995848
0.024995848
0.024995848
0.024995849
0.024995849
0.024995848
0.024995848
0.024995848
0.024995848
0.024995848
0.024995848
0.024995848
0.024995848
0.024995848
0.024995848
0.024995848
0.024995848
0.024995848
0.024995848
0.024995848
0.024995848
0.024995849
0.024995849
0.024995849
0.024995849
0.024995849
0.024995849
0.024995849
0.024995849
0.024995849
0.024995849
0.024995849
0.024995849
0.024995849
0.024995849
0.024995849
0.024995849
0.024995849
0.024995849
0.024995849
0.024995849
0.024995849
0.024995849
0.02499585
0.024995849
0.024995849
0.024995849
0.024995849
0.024995849
0.024995849
0.024995849
0.024995849
0.024995849
0.024995849
0.024995849
0.024995849
0.024995849
0.024995849
0.024995849
0.024995849
0.024995849
0.024995849
0.024995849
0.02499585
0.02499585
0.02499585
0.02499585
0.02499585
0.02499585
0.02499585
0.02499585
0.02499585
0.02499585
0.02499585
0.02499585
0.02499585
0.02499585
0.02499585
0.02499585
0.02499585
0.02499585
0.02499585
0.02499585
0.02499585
0.02499585
0.02499585
0.02499585
0.02499585
0.02499585
0.02499585
0.02499585
0.02499585
0.02499585
0.02499585
0.02499585
0.02499585
0.02499585
0.02499585
0.02499585
0.02499585
0.02499585
0.02499585
0.02499585
0.02499585
0.024995851
0.024995851
0.024995851
0.024995851
0.024995851
0.024995851
0.024995851
0.024995851
0.024995851
0.024995851
0.024995851
0.024995851
0.024995851
0.024995851
0.024995851
0.024995851
0.024995851
0.02499585
0.02499585
0.024995851
0.024995851
0.024995851
0.024995851
0.024995851
0.024995851
0.024995851
0.024995851
0.024995851
0.024995851
0.024995851
0.024995851
0.024995851
0.024995851
0.024995851
0.024995851
0.024995851
0.024995851
0.024995851
0.024995851
0.024995851
0.024995851
0.024995851
0.024995851
0.024995851
0.024995851
0.024995851
0.024995851
0.024995851
0.024995851
0.024995851
0.024995851
0.024995851
0.024995851
0.024995851
0.024995851
0.024995851
0.024995851
0.024995851
0.024995851
0.024995851
0.024995851
0.024995852
0.024995852
0.024995852
0.024995852
0.024995852
0.024995852
0.024995852
0.024995852
0.024995852
0.024995852
0.024995852
0.024995852
0.024995852
0.024995852
0.024995852
0.024995852
0.024995851
0.024995851
0.024995852
0.024995852
0.024995852
0.024995852
0.024995852
0.024995852
0.024995852
0.024995852
0.024995852
0.024995852
0.024995852
0.024995852
0.024995852
0.024995852
0.024995852
0.024995852
0.024995852
0.024995852
0.024995852
0.024995852
0.024995852
0.024995852
0.024995852
0.024995852
0.024995852
0.024995852
0.024995853
0.024995853
0.024995853
0.024995853
0.024995853
0.024995853
0.024995852
0.024995852
0.024995852
0.024995852
0.024995852
0.024995852
0.024995852
0.024995852
0.024995852
0.024995852
0.024995852
0.024995853
0.024995853
0.024995853
0.024995853
0.024995853
0.024995853
0.024995853
0.024995853
0.024995853
0.024995853
0.024995853
0.024995853
0.024995853
0.024995853
0.024995852
0.024995852
0.024995852
0.024995852
0.024995853
0.024995853
0.024995853
0.024995853
0.024995853
0.024995853
0.024995853
0.024995853
0.024995853
0.024995853
0.024995853
0.024995853
0.024995853
0.024995853
0.024995853
0.024995853
0.024995853
0.024995852
0.024995852
0.024995853
0.024995853
0.024995853
0.024995853
0.024995853
0.024995853
0.024995853
0.024995853
0.024995853
0.024995853
0.024995853
0.024995853
0.024995853
0.024995853
0.024995853
0.024995853
0.024995853
0.024995853
0.024995853
0.024995853
0.024995853
0.024995853
0.024995853
0.024995853
0.024995853
0.024995853
0.024995854
0.024995854
0.024995854
0.024995854
0.024995854
0.024995854
0.024995854
0.024995854
0.024995853
0.024995853
0.024995853
0.024995853
0.024995853
0.024995853
0.024995853
0.024995853
0.024995853
0.024995854
0.024995854
0.024995854
0.024995854
0.024995854
0.024995854
0.024995854
0.024995854
0.024995854
0.024995854
0.024995854
0.024995854
0.024995854
0.024995854
0.024995853
0.024995853
0.024995853
0.024995853
0.024995854
0.024995854
0.024995854
0.024995854
0.024995854
0.024995854
0.024995854
0.024995854
0.024995854
0.024995854
0.024995854
0.024995854
0.024995854
0.024995854
0.024995854
0.024995854
0.024995854
0.024995853
0.024995853
0.024995854
0.024995854
0.024995854
0.024995854
0.024995854
0.024995854
0.024995854
0.024995854
0.024995854
0.024995854
0.024995854
0.024995854
0.024995854
0.024995854
0.024995854
0.024995854
0.024995854
0.024995854
0.024995854
0.024995854
)
;

boundaryField
{
    inlet
    {
        type            fixedValue;
        value           uniform 0.01;
    }
    outlet
    {
        type            inletOutlet;
        inletValue      uniform 0.01;
        value           nonuniform List<scalar> 
400
(
0.024995848
0.024995848
0.024995849
0.024995849
0.02499585
0.02499585
0.02499585
0.02499585
0.024995851
0.024995851
0.024995851
0.024995852
0.024995852
0.024995852
0.024995852
0.024995853
0.024995853
0.024995853
0.024995853
0.024995854
0.024995847
0.024995848
0.024995849
0.024995849
0.024995849
0.02499585
0.02499585
0.024995851
0.024995851
0.024995851
0.024995851
0.024995852
0.024995852
0.024995852
0.024995853
0.024995853
0.024995853
0.024995853
0.024995854
0.024995854
0.024995847
0.024995848
0.024995848
0.024995849
0.024995849
0.02499585
0.02499585
0.024995851
0.024995851
0.024995851
0.024995852
0.024995852
0.024995852
0.024995852
0.024995853
0.024995853
0.024995853
0.024995853
0.024995854
0.024995854
0.024995847
0.024995848
0.024995848
0.024995849
0.024995849
0.02499585
0.02499585
0.024995851
0.024995851
0.024995851
0.024995852
0.024995852
0.024995852
0.024995853
0.024995853
0.024995853
0.024995853
0.024995854
0.024995854
0.024995854
0.024995847
0.024995848
0.024995848
0.024995849
0.024995849
0.02499585
0.02499585
0.024995851
0.024995851
0.024995851
0.024995852
0.024995852
0.024995852
0.024995853
0.024995853
0.024995853
0.024995853
0.024995854
0.024995854
0.024995854
0.024995847
0.024995848
0.024995848
0.024995849
0.024995849
0.02499585
0.02499585
0.024995851
0.024995851
0.024995851
0.024995852
0.024995852
0.024995852
0.024995853
0.024995853
0.024995853
0.024995853
0.024995854
0.024995854
0.024995854
0.024995847
0.024995848
0.024995848
0.024995849
0.024995849
0.02499585
0.02499585
0.024995851
0.024995851
0.024995852
0.024995852
0.024995852
0.024995853
0.024995853
0.024995853
0.024995853
0.024995854
0.024995854
0.024995854
0.024995854
0.024995847
0.024995847
0.024995848
0.024995849
0.024995849
0.02499585
0.02499585
0.024995851
0.024995851
0.024995852
0.024995852
0.024995852
0.024995853
0.024995853
0.024995853
0.024995853
0.024995854
0.024995854
0.024995854
0.024995854
0.024995847
0.024995847
0.024995848
0.024995849
0.024995849
0.02499585
0.02499585
0.024995851
0.024995851
0.024995851
0.024995852
0.024995852
0.024995853
0.024995853
0.024995853
0.024995853
0.024995854
0.024995854
0.024995854
0.024995854
0.024995847
0.024995847
0.024995848
0.024995849
0.024995849
0.02499585
0.02499585
0.024995851
0.024995851
0.024995851
0.024995852
0.024995852
0.024995853
0.024995853
0.024995853
0.024995854
0.024995854
0.024995854
0.024995854
0.024995854
0.024995847
0.024995847
0.024995848
0.024995849
0.024995849
0.02499585
0.02499585
0.024995851
0.024995851
0.024995851
0.024995852
0.024995852
0.024995853
0.024995853
0.024995853
0.024995853
0.024995854
0.024995854
0.024995854
0.024995854
0.024995847
0.024995847
0.024995848
0.024995849
0.024995849
0.02499585
0.02499585
0.024995851
0.024995851
0.024995851
0.024995852
0.024995852
0.024995853
0.024995853
0.024995853
0.024995853
0.024995854
0.024995854
0.024995854
0.024995854
0.024995847
0.024995847
0.024995848
0.024995849
0.024995849
0.02499585
0.02499585
0.024995851
0.024995851
0.024995852
0.024995852
0.024995852
0.024995852
0.024995853
0.024995853
0.024995853
0.024995854
0.024995854
0.024995854
0.024995854
0.024995847
0.024995847
0.024995848
0.024995849
0.024995849
0.02499585
0.02499585
0.024995851
0.024995851
0.024995852
0.024995852
0.024995852
0.024995852
0.024995853
0.024995853
0.024995853
0.024995854
0.024995854
0.024995854
0.024995854
0.024995847
0.024995848
0.024995848
0.024995849
0.024995849
0.02499585
0.02499585
0.024995851
0.024995851
0.024995851
0.024995852
0.024995852
0.024995852
0.024995853
0.024995853
0.024995853
0.024995854
0.024995854
0.024995854
0.024995854
0.024995847
0.024995848
0.024995848
0.024995849
0.024995849
0.02499585
0.02499585
0.024995851
0.024995851
0.024995851
0.024995852
0.024995852
0.024995852
0.024995853
0.024995853
0.024995853
0.024995853
0.024995854
0.024995854
0.024995854
0.024995847
0.024995848
0.024995848
0.024995849
0.024995849
0.02499585
0.02499585
0.024995851
0.024995851
0.024995851
0.024995852
0.024995852
0.024995852
0.024995853
0.024995853
0.024995853
0.024995853
0.024995854
0.024995854
0.024995854
0.024995847
0.024995848
0.024995848
0.024995849
0.024995849
0.02499585
0.02499585
0.024995851
0.024995851
0.024995851
0.024995852
0.024995852
0.024995852
0.024995852
0.024995853
0.024995853
0.024995853
0.024995853
0.024995854
0.024995854
0.024995847
0.024995848
0.024995849
0.024995849
0.024995849
0.02499585
0.02499585
0.02499585
0.024995851
0.024995851
0.024995851
0.024995852
0.024995852
0.024995852
0.024995852
0.024995853
0.024995853
0.024995853
0.024995853
0.024995854
0.024995848
0.024995848
0.024995849
0.024995849
0.024995849
0.02499585
0.02499585
0.02499585
0.024995851
0.024995851
0.024995851
0.024995852
0.024995852
0.024995852
0.024995852
0.024995853
0.024995853
0.024995853
0.024995853
0.024995854
)
;
    }
    domain3_to_solid_wall
    {
        type            compressible::turbulentTemperatureCoupledBaffleMixed;
        refValue        nonuniform List<scalar> 
4800
(
0.024993079
0.024993078
0.024993076
0.024993074
0.024993072
0.02499307
0.024993068
0.024993067
0.024993066
0.024993066
0.024993066
0.024993066
0.024993067
0.024993068
0.02499307
0.024993072
0.024993074
0.024993076
0.024993078
0.024993079
0.024994901
0.024994901
0.024994902
0.024994902
0.024994903
0.024994903
0.024994904
0.024994904
0.024994904
0.024994904
0.024994904
0.024994904
0.024994904
0.024994904
0.024994903
0.024994903
0.024994902
0.024994902
0.024994901
0.024994901
0.024995525
0.024995525
0.024995525
0.024995525
0.024995525
0.024995525
0.024995526
0.024995526
0.024995526
0.024995526
0.024995526
0.024995526
0.024995526
0.024995525
0.024995525
0.024995525
0.024995525
0.024995525
0.024995525
0.024995525
0.024995753
0.024995753
0.024995753
0.024995753
0.024995753
0.024995753
0.024995753
0.024995753
0.024995753
0.024995753
0.024995753
0.024995753
0.024995753
0.024995753
0.024995753
0.024995753
0.024995753
0.024995753
0.024995753
0.024995753
0.024995824
0.024995824
0.024995824
0.024995824
0.024995824
0.024995823
0.024995823
0.024995823
0.024995823
0.024995823
0.024995823
0.024995823
0.024995823
0.024995823
0.024995823
0.024995823
0.024995824
0.024995824
0.024995824
0.024995824
0.024995842
0.024995842
0.024995842
0.024995842
0.024995842
0.024995842
0.024995842
0.024995842
0.024995842
0.024995842
0.024995842
0.024995842
0.024995842
0.024995842
0.024995842
0.024995842
0.024995842
0.024995842
0.024995842
0.024995842
0.024995846
0.024995846
0.024995846
0.024995846
0.024995846
0.024995846
0.024995846
0.024995846
0.024995846
0.024995846
0.024995846
0.024995846
0.024995846
0.024995846
0.024995846
0.024995846
0.024995846
0.024995846
0.024995846
0.024995846
0.024995847
0.024995847
0.024995847
0.024995847
0.024995847
0.024995846
0.024995846
0.024995846
0.024995846
0.024995846
0.024995846
0.024995846
0.024995846
0.024995846
0.024995846
0.024995847
0.024995847
0.024995847
0.024995847
0.024995847
0.024995847
0.024995847
0.024995847
0.024995847
0.024995847
0.024995847
0.024995847
0.024995847
0.024995847
0.024995846
0.024995846
0.024995847
0.024995847
0.024995847
0.024995847
0.024995847
0.024995847
0.024995847
0.024995847
0.024995847
0.024995847
0.024995847
0.024995847
0.024995847
0.024995847
0.024995847
0.024995847
0.024995847
0.024995847
0.024995847
0.024995847
0.024995847
0.024995847
0.024995847
0.024995847
0.024995847
0.024995847
0.024995847
0.024995847
0.024995847
0.024995847
0.024995847
0.024995847
0.024995847
0.024995847
0.024995847
0.024995847
0.024995847
0.024995846
0.024995846
0.024995846
0.024995846
0.024995846
0.024995847
0.024995847
0.024995847
0.024995847
0.024995847
0.024995847
0.024995847
0.024995847
0.024995847
0.024995847
0.024995847
0.024995847
0.024995847
0.024995847
0.024995847
0.024995847
0.024995847
0.024995847
0.024995847
0.024995847
0.024995847
0.024995847
0.024995847
0.024995847
0.024995847
0.024995847
0.024995847
0.024995847
0.024995847
0.024995847
0.024995847
0.024995847
0.024995847
0.024995847
0.024995847
0.024995847
0.024995847
0.024995847
0.024995847
0.024995847
0.024995847
0.024995847
0.024995847
0.024995847
0.024995847
0.024995847
0.024995847
0.024995847
0.024995847
0.024995847
0.024995847
0.024995847
0.024995847
0.024995847
0.024995847
0.024995846
0.024995846
0.024995846
0.024995846
0.024995847
0.024995847
0.024995847
0.024995847
0.024995847
0.024995847
0.024995847
0.024995847
0.024995847
0.024995847
0.024995847
0.024995847
0.024995847
0.024995847
0.024995847
0.024995847
0.024995847
0.024995847
0.024995847
0.024995847
0.024995847
0.024995847
0.024995847
0.024995847
0.024995847
0.024995847
0.024995847
0.024995847
0.024995847
0.024995847
0.024995847
0.024995847
0.024995847
0.024995847
0.024995847
0.024995847
0.024995847
0.024995847
0.024995847
0.024995847
0.024995847
0.024995847
0.024995847
0.024995847
0.024995847
0.024995847
0.024995847
0.024995847
0.024995847
0.024995847
0.024995847
0.024995847
0.024995847
0.024995847
0.024995847
0.024995847
0.024995846
0.024995846
0.024995846
0.024995846
0.024995847
0.024995847
0.024995847
0.024995847
0.024995847
0.024995847
0.024995847
0.024995847
0.024995847
0.024995847
0.024995847
0.024995847
0.024995847
0.024995847
0.024995847
0.024995847
0.024995847
0.024995847
0.024995846
0.024995847
0.024995847
0.024995847
0.024995847
0.024995847
0.024995847
0.024995847
0.024995847
0.024995847
0.024995847
0.024995847
0.024995847
0.024995847
0.024995847
0.024995847
0.024995847
0.024995847
0.024995847
0.024995846
0.024995846
0.024995846
0.024995847
0.024995847
0.024995847
0.024995847
0.024995847
0.024995847
0.024995847
0.024995847
0.024995847
0.024995847
0.024995847
0.024995847
0.024995847
0.024995847
0.024995847
0.024995847
0.024995846
0.024995846
0.024995846
0.024995846
0.024995846
0.024995847
0.024995847
0.024995847
0.024995847
0.024995847
0.024995847
0.024995847
0.024995847
0.024995847
0.024995847
0.024995847
0.024995847
0.024995847
0.024995847
0.024995847
0.024995847
0.024995847
0.024995847
0.024995847
0.024995847
0.024995847
0.024995847
0.024995847
0.024995847
0.024995847
0.024995847
0.024995847
0.024995847
0.024995847
0.024995847
0.024995847
0.024995847
0.024995847
0.024995847
0.024995847
0.024995847
0.024995847
0.024995846
0.024995847
0.024995847
0.024995847
0.024995847
0.024995847
0.024995847
0.024995847
0.024995847
0.024995847
0.024995847
0.024995847
0.024995847
0.024995847
0.024995847
0.024995847
0.024995847
0.024995847
0.024995846
0.024995846
0.024995846
0.024995846
0.024995846
0.024995847
0.024995847
0.024995847
0.024995847
0.024995847
0.024995847
0.024995847
0.024995847
0.024995847
0.024995847
0.024995847
0.024995847
0.024995847
0.024995847
0.024995847
0.024995847
0.024995847
0.024995847
0.024995847
0.024995847
0.024995847
0.024995847
0.024995847
0.024995847
0.024995847
0.024995847
0.024995847
0.024995847
0.024995847
0.024995847
0.024995847
0.024995847
0.024995847
0.024995847
0.024995847
0.024995847
0.024995847
0.024995847
0.024995847
0.024995847
0.024995847
0.024995847
0.024995847
0.024995847
0.024995847
0.024995847
0.024995847
0.024995847
0.024995847
0.024995847
0.024995847
0.024995847
0.024995847
0.024995847
0.024995847
0.024995846
0.024995846
0.024995846
0.024995846
0.024995847
0.024995847
0.024995847
0.024995847
0.024995847
0.024995847
0.024995847
0.024995847
0.024995847
0.024995847
0.024995847
0.024995847
0.024995847
0.024995847
0.024995847
0.024995847
0.024995847
0.024995847
0.024995847
0.024995847
0.024995847
0.024995847
0.024995847
0.024995847
0.024995847
0.024995847
0.024995847
0.024995847
0.024995847
0.024995847
0.024995847
0.024995847
0.024995847
0.024995847
0.024995847
0.024995847
0.024995847
0.024995846
0.024995846
0.024995846
0.024995847
0.024995847
0.024995847
0.024995847
0.024995847
0.024995847
0.024995847
0.024995847
0.024995847
0.024995847
0.024995847
0.024995847
0.024995847
0.024995847
0.024995847
0.024995847
0.024995846
0.024995846
0.024995846
0.024995846
0.024995846
0.024995847
0.024995847
0.024995847
0.024995847
0.024995847
0.024995847
0.024995847
0.024995847
0.024995847
0.024995847
0.024995847
0.024995847
0.024995847
0.024995847
0.024995847
0.024995847
0.024995847
0.024995846
0.024995847
0.024995847
0.024995847
0.024995847
0.024995847
0.024995847
0.024995847
0.024995847
0.024995847
0.024995847
0.024995847
0.024995847
0.024995847
0.024995847
0.024995847
0.024995847
0.024995847
0.024995847
0.024995846
0.024995846
0.024995847
0.024995847
0.024995847
0.024995847
0.024995847
0.024995847
0.024995847
0.024995847
0.024995847
0.024995847
0.024995847
0.024995847
0.024995847
0.024995847
0.024995847
0.024995847
0.024995847
0.024995846
0.024995846
0.024995846
0.024995846
0.024995846
0.024995847
0.024995847
0.024995847
0.024995847
0.024995847
0.024995847
0.024995847
0.024995847
0.024995847
0.024995847
0.024995847
0.024995847
0.024995847
0.024995847
0.024995847
0.024995847
0.024995847
0.024995847
0.024995847
0.024995847
0.024995847
0.024995847
0.024995847
0.024995847
0.024995847
0.024995847
0.024995847
0.024995847
0.024995847
0.024995847
0.024995847
0.024995847
0.024995847
0.024995847
0.024995847
0.024995847
0.024995847
0.024995846
0.024995847
0.024995847
0.024995847
0.024995847
0.024995847
0.024995847
0.024995847
0.024995847
0.024995847
0.024995847
0.024995847
0.024995847
0.024995847
0.024995847
0.024995847
0.024995847
0.024995847
0.024995846
0.024995846
0.024995846
0.024995846
0.024995846
0.024995847
0.024995847
0.024995847
0.024995847
0.024995847
0.024995847
0.024995847
0.024995847
0.024995847
0.024995847
0.024995847
0.024995847
0.024995847
0.024995847
0.024995847
0.024995847
0.024995847
0.024995847
0.024995847
0.024995847
0.024995847
0.024995847
0.024995847
0.024995847
0.024995847
0.024995847
0.024995847
0.024995847
0.024995847
0.024995847
0.024995847
0.024995847
0.024995847
0.024995847
0.024995847
0.024995847
0.024995846
0.024995846
0.024995846
0.024995847
0.024995847
0.024995847
0.024995847
0.024995847
0.024995847
0.024995847
0.024995847
0.024995847
0.024995847
0.024995847
0.024995847
0.024995847
0.024995847
0.024995847
0.024995847
0.024995846
0.024995846
0.024995846
0.024995846
0.024995846
0.024995847
0.024995847
0.024995847
0.024995847
0.024995847
0.024995847
0.024995847
0.024995847
0.024995847
0.024995847
0.024995847
0.024995847
0.024995847
0.024995847
0.024995847
0.024995847
0.024995847
0.024995847
0.024995847
0.024995847
0.024995847
0.024995847
0.024995847
0.024995847
0.024995847
0.024995847
0.024995847
0.024995847
0.024995847
0.024995847
0.024995847
0.024995847
0.024995847
0.024995847
0.024995847
0.024995847
0.024995846
0.024995846
0.024995846
0.024995847
0.024995847
0.024995847
0.024995847
0.024995847
0.024995847
0.024995847
0.024995847
0.024995847
0.024995847
0.024995847
0.024995847
0.024995847
0.024995847
0.024995847
0.024995846
0.024995846
0.024995846
0.024995846
0.024995846
0.024995846
0.024995847
0.024995847
0.024995847
0.024995847
0.024995847
0.024995847
0.024995847
0.024995847
0.024995847
0.024995847
0.024995847
0.024995847
0.024995847
0.024995847
0.024995847
0.024995846
0.024995846
0.024995846
0.024995846
0.024995847
0.024995847
0.024995847
0.024995847
0.024995847
0.024995847
0.024995847
0.024995847
0.024995847
0.024995847
0.024995847
0.024995847
0.024995847
0.024995847
0.024995847
0.024995847
0.024995846
0.024995846
0.024995846
0.024995846
0.024995847
0.024995847
0.024995847
0.024995847
0.024995847
0.024995847
0.024995847
0.024995847
0.024995847
0.024995847
0.024995847
0.024995847
0.024995847
0.024995847
0.024995847
0.024995847
0.024995846
0.024995846
0.024995846
0.024995846
0.024995846
0.024995847
0.024995847
0.024995847
0.024995847
0.024995847
0.024995847
0.024995847
0.024995847
0.024995847
0.024995847
0.024995847
0.024995847
0.024995847
0.024995847
0.024995847
0.024995847
0.024995847
0.024995847
0.024995847
0.024995847
0.024995847
0.024995847
0.024995847
0.024995847
0.024995847
0.024995847
0.024995847
0.024995847
0.024995847
0.024995847
0.024995847
0.024995847
0.024995847
0.024995847
0.024995847
0.024995847
0.024995847
0.024995846
0.024995847
0.024995847
0.024995847
0.024995847
0.024995847
0.024995847
0.024995847
0.024995847
0.024995847
0.024995847
0.024995847
0.024995847
0.024995847
0.024995847
0.024995847
0.024995847
0.024995847
0.024995846
0.024995846
0.024995846
0.024995846
0.024995846
0.024995847
0.024995847
0.024995847
0.024995847
0.024995847
0.024995847
0.024995847
0.024995847
0.024995847
0.024995847
0.024995847
0.024995847
0.024995847
0.024995847
0.024995847
0.024995847
0.024995846
0.024995846
0.024995847
0.024995847
0.024995847
0.024995847
0.024995847
0.024995847
0.024995847
0.024995847
0.024995847
0.024995847
0.024995847
0.024995847
0.024995847
0.024995847
0.024995847
0.024995847
0.024995847
0.024995847
0.024995847
0.024995847
0.024995847
0.024995847
0.024995847
0.024995847
0.024995847
0.024995847
0.024995847
0.024995847
0.024995847
0.024995847
0.024995847
0.024995847
0.024995847
0.024995847
0.024995847
0.024995847
0.024995847
0.024995846
0.024995846
0.024995846
0.024995846
0.024995847
0.024995847
0.024995847
0.024995847
0.024995847
0.024995847
0.024995847
0.024995847
0.024995847
0.024995847
0.024995847
0.024995847
0.024995847
0.024995847
0.024995847
0.024995847
0.024995847
0.024995846
0.024995846
0.024995847
0.024995847
0.024995847
0.024995847
0.024995847
0.024995847
0.024995847
0.024995847
0.024995847
0.024995847
0.024995847
0.024995847
0.024995847
0.024995847
0.024995847
0.024995847
0.024995847
0.024995846
0.024995846
0.024995846
0.024995846
0.024995847
0.024995847
0.024995847
0.024995847
0.024995847
0.024995847
0.024995847
0.024995847
0.024995847
0.024995847
0.024995847
0.024995847
0.024995847
0.024995847
0.024995847
0.024995846
0.024995846
0.024995846
0.024995846
0.024995846
0.024995846
0.024995847
0.024995847
0.024995847
0.024995847
0.024995847
0.024995847
0.024995847
0.024995847
0.024995847
0.024995847
0.024995847
0.024995847
0.024995847
0.024995847
0.024995847
0.024995846
0.024995846
0.024995846
0.024995846
0.024995846
0.024995847
0.024995847
0.024995847
0.024995847
0.024995847
0.024995847
0.024995847
0.024995847
0.024995847
0.024995847
0.024995847
0.024995847
0.024995847
0.024995847
0.024995847
0.024995846
0.024995846
0.024995846
0.024995846
0.024995847
0.024995847
0.024995847
0.024995847
0.024995847
0.024995847
0.024995847
0.024995847
0.024995847
0.024995847
0.024995847
0.024995847
0.024995847
0.024995847
0.024995847
0.024995846
0.024995846
0.024995846
0.024995846
0.024995846
0.024995846
0.024995847
0.024995847
0.024995847
0.024995847
0.024995847
0.024995847
0.024995847
0.024995847
0.024995847
0.024995847
0.024995847
0.024995847
0.024995847
0.024995847
0.024995847
0.024995846
0.024995846
0.024995846
0.024995846
0.024995846
0.024995847
0.024995847
0.024995847
0.024995847
0.024995847
0.024995847
0.024995847
0.024995847
0.024995847
0.024995847
0.024995847
0.024995847
0.024995847
0.024995847
0.024995846
0.024995846
0.024995846
0.024995846
0.024995846
0.024995846
0.024995846
0.024995847
0.024995847
0.024995847
0.024995847
0.024995847
0.024995847
0.024995847
0.024995847
0.024995847
0.024995847
0.024995847
0.024995847
0.024995846
0.024995846
0.024995846
0.024995846
0.024995846
0.024995846
0.024995846
0.024995846
0.024995846
0.024995847
0.024995847
0.024995847
0.024995847
0.024995847
0.024995847
0.024995847
0.024995847
0.024995847
0.024995847
0.024995846
0.024995846
0.024995846
0.024995846
0.024995846
0.024995846
0.024995846
0.024995846
0.024995846
0.024995846
0.024995847
0.024995847
0.024995847
0.024995847
0.024995847
0.024993067
0.02499306
0.024993052
0.024993046
0.024993039
0.024993034
0.02499303
0.024993026
0.024993024
0.024993023
0.024993023
0.024993025
0.024993028
0.024993031
0.024993036
0.024993042
0.024993049
0.024993056
0.024993064
0.024993072
0.024994904
0.024994906
0.024994908
0.024994909
0.024994911
0.024994912
0.024994914
0.024994915
0.024994915
0.024994916
0.024994916
0.024994916
0.024994916
0.024994915
0.024994915
0.024994914
0.024994913
0.024994912
0.02499491
0.024994909
0.024995527
0.024995527
0.024995528
0.024995528
0.024995529
0.024995529
0.02499553
0.02499553
0.02499553
0.024995531
0.024995531
0.024995531
0.024995531
0.024995531
0.024995532
0.024995532
0.024995532
0.024995532
0.024995532
0.024995532
0.024995754
0.024995755
0.024995755
0.024995756
0.024995756
0.024995756
0.024995757
0.024995757
0.024995757
0.024995758
0.024995758
0.024995758
0.024995758
0.024995759
0.024995759
0.024995759
0.024995759
0.024995759
0.024995759
0.02499576
0.024995825
0.024995825
0.024995826
0.024995826
0.024995826
0.024995827
0.024995827
0.024995827
0.024995828
0.024995828
0.024995828
0.024995829
0.024995829
0.024995829
0.024995829
0.024995829
0.02499583
0.02499583
0.02499583
0.02499583
0.024995843
0.024995844
0.024995844
0.024995844
0.024995845
0.024995845
0.024995845
0.024995846
0.024995846
0.024995846
0.024995846
0.024995847
0.024995847
0.024995847
0.024995847
0.024995848
0.024995848
0.024995848
0.024995848
0.024995848
0.024995847
0.024995848
0.024995848
0.024995848
0.024995849
0.024995849
0.024995849
0.02499585
0.02499585
0.02499585
0.02499585
0.024995851
0.024995851
0.024995851
0.024995851
0.024995852
0.024995852
0.024995852
0.024995852
0.024995853
0.024995848
0.024995848
0.024995849
0.024995849
0.024995849
0.02499585
0.02499585
0.02499585
0.024995851
0.024995851
0.024995851
0.024995851
0.024995852
0.024995852
0.024995852
0.024995852
0.024995853
0.024995853
0.024995853
0.024995853
0.024995848
0.024995849
0.024995849
0.024995849
0.02499585
0.02499585
0.02499585
0.024995851
0.024995851
0.024995851
0.024995851
0.024995852
0.024995852
0.024995852
0.024995852
0.024995853
0.024995853
0.024995853
0.024995853
0.024995853
0.024995848
0.024995849
0.024995849
0.024995849
0.02499585
0.02499585
0.02499585
0.024995851
0.024995851
0.024995851
0.024995851
0.024995852
0.024995852
0.024995852
0.024995852
0.024995853
0.024995853
0.024995853
0.024995853
0.024995853
0.024995848
0.024995849
0.024995849
0.024995849
0.02499585
0.02499585
0.02499585
0.024995851
0.024995851
0.024995851
0.024995851
0.024995852
0.024995852
0.024995852
0.024995852
0.024995853
0.024995853
0.024995853
0.024995853
0.024995853
0.024995848
0.024995849
0.024995849
0.024995849
0.02499585
0.02499585
0.02499585
0.024995851
0.024995851
0.024995851
0.024995851
0.024995852
0.024995852
0.024995852
0.024995852
0.024995853
0.024995853
0.024995853
0.024995853
0.024995853
0.024995848
0.024995849
0.024995849
0.024995849
0.02499585
0.02499585
0.02499585
0.024995851
0.024995851
0.024995851
0.024995851
0.024995852
0.024995852
0.024995852
0.024995852
0.024995853
0.024995853
0.024995853
0.024995853
0.024995853
0.024995848
0.024995849
0.024995849
0.024995849
0.02499585
0.02499585
0.02499585
0.024995851
0.024995851
0.024995851
0.024995851
0.024995852
0.024995852
0.024995852
0.024995852
0.024995853
0.024995853
0.024995853
0.024995853
0.024995853
0.024995848
0.024995849
0.024995849
0.024995849
0.02499585
0.02499585
0.02499585
0.024995851
0.024995851
0.024995851
0.024995851
0.024995852
0.024995852
0.024995852
0.024995852
0.024995853
0.024995853
0.024995853
0.024995853
0.024995853
0.024995848
0.024995849
0.024995849
0.024995849
0.02499585
0.02499585
0.02499585
0.024995851
0.024995851
0.024995851
0.024995851
0.024995852
0.024995852
0.024995852
0.024995852
0.024995853
0.024995853
0.024995853
0.024995853
0.024995853
0.024995848
0.024995849
0.024995849
0.024995849
0.02499585
0.02499585
0.02499585
0.024995851
0.024995851
0.024995851
0.024995851
0.024995852
0.024995852
0.024995852
0.024995852
0.024995853
0.024995853
0.024995853
0.024995853
0.024995853
0.024995848
0.024995849
0.024995849
0.024995849
0.02499585
0.02499585
0.02499585
0.024995851
0.024995851
0.024995851
0.024995851
0.024995852
0.024995852
0.024995852
0.024995852
0.024995853
0.024995853
0.024995853
0.024995853
0.024995853
0.024995848
0.024995849
0.024995849
0.024995849
0.02499585
0.02499585
0.02499585
0.024995851
0.024995851
0.024995851
0.024995851
0.024995852
0.024995852
0.024995852
0.024995852
0.024995853
0.024995853
0.024995853
0.024995853
0.024995853
0.024995848
0.024995849
0.024995849
0.024995849
0.02499585
0.02499585
0.02499585
0.024995851
0.024995851
0.024995851
0.024995851
0.024995852
0.024995852
0.024995852
0.024995852
0.024995853
0.024995853
0.024995853
0.024995853
0.024995853
0.024995848
0.024995849
0.024995849
0.024995849
0.02499585
0.02499585
0.02499585
0.024995851
0.024995851
0.024995851
0.024995851
0.024995852
0.024995852
0.024995852
0.024995852
0.024995853
0.024995853
0.024995853
0.024995853
0.024995853
0.024995848
0.024995849
0.024995849
0.024995849
0.02499585
0.02499585
0.02499585
0.024995851
0.024995851
0.024995851
0.024995851
0.024995852
0.024995852
0.024995852
0.024995852
0.024995853
0.024995853
0.024995853
0.024995853
0.024995853
0.024995848
0.024995849
0.024995849
0.024995849
0.02499585
0.02499585
0.02499585
0.024995851
0.024995851
0.024995851
0.024995851
0.024995852
0.024995852
0.024995852
0.024995852
0.024995853
0.024995853
0.024995853
0.024995853
0.024995853
0.024995848
0.024995849
0.024995849
0.024995849
0.02499585
0.02499585
0.02499585
0.024995851
0.024995851
0.024995851
0.024995851
0.024995852
0.024995852
0.024995852
0.024995852
0.024995853
0.024995853
0.024995853
0.024995853
0.024995853
0.024995848
0.024995849
0.024995849
0.024995849
0.02499585
0.02499585
0.02499585
0.024995851
0.024995851
0.024995851
0.024995851
0.024995852
0.024995852
0.024995852
0.024995852
0.024995853
0.024995853
0.024995853
0.024995853
0.024995853
0.024995848
0.024995849
0.024995849
0.024995849
0.02499585
0.02499585
0.02499585
0.024995851
0.024995851
0.024995851
0.024995851
0.024995852
0.024995852
0.024995852
0.024995852
0.024995853
0.024995853
0.024995853
0.024995853
0.024995853
0.024995848
0.024995849
0.024995849
0.024995849
0.02499585
0.02499585
0.02499585
0.024995851
0.024995851
0.024995851
0.024995851
0.024995852
0.024995852
0.024995852
0.024995852
0.024995853
0.024995853
0.024995853
0.024995853
0.024995853
0.024995848
0.024995849
0.024995849
0.024995849
0.02499585
0.02499585
0.02499585
0.024995851
0.024995851
0.024995851
0.024995851
0.024995852
0.024995852
0.024995852
0.024995852
0.024995853
0.024995853
0.024995853
0.024995853
0.024995853
0.024995848
0.024995849
0.024995849
0.024995849
0.02499585
0.02499585
0.02499585
0.024995851
0.024995851
0.024995851
0.024995851
0.024995852
0.024995852
0.024995852
0.024995852
0.024995853
0.024995853
0.024995853
0.024995853
0.024995853
0.024995848
0.024995849
0.024995849
0.024995849
0.02499585
0.02499585
0.02499585
0.024995851
0.024995851
0.024995851
0.024995851
0.024995852
0.024995852
0.024995852
0.024995852
0.024995853
0.024995853
0.024995853
0.024995853
0.024995853
0.024995848
0.024995849
0.024995849
0.024995849
0.02499585
0.02499585
0.02499585
0.024995851
0.024995851
0.024995851
0.024995851
0.024995852
0.024995852
0.024995852
0.024995852
0.024995853
0.024995853
0.024995853
0.024995853
0.024995853
0.024995848
0.024995849
0.024995849
0.024995849
0.02499585
0.02499585
0.02499585
0.024995851
0.024995851
0.024995851
0.024995851
0.024995852
0.024995852
0.024995852
0.024995852
0.024995853
0.024995853
0.024995853
0.024995853
0.024995853
0.024995848
0.024995849
0.024995849
0.024995849
0.02499585
0.02499585
0.02499585
0.024995851
0.024995851
0.024995851
0.024995851
0.024995852
0.024995852
0.024995852
0.024995852
0.024995853
0.024995853
0.024995853
0.024995853
0.024995853
0.024995848
0.024995849
0.024995849
0.024995849
0.02499585
0.02499585
0.02499585
0.024995851
0.024995851
0.024995851
0.024995851
0.024995852
0.024995852
0.024995852
0.024995852
0.024995853
0.024995853
0.024995853
0.024995853
0.024995853
0.024995848
0.024995849
0.024995849
0.024995849
0.02499585
0.02499585
0.02499585
0.024995851
0.024995851
0.024995851
0.024995851
0.024995852
0.024995852
0.024995852
0.024995852
0.024995853
0.024995853
0.024995853
0.024995853
0.024995853
0.024995848
0.024995849
0.024995849
0.024995849
0.02499585
0.02499585
0.02499585
0.024995851
0.024995851
0.024995851
0.024995851
0.024995852
0.024995852
0.024995852
0.024995852
0.024995853
0.024995853
0.024995853
0.024995853
0.024995853
0.024995848
0.024995849
0.024995849
0.024995849
0.02499585
0.02499585
0.02499585
0.024995851
0.024995851
0.024995851
0.024995851
0.024995852
0.024995852
0.024995852
0.024995852
0.024995853
0.024995853
0.024995853
0.024995853
0.024995853
0.024995848
0.024995849
0.024995849
0.024995849
0.02499585
0.02499585
0.02499585
0.024995851
0.024995851
0.024995851
0.024995851
0.024995852
0.024995852
0.024995852
0.024995852
0.024995853
0.024995853
0.024995853
0.024995853
0.024995853
0.024995848
0.024995849
0.024995849
0.024995849
0.02499585
0.02499585
0.02499585
0.024995851
0.024995851
0.024995851
0.024995851
0.024995852
0.024995852
0.024995852
0.024995852
0.024995853
0.024995853
0.024995853
0.024995853
0.024995853
0.024995848
0.024995849
0.024995849
0.024995849
0.02499585
0.02499585
0.02499585
0.024995851
0.024995851
0.024995851
0.024995851
0.024995852
0.024995852
0.024995852
0.024995852
0.024995853
0.024995853
0.024995853
0.024995853
0.024995853
0.024995848
0.024995849
0.024995849
0.024995849
0.02499585
0.02499585
0.02499585
0.024995851
0.024995851
0.024995851
0.024995851
0.024995852
0.024995852
0.024995852
0.024995852
0.024995853
0.024995853
0.024995853
0.024995853
0.024995853
0.024995848
0.024995849
0.024995849
0.024995849
0.02499585
0.02499585
0.02499585
0.024995851
0.024995851
0.024995851
0.024995851
0.024995852
0.024995852
0.024995852
0.024995852
0.024995853
0.024995853
0.024995853
0.024995853
0.024995853
0.024995848
0.024995849
0.024995849
0.024995849
0.02499585
0.02499585
0.02499585
0.024995851
0.024995851
0.024995851
0.024995851
0.024995852
0.024995852
0.024995852
0.024995852
0.024995853
0.024995853
0.024995853
0.024995853
0.024995853
0.024995848
0.024995849
0.024995849
0.024995849
0.02499585
0.02499585
0.02499585
0.024995851
0.024995851
0.024995851
0.024995851
0.024995852
0.024995852
0.024995852
0.024995852
0.024995853
0.024995853
0.024995853
0.024995853
0.024995853
0.024995848
0.024995849
0.024995849
0.024995849
0.02499585
0.02499585
0.02499585
0.024995851
0.024995851
0.024995851
0.024995851
0.024995852
0.024995852
0.024995852
0.024995852
0.024995853
0.024995853
0.024995853
0.024995853
0.024995853
0.024995848
0.024995849
0.024995849
0.024995849
0.02499585
0.02499585
0.02499585
0.024995851
0.024995851
0.024995851
0.024995851
0.024995852
0.024995852
0.024995852
0.024995852
0.024995853
0.024995853
0.024995853
0.024995853
0.024995853
0.024995848
0.024995849
0.024995849
0.024995849
0.02499585
0.02499585
0.02499585
0.024995851
0.024995851
0.024995851
0.024995851
0.024995852
0.024995852
0.024995852
0.024995852
0.024995853
0.024995853
0.024995853
0.024995853
0.024995853
0.024995848
0.024995849
0.024995849
0.024995849
0.02499585
0.02499585
0.02499585
0.024995851
0.024995851
0.024995851
0.024995851
0.024995852
0.024995852
0.024995852
0.024995852
0.024995853
0.024995853
0.024995853
0.024995853
0.024995853
0.024995848
0.024995849
0.024995849
0.024995849
0.02499585
0.02499585
0.02499585
0.024995851
0.024995851
0.024995851
0.024995851
0.024995852
0.024995852
0.024995852
0.024995852
0.024995853
0.024995853
0.024995853
0.024995853
0.024995853
0.024995848
0.024995849
0.024995849
0.024995849
0.02499585
0.02499585
0.02499585
0.024995851
0.024995851
0.024995851
0.024995851
0.024995852
0.024995852
0.024995852
0.024995852
0.024995853
0.024995853
0.024995853
0.024995853
0.024995853
0.024995848
0.024995849
0.024995849
0.024995849
0.02499585
0.02499585
0.02499585
0.024995851
0.024995851
0.024995851
0.024995851
0.024995852
0.024995852
0.024995852
0.024995852
0.024995853
0.024995853
0.024995853
0.024995853
0.024995853
0.024995848
0.024995849
0.024995849
0.024995849
0.02499585
0.02499585
0.02499585
0.024995851
0.024995851
0.024995851
0.024995851
0.024995852
0.024995852
0.024995852
0.024995852
0.024995853
0.024995853
0.024995853
0.024995853
0.024995853
0.024995848
0.024995849
0.024995849
0.024995849
0.02499585
0.02499585
0.02499585
0.024995851
0.024995851
0.024995851
0.024995851
0.024995852
0.024995852
0.024995852
0.024995852
0.024995853
0.024995853
0.024995853
0.024995853
0.024995853
0.024995848
0.024995849
0.024995849
0.024995849
0.02499585
0.02499585
0.02499585
0.024995851
0.024995851
0.024995851
0.024995851
0.024995852
0.024995852
0.024995852
0.024995852
0.024995853
0.024995853
0.024995853
0.024995853
0.024995853
0.024995848
0.024995849
0.024995849
0.024995849
0.02499585
0.02499585
0.02499585
0.024995851
0.024995851
0.024995851
0.024995851
0.024995852
0.024995852
0.024995852
0.024995852
0.024995853
0.024995853
0.024995853
0.024995853
0.024995853
0.024995848
0.024995849
0.024995849
0.024995849
0.02499585
0.02499585
0.02499585
0.024995851
0.024995851
0.024995851
0.024995851
0.024995852
0.024995852
0.024995852
0.024995852
0.024995853
0.024995853
0.024995853
0.024995853
0.024995853
0.024995848
0.024995849
0.024995849
0.024995849
0.02499585
0.02499585
0.02499585
0.024995851
0.024995851
0.024995851
0.024995851
0.024995852
0.024995852
0.024995852
0.024995852
0.024995853
0.024995853
0.024995853
0.024995853
0.024995853
0.024995848
0.024995849
0.024995849
0.024995849
0.02499585
0.02499585
0.02499585
0.024995851
0.024995851
0.024995851
0.024995851
0.024995852
0.024995852
0.024995852
0.024995852
0.024995853
0.024995853
0.024995853
0.024995853
0.024995853
0.024995848
0.024995849
0.024995849
0.024995849
0.02499585
0.02499585
0.02499585
0.02499585
0.024995851
0.024995851
0.024995851
0.024995852
0.024995852
0.024995852
0.024995852
0.024995852
0.024995853
0.024995853
0.024995853
0.024995853
0.024995848
0.024995849
0.024995849
0.024995849
0.02499585
0.02499585
0.02499585
0.02499585
0.024995851
0.024995851
0.024995851
0.024995852
0.024995852
0.024995852
0.024995852
0.024995852
0.024995853
0.024995853
0.024995853
0.024995853
0.024993067
0.024993059
0.024993052
0.024993045
0.024993039
0.024993034
0.024993029
0.024993026
0.024993024
0.024993023
0.024993023
0.024993025
0.024993027
0.024993031
0.024993036
0.024993042
0.024993049
0.024993056
0.024993064
0.024993086
0.024993085
0.024993084
0.024993082
0.02499308
0.024993078
0.024993076
0.024993075
0.024993074
0.024993074
0.024993074
0.024993074
0.024993075
0.024993076
0.024993078
0.02499308
0.024993082
0.024993084
0.024993085
0.024993072
0.024993086
0.024994904
0.024994906
0.024994908
0.024994909
0.024994911
0.024994912
0.024994913
0.024994914
0.024994915
0.024994916
0.024994916
0.024994916
0.024994916
0.024994915
0.024994915
0.024994914
0.024994913
0.024994912
0.02499491
0.024994908
0.024994908
0.024994909
0.02499491
0.02499491
0.024994911
0.024994911
0.024994912
0.024994912
0.024994912
0.024994912
0.024994912
0.024994912
0.024994911
0.024994911
0.02499491
0.02499491
0.024994909
0.024994908
0.024994909
0.024994908
0.024995527
0.024995527
0.024995528
0.024995528
0.024995529
0.024995529
0.02499553
0.02499553
0.02499553
0.024995531
0.024995531
0.024995531
0.024995531
0.024995531
0.024995531
0.024995532
0.024995532
0.024995532
0.024995532
0.024995532
0.024995532
0.024995533
0.024995533
0.024995533
0.024995533
0.024995533
0.024995534
0.024995534
0.024995534
0.024995534
0.024995534
0.024995533
0.024995533
0.024995533
0.024995533
0.024995533
0.024995533
0.024995532
0.024995532
0.024995532
0.024995754
0.024995755
0.024995755
0.024995756
0.024995756
0.024995756
0.024995757
0.024995757
0.024995757
0.024995758
0.024995758
0.024995758
0.024995758
0.024995759
0.024995759
0.024995759
0.024995759
0.024995759
0.024995759
0.02499576
0.02499576
0.024995761
0.024995761
0.024995761
0.024995761
0.024995761
0.024995761
0.024995761
0.024995761
0.024995761
0.024995761
0.024995761
0.024995761
0.024995761
0.024995761
0.024995761
0.02499576
0.02499576
0.02499576
0.02499576
0.024995825
0.024995825
0.024995826
0.024995826
0.024995826
0.024995827
0.024995827
0.024995827
0.024995828
0.024995828
0.024995828
0.024995828
0.024995829
0.024995829
0.024995829
0.024995829
0.02499583
0.02499583
0.02499583
0.024995831
0.024995831
0.024995831
0.024995831
0.024995831
0.024995831
0.024995831
0.024995831
0.024995831
0.024995831
0.024995831
0.024995831
0.024995831
0.024995831
0.024995831
0.024995831
0.024995831
0.024995831
0.024995831
0.02499583
0.024995831
0.024995843
0.024995844
0.024995844
0.024995844
0.024995845
0.024995845
0.024995845
0.024995846
0.024995846
0.024995846
0.024995846
0.024995847
0.024995847
0.024995847
0.024995847
0.024995848
0.024995848
0.024995848
0.024995848
0.024995849
0.024995849
0.024995849
0.024995849
0.024995849
0.024995849
0.02499585
0.02499585
0.02499585
0.02499585
0.02499585
0.02499585
0.02499585
0.02499585
0.024995849
0.024995849
0.024995849
0.024995849
0.024995849
0.024995848
0.024995849
0.024995847
0.024995848
0.024995848
0.024995848
0.024995849
0.024995849
0.024995849
0.02499585
0.02499585
0.02499585
0.02499585
0.024995851
0.024995851
0.024995851
0.024995851
0.024995852
0.024995852
0.024995852
0.024995852
0.024995853
0.024995853
0.024995853
0.024995853
0.024995853
0.024995854
0.024995854
0.024995854
0.024995854
0.024995854
0.024995854
0.024995854
0.024995854
0.024995854
0.024995854
0.024995853
0.024995853
0.024995853
0.024995853
0.024995852
0.024995853
0.024995848
0.024995848
0.024995849
0.024995849
0.024995849
0.02499585
0.02499585
0.02499585
0.024995851
0.024995851
0.024995851
0.024995851
0.024995852
0.024995852
0.024995852
0.024995852
0.024995853
0.024995853
0.024995853
0.024995854
0.024995854
0.024995854
0.024995854
0.024995854
0.024995854
0.024995854
0.024995854
0.024995854
0.024995854
0.024995854
0.024995854
0.024995854
0.024995854
0.024995854
0.024995854
0.024995854
0.024995854
0.024995854
0.024995853
0.024995854
0.024995848
0.024995849
0.024995849
0.024995849
0.02499585
0.02499585
0.02499585
0.02499585
0.024995851
0.024995851
0.024995851
0.024995852
0.024995852
0.024995852
0.024995852
0.024995853
0.024995853
0.024995853
0.024995853
0.024995854
0.024995854
0.024995854
0.024995854
0.024995854
0.024995854
0.024995855
0.024995855
0.024995855
0.024995855
0.024995855
0.024995855
0.024995855
0.024995854
0.024995854
0.024995854
0.024995854
0.024995854
0.024995854
0.024995853
0.024995854
0.024995848
0.024995849
0.024995849
0.024995849
0.02499585
0.02499585
0.02499585
0.024995851
0.024995851
0.024995851
0.024995851
0.024995852
0.024995852
0.024995852
0.024995852
0.024995853
0.024995853
0.024995853
0.024995853
0.024995854
0.024995854
0.024995854
0.024995854
0.024995854
0.024995854
0.024995855
0.024995855
0.024995855
0.024995855
0.024995855
0.024995855
0.024995855
0.024995854
0.024995854
0.024995854
0.024995854
0.024995854
0.024995854
0.024995853
0.024995854
0.024995848
0.024995849
0.024995849
0.024995849
0.02499585
0.02499585
0.02499585
0.02499585
0.024995851
0.024995851
0.024995851
0.024995852
0.024995852
0.024995852
0.024995852
0.024995853
0.024995853
0.024995853
0.024995853
0.024995854
0.024995854
0.024995854
0.024995854
0.024995854
0.024995854
0.024995854
0.024995854
0.024995855
0.024995855
0.024995855
0.024995855
0.024995854
0.024995854
0.024995854
0.024995854
0.024995854
0.024995854
0.024995854
0.024995853
0.024995854
0.024995848
0.024995849
0.024995849
0.024995849
0.02499585
0.02499585
0.02499585
0.024995851
0.024995851
0.024995851
0.024995851
0.024995852
0.024995852
0.024995852
0.024995852
0.024995853
0.024995853
0.024995853
0.024995853
0.024995854
0.024995854
0.024995854
0.024995854
0.024995854
0.024995854
0.024995855
0.024995855
0.024995855
0.024995855
0.024995855
0.024995855
0.024995855
0.024995854
0.024995854
0.024995854
0.024995854
0.024995854
0.024995854
0.024995853
0.024995854
0.024995848
0.024995849
0.024995849
0.024995849
0.02499585
0.02499585
0.02499585
0.024995851
0.024995851
0.024995851
0.024995851
0.024995852
0.024995852
0.024995852
0.024995852
0.024995853
0.024995853
0.024995853
0.024995853
0.024995854
0.024995854
0.024995854
0.024995854
0.024995854
0.024995854
0.024995855
0.024995855
0.024995855
0.024995855
0.024995855
0.024995855
0.024995855
0.024995854
0.024995854
0.024995854
0.024995854
0.024995854
0.024995854
0.024995853
0.024995854
0.024995848
0.024995849
0.024995849
0.024995849
0.02499585
0.02499585
0.02499585
0.02499585
0.024995851
0.024995851
0.024995851
0.024995852
0.024995852
0.024995852
0.024995852
0.024995853
0.024995853
0.024995853
0.024995853
0.024995854
0.024995854
0.024995854
0.024995854
0.024995854
0.024995854
0.024995854
0.024995855
0.024995855
0.024995855
0.024995855
0.024995855
0.024995854
0.024995854
0.024995854
0.024995854
0.024995854
0.024995854
0.024995854
0.024995853
0.024995854
0.024995848
0.024995849
0.024995849
0.024995849
0.02499585
0.02499585
0.02499585
0.024995851
0.024995851
0.024995851
0.024995851
0.024995852
0.024995852
0.024995852
0.024995852
0.024995853
0.024995853
0.024995853
0.024995853
0.024995854
0.024995854
0.024995854
0.024995854
0.024995854
0.024995854
0.024995855
0.024995855
0.024995855
0.024995855
0.024995855
0.024995855
0.024995855
0.024995855
0.024995854
0.024995854
0.024995854
0.024995854
0.024995854
0.024995853
0.024995854
0.024995848
0.024995849
0.024995849
0.024995849
0.02499585
0.02499585
0.02499585
0.024995851
0.024995851
0.024995851
0.024995851
0.024995852
0.024995852
0.024995852
0.024995852
0.024995853
0.024995853
0.024995853
0.024995853
0.024995854
0.024995854
0.024995854
0.024995854
0.024995854
0.024995854
0.024995855
0.024995855
0.024995855
0.024995855
0.024995855
0.024995855
0.024995855
0.024995854
0.024995854
0.024995854
0.024995854
0.024995854
0.024995854
0.024995853
0.024995854
0.024995848
0.024995849
0.024995849
0.024995849
0.02499585
0.02499585
0.02499585
0.02499585
0.024995851
0.024995851
0.024995851
0.024995852
0.024995852
0.024995852
0.024995852
0.024995853
0.024995853
0.024995853
0.024995853
0.024995854
0.024995854
0.024995854
0.024995854
0.024995854
0.024995854
0.024995854
0.024995854
0.024995855
0.024995855
0.024995855
0.024995855
0.024995854
0.024995854
0.024995854
0.024995854
0.024995854
0.024995854
0.024995854
0.024995853
0.024995854
0.024995848
0.024995849
0.024995849
0.024995849
0.02499585
0.02499585
0.02499585
0.02499585
0.024995851
0.024995851
0.024995851
0.024995852
0.024995852
0.024995852
0.024995852
0.024995853
0.024995853
0.024995853
0.024995853
0.024995854
0.024995854
0.024995854
0.024995854
0.024995854
0.024995854
0.024995855
0.024995855
0.024995855
0.024995855
0.024995855
0.024995855
0.024995855
0.024995854
0.024995854
0.024995854
0.024995854
0.024995854
0.024995854
0.024995853
0.024995854
0.024995848
0.024995849
0.024995849
0.024995849
0.02499585
0.02499585
0.02499585
0.02499585
0.024995851
0.024995851
0.024995851
0.024995852
0.024995852
0.024995852
0.024995852
0.024995853
0.024995853
0.024995853
0.024995853
0.024995854
0.024995854
0.024995854
0.024995854
0.024995854
0.024995854
0.024995854
0.024995855
0.024995855
0.024995855
0.024995855
0.024995855
0.024995855
0.024995854
0.024995854
0.024995854
0.024995854
0.024995854
0.024995854
0.024995853
0.024995854
0.024995848
0.024995849
0.024995849
0.024995849
0.02499585
0.02499585
0.02499585
0.02499585
0.024995851
0.024995851
0.024995851
0.024995852
0.024995852
0.024995852
0.024995852
0.024995853
0.024995853
0.024995853
0.024995853
0.024995854
0.024995854
0.024995854
0.024995854
0.024995854
0.024995854
0.024995854
0.024995854
0.024995855
0.024995855
0.024995855
0.024995854
0.024995854
0.024995854
0.024995854
0.024995854
0.024995854
0.024995854
0.024995854
0.024995853
0.024995854
0.024995848
0.024995849
0.024995849
0.024995849
0.02499585
0.02499585
0.02499585
0.024995851
0.024995851
0.024995851
0.024995851
0.024995852
0.024995852
0.024995852
0.024995852
0.024995853
0.024995853
0.024995853
0.024995853
0.024995854
0.024995854
0.024995854
0.024995854
0.024995854
0.024995854
0.024995855
0.024995855
0.024995855
0.024995855
0.024995855
0.024995855
0.024995855
0.024995854
0.024995854
0.024995854
0.024995854
0.024995854
0.024995854
0.024995853
0.024995854
0.024995848
0.024995849
0.024995849
0.024995849
0.02499585
0.02499585
0.02499585
0.02499585
0.024995851
0.024995851
0.024995851
0.024995852
0.024995852
0.024995852
0.024995852
0.024995853
0.024995853
0.024995853
0.024995853
0.024995854
0.024995854
0.024995854
0.024995854
0.024995854
0.024995854
0.024995855
0.024995855
0.024995855
0.024995855
0.024995855
0.024995855
0.024995855
0.024995854
0.024995854
0.024995854
0.024995854
0.024995854
0.024995854
0.024995853
0.024995854
0.024995848
0.024995849
0.024995849
0.024995849
0.02499585
0.02499585
0.02499585
0.02499585
0.024995851
0.024995851
0.024995851
0.024995852
0.024995852
0.024995852
0.024995852
0.024995853
0.024995853
0.024995853
0.024995853
0.024995854
0.024995854
0.024995854
0.024995854
0.024995854
0.024995854
0.024995854
0.024995854
0.024995855
0.024995855
0.024995855
0.024995855
0.024995854
0.024995854
0.024995854
0.024995854
0.024995854
0.024995854
0.024995854
0.024995853
0.024995854
0.024995848
0.024995849
0.024995849
0.024995849
0.02499585
0.02499585
0.02499585
0.024995851
0.024995851
0.024995851
0.024995851
0.024995852
0.024995852
0.024995852
0.024995852
0.024995853
0.024995853
0.024995853
0.024995853
0.024995854
0.024995854
0.024995854
0.024995854
0.024995854
0.024995854
0.024995855
0.024995855
0.024995855
0.024995855
0.024995855
0.024995855
0.024995855
0.024995854
0.024995854
0.024995854
0.024995854
0.024995854
0.024995854
0.024995853
0.024995854
0.024995848
0.024995849
0.024995849
0.024995849
0.02499585
0.02499585
0.02499585
0.024995851
0.024995851
0.024995851
0.024995851
0.024995852
0.024995852
0.024995852
0.024995852
0.024995853
0.024995853
0.024995853
0.024995853
0.024995854
0.024995854
0.024995854
0.024995854
0.024995854
0.024995854
0.024995855
0.024995855
0.024995855
0.024995855
0.024995855
0.024995855
0.024995855
0.024995854
0.024995854
0.024995854
0.024995854
0.024995854
0.024995854
0.024995853
0.024995854
0.024995848
0.024995849
0.024995849
0.024995849
0.02499585
0.02499585
0.02499585
0.02499585
0.024995851
0.024995851
0.024995851
0.024995852
0.024995852
0.024995852
0.024995852
0.024995853
0.024995853
0.024995853
0.024995853
0.024995854
0.024995854
0.024995854
0.024995854
0.024995854
0.024995854
0.024995854
0.024995855
0.024995855
0.024995855
0.024995855
0.024995855
0.024995854
0.024995854
0.024995854
0.024995854
0.024995854
0.024995854
0.024995854
0.024995853
0.024995854
0.024995848
0.024995849
0.024995849
0.024995849
0.02499585
0.02499585
0.02499585
0.024995851
0.024995851
0.024995851
0.024995851
0.024995852
0.024995852
0.024995852
0.024995852
0.024995853
0.024995853
0.024995853
0.024995853
0.024995854
0.024995854
0.024995854
0.024995854
0.024995854
0.024995854
0.024995855
0.024995855
0.024995855
0.024995855
0.024995855
0.024995855
0.024995855
0.024995855
0.024995854
0.024995854
0.024995854
0.024995854
0.024995854
0.024995853
0.024995854
0.024995848
0.024995849
0.024995849
0.024995849
0.02499585
0.02499585
0.02499585
0.02499585
0.024995851
0.024995851
0.024995851
0.024995852
0.024995852
0.024995852
0.024995852
0.024995853
0.024995853
0.024995853
0.024995853
0.024995854
0.024995854
0.024995854
0.024995854
0.024995854
0.024995854
0.024995854
0.024995855
0.024995855
0.024995855
0.024995855
0.024995855
0.024995855
0.024995854
0.024995854
0.024995854
0.024995854
0.024995854
0.024995854
0.024995853
0.024995854
0.024995848
0.024995849
0.024995849
0.024995849
0.02499585
0.02499585
0.02499585
0.02499585
0.024995851
0.024995851
0.024995851
0.024995852
0.024995852
0.024995852
0.024995852
0.024995852
0.024995853
0.024995853
0.024995853
0.024995854
0.024995854
0.024995854
0.024995854
0.024995854
0.024995854
0.024995854
0.024995854
0.024995855
0.024995855
0.024995855
0.024995854
0.024995854
0.024995854
0.024995854
0.024995854
0.024995854
0.024995854
0.024995854
0.024995853
0.024995854
0.024995848
0.024995849
0.024995849
0.024995849
0.02499585
0.02499585
0.02499585
0.02499585
0.024995851
0.024995851
0.024995851
0.024995852
0.024995852
0.024995852
0.024995852
0.024995853
0.024995853
0.024995853
0.024995853
0.024995854
0.024995854
0.024995854
0.024995854
0.024995854
0.024995854
0.024995854
0.024995855
0.024995855
0.024995855
0.024995855
0.024995855
0.024995855
0.024995854
0.024995854
0.024995854
0.024995854
0.024995854
0.024995854
0.024995853
0.024995854
0.024995848
0.024995849
0.024995849
0.024995849
0.02499585
0.02499585
0.02499585
0.02499585
0.024995851
0.024995851
0.024995851
0.024995852
0.024995852
0.024995852
0.024995852
0.024995853
0.024995853
0.024995853
0.024995853
0.024995854
0.024995854
0.024995854
0.024995854
0.024995854
0.024995854
0.024995855
0.024995855
0.024995855
0.024995855
0.024995855
0.024995855
0.024995855
0.024995854
0.024995854
0.024995854
0.024995854
0.024995854
0.024995854
0.024995853
0.024995854
0.024995848
0.024995849
0.024995849
0.024995849
0.02499585
0.02499585
0.02499585
0.02499585
0.024995851
0.024995851
0.024995851
0.024995852
0.024995852
0.024995852
0.024995852
0.024995853
0.024995853
0.024995853
0.024995853
0.024995854
0.024995854
0.024995854
0.024995854
0.024995854
0.024995854
0.024995854
0.024995854
0.024995855
0.024995855
0.024995855
0.024995854
0.024995854
0.024995854
0.024995854
0.024995854
0.024995854
0.024995854
0.024995854
0.024995853
0.024995854
0.024995848
0.024995849
0.024995849
0.024995849
0.02499585
0.02499585
0.02499585
0.024995851
0.024995851
0.024995851
0.024995851
0.024995852
0.024995852
0.024995852
0.024995852
0.024995853
0.024995853
0.024995853
0.024995853
0.024995854
0.024995854
0.024995854
0.024995854
0.024995854
0.024995854
0.024995855
0.024995855
0.024995855
0.024995855
0.024995855
0.024995855
0.024995855
0.024995854
0.024995854
0.024995854
0.024995854
0.024995854
0.024995854
0.024995853
0.024995854
0.024995848
0.024995849
0.024995849
0.024995849
0.02499585
0.02499585
0.02499585
0.02499585
0.024995851
0.024995851
0.024995851
0.024995852
0.024995852
0.024995852
0.024995852
0.024995853
0.024995853
0.024995853
0.024995853
0.024995854
0.024995854
0.024995854
0.024995854
0.024995854
0.024995854
0.024995855
0.024995855
0.024995855
0.024995855
0.024995855
0.024995855
0.024995855
0.024995854
0.024995854
0.024995854
0.024995854
0.024995854
0.024995854
0.024995853
0.024995854
0.024995848
0.024995849
0.024995849
0.024995849
0.02499585
0.02499585
0.02499585
0.02499585
0.024995851
0.024995851
0.024995851
0.024995852
0.024995852
0.024995852
0.024995852
0.024995853
0.024995853
0.024995853
0.024995853
0.024995854
0.024995854
0.024995854
0.024995854
0.024995854
0.024995854
0.024995854
0.024995854
0.024995855
0.024995855
0.024995855
0.024995855
0.024995854
0.024995854
0.024995854
0.024995854
0.024995854
0.024995854
0.024995854
0.024995853
0.024995854
0.024995848
0.024995849
0.024995849
0.024995849
0.02499585
0.02499585
0.02499585
0.024995851
0.024995851
0.024995851
0.024995851
0.024995852
0.024995852
0.024995852
0.024995852
0.024995853
0.024995853
0.024995853
0.024995853
0.024995854
0.024995854
0.024995854
0.024995854
0.024995854
0.024995854
0.024995855
0.024995855
0.024995855
0.024995855
0.024995855
0.024995855
0.024995855
0.024995854
0.024995854
0.024995854
0.024995854
0.024995854
0.024995854
0.024995853
0.024995854
0.024995848
0.024995849
0.024995849
0.024995849
0.02499585
0.02499585
0.02499585
0.02499585
0.024995851
0.024995851
0.024995851
0.024995852
0.024995852
0.024995852
0.024995852
0.024995853
0.024995853
0.024995853
0.024995853
0.024995854
0.024995854
0.024995854
0.024995854
0.024995854
0.024995854
0.024995854
0.024995855
0.024995855
0.024995855
0.024995855
0.024995855
0.024995855
0.024995854
0.024995854
0.024995854
0.024995854
0.024995854
0.024995854
0.024995853
0.024995854
0.024995848
0.024995849
0.024995849
0.024995849
0.02499585
0.02499585
0.02499585
0.02499585
0.024995851
0.024995851
0.024995851
0.024995852
0.024995852
0.024995852
0.024995852
0.024995853
0.024995853
0.024995853
0.024995853
0.024995854
0.024995854
0.024995854
0.024995854
0.024995854
0.024995854
0.024995854
0.024995854
0.024995855
0.024995855
0.024995855
0.024995854
0.024995854
0.024995854
0.024995854
0.024995854
0.024995854
0.024995854
0.024995854
0.024995853
0.024995854
0.024995848
0.024995849
0.024995849
0.024995849
0.02499585
0.02499585
0.02499585
0.024995851
0.024995851
0.024995851
0.024995851
0.024995852
0.024995852
0.024995852
0.024995852
0.024995853
0.024995853
0.024995853
0.024995853
0.024995854
0.024995854
0.024995854
0.024995854
0.024995854
0.024995854
0.024995855
0.024995855
0.024995855
0.024995855
0.024995855
0.024995855
0.024995855
0.024995854
0.024995854
0.024995854
0.024995854
0.024995854
0.024995854
0.024995853
0.024995854
0.024995848
0.024995849
0.024995849
0.024995849
0.02499585
0.02499585
0.02499585
0.02499585
0.024995851
0.024995851
0.024995851
0.024995852
0.024995852
0.024995852
0.024995852
0.024995853
0.024995853
0.024995853
0.024995853
0.024995854
0.024995854
0.024995854
0.024995854
0.024995854
0.024995854
0.024995854
0.024995855
0.024995855
0.024995855
0.024995855
0.024995855
0.024995855
0.024995854
0.024995854
0.024995854
0.024995854
0.024995854
0.024995854
0.024995853
0.024995854
0.024995848
0.024995849
0.024995849
0.024995849
0.02499585
0.02499585
0.02499585
0.02499585
0.024995851
0.024995851
0.024995851
0.024995852
0.024995852
0.024995852
0.024995852
0.024995852
0.024995853
0.024995853
0.024995853
0.024995854
0.024995854
0.024995854
0.024995854
0.024995854
0.024995854
0.024995854
0.024995854
0.024995854
0.024995854
0.024995854
0.024995854
0.024995854
0.024995854
0.024995854
0.024995854
0.024995854
0.024995854
0.024995854
0.024995853
0.024995854
0.024995848
0.024995849
0.024995849
0.024995849
0.02499585
0.02499585
0.02499585
0.02499585
0.024995851
0.024995851
0.024995851
0.024995852
0.024995852
0.024995852
0.024995852
0.024995853
0.024995853
0.024995853
0.024995853
0.024995854
0.024995854
0.024995854
0.024995854
0.024995854
0.024995854
0.024995854
0.024995854
0.024995855
0.024995855
0.024995855
0.024995855
0.024995854
0.024995854
0.024995854
0.024995854
0.024995854
0.024995854
0.024995854
0.024995853
0.024995854
0.024995848
0.024995849
0.024995849
0.024995849
0.02499585
0.02499585
0.02499585
0.02499585
0.024995851
0.024995851
0.024995851
0.024995852
0.024995852
0.024995852
0.024995852
0.024995853
0.024995853
0.024995853
0.024995853
0.024995854
0.024995854
0.024995854
0.024995854
0.024995854
0.024995854
0.024995854
0.024995855
0.024995855
0.024995855
0.024995855
0.024995855
0.024995854
0.024995854
0.024995854
0.024995854
0.024995854
0.024995854
0.024995854
0.024995853
0.024995854
0.024995848
0.024995849
0.024995849
0.024995849
0.02499585
0.02499585
0.02499585
0.02499585
0.024995851
0.024995851
0.024995851
0.024995852
0.024995852
0.024995852
0.024995852
0.024995853
0.024995853
0.024995853
0.024995853
0.024995854
0.024995854
0.024995854
0.024995854
0.024995854
0.024995854
0.024995854
0.024995854
0.024995855
0.024995855
0.024995855
0.024995854
0.024995854
0.024995854
0.024995854
0.024995854
0.024995854
0.024995854
0.024995854
0.024995853
0.024995854
0.024995848
0.024995849
0.024995849
0.024995849
0.02499585
0.02499585
0.02499585
0.024995851
0.024995851
0.024995851
0.024995851
0.024995852
0.024995852
0.024995852
0.024995852
0.024995853
0.024995853
0.024995853
0.024995853
0.024995854
0.024995854
0.024995854
0.024995854
0.024995854
0.024995854
0.024995855
0.024995855
0.024995855
0.024995855
0.024995855
0.024995855
0.024995855
0.024995854
0.024995854
0.024995854
0.024995854
0.024995854
0.024995854
0.024995853
0.024995854
0.024995848
0.024995849
0.024995849
0.024995849
0.02499585
0.02499585
0.02499585
0.02499585
0.024995851
0.024995851
0.024995851
0.024995852
0.024995852
0.024995852
0.024995852
0.024995853
0.024995853
0.024995853
0.024995853
0.024995854
0.024995854
0.024995854
0.024995854
0.024995854
0.024995854
0.024995855
0.024995855
0.024995855
0.024995855
0.024995855
0.024995855
0.024995855
0.024995854
0.024995854
0.024995854
0.024995854
0.024995854
0.024995854
0.024995853
0.024995854
0.024995848
0.024995849
0.024995849
0.024995849
0.02499585
0.02499585
0.02499585
0.02499585
0.024995851
0.024995851
0.024995851
0.024995852
0.024995852
0.024995852
0.024995852
0.024995853
0.024995853
0.024995853
0.024995853
0.024995854
0.024995854
0.024995854
0.024995854
0.024995854
0.024995854
0.024995854
0.024995854
0.024995855
0.024995855
0.024995855
0.024995855
0.024995854
0.024995854
0.024995854
0.024995854
0.024995854
0.024995854
0.024995854
0.024995853
0.024995854
0.024995848
0.024995849
0.024995849
0.024995849
0.02499585
0.02499585
0.02499585
0.02499585
0.024995851
0.024995851
0.024995851
0.024995852
0.024995852
0.024995852
0.024995852
0.024995853
0.024995853
0.024995853
0.024995853
0.024995854
0.024995854
0.024995854
0.024995854
0.024995854
0.024995854
0.024995855
0.024995855
0.024995855
0.024995855
0.024995855
0.024995855
0.024995855
0.024995854
0.024995854
0.024995854
0.024995854
0.024995854
0.024995854
0.024995853
0.024995854
0.024995848
0.024995849
0.024995849
0.024995849
0.02499585
0.02499585
0.02499585
0.02499585
0.024995851
0.024995851
0.024995851
0.024995852
0.024995852
0.024995852
0.024995852
0.024995853
0.024995853
0.024995853
0.024995853
0.024995854
0.024995854
0.024995854
0.024995854
0.024995854
0.024995854
0.024995855
0.024995855
0.024995855
0.024995855
0.024995855
0.024995855
0.024995855
0.024995854
0.024995854
0.024995854
0.024995854
0.024995854
0.024995854
0.024995853
0.024995854
0.024995848
0.024995849
0.024995849
0.024995849
0.02499585
0.02499585
0.02499585
0.02499585
0.024995851
0.024995851
0.024995851
0.024995852
0.024995852
0.024995852
0.024995852
0.024995853
0.024995853
0.024995853
0.024995853
0.024995854
0.024995854
0.024995854
0.024995854
0.024995854
0.024995854
0.024995854
0.024995854
0.024995855
0.024995855
0.024995855
0.024995855
0.024995854
0.024995854
0.024995854
0.024995854
0.024995854
0.024995854
0.024995854
0.024995853
0.024995854
0.024995848
0.024995849
0.024995849
0.024995849
0.02499585
0.02499585
0.02499585
0.02499585
0.024995851
0.024995851
0.024995851
0.024995852
0.024995852
0.024995852
0.024995852
0.024995853
0.024995853
0.024995853
0.024995853
0.024995854
0.024995854
0.024995854
0.024995854
0.024995854
0.024995854
0.024995854
0.024995855
0.024995855
0.024995855
0.024995855
0.024995855
0.024995855
0.024995854
0.024995854
0.024995854
0.024995854
0.024995854
0.024995854
0.024995853
0.024995854
0.024995848
0.024995849
0.024995849
0.024995849
0.02499585
0.02499585
0.02499585
0.02499585
0.024995851
0.024995851
0.024995851
0.024995852
0.024995852
0.024995852
0.024995852
0.024995853
0.024995853
0.024995853
0.024995853
0.024995854
0.024995854
0.024995854
0.024995854
0.024995854
0.024995854
0.024995854
0.024995855
0.024995855
0.024995855
0.024995855
0.024995855
0.024995855
0.024995854
0.024995854
0.024995854
0.024995854
0.024995854
0.024995854
0.024995853
0.024995854
0.024995848
0.024995849
0.024995849
0.024995849
0.02499585
0.02499585
0.02499585
0.02499585
0.024995851
0.024995851
0.024995851
0.024995852
0.024995852
0.024995852
0.024995852
0.024995852
0.024995853
0.024995853
0.024995853
0.024995854
0.024995854
0.024995854
0.024995854
0.024995854
0.024995854
0.024995854
0.024995854
0.024995854
0.024995854
0.024995854
0.024995854
0.024995854
0.024995854
0.024995854
0.024995854
0.024995854
0.024995854
0.024995854
0.024995853
0.024995854
0.024995848
0.024995849
0.024995849
0.024995849
0.02499585
0.02499585
0.02499585
0.02499585
0.024995851
0.024995851
0.024995851
0.024995852
0.024995852
0.024995852
0.024995852
0.024995853
0.024995853
0.024995853
0.024995853
0.024995854
0.024995854
0.024995854
0.024995854
0.024995854
0.024995854
0.024995854
0.024995854
0.024995855
0.024995855
0.024995855
0.024995855
0.024995854
0.024995854
0.024995854
0.024995854
0.024995854
0.024995854
0.024995854
0.024995853
0.024995854
0.024995848
0.024995849
0.024995849
0.024995849
0.02499585
0.02499585
0.02499585
0.02499585
0.024995851
0.024995851
0.024995851
0.024995852
0.024995852
0.024995852
0.024995852
0.024995853
0.024995853
0.024995853
0.024995853
0.024995854
0.024995854
0.024995854
0.024995854
0.024995854
0.024995854
0.024995854
0.024995855
0.024995855
0.024995855
0.024995855
0.024995855
0.024995854
0.024995854
0.024995854
0.024995854
0.024995854
0.024995854
0.024995854
0.024995853
0.024995854
0.024995848
0.024995849
0.024995849
0.024995849
0.02499585
0.02499585
0.02499585
0.02499585
0.024995851
0.024995851
0.024995851
0.024995852
0.024995852
0.024995852
0.024995852
0.024995852
0.024995853
0.024995853
0.024995853
0.024995854
0.024995854
0.024995854
0.024995854
0.024995854
0.024995854
0.024995854
0.024995854
0.024995854
0.024995854
0.024995854
0.024995854
0.024995854
0.024995854
0.024995854
0.024995854
0.024995854
0.024995854
0.024995854
0.024995853
0.024995854
0.024995848
0.024995849
0.024995849
0.024995849
0.02499585
0.02499585
0.02499585
0.02499585
0.024995851
0.024995851
0.024995851
0.024995852
0.024995852
0.024995852
0.024995852
0.024995853
0.024995853
0.024995853
0.024995853
0.024995854
0.024995854
0.024995854
0.024995854
0.024995854
0.024995854
0.024995854
0.024995855
0.024995855
0.024995855
0.024995855
0.024995855
0.024995854
0.024995854
0.024995854
0.024995854
0.024995854
0.024995854
0.024995854
0.024995853
0.024995854
0.024995848
0.024995849
0.024995849
0.024995849
0.02499585
0.02499585
0.02499585
0.02499585
0.024995851
0.024995851
0.024995851
0.024995852
0.024995852
0.024995852
0.024995852
0.024995852
0.024995853
0.024995853
0.024995853
0.024995854
0.024995854
0.024995854
0.024995854
0.024995854
0.024995854
0.024995854
0.024995854
0.024995854
0.024995854
0.024995854
0.024995854
0.024995854
0.024995854
0.024995854
0.024995854
0.024995854
0.024995854
0.024995854
0.024995853
0.024995854
0.024995848
0.024995848
0.024995849
0.024995849
0.024995849
0.02499585
0.02499585
0.02499585
0.024995851
0.024995851
0.024995851
0.024995851
0.024995852
0.024995852
0.024995852
0.024995852
0.024995853
0.024995853
0.024995853
0.024995854
0.024995854
0.024995854
0.024995854
0.024995854
0.024995854
0.024995854
0.024995854
0.024995854
0.024995854
0.024995854
0.024995854
0.024995854
0.024995854
0.024995854
0.024995854
0.024995854
0.024995854
0.024995854
0.024995853
0.024995854
0.024995848
0.024995848
0.024995849
0.024995849
0.024995849
0.02499585
0.02499585
0.02499585
0.024995851
0.024995851
0.024995851
0.024995851
0.024995852
0.024995852
0.024995852
0.024995852
0.024995853
0.024995853
0.024995853
0.024995854
0.024995854
0.024995854
0.024995854
0.024995854
0.024995854
0.024995854
0.024995854
0.024995854
0.024995854
0.024995854
0.024995854
0.024995854
0.024995854
0.024995854
0.024995854
0.024995854
0.024995854
0.024995854
0.024995853
0.024995854
)
;
        refGradient     uniform 0;
        valueFraction   uniform 0.99972863;
        source          uniform 0;
        value           nonuniform List<scalar> 
4800
(
0.024993077
0.024993074
0.02499307
0.024993066
0.024993063
0.02499306
0.024993058
0.024993056
0.024993055
0.024993054
0.024993054
0.024993054
0.024993056
0.024993058
0.02499306
0.024993063
0.024993066
0.02499307
0.024993074
0.024993077
0.024994901
0.024994902
0.024994902
0.024994903
0.024994904
0.024994905
0.024994905
0.024994906
0.024994906
0.024994906
0.024994906
0.024994906
0.024994906
0.024994905
0.024994905
0.024994904
0.024994903
0.024994902
0.024994902
0.024994901
0.024995525
0.024995525
0.024995525
0.024995525
0.024995525
0.024995526
0.024995526
0.024995526
0.024995526
0.024995526
0.024995526
0.024995526
0.024995526
0.024995526
0.024995525
0.024995525
0.024995525
0.024995525
0.024995525
0.024995525
0.024995753
0.024995753
0.024995753
0.024995753
0.024995753
0.024995753
0.024995753
0.024995753
0.024995753
0.024995753
0.024995753
0.024995753
0.024995753
0.024995753
0.024995753
0.024995753
0.024995753
0.024995753
0.024995753
0.024995753
0.024995824
0.024995824
0.024995824
0.024995824
0.024995824
0.024995823
0.024995823
0.024995823
0.024995823
0.024995823
0.024995823
0.024995823
0.024995823
0.024995823
0.024995823
0.024995823
0.024995824
0.024995824
0.024995824
0.024995824
0.024995842
0.024995842
0.024995842
0.024995842
0.024995842
0.024995842
0.024995842
0.024995842
0.024995842
0.024995842
0.024995842
0.024995842
0.024995842
0.024995842
0.024995842
0.024995842
0.024995842
0.024995842
0.024995842
0.024995842
0.024995846
0.024995846
0.024995846
0.024995846
0.024995846
0.024995846
0.024995846
0.024995846
0.024995846
0.024995846
0.024995846
0.024995846
0.024995846
0.024995846
0.024995846
0.024995846
0.024995846
0.024995846
0.024995846
0.024995846
0.024995847
0.024995847
0.024995847
0.024995847
0.024995847
0.024995846
0.024995846
0.024995846
0.024995846
0.024995846
0.024995846
0.024995846
0.024995846
0.024995846
0.024995846
0.024995847
0.024995847
0.024995847
0.024995847
0.024995847
0.024995847
0.024995847
0.024995847
0.024995847
0.024995847
0.024995847
0.024995847
0.024995847
0.024995847
0.024995846
0.024995846
0.024995847
0.024995847
0.024995847
0.024995847
0.024995847
0.024995847
0.024995847
0.024995847
0.024995847
0.024995847
0.024995847
0.024995847
0.024995847
0.024995847
0.024995847
0.024995847
0.024995847
0.024995847
0.024995847
0.024995847
0.024995847
0.024995847
0.024995847
0.024995847
0.024995847
0.024995847
0.024995847
0.024995847
0.024995847
0.024995847
0.024995847
0.024995847
0.024995847
0.024995847
0.024995847
0.024995847
0.024995847
0.024995846
0.024995846
0.024995846
0.024995846
0.024995846
0.024995847
0.024995847
0.024995847
0.024995847
0.024995847
0.024995847
0.024995847
0.024995847
0.024995847
0.024995847
0.024995847
0.024995847
0.024995847
0.024995847
0.024995847
0.024995847
0.024995847
0.024995847
0.024995847
0.024995847
0.024995847
0.024995847
0.024995847
0.024995847
0.024995847
0.024995847
0.024995847
0.024995847
0.024995847
0.024995847
0.024995847
0.024995847
0.024995847
0.024995847
0.024995847
0.024995847
0.024995847
0.024995847
0.024995847
0.024995847
0.024995847
0.024995847
0.024995847
0.024995847
0.024995847
0.024995847
0.024995847
0.024995847
0.024995847
0.024995847
0.024995847
0.024995847
0.024995847
0.024995847
0.024995847
0.024995846
0.024995846
0.024995846
0.024995846
0.024995847
0.024995847
0.024995847
0.024995847
0.024995847
0.024995847
0.024995847
0.024995847
0.024995847
0.024995847
0.024995847
0.024995847
0.024995847
0.024995847
0.024995847
0.024995847
0.024995847
0.024995847
0.024995847
0.024995847
0.024995847
0.024995847
0.024995847
0.024995847
0.024995847
0.024995847
0.024995847
0.024995847
0.024995847
0.024995847
0.024995847
0.024995847
0.024995847
0.024995847
0.024995847
0.024995847
0.024995847
0.024995847
0.024995847
0.024995847
0.024995847
0.024995847
0.024995847
0.024995847
0.024995847
0.024995847
0.024995847
0.024995847
0.024995847
0.024995847
0.024995847
0.024995847
0.024995847
0.024995847
0.024995847
0.024995847
0.024995846
0.024995846
0.024995846
0.024995846
0.024995847
0.024995847
0.024995847
0.024995847
0.024995847
0.024995847
0.024995847
0.024995847
0.024995847
0.024995847
0.024995847
0.024995847
0.024995847
0.024995847
0.024995847
0.024995847
0.024995847
0.024995847
0.024995846
0.024995847
0.024995847
0.024995847
0.024995847
0.024995847
0.024995847
0.024995847
0.024995847
0.024995847
0.024995847
0.024995847
0.024995847
0.024995847
0.024995847
0.024995847
0.024995847
0.024995847
0.024995847
0.024995846
0.024995846
0.024995846
0.024995847
0.024995847
0.024995847
0.024995847
0.024995847
0.024995847
0.024995847
0.024995847
0.024995847
0.024995847
0.024995847
0.024995847
0.024995847
0.024995847
0.024995847
0.024995847
0.024995846
0.024995846
0.024995846
0.024995846
0.024995846
0.024995847
0.024995847
0.024995847
0.024995847
0.024995847
0.024995847
0.024995847
0.024995847
0.024995847
0.024995847
0.024995847
0.024995847
0.024995847
0.024995847
0.024995847
0.024995847
0.024995847
0.024995847
0.024995847
0.024995847
0.024995847
0.024995847
0.024995847
0.024995847
0.024995847
0.024995847
0.024995847
0.024995847
0.024995847
0.024995847
0.024995847
0.024995847
0.024995847
0.024995847
0.024995847
0.024995847
0.024995847
0.024995846
0.024995847
0.024995847
0.024995847
0.024995847
0.024995847
0.024995847
0.024995847
0.024995847
0.024995847
0.024995847
0.024995847
0.024995847
0.024995847
0.024995847
0.024995847
0.024995847
0.024995847
0.024995846
0.024995846
0.024995846
0.024995846
0.024995846
0.024995847
0.024995847
0.024995847
0.024995847
0.024995847
0.024995847
0.024995847
0.024995847
0.024995847
0.024995847
0.024995847
0.024995847
0.024995847
0.024995847
0.024995847
0.024995847
0.024995847
0.024995847
0.024995847
0.024995847
0.024995847
0.024995847
0.024995847
0.024995847
0.024995847
0.024995847
0.024995847
0.024995847
0.024995847
0.024995847
0.024995847
0.024995847
0.024995847
0.024995847
0.024995847
0.024995847
0.024995847
0.024995847
0.024995847
0.024995847
0.024995847
0.024995847
0.024995847
0.024995847
0.024995847
0.024995847
0.024995847
0.024995847
0.024995847
0.024995847
0.024995847
0.024995847
0.024995847
0.024995847
0.024995847
0.024995846
0.024995846
0.024995846
0.024995846
0.024995847
0.024995847
0.024995847
0.024995847
0.024995847
0.024995847
0.024995847
0.024995847
0.024995847
0.024995847
0.024995847
0.024995847
0.024995847
0.024995847
0.024995847
0.024995847
0.024995847
0.024995847
0.024995847
0.024995847
0.024995847
0.024995847
0.024995847
0.024995847
0.024995847
0.024995847
0.024995847
0.024995847
0.024995847
0.024995847
0.024995847
0.024995847
0.024995847
0.024995847
0.024995847
0.024995847
0.024995847
0.024995846
0.024995846
0.024995846
0.024995847
0.024995847
0.024995847
0.024995847
0.024995847
0.024995847
0.024995847
0.024995847
0.024995847
0.024995847
0.024995847
0.024995847
0.024995847
0.024995847
0.024995847
0.024995847
0.024995846
0.024995846
0.024995846
0.024995846
0.024995846
0.024995847
0.024995847
0.024995847
0.024995847
0.024995847
0.024995847
0.024995847
0.024995847
0.024995847
0.024995847
0.024995847
0.024995847
0.024995847
0.024995847
0.024995847
0.024995847
0.024995847
0.024995846
0.024995847
0.024995847
0.024995847
0.024995847
0.024995847
0.024995847
0.024995847
0.024995847
0.024995847
0.024995847
0.024995847
0.024995847
0.024995847
0.024995847
0.024995847
0.024995847
0.024995847
0.024995847
0.024995846
0.024995846
0.024995847
0.024995847
0.024995847
0.024995847
0.024995847
0.024995847
0.024995847
0.024995847
0.024995847
0.024995847
0.024995847
0.024995847
0.024995847
0.024995847
0.024995847
0.024995847
0.024995847
0.024995846
0.024995846
0.024995846
0.024995846
0.024995846
0.024995847
0.024995847
0.024995847
0.024995847
0.024995847
0.024995847
0.024995847
0.024995847
0.024995847
0.024995847
0.024995847
0.024995847
0.024995847
0.024995847
0.024995847
0.024995847
0.024995847
0.024995847
0.024995847
0.024995847
0.024995847
0.024995847
0.024995847
0.024995847
0.024995847
0.024995847
0.024995847
0.024995847
0.024995847
0.024995847
0.024995847
0.024995847
0.024995847
0.024995847
0.024995847
0.024995847
0.024995847
0.024995846
0.024995847
0.024995847
0.024995847
0.024995847
0.024995847
0.024995847
0.024995847
0.024995847
0.024995847
0.024995847
0.024995847
0.024995847
0.024995847
0.024995847
0.024995847
0.024995847
0.024995847
0.024995846
0.024995846
0.024995846
0.024995846
0.024995846
0.024995847
0.024995847
0.024995847
0.024995847
0.024995847
0.024995847
0.024995847
0.024995847
0.024995847
0.024995847
0.024995847
0.024995847
0.024995847
0.024995847
0.024995847
0.024995847
0.024995847
0.024995847
0.024995847
0.024995847
0.024995847
0.024995847
0.024995847
0.024995847
0.024995847
0.024995847
0.024995847
0.024995847
0.024995847
0.024995847
0.024995847
0.024995847
0.024995847
0.024995847
0.024995847
0.024995847
0.024995846
0.024995846
0.024995846
0.024995847
0.024995847
0.024995847
0.024995847
0.024995847
0.024995847
0.024995847
0.024995847
0.024995847
0.024995847
0.024995847
0.024995847
0.024995847
0.024995847
0.024995847
0.024995847
0.024995846
0.024995846
0.024995846
0.024995846
0.024995846
0.024995847
0.024995847
0.024995847
0.024995847
0.024995847
0.024995847
0.024995847
0.024995847
0.024995847
0.024995847
0.024995847
0.024995847
0.024995847
0.024995847
0.024995847
0.024995847
0.024995847
0.024995847
0.024995847
0.024995847
0.024995847
0.024995847
0.024995847
0.024995847
0.024995847
0.024995847
0.024995847
0.024995847
0.024995847
0.024995847
0.024995847
0.024995847
0.024995847
0.024995847
0.024995847
0.024995847
0.024995846
0.024995846
0.024995846
0.024995847
0.024995847
0.024995847
0.024995847
0.024995847
0.024995847
0.024995847
0.024995847
0.024995847
0.024995847
0.024995847
0.024995847
0.024995847
0.024995847
0.024995847
0.024995846
0.024995846
0.024995846
0.024995846
0.024995846
0.024995846
0.024995847
0.024995847
0.024995847
0.024995847
0.024995847
0.024995847
0.024995847
0.024995847
0.024995847
0.024995847
0.024995847
0.024995847
0.024995847
0.024995847
0.024995847
0.024995846
0.024995846
0.024995846
0.024995846
0.024995847
0.024995847
0.024995847
0.024995847
0.024995847
0.024995847
0.024995847
0.024995847
0.024995847
0.024995847
0.024995847
0.024995847
0.024995847
0.024995847
0.024995847
0.024995847
0.024995846
0.024995846
0.024995846
0.024995846
0.024995847
0.024995847
0.024995847
0.024995847
0.024995847
0.024995847
0.024995847
0.024995847
0.024995847
0.024995847
0.024995847
0.024995847
0.024995847
0.024995847
0.024995847
0.024995847
0.024995846
0.024995846
0.024995846
0.024995846
0.024995846
0.024995847
0.024995847
0.024995847
0.024995847
0.024995847
0.024995847
0.024995847
0.024995847
0.024995847
0.024995847
0.024995847
0.024995847
0.024995847
0.024995847
0.024995847
0.024995847
0.024995847
0.024995847
0.024995847
0.024995847
0.024995847
0.024995847
0.024995847
0.024995847
0.024995847
0.024995847
0.024995847
0.024995847
0.024995847
0.024995847
0.024995847
0.024995847
0.024995847
0.024995847
0.024995847
0.024995847
0.024995847
0.024995846
0.024995847
0.024995847
0.024995847
0.024995847
0.024995847
0.024995847
0.024995847
0.024995847
0.024995847
0.024995847
0.024995847
0.024995847
0.024995847
0.024995847
0.024995847
0.024995847
0.024995847
0.024995846
0.024995846
0.024995846
0.024995846
0.024995846
0.024995847
0.024995847
0.024995847
0.024995847
0.024995847
0.024995847
0.024995847
0.024995847
0.024995847
0.024995847
0.024995847
0.024995847
0.024995847
0.024995847
0.024995847
0.024995847
0.024995846
0.024995846
0.024995847
0.024995847
0.024995847
0.024995847
0.024995847
0.024995847
0.024995847
0.024995847
0.024995847
0.024995847
0.024995847
0.024995847
0.024995847
0.024995847
0.024995847
0.024995847
0.024995847
0.024995847
0.024995847
0.024995847
0.024995847
0.024995847
0.024995847
0.024995847
0.024995847
0.024995847
0.024995847
0.024995847
0.024995847
0.024995847
0.024995847
0.024995847
0.024995847
0.024995847
0.024995847
0.024995847
0.024995847
0.024995846
0.024995846
0.024995846
0.024995846
0.024995847
0.024995847
0.024995847
0.024995847
0.024995847
0.024995847
0.024995847
0.024995847
0.024995847
0.024995847
0.024995847
0.024995847
0.024995847
0.024995847
0.024995847
0.024995847
0.024995847
0.024995846
0.024995846
0.024995847
0.024995847
0.024995847
0.024995847
0.024995847
0.024995847
0.024995847
0.024995847
0.024995847
0.024995847
0.024995847
0.024995847
0.024995847
0.024995847
0.024995847
0.024995847
0.024995847
0.024995846
0.024995846
0.024995846
0.024995846
0.024995847
0.024995847
0.024995847
0.024995847
0.024995847
0.024995847
0.024995847
0.024995847
0.024995847
0.024995847
0.024995847
0.024995847
0.024995847
0.024995847
0.024995847
0.024995846
0.024995846
0.024995846
0.024995846
0.024995846
0.024995846
0.024995847
0.024995847
0.024995847
0.024995847
0.024995847
0.024995847
0.024995847
0.024995847
0.024995847
0.024995847
0.024995847
0.024995847
0.024995847
0.024995847
0.024995847
0.024995846
0.024995846
0.024995846
0.024995846
0.024995846
0.024995847
0.024995847
0.024995847
0.024995847
0.024995847
0.024995847
0.024995847
0.024995847
0.024995847
0.024995847
0.024995847
0.024995847
0.024995847
0.024995847
0.024995847
0.024995846
0.024995846
0.024995846
0.024995846
0.024995847
0.024995847
0.024995847
0.024995847
0.024995847
0.024995847
0.024995847
0.024995847
0.024995847
0.024995847
0.024995847
0.024995847
0.024995847
0.024995847
0.024995847
0.024995846
0.024995846
0.024995846
0.024995846
0.024995846
0.024995846
0.024995847
0.024995847
0.024995847
0.024995847
0.024995847
0.024995847
0.024995847
0.024995847
0.024995847
0.024995847
0.024995847
0.024995847
0.024995847
0.024995847
0.024995847
0.024995846
0.024995846
0.024995846
0.024995846
0.024995846
0.024995847
0.024995847
0.024995847
0.024995847
0.024995847
0.024995847
0.024995847
0.024995847
0.024995847
0.024995847
0.024995847
0.024995847
0.024995847
0.024995847
0.024995846
0.024995846
0.024995846
0.024995846
0.024995846
0.024995846
0.024995846
0.024995847
0.024995847
0.024995847
0.024995847
0.024995847
0.024995847
0.024995847
0.024995847
0.024995847
0.024995847
0.024995847
0.024995847
0.024995846
0.024995846
0.024995846
0.024995846
0.024995846
0.024995846
0.024995846
0.024995846
0.024995846
0.024995847
0.024995847
0.024995847
0.024995847
0.024995847
0.024995847
0.024995847
0.024995847
0.024995847
0.024995847
0.024995846
0.024995846
0.024995846
0.024995846
0.024995846
0.024995846
0.024995846
0.024995846
0.024995846
0.024995846
0.024995847
0.024995847
0.024995847
0.024995847
0.024995847
0.024993065
0.024993055
0.024993046
0.024993038
0.02499303
0.024993024
0.024993019
0.024993015
0.024993013
0.024993011
0.024993012
0.024993013
0.024993016
0.024993021
0.024993026
0.024993033
0.024993041
0.02499305
0.02499306
0.02499307
0.024994904
0.024994906
0.024994908
0.02499491
0.024994912
0.024994914
0.024994915
0.024994916
0.024994917
0.024994918
0.024994918
0.024994918
0.024994918
0.024994917
0.024994916
0.024994915
0.024994914
0.024994912
0.024994911
0.024994909
0.024995527
0.024995527
0.024995528
0.024995528
0.024995529
0.024995529
0.02499553
0.02499553
0.02499553
0.024995531
0.024995531
0.024995531
0.024995531
0.024995532
0.024995532
0.024995532
0.024995532
0.024995532
0.024995532
0.024995532
0.024995754
0.024995755
0.024995755
0.024995756
0.024995756
0.024995756
0.024995757
0.024995757
0.024995757
0.024995758
0.024995758
0.024995758
0.024995758
0.024995759
0.024995759
0.024995759
0.024995759
0.024995759
0.024995759
0.02499576
0.024995825
0.024995825
0.024995826
0.024995826
0.024995826
0.024995827
0.024995827
0.024995827
0.024995828
0.024995828
0.024995828
0.024995829
0.024995829
0.024995829
0.024995829
0.024995829
0.02499583
0.02499583
0.02499583
0.02499583
0.024995843
0.024995844
0.024995844
0.024995844
0.024995845
0.024995845
0.024995845
0.024995846
0.024995846
0.024995846
0.024995846
0.024995847
0.024995847
0.024995847
0.024995847
0.024995848
0.024995848
0.024995848
0.024995848
0.024995848
0.024995847
0.024995848
0.024995848
0.024995848
0.024995849
0.024995849
0.024995849
0.02499585
0.02499585
0.02499585
0.02499585
0.024995851
0.024995851
0.024995851
0.024995851
0.024995852
0.024995852
0.024995852
0.024995852
0.024995853
0.024995848
0.024995848
0.024995849
0.024995849
0.024995849
0.02499585
0.02499585
0.02499585
0.024995851
0.024995851
0.024995851
0.024995851
0.024995852
0.024995852
0.024995852
0.024995852
0.024995853
0.024995853
0.024995853
0.024995853
0.024995848
0.024995849
0.024995849
0.024995849
0.02499585
0.02499585
0.02499585
0.024995851
0.024995851
0.024995851
0.024995851
0.024995852
0.024995852
0.024995852
0.024995852
0.024995853
0.024995853
0.024995853
0.024995853
0.024995853
0.024995848
0.024995849
0.024995849
0.024995849
0.02499585
0.02499585
0.02499585
0.024995851
0.024995851
0.024995851
0.024995851
0.024995852
0.024995852
0.024995852
0.024995852
0.024995853
0.024995853
0.024995853
0.024995853
0.024995853
0.024995848
0.024995849
0.024995849
0.024995849
0.02499585
0.02499585
0.02499585
0.024995851
0.024995851
0.024995851
0.024995851
0.024995852
0.024995852
0.024995852
0.024995852
0.024995853
0.024995853
0.024995853
0.024995853
0.024995853
0.024995848
0.024995849
0.024995849
0.024995849
0.02499585
0.02499585
0.02499585
0.024995851
0.024995851
0.024995851
0.024995851
0.024995852
0.024995852
0.024995852
0.024995852
0.024995853
0.024995853
0.024995853
0.024995853
0.024995853
0.024995848
0.024995849
0.024995849
0.024995849
0.02499585
0.02499585
0.02499585
0.024995851
0.024995851
0.024995851
0.024995851
0.024995852
0.024995852
0.024995852
0.024995852
0.024995853
0.024995853
0.024995853
0.024995853
0.024995853
0.024995848
0.024995849
0.024995849
0.024995849
0.02499585
0.02499585
0.02499585
0.024995851
0.024995851
0.024995851
0.024995851
0.024995852
0.024995852
0.024995852
0.024995852
0.024995853
0.024995853
0.024995853
0.024995853
0.024995853
0.024995848
0.024995849
0.024995849
0.024995849
0.02499585
0.02499585
0.02499585
0.024995851
0.024995851
0.024995851
0.024995851
0.024995852
0.024995852
0.024995852
0.024995852
0.024995853
0.024995853
0.024995853
0.024995853
0.024995853
0.024995848
0.024995849
0.024995849
0.024995849
0.02499585
0.02499585
0.02499585
0.024995851
0.024995851
0.024995851
0.024995851
0.024995852
0.024995852
0.024995852
0.024995852
0.024995853
0.024995853
0.024995853
0.024995853
0.024995853
0.024995848
0.024995849
0.024995849
0.024995849
0.02499585
0.02499585
0.02499585
0.024995851
0.024995851
0.024995851
0.024995851
0.024995852
0.024995852
0.024995852
0.024995852
0.024995853
0.024995853
0.024995853
0.024995853
0.024995853
0.024995848
0.024995849
0.024995849
0.024995849
0.02499585
0.02499585
0.02499585
0.024995851
0.024995851
0.024995851
0.024995851
0.024995852
0.024995852
0.024995852
0.024995852
0.024995853
0.024995853
0.024995853
0.024995853
0.024995853
0.024995848
0.024995849
0.024995849
0.024995849
0.02499585
0.02499585
0.02499585
0.024995851
0.024995851
0.024995851
0.024995851
0.024995852
0.024995852
0.024995852
0.024995852
0.024995853
0.024995853
0.024995853
0.024995853
0.024995853
0.024995848
0.024995849
0.024995849
0.024995849
0.02499585
0.02499585
0.02499585
0.024995851
0.024995851
0.024995851
0.024995851
0.024995852
0.024995852
0.024995852
0.024995852
0.024995853
0.024995853
0.024995853
0.024995853
0.024995853
0.024995848
0.024995849
0.024995849
0.024995849
0.02499585
0.02499585
0.02499585
0.024995851
0.024995851
0.024995851
0.024995851
0.024995852
0.024995852
0.024995852
0.024995852
0.024995853
0.024995853
0.024995853
0.024995853
0.024995853
0.024995848
0.024995849
0.024995849
0.024995849
0.02499585
0.02499585
0.02499585
0.024995851
0.024995851
0.024995851
0.024995851
0.024995852
0.024995852
0.024995852
0.024995852
0.024995853
0.024995853
0.024995853
0.024995853
0.024995853
0.024995848
0.024995849
0.024995849
0.024995849
0.02499585
0.02499585
0.02499585
0.024995851
0.024995851
0.024995851
0.024995851
0.024995852
0.024995852
0.024995852
0.024995852
0.024995853
0.024995853
0.024995853
0.024995853
0.024995853
0.024995848
0.024995849
0.024995849
0.024995849
0.02499585
0.02499585
0.02499585
0.024995851
0.024995851
0.024995851
0.024995851
0.024995852
0.024995852
0.024995852
0.024995852
0.024995853
0.024995853
0.024995853
0.024995853
0.024995853
0.024995848
0.024995849
0.024995849
0.024995849
0.02499585
0.02499585
0.02499585
0.024995851
0.024995851
0.024995851
0.024995851
0.024995852
0.024995852
0.024995852
0.024995852
0.024995853
0.024995853
0.024995853
0.024995853
0.024995853
0.024995848
0.024995849
0.024995849
0.024995849
0.02499585
0.02499585
0.02499585
0.024995851
0.024995851
0.024995851
0.024995851
0.024995852
0.024995852
0.024995852
0.024995852
0.024995853
0.024995853
0.024995853
0.024995853
0.024995853
0.024995848
0.024995849
0.024995849
0.024995849
0.02499585
0.02499585
0.02499585
0.024995851
0.024995851
0.024995851
0.024995851
0.024995852
0.024995852
0.024995852
0.024995852
0.024995853
0.024995853
0.024995853
0.024995853
0.024995853
0.024995848
0.024995849
0.024995849
0.024995849
0.02499585
0.02499585
0.02499585
0.024995851
0.024995851
0.024995851
0.024995851
0.024995852
0.024995852
0.024995852
0.024995852
0.024995853
0.024995853
0.024995853
0.024995853
0.024995853
0.024995848
0.024995849
0.024995849
0.024995849
0.02499585
0.02499585
0.02499585
0.024995851
0.024995851
0.024995851
0.024995851
0.024995852
0.024995852
0.024995852
0.024995852
0.024995853
0.024995853
0.024995853
0.024995853
0.024995853
0.024995848
0.024995849
0.024995849
0.024995849
0.02499585
0.02499585
0.02499585
0.024995851
0.024995851
0.024995851
0.024995851
0.024995852
0.024995852
0.024995852
0.024995852
0.024995853
0.024995853
0.024995853
0.024995853
0.024995853
0.024995848
0.024995849
0.024995849
0.024995849
0.02499585
0.02499585
0.02499585
0.024995851
0.024995851
0.024995851
0.024995851
0.024995852
0.024995852
0.024995852
0.024995852
0.024995853
0.024995853
0.024995853
0.024995853
0.024995853
0.024995848
0.024995849
0.024995849
0.024995849
0.02499585
0.02499585
0.02499585
0.024995851
0.024995851
0.024995851
0.024995851
0.024995852
0.024995852
0.024995852
0.024995852
0.024995853
0.024995853
0.024995853
0.024995853
0.024995853
0.024995848
0.024995849
0.024995849
0.024995849
0.02499585
0.02499585
0.02499585
0.024995851
0.024995851
0.024995851
0.024995851
0.024995852
0.024995852
0.024995852
0.024995852
0.024995853
0.024995853
0.024995853
0.024995853
0.024995853
0.024995848
0.024995849
0.024995849
0.024995849
0.02499585
0.02499585
0.02499585
0.024995851
0.024995851
0.024995851
0.024995851
0.024995852
0.024995852
0.024995852
0.024995852
0.024995853
0.024995853
0.024995853
0.024995853
0.024995853
0.024995848
0.024995849
0.024995849
0.024995849
0.02499585
0.02499585
0.02499585
0.024995851
0.024995851
0.024995851
0.024995851
0.024995852
0.024995852
0.024995852
0.024995852
0.024995853
0.024995853
0.024995853
0.024995853
0.024995853
0.024995848
0.024995849
0.024995849
0.024995849
0.02499585
0.02499585
0.02499585
0.024995851
0.024995851
0.024995851
0.024995851
0.024995852
0.024995852
0.024995852
0.024995852
0.024995853
0.024995853
0.024995853
0.024995853
0.024995853
0.024995848
0.024995849
0.024995849
0.024995849
0.02499585
0.02499585
0.02499585
0.024995851
0.024995851
0.024995851
0.024995851
0.024995852
0.024995852
0.024995852
0.024995852
0.024995853
0.024995853
0.024995853
0.024995853
0.024995853
0.024995848
0.024995849
0.024995849
0.024995849
0.02499585
0.02499585
0.02499585
0.024995851
0.024995851
0.024995851
0.024995851
0.024995852
0.024995852
0.024995852
0.024995852
0.024995853
0.024995853
0.024995853
0.024995853
0.024995853
0.024995848
0.024995849
0.024995849
0.024995849
0.02499585
0.02499585
0.02499585
0.024995851
0.024995851
0.024995851
0.024995851
0.024995852
0.024995852
0.024995852
0.024995852
0.024995853
0.024995853
0.024995853
0.024995853
0.024995853
0.024995848
0.024995849
0.024995849
0.024995849
0.02499585
0.02499585
0.02499585
0.024995851
0.024995851
0.024995851
0.024995851
0.024995852
0.024995852
0.024995852
0.024995852
0.024995853
0.024995853
0.024995853
0.024995853
0.024995853
0.024995848
0.024995849
0.024995849
0.024995849
0.02499585
0.02499585
0.02499585
0.024995851
0.024995851
0.024995851
0.024995851
0.024995852
0.024995852
0.024995852
0.024995852
0.024995853
0.024995853
0.024995853
0.024995853
0.024995853
0.024995848
0.024995849
0.024995849
0.024995849
0.02499585
0.02499585
0.02499585
0.024995851
0.024995851
0.024995851
0.024995851
0.024995852
0.024995852
0.024995852
0.024995852
0.024995853
0.024995853
0.024995853
0.024995853
0.024995853
0.024995848
0.024995849
0.024995849
0.024995849
0.02499585
0.02499585
0.02499585
0.024995851
0.024995851
0.024995851
0.024995851
0.024995852
0.024995852
0.024995852
0.024995852
0.024995853
0.024995853
0.024995853
0.024995853
0.024995853
0.024995848
0.024995849
0.024995849
0.024995849
0.02499585
0.02499585
0.02499585
0.024995851
0.024995851
0.024995851
0.024995851
0.024995852
0.024995852
0.024995852
0.024995852
0.024995853
0.024995853
0.024995853
0.024995853
0.024995853
0.024995848
0.024995849
0.024995849
0.024995849
0.02499585
0.02499585
0.02499585
0.024995851
0.024995851
0.024995851
0.024995851
0.024995852
0.024995852
0.024995852
0.024995852
0.024995853
0.024995853
0.024995853
0.024995853
0.024995853
0.024995848
0.024995849
0.024995849
0.024995849
0.02499585
0.02499585
0.02499585
0.024995851
0.024995851
0.024995851
0.024995851
0.024995852
0.024995852
0.024995852
0.024995852
0.024995853
0.024995853
0.024995853
0.024995853
0.024995853
0.024995848
0.024995849
0.024995849
0.024995849
0.02499585
0.02499585
0.02499585
0.024995851
0.024995851
0.024995851
0.024995851
0.024995852
0.024995852
0.024995852
0.024995852
0.024995853
0.024995853
0.024995853
0.024995853
0.024995853
0.024995848
0.024995849
0.024995849
0.024995849
0.02499585
0.02499585
0.02499585
0.024995851
0.024995851
0.024995851
0.024995851
0.024995852
0.024995852
0.024995852
0.024995852
0.024995853
0.024995853
0.024995853
0.024995853
0.024995853
0.024995848
0.024995849
0.024995849
0.024995849
0.02499585
0.02499585
0.02499585
0.024995851
0.024995851
0.024995851
0.024995851
0.024995852
0.024995852
0.024995852
0.024995852
0.024995853
0.024995853
0.024995853
0.024995853
0.024995853
0.024995848
0.024995849
0.024995849
0.024995849
0.02499585
0.02499585
0.02499585
0.024995851
0.024995851
0.024995851
0.024995851
0.024995852
0.024995852
0.024995852
0.024995852
0.024995853
0.024995853
0.024995853
0.024995853
0.024995853
0.024995848
0.024995849
0.024995849
0.024995849
0.02499585
0.02499585
0.02499585
0.024995851
0.024995851
0.024995851
0.024995851
0.024995852
0.024995852
0.024995852
0.024995852
0.024995853
0.024995853
0.024995853
0.024995853
0.024995853
0.024995848
0.024995849
0.024995849
0.024995849
0.02499585
0.02499585
0.02499585
0.024995851
0.024995851
0.024995851
0.024995851
0.024995852
0.024995852
0.024995852
0.024995852
0.024995853
0.024995853
0.024995853
0.024995853
0.024995853
0.024995848
0.024995849
0.024995849
0.024995849
0.02499585
0.02499585
0.02499585
0.024995851
0.024995851
0.024995851
0.024995851
0.024995852
0.024995852
0.024995852
0.024995852
0.024995853
0.024995853
0.024995853
0.024995853
0.024995853
0.024995848
0.024995849
0.024995849
0.024995849
0.02499585
0.02499585
0.02499585
0.024995851
0.024995851
0.024995851
0.024995851
0.024995852
0.024995852
0.024995852
0.024995852
0.024995853
0.024995853
0.024995853
0.024995853
0.024995853
0.024995848
0.024995849
0.024995849
0.024995849
0.02499585
0.02499585
0.02499585
0.024995851
0.024995851
0.024995851
0.024995851
0.024995852
0.024995852
0.024995852
0.024995852
0.024995853
0.024995853
0.024995853
0.024995853
0.024995853
0.024995848
0.024995849
0.024995849
0.024995849
0.02499585
0.02499585
0.02499585
0.024995851
0.024995851
0.024995851
0.024995851
0.024995852
0.024995852
0.024995852
0.024995852
0.024995853
0.024995853
0.024995853
0.024995853
0.024995853
0.024995848
0.024995849
0.024995849
0.024995849
0.02499585
0.02499585
0.02499585
0.024995851
0.024995851
0.024995851
0.024995851
0.024995852
0.024995852
0.024995852
0.024995852
0.024995853
0.024995853
0.024995853
0.024995853
0.024995853
0.024995848
0.024995849
0.024995849
0.024995849
0.02499585
0.02499585
0.02499585
0.024995851
0.024995851
0.024995851
0.024995851
0.024995852
0.024995852
0.024995852
0.024995852
0.024995853
0.024995853
0.024995853
0.024995853
0.024995853
0.024995848
0.024995849
0.024995849
0.024995849
0.02499585
0.02499585
0.02499585
0.02499585
0.024995851
0.024995851
0.024995851
0.024995852
0.024995852
0.024995852
0.024995852
0.024995852
0.024995853
0.024995853
0.024995853
0.024995853
0.024995848
0.024995849
0.024995849
0.024995849
0.02499585
0.02499585
0.02499585
0.02499585
0.024995851
0.024995851
0.024995851
0.024995852
0.024995852
0.024995852
0.024995852
0.024995852
0.024995853
0.024995853
0.024995853
0.024995853
0.024993065
0.024993055
0.024993046
0.024993037
0.02499303
0.024993024
0.024993019
0.024993015
0.024993012
0.024993011
0.024993012
0.024993013
0.024993016
0.024993021
0.024993026
0.024993033
0.024993041
0.02499305
0.024993059
0.024993084
0.024993081
0.024993077
0.024993074
0.024993071
0.024993068
0.024993066
0.024993064
0.024993062
0.024993062
0.024993062
0.024993062
0.024993064
0.024993065
0.024993068
0.024993071
0.024993074
0.024993077
0.024993081
0.02499307
0.024993084
0.024994904
0.024994906
0.024994908
0.02499491
0.024994912
0.024994914
0.024994915
0.024994916
0.024994917
0.024994918
0.024994918
0.024994918
0.024994918
0.024994917
0.024994916
0.024994915
0.024994914
0.024994912
0.024994911
0.024994908
0.024994909
0.02499491
0.024994911
0.024994912
0.024994912
0.024994913
0.024994914
0.024994914
0.024994914
0.024994914
0.024994914
0.024994914
0.024994913
0.024994912
0.024994912
0.024994911
0.02499491
0.024994909
0.024994909
0.024994908
0.024995527
0.024995527
0.024995528
0.024995528
0.024995529
0.024995529
0.02499553
0.02499553
0.02499553
0.024995531
0.024995531
0.024995531
0.024995531
0.024995531
0.024995532
0.024995532
0.024995532
0.024995532
0.024995532
0.024995532
0.024995533
0.024995533
0.024995533
0.024995533
0.024995533
0.024995533
0.024995534
0.024995534
0.024995534
0.024995534
0.024995534
0.024995534
0.024995533
0.024995533
0.024995533
0.024995533
0.024995533
0.024995532
0.024995532
0.024995532
0.024995754
0.024995755
0.024995755
0.024995756
0.024995756
0.024995756
0.024995757
0.024995757
0.024995757
0.024995758
0.024995758
0.024995758
0.024995758
0.024995759
0.024995759
0.024995759
0.024995759
0.024995759
0.024995759
0.02499576
0.02499576
0.024995761
0.024995761
0.024995761
0.024995761
0.024995761
0.024995761
0.024995761
0.024995761
0.024995761
0.024995761
0.024995761
0.024995761
0.024995761
0.024995761
0.024995761
0.02499576
0.02499576
0.02499576
0.02499576
0.024995825
0.024995825
0.024995826
0.024995826
0.024995826
0.024995827
0.024995827
0.024995827
0.024995828
0.024995828
0.024995828
0.024995828
0.024995829
0.024995829
0.024995829
0.024995829
0.02499583
0.02499583
0.02499583
0.024995831
0.024995831
0.024995831
0.024995831
0.024995831
0.024995831
0.024995831
0.024995831
0.024995831
0.024995831
0.024995831
0.024995831
0.024995831
0.024995831
0.024995831
0.024995831
0.024995831
0.024995831
0.024995831
0.02499583
0.024995831
0.024995843
0.024995844
0.024995844
0.024995844
0.024995845
0.024995845
0.024995845
0.024995846
0.024995846
0.024995846
0.024995846
0.024995847
0.024995847
0.024995847
0.024995847
0.024995848
0.024995848
0.024995848
0.024995848
0.024995849
0.024995849
0.024995849
0.024995849
0.024995849
0.024995849
0.02499585
0.02499585
0.02499585
0.02499585
0.02499585
0.02499585
0.02499585
0.02499585
0.024995849
0.024995849
0.024995849
0.024995849
0.024995849
0.024995848
0.024995849
0.024995847
0.024995848
0.024995848
0.024995848
0.024995849
0.024995849
0.024995849
0.02499585
0.02499585
0.02499585
0.02499585
0.024995851
0.024995851
0.024995851
0.024995851
0.024995852
0.024995852
0.024995852
0.024995852
0.024995853
0.024995853
0.024995853
0.024995853
0.024995853
0.024995854
0.024995854
0.024995854
0.024995854
0.024995854
0.024995854
0.024995854
0.024995854
0.024995854
0.024995854
0.024995853
0.024995853
0.024995853
0.024995853
0.024995852
0.024995853
0.024995848
0.024995848
0.024995849
0.024995849
0.024995849
0.02499585
0.02499585
0.02499585
0.024995851
0.024995851
0.024995851
0.024995851
0.024995852
0.024995852
0.024995852
0.024995852
0.024995853
0.024995853
0.024995853
0.024995854
0.024995854
0.024995854
0.024995854
0.024995854
0.024995854
0.024995854
0.024995854
0.024995854
0.024995854
0.024995854
0.024995854
0.024995854
0.024995854
0.024995854
0.024995854
0.024995854
0.024995854
0.024995854
0.024995853
0.024995854
0.024995848
0.024995849
0.024995849
0.024995849
0.02499585
0.02499585
0.02499585
0.02499585
0.024995851
0.024995851
0.024995851
0.024995852
0.024995852
0.024995852
0.024995852
0.024995853
0.024995853
0.024995853
0.024995853
0.024995854
0.024995854
0.024995854
0.024995854
0.024995854
0.024995854
0.024995855
0.024995855
0.024995855
0.024995855
0.024995855
0.024995855
0.024995855
0.024995854
0.024995854
0.024995854
0.024995854
0.024995854
0.024995854
0.024995853
0.024995854
0.024995848
0.024995849
0.024995849
0.024995849
0.02499585
0.02499585
0.02499585
0.024995851
0.024995851
0.024995851
0.024995851
0.024995852
0.024995852
0.024995852
0.024995852
0.024995853
0.024995853
0.024995853
0.024995853
0.024995854
0.024995854
0.024995854
0.024995854
0.024995854
0.024995854
0.024995855
0.024995855
0.024995855
0.024995855
0.024995855
0.024995855
0.024995855
0.024995854
0.024995854
0.024995854
0.024995854
0.024995854
0.024995854
0.024995853
0.024995854
0.024995848
0.024995849
0.024995849
0.024995849
0.02499585
0.02499585
0.02499585
0.02499585
0.024995851
0.024995851
0.024995851
0.024995852
0.024995852
0.024995852
0.024995852
0.024995853
0.024995853
0.024995853
0.024995853
0.024995854
0.024995854
0.024995854
0.024995854
0.024995854
0.024995854
0.024995854
0.024995854
0.024995855
0.024995855
0.024995855
0.024995855
0.024995854
0.024995854
0.024995854
0.024995854
0.024995854
0.024995854
0.024995854
0.024995853
0.024995854
0.024995848
0.024995849
0.024995849
0.024995849
0.02499585
0.02499585
0.02499585
0.024995851
0.024995851
0.024995851
0.024995851
0.024995852
0.024995852
0.024995852
0.024995852
0.024995853
0.024995853
0.024995853
0.024995853
0.024995854
0.024995854
0.024995854
0.024995854
0.024995854
0.024995854
0.024995855
0.024995855
0.024995855
0.024995855
0.024995855
0.024995855
0.024995855
0.024995854
0.024995854
0.024995854
0.024995854
0.024995854
0.024995854
0.024995853
0.024995854
0.024995848
0.024995849
0.024995849
0.024995849
0.02499585
0.02499585
0.02499585
0.024995851
0.024995851
0.024995851
0.024995851
0.024995852
0.024995852
0.024995852
0.024995852
0.024995853
0.024995853
0.024995853
0.024995853
0.024995854
0.024995854
0.024995854
0.024995854
0.024995854
0.024995854
0.024995855
0.024995855
0.024995855
0.024995855
0.024995855
0.024995855
0.024995855
0.024995854
0.024995854
0.024995854
0.024995854
0.024995854
0.024995854
0.024995853
0.024995854
0.024995848
0.024995849
0.024995849
0.024995849
0.02499585
0.02499585
0.02499585
0.02499585
0.024995851
0.024995851
0.024995851
0.024995852
0.024995852
0.024995852
0.024995852
0.024995853
0.024995853
0.024995853
0.024995853
0.024995854
0.024995854
0.024995854
0.024995854
0.024995854
0.024995854
0.024995854
0.024995855
0.024995855
0.024995855
0.024995855
0.024995855
0.024995854
0.024995854
0.024995854
0.024995854
0.024995854
0.024995854
0.024995854
0.024995853
0.024995854
0.024995848
0.024995849
0.024995849
0.024995849
0.02499585
0.02499585
0.02499585
0.024995851
0.024995851
0.024995851
0.024995851
0.024995852
0.024995852
0.024995852
0.024995852
0.024995853
0.024995853
0.024995853
0.024995853
0.024995854
0.024995854
0.024995854
0.024995854
0.024995854
0.024995854
0.024995855
0.024995855
0.024995855
0.024995855
0.024995855
0.024995855
0.024995855
0.024995855
0.024995854
0.024995854
0.024995854
0.024995854
0.024995854
0.024995853
0.024995854
0.024995848
0.024995849
0.024995849
0.024995849
0.02499585
0.02499585
0.02499585
0.024995851
0.024995851
0.024995851
0.024995851
0.024995852
0.024995852
0.024995852
0.024995852
0.024995853
0.024995853
0.024995853
0.024995853
0.024995854
0.024995854
0.024995854
0.024995854
0.024995854
0.024995854
0.024995855
0.024995855
0.024995855
0.024995855
0.024995855
0.024995855
0.024995855
0.024995854
0.024995854
0.024995854
0.024995854
0.024995854
0.024995854
0.024995853
0.024995854
0.024995848
0.024995849
0.024995849
0.024995849
0.02499585
0.02499585
0.02499585
0.02499585
0.024995851
0.024995851
0.024995851
0.024995852
0.024995852
0.024995852
0.024995852
0.024995853
0.024995853
0.024995853
0.024995853
0.024995854
0.024995854
0.024995854
0.024995854
0.024995854
0.024995854
0.024995854
0.024995854
0.024995855
0.024995855
0.024995855
0.024995855
0.024995854
0.024995854
0.024995854
0.024995854
0.024995854
0.024995854
0.024995854
0.024995853
0.024995854
0.024995848
0.024995849
0.024995849
0.024995849
0.02499585
0.02499585
0.02499585
0.02499585
0.024995851
0.024995851
0.024995851
0.024995852
0.024995852
0.024995852
0.024995852
0.024995853
0.024995853
0.024995853
0.024995853
0.024995854
0.024995854
0.024995854
0.024995854
0.024995854
0.024995854
0.024995855
0.024995855
0.024995855
0.024995855
0.024995855
0.024995855
0.024995855
0.024995854
0.024995854
0.024995854
0.024995854
0.024995854
0.024995854
0.024995853
0.024995854
0.024995848
0.024995849
0.024995849
0.024995849
0.02499585
0.02499585
0.02499585
0.02499585
0.024995851
0.024995851
0.024995851
0.024995852
0.024995852
0.024995852
0.024995852
0.024995853
0.024995853
0.024995853
0.024995853
0.024995854
0.024995854
0.024995854
0.024995854
0.024995854
0.024995854
0.024995854
0.024995855
0.024995855
0.024995855
0.024995855
0.024995855
0.024995855
0.024995854
0.024995854
0.024995854
0.024995854
0.024995854
0.024995854
0.024995853
0.024995854
0.024995848
0.024995849
0.024995849
0.024995849
0.02499585
0.02499585
0.02499585
0.02499585
0.024995851
0.024995851
0.024995851
0.024995852
0.024995852
0.024995852
0.024995852
0.024995853
0.024995853
0.024995853
0.024995853
0.024995854
0.024995854
0.024995854
0.024995854
0.024995854
0.024995854
0.024995854
0.024995854
0.024995855
0.024995855
0.024995855
0.024995854
0.024995854
0.024995854
0.024995854
0.024995854
0.024995854
0.024995854
0.024995854
0.024995853
0.024995854
0.024995848
0.024995849
0.024995849
0.024995849
0.02499585
0.02499585
0.02499585
0.024995851
0.024995851
0.024995851
0.024995851
0.024995852
0.024995852
0.024995852
0.024995852
0.024995853
0.024995853
0.024995853
0.024995853
0.024995854
0.024995854
0.024995854
0.024995854
0.024995854
0.024995854
0.024995855
0.024995855
0.024995855
0.024995855
0.024995855
0.024995855
0.024995855
0.024995854
0.024995854
0.024995854
0.024995854
0.024995854
0.024995854
0.024995853
0.024995854
0.024995848
0.024995849
0.024995849
0.024995849
0.02499585
0.02499585
0.02499585
0.02499585
0.024995851
0.024995851
0.024995851
0.024995852
0.024995852
0.024995852
0.024995852
0.024995853
0.024995853
0.024995853
0.024995853
0.024995854
0.024995854
0.024995854
0.024995854
0.024995854
0.024995854
0.024995855
0.024995855
0.024995855
0.024995855
0.024995855
0.024995855
0.024995855
0.024995854
0.024995854
0.024995854
0.024995854
0.024995854
0.024995854
0.024995853
0.024995854
0.024995848
0.024995849
0.024995849
0.024995849
0.02499585
0.02499585
0.02499585
0.02499585
0.024995851
0.024995851
0.024995851
0.024995852
0.024995852
0.024995852
0.024995852
0.024995853
0.024995853
0.024995853
0.024995853
0.024995854
0.024995854
0.024995854
0.024995854
0.024995854
0.024995854
0.024995854
0.024995854
0.024995855
0.024995855
0.024995855
0.024995855
0.024995854
0.024995854
0.024995854
0.024995854
0.024995854
0.024995854
0.024995854
0.024995853
0.024995854
0.024995848
0.024995849
0.024995849
0.024995849
0.02499585
0.02499585
0.02499585
0.024995851
0.024995851
0.024995851
0.024995851
0.024995852
0.024995852
0.024995852
0.024995852
0.024995853
0.024995853
0.024995853
0.024995853
0.024995854
0.024995854
0.024995854
0.024995854
0.024995854
0.024995854
0.024995855
0.024995855
0.024995855
0.024995855
0.024995855
0.024995855
0.024995855
0.024995854
0.024995854
0.024995854
0.024995854
0.024995854
0.024995854
0.024995853
0.024995854
0.024995848
0.024995849
0.024995849
0.024995849
0.02499585
0.02499585
0.02499585
0.024995851
0.024995851
0.024995851
0.024995851
0.024995852
0.024995852
0.024995852
0.024995852
0.024995853
0.024995853
0.024995853
0.024995853
0.024995854
0.024995854
0.024995854
0.024995854
0.024995854
0.024995854
0.024995855
0.024995855
0.024995855
0.024995855
0.024995855
0.024995855
0.024995855
0.024995854
0.024995854
0.024995854
0.024995854
0.024995854
0.024995854
0.024995853
0.024995854
0.024995848
0.024995849
0.024995849
0.024995849
0.02499585
0.02499585
0.02499585
0.02499585
0.024995851
0.024995851
0.024995851
0.024995852
0.024995852
0.024995852
0.024995852
0.024995853
0.024995853
0.024995853
0.024995853
0.024995854
0.024995854
0.024995854
0.024995854
0.024995854
0.024995854
0.024995854
0.024995855
0.024995855
0.024995855
0.024995855
0.024995855
0.024995854
0.024995854
0.024995854
0.024995854
0.024995854
0.024995854
0.024995854
0.024995853
0.024995854
0.024995848
0.024995849
0.024995849
0.024995849
0.02499585
0.02499585
0.02499585
0.024995851
0.024995851
0.024995851
0.024995851
0.024995852
0.024995852
0.024995852
0.024995852
0.024995853
0.024995853
0.024995853
0.024995853
0.024995854
0.024995854
0.024995854
0.024995854
0.024995854
0.024995854
0.024995855
0.024995855
0.024995855
0.024995855
0.024995855
0.024995855
0.024995855
0.024995855
0.024995854
0.024995854
0.024995854
0.024995854
0.024995854
0.024995853
0.024995854
0.024995848
0.024995849
0.024995849
0.024995849
0.02499585
0.02499585
0.02499585
0.02499585
0.024995851
0.024995851
0.024995851
0.024995852
0.024995852
0.024995852
0.024995852
0.024995853
0.024995853
0.024995853
0.024995853
0.024995854
0.024995854
0.024995854
0.024995854
0.024995854
0.024995854
0.024995854
0.024995855
0.024995855
0.024995855
0.024995855
0.024995855
0.024995855
0.024995854
0.024995854
0.024995854
0.024995854
0.024995854
0.024995854
0.024995853
0.024995854
0.024995848
0.024995849
0.024995849
0.024995849
0.02499585
0.02499585
0.02499585
0.02499585
0.024995851
0.024995851
0.024995851
0.024995852
0.024995852
0.024995852
0.024995852
0.024995852
0.024995853
0.024995853
0.024995853
0.024995854
0.024995854
0.024995854
0.024995854
0.024995854
0.024995854
0.024995854
0.024995854
0.024995855
0.024995855
0.024995855
0.024995854
0.024995854
0.024995854
0.024995854
0.024995854
0.024995854
0.024995854
0.024995854
0.024995853
0.024995854
0.024995848
0.024995849
0.024995849
0.024995849
0.02499585
0.02499585
0.02499585
0.02499585
0.024995851
0.024995851
0.024995851
0.024995852
0.024995852
0.024995852
0.024995852
0.024995853
0.024995853
0.024995853
0.024995853
0.024995854
0.024995854
0.024995854
0.024995854
0.024995854
0.024995854
0.024995854
0.024995855
0.024995855
0.024995855
0.024995855
0.024995855
0.024995855
0.024995854
0.024995854
0.024995854
0.024995854
0.024995854
0.024995854
0.024995853
0.024995854
0.024995848
0.024995849
0.024995849
0.024995849
0.02499585
0.02499585
0.02499585
0.02499585
0.024995851
0.024995851
0.024995851
0.024995852
0.024995852
0.024995852
0.024995852
0.024995853
0.024995853
0.024995853
0.024995853
0.024995854
0.024995854
0.024995854
0.024995854
0.024995854
0.024995854
0.024995854
0.024995855
0.024995855
0.024995855
0.024995855
0.024995855
0.024995855
0.024995854
0.024995854
0.024995854
0.024995854
0.024995854
0.024995854
0.024995853
0.024995854
0.024995848
0.024995849
0.024995849
0.024995849
0.02499585
0.02499585
0.02499585
0.02499585
0.024995851
0.024995851
0.024995851
0.024995852
0.024995852
0.024995852
0.024995852
0.024995853
0.024995853
0.024995853
0.024995853
0.024995854
0.024995854
0.024995854
0.024995854
0.024995854
0.024995854
0.024995854
0.024995854
0.024995855
0.024995855
0.024995855
0.024995854
0.024995854
0.024995854
0.024995854
0.024995854
0.024995854
0.024995854
0.024995854
0.024995853
0.024995854
0.024995848
0.024995849
0.024995849
0.024995849
0.02499585
0.02499585
0.02499585
0.024995851
0.024995851
0.024995851
0.024995851
0.024995852
0.024995852
0.024995852
0.024995852
0.024995853
0.024995853
0.024995853
0.024995853
0.024995854
0.024995854
0.024995854
0.024995854
0.024995854
0.024995854
0.024995855
0.024995855
0.024995855
0.024995855
0.024995855
0.024995855
0.024995855
0.024995854
0.024995854
0.024995854
0.024995854
0.024995854
0.024995854
0.024995853
0.024995854
0.024995848
0.024995849
0.024995849
0.024995849
0.02499585
0.02499585
0.02499585
0.02499585
0.024995851
0.024995851
0.024995851
0.024995852
0.024995852
0.024995852
0.024995852
0.024995853
0.024995853
0.024995853
0.024995853
0.024995854
0.024995854
0.024995854
0.024995854
0.024995854
0.024995854
0.024995855
0.024995855
0.024995855
0.024995855
0.024995855
0.024995855
0.024995855
0.024995854
0.024995854
0.024995854
0.024995854
0.024995854
0.024995854
0.024995853
0.024995854
0.024995848
0.024995849
0.024995849
0.024995849
0.02499585
0.02499585
0.02499585
0.02499585
0.024995851
0.024995851
0.024995851
0.024995852
0.024995852
0.024995852
0.024995852
0.024995853
0.024995853
0.024995853
0.024995853
0.024995854
0.024995854
0.024995854
0.024995854
0.024995854
0.024995854
0.024995854
0.024995854
0.024995855
0.024995855
0.024995855
0.024995855
0.024995854
0.024995854
0.024995854
0.024995854
0.024995854
0.024995854
0.024995854
0.024995853
0.024995854
0.024995848
0.024995849
0.024995849
0.024995849
0.02499585
0.02499585
0.02499585
0.024995851
0.024995851
0.024995851
0.024995851
0.024995852
0.024995852
0.024995852
0.024995852
0.024995853
0.024995853
0.024995853
0.024995853
0.024995854
0.024995854
0.024995854
0.024995854
0.024995854
0.024995854
0.024995855
0.024995855
0.024995855
0.024995855
0.024995855
0.024995855
0.024995855
0.024995854
0.024995854
0.024995854
0.024995854
0.024995854
0.024995854
0.024995853
0.024995854
0.024995848
0.024995849
0.024995849
0.024995849
0.02499585
0.02499585
0.02499585
0.02499585
0.024995851
0.024995851
0.024995851
0.024995852
0.024995852
0.024995852
0.024995852
0.024995853
0.024995853
0.024995853
0.024995853
0.024995854
0.024995854
0.024995854
0.024995854
0.024995854
0.024995854
0.024995854
0.024995855
0.024995855
0.024995855
0.024995855
0.024995855
0.024995855
0.024995854
0.024995854
0.024995854
0.024995854
0.024995854
0.024995854
0.024995853
0.024995854
0.024995848
0.024995849
0.024995849
0.024995849
0.02499585
0.02499585
0.02499585
0.02499585
0.024995851
0.024995851
0.024995851
0.024995852
0.024995852
0.024995852
0.024995852
0.024995853
0.024995853
0.024995853
0.024995853
0.024995854
0.024995854
0.024995854
0.024995854
0.024995854
0.024995854
0.024995854
0.024995854
0.024995855
0.024995855
0.024995855
0.024995854
0.024995854
0.024995854
0.024995854
0.024995854
0.024995854
0.024995854
0.024995854
0.024995853
0.024995854
0.024995848
0.024995849
0.024995849
0.024995849
0.02499585
0.02499585
0.02499585
0.024995851
0.024995851
0.024995851
0.024995851
0.024995852
0.024995852
0.024995852
0.024995852
0.024995853
0.024995853
0.024995853
0.024995853
0.024995854
0.024995854
0.024995854
0.024995854
0.024995854
0.024995854
0.024995855
0.024995855
0.024995855
0.024995855
0.024995855
0.024995855
0.024995855
0.024995854
0.024995854
0.024995854
0.024995854
0.024995854
0.024995854
0.024995853
0.024995854
0.024995848
0.024995849
0.024995849
0.024995849
0.02499585
0.02499585
0.02499585
0.02499585
0.024995851
0.024995851
0.024995851
0.024995852
0.024995852
0.024995852
0.024995852
0.024995853
0.024995853
0.024995853
0.024995853
0.024995854
0.024995854
0.024995854
0.024995854
0.024995854
0.024995854
0.024995854
0.024995855
0.024995855
0.024995855
0.024995855
0.024995855
0.024995855
0.024995854
0.024995854
0.024995854
0.024995854
0.024995854
0.024995854
0.024995853
0.024995854
0.024995848
0.024995849
0.024995849
0.024995849
0.02499585
0.02499585
0.02499585
0.02499585
0.024995851
0.024995851
0.024995851
0.024995852
0.024995852
0.024995852
0.024995852
0.024995852
0.024995853
0.024995853
0.024995853
0.024995854
0.024995854
0.024995854
0.024995854
0.024995854
0.024995854
0.024995854
0.024995854
0.024995854
0.024995854
0.024995854
0.024995854
0.024995854
0.024995854
0.024995854
0.024995854
0.024995854
0.024995854
0.024995854
0.024995853
0.024995854
0.024995848
0.024995849
0.024995849
0.024995849
0.02499585
0.02499585
0.02499585
0.02499585
0.024995851
0.024995851
0.024995851
0.024995852
0.024995852
0.024995852
0.024995852
0.024995853
0.024995853
0.024995853
0.024995853
0.024995854
0.024995854
0.024995854
0.024995854
0.024995854
0.024995854
0.024995854
0.024995854
0.024995855
0.024995855
0.024995855
0.024995855
0.024995854
0.024995854
0.024995854
0.024995854
0.024995854
0.024995854
0.024995854
0.024995853
0.024995854
0.024995848
0.024995849
0.024995849
0.024995849
0.02499585
0.02499585
0.02499585
0.02499585
0.024995851
0.024995851
0.024995851
0.024995852
0.024995852
0.024995852
0.024995852
0.024995853
0.024995853
0.024995853
0.024995853
0.024995854
0.024995854
0.024995854
0.024995854
0.024995854
0.024995854
0.024995854
0.024995855
0.024995855
0.024995855
0.024995855
0.024995855
0.024995854
0.024995854
0.024995854
0.024995854
0.024995854
0.024995854
0.024995854
0.024995853
0.024995854
0.024995848
0.024995849
0.024995849
0.024995849
0.02499585
0.02499585
0.02499585
0.02499585
0.024995851
0.024995851
0.024995851
0.024995852
0.024995852
0.024995852
0.024995852
0.024995853
0.024995853
0.024995853
0.024995853
0.024995854
0.024995854
0.024995854
0.024995854
0.024995854
0.024995854
0.024995854
0.024995854
0.024995855
0.024995855
0.024995855
0.024995854
0.024995854
0.024995854
0.024995854
0.024995854
0.024995854
0.024995854
0.024995854
0.024995853
0.024995854
0.024995848
0.024995849
0.024995849
0.024995849
0.02499585
0.02499585
0.02499585
0.024995851
0.024995851
0.024995851
0.024995851
0.024995852
0.024995852
0.024995852
0.024995852
0.024995853
0.024995853
0.024995853
0.024995853
0.024995854
0.024995854
0.024995854
0.024995854
0.024995854
0.024995854
0.024995855
0.024995855
0.024995855
0.024995855
0.024995855
0.024995855
0.024995855
0.024995854
0.024995854
0.024995854
0.024995854
0.024995854
0.024995854
0.024995853
0.024995854
0.024995848
0.024995849
0.024995849
0.024995849
0.02499585
0.02499585
0.02499585
0.02499585
0.024995851
0.024995851
0.024995851
0.024995852
0.024995852
0.024995852
0.024995852
0.024995853
0.024995853
0.024995853
0.024995853
0.024995854
0.024995854
0.024995854
0.024995854
0.024995854
0.024995854
0.024995855
0.024995855
0.024995855
0.024995855
0.024995855
0.024995855
0.024995855
0.024995854
0.024995854
0.024995854
0.024995854
0.024995854
0.024995854
0.024995853
0.024995854
0.024995848
0.024995849
0.024995849
0.024995849
0.02499585
0.02499585
0.02499585
0.02499585
0.024995851
0.024995851
0.024995851
0.024995852
0.024995852
0.024995852
0.024995852
0.024995853
0.024995853
0.024995853
0.024995853
0.024995854
0.024995854
0.024995854
0.024995854
0.024995854
0.024995854
0.024995854
0.024995854
0.024995855
0.024995855
0.024995855
0.024995855
0.024995854
0.024995854
0.024995854
0.024995854
0.024995854
0.024995854
0.024995854
0.024995853
0.024995854
0.024995848
0.024995849
0.024995849
0.024995849
0.02499585
0.02499585
0.02499585
0.02499585
0.024995851
0.024995851
0.024995851
0.024995852
0.024995852
0.024995852
0.024995852
0.024995853
0.024995853
0.024995853
0.024995853
0.024995854
0.024995854
0.024995854
0.024995854
0.024995854
0.024995854
0.024995855
0.024995855
0.024995855
0.024995855
0.024995855
0.024995855
0.024995855
0.024995854
0.024995854
0.024995854
0.024995854
0.024995854
0.024995854
0.024995853
0.024995854
0.024995848
0.024995849
0.024995849
0.024995849
0.02499585
0.02499585
0.02499585
0.02499585
0.024995851
0.024995851
0.024995851
0.024995852
0.024995852
0.024995852
0.024995852
0.024995853
0.024995853
0.024995853
0.024995853
0.024995854
0.024995854
0.024995854
0.024995854
0.024995854
0.024995854
0.024995855
0.024995855
0.024995855
0.024995855
0.024995855
0.024995855
0.024995855
0.024995854
0.024995854
0.024995854
0.024995854
0.024995854
0.024995854
0.024995853
0.024995854
0.024995848
0.024995849
0.024995849
0.024995849
0.02499585
0.02499585
0.02499585
0.02499585
0.024995851
0.024995851
0.024995851
0.024995852
0.024995852
0.024995852
0.024995852
0.024995853
0.024995853
0.024995853
0.024995853
0.024995854
0.024995854
0.024995854
0.024995854
0.024995854
0.024995854
0.024995854
0.024995854
0.024995855
0.024995855
0.024995855
0.024995855
0.024995854
0.024995854
0.024995854
0.024995854
0.024995854
0.024995854
0.024995854
0.024995853
0.024995854
0.024995848
0.024995849
0.024995849
0.024995849
0.02499585
0.02499585
0.02499585
0.02499585
0.024995851
0.024995851
0.024995851
0.024995852
0.024995852
0.024995852
0.024995852
0.024995853
0.024995853
0.024995853
0.024995853
0.024995854
0.024995854
0.024995854
0.024995854
0.024995854
0.024995854
0.024995854
0.024995855
0.024995855
0.024995855
0.024995855
0.024995855
0.024995855
0.024995854
0.024995854
0.024995854
0.024995854
0.024995854
0.024995854
0.024995853
0.024995854
0.024995848
0.024995849
0.024995849
0.024995849
0.02499585
0.02499585
0.02499585
0.02499585
0.024995851
0.024995851
0.024995851
0.024995852
0.024995852
0.024995852
0.024995852
0.024995853
0.024995853
0.024995853
0.024995853
0.024995854
0.024995854
0.024995854
0.024995854
0.024995854
0.024995854
0.024995854
0.024995855
0.024995855
0.024995855
0.024995855
0.024995855
0.024995855
0.024995854
0.024995854
0.024995854
0.024995854
0.024995854
0.024995854
0.024995853
0.024995854
0.024995848
0.024995849
0.024995849
0.024995849
0.02499585
0.02499585
0.02499585
0.02499585
0.024995851
0.024995851
0.024995851
0.024995852
0.024995852
0.024995852
0.024995852
0.024995852
0.024995853
0.024995853
0.024995853
0.024995854
0.024995854
0.024995854
0.024995854
0.024995854
0.024995854
0.024995854
0.024995854
0.024995854
0.024995854
0.024995854
0.024995854
0.024995854
0.024995854
0.024995854
0.024995854
0.024995854
0.024995854
0.024995854
0.024995853
0.024995854
0.024995848
0.024995849
0.024995849
0.024995849
0.02499585
0.02499585
0.02499585
0.02499585
0.024995851
0.024995851
0.024995851
0.024995852
0.024995852
0.024995852
0.024995852
0.024995853
0.024995853
0.024995853
0.024995853
0.024995854
0.024995854
0.024995854
0.024995854
0.024995854
0.024995854
0.024995854
0.024995854
0.024995855
0.024995855
0.024995855
0.024995855
0.024995854
0.024995854
0.024995854
0.024995854
0.024995854
0.024995854
0.024995854
0.024995853
0.024995854
0.024995848
0.024995849
0.024995849
0.024995849
0.02499585
0.02499585
0.02499585
0.02499585
0.024995851
0.024995851
0.024995851
0.024995852
0.024995852
0.024995852
0.024995852
0.024995853
0.024995853
0.024995853
0.024995853
0.024995854
0.024995854
0.024995854
0.024995854
0.024995854
0.024995854
0.024995854
0.024995855
0.024995855
0.024995855
0.024995855
0.024995855
0.024995854
0.024995854
0.024995854
0.024995854
0.024995854
0.024995854
0.024995854
0.024995853
0.024995854
0.024995848
0.024995849
0.024995849
0.024995849
0.02499585
0.02499585
0.02499585
0.02499585
0.024995851
0.024995851
0.024995851
0.024995852
0.024995852
0.024995852
0.024995852
0.024995852
0.024995853
0.024995853
0.024995853
0.024995854
0.024995854
0.024995854
0.024995854
0.024995854
0.024995854
0.024995854
0.024995854
0.024995854
0.024995854
0.024995854
0.024995854
0.024995854
0.024995854
0.024995854
0.024995854
0.024995854
0.024995854
0.024995854
0.024995853
0.024995854
0.024995848
0.024995849
0.024995849
0.024995849
0.02499585
0.02499585
0.02499585
0.02499585
0.024995851
0.024995851
0.024995851
0.024995852
0.024995852
0.024995852
0.024995852
0.024995853
0.024995853
0.024995853
0.024995853
0.024995854
0.024995854
0.024995854
0.024995854
0.024995854
0.024995854
0.024995854
0.024995855
0.024995855
0.024995855
0.024995855
0.024995855
0.024995854
0.024995854
0.024995854
0.024995854
0.024995854
0.024995854
0.024995854
0.024995853
0.024995854
0.024995848
0.024995849
0.024995849
0.024995849
0.02499585
0.02499585
0.02499585
0.02499585
0.024995851
0.024995851
0.024995851
0.024995852
0.024995852
0.024995852
0.024995852
0.024995852
0.024995853
0.024995853
0.024995853
0.024995854
0.024995854
0.024995854
0.024995854
0.024995854
0.024995854
0.024995854
0.024995854
0.024995854
0.024995854
0.024995854
0.024995854
0.024995854
0.024995854
0.024995854
0.024995854
0.024995854
0.024995854
0.024995854
0.024995853
0.024995854
0.024995848
0.024995848
0.024995849
0.024995849
0.024995849
0.02499585
0.02499585
0.02499585
0.024995851
0.024995851
0.024995851
0.024995851
0.024995852
0.024995852
0.024995852
0.024995852
0.024995853
0.024995853
0.024995853
0.024995854
0.024995854
0.024995854
0.024995854
0.024995854
0.024995854
0.024995854
0.024995854
0.024995854
0.024995854
0.024995854
0.024995854
0.024995854
0.024995854
0.024995854
0.024995854
0.024995854
0.024995854
0.024995854
0.024995853
0.024995854
0.024995848
0.024995848
0.024995849
0.024995849
0.024995849
0.02499585
0.02499585
0.02499585
0.024995851
0.024995851
0.024995851
0.024995851
0.024995852
0.024995852
0.024995852
0.024995852
0.024995853
0.024995853
0.024995853
0.024995854
0.024995854
0.024995854
0.024995854
0.024995854
0.024995854
0.024995854
0.024995854
0.024995854
0.024995854
0.024995854
0.024995854
0.024995854
0.024995854
0.024995854
0.024995854
0.024995854
0.024995854
0.024995854
0.024995853
0.024995854
)
;
        Tnbr            T;
        kappaMethod     fluidThermo;
    }
}


// ************************************************************************* //
