/*--------------------------------*- C++ -*----------------------------------*\
| =========                 |                                                 |
| \\      /  F ield         | OpenFOAM: The Open Source CFD Toolbox           |
|  \\    /   O peration     | Version:  2412                                  |
|   \\  /    A nd           | Website:  www.openfoam.com                      |
|    \\/     M anipulation  |                                                 |
\*---------------------------------------------------------------------------*/
FoamFile
{
    version     2.0;
    format      ascii;
    arch        "LSB;label=32;scalar=64";
    class       surfaceScalarField;
    location    "2000/domain5";
    object      phi;
}
// * * * * * * * * * * * * * * * * * * * * * * * * * * * * * * * * * * * * * //

dimensions      [1 0 -1 0 0 0 0];

oriented        oriented;

internalField   nonuniform List<scalar> 
69200
(
1.5952336e-10
1.5952336e-10
4.3453277e-11
1.9381763e-10
2.5008951e-10
7.8116226e-11
1.8942689e-10
2.7108871e-10
9.5802032e-11
1.7017197e-10
2.7569364e-10
1.0606128e-10
1.4479783e-10
2.7560752e-10
1.1226662e-10
1.1691121e-10
2.7432868e-10
1.1605794e-10
8.8024666e-11
2.7303147e-10
1.1835507e-10
5.8774255e-11
2.7203944e-10
1.1971097e-10
2.940937e-11
2.7140414e-10
1.2046075e-10
4.6180304e-22
2.7111297e-10
1.207964e-10
-2.940937e-11
2.7111297e-10
1.207964e-10
-5.8774255e-11
2.7140414e-10
1.2046075e-10
-8.8024666e-11
2.7203944e-10
1.1971097e-10
-1.1691121e-10
2.7303147e-10
1.1835507e-10
-1.4479783e-10
2.7432868e-10
1.1605794e-10
-1.7017197e-10
2.7560752e-10
1.1226662e-10
-1.8942689e-10
2.7569364e-10
1.0606128e-10
-1.9381763e-10
2.7108871e-10
9.5802032e-11
-1.5952336e-10
2.5008951e-10
7.8116226e-11
1.5952336e-10
4.3453277e-11
2.5008951e-10
1.9381763e-10
7.8116226e-11
3.511426e-10
3.511426e-10
1.6039382e-10
3.7008142e-10
4.0641316e-10
2.0823672e-10
3.4718217e-10
4.2373565e-10
2.3735724e-10
3.0311745e-10
4.2692985e-10
2.5524239e-10
2.4850052e-10
4.2526617e-10
2.6617943e-10
1.8877167e-10
4.224892e-10
2.7277113e-10
1.2666578e-10
4.2001178e-10
2.7663354e-10
6.3522538e-11
4.1829101e-10
2.7875636e-10
1.0533163e-21
4.1742953e-10
2.7970599e-10
-6.3522538e-11
4.1742953e-10
2.7970599e-10
-1.2666578e-10
4.1829101e-10
2.7875636e-10
-1.8877167e-10
4.2001178e-10
2.7663354e-10
-2.4850052e-10
4.224892e-10
2.7277113e-10
-3.0311745e-10
4.2526617e-10
2.6617943e-10
-3.4718217e-10
4.2692985e-10
2.5524239e-10
-3.7008142e-10
4.2373565e-10
2.3735724e-10
-3.511426e-10
4.0641316e-10
2.0823672e-10
-2.5008951e-10
3.511426e-10
1.6039382e-10
1.9381763e-10
7.8116226e-11
2.7108871e-10
1.8942689e-10
9.5802032e-11
4.0641316e-10
3.7008142e-10
2.0823672e-10
4.4852483e-10
4.4852483e-10
2.7827666e-10
4.3363199e-10
4.7872843e-10
3.2240006e-10
3.859818e-10
4.8721176e-10
3.4986828e-10
3.2032554e-10
4.8675943e-10
3.6666301e-10
2.4518179e-10
4.8343679e-10
3.7669616e-10
1.6526077e-10
4.7993799e-10
3.8249481e-10
8.3081541e-11
4.7733571e-10
3.8563454e-10
1.3683741e-21
4.7598873e-10
3.8702233e-10
-8.3081541e-11
4.7598873e-10
3.8702233e-10
-1.6526077e-10
4.7733571e-10
3.8563454e-10
-2.4518179e-10
4.7993799e-10
3.8249481e-10
-3.2032554e-10
4.8343679e-10
3.7669616e-10
-3.859818e-10
4.8675943e-10
3.6666301e-10
-4.3363199e-10
4.8721176e-10
3.4986828e-10
-4.4852483e-10
4.7872843e-10
3.2240006e-10
-4.0641316e-10
4.4852483e-10
2.7827666e-10
-2.7108871e-10
3.7008142e-10
2.0823672e-10
1.8942689e-10
9.5802032e-11
2.7569364e-10
1.7017197e-10
1.0606128e-10
4.2373565e-10
3.4718217e-10
2.3735724e-10
4.7872843e-10
4.3363199e-10
3.2240006e-10
4.7137195e-10
4.7137195e-10
3.7721297e-10
4.2513627e-10
4.842779e-10
4.1166954e-10
3.560186e-10
4.8566524e-10
4.3271185e-10
2.7411802e-10
4.8267867e-10
4.4515871e-10
1.8543966e-10
4.7887824e-10
4.522381e-10
9.3410355e-11
4.7586328e-10
4.5600173e-10
1.4863528e-21
4.7425843e-10
4.5764066e-10
-9.3410355e-11
4.7425843e-10
4.5764066e-10
-1.8543966e-10
4.7586328e-10
4.5600173e-10
-2.7411802e-10
4.7887824e-10
4.522381e-10
-3.560186e-10
4.8267867e-10
4.4515871e-10
-4.2513627e-10
4.8566524e-10
4.3271185e-10
-4.7137195e-10
4.842779e-10
4.1166954e-10
-4.7872843e-10
4.7137195e-10
3.7721297e-10
-4.2373565e-10
4.3363199e-10
3.2240006e-10
-2.7569364e-10
3.4718217e-10
2.3735724e-10
1.7017197e-10
1.0606128e-10
2.7560752e-10
1.4479783e-10
1.1226662e-10
4.2692985e-10
3.0311745e-10
2.5524239e-10
4.8721176e-10
3.859818e-10
3.4986828e-10
4.842779e-10
4.2513627e-10
4.1166954e-10
4.4016517e-10
4.4016517e-10
4.5072546e-10
3.7075074e-10
4.4306169e-10
4.7451798e-10
2.8662374e-10
4.4084994e-10
4.8845573e-10
1.9440836e-10
4.3733395e-10
4.9625966e-10
9.8069971e-11
4.3436978e-10
5.0033189e-10
1.5874644e-21
4.3275074e-10
5.0207766e-10
-9.8069971e-11
4.3275074e-10
5.0207766e-10
-1.9440836e-10
4.3436978e-10
5.0033189e-10
-2.8662374e-10
4.3733395e-10
4.9625966e-10
-3.7075074e-10
4.4084994e-10
4.8845573e-10
-4.4016517e-10
4.4306169e-10
4.7451798e-10
-4.842779e-10
4.4016517e-10
4.5072546e-10
-4.8721176e-10
4.2513627e-10
4.1166954e-10
-4.2692985e-10
3.859818e-10
3.4986828e-10
-2.7560752e-10
3.0311745e-10
2.5524239e-10
1.4479783e-10
1.1226662e-10
2.7432868e-10
1.1691121e-10
1.1605794e-10
4.2526617e-10
2.4850052e-10
2.6617943e-10
4.8675943e-10
3.2032554e-10
3.6666301e-10
4.8566524e-10
3.560186e-10
4.3271185e-10
4.4306169e-10
3.7075074e-10
4.7451798e-10
3.7436334e-10
3.7436334e-10
4.9989669e-10
2.9011149e-10
3.7296793e-10
5.1463386e-10
1.9709823e-10
3.7007366e-10
5.2277357e-10
9.9521566e-11
3.674949e-10
5.2695154e-10
1.7519913e-21
3.6605493e-10
5.2871738e-10
-9.9521566e-11
3.6605493e-10
5.2871738e-10
-1.9709823e-10
3.674949e-10
5.2695154e-10
-2.9011149e-10
3.7007366e-10
5.2277357e-10
-3.7436334e-10
3.7296793e-10
5.1463386e-10
-4.4306169e-10
3.7436334e-10
4.9989669e-10
-4.8566524e-10
3.7075074e-10
4.7451798e-10
-4.8675943e-10
3.560186e-10
4.3271185e-10
-4.2526617e-10
3.2032554e-10
3.6666301e-10
-2.7432868e-10
2.4850052e-10
2.6617943e-10
1.1691121e-10
1.1605794e-10
2.7303147e-10
8.8024666e-11
1.1835507e-10
4.224892e-10
1.8877167e-10
2.7277113e-10
4.8343679e-10
2.4518179e-10
3.7669616e-10
4.8267867e-10
2.7411802e-10
4.4515871e-10
4.4084994e-10
2.8662374e-10
4.8845573e-10
3.7296793e-10
2.9011149e-10
5.1463386e-10
2.8935653e-10
2.8935653e-10
5.297228e-10
1.9675327e-10
2.8720968e-10
5.3796724e-10
9.9399477e-11
2.8520423e-10
5.4214445e-10
1.8402378e-21
2.8406427e-10
5.4389013e-10
-9.9399477e-11
2.8406427e-10
5.4389013e-10
-1.9675327e-10
2.8520423e-10
5.4214445e-10
-2.8935653e-10
2.8720968e-10
5.3796724e-10
-3.7296793e-10
2.8935653e-10
5.297228e-10
-4.4084994e-10
2.9011149e-10
5.1463386e-10
-4.8267867e-10
2.8662374e-10
4.8845573e-10
-4.8343679e-10
2.7411802e-10
4.4515871e-10
-4.224892e-10
2.4518179e-10
3.7669616e-10
-2.7303147e-10
1.8877167e-10
2.7277113e-10
8.8024666e-11
1.1835507e-10
2.7203944e-10
5.8774255e-11
1.1971097e-10
4.2001178e-10
1.2666578e-10
2.7663354e-10
4.7993799e-10
1.6526077e-10
3.8249481e-10
4.7887824e-10
1.8543966e-10
4.522381e-10
4.3733395e-10
1.9440836e-10
4.9625966e-10
3.7007366e-10
1.9709823e-10
5.2277357e-10
2.8720968e-10
1.9675327e-10
5.3796724e-10
1.9535759e-10
1.9535759e-10
5.4620419e-10
9.8716745e-11
1.9400541e-10
5.5033967e-10
1.9428433e-21
1.9322667e-10
5.5205434e-10
-9.8716745e-11
1.9322667e-10
5.5205434e-10
-1.9535759e-10
1.9400541e-10
5.5033967e-10
-2.8720968e-10
1.9535759e-10
5.4620419e-10
-3.7007366e-10
1.9675327e-10
5.3796724e-10
-4.3733395e-10
1.9709823e-10
5.2277357e-10
-4.7887824e-10
1.9440836e-10
4.9625966e-10
-4.7993799e-10
1.8543966e-10
4.522381e-10
-4.2001178e-10
1.6526077e-10
3.8249481e-10
-2.7203944e-10
1.2666578e-10
2.7663354e-10
5.8774255e-11
1.1971097e-10
2.7140414e-10
2.940937e-11
1.2046075e-10
4.1829101e-10
6.3522538e-11
2.7875636e-10
4.7733571e-10
8.3081541e-11
3.8563454e-10
4.7586328e-10
9.3410355e-11
4.5600173e-10
4.3436978e-10
9.8069971e-11
5.0033189e-10
3.674949e-10
9.9521566e-11
5.2695154e-10
2.8520423e-10
9.9399477e-11
5.4214445e-10
1.9400541e-10
9.8716745e-11
5.5033967e-10
9.8039848e-11
9.8039848e-11
5.5443112e-10
1.9794268e-21
9.7646948e-11
5.5611957e-10
-9.8039848e-11
9.7646948e-11
5.5611957e-10
-1.9400541e-10
9.8039848e-11
5.5443112e-10
-2.8520423e-10
9.8716745e-11
5.5033967e-10
-3.674949e-10
9.9399477e-11
5.4214445e-10
-4.3436978e-10
9.9521566e-11
5.2695154e-10
-4.7586328e-10
9.8069971e-11
5.0033189e-10
-4.7733571e-10
9.3410355e-11
4.5600173e-10
-4.1829101e-10
8.3081541e-11
3.8563454e-10
-2.7140414e-10
6.3522538e-11
2.7875636e-10
2.940937e-11
1.2046075e-10
2.7111297e-10
5.2653153e-22
1.207964e-10
4.1742953e-10
1.0071493e-21
2.7970599e-10
4.7598873e-10
1.2945944e-21
3.8702233e-10
4.7425843e-10
1.4509754e-21
4.5764066e-10
4.3275074e-10
1.6093126e-21
5.0207766e-10
3.6605493e-10
1.6719948e-21
5.2871738e-10
2.8406427e-10
1.795844e-21
5.4389013e-10
1.9322667e-10
1.9494016e-21
5.5205434e-10
9.7646948e-11
2.0581083e-21
5.5611957e-10
1.9122573e-21
1.9889419e-21
5.577939e-10
-9.7646948e-11
1.9510015e-21
5.577939e-10
-1.9322667e-10
1.8908443e-21
5.5611957e-10
-2.8406427e-10
2.0074163e-21
5.5205434e-10
-3.6605493e-10
2.0704166e-21
5.4389013e-10
-4.3275074e-10
2.2847877e-21
5.2871738e-10
-4.7425843e-10
2.3607498e-21
5.0207766e-10
-4.7598873e-10
2.2330162e-21
4.5764066e-10
-4.1742953e-10
1.9356048e-21
3.8702233e-10
-2.7111297e-10
1.4272063e-21
2.7970599e-10
6.6402016e-22
1.207964e-10
2.7111297e-10
-2.940937e-11
1.207964e-10
4.1742953e-10
-6.3522538e-11
2.7970599e-10
4.7598873e-10
-8.3081541e-11
3.8702233e-10
4.7425843e-10
-9.3410355e-11
4.5764066e-10
4.3275074e-10
-9.8069971e-11
5.0207766e-10
3.6605493e-10
-9.9521566e-11
5.2871738e-10
2.8406427e-10
-9.9399477e-11
5.4389013e-10
1.9322667e-10
-9.8716745e-11
5.5205434e-10
9.7646948e-11
-9.8039848e-11
5.5611957e-10
1.8879561e-21
-9.7646948e-11
5.577939e-10
-9.7646948e-11
-9.7646948e-11
5.577939e-10
-1.9322667e-10
-9.8039848e-11
5.5611957e-10
-2.8406427e-10
-9.8716745e-11
5.5205434e-10
-3.6605493e-10
-9.9399477e-11
5.4389013e-10
-4.3275074e-10
-9.9521566e-11
5.2871738e-10
-4.7425843e-10
-9.8069971e-11
5.0207766e-10
-4.7598873e-10
-9.3410355e-11
4.5764066e-10
-4.1742953e-10
-8.3081541e-11
3.8702233e-10
-2.7111297e-10
-6.3522538e-11
2.7970599e-10
-2.940937e-11
1.207964e-10
2.7140414e-10
-5.8774255e-11
1.2046075e-10
4.1829101e-10
-1.2666578e-10
2.7875636e-10
4.7733571e-10
-1.6526077e-10
3.8563454e-10
4.7586328e-10
-1.8543966e-10
4.5600173e-10
4.3436978e-10
-1.9440836e-10
5.0033189e-10
3.674949e-10
-1.9709823e-10
5.2695154e-10
2.8520423e-10
-1.9675327e-10
5.4214445e-10
1.9400541e-10
-1.9535759e-10
5.5033967e-10
9.8039848e-11
-1.9400541e-10
5.5443112e-10
1.8655596e-21
-1.9322667e-10
5.5611957e-10
-9.8039848e-11
-1.9322667e-10
5.5611957e-10
-1.9400541e-10
-1.9400541e-10
5.5443112e-10
-2.8520423e-10
-1.9535759e-10
5.5033967e-10
-3.674949e-10
-1.9675327e-10
5.4214445e-10
-4.3436978e-10
-1.9709823e-10
5.2695154e-10
-4.7586328e-10
-1.9440836e-10
5.0033189e-10
-4.7733571e-10
-1.8543966e-10
4.5600173e-10
-4.1829101e-10
-1.6526077e-10
3.8563454e-10
-2.7140414e-10
-1.2666578e-10
2.7875636e-10
-5.8774255e-11
1.2046075e-10
2.7203944e-10
-8.8024666e-11
1.1971097e-10
4.2001178e-10
-1.8877167e-10
2.7663354e-10
4.7993799e-10
-2.4518179e-10
3.8249481e-10
4.7887824e-10
-2.7411802e-10
4.522381e-10
4.3733395e-10
-2.8662374e-10
4.9625966e-10
3.7007366e-10
-2.9011149e-10
5.2277357e-10
2.8720968e-10
-2.8935653e-10
5.3796724e-10
1.9535759e-10
-2.8720968e-10
5.4620419e-10
9.8716745e-11
-2.8520423e-10
5.5033967e-10
1.9802595e-21
-2.8406427e-10
5.5205434e-10
-9.8716745e-11
-2.8406427e-10
5.5205434e-10
-1.9535759e-10
-2.8520423e-10
5.5033967e-10
-2.8720968e-10
-2.8720968e-10
5.4620419e-10
-3.7007366e-10
-2.8935653e-10
5.3796724e-10
-4.3733395e-10
-2.9011149e-10
5.2277357e-10
-4.7887824e-10
-2.8662374e-10
4.9625966e-10
-4.7993799e-10
-2.7411802e-10
4.522381e-10
-4.2001178e-10
-2.4518179e-10
3.8249481e-10
-2.7203944e-10
-1.8877167e-10
2.7663354e-10
-8.8024666e-11
1.1971097e-10
2.7303147e-10
-1.1691121e-10
1.1835507e-10
4.224892e-10
-2.4850052e-10
2.7277113e-10
4.8343679e-10
-3.2032554e-10
3.7669616e-10
4.8267867e-10
-3.560186e-10
4.4515871e-10
4.4084994e-10
-3.7075074e-10
4.8845573e-10
3.7296793e-10
-3.7436334e-10
5.1463386e-10
2.8935653e-10
-3.7296793e-10
5.297228e-10
1.9675327e-10
-3.7007366e-10
5.3796724e-10
9.9399477e-11
-3.674949e-10
5.4214445e-10
2.0813382e-21
-3.6605493e-10
5.4389013e-10
-9.9399477e-11
-3.6605493e-10
5.4389013e-10
-1.9675327e-10
-3.674949e-10
5.4214445e-10
-2.8935653e-10
-3.7007366e-10
5.3796724e-10
-3.7296793e-10
-3.7296793e-10
5.297228e-10
-4.4084994e-10
-3.7436334e-10
5.1463386e-10
-4.8267867e-10
-3.7075074e-10
4.8845573e-10
-4.8343679e-10
-3.560186e-10
4.4515871e-10
-4.224892e-10
-3.2032554e-10
3.7669616e-10
-2.7303147e-10
-2.4850052e-10
2.7277113e-10
-1.1691121e-10
1.1835507e-10
2.7432868e-10
-1.4479783e-10
1.1605794e-10
4.2526617e-10
-3.0311745e-10
2.6617943e-10
4.8675943e-10
-3.859818e-10
3.6666301e-10
4.8566524e-10
-4.2513627e-10
4.3271185e-10
4.4306169e-10
-4.4016517e-10
4.7451798e-10
3.7436334e-10
-4.4306169e-10
4.9989669e-10
2.9011149e-10
-4.4084994e-10
5.1463386e-10
1.9709823e-10
-4.3733395e-10
5.2277357e-10
9.9521566e-11
-4.3436978e-10
5.2695154e-10
2.2473375e-21
-4.3275074e-10
5.2871738e-10
-9.9521566e-11
-4.3275074e-10
5.2871738e-10
-1.9709823e-10
-4.3436978e-10
5.2695154e-10
-2.9011149e-10
-4.3733395e-10
5.2277357e-10
-3.7436334e-10
-4.4084994e-10
5.1463386e-10
-4.4306169e-10
-4.4306169e-10
4.9989669e-10
-4.8566524e-10
-4.4016517e-10
4.7451798e-10
-4.8675943e-10
-4.2513627e-10
4.3271185e-10
-4.2526617e-10
-3.859818e-10
3.6666301e-10
-2.7432868e-10
-3.0311745e-10
2.6617943e-10
-1.4479783e-10
1.1605794e-10
2.7560752e-10
-1.7017197e-10
1.1226662e-10
4.2692985e-10
-3.4718217e-10
2.5524239e-10
4.8721176e-10
-4.3363199e-10
3.4986828e-10
4.842779e-10
-4.7137195e-10
4.1166954e-10
4.4016517e-10
-4.842779e-10
4.5072546e-10
3.7075074e-10
-4.8566524e-10
4.7451798e-10
2.8662374e-10
-4.8267867e-10
4.8845573e-10
1.9440836e-10
-4.7887824e-10
4.9625966e-10
9.8069971e-11
-4.7586328e-10
5.0033189e-10
2.3295572e-21
-4.7425843e-10
5.0207766e-10
-9.8069971e-11
-4.7425843e-10
5.0207766e-10
-1.9440836e-10
-4.7586328e-10
5.0033189e-10
-2.8662374e-10
-4.7887824e-10
4.9625966e-10
-3.7075074e-10
-4.8267867e-10
4.8845573e-10
-4.4016517e-10
-4.8566524e-10
4.7451798e-10
-4.842779e-10
-4.842779e-10
4.5072546e-10
-4.8721176e-10
-4.7137195e-10
4.1166954e-10
-4.2692985e-10
-4.3363199e-10
3.4986828e-10
-2.7560752e-10
-3.4718217e-10
2.5524239e-10
-1.7017197e-10
1.1226662e-10
2.7569364e-10
-1.8942689e-10
1.0606128e-10
4.2373565e-10
-3.7008142e-10
2.3735724e-10
4.7872843e-10
-4.4852483e-10
3.2240006e-10
4.7137195e-10
-4.7872843e-10
3.7721297e-10
4.2513627e-10
-4.8721176e-10
4.1166954e-10
3.560186e-10
-4.8675943e-10
4.3271185e-10
2.7411802e-10
-4.8343679e-10
4.4515871e-10
1.8543966e-10
-4.7993799e-10
4.522381e-10
9.3410355e-11
-4.7733571e-10
4.5600173e-10
2.1621449e-21
-4.7598873e-10
4.5764066e-10
-9.3410355e-11
-4.7598873e-10
4.5764066e-10
-1.8543966e-10
-4.7733571e-10
4.5600173e-10
-2.7411802e-10
-4.7993799e-10
4.522381e-10
-3.560186e-10
-4.8343679e-10
4.4515871e-10
-4.2513627e-10
-4.8675943e-10
4.3271185e-10
-4.7137195e-10
-4.8721176e-10
4.1166954e-10
-4.7872843e-10
-4.7872843e-10
3.7721297e-10
-4.2373565e-10
-4.4852483e-10
3.2240006e-10
-2.7569364e-10
-3.7008142e-10
2.3735724e-10
-1.8942689e-10
1.0606128e-10
2.7108871e-10
-1.9381763e-10
9.5802032e-11
4.0641316e-10
-3.511426e-10
2.0823672e-10
4.4852483e-10
-4.0641316e-10
2.7827666e-10
4.3363199e-10
-4.2373565e-10
3.2240006e-10
3.859818e-10
-4.2692985e-10
3.4986828e-10
3.2032554e-10
-4.2526617e-10
3.6666301e-10
2.4518179e-10
-4.224892e-10
3.7669616e-10
1.6526077e-10
-4.2001178e-10
3.8249481e-10
8.3081541e-11
-4.1829101e-10
3.8563454e-10
1.8351467e-21
-4.1742953e-10
3.8702233e-10
-8.3081541e-11
-4.1742953e-10
3.8702233e-10
-1.6526077e-10
-4.1829101e-10
3.8563454e-10
-2.4518179e-10
-4.2001178e-10
3.8249481e-10
-3.2032554e-10
-4.224892e-10
3.7669616e-10
-3.859818e-10
-4.2526617e-10
3.6666301e-10
-4.3363199e-10
-4.2692985e-10
3.4986828e-10
-4.4852483e-10
-4.2373565e-10
3.2240006e-10
-4.0641316e-10
-4.0641316e-10
2.7827666e-10
-2.7108871e-10
-3.511426e-10
2.0823672e-10
-1.9381763e-10
9.5802032e-11
2.5008951e-10
-1.5952336e-10
7.8116226e-11
3.511426e-10
-2.5008951e-10
1.6039382e-10
3.7008142e-10
-2.7108871e-10
2.0823672e-10
3.4718217e-10
-2.7569364e-10
2.3735724e-10
3.0311745e-10
-2.7560752e-10
2.5524239e-10
2.4850052e-10
-2.7432868e-10
2.6617943e-10
1.8877167e-10
-2.7303147e-10
2.7277113e-10
1.2666578e-10
-2.7203944e-10
2.7663354e-10
6.3522538e-11
-2.7140414e-10
2.7875636e-10
1.450795e-21
-2.7111297e-10
2.7970599e-10
-6.3522538e-11
-2.7111297e-10
2.7970599e-10
-1.2666578e-10
-2.7140414e-10
2.7875636e-10
-1.8877167e-10
-2.7203944e-10
2.7663354e-10
-2.4850052e-10
-2.7303147e-10
2.7277113e-10
-3.0311745e-10
-2.7432868e-10
2.6617943e-10
-3.4718217e-10
-2.7560752e-10
2.5524239e-10
-3.7008142e-10
-2.7569364e-10
2.3735724e-10
-3.511426e-10
-2.7108871e-10
2.0823672e-10
-2.5008951e-10
-2.5008951e-10
1.6039382e-10
-1.5952336e-10
7.8116226e-11
1.5952336e-10
4.3453277e-11
1.9381763e-10
7.8116226e-11
1.8942689e-10
9.5802032e-11
1.7017197e-10
1.0606128e-10
1.4479783e-10
1.1226662e-10
1.1691121e-10
1.1605794e-10
8.8024666e-11
1.1835507e-10
5.8774255e-11
1.1971097e-10
2.940937e-11
1.2046075e-10
6.5244212e-22
1.207964e-10
-2.940937e-11
1.207964e-10
-5.8774255e-11
1.2046075e-10
-8.8024666e-11
1.1971097e-10
-1.1691121e-10
1.1835507e-10
-1.4479783e-10
1.1605794e-10
-1.7017197e-10
1.1226662e-10
-1.8942689e-10
1.0606128e-10
-1.9381763e-10
9.5802032e-11
-1.5952336e-10
7.8116226e-11
4.3453277e-11
1.3491817e-11
1.3491817e-11
1.6469642e-11
2.1272067e-11
3.1165699e-11
3.9170277e-11
2.1334857e-11
4.0602754e-11
5.5136488e-11
1.6776496e-11
4.4024137e-11
6.6595502e-11
1.0823154e-11
4.3366579e-11
7.4853387e-11
5.5656498e-12
4.0606289e-11
8.0709153e-11
1.951912e-12
3.722361e-11
8.4745202e-11
1.1155737e-13
3.4149019e-11
8.7402308e-11
-3.2636653e-13
3.1897937e-11
8.9000738e-11
3.6468492e-22
3.072135e-11
8.9748678e-11
3.2636653e-13
3.072135e-11
8.9748678e-11
-1.1155737e-13
3.1897937e-11
8.9000738e-11
-1.951912e-12
3.4149019e-11
8.7402308e-11
-5.5656498e-12
3.722361e-11
8.4745202e-11
-1.0823154e-11
4.0606289e-11
8.0709153e-11
-1.6776496e-11
4.3366579e-11
7.4853387e-11
-2.1334857e-11
4.4024137e-11
6.6595502e-11
-2.1272067e-11
4.0602754e-11
5.5136488e-11
-1.3491817e-11
3.1165699e-11
3.9170277e-11
1.3491817e-11
1.6469642e-11
3.1165699e-11
2.1272067e-11
3.9170277e-11
6.1363999e-11
6.1363999e-11
9.9997223e-11
7.5805902e-11
8.8888323e-11
1.4550925e-10
7.6022122e-11
1.0218286e-10
1.789823e-10
6.714977e-11
1.0426721e-10
2.0321411e-10
5.3929351e-11
9.9669528e-11
2.2033661e-10
3.9525422e-11
9.2341013e-11
2.3205765e-10
2.5549295e-11
8.5044826e-11
2.3971386e-10
1.2459288e-11
7.945908e-11
2.4428523e-10
1.1586039e-21
7.6476298e-11
2.4641033e-10
-1.2459288e-11
7.6476298e-11
2.4641033e-10
-2.5549295e-11
7.945908e-11
2.4428523e-10
-3.9525422e-11
8.5044826e-11
2.3971386e-10
-5.3929351e-11
9.2341013e-11
2.3205765e-10
-6.714977e-11
9.9669528e-11
2.2033661e-10
-7.6022122e-11
1.0426721e-10
2.0321411e-10
-7.5805902e-11
1.0218286e-10
1.789823e-10
-6.1363999e-11
8.8888323e-11
1.4550925e-10
-3.1165699e-11
6.1363999e-11
9.9997223e-11
2.1272067e-11
3.9170277e-11
4.0602754e-11
2.1334857e-11
5.5136488e-11
8.8888323e-11
7.5805902e-11
1.4550925e-10
1.2019727e-10
1.2019727e-10
2.1565877e-10
1.3092566e-10
1.4561133e-10
2.6824319e-10
1.2489468e-10
1.5366925e-10
3.0649722e-10
1.0763455e-10
1.5015703e-10
3.3343564e-10
8.3896066e-11
1.410489e-10
3.5172675e-10
5.6942704e-11
1.3093982e-10
3.6355318e-10
2.8666165e-11
1.2282597e-10
3.7054419e-10
1.8881271e-21
1.1839654e-10
3.7376825e-10
-2.8666165e-11
1.1839654e-10
3.7376825e-10
-5.6942704e-11
1.2282597e-10
3.7054419e-10
-8.3896066e-11
1.3093982e-10
3.6355318e-10
-1.0763455e-10
1.410489e-10
3.5172675e-10
-1.2489468e-10
1.5015703e-10
3.3343564e-10
-1.3092566e-10
1.5366925e-10
3.0649722e-10
-1.2019727e-10
1.4561133e-10
2.6824319e-10
-8.8888323e-11
1.2019727e-10
2.1565877e-10
-4.0602754e-11
7.5805902e-11
1.4550925e-10
2.1334857e-11
5.5136488e-11
4.4024137e-11
1.6776496e-11
6.6595502e-11
1.0218286e-10
7.6022122e-11
1.789823e-10
1.4561133e-10
1.3092566e-10
2.6824319e-10
1.6621478e-10
1.6621478e-10
3.3600608e-10
1.6521424e-10
1.8089384e-10
3.8544548e-10
1.4745162e-10
1.8052011e-10
4.2011139e-10
1.1822778e-10
1.7199901e-10
4.4343245e-10
8.1940079e-11
1.6113395e-10
4.5833167e-10
4.1786898e-11
1.5194751e-10
4.6703337e-10
2.4741978e-21
1.4681551e-10
4.7100859e-10
-4.1786898e-11
1.4681551e-10
4.7100859e-10
-8.1940079e-11
1.5194751e-10
4.6703337e-10
-1.1822778e-10
1.6113395e-10
4.5833167e-10
-1.4745162e-10
1.7199901e-10
4.4343245e-10
-1.6521424e-10
1.8052011e-10
4.2011139e-10
-1.6621478e-10
1.8089384e-10
3.8544548e-10
-1.4561133e-10
1.6621478e-10
3.3600608e-10
-1.0218286e-10
1.3092566e-10
2.6824319e-10
-4.4024137e-11
7.6022122e-11
1.789823e-10
1.6776496e-11
6.6595502e-11
4.3366579e-11
1.0823154e-11
7.4853387e-11
1.0426721e-10
6.714977e-11
2.0321411e-10
1.5366925e-10
1.2489468e-10
3.0649722e-10
1.8089384e-10
1.6521424e-10
3.8544548e-10
1.84724e-10
1.84724e-10
4.4306514e-10
1.6864134e-10
1.878643e-10
4.8325645e-10
1.3766749e-10
1.8139304e-10
5.1003555e-10
9.6662472e-11
1.7146563e-10
5.2693301e-10
4.968584e-11
1.6257949e-10
5.3667654e-10
2.88496e-21
1.5749574e-10
5.4108326e-10
-4.968584e-11
1.5749574e-10
5.4108326e-10
-9.6662472e-11
1.6257949e-10
5.3667654e-10
-1.3766749e-10
1.7146563e-10
5.2693301e-10
-1.6864134e-10
1.8139304e-10
5.1003555e-10
-1.84724e-10
1.878643e-10
4.8325645e-10
-1.8089384e-10
1.84724e-10
4.4306514e-10
-1.5366925e-10
1.6521424e-10
3.8544548e-10
-1.0426721e-10
1.2489468e-10
3.0649722e-10
-4.3366579e-11
6.714977e-11
2.0321411e-10
1.0823154e-11
7.4853387e-11
4.0606289e-11
5.5656498e-12
8.0709153e-11
9.9669528e-11
5.3929351e-11
2.2033661e-10
1.5015703e-10
1.0763455e-10
3.3343564e-10
1.8052011e-10
1.4745162e-10
4.2011139e-10
1.878643e-10
1.6864134e-10
4.8325645e-10
1.7428953e-10
1.7428953e-10
5.2704624e-10
1.4411355e-10
1.7024925e-10
5.5595363e-10
1.0213326e-10
1.622371e-10
5.7398239e-10
5.2794246e-11
1.5461664e-10
5.8425341e-10
3.2372098e-21
1.5015273e-10
5.8885465e-10
-5.2794246e-11
1.5015273e-10
5.8885465e-10
-1.0213326e-10
1.5461664e-10
5.8425341e-10
-1.4411355e-10
1.622371e-10
5.7398239e-10
-1.7428953e-10
1.7024925e-10
5.5595363e-10
-1.878643e-10
1.7428953e-10
5.2704624e-10
-1.8052011e-10
1.6864134e-10
4.8325645e-10
-1.5015703e-10
1.4745162e-10
4.2011139e-10
-9.9669528e-11
1.0763455e-10
3.3343564e-10
-4.0606289e-11
5.3929351e-11
2.2033661e-10
5.5656498e-12
8.0709153e-11
3.722361e-11
1.951912e-12
8.4745202e-11
9.2341013e-11
3.9525422e-11
2.3205765e-10
1.410489e-10
8.3896066e-11
3.5172675e-10
1.7199901e-10
1.1822778e-10
4.4343245e-10
1.8139304e-10
1.3766749e-10
5.1003555e-10
1.7024925e-10
1.4411355e-10
5.5595363e-10
1.4210293e-10
1.4210293e-10
5.8601545e-10
1.0140515e-10
1.363256e-10
6.045765e-10
5.2638397e-11
1.3048593e-10
6.1504192e-10
3.2906426e-21
1.2698905e-10
6.1969221e-10
-5.2638397e-11
1.2698905e-10
6.1969221e-10
-1.0140515e-10
1.3048593e-10
6.1504192e-10
-1.4210293e-10
1.363256e-10
6.045765e-10
-1.7024925e-10
1.4210293e-10
5.8601545e-10
-1.8139304e-10
1.4411355e-10
5.5595363e-10
-1.7199901e-10
1.3766749e-10
5.1003555e-10
-1.410489e-10
1.1822778e-10
4.4343245e-10
-9.2341013e-11
8.3896066e-11
3.5172675e-10
-3.722361e-11
3.9525422e-11
2.3205765e-10
1.951912e-12
8.4745202e-11
3.4149019e-11
1.1155737e-13
8.7402308e-11
8.5044826e-11
2.5549295e-11
2.3971386e-10
1.3093982e-10
5.6942704e-11
3.6355318e-10
1.6113395e-10
8.1940079e-11
4.5833167e-10
1.7146563e-10
9.6662472e-11
5.2693301e-10
1.622371e-10
1.0213326e-10
5.7398239e-10
1.363256e-10
1.0140515e-10
6.045765e-10
9.7768901e-11
9.7768901e-11
6.2331759e-10
5.0906495e-11
9.388757e-11
6.3380044e-10
3.261146e-21
9.1520342e-11
6.3842954e-10
-5.0906495e-11
9.1520342e-11
6.3842954e-10
-9.7768901e-11
9.388757e-11
6.3380044e-10
-1.363256e-10
9.7768901e-11
6.2331759e-10
-1.622371e-10
1.0140515e-10
6.045765e-10
-1.7146563e-10
1.0213326e-10
5.7398239e-10
-1.6113395e-10
9.6662472e-11
5.2693301e-10
-1.3093982e-10
8.1940079e-11
4.5833167e-10
-8.5044826e-11
5.6942704e-11
3.6355318e-10
-3.4149019e-11
2.5549295e-11
2.3971386e-10
1.1155737e-13
8.7402308e-11
3.1897937e-11
-3.2636653e-13
8.9000738e-11
7.945908e-11
1.2459288e-11
2.4428523e-10
1.2282597e-10
2.8666165e-11
3.7054419e-10
1.5194751e-10
4.1786898e-11
4.6703337e-10
1.6257949e-10
4.968584e-11
5.3667654e-10
1.5461664e-10
5.2794246e-11
5.8425341e-10
1.3048593e-10
5.2638397e-11
6.1504192e-10
9.388757e-11
5.0906495e-11
6.3380044e-10
4.8984631e-11
4.8984631e-11
6.4423699e-10
3.2420792e-21
4.7797893e-11
6.4882665e-10
-4.8984631e-11
4.7797893e-11
6.4882665e-10
-9.388757e-11
4.8984631e-11
6.4423699e-10
-1.3048593e-10
5.0906495e-11
6.3380044e-10
-1.5461664e-10
5.2638397e-11
6.1504192e-10
-1.6257949e-10
5.2794246e-11
5.8425341e-10
-1.5194751e-10
4.968584e-11
5.3667654e-10
-1.2282597e-10
4.1786898e-11
4.6703337e-10
-7.945908e-11
2.8666165e-11
3.7054419e-10
-3.1897937e-11
1.2459288e-11
2.4428523e-10
-3.2636653e-13
8.9000738e-11
3.072135e-11
2.7224399e-22
8.9748678e-11
7.6476298e-11
8.7083195e-22
2.4641033e-10
1.1839654e-10
1.4765069e-21
3.7376825e-10
1.4681551e-10
1.9301177e-21
4.7100859e-10
1.5749574e-10
2.4086051e-21
5.4108326e-10
1.5015273e-10
2.8127253e-21
5.8885465e-10
1.2698905e-10
2.9210134e-21
6.1969221e-10
9.1520342e-11
2.9099724e-21
6.3842954e-10
4.7797893e-11
2.8355548e-21
6.4882665e-10
3.0247047e-21
2.6399011e-21
6.5338968e-10
-4.7797893e-11
2.6090528e-21
6.5338968e-10
-9.1520342e-11
2.5531193e-21
6.4882665e-10
-1.2698905e-10
2.5059538e-21
6.3842954e-10
-1.5015273e-10
2.4405317e-21
6.1969221e-10
-1.5749574e-10
2.3908814e-21
5.8885465e-10
-1.4681551e-10
2.3145505e-21
5.4108326e-10
-1.1839654e-10
2.1554244e-21
4.7100859e-10
-7.6476298e-11
1.7038609e-21
3.7376825e-10
-3.072135e-11
1.0717248e-21
2.4641033e-10
3.2095191e-22
8.9748678e-11
3.072135e-11
3.2636653e-13
8.9748678e-11
7.6476298e-11
-1.2459288e-11
2.4641033e-10
1.1839654e-10
-2.8666165e-11
3.7376825e-10
1.4681551e-10
-4.1786898e-11
4.7100859e-10
1.5749574e-10
-4.968584e-11
5.4108326e-10
1.5015273e-10
-5.2794246e-11
5.8885465e-10
1.2698905e-10
-5.2638397e-11
6.1969221e-10
9.1520342e-11
-5.0906495e-11
6.3842954e-10
4.7797893e-11
-4.8984631e-11
6.4882665e-10
2.9803527e-21
-4.7797893e-11
6.5338968e-10
-4.7797893e-11
-4.7797893e-11
6.5338968e-10
-9.1520342e-11
-4.8984631e-11
6.4882665e-10
-1.2698905e-10
-5.0906495e-11
6.3842954e-10
-1.5015273e-10
-5.2638397e-11
6.1969221e-10
-1.5749574e-10
-5.2794246e-11
5.8885465e-10
-1.4681551e-10
-4.968584e-11
5.4108326e-10
-1.1839654e-10
-4.1786898e-11
4.7100859e-10
-7.6476298e-11
-2.8666165e-11
3.7376825e-10
-3.072135e-11
-1.2459288e-11
2.4641033e-10
3.2636653e-13
8.9748678e-11
3.1897937e-11
-1.1155737e-13
8.9000738e-11
7.945908e-11
-2.5549295e-11
2.4428523e-10
1.2282597e-10
-5.6942704e-11
3.7054419e-10
1.5194751e-10
-8.1940079e-11
4.6703337e-10
1.6257949e-10
-9.6662472e-11
5.3667654e-10
1.5461664e-10
-1.0213326e-10
5.8425341e-10
1.3048593e-10
-1.0140515e-10
6.1504192e-10
9.388757e-11
-9.7768901e-11
6.3380044e-10
4.8984631e-11
-9.388757e-11
6.4423699e-10
2.8892296e-21
-9.1520342e-11
6.4882665e-10
-4.8984631e-11
-9.1520342e-11
6.4882665e-10
-9.388757e-11
-9.388757e-11
6.4423699e-10
-1.3048593e-10
-9.7768901e-11
6.3380044e-10
-1.5461664e-10
-1.0140515e-10
6.1504192e-10
-1.6257949e-10
-1.0213326e-10
5.8425341e-10
-1.5194751e-10
-9.6662472e-11
5.3667654e-10
-1.2282597e-10
-8.1940079e-11
4.6703337e-10
-7.945908e-11
-5.6942704e-11
3.7054419e-10
-3.1897937e-11
-2.5549295e-11
2.4428523e-10
-1.1155737e-13
8.9000738e-11
3.4149019e-11
-1.951912e-12
8.7402308e-11
8.5044826e-11
-3.9525422e-11
2.3971386e-10
1.3093982e-10
-8.3896066e-11
3.6355318e-10
1.6113395e-10
-1.1822778e-10
4.5833167e-10
1.7146563e-10
-1.3766749e-10
5.2693301e-10
1.622371e-10
-1.4411355e-10
5.7398239e-10
1.363256e-10
-1.4210293e-10
6.045765e-10
9.7768901e-11
-1.363256e-10
6.2331759e-10
5.0906495e-11
-1.3048593e-10
6.3380044e-10
2.753651e-21
-1.2698905e-10
6.3842954e-10
-5.0906495e-11
-1.2698905e-10
6.3842954e-10
-9.7768901e-11
-1.3048593e-10
6.3380044e-10
-1.363256e-10
-1.363256e-10
6.2331759e-10
-1.622371e-10
-1.4210293e-10
6.045765e-10
-1.7146563e-10
-1.4411355e-10
5.7398239e-10
-1.6113395e-10
-1.3766749e-10
5.2693301e-10
-1.3093982e-10
-1.1822778e-10
4.5833167e-10
-8.5044826e-11
-8.3896066e-11
3.6355318e-10
-3.4149019e-11
-3.9525422e-11
2.3971386e-10
-1.951912e-12
8.7402308e-11
3.722361e-11
-5.5656498e-12
8.4745202e-11
9.2341013e-11
-5.3929351e-11
2.3205765e-10
1.410489e-10
-1.0763455e-10
3.5172675e-10
1.7199901e-10
-1.4745162e-10
4.4343245e-10
1.8139304e-10
-1.6864134e-10
5.1003555e-10
1.7024925e-10
-1.7428953e-10
5.5595363e-10
1.4210293e-10
-1.7024925e-10
5.8601545e-10
1.0140515e-10
-1.622371e-10
6.045765e-10
5.2638397e-11
-1.5461664e-10
6.1504192e-10
2.6349724e-21
-1.5015273e-10
6.1969221e-10
-5.2638397e-11
-1.5015273e-10
6.1969221e-10
-1.0140515e-10
-1.5461664e-10
6.1504192e-10
-1.4210292e-10
-1.622371e-10
6.045765e-10
-1.7024925e-10
-1.7024925e-10
5.8601545e-10
-1.8139304e-10
-1.7428953e-10
5.5595363e-10
-1.7199901e-10
-1.6864134e-10
5.1003555e-10
-1.410489e-10
-1.4745162e-10
4.4343245e-10
-9.2341013e-11
-1.0763455e-10
3.5172675e-10
-3.722361e-11
-5.3929351e-11
2.3205765e-10
-5.5656498e-12
8.4745202e-11
4.0606289e-11
-1.0823154e-11
8.0709153e-11
9.9669528e-11
-6.714977e-11
2.2033661e-10
1.5015703e-10
-1.2489468e-10
3.3343564e-10
1.8052011e-10
-1.6521424e-10
4.2011139e-10
1.878643e-10
-1.84724e-10
4.8325645e-10
1.7428953e-10
-1.878643e-10
5.2704624e-10
1.4411355e-10
-1.8139304e-10
5.5595363e-10
1.0213326e-10
-1.7146563e-10
5.7398239e-10
5.2794246e-11
-1.6257949e-10
5.8425341e-10
2.6392536e-21
-1.5749574e-10
5.8885465e-10
-5.2794246e-11
-1.5749574e-10
5.8885465e-10
-1.0213326e-10
-1.6257949e-10
5.8425341e-10
-1.4411355e-10
-1.7146563e-10
5.7398239e-10
-1.7428953e-10
-1.8139304e-10
5.5595363e-10
-1.878643e-10
-1.878643e-10
5.2704624e-10
-1.8052011e-10
-1.84724e-10
4.8325645e-10
-1.5015703e-10
-1.6521424e-10
4.2011139e-10
-9.9669528e-11
-1.2489468e-10
3.3343564e-10
-4.0606289e-11
-6.714977e-11
2.2033661e-10
-1.0823154e-11
8.0709153e-11
4.3366579e-11
-1.6776496e-11
7.4853387e-11
1.0426721e-10
-7.6022122e-11
2.0321411e-10
1.5366925e-10
-1.3092566e-10
3.0649722e-10
1.8089384e-10
-1.6621478e-10
3.8544548e-10
1.84724e-10
-1.8089384e-10
4.4306514e-10
1.6864134e-10
-1.8052011e-10
4.8325645e-10
1.3766749e-10
-1.7199901e-10
5.1003555e-10
9.6662472e-11
-1.6113395e-10
5.2693301e-10
4.968584e-11
-1.5194751e-10
5.3667654e-10
2.6275269e-21
-1.4681551e-10
5.4108326e-10
-4.968584e-11
-1.4681551e-10
5.4108326e-10
-9.6662472e-11
-1.5194751e-10
5.3667654e-10
-1.3766749e-10
-1.6113395e-10
5.2693301e-10
-1.6864134e-10
-1.7199901e-10
5.1003555e-10
-1.84724e-10
-1.8052011e-10
4.8325645e-10
-1.8089384e-10
-1.8089384e-10
4.4306514e-10
-1.5366925e-10
-1.6621478e-10
3.8544548e-10
-1.0426721e-10
-1.3092566e-10
3.0649722e-10
-4.3366579e-11
-7.6022122e-11
2.0321411e-10
-1.6776496e-11
7.4853387e-11
4.4024137e-11
-2.1334857e-11
6.6595502e-11
1.0218286e-10
-7.5805902e-11
1.789823e-10
1.4561133e-10
-1.2019727e-10
2.6824319e-10
1.6621478e-10
-1.4561133e-10
3.3600608e-10
1.6521424e-10
-1.5366925e-10
3.8544548e-10
1.4745162e-10
-1.5015703e-10
4.2011139e-10
1.1822778e-10
-1.410489e-10
4.4343245e-10
8.1940079e-11
-1.3093982e-10
4.5833167e-10
4.1786898e-11
-1.2282597e-10
4.6703337e-10
2.4150564e-21
-1.1839654e-10
4.7100859e-10
-4.1786898e-11
-1.1839654e-10
4.7100859e-10
-8.1940079e-11
-1.2282597e-10
4.6703337e-10
-1.1822778e-10
-1.3093982e-10
4.5833167e-10
-1.4745162e-10
-1.410489e-10
4.4343245e-10
-1.6521424e-10
-1.5015703e-10
4.2011139e-10
-1.6621478e-10
-1.5366925e-10
3.8544548e-10
-1.4561133e-10
-1.4561133e-10
3.3600608e-10
-1.0218286e-10
-1.2019727e-10
2.6824319e-10
-4.4024137e-11
-7.5805902e-11
1.789823e-10
-2.1334857e-11
6.6595502e-11
4.0602754e-11
-2.1272067e-11
5.5136488e-11
8.8888323e-11
-6.1363999e-11
1.4550925e-10
1.2019727e-10
-8.8888323e-11
2.1565877e-10
1.3092566e-10
-1.0218286e-10
2.6824319e-10
1.2489468e-10
-1.0426721e-10
3.0649722e-10
1.0763455e-10
-9.9669528e-11
3.3343564e-10
8.3896066e-11
-9.2341013e-11
3.5172675e-10
5.6942704e-11
-8.5044826e-11
3.6355318e-10
2.8666165e-11
-7.945908e-11
3.7054419e-10
1.913803e-21
-7.6476298e-11
3.7376825e-10
-2.8666165e-11
-7.6476298e-11
3.7376825e-10
-5.6942704e-11
-7.945908e-11
3.7054419e-10
-8.3896066e-11
-8.5044826e-11
3.6355318e-10
-1.0763455e-10
-9.2341013e-11
3.5172675e-10
-1.2489468e-10
-9.9669528e-11
3.3343564e-10
-1.3092566e-10
-1.0426721e-10
3.0649722e-10
-1.2019727e-10
-1.0218286e-10
2.6824319e-10
-8.8888323e-11
-8.8888323e-11
2.1565877e-10
-4.0602754e-11
-6.1363999e-11
1.4550925e-10
-2.1272067e-11
5.5136488e-11
3.1165699e-11
-1.3491817e-11
3.9170277e-11
6.1363999e-11
-3.1165699e-11
9.9997223e-11
7.5805902e-11
-4.0602754e-11
1.4550925e-10
7.6022122e-11
-4.4024137e-11
1.789823e-10
6.714977e-11
-4.3366579e-11
2.0321411e-10
5.3929351e-11
-4.0606289e-11
2.2033661e-10
3.9525422e-11
-3.722361e-11
2.3205765e-10
2.5549295e-11
-3.4149019e-11
2.3971386e-10
1.2459288e-11
-3.1897937e-11
2.4428523e-10
1.200904e-21
-3.072135e-11
2.4641033e-10
-1.2459288e-11
-3.072135e-11
2.4641033e-10
-2.5549295e-11
-3.1897937e-11
2.4428523e-10
-3.9525422e-11
-3.4149019e-11
2.3971386e-10
-5.3929351e-11
-3.722361e-11
2.3205765e-10
-6.714977e-11
-4.0606289e-11
2.2033661e-10
-7.6022122e-11
-4.3366579e-11
2.0321411e-10
-7.5805902e-11
-4.4024137e-11
1.789823e-10
-6.1363999e-11
-4.0602754e-11
1.4550925e-10
-3.1165699e-11
-3.1165699e-11
9.9997223e-11
-1.3491817e-11
3.9170277e-11
1.3491817e-11
1.6469642e-11
2.1272067e-11
3.9170277e-11
2.1334857e-11
5.5136488e-11
1.6776496e-11
6.6595502e-11
1.0823154e-11
7.4853387e-11
5.5656498e-12
8.0709153e-11
1.951912e-12
8.4745202e-11
1.1155737e-13
8.7402308e-11
-3.2636653e-13
8.9000738e-11
4.3057255e-22
8.9748678e-11
3.2636653e-13
8.9748678e-11
-1.1155737e-13
8.9000738e-11
-1.951912e-12
8.7402308e-11
-5.5656498e-12
8.4745202e-11
-1.0823154e-11
8.0709153e-11
-1.6776496e-11
7.4853387e-11
-2.1334857e-11
6.6595502e-11
-2.1272067e-11
5.5136488e-11
-1.3491817e-11
3.9170277e-11
1.6469642e-11
-7.114943e-13
-7.114943e-13
1.789263e-11
6.9578362e-13
-4.6931803e-13
3.8232317e-11
2.4114605e-12
8.6871682e-13
5.2552094e-11
3.1993847e-12
2.4032926e-12
6.3404285e-11
2.9698489e-12
3.3679526e-12
7.171497e-11
2.1479647e-12
3.5385202e-12
7.7992517e-11
1.2293259e-12
3.0727365e-12
8.2591104e-11
5.3872003e-13
2.3058485e-12
8.5787065e-11
1.6458589e-13
1.5808742e-12
8.7793997e-11
-7.5623912e-23
1.1536673e-12
8.8759597e-11
-1.6458589e-13
1.1536673e-12
8.8759597e-11
-5.3872003e-13
1.5808742e-12
8.7793997e-11
-1.2293259e-12
2.3058485e-12
8.5787065e-11
-2.1479647e-12
3.0727365e-12
8.2591104e-11
-2.9698489e-12
3.5385202e-12
7.7992517e-11
-3.1993847e-12
3.3679526e-12
7.171497e-11
-2.4114605e-12
2.4032926e-12
6.3404285e-11
-6.9578362e-13
8.6871682e-13
5.2552094e-11
7.114943e-13
-4.6931803e-13
3.8232317e-11
-7.114943e-13
1.789263e-11
-4.6931803e-13
6.9578362e-13
3.8232317e-11
3.5404741e-12
3.5404741e-12
9.1977639e-11
8.7925574e-12
8.4353093e-12
1.3269057e-10
1.2322461e-11
1.355207e-11
1.6430362e-10
1.3226737e-11
1.6961364e-11
1.8871642e-10
1.1934459e-11
1.7982628e-11
2.0718478e-10
9.3425555e-12
1.7031698e-11
2.206906e-10
6.243492e-12
1.5070298e-11
2.3004847e-10
3.089559e-12
1.311338e-11
2.3590666e-10
4.834994e-22
1.1934433e-11
2.3871912e-10
-3.089559e-12
1.1934433e-11
2.3871912e-10
-6.243492e-12
1.311338e-11
2.3590666e-10
-9.3425555e-12
1.5070298e-11
2.3004847e-10
-1.1934459e-11
1.7031698e-11
2.206906e-10
-1.3226737e-11
1.7982628e-11
2.0718478e-10
-1.2322461e-11
1.6961364e-11
1.8871642e-10
-8.7925574e-12
1.355207e-11
1.6430362e-10
-3.5404741e-12
8.4353093e-12
1.3269057e-10
4.6931803e-13
3.5404741e-12
9.1977639e-11
6.9578362e-13
3.8232317e-11
8.6871682e-13
2.4114605e-12
5.2552094e-11
8.4353093e-12
8.7925574e-12
1.3269057e-10
1.8257301e-11
1.8257301e-11
1.9601479e-10
2.5828676e-11
2.8052545e-11
2.4617134e-10
2.9086053e-11
3.4977103e-11
2.852241e-10
2.7958518e-11
3.7742142e-11
3.1480366e-10
2.3402277e-11
3.6941359e-11
3.3637334e-10
1.6606501e-11
3.4172165e-11
3.5124709e-10
8.57008e-12
3.1181651e-11
3.6051234e-10
1.1866187e-21
2.9328193e-11
3.6494457e-10
-8.57008e-12
2.9328193e-11
3.6494457e-10
-1.6606501e-11
3.1181651e-11
3.6051234e-10
-2.3402277e-11
3.4172165e-11
3.5124709e-10
-2.7958518e-11
3.6941359e-11
3.3637334e-10
-2.9086053e-11
3.7742142e-11
3.1480366e-10
-2.5828676e-11
3.4977103e-11
2.852241e-10
-1.8257301e-11
2.8052545e-11
2.4617134e-10
-8.4353093e-12
1.8257301e-11
1.9601479e-10
-8.6871682e-13
8.7925574e-12
1.3269057e-10
2.4114605e-12
5.2552094e-11
2.4032926e-12
3.1993847e-12
6.3404285e-11
1.355207e-11
1.2322461e-11
1.6430362e-10
2.8052545e-11
2.5828676e-11
2.4617134e-10
4.0078312e-11
4.0078312e-11
3.1195455e-10
4.6298424e-11
5.0723442e-11
3.6347903e-10
4.5851264e-11
5.5803536e-11
4.0249716e-10
3.9490041e-11
5.5906257e-11
4.3082877e-10
2.8684718e-11
5.3067474e-11
4.5024168e-10
1.5030496e-11
4.9613123e-11
4.6225612e-10
1.5247291e-21
4.7391218e-11
4.6797606e-10
-1.5030496e-11
4.7391218e-11
4.6797606e-10
-2.8684718e-11
4.9613123e-11
4.6225612e-10
-3.9490041e-11
5.3067474e-11
4.5024168e-10
-4.5851264e-11
5.5906257e-11
4.3082877e-10
-4.6298424e-11
5.5803536e-11
4.0249716e-10
-4.0078312e-11
5.0723442e-11
3.6347903e-10
-2.8052545e-11
4.0078312e-11
3.1195455e-10
-1.355207e-11
2.5828676e-11
2.4617134e-10
-2.4032926e-12
1.2322461e-11
1.6430362e-10
3.1993847e-12
6.3404285e-11
3.3679526e-12
2.9698489e-12
7.171497e-11
1.6961364e-11
1.3226737e-11
1.8871642e-10
3.4977103e-11
2.9086053e-11
2.852241e-10
5.0723442e-11
4.6298424e-11
3.6347903e-10
5.9777355e-11
5.9777355e-11
4.2495732e-10
6.0403339e-11
6.7008877e-11
4.7142513e-10
5.295437e-11
6.8407217e-11
5.0498356e-10
3.8996992e-11
6.614845e-11
5.2780941e-10
2.0611396e-11
6.2843679e-11
5.4183158e-10
1.5645637e-21
6.061517e-11
5.4847071e-10
-2.0611396e-11
6.061517e-11
5.4847071e-10
-3.8996992e-11
6.2843679e-11
5.4183158e-10
-5.295437e-11
6.614845e-11
5.2780941e-10
-6.0403339e-11
6.8407217e-11
5.0498356e-10
-5.9777355e-11
6.7008877e-11
4.7142513e-10
-5.0723442e-11
5.9777355e-11
4.2495732e-10
-3.4977103e-11
4.6298424e-11
3.6347903e-10
-1.6961364e-11
2.9086053e-11
2.852241e-10
-3.3679526e-12
1.3226737e-11
1.8871642e-10
2.9698489e-12
7.171497e-11
3.5385202e-12
2.1479647e-12
7.7992517e-11
1.7982628e-11
1.1934459e-11
2.0718478e-10
3.7742142e-11
2.7958518e-11
3.1480366e-10
5.5803536e-11
4.5851264e-11
4.0249716e-10
6.7008877e-11
6.0403339e-11
4.7142513e-10
6.8854648e-11
6.8854648e-11
5.2335469e-10
6.1205244e-11
7.1379574e-11
5.6063067e-10
4.5540197e-11
7.0003824e-11
5.8579206e-10
2.422274e-11
6.7282487e-11
6.0113206e-10
1.4434251e-21
6.5338333e-11
6.0835422e-10
-2.422274e-11
6.5338333e-11
6.0835422e-10
-4.5540197e-11
6.7282487e-11
6.0113206e-10
-6.1205244e-11
7.0003824e-11
5.8579206e-10
-6.8854648e-11
7.1379574e-11
5.6063067e-10
-6.7008877e-11
6.8854648e-11
5.2335469e-10
-5.5803536e-11
6.0403339e-11
4.7142513e-10
-3.7742142e-11
4.5851264e-11
4.0249716e-10
-1.7982628e-11
2.7958518e-11
3.1480366e-10
-3.5385202e-12
1.1934459e-11
2.0718478e-10
2.1479647e-12
7.7992517e-11
3.0727365e-12
1.2293259e-12
8.2591104e-11
1.7031698e-11
9.3425555e-12
2.206906e-10
3.6941359e-11
2.3402277e-11
3.3637334e-10
5.5906257e-11
3.9490041e-11
4.3082877e-10
6.8407217e-11
5.295437e-11
5.0498356e-10
7.1379574e-11
6.1205244e-11
5.6063067e-10
6.4220055e-11
6.4220055e-11
6.0033449e-10
4.8201875e-11
6.3655989e-11
6.2694252e-10
2.5774057e-11
6.1701339e-11
6.4305088e-10
1.2010959e-21
6.0209315e-11
6.5059528e-10
-2.5774057e-11
6.0209315e-11
6.5059528e-10
-4.8201875e-11
6.1701339e-11
6.4305088e-10
-6.4220055e-11
6.3655989e-11
6.2694252e-10
-7.1379574e-11
6.4220055e-11
6.0033449e-10
-6.8407217e-11
6.1205244e-11
5.6063067e-10
-5.5906257e-11
5.295437e-11
5.0498356e-10
-3.6941359e-11
3.9490041e-11
4.3082877e-10
-1.7031698e-11
2.3402277e-11
3.3637334e-10
-3.0727365e-12
9.3425555e-12
2.206906e-10
1.2293259e-12
8.2591104e-11
2.3058485e-12
5.3872003e-13
8.5787065e-11
1.5070298e-11
6.243492e-12
2.3004847e-10
3.4172165e-11
1.6606501e-11
3.5124709e-10
5.3067474e-11
2.8684718e-11
4.5024168e-10
6.614845e-11
3.8996992e-11
5.2780941e-10
7.0003824e-11
4.5540197e-11
5.8579206e-10
6.3655989e-11
4.8201875e-11
6.2694252e-10
4.8138319e-11
4.8138319e-11
6.5435293e-10
2.5855634e-11
4.6933956e-11
6.7085051e-10
9.9937746e-22
4.5950611e-11
6.7854388e-10
-2.5855634e-11
4.5950611e-11
6.7854388e-10
-4.8138319e-11
4.6933956e-11
6.7085051e-10
-6.3655989e-11
4.8138319e-11
6.5435293e-10
-7.0003824e-11
4.8201875e-11
6.2694252e-10
-6.614845e-11
4.5540197e-11
5.8579206e-10
-5.3067474e-11
3.8996992e-11
5.2780941e-10
-3.4172165e-11
2.8684718e-11
4.5024168e-10
-1.5070298e-11
1.6606501e-11
3.5124709e-10
-2.3058485e-12
6.243492e-12
2.3004847e-10
5.3872003e-13
8.5787065e-11
1.5808742e-12
1.6458589e-13
8.7793997e-11
1.311338e-11
3.089559e-12
2.3590666e-10
3.1181651e-11
8.57008e-12
3.6051234e-10
4.9613123e-11
1.5030496e-11
4.6225612e-10
6.2843679e-11
2.0611396e-11
5.4183158e-10
6.7282487e-11
2.422274e-11
6.0113206e-10
6.1701339e-11
2.5774057e-11
6.4305088e-10
4.6933956e-11
2.5855634e-11
6.7085051e-10
2.5296039e-11
2.5296039e-11
6.8751283e-10
9.6671605e-22
2.48141e-11
6.9525921e-10
-2.5296039e-11
2.48141e-11
6.9525921e-10
-4.6933956e-11
2.5296039e-11
6.8751283e-10
-6.1701339e-11
2.5855634e-11
6.7085051e-10
-6.7282487e-11
2.5774057e-11
6.4305088e-10
-6.2843679e-11
2.422274e-11
6.0113206e-10
-4.9613123e-11
2.0611396e-11
5.4183158e-10
-3.1181651e-11
1.5030496e-11
4.6225612e-10
-1.311338e-11
8.57008e-12
3.6051234e-10
-1.5808742e-12
3.089559e-12
2.3590666e-10
1.6458588e-13
8.7793997e-11
1.1536673e-12
-1.2554516e-22
8.8759597e-11
1.1934433e-11
2.5067878e-22
2.3871912e-10
2.9328193e-11
6.9287629e-22
3.6494457e-10
4.7391218e-11
1.075541e-21
4.6797606e-10
6.061517e-11
1.2076161e-21
5.4847071e-10
6.5338333e-11
1.1715132e-21
6.0835422e-10
6.0209315e-11
1.0218816e-21
6.5059528e-10
4.5950611e-11
7.7046502e-22
6.7854388e-10
2.48141e-11
7.2386072e-22
6.9525921e-10
1.2121869e-21
9.1502942e-22
7.0301788e-10
-2.48141e-11
1.200963e-21
7.0301788e-10
-4.5950611e-11
1.3197728e-21
6.9525921e-10
-6.0209315e-11
1.1745485e-21
6.7854388e-10
-6.5338333e-11
7.8927918e-22
6.5059528e-10
-6.061517e-11
2.4123355e-22
6.0835422e-10
-4.7391218e-11
-3.4854367e-22
5.4847071e-10
-2.9328193e-11
-8.9622694e-22
4.6797606e-10
-1.1934433e-11
-1.2310815e-21
3.6494457e-10
-1.1536673e-12
-1.0988072e-21
2.3871912e-10
-3.6152643e-22
8.8759597e-11
1.1536673e-12
-1.6458589e-13
8.8759597e-11
1.1934433e-11
-3.089559e-12
2.3871912e-10
2.9328193e-11
-8.57008e-12
3.6494457e-10
4.7391218e-11
-1.5030496e-11
4.6797606e-10
6.061517e-11
-2.0611396e-11
5.4847071e-10
6.5338333e-11
-2.422274e-11
6.0835422e-10
6.0209315e-11
-2.5774057e-11
6.5059528e-10
4.5950611e-11
-2.5855634e-11
6.7854388e-10
2.48141e-11
-2.5296039e-11
6.9525921e-10
1.4956073e-21
-2.48141e-11
7.0301788e-10
-2.48141e-11
-2.48141e-11
7.0301788e-10
-4.5950611e-11
-2.5296039e-11
6.9525921e-10
-6.0209315e-11
-2.5855634e-11
6.7854388e-10
-6.5338333e-11
-2.5774057e-11
6.5059528e-10
-6.061517e-11
-2.422274e-11
6.0835422e-10
-4.7391218e-11
-2.0611396e-11
5.4847071e-10
-2.9328193e-11
-1.5030496e-11
4.6797606e-10
-1.1934433e-11
-8.57008e-12
3.6494457e-10
-1.1536673e-12
-3.089559e-12
2.3871912e-10
-1.6458589e-13
8.8759597e-11
1.5808742e-12
-5.3872003e-13
8.7793997e-11
1.311338e-11
-6.243492e-12
2.3590666e-10
3.1181651e-11
-1.6606501e-11
3.6051234e-10
4.9613123e-11
-2.8684718e-11
4.6225612e-10
6.2843679e-11
-3.8996992e-11
5.4183158e-10
6.7282487e-11
-4.5540197e-11
6.0113206e-10
6.1701339e-11
-4.8201875e-11
6.4305088e-10
4.6933956e-11
-4.8138319e-11
6.7085051e-10
2.5296039e-11
-4.6933956e-11
6.8751283e-10
1.6193268e-21
-4.5950611e-11
6.9525921e-10
-2.5296039e-11
-4.5950611e-11
6.9525921e-10
-4.6933956e-11
-4.6933956e-11
6.8751283e-10
-6.1701339e-11
-4.8138319e-11
6.7085051e-10
-6.7282487e-11
-4.8201875e-11
6.4305088e-10
-6.2843679e-11
-4.5540197e-11
6.0113206e-10
-4.9613123e-11
-3.8996992e-11
5.4183158e-10
-3.1181651e-11
-2.8684718e-11
4.6225612e-10
-1.311338e-11
-1.6606501e-11
3.6051234e-10
-1.5808742e-12
-6.243492e-12
2.3590666e-10
-5.3872003e-13
8.7793997e-11
2.3058485e-12
-1.2293259e-12
8.5787065e-11
1.5070298e-11
-9.3425555e-12
2.3004847e-10
3.4172165e-11
-2.3402277e-11
3.5124709e-10
5.3067474e-11
-3.9490041e-11
4.5024168e-10
6.614845e-11
-5.295437e-11
5.2780941e-10
7.0003824e-11
-6.1205244e-11
5.8579206e-10
6.3655989e-11
-6.4220055e-11
6.2694252e-10
4.8138319e-11
-6.3655989e-11
6.5435293e-10
2.5855634e-11
-6.1701339e-11
6.7085051e-10
1.4804515e-21
-6.0209315e-11
6.7854388e-10
-2.5855634e-11
-6.0209315e-11
6.7854388e-10
-4.8138319e-11
-6.1701339e-11
6.7085051e-10
-6.3655989e-11
-6.3655989e-11
6.5435293e-10
-7.0003824e-11
-6.4220055e-11
6.2694252e-10
-6.614845e-11
-6.1205244e-11
5.8579206e-10
-5.3067474e-11
-5.295437e-11
5.2780941e-10
-3.4172165e-11
-3.9490041e-11
4.5024168e-10
-1.5070298e-11
-2.3402277e-11
3.5124709e-10
-2.3058485e-12
-9.3425555e-12
2.3004847e-10
-1.2293259e-12
8.5787065e-11
3.0727365e-12
-2.1479647e-12
8.2591104e-11
1.7031698e-11
-1.1934459e-11
2.206906e-10
3.6941359e-11
-2.7958518e-11
3.3637334e-10
5.5906257e-11
-4.5851264e-11
4.3082877e-10
6.8407217e-11
-6.0403339e-11
5.0498356e-10
7.1379574e-11
-6.8854648e-11
5.6063067e-10
6.4220055e-11
-7.1379574e-11
6.0033449e-10
4.8201875e-11
-7.0003824e-11
6.2694252e-10
2.5774057e-11
-6.7282487e-11
6.4305088e-10
1.0442348e-21
-6.5338333e-11
6.5059528e-10
-2.5774057e-11
-6.5338333e-11
6.5059528e-10
-4.8201875e-11
-6.7282487e-11
6.4305088e-10
-6.4220055e-11
-7.0003824e-11
6.2694252e-10
-7.1379574e-11
-7.1379574e-11
6.0033449e-10
-6.8407217e-11
-6.8854648e-11
5.6063067e-10
-5.5906257e-11
-6.0403339e-11
5.0498356e-10
-3.6941359e-11
-4.5851264e-11
4.3082877e-10
-1.7031698e-11
-2.7958518e-11
3.3637334e-10
-3.0727365e-12
-1.1934459e-11
2.206906e-10
-2.1479647e-12
8.2591104e-11
3.5385202e-12
-2.9698489e-12
7.7992517e-11
1.7982628e-11
-1.3226737e-11
2.0718478e-10
3.7742142e-11
-2.9086053e-11
3.1480366e-10
5.5803536e-11
-4.6298424e-11
4.0249716e-10
6.7008877e-11
-5.9777355e-11
4.7142513e-10
6.8854648e-11
-6.7008877e-11
5.2335469e-10
6.1205244e-11
-6.8407217e-11
5.6063067e-10
4.5540197e-11
-6.614845e-11
5.8579206e-10
2.422274e-11
-6.2843679e-11
6.0113206e-10
5.1821493e-22
-6.061517e-11
6.0835422e-10
-2.422274e-11
-6.061517e-11
6.0835422e-10
-4.5540197e-11
-6.2843679e-11
6.0113206e-10
-6.1205244e-11
-6.614845e-11
5.8579206e-10
-6.8854648e-11
-6.8407217e-11
5.6063067e-10
-6.7008877e-11
-6.7008877e-11
5.2335469e-10
-5.5803536e-11
-5.9777355e-11
4.7142513e-10
-3.7742142e-11
-4.6298424e-11
4.0249716e-10
-1.7982628e-11
-2.9086053e-11
3.1480366e-10
-3.5385202e-12
-1.3226737e-11
2.0718478e-10
-2.9698489e-12
7.7992517e-11
3.3679526e-12
-3.1993847e-12
7.171497e-11
1.6961364e-11
-1.2322461e-11
1.8871642e-10
3.4977103e-11
-2.5828676e-11
2.852241e-10
5.0723442e-11
-4.0078312e-11
3.6347903e-10
5.9777355e-11
-5.0723442e-11
4.2495732e-10
6.0403339e-11
-5.5803536e-11
4.7142513e-10
5.295437e-11
-5.5906257e-11
5.0498356e-10
3.8996992e-11
-5.3067474e-11
5.2780941e-10
2.0611396e-11
-4.9613123e-11
5.4183158e-10
-1.0235911e-22
-4.7391218e-11
5.4847071e-10
-2.0611396e-11
-4.7391218e-11
5.4847071e-10
-3.8996992e-11
-4.9613123e-11
5.4183158e-10
-5.295437e-11
-5.3067474e-11
5.2780941e-10
-6.0403339e-11
-5.5906257e-11
5.0498356e-10
-5.9777355e-11
-5.5803536e-11
4.7142513e-10
-5.0723442e-11
-5.0723442e-11
4.2495732e-10
-3.4977103e-11
-4.0078312e-11
3.6347903e-10
-1.6961364e-11
-2.5828676e-11
2.852241e-10
-3.3679526e-12
-1.2322461e-11
1.8871642e-10
-3.1993847e-12
7.171497e-11
2.4032926e-12
-2.4114605e-12
6.3404285e-11
1.355207e-11
-8.7925574e-12
1.6430362e-10
2.8052545e-11
-1.8257301e-11
2.4617134e-10
4.0078312e-11
-2.8052545e-11
3.1195455e-10
4.6298424e-11
-3.4977103e-11
3.6347903e-10
4.5851264e-11
-3.7742142e-11
4.0249716e-10
3.9490041e-11
-3.6941359e-11
4.3082877e-10
2.8684718e-11
-3.4172165e-11
4.5024168e-10
1.5030496e-11
-3.1181651e-11
4.6225612e-10
-6.7405251e-22
-2.9328193e-11
4.6797606e-10
-1.5030496e-11
-2.9328193e-11
4.6797606e-10
-2.8684718e-11
-3.1181651e-11
4.6225612e-10
-3.9490041e-11
-3.4172165e-11
4.5024168e-10
-4.5851264e-11
-3.6941359e-11
4.3082877e-10
-4.6298424e-11
-3.7742142e-11
4.0249716e-10
-4.0078312e-11
-3.4977103e-11
3.6347903e-10
-2.8052545e-11
-2.8052545e-11
3.1195455e-10
-1.355207e-11
-1.8257301e-11
2.4617134e-10
-2.4032926e-12
-8.7925574e-12
1.6430362e-10
-2.4114605e-12
6.3404285e-11
8.6871682e-13
-6.9578362e-13
5.2552094e-11
8.4353093e-12
-3.5404741e-12
1.3269057e-10
1.8257301e-11
-8.4353093e-12
1.9601479e-10
2.5828676e-11
-1.355207e-11
2.4617134e-10
2.9086053e-11
-1.6961364e-11
2.852241e-10
2.7958518e-11
-1.7982628e-11
3.1480366e-10
2.3402277e-11
-1.7031698e-11
3.3637334e-10
1.6606501e-11
-1.5070298e-11
3.5124709e-10
8.57008e-12
-1.311338e-11
3.6051234e-10
-1.0846342e-21
-1.1934433e-11
3.6494457e-10
-8.57008e-12
-1.1934433e-11
3.6494457e-10
-1.6606501e-11
-1.311338e-11
3.6051234e-10
-2.3402277e-11
-1.5070298e-11
3.5124709e-10
-2.7958518e-11
-1.7031698e-11
3.3637334e-10
-2.9086053e-11
-1.7982628e-11
3.1480366e-10
-2.5828676e-11
-1.6961364e-11
2.852241e-10
-1.8257301e-11
-1.355207e-11
2.4617134e-10
-8.4353093e-12
-8.4353093e-12
1.9601479e-10
-8.6871682e-13
-3.5404741e-12
1.3269057e-10
-6.9578362e-13
5.2552094e-11
-4.6931803e-13
7.114943e-13
3.8232317e-11
3.5404741e-12
4.6931803e-13
9.1977639e-11
8.7925574e-12
-8.6871682e-13
1.3269057e-10
1.2322461e-11
-2.4032926e-12
1.6430362e-10
1.3226737e-11
-3.3679526e-12
1.8871642e-10
1.1934459e-11
-3.5385202e-12
2.0718478e-10
9.3425555e-12
-3.0727365e-12
2.206906e-10
6.243492e-12
-2.3058485e-12
2.3004847e-10
3.089559e-12
-1.5808742e-12
2.3590666e-10
-1.1599289e-21
-1.1536673e-12
2.3871912e-10
-3.089559e-12
-1.1536673e-12
2.3871912e-10
-6.243492e-12
-1.5808742e-12
2.3590666e-10
-9.3425555e-12
-2.3058485e-12
2.3004847e-10
-1.1934459e-11
-3.0727365e-12
2.206906e-10
-1.3226737e-11
-3.5385202e-12
2.0718478e-10
-1.2322461e-11
-3.3679526e-12
1.8871642e-10
-8.7925574e-12
-2.4032926e-12
1.6430362e-10
-3.5404741e-12
-8.6871682e-13
1.3269057e-10
4.6931803e-13
4.6931803e-13
9.1977639e-11
7.114943e-13
3.8232317e-11
-7.114943e-13
1.789263e-11
6.9578362e-13
3.8232317e-11
2.4114605e-12
5.2552094e-11
3.1993847e-12
6.3404285e-11
2.9698489e-12
7.171497e-11
2.1479647e-12
7.7992517e-11
1.2293259e-12
8.2591104e-11
5.3872003e-13
8.5787065e-11
1.6458588e-13
8.7793997e-11
-5.9449564e-22
8.8759597e-11
-1.6458589e-13
8.8759597e-11
-5.3872003e-13
8.7793997e-11
-1.2293259e-12
8.5787065e-11
-2.1479647e-12
8.2591104e-11
-2.9698489e-12
7.7992517e-11
-3.1993847e-12
7.171497e-11
-2.4114605e-12
6.3404285e-11
-6.9578362e-13
5.2552094e-11
7.114943e-13
3.8232317e-11
1.789263e-11
6.74697e-13
6.74697e-13
1.6543236e-11
8.6883512e-13
1.0306916e-12
3.7007487e-11
9.3127484e-13
1.164166e-12
5.1325488e-11
9.7948327e-13
1.3744328e-12
6.1981644e-11
9.344233e-13
1.6496402e-12
7.011039e-11
7.6635039e-13
1.8583002e-12
7.630229e-11
5.2788294e-13
1.9161937e-12
8.0913378e-11
2.9846526e-13
1.8351647e-12
8.4181318e-11
1.2525503e-13
1.6965339e-12
8.6270674e-11
-5.3995158e-22
1.5962576e-12
8.7288594e-11
-1.2525503e-13
1.5962576e-12
8.7288594e-11
-2.9846526e-13
1.6965339e-12
8.6270674e-11
-5.2788294e-13
1.8351647e-12
8.4181318e-11
-7.6635039e-13
1.9161937e-12
8.0913378e-11
-9.344233e-13
1.8583002e-12
7.630229e-11
-9.7948327e-13
1.6496402e-12
7.011039e-11
-9.3127483e-13
1.3744328e-12
6.1981644e-11
-8.6883512e-13
1.164166e-12
5.1325488e-11
-6.74697e-13
1.0306916e-12
3.7007487e-11
6.74697e-13
1.6543236e-11
1.0306916e-12
8.6883512e-13
3.7007487e-11
1.5269319e-12
1.5269319e-12
9.0985158e-11
1.983678e-12
2.0479613e-12
1.3135003e-10
2.530521e-12
2.9151829e-12
1.6221603e-10
2.8931376e-12
3.9703874e-12
1.8603306e-10
2.8617455e-12
4.8075187e-12
2.0426695e-10
2.4300435e-12
5.1675038e-12
2.1787099e-10
1.7234091e-12
5.0763597e-12
2.2751391e-10
8.830639e-13
4.7680897e-12
2.3367544e-10
-1.2788438e-21
4.5231521e-12
2.3667529e-10
-8.830639e-13
4.5231521e-12
2.3667529e-10
-1.7234091e-12
4.7680897e-12
2.3367544e-10
-2.4300435e-12
5.0763597e-12
2.2751391e-10
-2.8617455e-12
5.1675038e-12
2.1787099e-10
-2.8931376e-12
4.8075187e-12
2.0426695e-10
-2.530521e-12
3.9703874e-12
1.8603306e-10
-1.983678e-12
2.9151829e-12
1.6221603e-10
-1.5269319e-12
2.0479613e-12
1.3135003e-10
-1.0306916e-12
1.5269319e-12
9.0985158e-11
8.6883511e-13
3.7007487e-11
1.164166e-12
9.3127484e-13
5.1325488e-11
2.0479613e-12
1.983678e-12
1.3135003e-10
3.231851e-12
3.231851e-12
1.9364701e-10
4.7163269e-12
5.2009837e-12
2.4240107e-10
5.9181327e-12
7.4930819e-12
2.804996e-10
6.3237283e-12
9.3552453e-12
3.0985034e-10
5.7549593e-12
1.0312376e-11
3.3179723e-10
4.3283197e-12
1.0399041e-11
3.4735105e-10
2.3096809e-12
1.0022044e-11
3.5727702e-10
-1.6186779e-21
9.6738031e-12
3.621036e-10
-2.3096809e-12
9.6738031e-12
3.621036e-10
-4.3283197e-12
1.0022044e-11
3.5727702e-10
-5.7549593e-12
1.0399041e-11
3.4735105e-10
-6.3237283e-12
1.0312376e-11
3.3179723e-10
-5.9181327e-12
9.3552453e-12
3.0985034e-10
-4.7163269e-12
7.4930819e-12
2.804996e-10
-3.231851e-12
5.2009837e-12
2.4240107e-10
-2.0479613e-12
3.231851e-12
1.9364701e-10
-1.164166e-12
1.983678e-12
1.3135003e-10
9.3127483e-13
5.1325488e-11
1.3744328e-12
9.7948327e-13
6.1981644e-11
2.9151829e-12
2.530521e-12
1.6221603e-10
5.2009837e-12
4.7163269e-12
2.4240107e-10
8.0195773e-12
8.0195773e-12
3.0631736e-10
1.0394814e-11
1.1778753e-11
3.5681812e-10
1.141519e-11
1.4895727e-11
3.959363e-10
1.0650961e-11
1.667647e-11
4.2522891e-10
8.1788297e-12
1.7146578e-11
4.4596628e-10
4.4256598e-12
1.68594e-11
4.5917194e-10
-1.9254182e-21
1.6494539e-11
4.6558098e-10
-4.4256598e-12
1.6494539e-11
4.6558098e-10
-8.1788297e-12
1.68594e-11
4.5917194e-10
-1.0650961e-11
1.7146578e-11
4.4596628e-10
-1.141519e-11
1.667647e-11
4.2522891e-10
-1.0394814e-11
1.4895727e-11
3.959363e-10
-8.0195773e-12
1.1778753e-11
3.5681812e-10
-5.2009837e-12
8.0195773e-12
3.0631736e-10
-2.9151829e-12
4.7163269e-12
2.4240107e-10
-1.3744328e-12
2.530521e-12
1.6221603e-10
9.7948327e-13
6.1981644e-11
1.6496402e-12
9.344233e-13
7.011039e-11
3.9703874e-12
2.8931376e-12
1.8603306e-10
7.4930819e-12
5.9181327e-12
2.804996e-10
1.1778753e-11
1.0394814e-11
3.5681812e-10
1.5449534e-11
1.5449534e-11
4.1761575e-10
1.7165002e-11
1.9722905e-11
4.6488248e-10
1.6199544e-11
2.2344527e-11
5.0028096e-10
1.2560256e-11
2.3308055e-11
5.2528722e-10
6.8405778e-12
2.3246869e-11
5.4116379e-10
-2.5571835e-21
2.2955886e-11
5.4884994e-10
-6.8405778e-12
2.2955886e-11
5.4884994e-10
-1.2560256e-11
2.3246869e-11
5.4116379e-10
-1.6199544e-11
2.3308055e-11
5.2528722e-10
-1.7165002e-11
2.2344527e-11
5.0028096e-10
-1.5449534e-11
1.9722905e-11
4.6488248e-10
-1.1778753e-11
1.5449534e-11
4.1761575e-10
-7.4930819e-12
1.0394814e-11
3.5681812e-10
-3.9703874e-12
5.9181327e-12
2.804996e-10
-1.6496402e-12
2.8931376e-12
1.8603306e-10
9.3442329e-13
7.011039e-11
1.8583002e-12
7.6635039e-13
7.630229e-11
4.8075187e-12
2.8617455e-12
2.0426695e-10
9.3552453e-12
6.3237283e-12
3.0985034e-10
1.4895727e-11
1.141519e-11
3.959363e-10
1.9722905e-11
1.7165002e-11
4.6488248e-10
2.2111763e-11
2.2111763e-11
5.1857698e-10
2.1042526e-11
2.5302221e-11
5.5874222e-10
1.642543e-11
2.668642e-11
5.870308e-10
8.9848664e-12
2.6891888e-11
6.049276e-10
-3.2439114e-21
2.672759e-11
6.1356739e-10
-8.9848665e-12
2.672759e-11
6.1356739e-10
-1.642543e-11
2.6891888e-11
6.049276e-10
-2.1042526e-11
2.668642e-11
5.870308e-10
-2.2111763e-11
2.5302221e-11
5.5874222e-10
-1.9722905e-11
2.2111763e-11
5.1857698e-10
-1.4895727e-11
1.7165002e-11
4.6488248e-10
-9.3552453e-12
1.141519e-11
3.959363e-10
-4.8075187e-12
6.3237283e-12
3.0985034e-10
-1.8583002e-12
2.8617455e-12
2.0426695e-10
7.6635039e-13
7.630229e-11
1.9161937e-12
5.2788294e-13
8.0913378e-11
5.1675038e-12
2.4300435e-12
2.1787099e-10
1.0312376e-11
5.7549593e-12
3.3179723e-10
1.667647e-11
1.0650961e-11
4.2522891e-10
2.2344527e-11
1.6199544e-11
5.0028096e-10
2.5302221e-11
2.1042526e-11
5.5874222e-10
2.4277313e-11
2.4277313e-11
6.0238431e-10
1.9067837e-11
2.582104e-11
6.3301737e-10
1.0470492e-11
2.6213891e-11
6.5232622e-10
-3.5561845e-21
2.6172035e-11
6.6162133e-10
-1.0470492e-11
2.6172035e-11
6.6162133e-10
-1.9067837e-11
2.6213891e-11
6.5232622e-10
-2.4277313e-11
2.582104e-11
6.3301737e-10
-2.5302221e-11
2.4277313e-11
6.0238431e-10
-2.2344527e-11
2.1042526e-11
5.5874222e-10
-1.667647e-11
1.6199544e-11
5.0028096e-10
-1.0312376e-11
1.0650961e-11
4.2522891e-10
-5.1675038e-12
5.7549593e-12
3.3179723e-10
-1.9161937e-12
2.4300435e-12
2.1787099e-10
5.2788294e-13
8.0913378e-11
1.8351647e-12
2.9846526e-13
8.4181318e-11
5.0763597e-12
1.7234091e-12
2.2751391e-10
1.0399041e-11
4.3283197e-12
3.4735105e-10
1.7146578e-11
8.1788297e-12
4.4596628e-10
2.3308055e-11
1.2560256e-11
5.2528722e-10
2.668642e-11
1.642543e-11
5.870308e-10
2.582104e-11
1.9067837e-11
6.3301737e-10
2.0401566e-11
2.0401566e-11
6.6519188e-10
1.1243136e-11
2.0817705e-11
6.8540513e-10
-3.173529e-21
2.0847733e-11
6.9511131e-10
-1.1243136e-11
2.0847733e-11
6.9511131e-10
-2.0401566e-11
2.0817705e-11
6.8540513e-10
-2.582104e-11
2.0401566e-11
6.6519188e-10
-2.668642e-11
1.9067837e-11
6.3301737e-10
-2.3308055e-11
1.642543e-11
5.870308e-10
-1.7146578e-11
1.2560256e-11
5.2528722e-10
-1.0399041e-11
8.1788297e-12
4.4596628e-10
-5.0763597e-12
4.3283197e-12
3.4735105e-10
-1.8351647e-12
1.723409e-12
2.2751391e-10
2.9846525e-13
8.4181318e-11
1.6965339e-12
1.2525503e-13
8.6270674e-11
4.7680897e-12
8.830639e-13
2.3367544e-10
1.0022044e-11
2.3096809e-12
3.5727702e-10
1.68594e-11
4.4256598e-12
4.5917194e-10
2.3246869e-11
6.8405778e-12
5.4116379e-10
2.6891888e-11
8.9848664e-12
6.049276e-10
2.6213891e-11
1.0470492e-11
6.5232622e-10
2.0817705e-11
1.1243136e-11
6.8540513e-10
1.1506871e-11
1.1506871e-11
7.061345e-10
-2.2327787e-21
1.1543799e-11
7.1607001e-10
-1.1506871e-11
1.1543799e-11
7.1607001e-10
-2.0817705e-11
1.1506871e-11
7.061345e-10
-2.6213891e-11
1.1243136e-11
6.8540513e-10
-2.6891888e-11
1.0470492e-11
6.5232622e-10
-2.3246869e-11
8.9848665e-12
6.049276e-10
-1.68594e-11
6.8405778e-12
5.4116379e-10
-1.0022044e-11
4.4256598e-12
4.5917194e-10
-4.7680897e-12
2.3096809e-12
3.5727702e-10
-1.6965339e-12
8.830639e-13
2.3367544e-10
1.2525503e-13
8.6270674e-11
1.5962576e-12
-3.6545408e-22
8.7288594e-11
4.5231521e-12
-9.2393175e-22
2.3667529e-10
9.6738031e-12
-1.1397326e-21
3.621036e-10
1.6494539e-11
-1.4375566e-21
4.6558098e-10
2.2955886e-11
-2.0508076e-21
5.4884994e-10
2.672759e-11
-2.7004747e-21
6.1356739e-10
2.6172035e-11
-2.9254942e-21
6.6162133e-10
2.0847733e-11
-2.4327097e-21
6.9511131e-10
1.1543799e-11
-1.2656111e-21
7.1607001e-10
-1.0202876e-21
-8.5538112e-23
7.2610548e-10
-1.1543799e-11
1.1455924e-21
7.2610548e-10
-2.0847733e-11
2.1358177e-21
7.1607001e-10
-2.6172035e-11
2.7111753e-21
6.9511131e-10
-2.672759e-11
2.6657514e-21
6.6162133e-10
-2.2955886e-11
1.8213252e-21
6.1356739e-10
-1.6494539e-11
6.2020956e-22
5.4884994e-10
-9.6738031e-12
-4.2369119e-22
4.6558098e-10
-4.5231521e-12
-6.9988882e-22
3.621036e-10
-1.5962576e-12
-5.3762968e-22
2.3667529e-10
-7.3612505e-23
8.7288594e-11
1.5962576e-12
-1.2525503e-13
8.7288594e-11
4.5231521e-12
-8.830639e-13
2.3667529e-10
9.6738031e-12
-2.3096809e-12
3.621036e-10
1.6494539e-11
-4.4256598e-12
4.6558098e-10
2.2955886e-11
-6.8405778e-12
5.4884994e-10
2.672759e-11
-8.9848665e-12
6.1356739e-10
2.6172035e-11
-1.0470492e-11
6.6162133e-10
2.0847733e-11
-1.1243136e-11
6.9511131e-10
1.1543799e-11
-1.1506871e-11
7.1607001e-10
1.6141052e-22
-1.1543799e-11
7.2610548e-10
-1.1543799e-11
-1.1543799e-11
7.2610548e-10
-2.0847733e-11
-1.1506871e-11
7.1607001e-10
-2.6172035e-11
-1.1243136e-11
6.9511131e-10
-2.672759e-11
-1.0470492e-11
6.6162133e-10
-2.2955886e-11
-8.9848664e-12
6.1356739e-10
-1.6494539e-11
-6.8405778e-12
5.4884994e-10
-9.6738031e-12
-4.4256598e-12
4.6558098e-10
-4.5231521e-12
-2.3096809e-12
3.621036e-10
-1.5962576e-12
-8.830639e-13
2.3667529e-10
-1.2525503e-13
8.7288594e-11
1.6965339e-12
-2.9846526e-13
8.6270674e-11
4.7680897e-12
-1.7234091e-12
2.3367544e-10
1.0022044e-11
-4.3283197e-12
3.5727702e-10
1.68594e-11
-8.1788297e-12
4.5917194e-10
2.3246869e-11
-1.2560256e-11
5.4116379e-10
2.6891888e-11
-1.642543e-11
6.049276e-10
2.6213891e-11
-1.9067837e-11
6.5232622e-10
2.0817705e-11
-2.0401566e-11
6.8540513e-10
1.1506871e-11
-2.0817705e-11
7.061345e-10
1.3209219e-21
-2.0847733e-11
7.1607001e-10
-1.1506871e-11
-2.0847733e-11
7.1607001e-10
-2.0817705e-11
-2.0817705e-11
7.061345e-10
-2.6213891e-11
-2.0401566e-11
6.8540513e-10
-2.6891888e-11
-1.9067837e-11
6.5232622e-10
-2.3246869e-11
-1.642543e-11
6.049276e-10
-1.68594e-11
-1.2560256e-11
5.4116379e-10
-1.0022044e-11
-8.1788297e-12
4.5917194e-10
-4.7680897e-12
-4.3283197e-12
3.5727702e-10
-1.6965339e-12
-1.7234091e-12
2.3367544e-10
-2.9846526e-13
8.6270674e-11
1.8351647e-12
-5.2788294e-13
8.4181318e-11
5.0763597e-12
-2.4300435e-12
2.2751391e-10
1.0399041e-11
-5.7549593e-12
3.4735105e-10
1.7146578e-11
-1.0650961e-11
4.4596628e-10
2.3308055e-11
-1.6199544e-11
5.2528722e-10
2.668642e-11
-2.1042526e-11
5.870308e-10
2.582104e-11
-2.4277313e-11
6.3301737e-10
2.0401566e-11
-2.582104e-11
6.6519188e-10
1.1243136e-11
-2.6213891e-11
6.8540513e-10
2.0474861e-21
-2.6172035e-11
6.9511131e-10
-1.1243136e-11
-2.6172035e-11
6.9511131e-10
-2.0401566e-11
-2.6213891e-11
6.8540513e-10
-2.582104e-11
-2.582104e-11
6.6519188e-10
-2.668642e-11
-2.4277313e-11
6.3301737e-10
-2.3308055e-11
-2.1042526e-11
5.870308e-10
-1.7146578e-11
-1.6199544e-11
5.2528722e-10
-1.0399041e-11
-1.0650961e-11
4.4596628e-10
-5.0763597e-12
-5.7549593e-12
3.4735105e-10
-1.8351647e-12
-2.4300435e-12
2.2751391e-10
-5.2788294e-13
8.4181318e-11
1.9161937e-12
-7.6635039e-13
8.0913378e-11
5.1675038e-12
-2.8617455e-12
2.1787099e-10
1.0312376e-11
-6.3237283e-12
3.3179723e-10
1.667647e-11
-1.141519e-11
4.2522891e-10
2.2344527e-11
-1.7165002e-11
5.0028096e-10
2.5302221e-11
-2.2111763e-11
5.5874222e-10
2.4277313e-11
-2.5302221e-11
6.0238431e-10
1.9067837e-11
-2.668642e-11
6.3301737e-10
1.0470492e-11
-2.6891888e-11
6.5232622e-10
2.1449025e-21
-2.672759e-11
6.6162133e-10
-1.0470492e-11
-2.672759e-11
6.6162133e-10
-1.9067837e-11
-2.6891888e-11
6.5232622e-10
-2.4277313e-11
-2.668642e-11
6.3301737e-10
-2.5302221e-11
-2.5302221e-11
6.0238431e-10
-2.2344527e-11
-2.2111763e-11
5.5874222e-10
-1.667647e-11
-1.7165002e-11
5.0028096e-10
-1.0312376e-11
-1.141519e-11
4.2522891e-10
-5.1675038e-12
-6.3237283e-12
3.3179723e-10
-1.9161937e-12
-2.8617455e-12
2.1787099e-10
-7.6635039e-13
8.0913378e-11
1.8583002e-12
-9.344233e-13
7.630229e-11
4.8075187e-12
-2.8931376e-12
2.0426695e-10
9.3552453e-12
-5.9181327e-12
3.0985034e-10
1.4895727e-11
-1.0394814e-11
3.959363e-10
1.9722905e-11
-1.5449534e-11
4.6488248e-10
2.2111763e-11
-1.9722905e-11
5.1857698e-10
2.1042526e-11
-2.2344527e-11
5.5874222e-10
1.642543e-11
-2.3308055e-11
5.870308e-10
8.9848664e-12
-2.3246869e-11
6.049276e-10
1.4127017e-21
-2.2955886e-11
6.1356739e-10
-8.9848664e-12
-2.2955886e-11
6.1356739e-10
-1.642543e-11
-2.3246869e-11
6.049276e-10
-2.1042526e-11
-2.3308055e-11
5.870308e-10
-2.2111763e-11
-2.2344527e-11
5.5874222e-10
-1.9722905e-11
-1.9722905e-11
5.1857698e-10
-1.4895727e-11
-1.5449534e-11
4.6488248e-10
-9.3552453e-12
-1.0394814e-11
3.959363e-10
-4.8075187e-12
-5.9181327e-12
3.0985034e-10
-1.8583002e-12
-2.8931376e-12
2.0426695e-10
-9.344233e-13
7.630229e-11
1.6496402e-12
-9.7948327e-13
7.011039e-11
3.9703874e-12
-2.530521e-12
1.8603306e-10
7.4930819e-12
-4.7163269e-12
2.804996e-10
1.1778753e-11
-8.0195773e-12
3.5681812e-10
1.5449534e-11
-1.1778753e-11
4.1761575e-10
1.7165002e-11
-1.4895727e-11
4.6488248e-10
1.6199544e-11
-1.667647e-11
5.0028096e-10
1.2560256e-11
-1.7146578e-11
5.2528722e-10
6.8405778e-12
-1.68594e-11
5.4116379e-10
1.5780792e-22
-1.6494539e-11
5.4884994e-10
-6.8405778e-12
-1.6494539e-11
5.4884994e-10
-1.2560256e-11
-1.68594e-11
5.4116379e-10
-1.6199544e-11
-1.7146578e-11
5.2528722e-10
-1.7165002e-11
-1.667647e-11
5.0028096e-10
-1.5449534e-11
-1.4895727e-11
4.6488248e-10
-1.1778753e-11
-1.1778753e-11
4.1761575e-10
-7.4930819e-12
-8.0195773e-12
3.5681812e-10
-3.9703874e-12
-4.7163269e-12
2.804996e-10
-1.6496402e-12
-2.530521e-12
1.8603306e-10
-9.7948327e-13
7.011039e-11
1.3744328e-12
-9.3127484e-13
6.1981644e-11
2.9151829e-12
-1.983678e-12
1.6221603e-10
5.2009837e-12
-3.231851e-12
2.4240107e-10
8.0195773e-12
-5.2009837e-12
3.0631736e-10
1.0394814e-11
-7.4930819e-12
3.5681812e-10
1.141519e-11
-9.3552453e-12
3.959363e-10
1.0650961e-11
-1.0312376e-11
4.2522891e-10
8.1788297e-12
-1.0399041e-11
4.4596628e-10
4.4256598e-12
-1.0022044e-11
4.5917194e-10
-9.5576284e-22
-9.6738031e-12
4.6558098e-10
-4.4256598e-12
-9.6738031e-12
4.6558098e-10
-8.1788297e-12
-1.0022044e-11
4.5917194e-10
-1.0650961e-11
-1.0399041e-11
4.4596628e-10
-1.141519e-11
-1.0312376e-11
4.2522891e-10
-1.0394814e-11
-9.3552453e-12
3.959363e-10
-8.0195773e-12
-7.4930819e-12
3.5681812e-10
-5.2009837e-12
-5.2009837e-12
3.0631736e-10
-2.9151829e-12
-3.231851e-12
2.4240107e-10
-1.3744328e-12
-1.983678e-12
1.6221603e-10
-9.3127484e-13
6.1981644e-11
1.164166e-12
-8.6883512e-13
5.1325488e-11
2.0479613e-12
-1.5269319e-12
1.3135003e-10
3.231851e-12
-2.0479613e-12
1.9364701e-10
4.7163269e-12
-2.9151829e-12
2.4240107e-10
5.9181327e-12
-3.9703874e-12
2.804996e-10
6.3237283e-12
-4.8075187e-12
3.0985034e-10
5.7549593e-12
-5.1675038e-12
3.3179723e-10
4.3283197e-12
-5.0763597e-12
3.4735105e-10
2.3096809e-12
-4.7680897e-12
3.5727702e-10
-1.3499053e-21
-4.5231521e-12
3.621036e-10
-2.3096809e-12
-4.5231521e-12
3.621036e-10
-4.3283198e-12
-4.7680897e-12
3.5727702e-10
-5.7549593e-12
-5.0763597e-12
3.4735105e-10
-6.3237283e-12
-5.1675038e-12
3.3179723e-10
-5.9181327e-12
-4.8075187e-12
3.0985034e-10
-4.7163269e-12
-3.9703874e-12
2.804996e-10
-3.231851e-12
-2.9151829e-12
2.4240107e-10
-2.0479613e-12
-2.0479613e-12
1.9364701e-10
-1.164166e-12
-1.5269319e-12
1.3135003e-10
-8.6883512e-13
5.1325488e-11
1.0306916e-12
-6.74697e-13
3.7007487e-11
1.5269319e-12
-1.0306916e-12
9.0985158e-11
1.983678e-12
-1.164166e-12
1.3135003e-10
2.530521e-12
-1.3744328e-12
1.6221603e-10
2.8931376e-12
-1.6496402e-12
1.8603306e-10
2.8617455e-12
-1.8583002e-12
2.0426695e-10
2.4300435e-12
-1.9161937e-12
2.1787099e-10
1.723409e-12
-1.8351647e-12
2.2751391e-10
8.830639e-13
-1.6965339e-12
2.3367544e-10
-1.148552e-21
-1.5962576e-12
2.3667529e-10
-8.830639e-13
-1.5962576e-12
2.3667529e-10
-1.7234091e-12
-1.6965339e-12
2.3367544e-10
-2.4300435e-12
-1.8351647e-12
2.2751391e-10
-2.8617455e-12
-1.9161937e-12
2.1787099e-10
-2.8931376e-12
-1.8583002e-12
2.0426695e-10
-2.530521e-12
-1.6496402e-12
1.8603306e-10
-1.983678e-12
-1.3744328e-12
1.6221603e-10
-1.5269319e-12
-1.164166e-12
1.3135003e-10
-1.0306916e-12
-1.0306916e-12
9.0985158e-11
-6.74697e-13
3.7007487e-11
6.74697e-13
1.6543236e-11
8.6883512e-13
3.7007487e-11
9.3127483e-13
5.1325488e-11
9.7948327e-13
6.1981644e-11
9.3442329e-13
7.011039e-11
7.6635039e-13
7.630229e-11
5.2788294e-13
8.0913378e-11
2.9846525e-13
8.4181318e-11
1.2525503e-13
8.6270674e-11
-4.4896148e-22
8.7288594e-11
-1.2525503e-13
8.7288594e-11
-2.9846526e-13
8.6270674e-11
-5.2788294e-13
8.4181318e-11
-7.6635039e-13
8.0913378e-11
-9.344233e-13
7.630229e-11
-9.7948327e-13
7.011039e-11
-9.3127484e-13
6.1981644e-11
-8.6883512e-13
5.1325488e-11
-6.74697e-13
3.7007487e-11
1.6543236e-11
-8.5790892e-14
-8.5790892e-14
1.6714818e-11
2.5868874e-13
-2.8093668e-14
3.6691101e-11
7.5702699e-13
7.7242007e-14
5.0749908e-11
1.1932755e-12
2.184698e-13
6.1326926e-11
1.4599059e-12
3.9272365e-13
6.9451036e-11
1.5071378e-12
5.811869e-13
7.5673871e-11
1.3366951e-12
7.4889109e-13
8.033493e-11
9.8909236e-13
8.7004868e-13
8.3658872e-11
5.2325566e-13
9.4012259e-13
8.5796388e-11
-1.3909227e-21
9.6972159e-13
8.6842128e-11
-5.2325566e-13
9.6972159e-13
8.6842128e-11
-9.8909236e-13
9.4012258e-13
8.5796388e-11
-1.3366951e-12
8.7004867e-13
8.3658872e-11
-1.5071378e-12
7.4889109e-13
8.033493e-11
-1.4599059e-12
5.811869e-13
7.5673871e-11
-1.1932755e-12
3.9272365e-13
6.9451036e-11
-7.5702699e-13
2.184698e-13
6.1326926e-11
-2.5868873e-13
7.7242008e-14
5.0749908e-11
8.5790894e-14
-2.8093669e-14
3.6691101e-11
-8.5790894e-14
1.6714818e-11
-2.8093668e-14
2.5868874e-13
3.6691101e-11
7.1436505e-13
7.1436505e-13
8.9500241e-11
1.7548609e-12
1.0993234e-12
1.2928745e-10
2.6930382e-12
1.5181133e-12
1.5997821e-10
3.2975052e-12
2.0268776e-12
1.8379443e-10
3.4398919e-12
2.5826838e-12
2.0212307e-10
3.092125e-12
3.0844938e-12
2.1588315e-10
2.316817e-12
3.4529925e-12
2.2570628e-10
1.2364366e-12
3.6702224e-12
2.3202573e-10
-4.589089e-21
3.7637536e-12
2.3511769e-10
-1.2364366e-12
3.7637536e-12
2.3511769e-10
-2.316817e-12
3.6702224e-12
2.3202573e-10
-3.092125e-12
3.4529925e-12
2.2570628e-10
-3.4398919e-12
3.0844938e-12
2.1588315e-10
-3.2975052e-12
2.5826838e-12
2.0212307e-10
-2.6930382e-12
2.0268776e-12
1.8379443e-10
-1.7548608e-12
1.5181133e-12
1.5997821e-10
-7.1436505e-13
1.0993234e-12
1.2928745e-10
2.809367e-14
7.1436505e-13
8.9500241e-11
2.5868873e-13
3.6691101e-11
7.7242008e-14
7.5702699e-13
5.0749908e-11
1.0993234e-12
1.7548609e-12
1.2928745e-10
2.4868793e-12
2.4868793e-12
1.908719e-10
3.7685803e-12
3.2395418e-12
2.3939794e-10
4.6455123e-12
4.1536196e-12
2.7749593e-10
4.9128271e-12
5.1597444e-12
3.0700596e-10
4.4829277e-12
6.074186e-12
3.2923744e-10
3.4027515e-12
6.7499428e-12
3.4513427e-10
1.8318548e-12
7.1510999e-12
3.5536704e-10
-6.2851963e-21
7.3250314e-12
3.6037418e-10
-1.8318548e-12
7.3250314e-12
3.6037418e-10
-3.4027515e-12
7.1510999e-12
3.5536704e-10
-4.4829277e-12
6.7499428e-12
3.4513427e-10
-4.9128271e-12
6.074186e-12
3.2923744e-10
-4.6455123e-12
5.1597443e-12
3.0700596e-10
-3.7685803e-12
4.1536196e-12
2.7749593e-10
-2.4868793e-12
3.2395418e-12
2.3939794e-10
-1.0993234e-12
2.4868793e-12
1.908719e-10
-7.7242007e-14
1.7548609e-12
1.2928745e-10
7.5702699e-13
5.0749908e-11
2.184698e-13
1.1932755e-12
6.1326926e-11
1.5181133e-12
2.6930382e-12
1.5997821e-10
3.2395418e-12
3.7685803e-12
2.3939794e-10
4.8734139e-12
4.8734139e-12
3.0304962e-10
6.0615147e-12
6.2201399e-12
3.535635e-10
6.5052485e-12
7.7047076e-12
3.929476e-10
6.0272159e-12
9.0559141e-12
4.2272521e-10
4.6336948e-12
1.0057256e-11
4.4405249e-10
2.5155402e-12
1.0654553e-11
4.5778664e-10
-6.2584893e-21
1.0914998e-11
4.6450656e-10
-2.5155402e-12
1.0914998e-11
4.6450656e-10
-4.6336948e-12
1.0654553e-11
4.5778664e-10
-6.0272159e-12
1.0057256e-11
4.4405249e-10
-6.5052485e-12
9.0559141e-12
4.2272521e-10
-6.0615147e-12
7.7047076e-12
3.929476e-10
-4.8734139e-12
6.2201399e-12
3.535635e-10
-3.2395418e-12
4.8734139e-12
3.0304962e-10
-1.5181133e-12
3.7685803e-12
2.3939794e-10
-2.184698e-13
2.6930382e-12
1.5997821e-10
1.1932755e-12
6.1326926e-11
3.9272365e-13
1.4599059e-12
6.9451036e-11
2.0268776e-12
3.2975053e-12
1.8379443e-10
4.1536196e-12
4.6455123e-12
2.7749593e-10
6.2201399e-12
6.0615147e-12
3.535635e-10
7.7949966e-12
7.7949966e-12
4.1446604e-10
8.4640386e-12
9.7026254e-12
4.6221552e-10
7.9360684e-12
1.1438485e-11
4.9842636e-10
6.1616541e-12
1.272883e-11
5.2439006e-10
3.3666061e-12
1.3503568e-11
5.4110982e-10
-5.3871535e-21
1.3844098e-11
5.4928745e-10
-3.3666061e-12
1.3844098e-11
5.4928745e-10
-6.1616541e-12
1.3503568e-11
5.4110982e-10
-7.9360684e-12
1.272883e-11
5.2439006e-10
-8.4640386e-12
1.1438485e-11
4.9842636e-10
-7.7949966e-12
9.7026254e-12
4.6221552e-10
-6.2201399e-12
7.7949966e-12
4.1446604e-10
-4.1536196e-12
6.0615147e-12
3.535635e-10
-2.0268776e-12
4.6455123e-12
2.7749593e-10
-3.9272365e-13
3.2975052e-12
1.8379443e-10
1.4599059e-12
6.9451036e-11
5.811869e-13
1.5071378e-12
7.5673871e-11
2.5826838e-12
3.4398919e-12
2.0212307e-10
5.1597444e-12
4.9128271e-12
3.0700596e-10
7.7047076e-12
6.5052485e-12
3.929476e-10
9.7026254e-12
8.4640386e-12
4.6221552e-10
1.0615681e-11
1.0615681e-11
5.1675086e-10
1.003115e-11
1.2574089e-11
5.5819114e-10
7.8386965e-12
1.4036006e-11
5.8791607e-10
4.300977e-12
1.4920941e-11
6.0704795e-10
-4.3726397e-21
1.5313644e-11
6.1639882e-10
-4.300977e-12
1.5313644e-11
6.1639882e-10
-7.8386965e-12
1.4920941e-11
6.0704795e-10
-1.003115e-11
1.4036006e-11
5.8791607e-10
-1.0615681e-11
1.2574089e-11
5.5819114e-10
-9.7026254e-12
1.0615681e-11
5.1675086e-10
-7.7047076e-12
8.4640386e-12
4.6221552e-10
-5.1597443e-12
6.5052485e-12
3.929476e-10
-2.5826838e-12
4.9128271e-12
3.0700596e-10
-5.811869e-13
3.4398919e-12
2.0212307e-10
1.5071378e-12
7.5673871e-11
7.4889109e-13
1.3366951e-12
8.033493e-11
3.0844938e-12
3.092125e-12
2.1588315e-10
6.074186e-12
4.4829277e-12
3.2923744e-10
9.0559141e-12
6.0272159e-12
4.2272521e-10
1.1438485e-11
7.9360684e-12
4.9842636e-10
1.2574089e-11
1.003115e-11
5.5819114e-10
1.1940175e-11
1.1940175e-11
6.0365213e-10
9.3689959e-12
1.3371914e-11
6.3625264e-10
5.1545602e-12
1.4245685e-11
6.5721592e-10
-3.6455389e-21
1.4637004e-11
6.6745253e-10
-5.1545602e-12
1.4637004e-11
6.6745253e-10
-9.3689959e-12
1.4245685e-11
6.5721592e-10
-1.1940175e-11
1.3371914e-11
6.3625264e-10
-1.2574089e-11
1.1940175e-11
6.0365213e-10
-1.1438485e-11
1.003115e-11
5.5819114e-10
-9.0559141e-12
7.9360684e-12
4.9842636e-10
-6.074186e-12
6.0272159e-12
4.2272521e-10
-3.0844938e-12
4.4829277e-12
3.2923744e-10
-7.4889109e-13
3.092125e-12
2.1588315e-10
1.3366951e-12
8.033493e-11
8.7004868e-13
9.8909236e-13
8.3658872e-11
3.4529925e-12
2.316817e-12
2.2570628e-10
6.7499428e-12
3.4027515e-12
3.4513427e-10
1.0057256e-11
4.6336948e-12
4.4405249e-10
1.272883e-11
6.1616541e-12
5.2439006e-10
1.4036006e-11
7.8386965e-12
5.8791607e-10
1.3371914e-11
9.3689959e-12
6.3625264e-10
1.0521447e-11
1.0521447e-11
6.7089281e-10
5.799173e-12
1.1229503e-11
6.9314358e-10
-2.9448916e-21
1.1548924e-11
7.0399857e-10
-5.799173e-12
1.1548924e-11
7.0399857e-10
-1.0521447e-11
1.1229503e-11
6.9314358e-10
-1.3371914e-11
1.0521447e-11
6.7089281e-10
-1.4036006e-11
9.3689959e-12
6.3625264e-10
-1.272883e-11
7.8386965e-12
5.8791607e-10
-1.0057256e-11
6.1616541e-12
5.2439006e-10
-6.7499428e-12
4.6336948e-12
4.4405249e-10
-3.4529925e-12
3.4027515e-12
3.4513427e-10
-8.7004867e-13
2.316817e-12
2.2570628e-10
9.8909236e-13
8.3658872e-11
9.4012258e-13
5.2325566e-13
8.5796388e-11
3.6702224e-12
1.2364366e-12
2.3202573e-10
7.1510999e-12
1.8318548e-12
3.5536704e-10
1.0654553e-11
2.5155402e-12
4.5778664e-10
1.3503568e-11
3.3666061e-12
5.4110982e-10
1.4920941e-11
4.300977e-12
6.0704795e-10
1.4245685e-11
5.1545602e-12
6.5721592e-10
1.1229503e-11
5.799173e-12
6.9314358e-10
6.1969327e-12
6.1969327e-12
7.1619964e-10
-2.1093176e-21
6.3771963e-12
7.2743867e-10
-6.1969327e-12
6.3771963e-12
7.2743867e-10
-1.1229503e-11
6.1969327e-12
7.1619964e-10
-1.4245685e-11
5.799173e-12
6.9314358e-10
-1.4920941e-11
5.1545602e-12
6.5721592e-10
-1.3503568e-11
4.300977e-12
6.0704795e-10
-1.0654553e-11
3.3666061e-12
5.4110982e-10
-7.1510999e-12
2.5155402e-12
4.5778664e-10
-3.6702224e-12
1.8318548e-12
3.5536704e-10
-9.4012258e-13
1.2364366e-12
2.3202573e-10
5.2325566e-13
8.5796388e-11
9.6972159e-13
-1.4929016e-21
8.6842128e-11
3.7637536e-12
-4.2054245e-21
2.3511769e-10
7.3250314e-12
-5.391398e-21
3.6037418e-10
1.0914998e-11
-5.0672011e-21
4.6450656e-10
1.3844098e-11
-4.1146674e-21
5.4928745e-10
1.5313644e-11
-3.2633513e-21
6.1639882e-10
1.4637004e-11
-2.5087695e-21
6.6745253e-10
1.1548924e-11
-1.64277e-21
7.0399857e-10
6.3771963e-12
-5.5689677e-22
7.2743867e-10
-1.1668047e-21
5.9457472e-22
7.3885987e-10
-6.3771963e-12
1.6165227e-21
7.3885987e-10
-1.1548924e-11
2.424638e-21
7.2743867e-10
-1.4637004e-11
2.655925e-21
7.0399857e-10
-1.5313644e-11
2.4646439e-21
6.6745253e-10
-1.3844098e-11
2.0605488e-21
6.1639882e-10
-1.0914998e-11
1.9664116e-21
5.4928745e-10
-7.3250314e-12
2.0431481e-21
4.6450656e-10
-3.7637536e-12
1.9733312e-21
3.6037418e-10
-9.6972159e-13
1.3086174e-21
2.3511769e-10
7.9159505e-23
8.6842128e-11
9.6972159e-13
-5.2325566e-13
8.6842128e-11
3.7637536e-12
-1.2364366e-12
2.3511769e-10
7.3250314e-12
-1.8318548e-12
3.6037418e-10
1.0914998e-11
-2.5155402e-12
4.6450656e-10
1.3844098e-11
-3.3666061e-12
5.4928745e-10
1.5313644e-11
-4.300977e-12
6.1639882e-10
1.4637004e-11
-5.1545602e-12
6.6745253e-10
1.1548924e-11
-5.799173e-12
7.0399857e-10
6.3771963e-12
-6.1969327e-12
7.2743867e-10
-9.3222096e-23
-6.3771963e-12
7.3885987e-10
-6.3771963e-12
-6.3771963e-12
7.3885987e-10
-1.1548924e-11
-6.1969327e-12
7.2743867e-10
-1.4637004e-11
-5.799173e-12
7.0399857e-10
-1.5313644e-11
-5.1545602e-12
6.6745253e-10
-1.3844098e-11
-4.300977e-12
6.1639882e-10
-1.0914998e-11
-3.3666061e-12
5.4928745e-10
-7.3250314e-12
-2.5155402e-12
4.6450656e-10
-3.7637536e-12
-1.8318548e-12
3.6037418e-10
-9.6972159e-13
-1.2364366e-12
2.3511769e-10
-5.2325566e-13
8.6842128e-11
9.4012258e-13
-9.8909236e-13
8.5796388e-11
3.6702224e-12
-2.316817e-12
2.3202573e-10
7.1510999e-12
-3.4027515e-12
3.5536704e-10
1.0654553e-11
-4.6336948e-12
4.5778664e-10
1.3503568e-11
-6.1616541e-12
5.4110982e-10
1.4920941e-11
-7.8386965e-12
6.0704795e-10
1.4245685e-11
-9.3689959e-12
6.5721592e-10
1.1229503e-11
-1.0521447e-11
6.9314358e-10
6.1969327e-12
-1.1229503e-11
7.1619964e-10
7.9682218e-22
-1.1548924e-11
7.2743867e-10
-6.1969327e-12
-1.1548924e-11
7.2743867e-10
-1.1229503e-11
-1.1229503e-11
7.1619964e-10
-1.4245685e-11
-1.0521447e-11
6.9314358e-10
-1.4920941e-11
-9.3689959e-12
6.5721592e-10
-1.3503568e-11
-7.8386965e-12
6.0704795e-10
-1.0654553e-11
-6.1616541e-12
5.4110982e-10
-7.1510999e-12
-4.6336948e-12
4.5778664e-10
-3.6702224e-12
-3.4027515e-12
3.5536704e-10
-9.4012259e-13
-2.316817e-12
2.3202573e-10
-9.8909237e-13
8.5796388e-11
8.7004867e-13
-1.3366951e-12
8.3658872e-11
3.4529925e-12
-3.092125e-12
2.2570628e-10
6.7499428e-12
-4.4829277e-12
3.4513427e-10
1.0057256e-11
-6.0272159e-12
4.4405249e-10
1.272883e-11
-7.9360684e-12
5.2439006e-10
1.4036006e-11
-1.003115e-11
5.8791607e-10
1.3371914e-11
-1.1940175e-11
6.3625264e-10
1.0521447e-11
-1.3371914e-11
6.7089281e-10
5.799173e-12
-1.4245685e-11
6.9314358e-10
1.2479407e-21
-1.4637004e-11
7.0399857e-10
-5.799173e-12
-1.4637004e-11
7.0399857e-10
-1.0521447e-11
-1.4245685e-11
6.9314358e-10
-1.3371914e-11
-1.3371914e-11
6.7089281e-10
-1.4036006e-11
-1.1940175e-11
6.3625264e-10
-1.272883e-11
-1.003115e-11
5.8791607e-10
-1.0057256e-11
-7.9360684e-12
5.2439006e-10
-6.7499428e-12
-6.0272159e-12
4.4405249e-10
-3.4529925e-12
-4.4829277e-12
3.4513427e-10
-8.7004868e-13
-3.092125e-12
2.2570628e-10
-1.3366951e-12
8.3658872e-11
7.4889109e-13
-1.5071378e-12
8.033493e-11
3.0844938e-12
-3.4398919e-12
2.1588315e-10
6.074186e-12
-4.9128271e-12
3.2923744e-10
9.0559141e-12
-6.5052485e-12
4.2272521e-10
1.1438485e-11
-8.4640386e-12
4.9842636e-10
1.2574089e-11
-1.0615681e-11
5.5819114e-10
1.1940175e-11
-1.2574089e-11
6.0365213e-10
9.3689959e-12
-1.4036006e-11
6.3625264e-10
5.1545602e-12
-1.4920941e-11
6.5721592e-10
1.2610127e-21
-1.5313644e-11
6.6745253e-10
-5.1545602e-12
-1.5313644e-11
6.6745253e-10
-9.3689959e-12
-1.4920941e-11
6.5721592e-10
-1.1940175e-11
-1.4036006e-11
6.3625264e-10
-1.2574089e-11
-1.2574089e-11
6.0365213e-10
-1.1438485e-11
-1.0615681e-11
5.5819114e-10
-9.0559141e-12
-8.4640386e-12
4.9842636e-10
-6.074186e-12
-6.5052485e-12
4.2272521e-10
-3.0844938e-12
-4.9128271e-12
3.2923744e-10
-7.4889109e-13
-3.4398919e-12
2.1588315e-10
-1.5071378e-12
8.033493e-11
5.811869e-13
-1.4599059e-12
7.5673871e-11
2.5826838e-12
-3.2975052e-12
2.0212307e-10
5.1597443e-12
-4.6455123e-12
3.0700596e-10
7.7047076e-12
-6.0615147e-12
3.929476e-10
9.7026254e-12
-7.7949966e-12
4.6221552e-10
1.0615681e-11
-9.7026254e-12
5.1675086e-10
1.003115e-11
-1.1438485e-11
5.5819114e-10
7.8386965e-12
-1.272883e-11
5.8791607e-10
4.300977e-12
-1.3503568e-11
6.0704795e-10
1.0483098e-21
-1.3844098e-11
6.1639882e-10
-4.300977e-12
-1.3844098e-11
6.1639882e-10
-7.8386965e-12
-1.3503568e-11
6.0704795e-10
-1.003115e-11
-1.272883e-11
5.8791607e-10
-1.0615681e-11
-1.1438485e-11
5.5819114e-10
-9.7026254e-12
-9.7026254e-12
5.1675086e-10
-7.7047076e-12
-7.7949966e-12
4.6221552e-10
-5.1597444e-12
-6.0615147e-12
3.929476e-10
-2.5826838e-12
-4.6455123e-12
3.0700596e-10
-5.811869e-13
-3.2975053e-12
2.0212307e-10
-1.4599059e-12
7.5673871e-11
3.9272365e-13
-1.1932755e-12
6.9451036e-11
2.0268776e-12
-2.6930382e-12
1.8379443e-10
4.1536196e-12
-3.7685803e-12
2.7749593e-10
6.2201399e-12
-4.8734139e-12
3.535635e-10
7.7949966e-12
-6.2201399e-12
4.1446604e-10
8.4640386e-12
-7.7047076e-12
4.6221552e-10
7.9360684e-12
-9.0559141e-12
4.9842636e-10
6.1616541e-12
-1.0057256e-11
5.2439006e-10
3.3666061e-12
-1.0654553e-11
5.4110982e-10
8.7248517e-22
-1.0914998e-11
5.4928745e-10
-3.3666061e-12
-1.0914998e-11
5.4928745e-10
-6.1616541e-12
-1.0654553e-11
5.4110982e-10
-7.9360684e-12
-1.0057256e-11
5.2439006e-10
-8.4640386e-12
-9.0559141e-12
4.9842636e-10
-7.7949966e-12
-7.7047076e-12
4.6221552e-10
-6.2201399e-12
-6.2201399e-12
4.1446604e-10
-4.1536196e-12
-4.8734139e-12
3.535635e-10
-2.0268776e-12
-3.7685803e-12
2.7749593e-10
-3.9272366e-13
-2.6930382e-12
1.8379443e-10
-1.1932755e-12
6.9451036e-11
2.184698e-13
-7.5702699e-13
6.1326926e-11
1.5181133e-12
-1.7548608e-12
1.5997821e-10
3.2395418e-12
-2.4868793e-12
2.3939794e-10
4.8734139e-12
-3.2395418e-12
3.0304962e-10
6.0615147e-12
-4.1536196e-12
3.535635e-10
6.5052485e-12
-5.1597443e-12
3.929476e-10
6.0272159e-12
-6.074186e-12
4.2272521e-10
4.6336948e-12
-6.7499428e-12
4.4405249e-10
2.5155402e-12
-7.1510999e-12
4.5778664e-10
8.9759432e-22
-7.3250314e-12
4.6450656e-10
-2.5155402e-12
-7.3250314e-12
4.6450656e-10
-4.6336948e-12
-7.1510999e-12
4.5778664e-10
-6.0272159e-12
-6.7499428e-12
4.4405249e-10
-6.5052485e-12
-6.074186e-12
4.2272521e-10
-6.0615147e-12
-5.1597444e-12
3.929476e-10
-4.8734139e-12
-4.1536196e-12
3.535635e-10
-3.2395418e-12
-3.2395418e-12
3.0304962e-10
-1.5181133e-12
-2.4868793e-12
2.3939794e-10
-2.184698e-13
-1.7548609e-12
1.5997821e-10
-7.5702699e-13
6.1326926e-11
7.7242008e-14
-2.5868873e-13
5.0749908e-11
1.0993234e-12
-7.1436505e-13
1.2928745e-10
2.4868793e-12
-1.0993234e-12
1.908719e-10
3.7685803e-12
-1.5181133e-12
2.3939794e-10
4.6455123e-12
-2.0268776e-12
2.7749593e-10
4.9128271e-12
-2.5826838e-12
3.0700596e-10
4.4829277e-12
-3.0844938e-12
3.2923744e-10
3.4027515e-12
-3.4529925e-12
3.4513427e-10
1.8318548e-12
-3.6702224e-12
3.5536704e-10
9.1855629e-22
-3.7637536e-12
3.6037418e-10
-1.8318548e-12
-3.7637536e-12
3.6037418e-10
-3.4027515e-12
-3.6702224e-12
3.5536704e-10
-4.4829277e-12
-3.4529925e-12
3.4513427e-10
-4.9128271e-12
-3.0844938e-12
3.2923744e-10
-4.6455123e-12
-2.5826838e-12
3.0700596e-10
-3.7685803e-12
-2.0268776e-12
2.7749593e-10
-2.4868793e-12
-1.5181133e-12
2.3939794e-10
-1.0993234e-12
-1.0993234e-12
1.908719e-10
-7.7242008e-14
-7.1436505e-13
1.2928745e-10
-2.5868874e-13
5.0749908e-11
-2.8093668e-14
8.5790894e-14
3.6691101e-11
7.1436505e-13
2.8093669e-14
8.9500241e-11
1.7548609e-12
-7.7242007e-14
1.2928745e-10
2.6930382e-12
-2.184698e-13
1.5997821e-10
3.2975052e-12
-3.9272365e-13
1.8379443e-10
3.4398919e-12
-5.811869e-13
2.0212307e-10
3.092125e-12
-7.4889109e-13
2.1588315e-10
2.316817e-12
-8.7004867e-13
2.2570628e-10
1.2364366e-12
-9.4012258e-13
2.3202573e-10
5.2215393e-22
-9.6972159e-13
2.3511769e-10
-1.2364366e-12
-9.6972159e-13
2.3511769e-10
-2.316817e-12
-9.4012258e-13
2.3202573e-10
-3.092125e-12
-8.7004868e-13
2.2570628e-10
-3.4398919e-12
-7.4889109e-13
2.1588315e-10
-3.2975053e-12
-5.811869e-13
2.0212307e-10
-2.6930382e-12
-3.9272366e-13
1.8379443e-10
-1.7548609e-12
-2.184698e-13
1.5997821e-10
-7.1436505e-13
-7.7242008e-14
1.2928745e-10
2.8093667e-14
2.8093667e-14
8.9500241e-11
8.5790892e-14
3.6691101e-11
-8.5790893e-14
1.6714818e-11
2.5868873e-13
3.6691101e-11
7.5702699e-13
5.0749908e-11
1.1932755e-12
6.1326926e-11
1.4599059e-12
6.9451036e-11
1.5071378e-12
7.5673871e-11
1.3366951e-12
8.033493e-11
9.8909236e-13
8.3658872e-11
5.2325566e-13
8.5796388e-11
-1.8611492e-22
8.6842128e-11
-5.2325566e-13
8.6842128e-11
-9.8909237e-13
8.5796388e-11
-1.3366951e-12
8.3658872e-11
-1.5071378e-12
8.033493e-11
-1.4599059e-12
7.5673871e-11
-1.1932755e-12
6.9451036e-11
-7.5702699e-13
6.1326926e-11
-2.5868874e-13
5.0749908e-11
8.5790892e-14
3.6691101e-11
1.6714818e-11
1.7291604e-13
1.7291604e-13
1.6368986e-11
2.5809362e-13
3.0402467e-13
3.6301899e-11
3.1121177e-13
3.6088731e-13
5.0335903e-11
3.6796941e-13
3.9446501e-13
6.0875703e-11
4.1734953e-13
4.2704675e-13
6.8974609e-11
4.3486417e-13
4.6703154e-13
7.5189325e-11
4.0047271e-13
5.1295634e-13
7.9856365e-11
3.0819415e-13
5.5702772e-13
8.3194123e-11
1.676202e-13
5.9082325e-13
8.5346139e-11
-5.697295e-22
6.0884803e-13
8.6400901e-11
-1.6762021e-13
6.0884803e-13
8.6400901e-11
-3.0819415e-13
5.9082325e-13
8.5346139e-11
-4.0047271e-13
5.5702772e-13
8.3194123e-11
-4.3486417e-13
5.1295634e-13
7.9856365e-11
-4.1734954e-13
4.6703154e-13
7.5189325e-11
-3.6796942e-13
4.2704675e-13
6.8974609e-11
-3.1121179e-13
3.9446502e-13
6.0875703e-11
-2.5809363e-13
3.6088733e-13
5.0335903e-11
-1.7291604e-13
3.0402468e-13
3.6301899e-11
1.7291604e-13
1.6368986e-11
3.0402467e-13
2.5809362e-13
3.6301899e-11
5.5602329e-13
5.5602329e-13
8.8996244e-11
7.8506544e-13
7.4919796e-13
1.286701e-10
1.0152961e-12
9.0048998e-13
1.5924195e-10
1.1994786e-12
1.0508981e-12
1.829864e-10
1.2705165e-12
1.2209695e-12
2.0129809e-10
1.1779969e-12
1.4039035e-12
2.1508472e-10
9.0959793e-13
1.573741e-12
2.2495796e-10
4.9562072e-13
1.7023366e-12
2.3132819e-10
-2.0119937e-21
1.7707359e-12
2.3445143e-10
-4.9562072e-13
1.7707359e-12
2.3445143e-10
-9.0959793e-13
1.7023366e-12
2.3132819e-10
-1.1779969e-12
1.573741e-12
2.2495796e-10
-1.2705165e-12
1.4039035e-12
2.1508472e-10
-1.1994786e-12
1.2209695e-12
2.0129809e-10
-1.0152961e-12
1.0508981e-12
1.829864e-10
-7.8506546e-13
9.0048999e-13
1.5924195e-10
-5.5602331e-13
7.4919798e-13
1.286701e-10
-3.0402468e-13
5.5602331e-13
8.8996244e-11
2.5809363e-13
3.6301899e-11
3.6088731e-13
3.1121177e-13
5.0335903e-11
7.4919797e-13
7.8506544e-13
1.286701e-10
1.1612434e-12
1.1612434e-12
1.9004781e-10
1.5795516e-12
1.4861413e-12
2.3839398e-10
1.9116523e-12
1.8136228e-12
2.764011e-10
2.0491056e-12
2.1756796e-12
3.059138e-10
1.9127276e-12
2.5565621e-12
3.2822116e-10
1.4832468e-12
2.9053256e-12
3.4423217e-10
8.1024654e-13
3.1675005e-12
3.5457488e-10
-2.6874155e-21
3.3065158e-12
3.5964865e-10
-8.1024655e-13
3.3065158e-12
3.5964865e-10
-1.4832468e-12
3.1675005e-12
3.5457488e-10
-1.9127276e-12
2.9053256e-12
3.4423217e-10
-2.0491056e-12
2.5565621e-12
3.2822116e-10
-1.9116523e-12
2.1756796e-12
3.059138e-10
-1.5795516e-12
1.8136228e-12
2.764011e-10
-1.1612434e-12
1.4861413e-12
2.3839398e-10
-7.4919798e-13
1.1612434e-12
1.9004781e-10
-3.6088733e-13
7.8506546e-13
1.286701e-10
3.1121179e-13
5.0335903e-11
3.9446501e-13
3.6796941e-13
6.0875703e-11
9.0048998e-13
1.0152961e-12
1.5924195e-10
1.4861413e-12
1.5795516e-12
2.3839398e-10
2.0889528e-12
2.0889528e-12
3.0184399e-10
2.5717117e-12
2.608135e-12
3.5228623e-10
2.7851686e-12
3.1784135e-12
3.9173141e-10
2.6187366e-12
3.7724628e-12
4.2167574e-10
2.041466e-12
4.3120244e-12
4.4322306e-10
1.1188839e-12
4.7153234e-12
4.571614e-10
-1.4017409e-21
4.9284471e-12
4.6400351e-10
-1.1188839e-12
4.9284471e-12
4.6400351e-10
-2.041466e-12
4.7153234e-12
4.571614e-10
-2.6187366e-12
4.3120244e-12
4.4322306e-10
-2.7851686e-12
3.7724628e-12
4.2167574e-10
-2.5717117e-12
3.1784135e-12
3.9173141e-10
-2.0889528e-12
2.608135e-12
3.5228623e-10
-1.4861413e-12
2.0889528e-12
3.0184399e-10
-9.0048999e-13
1.5795516e-12
2.3839398e-10
-3.9446502e-13
1.0152961e-12
1.5924195e-10
3.6796943e-13
6.0875703e-11
4.2704675e-13
4.1734953e-13
6.8974609e-11
1.0508981e-12
1.1994786e-12
1.829864e-10
1.8136228e-12
1.9116523e-12
2.764011e-10
2.608135e-12
2.5717117e-12
3.5228623e-10
3.252295e-12
3.252295e-12
4.1317772e-10
3.553523e-12
3.999471e-12
4.6109324e-10
3.3644738e-12
4.7735316e-12
4.9761434e-10
2.6368654e-12
5.4723663e-12
5.2395733e-10
1.4501814e-12
5.9921002e-12
5.4101973e-10
1.780577e-21
6.2658409e-12
5.4940023e-10
-1.4501814e-12
6.2658409e-12
5.4940023e-10
-2.6368654e-12
5.9921002e-12
5.4101973e-10
-3.3644738e-12
5.4723664e-12
5.2395733e-10
-3.553523e-12
4.7735317e-12
4.9761434e-10
-3.252295e-12
3.999471e-12
4.6109324e-10
-2.608135e-12
3.252295e-12
4.1317772e-10
-1.8136228e-12
2.5717117e-12
3.5228623e-10
-1.0508981e-12
1.9116524e-12
2.764011e-10
-4.2704675e-13
1.1994786e-12
1.829864e-10
4.1734954e-13
6.8974609e-11
4.6703154e-13
4.3486417e-13
7.5189325e-11
1.2209695e-12
1.2705165e-12
2.0129809e-10
2.1756796e-12
2.0491056e-12
3.059138e-10
3.1784135e-12
2.7851686e-12
3.9173141e-10
3.999471e-12
3.553523e-12
4.6109324e-10
4.3987829e-12
4.3987829e-12
5.1595224e-10
4.1873218e-12
5.2714234e-12
5.5790471e-10
3.2957471e-12
6.0555374e-12
5.8822448e-10
1.8175593e-12
6.6362501e-12
6.0788199e-10
4.8855422e-21
6.9412326e-12
6.1754098e-10
-1.8175593e-12
6.9412326e-12
6.1754098e-10
-3.2957471e-12
6.6362501e-12
6.0788199e-10
-4.1873218e-12
6.0555374e-12
5.8822448e-10
-4.3987829e-12
5.2714234e-12
5.5790471e-10
-3.999471e-12
4.3987829e-12
5.1595224e-10
-3.1784135e-12
3.553523e-12
4.6109324e-10
-2.1756796e-12
2.7851686e-12
3.9173141e-10
-1.2209695e-12
2.0491056e-12
3.059138e-10
-4.6703154e-13
1.2705165e-12
2.0129809e-10
4.3486417e-13
7.5189325e-11
5.1295634e-13
4.0047271e-13
7.9856365e-11
1.4039035e-12
1.1779969e-12
2.1508472e-10
2.5565621e-12
1.9127276e-12
3.2822116e-10
3.7724628e-12
2.6187366e-12
4.2167574e-10
4.7735316e-12
3.3644738e-12
4.9761434e-10
5.2714234e-12
4.1873218e-12
5.5790471e-10
5.0350098e-12
5.0350098e-12
6.0412496e-10
3.9737261e-12
5.7940639e-12
6.375754e-10
2.1953859e-12
6.3544519e-12
6.5927605e-10
5.9895735e-21
6.6481304e-12
6.6994102e-10
-2.1953859e-12
6.6481304e-12
6.6994102e-10
-3.9737261e-12
6.3544519e-12
6.5927605e-10
-5.0350099e-12
5.7940639e-12
6.375754e-10
-5.2714234e-12
5.0350099e-12
6.0412496e-10
-4.7735317e-12
4.1873218e-12
5.5790471e-10
-3.7724628e-12
3.3644738e-12
4.9761434e-10
-2.5565621e-12
2.6187366e-12
4.2167574e-10
-1.4039035e-12
1.9127276e-12
3.2822116e-10
-5.1295634e-13
1.1779969e-12
2.1508472e-10
4.0047271e-13
7.9856365e-11
5.5702772e-13
3.0819415e-13
8.3194123e-11
1.573741e-12
9.0959793e-13
2.2495796e-10
2.9053256e-12
1.4832468e-12
3.4423217e-10
4.3120244e-12
2.041466e-12
4.4322306e-10
5.4723663e-12
2.6368654e-12
5.2395733e-10
6.0555374e-12
3.2957471e-12
5.8822448e-10
5.7940639e-12
3.9737261e-12
6.375754e-10
4.5794431e-12
4.5794431e-12
6.7332206e-10
2.5325259e-12
5.0257033e-12
6.9651925e-10
4.6534816e-21
5.2592465e-12
7.0791998e-10
-2.5325259e-12
5.2592465e-12
7.0791998e-10
-4.5794431e-12
5.0257033e-12
6.9651925e-10
-5.7940639e-12
4.5794431e-12
6.7332206e-10
-6.0555374e-12
3.9737261e-12
6.375754e-10
-5.4723664e-12
3.2957471e-12
5.8822448e-10
-4.3120244e-12
2.6368654e-12
5.2395733e-10
-2.9053256e-12
2.041466e-12
4.4322306e-10
-1.573741e-12
1.4832468e-12
3.4423217e-10
-5.5702771e-13
9.0959793e-13
2.2495796e-10
3.0819415e-13
8.3194123e-11
5.9082325e-13
1.676202e-13
8.5346139e-11
1.7023366e-12
4.9562072e-13
2.3132819e-10
3.1675005e-12
8.1024654e-13
3.5457488e-10
4.7153234e-12
1.1188839e-12
4.571614e-10
5.9921002e-12
1.4501814e-12
5.4101973e-10
6.6362501e-12
1.8175593e-12
6.0788199e-10
6.3544519e-12
2.1953859e-12
6.5927605e-10
5.0257033e-12
2.5325259e-12
6.9651925e-10
2.7806322e-12
2.7806322e-12
7.2068978e-10
2.1573181e-21
2.9103772e-12
7.3256817e-10
-2.7806322e-12
2.9103772e-12
7.3256817e-10
-5.0257033e-12
2.7806322e-12
7.2068978e-10
-6.3544519e-12
2.5325259e-12
6.9651925e-10
-6.6362501e-12
2.1953858e-12
6.5927605e-10
-5.9921002e-12
1.8175593e-12
6.0788199e-10
-4.7153234e-12
1.4501814e-12
5.4101973e-10
-3.1675005e-12
1.1188839e-12
4.571614e-10
-1.7023366e-12
8.1024654e-13
3.5457488e-10
-5.9082324e-13
4.9562072e-13
2.3132819e-10
1.676202e-13
8.5346139e-11
6.0884803e-13
-1.0652024e-21
8.6400901e-11
1.7707359e-12
-3.038566e-21
2.3445143e-10
3.3065158e-12
-3.5397132e-21
3.5964865e-10
4.9284471e-12
-1.8027594e-21
4.6400351e-10
6.2658409e-12
1.6130541e-21
5.4940023e-10
6.9412326e-12
4.7493846e-21
6.1754098e-10
6.6481304e-12
5.7438414e-21
6.6994102e-10
5.2592465e-12
4.4723837e-21
7.0791998e-10
2.9103772e-12
2.0594853e-21
7.3256817e-10
-2.0591136e-22
-1.6983836e-22
7.4468063e-10
-2.9103772e-12
-2.3076692e-21
7.4468063e-10
-5.2592465e-12
-4.7161497e-21
7.3256817e-10
-6.6481304e-12
-7.4194819e-21
7.0791998e-10
-6.9412326e-12
-9.0990332e-21
6.6994102e-10
-6.2658409e-12
-8.4602451e-21
6.1754098e-10
-4.9284471e-12
-5.930672e-21
5.4940023e-10
-3.3065158e-12
-3.1059016e-21
4.6400351e-10
-1.7707359e-12
-1.6610811e-21
3.5964865e-10
-6.0884803e-13
-1.5434784e-21
2.3445143e-10
-1.2532037e-21
8.6400901e-11
6.0884803e-13
-1.6762021e-13
8.6400901e-11
1.7707359e-12
-4.9562072e-13
2.3445143e-10
3.3065158e-12
-8.1024655e-13
3.5964865e-10
4.9284471e-12
-1.1188839e-12
4.6400351e-10
6.2658409e-12
-1.4501814e-12
5.4940023e-10
6.9412326e-12
-1.8175593e-12
6.1754098e-10
6.6481304e-12
-2.1953859e-12
6.6994102e-10
5.2592465e-12
-2.5325259e-12
7.0791998e-10
2.9103772e-12
-2.7806322e-12
7.3256817e-10
-2.3367973e-21
-2.9103772e-12
7.4468063e-10
-2.9103772e-12
-2.9103772e-12
7.4468063e-10
-5.2592465e-12
-2.7806322e-12
7.3256817e-10
-6.6481304e-12
-2.5325259e-12
7.0791998e-10
-6.9412326e-12
-2.1953859e-12
6.6994102e-10
-6.2658409e-12
-1.8175593e-12
6.1754098e-10
-4.9284471e-12
-1.4501814e-12
5.4940023e-10
-3.3065158e-12
-1.1188839e-12
4.6400351e-10
-1.7707359e-12
-8.1024655e-13
3.5964865e-10
-6.0884803e-13
-4.9562072e-13
2.3445143e-10
-1.6762021e-13
8.6400901e-11
5.9082325e-13
-3.0819415e-13
8.5346139e-11
1.7023366e-12
-9.0959793e-13
2.3132819e-10
3.1675005e-12
-1.4832468e-12
3.5457488e-10
4.7153234e-12
-2.041466e-12
4.571614e-10
5.9921002e-12
-2.6368654e-12
5.4101973e-10
6.6362501e-12
-3.2957471e-12
6.0788199e-10
6.3544519e-12
-3.9737261e-12
6.5927605e-10
5.0257033e-12
-4.5794431e-12
6.9651925e-10
2.7806322e-12
-5.0257033e-12
7.2068978e-10
-4.7346997e-21
-5.2592465e-12
7.3256817e-10
-2.7806322e-12
-5.2592465e-12
7.3256817e-10
-5.0257033e-12
-5.0257033e-12
7.2068978e-10
-6.3544519e-12
-4.5794431e-12
6.9651925e-10
-6.6362501e-12
-3.9737261e-12
6.5927605e-10
-5.9921002e-12
-3.2957471e-12
6.0788199e-10
-4.7153234e-12
-2.6368654e-12
5.4101973e-10
-3.1675005e-12
-2.041466e-12
4.571614e-10
-1.7023366e-12
-1.4832468e-12
3.5457488e-10
-5.9082325e-13
-9.0959793e-13
2.3132819e-10
-3.0819415e-13
8.5346139e-11
5.5702772e-13
-4.0047271e-13
8.3194123e-11
1.573741e-12
-1.1779969e-12
2.2495796e-10
2.9053256e-12
-1.9127276e-12
3.4423217e-10
4.3120244e-12
-2.6187366e-12
4.4322306e-10
5.4723664e-12
-3.3644738e-12
5.2395733e-10
6.0555374e-12
-4.1873218e-12
5.8822448e-10
5.7940639e-12
-5.0350099e-12
6.375754e-10
4.5794431e-12
-5.7940639e-12
6.7332206e-10
2.5325259e-12
-6.3544519e-12
6.9651925e-10
-7.2895793e-21
-6.6481304e-12
7.0791998e-10
-2.5325259e-12
-6.6481304e-12
7.0791998e-10
-4.5794431e-12
-6.3544519e-12
6.9651925e-10
-5.7940639e-12
-5.7940639e-12
6.7332206e-10
-6.0555374e-12
-5.0350098e-12
6.375754e-10
-5.4723663e-12
-4.1873218e-12
5.8822448e-10
-4.3120244e-12
-3.3644738e-12
5.2395733e-10
-2.9053256e-12
-2.6187366e-12
4.4322306e-10
-1.573741e-12
-1.9127276e-12
3.4423217e-10
-5.5702772e-13
-1.1779969e-12
2.2495796e-10
-4.0047271e-13
8.3194123e-11
5.1295634e-13
-4.3486417e-13
7.9856365e-11
1.4039035e-12
-1.2705165e-12
2.1508472e-10
2.5565621e-12
-2.0491056e-12
3.2822116e-10
3.7724628e-12
-2.7851686e-12
4.2167574e-10
4.7735317e-12
-3.553523e-12
4.9761434e-10
5.2714234e-12
-4.3987829e-12
5.5790471e-10
5.0350098e-12
-5.2714234e-12
6.0412496e-10
3.9737261e-12
-6.0555374e-12
6.375754e-10
2.1953858e-12
-6.6362501e-12
6.5927605e-10
-8.932309e-21
-6.9412326e-12
6.6994102e-10
-2.1953859e-12
-6.9412326e-12
6.6994102e-10
-3.9737261e-12
-6.6362501e-12
6.5927605e-10
-5.0350098e-12
-6.0555374e-12
6.375754e-10
-5.2714234e-12
-5.2714234e-12
6.0412496e-10
-4.7735316e-12
-4.3987829e-12
5.5790471e-10
-3.7724628e-12
-3.553523e-12
4.9761434e-10
-2.5565621e-12
-2.7851686e-12
4.2167574e-10
-1.4039035e-12
-2.0491056e-12
3.2822116e-10
-5.1295635e-13
-1.2705165e-12
2.1508472e-10
-4.3486417e-13
7.9856365e-11
4.6703154e-13
-4.1734954e-13
7.5189325e-11
1.2209695e-12
-1.1994786e-12
2.0129809e-10
2.1756796e-12
-1.9116524e-12
3.059138e-10
3.1784135e-12
-2.5717117e-12
3.9173141e-10
3.999471e-12
-3.252295e-12
4.6109324e-10
4.3987829e-12
-3.999471e-12
5.1595224e-10
4.1873218e-12
-4.7735317e-12
5.5790471e-10
3.2957471e-12
-5.4723664e-12
5.8822448e-10
1.8175593e-12
-5.9921002e-12
6.0788199e-10
-8.3923861e-21
-6.2658409e-12
6.1754098e-10
-1.8175593e-12
-6.2658409e-12
6.1754098e-10
-3.2957471e-12
-5.9921002e-12
6.0788199e-10
-4.1873218e-12
-5.4723663e-12
5.8822448e-10
-4.3987829e-12
-4.7735316e-12
5.5790471e-10
-3.999471e-12
-3.999471e-12
5.1595224e-10
-3.1784135e-12
-3.252295e-12
4.6109324e-10
-2.1756796e-12
-2.5717117e-12
3.9173141e-10
-1.2209695e-12
-1.9116524e-12
3.059138e-10
-4.6703154e-13
-1.1994786e-12
2.0129809e-10
-4.1734954e-13
7.5189325e-11
4.2704675e-13
-3.6796942e-13
6.8974609e-11
1.0508981e-12
-1.0152961e-12
1.829864e-10
1.8136228e-12
-1.5795516e-12
2.764011e-10
2.608135e-12
-2.0889528e-12
3.5228623e-10
3.252295e-12
-2.608135e-12
4.1317772e-10
3.553523e-12
-3.1784135e-12
4.6109324e-10
3.3644738e-12
-3.7724628e-12
4.9761434e-10
2.6368654e-12
-4.3120244e-12
5.2395733e-10
1.4501814e-12
-4.7153234e-12
5.4101973e-10
-5.8140926e-21
-4.9284471e-12
5.4940023e-10
-1.4501814e-12
-4.9284471e-12
5.4940023e-10
-2.6368654e-12
-4.7153234e-12
5.4101973e-10
-3.3644738e-12
-4.3120244e-12
5.2395733e-10
-3.553523e-12
-3.7724628e-12
4.9761434e-10
-3.252295e-12
-3.1784135e-12
4.6109324e-10
-2.608135e-12
-2.608135e-12
4.1317772e-10
-1.8136228e-12
-2.0889528e-12
3.5228623e-10
-1.0508982e-12
-1.5795516e-12
2.764011e-10
-4.2704675e-13
-1.0152961e-12
1.829864e-10
-3.6796942e-13
6.8974609e-11
3.9446502e-13
-3.1121179e-13
6.0875703e-11
9.0048999e-13
-7.8506546e-13
1.5924195e-10
1.4861413e-12
-1.1612434e-12
2.3839398e-10
2.0889528e-12
-1.4861413e-12
3.0184399e-10
2.5717117e-12
-1.8136228e-12
3.5228623e-10
2.7851686e-12
-2.1756796e-12
3.9173141e-10
2.6187366e-12
-2.5565621e-12
4.2167574e-10
2.041466e-12
-2.9053256e-12
4.4322306e-10
1.1188839e-12
-3.1675005e-12
4.571614e-10
-2.7994571e-21
-3.3065158e-12
4.6400351e-10
-1.1188839e-12
-3.3065158e-12
4.6400351e-10
-2.041466e-12
-3.1675005e-12
4.571614e-10
-2.6187366e-12
-2.9053256e-12
4.4322306e-10
-2.7851686e-12
-2.5565621e-12
4.2167574e-10
-2.5717117e-12
-2.1756796e-12
3.9173141e-10
-2.0889528e-12
-1.8136228e-12
3.5228623e-10
-1.4861413e-12
-1.4861413e-12
3.0184399e-10
-9.0048999e-13
-1.1612434e-12
2.3839398e-10
-3.9446501e-13
-7.8506545e-13
1.5924195e-10
-3.1121178e-13
6.0875703e-11
3.6088733e-13
-2.5809363e-13
5.0335903e-11
7.4919798e-13
-5.5602331e-13
1.286701e-10
1.1612434e-12
-7.4919798e-13
1.9004781e-10
1.5795516e-12
-9.0048999e-13
2.3839398e-10
1.9116524e-12
-1.0508981e-12
2.764011e-10
2.0491056e-12
-1.2209695e-12
3.059138e-10
1.9127276e-12
-1.4039035e-12
3.2822116e-10
1.4832468e-12
-1.573741e-12
3.4423217e-10
8.1024654e-13
-1.7023366e-12
3.5457488e-10
-9.4509919e-22
-1.7707359e-12
3.5964865e-10
-8.1024654e-13
-1.7707359e-12
3.5964865e-10
-1.4832468e-12
-1.7023366e-12
3.5457488e-10
-1.9127276e-12
-1.573741e-12
3.4423217e-10
-2.0491056e-12
-1.4039035e-12
3.2822116e-10
-1.9116524e-12
-1.2209695e-12
3.059138e-10
-1.5795516e-12
-1.0508982e-12
2.764011e-10
-1.1612434e-12
-9.0048999e-13
2.3839398e-10
-7.4919797e-13
-7.4919797e-13
1.9004781e-10
-3.6088731e-13
-5.560233e-13
1.286701e-10
-2.5809362e-13
5.0335903e-11
3.0402468e-13
-1.7291604e-13
3.6301899e-11
5.5602331e-13
-3.0402468e-13
8.8996244e-11
7.8506546e-13
-3.6088733e-13
1.286701e-10
1.0152961e-12
-3.9446502e-13
1.5924195e-10
1.1994786e-12
-4.2704675e-13
1.829864e-10
1.2705165e-12
-4.6703154e-13
2.0129809e-10
1.1779969e-12
-5.1295634e-13
2.1508472e-10
9.0959793e-13
-5.5702771e-13
2.2495796e-10
4.9562072e-13
-5.9082324e-13
2.3132819e-10
-5.9159609e-22
-6.0884803e-13
2.3445143e-10
-4.9562072e-13
-6.0884803e-13
2.3445143e-10
-9.0959793e-13
-5.9082325e-13
2.3132819e-10
-1.1779969e-12
-5.5702772e-13
2.2495796e-10
-1.2705165e-12
-5.1295635e-13
2.1508472e-10
-1.1994786e-12
-4.6703154e-13
2.0129809e-10
-1.0152961e-12
-4.2704675e-13
1.829864e-10
-7.8506545e-13
-3.9446501e-13
1.5924195e-10
-5.560233e-13
-3.6088732e-13
1.286701e-10
-3.0402467e-13
-3.0402467e-13
8.8996244e-11
-1.7291604e-13
3.6301899e-11
1.7291604e-13
1.6368986e-11
2.5809363e-13
3.6301899e-11
3.1121179e-13
5.0335903e-11
3.6796943e-13
6.0875703e-11
4.1734954e-13
6.8974609e-11
4.3486417e-13
7.5189325e-11
4.0047271e-13
7.9856365e-11
3.0819415e-13
8.3194123e-11
1.6762021e-13
8.5346139e-11
-6.1069881e-22
8.6400901e-11
-1.6762021e-13
8.6400901e-11
-3.0819415e-13
8.5346139e-11
-4.0047271e-13
8.3194123e-11
-4.3486417e-13
7.9856365e-11
-4.1734954e-13
7.5189325e-11
-3.6796942e-13
6.8974609e-11
-3.1121178e-13
6.0875703e-11
-2.5809362e-13
5.0335903e-11
-1.7291604e-13
3.6301899e-11
1.6368986e-11
-7.7110927e-16
-7.7110867e-16
1.6370528e-11
1.002732e-13
3.5592902e-14
3.6165262e-11
2.3229791e-13
7.8314083e-14
5.0125564e-11
3.442716e-13
1.2185271e-13
6.0641877e-11
4.1373342e-13
1.6288198e-13
6.8742265e-11
4.297535e-13
2.0198212e-13
7.4971323e-11
3.8873658e-13
2.3898312e-13
7.9658399e-11
2.9445428e-13
2.7183592e-13
8.3016569e-11
1.5863551e-13
2.9694821e-13
8.5185009e-11
3.4342324e-21
3.1063936e-13
8.6248897e-11
-1.5863551e-13
3.1063936e-13
8.6248897e-11
-2.9445428e-13
2.9694822e-13
8.5185009e-11
-3.8873658e-13
2.7183593e-13
8.3016569e-11
-4.297535e-13
2.3898313e-13
7.9658399e-11
-4.1373343e-13
2.0198212e-13
7.4971323e-11
-3.4427162e-13
1.6288198e-13
6.8742265e-11
-2.3229793e-13
1.2185271e-13
6.0641877e-11
-1.0027322e-13
7.8314091e-14
5.0125564e-11
7.7109925e-16
3.5592915e-14
3.6165262e-11
-7.7110168e-16
1.6370528e-11
3.5592901e-14
1.002732e-13
3.6165262e-11
2.7199625e-13
2.7199625e-13
8.8523437e-11
5.7535517e-13
4.216152e-13
1.2802344e-10
8.3967625e-13
5.5755155e-13
1.5854193e-10
1.0081832e-12
6.8313072e-13
1.8229764e-10
1.0500652e-12
8.0256362e-13
2.0065563e-10
9.5291631e-13
9.1628771e-13
2.1450457e-10
7.237386e-13
1.0180167e-12
2.2444096e-10
3.9058167e-13
1.0962276e-12
2.3086207e-10
1.0580681e-20
1.1390128e-12
2.3401363e-10
-3.9058165e-13
1.1390128e-12
2.3401363e-10
-7.237386e-13
1.0962276e-12
2.3086207e-10
-9.5291632e-13
1.0180167e-12
2.2444096e-10
-1.0500653e-12
9.1628773e-13
2.1450457e-10
-1.0081832e-12
8.0256363e-13
2.0065563e-10
-8.3967627e-13
6.8313073e-13
1.8229764e-10
-5.7535521e-13
5.5755156e-13
1.5854193e-10
-2.7199628e-13
4.2161521e-13
1.2802344e-10
-3.5592919e-14
2.7199627e-13
8.8523437e-11
1.0027322e-13
3.6165262e-11
7.8314082e-14
2.3229791e-13
5.0125564e-11
4.216152e-13
5.7535517e-13
1.2802344e-10
8.5437996e-13
8.5437996e-13
1.8918228e-10
1.2362648e-12
1.1000407e-12
2.374696e-10
1.484981e-12
1.3259848e-12
2.7550953e-10
1.5513594e-12
1.5422343e-12
3.0510775e-10
1.4126485e-12
1.7503114e-12
3.2752585e-10
1.0759774e-12
1.9381871e-12
3.4364867e-10
5.8175398e-13
2.0835262e-12
3.540818e-10
1.3975956e-20
2.1632919e-12
3.5920612e-10
-5.8175396e-13
2.1632919e-12
3.5920612e-10
-1.0759774e-12
2.0835262e-12
3.540818e-10
-1.4126485e-12
1.9381871e-12
3.4364867e-10
-1.5513594e-12
1.7503114e-12
3.2752585e-10
-1.484981e-12
1.5422343e-12
3.0510775e-10
-1.2362648e-12
1.3259849e-12
2.7550953e-10
-8.5437999e-13
1.1000408e-12
2.374696e-10
-4.2161522e-13
8.5437998e-13
1.8918228e-10
-7.8314096e-14
5.753552e-13
1.2802344e-10
2.3229793e-13
5.0125564e-11
1.2185271e-13
3.442716e-13
6.0641877e-11
5.5755155e-13
8.3967625e-13
1.5854193e-10
1.1000407e-12
1.2362648e-12
2.374696e-10
1.5833178e-12
1.5833178e-12
3.0087744e-10
1.9036435e-12
1.9035408e-12
3.5138835e-10
1.9945278e-12
2.2128353e-12
3.9096993e-10
1.8220718e-12
2.5137404e-12
4.2108477e-10
1.3916528e-12
2.7878139e-12
4.4280385e-10
7.5380328e-13
3.0009456e-12
4.5688183e-10
1.4496628e-20
3.118207e-12
4.638024e-10
-7.5380325e-13
3.118207e-12
4.638024e-10
-1.3916528e-12
3.0009456e-12
4.5688183e-10
-1.8220718e-12
2.7878139e-12
4.4280385e-10
-1.9945278e-12
2.5137404e-12
4.2108477e-10
-1.9036435e-12
2.2128353e-12
3.9096993e-10
-1.5833179e-12
1.9035408e-12
3.5138835e-10
-1.1000408e-12
1.5833179e-12
3.0087744e-10
-5.5755157e-13
1.2362648e-12
2.374696e-10
-1.2185271e-13
8.3967627e-13
1.5854193e-10
3.4427161e-13
6.0641877e-11
1.6288198e-13
4.1373342e-13
6.8742265e-11
6.8313072e-13
1.0081832e-12
1.8229764e-10
1.3259848e-12
1.484981e-12
2.7550953e-10
1.9035408e-12
1.9036435e-12
3.5138835e-10
2.2923714e-12
2.2923714e-12
4.1240006e-10
2.4090409e-12
2.6713896e-12
4.6051801e-10
2.2078096e-12
3.0437392e-12
4.9728557e-10
1.6909037e-12
3.3852487e-12
5.238768e-10
9.1757774e-13
3.6518029e-12
5.4114219e-10
1.4139448e-20
3.7986772e-12
5.4963734e-10
-9.1757772e-13
3.7986772e-12
5.4963734e-10
-1.6909037e-12
3.6518029e-12
5.4114219e-10
-2.2078096e-12
3.3852487e-12
5.238768e-10
-2.4090409e-12
3.0437392e-12
4.9728557e-10
-2.2923714e-12
2.6713896e-12
4.6051801e-10
-1.9035408e-12
2.2923714e-12
4.1240006e-10
-1.3259849e-12
1.9036435e-12
3.5138835e-10
-6.8313074e-13
1.484981e-12
2.7550953e-10
-1.6288199e-13
1.0081832e-12
1.8229764e-10
4.1373343e-13
6.8742265e-11
2.0198212e-13
4.297535e-13
7.4971323e-11
8.0256362e-13
1.0500652e-12
2.0065563e-10
1.5422343e-12
1.5513594e-12
3.0510775e-10
2.2128353e-12
1.9945278e-12
3.9096993e-10
2.6713896e-12
2.4090409e-12
4.6051801e-10
2.8167642e-12
2.8167642e-12
5.1566149e-10
2.5901445e-12
3.2205031e-12
5.5795457e-10
1.9893118e-12
3.5926516e-12
5.8861791e-10
1.0815291e-12
3.8837693e-12
6.085578e-10
1.3422571e-20
4.0442861e-12
6.183769e-10
-1.0815291e-12
4.0442861e-12
6.183769e-10
-1.9893118e-12
3.8837693e-12
6.085578e-10
-2.5901445e-12
3.5926516e-12
5.8861791e-10
-2.8167642e-12
3.2205031e-12
5.5795457e-10
-2.6713896e-12
2.8167642e-12
5.1566149e-10
-2.2128353e-12
2.4090409e-12
4.6051801e-10
-1.5422343e-12
1.9945278e-12
3.9096993e-10
-8.0256364e-13
1.5513594e-12
3.0510775e-10
-2.0198213e-13
1.0500653e-12
2.0065563e-10
4.297535e-13
7.4971323e-11
2.3898312e-13
3.8873657e-13
7.9658399e-11
9.1628772e-13
9.5291631e-13
2.1450457e-10
1.7503114e-12
1.4126485e-12
3.2752585e-10
2.5137404e-12
1.8220718e-12
4.2108477e-10
3.0437392e-12
2.2078095e-12
4.9728557e-10
3.2205031e-12
2.5901445e-12
5.5795457e-10
2.971062e-12
2.971062e-12
6.0462384e-10
2.2879139e-12
3.3233461e-12
6.3852785e-10
1.2460208e-12
3.5992429e-12
6.6060247e-10
1.1343329e-20
3.7513863e-12
6.7147994e-10
-1.2460208e-12
3.7513863e-12
6.7147994e-10
-2.2879139e-12
3.5992429e-12
6.6060247e-10
-2.971062e-12
3.3233461e-12
6.3852785e-10
-3.2205031e-12
2.971062e-12
6.0462384e-10
-3.0437393e-12
2.5901444e-12
5.5795457e-10
-2.5137404e-12
2.2078095e-12
4.9728557e-10
-1.7503114e-12
1.8220718e-12
4.2108477e-10
-9.1628773e-13
1.4126485e-12
3.2752585e-10
-2.3898313e-13
9.5291631e-13
2.1450457e-10
3.8873658e-13
7.9658399e-11
2.7183592e-13
2.9445428e-13
8.3016569e-11
1.0180167e-12
7.237386e-13
2.2444096e-10
1.9381871e-12
1.0759774e-12
3.4364867e-10
2.7878139e-12
1.3916528e-12
4.4280385e-10
3.3852487e-12
1.6909037e-12
5.238768e-10
3.5926516e-12
1.9893118e-12
5.8861791e-10
3.3233461e-12
2.2879139e-12
6.3852785e-10
2.5646449e-12
2.5646449e-12
6.7483946e-10
1.3986374e-12
2.7814802e-12
6.9850302e-10
7.562696e-21
2.9010388e-12
7.1016896e-10
-1.3986374e-12
2.9010387e-12
7.1016896e-10
-2.5646449e-12
2.7814801e-12
6.9850302e-10
-3.3233461e-12
2.5646449e-12
6.7483946e-10
-3.5926516e-12
2.2879138e-12
6.3852785e-10
-3.3852487e-12
1.9893118e-12
5.8861791e-10
-2.7878139e-12
1.6909037e-12
5.238768e-10
-1.9381871e-12
1.3916528e-12
4.4280385e-10
-1.0180167e-12
1.0759774e-12
3.4364867e-10
-2.7183593e-13
7.2373859e-13
2.2444096e-10
2.9445428e-13
8.3016569e-11
2.9694821e-13
1.5863551e-13
8.5185009e-11
1.0962276e-12
3.9058166e-13
2.3086207e-10
2.0835262e-12
5.8175398e-13
3.540818e-10
3.0009456e-12
7.5380327e-13
4.5688183e-10
3.6518029e-12
9.1757774e-13
5.4114219e-10
3.8837693e-12
1.0815291e-12
6.085578e-10
3.5992429e-12
1.2460208e-12
6.6060247e-10
2.7814802e-12
1.3986374e-12
6.9850302e-10
1.518243e-12
1.518243e-12
7.2321625e-10
2.8646866e-21
1.5841805e-12
7.3540327e-10
-1.518243e-12
1.5841805e-12
7.3540327e-10
-2.7814802e-12
1.518243e-12
7.2321625e-10
-3.5992429e-12
1.3986374e-12
6.9850302e-10
-3.8837693e-12
1.2460208e-12
6.6060247e-10
-3.6518029e-12
1.0815291e-12
6.085578e-10
-3.0009456e-12
9.1757771e-13
5.4114219e-10
-2.0835262e-12
7.5380325e-13
4.5688183e-10
-1.0962276e-12
5.8175396e-13
3.540818e-10
-2.9694821e-13
3.9058165e-13
2.3086207e-10
1.5863551e-13
8.5185009e-11
3.1063936e-13
2.1702278e-21
8.6248897e-11
1.1390128e-12
7.3335171e-21
2.3401363e-10
2.1632919e-12
9.671265e-21
3.5920612e-10
3.118207e-12
9.9923996e-21
4.638024e-10
3.7986772e-12
9.8344832e-21
5.4963734e-10
4.0442861e-12
9.3132212e-21
6.183769e-10
3.7513863e-12
7.492393e-21
6.7147994e-10
2.9010388e-12
3.8431334e-21
7.1016896e-10
1.5841805e-12
-5.9793713e-22
7.3540327e-10
-1.5214795e-21
-4.7095488e-21
7.4784899e-10
-1.5841805e-12
-8.4238616e-21
7.4784899e-10
-2.9010388e-12
-1.2153695e-20
7.3540327e-10
-3.7513863e-12
-1.5636453e-20
7.1016896e-10
-4.0442861e-12
-1.7609609e-20
6.7147994e-10
-3.7986772e-12
-1.7365978e-20
6.183769e-10
-3.118207e-12
-1.5358074e-20
5.4963734e-10
-2.1632919e-12
-1.3199581e-20
4.638024e-10
-1.1390128e-12
-1.0783935e-20
3.5920612e-10
-3.1063936e-13
-7.1528647e-21
2.3401363e-10
-1.9526759e-21
8.6248897e-11
3.1063936e-13
-1.5863551e-13
8.6248897e-11
1.1390128e-12
-3.9058165e-13
2.3401363e-10
2.1632919e-12
-5.8175396e-13
3.5920612e-10
3.118207e-12
-7.5380326e-13
4.638024e-10
3.7986772e-12
-9.1757772e-13
5.4963734e-10
4.0442861e-12
-1.0815291e-12
6.183769e-10
3.7513863e-12
-1.2460208e-12
6.7147994e-10
2.9010387e-12
-1.3986374e-12
7.1016896e-10
1.5841805e-12
-1.518243e-12
7.3540327e-10
-5.2362875e-21
-1.5841805e-12
7.4784899e-10
-1.5841805e-12
-1.5841805e-12
7.4784899e-10
-2.9010388e-12
-1.518243e-12
7.3540327e-10
-3.7513863e-12
-1.3986374e-12
7.1016896e-10
-4.0442861e-12
-1.2460208e-12
6.7147994e-10
-3.7986772e-12
-1.0815292e-12
6.183769e-10
-3.118207e-12
-9.1757774e-13
5.4963734e-10
-2.1632919e-12
-7.5380328e-13
4.638024e-10
-1.1390128e-12
-5.8175398e-13
3.5920612e-10
-3.1063936e-13
-3.9058166e-13
2.3401363e-10
-1.5863551e-13
8.6248897e-11
2.9694821e-13
-2.9445428e-13
8.5185009e-11
1.0962276e-12
-7.237386e-13
2.3086207e-10
2.0835262e-12
-1.0759774e-12
3.540818e-10
3.0009456e-12
-1.3916528e-12
4.5688183e-10
3.6518029e-12
-1.6909037e-12
5.4114219e-10
3.8837693e-12
-1.9893118e-12
6.085578e-10
3.5992429e-12
-2.2879139e-12
6.6060247e-10
2.7814801e-12
-2.5646449e-12
6.9850302e-10
1.518243e-12
-2.7814802e-12
7.2321625e-10
-8.762081e-21
-2.9010388e-12
7.3540327e-10
-1.518243e-12
-2.9010388e-12
7.3540327e-10
-2.7814802e-12
-2.7814802e-12
7.2321625e-10
-3.5992429e-12
-2.5646449e-12
6.9850302e-10
-3.8837693e-12
-2.2879139e-12
6.6060247e-10
-3.6518029e-12
-1.9893118e-12
6.085578e-10
-3.0009456e-12
-1.6909037e-12
5.4114219e-10
-2.0835262e-12
-1.3916528e-12
4.5688183e-10
-1.0962276e-12
-1.0759774e-12
3.540818e-10
-2.9694821e-13
-7.237386e-13
2.3086207e-10
-2.9445428e-13
8.5185009e-11
2.7183593e-13
-3.8873658e-13
8.3016569e-11
1.0180167e-12
-9.5291632e-13
2.2444096e-10
1.9381871e-12
-1.4126485e-12
3.4364867e-10
2.7878139e-12
-1.8220718e-12
4.4280385e-10
3.3852487e-12
-2.2078096e-12
5.238768e-10
3.5926516e-12
-2.5901445e-12
5.8861791e-10
3.3233461e-12
-2.971062e-12
6.3852785e-10
2.5646449e-12
-3.3233461e-12
6.7483946e-10
1.3986374e-12
-3.5992429e-12
6.9850302e-10
-1.2046274e-20
-3.7513863e-12
7.1016896e-10
-1.3986374e-12
-3.7513863e-12
7.1016896e-10
-2.5646449e-12
-3.5992429e-12
6.9850302e-10
-3.3233461e-12
-3.3233461e-12
6.7483946e-10
-3.5926516e-12
-2.971062e-12
6.3852785e-10
-3.3852487e-12
-2.5901445e-12
5.8861791e-10
-2.7878139e-12
-2.2078096e-12
5.238768e-10
-1.9381871e-12
-1.8220718e-12
4.4280385e-10
-1.0180167e-12
-1.4126485e-12
3.4364867e-10
-2.7183592e-13
-9.5291631e-13
2.2444096e-10
-3.8873657e-13
8.3016569e-11
2.3898313e-13
-4.297535e-13
7.9658399e-11
9.1628773e-13
-1.0500653e-12
2.1450457e-10
1.7503114e-12
-1.5513594e-12
3.2752585e-10
2.5137404e-12
-1.9945278e-12
4.2108477e-10
3.0437392e-12
-2.4090409e-12
4.9728557e-10
3.2205031e-12
-2.8167642e-12
5.5795457e-10
2.971062e-12
-3.2205031e-12
6.0462384e-10
2.2879138e-12
-3.5926516e-12
6.3852785e-10
1.2460208e-12
-3.8837693e-12
6.6060247e-10
-1.3905177e-20
-4.0442861e-12
6.7147994e-10
-1.2460208e-12
-4.0442861e-12
6.7147994e-10
-2.2879139e-12
-3.8837693e-12
6.6060247e-10
-2.971062e-12
-3.5926516e-12
6.3852785e-10
-3.2205031e-12
-3.2205031e-12
6.0462384e-10
-3.0437392e-12
-2.8167642e-12
5.5795457e-10
-2.5137404e-12
-2.4090409e-12
4.9728557e-10
-1.7503114e-12
-1.9945278e-12
4.2108477e-10
-9.1628772e-13
-1.5513594e-12
3.2752585e-10
-2.3898313e-13
-1.0500652e-12
2.1450457e-10
-4.297535e-13
7.9658399e-11
2.0198212e-13
-4.1373343e-13
7.4971323e-11
8.0256363e-13
-1.0081832e-12
2.0065563e-10
1.5422343e-12
-1.484981e-12
3.0510775e-10
2.2128353e-12
-1.9036435e-12
3.9096993e-10
2.6713896e-12
-2.2923714e-12
4.6051801e-10
2.8167642e-12
-2.6713896e-12
5.1566149e-10
2.5901445e-12
-3.0437393e-12
5.5795457e-10
1.9893118e-12
-3.3852487e-12
5.8861791e-10
1.0815291e-12
-3.6518029e-12
6.085578e-10
-1.3518614e-20
-3.7986772e-12
6.183769e-10
-1.0815291e-12
-3.7986772e-12
6.183769e-10
-1.9893118e-12
-3.6518029e-12
6.085578e-10
-2.5901445e-12
-3.3852487e-12
5.8861791e-10
-2.8167642e-12
-3.0437392e-12
5.5795457e-10
-2.6713896e-12
-2.6713896e-12
5.1566149e-10
-2.2128353e-12
-2.2923714e-12
4.6051801e-10
-1.5422343e-12
-1.9036435e-12
3.9096993e-10
-8.0256362e-13
-1.484981e-12
3.0510775e-10
-2.0198212e-13
-1.0081832e-12
2.0065563e-10
-4.1373342e-13
7.4971323e-11
1.6288198e-13
-3.4427162e-13
6.8742265e-11
6.8313073e-13
-8.3967628e-13
1.8229764e-10
1.3259849e-12
-1.2362648e-12
2.7550953e-10
1.9035408e-12
-1.5833179e-12
3.5138835e-10
2.2923714e-12
-1.9035408e-12
4.1240006e-10
2.4090409e-12
-2.2128353e-12
4.6051801e-10
2.2078095e-12
-2.5137404e-12
4.9728557e-10
1.6909037e-12
-2.7878139e-12
5.238768e-10
9.1757772e-13
-3.0009456e-12
5.4114219e-10
-1.1339529e-20
-3.118207e-12
5.4963734e-10
-9.1757774e-13
-3.118207e-12
5.4963734e-10
-1.6909037e-12
-3.0009456e-12
5.4114219e-10
-2.2078095e-12
-2.7878139e-12
5.238768e-10
-2.4090409e-12
-2.5137404e-12
4.9728557e-10
-2.2923714e-12
-2.2128353e-12
4.6051801e-10
-1.9035408e-12
-1.9035408e-12
4.1240006e-10
-1.3259848e-12
-1.5833179e-12
3.5138835e-10
-6.8313072e-13
-1.2362648e-12
2.7550953e-10
-1.6288198e-13
-8.3967625e-13
1.8229764e-10
-3.442716e-13
6.8742265e-11
1.2185271e-13
-2.3229793e-13
6.0641877e-11
5.5755156e-13
-5.7535521e-13
1.5854193e-10
1.1000408e-12
-8.5438e-13
2.374696e-10
1.5833179e-12
-1.1000408e-12
3.0087744e-10
1.9036435e-12
-1.3259849e-12
3.5138835e-10
1.9945278e-12
-1.5422343e-12
3.9096993e-10
1.8220718e-12
-1.7503114e-12
4.2108477e-10
1.3916528e-12
-1.9381871e-12
4.4280385e-10
7.5380326e-13
-2.0835262e-12
4.5688183e-10
-8.8282744e-21
-2.1632919e-12
4.638024e-10
-7.5380327e-13
-2.1632919e-12
4.638024e-10
-1.3916528e-12
-2.0835262e-12
4.5688183e-10
-1.8220718e-12
-1.9381871e-12
4.4280385e-10
-1.9945278e-12
-1.7503114e-12
4.2108477e-10
-1.9036435e-12
-1.5422343e-12
3.9096993e-10
-1.5833178e-12
-1.3259848e-12
3.5138835e-10
-1.1000408e-12
-1.1000408e-12
3.0087744e-10
-5.5755155e-13
-8.5437997e-13
2.374696e-10
-1.2185271e-13
-5.7535518e-13
1.5854193e-10
-2.3229791e-13
6.0641877e-11
7.8314091e-14
-1.0027322e-13
5.0125564e-11
4.2161522e-13
-2.7199628e-13
1.2802344e-10
8.5437999e-13
-4.2161522e-13
1.8918228e-10
1.2362648e-12
-5.5755157e-13
2.374696e-10
1.484981e-12
-6.8313074e-13
2.7550953e-10
1.5513594e-12
-8.0256364e-13
3.0510775e-10
1.4126485e-12
-9.1628773e-13
3.2752585e-10
1.0759774e-12
-1.0180167e-12
3.4364867e-10
5.8175396e-13
-1.0962276e-12
3.540818e-10
-6.4932672e-21
-1.1390128e-12
3.5920612e-10
-5.8175397e-13
-1.1390128e-12
3.5920612e-10
-1.0759774e-12
-1.0962276e-12
3.540818e-10
-1.4126485e-12
-1.0180167e-12
3.4364867e-10
-1.5513594e-12
-9.1628772e-13
3.2752585e-10
-1.484981e-12
-8.0256362e-13
3.0510775e-10
-1.2362648e-12
-6.8313072e-13
2.7550953e-10
-8.5437997e-13
-5.5755155e-13
2.374696e-10
-4.216152e-13
-4.216152e-13
1.8918228e-10
-7.8314083e-14
-2.7199625e-13
1.2802344e-10
-1.002732e-13
5.0125564e-11
3.5592914e-14
7.7110011e-16
3.6165262e-11
2.7199627e-13
-3.5592918e-14
8.8523437e-11
5.753552e-13
-7.8314097e-14
1.2802344e-10
8.3967627e-13
-1.2185272e-13
1.5854193e-10
1.0081832e-12
-1.6288199e-13
1.8229764e-10
1.0500653e-12
-2.0198213e-13
2.0065563e-10
9.5291632e-13
-2.3898313e-13
2.1450457e-10
7.237386e-13
-2.7183593e-13
2.2444096e-10
3.9058166e-13
-2.9694821e-13
2.3086207e-10
-3.7587233e-21
-3.1063936e-13
2.3401363e-10
-3.9058166e-13
-3.1063936e-13
2.3401363e-10
-7.2373859e-13
-2.9694821e-13
2.3086207e-10
-9.529163e-13
-2.7183592e-13
2.2444096e-10
-1.0500652e-12
-2.3898313e-13
2.1450457e-10
-1.0081832e-12
-2.0198212e-13
2.0065563e-10
-8.3967625e-13
-1.6288198e-13
1.8229764e-10
-5.7535518e-13
-1.2185271e-13
1.5854193e-10
-2.7199625e-13
-7.8314083e-14
1.2802344e-10
-3.5592902e-14
-3.5592903e-14
8.8523437e-11
7.7110845e-16
3.6165262e-11
-7.7110264e-16
1.6370528e-11
1.0027322e-13
3.6165262e-11
2.3229793e-13
5.0125564e-11
3.4427161e-13
6.0641877e-11
4.1373343e-13
6.8742265e-11
4.297535e-13
7.4971323e-11
3.8873658e-13
7.9658399e-11
2.9445428e-13
8.3016569e-11
1.5863551e-13
8.5185009e-11
-5.1506626e-22
8.6248897e-11
-1.5863551e-13
8.6248897e-11
-2.9445428e-13
8.5185009e-11
-3.8873657e-13
8.3016569e-11
-4.2975349e-13
7.9658399e-11
-4.1373342e-13
7.4971323e-11
-3.442716e-13
6.8742265e-11
-2.3229791e-13
6.0641877e-11
-1.002732e-13
5.0125564e-11
7.711085e-16
3.6165262e-11
1.6370528e-11
4.4454064e-14
4.4454066e-14
1.628162e-11
7.6604048e-14
8.3137399e-14
3.6049975e-11
1.0181587e-13
1.0481899e-13
4.9995533e-11
1.2322002e-13
1.2080385e-13
6.0499669e-11
1.3698127e-13
1.3399622e-13
6.8594508e-11
1.3842638e-13
1.4515974e-13
7.4824718e-11
1.2436978e-13
1.547295e-13
7.9517726e-11
9.4296216e-14
1.62781e-13
8.2883862e-11
5.0928924e-14
1.6886191e-13
8.5059515e-11
2.9884995e-21
1.7219765e-13
8.6127628e-11
-5.0928919e-14
1.7219765e-13
8.6127628e-11
-9.4296212e-14
1.6886192e-13
8.5059515e-11
-1.2436978e-13
1.6278101e-13
8.2883862e-11
-1.3842638e-13
1.5472951e-13
7.9517726e-11
-1.3698126e-13
1.4515974e-13
7.4824718e-11
-1.2322001e-13
1.3399621e-13
6.8594508e-11
-1.0181586e-13
1.2080382e-13
6.0499669e-11
-7.660404e-14
1.0481896e-13
4.9995533e-11
-4.4454061e-14
8.3137374e-14
3.6049975e-11
4.4454059e-14
1.628162e-11
8.3137396e-14
7.660405e-14
3.6049975e-11
1.7430184e-13
1.7430185e-13
8.8341108e-11
2.6369571e-13
2.4741979e-13
1.2779145e-10
3.443151e-13
3.0911235e-13
1.5827301e-10
3.9944831e-13
3.6260796e-13
1.820139e-10
4.1316498e-13
4.0898677e-13
2.0037809e-10
3.7576569e-13
4.4897263e-13
2.1424773e-10
2.8661237e-13
4.8229377e-13
2.242106e-10
1.5520071e-13
5.0706077e-13
2.3065528e-10
1.1383691e-20
5.2047336e-13
2.3382056e-10
-1.552007e-13
5.2047336e-13
2.3382056e-10
-2.8661236e-13
5.0706078e-13
2.3065528e-10
-3.7576569e-13
4.8229378e-13
2.242106e-10
-4.1316498e-13
4.4897265e-13
2.1424773e-10
-3.9944831e-13
4.0898678e-13
2.0037809e-10
-3.4431509e-13
3.6260796e-13
1.820139e-10
-2.636957e-13
3.0911233e-13
1.5827301e-10
-1.7430182e-13
2.4741976e-13
1.2779145e-10
-8.3137378e-14
1.7430182e-13
8.8341108e-11
7.6604035e-14
3.6049975e-11
1.0481898e-13
1.0181587e-13
4.9995533e-11
2.4741979e-13
2.6369571e-13
1.2779145e-10
4.0360304e-13
4.0360304e-13
1.8886991e-10
5.4979197e-13
5.2884091e-13
2.3710369e-10
6.528879e-13
6.40087e-13
2.7512896e-10
6.8412862e-13
7.3774775e-13
3.0474775e-10
6.2670712e-13
8.2251331e-13
3.2720973e-10
4.7988324e-13
8.9328321e-13
3.433845e-10
2.6035192e-13
9.4582045e-13
3.5386257e-10
1.5325322e-20
9.7421844e-13
3.5901273e-10
-2.6035189e-13
9.7421844e-13
3.5901273e-10
-4.7988323e-13
9.4582044e-13
3.5386257e-10
-6.2670712e-13
8.932832e-13
3.433845e-10
-6.8412863e-13
8.2251332e-13
3.2720973e-10
-6.5288791e-13
7.3774776e-13
3.0474775e-10
-5.4979198e-13
6.4008701e-13
2.7512896e-10
-4.0360303e-13
5.288409e-13
2.3710369e-10
-2.4741977e-13
4.0360302e-13
1.8886991e-10
-1.0481896e-13
2.6369568e-13
1.2779145e-10
1.0181585e-13
4.9995533e-11
1.2080385e-13
1.2322002e-13
6.0499669e-11
3.0911235e-13
3.443151e-13
1.5827301e-10
5.2884091e-13
5.4979197e-13
2.3710369e-10
7.3941599e-13
7.3941599e-13
3.0045629e-10
8.9084041e-13
9.1024286e-13
3.5096677e-10
9.4119022e-13
1.0615518e-12
3.9059577e-10
8.6632604e-13
1.1938539e-12
4.2078829e-10
6.6518017e-13
1.3049511e-12
4.4259333e-10
3.6139089e-13
1.3877252e-12
4.5674371e-10
1.2357073e-20
1.4325456e-12
4.6370546e-10
-3.6139087e-13
1.4325456e-12
4.6370546e-10
-6.6518016e-13
1.3877252e-12
4.5674371e-10
-8.6632603e-13
1.304951e-12
4.4259333e-10
-9.4119022e-13
1.1938539e-12
4.2078829e-10
-8.9084042e-13
1.0615518e-12
3.9059577e-10
-7.3941601e-13
9.1024287e-13
3.5096677e-10
-5.2884092e-13
7.3941599e-13
3.0045629e-10
-3.0911234e-13
5.4979196e-13
2.3710369e-10
-1.2080383e-13
3.4431508e-13
1.5827301e-10
1.2322e-13
6.0499669e-11
1.3399622e-13
1.3698127e-13
6.8594508e-11
3.6260796e-13
3.9944831e-13
1.820139e-10
6.40087e-13
6.528879e-13
2.7512896e-10
9.1024286e-13
8.9084041e-13
3.5096677e-10
1.1071405e-12
1.1071405e-12
4.1200626e-10
1.1762636e-12
1.3000518e-12
4.6021039e-10
1.0863419e-12
1.4699454e-12
4.970994e-10
8.3578012e-13
1.6135873e-12
5.2381872e-10
4.5456403e-13
1.721156e-12
5.4118998e-10
4.0594194e-21
1.7795706e-12
5.4974488e-10
-4.5456402e-13
1.7795706e-12
5.4974488e-10
-8.357801e-13
1.721156e-12
5.4118998e-10
-1.0863418e-12
1.6135873e-12
5.2381872e-10
-1.1762636e-12
1.4699454e-12
4.970994e-10
-1.1071405e-12
1.3000518e-12
4.6021039e-10
-9.1024288e-13
1.1071405e-12
4.1200626e-10
-6.4008702e-13
8.9084041e-13
3.5096677e-10
-3.6260797e-13
6.528879e-13
2.7512896e-10
-1.3399621e-13
3.994483e-13
1.820139e-10
1.3698126e-13
6.8594508e-11
1.4515974e-13
1.3842638e-13
7.4824718e-11
4.0898677e-13
4.1316498e-13
2.0037809e-10
7.3774775e-13
6.8412862e-13
3.0474775e-10
1.0615518e-12
9.4119022e-13
3.9059577e-10
1.3000518e-12
1.1762636e-12
4.6021039e-10
1.3870427e-12
1.3870427e-12
5.1548751e-10
1.2844274e-12
1.5738566e-12
5.5795327e-10
9.8983056e-13
1.7328312e-12
5.8879326e-10
5.388525e-13
1.8524804e-12
6.0887746e-10
-4.6269059e-21
1.9176447e-12
6.1877768e-10
-5.388525e-13
1.9176447e-12
6.1877768e-10
-9.8983055e-13
1.8524804e-12
6.0887746e-10
-1.2844274e-12
1.7328312e-12
5.8879326e-10
-1.3870427e-12
1.5738566e-12
5.5795327e-10
-1.3000518e-12
1.3870427e-12
5.1548751e-10
-1.0615518e-12
1.1762636e-12
4.6021039e-10
-7.3774778e-13
9.4119021e-13
3.9059577e-10
-4.0898679e-13
6.8412861e-13
3.0474775e-10
-1.4515975e-13
4.1316497e-13
2.0037809e-10
1.3842637e-13
7.4824718e-11
1.547295e-13
1.2436978e-13
7.9517726e-11
4.4897264e-13
3.7576569e-13
2.1424773e-10
8.2251331e-13
6.2670712e-13
3.2720973e-10
1.1938539e-12
8.6632604e-13
4.2078829e-10
1.4699454e-12
1.0863419e-12
4.970994e-10
1.5738566e-12
1.2844274e-12
5.5795327e-10
1.4609102e-12
1.4609102e-12
6.0484974e-10
1.1276175e-12
1.6119115e-12
6.3898207e-10
6.1442594e-13
1.7260392e-12
6.6124211e-10
-9.4900416e-21
1.7883482e-12
6.7222366e-10
-6.1442596e-13
1.7883482e-12
6.7222366e-10
-1.1276175e-12
1.7260392e-12
6.6124211e-10
-1.4609102e-12
1.6119115e-12
6.3898207e-10
-1.5738566e-12
1.4609101e-12
6.0484974e-10
-1.4699454e-12
1.2844274e-12
5.5795327e-10
-1.193854e-12
1.0863418e-12
4.970994e-10
-8.2251333e-13
8.6632602e-13
4.2078829e-10
-4.4897266e-13
6.2670711e-13
3.2720973e-10
-1.5472952e-13
3.7576568e-13
2.1424773e-10
1.2436977e-13
7.9517726e-11
1.62781e-13
9.4296216e-14
8.2883862e-11
4.8229377e-13
2.8661237e-13
2.242106e-10
8.9328321e-13
4.7988324e-13
3.433845e-10
1.3049511e-12
6.6518017e-13
4.4259333e-10
1.6135873e-12
8.3578012e-13
5.2381872e-10
1.7328312e-12
9.8983056e-13
5.8879326e-10
1.6119115e-12
1.1276175e-12
6.3898207e-10
1.245989e-12
1.245989e-12
6.755713e-10
6.7951284e-13
1.3357334e-12
6.994598e-10
-9.8578908e-21
1.3848173e-12
7.1125201e-10
-6.7951286e-13
1.3848173e-12
7.1125201e-10
-1.245989e-12
1.3357334e-12
6.994598e-10
-1.6119115e-12
1.245989e-12
6.755713e-10
-1.7328312e-12
1.1276175e-12
6.3898207e-10
-1.6135873e-12
9.8983054e-13
5.8879326e-10
-1.3049511e-12
8.3578009e-13
5.2381872e-10
-8.9328321e-13
6.6518015e-13
4.4259333e-10
-4.8229379e-13
4.7988322e-13
3.433845e-10
-1.6278102e-13
2.8661235e-13
2.242106e-10
9.4296211e-14
8.2883862e-11
1.6886191e-13
5.0928924e-14
8.5059515e-11
5.0706077e-13
1.5520071e-13
2.3065528e-10
9.4582045e-13
2.6035191e-13
3.5386257e-10
1.3877252e-12
3.6139089e-13
4.5674371e-10
1.721156e-12
4.5456402e-13
5.4118998e-10
1.8524804e-12
5.3885249e-13
6.0887746e-10
1.7260392e-12
6.1442594e-13
6.6124211e-10
1.3357334e-12
6.7951284e-13
6.994598e-10
7.2895235e-13
7.2895235e-13
7.2442981e-10
-7.7727896e-21
7.5602124e-13
7.3676102e-10
-7.2895236e-13
7.5602125e-13
7.3676102e-10
-1.3357334e-12
7.2895235e-13
7.2442981e-10
-1.7260392e-12
6.7951285e-13
6.994598e-10
-1.8524804e-12
6.1442595e-13
6.6124211e-10
-1.721156e-12
5.3885249e-13
6.0887746e-10
-1.3877252e-12
4.5456401e-13
5.4118998e-10
-9.4582045e-13
3.6139087e-13
4.5674371e-10
-5.0706078e-13
2.6035189e-13
3.5386257e-10
-1.6886192e-13
1.552007e-13
2.3065528e-10
5.0928919e-14
8.5059515e-11
1.7219765e-13
2.6382229e-21
8.6127628e-11
5.2047336e-13
9.8953704e-21
2.3382056e-10
9.7421844e-13
1.2263162e-20
3.5901273e-10
1.4325456e-12
8.0784971e-21
4.6370546e-10
1.7795706e-12
-7.906004e-22
5.4974488e-10
1.9176447e-12
-9.4258712e-21
6.1877768e-10
1.7883482e-12
-1.3829884e-20
6.7222366e-10
1.3848173e-12
-1.3769954e-20
7.1125201e-10
7.5602125e-13
-1.1328573e-20
7.3676102e-10
-5.2324577e-21
-8.5988988e-21
7.4936103e-10
-7.5602126e-13
-5.9453708e-21
7.4936103e-10
-1.3848173e-12
-2.937777e-21
7.3676102e-10
-1.7883482e-12
2.9237168e-22
7.1125201e-10
-1.9176447e-12
1.8596516e-21
6.7222366e-10
-1.7795706e-12
1.0840993e-22
6.1877768e-10
-1.4325456e-12
-4.5215377e-21
5.4974488e-10
-9.7421844e-13
-8.7268166e-21
4.6370546e-10
-5.2047337e-13
-8.9461578e-21
3.5901273e-10
-1.7219766e-13
-4.739618e-21
2.3382056e-10
4.2984509e-22
8.6127628e-11
1.7219765e-13
-5.092892e-14
8.6127628e-11
5.2047336e-13
-1.552007e-13
2.3382056e-10
9.7421844e-13
-2.6035189e-13
3.5901273e-10
1.4325456e-12
-3.6139087e-13
4.6370546e-10
1.7795706e-12
-4.5456402e-13
5.4974488e-10
1.9176447e-12
-5.3885251e-13
6.1877768e-10
1.7883482e-12
-6.1442596e-13
6.7222366e-10
1.3848173e-12
-6.7951286e-13
7.1125201e-10
7.5602125e-13
-7.2895237e-13
7.3676102e-10
-2.6009415e-21
-7.5602126e-13
7.4936103e-10
-7.5602125e-13
-7.5602126e-13
7.4936103e-10
-1.3848173e-12
-7.2895236e-13
7.3676102e-10
-1.7883482e-12
-6.7951285e-13
7.1125201e-10
-1.9176447e-12
-6.1442595e-13
6.7222366e-10
-1.7795706e-12
-5.388525e-13
6.1877768e-10
-1.4325456e-12
-4.5456403e-13
5.4974488e-10
-9.7421845e-13
-3.6139088e-13
4.6370546e-10
-5.2047337e-13
-2.603519e-13
3.5901273e-10
-1.7219766e-13
-1.552007e-13
2.3382056e-10
-5.0928917e-14
8.6127628e-11
1.6886192e-13
-9.4296213e-14
8.5059515e-11
5.0706077e-13
-2.8661236e-13
2.3065528e-10
9.4582044e-13
-4.7988323e-13
3.5386257e-10
1.3877252e-12
-6.6518016e-13
4.5674371e-10
1.721156e-12
-8.3578011e-13
5.4118998e-10
1.8524804e-12
-9.8983056e-13
6.0887746e-10
1.7260392e-12
-1.1276175e-12
6.6124211e-10
1.3357334e-12
-1.245989e-12
6.994598e-10
7.2895236e-13
-1.3357334e-12
7.2442981e-10
6.4507825e-22
-1.3848173e-12
7.3676102e-10
-7.2895236e-13
-1.3848173e-12
7.3676102e-10
-1.3357334e-12
-1.3357334e-12
7.2442981e-10
-1.7260392e-12
-1.245989e-12
6.994598e-10
-1.8524804e-12
-1.1276175e-12
6.6124211e-10
-1.721156e-12
-9.8983056e-13
6.0887746e-10
-1.3877252e-12
-8.3578011e-13
5.4118998e-10
-9.4582046e-13
-6.6518016e-13
4.5674371e-10
-5.0706077e-13
-4.7988323e-13
3.5386257e-10
-1.6886191e-13
-2.8661235e-13
2.3065528e-10
-9.4296206e-14
8.5059515e-11
1.6278101e-13
-1.2436978e-13
8.2883862e-11
4.8229378e-13
-3.7576569e-13
2.242106e-10
8.932832e-13
-6.2670712e-13
3.433845e-10
1.304951e-12
-8.6632603e-13
4.4259333e-10
1.6135873e-12
-1.0863418e-12
5.2381872e-10
1.7328312e-12
-1.2844274e-12
5.8879326e-10
1.6119115e-12
-1.4609102e-12
6.3898207e-10
1.245989e-12
-1.6119115e-12
6.755713e-10
6.7951285e-13
-1.7260393e-12
6.994598e-10
4.0913455e-21
-1.7883482e-12
7.1125201e-10
-6.7951285e-13
-1.7883482e-12
7.1125201e-10
-1.245989e-12
-1.7260393e-12
6.994598e-10
-1.6119115e-12
-1.6119115e-12
6.755713e-10
-1.7328312e-12
-1.4609102e-12
6.3898207e-10
-1.6135873e-12
-1.2844274e-12
5.8879326e-10
-1.3049511e-12
-1.0863418e-12
5.2381872e-10
-8.9328321e-13
-8.6632603e-13
4.4259333e-10
-4.8229377e-13
-6.267071e-13
3.433845e-10
-1.62781e-13
-3.7576567e-13
2.242106e-10
-1.2436977e-13
8.2883862e-11
1.5472951e-13
-1.3842638e-13
7.9517726e-11
4.4897265e-13
-4.1316498e-13
2.1424773e-10
8.2251332e-13
-6.8412863e-13
3.2720973e-10
1.1938539e-12
-9.4119023e-13
4.2078829e-10
1.4699454e-12
-1.1762636e-12
4.970994e-10
1.5738566e-12
-1.3870427e-12
5.5795327e-10
1.4609101e-12
-1.5738566e-12
6.0484974e-10
1.1276175e-12
-1.7328312e-12
6.3898207e-10
6.1442595e-13
-1.8524804e-12
6.6124211e-10
6.0164828e-21
-1.9176447e-12
6.7222366e-10
-6.1442594e-13
-1.9176447e-12
6.7222366e-10
-1.1276175e-12
-1.8524804e-12
6.6124211e-10
-1.4609102e-12
-1.7328312e-12
6.3898207e-10
-1.5738566e-12
-1.5738566e-12
6.0484974e-10
-1.4699454e-12
-1.3870427e-12
5.5795327e-10
-1.1938539e-12
-1.1762636e-12
4.970994e-10
-8.2251331e-13
-9.411902e-13
4.2078829e-10
-4.4897263e-13
-6.841286e-13
3.2720973e-10
-1.547295e-13
-4.1316496e-13
2.1424773e-10
-1.3842637e-13
7.9517726e-11
1.4515974e-13
-1.3698126e-13
7.4824718e-11
4.0898678e-13
-3.9944831e-13
2.0037809e-10
7.3774776e-13
-6.5288791e-13
3.0474775e-10
1.0615518e-12
-8.9084043e-13
3.9059577e-10
1.3000518e-12
-1.1071405e-12
4.6021039e-10
1.3870427e-12
-1.3000518e-12
5.1548751e-10
1.2844274e-12
-1.4699454e-12
5.5795327e-10
9.8983054e-13
-1.6135873e-12
5.8879326e-10
5.388525e-13
-1.721156e-12
6.0887746e-10
4.6929718e-21
-1.7795706e-12
6.1877768e-10
-5.388525e-13
-1.7795707e-12
6.1877768e-10
-9.8983056e-13
-1.721156e-12
6.0887746e-10
-1.2844274e-12
-1.6135873e-12
5.8879326e-10
-1.3870427e-12
-1.4699454e-12
5.5795327e-10
-1.3000518e-12
-1.3000518e-12
5.1548751e-10
-1.0615518e-12
-1.1071405e-12
4.6021039e-10
-7.3774775e-13
-8.9084039e-13
3.9059577e-10
-4.0898677e-13
-6.5288788e-13
3.0474775e-10
-1.4515974e-13
-3.9944829e-13
2.0037809e-10
-1.3698126e-13
7.4824718e-11
1.3399621e-13
-1.2322001e-13
6.8594508e-11
3.6260796e-13
-3.4431509e-13
1.820139e-10
6.4008701e-13
-5.4979198e-13
2.7512896e-10
9.1024287e-13
-7.3941601e-13
3.5096677e-10
1.1071405e-12
-9.1024289e-13
4.1200626e-10
1.1762636e-12
-1.0615518e-12
4.6021039e-10
1.0863418e-12
-1.193854e-12
4.970994e-10
8.3578009e-13
-1.3049511e-12
5.2381872e-10
4.5456402e-13
-1.3877252e-12
5.4118998e-10
2.8003344e-22
-1.4325456e-12
5.4974488e-10
-4.5456402e-13
-1.4325456e-12
5.4974488e-10
-8.3578011e-13
-1.3877252e-12
5.4118998e-10
-1.0863418e-12
-1.3049511e-12
5.2381872e-10
-1.1762636e-12
-1.1938539e-12
4.970994e-10
-1.1071405e-12
-1.0615518e-12
4.6021039e-10
-9.1024285e-13
-9.1024285e-13
4.1200626e-10
-6.4008699e-13
-7.3941597e-13
3.5096677e-10
-3.6260796e-13
-5.4979195e-13
2.7512896e-10
-1.3399621e-13
-3.4431508e-13
1.820139e-10
-1.2322001e-13
6.8594508e-11
1.2080383e-13
-1.0181586e-13
6.0499669e-11
3.0911233e-13
-2.636957e-13
1.5827301e-10
5.2884091e-13
-4.0360304e-13
2.3710369e-10
7.3941599e-13
-5.2884092e-13
3.0045629e-10
8.9084041e-13
-6.4008703e-13
3.5096677e-10
9.4119021e-13
-7.3774778e-13
3.9059577e-10
8.6632602e-13
-8.2251333e-13
4.2078829e-10
6.6518015e-13
-8.9328321e-13
4.4259333e-10
3.6139087e-13
-9.4582045e-13
4.5674371e-10
-4.0887122e-21
-9.7421844e-13
4.6370546e-10
-3.6139088e-13
-9.7421845e-13
4.6370546e-10
-6.6518016e-13
-9.4582046e-13
4.5674371e-10
-8.6632602e-13
-8.9328321e-13
4.4259333e-10
-9.411902e-13
-8.2251331e-13
4.2078829e-10
-8.9084039e-13
-7.3774775e-13
3.9059577e-10
-7.3941597e-13
-6.4008699e-13
3.5096677e-10
-5.288409e-13
-5.288409e-13
3.0045629e-10
-3.0911234e-13
-4.0360303e-13
2.3710369e-10
-1.2080384e-13
-2.636957e-13
1.5827301e-10
-1.0181587e-13
6.0499669e-11
1.0481896e-13
-7.6604039e-14
4.9995533e-11
2.4741976e-13
-1.7430182e-13
1.2779145e-10
4.0360302e-13
-2.4741977e-13
1.8886991e-10
5.4979196e-13
-3.0911234e-13
2.3710369e-10
6.528879e-13
-3.6260797e-13
2.7512896e-10
6.8412861e-13
-4.0898679e-13
3.0474775e-10
6.2670711e-13
-4.4897266e-13
3.2720973e-10
4.7988322e-13
-4.8229378e-13
3.433845e-10
2.6035189e-13
-5.0706078e-13
3.5386257e-10
-5.3068861e-21
-5.2047337e-13
3.5901273e-10
-2.603519e-13
-5.2047337e-13
3.5901273e-10
-4.7988322e-13
-5.0706077e-13
3.5386257e-10
-6.267071e-13
-4.8229377e-13
3.433845e-10
-6.841286e-13
-4.4897263e-13
3.2720973e-10
-6.5288788e-13
-4.0898677e-13
3.0474775e-10
-5.4979195e-13
-3.6260796e-13
2.7512896e-10
-4.0360303e-13
-3.0911234e-13
2.3710369e-10
-2.4741978e-13
-2.4741978e-13
1.8886991e-10
-1.0481898e-13
-1.7430183e-13
1.2779145e-10
-7.6604045e-14
4.9995533e-11
8.3137373e-14
-4.4454061e-14
3.6049975e-11
1.7430182e-13
-8.3137377e-14
8.8341108e-11
2.6369568e-13
-1.0481896e-13
1.2779145e-10
3.4431508e-13
-1.2080383e-13
1.5827301e-10
3.994483e-13
-1.3399622e-13
1.820139e-10
4.1316497e-13
-1.4515975e-13
2.0037809e-10
3.7576568e-13
-1.5472952e-13
2.1424773e-10
2.8661235e-13
-1.6278102e-13
2.242106e-10
1.552007e-13
-1.6886192e-13
2.3065528e-10
-2.8349442e-21
-1.7219766e-13
2.3382056e-10
-1.552007e-13
-1.7219765e-13
2.3382056e-10
-2.8661235e-13
-1.6886191e-13
2.3065528e-10
-3.7576567e-13
-1.62781e-13
2.242106e-10
-4.1316496e-13
-1.547295e-13
2.1424773e-10
-3.9944829e-13
-1.4515974e-13
2.0037809e-10
-3.4431508e-13
-1.3399621e-13
1.820139e-10
-2.636957e-13
-1.2080384e-13
1.5827301e-10
-1.7430184e-13
-1.0481898e-13
1.2779145e-10
-8.3137394e-14
-8.3137393e-14
8.8341108e-11
-4.4454064e-14
3.6049975e-11
4.4454059e-14
1.628162e-11
7.6604034e-14
3.6049975e-11
1.0181585e-13
4.9995533e-11
1.2322e-13
6.0499669e-11
1.3698126e-13
6.8594508e-11
1.3842637e-13
7.4824718e-11
1.2436978e-13
7.9517726e-11
9.4296211e-14
8.2883862e-11
5.092892e-14
8.5059515e-11
5.8747201e-22
8.6127628e-11
-5.0928917e-14
8.6127628e-11
-9.4296206e-14
8.5059515e-11
-1.2436977e-13
8.2883862e-11
-1.3842637e-13
7.9517726e-11
-1.3698126e-13
7.4824718e-11
-1.2322001e-13
6.8594508e-11
-1.0181587e-13
6.0499669e-11
-7.6604045e-14
4.9995533e-11
-4.4454064e-14
3.6049975e-11
1.628162e-11
3.9759968e-15
3.9759983e-15
1.6273668e-11
3.2301005e-14
1.6954366e-14
3.6004695e-11
6.7197066e-14
3.0396672e-14
4.993024e-11
9.5727986e-14
4.3845034e-14
6.0427293e-11
1.1202191e-13
5.612933e-14
6.8522084e-11
1.1373829e-13
6.6698792e-14
7.4756303e-11
1.0088674e-13
7.5202277e-14
7.9455375e-11
7.5270704e-14
8.1542102e-14
8.2827936e-11
4.0168482e-14
8.5746361e-14
8.500887e-11
-7.2866054e-21
8.7846339e-14
8.607995e-11
-4.0168494e-14
8.7846335e-14
8.607995e-11
-7.527071e-14
8.574635e-14
8.500887e-11
-1.0088673e-13
8.1542089e-14
8.2827936e-11
-1.1373828e-13
7.5202267e-14
7.9455375e-11
-1.1202189e-13
6.6698784e-14
7.4756303e-11
-9.5727941e-14
5.6129316e-14
6.8522084e-11
-6.7197012e-14
4.3845006e-14
6.0427293e-11
-3.2300959e-14
3.0396628e-14
4.993024e-11
-3.9759734e-15
1.6954318e-14
3.6004695e-11
3.975977e-15
1.6273668e-11
1.6954363e-14
3.2301007e-14
3.6004695e-11
8.5183079e-14
8.5183083e-14
8.8204651e-11
1.6911266e-13
1.3164754e-13
1.2760627e-10
2.4057579e-13
1.7463965e-13
1.5807075e-10
2.8381689e-13
2.1345413e-13
1.8181333e-10
2.9104955e-13
2.4687263e-13
2.0019068e-10
2.6051863e-13
2.7396773e-13
2.1407949e-10
1.9573483e-13
2.9438391e-13
2.2406254e-10
1.0490958e-13
3.0806051e-13
2.3052379e-10
-1.8565417e-20
3.1493972e-13
2.3369838e-10
-1.0490961e-13
3.1493971e-13
2.3369838e-10
-1.9573485e-13
3.080605e-13
2.3052379e-10
-2.6051862e-13
2.943839e-13
2.2406254e-10
-2.9104952e-13
2.7396772e-13
2.1407949e-10
-2.8381684e-13
2.4687261e-13
2.0019068e-10
-2.4057573e-13
2.134541e-13
1.8181333e-10
-1.6911258e-13
1.7463961e-13
1.5807075e-10
-8.5183005e-14
1.3164748e-13
1.2760627e-10
-1.6954312e-14
8.5183015e-14
8.8204651e-11
3.2300965e-14
3.6004695e-11
3.039667e-14
6.7197066e-14
4.993024e-11
1.3164754e-13
1.6911266e-13
1.2760627e-10
2.5587618e-13
2.5587618e-13
1.8862145e-10
3.6426345e-13
3.350569e-13
2.3683488e-10
4.3262292e-13
4.0669046e-13
2.7486736e-10
4.4715619e-13
4.6877746e-13
3.0451131e-10
4.0311018e-13
5.1958847e-13
3.2700815e-10
3.0452841e-13
5.582911e-13
3.4321918e-10
1.6377587e-13
5.8448581e-13
3.537269e-10
-2.3961811e-20
5.9775865e-13
3.5889369e-10
-1.6377591e-13
5.9775864e-13
3.5889369e-10
-3.0452843e-13
5.844858e-13
3.537269e-10
-4.0311017e-13
5.5829108e-13
3.4321918e-10
-4.4715616e-13
5.1958845e-13
3.2700815e-10
-4.3262288e-13
4.6877744e-13
3.0451131e-10
-3.6426339e-13
4.0669043e-13
2.7486736e-10
-2.5587611e-13
3.3505686e-13
2.3683488e-10
-1.3164747e-13
2.5587612e-13
1.8862145e-10
-3.0396622e-14
1.6911259e-13
1.2760627e-10
6.7197018e-14
4.993024e-11
4.3845033e-14
9.5727986e-14
6.0427293e-11
1.7463965e-13
2.405758e-13
1.5807075e-10
3.350569e-13
3.6426346e-13
2.3683488e-10
4.777543e-13
4.7775431e-13
3.0017089e-10
5.7070996e-13
5.8125588e-13
3.5069925e-10
5.9372481e-13
6.7171911e-13
3.9036982e-10
5.3831894e-13
7.4644096e-13
4.2061685e-10
4.0843693e-13
8.0394032e-13
4.4247756e-10
2.2024364e-13
8.4323882e-13
4.5667315e-10
-2.7887026e-20
8.6329242e-13
4.6366017e-10
-2.2024368e-13
8.6329241e-13
4.6366017e-10
-4.0843695e-13
8.432388e-13
4.5667315e-10
-5.3831893e-13
8.039403e-13
4.4247756e-10
-5.9372478e-13
7.4644094e-13
4.2061685e-10
-5.7070993e-13
6.7171909e-13
3.9036982e-10
-4.7775426e-13
5.8125585e-13
3.5069925e-10
-3.3505685e-13
4.7775426e-13
3.0017089e-10
-1.746396e-13
3.642634e-13
2.3683488e-10
-4.3844999e-14
2.4057573e-13
1.5807075e-10
9.5727944e-14
6.0427293e-11
5.612933e-14
1.1202191e-13
6.8522084e-11
2.1345412e-13
2.8381689e-13
1.8181333e-10
4.0669046e-13
4.3262292e-13
2.7486736e-10
5.8125587e-13
5.7070997e-13
3.5069925e-10
6.9781065e-13
6.9781066e-13
4.1177315e-10
7.2973656e-13
8.0976997e-13
4.6004041e-10
6.6457548e-13
9.029878e-13
4.9700802e-10
5.0587907e-13
9.7535372e-13
5.2380601e-10
2.7332611e-13
1.0252374e-12
5.4124053e-10
-3.3542335e-20
1.050852e-12
5.4983065e-10
-2.7332617e-13
1.050852e-12
5.4983065e-10
-5.0587909e-13
1.0252374e-12
5.4124053e-10
-6.6457546e-13
9.753537e-13
5.2380601e-10
-7.2973653e-13
9.0298777e-13
4.9700802e-10
-6.9781062e-13
8.0976994e-13
4.6004041e-10
-5.8125585e-13
6.9781063e-13
4.1177315e-10
-4.0669043e-13
5.7070993e-13
3.5069925e-10
-2.1345409e-13
4.3262288e-13
2.7486736e-10
-5.6129309e-14
2.8381684e-13
1.8181333e-10
1.1202188e-13
6.8522084e-11
6.6698793e-14
1.137383e-13
7.4756303e-11
2.4687263e-13
2.9104955e-13
2.0019068e-10
4.6877746e-13
4.4715619e-13
3.0451131e-10
6.717191e-13
5.9372481e-13
3.9036982e-10
8.0976996e-13
7.2973656e-13
4.6004041e-10
8.5028962e-13
8.5028963e-13
5.1540647e-10
7.7697355e-13
9.5128426e-13
5.5797829e-10
5.928672e-13
1.0302374e-12
5.8892248e-10
3.2078493e-13
1.085042e-12
6.0908973e-10
-3.835813e-20
1.1133287e-12
6.1903599e-10
-3.2078499e-13
1.1133287e-12
6.1903599e-10
-5.9286723e-13
1.085042e-12
6.0908973e-10
-7.7697354e-13
1.0302374e-12
5.8892248e-10
-8.5028959e-13
9.5128424e-13
5.5797829e-10
-8.0976993e-13
8.502896e-13
5.1540647e-10
-6.7171908e-13
7.2973653e-13
4.6004041e-10
-4.6877744e-13
5.9372478e-13
3.9036982e-10
-2.4687261e-13
4.4715616e-13
3.0451131e-10
-6.669878e-14
2.9104952e-13
2.0019068e-10
1.1373828e-13
7.4756303e-11
7.5202277e-14
1.0088674e-13
7.9455375e-11
2.7396773e-13
2.6051864e-13
2.1407949e-10
5.1958847e-13
4.0311018e-13
3.2700815e-10
7.4644096e-13
5.3831894e-13
4.2061685e-10
9.029878e-13
6.6457548e-13
4.9700802e-10
9.5128426e-13
7.7697355e-13
5.5797829e-10
8.7154728e-13
8.7154728e-13
6.0500921e-10
6.6626484e-13
9.4586239e-13
6.3927172e-10
3.608901e-13
9.9772062e-13
6.616348e-10
-3.6901546e-20
1.0245927e-12
6.7267329e-10
-3.6089016e-13
1.0245927e-12
6.7267329e-10
-6.6626487e-13
9.9772064e-13
6.616348e-10
-8.7154728e-13
9.4586241e-13
6.3927172e-10
-9.5128424e-13
8.7154729e-13
6.0500921e-10
-9.0298777e-13
7.7697354e-13
5.5797829e-10
-7.4644094e-13
6.6457546e-13
4.9700802e-10
-5.1958845e-13
5.3831893e-13
4.2061685e-10
-2.7396772e-13
4.0311016e-13
3.2700815e-10
-7.5202268e-14
2.6051862e-13
2.1407949e-10
1.0088673e-13
7.9455375e-11
8.1542101e-14
7.5270708e-14
8.2827936e-11
2.9438391e-13
1.9573484e-13
2.2406254e-10
5.5829109e-13
3.0452842e-13
3.4321918e-10
8.0394032e-13
4.0843694e-13
4.4247756e-10
9.7535372e-13
5.0587908e-13
5.2380601e-10
1.0302374e-12
5.928672e-13
5.8892248e-10
9.4586239e-13
6.6626484e-13
6.3927172e-10
7.2413986e-13
7.2413986e-13
6.7601475e-10
3.9257612e-13
7.6467399e-13
7.0002441e-10
-2.7998814e-20
7.8573647e-13
7.1188344e-10
-3.9257617e-13
7.8573648e-13
7.1188344e-10
-7.241399e-13
7.6467402e-13
7.0002441e-10
-9.458624e-13
7.241399e-13
6.7601475e-10
-1.0302374e-12
6.6626487e-13
6.3927172e-10
-9.7535369e-13
5.9286723e-13
5.8892248e-10
-8.039403e-13
5.0587909e-13
5.2380601e-10
-5.5829108e-13
4.0843694e-13
4.4247756e-10
-2.9438391e-13
3.0452842e-13
3.4321918e-10
-8.1542095e-14
1.9573484e-13
2.2406254e-10
7.5270706e-14
8.2827936e-11
8.574636e-14
4.0168485e-14
8.500887e-11
3.0806051e-13
1.0490958e-13
2.3052379e-10
5.8448581e-13
1.6377588e-13
3.537269e-10
8.4323881e-13
2.2024364e-13
4.5667315e-10
1.0252374e-12
2.7332612e-13
5.4124053e-10
1.085042e-12
3.2078493e-13
6.0908973e-10
9.9772062e-13
3.608901e-13
6.616348e-10
7.6467399e-13
3.9257612e-13
7.0002441e-10
4.1481575e-13
4.1481575e-13
7.2512953e-10
-1.5685063e-20
4.2639095e-13
7.3753518e-10
-4.1481578e-13
4.2639096e-13
7.3753518e-10
-7.6467402e-13
4.1481578e-13
7.2512953e-10
-9.9772064e-13
3.9257617e-13
7.0002441e-10
-1.085042e-12
3.6089016e-13
6.616348e-10
-1.0252374e-12
3.2078499e-13
6.0908973e-10
-8.432388e-13
2.7332616e-13
5.4124053e-10
-5.8448581e-13
2.2024367e-13
4.5667315e-10
-3.0806051e-13
1.637759e-13
3.537269e-10
-8.5746358e-14
1.049096e-13
2.3052379e-10
4.016849e-14
8.500887e-11
8.7846338e-14
-4.620042e-21
8.607995e-11
3.1493972e-13
-1.2741682e-20
2.3369838e-10
5.9775865e-13
-1.7475403e-20
3.5889369e-10
8.6329242e-13
-2.2442072e-20
4.6366017e-10
1.050852e-12
-2.946387e-20
5.4983065e-10
1.1133287e-12
-3.5122647e-20
6.1903599e-10
1.0245927e-12
-3.4087589e-20
6.7267329e-10
7.8573647e-13
-2.5448862e-20
7.1188344e-10
4.2639095e-13
-1.3440173e-20
7.3753518e-10
-4.6759609e-21
-2.5491779e-21
7.5021381e-10
-4.2639096e-13
6.9157294e-21
7.5021381e-10
-7.8573648e-13
1.6776981e-20
7.3753518e-10
-1.0245927e-12
2.6905745e-20
7.1188344e-10
-1.1133287e-12
3.3164596e-20
6.7267329e-10
-1.050852e-12
3.1750405e-20
6.1903599e-10
-8.6329242e-13
2.4483374e-20
5.4983065e-10
-5.9775865e-13
1.66034e-20
4.6366017e-10
-3.1493973e-13
1.1789967e-20
3.5889369e-10
-8.7846343e-14
8.3708113e-21
2.3369838e-10
3.0855263e-21
8.607995e-11
8.7846335e-14
-4.0168492e-14
8.607995e-11
3.1493971e-13
-1.049096e-13
2.3369838e-10
5.9775864e-13
-1.637759e-13
3.5889369e-10
8.6329241e-13
-2.2024368e-13
4.6366017e-10
1.050852e-12
-2.7332616e-13
5.4983065e-10
1.1133287e-12
-3.2078499e-13
6.1903599e-10
1.0245927e-12
-3.6089016e-13
6.7267329e-10
7.8573648e-13
-3.9257617e-13
7.1188344e-10
4.2639096e-13
-4.1481578e-13
7.3753518e-10
4.8014454e-21
-4.2639096e-13
7.5021381e-10
-4.2639095e-13
-4.2639095e-13
7.5021381e-10
-7.8573647e-13
-4.1481575e-13
7.3753518e-10
-1.0245927e-12
-3.9257612e-13
7.1188344e-10
-1.1133287e-12
-3.6089011e-13
6.7267329e-10
-1.050852e-12
-3.2078494e-13
6.1903599e-10
-8.6329243e-13
-2.7332612e-13
5.4983065e-10
-5.9775866e-13
-2.2024365e-13
4.6366017e-10
-3.1493973e-13
-1.6377588e-13
3.5889369e-10
-8.7846346e-14
-1.0490958e-13
2.3369838e-10
-4.0168486e-14
8.607995e-11
8.5746351e-14
-7.5270707e-14
8.500887e-11
3.080605e-13
-1.9573484e-13
2.3052379e-10
5.844858e-13
-3.0452842e-13
3.537269e-10
8.432388e-13
-4.0843694e-13
4.5667315e-10
1.0252374e-12
-5.0587909e-13
5.4124053e-10
1.085042e-12
-5.9286723e-13
6.0908973e-10
9.9772064e-13
-6.6626487e-13
6.616348e-10
7.6467402e-13
-7.241399e-13
7.0002441e-10
4.1481578e-13
-7.6467402e-13
7.2512953e-10
1.4523915e-20
-7.8573648e-13
7.3753518e-10
-4.1481575e-13
-7.8573647e-13
7.3753518e-10
-7.64674e-13
-7.64674e-13
7.2512953e-10
-9.9772063e-13
-7.2413987e-13
7.0002441e-10
-1.0850421e-12
-6.6626484e-13
6.616348e-10
-1.0252374e-12
-5.9286721e-13
6.0908973e-10
-8.4323883e-13
-5.0587908e-13
5.4124053e-10
-5.8448583e-13
-4.0843694e-13
4.5667315e-10
-3.0806052e-13
-3.0452842e-13
3.537269e-10
-8.5746366e-14
-1.9573484e-13
2.3052379e-10
-7.5270707e-14
8.500887e-11
8.1542091e-14
-1.0088673e-13
8.2827936e-11
2.943839e-13
-2.6051862e-13
2.2406254e-10
5.5829108e-13
-4.0311016e-13
3.4321918e-10
8.039403e-13
-5.3831892e-13
4.4247756e-10
9.7535369e-13
-6.6457546e-13
5.2380601e-10
1.0302374e-12
-7.7697353e-13
5.8892248e-10
9.458624e-13
-8.7154728e-13
6.3927172e-10
7.241399e-13
-9.458624e-13
6.7601475e-10
3.9257617e-13
-9.9772063e-13
7.0002441e-10
2.431463e-20
-1.0245927e-12
7.1188344e-10
-3.9257612e-13
-1.0245927e-12
7.1188344e-10
-7.2413987e-13
-9.9772062e-13
7.0002441e-10
-9.458624e-13
-9.4586239e-13
6.7601475e-10
-1.0302375e-12
-8.7154729e-13
6.3927172e-10
-9.7535373e-13
-7.7697355e-13
5.8892248e-10
-8.0394033e-13
-6.6457548e-13
5.2380601e-10
-5.5829111e-13
-5.3831894e-13
4.4247756e-10
-2.9438392e-13
-4.0311018e-13
3.4321918e-10
-8.1542105e-14
-2.6051863e-13
2.2406254e-10
-1.0088674e-13
8.2827936e-11
7.5202268e-14
-1.1373828e-13
7.9455375e-11
2.7396772e-13
-2.9104951e-13
2.1407949e-10
5.1958845e-13
-4.4715615e-13
3.2700815e-10
7.4644094e-13
-5.9372478e-13
4.2061685e-10
9.0298777e-13
-7.2973653e-13
4.9700802e-10
9.5128424e-13
-8.5028959e-13
5.5797829e-10
8.7154728e-13
-9.5128423e-13
6.0500921e-10
6.6626487e-13
-1.0302374e-12
6.3927172e-10
3.6089016e-13
-1.085042e-12
6.616348e-10
3.0324829e-20
-1.1133287e-12
6.7267329e-10
-3.6089011e-13
-1.1133287e-12
6.7267329e-10
-6.6626485e-13
-1.085042e-12
6.616348e-10
-8.7154729e-13
-1.0302375e-12
6.3927172e-10
-9.5128427e-13
-9.5128426e-13
6.0500921e-10
-9.0298781e-13
-8.5028963e-13
5.5797829e-10
-7.4644097e-13
-7.2973656e-13
4.9700802e-10
-5.1958848e-13
-5.9372481e-13
4.2061685e-10
-2.7396773e-13
-4.4715618e-13
3.2700815e-10
-7.5202279e-14
-2.9104954e-13
2.1407949e-10
-1.1373829e-13
7.9455375e-11
6.6698783e-14
-1.1202188e-13
7.4756303e-11
2.4687261e-13
-2.8381684e-13
2.0019068e-10
4.6877745e-13
-4.3262287e-13
3.0451131e-10
6.7171908e-13
-5.7070992e-13
3.9036982e-10
8.0976993e-13
-6.9781062e-13
4.6004041e-10
8.502896e-13
-8.0976993e-13
5.1540647e-10
7.7697354e-13
-9.0298777e-13
5.5797829e-10
5.9286723e-13
-9.7535369e-13
5.8892248e-10
3.2078498e-13
-1.0252374e-12
6.0908973e-10
2.8873011e-20
-1.050852e-12
6.1903599e-10
-3.2078494e-13
-1.050852e-12
6.1903599e-10
-5.9286721e-13
-1.0252374e-12
6.0908973e-10
-7.7697356e-13
-9.7535372e-13
5.8892248e-10
-8.5028963e-13
-9.029878e-13
5.5797829e-10
-8.0976997e-13
-8.0976996e-13
5.1540647e-10
-6.7171911e-13
-6.9781065e-13
4.6004041e-10
-4.6877746e-13
-5.7070996e-13
3.9036982e-10
-2.4687263e-13
-4.3262291e-13
3.0451131e-10
-6.6698793e-14
-2.8381688e-13
2.0019068e-10
-1.1202191e-13
7.4756303e-11
5.6129314e-14
-9.5727937e-14
6.8522084e-11
2.134541e-13
-2.4057572e-13
1.8181333e-10
4.0669043e-13
-3.6426339e-13
2.7486736e-10
5.8125585e-13
-4.7775426e-13
3.5069925e-10
6.9781063e-13
-5.8125584e-13
4.1177315e-10
7.2973653e-13
-6.7171908e-13
4.6004041e-10
6.6457546e-13
-7.4644094e-13
4.9700802e-10
5.0587909e-13
-8.039403e-13
5.2380601e-10
2.7332616e-13
-8.432388e-13
5.4124053e-10
2.1258673e-20
-8.6329242e-13
5.4983065e-10
-2.7332613e-13
-8.6329242e-13
5.4983065e-10
-5.0587909e-13
-8.4323882e-13
5.4124053e-10
-6.6457548e-13
-8.0394033e-13
5.2380601e-10
-7.2973657e-13
-7.4644097e-13
4.9700802e-10
-6.9781066e-13
-6.7171911e-13
4.6004041e-10
-5.8125588e-13
-5.8125587e-13
4.1177315e-10
-4.0669046e-13
-4.7775429e-13
3.5069925e-10
-2.1345412e-13
-3.6426344e-13
2.7486736e-10
-5.6129329e-14
-2.4057578e-13
1.8181333e-10
-9.5727979e-14
6.8522084e-11
4.3845003e-14
-6.719701e-14
6.0427293e-11
1.7463961e-13
-1.6911257e-13
1.5807075e-10
3.3505686e-13
-2.5587611e-13
2.3683488e-10
4.7775426e-13
-3.3505685e-13
3.0017089e-10
5.7070993e-13
-4.0669043e-13
3.5069925e-10
5.9372478e-13
-4.6877744e-13
3.9036982e-10
5.3831892e-13
-5.1958845e-13
4.2061685e-10
4.0843694e-13
-5.5829108e-13
4.4247756e-10
2.2024367e-13
-5.8448581e-13
4.5667315e-10
1.2706114e-20
-5.9775865e-13
4.6366017e-10
-2.2024365e-13
-5.9775866e-13
4.6366017e-10
-4.0843695e-13
-5.8448582e-13
4.5667315e-10
-5.3831895e-13
-5.582911e-13
4.4247756e-10
-5.9372481e-13
-5.1958847e-13
4.2061685e-10
-5.7070996e-13
-4.6877746e-13
3.9036982e-10
-4.777543e-13
-4.0669045e-13
3.5069925e-10
-3.3505689e-13
-3.3505689e-13
3.0017089e-10
-1.7463965e-13
-2.5587617e-13
2.3683488e-10
-4.3845031e-14
-1.6911264e-13
1.5807075e-10
-6.7197058e-14
6.0427293e-11
3.0396626e-14
-3.2300959e-14
4.993024e-11
1.3164748e-13
-8.5183002e-14
1.2760627e-10
2.5587612e-13
-1.3164747e-13
1.8862145e-10
3.642634e-13
-1.746396e-13
2.3683488e-10
4.3262287e-13
-2.1345409e-13
2.7486736e-10
4.4715615e-13
-2.4687261e-13
3.0451131e-10
4.0311016e-13
-2.7396772e-13
3.2700815e-10
3.0452842e-13
-2.9438391e-13
3.4321918e-10
1.6377589e-13
-3.0806051e-13
3.537269e-10
7.0624062e-21
-3.1493972e-13
3.5889369e-10
-1.6377589e-13
-3.1493973e-13
3.5889369e-10
-3.0452842e-13
-3.0806052e-13
3.537269e-10
-4.0311018e-13
-2.9438392e-13
3.4321918e-10
-4.4715619e-13
-2.7396773e-13
3.2700815e-10
-4.3262292e-13
-2.4687262e-13
3.0451131e-10
-3.6426344e-13
-2.1345412e-13
2.7486736e-10
-2.5587617e-13
-1.7463964e-13
2.3683488e-10
-1.3164753e-13
-1.3164753e-13
1.8862145e-10
-3.0396668e-14
-8.5183069e-14
1.2760627e-10
-3.2301e-14
4.993024e-11
1.6954318e-14
-3.9759741e-15
3.6004695e-11
8.5183013e-14
-1.6954312e-14
8.8204651e-11
1.6911258e-13
-3.039662e-14
1.2760627e-10
2.4057573e-13
-4.3844996e-14
1.5807075e-10
2.8381684e-13
-5.6129307e-14
1.8181333e-10
2.9104951e-13
-6.6698779e-14
2.0019068e-10
2.6051861e-13
-7.5202268e-14
2.1407949e-10
1.9573483e-13
-8.1542095e-14
2.2406254e-10
1.0490959e-13
-8.5746358e-14
2.3052379e-10
3.6078787e-21
-8.7846342e-14
2.3369838e-10
-1.0490959e-13
-8.7846344e-14
2.3369838e-10
-1.9573484e-13
-8.5746364e-14
2.3052379e-10
-2.6051864e-13
-8.1542103e-14
2.2406254e-10
-2.9104955e-13
-7.5202277e-14
2.1407949e-10
-2.8381689e-13
-6.6698791e-14
2.0019068e-10
-2.4057579e-13
-5.6129327e-14
1.8181333e-10
-1.6911265e-13
-4.3845029e-14
1.5807075e-10
-8.5183072e-14
-3.0396666e-14
1.2760627e-10
-1.6954361e-14
-1.6954359e-14
8.8204651e-11
-3.9759953e-15
3.6004695e-11
3.9759778e-15
1.6273668e-11
3.2300965e-14
3.6004695e-11
6.7197016e-14
4.993024e-11
9.5727941e-14
6.0427293e-11
1.1202188e-13
6.8522084e-11
1.1373827e-13
7.4756303e-11
1.0088673e-13
7.9455375e-11
7.5270703e-14
8.2827936e-11
4.0168487e-14
8.500887e-11
4.956596e-22
8.607995e-11
-4.0168489e-14
8.607995e-11
-7.527071e-14
8.500887e-11
-1.0088674e-13
8.2827936e-11
-1.137383e-13
7.9455375e-11
-1.1202191e-13
7.4756303e-11
-9.5727982e-14
6.8522084e-11
-6.719706e-14
6.0427293e-11
-3.2301002e-14
4.993024e-11
-3.9759965e-15
3.6004695e-11
1.6273668e-11
1.1393446e-14
1.1393445e-14
1.6250881e-11
2.1776147e-14
2.216037e-14
3.5972152e-11
3.0818534e-14
2.8848993e-14
4.9892349e-11
3.8082214e-14
3.4229646e-14
6.03858e-11
4.2132915e-14
3.8812684e-14
6.8479221e-11
4.1829643e-14
4.2542542e-14
7.4714063e-11
3.6764179e-14
4.5327222e-14
7.9415113e-11
2.7319817e-14
4.7193904e-14
8.2790186e-11
1.4552964e-14
4.8284995e-14
8.4973352e-11
-1.3099762e-20
4.8773835e-14
8.6045729e-11
-1.4552987e-14
4.8773823e-14
8.6045729e-11
-2.7319832e-14
4.8284961e-14
8.4973352e-11
-3.6764189e-14
4.7193863e-14
8.2790186e-11
-4.182965e-14
4.532719e-14
7.9415113e-11
-4.2132916e-14
4.2542533e-14
7.4714063e-11
-3.80822e-14
3.8812699e-14
6.8479221e-11
-3.0818504e-14
3.4229672e-14
6.03858e-11
-2.1776113e-14
2.8849011e-14
4.9892349e-11
-1.1393421e-14
2.2160369e-14
3.5972152e-11
1.139343e-14
1.6250881e-11
2.2160372e-14
2.1776147e-14
3.5972152e-11
5.0643171e-14
5.0643171e-14
8.8147685e-11
7.9668051e-14
7.3199432e-14
1.2753289e-10
1.0486433e-13
9.296659e-14
1.5798681e-10
1.2076734e-13
1.1035799e-13
1.8172589e-10
1.2318124e-13
1.2492923e-13
2.0010588e-10
1.1030302e-13
1.3624469e-13
2.1400145e-10
8.299448e-14
1.4423936e-13
2.2399281e-10
4.4530161e-14
1.4920154e-13
2.3046134e-10
-4.2879394e-20
1.5154237e-13
2.3364014e-10
-4.4530232e-14
1.5154236e-13
2.3364014e-10
-8.2994518e-14
1.4920151e-13
2.3046134e-10
-1.1030302e-13
1.4423932e-13
2.2399281e-10
-1.2318121e-13
1.3624465e-13
2.1400145e-10
-1.2076731e-13
1.249292e-13
2.0010588e-10
-1.0486429e-13
1.1035798e-13
1.8172589e-10
-7.9668007e-14
9.2966599e-14
1.5798681e-10
-5.0643135e-14
7.319944e-14
1.2753289e-10
-2.2160354e-14
5.0643166e-14
8.8147685e-11
2.1776131e-14
3.5972152e-11
2.8848994e-14
3.0818535e-14
4.9892349e-11
7.3199432e-14
7.9668054e-14
1.2753289e-10
1.2249982e-13
1.2249982e-13
1.8852285e-10
1.6725306e-13
1.6177602e-13
2.3672132e-10
1.9713539e-13
1.9707975e-13
2.7475076e-10
2.0425432e-13
2.271836e-13
3.0440194e-10
1.849033e-13
2.5104329e-13
3.269127e-10
1.4014567e-13
2.6831251e-13
3.4313986e-10
7.5514114e-14
2.7930296e-13
3.5366143e-10
-5.857124e-20
2.8459149e-13
3.5883615e-10
-7.5514214e-14
2.8459149e-13
3.5883615e-10
-1.4014572e-13
2.7930295e-13
3.5366143e-10
-1.849033e-13
2.683125e-13
3.4313986e-10
-2.0425428e-13
2.5104327e-13
3.269127e-10
-1.9713533e-13
2.2718357e-13
3.0440194e-10
-1.6725299e-13
1.9707972e-13
2.7475076e-10
-1.2249977e-13
1.61776e-13
2.3672132e-10
-7.3199406e-14
1.2249981e-13
1.8852285e-10
-2.8848992e-14
7.9668045e-14
1.2753289e-10
3.0818527e-14
4.9892349e-11
3.4229646e-14
3.8082217e-14
6.03858e-11
9.2966588e-14
1.0486433e-13
1.5798681e-10
1.6177602e-13
1.6725306e-13
2.3672132e-10
2.2612137e-13
2.2612138e-13
3.000422e-10
2.7065947e-13
2.7991277e-13
3.5057188e-10
2.8348338e-13
3.2640798e-13
3.9025777e-10
2.5861768e-13
3.6378263e-13
4.2052897e-10
1.9705473e-13
3.9124885e-13
4.4241619e-10
1.0650779e-13
4.0899179e-13
4.5663401e-10
-5.8478602e-20
4.176278e-13
4.6363364e-10
-1.0650789e-13
4.1762781e-13
4.6363364e-10
-1.970548e-13
4.0899181e-13
4.5663401e-10
-2.5861769e-13
3.9124887e-13
4.4241619e-10
-2.8348334e-13
3.6378264e-13
4.2052897e-10
-2.7065941e-13
3.2640797e-13
3.9025777e-10
-2.261213e-13
2.7991274e-13
3.5057188e-10
-1.6177596e-13
2.2612134e-13
3.000422e-10
-9.2966565e-14
1.6725304e-13
2.3672132e-10
-3.422965e-14
1.0486433e-13
1.5798681e-10
3.8082222e-14
6.03858e-11
3.8812683e-14
4.2132918e-14
6.8479221e-11
1.1035798e-13
1.2076735e-13
1.8172589e-10
1.9707974e-13
1.971354e-13
2.7475076e-10
2.7991276e-13
2.7065948e-13
3.5057188e-10
3.3874571e-13
3.3874572e-13
4.1165549e-10
3.5764729e-13
3.9825356e-13
4.5994966e-10
3.2819382e-13
4.4660373e-13
4.9695465e-10
2.5108371e-13
4.8252385e-13
5.2379184e-10
1.3603487e-13
5.059679e-13
5.4125861e-10
-4.7546021e-20
5.1746757e-13
5.4986684e-10
-1.3603496e-13
5.1746758e-13
5.4986684e-10
-2.5108378e-13
5.0596793e-13
5.4125861e-10
-3.2819385e-13
4.825239e-13
5.2379184e-10
-3.5764728e-13
4.4660377e-13
4.9695465e-10
-3.3874566e-13
3.9825357e-13
4.5994966e-10
-2.799127e-13
3.3874571e-13
4.1165549e-10
-1.9707968e-13
2.7065945e-13
3.5057188e-10
-1.1035795e-13
1.9713538e-13
2.7475076e-10
-3.8812676e-14
1.2076734e-13
1.8172589e-10
4.2132933e-14
6.8479221e-11
4.254254e-14
4.1829646e-14
7.4714063e-11
1.2492922e-13
1.2318125e-13
2.0010588e-10
2.2718359e-13
2.0425433e-13
3.0440194e-10
3.2640797e-13
2.8348339e-13
3.9025777e-10
3.9825355e-13
3.576473e-13
4.5994966e-10
4.2304614e-13
4.2304615e-13
5.1535688e-10
3.8996069e-13
4.7661795e-13
5.5798136e-10
2.9927067e-13
5.167343e-13
5.8897896e-10
1.6243984e-13
5.4311103e-13
6.0918942e-10
-3.2586296e-20
5.5612096e-13
6.1915978e-10
-1.624399e-13
5.5612097e-13
6.1915978e-10
-2.9927072e-13
5.4311107e-13
6.0918942e-10
-3.8996073e-13
5.1673435e-13
5.8897896e-10
-4.2304615e-13
4.7661801e-13
5.5798136e-10
-3.9825352e-13
4.2304619e-13
5.1535688e-10
-3.2640793e-13
3.5764732e-13
4.5994966e-10
-2.2718353e-13
2.8348338e-13
3.9025777e-10
-1.2492917e-13
2.0425432e-13
3.0440194e-10
-4.2542514e-14
1.2318124e-13
2.0010588e-10
4.1829661e-14
7.4714063e-11
4.532722e-14
3.6764183e-14
7.9415113e-11
1.3624469e-13
1.1030302e-13
2.1400145e-10
2.5104329e-13
1.8490331e-13
3.269127e-10
3.6378263e-13
2.5861769e-13
4.2052897e-10
4.4660373e-13
3.2819383e-13
4.9695465e-10
4.7661795e-13
3.899607e-13
5.5798136e-10
4.4085725e-13
4.4085725e-13
6.0508073e-10
3.3913331e-13
4.7918403e-13
6.39411e-10
1.8433162e-13
5.0451474e-13
6.618282e-10
-1.7848405e-20
5.1705732e-13
6.7289668e-10
-1.8433166e-13
5.1705733e-13
6.7289668e-10
-3.3913335e-13
5.0451477e-13
6.618282e-10
-4.4085728e-13
4.7918409e-13
6.39411e-10
-4.7661797e-13
4.4085732e-13
6.0508073e-10
-4.4660373e-13
3.8996076e-13
5.5798136e-10
-3.637826e-13
3.2819388e-13
4.9695465e-10
-2.5104324e-13
2.5861772e-13
4.2052897e-10
-1.3624463e-13
1.8490332e-13
3.269127e-10
-4.5327178e-14
1.1030304e-13
2.1400145e-10
3.6764196e-14
7.9415113e-11
4.7193903e-14
2.7319821e-14
8.2790186e-11
1.4423936e-13
8.299449e-14
2.2399281e-10
2.683125e-13
1.4014568e-13
3.4313986e-10
3.9124884e-13
1.9705475e-13
4.4241619e-10
4.8252384e-13
2.5108372e-13
5.2379184e-10
5.1673429e-13
2.9927068e-13
5.8897896e-10
4.7918402e-13
3.3913332e-13
6.39411e-10
3.6926072e-13
3.6926073e-13
6.7623459e-10
2.0091052e-13
3.8923955e-13
7.0030804e-10
-5.5978708e-21
3.9915736e-13
7.1220225e-10
-2.0091053e-13
3.9915737e-13
7.1220225e-10
-3.6926074e-13
3.8923958e-13
7.0030804e-10
-4.7918405e-13
3.6926077e-13
6.7623459e-10
-5.1673432e-13
3.3913337e-13
6.39411e-10
-4.8252386e-13
2.9927074e-13
5.8897896e-10
-3.9124884e-13
2.5108379e-13
5.2379184e-10
-2.6831248e-13
1.9705481e-13
4.4241619e-10
-1.4423931e-13
1.4014573e-13
3.4313986e-10
-4.7193856e-14
8.2994524e-14
2.2399281e-10
2.7319835e-14
8.2790186e-11
4.8284994e-14
1.4552968e-14
8.4973352e-11
1.4920154e-13
4.4530171e-14
2.3046134e-10
2.7930295e-13
7.5514128e-14
3.5366143e-10
4.0899178e-13
1.065078e-13
4.5663401e-10
5.0596789e-13
1.3603489e-13
5.4125861e-10
5.4311102e-13
1.6243985e-13
6.0918942e-10
5.0451473e-13
1.8433163e-13
6.618282e-10
3.8923955e-13
2.0091053e-13
7.0030804e-10
2.1192539e-13
2.119254e-13
7.2548416e-10
2.456919e-21
2.1740119e-13
7.3792886e-10
-2.1192539e-13
2.1740119e-13
7.3792886e-10
-3.8923955e-13
2.1192541e-13
7.2548416e-10
-5.0451474e-13
2.0091055e-13
7.0030804e-10
-5.4311104e-13
1.8433167e-13
6.618282e-10
-5.059679e-13
1.6243991e-13
6.0918942e-10
-4.0899178e-13
1.3603496e-13
5.4125861e-10
-2.7930294e-13
1.0650788e-13
4.5663401e-10
-1.4920151e-13
7.5514202e-14
3.5366143e-10
-4.8284958e-14
4.4530222e-14
2.3046134e-10
1.4552983e-14
8.4973352e-11
4.8773836e-14
-9.1562233e-21
8.6045729e-11
1.5154236e-13
-3.250425e-20
2.3364014e-10
2.8459149e-13
-4.4093042e-20
3.5883615e-10
4.1762779e-13
-4.221968e-20
4.6363364e-10
5.1746756e-13
-3.1450957e-20
5.4986684e-10
5.5612095e-13
-1.7721836e-20
6.1915978e-10
5.1705731e-13
-4.6199901e-21
6.7289668e-10
3.9915735e-13
5.7279729e-21
7.1220225e-10
2.1740118e-13
1.1957716e-20
7.3792886e-10
5.4916699e-21
1.3753157e-20
7.5064861e-10
-2.1740117e-13
1.3334617e-20
7.5064861e-10
-3.9915735e-13
1.412841e-20
7.3792886e-10
-5.170573e-13
1.7817529e-20
7.1220225e-10
-5.5612095e-13
2.3477577e-20
6.7289668e-10
-5.1746756e-13
2.9241462e-20
6.1915978e-10
-4.1762779e-13
3.3577566e-20
5.4986684e-10
-2.8459148e-13
3.4470789e-20
4.6363364e-10
-1.5154235e-13
2.9151122e-20
3.5883615e-10
-4.8773819e-14
1.6733e-20
2.3364014e-10
1.6009827e-21
8.6045729e-11
4.8773824e-14
-1.4552982e-14
8.6045729e-11
1.5154236e-13
-4.4530221e-14
2.3364014e-10
2.8459149e-13
-7.5514199e-14
3.5883615e-10
4.176278e-13
-1.0650787e-13
4.6363364e-10
5.1746757e-13
-1.3603494e-13
5.4986684e-10
5.5612096e-13
-1.6243989e-13
6.1915978e-10
5.1705732e-13
-1.8433165e-13
6.7289668e-10
3.9915736e-13
-2.0091052e-13
7.1220225e-10
2.1740118e-13
-2.1192538e-13
7.3792886e-10
5.0538395e-21
-2.1740116e-13
7.5064861e-10
-2.1740117e-13
-2.1740116e-13
7.5064861e-10
-3.9915734e-13
-2.1192538e-13
7.3792886e-10
-5.170573e-13
-2.0091051e-13
7.1220225e-10
-5.5612094e-13
-1.8433162e-13
6.7289668e-10
-5.1746755e-13
-1.6243985e-13
6.1915978e-10
-4.1762779e-13
-1.3603489e-13
5.4986684e-10
-2.8459149e-13
-1.0650782e-13
4.6363364e-10
-1.5154236e-13
-7.5514156e-14
3.5883615e-10
-4.8773829e-14
-4.4530199e-14
2.3364014e-10
-1.4552984e-14
8.6045729e-11
4.8284962e-14
-2.7319826e-14
8.4973352e-11
1.4920151e-13
-8.2994506e-14
2.3046134e-10
2.7930295e-13
-1.4014571e-13
3.5366143e-10
4.089918e-13
-1.9705478e-13
4.5663401e-10
5.0596793e-13
-2.5108376e-13
5.4125861e-10
5.4311106e-13
-2.9927071e-13
6.0918942e-10
5.0451476e-13
-3.3913333e-13
6.618282e-10
3.8923957e-13
-3.6926073e-13
7.0030804e-10
2.119254e-13
-3.8923954e-13
7.2548416e-10
4.7164257e-21
-3.9915733e-13
7.3792886e-10
-2.1192539e-13
-3.9915733e-13
7.3792886e-10
-3.8923954e-13
-3.8923953e-13
7.2548416e-10
-5.0451473e-13
-3.6926071e-13
7.0030804e-10
-5.4311103e-13
-3.3913331e-13
6.618282e-10
-5.059679e-13
-2.9927068e-13
6.0918942e-10
-4.0899179e-13
-2.5108374e-13
5.4125861e-10
-2.7930296e-13
-1.9705477e-13
4.5663401e-10
-1.4920154e-13
-1.4014571e-13
3.5366143e-10
-4.8284988e-14
-8.2994526e-14
2.3046134e-10
-2.7319844e-14
8.4973352e-11
4.7193863e-14
-3.6764181e-14
8.2790186e-11
1.4423932e-13
-1.10303e-13
2.2399281e-10
2.683125e-13
-1.8490328e-13
3.4313986e-10
3.9124886e-13
-2.5861768e-13
4.4241619e-10
4.8252389e-13
-3.2819383e-13
5.2379184e-10
5.1673434e-13
-3.8996071e-13
5.8897896e-10
4.7918407e-13
-4.4085727e-13
6.39411e-10
3.6926075e-13
-4.7918404e-13
6.7623459e-10
2.0091054e-13
-5.0451473e-13
7.0030804e-10
6.6635829e-21
-5.1705729e-13
7.1220225e-10
-2.0091052e-13
-5.1705729e-13
7.1220225e-10
-3.6926072e-13
-5.0451472e-13
7.0030804e-10
-4.7918403e-13
-4.7918402e-13
6.7623459e-10
-5.167343e-13
-4.4085725e-13
6.39411e-10
-4.8252386e-13
-3.8996071e-13
5.8897896e-10
-3.9124886e-13
-3.2819384e-13
5.2379184e-10
-2.6831252e-13
-2.5861772e-13
4.4241619e-10
-1.4423936e-13
-1.8490334e-13
3.4313986e-10
-4.7193899e-14
-1.1030306e-13
2.2399281e-10
-3.6764209e-14
8.2790186e-11
4.5327189e-14
-4.182964e-14
7.9415113e-11
1.3624465e-13
-1.231812e-13
2.1400145e-10
2.5104327e-13
-2.0425426e-13
3.269127e-10
3.6378263e-13
-2.8348333e-13
4.2052897e-10
4.4660376e-13
-3.5764726e-13
4.9695465e-10
4.76618e-13
-4.2304613e-13
5.5798136e-10
4.408573e-13
-4.7661796e-13
6.0508073e-10
3.3913336e-13
-5.167343e-13
6.39411e-10
1.8433166e-13
-5.4311103e-13
6.618282e-10
1.0802501e-20
-5.5612093e-13
6.7289668e-10
-1.8433163e-13
-5.5612093e-13
6.7289668e-10
-3.3913332e-13
-5.4311101e-13
6.618282e-10
-4.4085726e-13
-5.1673429e-13
6.39411e-10
-4.7661797e-13
-4.7661796e-13
6.0508073e-10
-4.4660375e-13
-4.2304616e-13
5.5798136e-10
-3.6378265e-13
-3.5764732e-13
4.9695465e-10
-2.5104331e-13
-2.8348341e-13
4.2052897e-10
-1.362447e-13
-2.0425436e-13
3.269127e-10
-4.5327221e-14
-1.2318128e-13
2.1400145e-10
-4.1829672e-14
7.9415113e-11
4.2542528e-14
-4.2132906e-14
7.4714063e-11
1.2492919e-13
-1.2076729e-13
2.0010588e-10
2.2718356e-13
-1.9713532e-13
3.0440194e-10
3.2640796e-13
-2.7065939e-13
3.9025777e-10
3.9825356e-13
-3.3874565e-13
4.5994966e-10
4.2304618e-13
-3.9825351e-13
5.1535688e-10
3.8996075e-13
-4.4660372e-13
5.5798136e-10
2.9927073e-13
-4.8252385e-13
5.8897896e-10
1.624399e-13
-5.0596789e-13
6.0918942e-10
1.547988e-20
-5.1746755e-13
6.1915978e-10
-1.6243986e-13
-5.1746754e-13
6.1915978e-10
-2.992707e-13
-5.0596788e-13
6.0918942e-10
-3.8996072e-13
-4.8252385e-13
5.8897896e-10
-4.2304617e-13
-4.4660374e-13
5.5798136e-10
-3.9825358e-13
-3.9825357e-13
5.1535688e-10
-3.2640801e-13
-3.3874574e-13
4.5994966e-10
-2.2718362e-13
-2.7065951e-13
3.9025777e-10
-1.2492924e-13
-1.9713543e-13
3.0440194e-10
-4.2542546e-14
-1.2076738e-13
2.0010588e-10
-4.2132941e-14
7.4714063e-11
3.8812693e-14
-3.8082194e-14
6.8479221e-11
1.1035797e-13
-1.0486427e-13
1.8172589e-10
1.9707971e-13
-1.6725297e-13
2.7475076e-10
2.7991273e-13
-2.2612128e-13
3.5057188e-10
3.387457e-13
-2.7991269e-13
4.1165549e-10
3.5764731e-13
-3.2640792e-13
4.5994966e-10
3.2819386e-13
-3.637826e-13
4.9695465e-10
2.5108378e-13
-3.9124883e-13
5.2379184e-10
1.3603494e-13
-4.0899178e-13
5.4125861e-10
1.9125663e-20
-4.1762778e-13
5.4986684e-10
-1.3603491e-13
-4.1762778e-13
5.4986684e-10
-2.5108375e-13
-4.0899178e-13
5.4125861e-10
-3.2819386e-13
-3.9124885e-13
5.2379184e-10
-3.5764733e-13
-3.6378265e-13
4.9695465e-10
-3.3874575e-13
-3.26408e-13
4.5994966e-10
-2.799128e-13
-2.7991279e-13
4.1165549e-10
-1.9707977e-13
-2.261214e-13
3.5057188e-10
-1.10358e-13
-1.6725309e-13
2.7475076e-10
-3.8812693e-14
-1.0486436e-13
1.8172589e-10
-3.8082233e-14
6.8479221e-11
3.4229666e-14
-3.0818502e-14
6.03858e-11
9.2966589e-14
-7.9667997e-14
1.5798681e-10
1.6177599e-13
-1.2249975e-13
2.3672132e-10
2.2612133e-13
-1.6177595e-13
3.000422e-10
2.7065944e-13
-1.9707967e-13
3.5057188e-10
2.8348337e-13
-2.2718353e-13
3.9025777e-10
2.5861771e-13
-2.5104324e-13
4.2052897e-10
1.9705479e-13
-2.6831247e-13
4.4241619e-10
1.0650787e-13
-2.7930293e-13
4.5663401e-10
1.9932815e-20
-2.8459148e-13
4.6363364e-10
-1.0650783e-13
-2.8459148e-13
4.6363364e-10
-1.9705478e-13
-2.7930295e-13
4.5663401e-10
-2.5861773e-13
-2.6831251e-13
4.4241619e-10
-2.8348343e-13
-2.510433e-13
4.2052897e-10
-2.7065952e-13
-2.2718361e-13
3.9025777e-10
-2.2612141e-13
-1.9707976e-13
3.5057188e-10
-1.6177605e-13
-1.6177604e-13
3.000422e-10
-9.296661e-14
-1.2249984e-13
2.3672132e-10
-3.4229659e-14
-7.9668072e-14
1.5798681e-10
-3.0818545e-14
6.03858e-11
2.8849008e-14
-2.1776114e-14
4.9892349e-11
7.3199432e-14
-5.0643132e-14
1.2753289e-10
1.224998e-13
-7.3199398e-14
1.8852285e-10
1.6725302e-13
-9.2966555e-14
2.3672132e-10
1.9713536e-13
-1.1035794e-13
2.7475076e-10
2.042543e-13
-1.2492917e-13
3.0440194e-10
1.8490331e-13
-1.3624463e-13
3.269127e-10
1.4014572e-13
-1.442393e-13
3.4313986e-10
7.5514189e-14
-1.492015e-13
3.5366143e-10
1.5822197e-20
-1.5154235e-13
3.5883615e-10
-7.5514169e-14
-1.5154236e-13
3.5883615e-10
-1.4014573e-13
-1.4920154e-13
3.5366143e-10
-1.8490336e-13
-1.4423936e-13
3.4313986e-10
-2.0425437e-13
-1.362447e-13
3.269127e-10
-1.9713544e-13
-1.2492923e-13
3.0440194e-10
-1.6725309e-13
-1.10358e-13
2.7475076e-10
-1.2249985e-13
-9.2966605e-14
2.3672132e-10
-7.3199451e-14
-7.3199446e-14
1.8852285e-10
-2.8849006e-14
-5.0643182e-14
1.2753289e-10
-2.1776151e-14
4.9892349e-11
2.216037e-14
-1.1393422e-14
3.5972152e-11
5.0643162e-14
-2.2160355e-14
8.8147685e-11
7.9668036e-14
-2.8848989e-14
1.2753289e-10
1.0486431e-13
-3.4229645e-14
1.5798681e-10
1.2076733e-13
-3.8812671e-14
1.8172589e-10
1.2318123e-13
-4.254251e-14
2.0010588e-10
1.1030302e-13
-4.5327176e-14
2.1400145e-10
8.2994513e-14
-4.7193856e-14
2.2399281e-10
4.4530212e-14
-4.8284958e-14
2.3046134e-10
6.90193e-21
-4.8773818e-14
2.3364014e-10
-4.453021e-14
-4.8773828e-14
2.3364014e-10
-8.2994537e-14
-4.8284986e-14
2.3046134e-10
-1.1030307e-13
-4.7193897e-14
2.2399281e-10
-1.2318129e-13
-4.5327219e-14
2.1400145e-10
-1.2076739e-13
-4.2542544e-14
2.0010588e-10
-1.0486437e-13
-3.8812691e-14
1.8172589e-10
-7.9668077e-14
-3.4229656e-14
1.5798681e-10
-5.0643186e-14
-2.8849003e-14
1.2753289e-10
-2.2160379e-14
-2.2160377e-14
8.8147685e-11
-1.1393445e-14
3.5972152e-11
1.1393431e-14
1.6250881e-11
2.1776132e-14
3.5972152e-11
3.0818525e-14
4.9892349e-11
3.8082217e-14
6.03858e-11
4.2132925e-14
6.8479221e-11
4.1829654e-14
7.4714063e-11
3.676419e-14
7.9415113e-11
2.731983e-14
8.2790186e-11
1.4552979e-14
8.4973352e-11
-2.2189281e-21
8.6045729e-11
-1.4552988e-14
8.6045729e-11
-2.7319848e-14
8.4973352e-11
-3.6764214e-14
8.2790186e-11
-4.1829676e-14
7.9415113e-11
-4.2132944e-14
7.4714063e-11
-3.8082236e-14
6.8479221e-11
-3.0818547e-14
6.03858e-11
-2.1776152e-14
4.9892349e-11
-1.1393446e-14
3.5972152e-11
1.6250881e-11
1.9248591e-15
1.9248552e-15
1.6247032e-11
9.7690266e-15
6.0127551e-15
3.5958295e-11
1.9097819e-14
9.8910939e-15
4.9873129e-11
2.6660719e-14
1.3689496e-14
6.0364547e-11
3.0885215e-14
1.715745e-14
6.8457839e-11
3.1130289e-14
2.0127399e-14
7.4693691e-11
2.7434752e-14
2.2465044e-14
7.9396344e-11
2.0354516e-14
2.4127679e-14
8.2773139e-11
1.0819747e-14
2.5159633e-14
8.4957727e-11
4.358623e-21
2.5644529e-14
8.6030905e-11
-1.081974e-14
2.5644523e-14
8.6030905e-11
-2.0354516e-14
2.5159617e-14
8.4957727e-11
-2.7434767e-14
2.4127662e-14
8.2773139e-11
-3.1130324e-14
2.2465041e-14
7.9396344e-11
-3.0885268e-14
2.0127425e-14
7.4693691e-11
-2.6660776e-14
1.715751e-14
6.8457839e-11
-1.9097864e-14
1.3689581e-14
6.0364547e-11
-9.7690488e-15
9.8911815e-15
4.9873129e-11
-1.9248567e-15
6.0128157e-15
3.5958295e-11
1.9248592e-15
1.6247032e-11
6.0127614e-15
9.7690237e-15
3.5958295e-11
2.5178376e-14
2.5178369e-14
8.8109354e-11
4.8193046e-14
3.8525757e-14
1.2748124e-10
6.7701491e-14
5.0872048e-14
1.5793012e-10
7.9365856e-14
6.2068765e-14
1.8166931e-10
8.0998637e-14
7.1698229e-14
2.0005268e-10
7.2177812e-14
7.9371146e-14
2.1395337e-10
5.4012586e-14
8.4924326e-14
2.2395017e-10
2.8867336e-14
8.8437895e-14
2.3042321e-10
-2.9711748e-21
9.0115108e-14
2.3360453e-10
-2.886734e-14
9.0115105e-14
2.3360453e-10
-5.4012587e-14
8.8437883e-14
2.3042321e-10
-7.2177819e-14
8.4924309e-14
2.2395017e-10
-8.0998661e-14
7.9371137e-14
2.1395337e-10
-7.9365907e-14
7.1698247e-14
2.0005268e-10
-6.7701565e-14
6.2068826e-14
1.8166931e-10
-4.8193128e-14
5.0872149e-14
1.5793012e-10
-2.5178449e-14
3.8525874e-14
1.2748124e-10
-6.0128101e-15
2.5178465e-14
8.8109354e-11
9.7690582e-15
3.5958295e-11
9.8910993e-15
1.9097819e-14
4.9873129e-11
3.8525764e-14
4.8193042e-14
1.2748124e-10
7.3144251e-14
7.3144246e-14
1.8845362e-10
1.0332241e-13
9.6108807e-14
2.366459e-10
1.2224232e-13
1.1705607e-13
2.7467685e-10
1.2595265e-13
1.3524472e-13
3.0433468e-10
1.131832e-13
1.4991563e-13
3.2685493e-10
8.524695e-14
1.6068098e-13
3.4309204e-10
4.5745466e-14
1.6758557e-13
3.5362178e-10
-1.0715783e-20
1.7091614e-13
3.5880109e-10
-4.5745483e-14
1.7091615e-13
3.5880109e-10
-8.5246958e-14
1.6758559e-13
3.5362178e-10
-1.131832e-13
1.6068099e-13
3.4309204e-10
-1.2595265e-13
1.4991563e-13
3.2685493e-10
-1.2224234e-13
1.3524473e-13
3.0433468e-10
-1.0332245e-13
1.1705611e-13
2.7467685e-10
-7.3144326e-14
9.610889e-14
2.366459e-10
-3.8525853e-14
7.3144363e-14
1.8845362e-10
-9.8911718e-15
4.8193159e-14
1.2748124e-10
1.9097881e-14
4.9873129e-11
1.3689498e-14
2.666072e-14
6.0364547e-11
5.0872052e-14
6.7701491e-14
1.5793012e-10
9.6108811e-14
1.033224e-13
2.366459e-10
1.3644066e-13
1.3644065e-13
2.9996154e-10
1.6268954e-13
1.6699228e-13
3.5049569e-10
1.6897769e-13
1.9382452e-13
3.901929e-10
1.5291631e-13
2.1572029e-13
4.2047923e-10
1.1579298e-13
2.3197386e-13
4.4238202e-10
6.2345544e-14
2.4250862e-13
4.5661254e-10
-7.0733794e-21
2.4762955e-13
4.6361928e-10
-6.234556e-14
2.4762957e-13
4.6361928e-10
-1.15793e-13
2.4250867e-13
4.5661254e-10
-1.5291631e-13
2.3197392e-13
4.4238202e-10
-1.6897768e-13
2.1572032e-13
4.2047923e-10
-1.6268952e-13
1.9382454e-13
3.901929e-10
-1.3644066e-13
1.669923e-13
3.5049569e-10
-9.6108851e-14
1.3644071e-13
2.9996154e-10
-5.0872125e-14
1.033225e-13
2.366459e-10
-1.3689568e-14
6.7701607e-14
1.5793012e-10
2.6660798e-14
6.0364547e-11
1.715745e-14
3.0885216e-14
6.8457839e-11
6.2068765e-14
7.9365857e-14
1.8166931e-10
1.1705608e-13
1.2224232e-13
2.7467685e-10
1.6699228e-13
1.6268954e-13
3.5049569e-10
2.0047474e-13
2.0047474e-13
4.1158852e-10
2.0964472e-13
2.3403381e-13
4.5990029e-10
1.9083882e-13
2.6170424e-13
4.9692747e-10
1.4515712e-13
2.8244174e-13
5.2378705e-10
7.8373322e-14
2.959939e-13
5.4127191e-10
1.0921183e-20
3.0262009e-13
5.4989022e-10
-7.8373313e-14
3.0262011e-13
5.4989022e-10
-1.4515714e-13
2.9599397e-13
5.4127191e-10
-1.9083885e-13
2.8244182e-13
5.2378705e-10
-2.0964473e-13
2.6170431e-13
4.9692747e-10
-2.0047473e-13
2.3403387e-13
4.5990029e-10
-1.6699226e-13
2.0047478e-13
4.1158852e-10
-1.1705607e-13
1.6268958e-13
3.5049569e-10
-6.20688e-14
1.2224239e-13
2.7467685e-10
-1.7157496e-14
7.9365955e-14
1.8166931e-10
3.0885292e-14
6.8457839e-11
2.0127397e-14
3.1130289e-14
7.4693691e-11
7.1698227e-14
8.0998639e-14
2.0005268e-10
1.3524472e-13
1.2595266e-13
3.0433468e-10
1.9382452e-13
1.6897769e-13
3.901929e-10
2.3403381e-13
2.0964473e-13
4.5990029e-10
2.4612272e-13
2.4612272e-13
5.1533271e-10
2.2512844e-13
2.7646269e-13
5.579876e-10
1.7186317e-13
2.9937544e-13
5.8901529e-10
9.300151e-14
3.1444451e-13
6.0924983e-10
3.3652722e-20
3.2184476e-13
6.1923355e-10
-9.3001464e-14
3.2184477e-13
6.1923355e-10
-1.7186317e-13
3.1444456e-13
6.0924983e-10
-2.2512848e-13
2.9937551e-13
5.8901529e-10
-2.4612275e-13
2.7646278e-13
5.579876e-10
-2.3403382e-13
2.461228e-13
5.1533271e-10
-1.9382449e-13
2.0964479e-13
4.5990029e-10
-1.3524469e-13
1.6897774e-13
3.901929e-10
-7.169822e-14
1.2595271e-13
3.0433468e-10
-2.0127409e-14
8.0998711e-14
2.0005268e-10
3.1130349e-14
7.4693691e-11
2.2465042e-14
2.743475e-14
7.9396344e-11
7.9371143e-14
7.2177814e-14
2.1395337e-10
1.4991563e-13
1.1318321e-13
3.2685493e-10
2.1572028e-13
1.5291631e-13
4.2047923e-10
2.6170423e-13
1.9083883e-13
4.9692747e-10
2.7646268e-13
2.2512845e-13
5.579876e-10
2.5384323e-13
2.5384323e-13
6.0512597e-10
1.943359e-13
2.7565473e-13
6.3949423e-10
1.053464e-13
2.9006698e-13
6.6194157e-10
4.7780475e-20
2.9716727e-13
6.7302671e-10
-1.0534633e-13
2.9716727e-13
6.7302671e-10
-1.9433588e-13
2.9006699e-13
6.6194157e-10
-2.5384325e-13
2.7565476e-13
6.3949423e-10
-2.7646273e-13
2.5384329e-13
6.0512597e-10
-2.6170426e-13
2.2512852e-13
5.579876e-10
-2.1572027e-13
1.9083889e-13
4.9692747e-10
-1.4991559e-13
1.5291636e-13
4.2047923e-10
-7.9371108e-14
1.1318325e-13
3.2685493e-10
-2.2465024e-14
7.2177864e-14
2.1395337e-10
2.7434791e-14
7.9396344e-11
2.4127679e-14
2.0354514e-14
8.2773139e-11
8.4924324e-14
5.4012587e-14
2.2395017e-10
1.6068097e-13
8.5246957e-14
3.4309204e-10
2.3197386e-13
1.1579299e-13
4.4238202e-10
2.8244173e-13
1.4515713e-13
5.2378705e-10
2.9937543e-13
1.7186318e-13
5.8901529e-10
2.7565472e-13
1.9433591e-13
6.3949423e-10
2.1147486e-13
2.1147487e-13
6.7636295e-10
1.1478351e-13
2.2283595e-13
7.0047196e-10
4.6860736e-20
2.2844511e-13
7.1238576e-10
-1.1478342e-13
2.2844509e-13
7.1238576e-10
-2.1147481e-13
2.2283592e-13
7.0047196e-10
-2.7565472e-13
2.1147484e-13
6.7636295e-10
-2.9937547e-13
1.9433591e-13
6.3949423e-10
-2.8244177e-13
1.718632e-13
5.8901529e-10
-2.3197387e-13
1.4515717e-13
5.2378705e-10
-1.6068094e-13
1.1579304e-13
4.4238202e-10
-8.4924278e-14
8.5246996e-14
3.4309204e-10
-2.4127644e-14
5.4012622e-14
2.2395017e-10
2.0354536e-14
8.2773139e-11
2.5159634e-14
1.0819746e-14
8.4957727e-11
8.8437894e-14
2.8867338e-14
2.3042321e-10
1.6758557e-13
4.5745473e-14
3.5362178e-10
2.4250861e-13
6.2345555e-14
4.5661254e-10
2.959939e-13
7.8373335e-14
5.4127191e-10
3.1444451e-13
9.3001523e-14
6.0924983e-10
2.9006697e-13
1.0534641e-13
6.6194157e-10
2.2283594e-13
1.1478352e-13
7.0047196e-10
1.2105074e-13
1.2105075e-13
7.2568773e-10
3.3655634e-20
1.241488e-13
7.3815421e-10
-1.2105068e-13
1.2414878e-13
7.3815421e-10
-2.2283589e-13
1.210507e-13
7.2568773e-10
-2.9006695e-13
1.1478345e-13
7.0047196e-10
-3.1444451e-13
1.0534635e-13
6.6194157e-10
-2.9599392e-13
9.3001487e-14
6.0924983e-10
-2.4250862e-13
7.8373335e-14
5.4127191e-10
-1.6758554e-13
6.2345581e-14
4.5661254e-10
-8.8437849e-14
4.5745504e-14
3.5362178e-10
-2.5159596e-14
2.886736e-14
2.3042321e-10
1.0819753e-14
8.4957727e-11
2.5644531e-14
4.0686657e-21
8.6030905e-11
9.0115109e-14
-4.3678058e-22
2.3360453e-10
1.7091614e-13
-3.4841814e-21
3.5880109e-10
2.4762954e-13
4.4304504e-21
4.6361928e-10
3.0262008e-13
2.4932934e-20
5.4989022e-10
3.2184475e-13
4.8339754e-20
6.1923355e-10
2.9716726e-13
6.1545241e-20
6.7302671e-10
2.284451e-13
5.8660253e-20
7.1238576e-10
1.241488e-13
4.3206841e-20
7.3815421e-10
1.4589483e-20
2.269457e-20
7.5089691e-10
-1.2414876e-13
2.0259004e-21
7.5089691e-10
-2.2844506e-13
-1.6046686e-20
7.3815421e-10
-2.9716723e-13
-2.7952662e-20
7.1238576e-10
-3.2184473e-13
-2.8717041e-20
6.7302671e-10
-3.0262007e-13
-1.6942424e-20
6.1923355e-10
-2.4762952e-13
9.3048662e-22
5.4989022e-10
-1.7091611e-13
1.351672e-20
4.6361928e-10
-9.0115068e-14
1.3898787e-20
3.5880109e-10
-2.5644499e-14
5.5530613e-21
2.3360453e-10
-2.0740794e-21
8.6030905e-11
2.5644524e-14
-1.081974e-14
8.6030905e-11
9.0115106e-14
-2.8867336e-14
2.3360453e-10
1.7091615e-13
-4.5745476e-14
3.5880109e-10
2.4762956e-13
-6.2345549e-14
4.6361928e-10
3.026201e-13
-7.83733e-14
5.4989022e-10
3.2184476e-13
-9.300145e-14
6.1923355e-10
2.9716726e-13
-1.0534631e-13
6.7302671e-10
2.2844508e-13
-1.1478341e-13
7.1238576e-10
1.2414878e-13
-1.2105067e-13
7.3815421e-10
-6.10124e-21
-1.2414876e-13
7.5089691e-10
-1.2414878e-13
-1.2414878e-13
7.5089691e-10
-2.2844508e-13
-1.2105072e-13
7.3815421e-10
-2.9716723e-13
-1.1478348e-13
7.1238576e-10
-3.2184472e-13
-1.0534638e-13
6.7302671e-10
-3.0262005e-13
-9.3001496e-14
6.1923355e-10
-2.4762951e-13
-7.8373317e-14
5.4989022e-10
-1.709161e-13
-6.2345549e-14
4.6361928e-10
-9.0115073e-14
-4.5745479e-14
3.5880109e-10
-2.5644505e-14
-2.8867351e-14
2.3360453e-10
-1.0819756e-14
8.6030905e-11
2.5159617e-14
-2.0354515e-14
8.4957727e-11
8.8437884e-14
-5.4012583e-14
2.3042321e-10
1.6758559e-13
-8.5246951e-14
3.5362178e-10
2.4250866e-13
-1.1579299e-13
4.5661254e-10
2.9599396e-13
-1.4515713e-13
5.4127191e-10
3.1444455e-13
-1.7186316e-13
6.0924983e-10
2.9006698e-13
-1.9433586e-13
6.6194157e-10
2.2283591e-13
-2.114748e-13
7.0047196e-10
1.2105069e-13
-2.2283588e-13
7.2568773e-10
-2.5626739e-20
-2.2844505e-13
7.3815421e-10
-1.2105073e-13
-2.2844507e-13
7.3815421e-10
-2.2283592e-13
-2.2283591e-13
7.2568773e-10
-2.9006695e-13
-2.1147483e-13
7.0047196e-10
-3.1444448e-13
-1.9433588e-13
6.6194157e-10
-2.9599387e-13
-1.7186316e-13
6.0924983e-10
-2.4250859e-13
-1.4515712e-13
5.4127191e-10
-1.6758554e-13
-1.15793e-13
4.5661254e-10
-8.8437865e-14
-8.5246976e-14
3.5362178e-10
-2.5159612e-14
-5.4012616e-14
2.3042321e-10
-2.0354535e-14
8.4957727e-11
2.412766e-14
-2.7434765e-14
8.2773139e-11
8.4924308e-14
-7.2177813e-14
2.2395017e-10
1.6068098e-13
-1.1318319e-13
3.4309204e-10
2.3197392e-13
-1.5291631e-13
4.4238202e-10
2.8244182e-13
-1.9083884e-13
5.2378705e-10
2.993755e-13
-2.2512847e-13
5.8901529e-10
2.7565475e-13
-2.5384324e-13
6.3949423e-10
2.1147483e-13
-2.7565471e-13
6.7636295e-10
1.1478343e-13
-2.9006694e-13
7.0047196e-10
-3.9474905e-20
-2.9716722e-13
7.1238576e-10
-1.1478349e-13
-2.9716722e-13
7.1238576e-10
-2.1147484e-13
-2.9006694e-13
7.0047196e-10
-2.756547e-13
-2.756547e-13
6.7636295e-10
-2.9937541e-13
-2.5384321e-13
6.3949423e-10
-2.8244172e-13
-2.2512843e-13
5.8901529e-10
-2.3197385e-13
-1.9083883e-13
5.2378705e-10
-1.6068096e-13
-1.5291633e-13
4.4238202e-10
-8.4924307e-14
-1.1318324e-13
3.4309204e-10
-2.4127664e-14
-7.2177854e-14
2.2395017e-10
-2.7434778e-14
8.2773139e-11
2.2465037e-14
-3.1130322e-14
7.9396344e-11
7.9371132e-14
-8.0998655e-14
2.1395337e-10
1.4991563e-13
-1.2595265e-13
3.2685493e-10
2.1572032e-13
-1.6897767e-13
4.2047923e-10
2.6170431e-13
-2.0964473e-13
4.9692747e-10
2.7646277e-13
-2.4612275e-13
5.579876e-10
2.5384328e-13
-2.7646272e-13
6.0512597e-10
1.9433589e-13
-2.9937546e-13
6.3949423e-10
1.0534634e-13
-3.144445e-13
6.6194157e-10
-4.1777559e-20
-3.2184472e-13
6.7302671e-10
-1.0534639e-13
-3.2184471e-13
6.7302671e-10
-1.9433589e-13
-3.1444447e-13
6.6194157e-10
-2.5384322e-13
-2.9937541e-13
6.3949423e-10
-2.7646268e-13
-2.7646267e-13
6.0512597e-10
-2.6170423e-13
-2.4612271e-13
5.579876e-10
-2.1572028e-13
-2.0964474e-13
4.9692747e-10
-1.4991563e-13
-1.6897772e-13
4.2047923e-10
-7.9371141e-14
-1.259527e-13
3.2685493e-10
-2.2465038e-14
-8.0998686e-14
2.1395337e-10
-3.1130319e-14
7.9396344e-11
2.012742e-14
-3.0885267e-14
7.4693691e-11
7.169824e-14
-7.93659e-14
2.0005268e-10
1.3524472e-13
-1.2224233e-13
3.0433468e-10
1.9382453e-13
-1.6268952e-13
3.901929e-10
2.3403386e-13
-2.0047472e-13
4.5990029e-10
2.4612279e-13
-2.3403381e-13
5.1533271e-10
2.2512851e-13
-2.6170426e-13
5.579876e-10
1.7186319e-13
-2.8244177e-13
5.8901529e-10
9.3001473e-14
-2.9599391e-13
6.0924983e-10
-3.0673336e-20
-3.0262006e-13
6.1923355e-10
-9.3001509e-14
-3.0262004e-13
6.1923355e-10
-1.7186317e-13
-2.9599387e-13
6.0924983e-10
-2.2512844e-13
-2.8244172e-13
5.8901529e-10
-2.4612272e-13
-2.6170423e-13
5.579876e-10
-2.3403382e-13
-2.3403382e-13
5.1533271e-10
-1.9382454e-13
-2.0047476e-13
4.5990029e-10
-1.3524474e-13
-1.6268958e-13
3.901929e-10
-7.169824e-14
-1.2224237e-13
3.0433468e-10
-2.0127403e-14
-7.9365909e-14
2.0005268e-10
-3.0885247e-14
7.4693691e-11
1.7157506e-14
-2.6660777e-14
6.8457839e-11
6.2068817e-14
-6.7701561e-14
1.8166931e-10
1.170561e-13
-1.0332244e-13
2.7467685e-10
1.669923e-13
-1.3644065e-13
3.5049569e-10
2.0047477e-13
-1.6699225e-13
4.1158852e-10
2.0964478e-13
-1.9382449e-13
4.5990029e-10
1.9083888e-13
-2.1572027e-13
4.9692747e-10
1.4515716e-13
-2.3197387e-13
5.2378705e-10
7.8373322e-14
-2.4250862e-13
5.4127191e-10
-1.2385854e-20
-2.4762952e-13
5.4989022e-10
-7.8373329e-14
-2.476295e-13
5.4989022e-10
-1.4515713e-13
-2.4250858e-13
5.4127191e-10
-1.9083883e-13
-2.3197384e-13
5.2378705e-10
-2.0964474e-13
-2.1572028e-13
4.9692747e-10
-2.0047477e-13
-1.9382453e-13
4.5990029e-10
-1.6699231e-13
-1.6699231e-13
4.1158852e-10
-1.1705611e-13
-1.364407e-13
3.5049569e-10
-6.2068789e-14
-1.0332246e-13
2.7467685e-10
-1.7157463e-14
-6.7701543e-14
1.8166931e-10
-2.6660748e-14
6.8457839e-11
1.3689579e-14
-1.9097867e-14
6.0364547e-11
5.0872142e-14
-4.8193127e-14
1.5793012e-10
9.6108879e-14
-7.314432e-14
2.366459e-10
1.364407e-13
-9.6108843e-14
2.9996154e-10
1.6268957e-13
-1.1705607e-13
3.5049569e-10
1.6897773e-13
-1.3524468e-13
3.901929e-10
1.5291635e-13
-1.4991559e-13
4.2047923e-10
1.1579303e-13
-1.6068094e-13
4.4238202e-10
6.234557e-14
-1.6758554e-13
4.5661254e-10
2.1894399e-21
-1.7091611e-13
4.6361928e-10
-6.2345559e-14
-1.709161e-13
4.6361928e-10
-1.1579301e-13
-1.6758554e-13
4.5661254e-10
-1.5291633e-13
-1.6068096e-13
4.4238202e-10
-1.6897772e-13
-1.4991563e-13
4.2047923e-10
-1.6268958e-13
-1.3524474e-13
3.901929e-10
-1.364407e-13
-1.1705611e-13
3.5049569e-10
-9.6108851e-14
-9.6108852e-14
2.9996154e-10
-5.0872083e-14
-7.3144298e-14
2.366459e-10
-1.3689515e-14
-4.819309e-14
1.5793012e-10
-1.9097842e-14
6.0364547e-11
9.8911825e-15
-9.7690517e-15
4.9873129e-11
3.852587e-14
-2.5178451e-14
1.2748124e-10
7.3144355e-14
-3.8525851e-14
1.8845362e-10
1.0332249e-13
-5.087212e-14
2.366459e-10
1.2224238e-13
-6.2068794e-14
2.7467685e-10
1.259527e-13
-7.1698216e-14
3.0433468e-10
1.1318324e-13
-7.9371106e-14
3.2685493e-10
8.5246989e-14
-8.4924279e-14
3.4309204e-10
4.5745497e-14
-8.843785e-14
3.5362178e-10
6.3374956e-21
-9.0115068e-14
3.5880109e-10
-4.5745486e-14
-9.0115072e-14
3.5880109e-10
-8.5246982e-14
-8.8437865e-14
3.5362178e-10
-1.1318324e-13
-8.4924307e-14
3.4309204e-10
-1.259527e-13
-7.9371141e-14
3.2685493e-10
-1.2224237e-13
-7.169824e-14
3.0433468e-10
-1.0332246e-13
-6.206879e-14
2.7467685e-10
-7.3144296e-14
-5.0872085e-14
2.366459e-10
-3.8525797e-14
-3.8525799e-14
1.8845362e-10
-9.891116e-15
-2.5178407e-14
1.2748124e-10
-9.7690405e-15
4.9873129e-11
6.0128185e-15
-1.9248584e-15
3.5958295e-11
2.5178465e-14
-6.0128138e-15
8.8109354e-11
4.8193155e-14
-9.8911736e-15
1.2748124e-10
6.7701601e-14
-1.3689567e-14
1.5793012e-10
7.9365947e-14
-1.7157493e-14
1.8166931e-10
8.0998704e-14
-2.0127407e-14
2.0005268e-10
7.2177859e-14
-2.2465024e-14
2.1395337e-10
5.4012619e-14
-2.4127645e-14
2.2395017e-10
2.8867357e-14
-2.5159598e-14
2.3042321e-10
2.7373038e-21
-2.5644501e-14
2.3360453e-10
-2.8867353e-14
-2.5644506e-14
2.3360453e-10
-5.4012618e-14
-2.5159613e-14
2.3042321e-10
-7.2177854e-14
-2.4127665e-14
2.2395017e-10
-8.0998685e-14
-2.2465039e-14
2.1395337e-10
-7.9365906e-14
-2.0127404e-14
2.0005268e-10
-6.770154e-14
-1.7157464e-14
1.8166931e-10
-4.8193087e-14
-1.3689517e-14
1.5793012e-10
-2.5178404e-14
-9.8911181e-15
1.2748124e-10
-6.0127729e-15
-6.0127751e-15
8.8109354e-11
-1.924861e-15
3.5958295e-11
1.9248604e-15
1.6247032e-11
9.76906e-15
3.5958295e-11
1.9097882e-14
4.9873129e-11
2.6660797e-14
6.0364547e-11
3.0885289e-14
6.8457839e-11
3.1130346e-14
7.4693691e-11
2.7434789e-14
7.9396344e-11
2.0354535e-14
8.2773139e-11
1.0819753e-14
8.4957727e-11
-1.4393283e-21
8.6030905e-11
-1.0819755e-14
8.6030905e-11
-2.0354534e-14
8.4957727e-11
-2.7434777e-14
8.2773139e-11
-3.1130317e-14
7.9396344e-11
-3.0885244e-14
7.4693691e-11
-2.6660746e-14
6.8457839e-11
-1.909784e-14
6.0364547e-11
-9.7690382e-15
4.9873129e-11
-1.9248595e-15
3.5958295e-11
1.6247032e-11
2.9705668e-15
2.9705627e-15
1.6241091e-11
6.1807101e-15
5.9579899e-15
3.5949127e-11
9.1873138e-15
7.9163743e-15
4.9862206e-11
1.161541e-14
9.5482475e-15
6.0352571e-11
1.297727e-14
1.0969113e-14
6.8445508e-11
1.2931395e-14
1.2157442e-14
7.4681579e-11
1.1375428e-14
1.3076676e-14
7.9384823e-11
8.4506558e-15
1.3719015e-14
8.2762345e-11
4.4991211e-15
1.4110253e-14
8.4947569e-11
3.3565761e-20
1.4291138e-14
8.6021113e-11
-4.4990621e-15
1.429115e-14
8.6021113e-11
-8.4506186e-15
1.4110288e-14
8.4947569e-11
-1.137542e-14
1.3719064e-14
8.2762345e-11
-1.2931419e-14
1.3076733e-14
7.9384823e-11
-1.2977323e-14
1.2157499e-14
7.4681579e-11
-1.1615483e-14
1.0969166e-14
6.8445508e-11
-9.1873872e-15
9.5482977e-15
6.0352571e-11
-6.1807621e-15
7.9164205e-15
4.9862206e-11
-2.9705869e-15
5.9580253e-15
3.5949127e-11
2.9705722e-15
1.6241091e-11
5.9579972e-15
6.1807054e-15
3.5949127e-11
1.4552979e-14
1.4552968e-14
8.8092164e-11
2.3599833e-14
2.1182056e-14
1.2745893e-10
3.1418838e-14
2.705097e-14
1.579048e-10
3.6302328e-14
3.2281316e-14
1.8164311e-10
3.702983e-14
3.6748127e-14
2.0002736e-10
3.3121153e-14
4.0303318e-14
2.1393005e-10
2.4887423e-14
4.2882171e-14
2.2392925e-10
1.3339434e-14
4.451969e-14
2.3040434e-10
8.0946351e-20
4.5303739e-14
2.3358686e-10
-1.3339291e-14
4.530375e-14
2.3358686e-10
-2.488733e-14
4.4519722e-14
2.3040434e-10
-3.3121129e-14
4.2882219e-14
2.2392925e-10
-3.7029879e-14
4.0303379e-14
2.1393005e-10
-3.6302437e-14
3.67482e-14
2.0002736e-10
-3.1418982e-14
3.2281402e-14
1.8164311e-10
-2.3599976e-14
2.7051066e-14
1.579048e-10
-1.4553084e-14
2.1182152e-14
1.2745893e-10
-5.958049e-15
1.4553044e-14
8.8092164e-11
6.1807377e-15
3.5949127e-11
7.9163816e-15
9.18731e-15
4.9862206e-11
2.1182069e-14
2.3599821e-14
1.2745893e-10
3.6154188e-14
3.6154172e-14
1.8842367e-10
4.9639918e-14
4.7688581e-14
2.3661178e-10
5.8535632e-14
5.8158992e-14
2.7464208e-10
6.057265e-14
6.7239429e-14
3.0430215e-10
5.4740878e-14
7.4593785e-14
3.2682647e-10
4.142546e-14
8.0035234e-14
3.430682e-10
2.2296864e-14
8.3559662e-14
3.5360187e-10
1.0072555e-19
8.527332e-14
3.5878342e-10
-2.2296684e-14
8.5273326e-14
3.5878342e-10
-4.1425339e-14
8.3559676e-14
3.5360187e-10
-5.4740837e-14
8.0035255e-14
3.430682e-10
-6.0572692e-14
7.4593814e-14
3.2682647e-10
-5.8535743e-14
6.723948e-14
3.0430215e-10
-4.9640072e-14
5.8159077e-14
2.7464208e-10
-3.6154347e-14
4.76887e-14
2.3661178e-10
-2.1182193e-14
3.6154305e-14
1.8842367e-10
-7.9164466e-15
2.3599935e-14
1.2745893e-10
9.1873612e-15
4.9862206e-11
9.5482524e-15
1.1615407e-14
6.0352571e-11
2.7050981e-14
3.1418826e-14
1.579048e-10
4.7688598e-14
4.9639901e-14
2.3661178e-10
6.6818895e-14
6.6818877e-14
2.9992328e-10
7.9911768e-14
8.2662186e-14
3.504581e-10
8.3556802e-14
9.6588097e-14
3.9015991e-10
7.6097066e-14
1.0802148e-13
4.2045326e-10
5.7899764e-14
1.1659887e-13
4.4236365e-10
3.1265083e-14
1.222255e-13
4.566005e-10
1.034811e-19
1.2498679e-13
4.6361083e-10
-3.1264899e-14
1.2498679e-13
4.6361083e-10
-5.7899639e-14
1.222255e-13
4.566005e-10
-7.6097014e-14
1.1659887e-13
4.4236365e-10
-8.3556821e-14
1.0802148e-13
4.2045326e-10
-7.9911845e-14
9.658812e-14
3.9015991e-10
-6.6819016e-14
8.2662248e-14
3.504581e-10
-4.7688738e-14
6.6818986e-14
2.9992328e-10
-2.7051104e-14
4.9640041e-14
2.3661178e-10
-9.5483235e-15
3.1418952e-14
1.579048e-10
1.1615463e-14
6.0352571e-11
1.0969115e-14
1.2977265e-14
6.8445508e-11
3.2281324e-14
3.6302315e-14
1.8164311e-10
5.8159006e-14
5.8535616e-14
2.7464208e-10
8.2662203e-14
7.991175e-14
3.504581e-10
9.9901208e-14
9.9901191e-14
4.1155405e-10
1.053064e-13
1.1768374e-13
4.5987378e-10
9.6501256e-14
1.3245124e-13
4.9691185e-10
7.3751583e-14
1.4364958e-13
5.2378275e-10
3.9931972e-14
1.510636e-13
5.4127689e-10
1.0058425e-19
1.547255e-13
5.4990042e-10
-3.9931795e-14
1.547255e-13
5.4990042e-10
-7.3751466e-14
1.5106359e-13
5.4127689e-10
-9.6501204e-14
1.4364957e-13
5.2378275e-10
-1.0530639e-13
1.3245123e-13
4.9691185e-10
-9.9901244e-14
1.1768375e-13
4.5987378e-10
-8.2662274e-14
9.9901227e-14
4.1155405e-10
-5.8159108e-14
7.9911829e-14
3.504581e-10
-3.2281433e-14
5.8535729e-14
2.7464208e-10
-1.0969189e-14
3.6302424e-14
1.8164311e-10
1.2977314e-14
6.8445508e-11
1.2157443e-14
1.2931388e-14
7.4681579e-11
3.6748133e-14
3.7029816e-14
2.0002736e-10
6.7239441e-14
6.0572634e-14
3.0430215e-10
9.6588112e-14
8.3556786e-14
3.9015991e-10
1.1768376e-13
1.0530638e-13
4.5987378e-10
1.248574e-13
1.2485739e-13
5.1531836e-10
1.1499956e-13
1.4124947e-13
5.5798866e-10
8.8213515e-14
1.5378647e-13
5.8903194e-10
4.7869567e-14
1.6214507e-13
6.0927909e-10
9.4096246e-20
1.6629295e-13
6.1926986e-10
-4.7869402e-14
1.6629294e-13
6.1926986e-10
-8.8213406e-14
1.6214504e-13
6.0927909e-10
-1.1499951e-13
1.5378643e-13
5.8903194e-10
-1.2485739e-13
1.4124944e-13
5.5798866e-10
-1.1768376e-13
1.2485738e-13
5.1531836e-10
-9.658814e-14
1.0530639e-13
4.5987378e-10
-6.7239502e-14
8.3556822e-14
3.9015991e-10
-3.6748221e-14
6.0572698e-14
3.0430215e-10
-1.2157516e-14
3.7029887e-14
2.0002736e-10
1.2931423e-14
7.4681579e-11
1.3076677e-14
1.1375419e-14
7.9384823e-11
4.0303324e-14
3.3121137e-14
2.1393005e-10
7.4593796e-14
5.4740861e-14
3.2682647e-10
1.0802149e-13
7.6097051e-14
4.2045326e-10
1.3245125e-13
9.6501243e-14
4.9691185e-10
1.4124948e-13
1.1499955e-13
5.5798866e-10
1.3062801e-13
1.30628e-13
6.0514721e-10
1.0050021e-13
1.4266033e-13
6.3953548e-10
5.4636226e-14
1.5072469e-13
6.6199885e-10
7.9311619e-20
1.5474031e-13
6.730929e-10
-5.4636083e-14
1.5474029e-13
6.730929e-10
-1.0050011e-13
1.5072463e-13
6.6199885e-10
-1.3062795e-13
1.4266027e-13
6.3953548e-10
-1.4124945e-13
1.3062795e-13
6.0514721e-10
-1.3245124e-13
1.1499951e-13
5.5798866e-10
-1.0802149e-13
9.6501214e-14
4.9691185e-10
-7.4593823e-14
7.6097034e-14
4.2045326e-10
-4.0303386e-14
5.4740865e-14
3.2682647e-10
-1.307674e-14
3.3121158e-14
2.1393005e-10
1.1375436e-14
7.9384823e-11
1.3719017e-14
8.4506473e-15
8.2762345e-11
4.2882177e-14
2.4887408e-14
2.2392925e-10
8.0035244e-14
4.1425444e-14
3.430682e-10
1.1659888e-13
5.789975e-14
4.4236365e-10
1.436496e-13
7.3751572e-14
5.2378275e-10
1.5378648e-13
8.8213507e-14
5.8903194e-10
1.4266034e-13
1.0050021e-13
6.3953548e-10
1.1000466e-13
1.1000466e-13
6.7642827e-10
5.9885558e-14
1.1639825e-13
7.005564e-10
5.5355898e-20
1.1958948e-13
7.1248079e-10
-5.9885451e-14
1.1958945e-13
7.1248079e-10
-1.1000457e-13
1.1639819e-13
7.005564e-10
-1.4266027e-13
1.1000457e-13
6.7642827e-10
-1.5378644e-13
1.0050011e-13
6.3953548e-10
-1.4364957e-13
8.8213422e-14
5.8903194e-10
-1.1659887e-13
7.3751493e-14
5.2378275e-10
-8.0035248e-14
5.7899679e-14
4.4236365e-10
-4.2882211e-14
4.1425388e-14
3.430682e-10
-1.3719062e-14
2.4887377e-14
2.2392925e-10
8.4506437e-15
8.2762345e-11
1.4110256e-14
4.4991128e-15
8.4947569e-11
4.4519697e-14
1.3339419e-14
2.3040434e-10
8.3559672e-14
2.2296848e-14
3.5360187e-10
1.2222551e-13
3.126507e-14
4.566005e-10
1.5106362e-13
3.9931962e-14
5.4127689e-10
1.6214508e-13
4.7869561e-14
6.0927909e-10
1.5072469e-13
5.4636222e-14
6.6199885e-10
1.1639826e-13
5.9885556e-14
7.005564e-10
6.3424489e-14
6.3424488e-14
7.2579368e-10
2.9201414e-20
6.5193332e-14
7.3827203e-10
-6.3424426e-14
6.5193311e-14
7.3827203e-10
-1.1639819e-13
6.3424427e-14
7.2579368e-10
-1.5072463e-13
5.9885459e-14
7.005564e-10
-1.6214504e-13
5.4636102e-14
6.6199885e-10
-1.5106359e-13
4.7869434e-14
6.0927909e-10
-1.2222548e-13
3.9931841e-14
5.4127689e-10
-8.3559655e-14
3.1264958e-14
4.566005e-10
-4.45197e-14
2.2296752e-14
3.5360187e-10
-1.4110276e-14
1.3339352e-14
2.3040434e-10
4.4990933e-15
8.4947569e-11
1.429114e-14
2.537117e-20
8.6021113e-11
4.5303746e-14
6.5223959e-20
2.3358686e-10
8.527333e-14
8.4569363e-20
3.5878342e-10
1.249868e-13
9.0340771e-20
4.6361083e-10
1.5472551e-13
9.1146998e-20
5.4990042e-10
1.6629296e-13
8.7830005e-20
6.1926986e-10
1.5474031e-13
7.5304166e-20
6.730929e-10
1.1958948e-13
5.3050053e-20
7.1248079e-10
6.5193332e-14
2.8099698e-20
7.3827203e-10
8.3764778e-21
7.8953726e-21
7.510273e-10
-6.5193311e-14
-7.2895622e-21
7.510273e-10
-1.1958945e-13
-2.1976253e-20
7.3827203e-10
-1.5474028e-13
-3.6889805e-20
7.1248079e-10
-1.6629292e-13
-4.6782862e-20
6.730929e-10
-1.5472548e-13
-4.6505407e-20
6.1926986e-10
-1.2498676e-13
-3.8343764e-20
5.4990042e-10
-8.5273292e-14
-2.8706548e-20
4.6361083e-10
-4.5303719e-14
-2.0132894e-20
3.5878342e-10
-1.4291134e-14
-9.9337714e-21
2.3358686e-10
1.6383547e-21
8.6021113e-11
1.4291152e-14
-4.499071e-15
8.6021113e-11
4.5303757e-14
-1.3339308e-14
2.3358686e-10
8.5273336e-14
-2.2296702e-14
3.5878342e-10
1.249868e-13
-3.1264914e-14
4.6361083e-10
1.5472551e-13
-3.9931806e-14
5.4990042e-10
1.6629295e-13
-4.786941e-14
6.1926986e-10
1.5474029e-13
-5.4636089e-14
6.730929e-10
1.1958946e-13
-5.9885455e-14
7.1248079e-10
6.5193312e-14
-6.3424429e-14
7.3827203e-10
-6.789958e-21
-6.5193313e-14
7.510273e-10
-6.5193325e-14
-6.5193327e-14
7.510273e-10
-1.1958947e-13
-6.3424474e-14
7.3827203e-10
-1.5474029e-13
-5.9885528e-14
7.1248079e-10
-1.6629292e-13
-5.4636181e-14
6.730929e-10
-1.5472547e-13
-4.7869507e-14
6.1926986e-10
-1.2498675e-13
-3.9931899e-14
5.4990042e-10
-8.5273278e-14
-3.1265e-14
4.6361083e-10
-4.5303704e-14
-2.2296777e-14
3.5878342e-10
-1.4291121e-14
-1.3339359e-14
2.3358686e-10
-4.4990837e-15
8.6021113e-11
1.4110288e-14
-8.4506293e-15
8.4947569e-11
4.4519728e-14
-2.4887349e-14
2.3040434e-10
8.3559686e-14
-4.1425359e-14
3.5360187e-10
1.2222551e-13
-5.7899657e-14
4.566005e-10
1.5106361e-13
-7.375148e-14
5.4127689e-10
1.6214505e-13
-8.8213417e-14
6.0927909e-10
1.5072464e-13
-1.0050012e-13
6.6199885e-10
1.1639819e-13
-1.1000457e-13
7.005564e-10
6.3424429e-14
-1.1639819e-13
7.2579368e-10
-2.0893237e-20
-1.1958946e-13
7.3827203e-10
-6.3424471e-14
-1.1958947e-13
7.3827203e-10
-1.1639823e-13
-1.1639823e-13
7.2579368e-10
-1.5072465e-13
-1.1000462e-13
7.005564e-10
-1.6214504e-13
-1.0050016e-13
6.6199885e-10
-1.5106356e-13
-8.8213449e-14
6.0927909e-10
-1.2222545e-13
-7.3751507e-14
5.4127689e-10
-8.3559617e-14
-5.7899682e-14
4.566005e-10
-4.4519657e-14
-4.1425377e-14
3.5360187e-10
-1.411024e-14
-2.4887352e-14
2.3040434e-10
-8.4506184e-15
8.4947569e-11
1.3719065e-14
-1.1375433e-14
8.2762345e-11
4.2882223e-14
-3.3121151e-14
2.2392925e-10
8.0035263e-14
-5.4740859e-14
3.430682e-10
1.1659888e-13
-7.6097035e-14
4.4236365e-10
1.4364958e-13
-9.6501221e-14
5.2378275e-10
1.5378644e-13
-1.1499952e-13
5.8903194e-10
1.4266028e-13
-1.3062796e-13
6.3953548e-10
1.1000457e-13
-1.4266028e-13
6.7642827e-10
5.9885462e-14
-1.5072464e-13
7.005564e-10
-3.4686361e-20
-1.5474029e-13
7.1248079e-10
-5.9885525e-14
-1.547403e-13
7.1248079e-10
-1.1000461e-13
-1.5072466e-13
7.005564e-10
-1.4266029e-13
-1.426603e-13
6.7642827e-10
-1.5378642e-13
-1.3062795e-13
6.3953548e-10
-1.4364953e-13
-1.149995e-13
5.8903194e-10
-1.1659882e-13
-9.6501186e-14
5.2378275e-10
-8.0035191e-14
-7.6096994e-14
4.4236365e-10
-4.2882143e-14
-5.4740808e-14
3.430682e-10
-1.3719006e-14
-3.3121091e-14
2.2392925e-10
-1.1375393e-14
8.2762345e-11
1.3076733e-14
-1.2931435e-14
7.9384823e-11
4.0303382e-14
-3.7029903e-14
2.1393005e-10
7.4593822e-14
-6.0572715e-14
3.2682647e-10
1.0802149e-13
-8.3556842e-14
4.2045326e-10
1.3245124e-13
-1.0530641e-13
4.9691185e-10
1.4124945e-13
-1.248574e-13
5.5798866e-10
1.3062796e-13
-1.4124947e-13
6.0514721e-10
1.0050012e-13
-1.5378645e-13
6.3953548e-10
5.4636106e-14
-1.6214505e-13
6.6199885e-10
-4.3071378e-20
-1.6629294e-13
6.730929e-10
-5.4636176e-14
-1.6629294e-13
6.730929e-10
-1.0050015e-13
-1.6214505e-13
6.6199885e-10
-1.3062794e-13
-1.5378643e-13
6.3953548e-10
-1.4124941e-13
-1.4124942e-13
6.0514721e-10
-1.3245119e-13
-1.2485734e-13
5.5798866e-10
-1.0802143e-13
-1.0530634e-13
4.9691185e-10
-7.4593746e-14
-8.3556748e-14
4.2045326e-10
-4.0303296e-14
-6.05726e-14
3.2682647e-10
-1.307667e-14
-3.7029786e-14
2.1393005e-10
-1.2931367e-14
7.9384823e-11
1.2157502e-14
-1.297734e-14
7.4681579e-11
3.6748204e-14
-3.6302462e-14
2.0002736e-10
6.7239488e-14
-5.8535767e-14
3.0430215e-10
9.6588131e-14
-7.9911865e-14
3.9015991e-10
1.1768376e-13
-9.9901262e-14
4.5987378e-10
1.2485739e-13
-1.1768378e-13
5.1531836e-10
1.1499952e-13
-1.3245126e-13
5.5798866e-10
8.821343e-14
-1.4364959e-13
5.8903194e-10
4.7869439e-14
-1.510636e-13
6.0927909e-10
-4.1099622e-20
-1.5472549e-13
6.1926986e-10
-4.78695e-14
-1.5472548e-13
6.1926986e-10
-8.8213438e-14
-1.5106358e-13
6.0927909e-10
-1.1499948e-13
-1.4364955e-13
5.8903194e-10
-1.2485733e-13
-1.324512e-13
5.5798866e-10
-1.1768369e-13
-1.1768371e-13
5.1531836e-10
-9.6588055e-14
-9.9901165e-14
4.5987378e-10
-6.7239398e-14
-7.9911732e-14
3.9015991e-10
-3.6748111e-14
-5.8535604e-14
3.0430215e-10
-1.2157437e-14
-3.6302302e-14
2.0002736e-10
-1.2977252e-14
7.4681579e-11
1.0969172e-14
-1.1615499e-14
6.8445508e-11
3.228141e-14
-3.1419007e-14
1.8164311e-10
5.8159086e-14
-4.9640096e-14
2.7464208e-10
8.266226e-14
-6.6819034e-14
3.504581e-10
9.9901242e-14
-8.2662289e-14
4.1155405e-10
1.0530641e-13
-9.6588155e-14
4.5987378e-10
9.6501229e-14
-1.0802151e-13
4.9691185e-10
7.3751504e-14
-1.1659889e-13
5.2378275e-10
3.9931849e-14
-1.222255e-13
5.4127689e-10
-3.0715327e-20
-1.2498678e-13
5.4990042e-10
-3.9931889e-14
-1.2498676e-13
5.4990042e-10
-7.3751494e-14
-1.2222546e-13
5.4127689e-10
-9.650117e-14
-1.1659884e-13
5.2378275e-10
-1.0530632e-13
-1.0802145e-13
4.9691185e-10
-9.9901144e-14
-9.6588073e-14
4.5987378e-10
-8.2662153e-14
-8.2662172e-14
4.1155405e-10
-5.8158972e-14
-6.6818876e-14
3.504581e-10
-3.2281307e-14
-4.9639908e-14
2.7464208e-10
-1.0969109e-14
-3.1418831e-14
1.8164311e-10
-1.1615403e-14
6.8445508e-11
9.5483064e-15
-9.1873988e-15
6.0352571e-11
2.7051077e-14
-2.3599996e-14
1.579048e-10
4.7688713e-14
-3.6154367e-14
2.3661178e-10
6.6819001e-14
-4.7688754e-14
2.9992328e-10
7.9911846e-14
-5.8159121e-14
3.504581e-10
8.355684e-14
-6.7239513e-14
3.9015991e-10
7.6097052e-14
-7.4593835e-14
4.2045326e-10
5.7899694e-14
-8.003526e-14
4.4236365e-10
3.126497e-14
-8.3559667e-14
4.566005e-10
-1.7979804e-20
-8.5273304e-14
4.6361083e-10
-3.1264987e-14
-8.527329e-14
4.6361083e-10
-5.7899666e-14
-8.355963e-14
4.566005e-10
-7.6096975e-14
-8.0035205e-14
4.4236365e-10
-8.3556726e-14
-7.4593762e-14
4.2045326e-10
-7.991171e-14
-6.7239415e-14
3.9015991e-10
-6.6818854e-14
-5.8158989e-14
3.504581e-10
-4.7688572e-14
-4.7688591e-14
2.9992328e-10
-2.7050968e-14
-3.615419e-14
2.3661178e-10
-9.5482455e-15
-2.3599839e-14
1.579048e-10
-9.1873157e-15
6.0352571e-11
7.9164296e-15
-6.180768e-15
4.9862206e-11
2.1182165e-14
-1.4553097e-14
1.2745893e-10
3.6154322e-14
-2.1182208e-14
1.8842367e-10
4.964006e-14
-2.7051117e-14
2.3661178e-10
5.8535748e-14
-3.2281443e-14
2.7464208e-10
6.0572718e-14
-3.6748228e-14
3.0430215e-10
5.4740885e-14
-4.0303393e-14
3.2682647e-10
4.1425406e-14
-4.2882219e-14
3.430682e-10
2.2296767e-14
-4.4519709e-14
3.5360187e-10
-6.3094555e-21
-4.5303728e-14
3.5878342e-10
-2.2296763e-14
-4.5303713e-14
3.5878342e-10
-4.1425359e-14
-4.4519666e-14
3.5360187e-10
-5.4740787e-14
-4.2882153e-14
3.430682e-10
-6.0572577e-14
-4.0303307e-14
3.2682647e-10
-5.853558e-14
-3.6748123e-14
3.0430215e-10
-4.9639886e-14
-3.228132e-14
2.7464208e-10
-3.6154171e-14
-2.7050983e-14
2.3661178e-10
-2.1182061e-14
-2.1182076e-14
1.8842367e-10
-7.9163752e-15
-1.4552988e-14
1.2745893e-10
-6.1807157e-15
4.9862206e-11
5.9580319e-15
-2.9705887e-15
3.5949127e-11
1.4553056e-14
-5.9580564e-15
8.8092164e-11
2.3599952e-14
-7.9164559e-15
1.2745893e-10
3.1418971e-14
-9.5483321e-15
1.579048e-10
3.6302444e-14
-1.0969196e-14
1.8164311e-10
3.7029906e-14
-1.215752e-14
2.0002736e-10
3.3121176e-14
-1.3076744e-14
2.1393005e-10
2.4887394e-14
-1.3719065e-14
2.2392925e-10
1.3339367e-14
-1.4110281e-14
2.3040434e-10
4.11372e-21
-1.4291139e-14
2.3358686e-10
-1.3339345e-14
-1.4291127e-14
2.3358686e-10
-2.4887335e-14
-1.4110245e-14
2.3040434e-10
-3.3121072e-14
-1.3719011e-14
2.2392925e-10
-3.7029765e-14
-1.3076675e-14
2.1393005e-10
-3.6302282e-14
-1.2157443e-14
2.0002736e-10
-3.1418812e-14
-1.0969115e-14
1.8164311e-10
-2.3599822e-14
-9.548253e-15
1.579048e-10
-1.4552975e-14
-7.9163837e-15
1.2745893e-10
-5.9579926e-15
-5.9580005e-15
8.8092164e-11
-2.9705688e-15
3.5949127e-11
2.9705737e-15
1.6241091e-11
6.1807425e-15
3.5949127e-11
9.1873706e-15
4.9862206e-11
1.1615475e-14
6.0352571e-11
1.2977327e-14
6.8445508e-11
1.2931435e-14
7.4681579e-11
1.1375446e-14
7.9384823e-11
8.4506525e-15
8.2762345e-11
4.4991013e-15
8.4947569e-11
9.2776483e-21
8.6021113e-11
-4.4990756e-15
8.6021113e-11
-8.4506092e-15
8.4947569e-11
-1.1375383e-14
8.2762345e-11
-1.2931356e-14
7.9384823e-11
-1.2977242e-14
7.4681579e-11
-1.1615394e-14
6.8445508e-11
-9.1873082e-15
6.0352571e-11
-6.180709e-15
4.9862206e-11
-2.9705643e-15
3.5949127e-11
1.6241091e-11
7.2552137e-16
7.2551958e-16
1.6239639e-11
2.9379346e-15
1.9845401e-15
3.594493e-11
5.5076385e-15
3.1010928e-15
4.9856535e-11
7.6014178e-15
4.1695234e-15
6.0346308e-11
8.7863097e-15
5.1437764e-15
6.8439179e-11
8.8665908e-15
5.9864409e-15
7.4675513e-11
7.8322803e-15
6.6633456e-15
7.9379194e-11
5.8244728e-15
7.1592339e-15
8.2757193e-11
3.1011782e-15
7.4776615e-15
8.4942814e-11
3.6540173e-20
7.6316334e-15
8.6016582e-11
-3.1011106e-15
7.6316551e-15
8.6016582e-11
-5.8244185e-15
7.4777188e-15
8.4942814e-11
-7.8322409e-15
7.1593057e-15
8.2757193e-11
-8.8665653e-15
6.6634023e-15
7.9379194e-11
-8.7862996e-15
5.9864557e-15
7.4675513e-11
-7.6014256e-15
5.143739e-15
6.8439179e-11
-5.5076615e-15
4.1694473e-15
6.0346308e-11
-2.937963e-15
3.1010092e-15
4.9856535e-11
-7.2554815e-16
1.9844847e-15
3.594493e-11
7.2552134e-16
1.6239639e-11
1.9845441e-15
2.9379323e-15
3.594493e-11
7.4457723e-15
7.4457648e-15
8.8081241e-11
1.3909029e-14
1.128361e-14
1.2744428e-10
1.9419901e-14
1.4807188e-14
1.5788865e-10
2.2758283e-14
1.8008913e-14
1.8162691e-10
2.3266162e-14
2.0793047e-14
2.0001204e-10
2.0778702e-14
2.3057619e-14
2.1391614e-10
1.5580364e-14
2.4744448e-14
2.2391686e-10
8.3382819e-15
2.5846433e-14
2.3039322e-10
1.0384607e-19
2.6386395e-14
2.3357644e-10
-8.3380964e-15
2.6386414e-14
2.3357644e-10
-1.5580236e-14
2.5846487e-14
2.3039322e-10
-2.0778646e-14
2.4744523e-14
2.2391686e-10
-2.3266172e-14
2.305769e-14
2.1391614e-10
-2.2758334e-14
2.0793086e-14
2.0001204e-10
-1.9419966e-14
1.8008902e-14
1.8162691e-10
-1.3909078e-14
1.4807129e-14
1.5788865e-10
-7.4457868e-15
1.1283526e-14
1.2744428e-10
-1.9845319e-15
7.4456915e-15
8.8081241e-11
2.9379078e-15
3.594493e-11
3.1010974e-15
5.5076363e-15
4.9856535e-11
1.1283621e-14
1.3909019e-14
1.2744428e-10
2.1101025e-14
2.1101009e-14
1.8840404e-10
2.9717106e-14
2.7709092e-14
2.3659026e-10
3.5184289e-14
3.3757152e-14
2.7462086e-10
3.6320874e-14
3.9068866e-14
3.0428274e-10
3.2705414e-14
4.3442223e-14
3.268097e-10
2.4675261e-14
4.674336e-14
3.4305424e-10
1.3256211e-14
4.8926906e-14
3.5359021e-10
1.4223795e-19
5.0006528e-14
3.5877306e-10
-1.3255957e-14
5.0006527e-14
3.5877306e-10
-2.4675087e-14
4.8926907e-14
3.5359021e-10
-3.2705347e-14
4.674337e-14
3.4305424e-10
-3.6320908e-14
4.3442247e-14
3.268097e-10
-3.518439e-14
3.9068894e-14
3.0428274e-10
-2.971722e-14
3.3757167e-14
2.7462086e-10
-2.1101102e-14
2.7709077e-14
2.3659026e-10
-1.1283634e-14
2.1100959e-14
1.8840404e-10
-3.1010666e-15
1.3908949e-14
1.2744428e-10
5.5075882e-15
4.9856535e-11
4.1695269e-15
7.6014152e-15
6.0346308e-11
1.4807199e-14
1.9419888e-14
1.5788865e-10
2.7709111e-14
2.9717085e-14
2.3659026e-10
3.929394e-14
3.9293917e-14
2.9990011e-10
4.6914997e-14
4.8162093e-14
3.5043607e-10
4.8821928e-14
5.6040335e-14
3.9014103e-10
4.4263484e-14
6.2602777e-14
4.2043866e-10
3.3567573e-14
6.761293e-14
4.4235348e-10
1.8090779e-14
7.0959945e-14
4.5659395e-10
1.4643229e-19
7.2626286e-14
4.636063e-10
-1.8090513e-14
7.262626e-14
4.636063e-10
-3.3567381e-14
7.0959877e-14
4.5659395e-10
-4.4263397e-14
6.761285e-14
4.4235348e-10
-4.8821952e-14
6.2602717e-14
4.2043866e-10
-4.6915106e-14
5.6040313e-14
3.9014103e-10
-3.9294079e-14
4.8162103e-14
3.5043607e-10
-2.7709217e-14
3.9293929e-14
2.9990011e-10
-1.4807235e-14
2.9717068e-14
2.3659026e-10
-4.1695081e-15
1.9419828e-14
1.5788865e-10
7.6013486e-15
6.0346308e-11
5.1437781e-15
8.7863059e-15
6.8439179e-11
1.8008923e-14
2.2758268e-14
1.8162691e-10
3.375717e-14
3.5184265e-14
2.7462086e-10
4.8162117e-14
4.691497e-14
3.5043607e-10
5.7914786e-14
5.7914759e-14
4.1153454e-10
6.0680376e-14
6.7797189e-14
4.5985926e-10
5.5333278e-14
7.611659e-14
4.9690368e-10
4.2145208e-14
8.253005e-14
5.2378102e-10
2.2774713e-14
8.6849282e-14
5.4128037e-10
1.2036274e-19
8.9011379e-14
5.4990681e-10
-2.2774487e-14
8.9011335e-14
5.4990681e-10
-4.2145027e-14
8.6849166e-14
5.4128037e-10
-5.5333169e-14
8.2529899e-14
5.2378102e-10
-6.0680358e-14
7.6116452e-14
4.9690368e-10
-5.7914857e-14
6.77971e-14
4.5985926e-10
-4.8162244e-14
5.7914727e-14
4.1153454e-10
-3.3757298e-14
4.6914971e-14
3.5043607e-10
-1.8009002e-14
3.5184254e-14
2.7462086e-10
-5.1437988e-15
2.2758212e-14
1.8162691e-10
8.7862323e-15
6.8439179e-11
5.9864415e-15
8.8665852e-15
7.4675513e-11
2.0793056e-14
2.3266145e-14
2.0001204e-10
3.9068884e-14
3.6320848e-14
3.0428274e-10
5.604036e-14
4.8821899e-14
3.9014103e-10
6.7797215e-14
6.0680348e-14
4.5985926e-10
7.1441838e-14
7.1441811e-14
5.1531107e-10
6.5462468e-14
8.058417e-14
5.5799017e-10
5.0042279e-14
8.7689174e-14
5.890422e-10
2.710328e-14
9.2505382e-14
6.0929638e-10
7.5909628e-20
9.4926596e-14
6.1929104e-10
-2.7103128e-14
9.492655e-14
6.1929104e-10
-5.0042134e-14
9.2505255e-14
6.0929638e-10
-6.5462347e-14
8.7689002e-14
5.890422e-10
-7.1441768e-14
8.0583995e-14
5.5799017e-10
-6.7797223e-14
7.144167e-14
5.1531107e-10
-5.6040444e-14
6.0680259e-14
4.5985926e-10
-3.9069013e-14
4.8821852e-14
3.9014103e-10
-2.0793176e-14
3.6320809e-14
3.0428274e-10
-5.986511e-15
2.3266082e-14
2.0001204e-10
8.8665164e-15
7.4675513e-11
6.6633458e-15
7.8322731e-15
7.9379194e-11
2.3057628e-14
2.0778682e-14
2.1391614e-10
4.3442243e-14
3.2705385e-14
3.268097e-10
6.2602803e-14
4.4263452e-14
4.2043866e-10
7.6116617e-14
5.5333247e-14
4.9690368e-10
8.0584195e-14
6.5462442e-14
5.5799017e-10
7.4131408e-14
7.4131386e-14
6.0516012e-10
5.683769e-14
8.0911734e-14
6.3955955e-10
3.0840403e-14
8.5531171e-14
6.6203182e-10
2.8470801e-20
8.7861077e-14
6.731308e-10
-3.0840333e-14
8.7861044e-14
6.731308e-10
-5.6837592e-14
8.5531077e-14
6.6203182e-10
-7.4131291e-14
8.0911597e-14
6.3955955e-10
-8.058409e-14
7.4131228e-14
6.0516012e-10
-7.6116566e-14
6.5462286e-14
5.5799017e-10
-6.2602836e-14
5.5333112e-14
4.9690368e-10
-4.3442352e-14
4.4263345e-14
4.2043866e-10
-2.3057768e-14
3.2705298e-14
3.268097e-10
-6.663451e-15
2.0778601e-14
2.1391614e-10
7.8322146e-15
7.9379194e-11
7.1592342e-15
5.8244644e-15
8.2757193e-11
2.4744457e-14
1.5580342e-14
2.2391686e-10
4.6743379e-14
2.4675231e-14
3.4305424e-10
6.7612956e-14
3.3567539e-14
4.4235348e-10
8.2530078e-14
4.2145176e-14
5.2378102e-10
8.7689199e-14
5.0042251e-14
5.890422e-10
8.0911755e-14
5.6837667e-14
6.3955955e-10
6.2177475e-14
6.2177456e-14
6.7646573e-10
3.378534e-14
6.5828682e-14
7.006045e-10
-6.4007158e-21
6.7674547e-14
7.1253476e-10
-3.3785333e-14
6.7674537e-14
7.1253476e-10
-6.2177422e-14
6.582865e-14
7.006045e-10
-8.0911659e-14
6.2177394e-14
6.7646573e-10
-8.768909e-14
5.6837569e-14
6.3955955e-10
-8.2530003e-14
5.0042118e-14
5.890422e-10
-6.7612954e-14
4.2145022e-14
5.2378102e-10
-4.674346e-14
3.3567385e-14
4.4235348e-10
-2.4744589e-14
2.4675096e-14
3.4305424e-10
-7.1593481e-15
1.5580241e-14
2.2391686e-10
5.824417e-15
8.2757193e-11
7.4776618e-15
3.1011685e-15
8.4942814e-11
2.5846441e-14
8.3382582e-15
2.3039322e-10
4.8926925e-14
1.3256179e-14
3.5359021e-10
7.0959971e-14
1.8090744e-14
4.5659395e-10
8.6849311e-14
2.2774678e-14
5.4128037e-10
9.2505409e-14
2.7103248e-14
6.0929638e-10
8.5531192e-14
3.0840377e-14
6.6203182e-10
6.5828699e-14
3.378532e-14
7.006045e-10
3.5803451e-14
3.5803435e-14
7.2585373e-10
-1.729415e-20
3.6825124e-14
7.3833868e-10
-3.5803469e-14
3.6825138e-14
7.3833868e-10
-6.5828678e-14
3.5803467e-14
7.2585373e-10
-8.5531133e-14
3.3785337e-14
7.006045e-10
-9.2505334e-14
3.0840347e-14
6.6203182e-10
-8.6849255e-14
2.7103156e-14
6.0929638e-10
-7.0959964e-14
2.2774533e-14
5.4128037e-10
-4.8926982e-14
1.8090574e-14
4.5659395e-10
-2.5846544e-14
1.3256024e-14
3.5359021e-10
-7.4777575e-15
8.3381522e-15
2.3039322e-10
3.1011349e-15
8.4942814e-11
7.6316339e-15
2.505506e-20
8.6016582e-11
2.6386403e-14
7.7365573e-20
2.3357644e-10
5.0006546e-14
1.0775984e-19
3.5877306e-10
7.2626312e-14
1.0902761e-19
4.636063e-10
8.9011409e-14
8.3481316e-20
5.4990681e-10
9.4926625e-14
4.1686955e-20
6.1929104e-10
8.7861103e-14
-1.4547477e-21
6.731308e-10
6.7674566e-14
-3.0648459e-20
7.1253476e-10
3.6825138e-14
-3.573374e-20
7.3833868e-10
-3.0293601e-21
-1.7790052e-20
7.5110095e-10
-3.6825141e-14
1.0005143e-20
7.5110095e-10
-6.767456e-14
2.9841549e-20
7.3833868e-10
-8.786109e-14
3.0048145e-20
7.1253476e-10
-9.4926613e-14
1.1587571e-20
6.731308e-10
-8.9011406e-14
-1.4821365e-20
6.1929104e-10
-7.2626328e-14
-3.520489e-20
5.4990681e-10
-5.0006588e-14
-3.9191904e-20
4.636063e-10
-2.6386465e-14
-2.5099658e-20
3.5877306e-10
-7.6316929e-15
-2.140032e-21
2.3357644e-10
1.2951562e-20
8.6016582e-11
7.6316557e-15
-3.1011247e-15
8.6016582e-11
2.6386423e-14
-8.3381269e-15
2.3357644e-10
5.0006544e-14
-1.3255995e-14
3.5877306e-10
7.2626284e-14
-1.8090554e-14
4.636063e-10
8.9011365e-14
-2.2774527e-14
5.4990681e-10
9.492658e-14
-2.7103165e-14
6.1929104e-10
8.7861072e-14
-3.0840367e-14
6.731308e-10
6.767456e-14
-3.3785363e-14
7.1253476e-10
3.6825156e-14
-3.5803493e-14
7.3833868e-10
2.4789102e-20
-3.682516e-14
7.5110095e-10
-3.682512e-14
-3.6825137e-14
7.5110095e-10
-6.7674559e-14
-3.5803439e-14
7.3833868e-10
-8.7861108e-14
-3.3785311e-14
7.1253476e-10
-9.4926639e-14
-3.0840351e-14
6.731308e-10
-8.9011426e-14
-2.7103202e-14
6.1929104e-10
-7.2626332e-14
-2.2774605e-14
5.4990681e-10
-5.0006573e-14
-1.8090644e-14
4.636063e-10
-2.6386438e-14
-1.325606e-14
3.5877306e-10
-7.6316709e-15
-8.3381458e-15
2.3357644e-10
-3.1011068e-15
8.6016582e-11
7.4777198e-15
-5.8244361e-15
8.4942814e-11
2.5846496e-14
-1.5580272e-14
2.3039322e-10
4.8926923e-14
-2.467513e-14
3.5359021e-10
7.0959901e-14
-3.3567424e-14
4.5659395e-10
8.6849195e-14
-4.2145069e-14
5.4128037e-10
9.2505287e-14
-5.0042173e-14
6.0929638e-10
8.5531107e-14
-5.6837628e-14
6.6203182e-10
6.5828677e-14
-6.2177456e-14
7.006045e-10
3.5803489e-14
-6.5828708e-14
7.2585373e-10
4.8373315e-20
-6.7674586e-14
7.3833868e-10
-3.5803421e-14
-6.7674582e-14
7.3833868e-10
-6.5828678e-14
-6.5828699e-14
7.2585373e-10
-8.5531179e-14
-6.2177452e-14
7.006045e-10
-9.2505399e-14
-5.683764e-14
6.6203182e-10
-8.6849301e-14
-5.00422e-14
6.0929638e-10
-7.0959965e-14
-4.2145096e-14
5.4128037e-10
-4.8926932e-14
-3.3567429e-14
4.5659395e-10
-2.5846467e-14
-2.4675097e-14
3.5359021e-10
-7.4776955e-15
-1.558021e-14
2.3039322e-10
-5.8243865e-15
8.4942814e-11
7.1593082e-15
-7.8322624e-15
8.2757193e-11
2.4744532e-14
-2.0778687e-14
2.2391686e-10
4.6743387e-14
-3.2705393e-14
3.4305424e-10
6.7612874e-14
-4.4263443e-14
4.4235348e-10
8.2529929e-14
-5.5333212e-14
5.2378102e-10
8.7689034e-14
-6.5462387e-14
5.890422e-10
8.091163e-14
-7.4131328e-14
6.3955955e-10
6.2177425e-14
-8.0911694e-14
6.7646573e-10
3.3785364e-14
-8.5531167e-14
7.006045e-10
5.3933173e-20
-8.7861122e-14
7.1253476e-10
-3.3785289e-14
-8.7861137e-14
7.1253476e-10
-6.217743e-14
-8.5531206e-14
7.006045e-10
-8.0911717e-14
-8.0911743e-14
6.7646573e-10
-8.7689162e-14
-7.4131367e-14
6.3955955e-10
-8.2530039e-14
-6.5462396e-14
5.890422e-10
-6.7612921e-14
-5.5333174e-14
5.2378102e-10
-4.6743362e-14
-4.4263349e-14
4.4235348e-10
-2.4744466e-14
-3.2705256e-14
3.4305424e-10
-7.159259e-15
-2.0778548e-14
2.2391686e-10
-7.8321892e-15
8.2757193e-11
6.6634077e-15
-8.8665899e-15
7.9379194e-11
2.3057703e-14
-2.3266216e-14
2.1391614e-10
4.3442266e-14
-3.6320957e-14
3.268097e-10
6.2602743e-14
-4.8821999e-14
4.2043866e-10
7.6116484e-14
-6.0680401e-14
4.9690368e-10
8.0584029e-14
-7.1441808e-14
5.5799017e-10
7.4131263e-14
-8.0584126e-14
6.0516012e-10
5.6837602e-14
-8.7689125e-14
6.3955955e-10
3.0840378e-14
-9.2505368e-14
6.6203182e-10
4.0289017e-20
-9.4926647e-14
6.731308e-10
-3.0840324e-14
-9.4926672e-14
6.731308e-10
-5.6837614e-14
-9.2505431e-14
6.6203182e-10
-7.4131339e-14
-8.7689192e-14
6.3955955e-10
-8.0584129e-14
-8.0584159e-14
6.0516012e-10
-7.611655e-14
-7.1441773e-14
5.5799017e-10
-6.260274e-14
-6.0680285e-14
4.9690368e-10
-4.34422e-14
-4.8821811e-14
4.2043866e-10
-2.3057617e-14
-3.6320736e-14
3.268097e-10
-6.663356e-15
-2.3266025e-14
2.1391614e-10
-8.866506e-15
7.9379194e-11
5.9864656e-15
-8.7863243e-15
7.4675513e-11
2.0793104e-14
-2.275838e-14
2.0001204e-10
3.9068917e-14
-3.5184439e-14
3.0428274e-10
5.6040342e-14
-4.6915151e-14
3.9014103e-10
6.7797134e-14
-5.7914897e-14
4.5985926e-10
7.1441707e-14
-6.7797259e-14
5.1531107e-10
6.5462323e-14
-7.61166e-14
5.5799017e-10
5.0042153e-14
-8.2530034e-14
5.890422e-10
2.7103189e-14
-8.6849286e-14
6.0929638e-10
1.7210661e-20
-8.9011437e-14
6.1929104e-10
-2.710317e-14
-8.9011459e-14
6.1929104e-10
-5.0042168e-14
-8.6849334e-14
6.0929638e-10
-6.5462364e-14
-8.2530071e-14
5.890422e-10
-7.1441741e-14
-7.6116581e-14
5.5799017e-10
-6.7797123e-14
-6.7797154e-14
5.1531107e-10
-5.6040274e-14
-5.7914705e-14
4.5985926e-10
-3.9068819e-14
-4.6914899e-14
3.9014103e-10
-2.0793023e-14
-3.5184176e-14
3.0428274e-10
-5.986434e-15
-2.2758171e-14
2.0001204e-10
-8.7862401e-15
7.4675513e-11
5.1437529e-15
-7.6014467e-15
6.8439179e-11
1.8008927e-14
-1.9420007e-14
1.8162691e-10
3.3757196e-14
-2.9717267e-14
2.7462086e-10
4.8162136e-14
-3.9294121e-14
3.5043607e-10
5.7914765e-14
-4.8162279e-14
4.1153454e-10
6.0680299e-14
-5.6040475e-14
4.5985926e-10
5.5333152e-14
-6.2602864e-14
4.9690368e-10
4.214506e-14
-6.761298e-14
5.2378102e-10
2.2774568e-14
-7.095999e-14
5.4128037e-10
-1.4373664e-21
-7.2626355e-14
5.4990681e-10
-2.2774571e-14
-7.262636e-14
5.4990681e-10
-4.2145061e-14
-7.0959994e-14
5.4128037e-10
-5.5333138e-14
-6.7612951e-14
5.2378102e-10
-6.068025e-14
-6.260277e-14
4.9690368e-10
-5.7914672e-14
-5.6040304e-14
4.5985926e-10
-4.8162015e-14
-4.8162045e-14
4.1153454e-10
-3.3757089e-14
-3.9293858e-14
3.5043607e-10
-1.8008872e-14
-2.9717017e-14
2.7462086e-10
-5.1437545e-15
-1.9419817e-14
1.8162691e-10
-7.601368e-15
6.8439179e-11
4.1694626e-15
-5.5076757e-15
6.0346308e-11
1.4807157e-14
-1.390911e-14
1.5788865e-10
2.7709113e-14
-2.1101141e-14
2.3659026e-10
3.9293969e-14
-2.7709254e-14
2.9990011e-10
4.6915013e-14
-3.3757328e-14
3.5043607e-10
4.8821895e-14
-3.9069037e-14
3.9014103e-10
4.4263388e-14
-4.3442373e-14
4.2043866e-10
3.3567425e-14
-4.674348e-14
4.4235348e-10
1.809061e-14
-4.8927001e-14
4.5659395e-10
-5.2687625e-21
-5.0006607e-14
4.636063e-10
-1.809061e-14
-5.0006593e-14
4.636063e-10
-3.3567393e-14
-4.8926954e-14
4.5659395e-10
-4.4263312e-14
-4.6743385e-14
4.4235348e-10
-4.8821775e-14
-4.3442224e-14
4.2043866e-10
-4.6914866e-14
-3.9068843e-14
3.9014103e-10
-3.9293829e-14
-3.3757113e-14
3.5043607e-10
-2.7709021e-14
-2.7709045e-14
2.9990011e-10
-1.4807137e-14
-2.1100958e-14
2.3659026e-10
-4.1694935e-15
-1.390897e-14
1.5788865e-10
-5.5076081e-15
6.0346308e-11
3.1010222e-15
-2.9379696e-15
4.9856535e-11
1.1283553e-14
-7.4458058e-15
1.2744428e-10
2.1100997e-14
-1.128366e-14
1.8840404e-10
2.9717111e-14
-1.4807262e-14
2.3659026e-10
3.5184298e-14
-1.8009025e-14
2.7462086e-10
3.6320853e-14
-2.0793193e-14
3.0428274e-10
3.2705339e-14
-2.3057781e-14
3.268097e-10
2.4675134e-14
-2.47446e-14
3.4305424e-10
1.3256058e-14
-2.5846555e-14
3.5359021e-10
6.0921697e-21
-2.6386475e-14
3.5877306e-10
-1.3256029e-14
-2.638645e-14
3.5877306e-10
-2.4675065e-14
-2.5846479e-14
3.5359021e-10
-3.2705223e-14
-2.4744479e-14
3.4305424e-10
-3.6320704e-14
-2.305763e-14
3.268097e-10
-3.5184146e-14
-2.0793037e-14
3.0428274e-10
-2.9716991e-14
-1.8008887e-14
2.7462086e-10
-2.1100937e-14
-1.4807153e-14
2.3659026e-10
-1.1283559e-14
-1.1283574e-14
1.8840404e-10
-3.1010632e-15
-7.4457356e-15
1.2744428e-10
-2.9379213e-15
4.9856535e-11
1.9844926e-15
-7.2554996e-16
3.594493e-11
7.4457111e-15
-1.984539e-15
8.8081241e-11
1.390898e-14
-3.1010785e-15
1.2744428e-10
1.9419866e-14
-4.1695219e-15
1.5788865e-10
2.2758253e-14
-5.1438108e-15
1.8162691e-10
2.3266121e-14
-5.9865193e-15
2.0001204e-10
2.0778636e-14
-6.6634558e-15
2.1391614e-10
1.5580272e-14
-7.1593509e-15
2.2391686e-10
8.3381784e-15
-7.4777598e-15
2.3039322e-10
2.1357023e-20
-7.6316954e-15
2.3357644e-10
-8.3381229e-15
-7.6316738e-15
2.3357644e-10
-1.5580186e-14
-7.477699e-15
2.3039322e-10
-2.0778524e-14
-7.1592628e-15
2.2391686e-10
-2.3266001e-14
-6.6633602e-15
2.1391614e-10
-2.275815e-14
-5.9864384e-15
2.0001204e-10
-1.9419798e-14
-5.1437598e-15
1.8162691e-10
-1.3908954e-14
-4.1695002e-15
1.5788865e-10
-7.4457236e-15
-3.101071e-15
1.2744428e-10
-1.9845199e-15
-1.9845267e-15
8.8081241e-11
-7.2552132e-16
3.594493e-11
7.2552372e-16
1.6239639e-11
2.9379151e-15
3.594493e-11
5.507602e-15
4.9856535e-11
7.601368e-15
6.0346308e-11
8.7862541e-15
6.8439179e-11
8.8665373e-15
7.4675513e-11
7.8322324e-15
7.9379194e-11
5.8244311e-15
8.2757193e-11
3.101146e-15
8.4942814e-11
2.2357801e-20
8.6016582e-11
-3.1010978e-15
8.6016582e-11
-5.8243772e-15
8.4942814e-11
-7.8321797e-15
8.2757193e-11
-8.8664971e-15
7.9379194e-11
-8.786233e-15
7.4675513e-11
-7.6013623e-15
6.8439179e-11
-5.5076031e-15
6.0346308e-11
-2.9379165e-15
4.9856535e-11
-7.2551789e-16
3.594493e-11
1.6239639e-11
8.0007272e-16
8.0007577e-16
1.6238039e-11
1.7885225e-15
1.6493704e-15
3.5942292e-11
2.7603715e-15
2.2291596e-15
4.9853334e-11
3.5521435e-15
2.7229401e-15
6.0342793e-11
4.0043222e-15
3.157674e-15
6.8435569e-11
4.0114051e-15
3.527185e-15
7.4671978e-11
3.5417384e-15
3.8206867e-15
7.9375843e-11
2.6381333e-15
4.0338374e-15
8.2754063e-11
1.4069069e-15
4.1698087e-15
8.4939876e-11
-1.3440717e-22
4.2352823e-15
8.6013754e-11
-1.4069024e-15
4.2352904e-15
8.6013754e-11
-2.6381161e-15
4.1698251e-15
8.4939876e-11
-3.541704e-15
4.0338421e-15
8.2754063e-11
-4.0113564e-15
3.8206552e-15
7.9375843e-11
-4.00427e-15
3.5271008e-15
7.4671978e-11
-3.552103e-15
3.1575404e-15
6.8435569e-11
-2.7603549e-15
2.7227831e-15
6.0342793e-11
-1.7885328e-15
2.2290202e-15
4.9853334e-11
-8.0010143e-16
1.6492901e-15
3.5942292e-11
8.0008189e-16
1.6238039e-11
1.6493654e-15
1.7885285e-15
3.5942292e-11
4.2538598e-15
4.2538694e-15
8.8076032e-11
7.0630812e-15
6.2233064e-15
1.2743748e-10
9.4949713e-15
7.9744806e-15
1.5788097e-10
1.1018694e-14
9.5436072e-15
1.81619e-10
1.1266942e-14
1.0898693e-14
2.0000442e-10
1.0095171e-14
1.1998063e-14
2.1390914e-10
7.5956859e-15
1.2817428e-14
2.2391057e-10
4.0748073e-15
1.3354071e-14
2.3038755e-10
1.3964506e-20
1.3617756e-14
2.3357114e-10
-4.074782e-15
1.3617767e-14
2.3357114e-10
-7.5956651e-15
1.3354097e-14
2.3038755e-10
-1.009515e-14
1.281745e-14
2.2391057e-10
-1.1266914e-14
1.199805e-14
2.1390914e-10
-1.1018651e-14
1.0898615e-14
2.0000442e-10
-9.4949145e-15
9.5434531e-15
1.81619e-10
-7.063019e-15
7.974271e-15
1.5788097e-10
-4.253805e-15
6.2230917e-15
1.2743748e-10
-1.649329e-15
4.2537123e-15
8.8076032e-11
1.7884838e-15
3.5942292e-11
2.2291544e-15
2.7603794e-15
4.9853334e-11
6.2232971e-15
7.0630933e-15
1.2743748e-10
1.0789133e-14
1.0789143e-14
1.8839491e-10
1.4895084e-14
1.4206216e-14
2.3657992e-10
1.7601922e-14
1.7317499e-14
2.7461038e-10
1.8235852e-14
2.0040496e-14
3.0427296e-10
1.6495707e-14
2.2282178e-14
3.2680116e-10
1.2493406e-14
2.3979394e-14
3.4304708e-10
6.7283474e-15
2.510747e-14
3.5358422e-10
3.5645527e-20
2.566772e-14
3.5876774e-10
-6.728287e-15
2.566772e-14
3.5876774e-10
-1.2493373e-14
2.5107474e-14
3.5358422e-10
-1.6495707e-14
2.3979399e-14
3.4304708e-10
-1.8235873e-14
2.2282171e-14
3.2680116e-10
-1.7601938e-14
2.0040448e-14
3.0427296e-10
-1.4895066e-14
1.731738e-14
2.7461038e-10
-1.0789069e-14
1.4206019e-14
2.3657992e-10
-6.2232031e-15
1.0788902e-14
1.8839491e-10
-2.229071e-15
7.062877e-15
1.2743748e-10
2.7602798e-15
4.9853334e-11
2.7229351e-15
3.5521526e-15
6.0342793e-11
7.9744728e-15
9.4949837e-15
1.5788097e-10
1.4206208e-14
1.4895093e-14
2.3657992e-10
1.9964402e-14
1.9964407e-14
2.9988859e-10
2.3897072e-14
2.4648357e-14
3.5042481e-10
2.4998599e-14
2.8798714e-14
3.9013117e-10
2.2777955e-14
3.2257487e-14
4.2043091e-10
1.7339902e-14
3.4907822e-14
4.4234799e-10
9.3670332e-15
3.6688085e-14
4.5659034e-10
4.7341781e-20
3.7578767e-14
4.6360375e-10
-9.3669499e-15
3.7578747e-14
4.6360375e-10
-1.7339853e-14
3.6688035e-14
4.5659034e-10
-2.2777957e-14
3.4907765e-14
4.4234799e-10
-2.4998654e-14
3.225744e-14
4.2043091e-10
-2.389715e-14
2.8798667e-14
3.9013117e-10
-1.9964452e-14
2.4648275e-14
3.5042481e-10
-1.4206189e-14
1.9964254e-14
2.9988859e-10
-7.9743868e-15
1.4894869e-14
2.3657992e-10
-2.7228401e-15
9.4947445e-15
1.5788097e-10
3.5520134e-15
6.0342793e-11
3.1576691e-15
4.0043314e-15
6.8435569e-11
9.5436008e-15
1.1018704e-14
1.81619e-10
1.7317494e-14
1.7601928e-14
2.7461038e-10
2.4648356e-14
2.3897073e-14
3.5042481e-10
2.9790702e-14
2.9790699e-14
4.1152426e-10
3.1402012e-14
3.5072097e-14
4.5985138e-10
2.8781037e-14
3.9520354e-14
4.9689904e-10
2.2002235e-14
4.2962594e-14
5.2377975e-10
1.1915874e-14
4.5293979e-14
5.4128185e-10
3.4938225e-20
4.6466933e-14
5.4990983e-10
-1.1915805e-14
4.6466895e-14
5.4990983e-10
-2.200218e-14
4.5293879e-14
5.4128185e-10
-2.878102e-14
4.2962469e-14
5.2377975e-10
-3.1402059e-14
3.9520243e-14
4.9689904e-10
-2.9790806e-14
3.5072015e-14
4.5985138e-10
-2.4648466e-14
2.9790623e-14
4.1152426e-10
-1.7317546e-14
2.3896957e-14
3.5042481e-10
-9.543569e-15
1.7601743e-14
2.7461038e-10
-3.1576009e-15
1.1018479e-14
1.81619e-10
4.0041792e-15
6.8435569e-11
3.5271795e-15
4.011413e-15
7.4671978e-11
1.0898687e-14
1.1266949e-14
2.0000442e-10
2.0040493e-14
1.8235853e-14
3.0427296e-10
2.8798716e-14
2.4998593e-14
3.9013117e-10
3.5072103e-14
3.1402003e-14
4.5985138e-10
3.7196848e-14
3.7196837e-14
5.1530682e-10
3.4257265e-14
4.212167e-14
5.5799051e-10
2.6280613e-14
4.5963592e-14
5.8904718e-10
1.4263297e-14
4.8582863e-14
6.0930511e-10
8.917173e-22
4.9906422e-14
6.1930187e-10
-1.4263282e-14
4.9906384e-14
6.1930187e-10
-2.6280574e-14
4.8582759e-14
6.0930511e-10
-3.4257228e-14
4.5963451e-14
5.8904718e-10
-3.7196859e-14
4.2121528e-14
5.5799051e-10
-3.5072189e-14
3.7196722e-14
5.1530682e-10
-2.8798853e-14
3.1401913e-14
4.5985138e-10
-2.0040613e-14
2.4998495e-14
3.9013117e-10
-1.0898732e-14
1.8235707e-14
3.0427296e-10
-3.527165e-15
1.1266763e-14
2.0000442e-10
4.0112755e-15
7.4671978e-11
3.8206807e-15
3.5417437e-15
7.9375843e-11
1.1998058e-14
1.0095173e-14
2.1390914e-10
2.2282177e-14
1.64957e-14
3.2680116e-10
3.2257491e-14
2.277794e-14
4.2043091e-10
3.9520363e-14
2.8781018e-14
4.9689904e-10
4.2121682e-14
3.4257246e-14
5.5799051e-10
3.8945161e-14
3.8945143e-14
6.0516647e-10
2.9962609e-14
4.262559e-14
6.3957187e-10
1.6290069e-14
4.5147595e-14
6.6204893e-10
-3.5868346e-20
4.6426266e-14
6.7315057e-10
-1.6290116e-14
4.6426249e-14
6.7315057e-10
-2.9962603e-14
4.5147546e-14
6.6204893e-10
-3.8945119e-14
4.262551e-14
6.3957187e-10
-4.2121658e-14
3.8945043e-14
6.0516647e-10
-3.9520412e-14
3.4257145e-14
5.5799051e-10
-3.2257624e-14
2.8780927e-14
4.9689904e-10
-2.2282338e-14
2.2777851e-14
4.2043091e-10
-1.1998173e-14
1.649559e-14
3.2680116e-10
-3.8207244e-15
1.0095038e-14
2.1390914e-10
3.5416414e-15
7.9375843e-11
4.0338309e-15
2.6381356e-15
8.2754063e-11
1.2817423e-14
7.5956822e-15
2.2391057e-10
2.3979394e-14
1.2493392e-14
3.4304708e-10
3.4907828e-14
1.7339879e-14
4.4234799e-10
4.2962605e-14
2.2002207e-14
5.2377975e-10
4.5963606e-14
2.6280584e-14
5.8904718e-10
4.2625608e-14
2.9962582e-14
6.3957187e-10
3.2866711e-14
3.2866688e-14
6.7648525e-10
1.7893142e-14
3.4864003e-14
7.0062976e-10
-5.2454118e-20
3.5879067e-14
7.125632e-10
-1.7893223e-14
3.5879084e-14
7.125632e-10
-3.2866735e-14
3.4864042e-14
7.0062976e-10
-4.2625581e-14
3.2866721e-14
6.7648525e-10
-4.5963578e-14
2.9962585e-14
6.3957187e-10
-4.2962637e-14
2.6280549e-14
5.8904718e-10
-3.490795e-14
2.2002145e-14
5.2377975e-10
-2.3979572e-14
1.7339807e-14
4.4234799e-10
-1.2817582e-14
1.2493315e-14
3.4304708e-10
-4.0339185e-15
7.5956025e-15
2.2391057e-10
2.638078e-15
8.2754063e-11
4.1698018e-15
1.4069063e-15
8.4939876e-11
1.3354065e-14
4.0747983e-15
2.3038755e-10
2.510747e-14
6.7283273e-15
3.5358422e-10
3.6688092e-14
9.3670035e-15
4.5659034e-10
4.5293992e-14
1.1915838e-14
5.4128185e-10
4.858288e-14
1.4263259e-14
6.0930511e-10
4.5147615e-14
1.6290034e-14
6.6204893e-10
3.4864026e-14
1.7893112e-14
7.0062976e-10
1.8998114e-14
1.8998087e-14
7.2588546e-10
-3.6092281e-20
1.9560472e-14
7.38374e-10
-1.8998173e-14
1.9560518e-14
7.38374e-10
-3.4864053e-14
1.8998205e-14
7.2588546e-10
-4.5147616e-14
1.7893251e-14
7.0062976e-10
-4.8582886e-14
1.6290139e-14
6.6204893e-10
-4.5294047e-14
1.42633e-14
6.0930511e-10
-3.6688223e-14
1.1915821e-14
5.4128185e-10
-2.5107654e-14
9.3669604e-15
4.5659034e-10
-1.3354241e-14
6.7282882e-15
3.5358422e-10
-4.1699102e-15
4.0747725e-15
2.3038755e-10
1.4068923e-15
8.4939876e-11
4.2352753e-15
-3.0606212e-21
8.6013754e-11
1.3617749e-14
7.6367488e-22
2.3357114e-10
2.5667718e-14
1.1134421e-20
3.5876774e-10
3.7578773e-14
1.3481744e-20
4.6360375e-10
4.6466946e-14
-4.8164354e-21
5.4990983e-10
4.9906442e-14
-4.1482758e-20
6.1930187e-10
4.6426289e-14
-7.7339614e-20
6.7315057e-10
3.5879093e-14
-8.9888043e-20
7.125632e-10
1.9560499e-14
-6.8072809e-20
7.38374e-10
9.6446546e-21
-1.8462713e-20
7.5114007e-10
-1.9560486e-14
3.9044659e-20
7.5114007e-10
-3.5879097e-14
8.094401e-20
7.38374e-10
-4.6426321e-14
9.2079212e-20
7.125632e-10
-4.990651e-14
7.2117389e-20
6.7315057e-10
-4.6467061e-14
3.6673782e-20
6.1930187e-10
-3.7578934e-14
8.3804064e-21
5.4990983e-10
-2.5667906e-14
2.2031225e-21
4.6360375e-10
-1.361792e-14
1.3685689e-20
3.5876774e-10
-4.235383e-15
2.4597814e-20
2.3357114e-10
1.7949841e-20
8.6013754e-11
4.2352835e-15
-1.4069073e-15
8.6013754e-11
1.3617759e-14
-4.0747981e-15
2.3357114e-10
2.5667717e-14
-6.7283138e-15
3.5876774e-10
3.7578751e-14
-9.3669851e-15
4.6360375e-10
4.6466907e-14
-1.1915846e-14
5.4990983e-10
4.9906405e-14
-1.4263324e-14
6.1930187e-10
4.6426276e-14
-1.6290159e-14
6.7315057e-10
3.5879114e-14
-1.7893263e-14
7.125632e-10
1.9560548e-14
-1.8998209e-14
7.38374e-10
6.7128896e-20
-1.9560516e-14
7.5114007e-10
-1.9560443e-14
-1.956047e-14
7.5114007e-10
-3.5879084e-14
-1.899809e-14
7.38374e-10
-4.6426338e-14
-1.7893122e-14
7.125632e-10
-4.9906544e-14
-1.6290048e-14
6.7315057e-10
-4.646709e-14
-1.4263267e-14
6.1930187e-10
-3.7578945e-14
-1.1915828e-14
5.4990983e-10
-2.56679e-14
-9.3669681e-15
4.6360375e-10
-1.361791e-14
-6.7282693e-15
3.5876774e-10
-4.235377e-15
-4.0747338e-15
2.3357114e-10
-1.4068658e-15
8.6013754e-11
4.1698193e-15
-2.6381224e-15
8.4939876e-11
1.3354091e-14
-7.595683e-15
2.3038755e-10
2.510747e-14
-1.2493401e-14
3.5358422e-10
3.6688038e-14
-1.7339887e-14
4.5659034e-10
4.529389e-14
-2.2002217e-14
5.4128185e-10
4.8582779e-14
-2.6280613e-14
6.0930511e-10
4.5147575e-14
-2.9962642e-14
6.6204893e-10
3.4864076e-14
-3.2866772e-14
7.0062976e-10
1.899824e-14
-3.4864088e-14
7.2588546e-10
1.1298806e-19
-3.5879128e-14
7.38374e-10
-1.8998063e-14
-3.587911e-14
7.38374e-10
-3.4864023e-14
-3.4864047e-14
7.2588546e-10
-4.5147666e-14
-3.2866732e-14
7.0062976e-10
-4.8582974e-14
-2.9962622e-14
6.6204893e-10
-4.5294118e-14
-2.628061e-14
6.0930511e-10
-3.6688242e-14
-2.2002207e-14
5.4128185e-10
-2.5107631e-14
-1.7339843e-14
4.5659034e-10
-1.3354211e-14
-1.249332e-14
3.5358422e-10
-4.1698957e-15
-7.5955953e-15
2.3038755e-10
-2.6380781e-15
8.4939876e-11
4.0338385e-15
-3.541711e-15
8.2754063e-11
1.2817446e-14
-1.0095169e-14
2.2391057e-10
2.3979397e-14
-1.6495734e-14
3.4304708e-10
3.4907768e-14
-2.2777988e-14
4.4234799e-10
4.2962481e-14
-2.8781052e-14
5.2377975e-10
4.5963471e-14
-3.4257259e-14
5.8904718e-10
4.262554e-14
-3.8945148e-14
6.3957187e-10
3.2866758e-14
-4.262561e-14
6.7648525e-10
1.789329e-14
-4.5147645e-14
7.0062976e-10
1.2932943e-19
-4.6426348e-14
7.125632e-10
-1.7893091e-14
-4.6426362e-14
7.125632e-10
-3.2866708e-14
-4.5147686e-14
7.0062976e-10
-4.2625652e-14
-4.2625671e-14
6.7648525e-10
-4.5963686e-14
-3.8945209e-14
6.3957187e-10
-4.2962706e-14
-3.4257291e-14
5.8904718e-10
-3.4907944e-14
-2.8781032e-14
5.2377975e-10
-2.397952e-14
-2.2777912e-14
4.4234799e-10
-1.281754e-14
-1.6495629e-14
3.4304708e-10
-4.0339062e-15
-1.009508e-14
2.2391057e-10
-3.5416801e-15
8.2754063e-11
3.8206547e-15
-4.0113627e-15
7.9375843e-11
1.1998051e-14
-1.1266931e-14
2.1390914e-10
2.2282173e-14
-1.8235897e-14
3.2680116e-10
3.2257446e-14
-2.499868e-14
4.2043091e-10
3.9520256e-14
-3.1402084e-14
4.9689904e-10
4.2121549e-14
-3.7196882e-14
5.5799051e-10
3.8945073e-14
-4.2121679e-14
6.0516647e-10
2.9962622e-14
-4.5963597e-14
6.3957187e-10
1.6290181e-14
-4.8582905e-14
6.6204893e-10
1.130529e-19
-4.990653e-14
6.7315057e-10
-1.6290013e-14
-4.9906563e-14
6.7315057e-10
-2.9962595e-14
-4.8582991e-14
6.6204893e-10
-3.894519e-14
-4.5963701e-14
6.3957187e-10
-4.212174e-14
-4.2121754e-14
6.0516647e-10
-3.9520434e-14
-3.7196892e-14
5.5799051e-10
-3.2257569e-14
-3.1402023e-14
4.9689904e-10
-2.2282261e-14
-2.4998572e-14
4.2043091e-10
-1.1998136e-14
-1.8235788e-14
3.2680116e-10
-3.8207297e-15
-1.1266862e-14
2.1390914e-10
-4.0113532e-15
7.9375843e-11
3.5271035e-15
-4.0042744e-15
7.4671978e-11
1.0898621e-14
-1.1018666e-14
2.0000442e-10
2.0040454e-14
-1.7601959e-14
3.0427296e-10
2.8798677e-14
-2.3897171e-14
3.9013117e-10
3.507203e-14
-2.9790824e-14
4.5985138e-10
3.7196745e-14
-3.5072203e-14
5.1530682e-10
3.4257176e-14
-3.9520424e-14
5.5799051e-10
2.6280586e-14
-4.2962648e-14
5.8904718e-10
1.4263341e-14
-4.5294057e-14
6.0930511e-10
7.8104915e-20
-4.6467072e-14
6.1930187e-10
-1.426323e-14
-4.6467103e-14
6.1930187e-10
-2.6280581e-14
-4.529413e-14
6.0930511e-10
-3.4257271e-14
-4.2962717e-14
5.8904718e-10
-3.719688e-14
-3.9520443e-14
5.5799051e-10
-3.5072142e-14
-3.507215e-14
5.1530682e-10
-2.8798755e-14
-2.9790715e-14
4.5985138e-10
-2.0040533e-14
-2.3897051e-14
3.9013117e-10
-1.0898723e-14
-1.7601869e-14
3.0427296e-10
-3.5272008e-15
-1.1018628e-14
2.0000442e-10
-4.0042814e-15
7.4671978e-11
3.1575452e-15
-3.552105e-15
6.8435569e-11
9.5434642e-15
-9.4949266e-15
1.81619e-10
1.7317392e-14
-1.4895083e-14
2.7461038e-10
2.4648289e-14
-1.9964469e-14
3.5042481e-10
2.9790641e-14
-2.4648479e-14
4.1152426e-10
3.1401937e-14
-2.8798861e-14
4.5985138e-10
2.8780958e-14
-3.2257628e-14
4.9689904e-10
2.2002182e-14
-3.4907952e-14
5.2377975e-10
1.1915859e-14
-3.6688225e-14
5.4128185e-10
4.7147804e-20
-3.7578938e-14
5.4990983e-10
-1.1915793e-14
-3.7578951e-14
5.4990983e-10
-2.2002178e-14
-3.6688249e-14
5.4128185e-10
-2.8781012e-14
-3.4907951e-14
5.2377975e-10
-3.1402012e-14
-3.2257575e-14
4.9689904e-10
-2.979071e-14
-2.8798759e-14
4.5985138e-10
-2.4648361e-14
-2.4648362e-14
4.1152426e-10
-1.7317496e-14
-1.9964377e-14
3.5042481e-10
-9.5436009e-15
-1.4895035e-14
2.7461038e-10
-3.1576678e-15
-9.4949159e-15
1.81619e-10
-3.5521131e-15
6.8435569e-11
2.7227877e-15
-2.7603554e-15
6.0342793e-11
7.9742845e-15
-7.0630273e-15
1.5788097e-10
1.4206036e-14
-1.0789083e-14
2.3657992e-10
1.9964272e-14
-1.4206204e-14
2.9988859e-10
2.3896978e-14
-1.7317557e-14
3.5042481e-10
2.4998519e-14
-2.0040617e-14
3.9013117e-10
2.277788e-14
-2.2282338e-14
4.2043091e-10
1.733984e-14
-2.3979568e-14
4.4234799e-10
9.3669939e-15
-2.510765e-14
4.5659034e-10
3.4730112e-20
-2.5667903e-14
4.6360375e-10
-9.3669389e-15
-2.56679e-14
4.6360375e-10
-1.7339819e-14
-2.5107632e-14
4.5659034e-10
-2.2777896e-14
-2.3979523e-14
4.4234799e-10
-2.4998564e-14
-2.2282262e-14
4.2043091e-10
-2.3897049e-14
-2.0040532e-14
3.9013117e-10
-1.996438e-14
-1.7317493e-14
3.5042481e-10
-1.4206183e-14
-1.4206178e-14
2.9988859e-10
-7.9744491e-15
-1.0789084e-14
2.3657992e-10
-2.7229205e-15
-7.0630329e-15
1.5788097e-10
-2.7603489e-15
6.0342793e-11
2.2290228e-15
-1.7885329e-15
4.9853334e-11
6.2231036e-15
-4.2538091e-15
1.2743748e-10
1.0788918e-14
-6.2232121e-15
1.8839491e-10
1.4894888e-14
-7.9743975e-15
2.3657992e-10
1.7601764e-14
-9.543577e-15
2.7461038e-10
1.823573e-14
-1.0898735e-14
3.0427296e-10
1.6495614e-14
-1.199817e-14
3.2680116e-10
1.249334e-14
-1.2817574e-14
3.4304708e-10
6.7283127e-15
-1.3354232e-14
3.5358422e-10
3.6463771e-20
-1.3617912e-14
3.5876774e-10
-6.72825e-15
-1.3617904e-14
3.5876774e-10
-1.2493306e-14
-1.3354208e-14
3.5358422e-10
-1.6495622e-14
-1.2817537e-14
3.4304708e-10
-1.8235788e-14
-1.1998133e-14
3.2680116e-10
-1.7601874e-14
-1.0898719e-14
3.0427296e-10
-1.4895042e-14
-9.5435961e-15
2.7461038e-10
-1.0789093e-14
-7.9744428e-15
2.3657992e-10
-6.2232635e-15
-6.2232553e-15
1.8839491e-10
-2.2291363e-15
-4.2538229e-15
1.2743748e-10
-1.7885093e-15
4.9853334e-11
1.6492905e-15
-8.0010131e-16
3.5942292e-11
4.2537194e-15
-1.6493275e-15
8.8076032e-11
7.0628883e-15
-2.229072e-15
1.2743748e-10
9.4947587e-15
-2.7228431e-15
1.5788097e-10
1.1018496e-14
-3.1576035e-15
1.81619e-10
1.126678e-14
-3.5271644e-15
2.0000442e-10
1.0095055e-14
-3.8207199e-15
2.1390914e-10
7.5956176e-15
-4.0339108e-15
2.2391057e-10
4.0747856e-15
-4.1699012e-15
2.3038755e-10
3.5425171e-20
-4.2353743e-15
2.3357114e-10
-4.0747262e-15
-4.2353694e-15
2.3357114e-10
-7.5955919e-15
-4.1698894e-15
2.3038755e-10
-1.0095082e-14
-4.0339006e-15
2.2391057e-10
-1.1266869e-14
-3.8207244e-15
2.1390914e-10
-1.1018638e-14
-3.5271955e-15
2.0000442e-10
-9.4949277e-15
-3.1576627e-15
1.81619e-10
-7.0630442e-15
-2.7229154e-15
1.5788097e-10
-4.253832e-15
-2.229131e-15
1.2743748e-10
-1.6493544e-15
-1.6493492e-15
8.8076032e-11
-8.0007428e-16
3.5942292e-11
8.0008297e-16
1.6238039e-11
1.7884857e-15
3.5942292e-11
2.7602825e-15
4.9853334e-11
3.5520179e-15
6.0342793e-11
4.0041859e-15
6.8435569e-11
4.0112829e-15
7.4671978e-11
3.541648e-15
7.9375843e-11
2.6380827e-15
8.2754063e-11
1.406895e-15
8.4939876e-11
1.8821871e-20
8.6013754e-11
-1.4068667e-15
8.6013754e-11
-2.6380811e-15
8.4939876e-11
-3.5416856e-15
8.2754063e-11
-4.0113612e-15
7.9375843e-11
-4.004291e-15
7.4671978e-11
-3.5521228e-15
6.8435569e-11
-2.7603574e-15
6.0342793e-11
-1.7885157e-15
4.9853334e-11
-8.0007778e-16
3.5942292e-11
1.6238039e-11
2.508562e-16
2.5086294e-16
1.6237538e-11
8.8903567e-16
6.3884007e-16
3.5941015e-11
1.6157926e-15
9.6730951e-16
4.985164e-11
2.2095356e-15
1.2759943e-15
6.0340923e-11
2.5480446e-15
1.5562679e-15
6.8433675e-11
2.5721599e-15
1.7988396e-15
7.4670155e-11
2.2750085e-15
1.9946026e-15
7.9374146e-11
1.6941519e-15
2.1391979e-15
8.2752504e-11
9.0292595e-16
2.2330026e-15
8.4938434e-11
-4.4675849e-20
2.27876e-15
8.6012378e-11
-9.030054e-16
2.2787462e-15
8.6012378e-11
-1.6942052e-15
2.2329591e-15
8.4938434e-11
-2.2750298e-15
2.1391211e-15
8.2752504e-11
-2.5721554e-15
1.9944947e-15
7.9374146e-11
-2.5480297e-15
1.7987138e-15
7.4670155e-11
-2.2095272e-15
1.5561475e-15
6.8433675e-11
-1.6158021e-15
1.2759048e-15
6.0340923e-11
-8.8906257e-16
9.672671e-16
4.985164e-11
-2.5088513e-16
6.3884454e-16
3.5941015e-11
2.5088917e-16
1.6237538e-11
6.3882697e-16
8.8904819e-16
3.5941015e-11
2.2283316e-15
2.2283582e-15
8.8072853e-11
4.0877159e-15
3.35602e-15
1.2743323e-10
5.6798199e-15
4.3853899e-15
1.5787627e-10
6.6533652e-15
5.3191338e-15
1.8161426e-10
6.809638e-15
6.1323136e-15
1.9999993e-10
6.0912173e-15
6.7969917e-15
2.1390505e-10
4.5739557e-15
7.296094e-15
2.2390693e-10
2.4502618e-15
7.6253061e-15
2.3038429e-10
-1.093416e-19
7.7879307e-15
2.3356808e-10
-2.4504635e-15
7.7879243e-15
2.3356808e-10
-4.5741094e-15
7.625282e-15
2.3038429e-10
-6.0913022e-15
7.2960403e-15
2.2390693e-10
-6.8096506e-15
6.7968963e-15
2.1390505e-10
-6.6533228e-15
6.1321741e-15
1.9999993e-10
-5.6797564e-15
5.3189658e-15
1.8161426e-10
-4.0876696e-15
4.3852258e-15
1.5787627e-10
-2.2283235e-15
3.3558984e-15
1.2743323e-10
-6.3884391e-16
2.2283057e-15
8.8072853e-11
8.8905905e-16
3.5941015e-11
9.6729472e-16
1.6158091e-15
4.985164e-11
3.3559885e-15
4.0877526e-15
1.2743323e-10
6.205128e-15
6.2051724e-15
1.8838921e-10
8.719003e-15
8.1480972e-15
2.3657365e-10
1.0329288e-14
9.9251592e-15
2.7460416e-10
1.0679129e-14
1.148836e-14
3.0426726e-10
9.6320114e-15
1.2781464e-14
3.2679622e-10
7.2772797e-15
1.3765037e-14
3.4304296e-10
3.9131312e-15
1.4421568e-14
3.5358079e-10
-1.2944659e-19
1.4748666e-14
3.5876469e-10
-3.913376e-15
1.4748675e-14
3.5876469e-10
-7.2774829e-15
1.442159e-14
3.5358079e-10
-9.6321492e-15
1.3765054e-14
3.4304296e-10
-1.0679188e-14
1.2781449e-14
3.2679622e-10
-1.0329269e-14
1.1488284e-14
3.0426726e-10
-8.7189305e-15
9.925013e-15
2.7460416e-10
-6.2050433e-15
8.1479017e-15
2.3657365e-10
-3.3559296e-15
6.20498e-15
1.8838921e-10
-9.672719e-16
4.0876259e-15
1.2743323e-10
1.6157855e-15
4.985164e-11
1.2759808e-15
2.2095548e-15
6.0340923e-11
4.3853588e-15
5.6798622e-15
1.5787627e-10
8.1480526e-15
8.719054e-15
2.3657365e-10
1.154625e-14
1.1546301e-14
2.998818e-10
1.3801548e-14
1.4162996e-14
3.5041831e-10
1.4386085e-14
1.6490691e-14
3.9012558e-10
1.306373e-14
1.8438003e-14
4.2042657e-10
9.9198657e-15
1.9935508e-14
4.4234496e-10
5.3506348e-15
2.0944649e-14
4.5658839e-10
-1.1624806e-19
2.1450746e-14
4.636024e-10
-5.3508601e-15
2.1450765e-14
4.636024e-10
-9.9200698e-15
2.0944701e-14
4.5658839e-10
-1.3063899e-14
1.9935579e-14
4.4234496e-10
-1.4386202e-14
1.8438061e-14
4.2042657e-10
-1.3801598e-14
1.6490695e-14
3.9012558e-10
-1.1546228e-14
1.4162912e-14
3.5041831e-10
-8.1479768e-15
1.1546128e-14
2.998818e-10
-4.3852677e-15
8.7188398e-15
2.3657365e-10
-1.2759166e-15
5.679689e-15
1.5787627e-10
2.2094984e-15
6.0340923e-11
1.5562563e-15
2.5480652e-15
6.8433675e-11
5.319105e-15
6.6534089e-15
1.8161426e-10
9.9251168e-15
1.0329339e-14
2.7460416e-10
1.4162949e-14
1.3801598e-14
3.5041831e-10
1.7054992e-14
1.7055036e-14
4.1151847e-10
1.7898405e-14
1.9980636e-14
4.5984704e-10
1.634526e-14
2.2453069e-14
4.9689658e-10
1.2463973e-14
2.4372204e-14
5.2377919e-10
6.740309e-15
2.5675577e-14
5.4128284e-10
-8.8556217e-20
2.6332676e-14
5.4991169e-10
-6.7404843e-15
2.6332696e-14
5.4991169e-10
-1.2464145e-14
2.5675636e-14
5.4128284e-10
-1.6345432e-14
2.4372291e-14
5.2377919e-10
-1.789857e-14
2.2453161e-14
4.9689658e-10
-1.7055126e-14
1.9980695e-14
4.5984704e-10
-1.4163016e-14
1.7055021e-14
4.1151847e-10
-9.9250966e-15
1.3801487e-14
3.5041831e-10
-5.3190179e-15
1.0329161e-14
2.7460416e-10
-1.5561677e-15
6.6532379e-15
1.8161426e-10
2.547992e-15
6.8433675e-11
1.7988293e-15
2.5721797e-15
7.4670155e-11
6.1322867e-15
6.8096786e-15
1.9999993e-10
1.148832e-14
1.0679176e-14
3.0426726e-10
1.6490646e-14
1.4386128e-14
3.9012558e-10
1.9980597e-14
1.789844e-14
4.5984704e-10
2.1087157e-14
2.1087186e-14
5.1530461e-10
1.9347808e-14
2.3805424e-14
5.579909e-10
1.4805177e-14
2.5931693e-14
5.8905016e-10
8.0236351e-15
2.7384835e-14
6.0931018e-10
-6.0827688e-20
2.8120496e-14
6.193081e-10
-8.0237578e-15
2.8120517e-14
6.193081e-10
-1.4805309e-14
2.7384893e-14
6.0931018e-10
-1.9347965e-14
2.5931778e-14
5.8905016e-10
-2.1087346e-14
2.3805521e-14
5.579909e-10
-1.9980798e-14
2.108727e-14
5.1530461e-10
-1.6490805e-14
1.7898481e-14
4.5984704e-10
-1.148838e-14
1.4386097e-14
3.9012558e-10
-6.1322391e-15
1.0679076e-14
3.0426726e-10
-1.7987434e-15
6.8095566e-15
1.9999993e-10
2.5721123e-15
7.4670155e-11
1.9945928e-15
2.2750259e-15
7.9374146e-11
6.7969659e-15
6.091251e-15
2.1390505e-10
1.2781425e-14
9.6320478e-15
3.2679622e-10
1.843796e-14
1.3063761e-14
4.2042657e-10
2.2453032e-14
1.6345283e-14
4.9689658e-10
2.3805399e-14
1.9347824e-14
5.579909e-10
2.1925139e-14
2.1925149e-14
6.0517023e-10
1.6825013e-14
2.3953464e-14
6.3957895e-10
9.1342131e-15
2.5346423e-14
6.6205866e-10
-3.6239321e-20
2.605387e-14
6.7316177e-10
-9.1342901e-15
2.6053893e-14
6.7316177e-10
-1.6825109e-14
2.5346485e-14
6.6205866e-10
-2.1925275e-14
2.3953552e-14
6.3957895e-10
-2.3805593e-14
2.192525e-14
6.0517023e-10
-2.2453269e-14
1.9347926e-14
5.579909e-10
-1.8438186e-14
1.634537e-14
4.9689658e-10
-1.2781565e-14
1.306381e-14
4.2042657e-10
-6.7969796e-15
9.6320442e-15
3.2679622e-10
-1.9945351e-15
6.0912074e-15
2.1390505e-10
2.2749846e-15
7.9374146e-11
2.1391879e-15
1.6941663e-15
8.2752504e-11
7.2960682e-15
4.5739813e-15
2.2390693e-10
1.3764998e-14
7.2773044e-15
3.4304296e-10
1.9935466e-14
9.9198836e-15
4.4234496e-10
2.4372168e-14
1.2463982e-14
5.2377919e-10
2.5931669e-14
1.4805178e-14
5.8905016e-10
2.3953457e-14
1.6825008e-14
6.3957895e-10
1.8421569e-14
1.8421561e-14
6.7649632e-10
1.0014386e-14
1.9521825e-14
7.0064399e-10
-1.1582036e-20
2.008189e-14
7.1257919e-10
-1.0014419e-14
2.0081916e-14
7.1257919e-10
-1.8421633e-14
1.9521895e-14
7.0064399e-10
-2.3953573e-14
1.8421659e-14
6.7649632e-10
-2.5931855e-14
1.6825122e-14
6.3957895e-10
-2.4372416e-14
1.48053e-14
5.8905016e-10
-1.9935729e-14
1.2464107e-14
5.2377919e-10
-1.3765198e-14
9.9200001e-15
4.4234496e-10
-7.2961481e-15
7.27739e-15
3.4304296e-10
-2.1391743e-15
4.5740195e-15
2.2390693e-10
1.6941606e-15
8.2752504e-11
2.2329913e-15
9.0293863e-16
8.4938434e-11
7.6252788e-15
2.4502816e-15
2.3038429e-10
1.4421529e-14
3.9131469e-15
3.5358079e-10
2.0944606e-14
5.3506419e-15
4.5658839e-10
2.5675541e-14
6.7403069e-15
5.4128284e-10
2.7384812e-14
8.0236246e-15
6.0931018e-10
2.5346417e-14
9.1341965e-15
6.6205866e-10
1.9521835e-14
1.0014366e-14
7.0064399e-10
1.0622231e-14
1.0622209e-14
7.2590326e-10
1.5056118e-20
1.0932044e-14
7.3839377e-10
-1.0622216e-14
1.0932069e-14
7.3839377e-10
-1.9521865e-14
1.062228e-14
7.2590326e-10
-2.5346512e-14
1.0014469e-14
7.0064399e-10
-2.7384984e-14
9.1343175e-15
6.6205866e-10
-2.5675784e-14
8.0237585e-15
6.0931018e-10
-2.0944881e-14
6.740455e-15
5.4128284e-10
-1.4421768e-14
5.3507999e-15
4.5658839e-10
-7.6254178e-15
3.9132922e-15
3.5358079e-10
-2.233026e-15
2.4503796e-15
2.3038429e-10
9.0296241e-16
8.4938434e-11
2.2787464e-15
-3.1720692e-20
8.6012378e-11
7.7879007e-15
-9.0431356e-20
2.3356808e-10
1.4748625e-14
-1.1641245e-19
3.5876469e-10
2.1450703e-14
-1.130449e-19
4.636024e-10
2.6332639e-14
-9.5000811e-20
5.4991169e-10
2.8120472e-14
-7.5296392e-20
6.193081e-10
2.6053864e-14
-5.6855494e-20
6.7316177e-10
2.0081901e-14
-3.5945537e-20
7.1257919e-10
1.0932066e-14
-1.0834172e-20
7.3839377e-10
4.1386071e-20
1.5172188e-20
7.5116193e-10
-1.0932004e-14
3.6411188e-20
7.5116193e-10
-2.0081895e-14
4.8282133e-20
7.3839377e-10
-2.6053936e-14
5.0215642e-20
7.1257919e-10
-2.8120629e-14
4.583667e-20
6.7316177e-10
-2.6332869e-14
4.1931498e-20
6.193081e-10
-2.1450975e-14
4.3481687e-20
5.4991169e-10
-1.4748884e-14
4.7687373e-20
4.636024e-10
-7.7880859e-15
4.4458787e-20
3.5876469e-10
-2.2788256e-15
2.7356828e-20
2.3356808e-10
2.4647843e-21
8.6012378e-11
2.2787302e-15
-9.0299017e-16
8.6012378e-11
7.787891e-15
-2.4504404e-15
2.3356808e-10
1.4748631e-14
-3.9133583e-15
3.5876469e-10
2.145072e-14
-5.3508523e-15
4.636024e-10
2.6332657e-14
-6.7404861e-15
5.4991169e-10
2.8120491e-14
-8.0237673e-15
6.193081e-10
2.6053885e-14
-9.1343051e-15
6.7316177e-10
2.0081926e-14
-1.0014438e-14
7.1257919e-10
1.0932092e-14
-1.0622236e-14
7.3839377e-10
6.2596306e-20
-1.0932025e-14
7.5116193e-10
-1.0931991e-14
-1.0932011e-14
7.5116193e-10
-2.0081891e-14
-1.0622201e-14
7.3839377e-10
-2.6053938e-14
-1.0014389e-14
7.1257919e-10
-2.8120632e-14
-9.1342494e-15
6.7316177e-10
-2.633287e-14
-8.0236988e-15
6.193081e-10
-2.1450977e-14
-6.7403921e-15
5.4991169e-10
-1.4748895e-14
-5.3507299e-15
4.636024e-10
-7.7881084e-15
-3.9132303e-15
3.5876469e-10
-2.2788465e-15
-2.4503496e-15
2.3356808e-10
-9.0297053e-16
8.6012378e-11
2.2329418e-15
-1.6941861e-15
8.4938434e-11
7.6252466e-15
-4.5740787e-15
2.3038429e-10
1.4421544e-14
-7.2774553e-15
3.5358079e-10
2.0944654e-14
-9.9200508e-15
4.5658839e-10
2.5675595e-14
-1.2464135e-14
5.4128284e-10
2.7384865e-14
-1.4805306e-14
6.0931018e-10
2.5346476e-14
-1.682511e-14
6.6205866e-10
1.9521904e-14
-1.8421637e-14
7.0064399e-10
1.0622302e-14
-1.9521871e-14
7.2590326e-10
7.4333984e-20
-2.0081901e-14
7.3839377e-10
-1.0622181e-14
-2.0081897e-14
7.3839377e-10
-1.9521856e-14
-1.9521861e-14
7.2590326e-10
-2.534652e-14
-1.8421631e-14
7.0064399e-10
-2.7384993e-14
-1.6825108e-14
6.6205866e-10
-2.5675785e-14
-1.4805296e-14
6.0931018e-10
-2.0944886e-14
-1.2464103e-14
5.4128284e-10
-1.4421801e-14
-9.9199961e-15
4.5658839e-10
-7.6254849e-15
-7.277401e-15
3.5358079e-10
-2.2330882e-15
-4.5740559e-15
2.3038429e-10
-1.6942025e-15
8.4938434e-11
2.1391041e-15
-2.2750057e-15
8.2752504e-11
7.296005e-15
-6.0912625e-15
2.2390693e-10
1.3765008e-14
-9.6321099e-15
3.4304296e-10
1.9935531e-14
-1.3063866e-14
4.4234496e-10
2.4372249e-14
-1.6345406e-14
5.2377919e-10
2.5931748e-14
-1.9347945e-14
5.8905016e-10
2.3953541e-14
-2.1925258e-14
6.3957895e-10
1.8421667e-14
-2.3953558e-14
6.7649632e-10
1.001449e-14
-2.5346498e-14
7.0064399e-10
7.5119423e-20
-2.6053924e-14
7.1257919e-10
-1.0014371e-14
-2.6053926e-14
7.1257919e-10
-1.8421628e-14
-2.5346507e-14
7.0064399e-10
-2.3953592e-14
-2.3953578e-14
6.7649632e-10
-2.5931871e-14
-2.1925287e-14
6.3957895e-10
-2.4372419e-14
-1.9347974e-14
5.8905016e-10
-1.993574e-14
-1.6345429e-14
5.2377919e-10
-1.3765256e-14
-1.306389e-14
4.4234496e-10
-7.2962588e-15
-9.6321524e-15
3.4304296e-10
-2.1392747e-15
-6.09133e-15
2.2390693e-10
-2.275067e-15
8.2752504e-11
1.9944785e-15
-2.5721265e-15
7.9374146e-11
6.7968629e-15
-6.8096029e-15
2.1390505e-10
1.2781404e-14
-1.0679138e-14
3.2679622e-10
1.8438013e-14
-1.4386157e-14
4.2042657e-10
2.2453117e-14
-1.789853e-14
4.9689658e-10
2.380549e-14
-2.1087309e-14
5.579909e-10
2.1925236e-14
-2.3805558e-14
6.0517023e-10
1.6825127e-14
-2.5931822e-14
6.3957895e-10
9.1343356e-15
-2.7384953e-14
6.6205866e-10
6.7786372e-20
-2.8120598e-14
6.7316177e-10
-9.1342341e-15
-2.8120602e-14
6.7316177e-10
-1.6825107e-14
-2.7384964e-14
6.6205866e-10
-2.1925304e-14
-2.5931841e-14
6.3957895e-10
-2.3805618e-14
-2.3805586e-14
6.0517023e-10
-2.2453283e-14
-2.1087349e-14
5.579909e-10
-1.8438219e-14
-1.7898593e-14
4.9689658e-10
-1.2781659e-14
-1.4386257e-14
4.2042657e-10
-6.7971321e-15
-1.0679277e-14
3.2679622e-10
-1.9946663e-15
-6.8097548e-15
2.1390505e-10
-2.572223e-15
7.9374146e-11
1.7986979e-15
-2.5479978e-15
7.4670155e-11
6.1321432e-15
-6.6532703e-15
1.9999993e-10
1.1488242e-14
-1.0329214e-14
3.0426726e-10
1.6490647e-14
-1.3801546e-14
3.9012558e-10
1.998065e-14
-1.7055077e-14
4.5984704e-10
2.1087237e-14
-1.998075e-14
5.1530461e-10
1.9347909e-14
-2.2453222e-14
5.579909e-10
1.4805301e-14
-2.437237e-14
5.8905016e-10
8.0237718e-15
-2.5675739e-14
6.0931018e-10
5.8783083e-20
-2.6332826e-14
6.193081e-10
-8.0236887e-15
-2.6332828e-14
6.193081e-10
-1.48053e-14
-2.5675744e-14
6.0931018e-10
-1.9347995e-14
-2.4372377e-14
5.8905016e-10
-2.1087386e-14
-2.2453239e-14
5.579909e-10
-1.9980843e-14
-1.9980797e-14
5.1530461e-10
-1.6490885e-14
-1.7055177e-14
4.5984704e-10
-1.1488524e-14
-1.380171e-14
3.9012558e-10
-6.1324261e-15
-1.0329423e-14
3.0426726e-10
-1.7988905e-15
-6.653472e-15
1.9999993e-10
-2.5481045e-15
7.4670155e-11
1.5561308e-15
-2.2094967e-15
6.8433675e-11
5.318936e-15
-5.6797056e-15
1.8161426e-10
9.9249717e-15
-8.7188766e-15
2.7460416e-10
1.4162865e-14
-1.1546177e-14
3.5041831e-10
1.7054975e-14
-1.4162966e-14
4.1151847e-10
1.7898444e-14
-1.6490754e-14
4.5984704e-10
1.6345348e-14
-1.8438135e-14
4.9689658e-10
1.2464102e-14
-1.9935677e-14
5.2377919e-10
6.7404611e-15
-2.0944831e-14
5.4128284e-10
5.2970037e-20
-2.1450927e-14
5.4991169e-10
-6.7403892e-15
-2.1450931e-14
5.4991169e-10
-1.2464114e-14
-2.0944842e-14
5.4128284e-10
-1.6345458e-14
-1.9935695e-14
5.2377919e-10
-1.7898635e-14
-1.8438172e-14
4.9689658e-10
-1.7055228e-14
-1.6490836e-14
4.5984704e-10
-1.4163166e-14
-1.4163112e-14
4.1151847e-10
-9.925292e-15
-1.1546385e-14
3.5041831e-10
-5.3192201e-15
-8.7191101e-15
2.7460416e-10
-1.5563086e-15
-5.6799023e-15
1.8161426e-10
-2.2095824e-15
6.8433675e-11
1.2758871e-15
-1.6157791e-15
6.0340923e-11
4.3851964e-15
-4.0876285e-15
1.5787627e-10
8.1478602e-15
-6.2049984e-15
2.3657365e-10
1.154608e-14
-8.1479329e-15
2.998818e-10
1.3801439e-14
-9.9250534e-15
3.5041831e-10
1.4386056e-14
-1.1488335e-14
3.9012558e-10
1.3063781e-14
-1.2781517e-14
4.2042657e-10
9.9199856e-15
-1.3765149e-14
4.4234496e-10
5.3507964e-15
-1.442172e-14
4.5658839e-10
4.7645936e-20
-1.4748839e-14
4.636024e-10
-5.3507361e-15
-1.4748853e-14
4.636024e-10
-9.920016e-15
-1.4421761e-14
4.5658839e-10
-1.3063926e-14
-1.3765217e-14
4.4234496e-10
-1.4386306e-14
-1.2781618e-14
4.2042657e-10
-1.3801767e-14
-1.148848e-14
3.9012558e-10
-1.1546443e-14
-9.9252445e-15
3.5041831e-10
-8.1482008e-15
-8.1481493e-15
2.998818e-10
-4.3854536e-15
-6.2051985e-15
2.3657365e-10
-1.2760273e-15
-4.0877663e-15
1.5787627e-10
-1.6158201e-15
6.0340923e-11
9.6725024e-16
-8.8905008e-16
4.985164e-11
3.3558704e-15
-2.2282974e-15
1.2743323e-10
6.2049386e-15
-3.3558993e-15
1.8838921e-10
8.7187906e-15
-4.3852369e-15
2.3657365e-10
1.0329111e-14
-5.3189868e-15
2.7460416e-10
1.0679032e-14
-6.1322062e-15
3.0426726e-10
9.63201e-15
-6.7969435e-15
3.2679622e-10
7.2773672e-15
-7.2961098e-15
3.4304296e-10
3.9132788e-15
-7.6253795e-15
3.5358079e-10
3.40755e-20
-7.7880502e-15
3.5876469e-10
-3.9132459e-15
-7.7880764e-15
3.5876469e-10
-7.2774282e-15
-7.6254559e-15
3.5358079e-10
-9.6321936e-15
-7.2962312e-15
3.4304296e-10
-1.0679329e-14
-6.797104e-15
3.2679622e-10
-1.0329482e-14
-6.1323959e-15
3.0426726e-10
-8.7191686e-15
-5.3191862e-15
2.7460416e-10
-6.2052509e-15
-4.3854156e-15
2.3657365e-10
-3.3560655e-15
-3.3560255e-15
1.8838921e-10
-9.6733544e-16
-2.228355e-15
1.2743323e-10
-8.8904656e-16
4.985164e-11
6.3883153e-16
-2.5088045e-16
3.5941015e-11
2.2282827e-15
-6.3882934e-16
8.8072853e-11
4.0875896e-15
-9.6725424e-16
1.2743323e-10
5.6796446e-15
-1.2758988e-15
1.5787627e-10
6.6531928e-15
-1.5561504e-15
1.8161426e-10
6.809516e-15
-1.7987255e-15
1.9999993e-10
6.0911739e-15
-1.9945156e-15
2.1390505e-10
4.5739941e-15
-2.139153e-15
2.2390693e-10
2.4503607e-15
-2.2330042e-15
2.3038429e-10
1.058012e-20
-2.2788049e-15
2.3356808e-10
-2.45037e-15
-2.2788281e-15
2.3356808e-10
-4.5740849e-15
-2.233072e-15
2.3038429e-10
-6.0913693e-15
-2.13926e-15
2.2390693e-10
-6.8098021e-15
-1.994652e-15
2.1390505e-10
-6.6535225e-15
-1.7988756e-15
1.9999993e-10
-5.6799517e-15
-1.5562919e-15
1.8161426e-10
-4.0878108e-15
-1.2760076e-15
1.5787627e-10
-2.2283901e-15
-9.6731381e-16
1.2743323e-10
-6.3885958e-16
-6.3883999e-16
8.8072853e-11
-2.5086307e-16
3.5941015e-11
2.5088561e-16
1.6237538e-11
8.8904858e-16
3.5941015e-11
1.6157659e-15
4.985164e-11
2.2094734e-15
6.0340923e-11
2.5479667e-15
6.8433675e-11
2.5720899e-15
7.4670155e-11
2.2749661e-15
7.9374146e-11
1.6941457e-15
8.2752504e-11
9.0295013e-16
8.4938434e-11
-9.1919446e-21
8.6012378e-11
-9.0298392e-16
8.6012378e-11
-1.6942199e-15
8.4938434e-11
-2.2750888e-15
8.2752504e-11
-2.5722479e-15
7.9374146e-11
-2.5481297e-15
7.4670155e-11
-2.2096062e-15
6.8433675e-11
-1.6158417e-15
6.0340923e-11
-8.8906472e-16
4.985164e-11
-2.5087414e-16
3.5941015e-11
1.6237538e-11
2.2199372e-16
2.2199602e-16
1.6237094e-11
5.2543266e-16
4.6845413e-16
3.5940243e-11
8.3277017e-16
6.4233973e-16
4.985069e-11
1.0835515e-15
7.9296559e-16
6.0339879e-11
1.2270376e-15
9.2630199e-16
6.8432605e-11
1.2314699e-15
1.0400093e-15
7.4669111e-11
1.0880972e-15
1.1306234e-15
7.9373158e-11
8.1073667e-16
1.1966927e-15
8.2751585e-11
4.3239485e-16
1.2390216e-15
8.4937573e-11
-6.2315372e-20
1.2594685e-15
8.6011551e-11
-4.3251321e-16
1.2594482e-15
8.6011551e-11
-8.1083787e-16
1.2389654e-15
8.4937573e-11
-1.0881758e-15
1.1966152e-15
8.2751585e-11
-1.2315264e-15
1.1305481e-15
7.9373158e-11
-1.2270781e-15
1.0399639e-15
7.4669111e-11
-1.0835828e-15
9.2630809e-16
6.8432605e-11
-8.3279647e-16
7.9302682e-16
6.0339879e-11
-5.2545241e-16
6.424361e-16
4.985069e-11
-2.2199906e-16
4.6854555e-16
3.5940243e-11
2.2202785e-16
1.6237094e-11
4.6844751e-16
5.2543772e-16
3.5940243e-11
1.2599277e-15
1.2599439e-15
8.807127e-11
2.1269801e-15
1.8518343e-15
1.2743116e-10
2.8766843e-15
2.380376e-15
1.5787393e-10
3.3451278e-15
2.8548231e-15
1.8161187e-10
3.4224691e-15
3.265045e-15
1.9999763e-10
3.0668419e-15
3.5982893e-15
2.1390294e-10
2.3074582e-15
3.8470776e-15
2.2390504e-10
1.2377695e-15
4.0103376e-15
2.3038258e-10
-1.5908907e-19
4.0906814e-15
2.3356648e-10
-1.2380682e-15
4.0906635e-15
2.3356648e-10
-2.3077022e-15
4.010287e-15
2.3038258e-10
-3.0670078e-15
3.847004e-15
2.2390504e-10
-3.4225541e-15
3.5982105e-15
2.1390294e-10
-3.3451526e-15
3.2649862e-15
1.9999763e-10
-2.8766866e-15
2.8548098e-15
1.8161187e-10
-2.1269972e-15
2.3804224e-15
1.5787393e-10
-1.2599731e-15
1.8519326e-15
1.2743116e-10
-4.6849825e-16
1.2600598e-15
8.807127e-11
5.2550538e-16
3.5940243e-11
6.4233107e-16
8.3277785e-16
4.985069e-11
1.8518111e-15
2.127006e-15
1.2743116e-10
3.2456804e-15
3.2457182e-15
1.8838642e-10
4.4959052e-15
4.271479e-15
2.3657051e-10
5.3172444e-15
5.2057493e-15
2.7460099e-10
5.5089962e-15
6.023778e-15
3.0426431e-10
4.9827403e-15
6.6976181e-15
3.2679365e-10
3.7734173e-15
7.2082653e-15
3.4304081e-10
2.0319968e-15
7.5480776e-15
3.53579e-10
-2.1125878e-19
7.7170263e-15
3.5876309e-10
-2.0323938e-15
7.7170338e-15
3.5876309e-10
-3.7737416e-15
7.5480954e-15
3.53579e-10
-4.9829576e-15
7.2082821e-15
3.4304081e-10
-5.5090966e-15
6.6976221e-15
3.2679365e-10
-5.3172515e-15
6.023767e-15
3.0426431e-10
-4.4958721e-15
5.2057369e-15
2.7460099e-10
-3.2456657e-15
4.2714915e-15
2.3657051e-10
-1.8518431e-15
3.2457775e-15
1.8838642e-10
-6.4238406e-16
2.1271073e-15
1.2743116e-10
8.3286295e-16
4.985069e-11
7.929573e-16
1.0835613e-15
6.0339879e-11
2.3803502e-15
2.876718e-15
1.5787393e-10
4.2714357e-15
4.4959545e-15
2.3657051e-10
6.0131535e-15
6.0132092e-15
2.9987831e-10
7.1985243e-15
7.4147347e-15
3.5041492e-10
7.5286067e-15
8.6566592e-15
3.9012262e-10
6.8583906e-15
9.6918566e-15
4.2042425e-10
5.2203575e-15
1.0485497e-14
4.4234332e-10
2.8198129e-15
1.1019032e-14
4.5658732e-10
-2.1500845e-19
1.1286197e-14
4.6360165e-10
-2.8202216e-15
1.128624e-14
4.6360165e-10
-5.220703e-15
1.1019145e-14
4.5658732e-10
-6.8586386e-15
1.0485643e-14
4.4234332e-10
-7.5287387e-15
9.6919886e-15
4.2042425e-10
-7.1985498e-15
8.6567407e-15
3.9012262e-10
-6.0131153e-15
7.4147607e-15
3.5041492e-10
-4.2713938e-15
6.013211e-15
2.9987831e-10
-2.3803449e-15
4.4959819e-15
2.3657051e-10
-7.9297978e-16
2.8767984e-15
1.5787393e-10
1.0836522e-15
6.0339879e-11
9.2629555e-16
1.2270485e-15
6.8432605e-11
2.8547969e-15
3.3451661e-15
1.8161187e-10
5.2057038e-15
5.3173005e-15
2.7460099e-10
7.4146774e-15
7.1985866e-15
3.5041492e-10
8.9588391e-15
8.9589005e-15
4.1151538e-10
9.4395305e-15
1.0535985e-14
4.5984468e-10
8.6491712e-15
1.1864131e-14
4.968952e-10
6.610997e-15
1.2892088e-14
5.2377882e-10
3.5800546e-15
1.3588685e-14
5.412833e-10
-1.7297094e-19
1.3939401e-14
5.4991262e-10
-3.5803932e-15
1.3939471e-14
5.4991262e-10
-6.6113105e-15
1.3588873e-14
5.412833e-10
-8.6494358e-15
1.289234e-14
5.2377882e-10
-9.439718e-15
1.1864376e-14
4.968952e-10
-8.95893e-15
1.0536165e-14
4.5984468e-10
-7.4146798e-15
8.9589945e-15
4.1151538e-10
-5.2056571e-15
7.1986215e-15
3.5041492e-10
-2.8547482e-15
5.3173346e-15
2.7460099e-10
-9.2626942e-16
3.3452433e-15
1.8161187e-10
1.2271396e-15
6.8432605e-11
1.0400055e-15
1.2314809e-15
7.4669111e-11
3.2650196e-15
3.4225081e-15
1.9999763e-10
6.023731e-15
5.5090538e-15
3.0426431e-10
8.6566006e-15
7.5286703e-15
3.9012262e-10
1.0535926e-14
9.439591e-15
4.5984468e-10
1.1167987e-14
1.1168042e-14
5.1530334e-10
1.0281575e-14
1.2636348e-14
5.5799101e-10
7.8859045e-15
1.3781628e-14
5.8905167e-10
4.279474e-15
1.456265e-14
6.0931281e-10
-9.912212e-20
1.4957524e-14
6.1931137e-10
-4.2796861e-15
1.49576e-14
6.1931137e-10
-7.8861482e-15
1.4562856e-14
6.0931281e-10
-1.0281843e-14
1.3781911e-14
5.8905167e-10
-1.116824e-14
1.2636639e-14
5.5799101e-10
-1.0536109e-14
1.1168283e-14
5.1530334e-10
-8.6566767e-15
9.4397565e-15
4.5984468e-10
-6.0237065e-15
7.5287724e-15
3.9012262e-10
-3.2649404e-15
5.5091353e-15
3.0426431e-10
-1.0399324e-15
3.4226058e-15
1.9999763e-10
1.2315701e-15
7.4669111e-11
1.130622e-15
1.0881086e-15
7.9373158e-11
3.5982649e-15
3.0668786e-15
2.1390294e-10
6.6975698e-15
4.9827945e-15
3.2679365e-10
9.6917959e-15
6.8584506e-15
4.2042425e-10
1.1864071e-14
8.6492276e-15
4.968952e-10
1.2636297e-14
1.0281623e-14
5.5799101e-10
1.1677934e-14
1.1677974e-14
6.0517215e-10
8.9819795e-15
1.2773743e-14
6.3958265e-10
4.8826376e-15
1.3524625e-14
6.620638e-10
-1.8391516e-20
1.3905459e-14
6.7316771e-10
-4.8827096e-15
1.3905514e-14
6.7316771e-10
-8.9821394e-15
1.3524779e-14
6.620638e-10
-1.1678188e-14
1.2773964e-14
6.3958265e-10
-1.2636597e-14
1.1678225e-14
6.0517215e-10
-1.1864335e-14
1.0281868e-14
5.5799101e-10
-9.6919482e-15
8.6494426e-15
4.968952e-10
-6.6975852e-15
6.8586271e-15
4.2042425e-10
-3.5981804e-15
4.9829421e-15
3.2679365e-10
-1.1305212e-15
3.0670084e-15
2.1390294e-10
1.0881931e-15
7.9373158e-11
1.1966923e-15
8.1074957e-16
8.2751585e-11
3.847054e-15
2.307493e-15
2.2390504e-10
7.2082167e-15
3.773466e-15
3.4304081e-10
1.0485435e-14
5.2204112e-15
4.4234332e-10
1.2892026e-14
6.6110478e-15
5.2377882e-10
1.3781577e-14
7.8859468e-15
5.8905167e-10
1.2773707e-14
8.9820117e-15
6.3958265e-10
9.8458559e-15
9.8458804e-15
6.7650217e-10
5.3592677e-15
1.0439879e-14
7.0065156e-10
4.1003874e-20
1.0741801e-14
7.1258771e-10
-5.3592334e-15
1.0741816e-14
7.1258771e-10
-9.8459417e-15
1.0439929e-14
7.0065156e-10
-1.2773927e-14
9.845975e-15
6.7650217e-10
-1.3781882e-14
8.9821601e-15
6.3958265e-10
-1.2892324e-14
7.8861464e-15
5.8905167e-10
-1.0485636e-14
6.6112783e-15
5.2377882e-10
-7.208275e-15
5.2206412e-15
4.4234332e-10
-3.8469914e-15
3.7736668e-15
3.4304081e-10
-1.1965917e-15
2.3076444e-15
2.2390504e-10
8.1082197e-16
8.2751585e-11
1.2390197e-15
4.3241151e-16
8.4937573e-11
4.0103128e-15
1.2378059e-15
2.3038258e-10
7.5480289e-15
2.0320432e-15
3.53579e-10
1.1018969e-14
2.8198621e-15
4.5658732e-10
1.3588621e-14
3.5801008e-15
5.412833e-10
1.4562596e-14
4.2795129e-15
6.0931281e-10
1.3524588e-14
4.8826664e-15
6.620638e-10
1.0439858e-14
5.3592867e-15
7.0065156e-10
5.6876587e-15
5.6876712e-15
7.2591276e-10
5.9175566e-20
5.8547828e-15
7.3840435e-10
-5.6875841e-15
5.8547565e-15
7.3840435e-10
-1.0439894e-14
5.6876128e-15
7.2591276e-10
-1.3524752e-14
5.3592475e-15
7.0065156e-10
-1.456285e-14
4.8826994e-15
6.620638e-10
-1.3588891e-14
4.2796437e-15
6.0931281e-10
-1.1019177e-14
3.5803125e-15
5.412833e-10
-7.5481238e-15
2.8201039e-15
4.5658732e-10
-4.0102952e-15
2.0322568e-15
3.53579e-10
-1.2389463e-15
1.2379491e-15
2.3038258e-10
4.324599e-16
8.4937573e-11
1.2594628e-15
-4.0322652e-20
8.6011551e-11
4.0906529e-15
-1.1568365e-19
2.3356648e-10
7.7169766e-15
-1.6016225e-19
3.5876309e-10
1.1286134e-14
-1.6415102e-19
4.6360165e-10
1.3939336e-14
-1.2645626e-19
5.4991262e-10
1.4957467e-14
-5.9470326e-20
6.1931137e-10
1.3905417e-14
1.2776487e-20
6.7316771e-10
1.0741776e-14
6.2908246e-20
7.1258771e-10
5.8547718e-15
7.2726726e-20
7.3840435e-10
3.4416943e-20
4.2981158e-20
7.5117364e-10
-5.8547261e-15
-6.6072463e-21
7.5117364e-10
-1.0741791e-14
-4.7327213e-20
7.3840435e-10
-1.3905507e-14
-5.7668044e-20
7.1258771e-10
-1.4957623e-14
-3.4643808e-20
6.7316771e-10
-1.3939527e-14
5.1447818e-21
6.1931137e-10
-1.1286314e-14
3.5794879e-20
5.4991262e-10
-7.7171e-15
3.7883103e-20
4.6360165e-10
-4.0906949e-15
1.2036109e-20
3.5876309e-10
-1.2594362e-15
-2.0164508e-20
2.3356648e-10
-2.8761941e-20
8.6011551e-11
1.2594377e-15
-4.3248508e-16
8.6011551e-11
4.0906298e-15
-1.2380135e-15
2.3356648e-10
7.7169812e-15
-2.032331e-15
3.5876309e-10
1.1286176e-14
-2.8201609e-15
4.6360165e-10
1.3939405e-14
-3.580339e-15
5.4991262e-10
1.495754e-14
-4.2796395e-15
6.1931137e-10
1.3905468e-14
-4.8826704e-15
6.7316771e-10
1.0741786e-14
-5.3592016e-15
7.1258771e-10
5.8547418e-15
-5.6875598e-15
7.3840435e-10
-1.5233717e-20
-5.8547081e-15
7.5117364e-10
-5.8547666e-15
-5.8547518e-15
7.5117364e-10
-1.0741801e-14
-5.6876682e-15
7.3840435e-10
-1.3905484e-14
-5.3593189e-15
7.1258771e-10
-1.4957584e-14
-4.8827367e-15
6.7316771e-10
-1.3939497e-14
-4.279622e-15
6.1931137e-10
-1.1286313e-14
-3.5802489e-15
5.4991262e-10
-7.7171287e-15
-2.8200473e-15
4.6360165e-10
-4.0907365e-15
-2.0322526e-15
3.5876309e-10
-1.2594664e-15
-1.2380023e-15
2.3356648e-10
-4.325203e-16
8.6011551e-11
1.2389512e-15
-8.1080338e-16
8.4937573e-11
4.0102486e-15
-2.3076346e-15
2.3038258e-10
7.5480391e-15
-3.7736637e-15
3.53579e-10
1.1019078e-14
-5.2206274e-15
4.5658732e-10
1.3588805e-14
-6.6112427e-15
5.412833e-10
1.4562794e-14
-7.8860891e-15
6.0931281e-10
1.3524729e-14
-8.9820878e-15
6.620638e-10
1.0439894e-14
-9.845896e-15
7.0065156e-10
5.6875917e-15
-1.0439853e-14
7.2591276e-10
-6.0666217e-20
-1.0741756e-14
7.3840435e-10
-5.6876845e-15
-1.074177e-14
7.3840435e-10
-1.043992e-14
-1.0439891e-14
7.2591276e-10
-1.3524696e-14
-9.8459396e-15
7.0065156e-10
-1.4562754e-14
-8.9821189e-15
6.620638e-10
-1.3588823e-14
-7.8860975e-15
6.0931281e-10
-1.1019186e-14
-6.6112374e-15
5.412833e-10
-7.5482117e-15
-5.2206361e-15
4.5658732e-10
-4.0104149e-15
-3.7737154e-15
3.53579e-10
-1.2390319e-15
-2.3077304e-15
2.3038258e-10
-8.108883e-16
8.4937573e-11
1.1965987e-15
-1.0881349e-15
8.2751585e-11
3.8469626e-15
-3.0669284e-15
2.2390504e-10
7.2082225e-15
-4.9828658e-15
3.4304081e-10
1.0485573e-14
-6.8585484e-15
4.4234332e-10
1.2892268e-14
-8.6493532e-15
5.2377882e-10
1.3781845e-14
-1.0281769e-14
5.8905167e-10
1.277391e-14
-1.1678123e-14
6.3958265e-10
9.8459344e-15
-1.2773867e-14
6.7650217e-10
5.3592194e-15
-1.3524695e-14
7.0065156e-10
-7.8459146e-20
-1.3905454e-14
7.1258771e-10
-5.359341e-15
-1.3905435e-14
7.1258771e-10
-9.8459715e-15
-1.3524648e-14
7.0065156e-10
-1.2773868e-14
-1.277382e-14
6.7650217e-10
-1.3781783e-14
-1.1678104e-14
6.3958265e-10
-1.2892269e-14
-1.0281798e-14
5.8905167e-10
-1.0485686e-14
-8.649438e-15
5.2377882e-10
-7.2084266e-15
-6.858691e-15
4.4234332e-10
-3.8471755e-15
-4.9830566e-15
3.4304081e-10
-1.196718e-15
-3.067131e-15
2.2390504e-10
-1.0882617e-15
8.2751585e-11
1.1305296e-15
-1.2314805e-15
7.9373158e-11
3.598167e-15
-3.4224665e-15
2.1390294e-10
6.6975598e-15
-5.5089962e-15
3.2679365e-10
9.6919143e-15
-7.5286397e-15
4.2042425e-10
1.1864298e-14
-9.4396254e-15
4.968952e-10
1.2636566e-14
-1.1168155e-14
5.5799101e-10
1.1678164e-14
-1.263652e-14
6.0517215e-10
8.9821139e-15
-1.3781811e-14
6.3958265e-10
4.8826649e-15
-1.4562782e-14
6.620638e-10
-6.3212141e-20
-1.4957557e-14
6.7316771e-10
-4.8827669e-15
-1.4957519e-14
6.7316771e-10
-8.9821573e-15
-1.4562691e-14
6.620638e-10
-1.1678155e-14
-1.3781721e-14
6.3958265e-10
-1.2636554e-14
-1.2636491e-14
6.0517215e-10
-1.1864352e-14
-1.1168225e-14
5.5799101e-10
-9.6920752e-15
-9.4398034e-15
4.968952e-10
-6.697802e-15
-7.5289043e-15
4.2042425e-10
-3.5984063e-15
-5.5093034e-15
3.2679365e-10
-1.1306659e-15
-3.4227484e-15
2.1390294e-10
-1.23163e-15
7.9373158e-11
1.0399424e-15
-1.2270305e-15
7.4669111e-11
3.2649395e-15
-3.3450631e-15
1.9999763e-10
6.0237016e-15
-5.3171499e-15
3.0426431e-10
8.6566625e-15
-7.1984504e-15
3.9012262e-10
1.0536081e-14
-8.9588363e-15
4.5984468e-10
1.1168203e-14
-1.0536021e-14
5.1530334e-10
1.02818e-14
-1.1864252e-14
5.5799101e-10
7.8860931e-15
-1.2892247e-14
5.8905167e-10
4.2796028e-15
-1.3588817e-14
6.0931281e-10
-3.0445588e-20
-1.3939454e-14
6.1931137e-10
-4.2796601e-15
-1.3939425e-14
6.1931137e-10
-7.886144e-15
-1.3588751e-14
6.0931281e-10
-1.0281855e-14
-1.2892198e-14
5.8905167e-10
-1.1168292e-14
-1.1864281e-14
5.5799101e-10
-1.053624e-14
-1.0536168e-14
5.1530334e-10
-8.6569003e-15
-8.9591026e-15
4.5984468e-10
-6.0239786e-15
-7.1987996e-15
3.9012262e-10
-3.2651783e-15
-5.3175194e-15
3.0426431e-10
-1.040069e-15
-3.345373e-15
1.9999763e-10
-1.2271767e-15
7.4669111e-11
9.262827e-16
-1.0835394e-15
6.8432605e-11
2.8547586e-15
-2.8766035e-15
1.8161187e-10
5.2056669e-15
-4.4957775e-15
2.7460099e-10
7.4146779e-15
-6.0130235e-15
3.5041492e-10
8.9589053e-15
-7.414594e-15
4.1151538e-10
9.4396693e-15
-8.6565956e-15
4.5984468e-10
8.6493658e-15
-9.6918706e-15
4.968952e-10
6.611217e-15
-1.0485561e-14
5.2377882e-10
3.5802647e-15
-1.1019105e-14
5.412833e-10
-5.9585196e-21
-1.1286245e-14
5.4991262e-10
-3.5802935e-15
-1.1286245e-14
5.4991262e-10
-6.6112909e-15
-1.1019117e-14
5.412833e-10
-8.6495018e-15
-1.0485617e-14
5.2377882e-10
-9.4398751e-15
-9.6920065e-15
4.968952e-10
-8.9591772e-15
-8.6568309e-15
4.5984468e-10
-7.4149876e-15
-7.414917e-15
4.1151538e-10
-5.205957e-15
-6.0133922e-15
3.5041492e-10
-2.8549656e-15
-4.4961328e-15
2.7460099e-10
-9.2637459e-16
-2.8768791e-15
1.8161187e-10
-1.0836575e-15
6.8432605e-11
7.9299921e-16
-8.3276325e-16
6.0339879e-11
2.380368e-15
-2.1269305e-15
1.5787393e-10
4.2714167e-15
-3.2455875e-15
2.3657051e-10
6.0131238e-15
-4.2713172e-15
2.9987831e-10
7.1985283e-15
-5.2055866e-15
3.5041492e-10
7.5286807e-15
-6.0236409e-15
3.9012262e-10
6.8585448e-15
-6.6975222e-15
4.2042425e-10
5.2205736e-15
-7.2082136e-15
4.4234332e-10
2.8200505e-15
-7.5480642e-15
4.5658732e-10
-8.232689e-21
-7.7170429e-15
4.6360165e-10
-2.8200954e-15
-7.7170735e-15
4.6360165e-10
-5.2206928e-15
-7.5481574e-15
4.5658732e-10
-6.8587576e-15
-7.2083724e-15
4.4234332e-10
-7.5289778e-15
-6.6977472e-15
4.2042425e-10
-7.1988747e-15
-6.0239228e-15
3.9012262e-10
-6.0134625e-15
-5.2058995e-15
3.5041492e-10
-4.2716825e-15
-4.2716241e-15
2.9987831e-10
-2.380517e-15
-3.2458512e-15
2.3657051e-10
-7.9304242e-16
-2.1271177e-15
1.5787393e-10
-8.3283799e-16
6.0339879e-11
6.4241029e-16
-5.2543252e-16
4.985069e-11
1.8518804e-15
-1.2599297e-15
1.2743116e-10
3.245703e-15
-1.8517897e-15
1.8838642e-10
4.4958941e-15
-2.3802909e-15
2.3657051e-10
5.3172418e-15
-2.854699e-15
2.7460099e-10
5.5090452e-15
-3.2648963e-15
3.0426431e-10
4.9828614e-15
-3.5981393e-15
3.2679365e-10
3.7735997e-15
-3.8469515e-15
3.4304081e-10
2.0322029e-15
-4.0102563e-15
3.53579e-10
-3.3978952e-20
-4.0906579e-15
3.5876309e-10
-2.0322991e-15
-4.0907019e-15
3.5876309e-10
-3.7737687e-15
-4.0103825e-15
3.53579e-10
-4.9831185e-15
-3.847144e-15
3.4304081e-10
-5.509371e-15
-3.5983745e-15
3.2679365e-10
-5.3175877e-15
-3.265145e-15
3.0426431e-10
-4.4961966e-15
-2.8549295e-15
2.7460099e-10
-3.2459054e-15
-2.380478e-15
2.3657051e-10
-1.8519612e-15
-1.8519224e-15
1.8838642e-10
-6.4240946e-16
-1.2600097e-15
1.2743116e-10
-5.2546465e-16
4.985069e-11
4.685263e-16
-2.2199054e-16
3.5940243e-11
1.2600187e-15
-4.6847806e-16
8.807127e-11
2.1270453e-15
-6.4235793e-16
1.2743116e-10
2.8767232e-15
-7.929528e-16
1.5787393e-10
3.3451639e-15
-9.262456e-16
1.8161187e-10
3.42253e-15
-1.0399129e-15
1.9999763e-10
3.0669418e-15
-1.1305046e-15
2.1390294e-10
2.3075897e-15
-1.1965763e-15
2.2390504e-10
1.2379053e-15
-1.2389312e-15
2.3038258e-10
-5.7410602e-20
-1.2594215e-15
2.3356648e-10
-1.238039e-15
-1.2594529e-15
2.3356648e-10
-2.3077714e-15
-1.2390198e-15
2.3038258e-10
-3.0671775e-15
-1.1967071e-15
2.2390504e-10
-3.4227982e-15
-1.1306554e-15
2.1390294e-10
-3.3454224e-15
-1.0400577e-15
1.9999763e-10
-2.8769251e-15
-9.2636085e-16
1.8161187e-10
-2.1271578e-15
-7.9302516e-16
1.5787393e-10
-1.2600408e-15
-6.4238999e-16
1.2743116e-10
-4.6850384e-16
-4.6848677e-16
8.807127e-11
-2.2200201e-16
3.5940243e-11
2.2202014e-16
1.6237094e-11
5.2548721e-16
3.5940243e-11
8.3283301e-16
4.985069e-11
1.083614e-15
6.0339879e-11
1.2270988e-15
6.8432605e-11
1.2315321e-15
7.4669111e-11
1.0881612e-15
7.9373158e-11
8.1079701e-16
8.2751585e-11
4.3244073e-16
8.4937573e-11
-4.4863234e-20
8.6011551e-11
-4.3253613e-16
8.6011551e-11
-8.1090577e-16
8.4937573e-11
-1.0882811e-15
8.2751585e-11
-1.2316498e-15
7.9373158e-11
-1.2271952e-15
7.4669111e-11
-1.083674e-15
6.8432605e-11
-8.3285312e-16
6.0339879e-11
-5.254782e-16
4.985069e-11
-2.2201084e-16
3.5940243e-11
1.6237094e-11
8.2515559e-17
8.2503524e-17
1.6236929e-11
2.6905044e-16
2.0145451e-16
3.5939855e-11
4.7806412e-16
2.9910402e-16
4.9850182e-11
6.4875854e-16
3.8975684e-16
6.0339319e-11
7.4605821e-16
4.7173498e-16
6.8432036e-11
7.5237717e-16
5.4245456e-16
7.4668562e-11
6.6526678e-16
5.9930766e-16
7.9372646e-11
4.9538682e-16
6.4110298e-16
8.2751114e-11
2.6401638e-16
6.6808096e-16
8.4937137e-11
-4.9668128e-20
6.8118473e-16
8.6011134e-11
-2.6411454e-16
6.8117549e-16
8.6011134e-11
-4.954797e-16
6.6806129e-16
8.4937137e-11
-6.6534712e-16
6.4109359e-16
8.2751114e-11
-7.5243511e-16
5.9933335e-16
7.9372646e-11
-7.46085e-16
5.4253241e-16
7.4668562e-11
-6.4875133e-16
4.7186423e-16
6.8432036e-11
-4.7802951e-16
3.8991443e-16
6.0339319e-11
-2.6900202e-16
2.9925018e-16
4.9850182e-11
-8.2468218e-17
2.0154555e-16
3.5939855e-11
8.251007e-17
1.6236929e-11
2.0147384e-16
2.6903273e-16
3.5939855e-11
6.6935447e-16
6.69324e-16
8.8070335e-11
1.2114547e-15
1.0041395e-15
1.2742991e-10
1.6762604e-15
1.3087889e-15
1.5787255e-10
1.9613171e-15
1.5845955e-15
1.8161047e-10
2.007176e-15
1.8242617e-15
1.999963e-10
1.7958007e-15
2.0196049e-15
2.1390173e-10
1.3488071e-15
2.1657852e-15
2.2390397e-10
7.2264301e-16
2.2618662e-15
2.3038162e-10
-1.1865956e-19
2.3091909e-15
2.3356558e-10
-7.2286792e-16
2.3091734e-15
2.3356558e-10
-1.3489962e-15
2.2618246e-15
2.3038162e-10
-1.7959361e-15
2.1657484e-15
2.2390397e-10
-2.00725e-15
2.0196093e-15
2.1390173e-10
-1.9613359e-15
1.8243374e-15
1.999963e-10
-1.6762439e-15
1.5847522e-15
1.8161047e-10
-1.2114293e-15
1.3090063e-15
1.5787255e-10
-6.6933892e-16
1.004368e-15
1.2742991e-10
-2.0146982e-16
6.6949862e-16
8.8070335e-11
2.690904e-16
3.5939855e-11
2.9912293e-16
4.7804556e-16
4.9850182e-11
1.0041697e-15
1.2114226e-15
1.2742991e-10
1.8408446e-15
1.8408125e-15
1.8838475e-10
2.5809248e-15
2.4183806e-15
2.3656866e-10
3.0568265e-15
2.9460948e-15
2.7459915e-10
3.1614015e-15
3.4094484e-15
3.0426262e-10
2.8526316e-15
3.7917771e-15
3.2679218e-10
2.1559887e-15
4.0817142e-15
3.4303959e-10
1.1595134e-15
4.2746618e-15
3.5357798e-10
-1.7203541e-19
4.3705668e-15
3.5876219e-10
-1.1598325e-15
4.3705585e-15
3.5876219e-10
-2.1562383e-15
4.2746428e-15
3.5357798e-10
-2.852784e-15
4.0817004e-15
3.4303959e-10
-3.1614539e-15
3.7917919e-15
3.2679218e-10
-3.0568052e-15
3.4095174e-15
3.0426262e-10
-2.5808776e-15
2.9462374e-15
2.7459915e-10
-1.8408203e-15
2.4185967e-15
2.3656866e-10
-1.0041886e-15
1.8410697e-15
1.8838475e-10
-2.9916159e-16
1.2116529e-15
1.2742991e-10
4.7815332e-16
4.9850182e-11
3.8977124e-16
6.487399e-16
6.0339319e-11
1.308812e-15
1.6762325e-15
1.5787255e-10
2.4184055e-15
2.5809e-15
2.3656866e-10
3.4236396e-15
3.4236218e-15
2.998763e-10
4.0935053e-15
4.2030329e-15
3.5041299e-10
4.2692635e-15
4.8951468e-15
3.9012096e-10
3.8788638e-15
5.4727349e-15
4.2042296e-10
2.9465179e-15
5.9156194e-15
4.4234242e-10
1.5896102e-15
6.2132194e-15
4.5658673e-10
-2.0125271e-19
6.3621572e-15
4.6360125e-10
-1.5899807e-15
6.3621778e-15
4.6360125e-10
-2.9467998e-15
6.2132745e-15
4.5658673e-10
-3.8790217e-15
5.9156939e-15
4.4234242e-10
-4.2692937e-15
5.4728173e-15
4.2042296e-10
-4.093442e-15
4.8952411e-15
3.9012096e-10
-3.4235482e-15
4.203162e-15
3.5041299e-10
-2.4183557e-15
3.4238121e-15
2.998763e-10
-1.3088332e-15
2.5811524e-15
2.3656866e-10
-3.8982556e-16
1.6764944e-15
1.5787255e-10
6.4889241e-16
6.0339319e-11
4.717459e-16
7.460389e-16
6.8432036e-11
1.5846107e-15
1.9612956e-15
1.8161047e-10
2.9461104e-15
3.0568142e-15
2.7459915e-10
4.2030426e-15
4.0935019e-15
3.5041299e-10
5.064245e-15
5.0642478e-15
4.1151366e-10
5.3182906e-15
5.935627e-15
4.5984339e-10
4.8595356e-15
6.6701897e-15
4.9689446e-10
3.7070748e-15
7.2386951e-15
5.2377865e-10
2.0051279e-15
7.6236937e-15
5.4128359e-10
-1.915762e-19
7.8174017e-15
5.4991317e-10
-2.005485e-15
7.817457e-15
5.4991317e-10
-3.7073565e-15
7.6238396e-15
5.4128359e-10
-4.8597037e-15
7.2388824e-15
5.2377865e-10
-5.3183285e-15
6.6703688e-15
4.9689446e-10
-5.0641709e-15
5.9357766e-15
4.5984339e-10
-4.2029168e-15
5.0643869e-15
4.1151366e-10
-2.9460139e-15
4.0936756e-15
3.5041299e-10
-1.5845925e-15
3.0570535e-15
2.7459915e-10
-4.7177844e-16
1.96157e-15
1.8161047e-10
7.4622201e-16
6.8432036e-11
5.4246593e-16
7.5235858e-16
7.4668562e-11
1.8242727e-15
2.0071621e-15
1.999963e-10
3.4094561e-15
3.1614037e-15
3.0426262e-10
4.8951485e-15
4.2692784e-15
3.9012096e-10
5.935619e-15
5.3183114e-15
4.5984339e-10
6.2689444e-15
6.2689672e-15
5.1530268e-10
5.7551621e-15
7.077258e-15
5.5799112e-10
4.4056534e-15
7.707604e-15
5.8905255e-10
2.3881356e-15
8.1371326e-15
6.0931432e-10
-1.3973611e-19
8.3541387e-15
6.1931322e-10
-2.3884089e-15
8.3542111e-15
6.1931322e-10
-4.4059006e-15
8.1373242e-15
6.0931432e-10
-5.7553469e-15
7.7078522e-15
5.8905255e-10
-6.2690248e-15
7.0774978e-15
5.5799112e-10
-5.9355754e-15
6.2691641e-15
5.1530268e-10
-4.8950131e-15
5.3184758e-15
4.5984339e-10
-3.4093091e-15
4.2694543e-15
3.9012096e-10
-1.8241874e-15
3.1616321e-15
3.0426262e-10
-5.4244662e-16
2.0074293e-15
1.999963e-10
7.5254787e-16
7.4668562e-11
5.9932284e-16
6.652525e-16
7.9372646e-11
2.0196164e-15
1.7957963e-15
2.1390173e-10
3.7917806e-15
2.8526481e-15
3.2679218e-10
5.4727301e-15
3.8788972e-15
4.2042296e-10
6.6701762e-15
4.8595767e-15
4.9689446e-10
7.0772334e-15
5.755204e-15
5.5799112e-10
6.5218992e-15
6.5219392e-15
6.0517326e-10
5.0066923e-15
7.1234412e-15
6.3958475e-10
2.718677e-15
7.5352546e-15
6.6206669e-10
-6.596231e-20
7.7439453e-15
6.7317104e-10
-2.7188289e-15
7.7439997e-15
6.7317104e-10
-5.0068826e-15
7.5354019e-15
6.6206669e-10
-6.5220963e-15
7.1236429e-15
6.3958475e-10
-7.0773666e-15
6.5221536e-15
6.0517326e-10
-6.6701823e-15
5.7554038e-15
5.5799112e-10
-5.4726051e-15
4.8597595e-15
4.9689446e-10
-3.7915945e-15
3.8790828e-15
4.2042296e-10
-2.0194618e-15
2.8528622e-15
3.2679218e-10
-5.9924218e-16
1.7960314e-15
2.1390173e-10
6.6541815e-16
7.9372646e-11
6.4112252e-16
4.9538072e-16
8.2751114e-11
2.1658001e-15
1.3488148e-15
2.2390397e-10
4.0817181e-15
2.1560188e-15
3.4303959e-10
5.9156114e-15
2.9465671e-15
4.4234242e-10
7.2386773e-15
3.7071343e-15
5.2377865e-10
7.7075765e-15
4.405715e-15
5.8905255e-10
7.1234017e-15
5.0067508e-15
6.3958475e-10
5.480217e-15
5.4802715e-15
6.7650546e-10
2.9797586e-15
5.8055363e-15
7.0065579e-10
-8.1505292e-21
5.9707007e-15
7.1259247e-10
-2.9798121e-15
5.9707064e-15
7.1259247e-10
-5.4803508e-15
5.8055609e-15
7.0065579e-10
-7.1235892e-15
5.4803321e-15
6.7650546e-10
-7.7077325e-15
5.0068601e-15
6.3958475e-10
-7.2387134e-15
4.4058693e-15
5.8905255e-10
-5.9154989e-15
3.7073139e-15
5.2377865e-10
-4.081512e-15
2.9467521e-15
4.4234242e-10
-2.1655978e-15
2.1562027e-15
3.4303959e-10
-6.4099268e-16
1.3489896e-15
2.2390397e-10
4.9549567e-16
8.2751114e-11
6.6810283e-16
2.6402053e-16
8.4937137e-11
2.2618845e-15
7.2266491e-16
2.3038162e-10
4.2746689e-15
1.159557e-15
3.5357798e-10
6.2132127e-15
1.5896719e-15
4.5658673e-10
7.6236745e-15
2.0052008e-15
5.4128359e-10
8.1371024e-15
2.3882123e-15
6.0931432e-10
7.5352132e-15
2.7187517e-15
6.6206669e-10
5.8054831e-15
2.9798279e-15
7.0065579e-10
3.1594348e-15
3.1594992e-15
7.2591806e-10
4.4955326e-22
3.2508164e-15
7.3841023e-10
-3.1594649e-15
3.2507691e-15
7.3841023e-10
-5.8055804e-15
3.1593894e-15
7.2591806e-10
-7.5353557e-15
2.979731e-15
7.0065579e-10
-8.1372198e-15
2.7187369e-15
6.6206669e-10
-7.6236921e-15
2.3882995e-15
6.0931432e-10
-6.2131008e-15
2.0053534e-15
5.4128359e-10
-4.2744651e-15
1.5898314e-15
4.5658673e-10
-2.2616704e-15
1.1596855e-15
3.5357798e-10
-6.6795034e-16
7.2275589e-16
2.3038162e-10
2.6406912e-16
8.4937137e-11
6.8120597e-16
-3.6724085e-20
8.6011134e-11
2.3092107e-15
-8.3365197e-20
2.3356558e-10
4.3705771e-15
-1.1619553e-19
3.5876219e-10
6.362154e-15
-1.3003503e-19
4.6360125e-10
7.8173844e-15
-1.1124901e-19
5.4991317e-10
8.3541076e-15
-5.5598905e-20
6.1931322e-10
7.7439011e-15
1.7377095e-20
6.7317104e-10
5.9706453e-15
7.0555052e-20
7.1259247e-10
3.2507529e-15
7.3026605e-20
7.3841023e-10
-4.5533438e-20
2.2587245e-20
7.5118014e-10
-3.2508442e-15
-5.0569997e-20
7.5118014e-10
-5.9707315e-15
-1.0302164e-19
7.3841023e-10
-7.7439656e-15
-1.0752071e-19
7.1259247e-10
-8.3541268e-15
-6.9901207e-20
6.7317104e-10
-7.8173368e-15
-2.3881075e-20
6.1931322e-10
-6.3620316e-15
-5.9876683e-21
5.4991317e-10
-4.3703984e-15
-2.8122148e-20
4.6360125e-10
-2.3090216e-15
-6.8369885e-20
3.5876219e-10
-6.8105986e-16
-8.783627e-20
2.3356558e-10
-5.4715257e-20
8.6011134e-11
6.8119441e-16
-2.6409626e-16
8.6011134e-11
2.3091925e-15
-7.2282295e-16
2.3356558e-10
4.3705702e-15
-1.1597675e-15
3.5876219e-10
6.3621773e-15
-1.5899032e-15
4.6360125e-10
7.8174426e-15
-2.005402e-15
5.4991317e-10
8.3541808e-15
-2.3883251e-15
6.1931322e-10
7.7439532e-15
-2.7187467e-15
6.7317104e-10
5.9706468e-15
-2.9797333e-15
7.1259247e-10
3.2507022e-15
-3.1593913e-15
7.3841023e-10
-1.187568e-19
-3.2507759e-15
7.5118014e-10
-3.2508976e-15
-3.2508323e-15
7.5118014e-10
-5.9707383e-15
-3.1595277e-15
7.3841023e-10
-7.7439311e-15
-2.9798738e-15
7.1259247e-10
-8.3540823e-15
-2.718823e-15
6.7317104e-10
-7.8173165e-15
-2.3883211e-15
6.1931322e-10
-6.3620477e-15
-2.0053599e-15
5.4991317e-10
-4.3704355e-15
-1.5898882e-15
4.6360125e-10
-2.3090539e-15
-1.1598175e-15
3.5876219e-10
-6.8107514e-16
-7.2291961e-16
2.3356558e-10
-2.6416794e-16
8.6011134e-11
6.6807781e-16
-4.9545965e-16
8.4937137e-11
2.2618418e-15
-1.3489472e-15
2.3038162e-10
4.2746536e-15
-2.15617e-15
3.5357798e-10
6.2132738e-15
-2.9467213e-15
4.5658673e-10
7.6238251e-15
-3.7072756e-15
5.4128359e-10
8.1372938e-15
-4.4058226e-15
6.0931432e-10
7.5353538e-15
-5.0068093e-15
6.6206669e-10
5.8054971e-15
-5.4802816e-15
7.0065579e-10
3.1593171e-15
-5.8055146e-15
7.2591806e-10
-1.7545093e-19
-5.9706695e-15
7.3841023e-10
-3.159594e-15
-5.9706797e-15
7.3841023e-10
-5.8055956e-15
-5.8055384e-15
7.2591806e-10
-7.5352706e-15
-5.4803038e-15
7.0065579e-10
-8.1371149e-15
-5.0068204e-15
6.6206669e-10
-7.6236541e-15
-4.4058313e-15
6.0931432e-10
-6.2131583e-15
-3.7073092e-15
5.4128359e-10
-4.2745736e-15
-2.9468099e-15
4.5658673e-10
-2.2617604e-15
-2.1563199e-15
3.5357798e-10
-6.6799114e-16
-1.3491202e-15
2.3038162e-10
-4.9556606e-16
8.4937137e-11
6.4110778e-16
-6.6532735e-16
8.2751114e-11
2.1657628e-15
-1.7958887e-15
2.2390397e-10
4.0817086e-15
-2.8527195e-15
3.4303959e-10
5.9156899e-15
-3.878949e-15
4.4234242e-10
7.238864e-15
-4.8596304e-15
5.2377865e-10
7.7078181e-15
-5.7552788e-15
5.8905255e-10
7.1235917e-15
-6.5220358e-15
6.3958475e-10
5.4802649e-15
-7.1235349e-15
6.7650546e-10
2.979654e-15
-7.5353046e-15
7.0065579e-10
-1.8525889e-19
-7.7439161e-15
7.1259247e-10
-2.9799442e-15
-7.7438831e-15
7.1259247e-10
-5.4803624e-15
-7.5352241e-15
7.0065579e-10
-7.1234981e-15
-7.1234522e-15
6.7650546e-10
-7.7076353e-15
-6.5219985e-15
6.3958475e-10
-7.2387111e-15
-5.7553168e-15
5.8905255e-10
-5.9156175e-15
-4.859751e-15
5.2377865e-10
-4.0816831e-15
-3.8791411e-15
4.4234242e-10
-2.1657269e-15
-2.852955e-15
3.4303959e-10
-6.4104587e-16
-1.7961142e-15
2.2390397e-10
-6.6545044e-16
8.2751114e-11
5.9934376e-16
-7.5241677e-16
7.9372646e-11
2.0196188e-15
-2.0072073e-15
2.1390173e-10
3.7917958e-15
-3.1613985e-15
3.2679218e-10
5.4728085e-15
-4.2692332e-15
4.2042296e-10
6.6703438e-15
-5.3182685e-15
4.9689446e-10
7.0774563e-15
-6.2689702e-15
5.5799112e-10
6.5220962e-15
-7.0773202e-15
6.0517326e-10
5.0067889e-15
-7.7076936e-15
6.3958475e-10
2.7186567e-15
-8.1371848e-15
6.6206669e-10
-1.5126268e-19
-8.3540925e-15
6.7317104e-10
-2.7188973e-15
-8.3540474e-15
6.7317104e-10
-5.0068818e-15
-8.13708e-15
6.6206669e-10
-6.5220451e-15
-7.7076011e-15
6.3958475e-10
-7.0773445e-15
-7.0773113e-15
6.0517326e-10
-6.670266e-15
-6.2690782e-15
5.5799112e-10
-5.4727975e-15
-5.3184815e-15
4.9689446e-10
-3.7918109e-15
-4.2695111e-15
4.2042296e-10
-2.0196045e-15
-3.1616924e-15
3.2679218e-10
-5.9929133e-16
-2.0074599e-15
2.1390173e-10
-7.5254378e-16
7.9372646e-11
5.4253719e-16
-7.4606867e-16
7.4668562e-11
1.8243388e-15
-1.9612991e-15
1.999963e-10
3.4095149e-15
-3.0567601e-15
3.0426262e-10
4.8952273e-15
-4.0933963e-15
3.9012096e-10
5.9357454e-15
-5.0641281e-15
4.5984339e-10
6.2691148e-15
-5.9355375e-15
5.1530268e-10
5.7553392e-15
-6.670151e-15
5.5799112e-10
4.4057934e-15
-7.2386884e-15
5.8905255e-10
2.3882173e-15
-7.6236712e-15
6.0931432e-10
-1.0598254e-19
-7.8173162e-15
6.1931322e-10
-2.3883965e-15
-7.8172945e-15
6.1931322e-10
-4.4058939e-15
-7.6236306e-15
6.0931432e-10
-5.7553637e-15
-7.2386877e-15
5.8905255e-10
-6.2691101e-15
-6.670244e-15
5.5799112e-10
-5.935761e-15
-5.9357415e-15
5.1530268e-10
-4.8952696e-15
-5.0644172e-15
4.5984339e-10
-3.4095445e-15
-4.0937219e-15
3.9012096e-10
-1.8243188e-15
-3.0570745e-15
3.0426262e-10
-5.4247872e-16
-1.9615545e-15
1.999963e-10
-7.4619365e-16
7.4668562e-11
4.7186244e-16
-6.4873719e-16
6.8432036e-11
1.5847436e-15
-1.6762122e-15
1.8161047e-10
2.9462264e-15
-2.5808406e-15
2.7459915e-10
4.2031429e-15
-3.4235148e-15
3.5041299e-10
5.064352e-15
-4.2028903e-15
4.1151366e-10
5.3184224e-15
-4.8949934e-15
4.5984339e-10
4.8596906e-15
-5.472591e-15
4.9689446e-10
3.7072354e-15
-5.915489e-15
5.2377865e-10
2.0052715e-15
-6.2130927e-15
5.4128359e-10
-8.5588939e-20
-6.3620231e-15
5.4991317e-10
-2.005432e-15
-6.3620371e-15
5.4991317e-10
-3.707369e-15
-6.2131454e-15
5.4128359e-10
-4.8597951e-15
-5.9156037e-15
5.2377865e-10
-5.3185101e-15
-5.4727849e-15
4.9689446e-10
-5.0644325e-15
-4.8952599e-15
4.5984339e-10
-4.2032039e-15
-4.2031987e-15
4.1151366e-10
-2.9462395e-15
-3.4238276e-15
3.5041299e-10
-1.584698e-15
-2.581129e-15
2.7459915e-10
-4.7179029e-16
-1.6764465e-15
1.8161047e-10
-6.4885773e-16
6.8432036e-11
3.8990759e-16
-4.7801691e-16
6.0339319e-11
1.3089889e-15
-1.2114014e-15
1.5787255e-10
2.4185773e-15
-1.8407882e-15
2.3656866e-10
3.4237881e-15
-2.4183296e-15
2.998763e-10
4.0936395e-15
-2.9459986e-15
3.5041299e-10
4.2694023e-15
-3.4093047e-15
3.9012096e-10
3.8790169e-15
-3.7915975e-15
4.2042296e-10
2.9466781e-15
-4.0815182e-15
4.4234242e-10
1.5897558e-15
-4.2744712e-15
4.5658673e-10
-9.9714356e-20
-4.370402e-15
4.6360125e-10
-1.5899514e-15
-4.3704357e-15
4.6360125e-10
-2.946861e-15
-4.2745706e-15
4.5658673e-10
-3.8791774e-15
-4.0816782e-15
4.4234242e-10
-4.2695322e-15
-3.7918065e-15
4.2042296e-10
-4.09373e-15
-3.4095425e-15
3.9012096e-10
-3.4238261e-15
-2.9462414e-15
3.5041299e-10
-2.4185539e-15
-2.4185612e-15
2.998763e-10
-1.3089164e-15
-1.8410046e-15
2.3656866e-10
-3.8982788e-16
-1.2115904e-15
1.5787255e-10
-4.7812797e-16
6.0339319e-11
2.992417e-16
-2.6899122e-16
4.9850182e-11
1.0043468e-15
-6.6931682e-16
1.2742991e-10
1.8410457e-15
-1.0041627e-15
1.8838475e-10
2.5811257e-15
-1.3088127e-15
2.3656866e-10
3.057019e-15
-1.5845838e-15
2.7459915e-10
3.1615871e-15
-1.824192e-15
3.0426262e-10
2.8528078e-15
-2.0194765e-15
3.2679218e-10
2.1561429e-15
-2.1656169e-15
3.4303959e-10
1.1596257e-15
-2.2616886e-15
3.5357798e-10
-1.235997e-19
-2.3090359e-15
3.5876219e-10
-1.1598644e-15
-2.3090633e-15
3.5876219e-10
-2.1563554e-15
-2.2617656e-15
3.5357798e-10
-2.8529772e-15
-2.1657296e-15
3.4303959e-10
-3.1617011e-15
-2.0196067e-15
3.2679218e-10
-3.0570719e-15
-1.8243225e-15
3.0426262e-10
-2.5811188e-15
-1.5847042e-15
2.7459915e-10
-1.8409909e-15
-1.3089261e-15
2.3656866e-10
-1.0042678e-15
-1.0042811e-15
1.8838475e-10
-2.9917318e-16
-6.6943944e-16
1.2742991e-10
-2.6908062e-16
4.9850182e-11
2.015388e-16
-8.2461925e-17
3.5939855e-11
6.6948087e-16
-2.0146115e-16
8.8070335e-11
1.211632e-15
-2.9915063e-16
1.2742991e-10
1.6764712e-15
-3.8981706e-16
1.5787255e-10
1.9615421e-15
-4.7177749e-16
1.8161047e-10
2.0073965e-15
-5.4245543e-16
1.999963e-10
1.7959953e-15
-5.9925913e-16
2.1390173e-10
1.3489527e-15
-6.4101376e-16
2.2390397e-10
7.2272058e-16
-6.6797103e-16
2.3038162e-10
-1.1878828e-19
-6.8107725e-16
2.3356558e-10
-7.2294398e-16
-6.810884e-16
2.3356558e-10
-1.3491356e-15
-6.6800085e-16
2.3038162e-10
-1.7961194e-15
-6.4105334e-16
2.2390397e-10
-2.0074549e-15
-5.9929792e-16
2.1390173e-10
-1.9615414e-15
-5.4248534e-16
1.999963e-10
-1.676429e-15
-4.7179743e-16
1.8161047e-10
-1.2115721e-15
-3.8983572e-16
1.5787255e-10
-6.6942412e-16
-2.9918182e-16
1.2742991e-10
-2.0150232e-16
-2.0151081e-16
8.8070335e-11
-8.2517053e-17
3.5939855e-11
8.250488e-17
1.6236929e-11
2.690823e-16
3.5939855e-11
4.7814429e-16
4.9850182e-11
6.4888152e-16
6.0339319e-11
7.4620868e-16
6.8432036e-11
7.5253363e-16
7.4668562e-11
6.65405e-16
7.9372646e-11
4.9548485e-16
8.2751114e-11
2.6406071e-16
8.4937137e-11
-6.0665469e-20
8.6011134e-11
-2.6417103e-16
8.6011134e-11
-4.9556526e-16
8.4937137e-11
-6.6544491e-16
8.2751114e-11
-7.5253358e-16
7.9372646e-11
-7.4618006e-16
7.4668562e-11
-6.488429e-16
6.8432036e-11
-4.7811415e-16
6.0339319e-11
-2.6906973e-16
4.9850182e-11
-8.2511322e-17
3.5939855e-11
1.6236929e-11
6.2892862e-17
6.2867769e-17
1.6236803e-11
1.5540149e-16
1.3509818e-16
3.5939628e-11
2.5088096e-16
1.8731824e-16
4.9849899e-11
3.2876449e-16
2.3312352e-16
6.0339008e-11
3.7323349e-16
2.7382018e-16
6.8431717e-11
3.7480759e-16
3.0855657e-16
7.4668252e-11
3.3112717e-16
3.3621627e-16
7.9372354e-11
2.4663854e-16
3.5634401e-16
8.2750842e-11
1.3150365e-16
3.692064e-16
8.4936882e-11
-2.1182581e-20
3.7540828e-16
8.601089e-11
-1.3154593e-16
3.7541219e-16
8.601089e-11
-2.4667792e-16
3.6922445e-16
8.4936882e-11
-3.3115531e-16
3.5639073e-16
8.2750842e-11
-3.748107e-16
3.3630466e-16
7.9372354e-11
-3.7319739e-16
3.0868775e-16
7.4668252e-11
-3.2868502e-16
2.7397755e-16
6.8431717e-11
-2.5077166e-16
2.3327555e-16
6.0339008e-11
-1.552892e-16
1.8742902e-16
4.9849899e-11
-6.2803986e-17
1.3514011e-16
3.5939628e-11
6.2842551e-17
1.6236803e-11
1.3514342e-16
1.5536516e-16
3.5939628e-11
3.7481851e-16
3.7474128e-16
8.8069855e-11
6.3998958e-16
5.5270714e-16
1.2742928e-10
8.6884238e-16
7.1219963e-16
1.5787184e-10
1.0112401e-15
8.5555836e-16
1.8160975e-10
1.03447e-15
9.7949965e-16
1.9999561e-10
9.2655196e-16
1.0800522e-15
2.1390109e-10
6.9680733e-16
1.1549498e-15
2.239034e-10
3.736673e-16
1.2039636e-15
2.303811e-10
-3.6940314e-20
1.2280253e-15
2.335651e-10
-3.7373413e-16
1.228015e-15
2.335651e-10
-6.9685375e-16
1.2039446e-15
2.303811e-10
-9.2656583e-16
1.154952e-15
2.239034e-10
-1.0344412e-15
1.0801093e-15
2.1390109e-10
-1.0111634e-15
9.7963198e-16
1.9999561e-10
-8.6872453e-16
8.5575941e-16
1.8160975e-10
-6.3985459e-16
7.1243224e-16
1.5787184e-10
-3.7469923e-16
5.5291344e-16
1.2742928e-10
-1.3506659e-16
3.7486425e-16
8.8069855e-11
1.5537673e-16
3.5939628e-11
1.8736502e-16
2.5084266e-16
4.9849899e-11
5.5279576e-16
6.3989777e-16
1.2742928e-10
9.7606053e-16
9.7594657e-16
1.883839e-10
1.3546809e-15
1.2842276e-15
2.3656771e-10
1.6023493e-15
1.5651251e-15
2.745982e-10
1.6593778e-15
1.8109794e-15
3.0426173e-10
1.5000286e-15
2.0132167e-15
3.2679141e-10
1.135432e-15
2.1661296e-15
3.4303894e-10
6.1124388e-16
2.2676167e-15
3.5357744e-10
-6.5367188e-20
2.3179543e-15
3.5876171e-10
-6.1135514e-16
2.317932e-15
3.5876171e-10
-1.1354912e-15
2.2675627e-15
3.5357744e-10
-1.5000178e-15
2.1660789e-15
3.4303894e-10
-1.6592979e-15
2.013214e-15
3.2679141e-10
-1.6022187e-15
1.811062e-15
3.0426173e-10
-1.3545331e-15
1.565306e-15
2.745982e-10
-9.7593515e-16
1.2844822e-15
2.3656771e-10
-5.5272067e-16
9.7621319e-16
1.883839e-10
-1.8733956e-16
6.400949e-16
1.2742928e-10
2.5090031e-16
4.9849899e-11
2.3315947e-16
3.2872539e-16
6.0339008e-11
7.1227919e-16
8.6874918e-16
1.5787184e-10
1.2843401e-15
1.3545629e-15
2.3656771e-10
1.8096176e-15
1.8094963e-15
2.9987525e-10
2.1656743e-15
2.2297712e-15
3.5041197e-10
2.2636363e-15
2.6020205e-15
3.9012007e-10
2.0609368e-15
2.9118786e-15
4.2042226e-10
1.5679978e-15
3.148912e-15
4.4234193e-10
8.4670519e-16
3.3078577e-15
4.5658642e-10
-1.0452647e-19
3.3872737e-15
4.6360103e-10
-8.4688101e-16
3.387254e-15
4.6360103e-10
-1.5680846e-15
3.307806e-15
4.5658642e-10
-2.060907e-15
3.148851e-15
4.4234193e-10
-2.2634985e-15
2.9118443e-15
4.2042226e-10
-2.1654712e-15
2.6020544e-15
3.9012007e-10
-1.8094149e-15
2.2299041e-15
3.5041197e-10
-1.2842032e-15
1.8097288e-15
2.9987525e-10
-7.1223749e-16
1.3548498e-15
2.3656771e-10
-2.3318038e-16
8.6900206e-16
1.5787184e-10
3.2883546e-16
6.0339008e-11
2.7384424e-16
3.7319207e-16
6.8431717e-11
8.556226e-16
1.0111532e-15
1.8160975e-10
1.565225e-15
1.6022443e-15
2.745982e-10
2.2298839e-15
2.165568e-15
3.5041197e-10
2.6927914e-15
2.6926921e-15
4.1151273e-10
2.8354163e-15
3.1647427e-15
4.5984268e-10
2.5965374e-15
3.5617422e-15
4.9689405e-10
1.9838117e-15
3.8683488e-15
5.2377855e-10
1.0739739e-15
4.0756113e-15
5.4128374e-10
-1.3846722e-19
4.179748e-15
5.4991345e-10
-1.0742091e-15
4.1797455e-15
5.4991345e-10
-1.9839333e-15
4.0756013e-15
5.4128374e-10
-2.5965052e-15
3.8683296e-15
5.2377855e-10
-2.8352355e-15
3.5617254e-15
4.9689405e-10
-2.6925154e-15
3.1647592e-15
4.5984268e-10
-2.2296038e-15
2.6927823e-15
4.1151273e-10
-1.565036e-15
2.1657578e-15
3.5041197e-10
-8.5556955e-16
1.6025165e-15
2.745982e-10
-2.7387883e-16
1.0114315e-15
1.8160975e-10
3.7334582e-16
6.8431717e-11
3.0857573e-16
3.7476533e-16
7.4668252e-11
9.7955359e-16
1.0343949e-15
1.9999561e-10
1.8110667e-15
1.6592969e-15
3.0426173e-10
2.6021214e-15
2.2635615e-15
3.9012007e-10
3.1648321e-15
2.8353506e-15
4.5984268e-10
3.3523882e-15
3.3523315e-15
5.153023e-10
3.0845904e-15
3.7909142e-15
5.5799116e-10
2.3648973e-15
4.1322735e-15
5.8905301e-10
1.2830034e-15
4.3644959e-15
6.0931511e-10
-1.503221e-19
4.4816743e-15
6.193142e-10
-1.2832644e-15
4.4816904e-15
6.193142e-10
-2.3650456e-15
4.3645332e-15
6.0931511e-10
-3.0845739e-15
4.1323102e-15
5.8905301e-10
-3.3521949e-15
3.7909386e-15
5.5799116e-10
-3.164506e-15
3.3523579e-15
5.153023e-10
-2.6017624e-15
2.835416e-15
4.5984268e-10
-1.8107959e-15
2.2637044e-15
3.9012007e-10
-9.7944218e-16
1.6595257e-15
3.0426173e-10
-3.0858288e-16
1.0346576e-15
1.9999561e-10
3.7493518e-16
7.4668252e-11
3.3623913e-16
3.3108922e-16
7.9372354e-11
1.0801058e-15
9.2649377e-16
2.1390109e-10
2.0132983e-15
1.499977e-15
3.2679141e-10
2.9119704e-15
2.0609003e-15
4.2042226e-10
3.5618224e-15
2.5965151e-15
4.9689405e-10
3.7909631e-15
3.0845786e-15
5.5799116e-10
3.501518e-15
3.5015136e-15
6.0517384e-10
2.6921015e-15
3.8279906e-15
6.3958587e-10
1.4630419e-15
4.0511604e-15
6.6206823e-10
-1.3842237e-19
4.1641265e-15
6.7317282e-10
-1.4632902e-15
4.1641456e-15
6.7317282e-10
-2.6922605e-15
4.0512084e-15
6.6206823e-10
-3.5015266e-15
3.8280469e-15
6.3958587e-10
-3.7907845e-15
3.5015617e-15
6.0517384e-10
-3.561477e-15
3.0846193e-15
5.5799116e-10
-2.9115511e-15
2.5965687e-15
4.9689405e-10
-2.0129407e-15
2.0609982e-15
4.2042226e-10
-1.0799093e-15
1.5001395e-15
3.2679141e-10
-3.3618889e-16
9.2669792e-16
2.1390109e-10
3.3123823e-16
7.9372354e-11
3.5637549e-16
2.4661035e-16
8.2750842e-11
1.1550113e-15
6.967701e-16
2.239034e-10
2.1662138e-15
1.1354099e-15
3.4303894e-10
3.1490014e-15
1.5679976e-15
4.4234193e-10
3.8684241e-15
1.9838308e-15
5.2377855e-10
4.1323172e-15
2.3649303e-15
5.8905301e-10
3.8279903e-15
2.6921432e-15
6.3958587e-10
2.9494296e-15
2.9494762e-15
6.7650722e-10
1.6050055e-15
3.1259743e-15
7.0065806e-10
-1.1995987e-19
3.2155022e-15
7.1259502e-10
-1.6052273e-15
3.2155048e-15
7.1259502e-10
-2.9495861e-15
3.1259851e-15
7.0065806e-10
-3.8280168e-15
2.9495002e-15
6.7650722e-10
-4.132159e-15
2.692181e-15
6.3958587e-10
-3.8680799e-15
2.3649755e-15
5.8905301e-10
-3.148549e-15
1.9838773e-15
5.2377855e-10
-2.1657887e-15
1.568052e-15
4.4234193e-10
-1.1547318e-15
1.1354914e-15
3.4303894e-10
-3.5625924e-16
6.9688337e-16
2.239034e-10
2.4670746e-16
8.2750842e-11
3.69247e-16
1.3148669e-16
8.4936882e-11
1.2040368e-15
3.7364942e-16
2.303811e-10
2.2677096e-15
6.1124512e-16
3.5357744e-10
3.3079513e-15
8.4673125e-16
4.5658642e-10
4.0756874e-15
1.0740219e-15
5.4128374e-10
4.3645384e-15
1.2830679e-15
6.0931511e-10
4.0511581e-15
1.4631174e-15
6.6206823e-10
3.1259254e-15
1.605087e-15
7.0065806e-10
1.7025647e-15
1.7026489e-15
7.259209e-10
-1.1701429e-19
1.7521851e-15
7.3841339e-10
-1.7027795e-15
1.7521652e-15
7.3841339e-10
-3.1260736e-15
1.7026073e-15
7.259209e-10
-4.0511791e-15
1.6050612e-15
7.0065806e-10
-4.3643818e-15
1.4631311e-15
6.6206823e-10
-4.0753486e-15
1.2831107e-15
6.0931511e-10
-3.3074938e-15
1.0740603e-15
5.4128374e-10
-2.2672525e-15
8.4674337e-16
4.5658642e-10
-1.2036991e-15
6.1124272e-16
3.5357744e-10
-3.6907549e-16
3.7366096e-16
2.303811e-10
1.3151848e-16
8.4936882e-11
3.7545559e-16
-3.105888e-20
8.601089e-11
1.2281097e-15
-4.3561994e-20
2.335651e-10
2.3180579e-15
-5.2651302e-20
3.5876171e-10
3.3873755e-15
-6.7717244e-20
4.6360103e-10
4.1798298e-15
-8.0247559e-20
5.4991345e-10
4.4817203e-15
-7.5662544e-20
6.193142e-10
4.1641255e-15
-5.2231985e-20
6.7317282e-10
3.2154532e-15
-2.6624684e-20
7.1259502e-10
1.7521001e-15
-2.0300179e-20
7.3841339e-10
-1.3705516e-19
-3.9069575e-20
7.5118365e-10
-1.7523387e-15
-6.7242134e-20
7.5118365e-10
-3.2155911e-15
-8.0733485e-20
7.3841339e-10
-4.1641141e-15
-6.8667102e-20
7.1259502e-10
-4.4815393e-15
-4.4170636e-20
6.7317282e-10
-4.1794946e-15
-3.4003732e-20
6.193142e-10
-3.3869391e-15
-5.4967553e-20
5.4991345e-10
-2.317609e-15
-9.7135137e-20
4.6360103e-10
-1.2277496e-15
-1.2883754e-19
3.5876171e-10
-3.7524995e-16
-1.2005293e-19
2.335651e-10
-5.7028752e-20
8.601089e-11
3.7546361e-16
-1.3155589e-16
8.601089e-11
1.2281079e-15
-3.737425e-16
2.335651e-10
2.3180448e-15
-6.1134689e-16
3.5876171e-10
3.3873641e-15
-8.4685132e-16
4.6360103e-10
4.1798345e-15
-1.0741608e-15
5.4991345e-10
4.4817421e-15
-1.2832024e-15
6.193142e-10
4.1641485e-15
-1.4632187e-15
6.7317282e-10
3.2154577e-15
-1.6051497e-15
7.1259502e-10
1.7520808e-15
-1.7026981e-15
7.3841339e-10
-1.6524239e-19
-1.7522554e-15
7.5118365e-10
-1.7523533e-15
-1.7522693e-15
7.5118365e-10
-3.2155817e-15
-1.7027238e-15
7.3841339e-10
-4.1640922e-15
-1.6051549e-15
7.1259502e-10
-4.4815286e-15
-1.4631892e-15
6.7317282e-10
-4.1795099e-15
-1.2831621e-15
6.193142e-10
-3.3869725e-15
-1.074158e-15
5.4991345e-10
-2.3176373e-15
-8.4692045e-16
4.6360103e-10
-1.2277571e-15
-6.1147571e-16
3.5876171e-10
-3.7524437e-16
-3.7387461e-16
2.335651e-10
-1.3161698e-16
8.601089e-11
3.6927752e-16
-2.4669517e-16
8.4936882e-11
1.2040423e-15
-6.9687658e-16
2.303811e-10
2.2676817e-15
-1.1355025e-15
3.5357744e-10
3.307922e-15
-1.5680786e-15
4.5658642e-10
4.0756955e-15
-1.9839119e-15
5.4128374e-10
4.3645898e-15
-2.3650142e-15
6.0931511e-10
4.0512154e-15
-2.6922235e-15
6.6206823e-10
3.125941e-15
-2.9495458e-15
7.0065806e-10
1.7025249e-15
-3.1260305e-15
7.259209e-10
-1.7736961e-19
-3.2155456e-15
7.3841339e-10
-1.7028071e-15
-3.2155346e-15
7.3841339e-10
-3.1260455e-15
-3.1259981e-15
7.259209e-10
-4.0511263e-15
-2.9494969e-15
7.0065806e-10
-4.364364e-15
-2.6921736e-15
6.6206823e-10
-4.0754011e-15
-2.3649908e-15
6.0931511e-10
-3.3075922e-15
-1.9839454e-15
5.4128374e-10
-2.2673321e-15
-1.5681829e-15
4.5658642e-10
-1.2037177e-15
-1.1356574e-15
3.5357744e-10
-3.6905759e-16
-6.9702632e-16
2.303811e-10
-2.4676533e-16
8.4936882e-11
3.5644325e-16
-3.3118359e-16
8.2750842e-11
1.1550503e-15
-9.2661031e-16
2.239034e-10
2.1662002e-15
-1.5000579e-15
3.4303894e-10
3.14897e-15
-2.060935e-15
4.4234193e-10
3.8684262e-15
-2.5965212e-15
5.2377855e-10
4.1323686e-15
-3.084583e-15
5.8905301e-10
3.8280561e-15
-3.5015335e-15
6.3958587e-10
2.9494593e-15
-3.8280234e-15
6.7650722e-10
1.6049822e-15
-4.051185e-15
7.0065806e-10
-1.6192938e-19
-4.1641178e-15
7.1259502e-10
-1.6052353e-15
-4.1640934e-15
7.1259502e-10
-2.9495423e-15
-4.0511261e-15
7.0065806e-10
-3.8279627e-15
-3.8279635e-15
6.7650722e-10
-4.1321652e-15
-3.5015066e-15
6.3958587e-10
-3.8681814e-15
-3.0846096e-15
5.8905301e-10
-3.1487032e-15
-2.596606e-15
5.2377855e-10
-2.1659039e-15
-2.0610688e-15
4.4234193e-10
-1.1547523e-15
-1.5002165e-15
3.4303894e-10
-3.5622675e-16
-9.2674977e-16
2.239034e-10
-3.3124629e-16
8.2750842e-11
3.3635463e-16
-3.7484908e-16
7.9372354e-11
1.0802036e-15
-1.0345066e-15
2.1390109e-10
2.0133335e-15
-1.6593667e-15
3.2679141e-10
2.9119639e-15
-2.263561e-15
4.2042226e-10
3.5618226e-15
-2.8352905e-15
4.9689405e-10
3.7909971e-15
-3.3522454e-15
5.5799116e-10
3.5015716e-15
-3.7908343e-15
6.0517384e-10
2.6921426e-15
-4.13221e-15
6.3958587e-10
1.4630569e-15
-4.3644332e-15
6.6206823e-10
-1.3153086e-19
-4.4815892e-15
6.7317282e-10
-1.4632637e-15
-4.4815758e-15
6.7317282e-10
-2.6922137e-15
-4.364409e-15
6.6206823e-10
-3.5015017e-15
-4.13221e-15
6.3958587e-10
-3.7908384e-15
-3.7908862e-15
6.0517384e-10
-3.561627e-15
-3.3523515e-15
5.5799116e-10
-2.9117395e-15
-2.8354327e-15
4.9689405e-10
-2.0130676e-15
-2.2637174e-15
4.2042226e-10
-1.0799213e-15
-1.6595183e-15
3.2679141e-10
-3.3614113e-16
-1.0346291e-15
2.1390109e-10
-3.7490477e-16
7.9372354e-11
3.0873318e-16
-3.7324088e-16
7.4668252e-11
9.7971829e-16
-1.0112407e-15
1.9999561e-10
1.8111765e-15
-1.602306e-15
3.0426173e-10
2.602173e-15
-2.1655586e-15
3.9012007e-10
3.1648578e-15
-2.6926009e-15
4.5984268e-10
3.3524181e-15
-3.1645906e-15
5.153023e-10
3.0846314e-15
-3.5615621e-15
5.5799116e-10
2.364941e-15
-3.8681656e-15
5.8905301e-10
1.2830428e-15
-4.0754339e-15
6.0931511e-10
-1.1288315e-19
-4.1795776e-15
6.193142e-10
-1.2832272e-15
-4.1795896e-15
6.193142e-10
-2.3650218e-15
-4.0754779e-15
6.0931511e-10
-3.0845967e-15
-3.8682573e-15
5.8905301e-10
-3.3522969e-15
-3.5617051e-15
5.5799116e-10
-3.1646832e-15
-3.1647672e-15
5.153023e-10
-2.6019529e-15
-2.6927821e-15
4.5984268e-10
-1.8109101e-15
-2.1657239e-15
3.9012007e-10
-9.7943998e-16
-1.6024509e-15
3.0426173e-10
-3.0852477e-16
-1.0113592e-15
1.9999561e-10
-3.7330428e-16
7.4668252e-11
2.7401741e-16
-3.2872513e-16
6.8431717e-11
8.5583541e-16
-8.6879883e-16
1.8160975e-10
1.5654132e-15
-1.3546212e-15
2.745982e-10
2.2300209e-15
-1.809509e-15
3.5041197e-10
2.6928836e-15
-2.2297027e-15
4.1151273e-10
2.8354818e-15
-2.6018664e-15
4.5984268e-10
2.5965881e-15
-2.9116589e-15
4.9689405e-10
1.9838515e-15
-3.1486573e-15
5.2377855e-10
1.074003e-15
-3.3075993e-15
5.4128374e-10
-1.2181641e-19
-3.3870394e-15
5.4991345e-10
-1.0742102e-15
-3.3870669e-15
5.4991345e-10
-1.9839638e-15
-3.3076818e-15
5.4128374e-10
-2.5965815e-15
-3.1487907e-15
5.2377855e-10
-2.8353681e-15
-2.9118287e-15
4.9689405e-10
-2.6926894e-15
-2.6020474e-15
4.5984268e-10
-2.2297678e-15
-2.2298705e-15
4.1151273e-10
-1.5651253e-15
-1.8096566e-15
3.5041197e-10
-8.5556049e-16
-1.3547597e-15
2.745982e-10
-2.738239e-16
-8.6893106e-16
1.8160975e-10
-3.2881281e-16
6.8431717e-11
2.3330928e-16
-2.5079911e-16
6.0339008e-11
7.1249703e-16
-6.3990916e-16
1.5787184e-10
1.2845807e-15
-9.7600378e-16
2.3656771e-10
1.8098421e-15
-1.2842825e-15
2.9987525e-10
2.1658612e-15
-1.5651266e-15
3.5041197e-10
2.2637779e-15
-1.8108984e-15
3.9012007e-10
2.0610301e-15
-2.0130524e-15
4.2042226e-10
1.5680422e-15
-2.1659035e-15
4.4234193e-10
8.4670367e-16
-2.2673631e-15
4.5658642e-10
-1.459349e-19
-2.3177105e-15
4.6360103e-10
-8.4695523e-16
-2.3177282e-15
4.6360103e-10
-1.5681855e-15
-2.2674141e-15
4.5658642e-10
-2.0610308e-15
-2.1659812e-15
4.4234193e-10
-2.2636418e-15
-2.0131453e-15
4.2042226e-10
-2.1656224e-15
-1.8109929e-15
3.9012007e-10
-1.8095459e-15
-1.5652168e-15
3.5041197e-10
-1.2842787e-15
-1.2843791e-15
2.9987525e-10
-7.122445e-16
-9.7612722e-16
2.3656771e-10
-2.3314969e-16
-6.4005707e-16
1.5787184e-10
-2.5091257e-16
6.0339008e-11
1.8745609e-16
-1.5530054e-16
4.9849899e-11
5.5296645e-16
-3.7472743e-16
1.2742928e-10
9.7630003e-16
-5.5275944e-16
1.883839e-10
1.3549548e-15
-7.1228774e-16
2.3656771e-10
1.6026168e-15
-8.5563395e-16
2.745982e-10
1.6596033e-15
-9.7952216e-16
3.0426173e-10
1.500184e-15
-1.0800024e-15
3.2679141e-10
1.1355015e-15
-1.1548309e-15
3.4303894e-10
6.1122708e-16
-1.2037952e-15
3.5357744e-10
-1.5312099e-19
-1.2278352e-15
3.5876171e-10
-6.1148861e-16
-1.2278287e-15
3.5876171e-10
-1.1356429e-15
-1.2037768e-15
3.5357744e-10
-1.500167e-15
-1.1548037e-15
3.4303894e-10
-1.6594365e-15
-1.0799711e-15
3.2679141e-10
-1.6023473e-15
-9.7949394e-16
3.0426173e-10
-1.3546487e-15
-8.5562293e-16
2.745982e-10
-9.7602503e-16
-7.1231684e-16
2.3656771e-10
-5.5277112e-16
-5.5284825e-16
1.883839e-10
-1.8735187e-16
-3.7486324e-16
1.2742928e-10
-1.554155e-16
4.9849899e-11
1.3515919e-16
-6.2806539e-17
3.5939628e-11
3.7490335e-16
-1.3508069e-16
8.8069855e-11
6.4016306e-16
-1.8735896e-16
1.2742928e-10
8.6908733e-16
-2.3320578e-16
1.5787184e-10
1.0115154e-15
-2.7391291e-16
1.8160975e-10
1.0347267e-15
-3.0862743e-16
1.9999561e-10
9.2674518e-16
-3.3624328e-16
2.1390109e-10
6.9690761e-16
-3.5631919e-16
2.239034e-10
3.7366784e-16
-3.6913455e-16
2.303811e-10
-1.1956149e-19
-3.7530225e-16
2.335651e-10
-3.7386679e-16
-3.7528673e-16
2.335651e-10
-6.9699942e-16
-3.6909013e-16
2.303811e-10
-9.2669835e-16
-3.5625244e-16
2.239034e-10
-1.0345551e-15
-3.3616394e-16
2.1390109e-10
-1.0112707e-15
-3.0854896e-16
1.9999561e-10
-8.6883822e-16
-2.7385312e-16
1.8160975e-10
-6.3997069e-16
-2.3318569e-16
1.5787184e-10
-3.7479551e-16
-1.8739227e-16
1.2742928e-10
-1.3512122e-16
-1.3515786e-16
8.8069855e-11
-6.288475e-17
3.5939628e-11
6.2847341e-17
1.6236803e-11
1.5539369e-16
3.5939628e-11
2.5093358e-16
4.9849899e-11
3.2887774e-16
6.0339008e-11
3.7338763e-16
6.8431717e-11
3.7497063e-16
7.4668252e-11
3.3126534e-16
7.9372354e-11
2.4672646e-16
8.2750842e-11
1.3153152e-16
8.4936882e-11
-4.602012e-20
8.601089e-11
-1.3160295e-16
8.601089e-11
-2.4674395e-16
8.4936882e-11
-3.3121534e-16
8.2750842e-11
-3.7486564e-16
7.9372354e-11
-3.7326061e-16
7.4668252e-11
-3.2876847e-16
6.8431717e-11
-2.5087069e-16
6.0339008e-11
-1.5538056e-16
4.9849899e-11
-6.2864217e-17
3.5939628e-11
1.6236803e-11
2.6262117e-17
2.6242084e-17
1.623675e-11
8.1141273e-17
6.242103e-17
3.593951e-11
1.4190719e-16
9.150801e-17
4.9849747e-11
1.9151834e-16
1.1828898e-16
6.033884e-11
2.1979024e-16
1.4244215e-16
6.8431547e-11
2.2148633e-16
1.6322905e-16
7.4668087e-11
1.9579657e-16
1.7989138e-16
7.9372199e-11
1.457953e-16
1.9209758e-16
8.27507e-11
7.7713116e-17
1.9994993e-16
8.4936751e-11
1.1905797e-20
2.0375943e-16
8.6010764e-11
-7.7690108e-17
2.0377128e-16
8.6010764e-11
-1.4577302e-16
1.9998649e-16
8.4936751e-11
-1.9577089e-16
1.9216033e-16
8.27507e-11
-2.2144874e-16
1.799786e-16
7.9372199e-11
-2.1973186e-16
1.6333266e-16
7.4668087e-11
-1.9143665e-16
1.4254724e-16
6.8431547e-11
-1.4181136e-16
1.1837702e-16
6.033884e-11
-8.1047968e-17
9.1561944e-17
4.9849747e-11
-2.6186753e-17
6.2428542e-17
3.593951e-11
2.6208479e-17
1.623675e-11
6.2460368e-17
8.1116083e-17
3.593951e-11
2.0082704e-16
2.0076021e-16
8.8069579e-11
3.6001584e-16
3.0038141e-16
1.2742891e-10
4.9661369e-16
3.9084719e-16
1.5787143e-10
5.8052753e-16
4.726613e-16
1.8160933e-10
5.9399638e-16
5.4366587e-16
1.9999521e-10
5.3147923e-16
6.0143723e-16
2.1390074e-10
3.9924621e-16
6.4457219e-16
2.2390308e-10
2.1395616e-16
6.7285687e-16
2.3038082e-10
4.9445211e-20
6.8676389e-16
2.3356483e-10
-2.1385829e-16
6.8676364e-16
2.3356483e-10
-3.9915053e-16
6.7286185e-16
2.3038082e-10
-5.313834e-16
6.4459688e-16
2.2390308e-10
-5.9389347e-16
6.014972e-16
2.1390074e-10
-5.8040912e-16
5.4376811e-16
1.9999521e-10
-4.9647796e-16
4.7279697e-16
1.8160933e-10
-3.5987568e-16
3.9098999e-16
1.5787143e-10
-2.0070658e-16
3.0049524e-16
1.2742891e-10
-6.2384331e-17
2.0081293e-16
8.8069579e-11
8.1102012e-17
3.593951e-11
9.1548837e-17
1.4188426e-16
4.9849747e-11
3.0046503e-16
3.5993521e-16
1.2742891e-10
5.4743785e-16
5.4732315e-16
1.8838341e-10
7.6622837e-16
7.1933477e-16
2.3656716e-10
9.0722641e-16
8.7644529e-16
2.7459765e-10
9.3834799e-16
1.0142773e-15
3.0426123e-10
8.4685084e-16
1.1278534e-15
3.2679097e-10
6.4015318e-16
1.2138282e-15
3.4303858e-10
3.4435957e-16
1.2709279e-15
3.5357714e-10
5.8784824e-20
1.2992554e-15
3.5876145e-10
-3.4423732e-16
1.2992332e-15
3.5876145e-10
-6.4001865e-16
1.2708726e-15
3.5357714e-10
-8.4670026e-16
1.2137702e-15
3.4303858e-10
-9.3818208e-16
1.1278314e-15
3.2679097e-10
-9.0705084e-16
1.0143224e-15
3.0426123e-10
-7.6605647e-16
8.7656452e-16
2.7459765e-10
-5.4729104e-16
7.1950272e-16
2.3656716e-10
-3.0036526e-16
5.4748773e-16
1.8838341e-10
-9.1504661e-17
3.6003908e-16
1.2742891e-10
1.4189533e-16
4.9849747e-11
1.1831739e-16
1.9149627e-16
6.033884e-11
3.9092569e-16
4.9652927e-16
1.5787143e-10
7.1945801e-16
7.6610127e-16
2.3656716e-10
1.0176559e-15
1.0175108e-15
2.9987465e-10
1.2168147e-15
1.2500184e-15
3.504114e-10
1.2693495e-15
1.4563448e-15
3.9011957e-10
1.1535242e-15
1.6283306e-15
4.2042188e-10
8.7640143e-16
1.7599975e-15
4.4234166e-10
4.7288574e-16
1.8483111e-15
4.5658624e-10
3.5121739e-20
1.8924245e-15
4.6360091e-10
-4.7279905e-16
1.8923828e-15
4.6360091e-10
-8.7627123e-16
1.8482009e-15
4.5658624e-10
-1.1533388e-15
1.7598598e-15
4.4234166e-10
-1.2691174e-15
1.6282205e-15
4.2042188e-10
-1.2165647e-15
1.4563124e-15
3.9011957e-10
-1.0174299e-15
1.2500882e-15
3.504114e-10
-7.1929794e-16
1.0176671e-15
2.9987465e-10
-3.9085251e-16
7.6628891e-16
2.3656716e-10
-1.1831227e-16
4.9667385e-16
1.5787143e-10
1.9153783e-16
6.033884e-11
1.4245578e-16
2.1976464e-16
6.8431547e-11
4.7272574e-16
5.8044429e-16
1.8160933e-10
8.7656157e-16
9.0710334e-16
2.7459765e-10
1.2501635e-15
1.2166729e-15
3.504114e-10
1.506705e-15
1.5065605e-15
4.1151222e-10
1.5827757e-15
1.7666231e-15
4.598423e-10
1.4465835e-15
1.9856275e-15
4.9689382e-10
1.1036832e-15
2.1548813e-15
5.237785e-10
5.9703122e-16
2.2693106e-15
5.4128382e-10
-1.4134321e-20
2.3267804e-15
5.4991361e-10
-5.9702758e-16
2.3267313e-15
5.4991361e-10
-1.1035941e-15
2.2691779e-15
5.4128382e-10
-1.4463834e-15
2.1547058e-15
5.237785e-10
-1.5824782e-15
1.9854656e-15
4.9689382e-10
-1.5063633e-15
1.7665301e-15
4.598423e-10
-1.2498548e-15
1.5065713e-15
4.1151222e-10
-8.76358e-16
1.2167868e-15
3.504114e-10
-4.7265561e-16
9.0727726e-16
2.7459765e-10
-1.4247586e-16
5.8060445e-16
1.8160933e-10
2.1983325e-16
6.8431547e-11
1.6323493e-16
2.2145548e-16
7.4668087e-11
5.4372023e-16
5.9391737e-16
1.9999521e-10
1.0143839e-15
9.3823982e-16
3.0426123e-10
1.456482e-15
1.2692294e-15
3.9011957e-10
1.7667616e-15
1.5826551e-15
4.598423e-10
1.8666551e-15
1.8665405e-15
5.153021e-10
1.7140952e-15
2.1076904e-15
5.5799119e-10
1.3123422e-15
2.2955091e-15
5.8905327e-10
7.1139838e-16
2.4232987e-15
6.0931555e-10
-7.2144404e-20
2.487756e-15
6.1931475e-10
-7.1149566e-16
2.4877142e-15
6.1931475e-10
-1.3123125e-15
2.4231837e-15
6.0931555e-10
-1.7138974e-15
2.2953506e-15
5.8905327e-10
-1.8663039e-15
2.1075307e-15
5.5799119e-10
-1.7663289e-15
1.8664242e-15
5.153021e-10
-1.456076e-15
1.5826174e-15
4.598423e-10
-1.0141077e-15
1.269283e-15
3.9011957e-10
-5.4361825e-16
9.3836482e-16
3.0426123e-10
-1.6325277e-16
5.9405852e-16
1.9999521e-10
2.215353e-16
7.4668087e-11
1.798996e-16
1.9576299e-16
7.9372199e-11
6.0149194e-16
5.3140762e-16
2.1390074e-10
1.1279561e-15
8.4676262e-16
3.2679097e-10
1.6284607e-15
1.153434e-15
4.2042188e-10
1.985758e-15
1.446499e-15
4.9689382e-10
2.107797e-15
1.7140192e-15
5.5799119e-10
1.9429168e-15
1.9428498e-15
6.0517417e-10
1.4917281e-15
2.1221596e-15
6.3958649e-10
8.1002408e-16
2.2447587e-15
6.6206909e-10
-1.2112286e-19
2.3068041e-15
6.7317381e-10
-8.1020876e-16
2.3067802e-15
6.7317381e-10
-1.4917562e-15
2.2446908e-15
6.6206909e-10
-1.9427344e-15
2.1220599e-15
6.3958649e-10
-2.1074158e-15
1.9427366e-15
6.0517417e-10
-1.9852578e-15
1.7139154e-15
5.5799119e-10
-1.6279674e-15
1.4464298e-15
4.9689382e-10
-1.1275962e-15
1.1534216e-15
4.2042188e-10
-6.0132974e-16
8.4681322e-16
3.2679097e-10
-1.7988733e-16
5.3149644e-16
2.1390074e-10
1.9583192e-16
7.9372199e-11
1.9211546e-16
1.4576323e-16
8.27507e-11
6.4463704e-16
3.9918399e-16
2.2390308e-10
1.2139355e-15
6.4008403e-16
3.4303858e-10
1.7601263e-15
8.7633911e-16
4.4234166e-10
2.1550069e-15
1.1036333e-15
5.237785e-10
2.2956094e-15
1.3123053e-15
5.8905327e-10
2.1222194e-15
1.4917028e-15
6.3958649e-10
1.6329109e-15
1.6328947e-15
6.7650819e-10
8.8785574e-16
1.7297713e-15
7.0065932e-10
-1.4987798e-19
1.778918e-15
7.1259644e-10
-8.8809425e-16
1.7789152e-15
7.1259644e-10
-1.6329815e-15
1.7297609e-15
7.0065932e-10
-2.1220612e-15
1.6328714e-15
6.7650819e-10
-2.2952285e-15
1.491659e-15
6.3958649e-10
-2.1544789e-15
1.3122375e-15
5.8905327e-10
-1.7595776e-15
1.1035511e-15
5.237785e-10
-1.213502e-15
8.7626789e-16
4.4234166e-10
-6.4440211e-16
6.4005274e-16
3.4303858e-10
-1.9205439e-16
3.9920132e-16
2.2390308e-10
1.4580315e-16
8.27507e-11
1.9997961e-16
7.7684603e-17
8.4936751e-11
6.7293692e-16
2.1390126e-16
2.3038082e-10
1.2710465e-15
3.4430227e-16
3.5357714e-10
1.8484451e-15
4.7284061e-16
4.5658624e-10
2.2694368e-15
5.9700354e-16
5.4128382e-10
2.4233972e-15
7.1138791e-16
6.0931555e-10
2.2448154e-15
8.100282e-16
6.6206909e-10
1.7297824e-15
8.8787128e-16
7.0065932e-10
9.413776e-16
9.4140072e-16
7.2592248e-10
-1.5583097e-19
9.6860367e-16
7.3841515e-10
-9.4163036e-16
9.6861984e-16
7.3841515e-10
-1.7298738e-15
9.4144291e-16
7.2592248e-10
-2.2446856e-15
8.8792056e-16
7.0065932e-10
-2.4230461e-15
8.1005582e-16
6.6206909e-10
-2.2689258e-15
7.1136691e-16
6.0931555e-10
-1.847884e-15
5.9692661e-16
5.4128382e-10
-1.2705652e-15
4.7273093e-16
4.5658624e-10
-6.7263394e-16
3.4420397e-16
3.5357714e-10
-1.998639e-16
2.1385113e-16
2.3038082e-10
7.76902e-17
8.4936751e-11
2.0379867e-16
-1.5698779e-20
8.6010764e-11
6.8685894e-16
-5.7273848e-21
2.3356483e-10
1.299388e-15
8.5838588e-22
3.5876145e-10
1.8925683e-15
-9.548609e-21
4.6360091e-10
2.3269125e-15
-3.8856757e-20
5.4991361e-10
2.4878579e-15
-7.7071399e-20
6.1931475e-10
2.3068626e-15
-1.0966598e-19
6.7317381e-10
1.7789293e-15
-1.2577105e-19
7.1259644e-10
9.6857813e-16
-1.2240168e-19
7.3841515e-10
-1.4145267e-19
-1.0297523e-19
7.5118559e-10
-9.6880921e-16
-7.3943135e-20
7.5118559e-10
-1.7790192e-15
-4.4067733e-20
7.3841515e-10
-2.3067596e-15
-2.4583446e-20
7.1259644e-10
-2.4875578e-15
-2.6586154e-20
6.7317381e-10
-2.3264562e-15
-5.3354982e-20
6.1931475e-10
-1.8920365e-15
-9.4394491e-20
5.4991361e-10
-1.2988915e-15
-1.2731746e-19
4.6360091e-10
-6.8650497e-16
-1.3021275e-19
3.5876145e-10
-2.0363398e-16
-9.647322e-20
2.3356483e-10
-3.4275449e-20
8.6010764e-11
2.0381627e-16
-7.7723062e-17
8.6010764e-11
6.8687003e-16
-2.1392508e-16
2.3356483e-10
1.2993786e-15
-3.4431086e-16
3.5876145e-10
1.8925383e-15
-4.7286131e-16
4.6360091e-10
2.3268727e-15
-5.9706994e-16
5.4991361e-10
2.487823e-15
-7.1151739e-16
6.1931475e-10
2.3068442e-15
-8.1021367e-16
6.7317381e-10
1.7789311e-15
-8.8808684e-16
7.1259644e-10
9.685971e-16
-9.4161398e-16
7.3841515e-10
-1.1238429e-19
-9.6878661e-16
7.5118559e-10
-9.6877964e-16
-9.6875461e-16
7.5118559e-10
-1.7790005e-15
-9.4152677e-16
7.3841515e-10
-2.3067616e-15
-8.8797081e-16
7.1259644e-10
-2.4875821e-15
-8.10109e-16
6.7317381e-10
-2.3264924e-15
-7.1146584e-16
6.1931475e-10
-1.8920652e-15
-5.9709601e-16
5.4991361e-10
-1.2988966e-15
-4.7295614e-16
4.6360091e-10
-6.8648771e-16
-3.444315e-16
3.5876145e-10
-2.0361458e-16
-2.1401617e-16
2.3356483e-10
-7.7745443e-17
8.6010764e-11
2.0003404e-16
-1.4581802e-16
8.4936751e-11
6.7297487e-16
-3.9923896e-16
2.3038082e-10
1.2710277e-15
-6.4011941e-16
3.5357714e-10
1.8483679e-15
-8.7636468e-16
4.5658624e-10
2.2693303e-15
-1.10367e-15
5.4128382e-10
2.4233016e-15
-1.3123684e-15
6.0931555e-10
2.2447624e-15
-1.4917955e-15
6.6206909e-10
1.7297838e-15
-1.6330095e-15
7.0065932e-10
9.4142673e-16
-1.7298946e-15
7.2592248e-10
-7.751607e-20
-1.7790348e-15
7.3841515e-10
-9.4154943e-16
-1.7790129e-15
7.3841515e-10
-1.729822e-15
-1.7298343e-15
7.2592248e-10
-2.2446898e-15
-1.6329272e-15
7.0065932e-10
-2.4231117e-15
-1.4917159e-15
6.6206909e-10
-2.269024e-15
-1.3123193e-15
6.0931555e-10
-1.8479615e-15
-1.1036716e-15
5.4128382e-10
-1.270578e-15
-8.7641668e-16
4.5658624e-10
-6.725847e-16
-6.4019387e-16
3.5357714e-10
-1.9980889e-16
-3.992934e-16
2.3038082e-10
-1.4582405e-16
8.4936751e-11
1.9220932e-16
-1.9583119e-16
8.27507e-11
6.4471259e-16
-5.3149762e-16
2.2390308e-10
1.213931e-15
-8.4683172e-16
3.4303858e-10
1.7600364e-15
-1.1534672e-15
4.4234166e-10
2.15487e-15
-1.4464987e-15
5.237785e-10
2.2954796e-15
-1.7139957e-15
5.8905327e-10
2.1221405e-15
-1.9428171e-15
6.3958649e-10
1.6329022e-15
-2.122133e-15
6.7650819e-10
8.8791251e-16
-2.2447511e-15
7.0065932e-10
-4.9883311e-20
-2.3068217e-15
7.1259644e-10
-8.8798659e-16
-2.3068213e-15
7.1259644e-10
-1.6329104e-15
-2.2447488e-15
7.0065932e-10
-2.122065e-15
-2.1221261e-15
6.7650819e-10
-2.2953153e-15
-1.9428042e-15
6.3958649e-10
-2.1546102e-15
-1.7139813e-15
5.8905327e-10
-1.75968e-15
-1.4464924e-15
5.237785e-10
-1.2135139e-15
-1.1534752e-15
4.4234166e-10
-6.4432749e-16
-8.4684592e-16
3.4303858e-10
-1.9197231e-16
-5.3149842e-16
2.2390308e-10
-1.9581255e-16
8.27507e-11
1.8002993e-16
-2.2152186e-16
7.9372199e-11
6.0161384e-16
-5.9402883e-16
2.1390074e-10
1.1279947e-15
-9.3833785e-16
3.2679097e-10
1.6284041e-15
-1.2692736e-15
4.2042188e-10
1.9856414e-15
-1.5826267e-15
4.9689382e-10
2.107673e-15
-1.8664412e-15
5.5799119e-10
1.9428291e-15
-2.1075406e-15
6.0517417e-10
1.4916996e-15
-2.2953428e-15
6.3958649e-10
8.1005685e-16
-2.4231535e-15
6.6206909e-10
-4.2301225e-20
-2.4876617e-15
6.7317381e-10
-8.101151e-16
-2.4876845e-15
6.7317381e-10
-1.4916907e-15
-2.4232135e-15
6.6206909e-10
-1.9427372e-15
-2.2954181e-15
6.3958649e-10
-2.1074984e-15
-2.1076048e-15
6.0517417e-10
-1.9853834e-15
-1.8664753e-15
5.5799119e-10
-1.6280614e-15
-1.5826279e-15
4.9689382e-10
-1.127595e-15
-1.2692518e-15
4.2042188e-10
-6.0123839e-16
-9.3830385e-16
3.2679097e-10
-1.7979054e-16
-5.9398759e-16
2.1390074e-10
-2.2148785e-16
7.9372199e-11
1.6338781e-16
-2.1980918e-16
7.4668087e-11
5.4388572e-16
-5.8055277e-16
1.9999521e-10
1.0144866e-15
-9.0721662e-16
3.0426123e-10
1.4565001e-15
-1.2167329e-15
3.9011957e-10
1.7667155e-15
-1.5065285e-15
4.598423e-10
1.8665807e-15
-1.76649e-15
5.153021e-10
1.7140232e-15
-1.9854126e-15
5.5799119e-10
1.3122918e-15
-2.1546257e-15
5.8905327e-10
7.1137954e-16
-2.2690649e-15
6.0931555e-10
-5.8328918e-20
-2.3265897e-15
6.1931475e-10
-7.1146114e-16
-2.3266227e-15
6.1931475e-10
-1.3122837e-15
-2.269153e-15
6.0931555e-10
-1.7139055e-15
-2.1547395e-15
5.8905327e-10
-1.8663626e-15
-1.9855148e-15
5.5799119e-10
-1.7664143e-15
-1.7665499e-15
5.153021e-10
-1.4561314e-15
-1.5065352e-15
4.598423e-10
-1.0140838e-15
-1.2166978e-15
3.9011957e-10
-5.4352145e-16
-9.071638e-16
3.0426123e-10
-1.6315603e-16
-5.8050334e-16
1.9999522e-10
-2.1978291e-16
7.4668087e-11
1.4260568e-16
-1.9150596e-16
6.8431547e-11
4.7291535e-16
-4.9661114e-16
1.8160933e-10
8.7672926e-16
-7.6621272e-16
2.7459765e-10
1.250278e-15
-1.0175901e-15
3.504114e-10
1.5067627e-15
-1.2500151e-15
4.1151222e-10
1.5827854e-15
-1.4562377e-15
4.598423e-10
1.4465536e-15
-1.62813e-15
4.9689382e-10
1.1036222e-15
-1.7597373e-15
5.237785e-10
5.9695445e-16
-1.848037e-15
5.4128382e-10
-8.6473174e-20
-1.8921813e-15
5.4991361e-10
-5.9707996e-16
-1.8922027e-15
5.4991361e-10
-1.1036258e-15
-1.8480945e-15
5.4128382e-10
-1.4464076e-15
-1.7598114e-15
5.237785e-10
-1.5825084e-15
-1.628194e-15
4.9689382e-10
-1.5063947e-15
-1.4562675e-15
4.598423e-10
-1.2498616e-15
-1.250002e-15
4.1151222e-10
-8.7631491e-16
-1.0175481e-15
3.504114e-10
-4.725701e-16
-7.6617052e-16
2.7459765e-10
-1.423954e-16
-4.9659053e-16
1.8160933e-10
-1.9151078e-16
6.8431547e-11
1.1843468e-16
-1.4186146e-16
6.033884e-11
3.9110573e-16
-3.5997898e-16
1.5787143e-10
7.1966616e-16
-5.4741691e-16
2.3656716e-10
1.0178564e-15
-7.1942992e-16
2.9987465e-10
1.2169791e-15
-8.7649167e-16
3.504114e-10
1.2694558e-15
-1.0142453e-15
3.9011957e-10
1.153556e-15
-1.127739e-15
4.2042188e-10
8.7635407e-16
-1.213647e-15
4.4234166e-10
4.7277507e-16
-1.2707063e-15
4.5658624e-10
-1.0477782e-19
-1.2990232e-15
4.6360091e-10
-4.7292873e-16
-1.2990171e-15
4.6360091e-10
-8.763628e-16
-1.2706891e-15
4.5658624e-10
-1.1533855e-15
-1.2136202e-15
4.4234166e-10
-1.2691298e-15
-1.127701e-15
4.2042188e-10
-1.2165569e-15
-1.0141935e-15
3.9011957e-10
-1.0174071e-15
-8.7643059e-16
3.504114e-10
-7.192587e-16
-7.1937816e-16
2.9987465e-10
-3.908008e-16
-5.4739963e-16
2.3656716e-10
-1.1826423e-16
-3.6000415e-16
1.5787143e-10
-1.4190483e-16
6.033884e-11
9.1612115e-17
-8.1075194e-17
4.9849747e-11
3.0059956e-16
-2.0076979e-16
1.2742891e-10
5.476408e-16
-3.0044701e-16
1.8838341e-10
7.6646882e-16
-3.9094165e-16
2.3656716e-10
9.0746008e-16
-4.727472e-16
2.7459765e-10
9.3853022e-16
-5.4371298e-16
3.0426123e-10
8.4694564e-16
-6.0142975e-16
3.2679097e-10
6.4014438e-16
-6.4450638e-16
3.4303858e-10
3.4425902e-16
-6.7273701e-16
3.5357714e-10
-9.573518e-20
-6.8660007e-16
3.5876145e-10
-3.4439562e-16
-6.8657047e-16
3.5876145e-10
-6.4013764e-16
-6.7265532e-16
3.5357714e-10
-8.4676031e-16
-6.4439016e-16
3.4303858e-10
-9.3819138e-16
-6.0129889e-16
3.2679097e-10
-9.070353e-16
-5.435855e-16
3.0426123e-10
-7.6604128e-16
-4.7264185e-16
2.7459765e-10
-5.4728673e-16
-3.9088043e-16
2.3656716e-10
-3.0036633e-16
-3.004468e-16
1.8838341e-10
-9.1498902e-17
-2.0082325e-16
1.2742891e-10
-8.1139878e-17
4.9849747e-11
6.2464232e-17
-2.6197731e-17
3.593951e-11
2.008921e-16
-6.241353e-17
8.8069579e-11
3.6016151e-16
-9.1544121e-17
1.2742891e-10
4.9682135e-16
-1.1835594e-16
1.5787143e-10
5.8075481e-16
-1.4251981e-16
1.8160933e-10
5.9419387e-16
-1.6329682e-16
1.9999521e-10
5.3160532e-16
-1.7993337e-16
2.1390074e-10
3.9927961e-16
-1.9210333e-16
2.2390308e-10
2.1390269e-16
-1.9991367e-16
2.3038082e-10
-6.049572e-20
-2.0368019e-16
2.3356483e-10
-2.139808e-16
-2.0365342e-16
2.3356483e-10
-3.9924558e-16
-1.9983922e-16
2.3038082e-10
-5.3143155e-16
-1.9199603e-16
2.2390308e-10
-5.9390315e-16
-1.7981146e-16
2.1390074e-10
-5.8040839e-16
-1.6317869e-16
1.9999522e-10
-4.9649455e-16
-1.4242372e-16
1.8160933e-10
-3.599176e-16
-1.1829981e-16
1.5787143e-10
-2.0075763e-16
-9.1538462e-17
1.2742891e-10
-6.2416728e-17
-6.2451158e-17
8.8069579e-11
-2.6250129e-17
3.593951e-11
2.6221719e-17
1.623675e-11
8.1136293e-17
3.593951e-11
1.4195324e-16
4.9849747e-11
1.9161023e-16
6.033884e-11
2.199073e-16
6.8431547e-11
2.2160077e-16
7.4668087e-11
1.9588325e-16
7.9372199e-11
1.4583979e-16
8.27507e-11
7.7715412e-17
8.4936751e-11
-1.5193471e-20
8.6010764e-11
-7.7726583e-17
8.6010764e-11
-1.4580085e-16
8.4936751e-11
-1.957829e-16
8.27507e-11
-2.2145281e-16
7.9372199e-11
-2.1974509e-16
7.4668087e-11
-1.9147278e-16
6.8431547e-11
-1.4186884e-16
6.033884e-11
-8.1109583e-17
4.9849747e-11
-2.6232232e-17
3.593951e-11
1.623675e-11
1.8041233e-17
1.8048407e-17
1.6236714e-11
4.6042507e-17
3.933829e-17
3.5939443e-11
7.5320299e-17
5.5004875e-17
4.9849663e-11
9.9218844e-17
6.8863893e-17
6.0338747e-11
1.1287202e-16
8.1205069e-17
6.8431452e-11
1.134359e-16
9.174629e-17
7.4667995e-11
1.002438e-16
1.0014232e-16
7.9372112e-11
7.4679458e-17
1.0625544e-16
8.2750619e-11
3.9837766e-17
1.1016888e-16
8.4936675e-11
3.6508623e-20
1.1206673e-16
8.6010691e-11
-3.9769366e-17
1.1208618e-16
8.6010691e-11
-7.4623121e-17
1.1022167e-16
8.4936675e-11
-1.0020277e-16
1.0632681e-16
8.2750619e-11
-1.134096e-16
1.0021294e-16
7.9372112e-11
-1.128582e-16
9.1799416e-17
7.4667995e-11
-9.9214238e-17
8.1232534e-17
6.8431452e-11
-7.5318976e-17
6.8867984e-17
6.0338747e-11
-4.6036807e-17
5.4994774e-17
4.9849663e-11
-1.8028846e-17
3.9322022e-17
3.5939443e-11
1.8029714e-17
1.6236714e-11
3.9329997e-17
4.6061807e-17
3.5939443e-11
1.1156155e-16
1.1157983e-16
8.8069434e-11
1.9202933e-16
1.6497784e-16
1.2742872e-10
2.61419e-16
2.1295112e-16
1.5787122e-10
3.0451327e-16
2.561184e-16
1.8160911e-10
3.1154552e-16
2.9345657e-16
1.9999501e-10
2.7902474e-16
3.2375186e-16
2.1390054e-10
2.0983929e-16
3.4631609e-16
2.2390291e-10
1.1257705e-16
3.6108354e-16
2.3038066e-10
1.1506025e-19
3.6834096e-16
2.3356469e-10
-1.1236325e-16
3.6835519e-16
2.3356469e-10
-2.0966914e-16
3.6112304e-16
2.3038066e-10
-2.789115e-16
3.4637273e-16
2.2390291e-10
-3.1148594e-16
3.2381478e-16
2.1390054e-10
-3.0449211e-16
2.9351491e-16
1.9999501e-10
-2.6141608e-16
2.5616365e-16
1.8160911e-10
-1.9202585e-16
2.1297811e-16
1.5787122e-10
-1.1154824e-16
1.6498523e-16
1.2742872e-10
-3.9316389e-17
1.1156987e-16
8.8069434e-11
4.6044314e-17
3.5939443e-11
5.4994814e-17
7.5349414e-17
4.9849663e-11
1.6496681e-16
1.9205378e-16
1.2742872e-10
2.9278987e-16
2.9279643e-16
1.8838315e-10
4.0694621e-16
3.8525003e-16
2.3656687e-10
4.8143682e-16
4.6954095e-16
2.7459736e-10
4.9847948e-16
5.4334551e-16
3.0426096e-10
4.5051059e-16
6.0406011e-16
3.2679074e-10
3.4098025e-16
6.4995449e-16
3.4303839e-10
1.8362491e-16
6.8039971e-16
3.5357698e-10
1.6268138e-19
6.9549273e-16
3.587613e-10
-1.8332055e-16
6.954833e-16
3.587613e-10
-3.4073197e-16
6.8037636e-16
3.5357698e-10
-4.5033684e-16
6.4993038e-16
3.4303839e-10
-4.9837838e-16
6.0405161e-16
3.2679074e-10
-4.8139082e-16
5.4336417e-16
3.0426096e-10
-4.0693049e-16
4.6958619e-16
2.7459736e-10
-2.9278046e-16
3.8530687e-16
2.3656687e-10
-1.6495205e-16
2.9284169e-16
1.8838315e-10
-5.4983912e-17
1.9206872e-16
1.2742872e-10
7.5335734e-17
4.9849663e-11
6.8848857e-17
9.9251385e-17
6.0338747e-11
2.129439e-16
2.6144301e-16
1.5787122e-10
3.8525769e-16
4.0694411e-16
2.3656687e-10
5.4316607e-16
5.4314132e-16
2.9987434e-10
6.4993053e-16
6.6901562e-16
3.5041109e-10
6.7909351e-16
7.8055279e-16
3.9011931e-10
6.1809327e-16
8.7340655e-16
4.2042167e-10
4.7018416e-16
9.4441819e-16
4.4234152e-10
2.5395155e-16
9.9200484e-16
4.5658615e-10
1.6916315e-19
1.0157523e-15
4.6360084e-10
-2.5362928e-16
1.0157127e-15
4.6360084e-10
-4.69905e-16
9.9190079e-16
4.5658615e-10
-6.1787307e-16
9.44288e-16
4.4234152e-10
-6.7893604e-16
8.7329714e-16
4.2042167e-10
-6.4983081e-16
7.8050077e-16
3.9011931e-10
-5.4311323e-16
6.6903137e-16
3.5041109e-10
-3.8523522e-16
5.4320441e-16
2.9987434e-10
-2.1293726e-16
4.0701243e-16
2.3656687e-10
-6.8852963e-17
2.6147596e-16
1.5787122e-10
9.9238682e-17
6.0338747e-11
8.1183948e-17
1.1290015e-16
6.8431452e-11
2.5611112e-16
3.045289e-16
1.8160911e-10
4.6955503e-16
4.8142224e-16
2.7459736e-10
6.6905255e-16
6.4988921e-16
3.5041109e-10
8.0764688e-16
8.0758969e-16
4.1151194e-10
8.5005312e-16
9.4888022e-16
4.5984209e-10
7.781568e-16
1.067733e-15
4.968937e-10
5.9440172e-16
1.1595093e-15
5.2377846e-10
3.2181707e-16
1.2215105e-15
5.4128386e-10
1.3412516e-19
1.2526169e-15
5.499137e-10
-3.2154989e-16
1.2525537e-15
5.499137e-10
-5.9413873e-16
1.2213431e-15
5.4128386e-10
-7.7790479e-16
1.1592941e-15
5.2377846e-10
-8.4982573e-16
1.0675369e-15
4.968937e-10
-8.0746483e-16
9.4875455e-16
4.5984209e-10
-6.6893485e-16
8.0755288e-16
4.1151194e-10
-4.6950564e-16
6.4992273e-16
3.5041109e-10
-2.5611515e-16
4.8147962e-16
2.7459736e-10
-8.1212695e-17
3.0456004e-16
1.8160911e-10
1.1288656e-16
6.8431452e-11
9.1721675e-17
1.1345301e-16
7.4667995e-11
2.9344919e-16
3.1154524e-16
1.9999501e-10
5.4336127e-16
4.9844879e-16
3.0426096e-10
7.8059304e-16
6.7903684e-16
3.9011931e-10
9.4894279e-16
8.4998032e-16
4.5984209e-10
1.0046963e-15
1.0046168e-15
5.1530199e-10
9.2407759e-16
1.1358463e-15
5.579912e-10
7.0828688e-16
1.2379868e-15
5.890534e-10
3.842388e-16
1.3074418e-15
6.0931579e-10
6.9269811e-20
1.3424419e-15
6.1931504e-10
-3.8407915e-16
1.3423738e-15
6.1931504e-10
-7.0807431e-16
1.30726e-15
6.0931579e-10
-9.2380721e-16
1.237748e-15
5.890534e-10
-1.004396e-15
1.1356157e-15
5.579912e-10
-9.4866521e-16
1.0044436e-15
5.1530199e-10
-7.8039308e-16
8.4988568e-16
4.5984209e-10
-5.4326912e-16
6.7901252e-16
3.9011931e-10
-2.9345441e-16
4.9846179e-16
3.0426096e-10
-9.1772519e-17
3.1155366e-16
1.9999501e-10
1.1343801e-16
7.4667995e-11
1.0011876e-16
1.00247e-16
7.9372112e-11
3.2374772e-16
2.7900368e-16
2.1390054e-10
6.0407758e-16
4.5046008e-16
3.2679074e-10
8.7344616e-16
6.1802059e-16
4.2042167e-10
1.0677942e-15
7.7807102e-16
4.968937e-10
1.1359254e-15
9.2398585e-16
5.579912e-10
1.0487796e-15
1.0486874e-15
6.0517434e-10
8.0610863e-16
1.1463557e-15
6.3958683e-10
4.3801526e-16
1.2131128e-15
6.6206955e-10
-3.2378887e-21
1.2468768e-15
6.7317434e-10
-4.3797784e-16
1.2468284e-15
6.7317434e-10
-8.0596043e-16
1.2129807e-15
6.6206955e-10
-1.0485058e-15
1.1461726e-15
6.3958683e-10
-1.1355685e-15
1.0484907e-15
6.0517434e-10
-1.0674343e-15
9.2380622e-16
5.579912e-10
-8.7316682e-16
7.7792941e-16
4.968937e-10
-6.0393223e-16
6.1792675e-16
4.2042167e-10
-3.2373588e-16
4.5040823e-16
3.2679074e-10
-1.0017667e-16
2.7897458e-16
2.1390054e-10
1.002294e-16
7.9372112e-11
1.0623605e-16
7.4670343e-17
8.2750619e-11
3.4631826e-16
2.0979726e-16
2.2390291e-10
6.49976e-16
3.4090842e-16
3.4303839e-10
9.4445743e-16
4.7009416e-16
4.4234151e-10
1.1595668e-15
5.9430342e-16
5.2377846e-10
1.2380614e-15
7.0818563e-16
5.890534e-10
1.1464445e-15
8.060076e-16
6.3958683e-10
8.8307059e-16
8.829722e-16
6.7650872e-10
4.8044322e-16
9.3578104e-16
7.0066e-10
-5.6552837e-20
9.6257306e-16
7.125972e-10
-4.8049872e-16
9.6256362e-16
7.125972e-10
-8.8298082e-16
9.3574832e-16
7.0066e-10
-1.1461887e-15
8.8290598e-16
6.7650872e-10
-1.2376879e-15
8.0589912e-16
6.3958683e-10
-1.1591654e-15
7.0803791e-16
5.890534e-10
-9.4412313e-16
5.9413682e-16
5.2377846e-10
-6.4977684e-16
4.6994021e-16
4.4234152e-10
-3.4626905e-16
3.4079303e-16
3.4303839e-10
-1.0627947e-16
2.0972864e-16
2.2390291e-10
7.4648946e-17
8.2750619e-11
1.1015303e-16
3.9820215e-17
8.4936675e-11
3.6109189e-16
1.1251806e-16
2.3038066e-10
6.8042695e-16
1.835337e-16
3.5357698e-10
9.9204608e-16
2.5384436e-16
4.5658615e-10
1.2215655e-15
3.2170647e-16
5.4128386e-10
1.3075118e-15
3.8412993e-16
6.0931579e-10
1.2131971e-15
4.3790894e-16
6.6206955e-10
9.3587573e-16
4.8033999e-16
7.0066e-10
5.0963333e-16
5.0953356e-16
7.2592333e-10
-6.9985126e-20
5.2439062e-16
7.3841609e-10
-5.0971942e-16
5.2442218e-16
7.3841609e-10
-9.3582481e-16
5.0960638e-16
7.2592333e-10
-1.2129858e-15
4.8040077e-16
7.0066e-10
-1.3071769e-15
4.379045e-16
6.6206955e-10
-1.22118e-15
3.8403748e-16
6.0931579e-10
-9.9169433e-16
3.2154534e-16
5.4128386e-10
-6.8018242e-16
2.536628e-16
4.5658615e-10
-3.6099061e-16
1.8338175e-16
3.5357698e-10
-1.1016263e-16
1.1242598e-16
2.3038066e-10
3.979826e-17
8.4936675e-11
1.1205113e-16
1.3759392e-20
8.6010691e-11
3.6835199e-16
4.4677121e-20
2.3356469e-10
6.9552516e-16
5.6971783e-20
3.587613e-10
1.015798e-15
4.7545013e-20
4.6360084e-10
1.2526729e-15
1.2646288e-20
5.499137e-10
1.3425095e-15
-4.5299696e-20
6.1931504e-10
1.2469578e-15
-1.1128175e-19
6.7317434e-10
9.626651e-16
-1.5998634e-19
7.125972e-10
5.2448817e-16
-1.6989698e-19
7.3841609e-10
-4.0569206e-20
-1.3819561e-19
7.5118664e-10
-5.2453675e-16
-8.4070647e-20
7.5118664e-10
-9.6262857e-16
-3.7624829e-20
7.3841609e-10
-1.2468123e-15
-2.1954282e-20
7.125972e-10
-1.3422616e-15
-4.0899822e-20
6.7317434e-10
-1.2523546e-15
-7.8592014e-20
6.1931504e-10
-1.0154653e-15
-1.0968715e-19
5.499137e-10
-6.9525004e-16
-1.1343034e-19
4.6360084e-10
-3.6819458e-16
-8.4883593e-20
3.587613e-10
-1.1201632e-16
-3.8322087e-20
2.3356469e-10
1.5069427e-21
8.6010691e-11
1.1206735e-16
-3.9796696e-17
8.6010691e-11
3.6836457e-16
-1.1244002e-16
2.3356469e-10
6.9551891e-16
-1.8343361e-16
3.587613e-10
1.0157649e-15
-2.5375927e-16
4.6360084e-10
1.2526152e-15
-3.2167854e-16
5.499137e-10
1.3424434e-15
-3.8419652e-16
6.1931504e-10
1.246909e-15
-4.3808344e-16
6.7317434e-10
9.6265524e-16
-4.8059683e-16
7.125972e-10
5.2451988e-16
-5.0981377e-16
7.3841609e-10
1.3581534e-20
-5.2462965e-16
7.5118664e-10
-5.2449001e-16
-5.2458307e-16
7.5118664e-10
-9.6261213e-16
-5.0969717e-16
7.3841609e-10
-1.2468301e-15
-4.8046591e-16
7.125972e-10
-1.3422984e-15
-4.3799604e-16
6.7317434e-10
-1.2523863e-15
-3.8418428e-16
6.1931504e-10
-1.0154727e-15
-3.2173609e-16
5.499137e-10
-6.9522906e-16
-2.5385178e-16
4.6360084e-10
-3.6815798e-16
-1.8351502e-16
3.587613e-10
-1.1198818e-16
-1.1247615e-16
2.3356469e-10
-3.9785136e-17
8.6010691e-11
1.1019963e-16
-7.4656395e-17
8.4936675e-11
3.6112905e-16
-2.0974865e-16
2.3038066e-10
6.8041316e-16
-3.4084432e-16
3.5357698e-10
9.9196041e-16
-4.7003434e-16
4.5658615e-10
1.2214147e-15
-5.9426796e-16
5.4128386e-10
1.3073378e-15
-7.081906e-16
6.0931579e-10
1.2130658e-15
-8.0606036e-16
6.6206955e-10
9.3584221e-16
-8.830689e-16
7.0066e-10
5.0970592e-16
-9.3590794e-16
7.2592333e-10
6.2195292e-20
-9.6271124e-16
7.3841609e-10
-5.0960205e-16
-9.6269647e-16
7.3841609e-10
-9.3578127e-16
-9.3586814e-16
7.2592333e-10
-1.2130278e-15
-8.8301596e-16
7.0066e-10
-1.307267e-15
-8.0600922e-16
6.6206955e-10
-1.2212568e-15
-7.0815446e-16
6.0931579e-10
-9.9170742e-16
-5.9425208e-16
5.4128386e-10
-6.8012043e-16
-4.7003025e-16
4.5658615e-10
-3.6088797e-16
-3.4083125e-16
3.5357698e-10
-1.1008446e-16
-2.097106e-16
2.3038066e-10
-7.4610538e-17
8.4936675e-11
1.0630676e-16
-1.0024299e-16
8.2750619e-11
3.463787e-16
-2.7899139e-16
2.2390291e-10
6.4996817e-16
-4.5044107e-16
3.4303839e-10
9.4435454e-16
-6.1799139e-16
4.4234152e-10
1.1593791e-15
-7.7802548e-16
5.2377846e-10
1.2378405e-15
-9.2391776e-16
5.890534e-10
1.1462686e-15
-1.048599e-15
6.3958683e-10
8.8300566e-16
-1.1462664e-15
6.7650872e-10
4.8050345e-16
-1.2130555e-15
7.0066e-10
8.0389981e-20
-1.2468812e-15
7.125972e-10
-4.8036812e-16
-1.2469022e-15
7.125972e-10
-8.8292631e-16
-1.2131036e-15
7.0066e-10
-1.1462288e-15
-1.1463077e-15
6.7650872e-10
-1.2377828e-15
-1.0486028e-15
6.3958683e-10
-1.1592422e-15
-9.2387446e-16
5.890534e-10
-9.4411861e-16
-7.7794648e-16
5.2377846e-10
-6.4967642e-16
-6.1789245e-16
4.4234152e-10
-3.4611958e-16
-4.5032931e-16
3.4303839e-10
-1.0616818e-16
-2.788752e-16
2.2390291e-10
-1.001633e-16
8.2750619e-11
1.0020335e-16
-1.1345435e-16
7.9372112e-11
3.2382876e-16
-3.1156369e-16
2.1390054e-10
6.0409304e-16
-4.9846983e-16
3.2679074e-10
8.7336925e-16
-6.7903491e-16
4.2042167e-10
1.0676345e-15
-8.4992812e-16
4.968937e-10
1.1357263e-15
-1.0044943e-15
5.579912e-10
1.0486037e-15
-1.1356543e-15
6.0517434e-10
8.060099e-16
-1.2377586e-15
6.3958683e-10
4.3801218e-16
-1.307237e-15
6.6206955e-10
6.3363743e-20
-1.3423186e-15
6.7317434e-10
-4.3789685e-16
-1.342358e-15
6.7317434e-10
-8.0591809e-16
-1.3073309e-15
6.6206955e-10
-1.0485224e-15
-1.23785e-15
6.3958683e-10
-1.1356194e-15
-1.1356875e-15
6.0517434e-10
-1.0674624e-15
-1.0044444e-15
5.579912e-10
-8.7311887e-16
-8.4980539e-16
4.968937e-10
-6.0379835e-16
-6.7886701e-16
4.2042167e-10
-3.2356525e-16
-4.9828456e-16
3.2679074e-10
-1.0005497e-16
-3.1139126e-16
2.1390054e-10
-1.1335429e-16
7.9372112e-11
9.1807062e-17
-1.1290131e-16
7.4667995e-11
2.9354563e-16
-3.0456442e-16
1.9999501e-10
5.4341442e-16
-4.8146871e-16
3.0426096e-10
7.8057703e-16
-6.4990751e-16
3.9011931e-10
9.4885964e-16
-8.0754184e-16
4.5984209e-10
1.0045686e-15
-9.4874237e-16
5.1530199e-10
9.2393686e-16
-1.0675071e-15
5.579912e-10
7.0816308e-16
-1.1592295e-15
5.890534e-10
3.8415288e-16
-1.2212351e-15
6.0931579e-10
2.7553048e-20
-1.2524046e-15
6.1931504e-10
-3.8408581e-16
-1.2524364e-15
6.1931504e-10
-7.0806451e-16
-1.2213098e-15
6.0931579e-10
-9.2379541e-16
-1.1592977e-15
5.890534e-10
-1.0043781e-15
-1.0675182e-15
5.579912e-10
-9.4861652e-16
-9.4866957e-16
5.1530199e-10
-7.80288e-16
-8.0739038e-16
4.5984209e-10
-5.4311156e-16
-6.4970497e-16
3.9011931e-10
-2.932887e-16
-4.8125112e-16
3.0426096e-10
-9.1662353e-17
-3.0437352e-16
1.9999501e-10
-1.1280162e-16
7.4667995e-11
8.1257263e-17
-9.924933e-17
6.8431452e-11
2.562145e-16
-2.6147987e-16
1.8160911e-10
4.6964964e-16
-4.0699749e-16
2.7459736e-10
6.6911183e-16
-5.4317172e-16
3.5041109e-10
8.0765885e-16
-6.6898555e-16
4.1151194e-10
8.5001495e-16
-7.8044104e-16
4.5984209e-10
7.7806912e-16
-8.7321481e-16
4.968937e-10
5.9427235e-16
-9.4417022e-16
5.2377846e-10
3.216675e-16
-9.9173859e-16
5.4128386e-10
-2.4020839e-21
-1.0155066e-15
5.499137e-10
-3.216409e-16
-1.0155129e-15
5.499137e-10
-5.941672e-16
-9.9174861e-16
5.4128386e-10
-7.7787298e-16
-9.4416109e-16
5.2377846e-10
-8.4974487e-16
-8.7316089e-16
4.968937e-10
-8.073436e-16
-7.8032676e-16
4.5984209e-10
-6.6878174e-16
-6.6881409e-16
4.1151194e-10
-4.6934212e-16
-5.4296494e-16
3.5041109e-10
-2.559762e-16
-4.0678879e-16
2.7459736e-10
-8.1129297e-17
-2.6130839e-16
1.8160911e-10
-9.9168505e-17
6.8431452e-11
6.8901702e-17
-7.5344168e-17
6.0338747e-11
2.130434e-16
-1.9207968e-16
1.5787122e-10
3.8538304e-16
-2.9284011e-16
2.3656687e-10
5.4328957e-16
-3.8528342e-16
2.9987434e-10
6.5002482e-16
-4.6953654e-16
3.5041109e-10
6.79134e-16
-5.4328701e-16
3.9011931e-10
6.1805989e-16
-6.0394552e-16
4.2042167e-10
4.7007202e-16
-6.4979179e-16
4.4234152e-10
2.5378198e-16
-6.8020108e-16
4.5658615e-10
-1.1236864e-20
-6.9527143e-16
4.6360084e-10
-2.5376514e-16
-6.9525201e-16
4.6360084e-10
-4.6995646e-16
-6.8014468e-16
4.5658615e-10
-6.1783084e-16
-6.4970176e-16
4.4234152e-10
-6.7881818e-16
-6.0382348e-16
4.2042167e-10
-6.4966922e-16
-5.43134e-16
3.9011931e-10
-5.4294258e-16
-4.6935918e-16
3.5041109e-10
-3.8508949e-16
-3.8509849e-16
2.9987434e-10
-2.1283923e-16
-2.9267142e-16
2.3656687e-10
-6.8801856e-17
-1.9195315e-16
1.5787122e-10
-7.529175e-17
6.0338747e-11
5.5025615e-17
-4.6054137e-17
4.9849663e-11
1.65051e-16
-1.1158928e-16
1.2742872e-10
2.9292166e-16
-1.6500227e-16
1.8838315e-10
4.0709883e-16
-2.1297834e-16
2.3656687e-10
4.815745e-16
-2.5613489e-16
2.7459736e-10
4.9856625e-16
-2.9345201e-16
3.0426096e-10
4.5051853e-16
-3.237199e-16
3.2679074e-10
3.4090148e-16
-3.4625086e-16
3.4303839e-10
1.8347998e-16
-3.6097801e-16
3.5357698e-10
-1.6882056e-21
-3.6818954e-16
3.587613e-10
-1.8344729e-16
-3.6815894e-16
3.587613e-10
-3.4077738e-16
-3.6089294e-16
3.5357698e-10
-4.502878e-16
-3.4612686e-16
3.4303839e-10
-4.9825449e-16
-3.2357344e-16
3.2679074e-10
-4.8123184e-16
-2.9329593e-16
3.0426096e-10
-4.0677995e-16
-2.559802e-16
2.7459736e-10
-2.9267247e-16
-2.1283777e-16
2.3656687e-10
-1.6489728e-16
-1.6488933e-16
1.8838315e-10
-5.4960921e-17
-1.1151497e-16
1.2742872e-10
-4.6029388e-17
4.9849663e-11
3.9341109e-17
-1.8038433e-17
3.5939443e-11
1.1161864e-16
-3.9335188e-17
8.8069434e-11
1.9213432e-16
-5.5010255e-17
1.2742872e-10
2.6154997e-16
-6.8875769e-17
1.5787122e-10
3.0463821e-16
-8.1220868e-17
1.8160911e-10
3.1163183e-16
-9.176206e-17
1.9999501e-10
2.7904917e-16
-1.0015208e-16
2.1390054e-10
2.0979689e-16
-1.0625036e-16
2.2390291e-10
1.1248546e-16
-1.1013752e-16
2.3038066e-10
1.0530667e-20
-1.1199872e-16
2.3356469e-10
-1.1243879e-16
-1.1197746e-16
2.3356469e-10
-2.0968435e-16
-1.1007841e-16
2.3038066e-10
-2.7885912e-16
-1.0616497e-16
2.2390291e-10
-3.1138364e-16
-1.0005337e-16
2.1390054e-10
-3.0437253e-16
-9.1661235e-17
1.9999501e-10
-2.6131296e-16
-8.112716e-17
1.8160911e-10
-1.9196304e-16
-6.8797253e-17
1.5787122e-10
-1.1152775e-16
-5.4953171e-17
1.2742872e-10
-3.9312632e-17
-3.9303194e-17
8.8069434e-11
-1.8032579e-17
3.5939443e-11
1.803726e-17
1.6236714e-11
4.6062711e-17
3.5939443e-11
7.5364282e-17
4.9849663e-11
9.9275163e-17
6.0338747e-11
1.1292616e-16
6.8431452e-11
1.1347413e-16
7.4667995e-11
1.0025743e-16
7.9372112e-11
7.4668656e-17
8.2750619e-11
3.9811969e-17
8.4936675e-11
1.0971998e-20
8.6010691e-11
-3.9779611e-17
8.6010691e-11
-7.4609365e-17
8.4936675e-11
-1.0016649e-16
8.2750619e-11
-1.1336075e-16
7.9372112e-11
-1.1280962e-16
7.4667995e-11
-9.9177082e-17
6.8431452e-11
-7.5301245e-17
6.0338747e-11
-4.6039275e-17
4.9849663e-11
-1.8039492e-17
3.5939443e-11
1.6236714e-11
8.1210892e-18
8.1603945e-18
1.6236698e-11
2.4319502e-17
1.9131663e-17
3.5939408e-11
4.2103297e-17
2.7824655e-17
4.9849617e-11
5.6634567e-17
3.5764686e-17
6.0338697e-11
6.4935833e-17
4.2900219e-17
6.8431401e-11
6.5436369e-17
4.9027764e-17
7.4667945e-11
5.786646e-17
5.393423e-17
7.9372066e-11
4.311214e-17
5.7530269e-17
8.2750577e-11
2.3003218e-17
5.9852134e-17
8.4936636e-11
3.9142709e-20
6.0992796e-17
8.6010653e-11
-2.2931554e-17
6.1018964e-17
8.6010653e-11
-4.3058223e-17
5.9919445e-17
8.4936636e-11
-5.7837482e-17
5.7608953e-17
8.2750577e-11
-6.5437024e-17
5.3988465e-17
7.9372066e-11
-6.4969579e-17
4.90318e-17
7.4667946e-11
-5.6699614e-17
4.2850673e-17
6.8431401e-11
-4.2185547e-17
3.5682729e-17
6.0338697e-11
-2.4395586e-17
2.7745437e-17
4.9849617e-11
-8.175544e-18
1.9088067e-17
3.5939408e-11
8.1636933e-18
1.6236698e-11
1.9063833e-17
2.4387077e-17
3.5939408e-11
6.0053815e-17
6.0177429e-17
8.8069352e-11
1.069786e-16
8.9872986e-17
1.2742861e-10
1.4729541e-16
1.1677845e-16
1.578711e-10
1.7213574e-16
1.410796e-16
1.8160899e-10
1.7617863e-16
1.6215414e-16
1.9999489e-10
1.5771291e-16
1.7929485e-16
2.1390044e-10
1.1854931e-16
1.9209466e-16
2.2390281e-10
6.3604706e-17
2.0049743e-16
2.3038058e-10
1.2713455e-19
2.0464609e-16
2.3356461e-10
-6.3378623e-17
2.0467562e-16
2.3356461e-10
-1.1839817e-16
2.0057499e-16
2.3038058e-10
-1.5765932e-16
1.9219064e-16
2.2390281e-10
-1.762185e-16
1.7937119e-16
2.1390044e-10
-1.7224519e-16
1.6217913e-16
1.9999489e-10
-1.4743823e-16
1.4104148e-16
1.8160899e-10
-1.0711208e-16
1.1669123e-16
1.578711e-10
-6.014358e-17
8.9772105e-17
1.2742861e-10
-1.9107681e-17
6.0104011e-17
8.8069352e-11
2.4370276e-17
3.5939408e-11
2.7750616e-17
4.218526e-17
4.9849617e-11
8.973683e-17
1.0713388e-16
1.2742861e-10
1.6281414e-16
1.6298921e-16
1.88383e-10
2.2765747e-16
2.1425307e-16
2.3656671e-10
2.6956373e-16
2.6106018e-16
2.745972e-10
2.7891762e-16
3.0211384e-16
3.0426081e-10
2.5184423e-16
3.3593834e-16
3.2679061e-10
1.9048944e-16
3.6154142e-16
3.4303828e-10
1.0258501e-16
3.7854751e-16
3.5357689e-10
1.9576833e-19
3.8699131e-16
3.5876122e-10
-1.0223622e-16
3.8699994e-16
3.5876122e-10
-1.902549e-16
3.7857183e-16
3.5357689e-10
-2.5175895e-16
3.6157619e-16
3.4303828e-10
-2.7897278e-16
3.3597286e-16
3.2679061e-10
-2.6971498e-16
3.0213258e-16
3.0426081e-10
-2.2784079e-16
2.6104809e-16
2.745972e-10
-1.6296336e-16
2.1420426e-16
2.3656671e-10
-8.9812576e-17
1.6291448e-16
1.88383e-10
-2.7768243e-17
1.0706081e-16
1.2742861e-10
4.2151423e-17
4.9849617e-11
3.5697846e-17
5.6720766e-17
6.0338697e-11
1.1665387e-16
1.4745698e-16
1.578711e-10
2.1408734e-16
2.278388e-16
2.3656671e-10
3.0268078e-16
3.0285275e-16
2.9987416e-10
3.6200057e-16
3.7222972e-16
3.5041092e-10
3.7778344e-16
4.337939e-16
3.9011916e-10
3.4346343e-16
4.8511216e-16
4.2042155e-10
2.6108407e-16
5.2439704e-16
4.4234143e-10
1.4101089e-16
5.5073919e-16
4.5658609e-10
2.2892324e-19
5.6388759e-16
4.6360081e-10
-1.4059816e-16
5.6386291e-16
4.6360081e-10
-2.6079324e-16
5.506767e-16
4.5658609e-10
-3.4333602e-16
5.2432481e-16
4.4234143e-10
-3.7781619e-16
4.8505803e-16
4.2042155e-10
-3.6214935e-16
4.3376916e-16
3.9011916e-10
-3.0287364e-16
3.7222293e-16
3.5041092e-10
-2.1424503e-16
3.0283837e-16
2.9987416e-10
-1.1672806e-16
2.2779539e-16
2.3656671e-10
-3.5707035e-17
1.4738737e-16
1.578711e-10
5.6664631e-17
6.0338697e-11
4.2843246e-17
6.5017472e-17
6.8431401e-11
1.4097332e-16
1.7228121e-16
1.8160899e-10
2.6091244e-16
2.6972036e-16
2.745972e-10
3.7207515e-16
3.6214345e-16
3.5041092e-10
4.4858108e-16
4.4870435e-16
4.1151179e-10
4.7142136e-16
5.263679e-16
4.5984197e-10
4.3102327e-16
5.9178021e-16
4.9689364e-10
3.2898837e-16
6.423355e-16
5.2377845e-10
1.7809951e-16
6.7650356e-16
5.4128389e-10
2.1866142e-19
6.9364009e-16
5.4991375e-10
-1.7769586e-16
6.9358546e-16
5.4991375e-10
-3.2867878e-16
6.7636158e-16
5.4128389e-10
-4.3084903e-16
6.4215997e-16
5.2377845e-10
-4.7139528e-16
5.9162908e-16
4.9689364e-10
-4.4868233e-16
5.2627506e-16
4.5984197e-10
-3.722482e-16
4.4866702e-16
4.1151179e-10
-2.6107928e-16
3.6212812e-16
3.5041092e-10
-1.4107251e-16
2.6968499e-16
2.745972e-10
-4.2874583e-17
1.7220713e-16
1.8160899e-10
6.4941407e-17
6.8431401e-11
4.8977101e-17
6.5504361e-17
7.4667946e-11
1.6206213e-16
1.762888e-16
1.9999489e-10
3.019809e-16
2.7902537e-16
3.0426081e-10
4.3365307e-16
3.7787089e-16
3.9011916e-10
5.2625946e-16
4.7148603e-16
4.5984197e-10
5.5624401e-16
5.5629116e-16
5.1530193e-10
5.1095828e-16
6.2835106e-16
5.5799121e-10
3.9132467e-16
6.8448978e-16
5.8905348e-10
2.1224593e-16
7.2268183e-16
6.0931593e-10
1.7121272e-19
7.4191995e-16
6.1931521e-10
-2.1191531e-16
7.4185449e-16
6.1931521e-10
-3.9103382e-16
7.2250901e-16
6.0931593e-10
-5.1074318e-16
6.8426754e-16
5.8905348e-10
-5.5614029e-16
6.2814271e-16
5.5799121e-10
-5.2628332e-16
5.5613798e-16
5.1530193e-10
-4.337822e-16
4.7139489e-16
4.5984197e-10
-3.021514e-16
3.7781717e-16
3.9011916e-10
-1.6220164e-16
2.7896877e-16
3.0426081e-10
-4.9052678e-17
1.7620388e-16
1.9999489e-10
6.5421426e-17
7.4667946e-11
5.3884298e-17
5.7913969e-17
7.9372066e-11
1.7920962e-16
1.5777531e-16
2.1390044e-10
3.3581345e-16
2.5188808e-16
3.2679061e-10
4.8497828e-16
3.4348025e-16
4.2042155e-10
5.9167868e-16
4.3101499e-16
4.9689364e-10
6.2831313e-16
5.1093008e-16
5.5799121e-10
5.7935518e-16
5.7931409e-16
6.0517444e-10
4.4493362e-16
6.3292844e-16
6.3958701e-10
2.4169273e-16
6.6959928e-16
6.6206981e-10
1.0772775e-19
6.8814568e-16
6.7317464e-10
-2.414651e-16
6.8809789e-16
6.7317464e-10
-4.4468627e-16
6.6946895e-16
6.6206981e-10
-5.7911728e-16
6.32748e-16
6.3958701e-10
-6.2814143e-16
5.7912076e-16
6.0517444e-10
-5.9162467e-16
5.1075368e-16
5.5799121e-10
-4.8505362e-16
4.308717e-16
4.9689364e-10
-3.3597485e-16
3.4336911e-16
4.2042155e-10
-1.7938194e-16
2.5179173e-16
3.2679061e-10
-5.4003985e-17
1.5767783e-16
2.1390044e-10
5.7838682e-17
7.9372066e-11
5.747498e-17
4.3138507e-17
8.2750577e-11
1.9200708e-16
1.1856348e-16
2.2390281e-10
3.6141741e-16
1.9046877e-16
3.4303828e-10
5.2426407e-16
2.6102981e-16
4.4234143e-10
6.4223374e-16
3.2890795e-16
5.2377845e-10
6.8445254e-16
3.9122384e-16
5.8905348e-10
6.3297396e-16
4.4481735e-16
6.3958701e-10
4.8715653e-16
4.8703142e-16
6.7650901e-10
2.6495314e-16
5.1602645e-16
7.0066037e-10
5.9041731e-20
5.307483e-16
7.1259762e-10
-2.6480886e-16
5.3074121e-16
7.1259762e-10
-4.8695747e-16
5.1599795e-16
7.0066037e-10
-6.3274325e-16
4.869659e-16
6.7650901e-10
-6.8425469e-16
4.4470378e-16
6.3958701e-10
-6.4213549e-16
3.9106859e-16
5.8905348e-10
-5.2429641e-16
3.2873555e-16
5.2377845e-10
-3.615568e-16
2.6086889e-16
4.4234143e-10
-1.9218753e-16
1.9033469e-16
3.4303828e-10
-5.7618593e-17
1.1845879e-16
2.2390281e-10
4.3080418e-17
8.2750577e-11
5.9784819e-17
2.3014408e-17
8.4936636e-11
2.0039737e-16
6.358439e-17
2.3038058e-10
3.7841699e-16
1.0251717e-16
3.5357689e-10
5.5060267e-16
1.4090321e-16
4.5658609e-10
6.7639727e-16
1.7796532e-16
5.4128389e-10
7.2263915e-16
2.1209306e-16
6.0931593e-10
6.6964159e-16
2.4152489e-16
6.6206981e-10
5.1615298e-16
2.6477378e-16
7.0066037e-10
2.8098116e-16
2.8079589e-16
7.259238e-10
5.0343779e-20
2.8897044e-16
7.3841662e-10
-2.8086015e-16
2.8900613e-16
7.3841662e-10
-5.159897e-16
2.8087583e-16
7.259238e-10
-6.694543e-16
2.6483499e-16
7.0066037e-10
-7.2247656e-16
2.4151008e-16
6.6206981e-10
-6.7630997e-16
2.1198612e-16
6.0931593e-10
-5.506187e-16
1.7779648e-16
5.4128389e-10
-3.7852759e-16
1.4072451e-16
4.5658609e-10
-2.0055749e-16
1.0237036e-16
3.5357689e-10
-5.9924388e-17
6.3488398e-17
2.3038058e-10
2.2979162e-17
8.4936636e-11
6.0907981e-17
4.436017e-20
8.6010653e-11
2.0452468e-16
9.5944686e-20
2.3356461e-10
3.8684717e-16
1.1230097e-19
3.5876122e-10
5.6374442e-16
1.0142876e-19
4.6360081e-10
6.9352812e-16
6.3955911e-20
5.4991375e-10
7.4186977e-16
9.9335277e-22
6.1931521e-10
6.8818024e-16
-7.3697686e-20
6.7317464e-10
5.3087028e-16
-1.3258412e-19
7.1259762e-10
2.8915589e-16
-1.4955116e-19
7.3841662e-10
8.5177877e-20
-1.1917537e-19
7.5118721e-10
-2.8899112e-16
-6.3236163e-20
7.5118721e-10
-5.307236e-16
-1.6697964e-20
7.3841662e-10
-6.8806504e-16
-4.4133687e-21
7.1259762e-10
-7.4179589e-16
-2.5357614e-20
6.7317464e-10
-6.9350163e-16
-5.628615e-20
6.1931521e-10
-5.6377142e-16
-6.9177964e-20
5.4991375e-10
-3.869287e-16
-4.9593195e-20
4.6360081e-10
-2.0464346e-16
-5.9911303e-21
3.5876122e-10
-6.1020354e-17
3.4214353e-20
2.3356461e-10
3.7388761e-20
8.6010653e-11
6.0915844e-17
-2.2924139e-17
8.6010653e-11
2.0452893e-16
-6.33956e-17
2.3356461e-10
3.8683731e-16
-1.0229875e-16
3.5876122e-10
5.6371106e-16
-1.4070429e-16
4.6360081e-10
6.9346937e-16
-1.7783028e-16
5.4991375e-10
7.4179916e-16
-2.1206288e-16
6.1931521e-10
6.8812508e-16
-2.4161833e-16
6.7317464e-10
5.3085588e-16
-2.6496742e-16
7.1259762e-10
2.8918727e-16
-2.8102572e-16
7.3841662e-10
1.4108792e-19
-2.8916361e-16
7.5118721e-10
-2.8894478e-16
-2.8912131e-16
7.5118721e-10
-5.3071133e-16
-2.8092413e-16
7.3841662e-10
-6.8808681e-16
-2.6486509e-16
7.1259762e-10
-7.4183015e-16
-2.4156929e-16
6.7317464e-10
-6.9352146e-16
-2.1208567e-16
6.1931521e-10
-5.6376122e-16
-1.7790324e-16
5.4991375e-10
-3.8689171e-16
-1.407842e-16
4.6360081e-10
-2.0459762e-16
-1.0234687e-16
3.5876122e-10
-6.0989233e-17
-6.3397434e-17
2.3356461e-10
-2.2898482e-17
8.6010653e-11
5.9804581e-17
-4.3044058e-17
8.4936636e-11
2.0040785e-16
-1.1838313e-16
2.3038058e-10
3.7839084e-16
-1.9026668e-16
3.5357689e-10
5.5051529e-16
-2.6084124e-16
4.5658609e-10
6.7624355e-16
-3.2875537e-16
5.4128389e-10
7.2245368e-16
-3.9112373e-16
6.0931593e-10
6.6949339e-16
-4.447779e-16
6.6206981e-10
5.1610665e-16
-4.8704819e-16
7.0066037e-10
2.810503e-16
-5.1608313e-16
7.259238e-10
1.8328101e-19
-5.3082364e-16
7.3841662e-10
-2.8074818e-16
-5.3081827e-16
7.3841662e-10
-5.1596004e-16
-5.1607024e-16
7.259238e-10
-6.695073e-16
-4.8703549e-16
7.0066037e-10
-7.225576e-16
-4.4477199e-16
6.6206981e-10
-6.7635017e-16
-3.9112484e-16
6.0931593e-10
-5.5057899e-16
-3.2875482e-16
5.4128389e-10
-3.7841889e-16
-2.6082376e-16
4.5658609e-10
-2.0042937e-16
-1.9021961e-16
3.5357689e-10
-5.983919e-17
-1.183116e-16
2.3038058e-10
-4.2986553e-17
8.4936636e-11
5.7496056e-17
-5.7815005e-17
8.2750577e-11
1.9201749e-16
-1.5760662e-16
2.2390281e-10
3.6138347e-16
-2.5170729e-16
3.4303828e-10
5.241541e-16
-3.4330585e-16
4.4234143e-10
6.4204043e-16
-4.308442e-16
5.2377845e-10
6.8421638e-16
-5.1075379e-16
5.8905348e-10
6.3277577e-16
-5.7913026e-16
6.3958701e-10
4.8707281e-16
-6.32752e-16
6.7650901e-10
2.6500295e-16
-6.6946096e-16
7.0066037e-10
1.876858e-19
-6.8807555e-16
7.1259762e-10
-2.6469508e-16
-6.881047e-16
7.1259762e-10
-4.8692791e-16
-6.6953109e-16
7.0066037e-10
-6.3279821e-16
-6.3282253e-16
6.7650901e-10
-6.843301e-16
-5.7916262e-16
6.3958701e-10
-6.4215017e-16
-5.1073001e-16
5.8905348e-10
-5.242071e-16
-4.3076729e-16
5.2377845e-10
-3.6138515e-16
-3.4318862e-16
4.4234143e-10
-1.9200352e-16
-2.5156571e-16
3.4303828e-10
-5.7501823e-17
-1.5746798e-16
2.2390281e-10
-5.7734098e-17
8.2750577e-11
5.3892992e-17
-6.5405576e-17
7.9372066e-11
1.7921145e-16
-1.7613427e-16
2.1390044e-10
3.3578073e-16
-2.788656e-16
3.2679061e-10
4.8488064e-16
-3.7771147e-16
4.2042155e-10
5.9150558e-16
-4.7130686e-16
4.9689364e-10
6.2809443e-16
-5.5606737e-16
5.5799121e-10
5.7915443e-16
-6.28075e-16
6.0517444e-10
4.4481277e-16
-6.8418662e-16
6.3958701e-10
2.4167307e-16
-7.2240553e-16
6.6206981e-10
1.5670785e-19
-7.4172608e-16
6.7317464e-10
-2.4141041e-16
-7.4176636e-16
6.7317464e-10
-4.4467368e-16
-7.2250024e-16
6.6206981e-10
-5.791449e-16
-6.8427492e-16
6.3958701e-10
-6.2815845e-16
-6.2809862e-16
6.0517444e-10
-5.915689e-16
-5.5600016e-16
5.5799121e-10
-4.8489997e-16
-4.7115892e-16
4.9689364e-10
-3.3575928e-16
-3.7751331e-16
4.2042155e-10
-1.7917987e-16
-2.7865344e-16
3.2679061e-10
-5.3885989e-17
-1.7595114e-16
2.1390044e-10
-6.5314344e-17
7.9372066e-11
4.896291e-17
-6.4929321e-17
7.4667946e-11
1.6204845e-16
-1.721438e-16
1.9999489e-10
3.0195453e-16
-2.6957697e-16
3.0426081e-10
4.3359005e-16
-3.6199596e-16
3.9011916e-10
5.2614396e-16
-4.4852982e-16
4.5984197e-10
5.5608511e-16
-5.2613934e-16
5.1530193e-10
5.1078733e-16
-5.9148912e-16
5.5799121e-10
3.9117741e-16
-6.4200451e-16
5.8905348e-10
2.1214382e-16
-6.7618108e-16
6.0931593e-10
1.1399816e-19
-6.9337593e-16
6.1931521e-10
-2.1194207e-16
-6.9340164e-16
6.1931521e-10
-3.9104178e-16
-6.7623689e-16
6.0931593e-10
-5.1072573e-16
-6.4203976e-16
5.8905348e-10
-5.5607159e-16
-5.9145472e-16
5.5799121e-10
-5.2613915e-16
-5.2601413e-16
5.1530193e-10
-4.3356973e-16
-4.4832688e-16
4.5984197e-10
-3.0192108e-16
-3.6175038e-16
3.9011916e-10
-1.620203e-16
-2.6933077e-16
3.0426081e-10
-4.8960933e-17
-1.7194397e-16
1.9999489e-10
-6.4838017e-17
7.4667946e-11
4.2806205e-17
-5.6655395e-17
6.8431401e-11
1.4094389e-16
-1.4734035e-16
1.8160899e-10
2.6089278e-16
-2.2770579e-16
2.745972e-10
3.7204874e-16
-3.0271146e-16
3.5041092e-10
4.4852682e-16
-3.7206808e-16
4.1151179e-10
4.7132745e-16
-4.3359388e-16
4.5984197e-10
4.3089174e-16
-4.8486617e-16
4.9689364e-10
3.2883252e-16
-5.2411616e-16
5.2377845e-10
1.7794119e-16
-5.5044851e-16
5.4128389e-10
8.4497447e-20
-5.6361256e-16
5.4991375e-10
-1.7777954e-16
-5.6361387e-16
5.4991375e-10
-3.2869205e-16
-5.5044171e-16
5.4128389e-10
-4.3078154e-16
-5.2407518e-16
5.2377845e-10
-4.7124655e-16
-4.8476561e-16
4.9689364e-10
-4.4846698e-16
-4.3342484e-16
4.5984197e-10
-3.7200458e-16
-3.7184398e-16
4.1151179e-10
-2.6086589e-16
-3.0246118e-16
3.5041092e-10
-1.4093776e-16
-2.274636e-16
2.745972e-10
-4.2822529e-17
-1.4714634e-16
1.8160899e-10
-5.6566613e-17
6.8431401e-11
3.5651373e-17
-4.2149206e-17
6.0338697e-11
1.1661897e-16
-1.0704099e-16
1.578711e-10
2.1407267e-16
-1.6286578e-16
2.3656671e-10
3.0267588e-16
-2.1411651e-16
2.9987416e-10
3.6198333e-16
-2.6091625e-16
3.5041092e-10
3.7773089e-16
-3.0195836e-16
3.9011916e-10
3.4336181e-16
-3.3576521e-16
4.2042155e-10
2.6093602e-16
-3.6134763e-16
4.4234143e-10
1.4083962e-16
-3.783327e-16
4.5658609e-10
7.518134e-20
-3.8675523e-16
4.6360081e-10
-1.4068853e-16
-3.8674083e-16
4.6360081e-10
-2.6078663e-16
-3.7828716e-16
4.5658609e-10
-3.4322394e-16
-3.6126529e-16
4.4234143e-10
-3.7761709e-16
-3.3564115e-16
4.2042155e-10
-3.6190326e-16
-3.0179386e-16
3.9011916e-10
-3.026348e-16
-2.6072156e-16
3.5041092e-10
-2.1406891e-16
-2.1390773e-16
2.9987416e-10
-1.1664248e-16
-1.6266167e-16
2.3656671e-10
-3.5688248e-17
-1.0687017e-16
1.578711e-10
-4.2062487e-17
6.0338697e-11
2.7715084e-17
-2.4377862e-17
4.9849617e-11
8.9712319e-17
-6.0110276e-17
1.2742861e-10
1.6280357e-16
-8.9767742e-17
1.88383e-10
2.276526e-16
-1.1665825e-16
2.3656671e-10
2.6954819e-16
-1.4096342e-16
2.745972e-10
2.7887144e-16
-1.6204956e-16
3.0426081e-10
2.517541e-16
-1.7919767e-16
3.2679061e-10
1.9035848e-16
-1.9199242e-16
3.4303828e-10
1.0243759e-16
-2.0037347e-16
3.5357689e-10
7.2798821e-20
-2.044852e-16
3.5876122e-10
-1.0229101e-16
-2.0447001e-16
3.5876122e-10
-1.9021312e-16
-2.0032937e-16
3.5357689e-10
-2.5162055e-16
-1.919227e-16
3.4303828e-10
-2.7876534e-16
-1.7910641e-16
3.2679061e-10
-2.6948316e-16
-1.6194113e-16
3.0426081e-10
-2.2763434e-16
-1.408419e-16
2.745972e-10
-1.6282504e-16
-1.1652602e-16
2.3656671e-10
-8.9756359e-17
-8.9629152e-17
1.88383e-10
-2.7761791e-17
-5.9982677e-17
1.2742861e-10
-2.4300357e-17
4.9849617e-11
1.9055693e-17
-8.1710629e-18
3.5939408e-11
6.0050094e-17
-1.9091899e-17
8.8069352e-11
1.0697114e-16
-2.7752107e-17
1.2742861e-10
1.4727591e-16
-3.56813e-17
1.578711e-10
1.72098e-16
-4.2825601e-17
1.8160899e-10
1.7611639e-16
-4.897263e-17
1.9999489e-10
1.5762432e-16
-5.3896814e-17
2.1390044e-10
1.1844315e-16
-5.7498828e-17
2.2390281e-10
6.3502654e-17
-5.9809674e-17
2.3038058e-10
5.8989535e-20
-6.0923695e-17
2.3356461e-10
-6.3386111e-17
-6.0916007e-17
2.3356461e-10
-1.1833296e-16
-5.978808e-17
2.3038058e-10
-1.5753032e-16
-5.7467341e-17
2.2390281e-10
-1.7605031e-16
-5.3860058e-17
2.1390044e-10
-1.7206811e-16
-4.8933668e-17
1.9999489e-10
-1.4728211e-16
-4.2784182e-17
1.8160899e-10
-1.0700353e-16
-3.563323e-17
1.578711e-10
-6.0093623e-17
-2.7694258e-17
1.2742861e-10
-1.9093163e-17
-1.9029985e-17
8.8069352e-11
-8.119834e-18
3.5939408e-11
8.1470904e-18
1.6236698e-11
2.4337055e-17
3.5939408e-11
4.2101585e-17
4.9849617e-11
5.6609021e-17
6.0338697e-11
6.4890161e-17
6.8431401e-11
6.5377822e-17
7.4667946e-11
5.7803383e-17
7.9372066e-11
4.3054671e-17
8.2750577e-11
2.2962839e-17
8.4936636e-11
2.5735041e-20
8.6010653e-11
-2.2913525e-17
8.6010653e-11
-4.3012518e-17
8.4936636e-11
-5.7773644e-17
8.2750577e-11
-6.5364305e-17
7.9372066e-11
-6.4892871e-17
7.4667946e-11
-5.6623266e-17
6.8431401e-11
-4.2120436e-17
6.0338697e-11
-2.4354744e-17
4.9849617e-11
-8.1550317e-18
3.5939408e-11
1.6236698e-11
5.1925132e-18
5.2421762e-18
1.6236688e-11
1.3640573e-17
1.1577599e-17
3.5939388e-11
2.2540169e-17
1.6285191e-17
4.9849592e-11
2.9804607e-17
2.0451549e-17
6.0338669e-11
3.3958549e-17
2.4156453e-17
6.8431373e-11
3.4150599e-17
2.732187e-17
7.4667918e-11
3.0188847e-17
2.9849515e-17
7.937204e-11
2.2496515e-17
3.1700011e-17
8.2750553e-11
1.2008323e-17
3.2896558e-17
8.4936613e-11
2.4976782e-20
3.3488926e-17
8.6010632e-11
-1.1960924e-17
3.3509247e-17
8.6010632e-11
-2.2456188e-17
3.2945142e-17
8.4936613e-11
-3.0159959e-17
3.1745016e-17
8.2750553e-11
-3.414071e-17
2.9854617e-17
7.937204e-11
-3.3978924e-17
2.7265061e-17
7.4667918e-11
-2.9863393e-17
2.4043541e-17
6.8431373e-11
-2.2631088e-17
2.0316044e-17
6.0338669e-11
-1.37413e-17
1.6173662e-17
4.9849592e-11
-5.2770036e-18
1.1529726e-17
3.5939388e-11
5.2654401e-18
1.6236688e-11
1.1488088e-17
1.3717607e-17
3.5939388e-11
3.318733e-17
3.3345092e-17
8.8069309e-11
5.746168e-17
4.9366066e-17
1.2742855e-10
7.8384216e-17
6.3748187e-17
1.5787103e-10
9.1374044e-17
7.6678633e-17
1.8160893e-10
9.3513281e-17
8.786293e-17
1.9999483e-10
8.377013e-17
9.6946081e-17
2.1390038e-10
6.3019576e-17
1.0372471e-16
2.2390276e-10
3.3837366e-17
1.0817735e-16
2.3038053e-10
8.0911831e-20
1.1038415e-16
2.3356456e-10
-3.3698085e-17
1.1041504e-16
2.3356456e-10
-6.2938664e-17
1.082558e-16
2.3038053e-10
-8.3761805e-17
1.038124e-16
2.2390276e-10
-9.3571356e-17
9.6994254e-17
2.1390038e-10
-9.1481062e-17
8.7833111e-17
1.9999483e-10
-7.8518133e-17
7.6562575e-17
1.8160893e-10
-5.7595403e-17
6.357672e-17
1.5787103e-10
-3.3293544e-17
4.9198642e-17
1.2742855e-10
-1.1551194e-17
3.3243267e-17
8.8069309e-11
1.3711738e-17
3.5939388e-11
1.6187903e-17
2.2627381e-17
4.9849592e-11
4.9182227e-17
5.7658344e-17
1.2742855e-10
8.7607945e-17
8.7852783e-17
1.8838293e-10
1.2189671e-16
1.1553006e-16
2.3656662e-10
1.4425714e-16
1.4075012e-16
2.7459712e-10
1.4938362e-16
1.6283427e-16
3.0426073e-10
1.3502912e-16
1.8101125e-16
3.2679054e-10
1.0223411e-16
1.9476377e-16
3.4303822e-10
5.5106477e-17
2.0389997e-16
3.5357684e-10
1.3665866e-19
2.0844396e-16
3.5876118e-10
-5.4873876e-17
2.0846518e-16
3.5876118e-10
-1.021084e-16
2.0395762e-16
3.5357684e-10
-1.3503782e-16
1.9483875e-16
3.4303822e-10
-1.4950974e-16
1.8107114e-16
3.2679054e-10
-1.4445134e-16
1.6284134e-16
3.0426073e-10
-1.2209679e-16
1.4067897e-16
2.7459712e-10
-8.77585e-17
1.1538627e-16
2.3656662e-10
-4.925587e-17
8.7679906e-17
1.8838293e-10
-1.6202013e-17
5.7522895e-17
1.2742855e-10
2.2587475e-17
4.9849592e-11
2.036907e-17
2.9894261e-17
6.0338669e-11
6.3576039e-17
7.8591586e-17
1.5787103e-10
1.1528193e-16
1.2216228e-16
2.3656662e-10
1.6261797e-16
1.6289709e-16
2.9987407e-10
1.945998e-16
2.0053282e-16
3.5041083e-10
2.0333689e-16
2.338891e-16
3.9011908e-10
1.8509009e-16
2.6167161e-16
4.2042149e-10
1.4083988e-16
2.8293125e-16
4.4234139e-10
7.6139103e-17
2.9718544e-16
4.5658607e-10
1.7732567e-19
3.0430345e-16
4.6360079e-10
-7.5833314e-17
3.0429953e-16
4.6360079e-10
-1.4066548e-16
2.9718049e-16
4.5658607e-10
-1.8508885e-16
2.8293776e-16
4.4234139e-10
-2.0349597e-16
2.616917e-16
4.2042149e-10
-1.9485621e-16
2.3390345e-16
3.9011908e-10
-1.6287944e-16
2.0050762e-16
3.5041083e-10
-1.1546099e-16
1.6280703e-16
2.9987407e-10
-6.3634398e-17
1.2201638e-16
2.3656662e-10
-2.0349562e-17
7.8440888e-17
1.5787103e-10
2.9816927e-17
6.0338669e-11
2.4094327e-17
3.4045825e-17
6.8431373e-11
7.6532261e-17
9.1567884e-17
1.8160893e-10
1.4051959e-16
1.4450332e-16
2.7459712e-10
2.0026312e-16
1.94859e-16
3.5041083e-10
2.4173838e-16
2.4199001e-16
4.1151171e-10
2.5442152e-16
2.8423141e-16
4.5984191e-10
2.3291442e-16
3.1978542e-16
4.968936e-10
1.7795483e-16
3.4725571e-16
5.2377844e-10
9.6424458e-17
3.6581916e-16
5.412839e-10
1.8865326e-19
3.7512781e-16
5.4991377e-10
-9.6090304e-17
3.7509737e-16
5.4991377e-10
-1.7774222e-16
3.6574416e-16
5.412839e-10
-2.3287553e-16
3.471743e-16
5.2377844e-10
-2.5456377e-16
3.1973189e-16
4.968936e-10
-2.420126e-16
2.8421188e-16
4.5984191e-10
-2.0057091e-16
2.4197671e-16
4.1151171e-10
-1.4074804e-16
1.9480912e-16
3.5041083e-10
-7.6618693e-17
1.4439237e-16
2.7459712e-10
-2.4080231e-17
9.1419546e-17
1.8160893e-10
3.3941131e-17
6.8431373e-11
2.7273034e-17
3.4229428e-17
7.4667918e-11
8.7737966e-17
9.3673922e-17
1.9999483e-10
1.6262255e-16
1.4957869e-16
3.0426073e-10
2.3363374e-16
2.0353625e-16
3.9011908e-10
2.8399272e-16
2.5461017e-16
4.5984191e-10
3.0065835e-16
3.0083226e-16
5.153019e-10
2.765377e-16
3.4008513e-16
5.5799121e-10
2.1199579e-16
3.7065983e-16
5.8905352e-10
1.150787e-16
3.9145987e-16
6.09316e-10
1.6886726e-19
4.0193489e-16
6.193153e-10
-1.1476823e-16
4.0189311e-16
6.193153e-10
-2.1176946e-16
3.913516e-16
6.09316e-10
-2.7645119e-16
3.7052725e-16
5.8905352e-10
-3.0074632e-16
3.3997303e-16
5.5799121e-10
-2.8423995e-16
3.0076383e-16
5.153019e-10
-2.3395993e-16
2.5457442e-16
4.5984191e-10
-1.6290604e-16
2.0349482e-16
3.9011908e-10
-8.7887501e-17
1.4949303e-16
3.0426073e-10
-2.7302704e-17
9.354315e-17
1.9999483e-10
3.4120197e-17
7.4667918e-11
2.980191e-17
3.0253309e-17
7.937204e-11
9.6828893e-17
8.3885072e-17
2.1390038e-10
1.8080989e-16
1.3515456e-16
3.2679054e-10
2.6142644e-16
1.8520658e-16
4.2042149e-10
3.195568e-16
2.3301424e-16
4.968936e-10
3.399232e-16
2.7661943e-16
5.5799121e-10
3.1384816e-16
3.1391435e-16
6.0517449e-10
2.4125933e-16
3.4315313e-16
6.3958711e-10
1.3115734e-16
3.6315602e-16
6.6206995e-10
1.3311074e-19
3.7327416e-16
6.731748e-10
-1.3090095e-16
3.7324543e-16
6.731748e-10
-2.4104406e-16
3.6307729e-16
6.6206995e-10
-3.1372653e-16
3.4304479e-16
6.3958711e-10
-3.399514e-16
3.1380268e-16
6.0517449e-10
-3.1975465e-16
2.7652682e-16
5.5799121e-10
-2.6174387e-16
2.3294769e-16
4.968936e-10
-1.8113358e-16
1.8515067e-16
4.2042149e-10
-9.7047941e-17
1.3508058e-16
3.2679054e-10
-2.989177e-17
8.3781003e-17
2.1390038e-10
3.0162318e-17
7.937204e-11
3.1641134e-17
2.2545153e-17
8.2750553e-11
1.0359856e-16
6.3089623e-17
2.2390276e-10
1.9456025e-16
1.0229104e-16
3.4303822e-10
2.8268839e-16
1.4087288e-16
4.4234139e-10
3.4703128e-16
1.7796403e-16
5.2377844e-10
3.7050372e-16
2.1198331e-16
5.8905352e-10
3.4309633e-16
2.4122786e-16
6.3958711e-10
2.6431099e-16
2.6426543e-16
6.7650917e-10
1.4386256e-16
2.8009768e-16
7.0066058e-10
1.0722419e-19
2.8814423e-16
7.1259785e-10
-1.4364966e-16
2.8814715e-16
7.1259785e-10
-2.6411668e-16
2.8009801e-16
7.0066058e-10
-3.4296729e-16
2.6424516e-16
6.7650917e-10
-3.7050112e-16
2.4117593e-16
6.3958711e-10
-3.4719202e-16
2.1190681e-16
5.8905352e-10
-2.8298677e-16
1.7788262e-16
5.2377844e-10
-1.9490126e-16
1.4080019e-16
4.4234139e-10
-1.0386798e-16
1.0222245e-16
3.4303822e-10
-3.1782565e-17
6.3015713e-17
2.2390276e-10
2.2485438e-17
8.2750553e-11
3.2815967e-17
1.2046103e-17
8.4936613e-11
1.080261e-16
3.3879874e-17
2.3038053e-10
2.0368047e-16
5.5119575e-17
3.5357684e-10
2.969361e-16
7.6114954e-17
4.5658607e-10
3.6559268e-16
9.6368244e-17
5.412839e-10
3.9130319e-16
1.1499702e-16
6.09316e-10
3.6310079e-16
1.3105455e-16
6.6206995e-10
2.8014942e-16
1.4374271e-16
7.0066058e-10
1.5262796e-16
1.5249706e-16
7.2592406e-10
1.1148467e-19
1.5697567e-16
7.384169e-10
-1.5241374e-16
1.5701057e-16
7.384169e-10
-2.7996925e-16
1.5257874e-16
7.2592406e-10
-3.6299515e-16
1.4381849e-16
7.0066058e-10
-3.9131748e-16
1.3107842e-16
6.6206995e-10
-3.6575356e-16
1.1495833e-16
6.09316e-10
-2.9722447e-16
9.6292597e-17
5.412839e-10
-2.0402089e-16
7.6038487e-17
4.5658607e-10
-1.0831636e-16
5.5061e-17
3.5357684e-10
-3.298583e-17
3.383752e-17
2.3038053e-10
1.2020118e-17
8.4936613e-11
3.338123e-17
6.1220703e-20
8.6010632e-11
1.1019615e-16
1.2505091e-19
2.3356456e-10
2.0819614e-16
1.4899643e-19
3.5876118e-10
3.0403831e-16
1.4465165e-19
4.6360079e-10
3.7489346e-16
1.1567149e-19
5.4991377e-10
4.0177284e-16
6.568121e-20
6.193153e-10
3.7321444e-16
7.9495303e-21
6.731748e-10
2.8819408e-16
-3.5168516e-20
7.1259785e-10
1.5710952e-16
-4.4102029e-20
7.384169e-10
1.4718257e-19
-1.5754073e-20
7.5118753e-10
-1.568457e-16
3.2034821e-20
7.5118753e-10
-2.880146e-16
7.1410409e-20
7.384169e-10
-3.7315455e-16
8.3424211e-20
7.1259785e-10
-4.0184576e-16
7.0727106e-20
6.731748e-10
-3.7509191e-16
5.4317661e-20
6.193153e-10
-3.0433225e-16
5.6455206e-20
5.4991377e-10
-2.0852546e-16
8.194174e-20
4.6360079e-10
-1.1048023e-16
1.1238923e-19
3.5876118e-10
-3.3554613e-17
1.1613103e-19
2.3356456e-10
6.4456978e-20
8.6010632e-11
3.3376875e-17
-1.1916948e-17
8.6010632e-11
1.1018806e-16
-3.3622557e-17
2.3356456e-10
2.0818157e-16
-5.481589e-17
3.5876118e-10
3.0401012e-16
-7.5818283e-17
4.6360079e-10
3.7484936e-16
-9.6121446e-17
5.4991377e-10
4.017228e-16
-1.1483557e-16
6.193153e-10
3.7317845e-16
-1.30992e-16
6.731748e-10
2.8819008e-16
-1.437562e-16
7.1259785e-10
1.5713992e-16
-1.5253206e-16
7.384169e-10
1.9479025e-19
-1.5697279e-16
7.5118753e-10
-1.5680762e-16
-1.5693818e-16
7.5118753e-10
-2.8800454e-16
-1.5244868e-16
7.384169e-10
-3.731708e-16
-1.4367137e-16
7.1259785e-10
-4.0186885e-16
-1.3094879e-16
6.731748e-10
-3.750995e-16
-1.1484596e-16
6.193153e-10
-3.0431498e-16
-9.6162398e-17
5.4991377e-10
-2.0849158e-16
-7.585225e-17
4.6360079e-10
-1.1044708e-16
-5.481893e-17
3.5876118e-10
-3.3535997e-17
-3.3598897e-17
2.3356456e-10
-1.1893519e-17
8.6010632e-11
3.2799183e-17
-2.2398398e-17
8.4936613e-11
1.0799967e-16
-6.2813335e-17
2.3038053e-10
2.0363949e-16
-1.019731e-16
3.5357684e-10
2.968611e-16
-1.4055945e-16
4.5658607e-10
3.6547607e-16
-1.776815e-16
5.412839e-10
3.9116984e-16
-2.1175038e-16
6.09316e-10
3.630025e-16
-2.410528e-16
6.6206995e-10
2.8013281e-16
-2.6414077e-16
7.0066058e-10
1.5269938e-16
-2.8000257e-16
7.2592406e-10
2.2720115e-19
-2.8805513e-16
7.384169e-10
-1.5232162e-16
-2.8804975e-16
7.384169e-10
-2.7994708e-16
-2.7999169e-16
7.2592406e-10
-3.6303661e-16
-2.6413612e-16
7.0066058e-10
-3.9137092e-16
-2.4106344e-16
6.6206995e-10
-3.657613e-16
-2.1177324e-16
6.09316e-10
-2.9716524e-16
-1.7769993e-16
5.412839e-10
-2.0392132e-16
-1.4055405e-16
4.5658607e-10
-1.0822485e-16
-1.0193812e-16
3.5357684e-10
-3.2936629e-17
-6.2764672e-17
2.3038053e-10
-2.236788e-17
8.4936613e-11
3.1601797e-17
-3.0086262e-17
8.2750553e-11
1.0354678e-16
-8.3585738e-17
2.2390276e-10
1.9449749e-16
-1.3482075e-16
3.4303822e-10
2.8258874e-16
-1.8487862e-16
4.4234139e-10
3.4687988e-16
-2.3270008e-16
5.2377844e-10
3.7032818e-16
-2.7631724e-16
5.8905352e-10
3.4295982e-16
-3.1362512e-16
6.3958711e-10
2.6427149e-16
-3.4288473e-16
6.7650917e-10
1.4392903e-16
-3.6292185e-16
7.0066058e-10
2.2796698e-19
-3.7308696e-16
7.1259785e-10
-1.4355424e-16
-3.7310738e-16
7.1259785e-10
-2.6409884e-16
-3.6297398e-16
7.0066058e-10
-3.4301429e-16
-3.4294664e-16
6.7650917e-10
-3.705458e-16
-3.1367365e-16
6.3958711e-10
-3.4716519e-16
-2.7633604e-16
5.8905352e-10
-2.8287227e-16
-2.3268224e-16
5.2377844e-10
-1.9474646e-16
-1.848277e-16
4.4234139e-10
-1.0374144e-16
-1.3475268e-16
3.4303822e-10
-3.1721732e-17
-8.3526664e-17
2.2390276e-10
-3.0062561e-17
8.2750553e-11
2.9728028e-17
-3.4051878e-17
7.937204e-11
9.6740515e-17
-9.3358942e-17
2.1390038e-10
1.8072493e-16
-1.4923389e-16
3.2679054e-10
2.6132098e-16
-2.0320365e-16
4.2042149e-10
3.1940845e-16
-2.5428684e-16
4.968936e-10
3.3974852e-16
-3.0050057e-16
5.5799121e-10
3.1370021e-16
-3.3973767e-16
6.0517449e-10
2.411899e-16
-3.7031086e-16
6.3958711e-10
1.3117676e-16
-3.9114101e-16
6.6206995e-10
2.0126297e-19
-4.0167713e-16
6.731748e-10
-1.3084632e-16
-4.017054e-16
6.731748e-10
-2.4103943e-16
-3.9120955e-16
6.6206995e-10
-3.137525e-16
-3.7038121e-16
6.3958711e-10
-3.399456e-16
-3.3977176e-16
6.0517449e-10
-3.196636e-16
-3.0047958e-16
5.5799121e-10
-2.6157329e-16
-2.5421672e-16
4.968936e-10
-1.8094919e-16
-2.0310838e-16
4.2042149e-10
-9.6921576e-17
-1.4914477e-16
3.2679054e-10
-2.9844087e-17
-9.3303238e-17
2.1390038e-10
-3.4042218e-17
7.937204e-11
2.7159254e-17
-3.3879117e-17
7.4667918e-11
8.7603825e-17
-9.1255819e-17
1.9999483e-10
1.6250695e-16
-1.441561e-16
3.0426073e-10
2.3352463e-16
-1.9452863e-16
3.9011908e-10
2.8386387e-16
-2.4167811e-16
4.5984191e-10
3.005084e-16
-2.8391618e-16
5.153019e-10
2.7639648e-16
-3.1945191e-16
5.5799121e-10
2.1189877e-16
-3.4691238e-16
5.8905352e-10
1.1503804e-16
-3.6549362e-16
6.09316e-10
1.6650432e-19
-3.7484687e-16
6.193153e-10
-1.1476202e-16
-3.7486535e-16
6.193153e-10
-2.1176665e-16
-3.6553368e-16
6.09316e-10
-2.7643033e-16
-3.4693795e-16
5.8905352e-10
-3.0066695e-16
-3.1942953e-16
5.5799121e-10
-2.8408233e-16
-2.8383608e-16
5.153019e-10
-2.3375698e-16
-2.4155889e-16
4.5984191e-10
-1.6273086e-16
-1.9440504e-16
3.9011908e-10
-8.7796451e-17
-1.4406062e-16
3.0426073e-10
-2.7287937e-17
-9.1207012e-17
1.9999483e-10
-3.3877143e-17
7.4667918e-11
2.395148e-17
-2.9762919e-17
6.8431373e-11
7.6356546e-17
-7.830842e-17
1.8160893e-10
1.4036415e-16
-1.2182573e-16
2.7459712e-10
2.0013424e-16
-1.6257108e-16
3.5041083e-10
2.4161551e-16
-2.0023749e-16
4.1151171e-10
2.5429057e-16
-2.3361268e-16
4.5984191e-10
2.3278248e-16
-2.6139679e-16
4.968936e-10
1.7784079e-16
-2.8265315e-16
5.2377844e-10
9.6342615e-17
-2.9691247e-16
5.412839e-10
1.4236865e-19
-3.0404424e-16
5.4991377e-10
-9.6101852e-17
-3.0404887e-16
5.4991377e-10
-1.7771344e-16
-2.9691564e-16
5.412839e-10
-2.3279264e-16
-2.8263071e-16
5.2377844e-10
-2.5441688e-16
-2.6132963e-16
4.968936e-10
-2.4181664e-16
-2.3350265e-16
4.5984191e-10
-2.003755e-16
-2.0010813e-16
4.1151171e-10
-1.4061627e-16
-1.6245256e-16
3.5041083e-10
-7.6579806e-17
-1.2173738e-16
2.7459712e-10
-2.4101153e-17
-7.8257276e-17
1.8160893e-10
-2.975004e-17
6.8431373e-11
2.0225783e-17
-2.2547212e-17
6.0338669e-11
6.3384106e-17
-5.7430636e-17
1.5787103e-10
1.1509048e-16
-8.755003e-17
2.3656662e-10
1.6244956e-16
-1.1521944e-16
2.9987407e-10
1.9445107e-16
-1.4047235e-16
3.5041083e-10
2.0319588e-16
-1.6259714e-16
3.9011908e-10
1.8495427e-16
-1.8080235e-16
4.2042149e-10
1.4071866e-16
-1.9456721e-16
4.4234139e-10
7.6048022e-17
-2.0370378e-16
4.5658607e-10
1.3165215e-19
-2.0823836e-16
4.6360079e-10
-7.5821023e-17
-2.0823856e-16
4.6360079e-10
-1.4058815e-16
-2.0369831e-16
4.5658607e-10
-1.8494931e-16
-1.9454311e-16
4.4234139e-10
-2.0331179e-16
-1.8075147e-16
4.2042149e-10
-1.9466214e-16
-1.6252467e-16
3.9011908e-10
-1.6272213e-16
-1.4039329e-16
3.5041083e-10
-1.1537951e-16
-1.1514467e-16
2.9987407e-10
-6.3633049e-17
-8.7479517e-17
2.3656662e-10
-2.0387262e-17
-5.7366167e-17
1.5787103e-10
-2.2506045e-17
6.0338669e-11
1.6079518e-17
-1.3689492e-17
4.9849592e-11
4.901425e-17
-3.3191832e-17
1.2742855e-10
8.7405522e-17
-4.9130747e-17
1.8838293e-10
1.2168796e-16
-6.3487495e-17
2.3656662e-10
1.4406004e-16
-7.6440919e-17
2.7459712e-10
1.492044e-16
-8.7671592e-17
3.0426073e-10
1.3487225e-16
-9.6798354e-17
3.2679054e-10
1.0210932e-16
-1.0360273e-16
3.4303822e-10
5.5028407e-17
-1.0805944e-16
3.5357684e-10
1.2031531e-19
-1.1025197e-16
3.5876118e-10
-5.4819945e-17
-1.102577e-16
3.5876118e-10
-1.0198867e-16
-1.0807364e-16
3.5357684e-10
-1.3487227e-16
-1.0361873e-16
3.4303822e-10
-1.4932931e-16
-9.6811663e-17
3.2679054e-10
-1.442888e-16
-8.7681486e-17
3.0426073e-10
-1.2197933e-16
-7.644521e-17
2.7459712e-10
-8.7700791e-17
-6.3475488e-17
2.3656662e-10
-4.9252855e-17
-4.9088739e-17
1.8838293e-10
-1.6225647e-17
-3.3122701e-17
1.2742855e-10
-1.3624236e-17
4.9849592e-11
1.1441564e-17
-5.2544306e-18
3.5939388e-11
3.3081076e-17
-1.1500938e-17
8.8069309e-11
5.7291857e-17
-1.6146246e-17
1.2742855e-10
7.8172383e-17
-2.0289126e-17
1.5787103e-10
9.1151329e-17
-2.4006971e-17
1.8160893e-10
9.3306577e-17
-2.7207616e-17
1.9999483e-10
8.3599054e-17
-2.9773352e-17
2.1390038e-10
6.2899384e-17
-3.1650123e-17
2.2390276e-10
3.377946e-17
-3.285534e-17
2.3038053e-10
9.1223465e-20
-3.3441315e-17
2.3356456e-10
-3.3623955e-17
-3.3448825e-17
2.3356456e-10
-6.2817896e-17
-3.2877056e-17
2.3038053e-10
-8.3621142e-17
-3.1684644e-17
2.2390276e-10
-9.3435894e-17
-2.981897e-17
2.1390038e-10
-9.136502e-17
-2.7260747e-17
1.9999483e-10
-7.8425816e-17
-2.4058024e-17
1.8160893e-10
-5.7528859e-17
-2.032092e-17
1.5787103e-10
-3.3256013e-17
-1.6143163e-17
1.2742855e-10
-1.1537914e-17
-1.1462883e-17
8.8069309e-11
-5.198228e-18
3.5939388e-11
5.2186503e-18
1.6236688e-11
1.3622212e-17
3.5939388e-11
2.2463275e-17
4.9849592e-11
2.9678812e-17
6.0338669e-11
3.3808863e-17
6.8431373e-11
3.4005253e-17
7.4667918e-11
3.0070485e-17
7.937204e-11
2.24194e-17
8.2750553e-11
1.1977638e-17
8.4936613e-11
3.7268241e-20
8.6010632e-11
-1.1917456e-17
8.6010632e-11
-2.2398538e-17
8.4936613e-11
-3.0103391e-17
8.2750553e-11
-3.4090288e-17
7.937204e-11
-3.392794e-17
7.4667918e-11
-2.9802899e-17
6.8431373e-11
-2.2563247e-17
6.0338669e-11
-1.3681678e-17
4.9849592e-11
-5.2373183e-18
3.5939388e-11
1.6236688e-11
2.4985734e-18
2.5243766e-18
1.6236683e-11
7.3315309e-18
5.8505817e-18
3.5939377e-11
1.2588709e-17
8.4376735e-18
4.9849579e-11
1.6867021e-17
1.0773924e-17
6.0338654e-11
1.9296536e-17
1.2867946e-17
6.8431357e-11
1.9417931e-17
1.4669598e-17
7.4667903e-11
1.7154488e-17
1.6118254e-17
7.9372026e-11
1.2771129e-17
1.7184736e-17
8.275054e-11
6.8108077e-18
1.7874357e-17
8.4936601e-11
1.3408984e-20
1.8209145e-17
8.6010621e-11
-6.7791382e-18
1.8204647e-17
8.6010621e-11
-1.2726619e-17
1.7855483e-17
8.4936601e-11
-1.7095367e-17
1.7138709e-17
8.275054e-11
-1.9352782e-17
1.6033722e-17
7.9372026e-11
-1.9243958e-17
1.4547349e-17
7.4667903e-11
-1.6847409e-17
1.272695e-17
6.8431357e-11
-1.2612541e-17
1.064684e-17
6.0338654e-11
-7.390016e-18
8.356596e-18
4.9849579e-11
-2.5622948e-18
5.8329979e-18
3.5939377e-11
2.5576602e-18
1.6236683e-11
5.8028863e-18
7.3624736e-18
3.5939377e-11
1.8023221e-17
1.8097988e-17
8.8069284e-11
3.1944676e-17
2.6947562e-17
1.2742852e-10
4.3891181e-17
3.4925131e-17
1.57871e-10
5.1242006e-17
4.2112414e-17
1.8160889e-10
5.2416764e-17
4.834233e-17
1.9999479e-10
4.6904409e-17
5.3413895e-17
2.1390035e-10
3.5242823e-17
5.7207488e-17
2.2390273e-10
1.8894618e-17
5.9702519e-17
2.3038051e-10
1.6522141e-20
6.0935726e-17
2.3356454e-10
-1.886062e-17
6.0941649e-17
2.3356454e-10
-3.5203676e-17
5.9711954e-17
2.3038051e-10
-4.6853779e-17
5.7198266e-17
2.2390273e-10
-5.2352217e-17
5.3358654e-17
2.1390035e-10
-5.1172947e-17
4.8223667e-17
1.9999479e-10
-4.3838568e-17
4.1938409e-17
1.8160889e-10
-3.1930549e-17
3.4733574e-17
1.57871e-10
-1.8051102e-17
2.6792725e-17
1.2742852e-10
-5.842984e-18
1.8024112e-17
8.8069284e-11
7.3746939e-18
3.5939377e-11
8.3864872e-18
1.2617278e-17
4.9849579e-11
2.6854057e-17
3.2034086e-17
1.2742852e-10
4.8567593e-17
4.8695543e-17
1.8838288e-10
6.7835751e-17
6.3942495e-17
2.3656658e-10
8.0293265e-17
7.7834444e-17
2.7459707e-10
8.307039e-17
9.0007546e-17
3.0426069e-10
7.5002859e-17
1.0003865e-16
3.2679051e-10
5.6723456e-17
1.0763949e-16
3.4303819e-10
3.0533618e-17
1.1269753e-16
3.5357681e-10
2.8785558e-20
1.1521811e-16
3.5876116e-10
-3.0485291e-17
1.1523358e-16
3.5876116e-10
-5.669649e-17
1.1273749e-16
3.5357681e-10
-7.4995329e-17
1.0768329e-16
3.4303819e-10
-8.3067673e-17
1.000519e-16
3.2679051e-10
-8.0278585e-17
8.9953288e-17
3.0426069e-10
-6.780338e-17
7.7694548e-17
2.7459707e-10
-4.8528397e-17
6.3737319e-17
2.3656658e-10
-2.6824922e-17
4.8484865e-17
1.8838288e-10
-8.371468e-18
3.1891373e-17
1.2742852e-10
1.2588995e-17
4.9849579e-11
1.0733812e-17
1.6894953e-17
6.0338654e-11
3.4835452e-17
4.3988135e-17
1.57871e-10
6.3801852e-17
6.7984357e-17
2.3656658e-10
9.0160677e-17
9.0335714e-17
2.9987401e-10
1.0783271e-16
1.1097054e-16
3.5041078e-10
1.1255295e-16
1.2926361e-16
3.9011903e-10
1.0234535e-16
1.4451088e-16
4.2042146e-10
7.7806018e-17
1.5619168e-16
4.4234137e-10
4.2019701e-17
1.6403663e-16
4.5658605e-10
5.0983212e-20
1.6796624e-16
4.6360078e-10
-4.1936132e-17
1.6798085e-16
4.6360078e-10
-7.777098e-17
1.6407942e-16
4.5658605e-10
-1.0237057e-16
1.5625405e-16
4.4234137e-10
-1.1262313e-16
1.4456799e-16
4.2042146e-10
-1.0790874e-16
1.292747e-16
3.9011903e-10
-9.0198293e-17
1.1089664e-16
3.5041078e-10
-6.3778775e-17
9.0168775e-17
2.9987401e-10
-3.4766854e-17
6.7766754e-17
2.3656658e-10
-1.0666108e-17
4.3802126e-17
1.57871e-10
1.682466e-17
6.0338654e-11
1.2842903e-17
1.9327458e-17
6.8431357e-11
4.2037287e-17
5.1341443e-17
1.8160889e-10
7.7697999e-17
8.0446616e-17
2.7459707e-10
1.1078893e-16
1.080176e-16
3.5041078e-10
1.3360374e-16
1.3380107e-16
4.1151166e-10
1.4045467e-16
1.5691304e-16
4.5984187e-10
1.2846037e-16
1.7637543e-16
4.9689358e-10
9.8077312e-17
1.9142577e-16
5.2377843e-10
5.3107992e-17
2.016112e-16
5.4128391e-10
7.259392e-20
2.0673434e-16
5.4991379e-10
-5.298425e-17
2.0674058e-16
5.4991379e-10
-9.8015596e-17
2.0163307e-16
5.4128391e-10
-1.2848886e-16
1.9146737e-16
5.2377843e-10
-1.4057164e-16
1.7642948e-16
4.9689358e-10
-1.3376504e-16
1.5695233e-16
4.5984187e-10
-1.109197e-16
1.3378466e-16
4.1151166e-10
-7.7733867e-17
1.0791533e-16
3.5041078e-10
-4.1972205e-17
8.0270239e-17
2.7459707e-10
-1.2749664e-17
5.1156082e-17
1.8160889e-10
1.9230872e-17
6.8431357e-11
1.4654851e-17
1.9453585e-17
7.4667903e-11
4.82804e-17
5.2514396e-17
1.9999479e-10
8.9880332e-17
8.3215172e-17
3.0426069e-10
1.290855e-16
1.1272618e-16
3.9011903e-10
1.5671501e-16
1.4064074e-16
4.5984187e-10
1.6571939e-16
1.6590785e-16
5.1530188e-10
1.5229305e-16
1.8737249e-16
5.5799121e-10
1.1668213e-16
2.0410102e-16
5.8905355e-10
6.331631e-17
2.1549416e-16
6.0931604e-10
8.4658931e-20
2.2124688e-16
6.1931534e-10
-6.3166168e-17
2.212469e-16
6.1931534e-10
-1.1659221e-16
2.1549713e-16
6.0931604e-10
-1.5230327e-16
2.04114e-16
5.8905355e-10
-1.6584685e-16
1.8740013e-16
5.5799121e-10
-1.5692732e-16
1.6594251e-16
5.1530188e-10
-1.2929782e-16
1.4065604e-16
4.5984187e-10
-8.9995551e-17
1.1268691e-16
3.9011903e-10
-4.8260394e-17
8.3106325e-17
3.0426069e-10
-1.457281e-17
5.236889e-17
1.9999479e-10
1.9355613e-17
7.4667903e-11
1.6104824e-17
1.7194193e-17
7.9372026e-11
5.3356608e-17
4.6997561e-17
2.1390035e-10
9.9917574e-17
7.5131324e-17
3.2679051e-10
1.4433877e-16
1.024934e-16
4.2042146e-10
1.7618244e-16
1.2861697e-16
4.9689358e-10
1.8718793e-16
1.52451e-16
5.5799121e-10
1.7268697e-16
1.7284136e-16
6.0517452e-10
1.3268358e-16
1.888312e-16
6.3958717e-10
7.2121165e-17
1.9977657e-16
6.6207002e-10
8.8649351e-20
2.0532337e-16
6.7317489e-10
-7.1960225e-17
2.0532516e-16
6.7317489e-10
-1.325762e-16
1.9978114e-16
6.6207002e-10
-1.72676e-16
1.8883887e-16
6.3958717e-10
-1.8730269e-16
1.7285715e-16
6.0517452e-10
-1.7640834e-16
1.5247976e-16
5.5799121e-10
-1.4460024e-16
1.2865073e-16
4.9689358e-10
-1.0010504e-16
1.025062e-16
4.2042146e-10
-5.3403334e-17
7.5095345e-17
3.2679051e-10
-1.6062387e-17
4.6914821e-17
2.1390035e-10
1.711804e-17
7.9372026e-11
1.7163665e-17
1.2812972e-17
8.275054e-11
5.7143499e-17
3.5332324e-17
2.2390273e-10
1.0751667e-16
5.6836733e-17
3.4303819e-10
1.5602296e-16
7.7926882e-17
4.4234137e-10
1.9123897e-16
9.8198259e-17
5.2377843e-10
2.0392314e-16
1.1680041e-16
5.8905355e-10
1.8868313e-16
1.3279714e-16
6.3958717e-10
1.4529152e-16
1.4539881e-16
6.7650926e-10
7.9079143e-17
1.5405837e-16
7.0066069e-10
9.304685e-20
1.5846185e-16
7.1259798e-10
-7.8909783e-17
1.5847127e-16
7.1259798e-10
-1.4517493e-16
1.5408191e-16
7.0066069e-10
-1.8865825e-16
1.4542771e-16
6.7650926e-10
-2.0402058e-16
1.3282911e-16
6.3958717e-10
-1.9145658e-16
1.1684175e-16
5.8905355e-10
-1.5630283e-16
9.8252614e-17
5.2377843e-10
-1.0775536e-16
7.7981509e-17
4.4234137e-10
-5.725761e-17
5.6864618e-17
3.4303819e-10
-1.7172887e-17
3.5316073e-17
2.2390273e-10
1.2771713e-17
8.275054e-11
1.7839658e-17
6.8543557e-18
8.4936601e-11
5.9621307e-17
1.8987631e-17
2.3038051e-10
1.125625e-16
3.0644397e-17
3.5357681e-10
1.6386445e-16
4.2126663e-17
4.5658605e-10
2.01428e-16
5.3203149e-17
5.4128391e-10
2.1532265e-16
6.3400775e-17
6.0931604e-10
1.9963493e-16
7.2197699e-17
6.6207002e-10
1.5395712e-16
7.9148836e-17
7.0066069e-10
8.3876521e-17
8.3940369e-17
7.259242e-10
1.0447506e-19
8.6387151e-17
7.3841706e-10
-8.3688562e-17
8.640379e-17
7.3841706e-10
-1.5382982e-16
8.3983614e-17
7.259242e-10
-1.9960202e-16
7.9204337e-17
7.0066069e-10
-2.1540808e-16
7.2255555e-17
6.6207002e-10
-2.0163287e-16
6.3462459e-17
6.0931604e-10
-1.6414638e-16
5.3275825e-17
5.4128391e-10
-1.1283253e-16
4.2208412e-17
4.5658605e-10
-5.9791127e-17
3.0715933e-17
3.5357681e-10
-1.7898343e-17
1.9023798e-17
2.3038051e-10
6.8472479e-18
8.4936601e-11
1.8159478e-17
5.9753601e-20
8.6010621e-11
6.0830481e-17
1.2419721e-19
2.3356454e-10
1.1506019e-16
1.5802049e-19
3.5876116e-10
1.6778e-16
1.7030469e-19
4.6360078e-10
2.0654774e-16
1.6761244e-19
5.4991379e-10
2.2107861e-16
1.5665379e-19
6.1931534e-10
2.0518654e-16
1.4555143e-19
6.7317489e-10
1.5836472e-16
1.4134005e-19
7.1259798e-10
8.6326855e-17
1.4753831e-19
7.3841706e-10
1.2238122e-19
1.6284505e-19
7.511877e-10
-8.6109e-17
1.8172063e-19
7.511877e-10
-1.5822061e-16
1.9720425e-19
7.3841706e-10
-2.0514684e-16
2.0582647e-19
7.1259798e-10
-2.2115855e-16
2.1090365e-19
6.7317489e-10
-2.0674451e-16
2.2057485e-19
6.1931534e-10
-1.6805934e-16
2.3850794e-19
5.4991379e-10
-1.1534731e-16
2.5439179e-19
4.6360078e-10
-6.1040012e-17
2.4453705e-19
3.5876116e-10
-1.825706e-17
1.8690456e-19
2.3356454e-10
7.4801243e-20
8.6010621e-11
1.8144136e-17
-6.728339e-18
8.6010621e-11
6.0812278e-17
-1.872916e-17
2.3356454e-10
1.1504558e-16
-3.0318442e-17
3.5876116e-10
1.6776855e-16
-4.1776104e-17
4.6360078e-10
2.065388e-16
-5.2856807e-17
5.4991379e-10
2.2107426e-16
-6.3075697e-17
6.1931534e-10
2.0518953e-16
-7.1896539e-17
6.7317489e-10
1.5837613e-16
-7.8860054e-17
7.1259798e-10
8.6344434e-17
-8.3644155e-17
7.3841706e-10
1.4101793e-19
-8.606546e-17
7.511877e-10
-8.6095317e-17
-8.6049651e-17
7.511877e-10
-1.5821478e-16
-8.3603551e-17
7.3841706e-10
-2.0514582e-16
-7.8810786e-17
7.1259798e-10
-2.2115453e-16
-7.1852927e-17
6.7317489e-10
-2.0673202e-16
-6.3039462e-17
6.1931534e-10
-1.6804198e-16
-5.2815872e-17
5.4991379e-10
-1.1533667e-16
-4.1717985e-17
4.6360078e-10
-6.1043749e-17
-3.0248183e-17
3.5876116e-10
-1.8267106e-17
-1.8671741e-17
2.3356454e-10
-6.7104465e-18
8.6010621e-11
1.7792015e-17
-1.2670508e-17
8.4936601e-11
5.9565707e-17
-3.5047876e-17
2.3038051e-10
1.1251946e-16
-5.6486797e-17
3.5357681e-10
1.6383185e-16
-7.7555647e-17
4.5658605e-10
2.0140183e-16
-9.7831226e-17
5.4128391e-10
2.1530734e-16
-1.1645401e-16
6.0931604e-10
1.9963913e-16
-1.3247813e-16
6.6207002e-10
1.5398537e-16
-1.4510062e-16
7.0066069e-10
8.3923317e-17
-1.537643e-16
7.259242e-10
1.5434701e-19
-1.5815514e-16
7.3841706e-10
-8.3653303e-17
-1.5814483e-16
7.3841706e-10
-1.5381677e-16
-1.5374025e-16
7.259242e-10
-1.9960035e-16
-1.4507831e-16
7.0066069e-10
-2.1539454e-16
-1.3247005e-16
6.6207002e-10
-2.0159263e-16
-1.1645869e-16
6.0931604e-10
-1.6409263e-16
-9.7833089e-17
5.4128391e-10
-1.1280065e-16
-7.7540346e-17
4.5658605e-10
-5.9802988e-17
-5.6458089e-17
3.5357681e-10
-1.7928723e-17
-3.5026397e-17
2.3038051e-10
-1.2670774e-17
8.4936601e-11
1.7079545e-17
-1.7033607e-17
8.275054e-11
5.7045944e-17
-4.6682365e-17
2.2390273e-10
1.0744336e-16
-7.4756266e-17
3.4303819e-10
1.5597035e-16
-1.0210913e-16
4.4234137e-10
1.9119556e-16
-1.2824524e-16
5.2377843e-10
2.0389139e-16
-1.5210282e-16
5.8905355e-10
1.8867753e-16
-1.7252265e-16
6.3958717e-10
1.4532269e-16
-1.8853951e-16
6.7650926e-10
7.9140393e-17
-1.995002e-16
7.0066069e-10
1.5989174e-19
-2.0504817e-16
7.1259798e-10
-7.8864991e-17
-2.0504258e-16
7.1259798e-10
-1.4516158e-16
-1.9948923e-16
7.0066069e-10
-1.8865576e-16
-1.8853596e-16
6.7650926e-10
-2.039923e-16
-1.7253587e-16
6.3958717e-10
-1.9138432e-16
-1.5213026e-16
5.8905355e-10
-1.5621405e-16
-1.2827514e-16
5.2377843e-10
-1.0770752e-16
-1.0213342e-16
4.4234137e-10
-5.7281149e-17
-7.4780485e-17
3.4303819e-10
-1.7224411e-17
-4.6716824e-17
2.2390273e-10
-1.7066753e-17
8.275054e-11
1.5980161e-17
-1.9285629e-17
7.9372026e-11
5.3207641e-17
-5.217909e-17
2.1390035e-10
9.9802374e-17
-8.2825372e-17
3.2679051e-10
1.4425781e-16
-1.1234609e-16
4.2042146e-10
1.7611673e-16
-1.4029272e-16
4.9689358e-10
1.8713409e-16
-1.655938e-16
5.5799121e-10
1.7266172e-16
-1.8708996e-16
6.0517452e-10
1.3270362e-16
-2.0384598e-16
6.3958717e-10
7.2181432e-17
-2.1525875e-16
6.6207002e-10
1.5969874e-19
-2.210201e-16
6.7317489e-10
-7.1911587e-17
-2.2101669e-16
6.7317489e-10
-1.3255882e-16
-2.1525141e-16
6.6207002e-10
-1.7266278e-16
-2.0384139e-16
6.3958717e-10
-1.8725234e-16
-1.8709412e-16
6.0517452e-10
-1.7630828e-16
-1.656096e-16
5.5799121e-10
-1.4449264e-16
-1.4032212e-16
4.9689358e-10
-1.0005903e-16
-1.1239418e-16
4.2042146e-10
-5.3446674e-17
-8.2898151e-17
3.2679051e-10
-1.6135102e-17
-5.2269311e-17
2.1390035e-10
-1.9350883e-17
7.9372026e-11
1.4492463e-17
-1.9172387e-17
7.4667903e-11
4.8072385e-17
-5.1010132e-17
1.9999479e-10
8.9703416e-17
-8.0058583e-17
3.0426069e-10
1.2895413e-16
-1.0765301e-16
3.9011903e-10
1.5661202e-16
-1.3349122e-16
4.5984187e-10
1.6563598e-16
-1.5665541e-16
5.1530188e-10
1.5224305e-16
-1.7615632e-16
5.5799121e-10
1.1668429e-16
-1.9123324e-16
5.8905355e-10
6.336834e-17
-2.0143648e-16
6.0931604e-10
1.5835019e-19
-2.0656688e-16
6.1931534e-10
-6.3104092e-17
-2.0656421e-16
6.1931534e-10
-1.1655147e-16
-2.0142756e-16
6.0931604e-10
-1.5226096e-16
-1.9121716e-16
5.8905355e-10
-1.657716e-16
-1.7613696e-16
5.5799121e-10
-1.5681912e-16
-1.5664513e-16
5.1530188e-10
-1.2920464e-16
-1.3350882e-16
4.5984187e-10
-8.9978142e-17
-1.0771432e-16
3.9011903e-10
-4.8330012e-17
-8.0163697e-17
3.0426069e-10
-1.4661692e-17
-5.1132791e-17
1.9999479e-10
-1.9250822e-17
7.4667903e-11
1.2658796e-17
-1.6774193e-17
6.8431357e-11
4.1776507e-17
-4.3692203e-17
1.8160889e-10
7.7445098e-17
-6.7618719e-17
2.7459707e-10
1.1058002e-16
-8.9988856e-17
3.5041078e-10
1.3343826e-16
-1.10689e-16
4.1151166e-10
1.4032739e-16
-1.2905192e-16
4.5984187e-10
1.283812e-16
-1.4435116e-16
4.9689358e-10
9.8061741e-17
-1.5606375e-16
5.2377843e-10
5.3155413e-17
-1.6392608e-16
5.4128391e-10
1.5947011e-19
-1.6785996e-16
5.4991379e-10
-5.2889025e-17
-1.678609e-16
5.4991379e-10
-9.7928156e-17
-1.6392478e-16
5.4128391e-10
-1.2840404e-16
-1.560535e-16
5.2377843e-10
-1.4048011e-16
-1.4433415e-16
4.9689358e-10
-1.3367833e-16
-1.290457e-16
4.5984187e-10
-1.1087444e-16
-1.1071861e-16
4.1151166e-10
-7.7761286e-17
-9.006792e-17
3.5041078e-10
-4.2060606e-17
-6.7735206e-17
2.7459707e-10
-1.2839668e-17
-4.3809534e-17
1.8160889e-10
-1.6836694e-17
6.8431357e-11
1.0556763e-17
-1.254413e-17
6.0338654e-11
3.45508e-17
-3.1804376e-17
1.57871e-10
6.3482812e-17
-4.8380676e-17
2.3656658e-10
8.9862181e-17
-6.362251e-17
2.9987401e-10
1.0758199e-16
-7.7566743e-17
3.5041078e-10
1.1236205e-16
-8.9812372e-17
3.9011903e-10
1.0222706e-16
-9.9906783e-17
4.2042146e-10
7.7771747e-17
-1.0755084e-16
4.4234137e-10
4.2067726e-17
-1.1263404e-16
4.5658605e-10
1.6025539e-19
-1.1516504e-16
4.6360078e-10
-4.1797449e-17
-1.1517559e-16
4.6360078e-10
-7.76318e-17
-1.1266029e-16
4.5658605e-10
-1.022497e-16
-1.0758315e-16
4.4234137e-10
-1.1253331e-16
-9.9943379e-17
4.2042146e-10
-1.0786323e-16
-8.9864089e-17
3.9011903e-10
-9.0207261e-17
-7.7646357e-17
3.5041078e-10
-6.3836068e-17
-6.3727451e-17
2.9987401e-10
-3.4845313e-17
-4.8487292e-17
2.3656658e-10
-1.0732976e-17
-3.1881632e-17
1.57871e-10
-1.2567252e-17
6.0338654e-11
8.2483282e-18
-7.3371928e-18
4.9849579e-11
2.6592863e-17
-1.7954152e-17
1.2742852e-10
4.822693e-17
-2.6717471e-17
1.8838288e-10
6.7475066e-17
-3.4664316e-17
2.3656658e-10
7.9964717e-17
-4.1874308e-17
2.7459707e-10
8.2810927e-17
-4.8158513e-17
3.0426069e-10
7.4837343e-17
-5.3290059e-17
3.2679051e-10
5.6663947e-17
-5.7133636e-17
3.4303819e-10
3.0575793e-17
-5.9664758e-17
3.5357681e-10
1.4976496e-19
-6.0922377e-17
3.5876116e-10
-3.0321944e-17
-6.0943641e-17
3.5876116e-10
-5.65323e-17
-5.972401e-17
3.5357681e-10
-7.48663e-17
-5.7220966e-17
3.4303819e-10
-8.2995917e-17
-5.3397977e-17
3.2679051e-10
-8.0266906e-17
-4.8282852e-17
3.0426069e-10
-6.7834303e-17
-4.2006917e-17
2.7459707e-10
-4.8570998e-17
-3.4784772e-17
2.3656658e-10
-2.6855052e-17
-2.67989e-17
1.8838288e-10
-8.3927124e-18
-1.7982009e-17
1.2742852e-10
-7.3205836e-18
4.9849579e-11
5.7282017e-18
-2.5332123e-18
3.5939377e-11
1.7837483e-17
-5.7894811e-18
8.8069284e-11
3.1658454e-17
-8.3166898e-18
1.2742852e-10
4.3550393e-17
-1.0622772e-17
1.57871e-10
5.0904571e-17
-1.2720117e-17
1.8160889e-10
5.2134418e-17
-1.4550869e-17
1.9999479e-10
4.6713739e-17
-1.6039777e-17
2.1390035e-10
3.5159972e-17
-1.7145409e-17
2.2390273e-10
1.8914582e-17
-1.7867718e-17
2.3038051e-10
1.1515125e-19
-1.8229131e-17
2.3356454e-10
-1.8721312e-17
-1.8247937e-17
2.3356454e-10
-3.5066844e-17
-1.7921982e-17
2.3038051e-10
-4.6754931e-17
-1.7229832e-17
2.2390273e-10
-5.2306294e-17
-1.614766e-17
2.1390035e-10
-5.1168698e-17
-1.4672772e-17
1.9999479e-10
-4.3845538e-17
-1.2840238e-17
1.8160889e-10
-3.1918543e-17
-1.0718917e-17
1.57871e-10
-1.8015332e-17
-8.3689139e-18
1.2742852e-10
-5.8145661e-18
-5.7938844e-18
8.8069284e-11
-2.5066248e-18
3.5939377e-11
2.4972058e-18
1.6236683e-11
7.2688129e-18
3.5939377e-11
1.2457426e-17
4.9849579e-11
1.6685922e-17
6.0338654e-11
1.9098854e-17
6.8431357e-11
1.9239677e-17
7.4667903e-11
1.7024112e-17
7.9372026e-11
1.2702308e-17
8.275054e-11
6.8012009e-18
8.4936601e-11
4.7700449e-20
8.6010621e-11
-6.7241979e-18
8.6010621e-11
-1.2674878e-17
8.4936601e-11
-1.7061908e-17
8.275054e-11
-1.9337049e-17
7.9372026e-11
-1.9230596e-17
7.4667903e-11
-1.6817048e-17
6.8431357e-11
-1.2556646e-17
6.0338654e-11
-7.3223506e-18
4.9849579e-11
-2.5138985e-18
3.5939377e-11
1.6236683e-11
1.5745253e-18
1.5569392e-18
1.6236679e-11
4.1664512e-18
3.432753e-18
3.5939371e-11
6.8987716e-18
4.8176153e-18
4.9849571e-11
9.1044572e-18
6.0455895e-18
6.0338646e-11
1.033934e-17
7.1465246e-18
6.8431349e-11
1.0362717e-17
8.0963588e-18
7.4667895e-11
9.1321559e-18
8.8596027e-18
7.9372019e-11
6.7869819e-18
9.4154189e-18
8.2750533e-11
3.6156245e-18
9.7624558e-18
8.4936595e-11
1.0267202e-20
9.911669e-18
8.6010614e-11
-3.5848367e-18
9.8761838e-18
8.6010614e-11
-6.7293526e-18
9.662644e-18
8.4936595e-11
-9.0411197e-18
9.2698011e-18
8.2750533e-11
-1.0245061e-17
8.6946495e-18
7.9372019e-11
-1.021281e-17
7.9415912e-18
7.4667895e-11
-8.9922184e-18
7.0278853e-18
6.8431349e-11
-6.8233783e-18
5.9781315e-18
6.0338646e-11
-4.1390047e-18
4.7994653e-18
4.9849571e-11
-1.5784457e-18
3.4470051e-18
3.5939371e-11
1.5777991e-18
1.6236679e-11
3.4654967e-18
4.1253529e-18
3.5939371e-11
1.0065343e-17
9.9900324e-18
8.8069271e-11
1.7454099e-17
1.4755032e-17
1.274285e-10
2.3782658e-17
1.9024437e-17
1.5787098e-10
2.7664546e-17
2.2864514e-17
1.8160887e-10
2.8244832e-17
2.619101e-17
1.9999477e-10
2.523931e-17
2.889633e-17
2.1390033e-10
1.8934556e-17
3.0913608e-17
2.2390272e-10
1.0122856e-17
3.2227605e-17
2.3038049e-10
-2.7195621e-20
3.2855976e-17
2.3356453e-10
-1.0149541e-17
3.2820933e-17
2.3356453e-10
-1.8886554e-17
3.212724e-17
2.3038049e-10
-2.5092166e-17
3.0760934e-17
2.2390272e-10
-2.8005781e-17
2.870891e-17
2.1390033e-10
-2.7372398e-17
2.5990363e-17
1.9999477e-10
-2.3498573e-17
2.2676612e-17
1.8160887e-10
-1.7244584e-17
1.887614e-17
1.5787098e-10
-9.9676571e-18
1.4664835e-17
1.274285e-10
-3.4494938e-18
9.959404e-18
8.8069271e-11
4.134968e-18
3.5939371e-11
4.8545452e-18
6.8434848e-18
4.9849571e-11
1.4837575e-17
1.7352797e-17
1.274285e-10
2.6469625e-17
2.6360077e-17
1.8838286e-10
3.68039e-17
3.4584132e-17
2.3656655e-10
4.3490772e-17
4.2061174e-17
2.7459704e-10
4.4960749e-17
4.8602385e-17
3.0426066e-10
4.0565866e-17
5.3987827e-17
3.2679048e-10
3.0642587e-17
5.8067156e-17
3.4303817e-10
1.6445657e-17
6.0779159e-17
3.535768e-10
-6.1858066e-20
6.2122698e-17
3.5876114e-10
-1.6535448e-17
6.2112451e-17
3.5876114e-10
-3.0640079e-17
6.0746528e-17
3.535768e-10
-4.0438302e-17
5.8005354e-17
3.4303817e-10
-4.4709642e-17
5.3884868e-17
3.2679048e-10
-4.3153048e-17
4.8448484e-17
3.0426066e-10
-3.6447585e-17
4.1861611e-17
2.7459704e-10
-2.6179472e-17
3.4367427e-17
2.3656655e-10
-1.4673999e-17
2.6171669e-17
1.8838286e-10
-4.8028483e-18
1.7235806e-17
1.274285e-10
6.8176721e-18
4.9849571e-11
6.0801623e-18
9.0474574e-18
6.0338646e-11
1.9100746e-17
2.3680877e-17
1.5787098e-10
3.4684181e-17
3.6699057e-17
2.3656655e-10
4.8905097e-17
4.8815694e-17
2.9987399e-10
5.8465529e-17
5.9975428e-17
3.5041075e-10
6.1024177e-17
6.9847167e-17
3.9011901e-10
5.5481599e-17
7.8065363e-17
4.2042144e-10
4.2148557e-17
8.4363463e-17
4.4234135e-10
2.270683e-17
8.8602535e-17
4.5658604e-10
-7.2947755e-20
9.0736001e-17
4.6360077e-10
-2.2822416e-17
9.0754758e-17
4.6360077e-10
-4.2182586e-17
8.8649734e-17
4.5658604e-10
-5.5405422e-17
8.4412536e-17
4.4234135e-10
-6.0833866e-17
7.8077377e-17
4.2042144e-10
-5.8179957e-17
6.9783965e-17
3.9011901e-10
-4.856923e-17
5.9819551e-17
3.5041075e-10
-3.4371254e-17
4.8586783e-17
2.9987399e-10
-1.8883776e-17
3.6455527e-17
2.3656655e-10
-5.982037e-18
2.3499658e-17
1.5787098e-10
8.9896338e-18
6.0338646e-11
7.1772132e-18
1.0291991e-17
6.8431349e-11
2.2932139e-17
2.7586392e-17
1.8160887e-10
4.2149037e-17
4.341984e-17
2.7459704e-10
6.0047566e-17
5.8418022e-17
3.5041075e-10
7.2434047e-17
7.2409948e-17
4.1151164e-10
7.6184328e-17
8.4920173e-17
4.5984186e-10
6.9698745e-17
9.5436406e-17
4.9689357e-10
5.3203273e-17
1.0356803e-16
5.2377843e-10
2.8763836e-17
1.0908598e-16
5.4128391e-10
-5.6117074e-20
1.1188532e-16
5.4991379e-10
-2.8856518e-17
1.1192517e-16
5.4991379e-10
-5.3245136e-17
1.0919048e-16
5.4128391e-10
-6.967368e-17
1.0369696e-16
5.2377843e-10
-7.6085138e-17
9.5537389e-17
4.9689357e-10
-7.2255176e-17
8.4944718e-17
4.5984186e-10
-5.9795269e-17
7.2329511e-17
4.1151164e-10
-4.1863105e-17
5.8238716e-17
3.5041075e-10
-2.2683355e-17
4.3191892e-17
2.7459704e-10
-7.0329083e-18
2.739325e-17
1.8160887e-10
1.0217673e-17
6.8431349e-11
8.1246831e-18
1.0334206e-17
7.4667895e-11
2.6253026e-17
2.8209157e-17
1.9999477e-10
4.868298e-17
4.4945856e-17
3.0426066e-10
6.9908759e-17
6.1039668e-17
3.9011901e-10
8.4929026e-17
7.6228228e-17
4.5984186e-10
8.9875228e-17
8.9939228e-17
5.1530187e-10
8.2642238e-17
1.0155935e-16
5.5799122e-10
6.333412e-17
1.1060503e-16
5.8905356e-10
3.4346964e-17
1.1677491e-16
6.0931606e-10
-1.8426763e-20
1.1991619e-16
6.1931537e-10
-3.4380089e-17
1.1996272e-16
6.1931537e-10
-6.3358801e-17
1.1689709e-16
6.0931606e-10
-8.2655227e-17
1.1076009e-16
5.8905356e-10
-8.986429e-17
1.0169858e-16
5.5799122e-10
-8.4865541e-17
9.0022378e-17
5.1530187e-10
-6.9762263e-17
7.6228686e-17
4.5984186e-10
-4.8455095e-17
6.0950347e-17
3.9011901e-10
-2.6000891e-17
4.4792315e-17
3.0426066e-10
-7.949431e-18
2.8054873e-17
1.9999477e-10
1.026092e-17
7.4667895e-11
8.8883705e-18
9.1268703e-18
7.9372019e-11
2.8957807e-17
2.5256507e-17
2.1390033e-10
5.4067101e-17
4.0618796e-17
3.2679048e-10
7.8124658e-17
5.5569951e-17
4.2042144e-10
9.5440483e-17
6.9817178e-17
4.9689357e-10
1.0148634e-16
8.2783601e-17
5.5799122e-10
9.3690983e-17
9.3845859e-17
6.0517454e-10
7.2025883e-17
1.0249835e-16
6.395872e-10
3.9157552e-17
1.0841526e-16
6.6207006e-10
2.6627201e-20
1.1142694e-16
6.7317493e-10
-3.9118276e-17
1.114619e-16
6.7317493e-10
-7.2022028e-17
1.0850862e-16
6.6207006e-10
-9.3726322e-17
1.0262319e-16
6.395872e-10
-1.0153969e-16
9.397522e-17
6.0517454e-10
-9.5466609e-17
8.289656e-17
5.5799122e-10
-7.8070929e-17
6.9893238e-17
4.9689357e-10
-5.3907795e-17
5.5588096e-17
4.2042144e-10
-2.8730787e-17
4.0573384e-17
3.2679048e-10
-8.7080588e-18
2.5176219e-17
2.1390033e-10
9.0712909e-18
7.9372019e-11
9.4489674e-18
6.8023902e-18
8.2750533e-11
3.098013e-17
1.90023e-17
2.2390272e-10
5.8149726e-17
3.0761025e-17
3.4303817e-10
8.4426087e-17
4.2305398e-17
4.4234135e-10
1.0357575e-16
5.3387899e-17
5.2377843e-10
1.1053353e-16
6.3540558e-17
5.8905356e-10
1.0234041e-16
7.2248303e-17
6.395872e-10
7.8850365e-17
7.9080785e-17
6.765093e-10
4.2940359e-17
8.3753817e-17
7.0066075e-10
6.1243552e-20
8.612126e-17
7.1259805e-10
-4.2843666e-17
8.6130003e-17
7.1259805e-10
-7.8817256e-17
8.3782409e-17
7.0066075e-10
-1.0237581e-16
7.9136168e-17
6.765093e-10
-1.1060989e-16
7.2338691e-17
6.395872e-10
-1.0364445e-16
6.3666015e-17
5.8905356e-10
-8.443204e-17
5.3529562e-17
5.2377843e-10
-5.8055042e-17
4.2426783e-17
4.4234135e-10
-3.0801977e-17
3.0828101e-17
3.4303817e-10
-9.2916195e-18
1.9008359e-17
2.2390272e-10
6.7758913e-18
8.2750533e-11
9.8059574e-18
3.6436751e-18
8.4936595e-11
3.2304495e-17
1.0227309e-17
2.3038049e-10
6.0867334e-17
1.6614133e-17
3.535768e-10
8.8669864e-17
2.2915004e-17
4.5658604e-10
1.0910127e-16
2.8993658e-17
5.4128391e-10
1.1671224e-16
3.4592077e-17
6.0931606e-10
1.0826329e-16
3.9416441e-17
6.6207006e-10
8.3523894e-17
4.3209831e-17
7.0066075e-10
4.5522402e-17
4.5796862e-17
7.2592427e-10
7.0444184e-20
4.7091071e-17
7.3841714e-10
-4.5405314e-17
4.7072159e-17
7.3841714e-10
-8.346469e-17
4.5757831e-17
7.2592427e-10
-1.0826655e-16
4.3192932e-17
7.0066075e-10
-1.167584e-16
3.9462958e-17
6.6207006e-10
-1.0915854e-16
3.4717309e-17
6.0931606e-10
-8.86984e-17
2.917673e-17
5.4128391e-10
-6.0827492e-17
2.3108078e-17
4.5658604e-10
-3.2191665e-17
1.6765371e-17
3.535768e-10
-9.6942094e-18
1.0304725e-17
2.3038049e-10
3.6469523e-18
8.4936595e-11
9.9700022e-18
4.0578545e-20
8.6010614e-11
3.2947154e-17
9.2444934e-20
2.3356453e-10
6.2215634e-17
1.3115596e-19
3.5876114e-10
9.0804129e-17
1.6068616e-19
4.6360077e-10
1.1190546e-16
1.913919e-19
5.4991379e-10
1.1986368e-16
2.3274295e-19
6.1931537e-10
1.1128599e-16
2.8260023e-19
6.7317493e-10
8.5898561e-17
3.2523539e-19
7.1259805e-10
4.6817744e-17
3.4244382e-19
7.3841714e-10
5.1991602e-20
3.2889628e-19
7.5118779e-10
-4.6720036e-17
2.9814128e-19
7.5118779e-10
-8.5817001e-17
2.7374834e-19
7.3841714e-10
-1.1122666e-16
2.7401952e-19
7.1259805e-10
-1.198333e-16
3.0132219e-19
6.7317493e-10
-1.1190803e-16
3.4184402e-19
6.1931537e-10
-9.0825674e-17
3.7234869e-19
5.4991379e-10
-6.2219325e-17
3.6794018e-19
4.6360077e-10
-3.2905817e-17
3.1112508e-19
3.5876114e-10
-9.915631e-18
2.0235254e-19
2.3356453e-10
6.2158489e-20
8.6010614e-11
9.9515101e-18
-3.5623985e-18
8.6010614e-11
3.2926998e-17
-1.0040029e-17
2.3356453e-10
6.2206785e-17
-1.6349562e-17
3.5876114e-10
9.0815682e-17
-2.2594314e-17
4.6360077e-10
1.1194048e-16
-2.8620136e-17
5.4991379e-10
1.1991349e-16
-3.4153058e-17
6.1931537e-10
1.1133054e-16
-3.8900714e-17
6.7317493e-10
8.5917525e-17
-4.262759e-17
7.1259805e-10
4.6805057e-17
-4.518326e-17
7.3841714e-10
2.1083216e-20
-4.6489275e-17
7.5118779e-10
-4.6745366e-17
-4.650784e-17
7.5118779e-10
-8.5818027e-17
-4.5224106e-17
7.3841714e-10
-1.112004e-16
-4.265602e-17
7.1259805e-10
-1.1979224e-16
-3.8883538e-17
6.7317493e-10
-1.1187229e-16
-3.4075134e-17
6.1931537e-10
-9.0813943e-17
-2.8489252e-17
5.4991379e-10
-6.2240373e-17
-2.2437165e-17
4.6360077e-10
-3.2950461e-17
-1.6205245e-17
3.5876114e-10
-9.9533632e-18
-9.9474417e-18
2.3356453e-10
-3.5422363e-18
8.6010614e-11
9.7521758e-18
-6.7222329e-18
8.4936595e-11
3.2244595e-17
-1.881108e-17
2.3038049e-10
6.0838036e-17
-3.0494782e-17
3.535768e-10
8.8695027e-17
-4.1993638e-17
4.5658604e-10
1.0918757e-16
-5.3047629e-17
5.4128391e-10
1.1683718e-16
-6.317804e-17
6.0931606e-10
1.0837717e-16
-7.186459e-17
6.6207006e-10
8.3577181e-17
-7.8674805e-17
7.0066075e-10
4.5499373e-17
-8.3324206e-17
7.2592427e-10
1.7389265e-21
-8.5668858e-17
7.3841714e-10
-4.5463016e-17
-8.5658955e-17
7.3841714e-10
-8.3465025e-17
-8.329813e-17
7.2592427e-10
-1.0819973e-16
-7.8640268e-17
7.0066075e-10
-1.1665312e-16
-7.1826903e-17
6.6207007e-10
-1.0906584e-16
-6.3135364e-17
6.0931606e-10
-8.8668994e-17
-5.2993977e-17
5.4128391e-10
-6.0886905e-17
-4.1929678e-17
4.5658604e-10
-3.231552e-17
-3.0435675e-17
3.535768e-10
-9.7987906e-18
-1.8778806e-17
2.3038049e-10
-6.7231268e-18
8.4936595e-11
9.3644158e-18
-9.0524718e-18
8.2750533e-11
3.0880075e-17
-2.5067464e-17
2.2390272e-10
5.8089838e-17
-4.0361079e-17
3.4303817e-10
8.4438396e-17
-5.5286322e-17
4.4234135e-10
1.0366638e-16
-6.9539793e-17
5.2377843e-10
1.1067464e-16
-8.2534761e-17
5.8905356e-10
1.0247705e-16
-9.3633871e-17
6.395872e-10
7.8928882e-17
-1.0230871e-16
6.765093e-10
4.2940827e-17
-1.0821173e-16
7.0066075e-10
1.055147e-20
-1.1117025e-16
7.1259805e-10
-4.2889695e-17
-1.111341e-16
7.1259805e-10
-7.8807815e-17
-1.0812269e-16
7.0066075e-10
-1.0229408e-16
-1.0221165e-16
6.765093e-10
-1.1048248e-16
-9.3569586e-17
6.395872e-10
-1.0353171e-16
-8.2517538e-17
5.8905356e-10
-8.4402308e-17
-6.955815e-17
5.2377843e-10
-5.8145414e-17
-5.5321894e-17
4.4234135e-10
-3.0979121e-17
-4.0404595e-17
3.4303817e-10
-9.4396223e-18
-2.5115142e-17
2.2390272e-10
-9.0846554e-18
8.2750533e-11
8.7797573e-18
-1.0272803e-17
7.9372019e-11
2.8814955e-17
-2.8035009e-17
2.1390033e-10
5.395796e-17
-4.4712572e-17
3.2679048e-10
7.8087075e-17
-6.0803503e-17
4.2042144e-10
9.5480739e-17
-7.6033207e-17
4.9689357e-10
1.0158199e-16
-8.9813271e-17
5.5799122e-10
9.3803233e-17
-1.01508e-16
6.0517454e-10
7.2118191e-17
-1.1060273e-16
6.395872e-10
3.9210706e-17
-1.1676876e-16
6.6207007e-10
4.5953147e-20
-1.1984919e-16
6.7317493e-10
-3.9107135e-17
-1.1980385e-16
6.7317493e-10
-7.1987123e-17
-1.1665667e-16
6.6207007e-10
-9.364872e-17
-1.1048056e-16
6.395872e-10
-1.0143182e-16
-1.0143152e-16
6.0517454e-10
-9.5377631e-17
-8.9810339e-17
5.5799122e-10
-7.8066379e-17
-7.6099108e-17
4.9689357e-10
-5.4023539e-17
-6.0915016e-17
4.2042144e-10
-2.8928626e-17
-4.4842264e-17
3.2679048e-10
-8.8682542e-18
-2.8152446e-17
2.1390033e-10
-1.0331788e-17
7.9372019e-11
8.0009188e-18
-1.0249185e-17
7.4667895e-11
2.6065339e-17
-2.7440766e-17
1.9999477e-10
4.8504259e-17
-4.3223708e-17
3.0426066e-10
6.9785276e-17
-5.8234442e-17
3.9011901e-10
8.4875739e-17
-7.2289395e-17
4.5984186e-10
8.9885079e-17
-8.4889286e-17
5.1530187e-10
8.2701388e-17
-9.5493668e-17
5.5799122e-10
6.342882e-17
-1.0368341e-16
5.8905356e-10
3.4459802e-17
-1.0920967e-16
6.0931606e-10
9.1972973e-20
-1.1196594e-16
6.1931537e-10
-3.4286857e-17
-1.1193088e-16
6.1931537e-10
-6.3282111e-17
-1.0912202e-16
6.0931606e-10
-8.2584483e-17
-1.0358674e-16
5.8905356e-10
-8.979975e-17
-9.5436666e-17
5.5799122e-10
-8.483434e-17
-8.4904981e-17
5.1530187e-10
-6.9806316e-17
-7.2384369e-17
4.5984186e-10
-4.8590963e-17
-5.8389636e-17
3.9011901e-10
-2.618674e-17
-4.3402262e-17
3.0426066e-10
-8.0899932e-18
-2.7594891e-17
1.9999477e-10
-1.0319054e-17
7.4667895e-11
7.0491343e-18
-9.0233753e-18
6.8431349e-11
2.2704487e-17
-2.3572897e-17
1.8160887e-10
4.1891658e-17
-3.6545935e-17
2.7459704e-10
5.9817848e-17
-4.8674632e-17
3.5041075e-10
7.2265625e-17
-5.9896108e-17
4.1151164e-10
7.6092962e-17
-6.9855288e-17
4.5984186e-10
6.9694135e-17
-7.8158347e-17
4.9689357e-10
5.3287721e-17
-8.4516853e-17
5.2377843e-10
2.8919517e-17
-8.8782062e-17
5.4128391e-10
1.3034716e-19
-9.0908069e-17
5.4991379e-10
-2.8686171e-17
-9.0894835e-17
5.4991379e-10
-5.312164e-17
-8.8749508e-17
5.4128391e-10
-6.960436e-17
-8.4485551e-17
5.2377843e-10
-7.6067475e-17
-7.8157207e-17
4.9689357e-10
-7.2292617e-17
-6.991076e-17
4.5984186e-10
-5.9892655e-17
-6.001822e-17
4.1151164e-10
-4.2004766e-17
-4.8848108e-17
3.5041075e-10
-2.2826488e-17
-3.6733236e-17
2.7459704e-10
-7.127803e-18
-2.3725455e-17
1.8160887e-10
-9.0871069e-18
6.8431349e-11
5.9580169e-18
-6.8342839e-18
6.0338646e-11
1.8848989e-17
-1.7285529e-17
1.5787098e-10
3.4362072e-17
-2.6250938e-17
2.3656655e-10
4.8578019e-17
-3.4471481e-17
2.9987399e-10
5.8187897e-17
-4.1985307e-17
3.5041075e-10
6.083601e-17
-4.8589866e-17
3.9011901e-10
5.5411273e-17
-5.4045089e-17
4.2042144e-10
4.2206027e-17
-5.8185909e-17
4.4234135e-10
2.2872105e-17
-6.094624e-17
4.5658604e-10
1.4928444e-19
-6.2324253e-17
4.6360077e-10
-2.2607461e-17
-6.2333708e-17
4.6360077e-10
-4.2027683e-17
-6.0974139e-17
4.5658604e-10
-5.5336488e-17
-5.8233506e-17
4.4234135e-10
-6.085127e-17
-5.4119342e-17
4.2042144e-10
-5.8267022e-17
-4.8700564e-17
3.9011901e-10
-4.8694278e-17
-4.2133883e-17
3.5041075e-10
-3.4489356e-17
-3.4642526e-17
2.9987399e-10
-1.8958681e-17
-2.6414578e-17
2.3656655e-10
-6.0169403e-18
-1.7407264e-17
1.5787098e-10
-6.8816935e-18
6.0338646e-11
4.7476907e-18
-4.1274893e-18
4.9849571e-11
1.4590353e-17
-9.9622916e-18
1.274285e-10
2.6126437e-17
-1.4690535e-17
1.8838286e-10
3.6428292e-17
-1.8938134e-17
2.3656655e-10
4.3147065e-17
-2.2780756e-17
2.7459704e-10
4.4704776e-17
-2.61343e-17
3.0426066e-10
4.0437694e-17
-2.8884656e-17
3.2679048e-10
3.0656122e-17
-3.0958001e-17
3.4303817e-10
1.6580649e-17
-3.2335022e-17
3.535768e-10
1.4332165e-19
-3.3028537e-17
3.5876114e-10
-1.6326651e-17
-3.305248e-17
3.5876114e-10
-3.0487266e-17
-3.2402782e-17
3.535768e-10
-4.0375776e-17
-3.1060398e-17
3.4303817e-10
-4.4738994e-17
-2.9012352e-17
3.2679048e-10
-4.3245391e-17
-2.6279302e-17
3.0426066e-10
-3.6551662e-17
-2.2932539e-17
2.7459704e-10
-2.6240498e-17
-1.9081097e-17
2.3656655e-10
-1.4671357e-17
-1.4806916e-17
1.8838286e-10
-4.7816532e-18
-1.0037747e-17
1.274285e-10
-4.1559391e-18
4.9849571e-11
3.3860874e-18
-1.5634396e-18
3.5939371e-11
9.8665875e-18
-3.4353273e-18
8.8069271e-11
1.7164242e-17
-4.7995911e-18
1.274285e-10
2.3450735e-17
-6.0058469e-18
1.5787098e-10
2.734507e-17
-7.0934788e-18
1.8160887e-10
2.7989597e-17
-8.0455332e-18
1.9999477e-10
2.5087936e-17
-8.8287746e-18
2.1390033e-10
1.8902195e-17
-9.421495e-18
2.2390272e-10
1.0194983e-17
-9.8188014e-18
2.3038049e-10
1.0930092e-19
-1.0025986e-17
2.3356453e-10
-1.0001485e-17
-1.0047124e-17
2.3356453e-10
-1.8775048e-17
-9.8788346e-18
2.3038049e-10
-2.5045057e-17
-9.5111023e-18
2.2390272e-10
-2.8022116e-17
-8.935809e-18
2.1390033e-10
-2.7423955e-17
-8.1567592e-18
1.9999477e-10
-2.3540449e-17
-7.19594e-18
1.8160887e-10
-1.7236414e-17
-6.0883416e-18
1.5787098e-10
-9.9079244e-18
-4.8550733e-18
1.274285e-10
-3.3979303e-18
-3.4645539e-18
8.8069271e-11
-1.5787654e-18
3.5939371e-11
1.5347561e-18
1.6236679e-11
4.0730611e-18
3.5939371e-11
6.7625199e-18
4.9849571e-11
8.9449557e-18
6.0338646e-11
1.0178089e-17
6.8431349e-11
1.0222817e-17
7.4667895e-11
9.0337319e-18
7.9372019e-11
6.7400905e-18
8.2750533e-11
3.6164591e-18
8.4936595e-11
4.3587848e-20
8.6010614e-11
-3.5400335e-18
8.6010614e-11
-6.6914219e-18
8.4936595e-11
-9.0192744e-18
8.2750533e-11
-1.0236613e-17
7.9372019e-11
-1.0205921e-17
7.4667895e-11
-8.9714214e-18
6.8431349e-11
-6.7781382e-18
6.0338646e-11
-4.0780189e-18
4.9849571e-11
-1.5387332e-18
3.5939371e-11
1.6236679e-11
8.3803321e-19
7.9015505e-19
1.6236678e-11
2.3197608e-18
1.7693475e-18
3.5939368e-11
3.9172788e-18
2.5143721e-18
4.9849567e-11
5.1986251e-18
3.1962557e-18
6.0338642e-11
5.9047838e-18
3.8191879e-18
6.8431344e-11
5.9091537e-18
4.3605512e-18
7.4667891e-11
5.1974171e-18
4.792782e-18
7.9372015e-11
3.855373e-18
5.099283e-18
8.2750529e-11
2.0505616e-18
5.2770699e-18
8.4936591e-11
6.0112223e-21
5.3342978e-18
8.6010611e-11
-2.0292561e-18
5.285283e-18
8.6010611e-11
-3.8098832e-18
5.1450142e-18
8.4936591e-11
-5.1211469e-18
4.9236897e-18
8.2750529e-11
-5.8037152e-18
4.6239214e-18
7.9372015e-11
-5.7765817e-18
4.2416498e-18
7.4667891e-11
-5.0585975e-18
3.77081e-18
6.8431344e-11
-3.7856535e-18
3.2088084e-18
6.0338642e-11
-2.2211801e-18
2.5533654e-18
4.9849567e-11
-7.7890871e-19
1.7934193e-18
3.5939368e-11
7.7674554e-19
1.6236678e-11
1.8604464e-18
2.2359853e-18
3.5939368e-11
5.594138e-18
5.4166081e-18
8.8069264e-11
9.8258238e-18
8.0165936e-18
1.2742849e-10
1.3425323e-17
1.036652e-17
1.5787097e-10
1.55992e-17
1.2493753e-17
1.8160886e-10
1.5888806e-17
1.4340889e-17
1.9999476e-10
1.4159004e-17
1.5840193e-17
2.1390032e-10
1.0588925e-17
1.6949238e-17
2.2390271e-10
5.6356439e-18
1.765611e-17
2.3038048e-10
-4.0711698e-20
1.7970195e-17
2.3356452e-10
-5.6790225e-18
1.7909439e-17
2.3356452e-10
-1.0532305e-17
1.7489011e-17
2.3038048e-10
-1.3974982e-17
1.6716587e-17
2.2390271e-10
-1.5590971e-17
1.5595479e-17
2.1390032e-10
-1.5233555e-17
1.4134468e-17
1.9999476e-10
-1.3057806e-17
1.235752e-17
1.8160886e-10
-9.529841e-18
1.0303467e-17
1.5787097e-10
-5.4214702e-18
8.0009334e-18
1.2742849e-10
-1.7984127e-18
5.4106939e-18
8.8069264e-11
2.2172394e-18
3.5939368e-11
2.6148667e-18
3.818577e-18
4.9849567e-11
8.2264553e-18
9.5978795e-18
1.2742849e-10
1.480946e-17
1.452428e-17
1.8838285e-10
2.0615444e-17
1.9022364e-17
2.3656654e-10
2.4321303e-17
2.3116973e-17
2.7459703e-10
2.5082461e-17
2.6700054e-17
3.0426065e-10
2.256998e-17
2.9647743e-17
3.2679047e-10
1.6995049e-17
3.1876873e-17
3.4303816e-10
9.0730741e-18
3.3351941e-17
3.5357679e-10
-9.3926992e-20
3.406857e-17
3.5876114e-10
-9.2036169e-18
3.4032929e-17
3.5876114e-10
-1.69737e-17
3.3248524e-17
3.5357679e-10
-2.2352938e-17
3.1716089e-17
3.4303816e-10
-2.4687434e-17
2.9447216e-17
3.2679047e-10
-2.3818652e-17
2.6484684e-17
3.0426065e-10
-2.0109223e-17
2.2915566e-17
2.7459703e-10
-1.4412564e-17
1.8857838e-17
2.3656654e-10
-8.0114757e-18
1.4404928e-17
1.8838285e-10
-2.5566659e-18
9.5202067e-18
1.2742849e-10
3.781321e-18
4.9849567e-11
3.2811463e-18
5.1013696e-18
6.0338642e-11
1.0565751e-17
1.3192307e-17
1.5787097e-10
1.9312446e-17
2.0316681e-17
2.3656654e-10
2.7236881e-17
2.6925393e-17
2.9987397e-10
3.2503343e-17
3.3006221e-17
3.5041074e-10
3.3851083e-17
3.8380219e-17
3.90119e-10
3.0706517e-17
4.2850179e-17
4.2042143e-10
2.326448e-17
4.6277095e-17
4.4234135e-10
1.247172e-17
4.858913e-17
4.5658604e-10
-1.2691171e-19
4.9756743e-17
4.6360077e-10
-1.2664304e-17
4.9765152e-17
4.6360077e-10
-2.3293292e-17
4.8601186e-17
4.5658604e-10
-3.0519671e-17
4.6260613e-17
4.4234135e-10
-3.3458739e-17
4.2772506e-17
4.2042143e-10
-3.1972648e-17
3.8228328e-17
3.90119e-10
-2.6679564e-17
3.2796646e-17
3.5041074e-10
-1.885993e-17
2.6697219e-17
2.9987397e-10
-1.0310775e-17
2.011526e-17
2.3656654e-10
-3.2093742e-18
1.3055649e-17
1.5787097e-10
5.0547935e-18
6.0338642e-11
3.8813989e-18
5.8210055e-18
6.8431344e-11
1.2666337e-17
1.5401974e-17
1.8160886e-10
2.3388835e-17
2.407058e-17
2.7459703e-10
3.3305036e-17
3.2244741e-17
3.5041074e-10
4.0100309e-17
3.985628e-17
4.1151162e-10
4.2094013e-17
4.6649804e-17
4.5984184e-10
3.844144e-17
5.2350955e-17
4.9689356e-10
2.9285714e-17
5.6759574e-17
5.2377843e-10
1.5774032e-17
5.9763902e-17
5.4128392e-10
-1.2159645e-19
6.1308994e-17
5.499138e-10
-1.5969132e-17
6.1360462e-17
5.499138e-10
-2.9349328e-17
5.9890675e-17
5.4128392e-10
-3.8322407e-17
5.6893461e-17
5.2377843e-10
-4.1782715e-17
5.2418355e-17
4.9689356e-10
-3.9633289e-17
4.6606298e-17
4.5984184e-10
-3.2770255e-17
3.9703178e-17
4.1151162e-10
-2.2913985e-17
3.2023991e-17
3.5041074e-10
-1.236293e-17
2.3847476e-17
2.7459703e-10
-3.7707929e-18
1.5243499e-17
1.8160886e-10
5.7743893e-18
6.8431344e-11
4.4074329e-18
5.8489132e-18
7.4667891e-11
1.449252e-17
1.5759061e-17
1.9999476e-10
2.6953987e-17
2.4927522e-17
3.0426065e-10
3.8663225e-17
3.3702323e-17
3.90119e-10
4.6876068e-17
4.1966316e-17
4.5984184e-10
4.9515271e-17
4.9409854e-17
5.1530186e-10
4.5465547e-17
5.5700464e-17
5.5799122e-10
3.4799717e-17
6.0588448e-17
5.8905356e-10
1.8832593e-17
6.3930885e-17
6.0931607e-10
-7.5468748e-20
6.5658436e-17
6.1931538e-10
-1.8962802e-17
6.5730301e-17
6.1931538e-10
-3.4866424e-17
6.4114785e-17
6.0931607e-10
-4.5423782e-17
6.0806536e-17
5.8905356e-10
-4.9326369e-17
5.5868322e-17
5.5799122e-10
-4.6528974e-17
4.9471774e-17
5.1530186e-10
-3.820277e-17
4.1909664e-17
4.5984184e-10
-2.6487201e-17
3.3554536e-17
3.90119e-10
-1.414347e-17
2.474703e-17
3.0426065e-10
-4.2448584e-18
1.5618159e-17
1.9999476e-10
5.8058261e-18
7.4667891e-11
4.8392255e-18
5.1661341e-18
7.9372015e-11
1.598834e-17
1.4112818e-17
2.1390032e-10
2.9895717e-17
2.2535547e-17
3.2679047e-10
4.3125124e-17
3.0697164e-17
4.2042143e-10
5.256604e-17
3.8461168e-17
4.9689356e-10
5.5790348e-17
4.5512221e-17
5.5799122e-10
5.143823e-17
5.1505065e-17
6.0517455e-10
3.9513078e-17
5.6170981e-17
6.3958721e-10
2.1467471e-17
5.9354302e-17
6.6207009e-10
-7.7251918e-21
6.0987482e-17
6.7317496e-10
-2.1494005e-17
6.1042231e-17
6.7317496e-10
-3.9554633e-17
5.9499317e-17
6.6207009e-10
-5.1457379e-17
5.6358876e-17
6.3958721e-10
-5.5719309e-17
5.1682271e-17
6.0517455e-10
-5.234761e-17
4.5636295e-17
5.5799122e-10
-4.2760713e-17
3.8507299e-17
4.9689356e-10
-2.9464534e-17
3.0662635e-17
4.2042143e-10
-1.5615492e-17
2.2447037e-17
3.2679047e-10
-4.6344744e-18
1.4023629e-17
2.1390032e-10
5.1314244e-18
7.9372015e-11
5.1624675e-18
3.8496568e-18
8.2750529e-11
1.711574e-17
1.0619323e-17
2.2390271e-10
3.2135154e-17
1.7073858e-17
3.4303816e-10
4.6554861e-17
2.3388141e-17
4.4234135e-10
5.6972699e-17
2.9446204e-17
5.2377843e-10
6.0672295e-17
3.4990519e-17
5.8905356e-10
5.6093436e-17
3.9727537e-17
6.3958721e-10
4.3186469e-17
4.3416234e-17
6.7650933e-10
2.3518822e-17
4.5913358e-17
7.0066078e-10
4.5043609e-20
4.7166355e-17
7.1259808e-10
-2.3459836e-17
4.7171884e-17
7.1259808e-10
-4.3192084e-17
4.593738e-17
7.0066078e-10
-5.6133078e-17
4.3474787e-17
6.7650933e-10
-6.0665409e-17
3.982998e-17
6.3958721e-10
-5.6840394e-17
3.512464e-17
5.8905356e-10
-4.6273142e-17
2.9576526e-17
5.2377843e-10
-3.1757222e-17
2.3474277e-17
4.4234135e-10
-1.6753186e-17
1.7098936e-17
3.4303816e-10
-4.9433366e-18
1.0602876e-17
2.2390271e-10
3.8309342e-18
8.2750529e-11
5.37213e-18
2.0585847e-18
8.4936591e-11
1.7861061e-17
5.7123071e-18
2.3038048e-10
3.3636217e-17
9.2249612e-18
3.5357679e-10
4.8879896e-17
1.2684441e-17
4.5658604e-10
5.9983232e-17
1.6029872e-17
5.4128392e-10
6.4017459e-17
1.912002e-17
6.0931607e-10
5.927572e-17
2.1779282e-17
6.6207009e-10
4.5677663e-17
2.3848641e-17
7.0066078e-10
2.4886104e-17
2.5226536e-17
7.2592432e-10
4.9850062e-20
2.5881692e-17
7.3841719e-10
-2.4811304e-17
2.5833686e-17
7.3841719e-10
-4.5654326e-17
2.5117218e-17
7.2592432e-10
-5.9279745e-17
2.3758423e-17
7.0066078e-10
-6.3987245e-17
2.1780591e-17
6.6207009e-10
-5.985922e-17
1.9231801e-17
6.0931607e-10
-4.8641019e-17
1.6210379e-17
5.4128392e-10
-3.3315609e-17
1.2863514e-17
4.5658604e-10
-1.7542332e-17
9.348517e-18
3.5357679e-10
-5.1715641e-18
5.7662364e-18
2.3038048e-10
2.0602079e-18
8.4936591e-11
5.4691369e-18
1.1177824e-20
8.6010611e-11
1.8225599e-17
3.735331e-20
2.3356452e-10
3.4389202e-17
6.8360765e-20
3.5876114e-10
5.0067434e-17
1.0410245e-19
4.6360077e-10
6.1539525e-17
1.560931e-19
5.499138e-10
6.5753138e-17
2.3283488e-19
6.1931538e-10
6.0915082e-17
3.2232119e-19
6.7317496e-10
4.6933308e-17
3.9184842e-19
7.1259808e-10
2.5538872e-17
4.0914701e-19
7.3841719e-10
1.3897718e-21
3.6769241e-19
7.5118784e-10
-2.5527396e-17
2.9545104e-19
7.5118784e-10
-4.6895284e-17
2.3798995e-19
7.3841719e-10
-6.0833305e-17
2.2833096e-19
7.1259808e-10
-6.5616678e-17
2.6560075e-19
6.7317496e-10
-6.1346895e-17
3.1808319e-19
6.1931538e-10
-4.9826039e-17
3.4488254e-19
5.499138e-10
-3.4119215e-17
3.1951085e-19
4.6360077e-10
-1.7972927e-17
2.4142288e-19
3.5876114e-10
-5.3128201e-18
1.3370834e-19
2.3356452e-10
2.9489942e-20
8.6010611e-11
5.457237e-18
-2.044063e-18
8.6010611e-11
1.8213968e-17
-5.646883e-18
2.3356452e-10
3.4390909e-17
-9.0989311e-18
3.5876114e-10
5.00973e-17
-1.249342e-17
4.6360077e-10
6.1602753e-17
-1.5751613e-17
5.499138e-10
6.5833689e-17
-1.8716808e-17
6.1931538e-10
6.0978282e-17
-2.1231012e-17
6.7317496e-10
4.6946549e-17
-2.3184946e-17
7.1259808e-10
2.5495675e-17
-2.4525982e-17
7.3841719e-10
-7.0838155e-20
-2.523341e-17
7.5118784e-10
-2.5583955e-17
-2.5285542e-17
7.5118784e-10
-4.6903333e-17
-2.4649419e-17
7.3841719e-10
-6.0792415e-17
-2.330201e-17
7.1259808e-10
-6.5555941e-17
-2.1267746e-17
6.7317496e-10
-6.1304086e-17
-1.8644011e-17
6.1931538e-10
-4.9825241e-17
-1.5594018e-17
5.499138e-10
-3.4159962e-17
-1.2307319e-17
4.6360077e-10
-1.8032512e-17
-8.9399122e-18
3.5876114e-10
-5.355408e-18
-5.5494905e-18
2.3356452e-10
-2.0184822e-18
8.6010611e-11
5.3407179e-18
-3.8581919e-18
8.4936591e-11
1.7826982e-17
-1.0582949e-17
2.3038048e-10
3.3634332e-17
-1.6981014e-17
3.5357679e-10
4.8950611e-17
-2.3247312e-17
4.5658604e-10
6.0141969e-17
-2.9260312e-17
5.4128392e-10
6.4223658e-17
-3.4750588e-17
6.0931607e-10
5.9441313e-17
-3.942526e-17
6.6207009e-10
4.5720082e-17
-4.3055804e-17
7.0066078e-10
2.4787951e-17
-4.5512136e-17
7.2592432e-10
-1.2160072e-19
-4.6745993e-17
7.3841719e-10
-2.4945403e-17
-4.6747821e-17
7.3841719e-10
-4.5669576e-17
-4.5512689e-17
7.2592432e-10
-5.9174627e-17
-4.3042464e-17
7.0066078e-10
-6.3835089e-17
-3.9384379e-17
6.6207009e-10
-5.9756305e-17
-3.4676245e-17
6.0931607e-10
-4.8648783e-17
-2.9159788e-17
5.4128392e-10
-3.3431468e-17
-2.3139117e-17
4.5658604e-10
-1.7704939e-17
-1.6886453e-17
3.5357679e-10
-5.2860975e-18
-1.0518753e-17
2.3038048e-10
-3.8334128e-18
8.4936591e-11
5.1231798e-18
-5.2093101e-18
8.2750529e-11
1.706213e-17
-1.4125275e-17
2.2390271e-10
3.2112063e-17
-2.2498772e-17
3.4303816e-10
4.6619505e-17
-3.0632479e-17
4.4234135e-10
5.7150903e-17
-3.839945e-17
5.2377843e-10
6.0918428e-17
-4.5475039e-17
5.8905356e-10
5.6303685e-17
-5.1494642e-17
6.3958721e-10
4.3263036e-17
-5.6164124e-17
6.7650933e-10
2.3438502e-17
-5.9306877e-17
7.0066078e-10
-1.2028429e-19
-6.0855468e-17
7.1259808e-10
-2.358858e-17
-6.0808945e-17
7.1259808e-10
-4.3193276e-17
-5.9188418e-17
7.0066078e-10
-5.6005132e-17
-5.6022625e-17
6.7650933e-10
-6.0493447e-17
-5.1376346e-17
6.3958721e-10
-5.6738281e-17
-4.5401108e-17
5.8905356e-10
-4.6312883e-17
-3.8364608e-17
5.2377843e-10
-3.1929783e-17
-3.0617721e-17
4.4234135e-10
-1.6975543e-17
-2.2485819e-17
3.4303816e-10
-5.0944832e-18
-1.4105673e-17
2.2390271e-10
-5.1870957e-18
8.2750529e-11
4.8068046e-18
-5.9278674e-18
7.9372015e-11
1.5920438e-17
-1.5831774e-17
2.1390032e-10
2.9832957e-17
-2.4962477e-17
3.2679047e-10
4.3132218e-17
-3.3724335e-17
4.2042143e-10
5.2681587e-17
-4.2023931e-17
4.9689356e-10
5.5986108e-17
-4.9544772e-17
5.5799122e-10
5.1632215e-17
-5.5921223e-17
6.0517455e-10
3.9624749e-17
-6.0856423e-17
6.3958721e-10
2.1470709e-17
-6.4170191e-17
6.6207009e-10
-6.9498066e-20
-6.5792536e-17
6.7317496e-10
-2.1539744e-17
-6.5725672e-17
6.7317496e-10
-3.9521944e-17
-6.4001879e-17
6.6207009e-10
-5.1347422e-17
-6.0663585e-17
6.3958721e-10
-5.5599016e-17
-5.5780219e-17
6.0517455e-10
-5.2306761e-17
-4.9493122e-17
5.5799122e-10
-4.2851203e-17
-4.2050737e-17
4.9689356e-10
-2.9664545e-17
-3.378687e-17
4.2042143e-10
-1.5840219e-17
-2.5014138e-17
3.2679047e-10
-4.7766447e-18
-1.5845558e-17
2.1390032e-10
-5.9059871e-18
7.9372015e-11
4.3928576e-18
-5.920889e-18
7.4667891e-11
1.4416238e-17
-1.5528581e-17
1.9999476e-10
2.684286e-17
-2.4177699e-17
3.0426065e-10
3.858149e-17
-3.2345885e-17
3.90119e-10
4.6877311e-17
-3.9998776e-17
4.5984184e-10
4.9603782e-17
-4.6880961e-17
5.1530186e-10
4.560193e-17
-5.2684641e-17
5.5799122e-10
3.493533e-17
-5.716115e-17
5.8905356e-10
1.8938709e-17
-6.0163096e-17
6.0931607e-10
1.3965686e-21
-6.1634995e-17
6.1931538e-10
-1.8896509e-17
-6.1579999e-17
6.1931538e-10
-3.4794672e-17
-6.0026277e-17
6.0931607e-10
-4.5353978e-17
-5.7010673e-17
5.8905356e-10
-4.9293732e-17
-5.2590536e-17
5.5799122e-10
-4.6575638e-17
-4.6878583e-17
5.1530186e-10
-3.8340571e-17
-4.0074477e-17
4.5984184e-10
-2.6677186e-17
-3.2450708e-17
3.90119e-10
-1.4315586e-17
-2.4258743e-17
3.0426065e-10
-4.3376067e-18
-1.5556827e-17
1.9999476e-10
-5.9010919e-18
7.4667891e-11
3.883145e-18
-5.1954867e-18
6.8431344e-11
1.258307e-17
-1.3347067e-17
1.8160886e-10
2.3234117e-17
-2.047705e-17
2.7459703e-10
3.3136312e-17
-2.7082838e-17
3.5041074e-10
3.9982107e-17
-3.3188135e-17
4.1151162e-10
4.2063861e-17
-3.8625935e-17
4.5984184e-10
3.8502945e-17
-4.3180409e-17
4.9689356e-10
2.9419888e-17
-4.6678484e-17
5.2377843e-10
1.5949633e-17
-4.9022515e-17
5.4128392e-10
5.8792526e-20
-5.0179673e-17
5.499138e-10
-1.5818107e-17
-5.01539e-17
5.499138e-10
-2.9252131e-17
-4.8961505e-17
5.4128392e-10
-3.829323e-17
-4.6622075e-17
5.2377843e-10
-4.1827903e-17
-4.3169563e-17
4.9689356e-10
-3.9747476e-17
-3.8678529e-17
4.5984184e-10
-3.292419e-17
-3.3287877e-17
4.1151162e-10
-2.3055138e-17
-2.7190262e-17
3.5041074e-10
-1.2446129e-17
-2.0555315e-17
2.7459703e-10
-3.792948e-18
-1.3379962e-17
1.8160886e-10
-5.1886958e-18
6.8431344e-11
3.2823147e-18
-3.8835663e-18
6.0338642e-11
1.0468361e-17
-9.7464974e-18
1.5787097e-10
1.9127631e-17
-1.4702569e-17
2.3656654e-10
2.7012124e-17
-1.9200367e-17
2.9987397e-10
3.2302161e-17
-2.3293235e-17
3.5041074e-10
3.3729105e-17
-2.6896975e-17
3.90119e-10
3.0695705e-17
-2.9891625e-17
4.2042143e-10
2.3366196e-17
-3.2181978e-17
4.4234135e-10
1.2655384e-17
-3.3717555e-17
4.5658604e-10
8.4105004e-20
-3.4484419e-17
4.6360077e-10
-1.2486749e-17
-3.4485742e-17
4.6360077e-10
-2.3194383e-17
-3.3726152e-17
4.5658604e-10
-3.0516455e-17
-3.2208802e-17
4.4234135e-10
-3.353954e-17
-2.9945406e-17
4.2042143e-10
-3.2102008e-17
-2.697503e-17
3.90119e-10
-2.6804242e-17
-2.3379855e-17
3.5041074e-10
-1.8926117e-17
-1.9276946e-17
2.9987397e-10
-1.030011e-17
-1.4759989e-17
2.3656654e-10
-3.1673086e-18
-9.7846109e-18
1.5787097e-10
-3.9030526e-18
6.0338642e-11
2.594034e-18
-2.2658721e-18
4.9849567e-11
8.1079761e-18
-5.5331336e-18
1.2742849e-10
1.4615356e-17
-8.1732916e-18
1.8838285e-10
2.0384371e-17
-1.0523249e-17
2.3656654e-10
2.4101057e-17
-1.262745e-17
2.7459703e-10
2.4923027e-17
-1.4456062e-17
3.0426065e-10
2.2509431e-17
-1.5963076e-17
3.2679047e-10
1.7044481e-17
-1.7113286e-17
3.4303816e-10
9.2092468e-18
-1.7888932e-17
3.5357679e-10
7.7945074e-20
-1.8284764e-17
3.5876114e-10
-9.0554915e-18
-1.8299972e-17
3.5876114e-10
-1.6893426e-17
-1.7931711e-17
3.5357679e-10
-2.2354586e-17
-1.7175481e-17
3.4303816e-10
-2.4753456e-17
-1.603162e-17
3.2679047e-10
-2.3908327e-17
-1.4516371e-17
3.0426065e-10
-2.0171536e-17
-1.2670203e-17
2.7459703e-10
-1.4406139e-17
-1.0551791e-17
2.3656654e-10
-7.9378457e-18
-8.2013345e-18
1.8838285e-10
-2.4824544e-18
-5.5706481e-18
1.2742849e-10
-2.3098023e-18
4.9849567e-11
1.810976e-18
-7.9031278e-19
3.5939368e-11
5.4689688e-18
-1.8421277e-18
8.8069264e-11
9.6595449e-18
-2.6231519e-18
1.2742849e-10
1.3248255e-17
-3.304838e-18
1.5787097e-10
1.5434142e-17
-3.9016762e-18
1.8160886e-10
1.5760047e-17
-4.4122186e-18
1.9999476e-10
1.4089997e-17
-4.831611e-18
2.1390032e-10
1.0590643e-17
-5.1561416e-18
2.2390271e-10
5.6974101e-18
-5.3821789e-18
2.3038048e-10
5.0997736e-20
-5.5052484e-18
2.3356452e-10
-5.5941817e-18
-5.5201926e-18
2.3356452e-10
-1.0481054e-17
-5.4221609e-18
2.3038048e-10
-1.3964465e-17
-5.2076977e-18
2.2390271e-10
-1.5609124e-17
-4.8768873e-18
2.1390032e-10
-1.5256483e-17
-4.4363315e-18
1.9999476e-10
-1.3057594e-17
-3.9012299e-18
1.8160886e-10
-9.4853236e-18
-3.2916751e-18
1.5787097e-10
-5.3410229e-18
-2.6167789e-18
1.2742849e-10
-1.7386891e-18
-1.858031e-18
8.8069264e-11
-8.3678631e-19
3.5939368e-11
7.7268645e-19
1.6236678e-11
2.2320174e-18
3.5939368e-11
3.8346161e-18
4.9849567e-11
5.1335291e-18
6.0338642e-11
5.8539444e-18
6.8431344e-11
5.8670206e-18
7.4667891e-11
5.1642021e-18
7.9372015e-11
3.8349668e-18
8.2750529e-11
2.0450682e-18
8.4936591e-11
1.3191582e-20
8.6010611e-11
-2.0140682e-18
8.6010611e-11
-3.7898667e-18
8.4936591e-11
-5.0969151e-18
8.2750529e-11
-5.7756706e-18
7.9372015e-11
-5.7471842e-18
7.4667891e-11
-5.0296122e-18
6.8431344e-11
-3.7549104e-18
6.0338642e-11
-2.190694e-18
4.9849567e-11
-7.7080271e-19
3.5939368e-11
1.6236678e-11
5.1312681e-19
4.7103906e-19
1.6236677e-11
1.2958858e-18
1.0025914e-18
3.5939366e-11
2.1339237e-18
1.4007281e-18
4.9849565e-11
2.8109376e-18
1.7727839e-18
6.0338639e-11
3.1875526e-18
2.1164482e-18
6.8431342e-11
3.1928583e-18
2.4125113e-18
7.4667888e-11
2.8139039e-18
2.6423081e-18
7.9372012e-11
2.0914187e-18
2.7975e-18
8.2750527e-11
1.112758e-18
2.88033e-18
8.4936589e-11
-1.6155979e-21
2.9001459e-18
8.6010609e-11
-1.1150245e-18
2.8699287e-18
8.6010609e-11
-2.0914204e-18
2.8024078e-18
8.4936589e-11
-2.8100362e-18
2.7049977e-18
8.2750527e-11
-3.180039e-18
2.5754327e-18
7.9372012e-11
-3.155724e-18
2.4010977e-18
7.4667888e-11
-2.7500268e-18
2.1651243e-18
6.8431342e-11
-2.0460425e-18
1.8559666e-18
6.0338639e-11
-1.2003431e-18
1.473461e-18
4.9849565e-11
-4.3207671e-19
1.0222269e-18
3.5939366e-11
4.2613653e-19
1.6236677e-11
1.0849051e-18
1.2321294e-18
3.5939366e-11
3.095983e-18
2.9450999e-18
8.806926e-11
5.3646124e-18
4.3445765e-18
1.2742849e-10
7.3015316e-18
5.6225559e-18
1.5787096e-10
8.475536e-18
6.7873105e-18
1.8160885e-10
8.6344371e-18
7.7971758e-18
1.9999476e-10
7.6993949e-18
8.609249e-18
2.1390032e-10
5.762101e-18
9.2006017e-18
2.239027e-10
3.0680874e-18
9.5682456e-18
2.3038048e-10
-2.2227698e-20
9.7219803e-18
2.3356452e-10
-3.0920634e-18
9.6765104e-18
2.3356452e-10
-5.7335796e-18
9.4459517e-18
2.3038048e-10
-7.6067416e-18
9.0401342e-18
2.239027e-10
-8.4859735e-18
8.462032e-18
2.1390032e-10
-8.2915604e-18
7.7087714e-18
1.9999476e-10
-7.1081451e-18
6.7772021e-18
1.8160885e-10
-5.194223e-18
5.671258e-18
1.5787096e-10
-2.9807607e-18
4.4012993e-18
1.2742849e-10
-1.0338717e-18
2.958518e-18
8.806926e-11
1.1911252e-18
3.5939366e-11
1.4908174e-18
2.0669449e-18
4.9849565e-11
4.5314202e-18
5.176316e-18
1.2742849e-10
8.0946608e-18
7.8376798e-18
1.8838284e-10
1.1245591e-17
1.0284866e-17
2.3656653e-10
1.325914e-17
1.2522786e-17
2.7459702e-10
1.3672596e-17
1.4480969e-17
3.0426064e-10
1.2304092e-17
1.6085044e-17
3.2679047e-10
9.2652377e-18
1.7289573e-17
3.4303816e-10
4.9453192e-18
1.8078536e-17
3.5357678e-10
-5.1209836e-20
1.8452562e-17
3.5876113e-10
-5.0091924e-18
1.8416732e-17
3.5876113e-10
-9.2281939e-18
1.797595e-17
3.5357678e-10
-1.2140902e-17
1.7136973e-17
3.4303816e-10
-1.3401433e-17
1.5913793e-17
3.2679047e-10
-1.2932479e-17
1.4332234e-17
3.0426064e-10
-1.0933736e-17
1.2430795e-17
2.7459702e-10
-7.8662265e-18
1.0255257e-17
2.3656653e-10
-4.4254259e-18
7.8408397e-18
1.8838284e-10
-1.4834388e-18
5.1699146e-18
1.2742849e-10
2.0351608e-18
4.9849565e-11
1.844527e-18
2.7504872e-18
6.0338639e-11
5.8029076e-18
7.111458e-18
1.5787096e-10
1.0560394e-17
1.0970542e-17
2.3656653e-10
1.4878902e-17
1.4568314e-17
2.9987396e-10
1.7747949e-17
1.7889174e-17
3.5041073e-10
1.847841e-17
2.0824411e-17
3.9011899e-10
1.6758309e-17
2.3259964e-17
4.2042142e-10
1.2692944e-17
2.5120581e-17
4.4234134e-10
6.7989782e-18
2.6371607e-17
4.5658603e-10
-7.5949707e-20
2.6999751e-17
4.6360077e-10
-6.90487e-18
2.6995269e-17
4.6360077e-10
-1.2675067e-17
2.6347661e-17
4.5658603e-10
-1.6577084e-17
2.5055886e-17
4.4234134e-10
-1.8146108e-17
2.3144371e-17
4.2042142e-10
-1.7329097e-17
2.0674975e-17
3.9011899e-10
-1.4475534e-17
1.7744612e-17
3.5041073e-10
-1.0277565e-17
1.4463592e-17
2.9987396e-10
-5.6944239e-18
1.0913347e-17
2.3656653e-10
-1.8635693e-18
7.0848091e-18
1.5787096e-10
2.7364786e-18
6.0338639e-11
2.1619226e-18
3.1382601e-18
6.8431342e-11
6.9427765e-18
8.3147395e-18
1.8160885e-10
1.2789055e-17
1.3019986e-17
2.7459702e-10
1.8203387e-17
1.747202e-17
3.5041073e-10
2.1909088e-17
2.1625645e-17
4.1151162e-10
2.2989181e-17
2.5332328e-17
4.5984184e-10
2.0987522e-17
2.8436626e-17
4.9689356e-10
1.5983559e-17
3.0831519e-17
5.2377843e-10
8.6023693e-18
3.2463292e-17
5.4128392e-10
-7.7422383e-20
3.3306994e-17
5.499138e-10
-8.7196991e-18
3.3341427e-17
5.499138e-10
-1.5993832e-17
3.2542374e-17
5.4128392e-10
-2.084052e-17
3.0898392e-17
5.2377843e-10
-2.2673196e-17
2.8438054e-17
4.9689356e-10
-2.1470444e-17
2.5251683e-17
4.5984184e-10
-1.774917e-17
2.1490523e-17
4.1151162e-10
-1.2451161e-17
1.7333046e-17
3.5041073e-10
-6.8009629e-18
1.2919835e-17
2.7459702e-10
-2.1733537e-18
8.2700698e-18
1.8160885e-10
3.1394612e-18
6.8431342e-11
2.4400542e-18
3.1581984e-18
7.4667888e-11
7.9323671e-18
8.5257144e-18
1.9999476e-10
1.4733525e-17
1.3511141e-17
3.0426064e-10
2.1130939e-17
1.8292723e-17
3.9011899e-10
2.5610258e-17
2.2799984e-17
4.5984184e-10
2.7039451e-17
2.6856549e-17
5.1530186e-10
2.4819515e-17
3.0276428e-17
5.5799122e-10
1.899441e-17
3.2926462e-17
5.8905357e-10
1.0278215e-17
3.4738335e-17
6.0931608e-10
-4.4237641e-20
3.5683603e-17
6.1931539e-10
-1.0352031e-17
3.5740952e-17
6.1931539e-10
-1.9015064e-17
3.4882471e-17
6.0931608e-10
-2.4733798e-17
3.308907e-17
5.8905357e-10
-2.6801082e-17
3.0385071e-17
5.5799122e-10
-2.5223012e-17
2.6869707e-17
5.1530186e-10
-2.0678751e-17
2.2723068e-17
4.5984184e-10
-1.435586e-17
1.816938e-17
3.9011899e-10
-7.7368618e-18
1.3398948e-17
3.0426064e-10
-2.413667e-18
8.4684084e-18
1.9999476e-10
3.1633308e-18
7.4667888e-11
2.6692842e-18
2.7953711e-18
7.9372012e-11
8.7428831e-18
7.6521242e-18
2.1390032e-10
1.6334222e-17
1.2240005e-17
3.2679047e-10
2.3560659e-17
1.6691672e-17
4.2042142e-10
2.8706367e-17
2.0927348e-17
4.9689356e-10
3.044989e-17
2.4768881e-17
5.5799122e-10
2.8063995e-17
2.8023195e-17
6.0517455e-10
2.1558779e-17
3.0545495e-17
6.3958722e-10
1.1722191e-17
3.2260737e-17
6.620701e-10
1.1811396e-20
3.3145116e-17
6.7317497e-10
-1.1711514e-17
3.3190416e-17
6.7317497e-10
-2.1562875e-17
3.2380299e-17
6.620701e-10
-2.8034268e-17
3.0697022e-17
6.3958722e-10
-3.0309523e-17
2.8154704e-17
6.0517455e-10
-2.841169e-17
2.4837839e-17
5.5799122e-10
-2.3156552e-17
2.0916529e-17
4.9689356e-10
-1.5947138e-17
1.6617629e-17
4.2042142e-10
-8.4980886e-18
1.2148308e-17
3.2679047e-10
-2.5946751e-18
7.5945899e-18
2.1390032e-10
2.7958916e-18
7.9372012e-11
2.843009e-18
2.0860699e-18
8.2750527e-11
9.3565563e-18
5.7668351e-18
2.239027e-10
1.7553e-17
9.2881401e-18
3.4303816e-10
2.5424496e-17
1.2738028e-17
4.4234134e-10
3.1095955e-17
1.6049411e-17
5.2377843e-10
3.3090517e-17
1.9076265e-17
5.8905357e-10
3.0576585e-17
2.1651879e-17
6.3958722e-10
2.3540947e-17
2.3642555e-17
6.7650934e-10
1.2835877e-17
2.4976514e-17
7.006608e-10
5.6920749e-20
2.5638335e-17
7.125981e-10
-1.275214e-17
2.5639282e-17
7.125981e-10
-2.3516273e-17
2.4986647e-17
7.006608e-10
-3.0571903e-17
2.3675122e-17
6.7650934e-10
-3.3017883e-17
2.1708606e-17
6.3958722e-10
-3.088401e-17
1.9137423e-17
5.8905357e-10
-2.508373e-17
1.608267e-17
5.2377843e-10
-1.7184081e-17
1.2724018e-17
4.4234134e-10
-9.0847162e-18
9.2407058e-18
3.4303816e-10
-2.7299745e-18
5.7253051e-18
2.239027e-10
2.0813915e-18
8.2750527e-11
2.9586477e-18
1.1122127e-18
8.4936589e-11
9.7674962e-18
3.0968672e-18
2.3038048e-10
1.8375021e-17
5.0145032e-18
3.5357678e-10
2.6691728e-17
6.910355e-18
4.5658603e-10
3.2729477e-17
8.7501205e-18
5.4128392e-10
3.4895823e-17
1.0452071e-17
6.0931608e-10
3.2282832e-17
1.1911478e-17
6.620701e-10
2.48673e-17
1.303347e-17
7.006608e-10
1.3558786e-17
1.3761532e-17
7.2592434e-10
5.7875031e-20
1.4087527e-17
7.3841721e-10
-1.3467318e-17
1.4037307e-17
7.3841721e-10
-2.4824788e-17
1.3641974e-17
7.2592434e-10
-3.2260438e-17
1.2915259e-17
7.006608e-10
-3.4823533e-17
1.1855131e-17
6.620701e-10
-3.254519e-17
1.0468976e-17
6.0931608e-10
-2.6393469e-17
8.8030036e-18
5.4128392e-10
-1.803591e-17
6.9497118e-18
4.5658603e-10
-9.4948989e-18
5.0193188e-18
3.5357678e-10
-2.8279771e-18
3.0832528e-18
2.3038048e-10
1.1076166e-18
8.4936589e-11
3.0157792e-18
-9.8321775e-21
8.6010609e-11
9.9746681e-18
-8.4509625e-21
2.3356452e-10
1.879528e-17
4.8381338e-21
3.5876113e-10
2.7349305e-17
3.0420587e-20
4.6360077e-10
3.3585363e-17
7.7015659e-20
5.499138e-10
3.5840674e-17
1.4805405e-19
6.1931539e-10
3.316095e-17
2.273347e-19
6.7317497e-10
2.5522524e-17
2.8312578e-19
7.125981e-10
1.3880724e-17
2.8771329e-19
7.3841721e-10
7.2477301e-21
2.3791816e-19
7.5118787e-10
-1.3861023e-17
1.6123603e-19
7.5118787e-10
-2.5484151e-17
9.9673476e-20
7.3841721e-10
-3.3083142e-17
8.1855027e-20
7.125981e-10
-3.5698004e-17
1.0398958e-19
6.7317497e-10
-3.3361065e-17
1.3460063e-19
6.1931539e-10
-2.7055295e-17
1.3928515e-19
5.499138e-10
-1.8483183e-17
1.0621053e-19
4.6360077e-10
-9.7218738e-18
5.2346421e-20
3.5876113e-10
-2.8886257e-18
7.8127882e-21
2.3356452e-10
-7.0235979e-21
8.6010609e-11
3.0160913e-18
-1.1454646e-18
8.6010609e-11
9.9773731e-18
-3.1321119e-18
2.3356452e-10
1.8807189e-17
-5.0250278e-18
3.5876113e-10
2.7382557e-17
-6.8773407e-18
4.6360077e-10
3.3643297e-17
-8.6412728e-18
5.499138e-10
3.5907122e-17
-1.0226586e-17
6.1931539e-10
3.3205509e-17
-1.1552643e-17
6.7317497e-10
2.5519252e-17
-1.2576265e-17
7.125981e-10
1.3827378e-17
-1.3286852e-17
7.3841721e-10
-6.9337086e-20
-1.3682127e-17
7.5118787e-10
-1.3920417e-17
-1.3745304e-17
7.5118787e-10
-2.5498462e-17
-1.3442008e-17
7.3841721e-10
-3.305493e-17
-1.2741994e-17
7.125981e-10
-3.5656025e-17
-1.1650623e-17
6.7317497e-10
-3.3338154e-17
-1.0226494e-17
6.1931539e-10
-2.706549e-17
-8.569637e-18
5.499138e-10
-1.8515988e-17
-6.7872295e-18
4.6360077e-10
-9.754936e-18
-4.9550618e-18
3.5876113e-10
-2.9053263e-18
-3.0905521e-18
2.3356452e-10
-1.1264821e-18
8.6010609e-11
2.9650134e-18
-2.157503e-18
8.4936589e-11
9.7765775e-18
-5.855736e-18
2.3038048e-10
1.8402092e-17
-9.3561561e-18
3.5357678e-10
2.6771875e-17
-1.2778301e-17
4.5658603e-10
3.2876037e-17
-1.6054472e-17
5.4128392e-10
3.5069343e-17
-1.9026745e-17
6.0931608e-10
3.2403926e-17
-2.1532242e-17
6.620701e-10
2.4867176e-17
-2.3458941e-17
7.006608e-10
1.3430592e-17
-2.475703e-17
7.2592434e-10
-1.304697e-19
-2.541713e-17
7.3841721e-10
-1.3613014e-17
-2.5437553e-17
7.3841721e-10
-2.4857597e-17
-2.4804439e-17
7.2592434e-10
-3.2188286e-17
-2.3500002e-17
7.006608e-10
-3.4721583e-17
-2.1534934e-17
6.620701e-10
-3.2497055e-17
-1.8981064e-17
6.0931608e-10
-2.6432031e-17
-1.5977121e-17
5.4128392e-10
-1.8129114e-17
-1.2695353e-17
4.5658603e-10
-9.5824054e-18
-9.281348e-18
3.5357678e-10
-2.8689963e-18
-5.7902627e-18
2.3038048e-10
-2.1118565e-18
8.4936589e-11
2.8697197e-18
-2.9194057e-18
8.2750527e-11
9.3772915e-18
-7.8211826e-18
2.239027e-10
1.7577867e-17
-1.2392123e-17
3.4303816e-10
2.5506075e-17
-1.682603e-17
4.4234134e-10
3.1265596e-17
-2.1063589e-17
5.2377843e-10
3.3307469e-17
-2.4916235e-17
5.8905357e-10
3.0742058e-17
-2.8172255e-17
6.3958722e-10
2.3565778e-17
-3.0673567e-17
6.7650934e-10
1.2707124e-17
-3.2340957e-17
7.006608e-10
-1.4647768e-19
-3.3157375e-17
7.125981e-10
-1.2908981e-17
-3.3132991e-17
7.125981e-10
-2.3545532e-17
-3.2275413e-17
7.006608e-10
-3.0487302e-17
-3.0585094e-17
6.7650934e-10
-3.2912844e-17
-2.8080302e-17
6.3958722e-10
-3.0857451e-17
-2.4834761e-17
5.8905357e-10
-2.516497e-17
-2.0996803e-17
5.2377843e-10
-1.7319835e-17
-1.6764512e-17
4.4234134e-10
-9.1942406e-18
-1.2317085e-17
3.4303816e-10
-2.7717612e-18
-7.726029e-18
2.239027e-10
-2.8386408e-18
8.2750527e-11
2.7335789e-18
-3.3291806e-18
7.9372012e-11
8.7872298e-18
-8.7808163e-18
2.1390032e-10
1.6348399e-17
-1.3756933e-17
3.2679047e-10
2.3603696e-17
-1.8517938e-17
4.2042142e-10
2.8832193e-17
-2.3038135e-17
4.9689356e-10
3.0640535e-17
-2.7142618e-17
5.5799122e-10
2.8234958e-17
-3.0615198e-17
6.0517455e-10
2.1624307e-17
-3.32843e-17
6.3958722e-10
1.1661026e-17
-3.5057775e-17
6.620701e-10
-1.1710105e-19
-3.5913279e-17
6.7317497e-10
-1.1812154e-17
-3.586567e-17
6.7317497e-10
-2.1573256e-17
-3.4935663e-17
6.620701e-10
-2.7972247e-17
-3.3137155e-17
6.3958722e-10
-3.0256679e-17
-3.0493128e-17
6.0517455e-10
-2.8444503e-17
-2.7069843e-17
5.5799122e-10
-2.3279556e-17
-2.300194e-17
4.9689356e-10
-1.6090923e-17
-1.8477723e-17
4.2042142e-10
-8.5851448e-18
-1.3672663e-17
3.2679047e-10
-2.6081218e-18
-8.6502478e-18
2.1390032e-10
-3.2162435e-18
7.9372012e-11
2.5500647e-18
-3.326892e-18
7.4667888e-11
8.0127818e-18
-8.6320437e-18
1.9999476e-10
1.4746837e-17
-1.3347939e-17
3.0426064e-10
2.112737e-17
-1.7772485e-17
3.9011899e-10
2.5659561e-17
-2.1922318e-17
4.5984184e-10
2.7158582e-17
-2.5671393e-17
5.1530186e-10
2.496115e-17
-2.8842244e-17
5.5799122e-10
1.9093503e-17
-3.1283679e-17
5.8905357e-10
1.0305037e-17
-3.2908799e-17
6.0931608e-10
-6.7253796e-20
-3.3693233e-17
6.1931539e-10
-1.0376187e-17
-3.3650126e-17
6.1931539e-10
-1.9010379e-17
-3.2801893e-17
6.0931608e-10
-2.4716995e-17
-3.1166009e-17
5.8905357e-10
-2.6821737e-17
-2.8763224e-17
5.5799122e-10
-2.531384e-17
-2.5644968e-17
5.1530186e-10
-2.0813192e-17
-2.1917594e-17
4.5984184e-10
-1.4461145e-17
-1.7735232e-17
3.9011899e-10
-7.7601205e-18
-1.3241948e-17
3.0426064e-10
-2.377037e-18
-8.474811e-18
1.9999476e-10
-3.2036343e-18
7.4667888e-11
2.3040459e-18
-2.9142212e-18
6.8431342e-11
7.0567564e-18
-7.441001e-18
1.8160885e-10
1.2819931e-17
-1.1346123e-17
2.7459702e-10
1.8179531e-17
-1.4922114e-17
3.5041073e-10
2.1897123e-17
-1.8213636e-17
4.1151162e-10
2.3032048e-17
-2.1155195e-17
4.5984184e-10
2.1078438e-17
-2.3634917e-17
4.9689356e-10
1.6085762e-17
-2.5548198e-17
5.2377843e-10
8.683277e-18
-2.6828903e-17
5.4128392e-10
-2.8202575e-20
-2.7454475e-17
5.499138e-10
-8.6962232e-18
-2.7431631e-17
5.499138e-10
-1.599189e-17
-2.6776276e-17
5.4128392e-10
-2.0868733e-17
-2.5500985e-17
5.2377843e-10
-2.2744403e-17
-2.3619053e-17
4.9689356e-10
-2.1576219e-17
-2.1163214e-17
4.5984184e-10
-1.784441e-17
-1.8206156e-17
4.1151162e-10
-1.2477746e-17
-1.4857075e-17
3.5041073e-10
-6.7416494e-18
-1.1215749e-17
2.7459702e-10
-2.0846706e-18
-7.2861872e-18
1.8160885e-10
-2.8171555e-18
6.8431342e-11
1.9813835e-18
-2.1723833e-18
6.0338639e-11
5.9222469e-18
-5.4613348e-18
1.5787096e-10
1.0614893e-17
-8.2063869e-18
2.3656653e-10
1.4873539e-17
-1.0654485e-17
2.9987396e-10
1.7724032e-17
-1.2850224e-17
3.5041073e-10
1.8479074e-17
-1.4773692e-17
3.9011899e-10
1.6800592e-17
-1.6379283e-17
4.2042142e-10
1.2765635e-17
-1.7618315e-17
4.4234134e-10
6.8767925e-18
-1.8454545e-17
4.5658603e-10
-1.7096508e-20
-1.8870761e-17
4.6360077e-10
-6.8800631e-18
-1.8866094e-17
4.6360077e-10
-1.2689325e-17
-1.8446461e-17
4.5658603e-10
-1.6626796e-17
-1.7616818e-17
4.4234134e-10
-1.8217474e-17
-1.638214e-17
4.2042142e-10
-1.7393688e-17
-1.4759005e-17
3.9011899e-10
-1.4492866e-17
-1.2789214e-17
3.5041073e-10
-1.0217935e-17
-1.0539037e-17
2.9987396e-10
-5.5714045e-18
-8.065045e-18
2.3656653e-10
-1.7463992e-18
-5.3455872e-18
1.5787096e-10
-2.1337924e-18
6.0338639e-11
1.578512e-18
-1.2725385e-18
4.9849565e-11
4.6139215e-18
-3.1469664e-18
1.2742849e-10
8.1579021e-18
-4.6457071e-18
1.8838284e-10
1.1283168e-17
-5.9470215e-18
2.3656653e-10
1.3276381e-17
-7.0740305e-18
2.7459702e-10
1.3685466e-17
-8.0263901e-18
3.0426064e-10
1.2326704e-17
-8.8024191e-18
3.2679047e-10
9.2999862e-18
-9.3979329e-18
3.4303816e-10
4.9821345e-18
-9.8043456e-18
3.5357678e-10
-2.8299319e-20
-1.0012125e-17
3.5876113e-10
-5.0114948e-18
-1.0014748e-17
3.5876113e-10
-9.2549328e-18
-9.8096226e-18
3.5357678e-10
-1.2178444e-17
-9.39588e-18
3.4303816e-10
-1.3428435e-17
-8.7739693e-18
3.2679047e-10
-1.2926548e-17
-7.9505673e-18
3.0426064e-10
-1.0877919e-17
-6.9457525e-18
2.7459702e-10
-7.7592353e-18
-5.7923991e-18
2.3656653e-10
-4.2929254e-18
-4.515151e-18
1.8838284e-10
-1.3797549e-18
-3.0851213e-18
1.2742849e-10
-1.2952448e-18
4.9849565e-11
1.0978429e-18
-4.6128074e-19
3.5939366e-11
3.1156811e-18
-1.111676e-18
8.806926e-11
5.4145935e-18
-1.5883389e-18
1.2742849e-10
7.3776668e-18
-1.9841909e-18
1.5787096e-10
8.5549567e-18
-2.3017689e-18
1.8160885e-10
8.6970147e-18
-2.5465742e-18
1.9999476e-10
7.7372406e-18
-2.7327524e-18
2.1390032e-10
5.7767153e-18
-2.873931e-18
2.239027e-10
3.0640493e-18
-2.9748395e-18
2.3038048e-10
-4.076059e-20
-3.0313404e-18
2.3356452e-10
-3.1185957e-18
-3.03576e-18
2.3356452e-10
-5.7559615e-18
-2.9821763e-18
2.3038048e-10
-7.6095851e-18
-2.8676369e-18
2.239027e-10
-8.4583087e-18
-2.6917602e-18
2.1390032e-10
-8.2330203e-18
-2.4573495e-18
1.9999476e-10
-7.0278477e-18
-2.1721249e-18
1.8160885e-10
-5.1061315e-18
-1.8474948e-18
1.5787096e-10
-2.9019767e-18
-1.4888449e-18
1.2742849e-10
-9.8761804e-19
-1.082227e-18
8.806926e-11
-5.1124802e-19
3.5939366e-11
4.5423539e-19
1.6236677e-11
1.2594913e-18
3.5939366e-11
2.1506073e-18
4.9849565e-11
2.8797613e-18
6.0338639e-11
3.2802102e-18
6.8431342e-11
3.2745811e-18
7.4667888e-11
2.8617815e-18
7.9372012e-11
2.1010382e-18
8.2750527e-11
1.094284e-18
8.4936589e-11
-3.1069914e-20
8.6010609e-11
-1.1374469e-18
8.6010609e-11
-2.0918339e-18
8.4936589e-11
-2.7815671e-18
8.2750527e-11
-3.1285018e-18
7.9372012e-11
-3.0985493e-18
7.4667888e-11
-2.7074368e-18
6.8431342e-11
-2.0293177e-18
6.0338639e-11
-1.2085837e-18
4.9849565e-11
-4.6179498e-19
3.5939366e-11
1.6236677e-11
2.3395234e-19
2.2598749e-19
1.6236677e-11
6.2794115e-19
4.9828832e-19
3.5939365e-11
1.0718322e-18
7.2544934e-19
4.9849564e-11
1.4495483e-18
9.4894516e-19
6.0338638e-11
1.6788816e-18
1.1547731e-18
6.843134e-11
1.711321e-18
1.3280826e-18
7.4667887e-11
1.531026e-18
1.4598658e-18
7.9372011e-11
1.1529465e-18
1.5504113e-18
8.2750526e-11
6.1993769e-19
1.6066947e-18
8.4936588e-11
-2.7059109e-21
1.6375037e-18
8.6010608e-11
-6.3557565e-19
1.6491555e-18
8.6010608e-11
-1.1954317e-18
1.6430243e-18
8.4936588e-11
-1.6057436e-18
1.6142904e-18
8.2750526e-11
-1.8090528e-18
1.5522326e-18
7.9372011e-11
-1.7779975e-18
1.4432918e-18
7.4667887e-11
-1.5233488e-18
1.2773051e-18
6.843134e-11
-1.0997028e-18
1.0544421e-18
6.0338638e-11
-6.080624e-19
7.8885983e-19
4.9849564e-11
-1.8967997e-19
5.0378908e-19
3.5939365e-11
1.7995889e-19
1.6236677e-11
5.167219e-19
6.2677992e-19
3.5939365e-11
1.5627536e-18
1.5386855e-18
8.8069258e-11
2.7760422e-18
2.3175145e-18
1.2742849e-10
3.8392451e-18
3.0499036e-18
1.5787096e-10
4.5129206e-18
3.724721e-18
1.8160885e-10
4.6480092e-18
4.3095335e-18
1.9999475e-10
4.1890642e-18
4.7777151e-18
2.1390031e-10
3.1729625e-18
5.1194588e-18
2.239027e-10
1.7218393e-18
5.3394078e-18
2.3038048e-10
2.5677197e-20
5.4478799e-18
2.3356451e-10
-1.6861981e-18
5.4532045e-18
2.3356451e-10
-3.1803057e-18
5.3580143e-18
2.3038048e-10
-4.2539257e-18
5.1592743e-18
2.239027e-10
-4.7661466e-18
4.8495765e-18
2.1390031e-10
-4.6605086e-18
4.4201683e-18
1.9999475e-10
-3.9792106e-18
3.8658085e-18
1.8160885e-10
-2.8718143e-18
3.1921379e-18
1.5787096e-10
-1.6008696e-18
2.4190632e-18
1.2742849e-10
-5.2136711e-19
1.5685165e-18
8.8069258e-11
5.9200986e-19
3.5939365e-11
7.4477778e-19
1.0820641e-18
4.9849564e-11
2.357331e-18
2.7535685e-18
1.2742849e-10
4.279846e-18
4.2232127e-18
1.8838284e-10
6.0049442e-18
5.6077006e-18
2.3656652e-10
7.1344792e-18
6.8930759e-18
2.7459702e-10
7.4074177e-18
8.0246216e-18
3.0426064e-10
6.7149402e-18
8.9504093e-18
3.2679046e-10
5.1056672e-18
9.6417956e-18
3.4303815e-10
2.7775112e-18
1.0093549e-17
3.5357678e-10
4.906349e-20
1.0312342e-17
3.5876113e-10
-2.6920361e-18
1.0304907e-17
3.5876113e-10
-5.0553716e-18
1.0073639e-17
3.5357678e-10
-6.7145765e-18
9.619518e-18
3.4303815e-10
-7.4610119e-18
8.9470808e-18
3.2679046e-10
-7.2348886e-18
8.0669493e-18
3.0426064e-10
-6.133106e-18
6.995406e-18
2.7459702e-10
-4.4064213e-18
5.75304e-18
2.3656652e-10
-2.4561577e-18
4.3626297e-18
1.8838284e-10
-8.0758475e-19
2.8328599e-18
1.2742849e-10
1.0799061e-18
4.9849564e-11
9.5919108e-19
1.4684948e-18
6.0338638e-11
3.0919421e-18
3.8223403e-18
1.5787096e-10
5.6842122e-18
5.9415355e-18
2.3656652e-10
8.0551392e-18
7.9580769e-18
2.9987396e-10
9.648475e-18
9.8492604e-18
3.5041073e-10
1.0082565e-17
1.1535944e-17
3.9011899e-10
9.1836909e-18
1.2937507e-17
4.2042142e-10
7.0030958e-18
1.4001253e-17
4.4234134e-10
3.8107827e-18
1.4706661e-17
4.5658603e-10
5.6475151e-20
1.505227e-17
4.6360076e-10
-3.7053616e-18
1.5040363e-17
4.6360076e-10
-6.9166832e-18
1.4670364e-17
4.5658603e-10
-9.1212621e-18
1.3944525e-17
4.4234134e-10
-1.0048423e-17
1.2879058e-17
4.2042142e-10
-9.6540379e-18
1.1510231e-17
3.9011899e-10
-8.1151164e-18
9.889553e-18
3.5041073e-10
-5.798221e-18
8.0694388e-18
2.9987396e-10
-3.2323054e-18
6.0860572e-18
2.3656652e-10
-1.0741989e-18
3.9364065e-18
1.5787096e-10
1.5003621e-18
6.0338638e-11
1.1526185e-18
1.7011078e-18
6.843134e-11
3.7609696e-18
4.5030071e-18
1.8160885e-10
6.9765119e-18
7.0760045e-18
2.7459702e-10
9.9640553e-18
9.5511821e-18
3.5041073e-10
1.2015841e-17
1.1895237e-17
4.1151161e-10
1.2626273e-17
1.4008609e-17
4.5984184e-10
1.1548916e-17
1.5786138e-17
4.9689356e-10
8.8298781e-18
1.7152467e-17
5.2377843e-10
4.8054427e-18
1.8070094e-17
5.4128392e-10
5.3765892e-20
1.8527998e-17
5.499138e-10
-4.7033242e-18
1.8523303e-17
5.499138e-10
-8.7365833e-18
1.8051546e-17
5.4128392e-10
-1.1455281e-17
1.7113115e-17
5.2377843e-10
-1.2525631e-17
1.5729871e-17
4.9689356e-10
-1.1926953e-17
1.3958466e-17
4.5984184e-10
-9.9330105e-18
1.1886227e-17
4.1151161e-10
-7.0422951e-18
9.6068149e-18
3.5041073e-10
-3.9102199e-18
7.1842589e-18
2.7459702e-10
-1.3003054e-18
4.6151138e-18
1.8160885e-10
1.7536758e-18
6.843134e-11
1.3174035e-18
1.7315994e-18
7.4667887e-11
4.3411569e-18
4.6441933e-18
1.9999475e-10
8.110127e-18
7.3619742e-18
3.0426064e-10
1.1658248e-17
1.00021e-17
3.9011899e-10
1.414022e-17
1.2522791e-17
4.5984184e-10
1.4930954e-17
1.481453e-17
5.1530186e-10
1.3708801e-17
1.67595e-17
5.5799122e-10
1.0508406e-17
1.8267998e-17
5.8905357e-10
5.7246405e-18
1.9290041e-17
6.0931608e-10
5.4484485e-20
1.9806522e-17
6.193154e-10
-5.6239424e-18
1.9811232e-17
6.193154e-10
-1.0419613e-17
1.9298573e-17
6.0931608e-10
-1.361219e-17
1.8266933e-17
5.8905357e-10
-1.4803763e-17
1.6737428e-17
5.5799122e-10
-1.3993793e-17
1.4773779e-17
5.1530186e-10
-1.1552691e-17
1.2484643e-17
4.5984184e-10
-8.1161036e-18
9.9968092e-18
3.9011899e-10
-4.4688374e-18
7.4053667e-18
3.0426064e-10
-1.4704611e-18
4.718875e-18
1.9999475e-10
1.7857814e-18
7.4667887e-11
1.4487879e-18
1.5460171e-18
7.9372011e-11
4.8123243e-18
4.1875784e-18
2.1390031e-10
9.0405859e-18
6.683378e-18
3.2679046e-10
1.3063625e-17
9.1274445e-18
4.2042142e-10
1.5920507e-17
1.1475856e-17
4.9689356e-10
1.6879921e-17
1.3623681e-17
5.5799122e-10
1.5549054e-17
1.545691e-17
6.0517455e-10
1.1947588e-17
1.6885797e-17
6.3958723e-10
6.5189405e-18
1.785686e-17
6.6207011e-10
6.3192905e-20
1.8347821e-17
6.7317498e-10
-6.4059752e-18
1.8352767e-17
6.7317498e-10
-1.1858785e-17
1.7868605e-17
6.6207011e-10
-1.5462697e-17
1.6894394e-17
6.3958723e-10
-1.6760772e-17
1.5446986e-17
6.0517455e-10
-1.5763595e-17
1.3583067e-17
5.5799122e-10
-1.2922349e-17
1.1409117e-17
4.9689356e-10
-8.9976827e-18
9.0607252e-18
4.2042142e-10
-4.8999583e-18
6.6505026e-18
3.2679046e-10
-1.5818563e-18
4.2031229e-18
2.1390031e-10
1.5841416e-18
7.9372011e-11
1.5464845e-18
1.1614613e-18
8.2750526e-11
5.1664775e-18
3.1674498e-18
2.239027e-10
9.7437932e-18
5.0797892e-18
3.4303815e-10
1.4133154e-17
6.9649797e-18
4.4234134e-10
1.7285428e-17
8.7862695e-18
5.2377843e-10
1.8384216e-17
1.0459002e-17
5.8905357e-10
1.6976958e-17
1.1890474e-17
6.3958723e-10
1.3068094e-17
1.3006217e-17
6.7650935e-10
7.1386128e-18
1.3760669e-17
7.0066081e-10
7.1319025e-20
1.4135334e-17
7.1259812e-10
-7.012937e-18
1.4127996e-17
7.1259812e-10
-1.2977277e-17
1.3740946e-17
7.0066081e-10
-1.690417e-17
1.2976175e-17
6.7650935e-10
-1.829042e-17
1.184462e-17
6.3958723e-10
-1.7149936e-17
1.038537e-17
5.8905357e-10
-1.3990193e-17
8.6798681e-18
5.2377843e-10
-9.6691407e-18
6.8425359e-18
4.4234134e-10
-5.206209e-18
4.9784339e-18
3.4303815e-10
-1.6419942e-18
3.1218437e-18
2.239027e-10
1.1734636e-18
8.2750526e-11
1.6130296e-18
6.2162381e-19
8.4936588e-11
5.404872e-18
1.703991e-18
2.3038048e-10
1.0215311e-17
2.7418102e-18
3.5357678e-10
1.4851138e-17
3.7715506e-18
4.5658603e-10
1.8203638e-17
4.773599e-18
5.4128392e-10
1.9397693e-17
5.6992984e-18
6.0931608e-10
1.7938564e-17
6.4921035e-18
6.6207011e-10
1.381942e-17
7.1049858e-18
7.0066081e-10
7.5480387e-18
7.5097372e-18
7.2592435e-10
6.5818775e-20
7.6971942e-18
7.3841723e-10
-7.4320447e-18
7.6716623e-18
7.3841723e-10
-1.3737911e-17
7.4413857e-18
7.2592435e-10
-1.7880963e-17
7.011518e-18
7.0066081e-10
-1.9329223e-17
6.3858697e-18
6.6207011e-10
-1.8095912e-17
5.5794697e-18
6.0931608e-10
-1.4719301e-17
4.6332079e-18
5.4128392e-10
-1.0119138e-17
3.6160853e-18
4.5658603e-10
-5.3952523e-18
2.6002274e-18
3.5357678e-10
-1.6631278e-18
1.6163845e-18
2.3038048e-10
6.0997283e-19
8.4936588e-11
1.6512112e-18
-9.5616576e-21
8.6010608e-11
5.5309707e-18
-1.2891716e-20
2.3356451e-10
1.0458073e-17
-1.3337506e-20
3.5876113e-10
1.5218114e-17
-8.9648992e-21
4.6360076e-10
1.8670976e-17
4.365243e-21
5.499138e-10
1.9909413e-17
2.6270136e-20
6.193154e-10
1.8416949e-17
4.7363546e-20
6.7317498e-10
1.4183318e-17
5.5048755e-20
7.1259812e-10
7.7330827e-18
4.1988884e-20
7.3841723e-10
4.067427e-20
1.0430701e-20
7.5118789e-10
-7.6602372e-18
-2.8566996e-20
7.5118789e-10
-1.4129379e-17
-6.1788435e-20
7.3841723e-10
-1.8374816e-17
-8.2521193e-20
7.1259812e-10
-1.9853985e-17
-9.52342e-20
6.7317498e-10
-1.8577905e-17
-1.1114614e-19
6.193154e-10
-1.5092556e-17
-1.3546087e-19
5.499138e-10
-1.0343528e-17
-1.5710196e-19
4.6360076e-10
-5.4757534e-18
-1.5264306e-19
3.5876113e-10
-1.6569014e-18
-1.0679765e-19
2.3356451e-10
-2.8923831e-20
8.6010608e-11
1.6641655e-18
-6.5622373e-19
8.6010608e-11
5.5466916e-18
-1.7526314e-18
2.3356451e-10
1.0471803e-17
-2.7920675e-18
3.5876113e-10
1.5233151e-17
-3.8158509e-18
4.6360076e-10
1.8688103e-17
-4.7982978e-18
5.499138e-10
1.9922047e-17
-5.6878039e-18
6.193154e-10
1.8415833e-17
-6.4408928e-18
6.7317498e-10
1.4163769e-17
-7.0335911e-18
7.1259812e-10
7.6985094e-18
-7.4542796e-18
7.3841723e-10
1.6508147e-21
-7.6922336e-18
7.5118789e-10
-7.6917956e-18
-7.7326701e-18
7.5118789e-10
-1.4147549e-17
-7.5598123e-18
7.3841723e-10
-1.8383421e-17
-7.1666102e-18
7.1259812e-10
-1.9862831e-17
-6.5655145e-18
6.7317498e-10
-1.8592507e-17
-5.7912079e-18
6.193154e-10
-1.5106537e-17
-4.8921375e-18
5.499138e-10
-1.0342432e-17
-3.9135931e-18
4.6360076e-10
-5.4536267e-18
-2.8840661e-18
3.5876113e-10
-1.6308215e-18
-1.8090199e-18
2.3356451e-10
-6.5721692e-19
8.6010608e-11
1.6564345e-18
-1.2377563e-18
8.4936588e-11
5.454111e-18
-3.2801088e-18
2.3038048e-10
1.0252752e-17
-5.1945982e-18
3.5357678e-10
1.4887858e-17
-7.0755117e-18
4.5658603e-10
1.8247116e-17
-8.889551e-18
5.4128392e-10
1.9433914e-17
-1.0542869e-17
6.0931608e-10
1.7941506e-17
-1.1942722e-17
6.6207011e-10
1.3772636e-17
-1.3030258e-17
7.0066081e-10
7.4584842e-18
-1.377841e-17
7.2592435e-10
-3.7934414e-20
-1.417415e-17
7.3841723e-10
-7.5166657e-18
-1.4204195e-17
7.3841723e-10
-1.3786963e-17
-1.3853589e-17
7.2592435e-10
-1.7905848e-17
-1.3115588e-17
7.0066081e-10
-1.9357098e-17
-1.2007178e-17
6.6207011e-10
-1.8140841e-17
-1.0579223e-17
6.0931608e-10
-1.4760361e-17
-8.9122226e-18
5.4128392e-10
-1.011464e-17
-7.0963586e-18
4.5658603e-10
-5.3295949e-18
-5.2033027e-18
3.5357678e-10
-1.5868195e-18
-3.2574219e-18
2.3038048e-10
-1.1930756e-18
8.4936588e-11
1.6316013e-18
-1.6759403e-18
8.2750526e-11
5.2574523e-18
-4.3900401e-18
2.239027e-10
9.8018232e-18
-6.8878948e-18
3.4303815e-10
1.4176505e-17
-9.3175111e-18
4.4234134e-10
1.7338274e-17
-1.1657951e-17
5.2377843e-10
1.8438273e-17
-1.3798006e-17
5.8905357e-10
1.6995705e-17
-1.5612467e-17
6.3958723e-10
1.3020286e-17
-1.701411e-17
6.7650935e-10
7.0269204e-18
-1.7963276e-17
7.0066081e-10
-6.5975122e-20
-1.8448261e-17
7.1259812e-10
-7.1277366e-18
-1.8462794e-17
7.1259812e-10
-1.3046071e-17
-1.7996337e-17
7.0066081e-10
-1.6944101e-17
-1.7042465e-17
6.7650935e-10
-1.8339439e-17
-1.5617558e-17
6.3958723e-10
-1.7223051e-17
-1.377748e-17
5.8905357e-10
-1.4050646e-17
-1.1618573e-17
5.2377843e-10
-9.6543709e-18
-9.2573144e-18
4.4234134e-10
-5.098315e-18
-6.7928896e-18
3.4303815e-10
-1.5214081e-18
-4.2614209e-18
2.239027e-10
-1.5697005e-18
8.2750526e-11
1.5862905e-18
-1.9047551e-18
7.9372011e-11
4.9592348e-18
-4.9355143e-18
2.1390031e-10
9.1302461e-18
-7.6603543e-18
3.2679046e-10
1.3113096e-17
-1.0265235e-17
4.2042142e-10
1.5972362e-17
-1.2755258e-17
4.9689356e-10
1.6942814e-17
-1.5033102e-17
5.5799122e-10
1.5587341e-17
-1.6970123e-17
6.0517455e-10
1.1918316e-17
-1.8465854e-17
6.3958723e-10
6.4144694e-18
-1.9470642e-17
6.6207011e-10
-7.8976207e-20
-1.9973387e-17
6.7317498e-10
-6.532058e-18
-1.9975464e-17
6.7317498e-10
-1.1940987e-17
-1.9473545e-17
6.6207011e-10
-1.5518073e-17
-1.8462055e-17
6.3958723e-10
-1.6827061e-17
-1.6952182e-17
6.0517455e-10
-1.584895e-17
-1.4993143e-17
5.5799122e-10
-1.2978138e-17
-1.2679072e-17
4.9689356e-10
-8.9552911e-18
-1.0131964e-17
4.2042142e-10
-4.7507038e-18
-7.460002e-18
3.2679046e-10
-1.4272072e-18
-4.7019668e-18
2.1390031e-10
-1.7447405e-18
7.9372011e-11
1.505649e-18
-1.8858837e-18
7.4667887e-11
4.5543205e-18
-4.8505252e-18
1.9999475e-10
8.256661e-18
-7.449896e-18
3.0426064e-10
1.1739014e-17
-9.8763817e-18
3.9011899e-10
1.4201261e-17
-1.2157753e-17
4.5984184e-10
1.4997114e-17
-1.4232628e-17
5.1530186e-10
1.375661e-17
-1.6000483e-17
5.5799122e-10
1.0494899e-17
-1.7370511e-17
5.8905357e-10
5.6340437e-18
-1.8290474e-17
6.0931608e-10
-8.3423984e-20
-1.874675e-17
6.193154e-10
-5.7576872e-18
-1.8743999e-17
6.193154e-10
-1.0517469e-17
-1.8284806e-17
6.0931608e-10
-1.3682006e-17
-1.7365417e-17
5.8905357e-10
-1.4870914e-17
-1.5990059e-17
5.5799122e-10
-1.4056478e-17
-1.4193257e-17
5.1530186e-10
-1.1563564e-17
-1.2052376e-17
4.5984184e-10
-8.0222987e-18
-9.6755657e-18
3.9011899e-10
-4.2816137e-18
-7.1628384e-18
3.0426064e-10
-1.2970848e-18
-4.5475744e-18
1.9999475e-10
-1.7051931e-18
7.4667887e-11
1.3686407e-18
-1.6245683e-18
6.843134e-11
4.0298999e-18
-4.1687844e-18
1.8160885e-10
7.1991863e-18
-6.3498331e-18
2.7459702e-10
1.011416e-17
-8.3310043e-18
3.5041073e-10
1.2117763e-17
-1.0143923e-17
4.1151161e-10
1.270447e-17
-1.1764e-17
4.5984184e-10
1.1594329e-17
-1.3137007e-17
4.9689356e-10
8.8128843e-18
-1.4204369e-17
5.2377843e-10
4.7128717e-18
-1.4924706e-17
5.4128392e-10
-9.0386502e-20
-1.5282439e-17
5.499138e-10
-4.852172e-18
-1.5279707e-17
5.499138e-10
-8.8526452e-18
-1.4920293e-17
5.4128392e-10
-1.1529429e-17
-1.4201551e-17
5.2377843e-10
-1.2564551e-17
-1.3121816e-17
4.9689356e-10
-1.1924409e-17
-1.1699367e-17
4.5984184e-10
-9.8612386e-18
-9.9868744e-18
4.1151161e-10
-6.8838937e-18
-8.0659815e-18
3.5041073e-10
-3.6994939e-18
-6.0158153e-18
2.7459702e-10
-1.1295046e-18
-3.8589144e-18
1.8160885e-10
-1.4693812e-18
6.843134e-11
1.1618329e-18
-1.1790992e-18
6.0338638e-11
3.376197e-18
-3.0379705e-18
1.5787096e-10
5.9714666e-18
-4.6058246e-18
2.3656652e-10
8.2956028e-18
-5.9948074e-18
2.9987396e-10
9.8266484e-18
-7.2186848e-18
3.5041073e-10
1.0199093e-17
-8.272335e-18
3.9011899e-10
9.2323947e-18
-9.1439343e-18
4.2042142e-10
6.9719617e-18
-9.816133e-18
4.4234134e-10
3.7007909e-18
-1.0270917e-17
4.5658603e-10
-1.0489352e-19
-1.0497157e-17
4.6360076e-10
-3.870939e-18
-1.0492487e-17
4.6360076e-10
-7.0411984e-18
-1.025729e-17
4.5658603e-10
-9.1785675e-18
-9.7879066e-18
4.4234134e-10
-1.0031501e-17
-9.0790957e-18
4.2042142e-10
-9.563468e-18
-8.1362607e-18
3.9011899e-10
-7.9559493e-18
-6.9879314e-18
3.5041073e-10
-5.593755e-18
-5.6856159e-18
2.9987396e-10
-3.0303534e-18
-4.2819277e-18
2.3656652e-10
-9.3211559e-19
-2.7876519e-18
1.5787096e-10
-1.0875924e-18
6.0338638e-11
8.9116396e-19
-6.5897806e-19
4.9849564e-11
2.5989645e-18
-1.7234744e-18
1.2742849e-10
4.5816557e-18
-2.6135105e-18
1.8838284e-10
6.312914e-18
-3.3887924e-18
2.3656652e-10
7.3964908e-18
-4.0383847e-18
2.7459702e-10
7.5873849e-18
-4.5583123e-18
3.0426064e-10
6.7925284e-18
-4.959346e-18
3.2679046e-10
5.0773086e-18
-5.2547904e-18
3.4303815e-10
2.660469e-18
-5.4506204e-18
3.5357678e-10
-1.1791234e-19
-5.5455539e-18
3.5876113e-10
-2.8561141e-18
-5.5357544e-18
3.5876113e-10
-5.1649413e-18
-5.4171567e-18
3.5357678e-10
-6.7355881e-18
-5.1840463e-18
3.4303815e-10
-7.3854178e-18
-4.8297992e-18
3.2679046e-10
-7.0789286e-18
-4.3526474e-18
3.0426064e-10
-5.9324737e-18
-3.7637874e-18
2.7459702e-10
-4.210047e-18
-3.0889853e-18
2.3656652e-10
-2.3070969e-18
-2.3564807e-18
1.8838284e-10
-7.1917415e-19
-1.5704914e-18
1.2742849e-10
-6.398725e-19
4.9849564e-11
5.7984776e-19
-2.1374237e-19
3.5939365e-11
1.7113408e-18
-5.8557596e-19
8.8069258e-11
3.0193071e-18
-8.9528534e-19
1.2742849e-10
4.1397127e-18
-1.1615783e-18
1.5787096e-10
4.8068607e-18
-1.3633457e-18
1.8160885e-10
4.8740086e-18
-1.4959469e-18
1.9999475e-10
4.3076378e-18
-1.5734666e-18
2.1390031e-10
3.1763639e-18
-1.6169447e-18
2.239027e-10
1.6333162e-18
-1.6413843e-18
2.3038048e-10
-1.0926777e-19
-1.6510769e-18
2.3356451e-10
-1.8128734e-18
-1.6430494e-18
2.3356451e-10
-3.2497399e-18
-1.6115832e-18
2.3038048e-10
-4.2379358e-18
-1.5506424e-18
2.239027e-10
-4.6659286e-18
-1.4547288e-18
2.1390031e-10
-4.5052353e-18
-1.3206641e-18
1.9999475e-10
-3.8155398e-18
-1.1508159e-18
1.8160885e-10
-2.7475745e-18
-9.5394697e-19
1.5787096e-10
-1.5392255e-18
-7.410512e-19
1.2742849e-10
-5.0168187e-19
-5.1831096e-19
8.8069258e-11
-2.3745273e-19
3.5939365e-11
2.113934e-19
1.6236677e-11
6.5620783e-19
3.5939365e-11
1.1749417e-18
4.9849564e-11
1.6154641e-18
6.0338638e-11
1.868661e-18
6.843134e-11
1.8772298e-18
7.4667887e-11
1.6362555e-18
7.9372011e-11
1.1853475e-18
8.2750526e-11
5.9347423e-19
8.4936588e-11
-5.7174697e-20
8.6010608e-11
-6.8311414e-19
8.6010608e-11
-1.2089747e-18
8.4936588e-11
-1.5753044e-18
8.2750526e-11
-1.7441223e-18
7.9372011e-11
-1.7027411e-18
7.4667887e-11
-1.4664441e-18
6.843134e-11
-1.0827166e-18
6.0338638e-11
-6.3255398e-19
4.9849564e-11
-2.3120958e-19
3.5939365e-11
1.6236677e-11
6.8135371e-20
8.9663327e-20
1.6236676e-11
2.3332494e-19
2.3856175e-19
3.5939365e-11
4.2117021e-19
3.8352328e-19
4.9849563e-11
6.0304373e-19
5.2588818e-19
6.0338637e-11
7.3799259e-19
6.5075042e-19
6.843134e-11
7.8662641e-19
7.5187581e-19
7.4667886e-11
7.2916974e-19
8.3121966e-19
7.937201e-11
5.661675e-19
8.9567692e-19
8.2750525e-11
3.1470658e-19
9.5281879e-19
8.4936587e-11
6.3396035e-21
1.006436e-18
8.6010607e-11
-3.1651395e-19
1.0528211e-18
8.6010607e-11
-6.0595613e-19
1.0809501e-18
8.4936587e-11
-8.1681233e-19
1.0752104e-18
8.2750525e-11
-9.1627504e-19
1.0214494e-18
7.937201e-11
-8.9214898e-19
9.1347655e-19
7.4667886e-11
-7.56268e-19
7.575641e-19
6.843134e-11
-5.4241897e-19
5.7262309e-19
6.0338637e-11
-3.0035878e-19
3.8536127e-19
4.9849563e-11
-9.3043586e-20
2.2177245e-19
3.5939365e-11
8.011609e-20
1.6236676e-11
1.9908329e-19
2.8115352e-19
3.5939365e-11
6.7556435e-19
7.6287443e-19
8.8069257e-11
1.2306158e-18
1.2115982e-18
1.2742848e-10
1.751756e-18
1.645827e-18
1.5787095e-10
2.1266132e-18
2.0464839e-18
1.8160885e-10
2.2581997e-18
2.3937896e-18
1.9999475e-10
2.0953203e-18
2.6762287e-18
2.1390031e-10
1.6384498e-18
2.89327e-18
2.239027e-10
9.3480495e-19
3.0521602e-18
2.3038048e-10
7.1886746e-20
3.160173e-18
2.3356451e-10
-8.3265638e-19
3.2163771e-18
2.3356451e-10
-1.6476142e-18
3.2093787e-18
2.3038048e-10
-2.2491744e-18
3.1207909e-18
2.239027e-10
-2.5448832e-18
2.933426e-18
2.1390031e-10
-2.4945123e-18
2.6398083e-18
1.9999475e-10
-2.1224434e-18
2.248227e-18
1.8160885e-10
-1.5181415e-18
1.7839378e-18
1.5787095e-10
-8.2816819e-19
1.284048e-18
1.2742848e-10
-2.4455177e-19
7.8312147e-19
8.8069257e-11
2.7468438e-19
3.5939365e-11
3.3826305e-19
4.8738937e-19
4.9849563e-11
1.1146467e-18
1.3520003e-18
1.2742848e-10
2.0409788e-18
2.1754546e-18
1.8838283e-10
2.9108158e-18
2.9878021e-18
2.3656652e-10
3.5309133e-18
3.7596534e-18
2.7459701e-10
3.744494e-18
4.447989e-18
3.0426064e-10
3.4702089e-18
5.0162447e-18
3.2679046e-10
2.7117973e-18
5.4444633e-18
3.4303815e-10
1.5516207e-18
5.7314508e-18
3.5357678e-10
1.382893e-19
5.8860959e-18
3.5876113e-10
-1.3320225e-18
5.9156283e-18
3.5876113e-10
-2.6453425e-18
5.818169e-18
3.5357678e-10
-3.6052227e-18
5.5841073e-18
3.4303815e-10
-4.0702671e-18
5.2031158e-18
3.2679046e-10
-3.983667e-18
4.6724979e-18
3.0426063e-10
-3.3888459e-18
4.0023473e-18
2.7459701e-10
-2.42921e-18
3.217743e-18
2.3656652e-10
-1.337474e-18
2.3564543e-18
1.8838283e-10
-4.1430877e-19
1.4555691e-18
1.2742848e-10
5.0761886e-19
4.9849563e-11
4.8255362e-19
6.7592184e-19
6.0338637e-11
1.5556847e-18
1.8833508e-18
1.5787095e-10
2.8620034e-18
3.0539566e-18
2.3656652e-10
4.0940801e-18
4.2260199e-18
2.9987395e-10
4.9687814e-18
5.3603147e-18
3.5041072e-10
5.2640851e-18
6.3917057e-18
3.9011898e-10
4.8669196e-18
7.2565469e-18
4.2042142e-10
3.7881858e-18
7.9098974e-18
4.4234134e-10
2.1524516e-18
8.3336215e-18
4.5658603e-10
1.7770082e-19
8.5324602e-18
4.6360076e-10
-1.8553779e-18
8.520514e-18
4.6360076e-10
-3.6477892e-18
8.3086328e-18
4.5658603e-10
-4.9346143e-18
7.9014875e-18
4.4234134e-10
-5.5359695e-18
7.3023313e-18
4.2042142e-10
-5.3932372e-18
6.520172e-18
3.9011898e-10
-4.5804408e-18
5.5732242e-18
3.5041072e-10
-3.295434e-18
4.4889514e-18
2.9987395e-10
-1.8429616e-18
3.3030323e-18
2.3656652e-10
-6.0654821e-19
2.0496572e-18
1.5787095e-10
7.1756111e-19
6.0338637e-11
6.1176037e-19
8.0579824e-19
6.843134e-11
1.9685684e-18
2.2434053e-18
1.8160885e-10
3.6498248e-18
3.6516776e-18
2.7459701e-10
5.2464874e-18
5.0742005e-18
3.5041072e-10
6.3815147e-18
6.467057e-18
4.1151161e-10
6.7619599e-18
7.752612e-18
4.5984183e-10
6.2391097e-18
8.8492955e-18
4.9689356e-10
4.8313687e-18
9.6897388e-18
5.2377843e-10
2.7117728e-18
1.0234809e-17
5.4128392e-10
1.7551974e-19
1.0476848e-17
5.499138e-10
-2.4069046e-18
1.0429657e-17
5.499138e-10
-4.6506329e-18
1.0114062e-17
5.4128392e-10
-6.2263207e-18
9.5497296e-18
5.2377843e-10
-6.9250778e-18
8.7563469e-18
4.9689356e-10
-6.6995443e-18
7.7592981e-18
4.5984183e-10
-5.6670672e-18
6.5914969e-18
4.1151161e-10
-4.083235e-18
5.2897887e-18
3.5041072e-10
-2.3123225e-18
3.890371e-18
2.7459701e-10
-7.9604109e-19
2.4200541e-18
1.8160885e-10
8.5612289e-19
6.843134e-11
7.1577961e-19
8.3959045e-19
7.4667886e-11
2.3264814e-18
2.3391982e-18
1.9999475e-10
4.353361e-18
3.8168384e-18
3.0426064e-10
6.2949306e-18
5.3157432e-18
3.9011898e-10
7.6847593e-18
6.7927088e-18
4.5984183e-10
8.1574102e-18
8.1703386e-18
5.1530186e-10
7.5218042e-18
9.3643908e-18
5.5799122e-10
5.7992306e-18
1.0298262e-17
5.8905357e-10
3.2120254e-18
1.0916087e-17
6.0931608e-10
1.3683585e-19
1.1192546e-17
6.193154e-10
-2.9628948e-18
1.113153e-17
6.193154e-10
-5.6179596e-18
1.0755633e-17
6.0931608e-10
-7.4400858e-18
1.0095654e-17
5.8905357e-10
-8.1988059e-18
9.1869319e-18
5.5799122e-10
-7.8665081e-18
8.071643e-18
5.1530186e-10
-6.6119786e-18
6.7990154e-18
4.5984183e-10
-4.7526132e-18
5.4188278e-18
3.9011898e-10
-2.7058371e-18
3.9709838e-18
3.0426063e-10
-9.5439196e-19
2.473294e-18
1.9999475e-10
8.8723564e-19
7.4667886e-11
7.9381637e-19
7.6208584e-19
7.937201e-11
2.6137294e-18
2.127919e-18
2.1390031e-10
4.9322878e-18
3.4776447e-18
3.2679046e-10
7.1730763e-18
4.847568e-18
4.2042142e-10
8.7945428e-18
6.1987378e-18
4.9689356e-10
9.3643911e-18
7.4644244e-18
5.5799122e-10
8.6451351e-18
8.5741485e-18
6.0517456e-10
6.650937e-18
9.460654e-18
6.3958723e-10
3.6450798e-18
1.006591e-17
6.6207011e-10
8.2375582e-20
1.035067e-17
6.7317499e-10
-3.4818708e-18
1.0302118e-17
6.7317499e-10
-6.4971492e-18
9.9335253e-18
6.6207011e-10
-8.5220811e-18
9.2775169e-18
6.3958723e-10
-9.3105853e-18
8.3792493e-18
6.0517456e-10
-8.8581259e-18
7.2934487e-18
5.5799122e-10
-7.386275e-18
6.081327e-18
4.9689356e-10
-5.2752609e-18
4.8020591e-18
4.2042142e-10
-2.9943918e-18
3.4982665e-18
3.2679046e-10
-1.0598907e-18
2.1795967e-18
2.1390031e-10
7.9446123e-19
7.937201e-11
8.499825e-19
5.7989859e-19
8.2750525e-11
2.8262321e-18
1.6225456e-18
2.239027e-10
5.3647104e-18
2.652374e-18
3.4303815e-10
7.8354686e-18
3.6943652e-18
4.4234134e-10
9.6433051e-18
4.7170816e-18
5.2377843e-10
1.0304728e-17
5.671161e-18
5.8905357e-10
9.5391141e-18
6.5102651e-18
6.3958723e-10
7.3432403e-18
7.1925971e-18
6.7650936e-10
4.0037623e-18
7.6765705e-18
7.0066082e-10
3.834528e-20
7.9228861e-18
7.1259812e-10
-3.9150754e-18
7.9047196e-18
7.1259812e-10
-7.2299965e-18
7.6177721e-18
7.0066082e-10
-9.4162624e-18
7.083426e-18
6.7650936e-10
-1.0215015e-17
6.3448478e-18
6.3958723e-10
-9.6439201e-18
5.4596671e-18
5.8905357e-10
-7.9728887e-18
4.492245e-18
5.2377843e-10
-5.6408602e-18
3.5023296e-18
4.4234134e-10
-3.1684042e-18
2.5296478e-18
3.4303815e-10
-1.1053471e-18
1.5761945e-18
2.239027e-10
5.8648527e-19
8.2750525e-11
8.9000958e-19
3.1513532e-19
8.4936587e-11
2.968677e-18
8.8333649e-19
2.3038048e-10
5.6474721e-18
1.4403557e-18
3.5357678e-10
8.2645071e-18
1.9978831e-18
4.5658603e-10
1.0194313e-17
2.5362247e-18
5.4128392e-10
1.0924387e-17
3.0280454e-18
6.0931608e-10
1.0144488e-17
3.4541714e-18
6.6207011e-10
7.8303996e-18
3.8040362e-18
7.0066082e-10
4.271931e-18
4.0652622e-18
7.2592436e-10
2.2821359e-20
4.2157658e-18
7.3841723e-10
-4.2184255e-18
4.2273371e-18
7.3841723e-10
-7.7614276e-18
4.0793931e-18
7.2592436e-10
-1.0070682e-17
3.7723733e-18
7.0066082e-10
-1.0872851e-17
3.3323047e-18
6.6207011e-10
-1.0201712e-17
2.8053278e-18
6.0931608e-10
-8.3663422e-18
2.2463031e-18
5.4128392e-10
-5.8557215e-18
1.7049127e-18
4.5658603e-10
-3.2382329e-18
1.2104763e-18
3.5357678e-10
-1.0987662e-18
7.5708328e-19
2.3038048e-10
2.9568843e-19
8.4936587e-11
9.1891258e-19
1.1704129e-22
8.6010607e-11
3.0488396e-18
6.4493263e-21
2.3356451e-10
5.7885507e-18
5.3224377e-21
3.5876113e-10
8.4650055e-18
-6.8610477e-21
4.6360076e-10
1.0443163e-17
-3.393059e-20
5.499138e-10
1.120359e-17
-7.6834627e-20
6.193154e-10
1.0426395e-17
-1.2856661e-19
6.7317499e-10
8.073188e-18
-1.7320047e-19
7.1259812e-10
4.4232487e-18
-1.9404151e-19
7.3841723e-10
3.543904e-20
-1.8626684e-19
7.511879e-10
-4.3651043e-18
-1.6364955e-19
7.511879e-10
-8.0477756e-18
-1.5124494e-19
7.3841723e-10
-1.0440005e-17
-1.6918716e-19
7.1259812e-10
-1.1249278e-17
-2.1896315e-19
6.7317499e-10
-1.0513783e-17
-2.8142075e-19
6.193154e-10
-8.5672214e-18
-3.2529709e-19
5.499138e-10
-5.9353539e-18
-3.2163115e-19
4.6360076e-10
-3.2264759e-18
-2.5831468e-19
3.5876113e-10
-1.0580863e-18
-1.4938493e-19
2.3356451e-10
-2.9824236e-20
8.6010607e-11
9.4018752e-19
-3.2629859e-19
8.6010607e-11
3.0725862e-18
-8.9086136e-19
2.3356451e-10
5.7965562e-18
-1.4504556e-18
3.5876113e-10
8.4494485e-18
-2.0275807e-18
4.6360076e-10
1.0404511e-17
-2.6108684e-18
5.499138e-10
1.1151952e-17
-3.1728491e-18
6.193154e-10
1.0380425e-17
-3.6815903e-18
6.7317499e-10
8.0511397e-18
-4.1030256e-18
7.1259812e-10
4.4303981e-18
-4.4022673e-18
7.3841723e-10
5.7840658e-20
-4.5517377e-18
7.511879e-10
-4.3527325e-18
-4.5425478e-18
7.511879e-10
-8.0656348e-18
-4.388902e-18
7.3841723e-10
-1.0489616e-17
-4.1196289e-18
7.1259812e-10
-1.1311962e-17
-3.7629398e-18
6.7317499e-10
-1.0560305e-17
-3.3351161e-18
6.193154e-10
-8.5728075e-18
-2.8400068e-18
5.499138e-10
-5.8933969e-18
-2.278554e-18
4.6360076e-10
-3.1560796e-18
-1.6605874e-18
3.5876113e-10
-1.0021253e-18
-1.0082007e-18
2.3356451e-10
-3.3879867e-19
8.6010607e-11
9.5498535e-19
-6.205869e-19
8.4936587e-11
3.0422192e-18
-1.6860327e-18
2.3038048e-10
5.6762513e-18
-2.719797e-18
3.5357678e-10
8.227194e-18
-3.7658811e-18
4.5658603e-10
1.0094985e-17
-4.8052134e-18
5.4128392e-10
1.0791704e-17
-5.7873526e-18
6.0931608e-10
1.0025522e-17
-6.6582861e-18
6.6207011e-10
7.7688522e-18
-7.3716265e-18
7.0066082e-10
4.2795167e-18
-7.8869436e-18
7.2592436e-10
6.6000125e-20
-8.167356e-18
7.3841723e-10
-4.2002944e-18
-8.1860856e-18
7.3841723e-10
-7.8170604e-18
-7.9381118e-18
7.2592436e-10
-1.0203743e-17
-7.4453372e-18
7.0066082e-10
-1.1035906e-17
-6.7494291e-18
6.6207011e-10
-1.0318704e-17
-5.8977764e-18
6.0931608e-10
-8.3718643e-18
-4.9325692e-18
5.4128392e-10
-5.7329728e-18
-3.8892805e-18
4.5658603e-10
-3.0404753e-18
-2.8020387e-18
3.5357678e-10
-9.4318836e-19
-1.7011739e-18
2.3038048e-10
-5.8697888e-19
8.4936587e-11
9.5960693e-19
-8.3842218e-19
8.2750525e-11
2.9555751e-18
-2.2677844e-18
2.239027e-10
5.4302174e-18
-3.6258819e-18
3.4303815e-10
7.8051073e-18
-4.9749524e-18
4.4234134e-10
9.5276075e-18
-6.2977623e-18
5.2377843e-10
1.0144782e-17
-7.5356427e-18
5.8905357e-10
9.3902641e-18
-8.6215883e-18
6.3958723e-10
7.250717e-18
-9.5011929e-18
6.7650936e-10
3.9780352e-18
-1.0134984e-17
7.0066082e-10
4.5530522e-20
-1.0489409e-17
7.1259812e-10
-3.9356466e-18
-1.0532772e-17
7.1259812e-10
-7.3277934e-18
-1.0244456e-17
7.0066082e-10
-9.5934205e-18
-9.6298176e-18
6.7650936e-10
-1.0414977e-17
-8.7267065e-18
6.3958723e-10
-9.7729543e-18
-7.5976496e-18
5.8905357e-10
-7.9485409e-18
-6.3137032e-18
5.2377843e-10
-5.4455788e-18
-4.9415946e-18
4.4234134e-10
-2.8795135e-18
-3.5388653e-18
3.4303815e-10
-8.8368871e-19
-2.1440721e-18
2.239027e-10
-7.4439286e-19
8.2750525e-11
9.4270835e-19
-9.4243707e-19
7.937201e-11
2.8042096e-18
-2.5515062e-18
2.1390031e-10
5.0605986e-18
-4.0497176e-18
3.2679046e-10
7.1952528e-18
-5.504604e-18
4.2042142e-10
8.720329e-18
-6.9056852e-18
4.9689356e-10
9.2351756e-18
-8.2024068e-18
5.5799122e-10
8.5061805e-18
-9.3310578e-18
6.0517456e-10
6.5314766e-18
-1.0237003e-17
6.3958723e-10
3.5513571e-18
-1.0883619e-17
6.6207011e-10
-8.2921456e-22
-1.1245486e-17
6.7317499e-10
-3.5824218e-18
-1.1297028e-17
6.7317499e-10
-6.6378661e-18
-1.1013007e-17
6.6207011e-10
-8.69783e-18
-1.0383689e-17
6.3958723e-10
-9.4738588e-18
-9.4314338e-18
6.0517456e-10
-8.9292497e-18
-8.214433e-18
5.5799122e-10
-7.2959924e-18
-6.8141781e-18
4.9689356e-10
-5.0199203e-18
-5.3159696e-18
4.2042142e-10
-2.6636673e-18
-3.7940322e-18
3.2679046e-10
-8.1796866e-19
-2.2944418e-18
2.1390031e-10
-7.97114e-19
7.937201e-11
8.8715242e-19
-9.1493141e-19
7.4667886e-11
2.5732342e-18
-2.4977389e-18
1.9999475e-10
4.5685338e-18
-3.9481922e-18
3.0426063e-10
6.4176613e-18
-5.3227758e-18
3.9011898e-10
7.7063019e-18
-6.6129998e-18
4.5984183e-10
8.1017501e-18
-7.7843633e-18
5.1530186e-10
7.414222e-18
-8.7922747e-18
5.5799122e-10
5.6523042e-18
-9.5940244e-18
5.8905357e-10
3.0339937e-18
-1.0159512e-17
6.0931608e-10
-5.793476e-20
-1.0470848e-17
6.193154e-10
-3.1555272e-18
-1.0511935e-17
6.193154e-10
-5.7917592e-18
-1.02623e-17
6.0931608e-10
-7.5773672e-18
-9.7051215e-18
5.8905357e-10
-8.2695219e-18
-8.8458927e-18
5.5799122e-10
-7.8268458e-18
-7.7255527e-18
5.1530186e-10
-6.43143e-18
-6.4161768e-18
4.5984183e-10
-4.4555326e-18
-5.0035142e-18
3.9011898e-10
-2.3838232e-18
-3.5667125e-18
3.0426063e-10
-7.3739012e-19
-2.1552995e-18
1.9999475e-10
-7.4770849e-19
7.4667886e-11
7.7922882e-19
-7.6913516e-19
6.843134e-11
2.2492051e-18
-2.1294875e-18
1.8160885e-10
3.9541115e-18
-3.3663416e-18
2.7459701e-10
5.4961986e-18
-4.5146073e-18
3.5041072e-10
6.5327333e-18
-5.5585897e-18
4.1151161e-10
6.8040569e-18
-6.4755323e-18
4.5984183e-10
6.1740312e-18
-7.2442215e-18
4.9689356e-10
4.6646872e-18
-7.8444701e-18
5.2377843e-10
2.4640205e-18
-8.26017e-18
5.4128392e-10
-1.0804941e-19
-8.4814879e-18
5.499138e-10
-2.6663922e-18
-8.5002323e-18
5.499138e-10
-4.833857e-18
-8.3030271e-18
5.4128392e-10
-6.3025614e-18
-7.873403e-18
5.2377843e-10
-6.8817336e-18
-7.2055541e-18
4.9689356e-10
-6.5349992e-18
-6.3197897e-18
4.5984183e-10
-5.4005842e-18
-5.2666623e-18
4.1151161e-10
-3.7723435e-18
-4.1157629e-18
3.5041072e-10
-2.0407455e-18
-2.9371407e-18
2.7459701e-10
-6.3621569e-19
-1.7772563e-18
1.8160885e-10
-6.1608849e-19
6.843134e-11
6.2090513e-19
-5.4725194e-19
6.0338637e-11
1.8338131e-18
-1.536196e-18
1.5787095e-10
3.223881e-18
-2.4395248e-18
2.3656652e-10
4.4543508e-18
-3.2698531e-18
2.9987395e-10
5.2478831e-18
-4.0000951e-18
3.5041072e-10
5.4108772e-18
-4.6090507e-18
3.9011898e-10
4.8591761e-18
-5.0908785e-18
4.2042142e-10
3.6303636e-18
-5.4480429e-18
4.4234134e-10
1.8812137e-18
-5.6837612e-18
4.5658603e-10
-1.3770292e-19
-5.7994651e-18
4.6360076e-10
-2.1300169e-18
-5.7934775e-18
4.6360076e-10
-3.8091425e-18
-5.6579936e-18
4.5658603e-10
-4.9448923e-18
-5.3793662e-18
4.4234134e-10
-5.3966287e-18
-4.9465499e-18
4.2042142e-10
-5.137311e-18
-4.3635985e-18
3.9011898e-10
-4.2682335e-18
-3.6570575e-18
3.5041072e-10
-3.0078359e-18
-2.8717291e-18
2.9987395e-10
-1.6475745e-18
-2.058068e-18
2.3656652e-10
-5.1502215e-19
-1.2526779e-18
1.5787095e-10
-4.3804302e-19
6.0338637e-11
4.3405474e-19
-3.0364128e-19
4.9849563e-11
1.3510368e-18
-8.564153e-19
1.2742848e-10
2.3990493e-18
-1.3780468e-18
1.8838283e-10
3.315223e-18
-1.8635905e-18
2.3656652e-10
3.887247e-18
-2.2778825e-18
2.7459701e-10
3.974942e-18
-2.5969898e-18
3.0426063e-10
3.5320993e-18
-2.8192506e-18
3.2679046e-10
2.6055107e-18
-2.959499e-18
3.4303815e-10
1.3210777e-18
-3.0358387e-18
3.5357678e-10
-1.3845483e-19
-3.0606045e-18
3.5876113e-10
-1.5648146e-18
-3.0378403e-18
3.5876113e-10
-2.7598309e-18
-2.9633751e-18
3.5357678e-10
-3.5662065e-18
-2.8266704e-18
3.4303815e-10
-3.8886823e-18
-2.6157334e-18
3.2679046e-10
-3.7093971e-18
-2.3255967e-18
3.0426063e-10
-3.0978618e-18
-1.9643205e-18
2.7459701e-10
-2.2039742e-18
-1.5529312e-18
2.3656652e-10
-1.2241113e-18
-1.1197644e-18
1.8838283e-10
-3.8146284e-19
-6.898391e-19
1.2742848e-10
-2.4969029e-19
4.9849563e-11
2.5235277e-19
-9.5248782e-20
3.5939365e-11
8.3637975e-19
-2.6269793e-19
8.8069257e-11
1.50692e-18
-4.4896849e-19
1.2742848e-10
2.0944563e-18
-6.3662392e-19
1.5787095e-10
2.458653e-18
-7.9209417e-19
1.8160885e-10
2.5052359e-18
-8.9481638e-19
1.9999475e-10
2.2086277e-18
-9.4372437e-19
2.1390031e-10
1.6098714e-18
-9.533363e-19
2.239027e-10
7.9889732e-19
-9.4238694e-19
2.3038048e-10
-1.0644869e-19
-9.2435723e-19
2.3356451e-10
-9.8020211e-19
-9.0425133e-19
2.3356451e-10
-1.7067891e-18
-8.7967178e-19
2.3038048e-10
-2.19587e-18
-8.4366553e-19
2.239027e-10
-2.3931598e-18
-7.8785297e-19
2.1390031e-10
-2.2883623e-18
-7.0618574e-19
1.9999475e-10
-1.9225683e-18
-5.9779034e-19
1.8160885e-10
-1.3844616e-18
-4.6852973e-19
1.5787095e-10
-7.850001e-19
-3.310481e-19
1.2742848e-10
-2.4731362e-19
-2.0232574e-19
8.8069257e-11
-7.8061242e-20
3.5939365e-11
9.0029656e-20
1.6236676e-11
2.9372156e-19
3.5939365e-11
5.3555444e-19
4.9849563e-11
7.5831222e-19
6.0338637e-11
9.0528308e-19
6.843134e-11
9.313164e-19
7.4667886e-11
8.2193538e-19
7.937201e-11
5.9523678e-19
8.2750525e-11
2.9114288e-19
8.4936587e-11
-4.2138899e-20
8.6010607e-11
-3.5788505e-19
8.6010607e-11
-6.1687712e-19
8.4936587e-11
-7.9009302e-19
8.2750525e-11
-8.6024279e-19
7.937201e-11
-8.2397063e-19
7.4667886e-11
-6.9626695e-19
6.843134e-11
-5.1036547e-19
6.0338637e-11
-3.0252308e-19
4.9849563e-11
-1.0333624e-19
3.5939365e-11
1.6236676e-11
-2.5983001e-20
-7.1013174e-21
1.6236676e-11
4.1155245e-20
7.2200466e-20
3.5939365e-11
1.0489661e-19
1.7275683e-19
4.9849563e-11
1.8092436e-19
2.7003609e-19
6.0338637e-11
2.5483628e-19
3.5089183e-19
6.8431339e-11
2.9592547e-19
4.1579722e-19
7.4667886e-11
2.8812162e-19
4.7336136e-19
7.937201e-11
2.3176919e-19
5.3160762e-19
8.2750525e-11
1.3659074e-19
5.9322855e-19
8.4936587e-11
1.7706241e-20
6.5351494e-19
8.6010607e-11
-1.0684644e-19
7.0015129e-19
8.6010607e-11
-2.1811762e-19
7.1636883e-19
8.4936587e-11
-2.9935205e-19
6.8707317e-19
8.2750525e-11
-3.394257e-19
6.0628901e-19
7.937201e-11
-3.3579624e-19
4.8218284e-19
7.4667886e-11
-2.9603717e-19
3.3692414e-19
6.8431339e-11
-2.3228829e-19
2.0064041e-19
6.0338637e-11
-1.4921299e-19
9.9590775e-20
4.9849563e-11
-5.4191557e-20
4.7356277e-20
3.5939365e-11
4.0510683e-20
1.6236676e-11
3.3901698e-20
8.3780967e-20
3.5939365e-11
2.4262257e-19
3.3031374e-19
8.8069256e-11
4.6619965e-19
5.9811461e-19
1.2742848e-10
6.9488588e-19
8.6473945e-19
1.5787095e-10
8.9090788e-19
1.1093744e-18
1.8160885e-10
9.9170852e-19
1.3237661e-18
1.9999475e-10
9.5636166e-19
1.5074089e-18
2.1390031e-10
7.7660439e-19
1.663227e-18
2.239027e-10
4.7012715e-19
1.794741e-18
2.3038048e-10
7.5169644e-20
1.9009173e-18
2.3356451e-10
-3.5344159e-19
1.9713318e-18
2.3356451e-10
-7.5019804e-19
1.9860314e-18
2.3038048e-10
-1.0494445e-18
1.9220212e-18
2.239027e-10
-1.1998341e-18
1.7643376e-18
2.1390031e-10
-1.178726e-18
1.51681e-18
1.9999475e-10
-1.001531e-18
1.2064929e-18
1.8160885e-10
-7.1562909e-19
8.7765021e-19
1.5787095e-10
-3.7961791e-19
5.74367e-19
1.2742848e-10
-7.2672406e-20
3.2225096e-19
8.8069256e-11
1.1600506e-19
3.5939365e-11
1.2692225e-19
1.638477e-19
4.9849563e-11
4.9257861e-19
5.9080815e-19
1.2742848e-10
9.0442246e-19
1.0583847e-18
1.8838283e-10
1.3108267e-18
1.5474944e-18
2.3656652e-10
1.6368519e-18
2.0238368e-18
2.7459701e-10
1.7884887e-18
2.4571544e-18
3.0426063e-10
1.7057826e-18
2.824623e-18
3.2679046e-10
1.377911e-18
3.1123655e-18
3.4303815e-10
8.3519049e-19
3.3176703e-18
3.5357678e-10
1.4185447e-19
3.4452797e-18
3.5876113e-10
-6.0977892e-19
3.4975983e-18
3.5876113e-10
-1.3084449e-18
3.4668458e-18
3.5357678e-10
-1.840419e-18
3.3354528e-18
3.4303815e-10
-2.1129749e-18
3.0850183e-18
3.2679046e-10
-2.0796721e-18
2.7097528e-18
3.0426063e-10
-1.7599631e-18
2.2274358e-18
2.7459701e-10
-1.2395486e-18
1.681651e-18
2.3656652e-10
-6.4497656e-19
1.1310068e-18
1.8838283e-10
-1.3576257e-19
6.2575803e-19
1.2742848e-10
1.8280952e-19
4.9849563e-11
2.2633958e-19
2.4405353e-19
6.0338637e-11
7.6099054e-19
8.297606e-19
1.5787095e-10
1.3896845e-18
1.4796931e-18
2.3656652e-10
2.001544e-18
2.1786096e-18
2.9987395e-10
2.4702743e-18
2.880558e-18
3.5041072e-10
2.6662245e-18
3.5348235e-18
3.9011898e-10
2.5133265e-18
4.0943973e-18
4.2042142e-10
2.0065707e-18
4.5214985e-18
4.4234134e-10
1.200175e-18
4.7977596e-18
4.5658603e-10
1.9317717e-19
4.9272221e-18
4.6360076e-10
-8.8211655e-19
4.9264631e-18
4.6360076e-10
-1.8729722e-18
4.8097551e-18
4.5658603e-10
-2.6265087e-18
4.5788465e-18
4.4234134e-10
-3.0179704e-18
4.223894e-18
4.2042142e-10
-2.981314e-18
3.7343581e-18
3.9011898e-10
-2.5364639e-18
3.1134387e-18
3.5041072e-10
-1.7979769e-18
2.3909237e-18
2.9987395e-10
-9.5454774e-19
1.626506e-18
2.3656652e-10
-2.4409428e-19
8.927281e-19
1.5787095e-10
2.4001744e-19
6.0338637e-11
3.1325793e-19
3.1000104e-19
6.8431339e-11
1.0165706e-18
1.0062704e-18
1.8160885e-10
1.8757859e-18
1.779759e-18
2.7459701e-10
2.7099648e-18
2.6204436e-18
3.5041072e-10
3.3323385e-18
3.4788204e-18
4.1151161e-10
3.5712228e-18
4.2950039e-18
4.5984183e-10
3.331757e-18
5.0071234e-18
4.9689356e-10
2.6197835e-18
5.555714e-18
5.2377843e-10
1.5257149e-18
5.8996134e-18
5.4128392e-10
1.9668067e-19
6.0294822e-18
5.499138e-10
-1.1878058e-18
5.9660563e-18
5.499138e-10
-2.43713e-18
5.7441133e-18
5.4128392e-10
-3.3723771e-18
5.3931984e-18
5.2377843e-10
-3.8537588e-18
4.9265004e-18
4.9689356e-10
-3.8098562e-18
4.3423818e-18
4.5984183e-10
-3.2635986e-18
3.636281e-18
4.1151161e-10
-2.3457614e-18
2.8197443e-18
3.5041072e-10
-1.2860898e-18
1.9383308e-18
2.7459701e-10
-3.8425262e-19
1.0688111e-18
1.8160885e-10
2.8388832e-19
6.8431339e-11
3.8199193e-19
3.3430262e-19
7.4667886e-11
1.2408861e-18
1.0634883e-18
1.9999475e-10
2.3221386e-18
1.8703123e-18
3.0426063e-10
3.3773517e-18
2.7476656e-18
3.9011898e-10
4.1587428e-18
3.6492558e-18
4.5984183e-10
4.4472531e-18
4.5192796e-18
5.1530186e-10
4.1209715e-18
5.297398e-18
5.5799122e-10
3.1930068e-18
5.916339e-18
5.8905357e-10
1.7960541e-18
6.3151199e-18
6.0931608e-10
1.3880457e-19
6.460948e-18
6.193154e-10
-1.5399301e-18
6.3612807e-18
6.193154e-10
-3.0088177e-18
6.0569957e-18
6.0931608e-10
-4.0723362e-18
5.601542e-18
5.8905357e-10
-4.5943072e-18
5.0390637e-18
5.5799122e-10
-4.5179118e-18
4.3917419e-18
5.1530186e-10
-3.8804687e-18
3.6616537e-18
4.5984183e-10
-2.8234157e-18
2.8480337e-18
3.9011898e-10
-1.595036e-18
1.9741721e-18
3.0426063e-10
-5.3005711e-19
1.1002518e-18
1.9999475e-10
2.9825433e-19
7.4667886e-11
4.3575087e-19
3.0595917e-19
7.937201e-11
1.4249932e-18
9.7265275e-19
2.1390031e-10
2.6978035e-18
1.7067913e-18
3.2679046e-10
3.9509229e-18
2.4994773e-18
4.2042142e-10
4.8852506e-18
3.3105096e-18
4.9689356e-10
5.2355303e-18
4.0968087e-18
5.5799122e-10
4.8441064e-18
4.8156665e-18
6.0517456e-10
3.71823e-18
5.4129642e-18
6.3958723e-10
2.0260795e-18
5.8248342e-18
6.6207011e-10
4.2878005e-20
5.9978133e-18
6.7317499e-10
-1.9208719e-18
5.9124345e-18
6.7317499e-10
-3.5825955e-18
5.5937339e-18
6.6207011e-10
-4.7296371e-18
5.1010122e-18
6.3958723e-10
-5.2411017e-18
4.5029708e-18
6.0517456e-10
-5.0935903e-18
3.851813e-18
5.5799122e-10
-4.3560301e-18
3.1694482e-18
4.9689356e-10
-3.1852899e-18
2.4545813e-18
4.2042142e-10
-1.8349415e-18
1.7095321e-18
3.2679046e-10
-6.5035969e-19
9.6486012e-19
2.1390031e-10
2.7086026e-19
7.937201e-11
4.7914604e-19
2.3079261e-19
8.2750525e-11
1.565665e-18
7.4127677e-19
2.239027e-10
2.9818059e-18
1.3005798e-18
3.4303815e-10
4.3872491e-18
1.8954132e-18
4.4234134e-10
5.4493459e-18
2.492086e-18
5.2377843e-10
5.8684476e-18
3.0623126e-18
5.8905357e-10
5.4496684e-18
3.5887787e-18
6.3958723e-10
4.1787216e-18
4.048083e-18
6.7650936e-10
2.2387488e-18
4.3972689e-18
7.0066082e-10
-4.0690942e-20
4.5802141e-18
7.1259812e-10
-2.274702e-18
4.552239e-18
7.1259812e-10
-4.1169544e-18
4.3061779e-18
7.0066082e-10
-5.3263195e-18
3.8818676e-18
6.7650936e-10
-5.7955506e-18
3.3513178e-18
6.3958723e-10
-5.5444246e-18
2.7879403e-18
5.8905357e-10
-4.6892519e-18
2.2375037e-18
5.2377843e-10
-3.414763e-18
1.708575e-18
4.4234134e-10
-1.9788684e-18
1.1904021e-18
3.4303815e-10
-7.2320702e-19
6.8181105e-19
2.239027e-10
2.007856e-19
8.2750525e-11
5.1520778e-19
1.2258436e-19
8.4936587e-11
1.6645531e-18
4.0189923e-19
2.3038048e-10
3.1668536e-18
7.0602546e-19
3.5357678e-10
4.6626034e-18
1.0188604e-18
4.5658603e-10
5.80604e-18
1.3141579e-18
5.4128392e-10
6.2834934e-18
1.5767026e-18
6.0931608e-10
5.8739044e-18
1.8117596e-18
6.6207011e-10
4.5334526e-18
2.0310731e-18
7.0066082e-10
2.4346255e-18
2.2294957e-18
7.2592436e-10
-6.762081e-20
2.373021e-18
7.3841724e-10
-2.5302906e-18
2.4101631e-18
7.3841724e-10
-4.5404107e-18
2.3023362e-18
7.2592436e-10
-5.8129718e-18
2.0516441e-18
7.0066082e-10
-6.2391264e-18
1.7062954e-18
6.6207011e-10
-5.8765675e-18
1.3384613e-18
6.0931608e-10
-4.8959231e-18
1.0081463e-18
5.4128392e-10
-3.5225909e-18
7.3712944e-19
4.5658603e-10
-2.0269822e-18
5.1049393e-19
3.5357678e-10
-7.4339815e-19
3.0221527e-19
2.3038048e-10
9.8627867e-20
8.4936587e-11
5.4480739e-19
-2.9418149e-21
8.6010607e-11
1.7258989e-18
5.6479403e-22
2.3356451e-10
3.2579079e-18
4.2318472e-21
3.5876113e-10
4.7769544e-18
-6.7064178e-21
4.6360076e-10
5.9417569e-18
-4.8139142e-20
5.499138e-10
6.4460937e-18
-1.2442363e-19
6.193154e-10
6.0634628e-18
-2.1625329e-19
6.7317499e-10
4.7268495e-18
-2.859332e-19
7.1259812e-10
2.5807455e-18
-3.0044527e-19
7.3841724e-10
-2.9758634e-20
-2.5598219e-19
7.511879e-10
-2.6379953e-18
-1.8556033e-19
7.511879e-10
-4.7806507e-18
-1.404439e-19
7.3841724e-10
-6.1217337e-18
-1.5589318e-19
7.1259812e-10
-6.5297033e-18
-2.2615715e-19
6.7317499e-10
-6.0803954e-18
-3.0684003e-19
6.193154e-10
-4.9909531e-18
-3.4394589e-19
5.499138e-10
-3.5331728e-18
-3.0947854e-19
4.6360076e-10
-1.9995154e-18
-2.1716298e-19
3.5876113e-10
-7.2060829e-19
-1.0753037e-19
2.3356451e-10
-1.7307754e-20
8.6010607e-11
5.6654199e-19
-1.2956681e-19
8.6010607e-11
1.7527535e-18
-4.1030001e-19
2.3356451e-10
3.2648935e-18
-7.1077846e-19
3.5876113e-10
4.7464575e-18
-1.0392986e-18
4.6360076e-10
5.872485e-18
-1.3990114e-18
5.499138e-10
6.360004e-18
-1.7844557e-18
6.193154e-10
5.998796e-18
-2.1704264e-18
6.7317499e-10
4.7159672e-18
-2.5087911e-18
7.1259812e-10
2.6267496e-18
-2.7429366e-18
7.3841724e-10
4.0409124e-20
-2.8333124e-18
7.511879e-10
-2.5937984e-18
-2.7787654e-18
7.511879e-10
-4.7967679e-18
-2.6175753e-18
7.3841724e-10
-6.1930263e-18
-2.4035896e-18
7.1259812e-10
-6.6143239e-18
-2.1731543e-18
6.7317499e-10
-6.1278228e-18
-1.9262014e-18
6.193154e-10
-4.9753253e-18
-1.6368459e-18
5.499138e-10
-3.4674513e-18
-1.285088e-18
4.6360076e-10
-1.9224041e-18
-8.8501052e-19
3.5876113e-10
-6.7182296e-19
-4.8279773e-19
2.3356451e-10
-1.264787e-19
8.6010607e-11
5.7585206e-19
-2.4031778e-19
8.4936587e-11
1.7432369e-18
-7.7636809e-19
2.3038048e-10
3.1951659e-18
-1.3435383e-18
3.5357678e-10
4.5909369e-18
-1.9388166e-18
4.5658603e-10
5.6292397e-18
-2.5517143e-18
5.4128392e-10
6.0587795e-18
-3.1686548e-18
6.0931608e-10
5.700221e-18
-3.7644468e-18
6.6207011e-10
4.4935153e-18
-4.2933168e-18
7.0066082e-10
2.5360595e-18
-4.6946269e-18
7.2592436e-10
9.2840895e-20
-4.909729e-18
7.3841724e-10
-2.4355856e-18
-4.9055354e-18
7.3841724e-10
-4.5956872e-18
-4.691015e-18
7.2592436e-10
-6.0019542e-18
-4.3132445e-18
7.0066082e-10
-6.4523504e-18
-3.8317369e-18
6.6207011e-10
-5.9842919e-18
-3.2890694e-18
6.0931608e-10
-4.834791e-18
-2.6992098e-18
5.4128392e-10
-3.3327811e-18
-2.0647295e-18
4.5658603e-10
-1.8144507e-18
-1.4063727e-18
3.5357678e-10
-6.1216035e-19
-7.7197603e-19
2.3038048e-10
-2.1144079e-19
8.4936587e-11
5.6442486e-19
-3.1790734e-19
8.2750525e-11
1.6888759e-18
-1.0450621e-18
2.239027e-10
3.0494019e-18
-1.8070632e-18
3.4303815e-10
4.3255783e-18
-2.5852116e-18
4.4234134e-10
5.2438834e-18
-3.3550967e-18
5.2377843e-10
5.5878144e-18
-4.0982389e-18
5.8905357e-10
5.2156836e-18
-4.7933817e-18
6.3958723e-10
4.0914398e-18
-5.4052809e-18
6.7650936e-10
2.3084054e-18
-5.8836023e-18
7.0066082e-10
9.2845808e-20
-6.1707095e-18
7.1259812e-10
-2.2163876e-18
-6.2175508e-18
7.1259812e-10
-4.2235636e-18
-6.0049375e-18
7.0066082e-10
-5.5689591e-18
-5.556096e-18
6.7650936e-10
-6.0370726e-18
-4.9289472e-18
6.3958723e-10
-5.6289743e-18
-4.1896e-18
5.8905357e-10
-4.5515366e-18
-3.3875637e-18
5.2377843e-10
-3.1240174e-18
-2.5536768e-18
4.4234134e-10
-1.6819442e-18
-1.7218135e-18
3.4303815e-10
-5.5000258e-19
-9.4179567e-19
2.239027e-10
-2.6031409e-19
8.2750525e-11
5.2184337e-19
-3.4890348e-19
7.937201e-11
1.5763107e-18
-1.1727117e-18
2.1390031e-10
2.8216328e-18
-2.0323485e-18
3.2679046e-10
3.9587112e-18
-2.8923764e-18
4.2042142e-10
4.7421747e-18
-3.7138385e-18
4.9689356e-10
4.9911209e-18
-4.4743559e-18
5.5799122e-10
4.6021614e-18
-5.1596069e-18
6.0517456e-10
3.5665236e-18
-5.7485722e-18
6.3958723e-10
1.9804041e-18
-6.2085117e-18
6.6207011e-10
4.0607953e-20
-6.4963119e-18
6.7317499e-10
-1.9740794e-18
-6.5655526e-18
6.7317499e-10
-3.7394824e-18
-6.3824248e-18
6.6207011e-10
-4.9498895e-18
-5.9455283e-18
6.3958723e-10
-5.4026515e-18
-5.2936743e-18
6.0517456e-10
-5.0718884e-18
-4.4926999e-18
5.5799122e-10
-4.1209905e-18
-3.6093734e-18
4.9689356e-10
-2.8343123e-18
-2.6964478e-18
4.2042142e-10
-1.5223857e-18
-1.8014515e-18
3.2679046e-10
-4.8644503e-19
-9.7736896e-19
2.1390031e-10
-2.6735451e-19
7.937201e-11
4.4156164e-19
-3.3042846e-19
7.4667886e-11
1.3945646e-18
-1.137905e-18
1.9999475e-10
2.5032906e-18
-1.9831703e-18
3.0426063e-10
3.4924137e-18
-2.8204819e-18
3.9011898e-10
4.1424324e-18
-3.5982614e-18
4.5984183e-10
4.3048573e-18
-4.2873911e-18
5.1530186e-10
3.9120798e-18
-4.8786631e-18
5.5799122e-10
2.9801089e-18
-5.365576e-18
5.8905357e-10
1.6076701e-18
-5.7346021e-18
6.0931608e-10
-3.3503974e-20
-5.9626199e-18
6.193154e-10
-1.717157e-18
-6.0174133e-18
6.193154e-10
-3.1897754e-18
-5.8664867e-18
6.0931608e-10
-4.2109268e-18
-5.4939615e-18
5.8905357e-10
-4.6116448e-18
-4.9162422e-18
5.5799122e-10
-4.3552353e-18
-4.1821522e-18
5.1530186e-10
-3.5622922e-18
-3.354899e-18
4.5984183e-10
-2.4667216e-18
-2.4936429e-18
3.9011898e-10
-1.3323872e-18
-1.6524271e-18
3.0426063e-10
-4.1882445e-19
-8.8554834e-19
1.9999475e-10
-2.340722e-19
7.4667886e-11
3.2892327e-19
-2.7500373e-19
6.8431339e-11
1.1466718e-18
-9.5550833e-19
1.8160885e-10
2.0934219e-18
-1.6752103e-18
2.7459701e-10
2.9274e-18
-2.3920673e-18
3.5041072e-10
3.4554481e-18
-3.0501665e-18
4.1151161e-10
3.5545057e-18
-3.6112012e-18
4.5984183e-10
3.1851677e-18
-4.063773e-18
4.9689356e-10
2.3820245e-18
-4.41065e-18
5.2377843e-10
1.241547e-18
-4.6552567e-18
5.4128392e-10
-9.0049828e-20
-4.7937271e-18
5.499138e-10
-1.4338434e-18
-4.811845e-18
5.499138e-10
-2.5986522e-18
-4.6876549e-18
5.4128392e-10
-3.4070672e-18
-4.4029713e-18
5.2377843e-10
-3.7316904e-18
-3.9585706e-18
4.9689356e-10
-3.538622e-18
-3.3815456e-18
4.5984183e-10
-2.9139404e-18
-2.717846e-18
4.1151161e-10
-2.0373322e-18
-2.0172013e-18
3.5041072e-10
-1.1126966e-18
-1.3284006e-18
2.7459701e-10
-3.4322225e-19
-7.0124122e-19
1.8160885e-10
-1.7422289e-19
6.8431339e-11
2.0493046e-19
-2.0340904e-19
6.0338637e-11
8.5752921e-19
-6.7418045e-19
1.5787095e-10
1.6114016e-18
-1.1837462e-18
2.3656652e-10
2.2754498e-18
-1.7048321e-18
2.9987395e-10
2.6914034e-18
-2.1895559e-18
3.5041072e-10
2.755992e-18
-2.5944916e-18
3.9011898e-10
2.4453541e-18
-2.8999954e-18
4.2042142e-10
1.8016592e-18
-3.1091442e-18
4.4234134e-10
9.1247198e-19
-3.235239e-18
4.5658603e-10
-1.0441363e-19
-3.2891994e-18
4.6360076e-10
-1.1142515e-18
-3.2723352e-18
4.6360076e-10
-1.9798902e-18
-3.1754541e-18
4.5658603e-10
-2.5779154e-18
-2.9852484e-18
4.4234134e-10
-2.8197869e-18
-2.6955654e-18
4.2042142e-10
-2.6806755e-18
-2.3163437e-18
3.9011898e-10
-2.220795e-18
-1.8724734e-18
3.5041072e-10
-1.5695279e-18
-1.3949644e-18
2.9987395e-10
-8.6823392e-19
-9.1727805e-19
2.3656652e-10
-2.5709453e-19
-4.7814595e-19
1.5787095e-10
-1.1117676e-19
6.0338637e-11
9.8829439e-20
-1.2417685e-19
4.9849563e-11
5.6648509e-19
-3.503355e-19
1.2742848e-10
1.0998431e-18
-6.2058611e-19
1.8838283e-10
1.5732088e-18
-9.1840956e-19
2.3656652e-10
1.876813e-18
-1.2097707e-18
2.7459701e-10
1.9281548e-18
-1.4555766e-18
3.0426063e-10
1.7073429e-18
-1.6303581e-18
3.2679046e-10
1.2500802e-18
-1.7317482e-18
3.4303815e-10
6.2608818e-19
-1.7736456e-18
3.5357678e-10
-7.7841982e-20
-1.7731089e-18
3.5876113e-10
-7.6865818e-19
-1.7403905e-18
3.5876113e-10
-1.3558485e-18
-1.675807e-18
3.5357678e-10
-1.7600756e-18
-1.5729397e-18
3.4303815e-10
-1.9245815e-18
-1.4253484e-18
3.2679046e-10
-1.8330948e-18
-1.2334654e-18
3.0426063e-10
-1.5257393e-18
-1.0053502e-18
2.7459701e-10
-1.0886162e-18
-7.5322627e-19
2.3656652e-10
-6.0716462e-19
-4.9306436e-19
1.8838283e-10
-1.630309e-19
-2.5034966e-19
1.2742848e-10
-5.3621319e-20
4.9849563e-11
3.5974375e-20
-3.9691918e-20
3.5939365e-11
3.0905799e-19
-5.4129603e-20
8.8069256e-11
6.0866839e-19
-1.2782314e-19
1.2742848e-10
8.7791166e-19
-2.4045807e-19
1.5787095e-10
1.0619547e-18
-3.6604959e-19
1.8160885e-10
1.1052499e-18
-4.7699665e-19
1.9999475e-10
9.878395e-19
-5.5301959e-19
2.1390031e-10
7.2871862e-19
-5.8940249e-19
2.239027e-10
3.7109265e-19
-5.9411753e-19
2.3038048e-10
-3.1766749e-20
-5.7930581e-19
2.3356451e-10
-4.2567839e-19
-5.5421409e-19
2.3356451e-10
-7.6030202e-19
-5.222667e-19
2.3038048e-10
-9.9187702e-19
-4.8228341e-19
2.239027e-10
-1.0882352e-18
-4.3148186e-19
2.1390031e-10
-1.0387175e-18
-3.6830816e-19
1.9999475e-10
-8.6634118e-19
-2.9269182e-19
1.8160885e-10
-6.2153466e-19
-2.0593025e-19
1.5787095e-10
-3.4583117e-19
-1.1446196e-19
1.2742848e-10
-7.2639558e-20
-3.3694089e-20
8.8069256e-11
1.3432943e-20
3.5939365e-11
3.0334144e-20
1.6236676e-11
1.0041091e-19
3.5939365e-11
1.6933544e-19
4.9849563e-11
2.394191e-19
6.0338637e-11
3.0018486e-19
6.8431339e-11
3.2684205e-19
7.4667886e-11
3.0424745e-19
7.937201e-11
2.3372199e-19
8.2750525e-11
1.2822006e-19
8.4936587e-11
5.5558447e-21
8.6010607e-11
-1.163771e-19
8.6010607e-11
-2.2187464e-19
8.4936587e-11
-2.9695734e-19
8.2750525e-11
-3.2994573e-19
7.937201e-11
-3.1496125e-19
7.4667886e-11
-2.5957022e-19
6.8431339e-11
-1.8488745e-19
6.0338637e-11
-1.0235371e-19
4.9849563e-11
-5.7200527e-21
3.5939365e-11
1.6236676e-11
-3.5709097e-20
-4.8809424e-20
1.6236676e-11
2.4136039e-22
-1.176862e-20
3.5939364e-11
8.8957278e-21
5.3188947e-20
4.9849562e-11
2.361474e-20
1.1725301e-19
6.0338636e-11
4.674587e-20
1.7069871e-19
6.8431339e-11
5.9724221e-20
2.1620465e-19
7.4667886e-11
5.556305e-20
2.6226736e-19
7.937201e-11
4.12409e-20
3.1280262e-19
8.2750524e-11
2.8126563e-20
3.6327698e-19
8.4936587e-11
2.4366726e-20
4.0204517e-19
8.6010607e-11
3.1260501e-20
4.1401909e-19
8.6010607e-11
4.3112372e-20
3.8680966e-19
8.4936587e-11
5.021755e-20
3.16999e-19
8.2750524e-11
4.3920919e-20
2.1407519e-19
7.937201e-11
2.0520872e-20
1.0001345e-19
7.4667886e-11
-1.9220933e-20
3.088149e-21
6.8431339e-11
-6.5899608e-20
-5.141629e-20
6.0338636e-11
-8.8752498e-20
-5.365282e-20
4.9849562e-11
-5.5013345e-20
-1.4355405e-20
3.5939364e-11
4.5973233e-20
1.6236676e-11
7.5194928e-21
-6.3272543e-21
3.5939364e-11
1.175084e-19
1.0352315e-19
8.8069256e-11
1.9464085e-19
2.5178479e-19
1.2742848e-10
2.694596e-19
4.0498856e-19
1.5787095e-10
3.4308132e-19
5.4612113e-19
1.8160885e-10
3.8143103e-19
6.7415622e-19
1.9999475e-10
3.6163387e-19
7.9334828e-19
2.1390031e-10
2.8519254e-19
9.0498655e-19
2.239027e-10
1.6871514e-19
1.004679e-18
2.3038048e-10
3.3879323e-20
1.0819678e-18
2.3356451e-10
-9.7509643e-20
1.1209857e-18
2.3356451e-10
-2.0706006e-19
1.1035927e-18
2.3038048e-10
-2.8164488e-19
1.0165132e-18
2.239027e-10
-3.1419267e-19
8.599652e-19
2.1390031e-10
-3.0584183e-19
6.5372303e-19
1.9999475e-10
-2.6838953e-19
4.3613433e-19
1.8160885e-10
-2.1470732e-19
2.5298884e-19
1.5787095e-10
-1.3175561e-19
1.3511303e-19
1.2742848e-10
-4.7181458e-21
8.0510082e-20
8.8069256e-11
6.060871e-20
3.5939364e-11
6.7885959e-20
1.4528338e-20
4.9849562e-11
2.6249664e-19
1.9599946e-19
1.2742848e-10
4.3853644e-19
4.4091279e-19
1.8838283e-10
6.0669106e-19
7.1390671e-19
2.3656652e-10
7.5094369e-19
9.8568686e-19
2.7459701e-10
8.1988049e-19
1.239932e-18
3.0426063e-10
7.7739082e-19
1.4672318e-18
3.2679046e-10
6.2003005e-19
1.6592351e-18
3.4303815e-10
3.6869011e-19
1.8091929e-18
3.5357678e-10
5.8341928e-20
1.9120648e-18
3.5876113e-10
-2.6731416e-19
1.9609736e-18
3.5876113e-10
-5.5983603e-19
1.9429543e-18
3.5357678e-10
-7.7189659e-19
1.8408634e-18
3.4303815e-10
-8.6560541e-19
1.6417841e-18
3.2679046e-10
-8.2473159e-19
1.349921e-18
3.0426063e-10
-6.6804874e-19
9.9607678e-19
2.7459701e-10
-4.4548818e-19
6.3635581e-19
2.3656652e-10
-2.018679e-19
3.3356291e-19
1.8838283e-10
2.3006662e-20
1.2692658e-19
1.2742848e-10
2.0140682e-20
4.9849562e-11
1.2102553e-19
3.5001126e-20
6.0338636e-11
4.0593314e-19
2.8017326e-19
1.5787095e-10
7.0552714e-19
6.1792902e-19
2.3656652e-10
9.9406971e-19
1.0096865e-18
2.9987395e-10
1.2254693e-18
1.4140285e-18
3.5041072e-10
1.3274397e-18
1.799236e-18
3.9011898e-10
1.2525513e-18
2.1399952e-18
4.2042142e-10
9.9788421e-19
2.4126472e-18
4.4234134e-10
5.9512048e-19
2.6011747e-18
4.5658603e-10
9.6509947e-20
2.7026726e-18
4.6360076e-10
-4.3340576e-19
2.7236006e-18
4.6360076e-10
-9.214453e-19
2.6686368e-18
4.5658603e-10
-1.2913904e-18
2.5316567e-18
4.4234134e-10
-1.4742646e-18
2.2970596e-18
4.2042142e-10
-1.4279228e-18
1.9523627e-18
3.9011898e-10
-1.163677e-18
1.5065101e-18
3.5041072e-10
-7.5879197e-19
1.0044776e-18
2.9987395e-10
-3.2601584e-19
5.2624457e-19
2.3656652e-10
1.3632093e-20
1.5871644e-19
1.5787095e-10
-3.409128e-20
6.0338636e-11
1.6351527e-19
5.4293605e-20
6.8431339e-11
5.3691117e-19
3.4899912e-19
1.8160885e-10
9.7100765e-19
7.5617427e-19
2.7459701e-10
1.3937292e-18
1.2347594e-18
3.5041072e-10
1.7212205e-18
1.7368778e-18
4.1151161e-10
1.8558703e-18
2.2231328e-18
4.5984183e-10
1.737474e-18
2.657924e-18
4.9689356e-10
1.368109e-18
3.0021584e-18
5.2377843e-10
8.0037884e-19
3.223208e-18
5.4128392e-10
1.1385867e-19
3.309687e-18
5.499138e-10
-6.0273399e-19
3.2748893e-18
5.499138e-10
-1.2587611e-18
3.1448641e-18
5.4128392e-10
-1.7639297e-18
2.9390954e-18
5.2377843e-10
-2.0331244e-18
2.658507e-18
4.9689356e-10
-2.0042908e-18
2.2877015e-18
4.5984183e-10
-1.6723093e-18
1.8134552e-18
4.1151161e-10
-1.119894e-18
1.2528332e-18
3.5041072e-10
-5.0954349e-19
6.7535385e-19
2.7459701e-10
-4.3405543e-20
1.9377667e-19
1.8160885e-10
-7.1560391e-20
6.8431339e-11
2.0078646e-19
5.7343757e-20
7.4667886e-11
6.5690986e-19
3.7007762e-19
1.9999475e-10
1.2216852e-18
8.0267009e-19
3.0426063e-10
1.778412e-18
1.3112728e-18
3.9011898e-10
2.2049738e-18
1.8475692e-18
4.5984183e-10
2.3742751e-18
2.3740144e-18
5.1530186e-10
2.2069763e-18
2.8558266e-18
5.5799122e-10
1.7081199e-18
3.2476234e-18
5.8905357e-10
9.5823476e-19
3.5008026e-18
6.0931608e-10
7.7669988e-20
3.5851405e-18
6.193154e-10
-8.0910036e-19
3.505128e-18
6.193154e-10
-1.5932824e-18
3.2969051e-18
6.0931608e-10
-2.1833014e-18
3.0075797e-18
5.8905357e-10
-2.5001765e-18
2.6692573e-18
5.5799122e-10
-2.4825362e-18
2.2842035e-18
5.1530186e-10
-2.1144302e-18
1.8317434e-18
4.5984183e-10
-1.4681017e-18
1.2994057e-18
3.9011898e-10
-7.2445021e-19
7.2490465e-19
3.0426063e-10
-1.4042322e-19
2.1378769e-19
1.9999475e-10
-8.6193033e-20
7.4667886e-11
2.4006701e-19
4.1586241e-20
7.937201e-11
7.680161e-19
3.2762421e-19
2.1390031e-10
1.4461635e-18
7.2794305e-19
3.2679046e-10
2.1231201e-18
1.1955951e-18
4.2042142e-10
2.6452335e-18
1.6851465e-18
4.9689356e-10
2.8558813e-18
2.1669707e-18
5.5799122e-10
2.6490832e-18
2.618827e-18
6.0517456e-10
2.0228207e-18
3.0050938e-18
6.3958723e-10
1.0817254e-18
3.2740802e-18
6.6207011e-10
-5.1505066e-21
3.3776908e-18
6.7317499e-10
-1.0623559e-18
3.2975024e-18
6.7317499e-10
-1.9502618e-18
3.0588387e-18
6.6207011e-10
-2.577141e-18
2.7202375e-18
6.3958723e-10
-2.887205e-18
2.3434583e-18
6.0517456e-10
-2.8456648e-18
1.9618002e-18
5.5799122e-10
-2.445891e-18
1.567108e-18
4.9689356e-10
-1.7484824e-18
1.1304334e-18
4.2042142e-10
-9.2596285e-19
6.5185506e-19
3.2679046e-10
-2.5318743e-19
2.0261694e-19
2.1390031e-10
-7.9300939e-20
7.937201e-11
2.8309824e-19
1.612815e-20
8.2750524e-11
8.6739055e-19
2.2984847e-19
2.239027e-10
1.6304811e-18
5.3894448e-19
3.4303815e-10
2.3993385e-18
8.9632698e-19
4.4234134e-10
3.0014419e-18
1.2610501e-18
5.2377843e-10
3.2588493e-18
1.612096e-18
5.8905357e-10
3.0368932e-18
1.9446992e-18
6.3958723e-10
2.3134373e-18
2.2473471e-18
6.7650936e-10
1.2013298e-18
2.4855931e-18
7.0066082e-10
-8.8982296e-20
2.6085934e-18
7.1259813e-10
-1.3230793e-18
2.575276e-18
7.1259813e-10
-2.3134032e-18
2.3823343e-18
7.0066082e-10
-2.9549443e-18
2.0737685e-18
6.7650936e-10
-3.2168175e-18
1.7211777e-18
6.3958723e-10
-3.1094095e-18
1.3852184e-18
5.8905357e-10
-2.6604422e-18
1.0828456e-18
5.2377843e-10
-1.9324168e-18
7.8728746e-19
4.4234134e-10
-1.077e-18
4.7014853e-19
3.4303815e-10
-3.5428696e-19
1.5650073e-19
2.239027e-10
-5.62617e-20
8.2750524e-11
3.2518325e-19
-7.8646946e-21
8.4936587e-11
9.4885208e-19
9.7315586e-20
2.3038048e-10
1.7626502e-18
2.6652722e-19
3.5357678e-10
2.5836255e-18
4.6071652e-19
4.5658603e-10
3.2348238e-18
6.4548854e-19
5.4128392e-10
3.5323153e-18
8.0513355e-19
6.0931608e-10
3.3217102e-18
9.4866135e-19
6.6207011e-10
2.5538375e-18
1.0922951e-18
7.0066082e-10
1.3286925e-18
1.234562e-18
7.2592436e-10
-1.2472496e-19
1.3440515e-18
7.3841724e-10
-1.5232344e-18
1.3727352e-18
7.3841724e-10
-2.6226516e-18
1.2873433e-18
7.2592436e-10
-3.2849566e-18
1.0970704e-18
7.0066082e-10
-3.4893503e-18
8.552781e-19
6.6207011e-10
-3.2926969e-18
6.2971515e-19
6.0931608e-10
-2.7746134e-18
4.6002039e-19
5.4128392e-10
-2.0191875e-18
3.3498963e-19
4.5658603e-10
-1.1601834e-18
2.1393201e-19
3.5357678e-10
-4.2347678e-19
7.9570765e-20
2.3038048e-10
-2.6934693e-20
8.4936587e-11
3.5796455e-19
-2.3061168e-20
8.6010607e-11
1.0054485e-18
-4.7921303e-20
2.3356451e-10
1.8372338e-18
-4.918478e-20
3.5876113e-10
2.6672783e-18
-4.6133422e-20
4.6360076e-10
3.3254699e-18
-6.2707955e-20
5.499138e-10
3.6393493e-18
-1.1272869e-19
6.193154e-10
3.4526878e-18
-1.8306161e-19
6.7317499e-10
2.695399e-18
-2.3771422e-19
7.1259813e-10
1.4396169e-18
-2.4393738e-19
7.3841724e-10
-9.6592677e-20
-1.9807918e-19
7.511879e-10
-1.609071e-18
-1.3253159e-19
7.511879e-10
-2.8069247e-18
-9.4751349e-20
7.3841724e-10
-3.5068822e-18
-1.1258425e-19
7.1259813e-10
-3.6749046e-18
-1.714167e-19
6.7317499e-10
-3.3975552e-18
-2.226025e-19
6.193154e-10
-2.8071482e-18
-2.2020051e-19
5.499138e-10
-2.0243625e-18
-1.5832086e-19
4.6360076e-10
-1.1768476e-18
-7.5835117e-20
3.5876113e-10
-4.5242612e-19
-1.9231903e-20
2.3356451e-10
-2.299768e-21
8.6010607e-11
3.7168071e-19
-2.7659484e-20
8.6010607e-11
1.0297457e-18
-1.8722411e-19
2.3356451e-10
1.8542319e-18
-3.674285e-19
3.5876113e-10
2.6567599e-18
-5.5672726e-19
4.6360076e-10
3.2796095e-18
-7.627044e-19
5.499138e-10
3.5745013e-18
-9.9859871e-19
6.193154e-10
3.4042288e-18
-1.2560157e-18
6.7317499e-10
2.6938811e-18
-1.4944517e-18
7.1259813e-10
1.487405e-18
-1.6591944e-18
7.3841724e-10
-3.114872e-20
-1.7122392e-18
7.511879e-10
-1.5712809e-18
-1.6550179e-18
7.511879e-10
-2.8232838e-18
-1.5262015e-18
7.3841724e-10
-3.5641145e-18
-1.375078e-18
7.1259813e-10
-3.7285989e-18
-1.227595e-18
6.7317499e-10
-3.4061866e-18
-1.0721173e-18
6.193154e-10
-2.7652664e-18
-8.7695033e-19
5.499138e-10
-1.9652055e-18
-6.2877499e-19
4.6360076e-10
-1.1391616e-18
-3.584962e-19
3.5876113e-10
-4.438455e-19
-1.2702638e-19
2.3356451e-10
1.036622e-20
8.6010607e-11
3.5692409e-19
-2.3925053e-20
8.4936587e-11
1.0132491e-18
-3.0435869e-19
2.3038048e-10
1.8139624e-18
-6.4892034e-19
3.5357678e-10
2.5657702e-18
-1.0080325e-18
4.5658603e-10
3.1220759e-18
-1.3669545e-18
5.4128392e-10
3.3643883e-18
-1.7358226e-18
6.0931608e-10
3.189557e-18
-2.1159356e-18
6.6207011e-10
2.5374004e-18
-2.4761412e-18
7.0066082e-10
1.4347488e-18
-2.7589712e-18
7.2592436e-10
2.4481524e-20
-2.9068527e-18
7.3841724e-10
-1.4439549e-18
-2.8908813e-18
7.3841724e-10
-2.6769361e-18
-2.7255651e-18
7.2592436e-10
-3.4341468e-18
-2.4584732e-18
7.0066082e-10
-3.6171184e-18
-2.1407471e-18
6.6207011e-10
-3.2945665e-18
-1.7979625e-18
6.0931608e-10
-2.6443487e-18
-1.4259526e-18
5.4128392e-10
-1.8523378e-18
-1.0171081e-18
4.5658603e-10
-1.0614339e-18
-5.9616442e-19
3.5357678e-10
-4.0685543e-19
-2.2748121e-19
2.3038048e-10
9.6876987e-21
8.4936587e-11
3.0732366e-19
-1.711051e-20
8.2750524e-11
9.4628521e-19
-3.8462921e-19
2.239027e-10
1.712709e-18
-8.5442392e-19
3.4303815e-10
2.4050076e-18
-1.3412321e-18
4.4234134e-10
2.8821677e-18
-1.8038606e-18
5.2377843e-10
3.0531102e-18
-2.2430745e-18
5.8905357e-10
2.8546487e-18
-2.6686691e-18
6.3958723e-10
2.2551748e-18
-3.0667011e-18
6.7650936e-10
1.279836e-18
-3.3936186e-18
7.0066082e-10
3.6751264e-20
-3.5925728e-18
7.1259813e-10
-1.2772382e-18
-3.6185894e-18
7.1259813e-10
-2.4117007e-18
-3.4610673e-18
7.0066082e-10
-3.1386983e-18
-3.1498707e-18
6.7650936e-10
-3.3395868e-18
-2.7388804e-18
6.3958723e-10
-3.0521694e-18
-2.2763634e-18
5.8905357e-10
-2.4387043e-18
-1.7845836e-18
5.2377843e-10
-1.6906666e-18
-1.2694535e-18
4.4234134e-10
-9.5515993e-19
-7.5453008e-19
3.4303815e-10
-3.5233417e-19
-3.0191497e-19
2.239027e-10
7.2361374e-22
8.2750524e-11
2.2398233e-19
-1.3983394e-20
7.937201e-11
8.2339547e-19
-4.1630001e-19
2.1390031e-10
1.5433574e-18
-9.474273e-19
3.2679046e-10
2.1759525e-18
-1.5023688e-18
4.2042142e-10
2.580106e-18
-2.0151966e-18
4.9689356e-10
2.6829786e-18
-2.4698215e-18
5.5799122e-10
2.4573074e-18
-2.8768383e-18
6.0517456e-10
1.9044886e-18
-3.2388014e-18
6.3958723e-10
1.059132e-18
-3.5345999e-18
6.6207011e-10
6.683622e-21
-3.7240015e-18
6.7317499e-10
-1.1051639e-18
-3.7642722e-18
6.7317499e-10
-2.0811529e-18
-3.6310728e-18
6.6207011e-10
-2.7286708e-18
-3.3337656e-18
6.3958723e-10
-2.9294209e-18
-2.9131146e-18
6.0517456e-10
-2.6937354e-18
-2.4203662e-18
5.5799122e-10
-2.1535624e-18
-1.8921468e-18
4.9689356e-10
-1.4856597e-18
-1.3463657e-18
4.2042142e-10
-8.2936922e-19
-8.0759545e-19
3.2679046e-10
-2.8977048e-19
-3.3281093e-19
2.1390031e-10
-7.6107536e-21
7.937201e-11
1.2029261e-19
-2.1163592e-20
7.4667886e-11
6.5205236e-19
-3.9598982e-19
1.9999475e-10
1.303179e-18
-9.0544223e-19
3.0426063e-10
1.8730574e-18
-1.4527348e-18
3.9011898e-10
2.2201099e-18
-1.9602878e-18
4.5984183e-10
2.2779704e-18
-2.3911696e-18
5.1530186e-10
2.0428582e-18
-2.7450692e-18
5.5799122e-10
1.5434843e-18
-3.0317721e-18
5.8905357e-10
8.2702308e-19
-3.2506883e-18
6.0931608e-10
-3.402813e-20
-3.3847312e-18
6.193154e-10
-9.3065329e-19
-3.4061754e-18
6.193154e-10
-1.7205084e-18
-3.2915338e-18
6.0931608e-10
-2.25608e-18
-3.0376119e-18
5.8905357e-10
-2.4358712e-18
-2.6682416e-18
5.5799122e-10
-2.2537515e-18
-2.2241504e-18
5.1530186e-10
-1.8082258e-18
-1.7418262e-18
4.5984183e-10
-1.2479606e-18
-1.2431421e-18
3.9011898e-10
-6.9196646e-19
-7.5086191e-19
3.0426063e-10
-2.2577749e-19
-3.1353222e-19
1.9999475e-10
-8.1971428e-21
7.4667886e-11
2.202631e-20
-4.2549257e-20
6.8431339e-11
4.5907852e-19
-3.3412333e-19
1.8160885e-10
1.0060693e-18
-7.3799844e-19
2.7459701e-10
1.4946929e-18
-1.1946441e-18
3.5041072e-10
1.7942646e-18
-1.6377391e-18
4.1151161e-10
1.8374168e-18
-2.0159813e-18
4.5984183e-10
1.627077e-18
-2.3094634e-18
4.9689356e-10
1.2050019e-18
-2.5212631e-18
5.2377843e-10
6.2553097e-19
-2.6604255e-18
5.4128392e-10
-4.796252e-20
-2.7288496e-18
5.499138e-10
-7.3570693e-19
-2.7175076e-18
5.499138e-10
-1.3388779e-18
-2.6132549e-18
5.4128392e-10
-1.753106e-18
-2.4110961e-18
5.2377843e-10
-1.9006449e-18
-2.1230894e-18
4.9689356e-10
-1.7688784e-18
-1.7761973e-18
4.5984183e-10
-1.4271297e-18
-1.397928e-18
4.1151161e-10
-9.9030853e-19
-1.0052317e-18
3.5041072e-10
-5.4853636e-19
-6.1361416e-19
2.7459701e-10
-1.6254229e-19
-2.5882482e-19
1.8160885e-10
-4.2053305e-21
6.8431339e-11
-4.1487207e-20
-7.2035861e-20
6.0338636e-11
2.8486088e-19
-2.46519e-19
1.5787095e-10
6.8861264e-19
-4.8981102e-19
2.3656652e-10
1.0601427e-18
-7.9047282e-19
2.9987395e-10
1.3020288e-18
-1.1141444e-18
3.5041072e-10
1.3494361e-18
-1.4119002e-18
3.9011898e-10
1.1988216e-18
-1.6464598e-18
4.2042142e-10
8.8706884e-19
-1.8045998e-18
4.4234134e-10
4.6359679e-19
-1.8911971e-18
4.5658603e-10
-2.0235509e-20
-1.9159406e-18
4.6360076e-10
-5.0859513e-19
-1.8836545e-18
4.6360076e-10
-9.3682615e-19
-1.7933353e-18
4.5658603e-10
-1.2358117e-18
-1.6449788e-18
4.4234134e-10
-1.3505557e-18
-1.4465977e-18
4.2042142e-10
-1.2670353e-18
-1.2145991e-18
3.9011898e-10
-1.0303392e-18
-9.6562003e-19
3.5041072e-10
-7.2192728e-19
-7.0720761e-19
2.9987395e-10
-3.9998941e-19
-4.433225e-19
2.3656652e-10
-9.8554923e-20
-1.9418474e-19
1.5787095e-10
-6.4425004e-21
6.0338636e-11
-5.3775239e-20
-8.2399602e-20
4.9849562e-11
1.6173628e-19
-1.3071198e-19
1.2742848e-10
3.9987252e-19
-2.1281022e-19
1.8838283e-10
6.197261e-19
-3.4576242e-19
2.3656652e-10
7.774788e-19
-5.2658347e-19
2.7459701e-10
8.2546926e-19
-7.2371332e-19
3.0426063e-10
7.5096068e-19
-8.9633005e-19
3.2679046e-10
5.7275914e-19
-1.0175319e-18
3.4303815e-10
3.2194985e-19
-1.0807329e-18
3.5357678e-10
3.0943613e-20
-1.0921732e-18
3.5876113e-10
-2.6703676e-19
-1.0611256e-18
3.5876113e-10
-5.3470621e-19
-9.9471943e-19
3.5357678e-10
-7.3008746e-19
-8.9900291e-19
3.4303815e-10
-8.1574931e-19
-7.8243618e-19
3.2679046e-10
-7.7721975e-19
-6.5598494e-19
3.0426063e-10
-6.3912721e-19
-5.2766912e-19
2.7459701e-10
-4.5245906e-19
-3.9661113e-19
2.3656652e-10
-2.4680281e-19
-2.5704069e-19
1.8838283e-10
-3.4327835e-20
-1.1614143e-19
1.2742848e-10
-7.0911457e-21
4.9849562e-11
-2.0124659e-20
-4.6966076e-20
3.5939364e-11
9.3768835e-20
8.3629804e-21
8.8069256e-11
1.7687873e-19
3.0103881e-20
1.2742848e-10
2.4259419e-19
7.5674899e-21
1.5787095e-10
2.9978154e-19
-6.2576621e-20
1.8160885e-10
3.2992981e-19
-1.646995e-19
1.9999475e-10
3.1932354e-19
-2.7001779e-19
2.1390031e-10
2.6731887e-19
-3.5330783e-19
2.239027e-10
1.8060633e-19
-4.0179452e-19
2.3038048e-10
6.8136395e-20
-4.1468337e-19
2.3356451e-10
-5.9090716e-20
-3.9775248e-19
2.3356451e-10
-1.8587873e-19
-3.5878283e-19
2.3038048e-10
-2.9066147e-19
-3.0606117e-19
2.239027e-10
-3.4918192e-19
-2.4848335e-19
2.1390031e-10
-3.4616688e-19
-1.9397573e-19
1.9999475e-10
-2.8955717e-19
-1.4587927e-19
1.8160885e-10
-2.0530778e-19
-1.0048246e-19
1.5787095e-10
-1.0247658e-19
-5.1892068e-20
1.2742848e-10
2.1322829e-20
-1.5294522e-21
8.8069256e-11
2.5988696e-20
3.5939364e-11
4.1845941e-20
1.6236676e-11
6.097074e-20
3.5939364e-11
3.4364318e-20
4.9849562e-11
-2.6398789e-21
6.0338636e-11
-2.2347034e-20
6.8431339e-11
-2.0941804e-20
7.4667886e-11
-4.0244e-21
7.937201e-11
1.9871093e-20
8.2750524e-11
4.1436738e-20
8.4936587e-11
5.2848011e-20
8.6010607e-11
4.9323527e-20
8.6010607e-11
3.0539761e-20
8.4936587e-11
2.2157638e-21
8.2750524e-11
-2.4184543e-20
7.937201e-11
-3.6791289e-20
7.4667886e-11
-3.2926557e-20
6.8431339e-11
-2.1099418e-20
6.0338636e-11
-1.0391507e-21
4.9849562e-11
4.1622927e-20
3.5939364e-11
1.6236676e-11
-4.5228123e-21
-5.187978e-20
1.6236676e-11
3.1356913e-20
-4.0145231e-20
3.5939364e-11
3.2359517e-20
-5.1111447e-21
4.9849562e-11
2.4551351e-20
3.3509563e-20
6.0338636e-11
1.6317807e-20
6.9115499e-20
6.8431339e-11
1.2195642e-21
1.0233153e-19
7.4667885e-11
-1.8534072e-20
1.3694003e-19
7.937201e-11
-2.9800157e-20
1.7133223e-19
8.2750524e-11
-1.8071714e-20
1.9627934e-19
8.4936587e-11
2.3159294e-20
1.989136e-19
8.6010607e-11
8.7295123e-20
1.6876055e-19
8.6010607e-11
1.5550868e-19
1.0377845e-19
8.4936587e-11
2.0328356e-19
1.3661631e-20
8.2750524e-11
2.1136817e-19
-8.0896347e-20
7.937201e-11
1.7399788e-19
-1.544725e-19
7.4667885e-11
9.9311778e-20
-1.854059e-19
6.8431339e-11
9.1882666e-21
-1.6381048e-19
6.0338636e-11
-5.4247406e-20
-9.8704702e-20
4.9849562e-11
-4.9079864e-20
-1.752144e-20
3.5939364e-11
4.9870604e-20
1.6236676e-11
4.3268992e-20
-2.2097636e-20
3.5939364e-11
1.3848641e-19
1.56353e-20
8.8069255e-11
1.8465405e-19
8.2803532e-20
1.2742848e-10
2.0415917e-19
1.5683107e-19
1.5787095e-10
2.0796737e-19
2.2771509e-19
1.8160885e-10
1.8431295e-19
2.9679946e-19
1.9999475e-10
1.3032474e-19
3.6780266e-19
2.1390031e-10
6.251031e-20
4.3777196e-19
2.239027e-10
6.9093068e-21
4.9527712e-19
2.3038048e-10
-1.4639893e-20
5.2462646e-19
2.3356451e-10
5.4041808e-21
5.1148948e-19
2.3356451e-10
5.7249729e-20
4.4836862e-19
2.3038048e-10
1.1767997e-19
3.3886915e-19
2.239027e-10
1.6031948e-19
1.9957289e-19
2.1390031e-10
1.6602981e-19
5.8621977e-20
1.9999475e-10
1.2699977e-19
-5.0016679e-20
1.8160885e-10
5.4488169e-20
-9.7489178e-20
1.5787095e-10
-2.2929537e-21
-7.6971767e-20
1.2742848e-10
1.5546081e-20
-1.4114575e-20
8.8069255e-11
4.6783672e-20
3.5939364e-11
7.7261572e-20
-6.8581298e-21
4.9849562e-11
2.252361e-19
5.7390079e-20
1.2742848e-10
3.334759e-19
1.607185e-19
1.8838283e-10
4.0972164e-19
2.811317e-19
2.3656652e-10
4.545193e-19
4.0307715e-19
2.7459701e-10
4.4585005e-19
5.2338269e-19
3.0426063e-10
3.7155661e-19
6.4350357e-19
3.2679046e-10
2.4455357e-19
7.594204e-19
3.4303815e-10
9.5697537e-20
8.5984389e-19
3.5357678e-10
-4.0383095e-20
9.2928846e-19
3.5876113e-10
-1.3711828e-19
9.5232984e-19
3.5876113e-10
-1.8223682e-19
9.1602501e-19
3.5357678e-10
-1.7789023e-19
8.1284224e-19
3.4303815e-10
-1.3571991e-19
6.4527076e-19
3.2679046e-10
-7.2358394e-20
4.3129084e-19
3.0426063e-10
-1.0588855e-20
2.0690834e-19
2.7459701e-10
2.7290042e-20
2.0899641e-20
2.3656652e-10
5.0194672e-20
-8.3091261e-20
1.8838283e-10
8.9977837e-20
-9.2016237e-20
1.2742848e-10
-2.6019888e-20
4.9849562e-11
8.7967818e-20
-2.3869654e-21
6.0338636e-11
2.798626e-19
8.928334e-20
1.5787095e-10
4.5756488e-19
2.3660747e-19
2.3656652e-10
6.0633046e-19
4.1283827e-19
2.9987395e-10
7.0989363e-19
5.9399772e-19
3.5041072e-10
7.3303626e-19
7.6969379e-19
3.9011898e-10
6.5209488e-19
9.3757676e-19
4.2042142e-10
4.7406991e-19
1.0917189e-18
4.4234134e-10
2.3198593e-19
1.2202377e-18
4.5658603e-10
-2.8781421e-20
1.3099058e-18
4.6360076e-10
-2.646523e-19
1.3491061e-18
4.6360076e-10
-4.4151081e-19
1.3272436e-18
4.5658603e-10
-5.3669374e-19
1.2331338e-18
4.4234134e-10
-5.370884e-19
1.058012e-18
4.2042142e-10
-4.4173157e-19
8.0376014e-19
3.9011898e-10
-2.7400982e-19
4.9381689e-19
3.5041072e-10
-8.7036731e-20
1.7986504e-19
2.9987395e-10
6.5933542e-20
-6.5786987e-20
2.3656652e-10
1.5074231e-19
-1.782621e-19
1.5787095e-10
-1.2069037e-19
6.0338636e-11
8.9879388e-20
-8.1390612e-21
6.8431339e-11
3.1651978e-19
1.0841603e-19
1.8160885e-10
5.6080196e-19
2.9968663e-19
2.7459701e-10
7.8295193e-19
5.3039292e-19
3.5041072e-10
9.4801246e-19
7.672454e-19
4.1151161e-10
1.0074302e-18
9.9310332e-19
4.5984183e-10
9.2549272e-19
1.2011762e-18
4.9689356e-10
7.0301911e-19
1.3818599e-18
5.2377843e-10
3.7653106e-19
1.5203908e-18
5.4128392e-10
2.6396431e-21
1.6036225e-18
5.499138e-10
-3.6013552e-19
1.6254955e-18
5.499138e-10
-6.6196486e-19
1.5852489e-18
5.4128392e-10
-8.6262064e-19
1.4807132e-18
5.2377843e-10
-9.2832346e-19
1.3043185e-18
4.9689356e-10
-8.3625511e-19
1.0471949e-18
4.5984183e-10
-5.9646895e-19
7.1261075e-19
4.1151161e-10
-2.7532592e-19
3.3468175e-19
3.5041072e-10
1.843533e-20
-1.065246e-20
2.7459701e-10
1.7095264e-19
-2.2100634e-19
1.8160885e-10
-1.9629557e-19
6.8431339e-11
9.9453961e-20
-2.6653934e-20
7.4667885e-11
3.5675323e-19
9.9431618e-20
1.9999475e-10
6.5977229e-19
3.1790049e-19
3.0426063e-10
9.4665134e-19
5.8354626e-19
3.9011898e-10
1.1661212e-18
8.5640107e-19
4.5984183e-10
1.2568161e-18
1.1143086e-18
5.1530186e-10
1.1705175e-18
1.3474256e-18
5.5799122e-10
9.0187876e-19
1.5432365e-18
5.8905357e-10
4.9341489e-19
1.6828915e-18
6.0931608e-10
1.7354511e-20
1.749642e-18
6.193154e-10
-4.505142e-19
1.7386776e-18
6.193154e-10
-8.4805188e-19
1.6588841e-18
6.0931608e-10
-1.1278892e-18
1.5242942e-18
5.8905357e-10
-1.2493087e-18
1.3415271e-18
5.5799122e-10
-1.1773834e-18
1.1035952e-18
5.1530186e-10
-9.0604733e-19
7.9805453e-19
4.5984183e-10
-4.9682198e-19
4.3116393e-19
3.9011898e-10
-8.9031297e-20
5.7913887e-20
3.0426063e-10
1.3887518e-19
-2.1093985e-19
1.9999475e-10
-2.3171321e-19
7.4667885e-11
1.2590224e-19
-5.1220681e-20
7.937201e-11
4.1294432e-19
5.8949384e-20
2.1390031e-10
7.651879e-19
2.7190929e-19
3.2679046e-10
1.1049252e-18
5.3567904e-19
4.2042142e-10
1.3680265e-18
8.0757209e-19
4.9689356e-10
1.4822827e-18
1.0631325e-18
5.5799122e-10
1.3864376e-18
1.2919762e-18
6.0517456e-10
1.0675101e-18
1.4827827e-18
6.3958723e-10
5.7411004e-19
1.6162927e-18
6.6207011e-10
-1.9061761e-21
1.6715807e-18
6.7317499e-10
-5.6117889e-19
1.6393283e-18
6.7317499e-10
-1.0259574e-18
1.5304517e-18
6.6207011e-10
-1.3471347e-18
1.3710622e-18
6.3958723e-10
-1.4919526e-18
1.1858808e-18
6.0517456e-10
-1.4313181e-18
9.8114486e-19
5.5799122e-10
-1.1533395e-18
7.403265e-19
4.9689356e-10
-7.0585221e-19
4.4516294e-19
4.2042142e-10
-2.3062072e-19
1.1651205e-19
3.2679046e-10
6.2660479e-20
-1.5508262e-19
2.1390031e-10
-2.1727874e-19
7.937201e-11
1.6665203e-19
-6.8849418e-20
8.2750524e-11
4.8236389e-19
-9.6315917e-22
2.239027e-10
8.7383048e-19
1.6651982e-19
3.4303815e-10
1.2531194e-18
3.8291062e-19
4.4234134e-10
1.5476256e-18
6.0797599e-19
5.2377843e-10
1.6778824e-18
8.1702769e-19
5.8905357e-10
1.5714784e-18
1.0011253e-18
6.3958723e-10
1.2057275e-18
1.1549142e-18
6.7650936e-10
6.3115016e-19
1.2656863e-18
7.0066082e-10
-4.2116008e-20
1.3137772e-18
7.1259813e-10
-6.8666682e-19
1.2842825e-18
7.1259813e-10
-1.2022557e-18
1.1809811e-18
7.0066082e-10
-1.5354325e-18
1.0300768e-18
6.7650936e-10
-1.6687549e-18
8.6703421e-19
6.3958723e-10
-1.596284e-18
7.1333411e-19
5.8905357e-10
-1.3173326e-18
5.5964277e-19
5.2377843e-10
-8.6891415e-19
3.7504445e-19
4.4234134e-10
-3.7383155e-19
1.4706065e-19
3.4303815e-10
-3.6660945e-20
-7.2303712e-20
2.239027e-10
-1.5768678e-19
8.2750524e-11
2.0945661e-19
-6.8454293e-20
8.4936587e-11
5.5080792e-19
-6.2351936e-20
2.3038048e-10
9.713391e-19
2.2905087e-20
3.5357678e-10
1.3762202e-18
1.5003188e-19
4.5658603e-10
1.6879929e-18
2.8692515e-19
5.4128392e-10
1.825753e-18
4.0988559e-19
6.0931608e-10
1.7114989e-18
5.111204e-19
6.6207011e-10
1.3130848e-18
5.9321637e-19
7.0066082e-10
6.7689227e-19
6.5626889e-19
7.2592436e-10
-7.6864713e-20
6.9002034e-19
7.3841724e-10
-7.964579e-19
6.7892939e-19
7.3841724e-10
-1.3548221e-18
6.1648383e-19
7.2592436e-10
-1.6867656e-18
5.172714e-19
7.0066082e-10
-1.7877679e-18
4.1350861e-19
6.6207011e-10
-1.6828304e-18
3.3460502e-19
6.0931608e-10
-1.3976606e-18
2.8264243e-19
5.4128392e-10
-9.6878259e-19
2.2690227e-19
4.5658603e-10
-4.9032953e-19
1.3228061e-19
3.5357678e-10
-1.3318645e-19
7.5260928e-21
2.3038048e-10
-7.3522417e-20
8.4936587e-11
2.3822177e-19
-4.5887579e-20
8.6010607e-11
5.9982016e-19
-1.1061688e-19
2.3356451e-10
1.0403689e-18
-1.3286825e-19
3.5876113e-10
1.4575636e-18
-1.230681e-19
4.6360076e-10
1.7712069e-18
-9.9639741e-20
5.499138e-10
1.9052879e-18
-8.4514391e-20
6.193154e-10
1.785083e-18
-8.6689738e-20
6.7317499e-10
1.3737917e-18
-9.7741309e-20
7.1259813e-10
7.0926924e-19
-1.0358811e-19
7.3841724e-10
-8.9845047e-20
-9.9142371e-20
7.5118791e-10
-8.5938307e-19
-9.3262675e-20
7.511879e-10
-1.4497297e-18
-9.8759949e-20
7.3841724e-10
-1.7783523e-18
-1.1713284e-19
7.1259813e-10
-1.8443975e-18
-1.3114619e-19
6.7317499e-10
-1.7000406e-18
-1.1531776e-19
6.193154e-10
-1.4037115e-18
-5.929644e-20
5.499138e-10
-1.0017798e-18
1.4616855e-20
4.6360076e-10
-5.6104269e-19
6.1947602e-20
3.5876113e-10
-2.0474202e-19
5.4621368e-20
2.3356451e-10
7.5934914e-21
8.6010607e-11
2.3823465e-19
-5.2186453e-21
8.6010607e-11
6.1293856e-19
-1.3823861e-19
2.3356451e-10
1.0670672e-18
-2.7720169e-19
3.5876113e-10
1.486446e-18
-3.9467253e-19
4.6360076e-10
1.7878747e-18
-4.8966548e-19
5.499138e-10
1.9052388e-18
-5.8096708e-19
6.193154e-10
1.7770249e-18
-6.8144458e-19
6.7317499e-10
1.3702251e-18
-7.820545e-19
7.1259813e-10
7.1440399e-19
-8.5938795e-19
7.3841724e-10
-8.3774514e-20
-8.9394861e-19
7.511879e-10
-8.6322121e-19
-8.8279419e-19
7.511879e-10
-1.4640903e-18
-8.3818434e-19
7.3841724e-10
-1.7879824e-18
-7.7404385e-19
7.1259813e-10
-1.8283407e-18
-6.9164217e-19
6.7317499e-10
-1.6522908e-18
-5.780725e-19
6.193154e-10
-1.3464867e-18
-4.2166816e-19
5.499138e-10
-9.7303344e-19
-2.3426802e-19
4.6360076e-10
-5.7869727e-19
-5.8703487e-20
3.5876113e-10
-2.3895724e-19
5.2578337e-20
2.3356451e-10
6.3074385e-20
8.6010607e-11
2.0036079e-19
4.2093881e-20
8.4936587e-11
5.7877284e-19
-1.4429159e-19
2.3038048e-10
1.0423701e-18
-3.9019114e-19
3.5357678e-10
1.4591669e-18
-6.2647286e-19
4.5658603e-10
1.7398668e-18
-8.2784255e-19
5.4128392e-10
1.8300671e-18
-1.005776e-18
6.0931608e-10
1.6894075e-18
-1.1774029e-18
6.6207011e-10
1.2977878e-18
-1.339099e-18
7.0066082e-10
6.8054684e-19
-1.4668258e-18
7.2592436e-10
-7.2450964e-20
-1.5331938e-18
7.3841724e-10
-8.1685754e-19
-1.5249646e-18
7.3841724e-10
-1.3980607e-18
-1.4490568e-18
7.2592436e-10
-1.7098372e-18
-1.3242169e-18
7.0066082e-10
-1.7355772e-18
-1.1659635e-18
6.6207011e-10
-1.5438239e-18
-9.7544006e-19
6.0931608e-10
-1.2374339e-18
-7.4454474e-19
5.4128392e-10
-8.9330641e-19
-4.7642925e-19
4.5658603e-10
-5.4694644e-19
-2.0569775e-19
3.5357678e-10
-2.3522457e-19
4.7929573e-21
2.3038048e-10
8.3394858e-20
8.4936587e-11
1.2515534e-19
7.9188404e-20
8.2750524e-11
4.9367353e-19
-1.3343746e-19
2.239027e-10
9.6101376e-19
-4.5433737e-19
3.4303815e-10
1.3746005e-18
-7.8260093e-19
4.4234134e-10
1.6350544e-18
-1.0668073e-18
5.2377843e-10
1.6965342e-18
-1.3041875e-18
5.8905357e-10
1.5422447e-18
-1.5117553e-18
6.3958723e-10
1.1715511e-18
-1.694339e-18
6.7650936e-10
6.1150296e-19
-1.8357705e-18
7.0066082e-10
-6.4836296e-20
-1.9107677e-18
7.1259813e-10
-7.3743714e-19
-1.9020001e-18
7.1259813e-10
-1.2693429e-18
-1.8109105e-18
7.0066082e-10
-1.5574649e-18
-1.6555535e-18
6.7650936e-10
-1.5760967e-18
-1.4577676e-18
6.3958723e-10
-1.3853424e-18
-1.2285858e-18
5.8905357e-10
-1.0907645e-18
-9.6413701e-19
5.2377843e-10
-7.7820287e-19
-6.6077664e-19
4.4234134e-10
-4.7829501e-19
-3.4130809e-19
3.4303815e-10
-2.0222495e-19
-6.72219e-20
2.239027e-10
7.3392389e-20
8.2750524e-11
2.700642e-20
8.8388586e-20
7.937201e-11
3.6695419e-19
-1.1501607e-19
2.1390031e-10
8.2298102e-19
-4.5701908e-19
3.2679046e-10
1.230369e-18
-8.2977739e-19
4.2042142e-10
1.4781322e-18
-1.1636009e-18
4.9689356e-10
1.5217237e-18
-1.4348841e-18
5.5799122e-10
1.3624544e-18
-1.6512997e-18
6.0517456e-10
1.0200404e-18
-1.8225721e-18
6.3958723e-10
5.2738298e-19
-1.9446783e-18
6.6207011e-10
-5.577752e-20
-2.0023348e-18
6.7317499e-10
-6.3512172e-19
-1.9818174e-18
6.7317499e-10
-1.0981987e-18
-1.8828279e-18
6.6207011e-10
-1.3532752e-18
-1.7207735e-18
6.3958723e-10
-1.3697362e-18
-1.5183195e-18
6.0517456e-10
-1.1942498e-18
-1.2906295e-18
5.5799122e-10
-9.2400684e-19
-1.0361128e-18
4.9689356e-10
-6.4625115e-19
-7.4532299e-19
4.2042142e-10
-3.9029828e-19
-4.2775917e-19
3.2679046e-10
-1.5337815e-19
-1.3406466e-19
2.1390031e-10
4.7357274e-20
7.937201e-11
-6.5423748e-20
5.9701972e-20
7.4667885e-11
2.2502671e-19
-1.0125674e-19
1.9999475e-10
6.4046466e-19
-3.9754462e-19
3.0426063e-10
1.0254996e-18
-7.4868902e-19
3.9011898e-10
1.2656878e-18
-1.0861071e-18
4.5984183e-10
1.3102679e-18
-1.3673277e-18
5.1530186e-10
1.1665965e-18
-1.5810156e-18
5.5799122e-10
8.674824e-19
-1.7317573e-18
5.8905357e-10
4.5180705e-19
-1.8234563e-18
6.0931608e-10
-3.0443053e-20
-1.8528304e-18
6.193154e-10
-5.0817725e-19
-1.8145749e-18
6.193154e-10
-8.9462395e-19
-1.7106134e-18
6.0931608e-10
-1.1137759e-18
-1.555368e-18
5.8905357e-10
-1.1336612e-18
-1.37036e-18
5.5799122e-10
-9.8596303e-19
-1.1718577e-18
5.1530186e-10
-7.523048e-19
-9.5931608e-19
4.5984183e-10
-5.1403755e-19
-7.1855786e-19
3.9011898e-10
-2.9971968e-19
-4.4573737e-19
3.0426063e-10
-1.0134952e-19
-1.7416219e-19
1.9999475e-10
1.9645811e-20
7.4667885e-11
-1.1820726e-19
-1.2465573e-21
6.8431339e-11
1.0810201e-19
-1.0138777e-19
1.8160885e-10
4.432591e-19
-2.9423213e-19
2.7459701e-10
7.7076796e-19
-5.5348273e-19
3.5041072e-10
9.9227525e-19
-8.3744359e-19
4.1151161e-10
1.051371e-18
-1.0988757e-18
4.5984183e-10
9.4855836e-19
-1.305861e-18
4.9689356e-10
7.1616117e-19
-1.4469012e-18
5.2377843e-10
3.9299478e-19
-1.5226986e-18
5.4128392e-10
1.9972233e-20
-1.5360629e-18
5.499138e-10
-3.5162359e-19
-1.4891747e-18
5.499138e-10
-6.5923329e-19
-1.3883357e-18
5.4128392e-10
-8.4343696e-19
-1.2486083e-18
5.2377843e-10
-8.732208e-19
-1.0915412e-18
4.9689356e-10
-7.6525705e-19
-9.3429323e-19
4.5984183e-10
-5.8085038e-19
-7.7798483e-19
4.1151161e-10
-3.8918511e-19
-6.0647459e-19
3.5041072e-10
-2.1591607e-19
-4.0423657e-19
2.7459701e-10
-5.3261319e-20
-1.8486886e-19
1.8160885e-10
-4.3440411e-21
6.8431339e-11
-1.0959486e-19
-6.8820681e-20
6.0338636e-11
5.2226747e-20
-1.0891812e-19
1.5787095e-10
2.7297643e-19
-1.7598636e-19
2.3656652e-10
4.9721487e-19
-2.9904593e-19
2.9987395e-10
6.6764937e-19
-4.7920571e-19
3.5041072e-10
7.3498352e-19
-6.8485063e-19
3.9011898e-10
6.8800688e-19
-8.7412088e-19
4.2042142e-10
5.452987e-19
-1.0164996e-18
4.4234134e-10
3.3458798e-19
-1.0989148e-18
4.5658603e-10
8.4127216e-20
-1.1200508e-18
4.6360076e-10
-1.7358115e-19
-1.0841801e-18
4.6360076e-10
-3.9788237e-19
-1.0007034e-18
4.5658603e-10
-5.4603091e-19
-8.8627844e-19
4.4234134e-10
-5.8895953e-19
-7.6295394e-19
4.2042142e-10
-5.2917003e-19
-6.4950241e-19
3.9011898e-10
-4.054048e-19
-5.5017159e-19
3.5041072e-10
-2.686754e-19
-4.4967699e-19
2.9987395e-10
-1.3872797e-19
-3.2512701e-19
2.3656652e-10
-1.0235391e-20
-1.7260424e-19
1.5787095e-10
-2.5274091e-20
6.0338636e-11
-4.7327821e-20
-1.0046536e-19
4.9849562e-11
6.2869407e-20
-8.8930255e-20
1.2742848e-10
1.6086046e-19
-5.5328863e-20
1.8838283e-10
2.5132102e-19
-5.4359079e-20
2.3656652e-10
3.3284345e-19
-1.2028211e-19
2.7459701e-10
3.8189956e-19
-2.4715342e-19
3.0426063e-10
3.8340738e-19
-3.9912778e-19
3.2679046e-10
3.3718813e-19
-5.3605593e-19
3.4303815e-10
2.5042654e-19
-6.3036559e-19
3.5357678e-10
1.3231395e-19
-6.7082519e-19
3.5876113e-10
-4.4831074e-21
-6.5825211e-19
3.5876113e-10
-1.3978306e-19
-6.0219161e-19
3.5357678e-10
-2.463733e-19
-5.1959171e-19
3.4303815e-10
-2.9857623e-19
-4.3218126e-19
3.2679046e-10
-2.8689955e-19
-3.5933756e-19
3.0426063e-10
-2.272196e-19
-3.0787935e-19
2.7459701e-10
-1.493849e-19
-2.6594994e-19
2.3656652e-10
-6.4903295e-20
-2.0976723e-19
1.8838283e-10
2.6996928e-20
-1.2551494e-19
1.2742848e-10
-3.0773461e-20
4.9849562e-11
3.1335753e-20
-6.8674015e-20
3.5939364e-11
1.0242748e-19
-1.6116357e-20
8.8069255e-11
1.0359586e-19
5.6883265e-20
1.2742848e-10
7.3878693e-20
1.0966042e-19
1.5787095e-10
5.6635823e-20
1.0935213e-19
1.8160885e-10
6.2519807e-20
4.9281038e-20
1.9999475e-10
8.5530953e-20
-4.9182694e-20
2.1390031e-10
1.1382848e-19
-1.530847e-19
2.239027e-10
1.3392011e-19
-2.3426249e-19
2.3038048e-10
1.3418841e-19
-2.7738614e-19
2.3356451e-10
1.0809914e-19
-2.7972777e-19
2.3356451e-10
5.8083895e-20
-2.4818369e-19
2.3038048e-10
-2.4509237e-21
-1.9649731e-19
2.239027e-10
-5.3046229e-20
-1.4211712e-19
2.1390031e-10
-7.6500561e-20
-1.0064303e-19
1.9999475e-10
-7.0020621e-20
-7.8532102e-20
1.8160885e-10
-4.3890938e-20
-6.9183458e-20
1.5787095e-10
-1.6255998e-21
-5.6842499e-20
1.2742848e-10
5.3319883e-20
-2.8297754e-20
8.8069255e-11
3.5288999e-21
3.5939364e-11
7.8665038e-20
1.6236676e-11
1.0731612e-19
3.5939364e-11
6.54166e-20
4.9849562e-11
-1.1312863e-20
6.0338636e-11
-7.8143827e-20
6.8431339e-11
-1.0870429e-19
7.4667885e-11
-9.6104016e-20
7.937201e-11
-4.9636195e-20
8.2750524e-11
1.1912172e-20
8.4936587e-11
6.8923871e-20
8.6010607e-11
1.060469e-19
8.6010607e-11
1.156777e-19
8.4936587e-11
9.9786099e-20
8.2750524e-11
6.9346258e-20
7.937201e-11
3.96243e-20
7.4667885e-11
2.1294906e-20
6.8431339e-11
1.6220423e-20
6.0338636e-11
2.5565741e-20
4.9849562e-11
4.981604e-20
3.5939364e-11
1.6236676e-11
3.8784394e-20
-1.91181e-20
1.6236676e-11
7.9766272e-20
-1.2033369e-20
3.5939364e-11
9.2916219e-20
9.2151958e-22
4.9849562e-11
8.6476874e-20
1.8275514e-20
6.0338636e-11
6.7212914e-20
3.7558419e-20
6.8431339e-11
3.7918681e-20
5.6716306e-20
7.4667885e-11
5.1417276e-21
7.4298479e-20
7.937201e-11
-1.8129277e-20
8.5807709e-20
8.2750524e-11
-1.7849528e-20
8.3044328e-20
8.4936587e-11
1.2749238e-20
5.7778093e-20
8.6010607e-11
6.7902345e-20
7.3391103e-21
8.6010607e-11
1.2957285e-19
-6.191083e-20
8.4936587e-11
1.7423163e-19
-1.3468289e-19
8.2750524e-11
1.8365942e-19
-1.9117047e-19
7.937201e-11
1.5348997e-19
-2.1402444e-19
7.4667885e-11
9.3598729e-20
-1.9528265e-19
6.8431339e-11
2.4323573e-20
-1.3930205e-19
6.0338636e-11
-2.5302688e-20
-6.3608052e-20
4.9849562e-11
-2.9511833e-20
4.8327175e-21
3.5939364e-11
4.0079904e-20
1.6236676e-11
9.229357e-20
2.0070294e-20
3.5939364e-11
1.9307553e-19
4.3094546e-20
8.8069255e-11
2.539603e-19
6.3100963e-20
1.2742848e-10
2.712342e-19
8.3467237e-20
1.5787095e-10
2.4961542e-19
1.0464308e-19
1.8160885e-10
1.9226282e-19
1.2861198e-19
1.9999475e-10
1.0929313e-19
1.5671732e-19
2.1390031e-10
2.3960664e-20
1.8370277e-19
2.239027e-10
-3.3438228e-20
1.9697522e-19
2.3038048e-10
-3.9119897e-20
1.8242414e-19
2.3356451e-10
1.1966509e-20
1.325051e-19
2.3356451e-10
1.0197785e-19
5.1281644e-20
2.3038048e-10
1.962475e-19
-4.5976492e-20
2.239027e-10
2.5850744e-19
-1.3670385e-19
2.1390031e-10
2.6568544e-19
-1.9811482e-19
1.9999475e-10
2.152912e-19
-2.1318488e-19
1.8160885e-10
1.261337e-19
-1.7632264e-19
1.5787095e-10
4.1883843e-20
-9.9187987e-20
1.2742848e-10
1.2463604e-20
-1.2723378e-20
8.8069255e-11
4.2776533e-20
3.5939364e-11
1.0444184e-19
5.6875233e-20
4.9849562e-11
2.4403105e-19
1.0232332e-19
1.2742848e-10
3.5246697e-19
1.2964246e-19
1.8838283e-10
4.1079796e-19
1.493043e-19
2.3656652e-10
4.1505474e-19
1.6589732e-19
2.7459701e-10
3.6205837e-19
1.8722302e-19
3.0426063e-10
2.565221e-19
2.2172653e-19
3.2679046e-10
1.2118603e-19
2.6957333e-19
3.4303815e-10
-6.0970087e-21
3.1823373e-19
3.5357678e-10
-8.6665559e-20
3.4771962e-19
3.5876113e-10
-9.7807312e-20
3.4015144e-19
3.5876113e-10
-4.2828494e-20
2.8760057e-19
3.5357678e-10
5.1588723e-20
1.9476378e-19
3.4303815e-10
1.4804798e-19
7.7440946e-20
3.2679046e-10
2.1399373e-19
-4.1258286e-20
3.0426063e-10
2.2984525e-19
-1.3487349e-19
2.7459701e-10
1.9301569e-19
-1.7916969e-19
2.3656652e-10
1.2907199e-19
-1.6163382e-19
1.8838283e-10
8.2248848e-20
-9.2593658e-20
1.2742848e-10
-3.8228838e-21
4.9849562e-11
8.5048394e-20
6.9738319e-20
6.0338636e-11
2.4344662e-19
1.3900538e-19
1.5787095e-10
3.8832752e-19
1.8578145e-19
2.3656652e-10
4.8900103e-19
2.1872668e-19
2.9987395e-10
5.3353604e-19
2.4043768e-19
3.5041072e-10
5.103484e-19
2.6046355e-19
3.9011898e-10
4.1280169e-19
2.9415398e-19
4.2042142e-10
2.5340998e-19
3.5096943e-19
4.4234134e-10
6.8101576e-20
4.2479546e-19
4.5658603e-10
-9.5151123e-20
4.9516944e-19
4.6360076e-10
-1.9567296e-19
5.3606651e-19
4.6360076e-10
-2.1580122e-19
5.2664347e-19
4.5658603e-10
-1.6377846e-19
4.5785328e-19
4.4234134e-10
-6.5269427e-20
3.3452421e-19
4.2042142e-10
4.9296622e-20
1.7455111e-19
3.9011898e-10
1.4921849e-19
6.9702709e-21
3.5041072e-10
2.0530677e-19
-1.308254e-19
2.9987395e-10
2.0504019e-19
-2.0124503e-19
2.3656652e-10
1.5811478e-19
-1.8191753e-19
1.5787095e-10
-7.3203844e-20
6.0338636e-11
5.9696183e-20
5.5155555e-20
6.8431339e-11
2.2179369e-19
1.4082147e-19
1.8160885e-10
3.865404e-19
2.1625132e-19
2.7459701e-10
5.170865e-19
2.7939524e-19
3.5041072e-10
5.9834367e-19
3.2364761e-19
4.1151161e-10
6.1381822e-19
3.5275671e-19
4.5984183e-10
5.4523015e-19
3.830775e-19
4.9689356e-10
3.8951516e-19
4.3214199e-19
5.2377843e-10
1.7199111e-19
5.0471513e-19
5.4128392e-10
-5.8493275e-20
5.8777602e-19
5.499138e-10
-2.4790421e-19
6.5560116e-19
5.499138e-10
-3.5776949e-19
6.8039591e-19
5.4128392e-10
-3.7405583e-19
6.4243083e-19
5.2377843e-10
-3.0381762e-19
5.3543549e-19
4.9689356e-10
-1.6698817e-19
3.6807447e-19
4.5984183e-10
3.7570717e-21
1.6358232e-19
4.1151161e-10
1.581611e-19
-3.9800038e-20
3.5041072e-10
2.4138013e-19
-1.9098074e-19
2.7459701e-10
2.1376966e-19
-2.3748044e-19
1.8160885e-10
-1.3747706e-19
6.8431339e-11
4.8720399e-20
2.0790839e-20
7.4667885e-11
2.095575e-19
1.054673e-19
1.9999475e-10
3.8121996e-19
2.0463702e-19
3.0426063e-10
5.2475162e-19
3.0278703e-19
3.9011898e-10
6.2629882e-19
3.8162333e-19
4.5984183e-10
6.7065293e-19
4.3318338e-19
5.1530186e-10
6.3351914e-19
4.6606241e-19
5.5799122e-10
4.9760651e-19
4.9872572e-19
5.8905357e-10
2.7323631e-19
5.4615963e-19
6.0931608e-10
2.28248e-21
6.0890818e-19
6.193154e-10
-2.5600418e-19
6.7149908e-19
6.193154e-10
-4.4711797e-19
7.0921472e-19
6.0931608e-10
-5.3646806e-19
6.9832777e-19
5.8905357e-10
-5.1174111e-19
6.2403721e-19
5.5799122e-10
-3.7909218e-19
4.8408807e-19
5.1530186e-10
-1.6680338e-19
2.8952462e-19
4.5984183e-10
6.3785559e-20
6.7992045e-20
3.9011898e-10
2.2477223e-19
-1.308961e-19
3.0426063e-10
2.3013553e-19
-2.3771403e-19
1.9999475e-10
-1.7413338e-19
7.4667885e-11
5.9447594e-20
-1.9971464e-20
7.937201e-11
2.2248526e-19
4.0888278e-20
2.1390031e-10
3.9701166e-19
1.4323618e-19
3.2679046e-10
5.4229065e-19
2.6234135e-19
4.2042142e-10
6.4586662e-19
3.7244461e-19
4.9689356e-10
6.9787551e-19
4.5308253e-19
5.5799122e-10
6.7637792e-19
4.9836386e-19
6.0517456e-10
5.5826163e-19
5.1853271e-19
6.3958723e-10
3.4140785e-19
5.3189083e-19
6.6207011e-10
5.6455971e-20
5.5264141e-19
6.7317499e-10
-2.4041009e-19
5.8260156e-19
6.7317499e-10
-4.8743588e-19
6.1027852e-19
6.6207011e-10
-6.3590592e-19
6.1676687e-19
6.3958723e-10
-6.579922e-19
5.8348204e-19
6.0517456e-10
-5.476962e-19
4.9752994e-19
5.5799122e-10
-3.2620144e-19
3.5452997e-19
4.9689356e-10
-5.59814e-20
1.6459311e-19
4.2042142e-10
1.5858604e-19
-3.6618486e-20
3.2679046e-10
2.0157891e-19
-1.7982581e-19
2.1390031e-10
-1.6862716e-19
7.937201e-11
8.568945e-20
-5.2590447e-20
8.2750524e-11
2.5779981e-19
-3.6141743e-20
2.239027e-10
4.3978192e-19
3.9434566e-20
3.4303815e-10
5.866039e-19
1.4971741e-19
4.4234134e-10
6.8204068e-19
2.6953238e-19
5.2377843e-10
7.2060719e-19
3.7116945e-19
5.8905357e-10
6.8946848e-19
4.3400056e-19
6.3958723e-10
5.7096449e-19
4.5323511e-19
6.7650936e-10
3.6010924e-19
4.4082964e-19
7.0066082e-10
7.8785201e-20
4.1789729e-19
7.1259813e-10
-2.2538868e-19
4.0308853e-19
7.1259813e-10
-4.9359467e-19
4.0409484e-19
7.0066082e-10
-6.7346497e-19
4.1537158e-19
6.7650936e-10
-7.2996336e-19
4.2130326e-19
6.3958723e-10
-6.4965637e-19
4.0167553e-19
5.8905357e-10
-4.4640291e-19
3.3743174e-19
5.2377843e-10
-1.7588037e-19
2.188192e-19
4.4234134e-10
5.9457243e-20
6.0483572e-20
3.4303815e-10
1.367793e-19
-8.357711e-20
2.239027e-10
-1.225416e-19
8.2750524e-11
1.1263114e-19
-6.6587323e-20
8.4936587e-11
2.9832689e-19
-1.0636994e-19
2.3038048e-10
4.9688439e-19
-8.6011334e-20
3.5357678e-10
6.545222e-19
-1.9414988e-20
4.5658603e-10
7.4408662e-19
7.7335882e-20
5.4128392e-10
7.5890451e-19
1.7725314e-19
6.0931608e-10
6.9619052e-19
2.5086673e-19
6.6207011e-10
5.5255955e-19
2.7875366e-19
7.0066082e-10
3.3278482e-19
2.5967659e-19
7.2592436e-10
5.8819852e-20
2.1068097e-19
7.3841724e-10
-2.2963706e-19
1.5880305e-19
7.3841724e-10
-4.8439191e-19
1.2885948e-19
7.2592436e-10
-6.6153102e-19
1.3280769e-19
7.0066082e-10
-7.3021796e-19
1.6555806e-19
6.6207011e-10
-6.7671751e-19
2.0671049e-19
6.0931608e-10
-5.0954871e-19
2.2754155e-19
5.4128392e-10
-2.7158838e-19
2.0132824e-19
4.5658603e-10
-4.7377643e-20
1.2022727e-19
3.5357678e-10
5.5398151e-20
1.312572e-20
2.3038048e-10
-5.471674e-20
8.4936587e-11
1.2405788e-19
-5.8286425e-20
8.6010607e-11
3.2279448e-19
-1.5408246e-19
2.3356451e-10
5.4580109e-19
-2.0679315e-19
3.5876113e-10
7.2688863e-19
-2.1084821e-19
4.6360076e-10
8.2223741e-19
-1.683169e-19
5.499138e-10
8.1734048e-19
-9.8782548e-20
6.193154e-10
7.1513144e-19
-3.2114795e-20
6.7317499e-10
5.2849414e-19
4.481863e-21
7.1259813e-10
2.8059889e-19
-3.1777637e-21
7.3841724e-10
4.7925058e-21
-5.0493721e-20
7.5118791e-10
-2.6000909e-19
-1.1488237e-19
7.5118791e-10
-4.7761271e-19
-1.6502295e-19
7.3841724e-10
-6.2127365e-19
-1.7449642e-19
7.1259813e-10
-6.7591653e-19
-1.3353279e-19
6.7317499e-10
-6.3667124e-19
-5.3566922e-20
6.193154e-10
-5.1055739e-19
3.6294297e-20
5.499138e-10
-3.2489167e-19
1.0024388e-19
4.6360076e-10
-1.3564939e-19
1.1176469e-19
3.5876113e-10
-1.9642324e-20
7.1441111e-20
2.3356451e-10
8.2441189e-21
8.6010607e-11
1.0866419e-19
-3.1166205e-20
8.6010607e-11
3.1501564e-19
-1.7111103e-19
2.3356451e-10
5.660292e-19
-2.9903609e-19
3.5876113e-10
7.798929e-19
-3.848859e-19
4.6360076e-10
8.9453703e-19
-4.1480367e-19
5.499138e-10
8.8381071e-19
-3.9809866e-19
6.193154e-10
7.5078532e-19
-3.5864567e-19
6.7317499e-10
5.1974483e-19
-3.2260512e-19
7.1259813e-10
2.3251354e-19
-3.1060444e-19
7.3841724e-10
-5.9244797e-20
-3.3167242e-19
7.5118791e-10
-3.0797732e-19
-3.7791502e-19
7.5118791e-10
-4.8326652e-19
-4.2547065e-19
7.3841724e-10
-5.7657128e-19
-4.4404591e-19
7.1259813e-10
-5.9534616e-19
-4.1093361e-19
6.7317499e-10
-5.5239083e-19
-3.2244624e-19
6.193154e-10
-4.5915286e-19
-1.9656473e-19
5.499138e-10
-3.2924416e-19
-6.6990294e-20
4.6360076e-10
-1.8677053e-19
2.9811134e-20
3.5876113e-10
-7.0774813e-20
6.9732182e-20
2.3356451e-10
4.5083978e-20
8.6010607e-11
6.3529497e-20
4.2243747e-21
8.4936587e-11
2.6921543e-19
-1.5786824e-19
2.3038048e-10
5.4619034e-19
-3.4608747e-19
3.5357678e-10
7.9552231e-19
-5.0703519e-19
4.5658603e-10
9.3836366e-19
-6.1102281e-19
5.4128392e-10
9.3755341e-19
-6.5586819e-19
6.0931608e-10
7.9322885e-19
-6.5680009e-19
6.6207011e-10
5.3387237e-19
-6.3335939e-19
7.0066082e-10
2.1228358e-19
-6.0502479e-19
7.2592436e-10
-1.0358438e-19
-5.8878275e-19
7.3841724e-10
-3.518027e-19
-5.9356052e-19
7.3841724e-10
-4.9803584e-19
-6.1328612e-19
7.2592436e-10
-5.4417715e-19
-6.2693954e-19
7.0066082e-10
-5.1868029e-19
-6.0768661e-19
6.6207011e-10
-4.558634e-19
-5.366683e-19
6.0931608e-10
-3.7845978e-19
-4.1316878e-19
5.4128392e-10
-2.9282837e-19
-2.5672697e-19
4.5658603e-10
-1.9596817e-19
-1.0201868e-19
3.5357678e-10
-9.1097957e-20
1.1891593e-20
2.3038048e-10
4.8046875e-20
8.4936587e-11
-3.2423639e-21
3.1787536e-20
8.2750524e-11
1.9158962e-19
-1.2430148e-19
2.239027e-10
4.8537804e-19
-3.4089649e-19
3.4303815e-10
7.6497705e-19
-5.5261701e-19
4.4234134e-10
9.383732e-19
-7.1715383e-19
5.2377843e-10
9.595486e-19
-8.1925285e-19
5.8905357e-10
8.2569206e-19
-8.6358206e-19
6.3958723e-10
5.642329e-19
-8.6187093e-19
6.7650936e-10
2.2911771e-19
-8.2799855e-19
7.0066082e-10
-1.0540221e-19
-7.7985048e-19
7.1259813e-10
-3.6534112e-19
-7.3729878e-19
7.1259813e-10
-5.0545109e-19
-7.1356741e-19
7.0066082e-10
-5.2584593e-19
-7.0572432e-19
6.7650936e-10
-4.6568947e-19
-6.9424927e-19
6.3958723e-10
-3.7718925e-19
-6.5242327e-19
5.8905357e-10
-2.979088e-19
-5.6044514e-19
5.2377843e-10
-2.36083e-19
-4.1658369e-19
4.4234134e-10
-1.7270703e-19
-2.4174989e-19
3.4303815e-10
-8.4829289e-20
-7.7042501e-20
2.239027e-10
2.3796183e-20
8.2750524e-11
-7.1712065e-20
3.4431052e-20
7.937201e-11
1.0161833e-19
-8.878676e-20
2.1390031e-10
3.9314563e-19
-2.8925253e-19
3.2679046e-10
6.8742771e-19
-5.1069307e-19
4.2042142e-10
8.8641202e-19
-7.0796474e-19
4.9689356e-10
9.3664414e-19
-8.5294408e-19
5.5799122e-10
8.3157042e-19
-9.3691147e-19
6.0517456e-10
5.9530839e-19
-9.6268673e-19
6.3958723e-10
2.755675e-19
-9.3789215e-19
6.6207011e-10
-5.8360904e-20
-8.7637507e-19
6.7317499e-10
-3.3001045e-19
-8.0048935e-19
6.7317499e-10
-4.8337284e-19
-7.3554873e-19
6.6207011e-10
-5.0715451e-19
-6.9697236e-19
6.3958723e-10
-4.3682778e-19
-6.8063888e-19
6.0517456e-10
-3.3148894e-19
-6.6305886e-19
5.5799122e-10
-2.4113045e-19
-6.1304141e-19
4.9689356e-10
-1.8266218e-19
-5.0798839e-19
4.2042142e-10
-1.348386e-19
-3.4833204e-19
3.2679046e-10
-6.2959782e-20
-1.6459208e-19
2.1390031e-10
-1.293194e-20
7.937201e-11
-1.1364524e-19
3.4228545e-21
7.4667885e-11
3.0198959e-20
-7.2404786e-20
1.9999475e-10
2.9083879e-19
-2.1177942e-19
3.0426063e-10
5.7098837e-19
-3.9125288e-19
3.9011898e-10
7.7989808e-19
-5.795162e-19
4.5984183e-10
8.5922991e-19
-7.4248703e-19
5.1530186e-10
7.9546163e-19
-8.5735284e-19
5.5799122e-10
6.0657521e-19
-9.1502266e-19
5.8905357e-10
3.3071841e-19
-9.1548016e-19
6.0931608e-10
2.4358194e-20
-8.6615224e-19
6.193154e-10
-2.4429615e-19
-7.8473805e-19
6.193154e-10
-4.1576741e-19
-6.9849484e-19
6.0931608e-10
-4.6533513e-19
-6.3421462e-19
5.8905357e-10
-4.1345224e-19
-6.0378207e-19
5.5799122e-10
-3.1201108e-19
-5.95833e-19
5.1530186e-10
-2.1451588e-19
-5.7964759e-19
4.5984183e-10
-1.4783478e-19
-5.2032724e-19
3.9011898e-10
-9.9270732e-20
-3.9831778e-19
3.0426063e-10
-3.702698e-20
-2.2563343e-19
1.9999475e-10
-4.8000912e-20
7.4667885e-11
-1.046496e-19
-5.2304974e-20
6.8431339e-11
9.8220214e-21
-8.5940611e-20
1.8160885e-10
2.0956068e-19
-1.3812727e-19
2.7459701e-10
4.3645271e-19
-2.3055648e-19
3.5041072e-10
6.2563851e-19
-3.6218168e-19
4.1151161e-10
7.2164054e-19
-5.0797476e-19
4.5984183e-10
7.0216119e-19
-6.3675667e-19
4.9689356e-10
5.7463208e-19
-7.2611289e-19
5.2377843e-10
3.6514461e-19
-7.6469597e-19
5.4128392e-10
1.1401614e-19
-7.5091594e-19
5.499138e-10
-1.2640652e-19
-6.9374575e-19
5.499138e-10
-3.0319378e-19
-6.1443889e-19
5.4128392e-10
-3.834551e-19
-5.4158998e-19
5.2377843e-10
-3.6939256e-19
-4.9791394e-19
4.9689356e-10
-2.9486217e-19
-4.86815e-19
4.5984183e-10
-2.0515703e-19
-4.8797321e-19
4.1151161e-10
-1.3139592e-19
-4.6607867e-19
3.5041072e-10
-7.3792815e-20
-3.8904036e-19
2.7459701e-10
-1.4247048e-20
-2.4913552e-19
1.8160885e-10
-7.3261389e-20
6.8431339e-11
-4.0975779e-20
-1.0463706e-19
6.0338636e-11
5.4469752e-20
-1.1571407e-19
1.5787095e-10
1.764424e-19
-8.778316e-20
2.3656652e-10
3.1450352e-19
-7.8713568e-20
2.9987395e-10
4.4532493e-19
-1.2217723e-19
3.5041072e-10
5.3059773e-19
-2.1630888e-19
3.9011898e-10
5.4394078e-19
-3.3412621e-19
4.2042142e-10
4.8008414e-19
-4.4362841e-19
4.4234134e-10
3.4991599e-19
-5.2053627e-19
4.5658603e-10
1.760596e-19
-5.5155178e-19
4.6360076e-10
-8.6192946e-21
-5.352845e-19
4.6360076e-10
-1.6565977e-19
-4.8382752e-19
4.5658603e-10
-2.630814e-19
-4.2102455e-19
4.4234134e-10
-2.8905518e-19
-3.7315181e-19
4.2042142e-10
-2.5589737e-19
-3.5493522e-19
3.9011898e-10
-1.913049e-19
-3.6011692e-19
3.5041072e-10
-1.2145197e-19
-3.6206086e-19
2.9987395e-10
-5.6514693e-20
-3.2637445e-19
2.3656652e-10
3.0022538e-21
-2.3127751e-19
1.5787095e-10
-8.3491056e-20
6.0338636e-11
4.9926511e-20
-1.1780535e-19
4.9849562e-11
1.4013404e-19
-1.2098566e-19
1.2742848e-10
1.9097341e-19
-4.8672891e-20
1.8838283e-10
2.2808176e-19
3.1775639e-20
2.3656652e-10
2.7139045e-19
6.6671324e-20
2.7459701e-10
3.13234e-19
3.4635401e-20
3.0426063e-10
3.3519553e-19
-5.0812375e-20
3.2679046e-10
3.2316635e-19
-1.5770193e-19
3.4303815e-10
2.7205861e-19
-2.5342083e-19
3.5357678e-10
1.8562868e-19
-3.152025e-19
3.5876113e-10
7.6192664e-20
-3.3320253e-19
3.5876113e-10
-3.599875e-20
-3.1159767e-19
3.5357678e-10
-1.2744074e-19
-2.6748103e-19
3.4303815e-10
-1.8005693e-19
-2.2477139e-19
3.2679046e-10
-1.881526e-19
-2.028375e-19
3.0426063e-10
-1.5868576e-19
-2.061575e-19
2.7459701e-10
-1.0549838e-19
-2.1997803e-19
2.3656652e-10
-4.202263e-20
-2.159019e-19
1.8838283e-10
1.4318071e-20
-1.6780944e-19
1.2742848e-10
-7.0267089e-20
4.9849562e-11
1.1720963e-19
-7.7601863e-20
3.5939364e-11
2.0408306e-19
-6.9271078e-20
8.8069255e-11
2.0951141e-19
2.6383868e-21
1.2742848e-10
1.6933327e-19
8.9389019e-20
1.5787095e-10
1.2961122e-19
1.4644745e-19
1.8160885e-10
1.1340375e-19
1.488327e-19
1.9999475e-10
1.2041129e-19
1.0005696e-19
2.1390031e-10
1.3726203e-19
2.3173901e-20
2.239027e-10
1.4765727e-19
-5.400715e-20
2.3038048e-10
1.3913395e-19
-1.1012597e-19
2.3356451e-10
1.0597127e-19
-1.3453842e-19
2.3356451e-10
5.1307023e-20
-1.2783736e-19
2.3038048e-10
-1.3182668e-20
-1.0076643e-19
2.239027e-10
-7.0567911e-20
-7.0063106e-20
2.1390031e-10
-1.0532986e-19
-5.1612957e-20
1.9999475e-10
-1.081208e-19
-5.2943548e-20
1.8160885e-10
-7.8679665e-20
-6.8483945e-20
1.5787095e-10
-2.7124527e-20
-8.0727143e-20
1.2742848e-10
2.0148096e-20
-6.8782461e-20
8.8069255e-11
-2.8428039e-20
3.5939364e-11
1.050705e-19
1.6236676e-11
1.6298926e-19
3.5939364e-11
1.5441525e-19
4.9849562e-11
9.7503251e-20
6.0338636e-11
2.9433247e-20
6.8431339e-11
-1.8230499e-20
7.4667885e-11
-3.1730605e-20
7.937201e-11
-1.506716e-20
8.2750524e-11
1.7202144e-20
8.4936587e-11
4.8677691e-20
8.6010607e-11
6.6247134e-20
8.6010607e-11
6.2836372e-20
8.4936587e-11
3.9321812e-20
8.2750524e-11
4.4333328e-21
7.937201e-11
-2.8583362e-20
7.4667885e-11
-4.6050544e-20
6.8431339e-11
-3.9428137e-20
6.0338636e-11
-1.1099986e-20
4.9849562e-11
1.9571232e-20
3.5939364e-11
1.6236676e-11
7.0011054e-20
3.0420446e-20
1.6236676e-11
1.0822492e-19
4.3080433e-20
3.5939364e-11
1.3854898e-19
4.0112883e-20
4.9849562e-11
1.4727074e-19
3.9237728e-20
6.0338636e-11
1.3482172e-19
4.2556895e-20
6.8431339e-11
1.0872473e-19
4.6472307e-20
7.4667885e-11
7.4714141e-20
4.6226394e-20
7.937201e-11
3.9677889e-20
3.7984181e-20
8.2750524e-11
1.2576303e-20
1.8421262e-20
8.4936587e-11
4.9688865e-22
-1.3674524e-20
8.6010607e-11
4.1763695e-21
-5.4997839e-20
8.6010607e-11
1.6993769e-20
-9.7078676e-20
8.4936587e-11
2.8246979e-20
-1.2845976e-19
8.2750524e-11
2.9165323e-20
-1.3893504e-19
7.937201e-11
1.8570818e-20
-1.2384109e-19
7.4667885e-11
3.7531658e-21
-8.6635504e-20
6.8431339e-11
-5.7661422e-21
-3.8396919e-20
6.0338636e-11
-7.2362195e-21
5.9576849e-21
4.9849562e-11
-4.9110359e-21
3.0750713e-20
3.5939364e-11
1.9245942e-20
1.6236676e-11
1.1438541e-19
8.3460378e-20
3.5939364e-11
2.0855038e-19
1.2501702e-19
8.8069255e-11
2.9356624e-19
1.2453387e-19
1.2742848e-10
3.3550725e-19
1.1325977e-19
1.5787095e-10
3.2517979e-19
1.0224256e-19
1.8160885e-10
2.7234319e-19
9.3523577e-20
1.9999475e-10
1.9050071e-19
8.6501579e-20
2.1390031e-10
9.7557498e-20
7.7431572e-20
2.239027e-10
1.7094834e-20
5.8846468e-20
2.3038048e-10
-2.9345128e-20
2.3508791e-20
2.3356451e-10
-3.2701997e-20
-2.9199742e-20
2.3356451e-10
-1.2054765e-21
-9.0250636e-20
2.3038048e-10
4.3432827e-20
-1.4382015e-19
2.239027e-10
7.7259545e-20
-1.7360381e-19
2.1390031e-10
8.6331641e-20
-1.6977014e-19
1.9999475e-10
7.2587412e-20
-1.3295984e-19
1.8160885e-10
4.7858097e-20
-7.4215712e-20
1.5787095e-10
2.0694096e-20
-1.1373902e-20
1.2742848e-10
-4.5002633e-21
3.4497643e-20
8.8069255e-11
3.8329246e-20
3.5939364e-11
1.0748971e-19
1.4687518e-19
4.9849562e-11
2.3138347e-19
2.2998247e-19
1.2742848e-10
3.5560016e-19
2.3355008e-19
1.8838283e-10
4.3044649e-19
2.0177192e-19
2.3656652e-10
4.3829826e-19
1.5794861e-19
2.7459701e-10
3.8563685e-19
1.1672558e-19
3.0426063e-10
2.8455742e-19
8.9118935e-20
3.2679046e-10
1.5488124e-19
7.934458e-20
3.4303815e-10
2.8095317e-20
7.9991064e-20
3.5357678e-10
-6.109923e-20
7.5172319e-20
3.5876113e-10
-9.0386422e-20
5.1188386e-20
3.5876113e-10
-6.068564e-20
5.4946804e-21
3.5357678e-10
5.1610014e-21
-5.122747e-20
3.4303815e-10
7.415764e-20
-1.008632e-19
3.2679046e-10
1.1942459e-19
-1.263158e-19
3.0426063e-10
1.3094673e-19
-1.1823736e-19
2.7459701e-10
1.1384834e-19
-7.8788582e-20
2.3656652e-10
7.6910241e-20
-2.147014e-20
1.8838283e-10
2.8451032e-20
3.1281934e-20
1.2742848e-10
4.8741265e-20
4.9849562e-11
7.4649549e-20
1.7686048e-19
6.0338636e-11
2.0584285e-19
2.967279e-19
1.5787095e-10
3.4531609e-19
3.1255634e-19
2.3656652e-10
4.4033554e-19
2.7160491e-19
2.9987395e-10
4.7171018e-19
2.0252242e-19
3.5041072e-10
4.4160819e-19
1.2797275e-19
3.9011898e-10
3.535896e-19
7.1293083e-20
4.2042142e-10
2.1781658e-19
5.1034668e-20
4.4234134e-10
6.2242606e-20
6.877873e-20
4.5658603e-10
-7.0710388e-20
1.0605553e-19
4.6360076e-10
-1.4309856e-19
1.3453864e-19
4.6360076e-10
-1.3953487e-19
1.3252763e-19
4.5658603e-10
-7.3574732e-20
9.5803295e-20
4.4234134e-10
2.1087174e-20
3.7518233e-20
4.2042142e-10
1.0796957e-19
-1.9706598e-20
3.9011898e-10
1.6184344e-19
-5.4670512e-20
3.5041072e-10
1.7320253e-19
-5.5753514e-20
2.9987395e-10
1.4267699e-19
-2.6071315e-20
2.3656652e-10
7.714379e-20
1.6702575e-20
1.5787095e-10
4.1822161e-20
6.0338636e-11
4.1194687e-20
1.6471337e-19
6.8431339e-11
1.6382022e-19
2.9927039e-19
1.8160885e-10
2.9468315e-19
3.3202707e-19
2.7459701e-10
3.895944e-19
3.0185672e-19
3.5041072e-10
4.3609483e-19
2.3156072e-19
4.1151161e-10
4.3722902e-19
1.4052155e-19
4.5984183e-10
3.8792997e-19
5.5776435e-20
4.9689356e-10
2.8052734e-19
9.5501932e-21
5.2377843e-10
1.26195e-19
2.1446489e-20
5.4128392e-10
-3.7236361e-20
8.3378405e-20
5.499138e-10
-1.5994583e-19
1.6244041e-19
5.499138e-10
-2.0492869e-19
2.1891809e-19
5.4128392e-10
-1.6563114e-19
2.2686666e-19
5.2377843e-10
-6.5566634e-20
1.8502679e-19
4.9689356e-10
5.5356794e-20
1.1343471e-19
4.5984183e-10
1.57403e-19
4.1354166e-20
4.1151161e-10
2.110809e-19
-6.2894764e-21
3.5041072e-10
2.0101993e-19
-1.8876818e-20
2.7459701e-10
1.2627073e-19
-2.9482713e-21
1.8160885e-10
2.0168592e-20
6.8431339e-11
2.1834389e-20
1.2423713e-19
7.4667885e-11
1.2954487e-19
2.4497951e-19
1.9999475e-10
2.3726503e-19
2.8927736e-19
3.0426063e-10
3.1296071e-19
2.8323239e-19
3.9011898e-10
3.5582653e-19
2.3790304e-19
4.5984183e-10
3.7780144e-19
1.5853699e-19
5.1530186e-10
3.7386686e-19
6.1976512e-20
5.5799122e-10
3.2080399e-19
-1.6575584e-20
5.8905357e-10
2.0380551e-19
-3.9797119e-20
6.0931608e-10
4.0727241e-20
7.5478648e-21
6.193154e-10
-1.1990628e-19
1.0605783e-19
6.193154e-10
-2.2284828e-19
2.1136311e-19
6.0931608e-10
-2.3429236e-19
2.7813243e-19
5.8905357e-10
-1.5626473e-19
2.8236208e-19
5.5799122e-10
-2.2026462e-20
2.294737e-19
5.1530186e-10
1.1890917e-19
1.4646433e-19
4.5984183e-10
2.1652509e-19
6.575229e-20
3.9011898e-10
2.3499461e-19
1.0818474e-20
3.0426063e-10
1.6083457e-19
-9.9997127e-21
1.9999475e-10
-2.2382698e-21
7.4667885e-11
1.7720629e-20
7.1458887e-20
7.937201e-11
1.1327352e-19
1.5132063e-19
2.1390031e-10
1.9741747e-19
1.9101374e-19
3.2679046e-10
2.4603623e-19
2.0737058e-19
4.2042142e-10
2.6656167e-19
2.0224686e-19
4.9689356e-10
2.8434685e-19
1.6398705e-19
5.5799122e-10
3.0777068e-19
8.769642e-20
6.0517456e-10
3.1152122e-19
-6.1003435e-21
6.3958723e-10
2.5871646e-19
-7.5156053e-20
6.6207011e-10
1.36209e-19
-8.0042266e-20
6.7317499e-10
-2.7402255e-20
-1.0461122e-20
6.7317499e-10
-1.7349863e-19
1.0628013e-19
6.6207011e-10
-2.4477554e-19
2.2015107e-19
6.3958723e-10
-2.1421517e-19
2.8576561e-19
6.0517456e-10
-9.6489692e-20
2.8390572e-19
5.5799122e-10
5.9071762e-20
2.2568429e-19
4.9689356e-10
1.8741954e-19
1.4053828e-19
4.2042142e-10
2.3337335e-19
5.9426872e-20
3.2679046e-10
1.6990681e-19
4.456933e-21
2.1390031e-10
-1.3160855e-20
7.937201e-11
2.0573627e-20
1.8880306e-20
8.2750524e-11
1.1110112e-19
3.8584829e-20
2.239027e-10
1.844695e-19
5.2283347e-20
3.4303815e-10
2.1537564e-19
7.3950385e-20
4.4234134e-10
2.0812051e-19
1.0437079e-19
5.2377843e-10
1.9698863e-19
1.2222738e-19
5.8905357e-10
2.1194641e-19
9.9809183e-20
6.3958723e-10
2.4521759e-19
2.9511417e-20
6.7650936e-10
2.5568766e-19
-6.2690628e-20
7.0066082e-10
2.0305859e-19
-1.2830633e-19
7.1259813e-10
8.204478e-20
-1.2600179e-19
7.1259813e-10
-6.7721891e-20
-4.8214174e-20
7.0066082e-10
-1.8260941e-19
7.3063641e-20
6.7650936e-10
-2.100597e-19
1.8582404e-19
6.3958723e-10
-1.3747351e-19
2.4679435e-19
5.8905357e-10
-2.341284e-22
2.4136372e-19
5.2377843e-10
1.3342137e-19
1.8378597e-19
4.4234134e-10
1.9629099e-19
1.0348104e-19
3.4303815e-10
1.5141501e-19
3.0970566e-20
2.239027e-10
-1.0482265e-20
8.2750524e-11
1.9030307e-20
-2.5266037e-20
8.4936587e-11
1.0985059e-19
-7.227562e-20
2.3038048e-10
1.9092315e-19
-1.0185842e-19
3.5357678e-10
2.2748537e-19
-9.8426222e-20
4.5658603e-10
2.0716526e-19
-5.5118487e-20
5.4128392e-10
1.5960051e-19
9.2949513e-21
6.0931608e-10
1.3271523e-19
5.5356042e-20
6.6207011e-10
1.4920281e-19
4.7274259e-20
7.0066082e-10
1.8847255e-19
-2.0799527e-20
7.2592437e-10
2.0339761e-19
-1.1586649e-19
7.3841724e-10
1.5700372e-19
-1.8309241e-19
7.3841724e-10
5.1931592e-20
-1.796184e-19
7.2592437e-10
-6.6836219e-20
-1.0114829e-19
7.0066082e-10
-1.3876537e-19
1.6456819e-20
6.6207011e-10
-1.2521483e-19
1.2075918e-19
6.0931608e-10
-3.5961938e-20
1.7269337e-19
5.4128392e-10
7.3509305e-20
1.6354206e-19
4.5658603e-10
1.3657467e-19
1.1138283e-19
3.5357678e-10
1.130784e-19
4.6638145e-20
2.3038048e-10
-2.7287284e-21
8.4936587e-11
4.8952513e-21
-5.6865973e-20
8.6010607e-11
9.5938377e-20
-1.6289095e-19
2.3356451e-10
1.9964339e-19
-2.4077056e-19
3.5876113e-10
2.6781851e-19
-2.7322119e-19
4.6360076e-10
2.6322655e-19
-2.4526766e-19
5.499138e-10
1.9576639e-19
-1.6394285e-19
6.193154e-10
1.1636615e-19
-6.4116716e-20
6.7317499e-10
7.5829195e-20
4.3297931e-21
7.1259813e-10
9.0822537e-20
3.8458384e-21
7.3841724e-10
1.3507644e-19
-6.6034371e-20
7.5118791e-10
1.6011958e-19
-1.6438234e-19
7.5118791e-10
1.3132392e-19
-2.3239439e-19
7.3841724e-10
5.4371431e-20
-2.2954513e-19
7.1259813e-10
-2.728135e-20
-1.5722295e-19
6.7317499e-10
-6.3474761e-20
-5.4039523e-20
6.193154e-10
-3.5629716e-20
3.1461065e-20
5.499138e-10
2.7343155e-20
6.9987205e-20
4.6360076e-10
7.3632772e-20
6.2149856e-20
3.5876113e-10
6.820226e-20
2.9627346e-20
2.3356451e-10
-2.1679831e-21
8.6010607e-11
-2.2928159e-20
-7.5225681e-20
8.6010607e-11
6.4035565e-20
-2.2051231e-19
2.3356451e-10
1.9556156e-19
-3.3721769e-19
3.5876113e-10
3.1166723e-19
-4.0878493e-19
4.6360076e-10
3.5091332e-19
-4.154885e-19
5.499138e-10
2.9566321e-19
-3.5071582e-19
6.193154e-10
1.8197558e-19
-2.3347947e-19
6.7317499e-10
7.2416168e-20
-1.082372e-19
7.1259813e-10
1.9551201e-20
-2.8280232e-20
7.3841724e-10
3.7043952e-20
-2.7936118e-20
7.5118791e-10
9.3175303e-20
-1.005286e-19
7.5118791e-10
1.3498421e-19
-1.998776e-19
7.3841724e-10
1.2666894e-19
-2.6831578e-19
7.1259813e-10
7.4471971e-20
-2.7180233e-19
6.7317499e-10
1.7924017e-20
-2.1690841e-19
6.193154e-10
-6.001213e-21
-1.3967634e-19
5.499138e-10
4.8358376e-21
-7.6447396e-20
4.6360076e-10
2.4029281e-20
-4.1930543e-20
3.5876113e-10
2.9336312e-20
-2.7779897e-20
2.3356451e-10
-1.7071891e-20
8.6010607e-11
-5.8120336e-20
-8.3153677e-20
8.4936587e-11
1.9622613e-20
-2.4049657e-19
2.3038048e-10
1.7434249e-19
-3.7436176e-19
3.5357678e-10
3.3899965e-19
-4.7321225e-19
4.5658603e-10
4.3611468e-19
-5.1772681e-19
5.4128392e-10
4.2281534e-19
-4.9145683e-19
6.0931608e-10
3.10434e-19
-3.9511539e-19
6.6207011e-10
1.5280146e-19
-2.5509709e-19
7.0066082e-10
2.0674596e-20
-1.1963117e-19
7.2592437e-10
-3.3169831e-20
-4.0587856e-20
7.3841724e-10
-3.2183438e-21
-4.6399711e-20
7.3841724e-10
6.7430335e-20
-1.2407031e-19
7.2592437e-10
1.1915486e-19
-2.2622034e-19
7.0066082e-10
1.1817611e-19
-3.0017568e-19
6.6207011e-10
7.5342951e-20
-3.1849231e-19
6.0931608e-10
2.7651536e-20
-2.8803594e-19
5.4128392e-10
3.7723886e-22
-2.3388223e-19
4.5658603e-10
-5.7854942e-21
-1.7511761e-19
3.5357678e-10
3.194589e-21
-1.1493425e-19
2.3038048e-10
-4.7067852e-20
8.4936587e-11
-8.8336183e-20
-8.7080029e-20
8.2750524e-11
-2.2830808e-20
-2.2879208e-19
2.239027e-10
1.4288048e-19
-3.5100247e-19
3.4303815e-10
3.4205051e-19
-4.5390575e-19
4.4234134e-10
4.9227108e-19
-5.2394557e-19
5.2377843e-10
5.3479985e-19
-5.4007269e-19
5.8905357e-10
4.5664993e-19
-4.88916e-19
6.3958723e-10
2.9014009e-19
-3.7656525e-19
6.7650936e-10
1.0170318e-19
-2.3300718e-19
7.0066082e-10
-3.4468959e-20
-1.0620583e-19
7.1259813e-10
-7.4789033e-20
-4.3434024e-20
7.1259813e-10
-3.1067135e-20
-6.5821563e-20
7.0066082e-10
4.0927583e-20
-1.5516805e-19
6.7650936e-10
8.3059917e-20
-2.647237e-19
6.3958723e-10
7.4003305e-20
-3.4730573e-19
5.8905357e-10
3.4342117e-20
-3.7885272e-19
5.2377843e-10
-3.5697798e-21
-3.60304e-19
4.4234134e-10
-2.1035176e-20
-3.0146359e-19
3.4303815e-10
-1.06477e-20
-2.0878606e-19
2.239027e-10
-8.432301e-20
8.2750524e-11
-9.8154874e-20
-9.4895496e-20
7.937201e-11
-4.3748008e-20
-2.012412e-19
2.1390031e-10
1.1591085e-19
-2.8378467e-19
3.2679046e-10
3.2490588e-19
-3.6176169e-19
4.2042142e-10
5.0784451e-19
-4.3355716e-19
4.9689356e-10
6.0058789e-19
-4.7920973e-19
5.5799122e-10
5.7272447e-19
-4.7734503e-19
6.0517456e-10
4.330714e-19
-4.186634e-19
6.3958723e-10
2.2919271e-19
-3.1241336e-19
6.6207011e-10
3.382313e-20
-1.8886854e-19
6.7317499e-10
-8.7146135e-20
-9.264697e-20
6.7317499e-10
-1.107787e-19
-6.3224099e-20
6.6207011e-10
-6.7206102e-20
-1.1228031e-19
6.3958723e-10
-1.395085e-20
-2.1604022e-19
6.0517456e-10
7.4959281e-21
-3.290843e-19
5.5799122e-10
-4.2250049e-21
-4.0920411e-19
4.9689356e-10
-2.4938382e-20
-4.3271835e-19
4.2042142e-10
-3.3009333e-20
-3.9153241e-19
3.2679046e-10
-1.7167966e-20
-2.8552429e-19
2.1390031e-10
-1.1864791e-19
7.937201e-11
-7.3871172e-20
-1.1045948e-19
7.4667885e-11
-2.4463432e-20
-1.779306e-19
1.9999475e-10
1.1172504e-19
-2.0412883e-19
3.0426063e-10
3.007161e-19
-2.3085442e-19
3.9011898e-10
4.8606448e-19
-2.7453969e-19
4.5984183e-10
6.0778038e-19
-3.2404689e-19
5.1530186e-10
6.2593986e-19
-3.5678677e-19
5.5799122e-10
5.3102883e-19
-3.5461272e-19
5.8905357e-10
3.4834574e-19
-3.1068636e-19
6.0931608e-10
1.3401858e-19
-2.3446118e-19
6.193154e-10
-4.4891129e-20
-1.5347244e-19
6.193154e-10
-1.4290242e-19
-1.0515724e-19
6.0931608e-10
-1.5921712e-19
-1.1742233e-19
5.8905357e-10
-1.3090555e-19
-1.9105453e-19
5.5799122e-10
-1.0001779e-19
-2.9783967e-19
5.1530186e-10
-8.2663357e-20
-3.9590829e-19
4.5984183e-10
-6.97113e-20
-4.4834959e-19
3.9011898e-10
-5.0330101e-20
-4.3015114e-19
3.0426063e-10
-2.1564396e-20
-3.2863471e-19
1.9999475e-10
-1.4227431e-19
7.4667885e-11
-1.2025962e-20
-1.2751072e-19
6.8431339e-11
4.3556365e-20
-1.6992437e-19
1.8160885e-10
1.4598228e-19
-1.4417674e-19
2.7459701e-10
2.8862471e-19
-1.0861162e-19
3.5041072e-10
4.4291244e-19
-9.9308892e-20
4.1151161e-10
5.6279885e-19
-1.221423e-19
4.5984183e-10
6.0654184e-19
-1.6219788e-19
4.9689356e-10
5.5333628e-19
-1.9907419e-19
5.2377843e-10
4.1038531e-19
-2.1585935e-19
5.4128392e-10
2.131726e-19
-2.0477473e-19
5.499138e-10
1.5181799e-20
-1.7292602e-19
5.499138e-10
-1.3382723e-19
-1.4262476e-19
5.4128392e-10
-2.1113495e-19
-1.4107557e-19
5.2377843e-10
-2.2764218e-19
-1.8366805e-19
4.9689356e-10
-2.102977e-19
-2.624775e-19
4.5984183e-10
-1.7663354e-19
-3.4958629e-19
4.1151161e-10
-1.2925963e-19
-4.098692e-19
3.5041072e-10
-7.4166685e-20
-4.1054145e-19
2.7459701e-10
-2.6968854e-20
-3.2776674e-19
1.8160885e-10
-1.4936818e-19
6.8431339e-11
7.2551371e-20
-1.3015698e-19
6.0338636e-11
1.467517e-19
-1.6900866e-19
1.5787095e-10
2.1914576e-19
-1.158781e-19
2.3656652e-10
3.0376637e-19
-3.2072511e-20
2.9987395e-10
4.0079316e-19
3.3914895e-20
3.5041072e-10
4.8637927e-19
5.6497239e-20
3.9011898e-10
5.2647708e-19
3.5596875e-20
4.2042142e-10
4.9671369e-19
-1.2923239e-20
4.4234134e-10
3.9282631e-19
-6.7652515e-20
4.5658603e-10
2.3247988e-19
-1.0979295e-19
4.6360076e-10
5.0488107e-20
-1.3009089e-19
4.6360076e-10
-1.1267371e-19
-1.3362306e-19
4.5658603e-10
-2.2746009e-19
-1.3736503e-19
4.4234134e-10
-2.8508714e-19
-1.5918651e-19
4.2042142e-10
-2.9269275e-19
-2.0545914e-19
3.9011898e-10
-2.5832103e-19
-2.6582885e-19
3.5041072e-10
-1.8732174e-19
-3.1714986e-19
2.9987395e-10
-1.0048283e-19
-3.3029532e-19
2.3656652e-10
-3.4774182e-20
-2.7644454e-19
1.5787095e-10
-1.3346375e-19
6.0338636e-11
1.4619364e-19
-1.059876e-19
4.9849562e-11
2.4427879e-19
-1.5279166e-19
1.2742848e-10
3.0136119e-19
-1.0123446e-19
1.8838283e-10
3.3654443e-19
-2.7368673e-21
2.3656652e-10
3.6866229e-19
9.4467332e-20
2.7459701e-10
3.9848785e-19
1.5357721e-19
3.0426063e-10
4.0887867e-19
1.6045735e-19
3.2679046e-10
3.8070271e-19
1.2288923e-19
3.4303815e-10
3.0482924e-19
6.1025934e-20
3.5357678e-10
1.8622897e-19
-2.4168627e-21
3.5876113e-10
4.2296261e-20
-5.0357289e-20
3.5876113e-10
-1.0173487e-19
-7.6650804e-20
3.5357678e-10
-2.2133995e-19
-8.7794795e-20
3.4303815e-10
-2.9986411e-19
-9.7522271e-20
3.2679046e-10
-3.293427e-19
-1.1768357e-19
3.0426063e-10
-3.0468959e-19
-1.505986e-19
2.7459701e-10
-2.2669083e-19
-1.8710448e-19
2.3656652e-10
-1.2233739e-19
-2.07572e-19
1.8838283e-10
-4.4138648e-20
-1.8572009e-19
1.2742848e-10
-9.5251039e-20
4.9849562e-11
1.6757344e-19
-6.0808259e-20
3.5939364e-11
2.7645198e-19
-1.0377425e-19
8.8069255e-11
3.2967341e-19
-6.9527588e-20
1.2742848e-10
3.3649674e-19
6.7767879e-21
1.5787095e-10
3.1915932e-19
8.9656569e-20
1.8160885e-10
2.9600188e-19
1.4820688e-19
1.9999475e-10
2.6972335e-19
1.6731162e-19
2.1390031e-10
2.3277012e-19
1.4946236e-19
2.239027e-10
1.7724288e-19
1.082802e-19
2.3038048e-10
1.0041801e-19
6.0834315e-20
2.3356451e-10
6.445222e-21
2.13159e-20
2.3356451e-10
-9.4686601e-20
-3.0031079e-21
2.3038048e-10
-1.8918442e-19
-1.3397885e-20
2.239027e-10
-2.6250015e-19
-1.7580821e-20
2.1390031e-10
-3.0087724e-19
-2.5412695e-20
1.9999475e-10
-2.9037762e-19
-4.3096994e-20
1.8160885e-10
-2.241759e-19
-6.9362985e-20
1.5787095e-10
-1.2533962e-19
-9.2760811e-20
1.2742848e-10
-4.8600409e-20
-9.3731217e-20
8.8069255e-11
-5.270236e-20
3.5939364e-11
9.6166853e-20
1.6236676e-11
1.7373904e-19
3.5939364e-11
2.1631992e-19
4.9849562e-11
2.1593248e-19
6.0338636e-11
1.849102e-19
6.8431339e-11
1.4348474e-19
7.4667885e-11
1.0487682e-19
7.937201e-11
7.2322658e-20
8.2750524e-11
4.3238439e-20
8.4936587e-11
1.3355001e-20
8.6010607e-11
-2.0622808e-20
8.6010607e-11
-5.9749139e-20
8.4936587e-11
-1.0164436e-19
8.2750524e-11
-1.4077616e-19
7.937201e-11
-1.6804069e-19
7.4667885e-11
-1.7084641e-19
6.8431339e-11
-1.380763e-19
6.0338636e-11
-7.8309758e-20
4.9849562e-11
-2.9753569e-20
3.5939364e-11
1.6236676e-11
7.576971e-20
6.8373001e-20
1.6236676e-11
9.9324022e-20
8.3349792e-20
3.5939364e-11
1.377368e-19
6.9155182e-20
4.9849562e-11
1.6162003e-19
5.5214753e-20
6.0338636e-11
1.6444999e-19
4.6763974e-20
6.8431339e-11
1.5397972e-19
4.0014354e-20
7.4667885e-11
1.3239921e-19
2.901584e-20
7.937201e-11
9.814546e-20
1.1572668e-20
8.2750524e-11
5.2422059e-20
-1.0600697e-20
8.4936587e-11
4.5578797e-22
-3.3294934e-20
8.6010607e-11
-5.0759781e-20
-5.057549e-20
8.6010607e-11
-9.454094e-20
-5.6174342e-20
8.4936587e-11
-1.2549726e-19
-4.5857025e-20
8.2750524e-11
-1.3951529e-19
-1.9952496e-20
7.937201e-11
-1.3305924e-19
1.5659334e-20
7.4667885e-11
-1.0278197e-19
5.0434262e-20
6.8431339e-11
-5.1674468e-20
7.220346e-20
6.0338636e-11
-2.3765655e-21
7.2853698e-20
4.9849562e-11
1.2939429e-20
5.0239024e-20
3.5939364e-11
-2.5455361e-21
1.6236676e-11
9.5619407e-20
1.2110159e-19
3.5939364e-11
1.5876177e-19
1.7707694e-19
8.8069255e-11
2.4943367e-19
1.6940288e-19
1.2742848e-10
3.1531134e-19
1.4454676e-19
1.5787095e-10
3.3432651e-19
1.1904285e-19
1.8160885e-10
3.1498037e-19
9.4123133e-20
1.9999475e-10
2.6591773e-19
6.7775936e-20
2.1390031e-10
1.9228023e-19
3.948639e-20
2.239027e-10
1.0301887e-19
9.0472728e-21
2.3038048e-10
1.1945949e-20
-2.3221972e-20
2.3356451e-10
-6.7598897e-20
-5.3876926e-20
2.3356451e-10
-1.2731556e-19
-7.5228519e-20
2.3038048e-10
-1.6489426e-19
-7.8249007e-20
2.239027e-10
-1.8105242e-19
-5.7442503e-20
2.1390031e-10
-1.7533029e-19
-1.5353881e-20
1.9999475e-10
-1.431153e-19
3.5927879e-20
1.8160885e-10
-8.5712465e-20
7.8107809e-20
1.5787095e-10
-3.3425572e-20
9.5611892e-20
1.2742848e-10
-2.9974263e-20
8.2112011e-20
8.8069255e-11
2.9977165e-20
3.5939364e-11
7.4256392e-20
1.9322989e-19
4.9849562e-11
1.5607969e-19
3.0724575e-19
1.2742848e-10
2.7586005e-19
3.1218514e-19
1.8838283e-10
3.6767663e-19
2.6831922e-19
2.3656652e-10
4.0166195e-19
2.0678995e-19
2.7459701e-10
3.8484576e-19
1.4213317e-19
3.0426063e-10
3.2706595e-19
8.3439344e-20
3.2679046e-10
2.357036e-19
3.7948666e-20
3.4303815e-10
1.2471667e-19
6.5577882e-21
3.5357678e-10
1.5824439e-20
-1.6686743e-20
3.5876113e-10
-7.0218938e-20
-3.836889e-20
3.5876113e-10
-1.2271101e-19
-5.8151309e-20
3.5357678e-10
-1.4354953e-19
-6.7540352e-20
3.4303815e-10
-1.4277319e-19
-5.4926428e-20
3.2679046e-10
-1.30093e-19
-1.3964983e-20
3.0426063e-10
-1.0607283e-19
5.01302e-20
2.7459701e-10
-6.7616392e-20
1.1850601e-19
2.3656652e-10
-3.4055437e-20
1.6418377e-19
1.8838283e-10
-4.2200932e-20
1.6351569e-19
1.2742848e-10
9.2960822e-20
4.9849562e-11
4.2961232e-20
2.3341921e-19
6.0338636e-11
1.2728922e-19
3.9513939e-19
1.5787095e-10
2.491667e-19
4.140437e-19
2.3656652e-10
3.4525812e-19
3.5644566e-19
2.9987395e-10
3.8779052e-19
2.6299684e-19
3.5041072e-10
3.8314191e-19
1.5797468e-19
3.9011898e-10
3.3759006e-19
6.1760314e-20
4.2042142e-10
2.5232424e-19
-5.5966872e-21
4.4234134e-10
1.3788489e-19
-3.4469192e-20
4.5658603e-10
1.9648124e-20
-3.2808588e-20
4.6360076e-10
-7.2111513e-20
-1.9885595e-20
4.6360076e-10
-1.1794669e-19
-1.1689225e-20
4.5658603e-10
-1.1783536e-19
-1.0121572e-20
4.4234134e-10
-8.9276517e-20
-3.5384069e-21
4.2042142e-10
-5.573354e-20
2.4071406e-20
3.9011898e-10
-3.1203342e-20
8.0830904e-20
3.5041072e-10
-1.5179137e-20
1.5714524e-19
2.9987395e-10
-1.1548672e-20
2.226264e-19
2.3656652e-10
-3.5206322e-20
2.3562732e-19
1.5787095e-10
1.4753179e-19
6.0338636e-11
1.7221268e-20
2.2954002e-19
6.8431339e-11
9.3213531e-20
4.0607689e-19
1.8160885e-10
1.9484773e-19
4.3340135e-19
2.7459701e-10
2.7431781e-19
3.7392793e-19
3.5041072e-10
3.1426634e-19
2.6779608e-19
4.1151161e-10
3.2502539e-19
1.3849916e-19
4.5984183e-10
3.0984423e-19
9.7497972e-21
4.9689356e-10
2.5754893e-19
-8.6421271e-20
5.2377843e-10
1.6341659e-19
-1.2379823e-19
5.4128392e-10
4.5915986e-20
-1.0057536e-19
5.499138e-10
-5.7802472e-20
-4.1236867e-20
5.499138e-10
-1.1300376e-19
1.9685517e-20
5.4128392e-10
-1.0711434e-19
5.9328406e-20
5.2377843e-10
-5.593892e-20
7.74145e-20
4.9689356e-10
6.0826055e-21
9.2148218e-20
4.5984183e-10
4.6736457e-20
1.2526156e-19
4.1151161e-10
5.3738419e-20
1.8377327e-19
3.5041072e-10
3.1038282e-20
2.462886e-19
2.7459701e-10
-1.1696002e-20
2.648302e-19
1.8160885e-10
1.721155e-19
6.8431339e-11
6.1652527e-22
1.9585732e-19
7.4667885e-11
6.2133973e-20
3.5136809e-19
1.9999475e-10
1.3187513e-19
3.7581967e-19
3.0426063e-10
1.8029821e-19
3.2372667e-19
3.9011898e-10
2.031287e-19
2.2825975e-19
4.5984183e-10
2.2103708e-19
1.0224161e-19
5.1530186e-10
2.4234483e-19
-4.044325e-20
5.5799122e-10
2.4599692e-19
-1.6630205e-19
5.8905357e-10
2.0350167e-19
-2.3294306e-19
6.0931608e-10
1.1128205e-19
-2.1650906e-19
6.193154e-10
8.989166e-22
-1.2963017e-19
6.193154e-10
-7.8895074e-20
-1.428793e-20
6.0931608e-10
-9.3392186e-20
8.3829439e-20
5.8905357e-10
-4.2815721e-20
1.405933e-19
5.5799122e-10
3.81011e-20
1.6239225e-19
5.1530186e-10
1.0152377e-19
1.7571429e-19
4.5984183e-10
1.1567901e-19
2.0413029e-19
3.9011898e-10
8.0586647e-20
2.4400444e-19
3.0426063e-10
2.1601488e-20
2.5558408e-19
1.9999475e-10
1.6788937e-19
7.4667885e-11
-1.2817519e-20
1.4565436e-19
7.937201e-11
3.3402143e-20
2.5150503e-19
2.1390031e-10
7.2913485e-20
2.5881193e-19
3.2679046e-10
8.8110774e-20
2.1560766e-19
4.2042142e-10
8.2505374e-20
1.4884226e-19
4.9689356e-10
8.904901e-20
5.7991077e-20
5.5799122e-10
1.3300627e-19
-6.3045593e-20
6.0517456e-10
1.9694772e-19
-1.969331e-19
6.3958723e-10
2.3231341e-19
-2.9927502e-19
6.6207012e-10
2.0197072e-19
-3.2370965e-19
6.7317499e-10
1.126981e-19
-2.5434091e-19
6.7317499e-10
1.2622974e-20
-1.1860417e-19
6.6207012e-10
-4.1716736e-20
2.8681865e-20
6.3958723e-10
-2.2867236e-20
1.3801642e-19
6.0517456e-10
5.0374657e-20
1.9108858e-19
5.5799122e-10
1.2586729e-19
2.0420585e-19
4.9689356e-10
1.5334006e-19
2.0869064e-19
4.2042142e-10
1.197521e-19
2.2021432e-19
3.2679046e-10
5.3568571e-20
2.1749834e-19
2.1390031e-10
1.4136854e-19
7.937201e-11
-3.1106245e-20
8.602421e-20
8.2750524e-11
1.9897668e-21
1.2522246e-19
2.239027e-10
2.4398574e-20
1.0297742e-19
3.4303815e-10
2.0269101e-20
6.2046994e-20
4.4234134e-10
-1.1767937e-20
2.783665e-20
5.2377843e-10
-3.3284831e-20
-6.2531464e-21
5.8905357e-10
3.4577923e-21
-6.6199107e-20
6.3958723e-10
1.0297326e-19
-1.6393754e-19
6.7650936e-10
2.1562164e-19
-2.7553577e-19
7.0066082e-10
2.7465439e-19
-3.4928796e-19
7.1259813e-10
2.469547e-19
-3.3938032e-19
7.1259813e-10
1.5666878e-19
-2.3899576e-19
7.0066082e-10
6.6357621e-20
-8.6861769e-20
6.7650936e-10
3.2325039e-20
5.7114132e-20
6.3958723e-10
6.6272879e-20
1.483131e-19
5.8905357e-10
1.2922387e-19
1.7990412e-19
5.2377843e-10
1.6273416e-19
1.7720924e-19
4.4234134e-10
1.3766896e-19
1.6821023e-19
3.4303815e-10
7.5083845e-20
1.5388297e-19
2.239027e-10
9.7686841e-20
8.2750524e-11
-5.8400479e-20
2.1161154e-20
8.4936587e-11
-3.7151323e-20
-9.3264143e-21
2.3038048e-10
-1.470623e-20
-6.5435545e-20
3.5357678e-10
-1.2905274e-20
-1.1296263e-19
4.5658603e-10
-5.0703859e-20
-1.2524932e-19
5.4128392e-10
-9.9996474e-20
-1.0405046e-19
6.0931608e-10
-9.8126049e-20
-8.2253133e-20
6.6207011e-10
-8.058761e-21
-9.9719652e-20
7.0066082e-10
1.4476788e-19
-1.6912351e-19
7.2592437e-10
2.866821e-19
-2.6010194e-19
7.3841724e-10
3.4741407e-19
-3.1625103e-19
7.3841724e-10
3.0830647e-19
-2.9456965e-19
7.2592437e-10
2.1198951e-19
-1.9629633e-19
7.0066082e-10
1.2843054e-19
-6.5590629e-20
6.6207012e-10
1.0344083e-19
4.1412115e-20
6.0931608e-10
1.2789729e-19
9.3088819e-20
5.4128392e-10
1.5123062e-19
9.6702034e-20
4.5658603e-10
1.3363139e-19
8.1352585e-20
3.5357678e-10
8.2455331e-20
6.6015513e-20
2.3038048e-10
4.1289617e-20
8.4936587e-11
-9.1882477e-20
-4.5005558e-20
8.6010607e-11
-8.3976607e-20
-1.3455268e-19
2.3356451e-10
-4.9397412e-20
-2.1665379e-19
3.5876113e-10
-1.6997132e-20
-2.7334538e-19
4.6360076e-10
-2.898364e-20
-2.7978506e-19
5.499138e-10
-8.3039171e-20
-2.2578891e-19
6.193154e-10
-1.2126826e-19
-1.3428044e-19
6.7317499e-10
-8.0717359e-20
-5.5890319e-20
7.1259813e-10
5.3331267e-20
-3.8056942e-20
7.3841724e-10
2.3106931e-19
-9.0355676e-20
7.5118791e-10
3.6893609e-19
-1.7534192e-19
7.5118791e-10
4.058675e-19
-2.3416846e-19
7.3841724e-10
3.4322735e-19
-2.2821803e-19
7.1259813e-10
2.3844882e-19
-1.6458031e-19
6.7317499e-10
1.5899112e-19
-8.5802325e-20
6.193154e-10
1.3187975e-19
-3.515451e-20
5.499138e-10
1.3021749e-19
-2.550035e-20
4.6360076e-10
1.1404349e-19
-3.6928842e-20
3.5876113e-10
7.6847152e-20
-4.0884521e-20
2.3356451e-10
-2.2234126e-20
8.6010607e-11
-1.219821e-19
-1.0731602e-19
8.6010607e-11
-1.2977597e-19
-2.3511468e-19
2.3356451e-10
-8.111678e-20
-3.2454291e-19
3.5876113e-10
-6.3432816e-21
-3.8193304e-19
4.6360076e-10
3.3960695e-20
-3.9189954e-19
5.499138e-10
1.0113318e-20
-3.3375208e-19
6.193154e-10
-4.5348105e-20
-2.100391e-19
6.7317499e-10
-6.5684537e-20
-6.0875547e-20
7.1259813e-10
-2.9423662e-23
5.1744881e-20
7.3841724e-10
1.4619925e-19
8.0325638e-20
7.5118791e-10
3.09452e-19
2.3235403e-20
7.5118791e-10
4.0915069e-19
-7.5237265e-20
7.3841724e-10
4.0285401e-19
-1.5677847e-19
7.1259813e-10
3.1344839e-19
-1.8848369e-19
6.7317499e-10
2.0635157e-19
-1.7949235e-19
6.193154e-10
1.3581455e-19
-1.631849e-19
5.499138e-10
1.0567942e-19
-1.6251646e-19
4.6360076e-10
8.6403583e-20
-1.6952094e-19
3.5876113e-10
6.2042789e-20
-1.546367e-19
2.3356451e-10
-8.565543e-20
8.6010607e-11
-1.3548273e-19
-1.5975822e-19
8.4936587e-11
-1.5879868e-19
-3.0085604e-19
2.3038048e-10
-1.0293496e-19
-3.7417253e-19
3.5357678e-10
8.2069043e-21
-4.1496878e-19
4.5658603e-10
1.0840433e-19
-4.2491089e-19
5.4128392e-10
1.4203828e-19
-3.8114476e-19
6.0931608e-10
1.059486e-19
-2.6687007e-19
6.6207011e-10
4.6664585e-20
-9.8611618e-20
7.0066082e-10
2.8988212e-20
7.1498165e-20
7.2592437e-10
9.0649602e-20
1.7974205e-19
7.3841724e-10
2.1145913e-19
1.873852e-19
7.3841724e-10
3.241397e-19
1.0369841e-19
7.2592437e-10
3.6261901e-19
-2.2207185e-20
7.0066082e-10
3.1019116e-19
-1.3596194e-19
6.6207012e-10
2.0887617e-19
-2.1070304e-19
6.0931608e-10
1.2053747e-19
-2.5328252e-19
5.4128392e-10
7.3858541e-20
-2.8079044e-19
4.5658603e-10
5.4215878e-20
-2.9125995e-19
3.5357678e-10
4.1536181e-20
-2.5793543e-19
2.3038048e-10
-1.4048716e-19
8.4936587e-11
-1.2072947e-19
-1.9651525e-19
8.2750524e-11
-1.5383201e-19
-3.2936798e-19
2.239027e-10
-1.012856e-19
-3.6682862e-19
3.4303815e-10
2.6538828e-20
-3.7204435e-19
4.4234134e-10
1.7191098e-19
-3.6793884e-19
5.2377843e-10
2.6756687e-19
-3.3924898e-19
5.8905357e-10
2.7849767e-19
-2.5968476e-19
6.3958723e-10
2.1774882e-19
-1.2276356e-19
6.7650936e-10
1.3878569e-19
4.4380477e-20
7.0066082e-10
1.018491e-19
1.8762968e-19
7.1259813e-10
1.3122798e-19
2.5242963e-19
7.1259813e-10
1.9716666e-19
2.1477639e-19
7.0066082e-10
2.3961083e-19
9.5120045e-20
6.7650936e-10
2.1779702e-19
-5.6505692e-20
6.3958723e-10
1.4319686e-19
-1.9321493e-19
5.8905357e-10
6.6080558e-20
-2.9387713e-19
5.2377843e-10
2.519082e-20
-3.5798226e-19
4.4234134e-10
1.647437e-20
-3.8002917e-19
3.4303815e-10
1.743838e-20
-3.3462772e-19
2.239027e-10
-1.7950698e-19
8.2750524e-11
-7.2850019e-20
-2.1319345e-19
7.937201e-11
-1.0366766e-19
-3.2600762e-19
2.1390031e-10
-6.2384634e-20
-3.2001716e-19
3.2679046e-10
5.7973594e-20
-2.7779453e-19
4.2042142e-10
2.1864208e-19
-2.4277003e-19
4.9689356e-10
3.5628243e-19
-2.1468033e-19
5.5799122e-10
4.1728778e-19
-1.7008352e-19
6.0517456e-10
3.833557e-19
-8.9741187e-20
6.3958723e-10
2.8165683e-19
2.4167178e-20
6.6207011e-10
1.7011267e-19
1.4284211e-19
6.7317499e-10
9.9563774e-20
2.2075531e-19
6.7317499e-10
8.0898966e-20
2.1996678e-19
6.6207011e-10
8.2647309e-20
1.3326273e-19
6.3958723e-10
6.4061022e-20
-1.1006903e-20
6.0517456e-10
1.5688021e-20
-1.6760747e-19
5.5799122e-10
-3.2177683e-20
-3.0046868e-19
4.9689356e-10
-4.5750008e-20
-3.9162009e-19
4.2042142e-10
-2.8582594e-20
-4.2598276e-19
3.2679046e-10
-8.7195557e-21
-3.7601545e-19
2.1390031e-10
-1.9960738e-19
7.937201e-11
2.3666503e-21
-2.0693883e-19
7.4667885e-11
-9.805787e-21
-3.0033367e-19
1.9999475e-10
2.037383e-20
-2.6087064e-19
3.0426063e-10
1.1483096e-19
-1.7427163e-19
3.9011898e-10
2.5834727e-19
-9.7667754e-20
4.5984183e-10
4.0315332e-19
-4.9277788e-20
5.1530186e-10
4.9245348e-19
-1.9008523e-20
5.5799122e-10
4.8880126e-19
1.2034115e-20
5.8905357e-10
3.9356865e-19
5.6495164e-20
6.0931608e-10
2.4675742e-19
1.1116847e-19
6.193154e-10
1.0317466e-19
1.5397318e-19
6.193154e-10
-1.6630735e-22
1.5471442e-19
6.0931608e-10
-6.2025736e-20
9.4254811e-20
5.8905357e-10
-1.0468733e-19
-2.0677612e-20
5.5799122e-10
-1.41672e-19
-1.6081022e-19
5.1530186e-10
-1.584015e-19
-2.9197722e-19
4.5984183e-10
-1.3318881e-19
-3.8861843e-19
3.9011898e-10
-7.8745525e-20
-4.2820064e-19
3.0426063e-10
-3.4787769e-20
-3.7998801e-19
1.9999475e-10
-2.0165258e-19
7.4667885e-11
8.738098e-20
-1.7608209e-19
6.8431339e-11
1.0932777e-19
-2.5925621e-19
1.8160885e-10
1.39753e-19
-2.1156477e-19
2.7459701e-10
2.0480912e-19
-1.0214645e-19
3.5041072e-10
3.0905592e-19
1.1471822e-20
4.1151161e-10
4.2593324e-19
9.4424896e-20
4.5984183e-10
5.0835071e-19
1.3756843e-19
4.9689356e-10
5.1466141e-19
1.4875042e-19
5.2377843e-10
4.3107228e-19
1.4308363e-19
5.4128392e-10
2.7814279e-19
1.3305808e-19
5.499138e-10
9.987e-20
1.1989045e-19
5.499138e-10
-5.9839101e-20
9.2512974e-20
5.4128392e-10
-1.7781833e-19
3.6782903e-20
5.2377843e-10
-2.5403742e-19
-5.1037412e-20
4.9689356e-10
-2.9332979e-19
-1.5857981e-19
4.5984183e-10
-2.8664287e-19
-2.6403796e-19
4.1151161e-10
-2.2293965e-19
-3.460882e-19
3.5041072e-10
-1.2832849e-19
-3.8254727e-19
2.7459701e-10
-5.8974744e-20
-3.429185e-19
1.8160885e-10
-1.8485389e-19
6.8431339e-11
1.5613363e-19
-1.2313101e-19
6.0338636e-11
2.1957051e-19
-2.0517262e-19
1.5787095e-10
2.6934468e-19
-1.7631158e-19
2.3656652e-10
3.196457e-19
-7.7029034e-20
2.9987395e-10
3.8181133e-19
4.9558808e-20
3.5041072e-10
4.4909136e-19
1.614109e-19
3.9011898e-10
4.9214562e-19
2.3149958e-19
4.2042142e-10
4.7824215e-19
2.520029e-19
4.4234134e-10
3.9136362e-19
2.3139695e-19
4.5658603e-10
2.4036947e-19
1.8644198e-19
4.6360076e-10
5.5331165e-20
1.3237934e-19
4.6360076e-10
-1.2598254e-19
7.5771898e-20
4.5658603e-10
-2.7352192e-19
1.4799959e-20
4.4234134e-10
-3.7269488e-19
-5.3678982e-20
4.2042142e-10
-4.1683369e-19
-1.2746984e-19
3.9011898e-10
-3.9484312e-19
-1.9818214e-19
3.5041072e-10
-3.00917e-19
-2.555254e-19
2.9987395e-10
-1.7231991e-19
-2.8524729e-19
2.3656652e-10
-8.1148208e-20
-2.6199255e-19
1.5787095e-10
-1.4544205e-19
6.0338636e-11
1.8310561e-19
-6.4039502e-20
4.9849562e-11
2.8069352e-19
-1.4733622e-19
1.2742848e-10
3.6270648e-19
-1.4777702e-19
1.8838283e-10
4.2067765e-19
-8.2047389e-20
2.3656652e-10
4.5623572e-19
2.6224598e-20
2.7459701e-10
4.7366425e-19
1.4074479e-19
3.0426063e-10
4.6316764e-19
2.2713242e-19
3.2679046e-10
4.0888786e-19
2.6600345e-19
3.4303815e-10
3.0280846e-19
2.5668943e-19
3.5357678e-10
1.5132e-19
2.1237932e-19
3.5876113e-10
-2.5614864e-20
1.5120761e-19
3.5876113e-10
-2.007812e-19
8.8045958e-20
3.5357678e-10
-3.4819157e-19
3.0449055e-20
3.4303815e-10
-4.4973208e-19
-2.0428498e-20
3.2679046e-10
-4.9221689e-19
-6.5668391e-20
3.0426063e-10
-4.6136787e-19
-1.059114e-19
2.7459701e-10
-3.5193934e-19
-1.4075236e-19
2.3656652e-10
-2.0492098e-19
-1.6533749e-19
1.8838283e-10
-9.977566e-20
-1.6173207e-19
1.2742848e-10
-9.3410495e-20
4.9849562e-11
1.5253942e-19
-2.4281149e-20
3.5939364e-11
2.5945624e-19
-9.9126413e-20
8.8069255e-11
3.634054e-19
-1.1510283e-19
1.2742848e-10
4.361252e-19
-8.1398622e-20
1.5787095e-10
4.6344775e-19
-1.0468544e-20
1.8160885e-10
4.4989181e-19
7.4422311e-20
1.9999475e-10
3.9940968e-19
1.4722496e-19
2.1390031e-10
3.1329467e-19
1.8990542e-19
2.239027e-10
1.9529917e-19
1.9729238e-19
2.3038048e-10
5.396134e-20
1.7534857e-19
2.3356451e-10
-9.6852855e-20
1.3628525e-19
2.3356451e-10
-2.4025931e-19
9.2376879e-20
2.3038048e-10
-3.5976022e-19
5.1887208e-20
2.239027e-10
-4.4209514e-19
1.78522e-20
2.1390031e-10
-4.7515754e-19
-1.0507233e-20
1.9999475e-10
-4.4458557e-19
-3.6350394e-20
1.8160885e-10
-3.4359142e-19
-6.2554603e-20
1.5787095e-10
-2.0649258e-19
-8.6180239e-20
1.2742848e-10
-1.0572618e-19
-9.5030207e-20
8.8069255e-11
-6.1713459e-20
3.5939364e-11
5.3291384e-20
1.6236676e-11
1.2603339e-19
3.5939364e-11
2.0869166e-19
4.9849562e-11
2.6940442e-19
6.0338636e-11
2.9096122e-19
6.8431339e-11
2.7439856e-19
7.4667885e-11
2.2698249e-19
7.937201e-11
1.5767761e-19
8.2750524e-11
7.5829272e-20
8.4936587e-11
-9.9376345e-21
8.6010607e-11
-9.2243604e-20
8.6010607e-11
-1.6490723e-19
8.4936587e-11
-2.2294997e-19
8.2750524e-11
-2.6244191e-19
7.937201e-11
-2.7882358e-19
7.4667885e-11
-2.6358213e-19
6.8431339e-11
-2.0801466e-19
6.0338636e-11
-1.2695815e-19
4.9849562e-11
-6.8706088e-20
3.5939364e-11
1.6236676e-11
5.4766735e-20
7.3445629e-20
1.6236676e-11
6.1211387e-20
8.4567483e-20
3.5939364e-11
9.3742229e-20
6.672602e-20
4.9849562e-11
1.224825e-19
4.9455816e-20
6.0338636e-11
1.3811997e-19
3.8592399e-20
6.8431339e-11
1.4589922e-19
3.0554835e-20
7.4667885e-11
1.4405697e-19
1.9316066e-20
7.937201e-11
1.2453166e-19
3.6608133e-21
8.2750524e-11
8.1360754e-20
-1.2480023e-20
8.4936587e-11
1.5457286e-20
-2.28367e-20
8.6010607e-11
-6.4683838e-20
-2.0830312e-20
8.6010607e-11
-1.4490815e-19
-1.9024573e-21
8.4936587e-11
-2.0801366e-19
3.4187872e-20
8.2750524e-11
-2.3825456e-19
8.1235554e-20
7.937201e-11
-2.2571722e-19
1.2649995e-19
7.4667885e-11
-1.6920891e-19
1.5398967e-19
6.8431339e-11
-8.2078898e-20
1.507031e-19
6.0338636e-11
-3.1349311e-21
1.1490409e-19
4.9849562e-11
2.1202448e-20
5.6948885e-20
3.5939364e-11
-1.74624e-20
1.6236676e-11
4.9253713e-20
1.1242548e-19
3.5939364e-11
7.2012022e-20
1.6206442e-19
8.8069255e-11
1.4229409e-19
1.5336494e-19
1.2742848e-10
2.1162992e-19
1.3073292e-19
1.5787095e-10
2.5452694e-19
1.0893706e-19
1.8160884e-10
2.7413305e-19
8.6722133e-20
1.9999475e-10
2.7096208e-19
6.0605531e-20
2.1390031e-10
2.3707623e-19
3.193364e-20
2.239027e-10
1.6658839e-19
5.6909513e-21
2.3038048e-10
6.3297367e-20
-1.2801124e-20
2.3356451e-10
-5.9492059e-20
-1.8595775e-20
2.3356451e-10
-1.8246939e-19
-7.0313673e-21
2.3038048e-10
-2.8422128e-19
2.498817e-20
2.239027e-10
-3.4544809e-19
7.5379775e-20
2.1390031e-10
-3.5156453e-19
1.3382835e-19
1.9999475e-10
-2.9512858e-19
1.8151636e-19
1.8160885e-10
-1.874847e-19
1.9718784e-19
1.5787095e-10
-8.2275355e-20
1.7005205e-19
1.2742848e-10
-4.8936132e-20
1.0751407e-19
8.8069255e-11
1.8490264e-20
3.5939364e-11
2.3141086e-20
1.7065357e-19
4.9849562e-11
5.2691869e-20
2.7558321e-19
1.2742848e-10
1.4005798e-19
2.8541297e-19
1.8838283e-10
2.2739004e-19
2.5481806e-19
2.3656652e-10
2.8298755e-19
2.0979003e-19
2.7459701e-10
3.0948225e-19
1.5779749e-19
3.0426063e-10
3.0911054e-19
1.018793e-19
3.2679046e-10
2.7513161e-19
4.926018e-20
3.4303815e-10
2.0256331e-19
7.8835024e-21
3.5357678e-10
9.7493512e-20
-1.8337256e-20
3.5876113e-10
-2.391697e-20
-2.8976857e-20
3.5876113e-10
-1.4149871e-19
-2.3107778e-20
3.5357678e-10
-2.3745808e-19
2.9174923e-21
3.4303815e-10
-2.9992641e-19
5.2793971e-20
3.2679046e-10
-3.2164565e-19
1.2449646e-19
3.0426063e-10
-2.9555418e-19
2.0459419e-19
2.7459701e-10
-2.2148339e-19
2.6752349e-19
2.3656652e-10
-1.3561274e-19
2.8388635e-19
1.8838283e-10
-9.8593497e-20
2.3528272e-19
1.2742848e-10
1.0780062e-19
4.9849562e-11
2.6321404e-21
2.0814546e-19
6.0338636e-11
3.3595613e-20
3.5772892e-19
1.5787095e-10
1.1778112e-19
3.8223619e-19
2.3656652e-10
2.0111798e-19
3.4310911e-19
2.9987395e-10
2.5466594e-19
2.7576194e-19
3.5041072e-10
2.8293924e-19
1.9482582e-19
3.9011898e-10
2.8989439e-19
1.0918256e-19
4.2042142e-10
2.6735531e-19
3.3048745e-20
4.4234134e-10
2.0746846e-19
-1.9298574e-20
4.5658603e-10
1.1554089e-19
-4.2883283e-20
4.6360076e-10
1.0134174e-20
-4.3049562e-20
4.6360076e-10
-8.5960557e-20
-2.7583341e-20
4.5658603e-10
-1.5682464e-19
1.3052803e-21
4.4234134e-10
-1.9932038e-19
4.8505366e-20
4.2042142e-10
-2.1976871e-19
1.2042996e-19
3.9011898e-10
-2.21255e-19
2.1541062e-19
3.5041072e-10
-1.9806708e-19
3.1423241e-19
2.9987395e-10
-1.5822191e-19
3.7747375e-19
2.3656652e-10
-1.2858091e-19
3.5691436e-19
1.5787095e-10
1.9838678e-19
6.0338636e-11
-9.0218085e-21
2.1363414e-19
6.8431339e-11
2.0241069e-20
3.7694581e-19
1.8160884e-10
8.7390917e-20
4.0344887e-19
2.7459701e-10
1.5191897e-19
3.5608833e-19
3.5041072e-10
1.9274202e-19
2.7477665e-19
4.1151161e-10
2.1898311e-19
1.7567862e-19
4.5984183e-10
2.3786226e-19
6.8354534e-20
4.9689356e-10
2.3824629e-19
-2.7862251e-20
5.2377843e-10
2.036573e-19
-8.9480135e-20
5.4128392e-10
1.3222565e-19
-1.0450659e-19
5.499138e-10
4.2464977e-20
-8.0064436e-20
5.499138e-10
-3.717905e-20
-3.4785666e-20
5.4128392e-10
-8.6121956e-20
1.5729262e-20
5.2377843e-10
-1.0384384e-19
6.8497558e-20
4.9689356e-10
-1.0826267e-19
1.3253331e-19
4.5984183e-10
-1.1811713e-19
2.1836036e-19
4.1151161e-10
-1.3346153e-19
3.2189334e-19
3.5041072e-10
-1.4152786e-19
4.0918132e-19
2.7459701e-10
-1.2977973e-19
4.1606499e-19
1.8160885e-10
2.5316225e-19
6.8431339e-11
-1.7975465e-20
1.96351e-19
7.4667885e-11
5.0506844e-21
3.4216178e-19
1.9999475e-10
4.9210882e-20
3.5662024e-19
3.0426063e-10
8.8957598e-20
3.0118437e-19
3.9011898e-10
1.1085437e-19
2.1639091e-19
4.5984183e-10
1.3051817e-19
1.1522361e-19
5.1530186e-10
1.631475e-19
8.9249621e-22
5.5799122e-10
1.9739756e-19
-1.0954272e-19
5.8905357e-10
2.0464258e-19
-1.851718e-19
6.0931608e-10
1.6684962e-19
-2.0130108e-19
6.193154e-10
9.4477682e-20
-1.5715524e-19
6.193154e-10
2.021607e-20
-7.6030938e-20
6.0931608e-10
-2.4460328e-20
1.1163755e-20
5.8905357e-10
-3.1072978e-20
8.5147654e-20
5.5799122e-10
-2.019247e-20
1.4733766e-19
5.1530186e-10
-2.3560644e-20
2.1421616e-19
4.5984183e-10
-5.4344035e-20
2.981467e-19
3.9011898e-10
-9.3799579e-20
3.8185451e-19
3.0426063e-10
-1.0212581e-19
4.0434462e-19
1.9999475e-10
2.6133361e-19
7.4667885e-11
-3.3547261e-20
1.6233033e-19
7.937201e-11
-2.1466315e-20
2.6805619e-19
2.1390031e-10
9.2515611e-22
2.6057273e-19
3.2679046e-10
1.8837578e-20
1.9769337e-19
4.2042142e-10
2.1234413e-20
1.1961159e-19
4.9689356e-10
2.8354986e-20
3.5718535e-20
5.5799122e-10
6.8543903e-20
-6.1580236e-20
6.0517456e-10
1.3902756e-19
-1.6789782e-19
6.3958723e-10
2.0258368e-19
-2.5570017e-19
6.6207012e-10
2.1909945e-19
-2.8918615e-19
6.7317499e-10
1.785978e-19
-2.506664e-19
6.7317499e-10
1.0846467e-19
-1.5430297e-19
6.6207012e-10
5.113737e-20
-3.742681e-20
6.3958723e-10
3.2213741e-20
6.3466314e-20
6.0517456e-10
4.1870371e-20
1.3366973e-19
5.5799122e-10
4.5147376e-20
1.8520216e-19
4.9689356e-10
1.5652624e-20
2.4087713e-19
4.2042142e-10
-3.4546355e-20
3.0326402e-19
3.2679046e-10
-5.6929851e-20
3.2924909e-19
2.1390031e-10
2.2377822e-19
7.937201e-11
-6.0277614e-20
1.1224087e-19
8.2750524e-11
-6.3153643e-20
1.6530047e-19
2.239027e-10
-5.6222688e-20
1.3276702e-19
3.4303815e-10
-4.8628466e-20
6.4339654e-20
4.4234134e-10
-5.7385625e-20
-8.5710033e-22
5.2377843e-10
-6.5123216e-20
-5.2490714e-20
5.8905357e-10
-3.0568486e-20
-1.0620553e-19
6.3958723e-10
6.1922913e-20
-1.7708214e-19
6.7650936e-10
1.7969616e-19
-2.5574033e-19
7.0066082e-10
2.6461466e-19
-3.0868266e-19
7.1259813e-10
2.7766152e-19
-3.0203114e-19
7.1259813e-10
2.258692e-19
-2.2840288e-19
7.0066082e-10
1.5279346e-19
-1.1453982e-19
6.7650936e-10
1.0301903e-19
-3.4352874e-21
6.3958723e-10
8.9273938e-20
7.3648373e-20
5.8905357e-10
8.7310642e-20
1.1557133e-19
5.2377843e-10
6.4020329e-20
1.4528288e-19
4.4234134e-10
1.8241058e-20
1.8106665e-19
3.4303815e-10
-9.0070996e-21
2.0463253e-19
2.239027e-10
1.4922979e-19
8.2750524e-11
-9.5018351e-20
4.6421763e-20
8.4936587e-11
-1.163064e-19
4.4246022e-20
2.3038048e-10
-1.1746436e-19
-7.9415668e-21
3.5357678e-10
-1.0442085e-19
-7.6966676e-20
4.5658603e-10
-1.0628907e-19
-1.2806538e-19
5.4128392e-10
-1.2015751e-19
-1.4471759e-19
6.0931608e-10
-1.0150001e-19
-1.4084772e-19
6.6207011e-10
-1.3168535e-20
-1.4697018e-19
7.0066082e-10
1.3242122e-19
-1.8126972e-19
7.2592437e-10
2.7596959e-19
-2.3078821e-19
7.3841724e-10
3.5339244e-19
-2.5990359e-19
7.3841724e-10
3.4024218e-19
-2.392966e-19
7.2592437e-10
2.6486063e-19
-1.7037569e-19
7.0066082e-10
1.8187113e-19
-8.4318967e-20
6.6207012e-10
1.3040219e-19
-1.8433554e-20
6.0931608e-10
1.088688e-19
1.1304612e-20
5.4128392e-10
8.8202435e-20
1.9084206e-20
4.5658603e-10
5.395994e-20
3.0545409e-20
3.5357678e-10
2.9420563e-20
5.1414738e-20
2.3038048e-10
5.3118053e-20
8.4936587e-11
-1.2774688e-19
-3.1335265e-20
8.6010607e-11
-1.6981863e-19
-8.214811e-20
2.3356451e-10
-1.7518892e-19
-1.4030458e-19
3.5876113e-10
-1.4437815e-19
-1.9964321e-19
4.6360076e-10
-1.1826787e-19
-2.3675857e-19
5.499138e-10
-1.1742963e-19
-2.27828e-19
6.193154e-10
-1.1043567e-19
-1.7426803e-19
6.7317499e-10
-4.8435134e-20
-1.085248e-19
7.1259813e-10
8.4259599e-20
-7.1640723e-20
7.3841724e-10
2.4857785e-19
-8.1987548e-20
7.5118791e-10
3.7411456e-19
-1.222468e-19
7.5118791e-10
4.0771804e-19
-1.5579171e-19
7.3841724e-10
3.4968108e-19
-1.5725376e-19
7.1259813e-10
2.4810368e-19
-1.3136532e-19
6.7317499e-10
1.6060146e-19
-1.0467479e-19
6.193154e-10
1.1295262e-19
-1.00025e-19
5.499138e-10
8.9969033e-20
-1.1495691e-19
4.6360076e-10
6.8469095e-20
-1.2444379e-19
3.5876113e-10
5.1103077e-20
-1.0443468e-19
2.3356451e-10
-4.5858285e-20
8.6010607e-11
-1.4472352e-19
-1.1317521e-19
8.6010607e-11
-2.0716273e-19
-1.9936463e-19
2.3356451e-10
-2.1850212e-19
-2.4461287e-19
3.5876113e-10
-1.6800421e-19
-2.783568e-19
4.6360076e-10
-1.0065576e-19
-2.9734864e-19
5.499138e-10
-6.1193444e-20
-2.7561791e-19
6.193154e-10
-4.5936954e-20
-1.9771165e-19
6.7317499e-10
-1.3340691e-20
-8.2845534e-20
7.1259813e-10
7.3434738e-20
2.1899593e-20
7.3841724e-10
2.0826162e-19
7.2208666e-20
7.5118791e-10
3.388412e-19
5.5688427e-20
7.5118791e-10
4.0185672e-19
-4.0396802e-21
7.3841724e-10
3.697934e-19
-6.9080497e-20
7.1259813e-10
2.7010265e-19
-1.1652842e-19
6.7317499e-10
1.6279034e-19
-1.4979559e-19
6.193154e-10
9.5016567e-20
-1.8536692e-19
5.499138e-10
6.9884288e-20
-2.2795658e-19
4.6360076e-10
6.1452834e-20
-2.5705359e-19
3.5876113e-10
5.3790323e-20
-2.3746446e-19
2.3356451e-10
-1.3049709e-19
8.6010607e-11
-1.3291822e-19
-1.8784134e-19
8.4936587e-11
-2.1027097e-19
-2.9420112e-19
2.3038048e-10
-2.3288294e-19
-3.0907356e-19
3.5357678e-10
-1.7294268e-19
-2.9971465e-19
4.5658603e-10
-6.7542964e-20
-2.8970299e-19
5.4128392e-10
2.3216441e-20
-2.6069637e-19
6.0931608e-10
7.0606588e-20
-1.8524854e-19
6.6207011e-10
9.0971543e-20
-6.2141067e-20
7.0066082e-10
1.2371749e-19
7.4145109e-20
7.2592437e-10
1.920984e-19
1.723862e-19
7.3841724e-10
2.7759141e-19
1.9610715e-19
7.3841724e-10
3.3107006e-19
1.4452484e-19
7.2592437e-10
3.1246681e-19
4.8307361e-20
7.0066082e-10
2.258001e-19
-5.5332493e-20
6.6207012e-10
1.1874827e-19
-1.4668441e-19
6.0931608e-10
4.617558e-20
-2.2678453e-19
5.4128392e-10
2.6289126e-20
-2.9892401e-19
4.5658603e-10
3.4042199e-20
-3.4639982e-19
3.5357678e-10
3.9045083e-20
-3.2869189e-19
2.3038048e-10
-1.8856295e-19
8.4936587e-11
-8.5481045e-20
-2.4143834e-19
8.2750524e-11
-1.6588202e-19
-3.5666476e-19
2.239027e-10
-2.0344378e-19
-3.3377324e-19
3.4303815e-10
-1.5125158e-19
-2.7011823e-19
4.4234134e-10
-2.7874944e-20
-2.1735549e-19
5.2377843e-10
1.0594386e-19
-1.7449699e-19
5.8905357e-10
1.9633364e-19
-1.1411854e-19
6.3958723e-10
2.2723769e-19
-1.8636948e-20
6.7650936e-10
2.2226772e-19
1.0007729e-19
7.0066082e-10
2.1734091e-19
2.0408023e-19
7.1259813e-10
2.2659276e-19
2.5153778e-19
7.1259813e-10
2.3082484e-19
2.2206914e-19
7.0066082e-10
1.9825041e-19
1.2807546e-19
6.7650936e-10
1.1948763e-19
3.2765685e-21
6.3958723e-10
2.4517782e-20
-1.2122989e-19
5.8905357e-10
-3.7030459e-20
-2.3191207e-19
5.2377843e-10
-4.0717948e-20
-3.2554714e-19
4.4234134e-10
-1.0707018e-20
-3.8577612e-19
3.4303815e-10
1.1349451e-20
-3.7084517e-19
2.239027e-10
-2.1559148e-19
8.2750524e-11
-7.8405611e-21
-2.6027762e-19
7.937201e-11
-7.3566463e-20
-3.7962057e-19
2.1390031e-10
-1.2157639e-19
-3.2855925e-19
3.2679046e-10
-9.1469151e-20
-2.1531003e-19
4.2042142e-10
2.1679e-20
-1.1208841e-19
4.9689356e-10
1.7063433e-19
-4.124387e-20
5.5799122e-10
2.917894e-19
1.1601561e-20
6.0517456e-10
3.4313449e-19
6.8273369e-20
6.3958723e-10
3.2408118e-19
1.3633653e-19
6.6207011e-10
2.6525463e-19
2.0143229e-19
6.7317499e-10
1.9890022e-19
2.3502183e-19
6.7317499e-10
1.3568568e-19
2.1333093e-19
6.6207012e-10
6.5392715e-20
1.3386197e-19
6.3958723e-10
-1.9842484e-20
1.7034052e-20
6.0517456e-10
-1.0274685e-19
-1.0877339e-19
5.5799122e-10
-1.4498336e-19
-2.2448744e-19
4.9689356e-10
-1.2373403e-19
-3.2147889e-19
4.2042142e-10
-6.5777552e-20
-3.8339806e-19
3.2679046e-10
-2.2713594e-20
-3.6984456e-19
2.1390031e-10
-2.1536767e-19
7.937201e-11
8.0324777e-20
-2.359236e-19
7.4667885e-11
4.8586846e-20
-3.5856572e-19
1.9999475e-10
6.6671238e-21
-3.0540222e-19
3.0426063e-10
1.4070384e-20
-1.682148e-19
3.9011898e-10
9.4419766e-20
-2.344752e-20
4.5984183e-10
2.2306007e-19
8.5744292e-20
5.1530186e-10
3.4336928e-19
1.5174683e-19
5.5799122e-10
4.0259832e-19
1.8663295e-19
5.8905357e-10
3.8058083e-19
2.05369e-19
6.0931608e-10
2.934189e-19
2.1352189e-19
6.193154e-10
1.7517179e-19
2.0399141e-19
6.193154e-10
5.4110076e-20
1.6433425e-19
6.0931608e-10
-5.8351559e-20
8.9513201e-20
5.8905357e-10
-1.5924539e-19
-1.1036616e-20
5.5799122e-10
-2.3522799e-19
-1.1855995e-19
5.1530186e-10
-2.5740311e-19
-2.1736962e-19
4.5984183e-10
-2.0856753e-19
-2.9941204e-19
3.9011898e-10
-1.207091e-19
-3.5089993e-19
3.0426063e-10
-5.5530087e-20
-3.3668304e-19
1.9999475e-10
-1.9619721e-19
7.4667885e-11
1.5008951e-19
-1.7061543e-19
6.8431339e-11
1.6532603e-19
-2.9263349e-19
1.8160884e-10
1.5573016e-19
-2.6826425e-19
2.7459701e-10
1.5889487e-19
-1.4871395e-19
3.5041072e-10
2.0288968e-19
7.6246549e-21
4.1151161e-10
2.853527e-19
1.4867764e-19
4.5984183e-10
3.6880562e-19
2.4444405e-19
4.9689356e-10
4.0648702e-19
2.8773155e-19
5.2377843e-10
3.7156087e-19
2.8725e-19
5.4128392e-10
2.6796832e-19
2.566175e-19
5.499138e-10
1.2270693e-19
2.0538023e-19
5.499138e-10
-3.185636e-20
1.3712697e-19
5.4128392e-10
-1.7202867e-19
5.4456699e-20
5.2377843e-10
-2.8422789e-19
-3.5811326e-20
4.9689356e-10
-3.5359497e-19
-1.2229535e-19
4.5984183e-10
-3.5679403e-19
-1.9605074e-19
4.1151161e-10
-2.8167876e-19
-2.5404309e-19
3.5041072e-10
-1.6639283e-19
-2.8941538e-19
2.7459701e-10
-8.2318284e-20
-2.7619546e-19
1.8160884e-10
-1.6275708e-19
6.8431339e-11
1.7570211e-19
-8.2372096e-20
6.0338636e-11
2.3630141e-19
-1.9350218e-19
1.5787095e-10
2.8284702e-19
-2.1434289e-19
2.3656652e-10
3.1368125e-19
-1.4981432e-19
2.9987395e-10
3.4101277e-19
-2.3581199e-20
3.5041072e-10
3.7447376e-19
1.2124927e-19
3.9011898e-10
3.9878893e-19
2.4192905e-19
4.2042142e-10
3.8574111e-19
3.1208861e-19
4.4234134e-10
3.1569353e-19
3.2593339e-19
4.5658603e-10
1.8973029e-19
2.9305757e-19
4.6360076e-10
2.8289647e-20
2.2881189e-19
4.6360076e-10
-1.393494e-19
1.4760287e-19
4.5658603e-10
-2.8722375e-19
6.0980567e-20
4.4234134e-10
-3.9703775e-19
-2.0846674e-20
4.2042142e-10
-4.5314176e-19
-8.9166598e-20
3.9011898e-10
-4.3597189e-19
-1.3974593e-19
3.5041072e-10
-3.3750839e-19
-1.7511423e-19
2.9987395e-10
-2.0026828e-19
-1.9691743e-19
2.3656652e-10
-1.027786e-19
-1.90545e-19
1.5787095e-10
-1.1523936e-19
6.0338636e-11
1.4886006e-19
-8.2231597e-21
4.9849562e-11
2.3605404e-19
-9.9522297e-20
1.2742848e-10
3.411896e-19
-1.5417914e-19
1.8838283e-10
4.2360131e-19
-1.5014416e-19
2.3656652e-10
4.6475562e-19
-7.9674854e-20
2.7459701e-10
4.6968556e-19
3.5108892e-20
3.0426063e-10
4.3910526e-19
1.5466639e-19
3.2679046e-10
3.665398e-19
2.4329715e-19
3.4303815e-10
2.4873207e-19
2.8267561e-19
3.5357678e-10
9.298298e-20
2.7291628e-19
3.5876113e-10
-8.1746762e-20
2.2614445e-19
3.5876113e-10
-2.5055774e-19
1.5835482e-19
3.5357678e-10
-3.904859e-19
8.4878037e-20
3.4303815e-10
-4.8498206e-19
1.8304274e-20
3.2679046e-10
-5.210653e-19
-3.2954588e-20
3.0426063e-10
-4.841032e-19
-6.6609024e-20
2.7459701e-10
-3.6992836e-19
-8.779776e-20
2.3656652e-10
-2.215857e-19
-1.0331326e-19
1.8838283e-10
-1.1696579e-19
-1.0721929e-19
1.2742848e-10
-6.7272997e-20
4.9849562e-11
8.3169176e-20
1.5846989e-20
3.5939364e-11
1.6695044e-19
-5.4953913e-20
8.8069255e-11
2.9901008e-19
-1.105963e-19
1.2742848e-10
4.2111162e-19
-1.3136708e-19
1.5787095e-10
4.8906703e-19
-1.0283677e-19
1.8160884e-10
4.9303761e-19
-3.1699109e-20
1.9999475e-10
4.3717297e-19
5.6863863e-20
2.1390031e-10
3.3051812e-19
1.3435208e-19
2.239027e-10
1.8558601e-19
1.8144004e-19
2.3038048e-10
1.8578883e-20
1.9260399e-19
2.3356451e-10
-1.5105206e-19
1.730776e-19
2.3356451e-10
-3.0262469e-19
1.3347032e-19
2.3038048e-10
-4.1887556e-19
8.5344934e-20
2.239027e-10
-4.8880997e-19
3.8861513e-20
2.1390031e-10
-5.0506506e-19
9.7559092e-22
1.9999475e-10
-4.5930341e-19
-2.6676822e-20
1.8160884e-10
-3.5020835e-19
-4.7250636e-20
1.5787095e-10
-2.1428786e-19
-6.3975943e-20
1.2742848e-10
-1.1786917e-19
-7.3332142e-20
8.8069255e-11
-5.1375602e-20
3.5939364e-11
-1.1373316e-21
1.6236676e-11
4.545287e-20
3.5939364e-11
1.3945949e-19
4.9849562e-11
2.3789779e-19
6.0338636e-11
3.0249038e-19
6.8431339e-11
3.1656129e-19
7.4667885e-11
2.7964485e-19
7.937201e-11
2.021435e-19
8.2750524e-11
9.997659e-20
8.4936587e-11
-1.0771901e-20
8.6010607e-11
-1.1586824e-19
8.6010607e-11
-2.0344991e-19
8.4936587e-11
-2.6532191e-19
8.2750524e-11
-2.9789339e-19
7.937201e-11
-3.006257e-19
7.4667885e-11
-2.7133732e-19
6.8431339e-11
-2.080225e-19
6.0338636e-11
-1.2830563e-19
4.9849562e-11
-7.5715278e-20
3.5939364e-11
1.6236676e-11
2.2444881e-20
5.094106e-20
1.6236676e-11
1.5668312e-20
5.5390013e-20
3.5939364e-11
3.0684982e-20
4.2398317e-20
4.9849562e-11
5.0952168e-20
3.2781415e-20
6.0338636e-11
6.9939846e-20
3.0297065e-20
6.8431339e-11
8.9663702e-20
3.0625538e-20
7.4667885e-11
1.0596774e-19
2.7838348e-20
7.937201e-11
1.0781116e-19
2.0409052e-20
8.2750524e-11
8.4645829e-20
1.191169e-20
8.4936587e-11
3.2662126e-20
8.4186145e-21
8.6010607e-11
-4.3048181e-20
1.6093366e-20
8.6010607e-11
-1.2842313e-19
3.9845103e-20
8.4936587e-11
-2.0267378e-19
8.0821755e-20
8.2750524e-11
-2.4370438e-19
1.3260352e-19
7.937201e-11
-2.3642911e-19
1.7992234e-19
7.4667885e-11
-1.7948465e-19
2.0316279e-19
6.8431339e-11
-9.0794823e-20
1.8787085e-19
6.0338636e-11
-1.1344936e-20
1.353733e-19
4.9849562e-11
1.5980804e-20
6.2718706e-20
3.5939364e-11
-1.5841577e-20
1.6236676e-11
2.2858262e-21
7.2247261e-20
3.5939364e-11
-7.4277486e-21
1.0201039e-19
8.8069255e-11
2.5320444e-20
9.7843848e-20
1.2742848e-10
7.3861311e-20
9.0478138e-20
1.5787095e-10
1.2015889e-19
8.7820857e-20
1.8160885e-10
1.6283241e-19
8.4618133e-20
1.9999475e-10
1.9599296e-19
7.4788008e-20
2.1390031e-10
2.0400842e-19
5.936695e-20
2.239027e-10
1.7127534e-19
4.4972354e-20
2.3038048e-10
9.2578854e-20
3.8904008e-20
2.3356451e-10
-2.3427468e-20
4.6242952e-20
2.3356451e-10
-1.5616024e-19
7.0322071e-20
2.3038048e-10
-2.7845753e-19
1.1244432e-19
2.239027e-10
-3.6203354e-19
1.6890694e-19
2.1390031e-10
-3.8412245e-19
2.2711171e-19
1.9999475e-10
-3.3436111e-19
2.6545647e-19
1.8160885e-10
-2.2665045e-19
2.6200767e-19
1.5787095e-10
-1.1456123e-19
2.0976329e-19
1.2742848e-10
-6.2080295e-20
1.2298688e-19
8.8069255e-11
1.790518e-20
3.5939364e-11
-1.8853161e-20
1.0473583e-19
4.9849562e-11
-2.9030896e-20
1.7125241e-19
1.2742848e-10
1.1881908e-20
1.8427921e-19
1.8838283e-10
7.1393044e-20
1.8049383e-19
2.3656652e-10
1.270115e-19
1.7322364e-19
2.7459701e-10
1.773141e-19
1.5936131e-19
3.0426063e-10
2.186306e-19
1.335135e-19
3.2679046e-10
2.354605e-19
9.9023086e-20
3.4303815e-10
2.1013995e-19
6.6591258e-20
3.5357678e-10
1.3600743e-19
4.6914563e-20
3.5876113e-10
2.2646866e-20
4.5417806e-20
3.5876113e-10
-1.0818869e-19
6.3096983e-20
3.5357678e-10
-2.3130922e-19
9.9849679e-20
3.4303815e-10
-3.2479729e-19
1.5508454e-19
3.2679046e-10
-3.7236675e-19
2.2372282e-19
3.0426063e-10
-3.6184218e-19
2.9080986e-19
2.7459701e-10
-2.9226133e-19
3.3165761e-19
2.3656652e-10
-1.9710073e-19
3.2169209e-19
1.8838283e-10
-1.2993012e-19
2.4896557e-19
1.2742848e-10
1.0428095e-19
4.9849562e-11
-2.6511784e-20
1.3041419e-19
6.0338636e-11
-3.2674821e-20
2.2686171e-19
1.5787095e-10
8.6773941e-21
2.5069921e-19
2.3656652e-10
6.5167587e-20
2.4504082e-19
2.9987395e-10
1.1447527e-19
2.3062562e-19
3.5041072e-10
1.5811772e-19
2.0759811e-19
3.9011898e-10
1.9834364e-19
1.6977016e-19
4.2042142e-10
2.2321432e-19
1.1983549e-19
4.4234134e-10
2.1385227e-19
7.1062849e-20
4.5658603e-10
1.5949339e-19
3.8094481e-20
4.6360076e-10
6.69009e-20
2.8697267e-20
4.6360076e-10
-4.2895632e-20
4.2687189e-20
4.5658603e-10
-1.465672e-19
7.6545666e-20
4.4234134e-10
-2.2915088e-19
1.2869262e-19
4.2042142e-10
-2.8595489e-19
1.9911829e-19
3.9011898e-10
-3.1224568e-19
2.8342005e-19
3.5041072e-10
-2.9794268e-19
3.6378718e-19
2.9987395e-10
-2.4650698e-19
4.0611344e-19
2.3656652e-10
-1.7818682e-19
3.679582e-19
1.5787095e-10
1.9666371e-19
6.0338636e-11
-2.6091456e-20
1.4219806e-19
6.8431339e-11
-2.5420379e-20
2.4985787e-19
1.8160885e-10
1.3042649e-20
2.7117536e-19
2.7459701e-10
6.1303091e-20
2.5451199e-19
3.5041072e-10
9.7965363e-20
2.2898395e-19
4.1151161e-10
1.2710441e-19
1.9916252e-19
4.5984183e-10
1.586308e-19
1.5737498e-19
4.9689356e-10
1.8768194e-19
1.0285474e-19
5.2377843e-10
1.9566316e-19
4.7988211e-20
5.4128392e-10
1.6617249e-19
9.9167292e-21
5.499138e-10
9.9591416e-20
-4.323603e-22
5.499138e-10
1.3814631e-20
1.6996042e-20
5.4128392e-10
-6.805558e-20
5.4923265e-20
5.2377843e-10
-1.3318203e-19
1.0692314e-19
4.9689356e-10
-1.8445831e-19
1.7246299e-19
4.5984183e-10
-2.2806888e-19
2.5488923e-19
4.1151161e-10
-2.5550181e-19
3.4905898e-19
3.5041072e-10
-2.4854949e-19
4.2546642e-19
2.7459701e-10
-1.9121378e-19
4.2460497e-19
1.8160885e-10
2.5570574e-19
6.8431339e-11
-2.7777861e-20
1.4161251e-19
7.4667885e-11
-2.3293841e-20
2.4328328e-19
1.9999475e-10
1.075582e-20
2.5166459e-19
3.0426063e-10
5.2710285e-20
2.1698513e-19
3.9011898e-10
7.983912e-20
1.7575237e-19
4.5984183e-10
9.527447e-20
1.386781e-19
5.1530186e-10
1.1578722e-19
9.8184086e-20
5.5799122e-10
1.4595152e-19
4.8821107e-20
5.8905357e-10
1.7019637e-19
-1.7228685e-21
6.0931608e-10
1.6688151e-19
-3.6817368e-20
6.193154e-10
1.2747267e-19
-4.2997163e-20
6.193154e-10
6.3392011e-20
-1.8582882e-20
6.0931608e-10
-2.8885275e-21
2.7205768e-20
5.8905357e-10
-5.6100746e-20
8.2374655e-20
5.5799122e-10
-9.8827543e-20
1.4189087e-19
5.1530186e-10
-1.4332095e-19
2.1113449e-19
4.5984183e-10
-1.881096e-19
2.9596186e-19
3.9011898e-10
-2.0836249e-19
3.7981315e-19
3.0426063e-10
-1.6623562e-19
4.0463005e-19
1.9999475e-10
2.6411288e-19
7.4667885e-11
-3.8551098e-20
1.2710215e-19
7.937201e-11
-3.7565463e-20
2.1131089e-19
2.1390031e-10
-1.0654504e-20
2.0404285e-19
3.2679046e-10
2.871093e-20
1.5178855e-19
4.2042142e-10
5.4529455e-20
9.4570568e-20
4.9689356e-10
6.3970211e-20
5.0344308e-20
5.5799122e-10
7.6983517e-20
1.4758932e-20
6.0517456e-10
1.0763244e-19
-2.1818649e-20
6.3958723e-10
1.4666674e-19
-5.9266989e-20
6.6207012e-10
1.6956958e-19
-8.5739974e-20
6.7317499e-10
1.5807233e-19
-8.7491389e-20
6.7317499e-10
1.1417728e-19
-6.0160007e-20
6.6207012e-10
5.7023851e-20
-1.2110856e-20
6.3958723e-10
5.939509e-21
4.216241e-20
6.0517456e-10
-3.4733208e-20
9.3149922e-20
5.5799122e-10
-7.4940521e-20
1.4429198e-19
4.9689356e-10
-1.1878815e-19
2.0696656e-19
4.2042142e-10
-1.4592863e-19
2.7821363e-19
3.2679046e-10
-1.1571646e-19
3.1462453e-19
2.1390031e-10
2.2054464e-19
7.937201e-11
-5.757282e-20
9.4704935e-20
8.2750524e-11
-6.8226482e-20
1.5370443e-19
2.239027e-10
-5.300197e-20
1.3538108e-19
3.4303815e-10
-1.4235532e-20
7.4370195e-20
4.4234134e-10
1.9097942e-20
7.9403063e-21
5.2377843e-10
3.382167e-20
-3.9678193e-20
5.8905357e-10
4.6767561e-20
-6.6496752e-20
6.3958723e-10
7.8807522e-20
-8.3663235e-20
6.7650936e-10
1.2933325e-19
-9.9872993e-20
7.0066082e-10
1.7504369e-19
-1.1245184e-19
7.1259813e-10
1.8977056e-19
-1.1116055e-19
7.1259813e-10
1.6473257e-19
-8.9454195e-20
7.0066082e-10
1.1303455e-19
-5.157778e-20
6.7650936e-10
5.6878882e-20
-1.0134511e-20
6.3958723e-10
1.0430601e-20
2.4244754e-20
5.8905357e-10
-2.7663315e-20
5.2567464e-20
5.2377843e-10
-6.226058e-20
8.7427703e-20
4.4234134e-10
-8.224731e-20
1.3581368e-19
3.4303815e-10
-5.8149725e-20
1.7418865e-19
2.239027e-10
1.3694138e-19
8.2750524e-11
-7.7335677e-20
4.3477187e-20
8.4936587e-11
-1.0511115e-19
7.1774428e-20
2.3038048e-10
-1.0653588e-19
5.0722981e-20
3.5357678e-10
-6.9351416e-20
-5.0004767e-21
4.5658603e-10
-2.2256878e-20
-6.840495e-20
5.4128392e-10
9.1192975e-21
-1.125111e-19
6.0931608e-10
3.1499492e-20
-1.2698165e-19
6.6207012e-10
6.6595276e-20
-1.2059039e-19
7.0066082e-10
1.2220853e-19
-1.093213e-19
7.2592437e-10
1.8108322e-19
-1.0197857e-19
7.3841724e-10
2.1417764e-19
-9.6229258e-20
7.3841724e-10
2.035744e-19
-8.5675905e-20
7.2592437e-10
1.5488243e-19
-6.9318738e-20
7.0066082e-10
9.1061666e-20
-5.3728006e-20
6.6207012e-10
3.5310617e-20
-4.6483607e-20
6.0931608e-10
-2.8654079e-21
-4.7080521e-20
5.4128392e-10
-2.5785895e-20
-4.3443663e-20
4.5658603e-10
-3.218077e-20
-2.2171432e-20
3.5357678e-10
-9.7478729e-21
1.3051334e-20
2.3038048e-10
3.4618955e-20
8.4936587e-11
-8.792458e-20
-2.199939e-20
8.6010607e-11
-1.338796e-19
-2.7037176e-20
2.3356451e-10
-1.5550198e-19
-4.1478159e-20
3.5876113e-10
-1.2331426e-19
-7.7032278e-20
4.6360076e-10
-6.0622349e-20
-1.2364441e-19
5.499138e-10
-3.9973887e-21
-1.5649367e-19
6.193154e-10
3.7516309e-20
-1.5758158e-19
6.7317499e-10
7.8398342e-20
-1.2954852e-19
7.1259813e-10
1.3148335e-19
-9.071908e-20
7.3841724e-10
1.8877083e-19
-6.005225e-20
7.5118791e-10
2.2511642e-19
-4.5575764e-20
7.5118791e-10
2.1863765e-19
-4.482516e-20
7.3841724e-10
1.68699e-19
-5.2876105e-20
7.1259813e-10
9.700569e-20
-6.8817641e-20
6.7317499e-10
3.3137225e-20
-9.4418667e-20
6.193154e-10
-3.9950995e-21
-1.2760316e-19
5.499138e-10
-1.3685905e-20
-1.5675014e-19
4.6360076e-10
-4.1008518e-21
-1.6400073e-19
3.5876113e-10
1.9656209e-20
-1.3556487e-19
2.3356451e-10
-6.2930271e-20
8.6010607e-11
-8.0778854e-20
-9.2937087e-20
8.6010607e-11
-1.4129674e-19
-1.3002369e-19
2.3356451e-10
-1.8437878e-19
-1.288808e-19
3.5876113e-10
-1.6216979e-19
-1.3113512e-19
4.6360076e-10
-8.7215336e-20
-1.4829526e-19
5.499138e-10
-2.3405142e-21
-1.6318574e-19
6.193154e-10
6.5511362e-20
-1.533084e-19
6.7317499e-10
1.165667e-19
-1.1295093e-19
7.1259813e-10
1.6209881e-19
-5.6957415e-20
7.3841724e-10
2.0317719e-19
-8.3777496e-21
7.5118791e-10
2.2428563e-19
1.6062791e-20
7.5118791e-10
2.0680737e-19
1.2732256e-20
7.3841724e-10
1.4781418e-19
-1.3010024e-20
7.1259813e-10
6.7311382e-20
-5.4710675e-20
6.7317499e-10
-2.0620442e-21
-1.0849311e-19
6.193154e-10
-3.494194e-20
-1.7004778e-19
5.499138e-10
-2.901322e-20
-2.2836223e-19
4.6360076e-10
-1.6615788e-21
-2.6229528e-19
3.5876113e-10
2.6685422e-20
-2.4394792e-19
2.3356451e-10
-1.365613e-19
8.6010607e-11
-5.0443251e-20
-1.5776417e-19
8.4936587e-11
-1.1758293e-19
-2.2296697e-19
2.3038048e-10
-1.8087329e-19
-2.005518e-19
3.5357678e-10
-1.7469476e-19
-1.6007203e-19
4.5658603e-10
-9.6322132e-20
-1.3697073e-19
5.4128392e-10
1.1619057e-20
-1.2740788e-19
6.0931608e-10
1.0707598e-19
-1.0943727e-19
6.6207012e-10
1.7219972e-19
-7.0214488e-20
7.0066082e-10
2.1024692e-19
-1.6158273e-20
7.2592437e-10
2.2710958e-19
3.330209e-20
7.3841724e-10
2.1889598e-19
5.9389248e-20
7.3841724e-10
1.7613922e-19
5.4024261e-20
7.2592437e-10
9.876741e-20
2.0371434e-20
7.0066082e-10
6.3057809e-21
-3.3330977e-20
6.6207012e-10
-6.7610595e-20
-1.0039296e-19
6.0931608e-10
-9.4332017e-20
-1.7620781e-19
5.4128392e-10
-7.1122184e-20
-2.516933e-19
4.5658603e-10
-2.4040473e-20
-3.0464914e-19
3.5357678e-10
1.3434624e-20
-2.97595e-19
2.3038048e-10
-1.759746e-19
8.4936587e-11
2.8411759e-21
-2.0259506e-19
8.2750524e-11
-5.9001534e-20
-2.9236319e-19
2.239027e-10
-1.368355e-19
-2.5134714e-19
3.4303815e-10
-1.5189741e-19
-1.6693165e-19
4.4234134e-10
-8.3749566e-20
-9.6536087e-20
5.2377843e-10
3.297982e-20
-5.4733063e-20
5.8905357e-10
1.474676e-19
-2.7394902e-20
6.3958723e-10
2.2558134e-19
1.5243503e-21
6.7650936e-10
2.5886416e-19
3.5129486e-20
7.0066082e-10
2.528019e-19
6.370443e-20
7.1259813e-10
2.1227274e-19
7.402014e-20
7.1259813e-10
1.3832263e-19
5.9053356e-20
7.0066082e-10
3.7413916e-20
2.1150539e-20
6.7650936e-10
-6.9570845e-20
-3.2263689e-20
6.3958723e-10
-1.4902252e-19
-9.5243556e-20
5.8905357e-10
-1.7083281e-19
-1.6594886e-19
5.2377843e-10
-1.3168384e-19
-2.3995301e-19
4.4234134e-10
-6.4460303e-20
-2.9791872e-19
3.4303815e-10
-1.3632155e-20
-2.9911838e-19
2.239027e-10
-1.8138754e-19
8.2750524e-11
6.9270524e-20
-2.1313876e-19
7.937201e-11
2.7590633e-20
-3.2491076e-19
2.1390031e-10
-5.1392283e-20
-2.8076077e-19
3.2679046e-10
-8.703145e-20
-1.6613513e-19
4.2042142e-10
-4.3059425e-20
-5.1091222e-20
4.9689356e-10
6.0991784e-20
2.9517263e-20
5.5799122e-10
1.7533204e-19
7.441791e-20
6.0517456e-10
2.5615312e-19
9.5984937e-20
6.3958723e-10
2.8422763e-19
1.034795e-19
6.6207012e-10
2.6111217e-19
9.8126213e-20
6.7317499e-10
1.9572101e-19
7.7060253e-20
6.7317499e-10
9.7022715e-20
3.9959656e-20
6.6207012e-10
-2.2783921e-20
-7.9775753e-21
6.3958723e-10
-1.4126021e-19
-5.887015e-20
6.0517456e-10
-2.2565441e-19
-1.0858162e-19
5.5799122e-10
-2.451499e-19
-1.596624e-19
4.9689356e-10
-1.9461325e-19
-2.1486567e-19
4.2042142e-10
-1.1034515e-19
-2.6227379e-19
3.2679046e-10
-4.4867414e-20
-2.6506564e-19
2.1390031e-10
-1.6235858e-19
7.937201e-11
1.2808853e-19
-1.8084905e-19
7.4667885e-11
1.2036447e-19
-3.0839757e-19
1.9999475e-10
6.2983951e-20
-2.8597457e-19
3.0426063e-10
1.9921282e-20
-1.7268601e-19
3.9011898e-10
3.3963975e-20
-3.312739e-20
4.5984183e-10
1.0435599e-19
8.3426743e-20
5.1530186e-10
1.9322352e-19
1.5628808e-19
5.5799122e-10
2.5688496e-19
1.8587522e-19
5.8905357e-10
2.7084278e-19
1.807944e-19
6.0931608e-10
2.3285832e-19
1.4904423e-19
6.193154e-10
1.5262338e-19
9.7078438e-20
6.193154e-10
4.2656803e-20
3.2816028e-20
6.0931608e-10
-8.2388908e-20
-3.2624992e-20
5.8905357e-10
-2.0115967e-19
-8.7947287e-20
5.5799122e-10
-2.8397058e-19
-1.2819658e-19
5.1530186e-10
-3.0067639e-19
-1.5833077e-19
4.5984183e-10
-2.4325775e-19
-1.8790907e-19
3.9011898e-10
-1.4754419e-19
-2.1527327e-19
3.0426063e-10
-7.0638876e-20
-2.1396011e-19
1.9999475e-10
-1.315066e-19
7.4667885e-11
1.5449336e-19
-1.1084647e-19
6.8431339e-11
1.8614242e-19
-2.3820591e-19
1.8160884e-10
1.7675516e-19
-2.5813713e-19
2.7459701e-10
1.5351534e-19
-1.8611272e-19
3.5041072e-10
1.4891143e-19
-6.0223924e-20
4.1151161e-10
1.7706209e-19
7.1424622e-20
4.5984183e-10
2.1917751e-19
1.7267972e-19
4.9689356e-10
2.4270842e-19
2.2739077e-19
5.2377843e-10
2.2581365e-19
2.35214e-19
5.4128392e-10
1.6583916e-19
2.0331163e-19
5.499138e-10
7.3060276e-20
1.4161024e-19
5.499138e-10
-3.8562821e-20
6.292237e-20
5.4128392e-10
-1.5482971e-19
-1.6678883e-20
5.2377843e-10
-2.5887563e-19
-8.1334527e-20
4.9689356e-10
-3.2750669e-19
-1.2184174e-19
4.5984183e-10
-3.3462455e-19
-1.4103204e-19
4.1151161e-10
-2.7046246e-19
-1.5120295e-19
3.5041072e-10
-1.6825592e-19
-1.602157e-19
2.7459701e-10
-8.6201167e-20
-1.5527127e-19
1.8160885e-10
-9.6591827e-20
6.8431339e-11
1.3385118e-19
-2.6574822e-20
6.0338636e-11
1.9555161e-19
-1.3077744e-19
1.5787095e-10
2.4996726e-19
-1.9296053e-19
2.3656652e-10
2.7754279e-19
-1.8787209e-19
2.9987395e-10
2.8260466e-19
-1.1544498e-19
3.5041072e-10
2.8105281e-19
-4.1879418e-21
3.9011898e-10
2.7205902e-19
1.0729755e-19
4.2042142e-10
2.4121524e-19
1.8934314e-19
4.4234134e-10
1.7726482e-19
2.2818357e-19
4.5658603e-10
8.2312878e-20
2.2318559e-19
4.6360076e-10
-3.0488336e-20
1.8101749e-19
4.6360076e-10
-1.4500996e-19
1.1357235e-19
4.5658603e-10
-2.4778056e-19
3.7241099e-20
4.4234134e-10
-3.2739442e-19
-2.9743916e-20
4.2042142e-10
-3.6981665e-19
-7.3675594e-20
3.9011898e-10
-3.5715212e-19
-9.2120635e-20
3.5041072e-10
-2.8204296e-19
-9.5028065e-20
2.9987395e-10
-1.7538181e-19
-9.5477423e-20
2.3656652e-10
-9.3212987e-20
-9.2511331e-20
1.5787095e-10
-5.9718204e-20
6.0338636e-11
7.4274138e-20
3.3086688e-20
4.9849562e-11
1.4346933e-19
-3.3913104e-20
1.2742848e-10
2.5112811e-19
-1.1424706e-19
1.8838283e-10
3.4217694e-19
-1.6483531e-19
2.3656652e-10
3.8580914e-19
-1.5661553e-19
2.7459701e-10
3.8348448e-19
-9.1684821e-20
3.0426063e-10
3.418929e-19
2.7030659e-21
3.2679046e-10
2.633796e-19
9.3845971e-20
3.4303815e-10
1.5157258e-19
1.5846458e-19
3.5357678e-10
1.7238465e-20
1.8651151e-19
3.5876113e-10
-1.2134409e-19
1.7816557e-19
3.5876113e-10
-2.4450938e-19
1.4024147e-19
3.5357678e-10
-3.3786778e-19
8.518016e-20
3.4303815e-10
-3.9382275e-19
2.907472e-20
3.2679046e-10
-4.0724428e-19
-1.3130177e-20
3.0426063e-10
-3.7085693e-19
-3.4524556e-20
2.7459701e-10
-2.8369496e-19
-3.9997472e-20
2.3656652e-10
-1.751453e-19
-4.1621883e-20
1.8838283e-10
-9.5255125e-20
-4.4357504e-20
1.2742848e-10
-3.0496075e-20
4.9849562e-11
5.6862916e-21
3.8120694e-20
3.5939364e-11
5.6669733e-20
-4.6919237e-22
8.8069255e-11
1.7704431e-19
-6.58185e-20
1.2742848e-10
3.0550157e-19
-1.2312916e-19
1.5787095e-10
3.8945223e-19
-1.4255036e-19
1.8160884e-10
4.0989915e-19
-1.145654e-19
1.9999475e-10
3.6811912e-19
-5.2306274e-20
2.1390031e-10
2.7410977e-19
2.0318933e-20
2.239027e-10
1.4270521e-19
8.2107579e-20
2.3038048e-10
-7.6433456e-21
1.2072168e-19
2.3356451e-10
-1.5513083e-19
1.3217146e-19
2.3356451e-10
-2.7829827e-19
1.1857873e-19
2.3038048e-10
-3.6191858e-19
8.6844349e-20
2.239027e-10
-4.0011826e-19
4.7624232e-20
2.1390031e-10
-3.9384988e-19
1.2357303e-20
1.9999475e-10
-3.4471117e-19
-1.1693928e-20
1.8160885e-10
-2.5797754e-19
-2.474986e-20
1.5787095e-10
-1.5982589e-19
-3.2173542e-20
1.2742848e-10
-8.9852389e-20
-3.7658318e-20
8.8069255e-11
-2.8256735e-20
3.5939364e-11
-3.6370002e-20
1.6236676e-11
-2.1760402e-20
3.5939364e-11
5.0512522e-20
4.9849562e-11
1.4538829e-19
6.0338636e-11
2.227273e-19
6.8431339e-11
2.5815904e-19
7.4667885e-11
2.4436205e-19
7.937201e-11
1.8753605e-19
8.2750524e-11
1.0135e-19
8.4936587e-11
1.5232245e-21
8.6010607e-11
-9.5739025e-20
8.6010607e-11
-1.7554207e-19
8.4936587e-11
-2.2713195e-19
8.2750524e-11
-2.466817e-19
7.937201e-11
-2.370605e-19
7.4667885e-11
-2.0318419e-19
6.8431339e-11
-1.502243e-19
6.0338636e-11
-9.2778224e-20
4.9849562e-11
-5.6183933e-20
3.5939364e-11
1.6236676e-11
-8.0623667e-21
1.8696162e-20
1.6236676e-11
-2.7683152e-20
1.610548e-20
3.5939364e-11
-3.4626317e-20
1.3549861e-20
4.9849562e-11
-2.9019281e-20
1.8456703e-20
6.0338636e-11
-1.3423245e-20
3.005106e-20
6.8431339e-11
1.1219923e-20
4.3139934e-20
7.4667885e-11
3.9872497e-20
5.180161e-20
7.937201e-11
6.1827949e-20
5.3692459e-20
8.2750524e-11
6.4943365e-20
5.1207702e-20
8.4936587e-11
4.1595216e-20
4.9556147e-20
8.6010607e-11
-7.7460621e-21
5.455435e-20
8.6010607e-11
-7.2985946e-20
7.1571709e-20
8.4936587e-11
-1.3612337e-19
1.027852e-19
8.2750524e-11
-1.764794e-19
1.436161e-19
7.937201e-11
-1.7927304e-19
1.8100997e-19
7.4667885e-11
-1.4307253e-19
1.9771345e-19
6.8431339e-11
-8.25553e-20
1.8174524e-19
6.0338636e-11
-2.6205289e-20
1.3480264e-19
4.9849562e-11
-3.5808865e-22
7.0738436e-20
3.5939364e-11
2.3905541e-23
1.6236676e-11
-3.3939549e-20
2.0484217e-20
3.5939364e-11
-6.8735724e-20
2.8034958e-20
8.8069255e-11
-7.7372122e-20
3.4001758e-20
1.2742848e-10
-6.0824103e-20
4.9764658e-20
1.5787095e-10
-2.6485286e-20
7.4312867e-20
1.8160885e-10
2.1259091e-20
9.873365e-20
1.9999475e-10
7.3928431e-20
1.1400279e-19
2.1390031e-10
1.1483522e-19
1.1845439e-19
2.239027e-10
1.245891e-19
1.1751547e-19
2.3038048e-10
9.134502e-20
1.1897157e-19
2.3356451e-10
1.6637154e-20
1.2841954e-19
2.3356451e-10
-8.4703238e-20
1.490567e-19
2.3038048e-10
-1.8859652e-19
1.8208685e-19
2.239027e-10
-2.6814823e-19
2.2430514e-19
2.1390031e-10
-3.0088742e-19
2.6484198e-19
1.9999475e-10
-2.7692517e-19
2.8550281e-19
1.8160885e-10
-2.0696714e-19
2.6952724e-19
1.5787095e-10
-1.2613322e-19
2.1379261e-19
1.2742848e-10
-7.1174805e-20
1.3070699e-19
8.8069255e-11
3.0166208e-20
3.5939364e-11
-4.4323667e-20
2.6514257e-20
4.9849562e-11
-8.1000684e-20
4.8319447e-20
1.2742848e-10
-8.5573661e-20
6.6687833e-20
1.8838283e-10
-6.2635312e-20
9.5397785e-20
2.3656652e-10
-2.2820285e-20
1.3385173e-19
2.7459701e-10
2.9218234e-20
1.6999894e-19
3.0426063e-10
8.7482149e-20
1.9032529e-19
3.2679046e-10
1.3607894e-19
1.9109555e-19
3.4303815e-10
1.5340885e-19
1.8050702e-19
3.5357678e-10
1.2458617e-19
1.7161453e-19
3.5876113e-10
5.0693599e-20
1.7335374e-19
3.5876113e-10
-5.2189304e-20
1.878047e-19
3.5357678e-10
-1.6093607e-19
2.1345737e-19
3.4303815e-10
-2.5291589e-19
2.4810288e-19
3.2679046e-10
-3.1008295e-19
2.869628e-19
3.0426063e-10
-3.1956757e-19
3.1867533e-19
2.7459701e-10
-2.7902794e-19
3.2637895e-19
2.3656652e-10
-2.0756685e-19
2.9595754e-19
1.8838283e-10
-1.3277362e-19
2.2164891e-19
1.2742848e-10
9.2349517e-20
4.9849562e-11
-3.9500628e-20
3.9100054e-20
6.0338636e-11
-6.6849302e-20
7.3713685e-20
1.5787095e-10
-6.1446469e-20
9.7626809e-20
2.3656652e-10
-3.3495565e-20
1.2994607e-19
2.9987395e-10
2.3632341e-21
1.7506517e-19
3.5041072e-10
4.2897949e-20
2.2135693e-19
3.9011898e-10
8.9723236e-20
2.5021439e-19
4.2042142e-10
1.3485371e-19
2.5091215e-19
4.4234134e-10
1.5873068e-19
2.2910983e-19
4.5658603e-10
1.423129e-19
2.0226763e-19
4.6360076e-10
8.1331456e-20
1.8672011e-19
4.6360076e-10
-1.043478e-20
1.8880541e-19
4.5658603e-10
-1.1076273e-19
2.0573027e-19
4.4234134e-10
-2.0095938e-19
2.3251168e-19
4.2042142e-10
-2.7041396e-19
2.6668092e-19
3.9011898e-10
-3.0995659e-19
3.0549044e-19
3.5041072e-10
-3.0809218e-19
3.3895581e-19
2.9987395e-10
-2.6161988e-19
3.4708207e-19
2.3656652e-10
-1.7706327e-19
3.0157285e-19
1.5787095e-10
1.5799321e-19
6.0338636e-11
-3.0284898e-20
5.422522e-20
6.8431339e-11
-4.223676e-20
9.808938e-20
1.8160885e-10
-2.1573025e-20
1.1817072e-19
2.7459701e-10
1.5589918e-20
1.3978761e-19
3.5041072e-10
4.7737168e-20
1.7690741e-19
4.1151161e-10
6.9946402e-20
2.2508104e-19
4.5984183e-10
9.1894976e-20
2.6471209e-19
4.9689356e-10
1.192928e-19
2.7615877e-19
5.2377843e-10
1.4187359e-19
2.5512348e-19
5.4128392e-10
1.3895877e-19
2.1586949e-19
5.499138e-10
9.7245402e-20
1.8081836e-19
5.499138e-10
2.2231671e-20
1.6557967e-19
5.4128392e-10
-6.6731615e-20
1.7177029e-19
5.2377843e-10
-1.507422e-19
1.9224792e-19
4.9689356e-10
-2.2152749e-19
2.2146125e-19
4.5984183e-10
-2.7500673e-19
2.5992028e-19
4.1151161e-10
-2.9876613e-19
3.0662647e-19
3.5041072e-10
-2.7512229e-19
3.4492259e-19
2.7459701e-10
-1.9039797e-19
3.3321741e-19
1.8160885e-10
1.9869304e-19
6.8431339e-11
-2.541023e-20
6.5915488e-20
7.4667885e-11
-2.3818016e-20
1.1722454e-19
1.9999475e-10
1.2368854e-20
1.2939986e-19
3.0426063e-10
6.4457398e-20
1.3018924e-19
3.9011898e-10
1.0233691e-19
1.4304316e-19
4.5984183e-10
1.1260761e-19
1.76803e-19
5.1530186e-10
1.067473e-19
2.1984792e-19
5.5799122e-10
1.042278e-19
2.4884406e-19
5.8905357e-10
1.1102955e-19
2.462976e-19
6.0931608e-10
1.1352464e-19
2.1338339e-19
6.193154e-10
9.1977356e-20
1.6905123e-19
6.193154e-10
3.8725765e-20
1.3593054e-19
6.0931608e-10
-3.5912124e-20
1.25773e-19
5.8905357e-10
-1.1325999e-19
1.3608341e-19
5.5799122e-10
-1.8110363e-19
1.5873603e-19
5.1530186e-10
-2.3463104e-19
1.918325e-19
4.5984183e-10
-2.6405587e-19
2.3844099e-19
3.9011898e-10
-2.4967367e-19
2.8939735e-19
3.0426063e-10
-1.6978696e-19
3.0365696e-19
1.9999475e-10
1.9873875e-19
7.4667885e-11
-2.6394024e-20
6.7477796e-20
7.937201e-11
-1.9292815e-20
1.2505459e-19
2.1390031e-10
2.4593913e-20
1.3327098e-19
3.2679046e-10
9.1430423e-20
1.1414601e-19
4.2042142e-10
1.4601365e-19
9.4640705e-20
4.9689356e-10
1.6150481e-19
9.7189181e-20
5.5799122e-10
1.4033236e-19
1.2611388e-19
6.0517456e-10
1.0719704e-19
1.6562408e-19
6.3958723e-10
8.4935741e-20
1.9089668e-19
6.6207012e-10
7.6369845e-20
1.8577222e-19
6.7317499e-10
6.5469819e-20
1.5351192e-19
6.7317499e-10
3.4317348e-20
1.1282722e-19
6.6207012e-10
-2.0924798e-20
8.3597677e-20
6.3958723e-10
-8.8448595e-20
7.4414687e-20
6.0517456e-10
-1.5162949e-19
8.2531497e-20
5.5799122e-10
-1.9877657e-19
1.0437172e-19
4.9689356e-10
-2.1983719e-19
1.4160367e-19
4.2042142e-10
-2.0062733e-19
1.9022504e-19
3.2679046e-10
-1.2575529e-19
2.1887932e-19
2.1390031e-10
1.5672121e-19
7.937201e-11
-2.7785798e-20
5.3910931e-20
8.2750524e-11
-2.4194633e-20
1.1367097e-19
2.239027e-10
1.3058687e-20
1.2591802e-19
3.4303815e-10
8.4339392e-20
9.918629e-20
4.4234134e-10
1.5842601e-19
5.4500991e-20
5.2377843e-10
1.9677056e-19
2.0489763e-20
5.8905357e-10
1.8439885e-19
1.8188613e-20
6.3958723e-10
1.3697417e-19
4.871755e-20
6.7650936e-10
8.4807072e-20
9.289723e-20
7.0066082e-10
4.9002979e-20
1.2387874e-19
7.1259813e-10
2.8774648e-20
1.2446242e-19
7.1259813e-10
7.8777956e-21
9.6645205e-20
7.0066082e-10
-2.8610707e-20
5.7136905e-20
6.7650936e-10
-8.0838904e-20
2.4195166e-20
6.3958723e-10
-1.3449102e-19
7.5177747e-21
5.8905357e-10
-1.7157544e-19
8.9465961e-21
5.2377843e-10
-1.7804888e-19
2.9272776e-20
4.4234134e-10
-1.4620811e-19
6.5943849e-20
3.4303815e-10
-7.5203141e-20
9.945826e-20
2.239027e-10
8.4947705e-20
8.2750524e-11
-2.154129e-20
2.5312531e-20
8.4936587e-11
-2.6450523e-20
7.8354674e-20
2.3038048e-10
-1.0014444e-20
1.0012107e-19
3.5357678e-10
4.8559843e-20
8.2039095e-20
4.5658603e-10
1.3218311e-19
3.177522e-20
5.4128392e-10
1.9970745e-19
-2.6436514e-20
6.0931608e-10
2.1854683e-19
-6.3426135e-20
6.6207012e-10
1.8437802e-19
-6.0565948e-20
7.0066082e-10
1.1904737e-19
-2.0773533e-20
7.2592437e-10
5.2516307e-20
3.2934337e-20
7.3841724e-10
2.9265388e-21
7.0844625e-20
7.3841724e-10
-3.0906599e-20
7.4122407e-20
7.2592437e-10
-6.2001115e-20
4.3990575e-20
7.0066082e-10
-9.920603e-20
-2.481915e-21
6.6207012e-10
-1.3691504e-19
-4.5172082e-20
6.0931608e-10
-1.581212e-19
-7.0917942e-20
5.4128392e-10
-1.4701539e-19
-7.4401507e-20
4.5658603e-10
-1.0094501e-19
-5.6113783e-20
3.5357678e-10
-3.3318183e-20
-2.4576818e-20
2.3038048e-10
4.5440754e-21
8.4936587e-11
-2.9134726e-21
-1.2758642e-20
8.6010607e-11
-1.5372013e-20
2.216632e-20
2.3356451e-10
-2.69364e-20
5.2821971e-20
3.5876113e-10
3.7767185e-21
5.4811778e-20
4.6360076e-10
7.9336407e-20
2.0296674e-20
5.499138e-10
1.6644091e-19
-3.8385266e-20
6.193154e-10
2.2379751e-19
-9.5598202e-20
6.7317499e-10
2.2602821e-19
-1.2466374e-19
7.1259813e-10
1.7445342e-19
-1.1144165e-19
7.3841724e-10
9.1749664e-20
-6.3175691e-20
7.5118791e-10
6.6268579e-21
-5.8570086e-21
7.5118791e-10
-6.1838631e-20
3.0069251e-20
7.3841724e-10
-1.1036736e-19
2.6986926e-20
7.1259813e-10
-1.4452303e-19
-1.1480354e-20
6.7317499e-10
-1.6581311e-19
-6.5764733e-20
6.193154e-10
-1.6572615e-19
-1.1425586e-19
5.499138e-10
-1.339062e-19
-1.4303653e-19
4.6360076e-10
-7.3953052e-20
-1.466173e-19
3.5876113e-10
-9.3205197e-21
-1.2281123e-19
2.3356451e-10
-6.2715855e-20
8.6010607e-11
2.6899326e-20
-5.164811e-20
8.6010607e-11
1.2137615e-20
-4.4003617e-20
2.3356451e-10
-2.5207496e-20
-9.7178036e-21
3.5876113e-10
-2.8143045e-20
1.5035378e-20
4.6360076e-10
2.4144199e-20
9.5482064e-21
5.499138e-10
1.1193641e-19
-2.7349437e-20
6.193154e-10
1.9628084e-19
-8.1147951e-20
6.7317499e-10
2.4008737e-19
-1.2937877e-19
7.1259813e-10
2.2316695e-19
-1.5016432e-19
7.3841724e-10
1.4907432e-19
-1.3317437e-19
7.5118791e-10
4.1793321e-20
-8.7357738e-20
7.5118791e-10
-6.6737778e-20
-3.8008998e-20
7.3841724e-10
-1.5166615e-19
-1.2418546e-20
7.1259813e-10
-2.0206971e-19
-2.3875628e-20
6.7317499e-10
-2.1714598e-19
-6.5722355e-20
6.193154e-10
-1.9701997e-19
-1.1864804e-19
5.499138e-10
-1.4329745e-19
-1.6348794e-19
4.6360076e-10
-6.9462186e-20
-1.8644051e-19
3.5876113e-10
-5.5705159e-21
-1.743967e-19
2.3356451e-10
-1.0175807e-19
8.6010607e-11
6.2569913e-20
-8.2493496e-20
8.4936587e-11
5.1876586e-20
-1.0625652e-19
2.3038048e-10
-2.1936754e-21
-7.5086201e-20
3.5357678e-10
-3.4173784e-20
-3.122886e-20
4.5658603e-10
-1.1089222e-20
-5.0345263e-21
5.4128392e-10
6.0085379e-20
-8.6228476e-21
6.0931608e-10
1.4910255e-19
-3.9573451e-20
6.6207012e-10
2.1941978e-19
-8.6458172e-20
7.0066082e-10
2.3965517e-19
-1.3133957e-19
7.2592437e-10
1.9389537e-19
-1.5486609e-19
7.3841724e-10
8.9509635e-20
-1.4674141e-19
7.3841724e-10
-4.3604598e-20
-1.1371948e-19
7.2592437e-10
-1.6627962e-19
-7.6900472e-20
7.0066082e-10
-2.4713761e-19
-5.8616113e-20
6.6207012e-10
-2.7217435e-19
-6.9041626e-20
6.0931608e-10
-2.4294554e-19
-1.0252586e-19
5.4128392e-10
-1.7210371e-19
-1.4409627e-19
4.5658603e-10
-8.5434388e-20
-1.7560329e-19
3.5357678e-10
-1.8586305e-20
-1.7509799e-19
2.3038048e-10
-1.0819512e-19
8.4936587e-11
9.6721875e-20
-9.7388431e-20
8.2750524e-11
9.6216769e-20
-1.5152885e-19
2.239027e-10
3.7998946e-20
-1.3105319e-19
3.4303815e-10
-1.2261313e-20
-7.612797e-20
4.4234134e-10
-1.543844e-20
-2.282662e-20
5.2377843e-10
2.9943446e-20
7.3467647e-21
5.8905357e-10
1.0252145e-19
7.4954966e-21
6.3958723e-10
1.7381642e-19
-2.1555145e-20
6.7650936e-10
2.1466798e-19
-7.1591475e-20
7.0066082e-10
2.0002526e-19
-1.2550831e-19
7.1259813e-10
1.200007e-19
-1.6218292e-19
7.1259813e-10
-9.8870372e-21
-1.6802256e-19
7.0066082e-10
-1.5133497e-19
-1.4600692e-19
6.7650936e-10
-2.6022141e-19
-1.1361709e-19
6.3958723e-10
-3.0628061e-19
-9.1022326e-20
5.8905357e-10
-2.8313498e-19
-8.9807854e-20
5.2377843e-10
-2.0687815e-19
-1.0822825e-19
4.4234134e-10
-1.1238912e-19
-1.3249344e-19
3.4303815e-10
-4.0244354e-20
-1.3798616e-19
2.239027e-10
-8.866809e-20
8.2750524e-11
1.2047672e-19
-9.0339954e-20
7.937201e-11
1.3529056e-19
-1.6886658e-19
2.1390031e-10
8.7872301e-20
-1.6822729e-19
3.2679046e-10
3.3583747e-20
-1.1536596e-19
4.2042142e-10
1.1479697e-20
-4.5884466e-20
4.9689356e-10
2.9319412e-20
1.1305166e-20
5.5799122e-10
7.2500789e-20
4.1322443e-20
6.0517456e-10
1.2162498e-19
3.8032285e-20
6.3958723e-10
1.5763923e-19
9.347201e-22
6.6207012e-10
1.5965369e-19
-6.1109654e-20
6.7317499e-10
1.0987099e-19
-1.2786794e-19
6.7317499e-10
7.3695235e-21
-1.7456694e-19
6.6207012e-10
-1.2356604e-19
-1.8532618e-19
6.3958723e-10
-2.406658e-19
-1.6224694e-19
6.0517456e-10
-3.0458495e-19
-1.2320535e-19
5.5799122e-10
-2.972246e-19
-9.0219699e-20
4.9689356e-10
-2.2890523e-19
-7.6978201e-20
4.2042142e-10
-1.3566452e-19
-8.1669698e-20
3.2679046e-10
-6.0144421e-20
-8.5503625e-20
2.1390031e-10
-5.6789795e-20
7.937201e-11
1.2375763e-19
-6.0219812e-20
7.4667885e-11
1.5641432e-19
-1.5048795e-19
1.9999475e-10
1.3609638e-19
-1.7805812e-19
3.0426063e-10
9.5120727e-20
-1.4621854e-19
3.9011898e-10
6.4918792e-20
-7.961347e-20
4.5984183e-10
5.8230924e-20
-9.1065405e-21
5.1530186e-10
6.7473089e-20
4.3698929e-20
5.5799122e-10
8.0734621e-20
6.7317479e-20
5.8905357e-10
9.0031743e-20
5.6114739e-20
6.0931608e-10
8.6144037e-20
1.0418993e-20
6.193154e-10
5.5393064e-20
-5.800784e-20
6.193154e-10
-1.2047146e-20
-1.2584701e-19
6.0931608e-10
-1.0909292e-19
-1.6761959e-19
5.8905357e-10
-2.0801388e-19
-1.6957309e-19
5.5799122e-10
-2.7285709e-19
-1.3734915e-19
5.1530186e-10
-2.7859906e-19
-9.1595701e-20
4.5984183e-10
-2.255665e-19
-5.4970895e-20
3.9011898e-10
-1.4283236e-19
-3.8955543e-20
3.0426063e-10
-6.9965703e-20
-3.6827547e-20
1.9999475e-10
-2.5922423e-20
7.4667885e-11
9.9202066e-20
-1.4580608e-20
6.8431339e-11
1.4592835e-19
-9.6913838e-20
1.8160885e-10
1.652887e-19
-1.5281512e-19
2.7459701e-10
1.5688939e-19
-1.600771e-19
3.5041072e-10
1.3467e-19
-1.2188221e-19
4.1151161e-10
1.1256379e-19
-6.0055379e-20
4.5984183e-10
9.0990353e-20
1.9690942e-21
4.9689356e-10
6.5649544e-20
4.8330188e-20
5.2377843e-10
3.6761075e-20
6.9129683e-20
5.4128392e-10
7.3393341e-21
5.830772e-20
5.499138e-10
-2.5111485e-20
1.6966848e-20
5.499138e-10
-6.8441666e-20
-4.1627101e-20
5.4128392e-10
-1.2645444e-19
-9.4511298e-20
5.2377843e-10
-1.8918231e-19
-1.198641e-19
4.9689356e-10
-2.3444985e-19
-1.0952537e-19
4.5984183e-10
-2.39997e-19
-7.3327477e-20
4.1151161e-10
-1.9931509e-19
-3.2427441e-20
3.5041072e-10
-1.3139085e-19
-6.2484416e-21
2.7459701e-10
-6.7847425e-20
-3.5262855e-22
1.8160885e-10
-3.1683309e-21
6.8431339e-11
4.9279926e-20
2.9263093e-20
6.0338636e-11
9.8246991e-20
-2.4609471e-20
1.5787095e-10
1.5690962e-19
-9.5433651e-20
2.3656652e-10
1.9425825e-19
-1.4521785e-19
2.9987395e-10
1.9963212e-19
-1.5414979e-19
3.5041072e-10
1.7968574e-19
-1.2476345e-19
3.9011898e-10
1.4025948e-19
-7.2782307e-20
4.2042142e-10
8.4226564e-20
-1.5320741e-20
4.4234134e-10
1.8220002e-20
3.3655835e-20
4.5658603e-10
-4.6212441e-20
6.2624063e-20
4.6360076e-10
-9.9425724e-20
6.3730917e-20
4.6360076e-10
-1.4001786e-19
3.7907353e-20
4.5658603e-10
-1.7242965e-19
-1.890687e-21
4.4234134e-10
-1.986778e-19
-3.5508905e-20
4.2042142e-10
-2.1276911e-19
-4.6571801e-20
3.9011898e-10
-2.0363037e-19
-3.2209897e-20
3.5041072e-10
-1.6565036e-19
-4.3626901e-21
2.9987395e-10
-1.1010361e-19
1.8101523e-20
2.3656652e-10
-5.868352e-20
2.2064509e-20
1.5787095e-10
9.9950463e-21
6.0338636e-11
-9.1947944e-21
5.0204546e-20
4.9849562e-11
2.6004958e-20
3.2174392e-20
1.2742848e-10
1.0538102e-19
-3.2206213e-20
1.8838283e-10
1.8333811e-19
-1.0515085e-19
2.3656652e-10
2.279788e-19
-1.5424812e-19
2.7459701e-10
2.3113408e-19
-1.6361841e-19
3.0426063e-10
1.9565047e-19
-1.3572837e-19
3.2679046e-10
1.2794294e-19
-8.3386923e-20
3.4303815e-10
3.8792342e-20
-2.2030493e-20
3.5357678e-10
-5.522558e-20
3.3110396e-20
3.5876113e-10
-1.3604711e-19
6.8739649e-20
3.5876113e-10
-1.9128899e-19
7.7170272e-20
3.5357678e-10
-2.1881993e-19
6.1064467e-20
3.4303815e-10
-2.2321047e-19
3.3677347e-20
3.2679046e-10
-2.0995227e-19
1.1859944e-20
3.0426063e-10
-1.8105799e-19
6.3333965e-21
2.7459701e-10
-1.3818999e-19
1.5318524e-20
2.3656652e-10
-9.0100547e-20
2.617961e-20
1.8838283e-10
-4.9055525e-20
2.5448087e-20
1.2742848e-10
1.1704063e-20
4.9849562e-11
-4.9823674e-20
3.8047988e-20
3.5939364e-11
-3.9409057e-20
4.0424812e-20
8.8069255e-11
2.9530661e-20
-2.0816904e-21
1.2742848e-10
1.1942331e-19
-6.2203744e-20
1.5787095e-10
1.9212763e-19
-1.128552e-19
1.8160885e-10
2.2610532e-19
-1.3534599e-19
1.9999475e-10
2.1459964e-19
-1.2517645e-19
2.1390031e-10
1.6093407e-19
-8.9086461e-20
2.239027e-10
7.5451732e-20
-3.9184294e-20
2.3038048e-10
-2.4629123e-20
1.1435009e-20
2.3356451e-10
-1.1851125e-19
5.0452251e-20
2.3356451e-10
-1.8735711e-19
6.9206711e-20
2.3038048e-10
-2.2125276e-19
6.5965062e-20
2.239027e-10
-2.2126804e-19
4.7521887e-20
2.1390031e-10
-1.962961e-19
2.5934859e-20
1.9999475e-10
-1.5696822e-19
1.1742888e-20
1.8160885e-10
-1.1252435e-19
8.0897148e-21
1.5787095e-10
-7.2085647e-20
9.5816858e-21
1.2742848e-10
-4.0861078e-20
6.9839336e-21
8.8069255e-11
8.0287906e-23
3.5939364e-11
-4.4722197e-20
1.6236676e-11
-5.7160376e-20
3.5939364e-11
-2.9786202e-20
4.9849562e-11
2.4464074e-20
6.0338636e-11
8.2632223e-20
6.8431339e-11
1.2453839e-19
7.4667885e-11
1.3820849e-19
7.937201e-11
1.2072075e-19
8.2750524e-11
7.6495678e-20
8.4936587e-11
1.5434189e-20
8.6010607e-11
-4.8600403e-20
8.6010607e-11
-1.008052e-19
8.4936587e-11
-1.3028363e-19
8.2750524e-11
-1.3393381e-19
7.937201e-11
-1.1705389e-19
7.4667885e-11
-8.949255e-20
6.8431339e-11
-6.1087046e-20
6.0338636e-11
-3.9218936e-20
4.9849562e-11
-2.5484571e-20
3.5939364e-11
1.6236676e-11
-3.2956909e-20
-1.1362e-20
1.6236676e-11
-6.1456716e-20
-1.6813554e-20
3.5939364e-11
-8.4316946e-20
-7.571118e-21
4.9849562e-11
-9.0251959e-20
9.6803927e-21
6.0338636e-11
-7.9562923e-20
3.0598082e-20
6.8431339e-11
-5.603081e-20
5.1331443e-20
7.4667885e-11
-2.3605837e-20
6.7343025e-20
7.937201e-11
1.0480438e-20
7.5551079e-20
8.2750524e-11
3.5624689e-20
7.6686175e-20
8.4936587e-11
4.2287034e-20
7.5157031e-20
8.6010607e-11
2.6950564e-20
7.6866739e-20
8.6010607e-11
-5.0894051e-21
8.6317811e-20
8.4936587e-11
-4.1467581e-20
1.0386658e-19
8.2750524e-11
-6.8337147e-20
1.2438484e-19
7.937201e-11
-7.7149839e-20
1.3879721e-19
7.4667885e-11
-6.8486351e-20
1.3862296e-19
6.8431339e-11
-5.0110965e-20
1.2103774e-19
6.0338636e-11
-3.0260559e-20
9.0265309e-20
4.9849562e-11
-1.3517399e-20
5.3452209e-20
3.5939364e-11
1.1958688e-20
1.6236676e-11
-5.7493445e-20
-2.7506686e-20
3.5939364e-11
-1.0837303e-19
-3.5596347e-20
8.8069255e-11
-1.4906389e-19
-1.8037693e-20
1.2742848e-10
-1.6068472e-19
1.6467002e-20
1.5787095e-10
-1.4223115e-19
6.043197e-20
1.8160885e-10
-1.0112859e-19
1.0530323e-19
1.9999475e-10
-4.5226327e-20
1.4152844e-19
2.1390031e-10
1.3810586e-20
1.6351799e-19
2.239027e-10
5.9260253e-20
1.7290969e-19
2.3038048e-10
7.5521253e-20
1.7672329e-19
2.3356451e-10
5.5482028e-20
1.8250782e-19
2.3356451e-10
4.8564489e-21
1.9475423e-19
2.3038048e-10
-5.9605299e-20
2.1328902e-19
2.239027e-10
-1.1651656e-19
2.3269438e-19
2.1390031e-10
-1.4885832e-19
2.4325179e-19
1.9999475e-10
-1.5100166e-19
2.3492039e-19
1.8160884e-10
-1.2957212e-19
2.0348346e-19
1.5787095e-10
-9.5609527e-20
1.5411923e-19
1.2742848e-10
-5.5401359e-20
9.5949542e-20
8.8069255e-11
3.0070182e-20
3.5939364e-11
-5.460055e-20
-4.3317124e-20
4.9849562e-11
-1.0744017e-19
-5.7156742e-20
1.2742848e-10
-1.4805836e-19
-3.2453455e-20
1.8838283e-10
-1.5750791e-19
2.0896439e-20
2.3656652e-10
-1.3670597e-19
9.226784e-20
2.7459701e-10
-9.4928518e-20
1.6731299e-19
3.0426063e-10
-3.896978e-20
2.2944441e-19
3.2679046e-10
2.1649257e-20
2.6730041e-19
3.4303815e-10
7.0623762e-20
2.8113771e-19
3.5357678e-10
9.0339139e-20
2.8101846e-19
3.5876113e-10
7.1220835e-20
2.7854063e-19
3.5876113e-10
1.7086642e-20
2.8016367e-19
3.5357678e-10
-5.6747818e-20
2.8625197e-19
3.4303815e-10
-1.2957538e-19
2.9297346e-19
3.2679046e-10
-1.8233339e-19
2.9377062e-19
3.0426063e-10
-2.0341389e-19
2.8060507e-19
2.7459701e-10
-1.9153939e-19
2.4826038e-19
2.3656652e-10
-1.5271132e-19
1.9844698e-19
1.8838283e-10
-9.1539653e-20
1.3583546e-19
1.2742848e-10
5.362684e-20
4.9849562e-11
-3.8570606e-20
-4.2307339e-20
6.0338636e-11
-7.8935429e-20
-5.8533356e-20
1.5787095e-10
-1.0319456e-19
-3.2429856e-20
2.3656652e-10
-9.9918105e-20
2.9193771e-20
2.9987395e-10
-7.6824936e-20
1.1703542e-19
3.5041072e-10
-4.5382607e-20
2.1552494e-19
3.9011898e-10
-7.7074828e-21
3.0236036e-19
4.2042142e-10
3.5578242e-20
3.5695383e-19
4.4234134e-10
7.4752934e-20
3.7277061e-19
4.5658603e-10
9.2522133e-20
3.6038053e-19
4.6360076e-10
7.5265279e-20
3.3774785e-19
4.6360076e-10
2.2619117e-20
3.1824425e-19
4.5658603e-10
-5.2992985e-20
3.0543564e-19
4.4234134e-10
-1.333357e-19
2.9650438e-19
4.2042142e-10
-2.0060037e-19
2.8713697e-19
3.9011898e-10
-2.3970634e-19
2.7320055e-19
3.5041072e-10
-2.4043892e-19
2.505432e-19
2.9987395e-10
-1.9991462e-19
2.1601309e-19
2.3656652e-10
-1.207049e-19
1.6441123e-19
1.5787095e-10
7.6968187e-20
6.0338636e-11
-2.2987609e-20
-2.6706832e-20
6.8431339e-11
-4.3515225e-20
-3.620868e-20
1.8160885e-10
-4.0407022e-20
-1.2479192e-20
2.7459701e-10
-1.3863705e-20
4.2905692e-20
3.5041072e-10
1.7721997e-20
1.2709516e-19
4.1151161e-10
3.6627881e-20
2.3156418e-19
4.5984183e-10
4.4052435e-20
3.3537242e-19
4.9689356e-10
5.2611979e-20
4.0965193e-19
5.2377843e-10
6.7022507e-20
4.3468935e-19
5.4128392e-10
7.5699838e-20
4.1296871e-19
5.499138e-10
6.0687114e-20
3.656462e-19
5.499138e-10
1.3354707e-20
3.1672253e-19
5.4128392e-10
-5.9379231e-20
2.7908991e-19
5.2377843e-10
-1.4101726e-19
2.5333798e-19
4.9689356e-10
-2.1394946e-19
2.3524184e-19
4.5984183e-10
-2.6186999e-19
2.2204437e-19
4.1151161e-10
-2.6932853e-19
2.1172196e-19
3.5041072e-10
-2.2661092e-19
1.9856448e-19
2.7459701e-10
-1.3493633e-19
1.6805283e-19
1.8160884e-10
9.0227618e-20
6.8431339e-11
-1.2856236e-20
-7.993631e-21
7.4667885e-11
-1.3643591e-20
-1.1828373e-21
1.9999475e-10
1.8238358e-20
2.1625866e-20
3.0426063e-10
7.3804883e-20
6.0725694e-20
3.9011898e-10
1.2415653e-19
1.2041922e-19
4.5984183e-10
1.3972587e-19
2.0565675e-19
5.1530186e-10
1.1677929e-19
3.0797996e-19
5.5799122e-10
7.8145829e-20
3.9948493e-19
5.8905357e-10
4.906888e-20
4.472354e-19
6.0931608e-10
3.4333233e-20
4.3555277e-19
6.193154e-10
1.78592e-20
3.7659964e-19
6.193154e-10
-1.9346049e-20
2.9991846e-19
6.0931608e-10
-8.1608035e-20
2.3228177e-19
5.8905357e-10
-1.5697384e-19
1.8489557e-19
5.5799122e-10
-2.2652935e-19
1.561882e-19
5.1530186e-10
-2.7165765e-19
1.4218888e-19
4.5984183e-10
-2.7525462e-19
1.405518e-19
3.9011898e-10
-2.2666486e-19
1.4520299e-19
3.0426063e-10
-1.2922476e-19
1.377e-19
1.9999475e-10
8.3767219e-20
7.4667885e-11
-4.5269312e-21
5.1608404e-21
7.937201e-11
8.3726312e-21
3.3996268e-20
2.1390031e-10
5.9270306e-20
6.2281759e-20
3.2679046e-10
1.3915435e-19
8.510315e-20
4.2042142e-10
2.1549416e-19
1.0824645e-19
4.9689356e-10
2.4532386e-19
1.492925e-19
5.5799122e-10
2.0869096e-19
2.2031873e-19
6.0517456e-10
1.2581852e-19
3.0956733e-19
6.3958723e-10
3.9129408e-20
3.8260291e-19
6.6207012e-10
-2.0745621e-20
4.0444985e-19
6.7317499e-10
-5.4138436e-20
3.6423952e-19
6.7317499e-10
-8.3029665e-20
2.8132862e-19
6.6207012e-10
-1.2652976e-19
1.9003597e-19
6.3958723e-10
-1.84728e-19
1.1720086e-19
6.0517456e-10
-2.4088829e-19
7.2140054e-20
5.5799122e-10
-2.730656e-19
5.249029e-20
4.9689356e-10
-2.6292777e-19
5.3289742e-20
4.2042142e-10
-2.0370211e-19
6.737694e-20
3.2679046e-10
-1.0621147e-19
7.769418e-20
2.1390031e-10
5.5712352e-20
7.937201e-11
9.3340424e-21
9.3293023e-21
8.2750524e-11
2.8593589e-20
5.9540636e-20
2.239027e-10
8.076209e-20
1.003369e-19
3.4303815e-10
1.6720876e-19
1.1663892e-19
4.4234134e-10
2.6426418e-19
1.0763426e-19
5.2377843e-10
3.2279207e-19
9.4186084e-20
5.8905357e-10
3.0117888e-19
1.0642554e-19
6.3958723e-10
1.9972836e-19
1.5902093e-19
6.7650936e-10
6.1521647e-20
2.352101e-19
7.0066082e-10
-5.948985e-20
2.9490954e-19
7.1259813e-10
-1.3486269e-19
3.0203523e-19
7.1259813e-10
-1.7255057e-19
2.4923042e-19
7.0066082e-10
-1.9881496e-19
1.6042589e-19
6.7650936e-10
-2.3043783e-19
7.1460248e-20
6.3958723e-10
-2.61694e-19
7.7900548e-21
5.8905357e-10
-2.7188021e-19
-2.3473286e-20
5.2377843e-10
-2.4152485e-19
-2.714917e-20
4.4234134e-10
-1.6890246e-19
-1.2581006e-20
3.4303815e-10
-7.5211501e-20
6.6623834e-21
2.239027e-10
1.4758241e-20
8.2750524e-11
3.4767387e-20
6.1460015e-21
8.4936587e-11
5.6403857e-20
6.9240592e-20
2.3038048e-10
9.2346648e-20
1.2386194e-19
3.5357678e-10
1.6034092e-19
1.4576341e-19
4.5658603e-10
2.5714332e-19
1.2326968e-19
5.4128392e-10
3.4210252e-19
6.8630812e-20
6.0931608e-10
3.5897385e-19
1.6220054e-20
6.6207012e-10
2.7846895e-19
3.1784473e-21
7.0066082e-10
1.2202555e-19
4.3193125e-20
7.2592437e-10
-5.1964595e-20
1.1381308e-19
7.3841724e-10
-1.8720646e-19
1.699882e-19
7.3841724e-10
-2.6142082e-19
1.754901e-19
7.2592437e-10
-2.8906442e-19
1.2636746e-19
7.0066082e-10
-2.9648102e-19
4.9149142e-20
6.6207012e-10
-2.9523383e-19
-2.136957e-20
6.0931608e-10
-2.7558816e-19
-6.3993653e-20
5.4128392e-10
-2.2152587e-19
-7.6671777e-20
4.5658603e-10
-1.3563025e-19
-6.8494103e-20
3.5357678e-10
-4.7935806e-20
-4.9754631e-20
2.3038048e-10
-2.2978006e-20
8.4936587e-11
7.1392146e-20
1.0293721e-21
8.6010607e-11
9.6588789e-20
6.2902209e-20
2.3356451e-10
1.0762874e-19
1.2333905e-19
3.5876113e-10
1.3712923e-19
1.557221e-19
4.6360076e-10
2.058384e-19
1.4040657e-19
5.499138e-10
2.9496432e-19
7.4554577e-20
6.193154e-10
3.5094692e-19
-1.9552313e-20
6.7317499e-10
3.2182708e-19
-9.9676113e-20
7.1259813e-10
1.9407592e-19
-1.261747e-19
7.3841724e-10
4.5775785e-21
-8.8956907e-20
7.5118791e-10
-1.8168478e-19
-1.6315234e-20
7.5118791e-10
-3.1107942e-19
4.4318879e-20
7.3841724e-10
-3.6815287e-19
5.9226699e-20
7.1259813e-10
-3.7035301e-19
2.8342654e-20
6.7317499e-10
-3.4147644e-19
-2.1833703e-20
6.193154e-10
-2.8988543e-19
-6.2446366e-20
5.499138e-10
-2.1151345e-19
-8.1008399e-20
4.6360076e-10
-1.1443997e-19
-8.1367093e-20
3.5876113e-10
-3.3040551e-20
-7.0245563e-20
2.3356451e-10
-4.1883563e-20
8.6010607e-11
1.1097418e-19
8.8528851e-22
8.6010607e-11
1.4377523e-19
4.7146239e-20
2.3356451e-10
1.3324443e-19
9.8307915e-20
3.5876113e-10
1.1958618e-19
1.3487933e-19
4.6360076e-10
1.4078863e-19
1.3659454e-19
5.499138e-10
2.0353017e-19
8.8070013e-20
6.193154e-10
2.7413354e-19
-8.6997795e-21
6.7317499e-10
2.9789854e-19
-1.2570859e-19
7.1259813e-10
2.3244331e-19
-2.1700401e-19
7.3841724e-10
7.7309927e-20
-2.4424812e-19
7.5118791e-10
-1.2118067e-19
-2.0225682e-19
7.5118791e-10
-2.9635392e-19
-1.2284871e-19
7.3841724e-10
-4.00053e-19
-5.1836373e-20
7.1259813e-10
-4.2324178e-19
-1.787435e-20
6.7317499e-10
-3.8598273e-19
-1.8871598e-20
6.193154e-10
-3.1175706e-19
-3.3766527e-20
5.499138e-10
-2.1392002e-19
-4.485676e-20
4.6360076e-10
-1.092916e-19
-4.8664799e-20
3.5876113e-10
-3.2739506e-20
-4.7660962e-20
2.3356451e-10
-3.4299706e-20
8.6010607e-11
1.402207e-19
1.0646266e-20
8.4936587e-11
1.8356215e-19
3.207121e-20
2.3038048e-10
1.6366974e-19
5.8421792e-20
3.5357678e-10
1.1873318e-19
8.5636303e-20
4.5658603e-10
9.1810714e-20
1.0005389e-19
5.4128392e-10
1.0758834e-19
8.1313802e-20
6.0931608e-10
1.5853215e-19
1.4395249e-20
6.6207012e-10
2.0766937e-19
-9.5759981e-20
7.0066082e-10
2.0510503e-19
-2.177107e-19
7.2592437e-10
1.1814108e-19
-3.0500453e-19
7.3841724e-10
-4.2988058e-20
-3.2289384e-19
7.3841724e-10
-2.2573625e-19
-2.7070966e-19
7.2592437e-10
-3.660394e-19
-1.8071231e-19
7.0066082e-10
-4.2497249e-19
-9.4223072e-20
6.6207012e-10
-4.0321271e-19
-3.5382837e-20
6.0931608e-10
-3.2616421e-19
-4.2775009e-21
5.4128392e-10
-2.2137251e-19
1.0122403e-20
4.5658603e-10
-1.155864e-19
1.4044732e-20
3.5357678e-10
-4.2374142e-20
7.951716e-21
2.3038048e-10
-3.9256816e-21
8.4936587e-11
1.4634979e-19
3.0908861e-20
8.2750524e-11
1.9959115e-19
2.7220817e-20
2.239027e-10
1.8525522e-19
1.8929746e-20
3.4303815e-10
1.3050356e-19
2.3108509e-20
4.4234134e-10
7.2160787e-20
3.7109032e-20
5.2377843e-10
4.064159e-20
4.2572453e-20
5.8905357e-10
4.8631026e-20
1.6733579e-20
6.3958723e-10
8.5526835e-20
-5.3968056e-20
6.7650936e-10
1.1639942e-19
-1.6134324e-19
7.0066082e-10
9.7386067e-20
-2.721552e-19
7.1259813e-10
5.8707247e-21
-3.421747e-19
7.1259813e-10
-1.3798153e-19
-3.4194042e-19
7.0066082e-10
-2.7989623e-19
-2.7485033e-19
6.7650936e-10
-3.6539631e-19
-1.7197581e-19
6.3958723e-10
-3.7183766e-19
-7.0106503e-20
5.8905357e-10
-3.1271011e-19
8.8139208e-21
5.2377843e-10
-2.1865666e-19
5.9312448e-20
4.4234134e-10
-1.2172356e-19
8.1776567e-20
3.4303815e-10
-5.283673e-20
7.4958034e-20
2.239027e-10
3.6501404e-20
8.2750524e-11
1.2258851e-19
5.7069441e-20
7.937201e-11
1.8061692e-19
3.7230664e-20
2.1390031e-10
1.8419258e-19
-5.4901761e-21
3.2679046e-10
1.4190174e-19
-3.2807116e-20
4.2042142e-10
7.6524669e-20
-3.3872475e-20
4.9689356e-10
1.4438861e-20
-2.0555583e-20
5.5799122e-10
-2.2377283e-20
-1.4635251e-20
6.0517456e-10
-2.2744001e-20
-3.7332863e-20
6.3958723e-10
3.3993956e-21
-9.8855866e-20
6.6207012e-10
2.3293645e-20
-1.883211e-19
6.7317499e-10
5.360174e-22
-2.7302183e-19
6.7317499e-10
-7.6186309e-20
-3.1395893e-19
6.6207012e-10
-1.8008219e-19
-2.8922401e-19
6.3958723e-10
-2.6361097e-19
-2.0665266e-19
6.0517456e-10
-2.9120696e-19
-9.6047062e-20
5.5799122e-10
-2.599264e-19
1.0270954e-20
4.9689356e-10
-1.9171763e-19
9.0897009e-20
4.2042142e-10
-1.1513376e-19
1.3406718e-19
3.2679046e-10
-5.54049e-20
1.3129029e-19
2.1390031e-10
7.2388649e-20
7.937201e-11
7.1392453e-20
8.0608274e-20
7.4667885e-11
1.255107e-19
6.0253467e-20
1.9999475e-10
1.5234115e-19
-5.7496311e-21
3.0426063e-10
1.387311e-19
-6.4780493e-20
3.9011898e-10
8.9006417e-20
-9.2598525e-20
4.5984183e-10
2.0144683e-20
-9.0527993e-20
5.1530186e-10
-4.5473091e-20
-7.3421421e-20
5.5799122e-10
-8.5364488e-20
-6.0505439e-20
5.8905357e-10
-8.8350206e-20
-6.9702204e-20
6.0931608e-10
-6.5649221e-20
-1.0865838e-19
6.193154e-10
-4.6993502e-20
-1.659959e-19
6.193154e-10
-5.9351829e-20
-2.1297252e-19
6.0931608e-10
-1.0426219e-19
-2.1943668e-19
5.8905357e-10
-1.5638163e-19
-1.726639e-19
5.5799122e-10
-1.8440067e-19
-8.4341353e-20
5.1530186e-10
-1.7535388e-19
1.8598866e-20
4.5984183e-10
-1.382938e-19
1.0840667e-19
3.9011898e-10
-9.0258984e-20
1.6282527e-19
3.0426063e-10
-4.6153766e-20
1.6393676e-19
1.9999475e-10
9.3819333e-20
7.4667885e-11
4.9219261e-21
9.1690855e-20
6.8431339e-11
4.4117149e-20
8.7398072e-20
1.8160885e-10
8.9250209e-20
1.8152041e-20
2.7459701e-10
1.0968979e-19
-6.2834202e-20
3.5041072e-10
9.0951464e-20
-1.2222667e-19
4.1151161e-10
3.7739175e-20
-1.4755949e-19
4.5984183e-10
-3.242568e-20
-1.4147317e-19
4.9689356e-10
-9.5297208e-20
-1.1528861e-19
5.2377843e-10
-1.2900459e-19
-8.5932918e-20
5.4128392e-10
-1.2607487e-19
-7.0583775e-20
5.499138e-10
-9.9325118e-20
-7.6877256e-20
5.499138e-10
-7.3502274e-20
-9.5912705e-20
5.4128392e-10
-6.5818439e-20
-1.0591291e-19
5.2377843e-10
-7.4310243e-20
-8.680238e-20
4.9689356e-10
-8.3564477e-20
-3.3382269e-20
4.5984183e-10
-8.2267191e-20
4.2103436e-20
4.1151161e-10
-7.0689725e-20
1.1740687e-19
3.5041072e-10
-5.220536e-20
1.6761539e-19
2.7459701e-10
-2.789357e-20
1.6866069e-19
1.8160885e-10
9.7427116e-20
6.8431339e-11
-5.7606744e-20
8.3899801e-20
6.0338636e-11
-4.3425958e-20
1.0512209e-19
1.5787095e-10
3.9901315e-21
5.3641204e-20
2.3656652e-10
4.9309884e-20
-3.0596736e-20
2.9987395e-10
6.5760527e-20
-1.1411789e-19
3.5041072e-10
4.4829195e-20
-1.7202586e-19
3.9011898e-10
-5.2991946e-21
-1.9196671e-19
4.2042142e-10
-6.5664708e-20
-1.7374123e-19
4.4234134e-10
-1.1377246e-19
-1.286245e-19
4.5658603e-10
-1.3268418e-19
-7.5848647e-20
4.6360076e-10
-1.1953727e-19
-3.4512335e-20
4.6360076e-10
-8.6491854e-20
-1.335754e-20
4.5658603e-10
-5.1424249e-20
-6.2545904e-21
4.4234134e-10
-2.5628854e-20
2.3594078e-21
4.2042142e-10
-1.0544426e-20
2.5661735e-20
3.9011898e-10
-4.7329469e-21
6.5720632e-20
3.5041072e-10
-7.7336269e-21
1.1250798e-19
2.9987395e-10
-1.2909783e-20
1.4695835e-19
2.3656652e-10
-7.3935294e-21
1.4518314e-19
1.5787095e-10
8.3078891e-20
6.0338636e-11
-9.6156014e-20
5.9932702e-20
4.9849562e-11
-1.110567e-19
1.0277557e-19
1.2742848e-10
-8.1836578e-20
7.8821523e-20
1.8838283e-10
-3.3231591e-20
1.0544051e-20
2.3656652e-10
8.712574e-21
-7.654166e-20
2.7459701e-10
2.5685702e-20
-1.5346021e-19
3.0426063e-10
1.3515974e-20
-1.9705747e-19
3.2679046e-10
-2.0075416e-20
-1.9675465e-19
3.4303815e-10
-5.9704521e-20
-1.5674906e-19
3.5357678e-10
-8.809045e-20
-9.3727542e-20
3.5876113e-10
-9.3169389e-20
-2.96927e-20
3.5876113e-10
-7.3719979e-20
1.7408849e-20
3.5357678e-10
-3.847435e-20
4.1657491e-20
3.4303815e-10
-9.5552753e-23
4.9848875e-20
3.2679046e-10
3.0462042e-20
5.5077361e-20
3.0426063e-10
4.4112199e-20
6.7085378e-20
2.7459701e-10
3.6245536e-20
8.664411e-20
2.3656652e-10
1.6795455e-20
1.0390942e-19
1.8838283e-10
8.5344342e-21
1.0042677e-19
1.2742848e-10
5.5646738e-20
4.9849562e-11
-9.592127e-20
3.1629528e-20
3.5939364e-11
-1.3298248e-19
7.6125616e-20
8.8069255e-11
-1.3405463e-19
7.1530931e-20
1.2742848e-10
-1.0467766e-19
2.9427278e-20
1.5787095e-10
-5.8451613e-20
-3.4330107e-20
1.8160885e-10
-1.4719353e-20
-9.7948937e-20
1.9999475e-10
1.2086457e-20
-1.4065631e-19
2.1390031e-10
1.6407937e-20
-1.5033343e-19
2.239027e-10
1.9596476e-21
-1.2701485e-19
2.3038048e-10
-1.997017e-20
-8.1442944e-20
2.3356451e-10
-3.5694377e-20
-3.0337528e-20
2.3356451e-10
-3.5213835e-20
1.0824745e-20
2.3038048e-10
-1.670373e-20
3.3950705e-20
2.239027e-10
1.3816939e-20
4.0747347e-20
2.1390031e-10
4.4558511e-20
3.9696117e-20
1.9999475e-10
6.1362537e-20
4.0312434e-20
1.8160885e-10
5.4174606e-20
4.7045669e-20
1.5787095e-10
3.0336503e-20
5.5486051e-20
1.2742848e-10
1.5322628e-20
5.3523774e-20
8.8069255e-11
2.8529229e-20
3.5939364e-11
-4.4334194e-20
1.6236676e-11
-8.1001801e-20
3.5939364e-11
-1.0495082e-19
4.9849562e-11
-1.0503997e-19
6.0338636e-11
-8.0641779e-20
6.8431339e-11
-4.2101184e-20
7.4667885e-11
-3.2432165e-21
7.937201e-11
2.4068058e-20
8.2750524e-11
3.4098787e-20
8.4936587e-11
2.8680089e-20
8.6010607e-11
1.5781572e-20
8.6010607e-11
5.3643373e-21
8.4936587e-11
4.6246076e-21
8.2750524e-11
1.4962288e-20
7.937201e-11
3.1197243e-20
7.4667885e-11
4.2879688e-20
6.8431339e-11
3.928024e-20
6.0338636e-11
2.143341e-20
4.9849562e-11
8.2944831e-21
3.5939364e-11
1.6236676e-11
-4.411894e-20
-3.0470456e-20
1.6236676e-11
-6.3221213e-20
-3.0444858e-20
3.5939364e-11
-8.5799505e-20
-1.3876934e-20
4.9849562e-11
-9.688604e-20
4.4384387e-21
6.0338636e-11
-9.4240876e-20
2.203992e-20
6.8431339e-11
-8.1954653e-20
3.9124998e-20
7.4667885e-11
-6.0501586e-20
5.4418749e-20
7.937201e-11
-3.0363615e-20
6.4365016e-20
8.2750524e-11
3.5849955e-21
6.6893643e-20
8.4936587e-11
3.2956988e-20
6.4015537e-20
8.6010607e-11
5.0979551e-20
6.0582807e-20
8.6010607e-11
5.610248e-20
5.9897417e-20
8.4936587e-11
5.2040081e-20
6.0879417e-20
8.2750524e-11
4.3625561e-20
5.8352071e-20
7.937201e-11
3.29762e-20
4.7826461e-20
7.4667885e-11
1.8017479e-20
3.0106169e-20
6.8431339e-11
-2.1207432e-21
1.23968e-20
6.0338636e-11
-1.8398705e-20
2.8017539e-21
4.9849562e-11
-1.6570463e-20
4.0015325e-21
3.5939364e-11
1.2897836e-20
1.6236676e-11
-5.6146764e-20
-5.0314663e-20
3.5939364e-11
-9.5211133e-20
-5.9344903e-20
8.8069255e-11
-1.4166552e-19
-3.6776233e-20
1.2742848e-10
-1.686244e-19
-2.9979826e-21
1.5787095e-10
-1.6874362e-19
3.5638975e-20
1.8160884e-10
-1.4921859e-19
7.6832253e-20
1.9999475e-10
-1.1389961e-19
1.1480122e-19
2.1390031e-10
-6.4215659e-20
1.416537e-19
2.239027e-10
-6.9001616e-21
1.5345307e-19
2.3038048e-10
4.4784991e-20
1.5384804e-19
2.3356451e-10
7.6984797e-20
1.5096238e-19
2.3356451e-10
8.3498062e-20
1.5129505e-19
2.3038048e-10
6.8714371e-20
1.5413946e-19
2.239027e-10
4.4308379e-20
1.5183454e-19
2.1390031e-10
2.0709299e-20
1.3540887e-19
1.9999475e-10
5.4921181e-22
1.0300269e-19
1.8160884e-10
-1.7924095e-20
6.3730063e-20
1.5787095e-10
-2.637197e-20
3.1717379e-20
1.2742848e-10
-9.6272734e-21
1.4682971e-20
8.8069255e-11
1.0149357e-20
3.5939364e-11
-4.2124682e-20
-7.681205e-20
4.9849562e-11
-8.439341e-20
-1.0405889e-19
1.2742848e-10
-1.3646473e-19
-8.0184569e-20
1.8838283e-10
-1.6608452e-19
-2.9475501e-20
2.3656652e-10
-1.6592331e-19
3.6733792e-20
2.7459701e-10
-1.4719177e-19
1.1088773e-19
3.0426063e-10
-1.1559074e-19
1.816215e-19
3.2679046e-10
-7.0389312e-20
2.3458631e-19
3.4303815e-10
-1.4636748e-20
2.6085509e-19
3.5357678e-10
3.9225147e-20
2.627442e-19
3.5876113e-10
7.4261085e-20
2.5126746e-19
3.5876113e-10
7.8627068e-20
2.3807722e-19
3.5357678e-10
5.3290852e-20
2.2781292e-19
3.4303815e-10
1.2295148e-20
2.1566288e-19
3.2679046e-10
-2.5401201e-20
1.9120314e-19
3.0426063e-10
-4.7808307e-20
1.4749414e-19
2.7459701e-10
-5.4328895e-20
8.9639476e-20
2.3656652e-10
-4.3633107e-20
3.4772205e-20
1.8838283e-10
-9.8251729e-21
-2.799435e-22
1.2742848e-10
-9.4635121e-21
4.9849562e-11
-2.2375489e-20
-8.6459526e-20
6.0338636e-11
-5.6601322e-20
-1.2762489e-19
1.5787095e-10
-9.645655e-20
-1.0533001e-19
2.3656652e-10
-1.1316213e-19
-4.4655598e-20
2.9987395e-10
-1.052141e-19
4.0184791e-20
3.5041072e-10
-8.9530992e-20
1.3951504e-19
3.9011898e-10
-7.3513636e-20
2.3888886e-19
4.2042142e-10
-5.1256057e-20
3.1737637e-19
4.4234134e-10
-1.6966698e-20
3.5808177e-19
4.5658603e-10
2.3443804e-20
3.5842862e-19
4.6360076e-10
5.3284081e-20
3.3026908e-19
4.6360076e-10
5.5446416e-20
2.9138252e-19
4.5658603e-10
2.4037002e-20
2.5498772e-19
4.4234134e-10
-3.0014914e-20
2.2392821e-19
4.2042142e-10
-8.2927326e-20
1.91134e-19
3.9011898e-10
-1.1152586e-19
1.4628014e-19
3.5041072e-10
-1.0676582e-19
8.6300369e-20
2.9987395e-10
-7.2327553e-20
2.3051067e-20
2.3656652e-10
-1.8518216e-20
-2.2226116e-20
1.5787095e-10
-3.0541497e-20
6.0338636e-11
-7.2244748e-21
-7.783729e-20
6.8431339e-11
-2.7786926e-20
-1.1821826e-19
1.8160885e-10
-4.3822105e-20
-9.5852159e-20
2.7459701e-10
-3.5969233e-20
-3.4247216e-20
3.5041072e-10
-1.1648467e-20
5.2916006e-20
4.1151161e-10
4.0789331e-21
1.5954198e-19
4.5984183e-10
-4.573702e-22
2.7417854e-19
4.9689356e-10
-1.4029845e-20
3.7297219e-19
5.2377843e-10
-1.7893205e-20
4.2959544e-19
5.4128392e-10
-5.5715653e-21
4.3140551e-19
5.499138e-10
1.1380613e-20
3.8644526e-19
5.499138e-10
1.2403288e-20
3.1695435e-19
5.4128392e-10
-1.6686886e-20
2.460285e-19
5.2377843e-10
-7.2765137e-20
1.8744711e-19
4.9689356e-10
-1.3367286e-19
1.420173e-19
4.5984183e-10
-1.6897611e-19
1.0043967e-19
4.1151161e-10
-1.5873782e-19
5.24324e-20
3.5041072e-10
-1.0533949e-19
-8.991695e-22
2.7459701e-10
-3.2884597e-20
-4.2674202e-20
1.8160884e-10
-4.5107325e-20
6.8431339e-11
2.9760452e-21
-6.2313097e-20
7.4667885e-11
-2.2644415e-21
-8.7631899e-20
1.9999475e-10
7.9205738e-21
-6.0580829e-20
3.0426063e-10
4.4070022e-20
-4.27179e-21
3.9011898e-10
9.1514463e-20
6.9018246e-20
4.5984183e-10
1.1518268e-19
1.6058482e-19
5.1530186e-10
9.3713835e-20
2.696871e-19
5.5799122e-10
3.867823e-20
3.7790606e-19
5.8905357e-10
-1.7508989e-20
4.5335921e-19
6.0931608e-10
-4.9755436e-20
4.6953419e-19
6.193154e-10
-5.7101816e-20
4.224624e-19
6.193154e-10
-5.9078983e-20
3.3192254e-19
6.0931608e-10
-7.7665143e-20
2.2862778e-19
5.8905357e-10
-1.2055429e-19
1.3864893e-19
5.5799122e-10
-1.7366962e-19
7.3859322e-20
5.1530186e-10
-2.0696264e-19
3.0759779e-20
4.5984183e-10
-1.930528e-19
-3.4532277e-21
3.9011898e-10
-1.2936014e-19
-3.7717785e-20
3.0426063e-10
-4.5729382e-20
-6.4613673e-20
1.9999475e-10
-5.5289653e-20
7.4667885e-11
1.4552292e-20
-4.712551e-20
7.937201e-11
2.2764368e-20
-4.8491637e-20
2.1390031e-10
5.2507918e-20
-1.1287338e-20
3.2679046e-10
1.1075919e-19
3.8164463e-20
4.2042142e-10
1.8217404e-19
8.6582904e-20
4.9689356e-10
2.2400335e-19
1.4146639e-19
5.5799122e-10
1.9934268e-19
2.1724012e-19
6.0517456e-10
1.1018491e-19
3.1197291e-19
6.3958723e-10
-4.1175088e-21
3.9938164e-19
6.6207012e-10
-9.7161854e-20
4.4281144e-19
6.7317499e-10
-1.4628698e-19
4.1952027e-19
6.7317499e-10
-1.6102933e-19
3.3504496e-19
6.6207012e-10
-1.6709559e-19
2.189054e-19
6.3958723e-10
-1.8445625e-19
1.0641851e-19
6.0517456e-10
-2.120182e-19
2.1997415e-20
5.5799122e-10
-2.2781159e-19
-2.8626337e-20
4.9689356e-10
-2.0455761e-19
-5.5851995e-20
4.2042142e-10
-1.3580317e-19
-7.3847326e-20
3.2679046e-10
-5.1085061e-20
-8.4287319e-20
2.1390031e-10
-6.2170947e-20
7.937201e-11
3.4015033e-20
-3.2517284e-20
8.2750524e-11
5.2377526e-20
-7.2403353e-21
2.239027e-10
8.8470569e-20
4.3785045e-20
3.4303815e-10
1.525436e-19
8.9548765e-20
4.4234134e-10
2.3815165e-19
1.122444e-19
5.2377843e-10
3.0325443e-19
1.1939341e-19
5.8905357e-10
2.9540738e-19
1.3697656e-19
6.3958723e-10
1.9591758e-19
1.8558792e-19
6.7650936e-10
3.6555171e-20
2.5938073e-19
7.0066082e-10
-1.2217909e-19
3.2552079e-19
7.1259813e-10
-2.3089785e-19
3.4544175e-19
7.1259813e-10
-2.766973e-19
3.0143558e-19
7.0066082e-10
-2.794443e-19
2.0743101e-19
6.7650936e-10
-2.6833454e-19
9.7855801e-20
6.3958723e-10
-2.5857661e-19
6.4624161e-21
5.8905357e-10
-2.4280834e-19
-5.0229429e-20
5.2377843e-10
-2.0103344e-19
-7.6312636e-20
4.4234134e-10
-1.276097e-19
-8.6463441e-20
3.4303815e-10
-4.9247382e-20
-8.7893001e-20
2.239027e-10
-6.1468762e-20
8.2750524e-11
6.3857313e-20
-1.5107124e-20
8.4936587e-11
9.0467861e-20
3.3120633e-20
2.3038048e-10
1.1915595e-19
9.6109092e-20
3.5357678e-10
1.6749637e-19
1.4223942e-19
4.5658603e-10
2.460936e-19
1.4873062e-19
5.4128392e-10
3.2599303e-19
1.1518083e-19
6.0931608e-10
3.4870059e-19
6.8086098e-20
6.6207012e-10
2.713681e-19
4.510678e-20
7.0066082e-10
1.0176741e-19
6.8778352e-20
7.2592437e-10
-1.0386596e-19
1.2830811e-19
7.3841724e-10
-2.7585143e-19
1.8553511e-19
7.3841724e-10
-3.7121395e-19
2.0210355e-19
7.2592437e-10
-3.9000282e-19
1.6557436e-19
7.0066082e-10
-3.6090098e-19
9.4536562e-20
6.6207012e-10
-3.1403444e-19
2.1811683e-20
6.0931608e-10
-2.6089122e-19
-2.8014331e-20
5.4128392e-10
-1.9496275e-19
-5.0962957e-20
4.5658603e-10
-1.1532154e-19
-5.865912e-20
3.5357678e-10
-4.584594e-20
-6.0849678e-20
2.3038048e-10
-4.5845444e-20
8.4936587e-11
1.0017532e-19
9.3528868e-21
8.6010607e-11
1.3587679e-19
7.1005524e-20
2.3356451e-10
1.4968673e-19
1.3599548e-19
3.5876113e-10
1.6513872e-19
1.8148414e-19
4.6360076e-10
2.1131438e-19
1.8402652e-19
5.499138e-10
2.8281677e-19
1.317607e-19
6.193154e-10
3.3106244e-19
3.8825149e-20
6.7317499e-10
2.987555e-19
-5.5239642e-20
7.1259813e-10
1.6239864e-19
-1.0592809e-19
7.3841724e-10
-4.7034134e-20
-9.244449e-20
7.5118791e-10
-2.5972918e-19
-3.1771117e-20
7.5118791e-10
-4.0797073e-19
3.4507483e-20
7.3841724e-10
-4.6190401e-19
7.0271622e-20
7.1259813e-10
-4.3561535e-19
6.711738e-20
6.7317499e-10
-3.6539801e-19
4.2950899e-20
6.193154e-10
-2.8117029e-19
2.1460368e-20
5.499138e-10
-1.932995e-19
1.2769678e-20
4.6360076e-10
-1.0802512e-19
9.7522821e-21
3.5876113e-10
-4.6294675e-20
1.2542934e-21
2.3356451e-10
-1.095607e-20
8.6010607e-11
1.3211245e-19
4.3530424e-20
8.6010607e-11
1.7929933e-19
1.0639712e-19
2.3356451e-10
1.8081012e-19
1.5660017e-19
3.5876113e-10
1.5932498e-19
1.9165799e-19
4.6360076e-10
1.5607725e-19
1.9585413e-19
5.499138e-10
1.9123286e-19
1.4855459e-19
6.193154e-10
2.4059572e-19
4.4994636e-20
6.7317499e-10
2.5141757e-19
-8.9609375e-20
7.1259813e-10
1.7743491e-19
-2.0693711e-19
7.3841724e-10
1.3764587e-20
-2.614721e-19
7.5118791e-10
-1.9336057e-19
-2.381476e-19
7.5118791e-10
-3.7143389e-19
-1.600223e-19
7.3841724e-10
-4.6440028e-19
-6.9566605e-20
7.1259813e-10
-4.6068231e-19
6.1975869e-22
6.7317499e-10
-3.8933992e-19
4.3603857e-20
6.193154e-10
-2.9117413e-19
7.059009e-20
5.499138e-10
-1.9235018e-19
9.1314229e-20
4.6360076e-10
-1.0652497e-19
1.0145144e-19
3.5876113e-10
-5.0889326e-20
8.7826971e-20
2.3356451e-10
3.9744858e-20
8.6010607e-11
1.4466561e-19
8.6177483e-20
8.4936587e-11
2.0394216e-19
1.4053658e-19
2.3038048e-10
2.0415151e-19
1.583145e-19
3.5357678e-10
1.5759481e-19
1.668577e-19
4.5658603e-10
1.0573986e-19
1.6693858e-19
5.4128392e-10
8.7121735e-20
1.367521e-19
6.0931608e-10
1.0727733e-19
5.5199792e-20
6.6207012e-10
1.3566346e-19
-7.4695794e-20
7.0066082e-10
1.2327361e-19
-2.1937569e-19
7.2592437e-10
3.6171358e-20
-3.2817143e-19
7.3841724e-10
-1.1605216e-19
-3.6092373e-19
7.3841724e-10
-2.8025675e-19
-3.1094927e-19
7.2592437e-10
-3.9219691e-19
-2.060309e-19
7.0066082e-10
-4.1631172e-19
-8.6897348e-20
6.6207012e-10
-3.6343592e-19
1.7488129e-20
6.0931608e-10
-2.7283102e-19
9.8977842e-20
5.4128392e-10
-1.7990523e-19
1.5860934e-19
4.5658603e-10
-1.0293576e-19
1.9034126e-19
3.5357678e-10
-5.4235504e-20
1.7699828e-19
2.3038048e-10
9.465315e-20
8.4936587e-11
1.2489534e-19
1.3059735e-19
8.2750524e-11
1.9164687e-19
1.7404588e-19
2.239027e-10
2.0400941e-19
1.4980354e-19
3.4303815e-10
1.55134e-19
1.1714624e-19
4.4234134e-10
7.3882026e-20
9.9000075e-20
5.2377843e-10
4.5858173e-21
8.1494799e-20
5.8905357e-10
-2.2700352e-20
3.6490445e-20
6.3958723e-10
-8.9048405e-21
-5.2374662e-20
6.7650936e-10
1.3493496e-20
-1.7487744e-19
7.0066082e-10
8.584379e-22
-2.9471701e-19
7.1259813e-10
-6.9037821e-20
-3.6628804e-19
7.1259813e-10
-1.7658787e-19
-3.5973597e-19
7.0066082e-10
-2.7162954e-19
-2.7761785e-19
6.7650936e-10
-3.0920349e-19
-1.5002236e-19
6.3958723e-10
-2.8080868e-19
-1.3576072e-20
5.8905357e-10
-2.1411053e-19
1.0735126e-19
5.2377843e-10
-1.4351981e-19
2.0119658e-19
4.4234134e-10
-8.6667538e-20
2.5543524e-19
3.4303815e-10
-4.9108726e-20
2.4669888e-19
2.239027e-10
1.3949666e-19
8.2750524e-11
6.9116943e-20
1.6543238e-19
7.937201e-11
1.3232618e-19
2.0462271e-19
2.1390031e-10
1.6503677e-19
1.4405765e-19
3.2679046e-10
1.3744669e-19
6.6107953e-20
4.2042142e-10
5.6352837e-20
1.533087e-20
4.9689356e-10
-4.1003751e-20
-6.3286777e-21
5.5799122e-10
-1.1186095e-19
-2.2663572e-20
6.0517456e-10
-1.3152269e-19
-5.9031389e-20
6.3958723e-10
-1.0736013e-19
-1.2568073e-19
6.6207012e-10
-7.360513e-20
-2.0971241e-19
6.7317499e-10
-6.6854654e-20
-2.7895502e-19
6.7317499e-10
-9.8225257e-20
-2.9851502e-19
6.6207012e-10
-1.4498201e-19
-2.5137173e-19
6.3958723e-10
-1.7088487e-19
-1.4768475e-19
6.0517456e-10
-1.5768149e-19
-1.6051534e-20
5.5799122e-10
-1.1893055e-19
1.1435893e-19
4.9689356e-10
-8.0239076e-20
2.2290675e-19
4.2042142e-10
-5.2511299e-20
2.8953889e-19
3.2679046e-10
-3.2045597e-20
2.84572e-19
2.1390031e-10
1.6436511e-19
7.937201e-11
-1.2198133e-20
1.7839445e-19
7.4667885e-11
3.2160681e-20
2.2550048e-19
1.9999475e-10
8.1524507e-20
1.5086099e-19
3.0426063e-10
8.83321e-20
4.0365986e-20
3.9011898e-10
3.5103784e-20
-4.8251541e-20
4.5984183e-10
-5.7981577e-20
-9.4090955e-20
5.1530186e-10
-1.4851883e-19
-1.0580897e-19
5.5799122e-10
-1.9763788e-19
-1.0521526e-19
5.8905357e-10
-1.9073383e-19
-1.1265854e-19
6.0931608e-10
-1.4343442e-19
-1.3597693e-19
6.193154e-10
-8.9008397e-20
-1.6512866e-19
6.193154e-10
-5.4625705e-20
-1.7691338e-19
6.0931608e-10
-4.3499878e-20
-1.4986083e-19
5.8905357e-10
-3.8678959e-20
-7.8587613e-20
5.5799122e-10
-2.5115413e-20
2.3659001e-20
5.1530186e-10
-7.4487492e-21
1.3477826e-19
4.5984183e-10
-8.5063676e-22
2.3327845e-19
3.9011898e-10
-5.3995656e-21
2.9590903e-19
3.0426063e-10
-6.3188758e-21
2.8952485e-19
1.9999475e-10
1.6746424e-19
7.4667885e-11
-9.5993868e-20
1.6147953e-19
6.8431339e-11
-8.4451179e-20
2.2665389e-19
1.8160885e-10
-3.5850037e-20
1.6835568e-19
2.7459701e-10
-3.9609082e-22
5.3766671e-20
3.5041072e-10
-1.238838e-20
-6.2349968e-20
4.1151161e-10
-7.219597e-20
-1.4358026e-19
4.5984183e-10
-1.4919708e-19
-1.7747212e-19
4.9689356e-10
-2.0400913e-19
-1.7137493e-19
5.2377843e-10
-2.1070783e-19
-1.4370561e-19
5.4128392e-10
-1.68217e-19
-1.1344781e-19
5.499138e-10
-9.7152426e-20
-8.9985857e-20
5.499138e-10
-2.5308978e-20
-6.9203951e-20
5.4128392e-10
2.9704577e-20
-3.8603129e-20
5.2377843e-10
6.6548557e-20
1.1599113e-20
4.9689356e-10
8.9941686e-20
8.0577465e-20
4.5984183e-10
9.5951367e-20
1.5798965e-19
4.1151161e-10
7.6687434e-20
2.2944275e-19
3.5041072e-10
4.2660943e-20
2.7497153e-19
2.7459701e-10
2.0700934e-20
2.6366774e-19
1.8160885e-10
1.5126624e-19
6.8431339e-11
-1.5479481e-19
1.1714348e-19
6.0338636e-11
-1.8216782e-19
2.0118612e-19
1.5787095e-10
-1.5913754e-19
1.8192467e-19
2.3656652e-10
-1.200397e-19
9.4608821e-20
2.9987395e-10
-9.8820093e-20
-2.3899701e-20
3.5041072e-10
-1.1157016e-19
-1.3298044e-19
3.9011898e-10
-1.4619994e-19
-2.0165815e-19
4.2042142e-10
-1.7516721e-19
-2.1792876e-19
4.4234134e-10
-1.7429044e-19
-1.8924159e-19
4.5658603e-10
-1.3440313e-19
-1.3496255e-19
4.6360076e-10
-6.3798177e-20
-7.5278147e-20
4.6360076e-10
1.7964494e-20
-2.2207866e-20
4.5658603e-10
9.1696601e-20
2.3164224e-20
4.4234134e-10
1.4639174e-19
6.5803985e-20
4.2042142e-10
1.769854e-19
1.0978523e-19
3.9011898e-10
1.7608199e-19
1.5475282e-19
3.5041072e-10
1.3807058e-19
1.9580807e-19
2.9987395e-10
8.1127461e-20
2.2146413e-19
2.3656652e-10
4.2651102e-20
2.0790339e-19
1.5787095e-10
1.1775896e-19
6.0338636e-11
-1.6863241e-19
6.3584149e-20
4.9849562e-11
-2.2864367e-19
1.5658078e-19
1.2742848e-10
-2.4923779e-19
1.7551318e-19
1.8838283e-10
-2.3706258e-19
1.2973922e-19
2.3656652e-10
-2.078979e-19
3.4727094e-20
2.7459701e-10
-1.8114149e-19
-7.6848779e-20
3.0426063e-10
-1.6208506e-19
-1.6746182e-19
3.2679046e-10
-1.4271389e-19
-2.1163123e-19
3.4303815e-10
-1.1146144e-19
-2.0407065e-19
3.5357678e-10
-6.1238678e-20
-1.5723771e-19
3.5876113e-10
6.3444806e-21
-9.2182604e-20
3.5876113e-10
8.1613754e-20
-2.8183583e-20
3.5357678e-10
1.5160537e-19
2.4027359e-20
3.4303815e-10
2.0515321e-19
6.2648738e-20
3.2679046e-10
2.3331604e-19
9.1206568e-20
3.0426063e-10
2.2545498e-19
1.1390132e-19
2.7459701e-10
1.7577409e-19
1.3314253e-19
2.3656652e-10
1.0502118e-19
1.4546083e-19
1.8838283e-10
5.6280785e-20
1.35734e-19
1.2742848e-10
7.5258501e-20
4.9849562e-11
-1.3153455e-19
2.5578932e-20
3.5939364e-11
-2.0501345e-19
1.0609802e-19
8.8069255e-11
-2.6471889e-19
1.3679663e-19
1.2742848e-10
-2.9248866e-19
1.196795e-19
1.5787095e-10
-2.8009138e-19
6.0071367e-20
1.8160885e-10
-2.3824089e-19
-2.2373085e-20
1.9999475e-10
-1.8083016e-19
-9.9552135e-20
2.1390031e-10
-1.1748912e-19
-1.482247e-19
2.239027e-10
-5.2937785e-20
-1.5853776e-19
2.3038048e-10
1.1318798e-20
-1.3525789e-19
2.3356451e-10
7.4417372e-20
-9.2265773e-20
2.3356451e-10
1.3395558e-19
-4.5048125e-20
2.3038048e-10
1.8543324e-19
-4.6133668e-21
2.239027e-10
2.2344735e-19
2.4807672e-20
2.1390031e-10
2.4096533e-19
4.4453995e-20
1.9999475e-10
2.2782974e-19
5.8649453e-20
1.8160885e-10
1.7736552e-19
7.1154708e-20
1.5787095e-10
1.0723201e-19
8.0527386e-20
1.2742848e-10
5.812087e-20
7.75839e-20
8.8069255e-11
4.4243657e-20
3.5939364e-11
-4.0930615e-20
1.6236676e-11
-9.4420838e-20
3.5939364e-11
-1.5712643e-19
4.9849562e-11
-2.0232767e-19
6.0338636e-11
-2.1228207e-19
6.8431339e-11
-1.8661606e-19
7.4667885e-11
-1.3554406e-19
7.937201e-11
-7.306467e-20
8.2750524e-11
-1.1958612e-20
8.4936587e-11
4.0001064e-20
8.6010607e-11
8.0420657e-20
8.6010607e-11
1.1035289e-19
8.4936587e-11
1.3168041e-19
8.2750524e-11
1.4540155e-19
7.937201e-11
1.5025334e-19
7.4667885e-11
1.4059143e-19
6.8431339e-11
1.0960228e-19
6.0338636e-11
6.4719483e-20
4.9849562e-11
3.4389615e-20
3.5939364e-11
1.6236676e-11
-3.0642671e-20
-2.9615571e-20
1.6236676e-11
-2.5081542e-20
-2.2449909e-20
3.5939364e-11
-3.3465417e-20
-9.3995089e-21
4.9849562e-11
-4.5117992e-20
-1.8509829e-21
6.0338636e-11
-5.5244882e-20
3.3874216e-21
6.8431339e-11
-6.3812723e-20
1.0746482e-20
7.4667885e-11
-6.6150285e-20
2.1285536e-20
7.937201e-11
-5.5213646e-20
3.0941272e-20
8.2750524e-11
-2.7999311e-20
3.3863886e-20
8.4936587e-11
1.1579192e-20
2.7081142e-20
8.6010607e-11
5.460486e-20
1.1878325e-20
8.6010607e-11
9.0904608e-20
-8.4094749e-21
8.4936587e-11
1.1239053e-19
-3.0997928e-20
8.2750524e-11
1.1489144e-19
-5.4064421e-20
7.937201e-11
9.7992696e-20
-7.4783367e-20
7.4667885e-11
6.3893897e-20
-8.7251773e-20
6.8431339e-11
1.9773318e-20
-8.3664276e-20
6.0338636e-11
-1.5633755e-20
-6.0409205e-20
4.9849562e-11
-2.0596243e-20
-2.3109945e-20
3.5939364e-11
1.9244801e-20
1.6236676e-11
-2.4329235e-20
-3.6393496e-20
3.5939364e-11
-2.3976344e-20
-3.6273082e-20
8.8069255e-11
-4.6200287e-20
-2.2014644e-20
1.2742848e-10
-7.2352042e-20
-9.9015187e-21
1.5787095e-10
-9.2525003e-20
1.4119549e-21
1.8160884e-10
-1.0824696e-19
1.7631391e-20
1.9999475e-10
-1.1578325e-19
3.8886481e-20
2.1390031e-10
-1.0508843e-19
5.7935618e-20
2.239027e-10
-6.9108052e-20
6.6050788e-20
2.3038048e-10
-1.1354467e-20
5.9977295e-20
2.3356451e-10
5.4647486e-20
4.3646504e-20
2.3356451e-10
1.1197253e-19
2.3592678e-20
2.3038048e-10
1.4788598e-19
3.0903691e-21
2.239027e-10
1.5775787e-19
-1.9444891e-20
2.1390031e-10
1.4351507e-19
-4.5867433e-20
1.9999475e-10
1.0884898e-19
-7.1457353e-20
1.8160884e-10
6.1062424e-20
-8.3610083e-20
1.5787095e-10
2.2584583e-20
-7.1460757e-20
1.2742848e-10
2.0024915e-20
-3.7207546e-20
8.8069255e-11
6.7559197e-21
3.5939364e-11
-9.5411733e-21
-5.7600914e-20
4.9849562e-11
-1.2450399e-20
-7.4874578e-20
1.2742848e-10
-4.167477e-20
-6.3895842e-20
1.8838283e-10
-7.1502025e-20
-4.5860199e-20
2.3656652e-10
-9.1365543e-20
-2.3369576e-20
2.7459701e-10
-1.0740924e-19
7.9135839e-21
3.0426063e-10
-1.2010603e-19
4.748874e-20
3.2679046e-10
-1.1887706e-19
8.5341513e-20
3.4303815e-10
-9.2028204e-20
1.0842732e-19
3.5357678e-10
-3.8866142e-20
1.1009071e-19
3.5876113e-10
2.6935813e-20
9.4277671e-20
3.5876113e-10
8.4583596e-20
7.1235017e-20
3.5357678e-10
1.1814597e-19
4.8304854e-20
3.4303815e-10
1.250457e-19
2.4265026e-20
3.2679046e-10
1.1436402e-19
-7.6930839e-21
3.0426063e-10
9.572037e-20
-4.9666251e-20
2.7459701e-10
7.2705361e-20
-9.0600807e-20
2.3656652e-10
5.4669366e-20
-1.1027173e-19
1.8838283e-10
5.4942614e-20
-9.4277682e-20
1.2742848e-10
-3.8612272e-20
4.9849562e-11
6.9955358e-22
-7.4244763e-20
6.0338636e-11
-4.4158079e-21
-1.0783759e-19
1.5787095e-10
-3.2680569e-20
-9.9057632e-20
2.3656652e-10
-5.5735126e-20
-7.4567256e-20
2.9987395e-10
-6.5538873e-20
-4.2159004e-20
3.5041072e-10
-7.4853441e-20
1.4527299e-21
3.9011898e-10
-9.115003e-20
5.6940075e-20
4.2042142e-10
-1.049692e-19
1.1373356e-19
4.4234134e-10
-9.882656e-20
1.5423177e-19
4.5658603e-10
-6.3604894e-20
1.6538368e-19
4.6360076e-10
-8.2992343e-21
1.4725847e-19
4.6360076e-10
4.3982982e-20
1.1201601e-19
4.5658603e-10
7.1552004e-20
7.4329662e-20
4.4234134e-10
7.0061868e-20
4.0394147e-20
4.2042142e-10
5.5441974e-20
4.4687879e-21
3.9011898e-10
4.8441903e-20
-4.3266209e-20
3.5041072e-10
5.525326e-20
-1.0170472e-19
2.9987395e-10
6.9259686e-20
-1.5047656e-19
2.3656652e-10
7.8336376e-20
-1.5809536e-19
1.5787095e-10
-9.1429479e-20
6.0338636e-11
5.8712405e-21
-8.0470074e-20
6.8431339e-11
-1.3038868e-21
-1.1973738e-19
1.8160884e-10
-2.383094e-20
-1.0780247e-19
2.7459701e-10
-3.451857e-20
-7.6117464e-20
3.5041072e-10
-2.8210126e-20
-3.744056e-20
4.1151161e-10
-2.4598404e-20
1.1080455e-20
4.5984183e-10
-4.0433414e-20
7.3761279e-20
4.9689356e-10
-7.0781001e-20
1.428841e-19
5.2377843e-10
-9.3215282e-20
1.9865176e-19
5.4128392e-10
-8.7020335e-20
2.208585e-19
5.499138e-10
-5.0707918e-20
2.0172317e-19
5.499138e-10
-4.8523766e-21
1.5075649e-19
5.4128392e-10
2.2636764e-20
8.8452081e-20
5.2377843e-10
1.9088768e-20
3.2740472e-20
4.9689356e-10
-5.1039955e-22
-1.2741948e-20
4.5984183e-10
-5.803947e-21
-5.8985393e-20
4.1151161e-10
1.9339948e-20
-1.1685924e-19
3.5041072e-10
6.1231695e-20
-1.7695112e-19
2.7459701e-10
8.3461893e-20
-2.0197007e-19
1.8160884e-10
-1.3216592e-19
6.8431339e-11
1.0399523e-20
-8.1022723e-20
7.4667885e-11
2.9002428e-21
-1.1515289e-19
1.9999475e-10
-1.2889629e-20
-9.4429364e-20
3.0426063e-10
-1.1472746e-20
-5.4597185e-20
3.9011898e-10
1.1712516e-20
-1.3247657e-20
4.5984183e-10
3.2060379e-20
3.1959068e-20
5.1530186e-10
2.2190263e-20
9.0473776e-20
5.5799122e-10
-2.1844467e-20
1.6113182e-19
5.8905357e-10
-7.6699628e-20
2.2694292e-19
6.0931608e-10
-1.0997378e-19
2.630623e-19
6.193154e-10
-1.0455133e-19
2.520192e-19
6.193154e-10
-7.0774298e-20
1.9519462e-19
6.0931608e-10
-3.7926708e-20
1.1260398e-19
5.8905357e-10
-3.0021691e-20
3.1192787e-20
5.5799122e-10
-4.3245768e-20
-3.1953495e-20
5.1530186e-10
-4.7608489e-20
-8.0093694e-20
4.5984183e-10
-1.7328655e-20
-1.2976795e-19
3.9011898e-10
3.8132367e-20
-1.8574268e-19
3.0426063e-10
7.0918456e-20
-2.1752549e-19
1.9999475e-10
-1.5250827e-19
7.4667885e-11
2.0650792e-20
-7.7443232e-20
7.937201e-11
1.5471245e-20
-9.9570163e-20
2.1390031e-10
4.458772e-21
-6.7140086e-20
3.2679046e-10
1.2795789e-20
-1.9535098e-20
4.2042142e-10
4.8296982e-20
2.0868577e-20
4.9689356e-10
8.5750852e-20
5.4561123e-20
5.5799122e-10
8.7741338e-20
9.5395355e-20
6.0517456e-10
3.7698172e-20
1.521282e-19
6.3958723e-10
-4.6511213e-20
2.1651014e-19
6.6207012e-10
-1.2496553e-19
2.6529807e-19
6.7317499e-10
-1.6310469e-19
2.7359013e-19
6.7317499e-10
-1.5380671e-19
2.3107929e-19
6.6207012e-10
-1.1925586e-19
1.4944062e-19
6.3958723e-10
-9.1003309e-20
5.6283407e-20
6.0517456e-10
-8.2284982e-20
-2.1539067e-20
5.5799122e-10
-7.5915218e-20
-7.5658914e-20
4.9689356e-10
-4.4773795e-20
-1.1923132e-19
4.2042142e-10
1.0776226e-20
-1.6605946e-19
3.2679046e-10
4.6754939e-20
-1.9849781e-19
2.1390031e-10
-1.4750885e-19
7.937201e-11
3.9831883e-20
-6.5906436e-20
8.2750524e-11
3.9725894e-20
-7.2651123e-20
2.239027e-10
2.9894775e-20
-2.9613451e-20
3.4303815e-10
3.6476069e-20
2.3447051e-20
4.4234134e-10
7.4675807e-20
6.0045752e-20
5.2377843e-10
1.2440966e-19
7.6317249e-20
5.8905357e-10
1.4263503e-19
8.7520156e-20
6.3958723e-10
9.8494515e-20
1.1224473e-19
6.7650936e-10
-2.3307651e-21
1.5633415e-19
7.0066082e-10
-1.2042402e-19
2.0629859e-19
7.1259813e-10
-2.074076e-19
2.3663726e-19
7.1259813e-10
-2.3552712e-19
2.2636089e-19
7.0066082e-10
-2.114333e-19
1.7346157e-19
6.7650936e-10
-1.6602029e-19
9.655016e-20
6.3958723e-10
-1.2789365e-19
2.2880239e-20
5.8905357e-10
-1.0018471e-19
-3.0780079e-20
5.2377843e-10
-6.4994301e-20
-6.9363304e-20
4.4234134e-10
-1.5933261e-20
-1.0786671e-19
3.4303815e-10
1.6870905e-20
-1.4064509e-19
2.239027e-10
-1.1499189e-19
8.2750524e-11
6.5395535e-20
-4.093178e-20
8.4936587e-11
7.3218515e-20
-3.1431601e-20
2.3038048e-10
6.1641561e-20
1.6655347e-20
3.5357678e-10
5.6948782e-20
7.0379455e-20
4.5658603e-10
8.4337482e-20
1.0204202e-19
5.4128392e-10
1.3530707e-19
1.0082779e-19
6.0931608e-10
1.6859816e-19
7.7963836e-20
6.6207012e-10
1.4240306e-19
5.7827022e-20
7.0066082e-10
4.5606002e-20
6.1336891e-20
7.2592437e-10
-9.253801e-20
9.1697155e-20
7.3841724e-10
-2.1904961e-19
1.3208784e-19
7.3841724e-10
-2.8839527e-19
1.5750243e-19
7.2592437e-10
-2.8741908e-19
1.5198955e-19
7.0066082e-10
-2.3785786e-19
1.1871635e-19
6.6207012e-10
-1.7630306e-19
7.5613895e-20
6.0931608e-10
-1.2561203e-19
3.9988896e-20
5.4128392e-10
-8.33547e-20
1.3600066e-20
4.5658603e-10
-4.1700207e-20
-1.5078773e-20
3.5357678e-10
-1.4138128e-20
-4.8973882e-20
2.3038048e-10
-5.8509855e-20
8.4936587e-11
8.9411368e-20
3.7279165e-22
8.6010607e-11
1.0809212e-19
2.46635e-20
2.3356451e-10
9.5172667e-20
6.7703629e-20
3.5876113e-10
7.318771e-20
1.1399141e-19
4.6360076e-10
7.6125292e-20
1.4017445e-19
5.499138e-10
1.1202566e-19
1.2782704e-19
6.193154e-10
1.5086604e-19
7.841191e-20
6.7317499e-10
1.4788986e-19
1.4546016e-20
7.1259813e-10
7.6259519e-20
-3.2686906e-20
7.3841724e-10
-5.2873701e-20
-4.1955753e-20
7.5118791e-10
-1.9394143e-19
-1.3576038e-20
7.5118791e-10
-2.9302166e-19
3.3038323e-20
7.3841724e-10
-3.1906989e-19
7.4096975e-20
7.1259813e-10
-2.7926113e-19
9.6768058e-20
6.7317499e-10
-2.0927642e-19
1.0379299e-19
6.193154e-10
-1.4499244e-19
1.0511945e-19
5.499138e-10
-9.871866e-20
1.0403046e-19
4.6360076e-10
-6.4535613e-20
9.1973894e-20
3.5876113e-10
-4.115094e-20
5.9584153e-20
2.3356451e-10
1.1504382e-20
8.6010607e-11
1.0040162e-19
5.5353837e-20
8.6010607e-11
1.3192662e-19
9.1614764e-20
2.3356451e-10
1.2323732e-19
1.1658128e-19
3.5876113e-10
8.5650855e-20
1.4329163e-19
4.6360076e-10
5.6299641e-20
1.6079253e-19
5.499138e-10
6.0750072e-20
1.460359e-19
6.193154e-10
8.8411972e-20
8.7488244e-20
6.7317499e-10
1.0270031e-19
-1.9190863e-21
7.1259813e-10
6.801677e-20
-9.0489504e-20
7.3841724e-10
-2.438953e-20
-1.4473199e-19
7.5118791e-10
-1.4687223e-19
-1.4702798e-19
7.5118791e-10
-2.5010072e-19
-1.0305188e-19
7.3841724e-10
-2.9335354e-19
-3.4866768e-20
7.1259813e-10
-2.6927723e-19
3.4605911e-20
6.7317499e-10
-2.0577874e-19
9.3202494e-20
6.193154e-10
-1.4267137e-19
1.3959296e-19
5.499138e-10
-1.0133174e-19
1.7339294e-19
4.6360076e-10
-7.7233756e-20
1.8577613e-19
3.5876113e-10
-5.7827432e-20
1.6068226e-19
2.3356451e-10
7.9938518e-20
8.6010607e-11
8.7072868e-20
1.148496e-19
8.4936587e-11
1.3012124e-19
1.6067609e-19
2.3038048e-10
1.349482e-19
1.5650429e-19
3.5357678e-10
9.2912561e-20
1.4967749e-19
4.5658603e-10
3.4722577e-20
1.5015562e-19
5.4128392e-10
-9.5232848e-22
1.3733154e-19
6.0931608e-10
-1.3423212e-21
8.8556754e-20
6.6207012e-10
1.4835565e-20
2.0925204e-21
7.0066082e-10
1.4005609e-20
-9.9725317e-20
7.2592437e-10
-2.7151984e-20
-1.8222829e-19
7.3841724e-10
-1.0292719e-19
-2.1648092e-19
7.3841724e-10
-1.8005858e-19
-1.9300786e-19
7.2592437e-10
-2.1989603e-19
-1.2395135e-19
7.0066082e-10
-2.0601875e-19
-3.2852964e-20
6.6207012e-10
-1.559955e-19
5.9312418e-20
6.0931608e-10
-1.0607615e-19
1.4140237e-19
5.4128392e-10
-7.9557652e-20
2.0742159e-19
4.5658603e-10
-7.0574583e-20
2.4544026e-19
3.5357678e-10
-5.8072925e-20
2.3216493e-19
2.3038048e-10
1.3159112e-19
8.4936587e-11
4.3712896e-20
1.6472048e-19
8.2750524e-11
9.1154535e-20
2.2013424e-19
2.239027e-10
1.1714621e-19
1.8439549e-19
3.4303815e-10
8.8027794e-20
1.346129e-19
4.4234134e-10
1.7231554e-20
1.0610066e-19
5.2377843e-10
-5.302355e-20
9.0332634e-20
5.8905357e-10
-8.9285109e-20
6.1063022e-20
6.3958723e-10
-8.7437439e-20
2.8062255e-21
6.7650936e-10
-6.9221426e-20
-7.7716352e-20
7.0066082e-10
-6.2856222e-20
-1.5594253e-19
7.1259813e-10
-8.075169e-20
-2.0285715e-19
7.1259813e-10
-1.1043453e-19
-1.9985059e-19
7.0066082e-10
-1.2534677e-19
-1.4729323e-19
6.7650936e-10
-1.0851308e-19
-6.169916e-20
6.3958723e-10
-6.9235411e-20
3.6015152e-20
5.8905357e-10
-3.6338393e-20
1.3064866e-19
5.2377843e-10
-2.9975686e-20
2.1245227e-19
4.4234134e-10
-4.0404728e-20
2.6649412e-19
3.4303815e-10
-4.0035761e-20
2.6359306e-19
2.239027e-10
1.5693108e-19
8.2750524e-11
-2.4952495e-20
1.9077958e-19
7.937201e-11
1.3552777e-20
2.5849612e-19
2.1390031e-10
5.9963189e-20
2.0256987e-19
3.2679046e-10
5.8864013e-20
1.1334559e-19
4.2042142e-10
-5.2551622e-22
4.7006585e-20
4.9689356e-10
-8.4742961e-20
1.4923942e-20
5.5799122e-10
-1.4888047e-19
-1.2249001e-21
6.0517456e-10
-1.682175e-19
-2.3249781e-20
6.3958723e-10
-1.4766008e-19
-5.9669637e-20
6.6207012e-10
-1.1079168e-19
-1.0237363e-19
6.7317499e-10
-7.9236044e-20
-1.3275708e-19
6.7317499e-10
-5.828838e-20
-1.3307204e-19
6.6207012e-10
-3.7488832e-20
-9.6703916e-20
6.3958723e-10
-6.0012808e-21
-3.0948186e-20
6.0517456e-10
3.0411856e-20
4.9452709e-20
5.5799122e-10
4.997675e-20
1.3171362e-19
4.9689356e-10
3.746563e-20
2.067474e-19
4.2042142e-10
7.0559783e-21
2.5961548e-19
3.2679046e-10
-8.9146801e-21
2.5929166e-19
2.1390031e-10
1.5609885e-19
7.937201e-11
-1.0240942e-19
1.8461916e-19
7.4667885e-11
-8.8575676e-20
2.6769236e-19
1.9999475e-10
-3.5165956e-20
2.1568821e-19
3.0426063e-10
-6.0149092e-21
1.083149e-19
3.9011898e-10
-3.3612792e-20
7.7428419e-21
4.5984183e-10
-1.031109e-19
-5.4575101e-20
5.1530186e-10
-1.7178135e-19
-7.8389057e-20
5.5799122e-10
-2.0343055e-19
-7.9687292e-20
5.8905357e-10
-1.879039e-19
-7.4649259e-20
6.0931608e-10
-1.3876329e-19
-7.0495912e-20
6.193154e-10
-7.7815854e-20
-6.3796457e-20
6.193154e-10
-2.009252e-20
-4.6073761e-20
6.0931608e-10
3.1666883e-20
-1.1666309e-20
5.8905357e-10
7.9715621e-20
3.7528855e-20
5.5799122e-10
1.1825496e-19
9.3901214e-20
5.1530186e-10
1.3012039e-19
1.5036968e-19
4.5984183e-10
1.0393134e-19
2.0218081e-19
3.9011898e-10
5.6988722e-20
2.3842075e-19
3.0426063e-10
2.459984e-20
2.3178191e-19
1.9999475e-10
1.3707545e-19
7.4667885e-11
-1.64907e-19
1.4692886e-19
6.8431339e-11
-1.8639329e-19
2.4473838e-19
1.8160885e-10
-1.4973469e-19
2.2361492e-19
2.7459701e-10
-1.0741465e-19
1.320973e-19
3.5041072e-10
-9.9709465e-20
1.8373287e-20
4.1151161e-10
-1.3168117e-19
-7.616151e-20
4.5984183e-10
-1.7506691e-19
-1.2980169e-19
4.9689356e-10
-1.9593668e-19
-1.4151464e-19
5.2377843e-10
-1.7725963e-19
-1.2295502e-19
5.4128392e-10
-1.2327061e-19
-8.8071778e-20
5.499138e-10
-5.0647305e-20
-4.6326637e-20
5.499138e-10
2.3774935e-20
-1.4038806e-21
5.4128392e-10
9.072424e-20
4.5324608e-20
5.2377843e-10
1.4642e-19
9.1138965e-20
4.9689356e-10
1.8409337e-19
1.3183761e-19
4.5984183e-10
1.8942425e-19
1.6506364e-19
4.1151161e-10
1.534239e-19
1.911908e-19
3.5041072e-10
9.4700279e-20
2.0591806e-19
2.7459701e-10
5.0275368e-20
1.9035241e-19
1.8160885e-10
1.0863809e-19
6.8431339e-11
-1.9048318e-19
8.9060926e-20
6.0338636e-11
-2.4622751e-19
1.9478351e-19
1.5787095e-10
-2.5004281e-19
2.1858116e-19
2.3656652e-10
-2.262316e-19
1.7226882e-19
2.9987395e-10
-2.0258244e-19
7.6471239e-20
3.5041072e-10
-1.9408751e-19
-3.3154512e-20
3.9011898e-10
-1.9130959e-19
-1.2155185e-19
4.2042142e-10
-1.7485323e-19
-1.6822953e-19
4.4234134e-10
-1.3258947e-19
-1.7037651e-19
4.5658603e-10
-6.6141703e-20
-1.3755216e-19
4.6360076e-10
1.2811144e-20
-8.376367e-20
4.6360076e-10
9.0250652e-20
-2.1804506e-20
4.5658603e-10
1.5639877e-19
3.8505454e-20
4.4234134e-10
2.0616401e-19
8.953065e-20
4.2042142e-10
2.3370303e-19
1.2613508e-19
3.9011898e-10
2.2783684e-19
1.4741007e-19
3.5041072e-10
1.817312e-19
1.5696093e-19
2.9987395e-10
1.1455285e-19
1.5697778e-19
2.3656652e-10
6.3848153e-20
1.3825288e-19
1.5787095e-10
7.5656621e-20
6.0338636e-11
-1.6930286e-19
3.4180549e-20
4.9849562e-11
-2.4533999e-19
1.3660797e-19
1.2742848e-10
-2.9851722e-19
1.9426879e-19
1.8838283e-10
-3.2089654e-19
1.9584539e-19
2.3656652e-10
-3.1285852e-19
1.3797766e-19
2.7459701e-10
-2.836706e-19
4.0507822e-20
3.0426063e-10
-2.3658086e-19
-6.2627204e-20
3.2679046e-10
-1.7056413e-19
-1.4064895e-19
3.4303815e-10
-8.77617e-20
-1.7671978e-19
3.5357678e-10
4.1369007e-21
-1.696776e-19
3.5876113e-10
9.3870806e-20
-1.296671e-19
3.5876113e-10
1.7047655e-19
-7.1563967e-20
3.5357678e-10
2.2706641e-19
-1.0050267e-20
3.4303815e-10
2.6115606e-19
4.2899868e-20
3.2679046e-10
2.7051862e-19
7.9671743e-20
3.0426063e-10
2.4867044e-19
9.8469313e-20
2.7459701e-10
1.9194872e-19
1.0348887e-19
2.3656652e-10
1.1942564e-19
1.0024424e-19
1.8838283e-10
6.6979204e-20
8.6573067e-20
1.2742848e-10
4.5507895e-20
4.9849562e-11
-1.0769561e-19
6.1915943e-21
3.5939364e-11
-1.8135736e-19
8.9221282e-20
8.8069255e-11
-2.6679682e-19
1.453556e-19
1.2742848e-10
-3.3464801e-19
1.6429817e-19
1.5787095e-10
-3.604099e-19
1.3739198e-19
1.8160885e-10
-3.3871893e-19
7.1994689e-20
1.9999475e-10
-2.7393202e-19
-1.0344089e-20
2.1390031e-10
-1.7682944e-19
-8.45675e-20
2.239027e-10
-6.3293312e-20
-1.3185923e-19
2.3038048e-10
4.9332042e-20
-1.44797e-19
2.3356451e-10
1.4644214e-19
-1.2698113e-19
2.3356451e-10
2.1838312e-19
-8.8798708e-20
2.3038048e-10
2.6169982e-19
-4.2859943e-20
2.239027e-10
2.7796955e-19
-2.4545573e-22
2.1390031e-10
2.6982281e-19
3.1661392e-20
1.9999475e-10
2.3626468e-19
5.0663109e-20
1.8160885e-10
1.7680983e-19
5.9290662e-20
1.5787095e-10
1.0829396e-19
6.1034687e-20
1.2742848e-10
6.1319248e-20
5.5686685e-20
8.8069255e-11
3.2137801e-20
3.5939364e-11
-1.6198748e-20
1.6236676e-11
-6.0099035e-20
3.5939364e-11
-1.305351e-19
4.9849562e-11
-1.9919904e-19
6.0338636e-11
-2.4053902e-19
6.8431339e-11
-2.4204608e-19
7.4667885e-11
-2.0246623e-19
7.937201e-11
-1.308637e-19
8.2750524e-11
-4.3693635e-20
8.4936587e-11
4.1241882e-20
8.6010607e-11
1.1039238e-19
8.6010607e-11
1.5648399e-19
8.4936587e-11
1.7860249e-19
8.2750524e-11
1.8047258e-19
7.937201e-11
1.6722903e-19
7.4667885e-11
1.4134562e-19
6.8431339e-11
1.0304299e-19
6.0338636e-11
6.0865668e-20
4.9849562e-11
3.5737942e-20
3.5939364e-11
1.6236676e-11
-3.4527054e-21
-1.184526e-20
1.6236676e-11
1.5854174e-20
-5.3061123e-21
3.5939364e-11
2.1010076e-20
-3.4373205e-21
4.9849562e-11
1.2636812e-20
-8.0259019e-21
6.0338636e-11
-5.3112565e-21
-1.2434586e-20
6.8431339e-11
-2.8360521e-20
-1.1377897e-20
7.4667885e-11
-4.8552915e-20
-3.8201415e-21
7.937201e-11
-5.5713163e-20
5.5507375e-21
8.2750524e-11
-4.2331016e-20
8.5038249e-21
8.4936587e-11
-7.9183778e-21
-2.195176e-21
8.6010607e-11
3.9494015e-20
-2.8847209e-20
8.6010607e-11
8.5288156e-20
-6.7337333e-20
8.4936587e-11
1.1379978e-19
-1.0808865e-19
8.2750524e-11
1.1498185e-19
-1.3903443e-19
7.937201e-11
8.879287e-20
-1.4951302e-19
7.4667885e-11
4.4723449e-20
-1.336238e-19
6.8431339e-11
-1.7303797e-21
-9.3152888e-20
6.0338636e-11
-3.0941822e-20
-3.8997665e-20
4.9849562e-11
-2.8499938e-20
1.017229e-20
3.5939364e-11
3.4821209e-20
1.6236676e-11
1.0789737e-20
-6.5879145e-21
3.5939364e-11
3.9304007e-20
-1.4961645e-21
8.8069255e-11
4.7191686e-20
-2.5913922e-21
1.2742848e-10
3.4821947e-20
-1.3519993e-20
1.5787095e-10
7.0191112e-21
-2.6605818e-20
1.8160884e-10
-3.1974209e-20
-3.2456726e-20
1.9999475e-10
-7.2683161e-20
-2.744799e-20
2.1390031e-10
-9.9570296e-20
-1.6722817e-20
2.239027e-10
-9.7463015e-20
-1.1150852e-20
2.3038048e-10
-5.9621548e-20
-2.0483098e-20
2.3356451e-10
7.330633e-21
-4.7803358e-20
2.3356451e-10
8.4666213e-20
-8.8368989e-20
2.3038048e-10
1.483846e-19
-1.3226405e-19
2.239027e-10
1.7894227e-19
-1.679061e-19
2.1390031e-10
1.6880304e-19
-1.8444666e-19
1.9999475e-10
1.2360693e-19
-1.7350858e-19
1.8160884e-10
6.0846021e-20
-1.3193549e-19
1.5787095e-10
1.0159143e-20
-6.7353444e-20
1.2742848e-10
-7.1031142e-22
-1.2695678e-21
8.8069255e-11
3.6919655e-20
3.5939364e-11
1.6154183e-20
-1.3678098e-20
4.9849562e-11
4.3507991e-20
-1.5380295e-20
1.2742848e-10
4.9326544e-20
-2.0670556e-20
1.8838283e-10
3.7647875e-20
-3.7576646e-20
2.3656652e-10
1.2930828e-20
-5.9534569e-20
2.7459701e-10
-2.4647981e-20
-7.3886202e-20
3.0426063e-10
-7.0334909e-20
-7.2302199e-20
3.2679046e-10
-1.09935e-19
-5.7007623e-20
3.4303815e-10
-1.2491609e-19
-3.949698e-20
3.5357678e-10
-1.0236546e-19
-3.2704685e-20
3.5876113e-10
-4.3357231e-20
-4.3342157e-20
3.5876113e-10
3.598053e-20
-6.9622443e-20
3.5357678e-10
1.1179894e-19
-1.044266e-19
3.4303815e-10
1.6336021e-19
-1.3964286e-19
3.2679046e-10
1.8062124e-19
-1.6787463e-19
3.0426063e-10
1.6399737e-19
-1.8069492e-19
2.7459701e-10
1.2205777e-19
-1.6838899e-19
2.3656652e-10
7.5461683e-20
-1.2600811e-19
1.8838283e-10
4.8350704e-20
-6.225006e-20
1.2742848e-10
2.0722361e-21
4.9849562e-11
1.2036855e-20
-2.8182594e-20
6.0338636e-11
3.0123065e-20
-3.8308177e-20
1.5787095e-10
2.8928733e-20
-4.355885e-20
2.3656652e-10
1.8349442e-20
-6.0029582e-20
2.9987395e-10
3.5364918e-21
-8.5888084e-20
3.5041072e-10
-2.037571e-20
-1.0736525e-19
3.9011898e-10
-5.6993168e-20
-1.1069922e-19
4.2042142e-10
-9.8656269e-20
-9.2542694e-20
4.4234134e-10
-1.2700024e-19
-6.2377936e-20
4.5658603e-10
-1.2364916e-19
-3.6154509e-20
4.6360076e-10
-8.2616384e-20
-2.6251687e-20
4.6360076e-10
-1.5145877e-20
-3.5790739e-20
4.5658603e-10
5.730208e-20
-6.0048448e-20
4.4234134e-10
1.158001e-19
-9.2591733e-20
4.2042142e-10
1.5289517e-19
-1.2875975e-19
3.9011898e-10
1.6897054e-19
-1.6346102e-19
3.5041072e-10
1.6383707e-19
-1.8616432e-19
2.9987395e-10
1.3970276e-19
-1.8144864e-19
2.3656652e-10
1.0194692e-19
-1.380424e-19
1.5787095e-10
-5.2046753e-20
6.0338636e-11
6.0750443e-21
-4.4934478e-20
6.8431339e-11
1.0052074e-20
-6.1333935e-20
1.8160884e-10
-3.0251856e-21
-6.0038573e-20
2.7459701e-10
-1.6372574e-20
-6.6852315e-20
3.5041072e-10
-2.1226577e-20
-8.7752741e-20
4.1151161e-10
-2.5488179e-20
-1.1163047e-19
4.5984183e-10
-4.2091315e-20
-1.2103917e-19
4.9689356e-10
-7.3909601e-20
-1.0579063e-19
5.2377843e-10
-1.0760937e-19
-7.0141821e-20
5.4128392e-10
-1.2147803e-19
-3.0009571e-20
5.499138e-10
-1.0146224e-19
-3.1291238e-21
5.499138e-10
-5.1517341e-20
1.1450948e-21
5.4128392e-10
9.9455545e-21
-1.5501803e-20
5.2377843e-10
6.5185346e-20
-4.5781947e-20
4.9689356e-10
1.0959881e-19
-8.445365e-20
4.5984183e-10
1.4747989e-19
-1.2980801e-19
4.1151161e-10
1.7596884e-19
-1.7646573e-19
3.5041072e-10
1.8029649e-19
-2.0740368e-19
2.7459701e-10
1.4101234e-19
-1.9492974e-19
1.8160884e-10
-1.0444238e-19
6.8431339e-11
5.4111783e-21
-6.1103169e-20
7.4667885e-11
-3.9146793e-21
-8.1495205e-20
1.9999475e-10
-3.1562805e-20
-6.9110691e-20
3.0426063e-10
-5.3470594e-20
-5.8176441e-20
3.9011898e-10
-5.4312239e-20
-6.419125e-20
4.5984183e-10
-4.053502e-20
-8.2356775e-20
5.1530186e-10
-3.2291424e-20
-9.5928174e-20
5.5799122e-10
-4.474826e-20
-8.9338448e-20
5.8905357e-10
-7.4478326e-20
-5.8871452e-20
6.0931608e-10
-1.0109572e-19
-1.5520714e-20
6.193154e-10
-1.0302321e-19
2.1781363e-20
6.193154e-10
-7.4056096e-20
3.7729734e-20
6.0931608e-10
-2.6566782e-20
2.8948642e-20
5.8905357e-10
2.2030787e-20
2.212613e-21
5.5799122e-10
6.6145163e-20
-3.482237e-20
5.1530186e-10
1.1251286e-19
-8.1049992e-20
4.5984183e-10
1.6030367e-19
-1.3736645e-19
3.9011898e-10
1.8648458e-19
-1.9246362e-19
3.0426063e-10
1.5256456e-19
-2.1194451e-19
1.9999475e-10
-1.3712659e-19
7.4667885e-11
1.4411108e-20
-7.2149083e-20
7.937201e-11
-2.7816119e-21
-9.5763319e-20
2.1390031e-10
-4.3618514e-20
-7.2654706e-20
3.2679046e-10
-7.8615286e-20
-4.1372602e-20
4.2042142e-10
-8.4244688e-20
-2.5547773e-20
4.9689356e-10
-6.1139887e-20
-2.9572937e-20
5.5799122e-10
-3.1433313e-20
-4.2140266e-20
6.0517456e-10
-2.049841e-20
-4.6522925e-20
6.3958723e-10
-3.7633956e-20
-3.1310114e-20
6.6207012e-10
-6.9465184e-20
2.0725198e-21
6.7317499e-10
-9.1045802e-20
3.9982629e-20
6.7317499e-10
-8.5205018e-20
6.5445372e-20
6.6207012e-10
-5.4323508e-20
6.8994044e-20
6.3958723e-10
-1.3470364e-20
5.2814611e-20
6.0517456e-10
2.7713327e-20
2.4160251e-20
5.5799122e-10
7.3175131e-20
-1.492152e-20
4.9689356e-10
1.2437483e-19
-6.9092873e-20
4.2042142e-10
1.5928501e-19
-1.3467519e-19
3.2679046e-10
1.3352432e-19
-1.8007428e-19
2.1390031e-10
-1.3750674e-19
7.937201e-11
3.1934445e-20
-7.1269977e-20
8.2750524e-11
1.4780246e-20
-9.7736131e-20
2.239027e-10
-3.3361801e-20
-6.9927682e-20
3.4303815e-10
-8.1779417e-20
-2.3249865e-20
4.4234134e-10
-1.001424e-19
1.4443206e-20
5.2377843e-10
-8.0225913e-20
2.9326078e-20
5.8905357e-10
-4.0215947e-20
2.351913e-20
6.3958723e-10
-9.7022426e-21
1.0224242e-20
6.7650936e-10
-9.0502155e-21
4.9817234e-21
7.0066082e-10
-3.578516e-20
1.6813126e-20
7.1259813e-10
-6.818648e-20
4.2864029e-20
7.1259813e-10
-8.2292532e-20
7.1146204e-20
7.0066082e-10
-6.9402201e-20
8.9320889e-20
6.7650936e-10
-3.8696421e-20
9.2347229e-20
6.3958723e-10
-2.9472315e-21
8.2117408e-20
5.8905357e-10
3.5197173e-20
5.9162522e-20
5.2377843e-10
7.7022189e-20
1.742731e-20
4.4234134e-10
1.0758676e-19
-4.5175506e-20
3.4303815e-10
9.0295867e-20
-1.0552979e-19
2.239027e-10
-1.0367222e-19
8.2750524e-11
5.0833826e-20
-5.2250878e-20
8.4936587e-11
4.1232355e-20
-7.9738449e-20
2.3038048e-10
-4.6098825e-21
-5.7040021e-20
3.5357678e-10
-6.143459e-20
-6.8383942e-21
4.5658603e-10
-9.6223705e-20
4.5010952e-20
5.4128392e-10
-9.144609e-20
7.7366441e-20
6.0931608e-10
-5.6249868e-20
8.2055747e-20
6.6207012e-10
-1.7219924e-20
6.4995455e-20
7.0066082e-10
2.1754151e-22
4.1210447e-20
7.2592437e-10
-1.2048464e-20
2.6743182e-20
7.3841724e-10
-4.0957148e-20
3.0472744e-20
7.3841724e-10
-6.3402622e-20
5.0550163e-20
7.2592437e-10
-6.4035693e-20
7.7556056e-20
7.0066082e-10
-4.5026232e-20
1.0162952e-19
6.6207012e-10
-1.9009093e-20
1.1675414e-19
6.0931608e-10
5.7550943e-21
1.1832851e-19
5.4128392e-10
2.9143377e-20
9.8631701e-20
4.5658603e-10
4.600137e-20
5.1797718e-20
3.5357678e-10
3.634601e-20
-9.8284966e-21
2.3038048e-10
-4.6280832e-20
8.4936587e-11
6.0079748e-20
-1.3423e-20
8.6010607e-11
6.2794818e-20
-3.7251142e-20
2.3356451e-10
3.0573624e-20
-2.9886478e-20
3.5876113e-10
-2.481219e-20
8.2532371e-21
4.6360076e-10
-7.3881167e-20
6.0805536e-20
5.499138e-10
-9.154992e-20
1.0348464e-19
6.193154e-10
-7.5076163e-20
1.1895545e-19
6.7317499e-10
-4.1807494e-20
1.0447261e-19
7.1259813e-10
-1.5119248e-20
7.0632986e-20
7.3841724e-10
-9.024706e-21
3.5083072e-20
7.5118791e-10
-2.0528462e-20
1.4293772e-20
7.5118791e-10
-3.4308737e-20
1.6679059e-20
7.3841724e-10
-3.6284164e-20
4.0341243e-20
7.1259813e-10
-2.5193148e-20
7.6160897e-20
6.7317499e-10
-1.1521368e-20
1.1315025e-19
6.193154e-10
-5.2058868e-21
1.4100963e-19
5.499138e-10
-5.9435276e-21
1.4894598e-19
4.6360076e-10
-8.1000829e-21
1.2777148e-19
3.5876113e-10
-1.2224214e-20
7.8444087e-20
2.3356451e-10
1.6134234e-20
8.6010607e-11
4.9230483e-20
3.9575413e-20
8.6010607e-11
6.4521887e-20
2.6910127e-20
2.3356451e-10
5.623909e-20
1.2350615e-20
3.5876113e-10
1.5076528e-20
2.3609096e-20
4.6360076e-10
-4.0287421e-20
6.0829934e-20
5.499138e-10
-8.0883704e-20
1.0280978e-19
6.193154e-10
-9.1346007e-20
1.2640003e-19
6.7317499e-10
-7.612536e-20
1.206748e-19
7.1259813e-10
-5.0867013e-20
8.941238e-20
7.3841724e-10
-2.9749409e-20
4.6742277e-20
7.5118791e-10
-1.7042714e-20
1.026416e-20
7.5118791e-10
-7.6918406e-21
-6.0284525e-21
7.3841724e-10
4.4028378e-21
3.484378e-21
7.1259813e-10
1.7770133e-20
3.5170018e-20
6.7317499e-10
2.2542669e-20
7.9268849e-20
6.193154e-10
9.9534582e-21
1.2369476e-19
5.499138e-10
-1.61286e-20
1.5574696e-19
4.6360076e-10
-3.9134216e-20
1.6274869e-19
3.5876113e-10
-4.1910575e-20
1.3505367e-19
2.3356451e-10
6.4768977e-20
8.6010607e-11
1.3344455e-20
9.3374844e-20
8.4936587e-11
3.6120467e-20
1.0089144e-19
2.3038048e-10
5.7544787e-20
6.5445845e-20
3.5357678e-10
4.3122369e-20
4.0732099e-20
4.5658603e-10
-5.9263956e-21
4.7792576e-20
5.4128392e-10
-6.2107016e-20
7.6003562e-20
6.0931608e-10
-9.9382167e-20
1.0222956e-19
6.6207012e-10
-1.0825761e-19
1.0947994e-19
7.0066082e-10
-9.3900331e-20
9.3750135e-20
7.2592437e-10
-6.6218945e-20
6.2081519e-20
7.3841724e-10
-3.2308953e-20
2.7113098e-20
7.3841724e-10
4.7657537e-21
1.8471274e-21
7.2592437e-10
4.1358924e-20
-4.7585539e-21
7.0066082e-10
6.8668816e-20
9.865526e-21
6.6207012e-10
7.3929192e-20
4.2261317e-20
6.0931608e-10
4.9160252e-20
8.4749399e-20
5.4128392e-10
2.6649944e-21
1.267671e-19
4.5658603e-10
-3.9209507e-20
1.5424699e-19
3.5357678e-10
-4.6463255e-20
1.4925297e-19
2.3038048e-10
8.7776213e-20
8.4936587e-11
-4.2752221e-20
1.3061832e-19
8.2750524e-11
-2.2542804e-20
1.6565112e-19
2.239027e-10
2.558501e-20
1.2018904e-19
3.4303815e-10
4.5395731e-20
6.1681267e-20
4.4234134e-10
1.7166958e-20
2.9923278e-20
5.2377843e-10
-3.9991144e-20
3.1359119e-20
5.8905357e-10
-9.4485624e-20
5.0793438e-20
6.3958723e-10
-1.2499904e-19
6.9880592e-20
6.7650936e-10
-1.2600869e-19
7.7612639e-20
7.0066082e-10
-1.0130026e-19
7.2020602e-20
7.1259813e-10
-5.6847043e-20
5.7043756e-20
7.1259813e-10
6.6074499e-22
3.9205127e-20
7.0066082e-10
6.0854851e-20
2.5259322e-20
6.7650936e-10
1.07756e-19
2.0691382e-20
6.3958723e-10
1.2346977e-19
2.9202999e-20
5.8905357e-10
9.8267817e-20
5.1720727e-20
5.2377843e-10
4.2294487e-20
8.4652285e-20
4.4234134e-10
-1.2429442e-20
1.166853e-19
3.4303815e-10
-2.8859881e-20
1.2675313e-19
2.239027e-10
8.3775477e-20
8.2750524e-11
-1.0371479e-19
1.373885e-19
7.937201e-11
-9.8535375e-20
2.0154217e-19
2.1390031e-10
-3.7666066e-20
1.6493418e-19
3.2679046e-10
1.3098323e-20
8.9025486e-20
4.2042142e-10
1.6386235e-20
2.197817e-20
4.9689356e-10
-2.3187331e-20
-1.1940338e-20
5.5799122e-10
-7.6828906e-20
-1.23949e-20
6.0517456e-10
-1.1730882e-19
8.2186061e-21
6.3958723e-10
-1.3091852e-19
3.5911144e-20
6.6207012e-10
-1.1533432e-19
6.0505477e-20
6.7317499e-10
-7.3245899e-20
7.6301907e-20
6.7317499e-10
-1.0561263e-20
8.0830291e-20
6.6207012e-10
6.0996533e-20
7.4322789e-20
6.3958723e-10
1.2254513e-19
6.0568348e-20
6.0517456e-10
1.5247919e-19
4.6848882e-20
5.5799122e-10
1.3735901e-19
4.2084926e-20
4.9689356e-10
8.4809448e-20
5.1903177e-20
4.2042142e-10
2.652592e-20
7.207013e-20
3.2679046e-10
7.0714666e-23
8.4801135e-20
2.1390031e-10
6.0937599e-20
7.937201e-11
-1.4865189e-19
1.1083219e-19
7.4667885e-11
-1.6798719e-19
1.9734198e-19
1.9999475e-10
-1.1681407e-19
1.8948851e-19
3.0426063e-10
-5.2289247e-20
1.2382351e-19
3.9011898e-10
-1.8231798e-20
4.0528399e-20
4.5984183e-10
-2.5337735e-20
-2.6267387e-20
5.1530186e-10
-5.6482989e-20
-5.8699397e-20
5.5799122e-10
-8.7688148e-20
-5.5532449e-20
5.8905357e-10
-1.0284595e-19
-2.6208819e-20
6.0931608e-10
-9.5353954e-20
1.6140399e-20
6.193154e-10
-6.4141229e-20
5.8730007e-20
6.193154e-10
-1.1692753e-20
9.0685309e-20
6.0931608e-10
5.3842613e-20
1.0429832e-19
5.8905357e-10
1.1628545e-19
9.7477156e-20
5.5799122e-10
1.545534e-19
7.5851602e-20
5.1530186e-10
1.5249659e-19
5.1474415e-20
4.5984183e-10
1.1227407e-19
3.7092014e-20
3.9011898e-10
5.950511e-20
3.7163557e-20
3.0426063e-10
2.6764959e-20
4.2307323e-20
1.9999475e-10
3.2004418e-20
7.4667885e-11
-1.5975345e-19
6.1546451e-20
6.8431339e-11
-2.0451137e-19
1.5587193e-19
1.8160885e-10
-1.8548864e-19
1.881947e-19
2.7459701e-10
-1.350571e-19
1.607927e-19
3.5041072e-10
-8.7246006e-20
9.1067727e-20
4.1151161e-10
-6.0788173e-20
8.7748143e-21
4.5984183e-10
-5.3867205e-20
-5.7395247e-20
4.9689356e-10
-5.4959802e-20
-9.0059629e-20
5.2377843e-10
-5.3567825e-20
-8.5859836e-20
5.4128392e-10
-4.3658084e-20
-5.2164427e-20
5.499138e-10
-2.1933515e-20
-2.2936946e-21
5.499138e-10
1.2998419e-20
4.8182781e-20
5.4128392e-10
5.8814841e-20
8.4691869e-20
5.2377843e-10
1.0641804e-19
9.7696749e-20
4.9689356e-10
1.4008354e-19
8.6370147e-20
4.5984183e-10
1.446009e-19
5.989729e-20
4.1151161e-10
1.1704546e-19
3.2874853e-20
3.5041072e-10
7.4622676e-20
1.6503075e-20
2.7459701e-10
4.1678835e-20
1.1344062e-20
1.8160884e-10
7.8978156e-21
6.8431339e-11
-1.3115895e-19
9.3834712e-21
6.0338636e-11
-1.9091556e-19
9.4055399e-20
1.5787095e-10
-2.1567391e-19
1.6139954e-19
2.3656652e-10
-2.0668056e-19
1.8505544e-19
2.9987395e-10
-1.7431571e-19
1.5488866e-19
3.5041072e-10
-1.3219403e-19
8.3661512e-20
3.9011898e-10
-8.8475307e-20
-1.6748008e-21
4.2042142e-10
-4.7213137e-20
-7.3099111e-20
4.4234134e-10
-1.0898562e-20
-1.117192e-19
4.5658603e-10
1.917025e-20
-1.1183367e-19
4.6360076e-10
4.3932882e-20
-7.9609658e-20
4.6360076e-10
6.6358117e-20
-2.9410345e-20
4.5658603e-10
8.945565e-20
2.0816737e-20
4.4234134e-10
1.1238763e-19
5.5056961e-20
4.2042142e-10
1.2834281e-19
6.4678291e-20
3.9011898e-10
1.2731065e-19
5.1917454e-20
3.5041072e-10
1.0500889e-19
2.802864e-20
2.9987395e-10
7.1616209e-20
6.6351666e-21
2.3656652e-10
4.3033792e-20
-4.3694689e-21
1.5787095e-10
-5.5989968e-21
6.0338636e-11
-7.3427681e-20
-2.3563356e-20
4.9849562e-11
-1.2982973e-19
3.8895048e-20
1.2742848e-10
-1.9125475e-19
1.1884918e-19
1.8838283e-10
-2.3482837e-19
1.7901289e-19
2.3656652e-10
-2.439316e-19
1.9133319e-19
2.7459701e-10
-2.1545539e-19
1.4971877e-19
3.0426063e-10
-1.5581647e-19
6.9901137e-20
3.2679046e-10
-7.8859917e-20
-2.0227582e-20
3.4303815e-10
-1.3978859e-21
-9.2738371e-20
3.5357678e-10
6.2721261e-20
-1.2952477e-19
3.5876113e-10
1.0641397e-19
-1.2649718e-19
3.5876113e-10
1.2970978e-19
-9.236788e-20
3.5357678e-10
1.3793023e-19
-4.3744811e-20
3.4303815e-10
1.3693005e-19
8.2775276e-22
3.2679046e-10
1.2942717e-19
2.782024e-20
3.0426063e-10
1.134286e-19
3.2864299e-20
2.7459701e-10
8.7629562e-20
2.1732427e-20
2.3656652e-10
5.862088e-20
5.8826063e-21
1.8838283e-10
3.5563524e-20
-4.5874336e-21
1.2742848e-10
-6.6509825e-21
4.9849562e-11
-1.1061828e-20
-2.4573254e-20
3.5939364e-11
-4.6576226e-20
1.2819926e-20
8.8069255e-11
-1.1831198e-19
7.4073408e-20
1.2742848e-10
-1.9678408e-19
1.3063324e-19
1.5787095e-10
-2.4922891e-19
1.5685132e-19
1.8160885e-10
-2.548527e-19
1.4022732e-19
1.9999475e-10
-2.0903526e-19
8.5853236e-20
2.1390031e-10
-1.244459e-19
1.2743902e-20
2.239027e-10
-2.4778856e-20
-5.5171866e-20
2.3038048e-10
6.5700105e-20
-9.8878119e-20
2.3356451e-10
1.3025973e-19
-1.1031591e-19
2.3356451e-10
1.6293855e-19
-9.300015e-20
2.3038048e-10
1.6736524e-19
-5.8513075e-20
2.239027e-10
1.5268724e-19
-2.129158e-20
2.1390031e-10
1.280123e-19
6.7127235e-21
1.9999475e-10
9.892385e-20
1.9923318e-20
1.8160884e-10
6.851501e-20
1.985935e-20
1.5787095e-10
4.2392257e-20
1.3038694e-20
1.2742848e-10
2.5603634e-20
6.8395723e-21
8.8069255e-11
2.8964e-21
3.5939364e-11
2.6853687e-20
1.6236676e-11
2.1111754e-20
3.5939364e-11
-2.1373972e-20
4.9849562e-11
-8.4028612e-20
6.0338636e-11
-1.419313e-19
6.8431339e-11
-1.7222877e-19
7.4667885e-11
-1.6202095e-19
7.937201e-11
-1.1391932e-19
8.2750524e-11
-4.3852926e-20
8.4936587e-11
2.7368874e-20
8.6010607e-11
8.2504594e-20
8.6010607e-11
1.1269529e-19
8.4936587e-11
1.1799483e-19
8.2750524e-11
1.0492795e-19
7.937201e-11
8.2382893e-20
7.4667885e-11
5.7691979e-20
6.8431339e-11
3.534942e-20
6.0338636e-11
1.9324285e-20
4.9849562e-11
1.2801875e-20
3.5939364e-11
1.6236676e-11
9.9553994e-21
6.8307118e-21
1.6236676e-11
2.1792713e-20
1.1418458e-20
3.5939364e-11
3.1527595e-20
7.6646865e-21
4.9849562e-11
3.1545775e-20
-5.6048488e-22
6.0338636e-11
2.0941519e-20
-7.5760509e-21
6.8431339e-11
3.9372515e-21
-9.14577e-21
7.4667885e-11
-1.3248381e-20
-4.8913368e-21
7.937201e-11
-2.3828617e-20
1.3174358e-21
8.2750524e-11
-2.221908e-20
2.6815564e-21
8.4936587e-11
-6.7469105e-21
-7.0827565e-21
8.6010607e-11
1.839508e-20
-3.0117781e-20
8.6010607e-11
4.3830807e-20
-6.2024701e-20
8.4936587e-11
5.8299043e-20
-9.2468175e-20
8.2750524e-11
5.3978527e-20
-1.08584e-19
7.937201e-11
3.145209e-20
-1.0060254e-19
7.4667885e-11
8.784632e-22
-6.7504451e-20
6.8431339e-11
-2.3073411e-20
-1.9293329e-20
6.0338636e-11
-3.0262676e-20
2.5965703e-20
4.9849562e-11
-2.1412127e-20
4.9055152e-20
3.5939364e-11
3.3019946e-20
1.6236676e-11
1.8535548e-20
1.3135388e-20
3.5939364e-11
3.962396e-20
2.1029962e-20
8.8069255e-11
5.825481e-20
1.4901062e-20
1.2742848e-10
6.3133255e-20
-1.0712814e-21
1.5787095e-10
5.030779e-20
-1.8671021e-20
1.8160884e-10
2.2957939e-20
-2.9495313e-20
1.9999475e-10
-1.1281986e-20
-2.9651194e-20
2.1390031e-10
-4.1528644e-20
-2.2435019e-20
2.239027e-10
-5.5464959e-20
-1.728114e-20
2.3038048e-10
-4.4504998e-20
-2.4707126e-20
2.3356451e-10
-8.7814864e-21
-5.0128974e-20
2.3356451e-10
4.0914085e-20
-8.9736216e-20
2.3038048e-10
8.619868e-20
-1.3081363e-19
2.239027e-10
1.0850867e-19
-1.5607245e-19
2.1390031e-10
9.802723e-20
-1.5106702e-19
1.9999475e-10
6.0249534e-20
-1.113735e-19
1.8160884e-10
1.3627958e-20
-4.6932495e-20
1.5787095e-10
-2.014528e-20
2.0033347e-20
1.2742848e-10
-2.8043899e-20
6.2350165e-20
8.8069255e-11
5.3412144e-20
3.5939364e-11
1.7081455e-20
1.7222364e-20
4.9849562e-11
3.8410063e-20
2.799052e-20
1.2742848e-10
5.8102057e-20
2.0167334e-20
1.8838283e-10
6.6510563e-20
-4.5743265e-21
2.3656652e-10
5.8960699e-20
-3.7242126e-20
2.7459701e-10
3.5239873e-20
-6.4670385e-20
3.0426063e-10
-1.3775908e-21
-7.6220797e-20
3.2679046e-10
-4.2338664e-20
-6.9710509e-20
3.4303815e-10
-7.3202809e-20
-5.3276364e-20
3.5357678e-10
-7.9151947e-20
-4.1198747e-20
3.5876113e-10
-5.2339144e-20
-4.5661722e-20
3.5876113e-10
2.4414628e-21
-7.0146587e-20
3.5357678e-10
6.8049595e-20
-1.0708491e-19
3.4303815e-10
1.208452e-19
-1.4059031e-19
3.2679046e-10
1.4111056e-19
-1.5284095e-19
3.0426063e-10
1.2262704e-19
-1.3204068e-19
2.7459701e-10
7.6984826e-20
-7.9203118e-20
2.3656652e-10
2.822154e-20
-1.1000151e-20
1.8838283e-10
-8.9120028e-22
4.4292955e-20
1.2742848e-10
5.3960475e-20
4.9849562e-11
9.6769107e-21
1.3428709e-20
6.0338636e-11
2.3441618e-20
2.5182287e-20
1.5787095e-10
3.5101907e-20
1.9305307e-20
2.3656652e-10
4.1592364e-20
-8.254664e-21
2.9987395e-10
4.1383772e-20
-5.186682e-20
3.5041072e-10
3.1599719e-20
-9.6598371e-20
3.9011898e-10
8.1364402e-21
-1.2486147e-19
4.2042142e-10
-2.8547443e-20
-1.2551998e-19
4.4234134e-10
-6.8117809e-20
-1.0031848e-19
4.5658603e-10
-9.2735596e-20
-6.3470139e-20
4.6360076e-10
-8.6163028e-20
-3.4056497e-20
4.6360076e-10
-4.3157671e-20
-2.6316342e-20
4.5658603e-10
2.6601685e-20
-4.3193334e-20
4.4234134e-10
1.0123954e-19
-7.5611106e-20
4.2042142e-10
1.5522076e-19
-1.061908e-19
3.9011898e-10
1.7028601e-19
-1.1645148e-19
3.5041072e-10
1.4449658e-19
-9.5557592e-20
2.9987395e-10
9.4428505e-20
-4.7998185e-20
2.3656652e-10
4.4382822e-20
5.0746755e-21
1.5787095e-10
3.3329935e-20
6.0338636e-11
2.6960443e-21
2.0214841e-21
6.8431339e-11
4.518115e-21
1.1572249e-20
1.8160884e-10
1.7922801e-22
1.2071158e-20
2.7459701e-10
-3.8731742e-21
-7.976687e-21
3.5041072e-10
-1.2850435e-21
-5.0672945e-20
4.1151161e-10
6.4192027e-21
-1.0525031e-19
4.5984183e-10
8.6578349e-21
-1.5139292e-19
4.9689356e-10
-5.8450202e-21
-1.6898251e-19
5.2377843e-10
-3.7428255e-20
-1.4891668e-19
5.4128392e-10
-7.2066331e-20
-9.8777448e-20
5.499138e-10
-8.8542717e-20
-3.910594e-20
5.499138e-10
-7.0707921e-20
6.7910115e-21
5.4128392e-10
-1.6267048e-20
2.3420524e-20
5.2377843e-10
6.1385344e-20
8.6795182e-21
4.9689356e-10
1.3813564e-19
-2.6189697e-20
4.5984183e-10
1.8778176e-19
-6.1598391e-20
4.1151161e-10
1.9309897e-19
-7.8044506e-20
3.5041072e-10
1.5509116e-19
-6.6402581e-20
2.7459701e-10
9.0411881e-20
-3.3748644e-20
1.8160884e-10
1.7574501e-21
6.8431339e-11
1.3636964e-21
-1.2907186e-20
7.4667885e-11
-7.9945713e-21
-9.4525489e-21
1.9999475e-10
-3.1900243e-20
-6.3628877e-22
3.0426063e-10
-5.4821065e-20
-3.6094556e-21
3.9011898e-10
-5.9734895e-20
-3.0062883e-20
4.5984183e-10
-4.0836149e-20
-7.9107597e-20
5.1530186e-10
-9.8529563e-21
-1.3542566e-19
5.5799122e-10
1.141517e-20
-1.7498998e-19
5.8905357e-10
7.3558904e-21
-1.7741804e-19
6.0931608e-10
-1.9759348e-20
-1.3723113e-19
6.193154e-10
-5.0997965e-20
-6.7404905e-20
6.193154e-10
-6.2581593e-20
6.9941473e-21
6.0931608e-10
-3.8882128e-20
6.0652013e-20
5.8905357e-10
2.0320175e-20
7.8412388e-20
5.5799122e-10
9.9397367e-20
5.9910245e-20
5.1530186e-10
1.7133786e-19
1.8467056e-20
4.5984183e-10
2.0681812e-19
-2.4925826e-20
3.9011898e-10
1.8887813e-19
-5.0975763e-20
3.0426063e-10
1.2010302e-19
-5.0674705e-20
1.9999475e-10
-2.4672523e-20
7.4667885e-11
7.2960681e-21
-2.5933136e-20
7.937201e-11
-7.6806485e-21
-3.2560142e-20
2.1390031e-10
-4.7691433e-20
-1.8436718e-20
3.2679046e-10
-9.2860423e-20
-1.0432044e-21
4.2042142e-10
-1.1663113e-19
9.7273517e-22
4.9689356e-10
-1.0146646e-19
-2.4025087e-20
5.5799122e-10
-5.2067363e-20
-7.3016468e-20
6.0517456e-10
6.094246e-21
-1.2728694e-19
6.3958723e-10
4.3369973e-20
-1.6058996e-19
6.6207012e-10
4.4727666e-20
-1.5293672e-19
6.7317499e-10
1.7641613e-20
-1.016088e-19
6.7317499e-10
-1.4316791e-20
-2.2832727e-20
6.6207012e-10
-2.5500688e-20
5.6309959e-20
6.3958723e-10
-6.7593198e-22
1.0991632e-19
6.0517456e-10
5.8236494e-20
1.2336815e-19
5.5799122e-10
1.3090834e-19
9.750849e-20
4.9689356e-10
1.8359803e-19
4.7203628e-20
4.2042142e-10
1.8509495e-19
-4.809324e-21
3.2679046e-10
1.2345181e-19
-3.6976743e-20
2.1390031e-10
-3.4055276e-20
7.937201e-11
1.7331395e-20
-3.1349418e-20
8.2750524e-11
4.5274283e-21
-5.0456494e-20
2.239027e-10
-4.0992403e-20
-3.8848061e-20
3.4303815e-10
-1.0289362e-19
-7.1522794e-21
4.4234134e-10
-1.5117743e-19
2.5565536e-20
5.2377843e-10
-1.5666505e-19
3.770722e-20
5.8905357e-10
-1.1015813e-19
1.6598521e-20
6.3958723e-10
-3.0093689e-20
-3.2731447e-20
6.7650936e-10
4.8048181e-20
-8.8323587e-20
7.0066082e-10
9.2792354e-20
-1.2160016e-19
7.1259813e-10
9.325186e-20
-1.1221896e-19
7.1259813e-10
6.2302203e-20
-5.8722107e-20
7.0066082e-10
2.6750653e-20
2.0724818e-20
6.7650936e-10
1.3138432e-20
9.7401807e-20
6.3958723e-10
3.5137156e-20
1.4464758e-19
5.8905357e-10
8.5497232e-20
1.482766e-19
5.2377843e-10
1.3531042e-19
1.1127729e-19
4.4234134e-10
1.4790072e-19
5.2570949e-20
3.4303815e-10
1.0149856e-19
-8.724176e-22
2.239027e-10
-2.4843191e-20
8.2750524e-11
2.4259668e-20
-2.5041478e-20
8.4936587e-11
1.9892372e-20
-5.5198189e-20
2.3038048e-10
-1.6417255e-20
-5.5459417e-20
3.5357678e-10
-8.0463135e-20
-2.3341596e-20
4.5658603e-10
-1.4822017e-19
2.9720341e-20
5.4128392e-10
-1.843767e-19
7.9085434e-20
6.0931608e-10
-1.6374898e-19
9.9280944e-20
6.6207012e-10
-8.8468182e-20
7.7932842e-20
7.0066082e-10
1.271927e-20
2.3338988e-20
7.2592437e-10
1.0055676e-19
-3.8475329e-20
7.3841724e-10
1.4568094e-19
-7.6343372e-20
7.3841724e-10
1.4156503e-19
-6.9731118e-20
7.2592437e-10
1.0439031e-19
-1.9130322e-20
7.0066082e-10
6.2856321e-20
5.4773296e-20
6.6207012e-10
4.3134669e-20
1.213496e-19
6.0931608e-10
5.4593478e-20
1.5425255e-19
5.4128392e-10
8.188726e-20
1.4270325e-19
4.5658603e-10
9.3373542e-20
9.6041527e-20
3.5357678e-10
6.4745917e-20
3.8541831e-20
2.3038048e-10
-4.9845798e-21
8.4936587e-11
1.9900133e-20
-6.4888719e-21
8.6010607e-11
2.5562972e-20
-4.1004787e-20
2.3356451e-10
1.1933004e-20
-5.9199327e-20
3.5876113e-10
-3.4838089e-20
-4.2633745e-20
4.6360076e-10
-1.0630296e-19
1.1101918e-20
5.499138e-10
-1.7004176e-19
8.3201228e-20
6.193154e-10
-1.8910782e-19
1.4318937e-19
6.7317499e-10
-1.4558063e-19
1.6448374e-19
7.1259813e-10
-5.0540205e-20
1.3763764e-19
7.3841724e-10
6.2116284e-20
7.551984e-20
7.5118791e-10
1.5261615e-19
7.4895258e-21
7.5118791e-10
1.9354335e-19
-3.4651096e-20
7.3841724e-10
1.8086054e-19
-3.2509514e-20
7.1259813e-10
1.3330311e-19
1.0099467e-20
6.7317499e-10
8.1457974e-20
7.0051122e-20
6.193154e-10
5.0049219e-20
1.1738698e-19
5.499138e-10
4.2671831e-20
1.306188e-19
4.6360076e-10
4.1714736e-20
1.0690579e-19
3.5876113e-10
2.7449526e-20
6.1527026e-20
2.3356451e-10
1.3451719e-20
8.6010607e-11
-7.4220151e-22
2.0114454e-20
8.6010607e-11
1.0764428e-20
-7.4466289e-21
2.3356451e-10
2.6923828e-20
-4.2260017e-20
3.5876113e-10
1.4604372e-20
-5.2246406e-20
4.6360076e-10
-3.927055e-20
-1.9168379e-20
5.499138e-10
-1.144953e-19
5.1469302e-20
6.193154e-10
-1.7105986e-19
1.3420545e-19
6.7317499e-10
-1.744295e-19
1.9659985e-19
7.1259813e-10
-1.1360542e-19
2.1439218e-19
7.3841724e-10
-5.8770222e-21
1.8212341e-19
7.5118791e-10
1.1151746e-19
1.1560736e-19
7.5118791e-10
1.9780343e-19
4.4623593e-20
7.3841724e-10
2.2671596e-19
-1.3723803e-21
7.1259813e-10
1.9767026e-19
-7.6328059e-21
6.7317499e-10
1.3456472e-19
1.9470837e-20
6.193154e-10
7.074157e-20
5.767301e-20
5.499138e-10
2.8329171e-20
8.2500265e-20
4.6360076e-10
8.5529238e-21
8.1133928e-20
3.5876113e-10
1.3240244e-21
5.7096796e-20
2.3356451e-10
2.0626998e-20
8.6010607e-11
-3.6043539e-20
4.6004035e-20
8.4936587e-11
-2.7204145e-20
3.8438504e-20
2.3038048e-10
1.6106612e-20
-2.4330361e-21
3.5357678e-10
4.631969e-20
-3.9127572e-20
4.5658603e-10
2.896995e-20
-4.1117799e-20
5.4128392e-10
-3.4383614e-20
3.0586323e-21
6.0931608e-10
-1.1072642e-19
8.1771943e-20
6.6207012e-10
-1.5782899e-19
1.6714622e-19
7.0066082e-10
-1.4617218e-19
2.2801356e-19
7.2592437e-10
-7.1799984e-20
2.4289025e-19
7.3841724e-10
4.2007569e-20
2.0840737e-19
7.3841724e-10
1.5416045e-19
1.4053139e-19
7.2592437e-10
2.2361514e-19
6.7099859e-20
7.0066082e-10
2.2875235e-19
1.4516971e-20
6.6207012e-10
1.7783026e-19
-4.8852258e-21
6.0931608e-10
1.0239235e-19
2.8561475e-21
5.4128392e-10
3.660573e-20
2.0033199e-20
4.5658603e-10
-9.2848653e-22
3.0154382e-20
3.5357678e-10
-8.7529117e-21
2.7092117e-20
2.3038048e-10
1.3141096e-20
8.4936587e-11
-7.6153478e-20
6.0027581e-20
8.2750524e-11
-7.9323101e-20
8.2179997e-20
2.239027e-10
-2.1699825e-20
5.2712559e-20
3.4303815e-10
4.5443496e-20
2.4046035e-21
4.4234134e-10
7.3421442e-20
-3.4923289e-20
5.2377843e-10
4.3798542e-20
-3.3122923e-20
5.8905357e-10
-2.5827781e-20
1.4861932e-20
6.3958723e-10
-9.6863708e-20
9.4689633e-20
6.7650936e-10
-1.3048128e-19
1.7839902e-19
7.0066082e-10
-1.0474877e-19
2.3627837e-19
7.1259813e-10
-2.3631896e-20
2.4818806e-19
7.1259813e-10
8.3503392e-20
2.112779e-19
7.0066082e-10
1.7405927e-19
1.4090878e-19
6.7650936e-10
2.1244948e-19
6.3502868e-20
6.3958723e-10
1.8903471e-19
3.633826e-21
5.8905357e-10
1.2432041e-19
-2.7145427e-20
5.2377843e-10
5.3982736e-20
-3.2985726e-20
4.4234134e-10
7.0299122e-21
-2.6092348e-20
3.4303815e-10
-5.6027379e-21
-1.617256e-20
2.239027e-10
-5.3658842e-21
8.2750524e-11
-1.0505567e-19
5.3372534e-20
7.937201e-11
-1.2601743e-19
1.0585249e-19
2.1390031e-10
-7.3664625e-20
1.053497e-19
3.2679046e-10
1.0863992e-20
6.430068e-20
4.2042142e-10
7.7602684e-20
8.0048956e-21
4.9689356e-10
9.3155025e-20
-3.1248345e-20
5.5799122e-10
5.522019e-20
-2.9766986e-20
6.0517456e-10
-1.1393766e-20
1.6504788e-20
6.3958723e-10
-7.0119149e-20
9.1770411e-20
6.6207012e-10
-8.964148e-20
1.6846039e-19
6.7317499e-10
-5.6742717e-20
2.1821007e-19
6.7317499e-10
1.7260856e-20
2.224888e-19
6.6207012e-10
1.0047703e-19
1.7993495e-19
6.3958723e-10
1.5554002e-19
1.0680272e-19
6.0517456e-10
1.6031749e-19
2.8958582e-20
5.5799122e-10
1.2047232e-19
-3.0966436e-20
4.9689356e-10
6.3632819e-20
-6.2993375e-20
4.2042142e-10
1.9390929e-20
-6.9466808e-20
3.2679046e-10
2.9065481e-21
-5.6859848e-20
2.1390031e-10
-2.6942609e-20
7.937201e-11
-1.0689728e-19
2.5518628e-20
7.4667885e-11
-1.4440406e-19
9.6409155e-20
1.9999475e-10
-1.1634144e-19
1.334087e-19
3.0426063e-10
-4.2119043e-20
1.2463297e-19
3.9011898e-10
4.1611569e-20
7.7270313e-20
4.5984183e-10
9.6999149e-20
1.7277223e-20
5.1530186e-10
1.0381229e-19
-2.4233821e-20
5.5799122e-10
6.7007874e-20
-2.6866784e-20
5.8905357e-10
1.0802211e-20
1.0836995e-20
6.0931608e-10
-3.4638447e-20
7.2943161e-20
6.193154e-10
-4.6357111e-20
1.3375102e-19
6.193154e-10
-1.8745528e-20
1.6795262e-19
6.0931608e-10
3.3445507e-20
1.6076116e-19
5.8905357e-10
8.2198997e-20
1.1403846e-19
5.5799122e-10
1.0263348e-19
4.5091893e-20
5.1530186e-10
8.861066e-20
-2.2561498e-20
4.5984183e-10
5.509277e-20
-7.0560292e-20
3.9011898e-10
2.4093635e-20
-9.0907415e-20
3.0426063e-10
8.6276885e-21
-8.2596036e-20
1.9999475e-10
-4.34206e-20
7.4667885e-11
-7.5031262e-20
-1.2481865e-20
6.8431339e-11
-1.1969183e-19
5.5161173e-20
1.8160884e-10
-1.2559803e-19
1.2232384e-19
2.7459701e-10
-8.6364791e-20
1.5679599e-19
3.5041072e-10
-1.5426612e-20
1.4474559e-19
4.1151161e-10
5.7624559e-20
9.5072554e-20
4.5984183e-10
1.0342248e-19
3.3234761e-20
4.9689356e-10
1.0810064e-19
-1.2809569e-20
5.2377843e-10
7.7891351e-20
-2.5721463e-20
5.4128392e-10
3.2740435e-20
-4.6153888e-21
5.499138e-10
-4.1404112e-21
3.6665551e-20
5.499138e-10
-1.6923584e-20
7.6282166e-20
5.4128392e-10
-4.2611826e-21
9.3869276e-20
5.2377843e-10
2.0633845e-20
7.9340056e-20
4.9689356e-10
3.9279133e-20
3.7252754e-20
4.5984183e-10
4.1019013e-20
-1.6548761e-20
4.1151161e-10
2.9790537e-20
-6.357193e-20
3.5041072e-10
1.6508485e-20
-8.9909689e-20
2.7459701e-10
7.2051669e-21
-8.7414099e-20
1.8160884e-10
-4.906236e-20
6.8431339e-11
-1.8364789e-20
-4.2500298e-20
6.0338636e-11
-5.5585671e-20
-1.3374295e-22
1.5787095e-10
-8.9834625e-20
7.6166326e-20
2.3656652e-10
-9.5560711e-20
1.4539982e-19
2.9987395e-10
-6.2448728e-20
1.7808494e-19
3.5041072e-10
-2.2028243e-21
1.6307151e-19
3.9011898e-10
5.9262533e-20
1.1045563e-19
4.2042142e-10
9.7787081e-20
4.4591625e-20
4.4234134e-10
1.0291284e-19
-8.753054e-21
4.5658603e-10
7.9552217e-20
-3.3725351e-20
4.6360076e-10
4.2782079e-20
-2.8989525e-20
4.6360076e-10
9.6911141e-21
-5.9976128e-21
4.5658603e-10
-8.7468942e-21
1.7411066e-20
4.4234134e-10
-1.1968523e-20
2.5710464e-20
4.2042142e-10
-7.690025e-21
1.2857216e-20
3.9011898e-10
-3.6806425e-21
-1.5880311e-20
3.5041072e-10
-1.4174335e-21
-4.8106452e-20
2.9987395e-10
4.4055667e-22
-7.0330981e-20
2.3656652e-10
-4.7810312e-22
-7.1348141e-20
1.5787095e-10
-4.1532156e-20
6.0338636e-11
3.9993119e-20
-5.0061818e-20
4.9849562e-11
2.3795982e-20
-4.3018103e-20
1.2742848e-10
-1.9738113e-20
1.8922527e-20
1.8838283e-10
-6.0459083e-20
9.8148045e-20
2.3656652e-10
-7.3152808e-20
1.6018466e-19
2.7459701e-10
-4.9658489e-20
1.8078125e-19
3.0426063e-10
-1.9015628e-21
1.547512e-19
3.2679046e-10
4.7779592e-20
9.6430858e-20
3.4303815e-10
7.9820602e-20
3.0370077e-20
3.5357678e-10
8.5399776e-20
-2.0936705e-20
3.5876113e-10
6.7434404e-20
-4.5692783e-20
3.5876113e-10
3.6699281e-20
-4.4903238e-20
3.5357678e-10
5.7851714e-21
-2.9551906e-20
3.4303815e-10
-1.6706138e-20
-1.377746e-20
3.2679046e-10
-2.8476257e-20
-8.0189915e-21
3.0426063e-10
-3.0942042e-20
-1.4690647e-20
2.7459701e-10
-2.5432116e-20
-2.8770767e-20
2.3656652e-10
-1.5466661e-20
-4.1399368e-20
1.8838283e-10
-9.5380365e-21
-4.3009352e-20
1.2742848e-10
-2.4810454e-20
4.9849562e-11
7.100492e-20
-3.4305787e-20
3.5939364e-11
8.0747953e-20
-5.1283536e-20
8.8069255e-11
5.0821645e-20
-1.5882516e-20
1.2742848e-10
4.8873646e-22
4.3244018e-20
1.5787095e-10
-4.3685966e-20
9.873297e-20
1.8160884e-10
-6.0400424e-20
1.2818909e-19
1.9999475e-10
-4.4909819e-20
1.2227972e-19
2.1390031e-10
-8.7919923e-21
8.7351893e-20
2.239027e-10
2.943626e-20
3.9774e-20
2.3038048e-10
5.413371e-20
-2.9741641e-21
2.3356451e-10
5.8171491e-20
-2.9474948e-20
2.3356451e-10
4.341577e-20
-3.7164787e-20
2.3038048e-10
1.8195659e-20
-3.0994624e-20
2.239027e-10
-7.7580499e-21
-1.9697255e-20
2.1390031e-10
-2.7067752e-20
-1.1167316e-20
1.9999475e-10
-3.5934398e-20
-9.2194758e-21
1.8160884e-10
-3.3188401e-20
-1.2977972e-20
1.5787095e-10
-2.2554778e-20
-1.8208862e-20
1.2742848e-10
-1.404979e-20
-1.9322997e-20
8.8069255e-11
-1.0840903e-20
3.5939364e-11
4.5622525e-20
1.6236676e-11
7.1930561e-20
3.5939364e-11
7.0672301e-20
4.9849562e-11
4.2478903e-20
6.0338636e-11
2.0903222e-21
6.8431339e-11
-3.077129e-20
7.4667885e-11
-4.3169797e-20
7.937201e-11
-3.4496432e-20
8.2750524e-11
-1.3444469e-20
8.4936587e-11
8.3020708e-21
8.6010607e-11
2.1685878e-20
8.6010607e-11
2.3087647e-20
8.4936587e-11
1.4322994e-20
8.2750524e-11
5.6289592e-22
7.937201e-11
-1.2467581e-20
7.4667885e-11
-2.0430015e-20
6.8431339e-11
-2.0722248e-20
6.0338636e-11
-1.4535123e-20
4.9849562e-11
-9.1048398e-21
3.5939364e-11
1.6236676e-11
4.4809406e-21
1.7797711e-20
1.6236676e-11
9.9746669e-21
3.229712e-20
3.5939364e-11
2.3099378e-20
3.4373695e-20
4.9849562e-11
3.4201478e-20
2.8319551e-20
6.0338636e-11
3.9249368e-20
1.9215444e-20
6.8431339e-11
3.8972324e-20
1.1171916e-20
7.4667885e-11
3.4684847e-20
5.9504191e-21
7.937201e-11
2.7360035e-20
3.0239747e-21
8.2750524e-11
1.791928e-20
6.4733496e-22
8.4936587e-11
7.3998997e-21
-2.3720688e-21
8.6010607e-11
-3.2077836e-21
-5.4641689e-21
8.6010607e-11
-1.2919864e-20
-6.3093403e-21
8.4936587e-11
-2.0791318e-20
-1.9124506e-21
8.2750524e-11
-2.6321216e-20
9.3588643e-21
7.937201e-11
-2.8511124e-20
2.6390316e-20
7.4667885e-11
-2.5084733e-20
4.41325e-20
6.8431339e-11
-1.4469176e-20
5.4563311e-20
6.0338636e-11
-1.682976e-21
5.0883698e-20
4.9849562e-11
2.4974489e-21
3.2644096e-20
3.5939364e-11
4.7428136e-21
1.6236676e-11
9.2532803e-21
2.7346019e-20
3.5939364e-11
1.6828865e-20
5.3022861e-20
8.8069255e-11
3.4537709e-20
5.9152271e-20
1.2742848e-10
5.2085685e-20
5.2128573e-20
1.5787095e-10
6.2530756e-20
3.9328446e-20
1.8160884e-10
6.4755244e-20
2.7691979e-20
1.9999475e-10
5.931883e-20
2.135668e-20
2.1390031e-10
4.7859549e-20
2.0102403e-20
2.239027e-10
3.3468073e-20
1.9754357e-20
2.3038048e-10
1.9738358e-20
1.5478177e-20
2.3356451e-10
8.9809811e-21
5.6664199e-21
2.3356451e-10
1.4416687e-21
-6.0877155e-21
2.3038048e-10
-4.6630959e-21
-1.2293681e-20
2.239027e-10
-1.1967166e-20
-5.4133327e-21
2.1390031e-10
-2.1466309e-20
1.7323797e-20
1.9999475e-10
-2.9312425e-20
4.98977e-20
1.8160884e-10
-2.8865783e-20
7.8005476e-20
1.5787095e-10
-2.0645863e-20
8.5924984e-20
1.2742848e-10
-1.5532074e-20
6.6512113e-20
8.8069255e-11
2.289155e-20
3.5939364e-11
1.1700049e-20
3.8305032e-20
4.9849562e-11
1.9090316e-20
7.3252133e-20
1.2742848e-10
3.4256626e-20
8.235851e-20
1.8838283e-10
5.1157787e-20
7.2744542e-20
2.3656652e-10
6.4093977e-20
5.2920564e-20
2.7459701e-10
7.0272812e-20
3.2834681e-20
3.0426063e-10
6.7003623e-20
2.0965691e-20
3.2679046e-10
5.3691581e-20
2.0569253e-20
3.4303815e-10
3.4380818e-20
2.736589e-20
3.5357678e-10
1.6530113e-20
3.2133799e-20
3.5876113e-10
6.8943379e-21
2.7068871e-20
3.5876113e-10
7.7014513e-21
1.1547685e-20
3.5357678e-10
1.5149123e-20
-6.1399582e-21
3.4303815e-10
2.0701099e-20
-1.2768087e-20
3.2679046e-10
1.5757963e-20
2.3706954e-21
3.0426063e-10
-4.9631195e-22
3.949798e-20
2.7459701e-10
-1.8337325e-20
8.4310198e-20
2.3656652e-10
-2.7335102e-20
1.1274497e-19
1.8838283e-10
-2.7574888e-20
1.0406794e-19
1.2742848e-10
4.9864265e-20
4.9849562e-11
1.321022e-20
4.6085475e-20
6.0338636e-11
1.8808648e-20
8.6164968e-20
1.5787095e-10
2.6510396e-20
9.6606861e-20
2.3656652e-10
3.7556304e-20
8.4756255e-20
2.9987395e-10
5.1251579e-20
5.7541695e-20
3.5041072e-10
6.4501987e-20
2.5219326e-20
3.9011898e-10
6.9846253e-20
7.1374725e-22
4.2042142e-10
6.0376125e-20
-5.4701658e-21
4.4234134e-10
3.6901652e-20
7.7727628e-21
4.5658603e-10
9.5314953e-21
3.0591428e-20
4.6360076e-10
-7.82615e-21
4.7797134e-20
4.6360076e-10
-5.4101062e-21
4.8634275e-20
4.5658603e-10
1.5943427e-20
3.3856946e-20
4.4234134e-10
4.3494362e-20
1.619045e-20
4.2042142e-10
5.8087091e-20
1.3244289e-20
3.9011898e-10
4.7081095e-20
3.6325114e-20
3.5041072e-10
1.5890494e-20
8.0240583e-20
2.9987395e-10
-1.5370043e-20
1.2096465e-19
2.3656652e-10
-2.8628276e-20
1.2635283e-19
1.5787095e-10
7.1054358e-20
6.0338636e-11
1.3319971e-20
4.9094904e-20
6.8431339e-11
1.6630333e-20
8.8765905e-20
1.8160884e-10
1.3883661e-20
9.9368713e-20
2.7459701e-10
1.3928231e-20
8.8909214e-20
3.5041072e-10
2.4146792e-20
5.9817706e-20
4.1151161e-10
4.5294628e-20
1.7453469e-20
4.5984183e-10
6.7015854e-20
-2.4797178e-20
4.9689356e-10
7.3414792e-20
-4.8811316e-20
5.2377843e-10
5.5805469e-20
-4.222614e-20
5.4128392e-10
2.0694239e-20
-7.4820364e-21
5.499138e-10
-1.2778476e-20
3.8532313e-20
5.499138e-10
-2.3778071e-20
7.4092499e-20
5.4128392e-10
-2.6496346e-21
8.5523163e-20
5.2377843e-10
4.1002699e-20
7.497286e-20
4.9689356e-10
8.0862675e-20
5.9139388e-20
4.5984183e-10
8.9614718e-20
5.8679115e-20
4.1151161e-10
5.9860285e-20
8.2879558e-20
3.5041072e-10
1.2770666e-20
1.1817298e-19
2.7459701e-10
-1.7308213e-20
1.3057496e-19
1.8160884e-10
8.0833735e-20
6.8431339e-11
1.1741131e-20
4.8008257e-20
7.4667885e-11
1.3803833e-20
8.2020713e-20
1.9999475e-10
9.5091129e-22
9.1417786e-20
3.0426063e-10
-1.4170481e-20
8.6741571e-20
3.9011898e-10
-1.5434056e-20
6.5626455e-20
4.5984183e-10
7.158599e-21
2.4046976e-20
5.1530186e-10
4.6918182e-20
-3.1543458e-20
5.5799122e-10
8.152392e-20
-8.0943539e-20
5.8905357e-10
8.8348344e-20
-9.998449e-20
6.0931608e-10
6.1062262e-20
-7.5928033e-20
6.193154e-10
1.5362009e-20
-1.6503541e-20
6.193154e-10
-1.956908e-20
5.3557933e-20
6.0931608e-10
-1.8986534e-20
1.062196e-19
5.8905357e-10
2.0518782e-20
1.2582708e-19
5.5799122e-10
7.5417266e-20
1.1713205e-19
5.1530186e-10
1.0806531e-19
1.0124824e-19
4.5984183e-10
9.4065041e-20
9.9868181e-20
3.9011898e-10
4.4916997e-20
1.1594985e-19
3.0426063e-10
1.5251436e-21
1.2452769e-19
1.9999475e-10
8.109305e-20
7.4667885e-11
7.9278536e-21
4.3712473e-20
7.937201e-11
1.1408031e-20
6.8053383e-20
2.1390031e-10
-6.6690174e-21
7.3360365e-20
3.2679046e-10
-3.6615548e-20
7.5514613e-20
4.2042142e-10
-5.7527189e-20
7.1006201e-20
4.9689356e-10
-4.7236829e-20
4.6207564e-20
5.5799122e-10
4.6130677e-23
-5.5760582e-21
6.0517456e-10
6.4560949e-20
-7.2122248e-20
6.3958723e-10
1.1220486e-19
-1.2513987e-19
6.6207012e-10
1.1725146e-19
-1.3612116e-19
6.7317499e-10
7.9758913e-20
-9.4208476e-20
6.7317499e-10
2.6493092e-20
-1.3865599e-20
6.6207012e-10
-5.5765493e-21
7.2497861e-20
6.3958723e-10
6.3447315e-21
1.3241177e-19
6.0517456e-10
5.37173e-20
1.5127381e-19
5.5799122e-10
9.9821281e-20
1.3918233e-19
4.9689356e-10
1.0653847e-19
1.212622e-19
4.2042142e-10
6.8489829e-20
1.1561647e-19
3.2679046e-10
2.0783721e-20
1.1306344e-19
2.1390031e-10
7.4140543e-20
7.937201e-11
7.0130356e-22
3.7284518e-20
8.2750524e-11
8.1092007e-21
5.0479941e-20
2.239027e-10
-6.3517125e-21
4.7975162e-20
3.4303815e-10
-4.3252159e-20
5.2440364e-20
4.4234134e-10
-8.5247119e-20
6.5329823e-20
5.2377843e-10
-1.0099843e-19
6.9278685e-20
5.8905357e-10
-6.6674618e-20
4.395242e-20
6.3958723e-10
1.245168e-20
-1.5089632e-20
6.7650936e-10
1.0166087e-19
-8.8320807e-20
7.0066082e-10
1.5792978e-19
-1.4100943e-19
7.1259813e-10
1.569767e-19
-1.4328547e-19
7.1259813e-10
1.0862872e-19
-8.8589639e-20
7.0066082e-10
5.016309e-20
1.327792e-21
6.7650936e-10
2.1702307e-20
8.8447512e-20
6.3958723e-10
3.8180566e-20
1.4040141e-19
5.8905357e-10
7.7498217e-20
1.4861762e-19
5.2377843e-10
9.8193471e-20
1.3029845e-19
4.4234134e-10
7.7781562e-20
1.1056304e-19
3.4303815e-10
3.5509378e-20
9.6253334e-20
2.239027e-10
6.0855965e-20
8.2750524e-11
-1.1163223e-20
2.9583484e-20
8.4936587e-11
6.3059033e-23
3.4105394e-20
2.3038048e-10
-1.7557232e-21
2.2178779e-20
3.5357678e-10
-3.13854e-20
2.1133147e-20
4.5658603e-10
-8.4466179e-20
4.2459071e-20
5.4128392e-10
-1.2994613e-19
7.4439574e-20
6.0931608e-10
-1.2814625e-19
9.016052e-20
6.6207012e-10
-6.1666426e-20
6.7198306e-20
7.0066082e-10
4.8852981e-20
5.3866552e-21
7.2592437e-10
1.5520173e-19
-6.9580794e-20
7.3841724e-10
2.1022775e-19
-1.196504e-19
7.3841724e-10
1.9632059e-19
-1.1686523e-19
7.2592437e-10
1.352064e-19
-6.0544829e-20
7.0066082e-10
7.2639922e-20
2.185814e-20
6.6207012e-10
4.6365447e-20
9.1641694e-20
6.0931608e-10
5.9192365e-20
1.2279664e-19
5.4128392e-10
7.9566422e-20
1.1643011e-19
4.5658603e-10
7.4738116e-20
9.3963807e-20
3.5357678e-10
4.3817845e-20
7.2451024e-20
2.3038048e-10
4.2020854e-20
8.4936587e-11
-2.7060487e-20
2.1063605e-20
8.6010607e-11
-1.6047069e-20
2.2995965e-20
2.3356451e-10
-1.067684e-21
4.7397564e-21
3.5876113e-10
-8.8583516e-21
-7.5182275e-21
4.6360076e-10
-5.386903e-20
8.1811885e-21
5.499138e-10
-1.17284e-19
5.3712323e-20
6.193154e-10
-1.5413328e-19
1.0708446e-19
6.7317499e-10
-1.2537557e-19
1.3557963e-19
7.1259813e-10
-2.6867543e-20
1.1719919e-19
7.3841724e-10
1.0476829e-19
5.6075276e-20
7.5118791e-10
2.1226929e-19
-1.8193203e-20
7.5118791e-10
2.5130978e-19
-6.7470101e-20
7.3841724e-10
2.1642286e-19
-6.7945871e-20
7.1259813e-10
1.4258856e-19
-2.4311592e-20
6.7317499e-10
7.9803462e-20
3.4316871e-20
6.193154e-10
5.6862391e-20
7.4784445e-20
5.499138e-10
6.2834572e-20
8.1731804e-20
4.6360076e-10
6.5366946e-20
6.4558124e-20
3.5876113e-10
4.6198502e-20
4.2020753e-20
2.3356451e-10
1.9400317e-20
8.6010607e-11
-4.3611546e-20
1.2053008e-20
8.6010607e-11
-3.9521608e-20
1.9225717e-20
2.3356451e-10
-1.1344486e-20
2.7519186e-21
3.5876113e-10
1.0181093e-20
-1.9692533e-20
4.6360076e-10
-6.8837605e-21
-2.0726685e-20
5.499138e-10
-6.4719196e-20
1.7303111e-20
6.193154e-10
-1.2742536e-19
8.7351063e-20
6.7317499e-10
-1.4519554e-19
1.5928904e-19
7.1259813e-10
-8.8534209e-20
1.974905e-19
7.3841724e-10
3.0472203e-20
1.8210686e-19
7.5118791e-10
1.6267222e-19
1.2110137e-19
7.5118791e-10
2.4968535e-19
4.5836242e-20
7.3841724e-10
2.584822e-19
-7.6043679e-21
7.1259813e-10
2.0068162e-19
-2.0025641e-20
6.7317499e-10
1.2248278e-19
7.9649045e-22
6.193154e-10
6.95591e-20
2.8404705e-20
5.499138e-10
5.4427792e-20
3.8910402e-20
4.6360076e-10
5.5055756e-20
2.7840165e-20
3.5876113e-10
4.3773195e-20
8.5360156e-21
2.3356451e-10
-3.8058354e-21
8.6010607e-11
-5.5150759e-20
3.3784324e-21
8.4936587e-11
-6.4161725e-20
2.2367382e-20
2.3038048e-10
-3.3215666e-20
1.8438943e-20
3.5357678e-10
1.3646575e-20
-5.3941622e-21
4.5658603e-10
3.5291144e-20
-2.4726638e-20
5.4128392e-10
7.3986452e-21
-1.0863044e-20
6.0931608e-10
-5.4962578e-20
4.7579978e-20
6.6207012e-10
-1.067444e-19
1.3474572e-19
7.0066082e-10
-1.0317476e-19
2.1540677e-19
7.2592437e-10
-2.9402619e-20
2.5441888e-19
7.3841724e-10
8.8083876e-20
2.3576688e-19
7.3841724e-10
1.9551731e-19
1.7113317e-19
7.2592437e-10
2.4381812e-19
9.2463156e-20
7.0066082e-10
2.1910825e-19
3.2631424e-20
6.6207012e-10
1.5005877e-19
6.1842496e-21
6.0931608e-10
8.4492718e-20
3.6907934e-21
5.4128392e-10
5.1970759e-20
3.8158469e-21
4.5658603e-10
4.5463108e-20
-6.5249749e-21
3.5357678e-10
3.7371958e-20
-2.1937874e-20
2.3038048e-10
-2.365126e-20
8.4936587e-11
-5.5830034e-20
-4.2702423e-21
8.2750524e-11
-7.9867525e-20
2.9233562e-20
2.239027e-10
-5.9068383e-20
4.6912755e-20
3.4303815e-10
-1.4005499e-21
3.5262032e-20
4.4234134e-10
5.4948229e-20
7.4171474e-21
5.2377843e-10
7.0305702e-20
-6.4670307e-21
5.8905357e-10
3.5080115e-20
1.9111634e-20
6.3958723e-10
-2.3800905e-20
8.7297359e-20
6.7650936e-10
-6.1587814e-20
1.761347e-19
7.0066082e-10
-4.508481e-20
2.4991792e-19
7.1259813e-10
2.5986244e-20
2.7766756e-19
7.1259813e-10
1.1759583e-19
2.4916905e-19
7.0066082e-10
1.8206817e-19
1.7988707e-19
6.7650936e-10
1.8881684e-19
1.0088968e-19
6.3958723e-10
1.4452365e-19
3.9728557e-20
5.8905357e-10
8.5567483e-20
4.8867317e-21
5.2377843e-10
4.6917788e-20
-1.3841638e-20
4.4234134e-10
3.4372493e-20
-2.9828544e-20
3.4303815e-10
2.7134259e-20
-4.3249533e-20
2.239027e-10
-3.6666928e-20
8.2750524e-11
-4.1765139e-20
-1.1184409e-20
7.937201e-11
-7.6446283e-20
3.3392786e-20
2.1390031e-10
-7.5408768e-20
7.5316244e-20
3.2679046e-10
-2.6239137e-20
8.790907e-20
4.2042142e-10
4.7098363e-20
6.8730918e-20
4.9689356e-10
1.0145994e-19
3.9137188e-20
5.5799122e-10
1.0747699e-19
2.8569656e-20
6.0517456e-10
6.859059e-20
5.5487987e-20
6.3958723e-10
1.6097216e-20
1.1671523e-19
6.6207012e-10
-1.2712759e-20
1.8912891e-19
6.7317499e-10
2.1894469e-21
2.4132978e-19
6.7317499e-10
5.1512379e-20
2.4981657e-19
6.6207012e-10
1.0310432e-19
2.1121726e-19
6.3958723e-10
1.2420449e-19
1.4336808e-19
6.0517456e-10
1.0486064e-19
7.3089834e-20
5.5799122e-10
6.4137689e-20
1.9291054e-20
4.9689356e-10
3.135107e-20
-1.5775062e-20
4.2042142e-10
1.8475997e-20
-3.9231244e-20
3.2679046e-10
1.3227493e-20
-5.2375461e-20
2.1390031e-10
-4.1185091e-20
7.937201e-11
-1.3106529e-20
-1.7918506e-20
7.4667885e-11
-4.8502888e-20
2.7303012e-20
1.9999475e-10
-6.8896183e-20
8.5956033e-20
3.0426063e-10
-4.3838379e-20
1.2619534e-19
3.9011898e-10
2.2789214e-20
1.3178472e-19
4.5984183e-10
9.6259036e-20
1.0860838e-19
5.1530186e-10
1.3845322e-19
7.8665893e-20
5.5799122e-10
1.3307104e-19
6.5638542e-20
5.8905357e-10
9.2095364e-20
8.1694713e-20
6.0931608e-10
4.4222937e-20
1.2151941e-19
6.193154e-10
1.6399261e-20
1.6541295e-19
6.193154e-10
1.8240761e-20
1.8975912e-19
6.0931608e-10
3.7996941e-20
1.7998591e-19
5.8905357e-10
5.2655648e-20
1.3841708e-19
5.5799122e-10
4.6627552e-20
8.1628797e-20
5.1530186e-10
2.4363995e-20
2.8400245e-20
4.5984183e-10
4.1456231e-21
-1.1572904e-20
3.9011898e-10
-2.9672414e-21
-3.8053899e-20
3.0426063e-10
-3.0636368e-21
-5.0265592e-20
1.9999475e-10
-3.7920302e-20
7.4667885e-11
2.3968304e-20
-2.3205063e-20
6.8431339e-11
-4.5190954e-22
7.9093112e-21
1.8160884e-10
-3.4096328e-20
6.6242758e-20
2.7459701e-10
-3.7192277e-20
1.2461938e-19
3.5041072e-10
4.2265589e-21
1.6029243e-19
4.1151161e-10
7.0975618e-20
1.6356842e-19
4.5984183e-10
1.2839837e-19
1.4145301e-19
4.9689356e-10
1.5058574e-19
1.1159355e-19
5.2377843e-10
1.3308462e-19
9.1652044e-20
5.4128392e-10
9.0350042e-20
9.0246789e-20
5.499138e-10
4.4656177e-20
1.0332421e-19
5.499138e-10
1.3359828e-20
1.1728255e-19
5.4128392e-10
3.490835e-22
1.1748163e-19
5.2377843e-10
-3.2975292e-21
9.735291e-20
4.9689356e-10
-9.346202e-21
6.1896631e-20
4.5984183e-10
-2.0369886e-20
2.2968436e-20
4.1151161e-10
-2.8161752e-20
-9.4600517e-21
3.5041072e-10
-2.636231e-20
-3.1208571e-20
2.7459701e-10
-1.908238e-20
-3.9836197e-20
1.8160884e-10
-2.8646736e-20
6.8431339e-11
5.7053601e-20
-2.3818159e-20
6.0338636e-11
5.186175e-20
-1.8734071e-20
1.5787095e-10
2.0456245e-20
2.0310983e-20
2.3656652e-10
-3.8298665e-22
7.7759675e-20
2.9987395e-10
1.1767997e-20
1.3341642e-19
3.5041072e-10
5.3048923e-20
1.6808699e-19
3.9011898e-10
1.0039962e-19
1.736309e-19
4.2042142e-10
1.2971195e-19
1.5526606e-19
4.4234134e-10
1.2893401e-19
1.2611089e-19
4.5658603e-10
1.0062716e-19
9.9313459e-20
4.6360076e-10
5.7313251e-20
8.1776352e-20
4.6360076e-10
1.4278348e-20
7.2195371e-20
4.5658603e-10
-1.8004934e-20
6.3733152e-20
4.4234134e-10
-3.7830911e-20
4.9945831e-20
4.2042142e-10
-4.9631043e-20
2.9729303e-20
3.9011898e-10
-5.6353653e-20
7.6028667e-21
3.5041072e-10
-5.5428493e-20
-1.0654361e-20
2.9987395e-10
-4.5434817e-20
-2.1785421e-20
2.3656652e-10
-3.1223223e-20
-2.4189274e-20
1.5787095e-10
-1.5232624e-20
6.0338636e-11
7.1891916e-20
-1.8682221e-20
4.9849562e-11
8.6540757e-20
-4.0065339e-20
1.2742848e-10
7.2545611e-20
-2.8715844e-20
1.8838283e-10
5.3224184e-20
1.1151955e-20
2.3656652e-10
4.7393561e-20
6.6619138e-20
2.7459701e-10
6.0087134e-20
1.1798711e-19
3.0426063e-10
8.14379e-20
1.4933178e-19
3.2679046e-10
9.6450638e-20
1.551829e-19
3.4303815e-10
9.4871782e-20
1.3987507e-19
3.5357678e-10
7.4431962e-20
1.1270338e-19
3.5876113e-10
4.0054319e-20
8.3020942e-20
3.5876113e-10
1.0201769e-21
5.6741518e-20
3.5357678e-10
-3.3271772e-20
3.5329913e-20
3.4303815e-10
-5.7373073e-20
1.7654334e-20
3.2679046e-10
-7.0815253e-20
2.8993003e-21
3.0426063e-10
-7.4733369e-20
-8.0170432e-21
2.7459701e-10
-6.858137e-20
-1.3626624e-20
2.3656652e-10
-5.3658461e-20
-1.3911306e-20
1.8838283e-10
-3.5837045e-20
-1.0033212e-20
1.2742848e-10
-2.5186745e-21
4.9849562e-11
5.9628008e-20
-1.0936761e-20
3.5939364e-11
8.5887984e-20
-4.2085967e-20
8.8069255e-11
9.4681329e-20
-4.769549e-20
1.2742848e-10
9.1662541e-20
-2.881866e-20
1.5787095e-10
8.4814441e-20
7.5934016e-21
1.8160884e-10
8.0102099e-20
4.855147e-20
1.9999475e-10
7.6601188e-20
8.1542811e-20
2.1390031e-10
6.9366199e-20
9.9250381e-20
2.239027e-10
5.4671003e-20
1.0037756e-19
2.3038048e-10
3.2008727e-20
8.7907355e-20
2.3356451e-10
3.9392958e-21
6.7133877e-20
2.3356451e-10
-2.482639e-20
4.3606961e-20
2.3038048e-10
-4.8912323e-20
2.1557607e-20
2.239027e-10
-6.4639141e-20
3.501669e-21
2.1390031e-10
-7.1432991e-20
-9.1330099e-21
1.9999475e-10
-7.0204283e-20
-1.5589762e-20
1.8160884e-10
-6.1200516e-20
-1.6160318e-20
1.5787095e-10
-4.6206464e-20
-1.2384262e-20
1.2742848e-10
-3.0281382e-20
-6.6620854e-21
8.8069255e-11
2.4091132e-22
3.5939364e-11
1.8863412e-20
1.6236676e-11
4.1099366e-20
3.5939364e-11
6.1485001e-20
4.9849562e-11
7.2944202e-20
6.0338636e-11
7.4244369e-20
6.8431339e-11
6.8008526e-20
7.4667885e-11
5.6096064e-20
7.937201e-11
3.9328342e-20
8.2750524e-11
1.9179474e-20
8.4936587e-11
-1.7819088e-21
8.6010607e-11
-2.07367e-20
8.6010607e-11
-3.5264856e-20
8.4936587e-11
-4.3742778e-20
8.2750524e-11
-4.5847124e-20
7.937201e-11
-4.29707e-20
7.4667885e-11
-3.717907e-20
6.8431339e-11
-2.9376393e-20
6.0338636e-11
-2.0479164e-20
4.9849562e-11
-1.365862e-20
3.5939364e-11
1.6236676e-11
1.9521288e-21
2.4048602e-20
1.6236676e-11
1.6700563e-20
5.2611127e-20
3.5939364e-11
3.7953046e-20
6.1616663e-20
4.9849562e-11
5.6689399e-20
5.6137136e-20
6.0338636e-11
6.9946447e-20
4.2295899e-20
6.8431339e-11
7.714983e-20
2.4543383e-20
7.4667885e-11
7.6319935e-20
6.6756033e-21
7.937201e-11
6.4840809e-20
-7.3769005e-21
8.2750524e-11
4.1544176e-20
-1.3830107e-20
8.4936587e-11
8.3563359e-21
-9.6423736e-21
8.6010607e-11
-2.9164326e-20
6.3668698e-21
8.6010607e-11
-6.2683487e-20
3.2224772e-20
8.4936587e-11
-8.3660248e-20
6.2227453e-20
8.2750524e-11
-8.6658959e-20
8.795878e-20
7.937201e-11
-7.1682778e-20
1.0078988e-19
7.4667885e-11
-4.4173226e-20
9.4965207e-20
6.8431339e-11
-1.3461719e-20
7.0303844e-20
6.0338636e-11
8.0756565e-21
3.3845438e-20
4.9849562e-11
1.0955248e-20
-5.4002718e-22
3.5939364e-11
-1.4956599e-20
1.6236676e-11
1.2282321e-20
4.3998122e-20
3.5939364e-11
3.0520819e-20
9.4921565e-20
8.8069255e-11
5.6149615e-20
1.1573893e-19
1.2742848e-10
8.0789131e-20
1.1541074e-19
1.5787095e-10
1.0085086e-19
1.0200344e-19
1.8160884e-10
1.155529e-19
8.1651528e-20
1.9999475e-10
1.2188247e-19
5.9663357e-20
2.1390031e-10
1.151527e-19
4.0828845e-20
2.239027e-10
9.1975637e-20
2.8811561e-20
2.3038048e-10
5.2454953e-20
2.6194143e-20
2.3356451e-10
1.0697114e-21
3.4619985e-20
2.3356451e-10
-5.3360983e-20
5.4272045e-20
2.3038048e-10
-9.9548433e-20
8.2531263e-20
2.239027e-10
-1.2711888e-19
1.131827e-19
2.1390031e-10
-1.2993006e-19
1.3698063e-19
1.9999475e-10
-1.0768348e-19
1.4370077e-19
1.8160884e-10
-6.7054006e-20
1.2598344e-19
1.5787095e-10
-2.4724534e-20
8.4475169e-20
1.2742848e-10
-1.3846333e-21
3.1841753e-20
8.8069255e-11
-9.7670138e-21
3.5939364e-11
2.107149e-20
6.0833814e-20
4.9849562e-11
3.9551407e-20
1.2859809e-19
1.2742848e-10
5.9044299e-20
1.5826314e-19
1.8838283e-10
7.710534e-20
1.6227089e-19
2.3656652e-10
9.3496285e-20
1.5037012e-19
2.7459701e-10
1.089148e-19
1.2952155e-19
3.0426063e-10
1.2010836e-19
1.0557695e-19
3.2679046e-10
1.2108507e-19
8.3641923e-20
3.4303815e-10
1.073227e-19
6.6549029e-20
3.5357678e-10
7.786947e-20
5.4858591e-20
3.5876113e-10
3.5526929e-20
4.9067225e-20
3.5876113e-10
-1.3813672e-20
5.1421139e-20
3.5357678e-10
-6.219386e-20
6.5027102e-20
3.4303815e-10
-1.0142275e-19
9.0854092e-20
3.2679046e-10
-1.2456645e-19
1.2434482e-19
3.0426063e-10
-1.2617619e-19
1.540956e-19
2.7459701e-10
-1.0402435e-19
1.6428311e-19
2.3656652e-10
-6.6114534e-20
1.4195895e-19
1.8838283e-10
-3.1450123e-20
8.7157216e-20
1.2742848e-10
1.6833209e-20
4.9849562e-11
2.9744245e-20
7.4323876e-20
6.0338636e-11
4.89783e-20
1.496649e-19
1.5787095e-10
5.9888797e-20
1.8059851e-19
2.3656652e-10
6.7080815e-20
1.8423298e-19
2.9987395e-10
7.5364606e-20
1.7157707e-19
3.5041072e-10
8.7772743e-20
1.4898828e-19
3.9011898e-10
1.0095796e-19
1.2235029e-19
4.2042142e-10
1.0705406e-19
9.8204607e-20
4.4234134e-10
9.9984647e-20
8.0543521e-20
4.5658603e-10
7.9257334e-20
6.8635271e-20
4.6360076e-10
4.8973659e-20
5.9503049e-20
4.6360076e-10
1.4642635e-20
5.275067e-20
4.5658603e-10
-1.9580112e-20
5.3073391e-20
4.4234134e-10
-5.2006348e-20
6.7609502e-20
4.2042142e-10
-8.188659e-20
9.9526916e-20
3.9011898e-10
-1.0533281e-19
1.4219211e-19
3.5041072e-10
-1.1312797e-19
1.7776337e-19
2.9987395e-10
-9.793686e-20
1.82685e-19
2.3656652e-10
-6.2744295e-20
1.4063609e-19
1.5787095e-10
5.2352467e-20
6.0338636e-11
3.4291351e-20
8.5647573e-20
6.8431339e-11
5.517793e-20
1.595853e-19
1.8160885e-10
5.9522592e-20
1.8402329e-19
2.7459701e-10
5.6616159e-20
1.8243996e-19
3.5041072e-10
5.596494e-20
1.6685439e-19
4.1151161e-10
6.4265524e-20
1.4110985e-19
4.5984183e-10
7.9279201e-20
1.0918179e-19
4.9689356e-10
9.0613324e-20
7.9528539e-20
5.2377843e-10
8.841868e-20
6.0733448e-20
5.4128392e-10
7.1150056e-20
5.4815748e-20
5.499138e-10
4.5896612e-20
5.6288899e-20
5.499138e-10
2.2334457e-20
5.821369e-20
5.4128392e-10
5.2775622e-21
5.9387993e-20
5.2377843e-10
-9.1280516e-21
6.6355488e-20
4.9689356e-10
-2.9994502e-20
8.8166832e-20
4.5984183e-10
-6.1813957e-20
1.2726092e-19
4.1151161e-10
-9.5049295e-20
1.7228587e-19
3.5041072e-10
-1.0835994e-19
1.9804933e-19
2.7459701e-10
-8.2444696e-20
1.7564587e-19
1.8160885e-10
8.4586636e-20
6.8431339e-11
2.9563609e-20
9.4269319e-20
7.4667885e-11
5.1916907e-20
1.6132197e-19
1.9999475e-10
5.3712087e-20
1.7470134e-19
3.0426063e-10
4.401093e-20
1.6534724e-19
3.9011898e-10
3.4690161e-20
1.4694011e-19
4.5984183e-10
3.7462989e-20
1.1969306e-19
5.1530186e-10
5.4768101e-20
8.2731913e-20
5.5799122e-10
7.5592194e-20
4.3763122e-20
5.8905357e-10
8.3913186e-20
1.6649899e-20
6.0931608e-10
7.2120423e-20
1.1126558e-20
6.193154e-10
4.701258e-20
2.5108074e-20
6.193154e-10
2.3978593e-20
4.6854172e-20
6.0931608e-10
1.4383033e-20
6.4855977e-20
5.8905357e-10
1.5288025e-20
7.6797687e-20
5.5799122e-10
1.0594091e-20
9.0748269e-20
5.1530186e-10
-1.5483512e-20
1.1692636e-19
4.5984183e-10
-6.0196711e-20
1.5585428e-19
3.9011898e-10
-9.5777608e-20
1.8981832e-19
3.0426063e-10
-8.4111006e-20
1.8569035e-19
1.9999475e-10
1.0487466e-19
7.4667885e-11
1.3554192e-20
9.6881828e-20
7.937201e-11
3.5956577e-20
1.5518803e-19
2.1390031e-10
3.9669957e-20
1.5692359e-19
3.2679046e-10
2.8118261e-20
1.3936974e-19
4.2042142e-10
1.1096853e-20
1.1954987e-19
4.9689356e-10
5.0062663e-21
9.5931389e-20
5.5799122e-10
2.1295254e-20
6.1113734e-20
6.0517456e-10
5.3725668e-20
1.6643705e-20
6.3958723e-10
8.1657949e-20
-2.3051668e-20
6.6207012e-10
8.6601278e-20
-3.9966575e-20
6.7317499e-10
6.7102431e-20
-2.6274417e-20
6.7317499e-10
3.9571458e-20
9.4481884e-21
6.6207012e-10
2.4156238e-20
4.8689951e-20
6.3958723e-10
2.7067484e-20
7.6558521e-20
6.0517456e-10
3.3677383e-20
9.206605e-20
5.5799122e-10
2.0518351e-20
1.0670054e-19
4.9689356e-10
-2.0728725e-20
1.3169631e-19
4.2042142e-10
-6.5641676e-20
1.6233582e-19
3.2679046e-10
-6.7684198e-20
1.7021017e-19
2.1390031e-10
1.0783144e-19
7.937201e-11
-1.1340706e-20
8.9823698e-20
8.2750524e-11
8.2367362e-21
1.404416e-19
2.239027e-10
1.7245801e-20
1.33911e-19
3.4303815e-10
1.0226168e-20
1.0909866e-19
4.4234134e-10
-1.0356291e-20
8.7964059e-20
5.2377843e-10
-2.755576e-20
7.2064532e-20
5.8905357e-10
-1.9790698e-20
5.0031705e-20
6.3958723e-10
1.8258207e-20
1.356695e-20
6.7650936e-10
6.8271345e-20
-3.0703023e-20
7.0066082e-10
1.0166119e-19
-6.3232038e-20
7.1259813e-10
1.0173084e-19
-6.5545887e-20
7.1259813e-10
7.613469e-20
-3.4803558e-20
7.0066082e-10
4.8954679e-20
1.3371122e-20
6.7650936e-10
3.9516464e-20
5.6254548e-20
6.3958723e-10
4.4881899e-20
8.0551385e-20
5.8905357e-10
4.2572015e-20
9.076084e-20
5.2377843e-10
1.4605204e-20
1.022587e-19
4.4234134e-10
-2.6246342e-20
1.2257471e-19
3.4303815e-10
-3.8055899e-20
1.3438113e-19
2.239027e-10
9.3013212e-20
8.2750524e-11
-3.8953061e-20
7.1461123e-20
8.4936587e-11
-2.6563118e-20
1.1748942e-19
2.3038048e-10
-1.2338826e-20
1.0993644e-19
3.5357678e-10
-8.8721226e-21
8.119691e-20
4.5658603e-10
-2.4519642e-20
5.7001401e-20
5.4128392e-10
-4.8925863e-20
4.728536e-20
6.0931608e-10
-5.5322678e-20
4.3724888e-20
6.6207012e-10
-2.4076879e-20
3.0358544e-20
7.0066082e-10
3.7946716e-20
3.1118454e-24
7.2592437e-10
1.003953e-19
-3.6892968e-20
7.3841724e-10
1.315239e-19
-5.8965896e-20
7.3841724e-10
1.2171692e-19
-5.0534337e-20
7.2592437e-10
8.8862926e-20
-1.4565974e-20
7.0066082e-10
6.150805e-20
2.9315417e-20
6.6207012e-10
5.3664129e-20
5.9993168e-20
6.0931608e-10
5.4148401e-20
7.0990698e-20
5.4128392e-10
4.1542653e-20
7.3253078e-20
4.5658603e-10
1.3650956e-20
8.063279e-20
3.5357678e-10
-3.1052762e-21
8.8614105e-20
2.3038048e-10
6.5295254e-20
8.4936587e-11
-6.0756584e-20
4.3246793e-20
8.6010607e-11
-6.0414865e-20
8.8202035e-20
2.3356451e-10
-4.6127923e-20
8.9396233e-20
3.5876113e-10
-3.060886e-20
6.3747277e-20
4.6360076e-10
-3.1571362e-20
3.6053765e-20
5.499138e-10
-5.160667e-20
2.624305e-20
6.193154e-10
-6.8697281e-20
3.6445711e-20
6.7317499e-10
-5.4098962e-20
5.0996891e-20
7.1259813e-10
1.7898444e-21
5.0791812e-20
7.3841724e-10
7.8475882e-20
3.0015859e-20
7.5118791e-10
1.3843866e-19
1.226988e-21
7.5118791e-10
1.5450726e-19
-1.4720724e-20
7.3841724e-10
1.2916778e-19
-5.9695371e-21
7.1259813e-10
8.9977319e-20
2.0779763e-20
6.7317499e-10
6.5007604e-20
4.6629973e-20
6.193154e-10
6.0037627e-20
5.6955849e-20
5.499138e-10
5.8574527e-20
5.3056289e-20
4.6360076e-10
4.6095365e-20
4.7462701e-20
3.5876113e-10
2.8343212e-20
4.5546617e-20
2.3356451e-10
3.3141522e-20
8.6010607e-11
-6.8331158e-20
9.9984719e-21
8.6010607e-11
-8.3132004e-20
5.5642902e-20
2.3356451e-10
-7.7991764e-20
7.4295365e-20
3.5876113e-10
-5.6000357e-20
6.1821893e-20
4.6360076e-10
-3.7343304e-20
3.5153105e-20
5.499138e-10
-3.8884566e-20
2.0084524e-20
6.193154e-10
-5.3268108e-20
3.1750084e-20
6.7317499e-10
-5.3928535e-20
6.3864118e-20
7.1259813e-10
-1.8546068e-20
9.4672937e-20
7.3841724e-10
4.9602828e-20
1.0409877e-19
7.5118791e-10
1.2069214e-19
8.8643706e-20
7.5118791e-10
1.5929298e-19
6.2705917e-20
7.3841724e-10
1.509141e-19
4.5650319e-20
7.1259813e-10
1.1216423e-19
4.5867353e-20
6.7317499e-10
7.5456616e-20
5.5236929e-20
6.193154e-10
6.1561936e-20
5.856613e-20
5.499138e-10
6.4737494e-20
4.8394303e-20
4.6360076e-10
6.4829455e-20
3.0727628e-20
3.5876113e-10
4.8864603e-20
1.5652785e-20
2.3356451e-10
5.4812474e-21
8.6010607e-11
-5.6784038e-20
-2.0476452e-20
8.4936587e-11
-8.5780517e-20
2.4271022e-20
2.3038048e-10
-9.8727321e-20
6.3806109e-20
3.5357678e-10
-8.1622743e-20
7.361258e-20
4.5658603e-10
-4.7715924e-20
5.7558425e-20
5.4128392e-10
-2.2996587e-20
3.8958188e-20
6.0931608e-10
-1.8583136e-20
4.1429598e-20
6.6207012e-10
-2.1507012e-20
7.1970564e-20
7.0066082e-10
-7.7149881e-21
1.1691799e-19
7.2592437e-10
3.5038635e-20
1.523564e-19
7.3841724e-10
9.3835086e-20
1.6117688e-19
7.3841724e-10
1.3846656e-19
1.4411331e-19
7.2592437e-10
1.4504137e-19
1.1686592e-19
7.0066082e-10
1.1566533e-19
9.5956283e-20
6.6207012e-10
7.6740542e-20
8.5751767e-20
6.0931608e-10
5.5974747e-20
7.727811e-20
5.4128392e-10
5.8798535e-20
5.9559732e-20
4.5658603e-10
6.6507476e-20
3.1697841e-20
3.5357678e-10
5.4398652e-20
3.5887666e-21
2.3038048e-10
-1.1452251e-20
8.4936587e-11
-2.7861479e-20
-3.9886043e-20
8.2750524e-11
-6.5025621e-20
-3.8700299e-22
2.239027e-10
-9.9662346e-20
5.5516878e-20
3.4303815e-10
-9.8888688e-20
9.0706339e-20
4.4234134e-10
-6.2249724e-20
9.5209228e-20
5.2377843e-10
-1.5673504e-20
8.2210994e-20
5.8905357e-10
1.5596838e-20
7.4565992e-20
6.3958723e-10
2.6103798e-20
8.8622433e-20
6.7650936e-10
3.0233311e-20
1.2410539e-19
7.0066082e-10
4.6224884e-20
1.650737e-19
7.1259813e-10
7.7748608e-20
1.9108976e-19
7.1259813e-10
1.0913818e-19
1.9127127e-19
7.0066082e-10
1.1852879e-19
1.705682e-19
6.7650936e-10
9.8297135e-20
1.4359377e-19
6.3958723e-10
6.3619861e-20
1.2134635e-19
5.8905357e-10
4.0245738e-20
1.0279202e-19
5.2377843e-10
4.064196e-20
7.8770745e-20
4.4234134e-10
5.1666705e-20
4.4363853e-20
3.4303815e-10
4.5399809e-20
6.8591951e-21
2.239027e-10
-1.6258742e-20
8.2750524e-11
9.7909436e-21
-4.316759e-20
7.937201e-11
-2.5970967e-20
-1.4056589e-20
2.1390031e-10
-7.7476115e-20
4.6418929e-20
3.2679046e-10
-9.8266276e-20
1.0075754e-19
4.2042142e-10
-7.2935566e-20
1.2995399e-19
4.9689356e-10
-1.9324965e-20
1.3389806e-19
5.5799122e-10
3.2864068e-20
1.259427e-19
6.0517456e-10
6.3891198e-20
1.2290289e-19
6.3958723e-10
7.3517663e-20
1.3480393e-19
6.6207012e-10
7.5060509e-20
1.5905626e-19
6.7317499e-10
8.040115e-20
1.8275813e-19
6.7317499e-10
8.8660647e-20
1.924133e-19
6.6207012e-10
8.8037147e-20
1.8357728e-19
6.3958723e-10
6.9529311e-20
1.6285562e-19
6.0517456e-10
3.9100439e-20
1.4008473e-19
5.5799122e-10
1.5588395e-20
1.18691e-19
4.9689356e-10
1.3180122e-20
9.3313923e-20
4.2042142e-10
2.4966926e-20
5.8299246e-20
3.2679046e-10
2.624848e-20
1.7814585e-20
2.1390031e-10
-1.198021e-20
7.937201e-11
4.3639123e-20
-3.1617816e-20
7.4667885e-11
1.872212e-20
-1.6969464e-20
1.9999475e-10
-3.7566177e-20
3.2820234e-20
3.0426063e-10
-7.5205733e-20
9.1814393e-20
3.9011898e-10
-6.8876523e-20
1.4020491e-19
4.5984183e-10
-2.518167e-20
1.6731034e-19
5.1530186e-10
3.1225604e-20
1.7328545e-19
5.5799122e-10
7.6079105e-20
1.6693792e-19
5.8905357e-10
9.7877634e-20
1.5985049e-19
6.0931608e-10
9.9755425e-20
1.5931905e-19
6.193154e-10
9.1890697e-20
1.641556e-19
6.193154e-10
8.0986193e-20
1.6707029e-19
6.0931608e-10
6.5829803e-20
1.6174873e-19
5.8905357e-10
4.2063749e-20
1.4806876e-19
5.5799122e-10
1.2092175e-20
1.3093768e-19
5.1530186e-10
-1.186021e-20
1.1355807e-19
4.5984183e-10
-1.7159707e-20
9.3025311e-20
3.9011898e-10
-5.8946148e-21
6.4112018e-20
3.0426063e-10
3.4982744e-21
2.8028013e-20
1.9999475e-10
-3.786418e-21
7.4667885e-11
6.1967916e-20
-1.2312635e-20
6.8431339e-11
5.3120358e-20
-1.3808001e-20
1.8160885e-10
6.8235665e-21
1.2140933e-20
2.7459701e-10
-3.4197076e-20
5.8048344e-20
3.5041072e-10
-4.3511604e-20
1.1157722e-19
4.1151161e-10
-1.9163692e-20
1.5818933e-19
4.5984183e-10
2.3953873e-20
1.872626e-19
4.9689356e-10
6.6318377e-20
1.9582706e-19
5.2377843e-10
9.3723696e-20
1.8863651e-19
5.4128392e-10
1.0146276e-19
1.7404131e-19
5.499138e-10
9.3040634e-20
1.5858239e-19
5.499138e-10
7.4771041e-20
1.4411787e-19
5.4128392e-10
5.0496827e-20
1.2942721e-19
5.2377843e-10
2.1276175e-20
1.1411787e-19
4.9689356e-10
-1.0055509e-20
9.9930458e-20
4.5984183e-10
-3.492017e-20
8.8183261e-20
4.1151161e-10
-4.2877517e-20
7.6169432e-20
3.5041072e-10
-3.2791899e-20
5.8380376e-20
2.7459701e-10
-1.664355e-20
3.2632314e-20
1.8160885e-10
4.323502e-21
6.8431339e-11
5.8346959e-20
4.9770584e-21
6.0338636e-11
6.394797e-20
-1.0696483e-20
1.5787095e-10
3.9005332e-20
-1.3577115e-20
2.3656652e-10
1.1441944e-20
6.3096616e-21
2.9987395e-10
-3.1108955e-22
4.8536161e-20
3.5041072e-10
7.7597508e-21
1.0189934e-19
3.9011898e-10
2.9027825e-20
1.5122065e-19
4.2042142e-10
5.3218843e-20
1.8403267e-19
4.4234134e-10
7.1290035e-20
1.947631e-19
4.5658603e-10
7.770484e-20
1.8524343e-19
4.6360076e-10
7.1406811e-20
1.6209287e-19
4.6360076e-10
5.4706422e-20
1.3282679e-19
4.5658603e-10
3.095849e-20
1.0351034e-19
4.4234134e-10
2.8865988e-21
7.8579394e-20
4.2042142e-10
-2.6086624e-20
6.1256796e-20
3.9011898e-10
-4.9366762e-20
5.2440905e-20
3.5041072e-10
-5.8280869e-20
4.8897651e-20
2.9987395e-10
-4.9638539e-20
4.3743947e-20
2.3656652e-10
-2.9781552e-20
3.1186631e-20
1.5787095e-10
1.0655761e-20
6.0338636e-11
3.5018107e-20
1.2283303e-20
4.9849562e-11
4.7224404e-20
-1.0824907e-20
1.2742848e-10
4.6352239e-20
-3.5130188e-20
1.8838283e-10
4.4205809e-20
-4.1192171e-20
2.3656652e-10
4.5639882e-20
-1.9874312e-20
2.7459701e-10
4.9780037e-20
2.4762098e-20
3.0426063e-10
5.3066692e-20
7.9658401e-20
3.2679046e-10
5.3088543e-20
1.2898492e-19
3.4303815e-10
4.9316002e-20
1.5986306e-19
3.5357678e-10
4.1901932e-20
1.6613847e-19
3.5876113e-10
3.1062961e-20
1.4951996e-19
3.5876113e-10
1.7105363e-20
1.1756831e-19
3.5357678e-10
6.6802583e-22
8.0458905e-20
3.4303815e-10
-1.7749099e-20
4.766219e-20
3.2679046e-10
-3.6955578e-20
2.5935162e-20
3.0426063e-10
-5.3208038e-20
1.7678795e-20
2.7459701e-10
-6.0046115e-20
1.9768493e-20
2.3656652e-10
-5.2956294e-20
2.4569867e-20
1.8838283e-10
-3.3467166e-20
2.3928932e-20
1.2742848e-10
1.3504648e-20
4.9849562e-11
3.9639495e-21
9.1612983e-21
3.5939364e-11
1.3024063e-20
-9.0067203e-21
8.8069255e-11
2.8336812e-20
-3.5922735e-20
1.2742848e-10
5.0146267e-20
-5.2776591e-20
1.5787095e-10
7.1119445e-20
-4.9038378e-20
1.8160885e-10
8.2680974e-20
-2.3601941e-20
1.9999475e-10
7.943831e-20
1.6387119e-20
2.1390031e-10
6.2228603e-20
5.8975839e-20
2.239027e-10
3.7047592e-20
9.1726687e-20
2.3038048e-10
1.1328093e-20
1.0607261e-19
2.3356451e-10
-9.4568887e-21
9.9980345e-20
2.3356451e-10
-2.3127271e-20
7.7909239e-20
2.3038048e-10
-3.0634534e-20
4.8381723e-20
2.239027e-10
-3.489785e-20
2.0764015e-20
2.1390031e-10
-3.9057095e-20
2.2420966e-21
1.9999475e-10
-4.3940755e-20
-4.2303924e-21
1.8160885e-10
-4.6265723e-20
-7.6245412e-22
1.5787095e-10
-4.1319004e-20
6.5874226e-21
1.2742848e-10
-2.659724e-20
1.1173988e-20
8.8069255e-11
9.6434683e-21
3.5939364e-11
-1.4637749e-20
1.6236676e-11
-1.5736288e-20
3.5939364e-11
-1.2623451e-21
4.9849562e-11
2.4501728e-20
6.0338636e-11
5.12684e-20
6.8431339e-11
6.8354293e-20
7.4667885e-11
6.8808159e-20
7.937201e-11
5.2451598e-20
8.2750524e-11
2.539278e-20
8.4936587e-11
-3.2147122e-21
8.6010607e-11
-2.5313497e-20
8.6010607e-11
-3.6639807e-20
8.4936587e-11
-3.7378534e-20
8.2750524e-11
-3.132461e-20
7.937201e-11
-2.3839201e-20
7.4667885e-11
-1.9105155e-20
6.8431339e-11
-1.7501342e-20
6.0338636e-11
-1.6053839e-20
4.9849562e-11
-1.0852292e-20
3.5939364e-11
1.6236676e-11
9.1507384e-21
2.1169131e-20
1.6236676e-11
3.028756e-20
4.7141065e-20
3.5939364e-11
5.487783e-20
5.573607e-20
4.9849562e-11
7.3920959e-20
5.1075762e-20
6.0338636e-11
8.5998543e-20
3.6987475e-20
6.8431339e-11
9.1031553e-20
1.5950119e-20
7.4667885e-11
8.6350173e-20
-8.0977521e-21
7.937201e-11
6.8445554e-20
-2.8679401e-20
8.2750524e-11
3.6175673e-20
-3.8403916e-20
8.4936587e-11
-6.7581819e-21
-3.2240316e-20
8.6010607e-11
-5.1609212e-20
-1.0360914e-20
8.6010607e-11
-8.7438046e-20
2.0874259e-20
8.4936587e-11
-1.0586228e-19
5.1259335e-20
8.2750524e-11
-1.0481858e-19
7.1198136e-20
7.937201e-11
-8.9038827e-20
7.5857242e-20
7.4667885e-11
-6.62399e-20
6.6548821e-20
6.8431339e-11
-4.3070317e-20
4.851035e-20
6.0338636e-11
-2.3850022e-20
2.7623486e-20
4.9849562e-11
-9.7884296e-21
8.9460391e-21
3.5939364e-11
-3.673088e-21
1.6236676e-11
2.3948436e-20
3.8381035e-20
3.5939364e-11
5.5946686e-20
8.7207892e-20
8.8069255e-11
8.9924736e-20
1.0948579e-19
1.2742848e-10
1.1516777e-19
1.1177077e-19
1.5787095e-10
1.3039365e-19
9.880931e-20
1.8160885e-10
1.3800523e-19
7.3602913e-20
1.9999475e-10
1.3628738e-19
4.0934501e-20
2.1390031e-10
1.1965094e-19
9.1684324e-21
2.239027e-10
8.2760082e-20
-1.1634428e-20
2.3038048e-10
2.5508669e-20
-1.3775055e-20
2.3356451e-10
-4.4277909e-20
4.3852772e-21
2.3356451e-10
-1.1189599e-19
3.7168649e-20
2.3038048e-10
-1.6121674e-19
7.3416604e-20
2.239027e-10
-1.8176508e-19
1.012753e-19
2.1390031e-10
-1.7299221e-19
1.1268279e-19
1.9999475e-10
-1.429158e-19
1.0575205e-19
1.8160885e-10
-1.031212e-19
8.3836385e-20
1.5787095e-10
-6.4158585e-20
5.345112e-20
1.2742848e-10
-3.0591732e-20
2.2369034e-20
8.8069255e-11
-1.9036339e-21
3.5939364e-11
3.3814156e-20
5.3606265e-20
4.9849562e-11
6.824319e-20
1.2113437e-19
1.2742848e-10
9.814463e-20
1.5486358e-19
1.8838283e-10
1.1571018e-19
1.641839e-19
2.3656652e-10
1.2274466e-19
1.5585632e-19
2.7459701e-10
1.2574835e-19
1.3264425e-19
3.0426063e-10
1.2641294e-19
9.7420902e-20
3.2679046e-10
1.1979724e-19
5.7164082e-20
3.4303815e-10
9.7567054e-20
2.2012856e-20
3.5357678e-10
5.399627e-20
1.7182644e-21
3.5876113e-10
-9.0589927e-21
1.9159807e-21
3.5876113e-10
-8.0599106e-20
2.1792385e-20
3.5357678e-10
-1.4378294e-19
5.434616e-20
3.4303815e-10
-1.8351611e-19
8.8802063e-20
3.2679046e-10
-1.9273776e-19
1.1449542e-19
3.0426063e-10
-1.7423893e-19
1.2378275e-19
2.7459701e-10
-1.3734059e-19
1.1362378e-19
2.3656652e-10
-9.3515138e-20
8.6119682e-20
1.8838283e-10
-4.9278885e-20
4.8203526e-20
1.2742848e-10
8.9669777e-21
4.9849562e-11
4.2290172e-20
6.6171959e-20
6.0338636e-11
7.6958436e-20
1.4323224e-19
1.5787095e-10
9.9201118e-20
1.8002275e-19
2.3656652e-10
1.049418e-19
1.9071802e-19
2.9987395e-10
9.8902151e-20
1.8564479e-19
3.5041072e-10
9.1452491e-20
1.6749374e-19
3.9011898e-10
8.9073974e-20
1.3612722e-19
4.2042142e-10
8.9627955e-20
9.4843563e-20
4.4234134e-10
8.4179549e-20
5.1590852e-20
4.5658603e-10
6.296416e-20
1.6440621e-20
4.6360076e-10
2.1407506e-20
-1.8782548e-21
4.6360076e-10
-3.5956436e-20
1.2158066e-21
4.5658603e-10
-9.6568713e-20
2.447248e-20
4.4234134e-10
-1.4551272e-19
6.0884889e-20
4.2042142e-10
-1.7221951e-19
9.934852e-20
3.9011898e-10
-1.7344069e-19
1.2785691e-19
3.5041072e-10
-1.5203143e-19
1.3665795e-19
2.9987395e-10
-1.1457223e-19
1.2096575e-19
2.3656652e-10
-6.5898997e-20
8.2580488e-20
1.5787095e-10
2.7526012e-20
6.0338636e-11
4.5973279e-20
7.8489976e-20
6.8431339e-11
8.0429567e-20
1.5593366e-19
1.8160885e-10
9.7581048e-20
1.859153e-19
2.7459701e-10
9.5143528e-20
1.894706e-19
3.5041072e-10
7.8015208e-20
1.8204918e-19
4.1151161e-10
5.8525086e-20
1.6761203e-19
4.5984183e-10
4.7765148e-20
1.4368023e-19
4.9689356e-10
4.8182069e-20
1.0938305e-19
5.2377843e-10
5.294051e-20
6.8844574e-20
5.4128392e-10
5.1123287e-20
3.0117026e-20
5.499138e-10
3.393979e-20
2.1853696e-21
5.499138e-10
-4.1314468e-22
-7.4279744e-21
5.4128392e-10
-4.5932219e-20
4.9356887e-21
5.2377843e-10
-9.2286559e-20
3.7092789e-20
4.9689356e-10
-1.2931954e-19
8.0541852e-20
4.5984183e-10
-1.4983216e-19
1.2234767e-19
4.1151161e-10
-1.4927775e-19
1.4874126e-19
3.5041072e-10
-1.2572946e-19
1.4867667e-19
2.7459701e-10
-7.8249429e-20
1.1633951e-19
1.8160885e-10
4.9665812e-20
6.8431339e-11
3.8816051e-20
9.0991416e-20
7.4667885e-11
7.1273808e-20
1.642312e-19
1.9999475e-10
8.7594526e-20
1.8177053e-19
3.0426063e-10
8.4338722e-20
1.7198307e-19
3.9011898e-10
6.3167745e-20
1.5587021e-19
4.5984183e-10
3.5474529e-20
1.4071134e-19
5.1530186e-10
1.5569125e-20
1.2374644e-19
5.5799122e-10
1.0802943e-20
1.0079192e-19
5.8905357e-10
1.822428e-20
7.1722177e-20
6.0931608e-10
2.8208851e-20
4.0764377e-20
6.193154e-10
3.0733068e-20
1.4499369e-20
6.193154e-10
1.9926864e-20
-8.5510153e-23
6.0931608e-10
-4.581006e-21
2.7790866e-21
5.8905357e-10
-3.9102857e-20
2.5278295e-20
5.5799122e-10
-7.7448808e-20
6.3739806e-20
5.1530186e-10
-1.1147053e-19
1.0826112e-19
4.5984183e-10
-1.3072296e-19
1.4508679e-19
3.9011898e-10
-1.2415913e-19
1.5956301e-19
3.0426063e-10
-8.2932807e-20
1.3843744e-19
1.9999475e-10
6.910994e-20
7.4667885e-11
1.8231255e-20
9.9188108e-20
7.937201e-11
4.5104649e-20
1.6840629e-19
2.1390031e-10
6.3053202e-20
1.7489287e-19
3.2679046e-10
6.5629274e-20
1.5146744e-19
4.2042142e-10
4.9161064e-20
1.2351152e-19
4.9689356e-10
2.1068559e-20
1.0315006e-19
5.5799122e-10
-3.6902599e-21
9.0104328e-20
6.0517456e-10
-1.3820362e-20
7.878136e-20
6.3958723e-10
-8.1852057e-21
6.5051809e-20
6.6207012e-10
6.2301542e-21
4.8652131e-20
6.7317499e-10
2.0291284e-20
3.2284534e-20
6.7317499e-10
2.7109354e-20
2.0062665e-20
6.6207012e-10
2.2524515e-20
1.6793276e-20
6.3958723e-10
4.2195177e-21
2.6786434e-20
6.0517456e-10
-2.7363248e-20
5.1569445e-20
5.5799122e-10
-6.6178642e-20
8.7388295e-20
4.9689356e-10
-9.8990415e-20
1.2449501e-19
4.2042142e-10
-1.0781237e-19
1.4827438e-19
3.2679046e-10
-7.6543355e-20
1.4046509e-19
2.1390031e-10
7.9029381e-20
7.937201e-11
-1.1675315e-20
9.6370302e-20
8.2750524e-11
5.3346083e-21
1.6367747e-19
2.239027e-10
2.37196e-20
1.6656638e-19
3.4303815e-10
3.4962266e-20
1.3580242e-19
4.4234134e-10
3.0270328e-20
9.7791498e-20
5.2377843e-10
1.0766661e-20
6.9769259e-20
5.8905357e-10
-1.1356182e-20
5.6637151e-20
6.3958723e-10
-2.3249343e-20
5.409013e-20
6.7650936e-10
-2.0334376e-20
5.512042e-20
7.0066082e-10
-6.6624517e-21
5.4977348e-20
7.1259813e-10
1.0589485e-20
5.2133477e-20
7.1259813e-10
2.5687878e-20
4.714702e-20
7.0066082e-10
3.4158228e-20
4.2056273e-20
6.7650936e-10
3.0906419e-20
4.0726955e-20
6.3958723e-10
1.150237e-20
4.8030475e-20
5.8905357e-10
-2.2421602e-20
6.6714166e-20
5.2377843e-10
-5.8829181e-20
9.388636e-20
4.4234134e-10
-7.7244808e-20
1.1852842e-19
3.4303815e-10
-5.7902694e-20
1.2127748e-19
2.239027e-10
7.5313733e-20
8.2750524e-11
-4.1279494e-20
7.8220762e-20
8.4936587e-11
-3.7563473e-20
1.4470669e-19
2.3038048e-10
-2.3633604e-20
1.5414868e-19
3.5357678e-10
-6.2024489e-21
1.2700044e-19
4.5658603e-10
3.618218e-21
8.5543022e-20
5.4128392e-10
9.2103743e-23
5.0406818e-20
6.0931608e-10
-1.1043952e-20
3.3263834e-20
6.6207012e-10
-1.9023103e-20
3.4264478e-20
7.0066082e-10
-1.7401787e-20
4.6018435e-20
7.2592437e-10
-7.302551e-21
6.005943e-20
7.3841724e-10
6.5148765e-21
7.0757088e-20
7.3841724e-10
2.0451153e-20
7.5356639e-20
7.2592437e-10
3.2409833e-20
7.3029036e-20
7.0066082e-10
3.8444071e-20
6.5439843e-20
6.6207012e-10
3.2347045e-20
5.7784274e-20
6.0931608e-10
1.1267759e-20
5.703412e-20
5.4128392e-10
-1.7862976e-20
6.7024197e-20
4.5658603e-10
-3.7686229e-20
8.3046798e-20
3.5357678e-10
-3.0024166e-20
8.9000697e-20
2.3038048e-10
5.9439683e-20
8.4936587e-11
-5.9414395e-20
4.589259e-20
8.6010607e-11
-7.0078596e-20
1.0949565e-19
2.3356451e-10
-6.7615255e-20
1.3388297e-19
3.5876113e-10
-5.1575271e-20
1.2231777e-19
4.6360076e-10
-3.0346393e-20
8.757878e-20
5.499138e-10
-1.4716811e-20
4.9795404e-20
6.193154e-10
-7.7821983e-21
2.645789e-20
6.7317499e-10
-5.1706477e-21
2.4516868e-20
7.1259813e-10
-1.6249979e-21
3.9771212e-20
7.3841724e-10
4.1829641e-21
6.2628348e-20
7.5118791e-10
1.0429818e-20
8.4269748e-20
7.5118791e-10
1.6183785e-20
9.8976992e-20
7.3841724e-10
2.2615276e-20
1.0340971e-19
7.1259813e-10
2.9792834e-20
9.6625404e-20
6.7317499e-10
3.3494471e-20
8.1577619e-20
6.193154e-10
2.838386e-20
6.5685401e-20
5.499138e-10
1.4722754e-20
5.6891574e-20
4.6360076e-10
1.5377439e-21
5.7051935e-20
3.5876113e-10
1.0489956e-22
5.6907361e-20
2.3356451e-10
3.8020707e-20
8.6010607e-11
-5.8491471e-20
6.414079e-21
8.6010607e-11
-8.1146303e-20
6.1685092e-20
2.3356451e-10
-9.6203534e-20
1.0338141e-19
3.5876113e-10
-9.1590641e-20
1.1565798e-19
4.6360076e-10
-6.7595533e-20
9.8509059e-20
5.499138e-10
-3.5828395e-20
6.6558803e-20
6.193154e-10
-7.6905447e-21
3.9033831e-20
6.7317499e-10
1.1582235e-20
2.9068346e-20
7.1259813e-10
2.2141147e-20
3.8822006e-20
7.3841724e-10
2.570702e-20
6.1778678e-20
7.5118791e-10
2.34051e-20
8.853576e-20
7.5118791e-10
1.7316745e-20
1.1132116e-19
7.3841724e-10
1.2098977e-20
1.2477744e-19
7.1259813e-10
1.2521634e-20
1.2522777e-19
6.7317499e-10
1.909165e-20
1.1215778e-19
6.193154e-10
2.7185573e-20
9.0025245e-20
5.499138e-10
3.1407337e-20
6.6978294e-20
4.6360076e-10
3.0263764e-20
4.9437414e-20
3.5876113e-10
2.436956e-20
3.6170723e-20
2.3356451e-10
1.8891933e-20
8.6010607e-11
-3.8200035e-20
-2.9452196e-20
8.4936587e-11
-6.7276936e-20
1.0539702e-20
2.3038048e-10
-1.0141067e-19
6.406975e-20
3.5357678e-10
-1.1609585e-19
1.0070033e-19
4.5658603e-10
-1.0042429e-19
1.0830631e-19
5.4128392e-10
-6.1795008e-20
9.2265588e-20
6.0931608e-10
-1.5998389e-20
6.768537e-20
6.6207012e-10
2.2430716e-20
4.9802826e-20
7.0066082e-10
4.5598864e-20
4.7255716e-20
7.2592437e-10
5.2083284e-20
6.0140173e-20
7.3841724e-10
4.4273814e-20
8.278148e-20
7.3841724e-10
2.7072426e-20
1.0790449e-19
7.2592437e-10
8.0326843e-21
1.2880931e-19
7.0066082e-10
-3.7372392e-21
1.3956846e-19
6.6207012e-10
-2.1730704e-21
1.3582035e-19
6.0931608e-10
1.1690391e-20
1.1727215e-19
5.4128392e-10
3.0030254e-20
8.8844272e-20
4.5658603e-10
4.2089762e-20
5.8077636e-20
3.5357678e-10
3.7112754e-20
3.0244116e-20
2.3038048e-10
7.0924204e-21
8.4936587e-11
-6.2634981e-21
-5.1977686e-20
8.2750524e-11
-3.46853e-20
-3.216793e-20
2.239027e-10
-8.3139372e-20
2.1861059e-20
3.4303815e-10
-1.1842658e-19
7.4431218e-20
4.4234134e-10
-1.195435e-19
1.0627129e-19
5.2377843e-10
-8.6366483e-20
1.1308723e-19
5.8905357e-10
-3.3379781e-20
1.0131148e-19
6.3958723e-10
2.0030125e-20
8.2438106e-20
6.7650936e-10
5.8289514e-20
6.7721628e-20
7.0066082e-10
7.4091765e-20
6.4234897e-20
7.1259813e-10
6.7728145e-20
7.3240102e-20
7.1259813e-10
4.4742938e-20
9.1543455e-20
7.0066082e-10
1.4467056e-20
1.1346435e-19
6.7650936e-10
-1.0913548e-20
1.3202493e-19
6.3958723e-10
-2.0294746e-20
1.3985563e-19
5.8905357e-10
-9.4568765e-21
1.3172269e-19
5.2377843e-10
1.5078253e-20
1.0740465e-19
4.4234134e-10
3.728844e-20
7.2134996e-20
3.4303815e-10
3.7386847e-20
3.418832e-20
2.239027e-10
2.8744359e-21
8.2750524e-11
2.5014429e-20
-5.7024953e-20
7.937201e-11
3.009724e-21
-5.7496045e-20
2.1390031e-10
-5.0019647e-20
-1.5211181e-20
3.2679046e-10
-9.9146648e-20
3.8931232e-20
4.2042142e-10
-1.1844738e-19
8.5813309e-20
4.9689356e-10
-1.0044769e-19
1.1499942e-19
5.5799122e-10
-5.380493e-20
1.2343826e-19
6.0517456e-10
3.5822358e-21
1.1441275e-19
6.3958723e-10
5.2981586e-20
9.6215876e-20
6.6207012e-10
8.1355043e-20
7.886866e-20
6.7317499e-10
8.404688e-20
7.0242461e-20
6.7317499e-10
6.3840627e-20
7.354035e-20
6.6207012e-10
2.9381852e-20
8.7246498e-20
6.3958723e-10
-6.1062818e-21
1.0588374e-19
6.0517456e-10
-2.8002832e-20
1.212441e-19
5.5799122e-10
-2.6684277e-20
1.2463652e-19
4.9689356e-10
-4.5021214e-21
1.1051885e-19
4.2042142e-10
2.2045561e-20
7.9608913e-20
3.2679046e-10
2.8714141e-20
3.9409136e-20
2.1390031e-10
2.9291009e-21
7.937201e-11
4.4570499e-20
-4.7588918e-20
7.4667885e-11
3.0875831e-20
-6.3609246e-20
1.9999475e-10
-1.6211814e-20
-4.1264873e-20
3.0426063e-10
-6.6965634e-20
-1.6233586e-22
3.9011898e-10
-9.7577003e-20
4.738882e-20
4.5984183e-10
-9.6951088e-20
9.0408278e-20
5.1530186e-10
-6.6925466e-20
1.1950773e-19
5.5799122e-10
-1.8870607e-20
1.2913835e-19
5.8905357e-10
3.1318915e-20
1.2029406e-19
6.0931608e-10
6.876613e-20
1.0034241e-19
6.193154e-10
8.3834054e-20
7.9354143e-20
6.193154e-10
7.4165194e-20
6.6016633e-20
6.0931608e-10
4.4579217e-20
6.4627089e-20
5.8905357e-10
6.6248632e-21
7.4265688e-20
5.5799122e-10
-2.4078809e-20
8.8895306e-20
5.1530186e-10
-3.3943119e-20
9.9193895e-20
4.5984183e-10
-1.9986008e-20
9.5993308e-20
3.9011898e-10
4.7713172e-21
7.4894737e-20
3.0426063e-10
1.647303e-20
3.9792732e-20
1.9999475e-10
3.6570903e-21
7.4667885e-11
4.7095554e-20
-3.1124691e-20
6.8431339e-11
3.8903525e-20
-5.5943956e-20
1.8160885e-10
4.5921379e-21
-5.5102985e-20
2.7459701e-10
-3.5147766e-20
-3.5990107e-20
3.5041072e-10
-6.4823309e-20
-1.2244182e-21
4.1151161e-10
-7.512889e-20
4.2754207e-20
4.5984183e-10
-6.3796633e-20
8.5247774e-20
4.9689356e-10
-3.442048e-20
1.1499156e-19
5.2377843e-10
4.4757809e-21
1.2505138e-19
5.4128392e-10
4.1224592e-20
1.1577747e-19
5.499138e-10
6.4727302e-20
9.4255627e-20
5.499138e-10
6.7869902e-20
7.0719113e-20
5.4128392e-10
5.0077951e-20
5.4329198e-20
5.2377843e-10
1.8433949e-20
4.9978853e-20
4.9689356e-10
-1.3549443e-20
5.6529055e-20
4.5984183e-10
-3.1065887e-20
6.6996452e-20
4.1151161e-10
-2.6787895e-20
7.1183683e-20
3.5041072e-10
-8.2589731e-21
6.0706733e-20
2.7459701e-10
4.9979627e-21
3.4821772e-20
1.8160885e-10
3.7346097e-21
6.8431339e-11
3.4183698e-20
-1.5393031e-20
6.0338636e-11
2.5878428e-20
-4.3389063e-20
1.5787095e-10
5.4496325e-21
-5.9312356e-20
2.3656652e-10
-1.5281729e-20
-6.2053705e-20
2.9987395e-10
-3.1815095e-20
-4.6464435e-20
3.5041072e-10
-4.1504071e-20
-1.261072e-20
3.9011898e-10
-4.2469275e-20
3.1914128e-20
4.2042142e-10
-3.3041496e-20
7.4763808e-20
4.4234134e-10
-1.3634165e-20
1.0378661e-19
4.5658603e-10
1.1287638e-20
1.1199171e-19
4.6360076e-10
3.3814944e-20
1.0033906e-19
4.6360076e-10
4.5486256e-20
7.6635281e-20
4.5658603e-10
4.1131064e-20
5.1883715e-20
4.4234134e-10
2.2039478e-20
3.5685617e-20
4.2042142e-10
-3.2363021e-21
3.2227698e-20
3.9011898e-10
-2.2084232e-20
3.8500569e-20
3.5041072e-10
-2.5284691e-20
4.5630688e-20
2.9987395e-10
-1.4879987e-20
4.3476276e-20
2.3656652e-10
-3.640421e-21
2.7400133e-20
1.5787095e-10
3.8020381e-21
6.0338636e-11
1.2755063e-20
-5.6455354e-21
4.9849562e-11
4.6671653e-23
-3.3269632e-20
1.2742848e-10
-9.6948277e-21
-5.7185369e-20
1.8838283e-10
-1.0708838e-20
-7.3118607e-20
2.3656652e-10
-7.9004379e-21
-7.3304451e-20
2.7459701e-10
-6.9122937e-21
-5.357574e-20
3.0426063e-10
-1.0072887e-20
-1.6982096e-20
3.2679046e-10
-1.4708291e-20
2.6834128e-20
3.4303815e-10
-1.5512849e-20
6.4851176e-20
3.5357678e-10
-8.9761711e-21
8.6011044e-20
3.5876113e-10
3.5135751e-21
8.6056549e-20
3.5876113e-10
1.6194516e-20
6.8965659e-20
3.5357678e-10
2.2080121e-20
4.4581735e-20
3.4303815e-10
1.7140815e-20
2.4038802e-20
3.2679046e-10
3.4890736e-21
1.4645331e-20
3.0426063e-10
-1.109994e-20
1.6761233e-20
2.7459701e-10
-1.8259328e-20
2.3919724e-20
2.3656652e-10
-1.5835463e-20
2.6611785e-20
1.8838283e-10
-8.8908372e-21
1.868483e-20
1.2742848e-10
3.4490759e-21
4.9849562e-11
-7.5786075e-21
-1.0150157e-21
3.5939364e-11
-2.3458457e-20
-2.2754828e-20
8.8069255e-11
-2.6314334e-20
-4.3796039e-20
1.2742848e-10
-1.3955143e-20
-6.0225709e-20
1.5787095e-10
4.4093841e-21
-6.6399483e-20
1.8160885e-10
1.7885216e-20
-5.8126958e-20
1.9999475e-10
1.9535396e-20
-3.5606995e-20
2.1390031e-10
9.6608828e-21
-4.439487e-21
2.239027e-10
-4.769922e-21
2.5831633e-20
2.3038048e-10
-1.4878932e-20
4.5717616e-20
2.3356451e-10
-1.5465423e-20
5.0106294e-20
2.3356451e-10
-7.4993218e-21
4.0511498e-20
2.3038048e-10
3.0854705e-21
2.3787523e-20
2.239027e-10
9.1963222e-21
8.4735714e-21
2.1390031e-10
7.2411237e-21
7.5568647e-22
1.9999475e-10
-6.2831692e-22
1.7710947e-21
1.8160885e-10
-8.7270787e-21
7.4136321e-21
1.5787095e-10
-1.256771e-20
1.1212768e-20
1.2742848e-10
-1.0651299e-20
8.3255313e-21
8.8069255e-11
9.4804266e-22
3.5939364e-11
-1.7236413e-20
1.6236676e-11
-2.7673817e-20
3.5939364e-11
-2.602165e-20
4.9849562e-11
-1.244647e-20
6.0338636e-11
6.630422e-21
6.8431339e-11
2.2800053e-20
7.4667885e-11
2.8889818e-20
7.937201e-11
2.2550793e-20
8.2750524e-11
7.78009e-21
8.4936587e-11
-7.4936846e-21
8.6010607e-11
-1.6003096e-20
8.6010607e-11
-1.4969207e-20
8.4936587e-11
-6.9700527e-21
8.2750524e-11
2.1542856e-21
7.937201e-11
6.9882324e-21
7.4667885e-11
5.5818838e-21
6.8431339e-11
1.9237249e-23
6.0338636e-11
-5.9804835e-21
4.9849562e-11
-8.1369616e-21
3.5939364e-11
1.6236676e-11
8.3915219e-21
7.8458032e-22
1.6236676e-11
1.9524562e-20
8.3310786e-21
3.5939364e-11
3.4275725e-20
1.4987633e-20
4.9849562e-11
4.7591892e-20
1.6850388e-20
6.0338636e-11
5.7696556e-20
1.0575385e-20
6.8431339e-11
6.2967842e-20
-4.6006642e-21
7.4667885e-11
6.0407864e-20
-2.6164728e-20
7.937201e-11
4.6625785e-20
-4.7760522e-20
8.2750524e-11
2.0113874e-20
-6.0665649e-20
8.4936587e-11
-1.5839982e-20
-5.774849e-20
8.6010607e-11
-5.2009733e-20
-3.8203915e-20
8.6010607e-11
-7.661054e-20
-9.5008166e-21
8.4936587e-11
-8.2448514e-20
1.5881667e-20
8.2750524e-11
-7.2549677e-20
2.8302296e-20
7.937201e-11
-5.809722e-20
2.7529717e-20
7.4667885e-11
-4.8718188e-20
2.1921163e-20
6.8431339e-11
-4.4752124e-20
1.9730727e-20
6.0338636e-11
-3.8114119e-20
2.1328432e-20
4.9849562e-11
-2.1743197e-20
1.970755e-20
3.5939364e-11
5.8520367e-21
1.6236676e-11
2.1412173e-20
-5.1082446e-21
3.5939364e-11
4.3586805e-20
7.1141558e-21
8.8069255e-11
6.5433368e-20
2.0991369e-20
1.2742848e-10
8.0646882e-20
2.9274443e-20
1.5787095e-10
8.8621694e-20
2.6977991e-20
1.8160884e-10
9.0604017e-20
1.1883759e-20
1.9999475e-10
8.5984576e-20
-1.4094338e-20
2.1390031e-10
7.1174272e-20
-4.3727622e-20
2.239027e-10
4.1197371e-20
-6.5738753e-20
2.3038048e-10
-5.6326698e-21
-6.9629974e-20
2.3356451e-10
-6.2406248e-20
-5.192146e-20
2.3356451e-10
-1.1344322e-19
-1.9562658e-20
2.3038048e-10
-1.4177433e-19
1.2890079e-20
2.239027e-10
-1.4082168e-19
3.1859172e-20
2.1390031e-10
-1.1970044e-19
3.3410526e-20
1.9999475e-10
-9.6165015e-20
2.448494e-20
1.8160884e-10
-8.1815562e-20
1.5536984e-20
1.5787095e-10
-7.1645157e-20
1.1830931e-20
1.2742848e-10
-4.8604759e-20
1.0314322e-20
8.8069255e-11
4.6428767e-21
3.5939364e-11
3.2419842e-20
-4.778331e-21
4.9849562e-11
5.8453373e-20
1.1446916e-20
1.2742848e-10
7.8973686e-20
3.0709486e-20
1.8838283e-10
8.7681936e-20
4.5287828e-20
2.3656652e-10
8.5795229e-20
5.0500046e-20
2.7459701e-10
7.8671122e-20
4.2591493e-20
3.0426063e-10
7.0472046e-20
2.054455e-20
3.2679046e-10
6.0544862e-20
-1.1161691e-20
3.4303815e-10
4.2406429e-20
-4.2237589e-20
3.5357678e-10
8.1217083e-21
-6.014772e-20
3.5876113e-10
-4.3426767e-20
-5.6520968e-20
3.5876113e-10
-1.010708e-19
-3.2790578e-20
3.5357678e-10
-1.4503791e-19
-4.3368156e-22
3.4303815e-10
-1.5951672e-19
2.5391352e-20
3.2679046e-10
-1.4483656e-19
3.4665933e-20
3.0426063e-10
-1.1737463e-19
2.7851807e-20
2.7459701e-10
-9.5084348e-20
1.3666477e-20
2.3656652e-10
-8.0351123e-20
2.1969467e-21
1.8838283e-10
-5.4483377e-20
-1.8031007e-21
1.2742848e-10
-8.487946e-22
4.9849562e-11
4.0767593e-20
2.0966653e-21
6.0338636e-11
6.7606371e-20
2.1911639e-20
1.5787095e-10
8.5359988e-20
4.2770483e-20
2.3656652e-10
8.7002732e-20
6.0284824e-20
2.9987395e-10
7.3926185e-20
7.2206591e-20
3.5041072e-10
5.4662379e-20
7.4314112e-20
3.9011898e-10
3.889771e-20
6.2081341e-20
4.2042142e-10
3.1186415e-20
3.5004208e-20
4.4234134e-10
2.6584009e-20
-5.0387005e-22
4.5658603e-10
1.2969153e-20
-3.1960036e-20
4.6360076e-10
-1.9710218e-20
-4.6388194e-20
4.6360076e-10
-6.9201296e-20
-3.7663519e-20
4.5658603e-10
-1.1892647e-19
-1.0835303e-20
4.4234134e-10
-1.4829779e-19
2.0181874e-20
4.2042142e-10
-1.479745e-19
4.0521074e-20
3.9011898e-10
-1.2664146e-19
4.2776001e-20
3.5041072e-10
-1.0161504e-19
3.0286806e-20
2.9987395e-10
-8.1138829e-20
1.347239e-20
2.3656652e-10
-5.2971467e-20
2.0262382e-21
1.5787095e-10
-1.9538188e-21
6.0338636e-11
4.3419721e-20
1.5786784e-20
6.8431339e-11
7.0358738e-20
3.9146036e-20
1.8160884e-10
8.860816e-20
5.6887894e-20
2.7459701e-10
8.8173097e-20
7.101693e-20
3.5041072e-10
6.7740227e-20
8.416458e-20
4.1151161e-10
3.6442429e-20
9.4091169e-20
4.5984183e-10
8.627378e-21
9.4426594e-20
4.9689356e-10
-4.4179275e-21
7.9295469e-20
5.2377843e-10
-2.2689894e-21
4.876227e-20
5.4128392e-10
2.9246193e-21
1.1408014e-20
5.499138e-10
-5.6227819e-21
-1.8263722e-20
5.499138e-10
-3.6222112e-20
-2.7217395e-20
5.4128392e-10
-8.0604749e-20
-1.1942414e-20
5.2377843e-10
-1.1902191e-19
1.8675138e-20
4.9689356e-10
-1.3502747e-19
4.8264102e-20
4.5984183e-10
-1.2710813e-19
6.3073363e-20
4.1151161e-10
-1.0637266e-19
5.9425511e-20
3.5041072e-10
-8.2849332e-20
4.3779774e-20
2.7459701e-10
-5.2538403e-20
2.5407827e-20
1.8160884e-10
7.6227744e-21
6.8431339e-11
3.6937702e-20
3.491131e-20
7.4667885e-11
6.2919424e-20
6.3795617e-20
1.9999475e-10
8.5637016e-20
7.5857122e-20
3.0426063e-10
9.0286046e-20
8.0806423e-20
3.9011898e-10
7.0190766e-20
8.7592043e-20
4.5984183e-10
3.1727586e-20
9.8869999e-20
5.1530186e-10
-9.0933083e-21
1.0989553e-19
5.5799122e-10
-3.46449e-20
1.1178094e-19
5.8905357e-10
-3.6374941e-20
9.728309e-20
6.0931608e-10
-2.1185822e-20
6.6895298e-20
6.193154e-10
-7.7157546e-21
3.1045651e-20
6.193154e-10
-1.3477834e-20
5.6858853e-21
6.0931608e-10
-4.1865154e-20
2.8591718e-21
5.8905357e-10
-7.9915925e-20
2.2528204e-20
5.5799122e-10
-1.0848102e-19
5.2305406e-20
5.1530186e-10
-1.1661328e-19
7.582093e-20
4.5984183e-10
-1.0618189e-19
8.3311059e-20
3.9011898e-10
-8.4876308e-20
7.5125357e-20
3.0426063e-10
-5.4124545e-20
5.6014989e-20
1.9999475e-10
2.5404578e-20
7.4667885e-11
2.0107909e-20
5.4158794e-20
7.937201e-11
4.2770815e-20
9.2606237e-20
2.1390031e-10
7.1449236e-20
1.0143099e-19
3.2679046e-10
8.6734923e-20
9.6201931e-20
4.2042142e-10
7.5932433e-20
9.1228562e-20
4.9689356e-10
3.9783755e-20
9.5624671e-20
5.5799122e-10
-8.35911e-21
1.1022408e-19
6.0517456e-10
-4.8323582e-20
1.2754758e-19
6.3958723e-10
-6.3725671e-20
1.3554282e-19
6.6207012e-10
-5.1976894e-20
1.2502202e-19
6.7317499e-10
-2.6779901e-20
9.6735549e-20
6.7317499e-10
-9.5973159e-21
6.2830898e-20
6.6207012e-10
-1.5215008e-20
3.9897971e-20
6.3958723e-10
-4.1970563e-20
3.806053e-20
6.0517456e-10
-7.42004e-20
5.4263796e-20
5.5799122e-10
-9.4770386e-20
7.5539074e-20
4.9689356e-10
-9.6103889e-20
8.931656e-20
4.2042142e-10
-8.079314e-20
9.0142484e-20
3.2679046e-10
-5.2377228e-20
7.6626243e-20
2.1390031e-10
4.1742262e-20
7.937201e-11
-2.9838427e-21
6.5010579e-20
8.2750524e-11
1.3421357e-20
1.1639767e-19
2.239027e-10
4.5368815e-20
1.292916e-19
3.4303815e-10
7.1796725e-20
1.1958512e-19
4.4234134e-10
7.6297569e-20
1.032463e-19
5.2377843e-10
5.3259024e-20
9.4737259e-20
5.8905357e-10
9.2460367e-21
1.0253808e-19
6.3958723e-10
-3.9068013e-20
1.2532835e-19
6.7650936e-10
-7.1835855e-20
1.5193898e-19
7.0066082e-10
-7.65858e-20
1.6654026e-19
7.1259813e-10
-5.6115032e-20
1.5852684e-19
7.1259813e-10
-2.7698048e-20
1.2993064e-19
7.0066082e-10
-1.2096289e-20
9.4755693e-20
6.7650936e-10
-1.9694853e-20
6.952749e-20
6.3958723e-10
-4.3853867e-20
6.2404453e-20
5.8905357e-10
-6.7173825e-20
6.9269493e-20
5.2377843e-10
-7.5391248e-20
7.9618649e-20
4.4234134e-10
-6.5611268e-20
8.4677275e-20
3.4303815e-10
-4.1974251e-20
7.7830327e-20
2.239027e-10
4.7295826e-20
8.2750524e-11
-2.3053694e-20
5.9899699e-20
8.4936587e-11
-1.4822126e-20
1.2288692e-19
2.3038048e-10
1.3876407e-20
1.4822387e-19
3.5357678e-10
4.5397883e-20
1.4455165e-19
4.5658603e-10
6.4335652e-20
1.2400943e-19
5.4128392e-10
6.0977506e-20
1.0269208e-19
6.0931608e-10
3.3333529e-20
9.533127e-20
6.6207012e-10
-1.0799124e-20
1.0930351e-19
7.0066082e-10
-5.53816e-20
1.4012262e-19
7.2592437e-10
-8.238516e-20
1.7260545e-19
7.3841724e-10
-8.2143429e-20
1.8883998e-19
7.3841724e-10
-6.0248e-20
1.7902136e-19
7.2592437e-10
-3.4632595e-20
1.4760622e-19
7.0066082e-10
-2.3050448e-20
1.0993541e-19
6.6207012e-10
-2.9982282e-20
8.1484362e-20
6.0931608e-10
-4.4148256e-20
6.8511786e-20
5.4128392e-10
-4.9959522e-20
6.691012e-20
4.5658603e-10
-4.136054e-20
6.8203464e-20
3.5357678e-10
-2.3334389e-20
6.3443511e-20
2.3038048e-10
4.024713e-20
8.4936587e-11
-2.9809988e-20
3.7032619e-20
8.6010607e-11
-2.9055887e-20
1.0291928e-19
2.3356451e-10
-1.1386666e-20
1.4440533e-19
3.5876113e-10
1.437086e-20
1.5680134e-19
4.6360076e-10
3.9203357e-20
1.4338229e-19
5.499138e-10
5.3495063e-20
1.1669645e-19
6.193154e-10
4.8725834e-20
9.3390457e-20
6.7317499e-10
2.1623199e-20
8.7853158e-20
7.1259813e-10
-2.1617013e-20
1.0542709e-19
7.3841724e-10
-6.5127038e-20
1.3876349e-19
7.5118791e-10
-9.1012676e-20
1.7082465e-19
7.5118791e-10
-9.0770938e-20
1.8432055e-19
7.3841724e-10
-7.1304589e-20
1.7195673e-19
7.1259813e-10
-4.9450115e-20
1.4035706e-19
6.7317499e-10
-3.7715847e-20
1.0451636e-19
6.193154e-10
-3.4552123e-20
7.7240817e-20
5.499138e-10
-2.9065167e-20
6.1993168e-20
4.6360076e-10
-1.5985616e-20
5.3878175e-20
3.5876113e-10
-2.5427933e-21
4.4867038e-20
2.3356451e-10
2.6269315e-20
8.6010607e-11
-1.8078517e-20
2.9845367e-21
8.6010607e-11
-2.115856e-20
5.7165367e-20
2.3356451e-10
-1.9482795e-20
1.096055e-19
3.5876113e-10
-1.018256e-20
1.4135195e-19
4.6360076e-10
7.6281267e-21
1.4460595e-19
5.499138e-10
2.8994011e-20
1.2420155e-19
6.193154e-10
4.3682093e-20
9.3264992e-20
6.7317499e-10
3.996693e-20
6.7987484e-20
7.1259813e-10
1.2082775e-20
6.1704496e-20
7.3841724e-10
-3.3150764e-20
7.8356466e-20
7.5118791e-10
-7.7761035e-20
1.0953037e-19
7.5118791e-10
-1.0324371e-19
1.3864928e-19
7.3841724e-10
-1.0258519e-19
1.5063995e-19
7.1259813e-10
-8.3770871e-20
1.4049725e-19
6.7317499e-10
-6.0510959e-20
1.1535398e-19
6.193154e-10
-3.9621634e-20
8.7562082e-20
5.499138e-10
-1.8811587e-20
6.5173098e-20
4.6360076e-10
2.4091896e-21
4.8011801e-20
3.5876113e-10
1.3489209e-20
3.1470763e-20
2.3356451e-10
1.2906484e-20
8.6010607e-11
7.7503754e-21
-3.0049586e-20
8.4936587e-11
6.0852752e-21
-1.7108681e-21
2.3038048e-10
-7.0524571e-21
4.8608107e-20
3.5357678e-10
-1.9094805e-20
9.2924473e-20
4.5658603e-10
-1.9189722e-20
1.1474926e-19
5.4128392e-10
-4.8328008e-21
1.100873e-19
6.0931608e-10
1.7182507e-20
8.4422535e-20
6.6207012e-10
3.2869961e-20
4.9906145e-20
7.0066082e-10
2.7634106e-20
2.2096323e-20
7.2592437e-10
-3.4109533e-21
1.3966266e-20
7.3841724e-10
-5.0008111e-20
2.8971024e-20
7.3841724e-10
-9.2018641e-20
5.871135e-20
7.2592437e-10
-1.123716e-19
8.7736522e-20
7.0066082e-10
-1.06817e-19
1.0294608e-19
6.6207012e-10
-8.3216674e-20
1.0069241e-19
6.0931608e-10
-5.1700268e-20
8.6550089e-20
5.4128392e-10
-1.817494e-20
6.7946183e-20
4.5658603e-10
1.0963065e-20
4.7673855e-20
3.5357678e-10
2.1603219e-20
2.5209773e-20
2.3038048e-10
4.2421078e-21
8.4936587e-11
3.53612e-20
-5.1282014e-20
8.2750524e-11
3.9129444e-20
-5.4852868e-20
2.239027e-10
1.8337192e-20
-2.0927865e-20
3.4303815e-10
-1.0990258e-20
2.1966173e-20
4.4234134e-10
-3.2063719e-20
5.4719446e-20
5.2377843e-10
-3.5293472e-20
6.7227604e-20
5.8905357e-10
-2.0525666e-20
5.6856812e-20
6.3958723e-10
2.3222617e-21
2.7818001e-20
6.7650936e-10
1.6633973e-20
-8.3432322e-21
7.0066082e-10
8.5648143e-21
-3.5861814e-20
7.1259813e-10
-2.2969451e-20
-4.2151924e-20
7.1259813e-10
-6.4560199e-20
-2.4777361e-20
7.0066082e-10
-9.6766578e-20
7.3470858e-21
6.7650936e-10
-1.0602556e-19
3.9731319e-20
6.3958723e-10
-9.0835366e-20
6.0943963e-20
5.8905357e-10
-5.8695411e-20
6.7512862e-20
5.2377843e-10
-1.9980132e-20
6.1688401e-20
4.4234134e-10
1.2955681e-20
4.5962553e-20
3.4303815e-10
2.3267743e-20
2.2531295e-20
2.239027e-10
3.494035e-23
8.2750524e-11
5.1901274e-20
-5.8265558e-20
7.937201e-11
6.1099311e-20
-8.8124183e-20
2.1390031e-10
4.17951e-20
-7.7871376e-20
3.2679046e-10
6.1033048e-21
-5.0153735e-20
4.2042142e-10
-2.9755328e-20
-1.9799603e-20
4.9689356e-10
-5.2380853e-20
2.5492384e-21
5.5799122e-10
-5.4674975e-20
9.2391101e-21
6.0517456e-10
-3.8375644e-20
-3.5758841e-21
6.3958723e-10
-1.5357327e-20
-3.2179858e-20
6.6207012e-10
-2.2275064e-21
-6.4592491e-20
6.7317499e-10
-9.6453549e-21
-8.5427443e-20
6.7317499e-10
-3.5060129e-20
-8.408421e-20
6.6207012e-10
-6.4429573e-20
-6.0444608e-20
6.3958723e-10
-8.132331e-20
-2.4233013e-20
6.0517456e-10
-7.6433012e-20
1.1243321e-20
5.5799122e-10
-5.1269067e-20
3.5908618e-20
4.9689356e-10
-1.5834261e-20
4.5416928e-20
4.2042142e-10
1.4595443e-20
3.9064565e-20
3.2679046e-10
2.2300031e-20
1.9492348e-20
2.1390031e-10
-1.8566534e-21
7.937201e-11
5.2469126e-20
-5.627128e-20
7.4667885e-11
6.2113368e-20
-9.9324665e-20
1.9999475e-10
4.9683987e-20
-1.0969647e-19
3.0426063e-10
1.9321399e-20
-1.0354236e-19
3.9011898e-10
-1.9292365e-20
-8.7239328e-20
4.5984183e-10
-5.4109455e-20
-6.6505593e-20
5.1530186e-10
-7.4204872e-20
-4.9057018e-20
5.5799122e-10
-7.2901252e-20
-4.3460201e-20
5.8905357e-10
-5.331072e-20
-5.3974545e-20
6.0931608e-10
-2.8370003e-20
-7.6309615e-20
6.193154e-10
-1.308094e-20
-9.8566142e-20
6.193154e-10
-1.4790492e-20
-1.0751679e-19
6.0931608e-10
-2.890223e-20
-9.5971273e-20
5.8905357e-10
-4.2552022e-20
-6.6356622e-20
5.5799122e-10
-4.3486433e-20
-2.8674771e-20
5.1530186e-10
-2.7580585e-20
5.0841082e-21
4.5984183e-10
-1.4552706e-21
2.5791312e-20
3.9011898e-10
2.0424423e-20
2.8808404e-20
3.0426063e-10
2.1936777e-20
1.5338452e-20
1.9999475e-10
-2.8142653e-21
7.4667885e-11
4.1878636e-20
-5.0801412e-20
6.8431339e-11
4.4221465e-20
-9.490333e-20
1.8160885e-10
3.7325322e-20
-1.163884e-19
2.7459701e-10
1.8935627e-20
-1.2861654e-19
3.5041072e-10
-1.0713511e-20
-1.3061115e-19
4.1151161e-10
-4.5729081e-20
-1.2063994e-19
4.5984183e-10
-7.6129887e-20
-1.0193836e-19
4.9689356e-10
-9.0010451e-20
-8.3117641e-20
5.2377843e-10
-8.1425836e-20
-7.3687709e-20
5.4128392e-10
-5.5634375e-20
-7.7488723e-20
5.499138e-10
-2.6230371e-20
-8.9720763e-20
5.499138e-10
-6.1365391e-21
-9.9573676e-20
5.4128392e-10
1.6818545e-22
-9.6860252e-20
5.2377843e-10
-1.774397e-21
-7.770252e-20
4.9689356e-10
-1.775333e-21
-4.6588425e-20
4.5984183e-10
6.8830329e-21
-1.3438069e-20
4.1151161e-10
2.153068e-20
1.1101014e-20
3.5041072e-10
3.1009041e-20
1.9646992e-20
2.7459701e-10
2.3115442e-20
1.1464042e-20
1.8160885e-10
-3.0562905e-21
6.8431339e-11
2.8608904e-20
-4.234373e-20
6.0338636e-11
1.7988224e-20
-8.2159564e-20
1.5787095e-10
1.1067491e-20
-1.0548627e-19
2.3656652e-10
4.2184443e-21
-1.264421e-19
2.9987395e-10
-1.0095961e-20
-1.4187319e-19
3.5041072e-10
-3.4272915e-20
-1.4462889e-19
3.9011898e-10
-6.3717574e-20
-1.3176867e-19
4.2042142e-10
-8.6340182e-20
-1.0796083e-19
4.4234134e-10
-8.9927362e-20
-8.3911456e-20
4.5658603e-10
-7.1211531e-20
-6.9493298e-20
4.6360076e-10
-3.8120597e-20
-6.7336677e-20
4.6360076e-10
-4.1710883e-21
-7.1720336e-20
4.5658603e-10
2.0173192e-20
-7.285552e-20
4.4234134e-10
3.2658732e-20
-6.3353378e-20
4.2042142e-10
3.8300851e-20
-4.262065e-20
3.9011898e-10
4.3041751e-20
-1.684954e-20
3.5041072e-10
4.6886672e-20
4.5378253e-21
2.9987395e-10
4.3043124e-20
1.3595687e-20
2.3656652e-10
2.4763957e-20
8.1916728e-21
1.5787095e-10
-3.2565735e-21
6.0338636e-11
1.7791682e-20
-2.9637882e-20
4.9849562e-11
-4.4412586e-21
-6.6356474e-20
1.2742848e-10
-1.4995851e-20
-8.6577199e-20
1.8838283e-10
-1.5214858e-20
-1.0563901e-19
2.3656652e-10
-1.5159373e-20
-1.236397e-19
2.7459701e-10
-2.3319553e-20
-1.331564e-19
3.0426063e-10
-4.2287945e-20
-1.2722724e-19
3.2679046e-10
-6.4697182e-20
-1.0557075e-19
3.4303815e-10
-7.6880959e-20
-7.6548963e-20
3.5357678e-10
-6.8793583e-20
-5.204954e-20
3.5876113e-10
-4.09114e-20
-3.9620622e-20
3.5876113e-10
-3.2557947e-21
-3.8306082e-20
3.5357678e-10
3.1530461e-20
-4.0594378e-20
3.4303815e-10
5.5245653e-20
-3.8269101e-20
3.2679046e-10
6.7035837e-20
-2.7749657e-20
3.0426063e-10
7.0089239e-20
-1.1895589e-20
2.7459701e-10
6.5507717e-20
2.3399887e-21
2.3656652e-10
5.0494821e-20
8.3126582e-21
1.8838283e-10
2.4274492e-20
3.6042552e-21
1.2742848e-10
-5.1378546e-21
4.9849562e-11
8.5417481e-21
-1.4340441e-20
3.5939364e-11
-1.5134921e-20
-4.8052533e-20
8.8069255e-11
-2.599744e-20
-6.2052143e-20
1.2742848e-10
-2.4261809e-20
-7.2461023e-20
1.5787095e-10
-1.661268e-20
-8.3260012e-20
1.8160885e-10
-1.1672806e-20
-9.0634298e-20
1.9999475e-10
-1.694579e-20
-8.8236689e-20
2.1390031e-10
-3.206199e-20
-7.3521233e-20
2.239027e-10
-4.6989997e-20
-5.1362711e-20
2.3038048e-10
-4.9182096e-20
-3.1076655e-20
2.3356451e-10
-3.273376e-20
-1.9769173e-20
2.3356451e-10
-1.9542218e-21
-1.8079109e-20
2.3038048e-10
3.2212203e-20
-2.0921933e-20
2.239027e-10
5.903201e-20
-2.1926021e-20
2.1390031e-10
7.3290992e-20
-1.7738216e-20
1.9999475e-10
7.5192964e-20
-9.6436916e-21
1.8160885e-10
6.6036282e-20
-1.838835e-21
1.5787095e-10
4.5657772e-20
1.4206424e-21
1.2742848e-10
1.7520017e-20
-2.2278794e-21
8.8069255e-11
-8.4770593e-21
3.5939364e-11
-7.4309323e-21
1.6236676e-11
-1.4151872e-20
3.5939364e-11
-1.6359024e-20
4.9849562e-11
-1.4554904e-20
6.0338636e-11
-8.2310983e-21
6.8431339e-11
3.3572682e-22
7.4667885e-11
4.8638658e-21
7.937201e-11
7.1264278e-22
8.2750524e-11
-9.4139771e-21
8.4936587e-11
-1.7114686e-20
8.6010607e-11
-1.4932805e-20
8.6010607e-11
-1.6772844e-21
8.4936587e-11
1.7335345e-20
8.2750524e-11
3.4316751e-20
7.937201e-11
4.3778537e-20
7.4667885e-11
4.4410952e-20
6.8431339e-11
3.7053988e-20
6.0338636e-11
2.2393224e-20
4.9849562e-11
3.6857299e-21
3.5939364e-11
1.6236676e-11
-2.5316819e-21
-2.2829795e-20
1.6236676e-11
-7.8831459e-22
-2.8175024e-20
3.5939364e-11
6.5816133e-22
-2.0638799e-20
4.9849562e-11
5.1688317e-21
-1.2401452e-20
6.0338636e-11
1.2086839e-20
-1.1250267e-20
6.8431339e-11
1.782023e-20
-1.947517e-20
7.4667885e-11
1.9649743e-20
-3.5339597e-20
7.937201e-11
1.5856684e-20
-5.4241796e-20
8.2750524e-11
5.0984998e-21
-6.8719352e-20
8.4936587e-11
-1.1730536e-20
-7.0383721e-20
8.6010607e-11
-2.8815652e-20
-5.4985198e-20
8.6010607e-11
-3.6596698e-20
-2.7259453e-20
8.4936587e-11
-2.8260705e-20
-1.8236153e-22
8.2750524e-11
-6.6887674e-21
1.293646e-20
7.937201e-11
1.5727292e-20
7.9517488e-21
7.4667885e-11
2.5901427e-20
-7.8781916e-21
6.8431339e-11
2.0705085e-20
-2.3066904e-20
6.0338636e-11
9.3227367e-21
-3.0969377e-20
4.9849562e-11
3.6158066e-21
-2.9958432e-20
3.5939364e-11
-1.5341096e-20
1.6236676e-11
9.907215e-21
-4.4444393e-20
3.5939364e-11
1.7776464e-20
-6.4674766e-20
8.8069255e-11
1.7669782e-20
-5.9206196e-20
1.2742848e-10
1.5809128e-20
-4.7409523e-20
1.5787095e-10
1.5019561e-20
-4.1073254e-20
1.8160884e-10
1.3992329e-20
-4.4859788e-20
1.9999475e-10
1.207357e-20
-5.8996583e-20
2.1390031e-10
9.5818979e-21
-8.0201483e-20
2.239027e-10
4.4343479e-21
-1.0083573e-19
2.3038048e-10
-7.3913458e-21
-1.1001934e-19
2.3356451e-10
-2.6223666e-20
-9.9315132e-20
2.3356451e-10
-4.3929303e-20
-7.0038413e-20
2.3038048e-10
-4.7687811e-20
-3.5141344e-20
2.239027e-10
-3.1005466e-20
-1.1858914e-20
2.1390031e-10
-2.4294364e-21
-9.750956e-21
1.9999475e-10
1.9295922e-20
-2.469783e-20
1.8160884e-10
2.1680131e-20
-4.4098768e-20
1.5787095e-10
1.18561e-20
-5.7120427e-20
1.2742848e-10
7.9551624e-21
-5.7370069e-20
8.8069255e-11
-3.3994374e-20
3.5939364e-11
2.4121797e-20
-5.8875322e-20
4.9849562e-11
3.5484158e-20
-9.5353786e-20
1.2742848e-10
3.3597636e-20
-9.5695744e-20
1.8838283e-10
2.4980288e-20
-8.133801e-20
2.3656652e-10
1.4256766e-20
-6.6113548e-20
2.7459701e-10
2.4763183e-21
-5.7414684e-20
3.0426063e-10
-7.6147973e-21
-5.8610253e-20
3.2679046e-10
-1.1457889e-20
-7.0483802e-20
3.4303815e-10
-8.66239e-21
-8.9659644e-20
3.5357678e-10
-6.1083762e-21
-1.0724384e-19
3.5876113e-10
-1.2489388e-20
-1.120255e-19
3.5876113e-10
-2.8437684e-20
-9.7953342e-20
3.5357678e-10
-4.29459e-20
-7.0141592e-20
3.4303815e-10
-4.2014636e-20
-4.3188467e-20
3.2679046e-10
-2.3464184e-20
-3.1711483e-20
3.0426063e-10
-1.400374e-21
-4.0062044e-20
2.7459701e-10
7.1546123e-21
-6.0431724e-20
2.3656652e-10
2.5305435e-21
-7.9077536e-20
1.8838283e-10
2.6461972e-21
-8.2308357e-20
1.2742848e-10
-5.2701998e-20
4.9849562e-11
3.2710357e-20
-5.9855478e-20
6.0338636e-11
4.5758061e-20
-1.0547687e-19
1.5787095e-10
4.5421931e-20
-1.104836e-19
2.3656652e-10
3.5061604e-20
-9.37167e-20
2.9987395e-10
1.8282903e-20
-6.9242224e-20
3.5041072e-10
-2.8290544e-21
-4.6531371e-20
3.9011898e-10
-2.320834e-20
-3.1690276e-20
4.2042142e-10
-3.4067315e-20
-2.9299156e-20
4.4234134e-10
-3.0037376e-20
-4.0955148e-20
4.5658603e-10
-1.6176332e-20
-6.2298179e-20
4.6360076e-10
-5.970162e-21
-8.2687494e-20
4.6360076e-10
-9.854294e-21
-9.0402627e-20
4.5658603e-10
-2.4946884e-20
-8.065978e-20
4.4234134e-10
-3.6990698e-20
-6.0067351e-20
4.2042142e-10
-3.474032e-20
-4.2948204e-20
3.9011898e-10
-2.2257476e-20
-4.1258127e-20
3.5041072e-10
-1.3654199e-20
-5.5927398e-20
2.9987395e-10
-1.3587317e-20
-7.5963369e-20
2.3656652e-10
-9.0127943e-21
-8.3854683e-20
1.5787095e-10
-5.7706971e-20
6.0338636e-11
3.3491323e-20
-4.7487653e-20
6.8431339e-11
4.8123009e-20
-9.1370944e-20
1.8160884e-10
5.4563583e-20
-9.8180876e-20
2.7459701e-10
4.9123924e-20
-8.0318229e-20
3.5041072e-10
3.1914348e-20
-4.9555055e-20
4.1151161e-10
4.7432046e-21
-1.5963959e-20
4.5984183e-10
-2.6331241e-20
1.2550253e-20
4.9689356e-10
-4.9407305e-20
2.9070499e-20
5.2377843e-10
-5.3538553e-20
2.8402745e-20
5.4128392e-10
-3.8120601e-20
1.0232246e-20
5.499138e-10
-1.5660952e-20
-1.8355826e-20
5.499138e-10
-2.7403798e-21
-4.4584377e-20
5.4128392e-10
-6.7561888e-21
-5.6935734e-20
5.2377843e-10
-2.0516465e-20
-5.2582838e-20
4.9689356e-10
-3.0980527e-20
-3.9747651e-20
4.5984183e-10
-3.3055795e-20
-3.1588791e-20
4.1151161e-10
-3.2457022e-20
-3.6148077e-20
3.5041072e-10
-3.2807527e-20
-4.9579332e-20
2.7459701e-10
-2.5248549e-20
-5.7998462e-20
1.8160884e-10
-4.2547018e-20
6.8431339e-11
2.6993666e-20
-2.5751377e-20
7.4667885e-11
4.3936463e-20
-5.7423434e-20
1.9999475e-10
6.1866845e-20
-6.3285669e-20
3.0426063e-10
6.7395066e-20
-4.7106834e-20
3.9011898e-10
5.5034687e-20
-1.5497512e-20
4.5984183e-10
2.5270108e-20
2.3249715e-20
5.1530186e-10
-1.5470718e-20
6.0866547e-20
5.5799122e-10
-5.3315499e-20
8.9341931e-20
5.8905357e-10
-7.2571482e-20
1.0130473e-19
6.0931608e-10
-6.5862578e-20
9.2514134e-20
6.193154e-10
-4.0426207e-20
6.5315974e-20
6.193154e-10
-1.3666653e-20
2.9490661e-20
6.0931608e-10
-6.2452364e-22
-1.7909331e-21
5.8905357e-10
-4.1903173e-21
-1.9076246e-20
5.5799122e-10
-1.6523326e-20
-2.205772e-20
5.1530186e-10
-2.9269044e-20
-1.8386841e-20
4.5984183e-10
-3.9845693e-20
-1.6732465e-20
3.9011898e-10
-4.6177044e-20
-1.9354047e-20
3.0426063e-10
-3.916281e-20
-2.1118966e-20
1.9999475e-10
-1.4685429e-20
7.4667885e-11
1.4928918e-20
-4.5240284e-22
7.937201e-11
3.4144648e-20
-1.105155e-20
2.1390031e-10
6.5752719e-20
-1.2173969e-20
3.2679046e-10
8.6480192e-20
-6.0524804e-23
4.2042142e-10
8.3848557e-20
2.5593622e-20
4.9689356e-10
5.5629619e-20
6.1543766e-20
5.5799122e-10
7.9908707e-21
1.0172823e-19
6.0517456e-10
-4.4154526e-20
1.383539e-19
6.3958723e-10
-8.1764949e-20
1.6273377e-19
6.6207012e-10
-9.1334961e-20
1.673946e-19
6.7317499e-10
-7.3278618e-20
1.4966809e-19
6.7317499e-10
-4.1576339e-20
1.1434074e-19
6.6207012e-10
-1.4068499e-20
7.2371904e-20
6.3958723e-10
-1.6180607e-21
3.5575691e-20
6.0517456e-10
-4.230781e-21
1.1018988e-20
5.5799122e-10
-1.6240058e-20
-8.9961721e-22
4.9689356e-10
-3.180608e-20
-3.5965236e-21
4.2042142e-10
-4.4005152e-20
-1.2254261e-22
3.2679046e-10
-4.1168882e-20
6.8924884e-21
2.1390031e-10
1.0919645e-20
7.937201e-11
1.1803084e-21
2.0723312e-20
8.2750524e-11
2.1249976e-20
3.6940431e-20
2.239027e-10
6.4090941e-20
4.6518837e-20
3.4303815e-10
1.0033878e-19
5.5569285e-20
4.4234134e-10
1.1120248e-19
7.0080429e-20
5.2377843e-10
8.9997875e-20
9.4120259e-20
5.8905357e-10
4.0779074e-20
1.2734438e-19
6.3958723e-10
-2.19684e-20
1.6471924e-19
6.7650936e-10
-7.7478862e-20
1.9759244e-19
7.0066082e-10
-1.0753169e-19
2.1601774e-19
7.1259813e-10
-1.0564761e-19
2.1259598e-19
7.1259813e-10
-7.9929976e-20
1.8648706e-19
7.0066082e-10
-4.6736186e-20
1.4447359e-19
6.7650936e-10
-2.043907e-20
9.7432356e-20
6.3958723e-10
-7.2263054e-21
5.5489034e-20
5.8905357e-10
-6.4860154e-21
2.5056184e-20
5.2377843e-10
-1.4611285e-20
9.195042e-21
4.4234134e-10
-2.5337564e-20
8.3663489e-21
3.4303815e-10
-2.7441054e-20
1.7847914e-20
2.239027e-10
2.2893214e-20
8.2750524e-11
-7.2487849e-21
2.966305e-20
8.4936587e-11
1.1740991e-20
7.1806684e-20
2.3038048e-10
5.7912873e-20
9.8494805e-20
3.5357678e-10
1.0363007e-19
1.1037464e-19
4.5658603e-10
1.2782252e-19
1.1397053e-19
5.4128392e-10
1.187927e-19
1.1971047e-19
6.0931608e-10
7.5609076e-20
1.3523569e-19
6.6207012e-10
9.5149092e-21
1.6179217e-19
7.0066082e-10
-5.9366703e-20
1.937537e-19
7.2592437e-10
-1.0994166e-19
2.2071046e-19
7.3841724e-10
-1.2949552e-19
2.3166441e-19
7.3841724e-10
-1.1893743e-19
2.2045327e-19
7.2592437e-10
-9.023317e-20
1.8868852e-19
7.0066082e-10
-5.7458333e-20
1.4432995e-19
6.6207012e-10
-2.9733533e-20
9.7313003e-20
6.0931608e-10
-1.0522091e-20
5.6097297e-20
5.4128392e-10
-8.0535954e-22
2.719961e-20
4.5658603e-10
-2.5648877e-22
1.4729301e-20
3.5357678e-10
-4.252045e-21
1.6799954e-20
2.3038048e-10
2.0264814e-20
8.4936587e-11
-2.4054496e-21
2.2061214e-20
8.6010607e-11
1.5156887e-20
7.9349085e-20
2.3356451e-10
5.3614244e-20
1.2474888e-19
3.5876113e-10
9.6123211e-20
1.4738929e-19
4.6360076e-10
1.2655186e-19
1.4725018e-19
5.499138e-10
1.304529e-19
1.3574987e-19
6.193154e-10
1.0030015e-19
1.2724451e-19
6.7317499e-10
4.0611955e-20
1.3137521e-19
7.1259813e-10
-3.2668904e-20
1.4936489e-19
7.3841724e-10
-9.8429635e-20
1.7408126e-19
7.5118791e-10
-1.3910997e-19
1.9379162e-19
7.5118791e-10
-1.4826455e-19
1.9824857e-19
7.3841724e-10
-1.315247e-19
1.837467e-19
7.1259813e-10
-1.0027356e-19
1.5400416e-19
6.7317499e-10
-6.4204953e-20
1.165124e-19
6.193154e-10
-2.8884315e-20
7.8660583e-20
5.499138e-10
7.8436632e-22
4.6196203e-20
4.6360076e-10
1.7886689e-20
2.3674944e-20
3.5876113e-10
1.6771133e-20
1.3084399e-20
2.3356451e-10
1.0099993e-20
8.6010607e-11
1.9240302e-20
1.410137e-21
8.6010607e-11
3.8023309e-20
5.4116252e-20
2.3356451e-10
6.0150967e-20
1.1001843e-19
3.5876113e-10
8.4674322e-20
1.4673713e-19
4.6360076e-10
1.0767809e-19
1.5321745e-19
5.499138e-10
1.1768039e-19
1.3432527e-19
6.193154e-10
1.0222754e-19
1.0518147e-19
6.7317499e-10
5.7440694e-20
8.224349e-20
7.1259813e-10
-8.599918e-21
7.5699182e-20
7.3841724e-10
-7.8716784e-20
8.5824379e-20
7.5118791e-10
-1.3361692e-19
1.043842e-19
7.5118791e-10
-1.6054924e-19
1.1991147e-19
7.3841724e-10
-1.5807248e-19
1.2430279e-19
7.1259813e-10
-1.3340807e-19
1.1620029e-19
6.7317499e-10
-9.5606683e-20
9.9285617e-20
6.193154e-10
-5.152528e-20
7.7996634e-20
5.499138e-10
-8.2357611e-21
5.4785812e-20
4.6360076e-10
2.2728903e-20
3.1338454e-20
3.5876113e-10
2.7350301e-20
1.1253224e-20
2.3356451e-10
1.2739196e-22
8.6010607e-11
5.1711332e-20
-2.1643193e-20
8.4936587e-11
7.6597048e-20
5.5703174e-21
2.3038048e-10
8.1849787e-20
5.4487904e-20
3.5357678e-10
7.955686e-20
9.8411764e-20
4.5658603e-10
8.0726653e-20
1.1718827e-19
5.4128392e-10
8.3368375e-20
1.0423906e-19
6.0931608e-10
7.6078324e-20
6.7616718e-20
6.6207012e-10
4.8723719e-20
2.4429164e-20
7.0066082e-10
-1.2441406e-22
-7.9875138e-21
7.2592437e-10
-6.1126674e-20
-1.984668e-20
7.3841724e-10
-1.1778555e-19
-1.2039211e-20
7.3841724e-10
-1.5411852e-19
6.7502698e-21
7.2592437e-10
-1.6242796e-19
2.6243349e-20
7.0066082e-10
-1.4498696e-19
4.0302969e-20
6.6207012e-10
-1.0958277e-19
4.7933297e-20
6.0931608e-10
-6.4387679e-20
4.9911782e-20
5.4128392e-10
-1.7669971e-20
4.5057836e-20
4.5658603e-10
1.8326158e-20
3.0980136e-20
3.5357678e-10
2.7121934e-20
9.9613004e-21
2.3038048e-10
-5.8956833e-21
8.4936587e-11
8.0395464e-20
-3.6066999e-20
8.2750524e-11
1.1511809e-19
-4.5448947e-20
2.239027e-10
1.1211917e-19
-2.2058193e-20
3.4303815e-10
8.6456409e-20
1.3312267e-20
4.4234134e-10
5.9079623e-20
3.9430166e-20
5.2377843e-10
4.0791577e-20
4.0284911e-20
5.8905357e-10
2.8736033e-20
1.2063708e-20
6.3958723e-10
1.3096236e-20
-3.5250626e-20
6.7650936e-10
-1.4732951e-20
-8.3352905e-20
7.0066082e-10
-5.5418209e-20
-1.150677e-19
7.1259813e-10
-9.9665151e-20
-1.2216464e-19
7.1259813e-10
-1.3305234e-19
-1.0723753e-19
7.0066082e-10
-1.4423244e-19
-7.942767e-20
6.7650936e-10
-1.3082195e-19
-4.8062312e-20
6.3958723e-10
-9.8727698e-20
-1.8794311e-20
5.8905357e-10
-5.7391986e-20
5.3401181e-21
5.2377843e-10
-1.6245557e-20
2.0442959e-20
4.4234134e-10
1.4405898e-20
2.1077802e-20
3.4303815e-10
2.1893189e-20
6.9987623e-21
2.239027e-10
-8.0065862e-21
8.2750524e-11
9.0663198e-20
-3.8081123e-20
7.937201e-11
1.3374246e-19
-7.9363075e-20
2.1390031e-10
1.3486569e-19
-8.9964183e-20
3.2679046e-10
1.0046902e-19
-7.9078758e-20
4.2042142e-10
5.0895202e-20
-5.959593e-20
4.9689356e-10
6.2883665e-21
-4.8604745e-20
5.5799122e-10
-2.3071018e-20
-5.9388148e-20
6.0517456e-10
-3.8590488e-20
-9.3701207e-20
6.3958723e-10
-4.963994e-20
-1.3999843e-19
6.6207012e-10
-6.5180602e-20
-1.7997346e-19
6.7317499e-10
-8.607385e-20
-1.9855521e-19
6.7317499e-10
-1.0416657e-19
-1.9063984e-19
6.6207012e-10
-1.0867535e-19
-1.6120069e-19
6.3958723e-10
-9.4186877e-20
-1.2011046e-19
6.0517456e-10
-6.4295707e-20
-7.6518743e-20
5.5799122e-10
-2.8871232e-20
-3.6858094e-20
4.9689356e-10
1.3611502e-21
-6.7727304e-21
4.2042142e-10
1.8768297e-20
7.3378721e-21
3.2679046e-10
1.8134831e-20
3.3015707e-21
2.1390031e-10
-7.0458472e-21
7.937201e-11
7.7830265e-20
-3.2369285e-20
7.4667885e-11
1.2147787e-19
-8.897284e-20
1.9999475e-10
1.3411278e-19
-1.2709472e-19
3.0426063e-10
1.0820837e-19
-1.4657473e-19
3.9011898e-10
5.3134007e-20
-1.4795385e-19
4.5984183e-10
-1.0439964e-20
-1.3975152e-19
5.1530186e-10
-6.1474199e-20
-1.361578e-19
5.5799122e-10
-8.7957725e-20
-1.4834905e-19
5.8905357e-10
-9.2166043e-20
-1.7643642e-19
6.0931608e-10
-8.5803223e-20
-2.0878347e-19
6.193154e-10
-7.9078079e-20
-2.2927534e-19
6.193154e-10
-7.3451012e-20
-2.2690822e-19
6.0931608e-10
-6.3174356e-20
-2.0065315e-19
5.8905357e-10
-4.2693655e-20
-1.5787772e-19
5.5799122e-10
-1.3427255e-20
-1.0884781e-19
5.1530186e-10
1.5527753e-20
-6.2406859e-20
4.5984183e-10
3.2903979e-20
-2.5169135e-20
3.9011898e-10
3.3267729e-20
-3.0125099e-21
3.0426063e-10
1.9274679e-20
1.442482e-21
1.9999475e-10
-3.6612016e-21
7.4667885e-11
4.9877588e-20
-2.5285974e-20
6.8431339e-11
8.327443e-20
-7.9066859e-20
1.8160884e-10
1.0508125e-19
-1.2838146e-19
2.7459701e-10
9.713475e-20
-1.7096389e-19
3.5041072e-10
5.4383181e-20
-1.9810779e-19
4.1151161e-10
-1.125716e-20
-2.056631e-19
4.5984183e-10
-7.6377561e-20
-1.9936824e-19
4.9689356e-10
-1.1764295e-19
-1.9200121e-19
5.2377843e-10
-1.2533004e-19
-1.9403572e-19
5.4128392e-10
-1.0642987e-19
-2.056073e-19
5.499138e-10
-7.583413e-20
-2.1687543e-19
5.499138e-10
-4.4566269e-20
-2.1556329e-19
5.4128392e-10
-1.5147411e-20
-1.9523289e-19
5.2377843e-10
1.4727857e-20
-1.5817511e-19
4.9689356e-10
4.4495914e-20
-1.128073e-19
4.5984183e-10
6.69452e-20
-6.8395262e-20
4.1151161e-10
7.1539544e-20
-3.1946501e-20
3.5041072e-10
5.4755284e-20
-8.0813372e-21
2.7459701e-10
2.5372947e-20
1.1842049e-21
1.8160884e-10
3.4438924e-22
6.8431339e-11
2.0490572e-20
-1.8203145e-20
6.0338636e-11
3.5575075e-20
-5.8100277e-20
1.5787095e-10
5.7223313e-20
-1.0247502e-19
2.3656652e-10
6.5105782e-20
-1.5257395e-19
2.9987395e-10
4.4302714e-20
-1.9765246e-19
3.5041072e-10
-5.6425482e-21
-2.2414812e-19
3.9011898e-10
-6.8580054e-20
-2.2585349e-19
4.2042142e-10
-1.1834658e-19
-2.0920908e-19
4.4234134e-10
-1.3469962e-19
-1.8862454e-19
4.5658603e-10
-1.1476134e-19
-1.7541401e-19
4.6360076e-10
-7.0974587e-20
-1.7042139e-19
4.6360076e-10
-1.9886979e-20
-1.6572297e-19
4.5658603e-10
2.7580576e-20
-1.5233107e-19
4.4234134e-10
6.7651479e-20
-1.2705585e-19
4.2042142e-10
9.8593141e-20
-9.3752014e-20
3.9011898e-10
1.1502436e-19
-5.9691178e-20
3.5041072e-10
1.0855269e-19
-3.1068486e-20
2.9987395e-10
7.7485137e-20
-1.1108809e-20
2.3656652e-10
3.44032e-20
-9.2918259e-22
1.5787095e-10
1.4049305e-21
6.0338636e-11
-2.83088e-22
-9.8554065e-21
4.9849562e-11
-4.0239622e-21
-3.4510172e-20
1.2742848e-10
8.9383596e-21
-6.5131387e-20
1.8838283e-10
2.3111115e-20
-1.0724589e-19
2.3656652e-10
2.2667104e-20
-1.5370564e-19
2.7459701e-10
-1.6589655e-21
-1.8919476e-19
3.0426063e-10
-4.5947635e-20
-1.9998776e-19
3.2679046e-10
-9.1170674e-20
-1.8409483e-19
3.4303815e-10
-1.1409425e-19
-1.532215e-19
3.5357678e-10
-1.0221554e-19
-1.2374487e-19
3.5876113e-10
-5.9844757e-20
-1.0534693e-19
3.5876113e-10
-2.1955426e-21
-9.6695634e-20
3.5357678e-10
5.493504e-20
-8.9993586e-20
3.4303815e-10
1.016908e-19
-7.8617526e-20
3.2679046e-10
1.3332162e-19
-6.1687189e-20
3.0426063e-10
1.4538564e-19
-4.2842384e-20
2.7459701e-10
1.3198985e-19
-2.6206771e-20
2.3656652e-10
9.2911837e-20
-1.3674021e-20
1.8838283e-10
4.1812301e-20
-5.8565272e-21
1.2742848e-10
-2.1766286e-21
4.9849562e-11
-9.6938908e-21
-2.6565998e-21
3.5939364e-11
-2.4064883e-20
-1.8175156e-20
8.8069255e-11
-2.1568472e-20
-3.3532785e-20
1.2742848e-10
-1.0356621e-20
-5.7355404e-20
1.5787095e-10
2.5032306e-22
-8.77598e-20
1.8160884e-10
-2.186186e-22
-1.1435948e-19
1.9999475e-10
-1.790768e-20
-1.2492136e-19
2.1390031e-10
-4.6510275e-20
-1.1460405e-19
2.239027e-10
-6.8854989e-20
-9.0092427e-20
2.3038048e-10
-6.8679591e-20
-6.4437938e-20
2.3356451e-10
-4.12213e-20
-4.7636338e-20
2.3356451e-10
5.2820241e-21
-4.1226587e-20
2.3038048e-10
5.6542447e-20
-4.0056688e-20
2.239027e-10
1.0009168e-19
-3.8205931e-20
2.1390031e-10
1.2876477e-19
-3.310881e-20
1.9999475e-10
1.383099e-19
-2.5837458e-20
1.8160884e-10
1.247348e-19
-1.832907e-20
1.5787095e-10
8.7973083e-20
-1.1688172e-20
1.2742848e-10
3.9471256e-20
-7.1260521e-21
8.8069255e-11
-5.5844424e-21
3.5939364e-11
-1.2113702e-20
1.6236676e-11
-2.0842262e-20
3.5939364e-11
-2.3464653e-20
4.9849562e-11
-2.047592e-20
6.0338636e-11
-1.1264425e-20
6.8431339e-11
-1.6833678e-22
7.4667885e-11
4.3631048e-21
7.937201e-11
-2.0053481e-21
8.2750524e-11
-1.4288702e-20
8.4936587e-11
-2.175202e-20
8.6010607e-11
-1.6238012e-20
8.6010607e-11
2.4933782e-21
8.4936587e-11
2.782158e-20
8.2750524e-11
5.1482263e-20
7.937201e-11
6.7776496e-20
7.4667885e-11
7.3894538e-20
6.8431339e-11
6.7659922e-20
6.0338636e-11
4.8063229e-20
4.9849562e-11
2.0155703e-20
3.5939364e-11
1.6236676e-11
-2.6962686e-21
-2.21527e-20
1.6236676e-11
2.1543394e-21
-2.8441863e-20
3.5939364e-11
-1.00903e-21
-2.5377476e-20
4.9849562e-11
-5.3485139e-21
-2.1231202e-20
6.0338636e-11
-8.1608248e-21
-2.0532323e-20
6.8431339e-11
-1.0634651e-20
-2.4855629e-20
7.4667885e-11
-1.2986085e-20
-3.3348758e-20
7.937201e-11
-1.3967759e-20
-4.408715e-20
8.2750524e-11
-1.270762e-20
-5.3821108e-20
8.4936587e-11
-9.3100811e-21
-5.7624996e-20
8.6010607e-11
-3.5184571e-21
-5.1404219e-20
8.6010607e-11
6.3947834e-21
-3.5962446e-20
8.4936587e-11
2.258553e-20
-1.8789558e-20
8.2750524e-11
4.4612582e-20
-1.0675956e-20
7.937201e-11
6.7094584e-20
-1.8924789e-20
7.4667885e-11
8.0530722e-20
-4.2197431e-20
6.8431339e-11
7.7132107e-20
-7.0488831e-20
6.0338636e-11
5.7696389e-20
-8.9762522e-20
4.9849562e-11
3.1726535e-20
-8.518475e-20
3.5939364e-11
-3.6359174e-20
1.6236676e-11
8.8715776e-21
-3.2430611e-20
3.5939364e-11
1.9351395e-20
-5.3952552e-20
8.8069255e-11
1.4017099e-20
-5.8056684e-20
1.2742848e-10
1.872039e-21
-5.6939341e-20
1.5787095e-10
-1.0595816e-20
-5.7952099e-20
1.8160884e-10
-2.2422906e-20
-6.3854632e-20
1.9999475e-10
-3.1763364e-20
-7.4838478e-20
2.1390031e-10
-3.4323133e-20
-9.0343059e-20
2.239027e-10
-2.7086108e-20
-1.0758046e-19
2.3038048e-10
-1.2024175e-20
-1.1982903e-19
2.3356451e-10
5.5788302e-21
-1.1869295e-19
2.3356451e-10
2.2056079e-20
-1.0078187e-19
2.3038048e-10
3.8713366e-20
-7.2960194e-20
2.239027e-10
5.9172044e-20
-5.0269832e-20
2.1390031e-10
8.3188035e-20
-4.6275339e-20
1.9999475e-10
1.0328624e-19
-6.3752481e-20
1.8160884e-10
1.098835e-19
-9.3065864e-20
1.5787095e-10
1.0027605e-19
-1.1787497e-19
1.2742848e-10
7.6001023e-20
-1.1885828e-19
8.8069255e-11
-6.7927126e-20
3.5939364e-11
1.7012993e-20
-4.3689487e-20
4.9849562e-11
2.9918788e-20
-8.2957203e-20
1.2742848e-10
2.3957761e-20
-9.7680328e-20
1.8838283e-10
7.6414477e-21
-1.0044091e-19
2.3656652e-10
-1.148975e-20
-1.0005731e-19
2.7459701e-10
-3.1248512e-20
-1.0080286e-19
3.0426063e-10
-4.8209538e-20
-1.0467634e-19
3.2679046e-10
-5.4642085e-20
-1.1407888e-19
3.4303815e-10
-4.3630806e-20
-1.3052352e-19
3.5357678e-10
-1.6515301e-20
-1.5041478e-19
3.5876113e-10
1.5915428e-20
-1.6364962e-19
3.5876113e-10
4.097223e-20
-1.5939988e-19
3.5357678e-10
5.3976486e-20
-1.3566101e-19
3.4303815e-10
6.0903829e-20
-1.0351173e-19
3.2679046e-10
7.0498892e-20
-8.0997168e-20
3.0426063e-10
8.3897831e-20
-8.0546542e-20
2.7459701e-10
9.3763728e-20
-1.0055915e-19
2.3656652e-10
9.3107943e-20
-1.2679838e-19
1.8838283e-10
7.5419849e-20
-1.3589175e-19
1.2742848e-10
-9.0331695e-20
4.9849562e-11
1.7131507e-20
-4.9738695e-20
6.0338636e-11
2.9462316e-20
-1.0155515e-19
1.5787095e-10
2.5124498e-20
-1.2381219e-19
2.3656652e-10
9.3700539e-21
-1.2760662e-19
2.9987395e-10
-1.1422761e-20
-1.2217431e-19
3.5041072e-10
-3.5454893e-20
-1.1334362e-19
3.9011898e-10
-5.954982e-20
-1.0453862e-19
4.2042142e-10
-7.4067846e-20
-1.0021464e-19
4.4234134e-10
-6.6785297e-20
-1.0656891e-19
4.5658603e-10
-3.3497077e-20
-1.2657478e-19
4.6360076e-10
1.4728659e-20
-1.5406914e-19
4.6360076e-10
5.6733158e-20
-1.7418494e-19
4.5658603e-10
7.6434659e-20
-1.7285124e-19
4.4234134e-10
7.4497267e-20
-1.4857218e-19
4.2042142e-10
6.5237641e-20
-1.1569484e-19
3.9011898e-10
6.1371061e-20
-9.4708066e-20
3.5041072e-10
6.322727e-20
-9.7165418e-20
2.9987395e-10
6.3597208e-20
-1.1673157e-19
2.3656652e-10
5.2372136e-20
-1.2937533e-19
1.5787095e-10
-9.2396709e-20
6.0338636e-11
1.1378747e-20
-4.8175239e-20
6.8431339e-11
2.1436419e-20
-1.0257627e-19
1.8160884e-10
2.1488402e-20
-1.2658983e-19
2.7459701e-10
1.1064476e-20
-1.282517e-19
3.5041072e-10
-6.4065277e-21
-1.1589135e-19
4.1151161e-10
-3.0301116e-20
-9.6536297e-20
4.5984183e-10
-5.9296883e-20
-7.4920504e-20
4.9689356e-10
-8.4828619e-20
-5.5817917e-20
5.2377843e-10
-9.0871105e-20
-4.6773335e-20
5.4128392e-10
-6.4445837e-20
-5.6153473e-20
5.499138e-10
-8.8327226e-21
-8.5999598e-20
5.499138e-10
5.3575035e-20
-1.258489e-19
5.4128392e-10
9.4876517e-20
-1.5585214e-19
5.2377843e-10
1.0142158e-19
-1.5978605e-19
4.9689356e-10
8.2114515e-20
-1.380904e-19
4.5984183e-10
5.6988624e-20
-1.086189e-19
4.1151161e-10
3.9107298e-20
-9.2495422e-20
3.5041072e-10
2.9411117e-20
-9.6052149e-20
2.7459701e-10
2.1139051e-20
-1.025753e-19
1.8160884e-10
-7.3996805e-20
6.8431339e-11
3.1644146e-21
-4.0618194e-20
7.4667885e-11
1.1152524e-20
-8.7592582e-20
1.9999475e-10
1.825112e-20
-1.0797048e-19
3.0426063e-10
1.6984869e-20
-1.0631276e-19
3.9011898e-10
6.3601223e-21
-8.7972302e-20
4.5984183e-10
-1.4317908e-20
-5.9851852e-20
5.1530186e-10
-4.5220469e-20
-2.8273033e-20
5.5799122e-10
-8.0508704e-20
1.7411762e-21
5.8905357e-10
-1.0450563e-19
2.4412284e-20
6.0931608e-10
-9.7641642e-20
3.109056e-20
6.193154e-10
-5.1078196e-20
1.3396078e-20
6.193154e-10
2.1658606e-20
-2.8459271e-20
6.0931608e-10
8.9087751e-20
-8.0190591e-20
5.8905357e-10
1.2178903e-19
-1.1906868e-19
5.5799122e-10
1.1199095e-19
-1.2919426e-19
5.1530186e-10
7.5304879e-20
-1.1367398e-19
4.5984183e-10
3.4939305e-20
-9.1071247e-20
3.9011898e-10
6.8513373e-21
-7.7422458e-20
3.0426063e-10
-4.5437794e-21
-7.0046199e-20
1.9999475e-10
-4.5660351e-20
7.4667885e-11
-4.2582225e-21
-2.9207903e-20
7.937201e-11
2.4490716e-21
-6.0886672e-20
2.1390031e-10
1.7840322e-20
-7.348869e-20
3.2679046e-10
2.834152e-20
-6.9459072e-20
4.2042142e-10
2.6985075e-20
-4.9659941e-20
4.9689356e-10
1.0835287e-20
-1.7692392e-20
5.5799122e-10
-2.0329986e-20
1.9699075e-20
6.0517456e-10
-6.1966957e-20
5.5890903e-20
6.3958723e-10
-1.0119662e-19
8.6354346e-20
6.6207012e-10
-1.1787727e-19
1.0586774e-19
6.7317499e-10
-9.4445212e-20
1.0606024e-19
6.7317499e-10
-3.058799e-20
7.9187941e-20
6.6207012e-10
5.0543476e-20
2.7465432e-20
6.3958723e-10
1.1304855e-19
-3.2498596e-20
6.0517456e-10
1.3069868e-19
-7.732037e-20
5.5799122e-10
1.0287736e-19
-9.2751329e-20
4.9689356e-10
5.172045e-20
-8.2985268e-20
4.2042142e-10
6.0338001e-21
-6.3268079e-20
3.2679046e-10
-1.4323882e-20
-4.3482004e-20
2.1390031e-10
-1.964021e-20
7.937201e-11
-8.4070562e-21
-1.6371678e-20
8.2750524e-11
-2.7307045e-21
-2.7797872e-20
2.239027e-10
1.9260907e-20
-2.8921319e-20
3.4303815e-10
4.1779559e-20
-2.3490665e-20
4.4234134e-10
5.1914965e-20
-8.897973e-21
5.2377843e-10
4.1870376e-20
1.7880709e-20
5.8905357e-10
1.0863362e-20
5.3958439e-20
6.3958723e-10
-3.5053871e-20
9.1835719e-20
6.7650936e-10
-8.4032634e-20
1.2520318e-19
7.0066082e-10
-1.1908243e-19
1.5077051e-19
7.1259813e-10
-1.2177973e-19
1.6414737e-19
7.1259813e-10
-8.1788136e-20
1.5725952e-19
7.0066082e-10
-7.9200924e-21
1.2329366e-19
6.7650936e-10
7.0748047e-20
6.6194607e-20
6.3958723e-10
1.1915734e-19
3.9185686e-21
5.8905357e-10
1.1790587e-19
-4.0995298e-20
5.2377843e-10
7.5904751e-20
-5.6382669e-20
4.4234134e-10
2.3742041e-20
-4.6679827e-20
3.4303815e-10
-7.0172855e-21
-2.516632e-20
2.239027e-10
-2.7901997e-21
8.2750524e-11
-6.9336339e-21
-5.4452873e-21
8.4936587e-11
-2.3506822e-21
3.8970537e-21
2.3038048e-10
2.0579684e-20
1.7500912e-20
3.5357678e-10
5.0540482e-20
2.6333946e-20
4.5658603e-10
7.2705843e-20
3.1714614e-20
5.4128392e-10
7.2377802e-20
4.2999148e-20
6.0931608e-10
4.4128808e-20
6.6261724e-20
6.6207012e-10
-4.8996513e-21
9.8154854e-20
7.0066082e-10
-6.0251973e-20
1.3049155e-19
7.2592437e-10
-1.0631288e-19
1.5742056e-19
7.3841724e-10
-1.2825639e-19
1.7642555e-19
7.3841724e-10
-1.1432873e-19
1.8356256e-19
7.2592437e-10
-6.2573467e-20
1.7131851e-19
7.0066082e-10
1.1790851e-20
1.3445737e-19
6.6207012e-10
7.8210968e-20
7.8886549e-20
6.0931608e-10
1.0688293e-19
2.2749466e-20
5.4128392e-10
8.9331586e-20
-1.4076453e-20
4.5658603e-10
4.5817939e-20
-2.3316755e-20
3.5357678e-10
9.5192176e-21
-1.2105647e-20
2.3038048e-10
4.1870705e-21
8.4936587e-11
2.532116e-21
2.9838653e-22
8.6010607e-11
7.2070503e-21
2.439447e-20
2.3356451e-10
2.3052802e-20
5.2985651e-20
3.5876113e-10
4.9703326e-20
7.036374e-20
4.6360076e-10
7.8695795e-20
7.0118763e-20
5.499138e-10
9.1045391e-20
6.1700325e-20
6.193154e-10
7.2158046e-20
6.0621053e-20
6.7317499e-10
2.4640086e-20
7.425724e-20
7.1259813e-10
-3.4816357e-20
9.8113661e-20
7.3841724e-10
-8.7524013e-20
1.2306671e-19
7.5118791e-10
-1.2022624e-19
1.4331786e-19
7.5118791e-10
-1.2456811e-19
1.5672953e-19
7.3841724e-10
-9.6218613e-20
1.5986104e-19
7.1259813e-10
-3.9565722e-20
1.4643965e-19
6.7317499e-10
2.6648187e-20
1.1328782e-19
6.193154e-10
7.410395e-20
6.7539399e-20
5.499138e-10
8.2852858e-20
2.5323373e-20
4.6360076e-10
5.7874767e-20
1.0563817e-21
3.5876113e-10
2.4325322e-20
-2.7746876e-21
2.3356451e-10
3.9542905e-21
8.6010607e-11
2.0512053e-20
-7.3414936e-23
8.6010607e-11
2.9283938e-20
2.6218481e-20
2.3356451e-10
3.2461096e-20
6.3280279e-20
3.5876113e-10
4.2123185e-20
9.2589924e-20
4.6360076e-10
6.4709158e-20
9.7154284e-20
5.499138e-10
8.5878824e-20
7.7103236e-20
6.193154e-10
8.2643259e-20
4.9644399e-20
6.7317499e-10
4.6216945e-20
3.423093e-20
7.1259813e-10
-1.1033008e-20
3.7911205e-20
7.3841724e-10
-6.7223302e-20
5.4345007e-20
7.5118791e-10
-1.0561618e-19
7.3420658e-20
7.5118791e-10
-1.1909846e-19
8.9468133e-20
7.3841724e-10
-1.059752e-19
1.0083448e-19
7.1259813e-10
-6.7711392e-20
1.0466629e-19
6.7317499e-10
-1.3451373e-20
9.5892814e-20
6.193154e-10
3.6850339e-20
7.2746209e-20
5.499138e-10
6.1684648e-20
4.1735375e-20
4.6360076e-10
5.4930224e-20
1.4821137e-20
3.5876113e-10
3.0371175e-20
7.6760579e-22
2.3356451e-10
-4.0479777e-22
8.6010607e-11
4.2884264e-20
-3.7896038e-21
8.4936587e-11
6.1712072e-20
9.8568609e-21
2.3038048e-10
5.427757e-20
4.1550854e-20
3.5357678e-10
3.8677143e-20
7.794975e-20
4.5658603e-10
3.8318994e-20
9.621723e-20
5.4128392e-10
5.4191457e-20
8.1667938e-20
6.0931608e-10
6.4424476e-20
4.1337067e-20
6.6207012e-10
4.8026833e-20
-1.6112348e-21
7.0066082e-10
4.5358557e-21
-2.6532044e-20
7.2592437e-10
-4.7804573e-20
-2.8401148e-20
7.3841724e-10
-8.7994589e-20
-1.5485492e-20
7.3841724e-10
-1.050142e-19
1.8299829e-21
7.2592437e-10
-9.8170765e-20
1.8416982e-20
7.0066082e-10
-7.1023385e-20
3.2769184e-20
6.6207012e-10
-2.9983869e-20
4.1849633e-20
6.0931608e-10
1.2378092e-20
4.1016255e-20
5.4128392e-10
3.9500122e-20
2.8919718e-20
4.5658603e-10
4.2533176e-20
1.0843425e-20
3.5357678e-10
2.7619696e-20
-3.7456041e-21
2.3038048e-10
-6.7041666e-21
8.4936587e-11
6.0549808e-20
-5.9749529e-21
8.2750524e-11
9.3642654e-20
-1.4700622e-20
2.239027e-10
8.5895926e-20
-3.9781622e-21
3.4303815e-10
4.971539e-20
2.5310164e-20
4.4234134e-10
1.728493e-20
5.4843348e-20
5.2377843e-10
9.5238969e-21
5.9535623e-20
5.8905357e-10
1.8900939e-20
2.8888431e-20
6.3958723e-10
2.1542357e-20
-2.3571103e-20
6.7650936e-10
1.9992755e-21
-7.1852986e-20
7.0066082e-10
-3.4340376e-20
-9.7223096e-20
7.1259813e-10
-6.8677075e-20
-9.7653727e-20
7.1259813e-10
-8.51255e-20
-8.2623335e-20
7.0066082e-10
-7.9343862e-20
-6.2045079e-20
6.7650936e-10
-5.6146152e-20
-4.0799963e-20
6.3958723e-10
-2.3639343e-20
-2.1245358e-20
5.8905357e-10
8.0066502e-21
-7.1347385e-21
5.2377843e-10
2.7774159e-20
-2.5110983e-21
4.4234134e-10
3.0291655e-20
-7.2990116e-21
3.4303815e-10
2.0666013e-20
-1.4647714e-20
2.239027e-10
-1.3002979e-20
8.2750524e-11
6.3695892e-20
-3.1008886e-21
7.937201e-11
1.0941846e-19
-3.3213915e-20
2.1390031e-10
1.1397382e-19
-5.1652526e-20
3.2679046e-10
7.4264354e-20
-4.5736154e-20
4.2042142e-10
1.6678878e-20
-2.0260476e-20
4.9689356e-10
-2.4629993e-20
1.6549102e-21
5.5799122e-10
-3.526322e-20
-3.6861402e-21
6.0517456e-10
-2.7545199e-20
-4.0792395e-20
6.3958723e-10
-2.3623004e-20
-9.2144893e-20
6.6207012e-10
-3.4051114e-20
-1.3321055e-19
6.7317499e-10
-5.1389524e-20
-1.4951859e-19
6.7317499e-10
-6.0656202e-20
-1.4222298e-19
6.6207012e-10
-5.2908056e-20
-1.2123966e-19
6.3958723e-10
-3.030841e-20
-9.5784605e-20
6.0517456e-10
-2.1271672e-21
-7.0856447e-20
5.5799122e-10
2.0654504e-20
-4.9572046e-20
4.9689356e-10
2.9734921e-20
-3.5121412e-20
4.2042142e-10
2.4739897e-20
-2.8819429e-20
3.2679046e-10
1.4362065e-20
-2.6409615e-20
2.1390031e-10
-1.7040118e-20
7.937201e-11
4.8142043e-20
4.4462758e-21
7.4667885e-11
9.822711e-20
-3.5711357e-20
1.9999475e-10
1.2134799e-19
-7.8330947e-20
3.0426063e-10
9.7417847e-20
-1.0295804e-19
3.9011898e-10
3.5466287e-20
-9.9784209e-20
4.5984183e-10
-3.1634301e-20
-7.8479218e-20
5.1530186e-10
-7.2208524e-20
-6.2313801e-20
5.5799122e-10
-7.7889667e-20
-6.9947963e-20
5.8905357e-10
-6.3602569e-20
-1.0110144e-19
6.0931608e-10
-4.8994533e-20
-1.3862191e-19
6.193154e-10
-4.1613974e-20
-1.629721e-19
6.193154e-10
-3.5494247e-20
-1.652048e-19
6.0931608e-10
-2.1696022e-20
-1.4901741e-19
5.8905357e-10
1.4721561e-21
-1.2386201e-19
5.5799122e-10
2.6726796e-20
-9.7703034e-20
5.1530186e-10
4.2768499e-20
-7.4808136e-20
4.5984183e-10
4.1884832e-20
-5.7021122e-20
3.9011898e-10
2.7043823e-20
-4.4464389e-20
3.0426063e-10
1.14975e-20
-3.3902375e-20
1.9999475e-10
-1.744569e-20
7.4667885e-11
1.8778255e-20
1.2556381e-20
6.8431339e-11
6.2121336e-20
-2.1846837e-20
1.8160884e-10
9.9319819e-20
-7.2762371e-20
2.7459701e-10
1.0034408e-19
-1.2035964e-19
3.5041072e-10
5.5841289e-20
-1.4700576e-19
4.1151161e-10
-1.5056534e-20
-1.46087e-19
4.5984183e-10
-7.7388804e-20
-1.2791103e-19
4.9689356e-10
-1.0537737e-19
-1.12333e-19
5.2377843e-10
-9.7519024e-20
-1.1332574e-19
5.4128392e-10
-7.0276959e-20
-1.2930978e-19
5.499138e-10
-4.0717662e-20
-1.470228e-19
5.499138e-10
-1.5163097e-20
-1.5346688e-19
5.4128392e-10
9.0503774e-21
-1.4461264e-19
5.2377843e-10
3.4392572e-20
-1.2518747e-19
4.9689356e-10
5.6919807e-20
-1.0275576e-19
4.5984183e-10
6.7374619e-20
-8.2573837e-20
4.1151161e-10
5.8693865e-20
-6.6019108e-20
3.5041072e-10
3.5180922e-20
-5.163708e-20
2.7459701e-10
1.2852242e-20
-3.6205934e-20
1.8160884e-10
-1.5142668e-20
6.8431339e-11
-1.2478778e-20
1.6927168e-20
6.0338636e-11
1.5652254e-20
8.5156338e-22
1.5787095e-10
5.4703812e-20
-4.0569198e-20
2.3656652e-10
7.5023849e-20
-9.3661384e-20
2.9987395e-10
5.7589875e-20
-1.4124262e-19
3.5041072e-10
5.1100021e-21
-1.6653411e-19
3.9011898e-10
-5.7578313e-20
-1.6402844e-19
4.2042142e-10
-1.0015558e-19
-1.4384144e-19
4.4234134e-10
-1.0675062e-19
-1.2334194e-19
4.5658603e-10
-8.2200299e-20
-1.1390764e-19
4.6360076e-10
-4.2803099e-20
-1.1475671e-19
4.6360076e-10
-2.722178e-21
-1.1719271e-19
4.5658603e-10
3.2220375e-20
-1.1365582e-19
4.4234134e-10
6.121761e-20
-1.0297696e-19
4.2042142e-10
8.1942434e-20
-8.8933653e-20
3.9011898e-10
8.8255118e-20
-7.5576393e-20
3.5041072e-10
7.4781967e-20
-6.3818722e-20
2.9987395e-10
4.596145e-20
-5.1287363e-20
2.3656652e-10
1.7836642e-20
-3.4714499e-20
1.5787095e-10
-1.2434348e-20
6.0338636e-11
-3.2949052e-20
1.6012691e-20
4.9849562e-11
-2.2545346e-20
2.1542284e-20
1.2742848e-10
5.8647469e-21
-3.71381e-22
1.8838283e-10
3.1005903e-20
-4.2574261e-20
2.3656652e-10
3.5253196e-20
-9.2233696e-20
2.7459701e-10
1.1018523e-20
-1.3119045e-19
3.0426063e-10
-3.1951799e-20
-1.453878e-19
3.2679046e-10
-7.1453218e-20
-1.3418188e-19
3.4303815e-10
-8.7506588e-20
-1.0964501e-19
3.5357678e-10
-7.4149441e-20
-8.6826454e-20
3.5876113e-10
-3.9502475e-20
-7.3811272e-20
3.5876113e-10
2.6373269e-21
-6.9343549e-20
3.5357678e-10
4.1667236e-20
-6.7625798e-20
3.4303815e-10
7.2520152e-20
-6.4604688e-20
3.2679046e-10
9.2303182e-20
-6.0044864e-20
3.0426063e-10
9.701806e-20
-5.5324112e-20
2.7459701e-10
8.3128355e-20
-5.0264413e-20
2.3656652e-10
5.4294033e-20
-4.2185239e-20
1.8838283e-10
2.3731808e-20
-2.8412959e-20
1.2742848e-10
-9.5864162e-21
4.9849562e-11
-3.4533675e-20
1.035696e-20
3.5939364e-11
-3.8355038e-20
2.744379e-20
8.8069255e-11
-2.7373776e-20
2.1866541e-20
1.2742848e-10
-1.0396725e-20
-1.5980899e-21
1.5787095e-10
2.7335922e-21
-3.4892931e-20
1.8160884e-10
2.1744139e-21
-6.526862e-20
1.9999475e-10
-1.4009051e-20
-8.1007096e-20
2.1390031e-10
-3.6601577e-20
-7.8373125e-20
2.239027e-10
-5.1332722e-20
-6.3078273e-20
2.3038048e-10
-4.8412288e-20
-4.5296285e-20
2.3356451e-10
-2.7749442e-20
-3.2796354e-20
2.3356451e-10
3.0508647e-21
-2.7373874e-20
2.3038048e-10
3.4725387e-20
-2.6418638e-20
2.239027e-10
6.0913783e-20
-2.6819216e-20
2.1390031e-10
7.8054725e-20
-2.7238369e-20
1.9999475e-10
8.3251831e-20
-2.740682e-20
1.8160884e-10
7.3996677e-20
-2.6459627e-20
1.5787095e-10
5.2006841e-20
-2.2483075e-20
1.2742848e-10
2.5407644e-20
-1.4158625e-20
8.8069255e-11
-3.8595957e-21
3.5939364e-11
-1.3480673e-20
1.6236676e-11
-2.4161015e-20
3.5939364e-11
-2.9336929e-20
4.9849562e-11
-2.6663051e-20
6.0338636e-11
-1.7451652e-20
6.8431339e-11
-7.8611203e-21
7.4667885e-11
-4.0499418e-21
7.937201e-11
-7.0928267e-21
8.2750524e-11
-1.2681422e-20
8.4936587e-11
-1.4821125e-20
8.6010607e-11
-1.0051479e-20
8.6010607e-11
7.5716709e-22
8.4936587e-11
1.397999e-20
8.2750524e-11
2.6121891e-20
7.937201e-11
3.5124849e-20
7.4667885e-11
3.9587519e-20
6.8431339e-11
3.7918194e-20
6.0338636e-11
2.9542853e-20
4.9849562e-11
1.670451e-20
3.5939364e-11
1.6236676e-11
9.1066327e-21
7.5707474e-22
1.6236676e-11
1.2996318e-20
-6.8911338e-21
3.5939364e-11
9.8072541e-21
-1.5878635e-20
4.9849562e-11
1.1255067e-21
-2.2130436e-20
6.0338636e-11
-9.7456198e-21
-2.4820983e-20
6.8431339e-11
-1.9926118e-20
-2.4773274e-20
7.4667885e-11
-2.724827e-20
-2.287624e-20
7.937201e-11
-2.9350117e-20
-2.0253418e-20
8.2750524e-11
-2.3743125e-20
-1.8914044e-20
8.4936587e-11
-9.9615386e-21
-2.1228982e-20
8.6010607e-11
8.5006972e-21
-2.8190397e-20
8.6010607e-11
2.5344896e-20
-3.8261146e-20
8.4936587e-11
3.5612891e-20
-4.8244965e-20
8.2750524e-11
3.9360015e-20
-5.5846319e-20
7.937201e-11
4.0719144e-20
-6.1406773e-20
7.4667885e-11
4.2441644e-20
-6.6731423e-20
6.8431339e-11
4.2245604e-20
-7.1442473e-20
6.0338636e-11
3.5325156e-20
-7.0626892e-20
4.9849562e-11
2.0709781e-20
-5.6708042e-20
3.5939364e-11
-2.0727993e-20
1.6236676e-11
8.6987591e-21
7.9073872e-21
3.5939364e-11
1.6833537e-20
-2.3343153e-21
8.8069255e-11
1.777976e-20
-1.8178116e-20
1.2742848e-10
9.4711462e-21
-3.3368168e-20
1.5787095e-10
-4.970086e-21
-4.6240511e-20
1.8160884e-10
-2.1240813e-20
-5.7059007e-20
1.9999475e-10
-3.5821261e-20
-6.576801e-20
2.1390031e-10
-4.4920283e-20
-7.2350606e-20
2.239027e-10
-4.380826e-20
-7.7753609e-20
2.3038048e-10
-2.9340857e-20
-8.3332681e-20
2.3356451e-10
-3.7363539e-21
-8.9207972e-20
2.3356451e-10
2.4861072e-20
-9.3933536e-20
2.3038048e-10
4.7110269e-20
-9.6025654e-20
2.239027e-10
5.9150836e-20
-9.5839696e-20
2.1390031e-10
6.4645631e-20
-9.5630632e-20
1.9999475e-10
6.9639935e-20
-9.7254888e-20
1.8160884e-10
7.5172737e-20
-9.9218929e-20
1.5787095e-10
7.4176076e-20
-9.5893495e-20
1.2742848e-10
5.5241126e-20
-7.8794294e-20
8.8069255e-11
-3.6548438e-20
3.5939364e-11
-7.2929183e-22
1.1278932e-20
4.9849562e-11
7.323471e-21
5.3010427e-22
1.2742848e-10
1.1770411e-20
-2.0331908e-20
1.8838283e-10
6.4750758e-21
-4.3710134e-20
2.3656652e-10
-6.9078078e-21
-6.6510593e-20
2.7459701e-10
-2.3636073e-20
-8.7893394e-20
3.0426063e-10
-3.9657561e-20
-1.069605e-19
3.2679046e-10
-5.088929e-20
-1.2284688e-19
3.4303815e-10
-5.188276e-20
-1.3570815e-19
3.5357678e-10
-3.8105644e-20
-1.4583809e-19
3.5876113e-10
-1.088226e-20
-1.5186738e-19
3.5876113e-10
2.1124795e-20
-1.5088049e-19
3.5357678e-10
4.6812584e-20
-1.4146632e-19
3.4303815e-10
6.0815364e-20
-1.2643513e-19
3.2679046e-10
6.7014131e-20
-1.1197151e-19
3.0426063e-10
7.354008e-20
-1.0315016e-19
2.7459701e-10
8.3285269e-20
-9.9881937e-20
2.3656652e-10
8.7424523e-20
-9.6746344e-20
1.8838283e-10
6.695537e-20
-8.3932574e-20
1.2742848e-10
-4.5247295e-20
4.9849562e-11
-1.3882625e-20
6.990133e-21
6.0338636e-11
-1.0185845e-20
-4.2960587e-21
1.5787095e-10
-5.9493871e-21
-2.7004764e-20
2.3656652e-10
-9.903816e-21
-5.4416325e-20
2.9987395e-10
-2.1933143e-20
-8.1813595e-20
3.5041072e-10
-3.7427121e-20
-1.0688497e-19
3.9011898e-10
-5.2207361e-20
-1.2832413e-19
4.2042142e-10
-6.2296299e-20
-1.4555611e-19
4.4234134e-10
-6.1574444e-20
-1.5965068e-19
4.5658603e-10
-4.4165869e-20
-1.7234905e-19
4.6360076e-10
-1.0906139e-20
-1.827129e-19
4.6360076e-10
2.7536564e-20
-1.8560271e-19
4.5658603e-10
5.6702824e-20
-1.7533432e-19
4.4234134e-10
6.934965e-20
-1.5199407e-19
4.2042142e-10
7.1026944e-20
-1.2357789e-19
3.9011898e-10
7.3624294e-20
-1.00989e-19
3.5041072e-10
8.2214759e-20
-8.9862607e-20
2.9987395e-10
8.6948167e-20
-8.6690072e-20
2.3656652e-10
6.5808816e-20
-7.9193659e-20
1.5787095e-10
-4.6476876e-20
6.0338636e-11
-2.5185914e-20
-2.9803852e-21
6.8431339e-11
-2.9283465e-20
-1.5110575e-20
1.8160884e-10
-2.9213777e-20
-3.6166641e-20
2.7459701e-10
-3.3615552e-20
-6.2689598e-20
3.5041072e-10
-4.3923535e-20
-8.8952444e-20
4.1151161e-10
-5.6743006e-20
-1.1100336e-19
4.5984183e-10
-6.8885462e-20
-1.2714162e-19
4.9689356e-10
-7.7397161e-20
-1.3732722e-19
5.2377843e-10
-7.5916591e-20
-1.4390519e-19
5.4128392e-10
-5.5759553e-20
-1.5154874e-19
5.499138e-10
-1.4602715e-20
-1.632603e-19
5.499138e-10
3.6232596e-20
-1.7531944e-19
5.4128392e-10
7.6634225e-20
-1.7776287e-19
5.2377843e-10
9.2867168e-20
-1.6257623e-19
4.9689356e-10
8.8838482e-20
-1.3240473e-19
4.5984183e-10
8.0924242e-20
-1.0033444e-19
4.1151161e-10
8.0058588e-20
-7.9898316e-20
3.5041072e-10
7.9428659e-20
-7.3669914e-20
2.7459701e-10
5.7847428e-20
-6.9493645e-20
1.8160884e-10
-4.3244829e-20
6.8431339e-11
-3.1147411e-20
-1.5097015e-20
7.4667885e-11
-4.4818601e-20
-2.8052389e-20
1.9999475e-10
-5.181611e-20
-4.4231461e-20
3.0426063e-10
-5.7685685e-20
-6.56538e-20
3.9011898e-10
-6.5022904e-20
-8.6732945e-20
4.5984183e-10
-7.2864977e-20
-1.019803e-19
5.1530186e-10
-8.0216832e-20
-1.0937178e-19
5.5799122e-10
-8.6566218e-20
-1.0935142e-19
5.8905357e-10
-8.7103357e-20
-1.0434529e-19
6.0931608e-10
-7.0728139e-20
-1.0008587e-19
6.193154e-10
-2.8720624e-20
-1.0397142e-19
6.193154e-10
3.2609179e-20
-1.1838949e-19
6.0931608e-10
9.0373286e-20
-1.352143e-19
5.8905357e-10
1.2075209e-19
-1.4008075e-19
5.5799122e-10
1.1844022e-19
-1.2466201e-19
5.1530186e-10
9.9322791e-20
-9.577765e-20
4.5984183e-10
8.2400459e-20
-7.0263979e-20
3.9011898e-10
7.01692e-20
-5.930121e-20
3.0426063e-10
4.7154644e-20
-5.6276363e-20
1.9999475e-10
-3.7503816e-20
7.4667885e-11
-3.0290264e-20
-2.563816e-20
7.937201e-11
-5.323777e-20
-3.9923557e-20
2.1390031e-10
-6.9096081e-20
-4.9688325e-20
3.2679046e-10
-7.7181504e-20
-6.3283162e-20
4.2042142e-10
-8.0453864e-20
-7.7114616e-20
4.9689356e-10
-8.1436133e-20
-8.4634309e-20
5.5799122e-10
-8.1970057e-20
-8.3259165e-20
6.0517456e-10
-8.4137507e-20
-7.4217613e-20
6.3958723e-10
-8.6345794e-20
-5.9855537e-20
6.6207012e-10
-7.8382781e-20
-4.4066975e-20
6.7317499e-10
-4.6052371e-20
-3.4555739e-20
6.7317499e-10
1.4223186e-20
-3.9476765e-20
6.6207012e-10
8.4699595e-20
-5.8802205e-20
6.3958723e-10
1.3516144e-19
-8.0137924e-20
6.0517456e-10
1.4601711e-19
-8.7215496e-20
5.5799122e-10
1.2359083e-19
-7.4779162e-20
4.9689356e-10
9.0555507e-20
-5.4119479e-20
4.2042142e-10
6.2539221e-20
-4.1225614e-20
3.2679046e-10
3.5765017e-20
-3.8639045e-20
2.1390031e-10
-2.8632136e-20
7.937201e-11
-2.3713704e-20
-3.0676659e-20
8.2750524e-11
-5.3586302e-20
-4.7488257e-20
2.239027e-10
-7.8455884e-20
-5.1904772e-20
3.4303815e-10
-8.9514853e-20
-5.7116396e-20
4.4234134e-10
-8.851113e-20
-6.3794364e-20
5.2377843e-10
-8.1901489e-20
-6.5412167e-20
5.8905357e-10
-7.5183507e-20
-5.776208e-20
6.3958723e-10
-7.2040265e-20
-4.2377654e-20
6.7650936e-10
-7.3048774e-20
-2.2682122e-20
7.0066082e-10
-7.1617272e-20
-9.7523323e-22
7.1259813e-10
-5.3336242e-20
1.8741979e-20
7.1259813e-10
-6.3540536e-21
2.8118153e-20
7.0066082e-10
6.3029107e-20
1.9676925e-20
6.7650936e-10
1.2761589e-19
-3.5376749e-21
6.3958723e-10
1.5707694e-19
-2.6680482e-20
5.8905357e-10
1.4209473e-19
-3.5135772e-20
5.2377843e-10
1.0008867e-19
-2.8474695e-20
4.4234134e-10
5.6862113e-20
-1.9490645e-20
3.4303815e-10
2.4513659e-20
-1.7799287e-20
2.239027e-10
-1.611252e-20
8.2750524e-11
-1.5244691e-20
-2.7284958e-20
8.4936587e-11
-4.8111366e-20
-4.7471622e-20
2.3038048e-10
-8.0079458e-20
-4.95725e-20
3.5357678e-10
-9.4957892e-20
-4.7567431e-20
4.5658603e-10
-9.0489757e-20
-4.8195083e-20
5.4128392e-10
-7.6094456e-20
-4.7593669e-20
6.0931608e-10
-6.2349544e-20
-3.8971647e-20
6.6207012e-10
-5.4637889e-20
-2.1374216e-20
7.0066082e-10
-5.3117694e-20
7.4352139e-22
7.2592437e-10
-5.3393972e-20
2.3840284e-20
7.3841724e-10
-4.5042367e-20
4.6636519e-20
7.3841724e-10
-1.4938502e-20
6.510343e-20
7.2592437e-10
4.0606437e-20
7.0653654e-20
7.0066082e-10
1.0504379e-19
5.7594961e-20
6.6207012e-10
1.4748111e-19
3.1958749e-20
6.0931608e-10
1.4544857e-19
8.9342755e-21
5.4128392e-10
1.041519e-19
-6.6938238e-22
4.5658603e-10
5.1647271e-20
-1.0568781e-22
3.5357678e-10
1.4578604e-20
2.2349751e-22
2.3038048e-10
-2.9057755e-21
8.4936587e-11
-9.98452e-21
-1.5592732e-20
8.6010607e-11
-4.0997826e-20
-3.8227948e-20
2.3356451e-10
-7.5896113e-20
-4.137368e-20
3.5876113e-10
-9.5386904e-20
-3.3917193e-20
4.6360076e-10
-9.0282119e-20
-2.8480492e-20
5.499138e-10
-6.8788897e-20
-2.7832642e-20
6.193154e-10
-4.6911915e-20
-2.4393468e-20
6.7317499e-10
-3.4648747e-20
-1.1589215e-20
7.1259813e-10
-3.1409165e-20
8.9904657e-21
7.3841724e-10
-3.1262981e-20
3.1597034e-20
7.5118791e-10
-2.6642339e-20
5.3212711e-20
7.5118791e-10
-8.5408748e-21
7.269204e-20
7.3841724e-10
2.951753e-20
8.5388657e-20
7.1259813e-10
8.1519609e-20
8.3451174e-20
6.7317499e-10
1.2466466e-19
6.4389668e-20
6.193154e-10
1.3266961e-19
3.7167499e-20
5.499138e-10
9.8731016e-20
1.6063324e-20
4.6360076e-10
4.5438582e-20
7.8734836e-21
3.5876113e-10
7.4784682e-21
7.4775094e-21
2.3356451e-10
5.3827626e-21
8.6010607e-11
-1.1423159e-20
2.2054386e-22
8.6010607e-11
-3.5761932e-20
-2.198729e-20
2.3356451e-10
-6.7392329e-20
-2.8543471e-20
3.5876113e-10
-9.1284502e-20
-1.7872823e-20
4.6360076e-10
-9.0820197e-20
-4.8273974e-21
5.499138e-10
-6.6332623e-20
-1.3228463e-21
6.193154e-10
-3.5412671e-20
-4.454918e-21
6.7317499e-10
-1.5443222e-20
-2.9863417e-21
7.1259813e-10
-9.5685469e-21
8.9493187e-21
7.3841724e-10
-9.6233791e-21
2.767373e-20
7.5118791e-10
-6.5551676e-21
4.671091e-20
7.5118791e-10
5.4758344e-21
6.294837e-20
7.3841724e-10
3.0019157e-20
7.4497027e-20
7.1259813e-10
6.5624429e-20
7.652162e-20
6.7317499e-10
9.941032e-20
6.3804914e-20
6.193154e-10
1.0992441e-19
3.8663406e-20
5.499138e-10
8.4742432e-20
1.2918455e-20
4.6360076e-10
3.7914538e-20
-9.6471644e-22
3.5876113e-10
3.8339405e-21
-5.8602586e-22
2.3356451e-10
4.6068375e-21
8.6010607e-11
-1.9512207e-20
1.3518792e-20
8.4936587e-11
-3.3793942e-20
-4.6210394e-21
2.3038048e-10
-5.5017282e-20
-1.5485495e-20
3.5357678e-10
-8.0273153e-20
-5.325e-21
4.5658603e-10
-8.9580836e-20
1.5446804e-20
5.4128392e-10
-7.0700135e-20
2.7949458e-20
6.0931608e-10
-3.4612005e-20
2.5150525e-20
6.6207012e-10
-3.9424335e-21
1.621941e-20
7.0066082e-10
9.2580067e-21
1.4040244e-20
7.2592437e-10
1.0294899e-20
2.2408487e-20
7.3841724e-10
1.1056089e-20
3.5756691e-20
7.3841724e-10
1.8674443e-20
4.7254694e-20
7.2592437e-10
3.4317333e-20
5.3558809e-20
7.0066082e-10
5.6068648e-20
5.2469654e-20
6.6207012e-10
7.7185961e-20
4.0698411e-20
6.0931608e-10
8.4220849e-20
1.7807378e-20
5.4128392e-10
6.5848528e-20
-8.4050399e-21
4.5658603e-10
2.93157e-20
-2.4405281e-20
3.5357678e-10
2.8424341e-21
-2.160864e-20
2.3038048e-10
-5.0926168e-21
8.4936587e-11
-3.0658756e-20
1.9121963e-20
8.2750524e-11
-3.4815898e-20
7.5435537e-21
2.239027e-10
-4.0294237e-20
-6.8047745e-21
3.4303815e-10
-6.0192987e-20
-2.0523076e-21
4.4234134e-10
-7.9405655e-20
2.1350481e-20
5.2377843e-10
-7.4939858e-20
4.5378341e-20
5.8905357e-10
-4.3846951e-20
5.333788e-20
6.3958723e-10
-5.8873967e-21
4.4640575e-20
6.7650936e-10
1.8371656e-20
3.1814648e-20
7.0066082e-10
2.5158892e-20
2.6165685e-20
7.1259813e-10
2.4651221e-20
2.862784e-20
7.1259813e-10
2.7119347e-20
3.2748291e-20
7.0066082e-10
3.5322161e-20
3.2562823e-20
6.7650936e-10
4.6791317e-20
2.5481854e-20
6.3958723e-10
5.6928229e-20
1.0384674e-20
5.8905357e-10
5.8648034e-20
-1.261194e-20
5.2377843e-10
4.4996139e-20
-3.81357e-20
4.4234134e-10
1.9756541e-20
-5.3916391e-20
3.4303815e-10
2.5204476e-21
-4.8043114e-20
2.239027e-10
-1.9494272e-20
8.2750524e-11
-4.0179948e-20
1.6721686e-20
7.937201e-11
-3.788553e-20
1.2322685e-20
2.1390031e-10
-2.7316208e-20
-2.897659e-21
3.2679046e-10
-3.4436337e-20
-6.889443e-21
4.2042142e-10
-5.6124067e-20
1.002622e-20
4.9689356e-10
-6.7610102e-20
3.8873496e-20
5.5799122e-10
-5.2058242e-20
6.0817841e-20
6.0517456e-10
-1.7685151e-20
6.4313021e-20
6.3958723e-10
1.3889408e-20
5.3037291e-20
6.6207012e-10
2.9186635e-20
3.8724412e-20
6.7317499e-10
3.095947e-20
2.9080309e-20
6.7317499e-10
2.9304301e-20
2.2990704e-20
6.6207012e-10
3.0287275e-20
1.5178656e-20
6.3958723e-10
3.3480922e-20
2.0429436e-21
6.0517456e-10
3.5566806e-20
-1.7225699e-20
5.5799122e-10
3.3078296e-20
-4.139893e-20
4.9689356e-10
2.3367785e-20
-6.5865119e-20
4.2042142e-10
8.8750287e-21
-8.0145785e-20
3.2679046e-10
9.8843614e-22
-7.134912e-20
2.1390031e-10
-3.3183053e-20
7.937201e-11
-4.4780941e-20
1.0516495e-20
7.4667885e-11
-4.1736604e-20
1.2692765e-20
1.9999475e-10
-2.0940691e-20
9.7313186e-22
3.0426063e-10
-1.2426265e-20
-9.9432451e-21
3.9011898e-10
-2.5855989e-20
-6.1230229e-21
4.5984183e-10
-4.4666842e-20
1.4951765e-20
5.1530186e-10
-4.6466461e-20
4.1604251e-20
5.5799122e-10
-2.6320409e-20
5.8390352e-20
5.8905357e-10
1.7699983e-21
5.8562078e-20
6.0931608e-10
2.1156694e-20
4.6781356e-20
6.193154e-10
2.6423005e-20
3.1534283e-20
6.193154e-10
2.3195184e-20
1.7091958e-20
6.0931608e-10
1.8635254e-20
2.1593129e-21
5.8905357e-10
1.5212764e-20
-1.5912025e-20
5.5799122e-10
1.1828657e-20
-3.7848793e-20
5.1530186e-10
7.255112e-21
-6.21778e-20
4.5984183e-10
1.6396166e-21
-8.465873e-20
3.9011898e-10
-3.1790078e-21
-9.6475179e-20
3.0426063e-10
-2.4707245e-21
-8.5395843e-20
1.9999475e-10
-4.2041572e-20
7.4667885e-11
-4.3432087e-20
4.8118118e-21
6.8431339e-11
-4.3812786e-20
1.2967388e-20
1.8160884e-10
-2.2132071e-20
9.6946135e-21
2.7459701e-10
-3.0234429e-21
-5.9739585e-22
3.5041072e-10
-2.5572431e-21
-7.5141449e-21
4.1151161e-10
-1.6170574e-20
-2.0720827e-21
4.5984183e-10
-2.6252824e-20
1.4722016e-20
4.9689356e-10
-2.1527566e-20
3.2641272e-20
5.2377843e-10
-5.8544757e-21
4.1468971e-20
5.4128392e-10
8.4927672e-21
3.8083459e-20
5.499138e-10
1.3130262e-20
2.6166071e-20
5.499138e-10
8.6534101e-21
1.0564515e-20
5.4128392e-10
5.5993569e-22
-6.7945202e-21
5.2377843e-10
-7.1587329e-21
-2.632025e-20
4.9689356e-10
-1.3546712e-20
-4.8099084e-20
4.5984183e-10
-1.8032944e-20
-7.0462592e-20
4.1151161e-10
-1.8974223e-20
-8.9657349e-20
3.5041072e-10
-1.5197191e-20
-9.8498169e-20
2.7459701e-10
-7.2222764e-21
-8.656931e-20
1.8160884e-10
-4.3822459e-20
6.8431339e-11
-3.6125966e-20
8.4098375e-22
6.0338636e-11
-4.0044713e-20
1.4260326e-20
1.5787095e-10
-2.5325011e-20
2.2051061e-20
2.3656652e-10
-6.1054932e-21
2.0731414e-20
2.9987395e-10
3.8013729e-21
1.3073952e-20
3.5041072e-10
1.2571061e-21
6.8496533e-21
3.9011898e-10
-5.4932721e-21
7.2667902e-21
4.2042142e-10
-7.4076148e-21
1.2716497e-20
4.4234134e-10
-3.3225989e-21
1.7488522e-20
4.5658603e-10
8.9541035e-22
1.7108794e-20
4.6360076e-10
-7.5572953e-22
1.0966122e-20
4.6360076e-10
-9.1932591e-21
8.2546126e-22
4.5658603e-10
-2.0724681e-20
-1.1940319e-20
4.4234134e-10
-3.1274734e-20
-2.7163982e-20
4.2042142e-10
-3.8628388e-20
-4.4517422e-20
3.9011898e-10
-4.1240743e-20
-6.2306585e-20
3.5041072e-10
-3.6924109e-20
-7.7121437e-20
2.9987395e-10
-2.5666102e-20
-8.3335001e-20
2.3656652e-10
-1.2120708e-20
-7.2921356e-20
1.5787095e-10
-3.7204102e-20
6.0338636e-11
-2.3338546e-20
-1.7156072e-21
4.9849562e-11
-2.7540258e-20
1.468748e-20
1.2742848e-10
-2.2267389e-20
3.0767691e-20
1.8838283e-10
-1.1969117e-20
4.0090593e-20
2.3656652e-10
-3.2568478e-21
3.9923023e-20
2.7459701e-10
1.5948579e-22
3.2854602e-20
3.0426063e-10
4.0664967e-22
2.3469825e-20
3.2679046e-10
1.0036456e-21
1.4724636e-20
3.4303815e-10
2.0230405e-21
7.5177048e-21
3.5357678e-10
1.4031895e-22
1.6930968e-21
3.5876113e-10
-7.815611e-21
-3.038573e-21
3.5876113e-10
-2.1616074e-20
-7.1618689e-21
3.5357678e-10
-3.7482789e-20
-1.1826107e-20
3.4303815e-10
-5.0883299e-20
-1.8610249e-20
3.2679046e-10
-5.8751652e-20
-2.8227978e-20
3.0426063e-10
-5.9041852e-20
-3.9507264e-20
2.7459701e-10
-4.9952975e-20
-4.9535949e-20
2.3656652e-10
-3.2973494e-20
-5.4067089e-20
1.8838283e-10
-1.5704541e-20
-4.7401236e-20
1.2742848e-10
-2.3526277e-20
4.9849562e-11
-7.6334167e-21
-2.1077562e-21
3.5939364e-11
-8.7434065e-21
1.2312876e-20
8.8069255e-11
-1.0175061e-20
2.7064368e-20
1.2742848e-10
-1.0506879e-20
3.8508949e-20
1.5787095e-10
-1.0413096e-20
4.3656974e-20
1.8160884e-10
-1.038792e-20
4.1833964e-20
1.9999475e-10
-8.8077735e-21
3.400265e-20
2.1390031e-10
-4.5892246e-21
2.231355e-20
2.239027e-10
-7.8931449e-23
1.0158387e-20
2.3038048e-10
1.0614959e-22
8.5524343e-22
2.3356451e-10
-7.4427293e-21
-3.8526252e-21
2.3356451e-10
-2.2263648e-20
-4.5450137e-21
2.3038048e-10
-4.0100851e-20
-3.6427884e-21
2.239027e-10
-5.5448469e-20
-4.0511209e-21
2.1390031e-10
-6.4049675e-20
-7.3869628e-21
1.9999475e-10
-6.3426516e-20
-1.3277956e-20
1.8160884e-10
-5.241562e-20
-1.9768255e-20
1.5787095e-10
-3.3536715e-20
-2.3764786e-20
1.2742848e-10
-1.5593232e-20
-2.1472173e-20
8.8069255e-11
-9.8025402e-21
3.5939364e-11
5.7762862e-21
1.6236676e-11
6.9083662e-21
3.5939364e-11
3.9474107e-21
4.9849562e-11
-8.9440382e-22
6.0338636e-11
-6.8039751e-21
6.8431339e-11
-1.2614085e-20
7.4667885e-11
-1.5446342e-20
7.937201e-11
-1.3060604e-20
8.2750524e-11
-7.0766651e-21
8.4936587e-11
-2.1840479e-21
8.6010607e-11
-2.7456971e-21
8.6010607e-11
-9.9976713e-21
8.4936587e-11
-2.1450751e-20
8.2750524e-11
-3.2638798e-20
7.937201e-11
-3.9574159e-20
7.4667885e-11
-3.9961696e-20
6.8431339e-11
-3.279932e-20
6.0338636e-11
-1.9846902e-20
4.9849562e-11
-7.9533368e-21
3.5939364e-11
1.6236676e-11
9.1017737e-21
1.4269265e-20
1.6236676e-11
-4.5263479e-23
3.0302799e-21
3.5939364e-11
-6.4237456e-21
-1.1675347e-20
4.9849562e-11
-1.2475939e-20
-2.0974669e-20
6.0338636e-11
-1.8010666e-20
-2.2829464e-20
6.8431339e-11
-2.0815613e-20
-1.7994324e-20
7.4667885e-11
-2.0358343e-20
-8.2486196e-21
7.937201e-11
-1.6867393e-20
3.9918732e-21
8.2750524e-11
-9.6763287e-21
1.4153059e-20
8.4936587e-11
1.2619179e-21
1.5602911e-20
8.6010607e-11
1.2481607e-20
3.6504445e-21
8.6010607e-11
1.7301186e-20
-1.9580789e-20
8.4936587e-11
1.0379309e-20
-4.4331906e-20
8.2750524e-11
-7.0526151e-21
-5.8499672e-20
7.937201e-11
-2.6188553e-20
-5.5311643e-20
7.4667885e-11
-3.6111592e-20
-3.7476313e-20
6.8431339e-11
-3.1665216e-20
-1.4182117e-20
6.0338636e-11
-1.8410105e-20
5.4076208e-21
4.9849562e-11
-7.6673734e-21
1.5051436e-20
3.5939364e-11
6.6866365e-21
1.6236676e-11
-7.951585e-21
2.1377454e-20
3.5939364e-11
-2.3051199e-20
1.3450776e-20
8.8069255e-11
-2.7116945e-20
-5.3802671e-21
1.2742848e-10
-2.7046605e-20
-2.2283742e-20
1.5787095e-10
-2.6080689e-20
-3.289674e-20
1.8160884e-10
-2.315406e-20
-3.7231979e-20
1.9999475e-10
-1.9361755e-20
-3.5589341e-20
2.1390031e-10
-1.7707003e-20
-2.7976225e-20
2.239027e-10
-1.821974e-20
-1.7147862e-20
2.3038048e-10
-1.6888354e-20
-1.026749e-20
2.3356451e-10
-1.0605985e-20
-1.5472164e-20
2.3356451e-10
-2.0774239e-21
-3.4993809e-20
2.3038048e-10
1.0194929e-21
-6.1497764e-20
2.239027e-10
-6.8446337e-21
-8.1321855e-20
2.1390031e-10
-2.2370828e-20
-8.313476e-20
1.9999475e-10
-3.4297801e-20
-6.5228124e-20
1.8160884e-10
-3.3244477e-20
-3.54689e-20
1.5787095e-10
-2.3265367e-20
-5.1650675e-21
1.2742848e-10
-1.8154327e-20
1.5817601e-20
8.8069255e-11
1.6353221e-20
3.5939364e-11
-2.7744102e-20
2.9950413e-20
4.9849562e-11
-4.7341425e-20
3.2552587e-20
1.2742848e-10
-4.809544e-20
1.5795551e-20
1.8838283e-10
-4.1445982e-20
-6.5675608e-21
2.3656652e-10
-3.3314148e-20
-2.8056487e-20
2.7459701e-10
-2.3139147e-20
-4.6904891e-20
3.0426063e-10
-1.2940018e-20
-6.160062e-20
3.2679046e-10
-8.827682e-21
-6.8746739e-20
3.4303815e-10
-1.4240793e-20
-6.5939023e-20
3.5357678e-10
-2.4823874e-20
-5.6073442e-20
3.5876113e-10
-3.1283127e-20
-4.714843e-20
3.5876113e-10
-2.7972114e-20
-4.7296195e-20
3.5357678e-10
-1.7923403e-20
-5.8087271e-20
3.4303815e-10
-9.7997066e-21
-7.2305425e-20
3.2679046e-10
-8.9630503e-21
-7.8006328e-20
3.0426063e-10
-1.1725189e-20
-6.6698108e-20
2.7459701e-10
-1.0298757e-20
-3.9073034e-20
2.3656652e-10
-5.7257694e-21
-4.5530512e-21
1.8838283e-10
-9.1861438e-21
2.3425693e-20
1.2742848e-10
2.8260538e-20
4.9849562e-11
-4.2608542e-20
3.0878686e-20
6.0338636e-11
-6.7035008e-20
4.3716739e-20
1.5787095e-10
-6.8731787e-20
3.1554166e-20
2.3656652e-10
-6.0607388e-20
6.1255993e-21
2.9987395e-10
-4.9802268e-20
-2.3997062e-20
3.5041072e-10
-3.5265034e-20
-5.4530282e-20
3.9011898e-10
-1.7866739e-20
-8.269493e-20
4.2042142e-10
-5.0399152e-21
-1.037224e-19
4.4234134e-10
-4.8408377e-21
-1.1169874e-19
4.5658603e-10
-1.7195412e-20
-1.0410231e-19
4.6360076e-10
-3.2640528e-20
-8.5124472e-20
4.6360076e-10
-3.9405466e-20
-6.4463677e-20
4.5658603e-10
-3.239567e-20
-5.1579479e-20
4.4234134e-10
-1.6069019e-20
-4.9495973e-20
4.2042142e-10
6.0982892e-22
-5.2358697e-20
3.9011898e-10
1.253006e-20
-4.9140289e-20
3.5041072e-10
2.0198522e-20
-3.2047379e-20
2.9987395e-10
2.1771212e-20
-3.3375181e-21
2.3656652e-10
9.2775717e-21
2.4597734e-20
1.5787095e-10
3.1875269e-20
6.0338636e-11
-4.9837627e-20
2.2439837e-20
6.8431339e-11
-8.0390045e-20
4.0331489e-20
1.8160884e-10
-8.8937205e-20
3.3353433e-20
2.7459701e-10
-8.5024988e-20
7.8247036e-21
3.5041072e-10
-7.568178e-20
-2.6917772e-20
4.1151161e-10
-5.9779803e-20
-6.34859e-20
4.5984183e-10
-3.636621e-20
-9.7695406e-20
4.9689356e-10
-1.1938497e-20
-1.253769e-19
5.2377843e-10
2.4745554e-21
-1.4079236e-19
5.4128392e-10
7.5426722e-22
-1.3881537e-19
5.499138e-10
-1.3026258e-20
-1.1901934e-19
5.499138e-10
-2.7329625e-20
-8.7568262e-20
5.4128392e-10
-3.105626e-20
-5.5257015e-20
5.2377843e-10
-2.0073497e-20
-3.2426812e-20
4.9689356e-10
1.5887518e-21
-2.2772338e-20
4.5984183e-10
2.5643944e-20
-2.0709597e-20
4.1151161e-10
4.3980127e-20
-1.5657036e-20
3.5041072e-10
4.8363023e-20
-1.4651317e-21
2.7459701e-10
3.0096757e-20
1.6836136e-20
1.8160884e-10
2.3633018e-20
6.8431339e-11
-4.8705621e-20
8.2129517e-21
7.4667885e-11
-8.7014505e-20
2.4589683e-20
1.9999475e-10
-1.0794301e-19
2.2713937e-20
3.0426063e-10
-1.1286924e-19
9.6638823e-22
3.9011898e-10
-1.0692962e-19
-3.3244972e-20
4.5984183e-10
-9.030293e-20
-7.0520271e-20
5.1530186e-10
-6.1881319e-20
-1.0462423e-19
5.5799122e-10
-2.6788043e-20
-1.31933e-19
5.8905357e-10
3.609034e-21
-1.4900949e-19
6.0931608e-10
1.9019463e-20
-1.517049e-19
6.193154e-10
1.700553e-20
-1.3738239e-19
6.193154e-10
3.9010674e-21
-1.073377e-19
6.0931608e-10
-9.3605062e-21
-6.804723e-20
5.8905357e-10
-1.2284048e-20
-2.989658e-20
5.5799122e-10
2.8976061e-22
-3.1579877e-21
5.1530186e-10
2.5254646e-20
8.0885819e-21
4.5984183e-10
5.1410815e-20
8.6876082e-21
3.9011898e-10
6.2602436e-20
7.5461663e-21
3.0426063e-10
4.4502895e-20
9.1509366e-21
1.9999475e-10
9.3729732e-21
7.4667885e-11
-4.0409182e-20
-7.0663083e-21
7.937201e-11
-8.6469275e-20
6.8150893e-22
2.1390031e-10
-1.2312712e-19
1.9677762e-21
3.2679046e-10
-1.4041413e-19
-1.2058862e-20
4.2042142e-10
-1.3911253e-19
-3.9209694e-20
4.9689356e-10
-1.2105662e-19
-7.1479858e-20
5.5799122e-10
-8.7403241e-20
-1.0123977e-19
6.0517456e-10
-4.3570222e-20
-1.2434773e-19
6.3958723e-10
-2.0018984e-22
-1.3896791e-19
6.6207012e-10
3.1387271e-20
-1.4332217e-19
6.7317499e-10
4.5082931e-20
-1.3516595e-19
6.7317499e-10
4.1672e-20
-1.1326013e-19
6.6207012e-10
2.7343095e-20
-7.8912324e-20
6.3958723e-10
1.2214663e-20
-3.7620712e-20
6.0517456e-10
7.598388e-21
7.1403333e-22
5.5799122e-10
1.9613323e-20
2.5417444e-20
4.9689356e-10
4.2322013e-20
3.1529677e-20
4.2042142e-10
5.7481995e-20
2.3050593e-20
3.2679046e-10
4.4780372e-20
9.2195193e-21
2.1390031e-10
-1.7677779e-21
7.937201e-11
-2.8644363e-20
-1.8016392e-20
8.2750524e-11
-7.9724921e-20
-2.5716124e-20
2.239027e-10
-1.3079183e-19
-2.6653836e-20
3.4303815e-10
-1.6167275e-19
-3.1840667e-20
4.4234134e-10
-1.6692486e-19
-4.5784645e-20
5.2377843e-10
-1.4800919e-19
-6.6171547e-20
5.8905357e-10
-1.0913702e-19
-8.7175391e-20
6.3958723e-10
-5.7996862e-20
-1.0393899e-19
6.7650936e-10
-5.4619238e-21
-1.1460323e-19
7.0066082e-10
3.7804504e-20
-1.1849335e-19
7.1259813e-10
6.5060792e-20
-1.1454469e-19
7.1259813e-10
7.445528e-20
-1.0137825e-19
7.0066082e-10
6.7207283e-20
-7.797634e-20
6.7650936e-10
4.8358796e-20
-4.4958903e-20
6.3958723e-10
2.8300845e-20
-7.2301734e-21
5.8905357e-10
1.9410093e-20
2.4996319e-20
5.2377843e-10
2.5757683e-20
4.0549179e-20
4.4234134e-10
3.5953083e-20
3.5184601e-20
3.4303815e-10
3.0007574e-20
1.5483478e-20
2.239027e-10
-4.6214384e-21
8.2750524e-11
-2.0222475e-20
-1.9919328e-20
8.4936587e-11
-7.1631309e-20
-4.652989e-20
2.3038048e-10
-1.2955365e-19
-5.7321556e-20
3.5357678e-10
-1.7051827e-19
-5.7634634e-20
4.5658603e-10
-1.8350358e-19
-5.6037543e-20
5.4128392e-10
-1.6668726e-19
-5.8637648e-20
6.0931608e-10
-1.2491712e-19
-6.5333879e-20
6.6207012e-10
-6.8592895e-20
-7.2729834e-20
7.0066082e-10
-9.9169673e-21
-7.8259837e-20
7.2592437e-10
4.0670814e-20
-8.0816627e-20
7.3841724e-10
7.6981097e-20
-7.952072e-20
7.3841724e-10
9.6854197e-20
-7.3529983e-20
7.2592437e-10
9.9343762e-20
-6.19266e-20
7.0066082e-10
8.4395843e-20
-4.3422225e-20
6.6207012e-10
5.6917207e-20
-1.7982013e-20
6.0931608e-10
2.9011098e-20
9.7013938e-21
5.4128392e-10
1.2850181e-20
2.970905e-20
4.5658603e-10
9.3313188e-21
3.2829673e-20
3.5357678e-10
7.3557886e-21
1.9003983e-20
2.3038048e-10
-1.1836519e-21
8.4936587e-11
-2.3066633e-20
-1.131881e-20
8.6010607e-11
-7.0543938e-20
-5.296907e-20
2.3356451e-10
-1.2312297e-19
-7.8945557e-20
3.5876113e-10
-1.6443507e-19
-8.2138249e-20
4.6360076e-10
-1.8282262e-19
-6.9239089e-20
5.499138e-10
-1.7127009e-19
-5.277704e-20
6.193154e-10
-1.3142269e-19
-4.0814755e-20
6.7317499e-10
-7.4073258e-20
-3.4686756e-20
7.1259813e-10
-1.278456e-20
-3.2491994e-20
7.3841724e-10
4.1474901e-20
-3.2339857e-20
7.5118791e-10
8.2456188e-20
-3.2794233e-20
7.5118791e-10
1.0817895e-19
-3.2874234e-20
7.3841724e-10
1.1769463e-19
-3.2170899e-20
7.1259813e-10
1.0895234e-19
-2.9685996e-20
6.7317499e-10
8.176186e-20
-2.3066215e-20
6.193154e-10
4.3675215e-20
-1.0889635e-20
5.499138e-10
9.0029127e-21
3.5094204e-21
4.6360076e-10
-1.045061e-20
1.269133e-20
3.5876113e-10
-1.2587083e-20
1.1513542e-20
2.3356451e-10
2.0436477e-21
8.6010607e-11
-4.1276424e-20
3.4563067e-21
8.6010607e-11
-8.3695741e-20
-4.0997701e-20
2.3356451e-10
-1.1918661e-19
-7.970984e-20
3.5876113e-10
-1.4740136e-19
-9.2415778e-20
4.6360076e-10
-1.6353717e-19
-7.7729595e-20
5.499138e-10
-1.572998e-19
-4.8096694e-20
6.193154e-10
-1.2416257e-19
-1.7893743e-20
6.7317499e-10
-7.1501034e-20
4.6093481e-21
7.1259813e-10
-1.2596958e-20
1.7782661e-20
7.3841724e-10
4.0976083e-20
2.2977817e-20
7.5118791e-10
8.2319358e-20
2.2043416e-20
7.5118791e-10
1.0893763e-19
1.6552803e-20
7.3841724e-10
1.2035036e-19
7.2226409e-21
7.1259813e-10
1.1522333e-19
-5.2788114e-21
6.7317499e-10
9.1860678e-20
-1.8232898e-20
6.193154e-10
5.3313184e-20
-2.6604307e-20
5.499138e-10
1.1198599e-20
-2.6403824e-20
4.6360076e-10
-1.8341553e-20
-1.8503203e-20
3.5876113e-10
-2.2704732e-20
-7.9801844e-21
2.3356451e-10
-3.7252187e-22
8.6010607e-11
-7.0369354e-20
1.5470763e-20
8.4936587e-11
-1.1071953e-19
-1.5836917e-20
2.3038048e-10
-1.2428323e-19
-5.5501333e-20
3.5357678e-10
-1.284389e-19
-7.7561081e-20
4.5658603e-10
-1.3135063e-19
-7.072291e-20
5.4128392e-10
-1.2522368e-19
-3.9651685e-20
6.0931608e-10
-1.0025945e-19
1.4826277e-21
6.6207012e-10
-5.7452367e-20
3.8776325e-20
7.0066082e-10
-6.878726e-21
6.456904e-20
7.2592437e-10
4.0400123e-20
7.7010244e-20
7.3841724e-10
7.6992998e-20
7.7184946e-20
7.3841724e-10
9.9569504e-20
6.7192605e-20
7.2592437e-10
1.0768185e-19
4.89223e-20
7.0066082e-10
1.0172033e-19
2.3829053e-20
6.6207012e-10
8.1576736e-20
-5.3440685e-21
6.0931608e-10
4.89413e-20
-3.2441332e-20
5.4128392e-10
1.1210551e-20
-4.9110511e-20
4.5658603e-10
-1.7868764e-20
-4.9132352e-20
3.5357678e-10
-2.2995075e-20
-3.3152389e-20
2.3038048e-10
-9.0910334e-21
8.4936587e-11
-9.7492618e-20
1.6459582e-20
8.2750524e-11
-1.4093099e-19
9.6501327e-21
2.239027e-10
-1.3821469e-19
-1.4726986e-20
3.4303815e-10
-1.1662181e-19
-3.7323315e-20
4.4234134e-10
-9.7557406e-20
-4.1813271e-20
5.2377843e-10
-8.2284609e-20
-2.1377364e-20
5.8905357e-10
-6.1433453e-20
1.7849062e-20
6.3958723e-10
-3.0420881e-20
6.1958306e-20
6.7650936e-10
6.4552627e-21
9.7901471e-20
7.0066082e-10
4.1184383e-20
1.1823265e-19
7.1259813e-10
6.7214907e-20
1.2108997e-19
7.1259813e-10
8.0962866e-20
1.0815473e-19
7.0066082e-10
8.1700926e-20
8.2765743e-20
6.7650936e-10
7.1130074e-20
4.8386453e-20
6.3958723e-10
5.1989027e-20
8.6476356e-21
5.8905357e-10
2.7293535e-20
-3.0725698e-20
5.2377843e-10
1.7766896e-21
-6.0453162e-20
4.4234134e-10
-1.6967644e-20
-7.0314594e-20
3.4303815e-10
-1.8681024e-20
-5.5361829e-20
2.239027e-10
-2.0635455e-20
8.2750524e-11
-1.0789505e-19
4.8862046e-21
7.937201e-11
-1.5786007e-19
2.2757964e-20
2.1390031e-10
-1.5240675e-19
2.5351687e-20
3.2679046e-10
-1.1528954e-19
1.5724651e-20
4.2042142e-10
-7.3852019e-20
6.0135856e-21
4.9689356e-10
-4.1043606e-20
1.0670111e-20
5.5799122e-10
-1.5623023e-20
3.5213963e-20
6.0517456e-10
7.0559933e-21
7.2976557e-20
6.3958723e-10
2.7908461e-20
1.1060107e-19
6.6207012e-10
4.4640541e-20
1.3591805e-19
6.7317499e-10
5.4267996e-20
1.4224188e-19
6.7317499e-10
5.4725888e-20
1.2895e-19
6.6207012e-10
4.5556964e-20
9.9821023e-20
6.3958723e-10
2.8817374e-20
6.0463129e-20
6.0517456e-10
9.0913489e-21
1.6194374e-20
5.5799122e-10
-8.1830047e-21
-2.7485358e-20
4.9689356e-10
-1.8957519e-20
-6.2907757e-20
4.2042142e-10
-2.1775562e-20
-7.9581952e-20
3.2679046e-10
-1.5655117e-20
-6.8987427e-20
2.1390031e-10
-3.0667923e-20
7.937201e-11
-9.394256e-20
-1.2709014e-20
7.4667885e-11
-1.4883038e-19
1.9031357e-20
1.9999475e-10
-1.5408724e-19
4.8849009e-20
3.0426063e-10
-1.189682e-19
6.2439669e-20
3.9011898e-10
-6.5580926e-20
6.0532525e-20
4.5984183e-10
-1.4248885e-20
5.56063e-20
5.1530186e-10
2.4116931e-20
6.0678532e-20
5.5799122e-10
4.6628442e-20
7.9622788e-20
5.8905357e-10
5.4741111e-20
1.0598879e-19
6.0931608e-10
5.1623323e-20
1.2817006e-19
6.193154e-10
4.0590927e-20
1.3602421e-19
6.193154e-10
2.4049081e-20
1.2505478e-19
6.0931608e-10
3.4309832e-21
9.7151823e-20
5.8905357e-10
-1.926296e-20
5.8286664e-20
5.5799122e-10
-3.9326248e-20
1.5313866e-20
5.1530186e-10
-5.0178792e-20
-2.6025655e-20
4.5984183e-10
-4.7285164e-20
-5.9933116e-20
3.9011898e-10
-3.3514913e-20
-7.8331261e-20
3.0426063e-10
-1.6989866e-20
-7.2135295e-20
1.9999475e-10
-3.6148434e-20
7.4667885e-11
-5.984183e-20
-2.64339e-20
6.8431339e-11
-1.1265173e-19
3.6905706e-21
1.8160884e-10
-1.337417e-19
4.9379121e-20
2.7459701e-10
-1.1558585e-19
8.6813636e-20
3.5041072e-10
-6.7215665e-20
1.0452369e-19
4.1151161e-10
-7.1018093e-21
1.0460342e-19
4.5984183e-10
4.5065002e-20
9.7570795e-20
4.9689356e-10
7.532006e-20
9.4092267e-20
5.2377843e-10
7.904556e-20
9.8139357e-20
5.4128392e-10
6.0607317e-20
1.0584923e-19
5.499138e-10
2.924472e-20
1.0906785e-19
5.499138e-10
-5.9014793e-21
1.0076261e-19
5.4128392e-10
-3.9073562e-20
7.8900337e-20
5.2377843e-10
-6.7157808e-20
4.6840222e-20
4.9689356e-10
-8.6484208e-20
1.0808515e-20
4.5984183e-10
-9.1256042e-20
-2.3287792e-20
4.1151161e-10
-7.7109407e-20
-5.0947718e-20
3.5041072e-10
-4.9298118e-20
-6.6938303e-20
2.7459701e-10
-2.2520371e-20
-6.4121834e-20
1.8160884e-10
-3.5129197e-20
6.8431339e-11
-1.8845419e-20
-3.0199394e-20
6.0338636e-11
-6.0106445e-20
-1.4049019e-20
1.5787095e-10
-9.0843305e-20
3.1093567e-20
2.3656652e-10
-9.3625242e-20
8.2379191e-20
2.9987395e-10
-6.4487058e-20
1.2177347e-19
3.5041072e-10
-1.2594984e-20
1.3907993e-19
3.9011898e-10
4.3083353e-20
1.3448097e-19
4.2042142e-10
8.1466834e-20
1.1678356e-19
4.4234134e-10
8.9103044e-20
9.7394377e-20
4.5658603e-10
6.5556836e-20
8.3481197e-20
4.6360076e-10
2.1278024e-20
7.4824948e-20
4.6360076e-10
-2.9150727e-20
6.6284457e-20
4.5658603e-10
-7.4206941e-20
5.255446e-20
4.4234134e-10
-1.0760705e-19
3.22458e-20
4.2042142e-10
-1.2589697e-19
8.2107609e-21
3.9011898e-10
-1.2520208e-19
-1.5091509e-20
3.5041072e-10
-1.0257461e-19
-3.4004657e-20
2.9987395e-10
-6.4880333e-20
-4.5654153e-20
2.3656652e-10
-3.0236331e-20
-4.5522651e-20
1.5787095e-10
-2.6618118e-20
6.0338636e-11
1.428061e-20
-2.4590907e-20
4.9849562e-11
-8.1249871e-21
-2.6607878e-20
1.2742848e-10
-3.5362483e-20
4.9591719e-21
1.8838283e-10
-5.0888589e-20
5.4340893e-20
2.3656652e-10
-4.4969186e-20
1.0413833e-19
2.7459701e-10
-1.6098289e-20
1.3747388e-19
3.0426063e-10
2.5996917e-20
1.4418688e-19
3.2679046e-10
6.2841086e-20
1.2596842e-19
3.4303815e-10
7.6321421e-20
9.468942e-20
3.5357678e-10
5.8362633e-20
6.460527e-20
3.5876113e-10
1.4438227e-20
4.4175473e-20
3.5876113e-10
-4.0944233e-20
3.3302495e-20
3.5357678e-10
-9.2412717e-20
2.6433715e-20
3.4303815e-10
-1.2963914e-19
1.832219e-20
3.2679046e-10
-1.4765111e-19
7.5458815e-21
3.0426063e-10
-1.4371071e-19
-4.137575e-21
2.7459701e-10
-1.1691524e-19
-1.4363013e-20
2.3656652e-10
-7.5011735e-20
-2.161356e-20
1.8838283e-10
-3.6553215e-20
-2.3442706e-20
1.2742848e-10
-1.4123819e-20
4.9849562e-11
2.8574439e-20
-1.4011548e-20
3.5939364e-11
2.616219e-20
-2.7862509e-20
8.8069255e-11
1.4086556e-20
-1.3643013e-20
1.2742848e-10
-4.6367105e-22
1.872898e-20
1.5787095e-10
-1.0457953e-20
5.7551756e-20
1.8160884e-10
-8.4864477e-21
8.870141e-20
1.9999475e-10
7.4907438e-21
1.0063211e-19
2.1390031e-10
2.9662194e-20
9.0673107e-20
2.239027e-10
4.3534895e-20
6.6374147e-20
2.3038048e-10
3.6711035e-20
4.0214464e-20
2.3356451e-10
6.6885401e-21
2.1815415e-20
2.3356451e-10
-3.8180357e-20
1.3485843e-20
2.3038048e-10
-8.4130765e-20
1.1354478e-20
2.239027e-10
-1.1907962e-19
1.0068017e-20
2.1390031e-10
-1.3619726e-19
6.7697203e-21
1.9999475e-10
-1.3268661e-19
1.5423632e-21
1.8160884e-10
-1.0867453e-19
-4.2453738e-21
1.5787095e-10
-7.1256117e-20
-9.3038099e-21
1.2742848e-10
-3.6154875e-20
-1.1906496e-20
8.8069255e-11
-7.5611944e-21
3.5939364e-11
1.5352011e-20
1.6236676e-11
2.66687e-20
3.5939364e-11
3.251298e-20
4.9849562e-11
2.9649251e-20
6.0338636e-11
1.8498303e-20
6.8431339e-11
5.1087737e-21
7.4667885e-11
-2.514658e-21
7.937201e-11
-9.9447953e-22
8.2750524e-11
5.4465388e-21
8.4936587e-11
8.0063353e-21
8.6010607e-11
7.7729073e-25
8.6010607e-11
-1.8665682e-20
8.4936587e-11
-4.1916274e-20
8.2750524e-11
-6.1816246e-20
7.937201e-11
-7.2808703e-20
7.4667885e-11
-7.241435e-20
6.8431339e-11
-6.037733e-20
6.0338636e-11
-4.0141876e-20
4.9849562e-11
-2.1233574e-20
3.5939364e-11
1.6236676e-11
-5.0466766e-21
7.1406593e-21
1.6236676e-11
-1.8531462e-20
2.8217751e-22
3.5939364e-11
-2.6028713e-20
-6.9660704e-21
4.9849562e-11
-2.6365754e-20
-1.0632883e-20
6.0338636e-11
-2.0725293e-20
-9.813886e-21
6.8431339e-11
-1.0745913e-20
-4.7672176e-21
7.4667885e-11
8.2240364e-22
3.8958747e-21
7.937201e-11
1.0970359e-20
1.4954372e-20
8.2750524e-11
1.7801496e-20
2.5191549e-20
8.4936587e-11
2.0133865e-20
2.9632584e-20
8.6010607e-11
1.6219855e-20
2.4911198e-20
8.6010607e-11
4.3413937e-21
1.31394e-20
8.4936587e-11
-1.4749797e-20
1.9230145e-21
8.2750524e-11
-3.592029e-20
-6.2176092e-22
7.937201e-11
-5.1151182e-20
7.9580782e-21
7.4667885e-11
-5.3634728e-20
2.2493005e-20
6.8431339e-11
-4.2293243e-20
3.4081754e-20
6.0338636e-11
-2.4177746e-20
3.6237271e-20
4.9849562e-11
-1.0132371e-20
2.7460688e-20
3.5939364e-11
6.4600909e-21
1.6236676e-11
-2.3587337e-20
7.4226239e-21
3.5939364e-11
-5.0787423e-20
1.4446711e-21
8.8069255e-11
-6.3985066e-20
-6.9296314e-21
1.2742848e-10
-6.1109872e-20
-1.1807032e-20
1.5787095e-10
-4.4960807e-20
-1.1426824e-20
1.8160884e-10
-1.9949058e-20
-6.3280013e-21
1.9999475e-10
6.6170012e-21
3.2131022e-21
2.1390031e-10
2.6067376e-20
1.739121e-20
2.239027e-10
3.3140593e-20
3.3989005e-20
2.3038048e-10
2.8368195e-20
4.6627858e-20
2.3356451e-10
1.5365583e-20
4.7886901e-20
2.3356451e-10
-3.0708899e-21
3.5962683e-20
2.3038048e-10
-2.6073372e-20
1.8077156e-20
2.239027e-10
-5.1681717e-20
6.4982029e-21
2.1390031e-10
-7.3880059e-20
9.4499362e-21
1.9999475e-10
-8.369441e-20
2.4715177e-20
1.8160884e-10
-7.5631614e-20
4.1577235e-20
1.5787095e-10
-5.5001643e-20
4.922101e-20
1.2742848e-10
-3.4245325e-20
4.2468672e-20
8.8069255e-11
1.7925521e-20
3.5939364e-11
-3.5579951e-20
9.1427653e-21
4.9849562e-11
-6.9558896e-20
8.8028272e-21
1.2742848e-10
-8.483642e-20
3.7840165e-21
1.8838283e-10
-7.9610096e-20
-5.3976879e-24
2.3656652e-10
-5.7507406e-20
-7.7480216e-22
2.7459701e-10
-2.3641736e-20
6.0467698e-22
3.0426063e-10
1.2772133e-20
4.0271441e-21
3.2679046e-10
3.8727821e-20
1.1948955e-20
3.4303815e-10
4.4434819e-20
2.654649e-20
3.5357678e-10
3.006456e-20
4.4812257e-20
3.5876113e-10
5.2442051e-21
5.7859582e-20
3.5876113e-10
-1.8987274e-20
5.6988868e-20
3.5357678e-10
-3.7809323e-20
4.1890822e-20
3.4303815e-10
-5.3294104e-20
2.2857546e-20
3.2679046e-10
-6.8072194e-20
1.392967e-20
3.0426063e-10
-7.8931908e-20
2.2048845e-20
2.7459701e-10
-7.8388009e-20
4.1600441e-20
2.3656652e-10
-6.462519e-20
5.8861759e-20
1.8838283e-10
-4.4195336e-20
6.0540735e-20
1.2742848e-10
3.4825737e-20
4.9849562e-11
-3.9394011e-20
1.1079953e-20
6.0338636e-11
-7.53539e-20
1.7626315e-20
1.5787095e-10
-9.1560834e-20
1.6672542e-20
2.3656652e-10
-8.6254162e-20
1.307106e-20
2.9987395e-10
-6.3219192e-20
9.2106335e-21
3.5041072e-10
-2.6561687e-20
4.6524336e-21
3.9011898e-10
1.572821e-20
-9.5534672e-22
4.2042142e-10
4.9059571e-20
-4.1756047e-21
4.4234134e-10
5.8379668e-20
1.435571e-21
4.5658603e-10
3.8972495e-20
1.9239993e-20
4.6360076e-10
1.5562882e-21
4.3895083e-20
4.6360076e-10
-3.4580457e-20
6.2618738e-20
4.5658603e-10
-5.5289341e-20
6.4264378e-20
4.4234134e-10
-6.0370049e-20
4.9232443e-20
4.2042142e-10
-5.9916336e-20
3.063019e-20
3.9011898e-10
-6.1899869e-20
2.4531298e-20
3.5041072e-10
-6.3823142e-20
3.6873201e-20
2.9987395e-10
-5.8445389e-20
5.821853e-20
2.3656652e-10
-4.2931443e-20
6.9088901e-20
1.5787095e-10
4.6735726e-20
6.0338636e-11
-3.7266402e-20
1.1256411e-20
6.8431339e-11
-7.2867483e-20
2.2966822e-20
1.8160884e-10
-9.1022232e-20
2.5138789e-20
2.7459701e-10
-8.8217383e-20
2.0586056e-20
3.5041072e-10
-6.7961555e-20
1.2210222e-20
4.1151161e-10
-3.3203931e-20
1.0106585e-21
4.5984183e-10
1.131801e-20
-1.311515e-20
4.9689356e-10
5.3066341e-20
-2.7471829e-20
5.2377843e-10
7.3566076e-20
-3.4534772e-20
5.4128392e-10
5.9983671e-20
-2.551988e-20
5.499138e-10
1.6601036e-20
1.6514853e-21
5.499138e-10
-3.5239266e-20
3.7230691e-20
5.4128392e-10
-7.0593371e-20
6.3928047e-20
5.2377843e-10
-7.8146167e-20
6.8984039e-20
4.9689356e-10
-6.629523e-20
5.4921903e-20
4.5984183e-10
-5.2436291e-20
3.8268631e-20
4.1151161e-10
-4.5645523e-20
3.5984134e-20
3.5041072e-10
-4.1863585e-20
5.0026306e-20
2.7459701e-10
-3.2034907e-20
6.3382371e-20
1.8160884e-10
4.7435845e-20
6.8431339e-11
-3.1419973e-20
8.9667248e-21
7.4667885e-11
-6.653985e-20
2.2128691e-20
1.9999475e-10
-8.9041569e-20
2.6245616e-20
3.0426063e-10
-9.1379379e-20
2.125452e-20
3.9011898e-10
-7.6026104e-20
9.2566916e-21
4.5984183e-10
-4.5564994e-20
-7.5873494e-21
5.1530186e-10
-1.9369518e-21
-2.8088365e-20
5.5799122e-10
4.6554169e-20
-5.0332579e-20
5.8905357e-10
8.2182346e-20
-6.8712201e-20
6.0931608e-10
8.5507508e-20
-7.3481097e-20
6.193154e-10
4.9613299e-20
-5.6135381e-20
6.193154e-10
-1.1156525e-20
-1.7776112e-20
6.0931608e-10
-6.7478309e-20
2.7492368e-20
5.8905357e-10
-9.3876083e-20
5.961318e-20
5.5799122e-10
-8.5978478e-20
6.6669199e-20
5.1530186e-10
-6.0484012e-20
5.4590094e-20
4.5984183e-10
-3.7711813e-20
4.1876878e-20
3.9011898e-10
-2.5323888e-20
4.1936307e-20
3.0426063e-10
-1.7022319e-20
4.8702214e-20
1.9999475e-10
3.765722e-20
7.4667885e-11
-2.3720441e-20
4.8317943e-21
7.937201e-11
-5.8685278e-20
1.4059624e-20
2.1390031e-10
-8.7587016e-20
1.7817026e-20
3.2679046e-10
-9.7636202e-20
1.4077944e-20
4.2042142e-10
-8.8749296e-20
2.3672336e-21
4.9689356e-10
-6.3287392e-20
-1.6249322e-20
5.5799122e-10
-2.2257953e-20
-3.9668471e-20
6.0517456e-10
2.9474362e-20
-6.5539053e-20
6.3958723e-10
7.7978036e-20
-9.0272947e-20
6.6207012e-10
1.024299e-19
-1.0696555e-19
6.7317499e-10
8.6543756e-20
-1.0577217e-19
6.7317499e-10
3.2016515e-20
-8.0072819e-20
6.6207012e-10
-3.7685367e-20
-3.4168252e-20
6.3958723e-10
-8.9534532e-20
1.5158033e-20
6.0517456e-10
-1.0230334e-19
4.7820179e-20
5.5799122e-10
-8.0201001e-20
5.4903908e-20
4.9689356e-10
-4.5616505e-20
4.529994e-20
4.2042142e-10
-1.9220935e-20
3.5611976e-20
3.2679046e-10
-6.0404441e-21
3.2058452e-20
2.1390031e-10
2.2532613e-20
7.937201e-11
-1.6763959e-20
6.9814288e-22
8.2750524e-11
-5.1034496e-20
6.3361132e-23
2.239027e-10
-8.5620681e-20
-1.0059075e-21
3.4303815e-10
-1.0427607e-19
-3.228243e-21
4.4234134e-10
-1.0352399e-19
-9.4480953e-21
5.2377843e-10
-8.3924404e-20
-2.2635594e-20
5.8905357e-10
-4.6151271e-20
-4.279118e-20
6.3958723e-10
6.038614e-21
-6.7277237e-20
6.7650936e-10
6.1915432e-20
-9.2853662e-20
7.0066082e-10
1.0349748e-19
-1.1537154e-19
7.1259813e-10
1.1130317e-19
-1.278745e-19
7.1259813e-10
7.627758e-20
-1.2158371e-19
7.0066082e-10
9.5098536e-21
-9.1905469e-20
6.7650936e-10
-5.9465941e-20
-4.5284843e-20
6.3958723e-10
-9.8937008e-20
9.5160899e-22
5.8905357e-10
-9.5726241e-20
2.9084979e-20
5.2377843e-10
-6.2728567e-20
3.4223e-20
4.4234134e-10
-2.6242976e-20
2.6130005e-20
3.4303815e-10
-4.3257868e-21
1.6892757e-20
2.239027e-10
8.0252716e-21
8.2750524e-11
-1.4628467e-20
-9.8179037e-22
8.4936587e-11
-4.6961429e-20
-1.4855717e-20
2.3038048e-10
-8.229446e-20
-2.6384841e-20
3.5357678e-10
-1.060255e-19
-3.056495e-20
4.5658603e-10
-1.1348436e-19
-2.9224021e-20
5.4128392e-10
-1.0171297e-19
-2.9572281e-20
6.0931608e-10
-6.8922282e-20
-3.7427846e-20
6.6207012e-10
-1.8429752e-20
-5.3329959e-20
7.0066082e-10
3.9913073e-20
-7.4223881e-20
7.2592437e-10
9.0886466e-20
-9.650017e-20
7.3841724e-10
1.16853e-19
-1.1592908e-19
7.3841724e-10
1.045705e-19
-1.2596606e-19
7.2592437e-10
5.4185966e-20
-1.1884719e-19
7.0066082e-10
-1.5590604e-20
-9.1488106e-20
6.6207012e-10
-7.3637174e-20
-5.124859e-20
6.0931608e-10
-9.4550781e-20
-1.4118642e-20
5.4128392e-10
-7.6143426e-20
6.3462963e-21
4.5658603e-10
-3.9814206e-20
8.9142808e-21
3.5357678e-10
-1.073939e-20
2.9370186e-21
2.3038048e-10
-2.2734315e-21
8.4936587e-11
-2.1586928e-20
7.6064032e-22
8.6010607e-11
-5.1933679e-20
-2.3517972e-20
2.3356451e-10
-8.039173e-20
-4.7975652e-20
3.5876113e-10
-1.0007883e-19
-6.0180859e-20
4.6360076e-10
-1.1076106e-19
-5.5906172e-20
5.499138e-10
-1.0750493e-19
-4.2085809e-20
6.193154e-10
-8.3357224e-20
-3.0510752e-20
6.7317499e-10
-3.8380775e-20
-2.9049602e-20
7.1259813e-10
1.8060124e-20
-3.8424121e-20
7.3841724e-10
7.1379265e-20
-5.5183882e-20
7.5118791e-10
1.0623942e-19
-7.5351024e-20
7.5118791e-10
1.1050626e-19
-9.4460944e-20
7.3841724e-10
7.9684936e-20
-1.0598061e-19
7.1259813e-10
2.2235467e-20
-1.0279184e-19
6.7317499e-10
-3.9107918e-20
-8.2777319e-20
6.193154e-10
-7.6833454e-20
-5.3274215e-20
5.499138e-10
-7.6985654e-20
-2.7393367e-20
4.6360076e-10
-4.9921071e-20
-1.3807164e-20
3.5876113e-10
-1.9284139e-20
-1.0418052e-20
2.3356451e-10
-8.0274702e-21
8.6010607e-11
-3.8463216e-20
3.4965898e-21
8.6010607e-11
-6.9706884e-20
-2.1322188e-20
2.3356451e-10
-8.6066595e-20
-5.3222007e-20
3.5876113e-10
-9.0513537e-20
-7.6523868e-20
4.6360076e-10
-9.3332363e-20
-7.8771108e-20
5.499138e-10
-9.3620267e-20
-5.9409667e-20
6.193154e-10
-8.039136e-20
-3.0303613e-20
6.7317499e-10
-4.6815258e-20
-6.7282241e-21
7.1259813e-10
1.7040522e-21
2.4012667e-21
7.3841724e-10
5.1137101e-20
-3.1925572e-21
7.5118791e-10
8.6615998e-20
-1.9298685e-20
7.5118791e-10
9.7939778e-20
-4.1051041e-20
7.3841724e-10
8.1045318e-20
-6.3156447e-20
7.1259813e-10
3.9573202e-20
-7.8740231e-20
6.7317499e-10
-1.2673751e-20
-8.1267709e-20
6.193154e-10
-5.3850919e-20
-6.9602483e-20
5.499138e-10
-6.6369994e-20
-5.0442767e-20
4.6360076e-10
-5.086141e-20
-3.3052178e-20
3.5876113e-10
-2.417597e-20
-2.1187943e-20
2.3356451e-10
-1.0474114e-20
8.6010607e-11
-5.9110992e-20
2.4263216e-21
8.4936587e-11
-9.6628596e-20
-1.0814826e-20
2.3038048e-10
-1.0342245e-19
-3.65563e-20
3.5357678e-10
-8.7085556e-20
-6.5106314e-20
4.5658603e-10
-6.9618019e-20
-8.0131525e-20
5.4128392e-10
-6.1604414e-20
-6.9652057e-20
6.0931608e-10
-5.4917388e-20
-3.6601659e-20
6.6207012e-10
-3.6499443e-20
3.0971852e-21
7.0066082e-10
-3.3241217e-21
3.2348865e-20
7.2592437e-10
3.5001815e-20
4.2646165e-20
7.3841724e-10
6.4302778e-20
3.5071369e-20
7.3841724e-10
7.4711085e-20
1.5452956e-20
7.2592437e-10
6.3546199e-20
-9.9667769e-21
7.0066082e-10
3.4113755e-20
-3.498904e-20
6.6207012e-10
-4.7520824e-21
-5.2896425e-20
6.0931608e-10
-3.8583667e-20
-5.8605868e-20
5.4128392e-10
-5.2935125e-20
-5.2353193e-20
4.5658603e-10
-4.4545734e-20
-3.9503996e-20
3.5357678e-10
-2.3777691e-20
-2.5350584e-20
2.3038048e-10
-1.0379448e-20
8.4936587e-11
-7.1823345e-20
-5.2503167e-21
8.2750524e-11
-1.1994461e-19
-5.3718027e-22
2.239027e-10
-1.2780636e-19
-5.4938128e-21
3.4303815e-10
-9.7079294e-20
-2.4960939e-20
4.4234134e-10
-5.4621573e-20
-4.8126113e-20
5.2377843e-10
-2.5249276e-20
-5.5652787e-20
5.8905357e-10
-1.2961512e-20
-3.6649892e-20
6.3958723e-10
-5.7096095e-21
2.1588486e-21
6.7650936e-10
7.8833329e-21
4.2490419e-20
7.0066082e-10
2.7659664e-20
6.7762569e-20
7.1259813e-10
4.4174485e-20
7.1858386e-20
7.1259813e-10
4.8038685e-20
5.8385325e-20
7.0066082e-10
3.6448732e-20
3.4922695e-20
6.7650936e-10
1.3104673e-20
8.5419179e-21
6.3958723e-10
-1.4630643e-20
-1.48457e-20
5.8905357e-10
-3.7163193e-20
-3.0185111e-20
5.2377843e-10
-4.538699e-20
-3.4921794e-20
4.4234134e-10
-3.7327887e-20
-3.0414976e-20
3.4303815e-10
-2.0595886e-20
-2.0431205e-20
2.239027e-10
-7.709209e-21
8.2750524e-11
-6.6617449e-20
-1.6494868e-20
7.937201e-11
-1.2416221e-19
1.8365716e-21
2.1390031e-10
-1.4530212e-19
2.2982905e-20
3.2679046e-10
-1.1676386e-19
2.6813902e-20
4.2042142e-10
-5.8319792e-20
1.0514847e-20
4.9689356e-10
-3.1653797e-21
-9.8410862e-21
5.5799122e-10
2.8022412e-20
-1.403237e-20
6.0517456e-10
3.6220283e-20
5.5753106e-21
6.3958723e-10
3.4402245e-20
3.9479285e-20
6.6207012e-10
3.2464678e-20
6.9938362e-20
6.7317499e-10
3.0575347e-20
8.3783154e-20
6.7317499e-10
2.3455443e-20
7.8801881e-20
6.6207012e-10
7.9427176e-21
6.0984443e-20
6.3958723e-10
-1.341735e-20
3.8329295e-20
6.0517456e-10
-3.4160987e-20
1.6864402e-20
5.5799122e-10
-4.6988546e-20
4.271788e-22
4.9689356e-10
-4.6674563e-20
-8.8809688e-21
4.2042142e-10
-3.4367251e-20
-1.1038242e-20
3.2679046e-10
-1.8109357e-20
-8.0515292e-21
2.1390031e-10
-2.7373987e-21
7.937201e-11
-4.3375059e-20
-2.3619829e-20
7.4667885e-11
-1.0225823e-19
-4.1004093e-21
1.9999475e-10
-1.410633e-19
3.3917721e-20
3.0426063e-10
-1.3105967e-19
6.4065262e-20
3.9011898e-10
-7.5736228e-20
6.9800352e-20
4.5984183e-10
-4.798268e-21
5.4118414e-20
5.1530186e-10
4.9356384e-20
3.4758026e-20
5.5799122e-10
7.140245e-20
2.9065061e-20
5.8905357e-10
6.6116312e-20
4.1320482e-20
6.0931608e-10
4.7469924e-20
6.1991492e-20
6.193154e-10
2.6144719e-20
7.7113983e-20
6.193154e-10
5.0907437e-21
7.8691497e-20
6.0931608e-10
-1.6533905e-20
6.79181e-20
5.8905357e-10
-3.7841303e-20
5.1310622e-20
5.5799122e-10
-5.454365e-20
3.5074276e-20
5.1530186e-10
-6.0975374e-20
2.2516755e-20
4.5984183e-10
-5.3872941e-20
1.4378829e-20
3.9011898e-10
-3.6476693e-20
9.7573539e-21
3.0426063e-10
-1.8064174e-20
6.8719988e-21
1.9999475e-10
3.3248643e-21
7.4667885e-11
-1.353822e-20
-2.0720689e-20
6.8431339e-11
-6.239787e-20
-1.1810209e-20
1.8160884e-10
-1.1071264e-19
2.4317021e-20
2.7459701e-10
-1.2354407e-19
6.8593815e-20
3.5041072e-10
-8.8356883e-20
9.942475e-20
4.1151161e-10
-2.1332762e-20
1.0514288e-19
4.5984183e-10
4.5435836e-20
9.0421545e-20
4.9689356e-10
8.4688224e-20
7.0672317e-20
5.2377843e-10
8.7798048e-20
5.9668224e-20
5.4128392e-10
6.3904514e-20
6.0403252e-20
5.499138e-10
2.8926425e-20
6.6062192e-20
5.499138e-10
-5.322924e-21
6.782166e-20
5.4128392e-10
-3.4142939e-20
6.2060867e-20
5.2377843e-10
-5.6448125e-20
5.1316301e-20
4.9689356e-10
-7.049018e-20
4.0508043e-20
4.5984183e-10
-7.2970587e-20
3.2831818e-20
4.1151161e-10
-6.1942627e-20
2.834012e-20
3.5041072e-10
-4.1118323e-20
2.4719433e-20
2.7459701e-10
-1.9926931e-20
1.9011002e-20
1.8160884e-10
8.7335335e-21
6.8431339e-11
7.471737e-21
-9.3378815e-21
6.0338636e-11
-2.3462991e-20
-1.4699998e-20
1.5787095e-10
-6.5088128e-20
3.6613696e-21
2.3656652e-10
-8.9503136e-20
4.226647e-20
2.9987395e-10
-7.7867476e-20
8.5738933e-20
3.5041072e-10
-3.1477259e-20
1.1523158e-19
3.9011898e-10
2.8803866e-20
1.2057999e-19
4.2042142e-10
7.5253161e-20
1.0577762e-19
4.4234134e-10
8.9439302e-20
8.3989091e-20
4.5658603e-10
7.0707623e-20
6.7008565e-20
4.6360076e-10
3.2298717e-20
5.8291298e-20
4.6360076e-10
-9.5386285e-21
5.3997269e-20
4.5658603e-10
-4.4168608e-20
4.9119412e-20
4.4234134e-10
-6.7815166e-20
4.2266375e-20
4.2042142e-10
-7.9866113e-20
3.5660065e-20
3.9011898e-10
-7.9635313e-20
3.1866141e-20
3.5041072e-10
-6.6818555e-20
3.0877237e-20
2.9987395e-10
-4.4921683e-20
2.9721744e-20
2.3656652e-10
-2.1968648e-20
2.4315971e-20
1.5787095e-10
1.171797e-20
6.0338636e-11
1.1117779e-20
1.8857137e-21
4.9849562e-11
-1.9301733e-21
-1.2352358e-20
1.2742848e-10
-2.3525807e-20
-1.4305513e-20
1.8838283e-10
-4.1116117e-20
5.3798996e-21
2.3656652e-10
-4.1954206e-20
4.2688741e-20
2.7459701e-10
-1.9861423e-20
8.169738e-20
3.0426063e-10
1.8515895e-20
1.0510057e-19
3.2679046e-10
5.5614317e-20
1.0537834e-19
3.4303815e-10
7.2948125e-20
8.8157085e-20
3.5357678e-10
6.237149e-20
6.5912409e-20
3.5876113e-10
2.972636e-20
4.8477807e-20
3.5876113e-10
-1.0946733e-20
3.8138517e-20
3.5357678e-10
-4.6474462e-20
3.1981329e-20
3.4303815e-10
-6.9970905e-20
2.703739e-20
3.2679046e-10
-8.0203807e-20
2.314424e-20
3.0426063e-10
-7.8151931e-20
2.1692377e-20
2.7459701e-10
-6.5235006e-20
2.279851e-20
2.3656652e-10
-4.4661921e-20
2.3781115e-20
1.8838283e-10
-2.2184522e-20
2.0680547e-20
1.2742848e-10
1.0815463e-20
4.9849562e-11
1.4123217e-21
4.9206509e-21
3.5939364e-11
-5.9186297e-22
-8.3067098e-21
8.8069255e-11
-6.7161798e-22
-1.9397375e-20
1.2742848e-10
-2.8397581e-22
-1.6413937e-20
1.5787095e-10
9.3979439e-22
3.2797412e-21
1.8160884e-10
7.1430256e-21
3.1606337e-20
1.9999475e-10
2.073693e-20
5.4982169e-20
2.1390031e-10
3.7522231e-20
6.3586142e-20
2.239027e-10
4.7530114e-20
5.7185122e-20
2.3038048e-10
4.2015903e-20
4.3254333e-20
2.3356451e-10
2.010132e-20
3.0070289e-20
2.3356451e-10
-1.0603155e-20
2.1398082e-20
2.3038048e-10
-3.9439103e-20
1.63341e-20
2.239027e-10
-5.8799658e-20
1.2741253e-20
2.1390031e-10
-6.6470868e-20
9.9795189e-21
1.9999475e-10
-6.3799257e-20
8.8096003e-21
1.8160884e-10
-5.3094772e-20
9.5164118e-21
1.5787095e-10
-3.6902448e-20
1.0615294e-20
1.2742848e-10
-1.837482e-20
9.7177256e-21
8.8069255e-11
5.8299837e-21
3.5939364e-11
-8.4311314e-21
1.6236676e-11
-7.9531629e-21
3.5939364e-11
2.1552882e-21
4.9849562e-11
1.4814495e-20
6.0338636e-11
2.2461349e-20
6.8431339e-11
2.3132748e-20
7.4667885e-11
2.0384666e-20
7.937201e-11
1.8517159e-20
8.2750524e-11
1.7880359e-20
8.4936587e-11
1.4934223e-20
8.6010607e-11
6.5392403e-21
8.6010607e-11
-6.4968847e-21
8.4936587e-11
-1.9855339e-20
8.2750524e-11
-2.9074476e-20
7.937201e-11
-3.2334936e-20
7.4667885e-11
-3.0480776e-20
6.8431339e-11
-2.5288537e-20
6.0338636e-11
-1.7931898e-20
4.9849562e-11
-8.9441676e-21
3.5939364e-11
1.6236676e-11
-9.0399643e-21
1.9125034e-21
1.6236676e-11
-9.0071305e-21
4.2148963e-21
3.5939364e-11
-9.1146959e-21
3.8585936e-21
4.9849562e-11
-6.5297282e-21
2.7676239e-21
6.0338636e-11
-6.6582605e-22
3.1382322e-21
6.8431339e-11
7.2063539e-21
5.514122e-21
7.4667885e-11
1.515386e-20
1.003964e-20
7.937201e-11
2.1352318e-20
1.6361356e-20
8.2750524e-11
2.4560711e-20
2.2912554e-20
8.4936587e-11
2.3778891e-20
2.7274346e-20
8.6010607e-11
1.7790725e-20
2.8286922e-20
8.6010607e-11
6.3094524e-21
2.7829614e-20
8.4936587e-11
-8.0049431e-21
2.9402686e-20
8.2750524e-11
-1.9177207e-20
3.4100984e-20
7.937201e-11
-2.1507437e-20
3.8079863e-20
7.4667885e-11
-1.4635662e-20
3.5186213e-20
6.8431339e-11
-4.4938009e-21
2.3112938e-20
6.0338636e-11
1.7498979e-21
6.6408859e-21
4.9849562e-11
2.2576192e-21
-5.3941164e-21
3.5939364e-11
-4.5070359e-21
1.6236676e-11
-1.5516178e-20
4.5877785e-21
3.5939364e-11
-2.218512e-20
8.5433152e-21
8.8069255e-11
-2.5860934e-20
9.6273555e-21
1.2742848e-10
-2.1554408e-20
1.0903301e-20
1.5787095e-10
-8.3024692e-21
1.4161854e-20
1.8160885e-10
1.0948199e-20
1.9297157e-20
1.9999475e-10
3.0821477e-20
2.614795e-20
2.1390031e-10
4.5339155e-20
3.5051731e-20
2.239027e-10
5.0689231e-20
4.5324841e-20
2.3038048e-10
4.6474811e-20
5.4230929e-20
2.3356451e-10
3.409229e-20
5.8826999e-20
2.3356451e-10
1.4925542e-20
5.9329765e-20
2.3038048e-10
-8.8920459e-21
5.9477512e-20
2.239027e-10
-3.1844672e-20
6.2377317e-20
2.1390031e-10
-4.5592074e-20
6.577643e-20
1.9999475e-10
-4.4289066e-20
6.2832024e-20
1.8160885e-10
-3.0079269e-20
4.8764151e-20
1.5787095e-10
-1.1935507e-20
2.6492664e-20
1.2742848e-10
1.7432893e-21
5.2336166e-21
8.8069255e-11
-5.8394749e-21
3.5939364e-11
-1.678954e-20
1.7889107e-21
4.9849562e-11
-2.7144583e-20
6.5636077e-21
1.2742848e-10
-3.4035049e-20
1.0418079e-20
1.8838283e-10
-3.0499362e-20
1.598694e-20
2.3656652e-10
-1.5010058e-20
2.3930369e-20
2.7459701e-10
9.4433202e-21
3.2475202e-20
3.0426063e-10
3.6320271e-20
4.0015333e-20
3.2679046e-10
5.6733452e-20
4.7214096e-20
3.4303815e-10
6.3779326e-20
5.5806371e-20
3.5357678e-10
5.6601415e-20
6.5318432e-20
3.5876113e-10
3.9640513e-20
7.2327965e-20
3.5876113e-10
1.7645132e-20
7.3831833e-20
3.5357678e-10
-7.365302e-21
7.1093798e-20
3.4303815e-10
-3.3618207e-20
6.8699496e-20
3.2679046e-10
-5.5404872e-20
6.9054659e-20
3.0426063e-10
-6.4144491e-20
6.8552465e-20
2.7459701e-10
-5.5425547e-20
6.0624582e-20
2.3656652e-10
-3.4071445e-20
4.2706865e-20
1.8838283e-10
-1.1126137e-20
1.9379773e-20
1.2742848e-10
-1.1378242e-21
4.9849562e-11
-1.3196668e-20
-2.7482222e-22
6.0338636e-11
-2.3492778e-20
4.3879162e-21
1.5787095e-10
-3.1425067e-20
9.5196965e-21
2.3656652e-10
-2.9178104e-20
1.7203827e-20
2.9987395e-10
-1.5147487e-20
2.7972435e-20
3.5041072e-10
8.6172558e-21
3.9062255e-20
3.9011898e-10
3.6993674e-20
4.6787791e-20
4.2042142e-10
6.0800933e-20
5.0555164e-20
4.4234134e-10
7.0196585e-20
5.371752e-20
4.5658603e-10
6.1541215e-20
5.9702807e-20
4.6360076e-10
4.0039319e-20
6.7409399e-20
4.6360076e-10
1.463345e-20
7.1795157e-20
4.5658603e-10
-9.7902606e-21
6.931791e-20
4.4234134e-10
-3.374055e-20
6.2400803e-20
4.2042142e-10
-5.6991709e-20
5.7006066e-20
3.9011898e-10
-7.3190461e-20
5.5765778e-20
3.5041072e-10
-7.3528835e-20
5.4587044e-20
2.9987395e-10
-5.5631308e-20
4.6928258e-20
2.3656652e-10
-2.7077484e-20
3.0320419e-20
1.5787095e-10
7.6952818e-21
6.0338636e-11
-7.1113556e-21
-1.614259e-23
6.8431339e-11
-1.5086985e-20
4.3095253e-21
1.8160885e-10
-2.2107126e-20
8.5515613e-21
2.7459701e-10
-2.0096444e-20
1.4601425e-20
3.5041072e-10
-8.5438441e-21
2.4088752e-20
4.1151161e-10
1.0787724e-20
3.5070463e-20
4.5984183e-10
3.5651065e-20
4.2729779e-20
4.9689356e-10
5.9722569e-20
4.3909937e-20
5.2377843e-10
7.2377272e-20
4.0962947e-20
5.4128392e-10
6.5551167e-20
4.0129417e-20
5.499138e-10
4.1166902e-20
4.5093983e-20
5.499138e-10
1.0038965e-20
5.2536343e-20
5.4128392e-10
-1.7494182e-20
5.5212473e-20
5.2377843e-10
-3.9234683e-20
4.9729945e-20
4.9689356e-10
-5.8557133e-20
4.0472795e-20
4.5984183e-10
-7.5047535e-20
3.4874904e-20
4.1151161e-10
-8.0930586e-20
3.5216084e-20
3.5041072e-10
-6.8321812e-20
3.6290431e-20
2.7459701e-10
-3.8007051e-20
3.0671884e-20
1.8160885e-10
1.4130171e-20
6.8431339e-11
-1.4126599e-21
1.0891442e-21
7.4667885e-11
-6.77012e-21
4.9160382e-21
1.9999475e-10
-1.2379842e-20
7.0842159e-21
3.0426063e-10
-9.3361929e-21
9.0408704e-21
3.9011898e-10
1.1014677e-21
1.3442379e-20
4.5984183e-10
1.5646801e-20
2.0580579e-20
5.1530186e-10
3.3959645e-20
2.6773511e-20
5.5799122e-10
5.4481551e-20
2.7095815e-20
5.8905357e-10
6.9492182e-20
2.0672642e-20
6.0931608e-10
6.8088038e-20
1.2973399e-20
6.193154e-10
4.575841e-20
1.1443586e-20
6.193154e-10
1.008869e-20
1.800986e-20
6.0931608e-10
-2.4787758e-20
2.6475628e-20
5.8905357e-10
-4.9715723e-20
2.845385e-20
5.5799122e-10
-6.5623505e-20
2.2089082e-20
5.1530186e-10
-7.6603618e-20
1.3890094e-20
4.5984183e-10
-8.0507379e-20
1.1481282e-20
3.9011898e-10
-6.9615177e-20
1.5389746e-20
3.0426063e-10
-3.9821164e-20
1.8595979e-20
1.9999475e-10
1.2774849e-20
7.4667885e-11
2.620376e-21
1.4143661e-21
7.937201e-11
-1.2692148e-21
3.7079853e-21
2.1390031e-10
-6.6105077e-21
3.4859115e-21
3.2679046e-10
-2.5782737e-21
1.2616489e-21
4.2042142e-10
8.5983268e-21
-5.5689346e-22
4.9689356e-10
2.0830057e-20
5.5857896e-23
5.5799122e-10
3.2991116e-20
2.258165e-21
6.0517456e-10
4.7194412e-20
2.1002888e-21
6.3958723e-10
6.1239065e-20
-3.9971417e-21
6.6207012e-10
6.5668496e-20
-1.4592498e-20
6.7317499e-10
5.0664408e-20
-2.2837916e-20
6.7317499e-10
1.6383832e-20
-2.224972e-20
6.6207012e-10
-2.4889657e-20
-1.3463192e-20
6.3958723e-10
-5.7932686e-20
-4.2794985e-21
6.0517456e-10
-7.600891e-20
-2.1423382e-21
5.5799122e-10
-8.1761095e-20
-6.5283891e-21
4.9689356e-10
-7.8435432e-20
-1.0119362e-20
4.2042142e-10
-6.3875731e-20
-7.2802448e-21
3.2679046e-10
-3.4596658e-20
-2.9102592e-22
2.1390031e-10
4.0840102e-21
7.937201e-11
4.7282956e-21
5.9475388e-22
8.2750524e-11
9.6098057e-22
-6.1755662e-22
2.239027e-10
-5.7328339e-21
-3.816257e-21
3.4303815e-10
-2.1991094e-21
-9.0128907e-21
4.4234134e-10
1.0013877e-20
-1.5098186e-20
5.2377843e-10
2.2821487e-20
-2.0271625e-20
5.8905357e-10
3.233579e-20
-2.3259292e-20
6.3958723e-10
4.0863317e-20
-2.5097509e-20
6.7650936e-10
5.0694791e-20
-2.9095399e-20
7.0066082e-10
5.727221e-20
-3.7570224e-20
7.1259813e-10
5.0397769e-20
-4.8216974e-20
7.1259813e-10
2.3595981e-20
-5.463534e-20
7.0066082e-10
-1.7531326e-20
-5.2033967e-20
6.7650936e-10
-5.749412e-20
-4.238546e-20
6.3958723e-10
-8.2235519e-20
-3.2997026e-20
5.8905357e-10
-8.7786575e-20
-2.8998694e-20
5.2377843e-10
-7.8080964e-20
-2.8416856e-20
4.4234134e-10
-5.7552947e-20
-2.547361e-20
3.4303815e-10
-2.7975336e-20
-1.7659074e-20
2.239027e-10
-6.4656728e-21
8.2750524e-11
4.4207107e-21
-3.4635215e-22
8.4936587e-11
9.3707775e-24
-6.4615582e-21
2.3038048e-10
-8.3980578e-21
-1.3788434e-20
3.5357678e-10
-6.5500414e-21
-2.1595243e-20
4.5658603e-10
5.4861494e-21
-2.9364393e-20
5.4128392e-10
1.9775841e-20
-3.6697138e-20
6.0931608e-10
3.0280035e-20
-4.2710357e-20
6.6207012e-10
3.68225e-20
-4.6569532e-20
7.0066082e-10
4.2344023e-20
-4.9168109e-20
7.2592437e-10
4.6600919e-20
-5.3412072e-20
7.3841724e-10
4.3379612e-20
-6.1274526e-20
7.3841724e-10
2.4893044e-20
-7.0492199e-20
7.2592437e-10
-9.5420949e-21
-7.534606e-20
7.0066082e-10
-4.9543177e-20
-7.1857864e-20
6.6207012e-10
-7.9364977e-20
-6.1962808e-20
6.0931608e-10
-8.8622372e-20
-5.1450148e-20
5.4128392e-10
-7.7529885e-20
-4.3712985e-20
4.5658603e-10
-5.3464925e-20
-3.7047773e-20
3.5357678e-10
-2.3940725e-20
-2.7870124e-20
2.3038048e-10
-1.3167532e-20
8.4936587e-11
7.8888819e-22
-5.9226178e-22
8.6010607e-11
-4.8144609e-21
-1.0019092e-20
2.3356451e-10
-1.3767481e-20
-2.1281155e-20
3.5876113e-10
-1.2620522e-20
-3.2462832e-20
4.6360076e-10
-1.1298582e-21
-4.1807999e-20
5.499138e-10
1.3837486e-20
-4.8816341e-20
6.193154e-10
2.633764e-20
-5.4102172e-20
6.7317499e-10
3.4235089e-20
-5.788652e-20
7.1259813e-10
3.8177924e-20
-5.9880069e-20
7.3841724e-10
3.8658081e-20
-6.1120152e-20
7.5118791e-10
3.3601273e-20
-6.4297249e-20
7.5118791e-10
1.879929e-20
-7.0955319e-20
7.3841724e-10
-7.7721458e-21
-7.8502813e-20
7.1259813e-10
-4.1225529e-20
-8.1434913e-20
6.7317499e-10
-6.9786854e-20
-7.6342962e-20
6.193154e-10
-8.1602484e-20
-6.5135511e-20
5.499138e-10
-7.2864169e-20
-5.2498204e-20
4.6360076e-10
-4.9800844e-20
-4.092556e-20
3.5876113e-10
-2.2339056e-20
-2.9153913e-20
2.3356451e-10
-1.3472249e-20
8.6010607e-11
-5.5252317e-21
-1.4215974e-21
8.6010607e-11
-1.3650546e-20
-9.3394671e-21
2.3356451e-10
-2.2624151e-20
-2.0409678e-20
3.5876113e-10
-1.9977145e-20
-3.3996343e-20
4.6360076e-10
-6.860639e-21
-4.6636397e-20
5.499138e-10
9.1765069e-21
-5.4983229e-20
6.193154e-10
2.2869291e-20
-5.8875503e-20
6.7317499e-10
3.2477835e-20
-6.044776e-20
7.1259813e-10
3.7104365e-20
-6.1197156e-20
7.3841724e-10
3.543947e-20
-6.1305284e-20
7.5118791e-10
2.6486877e-20
-6.1433317e-20
7.5118791e-10
1.017544e-20
-6.3329264e-20
7.3841724e-10
-1.2393566e-20
-6.7501609e-20
7.1259813e-10
-3.7980429e-20
-7.1148109e-20
6.7317499e-10
-5.9916689e-20
-6.9818015e-20
6.193154e-10
-6.9824495e-20
-6.1555679e-20
5.499138e-10
-6.3182141e-20
-4.8661724e-20
4.6360076e-10
-4.3856436e-20
-3.4839866e-20
3.5876113e-10
-2.066047e-20
-2.163439e-20
2.3356451e-10
-7.9823387e-21
8.6010607e-11
-1.0418626e-20
-5.3390182e-21
8.4936587e-11
-2.2872993e-20
-7.2956289e-21
2.3038048e-10
-3.4582292e-20
-1.1049623e-20
3.5357678e-10
-3.0726623e-20
-2.1506455e-20
4.5658603e-10
-1.3380211e-20
-3.6567879e-20
5.4128392e-10
6.685619e-21
-4.9552218e-20
6.0931608e-10
2.228373e-20
-5.5984319e-20
6.6207012e-10
3.2462121e-20
-5.6933635e-20
7.0066082e-10
3.7536161e-20
-5.6191205e-20
7.2592437e-10
3.5589075e-20
-5.582035e-20
7.3841724e-10
2.4493268e-20
-5.5308842e-20
7.3841724e-10
5.3800715e-21
-5.3941077e-20
7.2592437e-10
-1.7291304e-20
-5.2282953e-20
7.0066082e-10
-3.8364694e-20
-5.0663081e-20
6.6207012e-10
-5.3352229e-20
-4.7516773e-20
6.0931608e-10
-5.8375762e-20
-4.0653082e-20
5.4128392e-10
-5.1446836e-20
-2.987011e-20
4.5658603e-10
-3.5522649e-20
-1.7505887e-20
3.5357678e-10
-1.725864e-20
-6.3303229e-21
2.3038048e-10
1.2390122e-21
8.4936587e-11
-7.9710878e-21
-1.1964302e-20
8.2750524e-11
-2.5056645e-20
-8.9973397e-21
2.239027e-10
-4.4536622e-20
-1.1789957e-21
3.4303815e-10
-4.4748742e-20
-7.0953863e-22
4.4234134e-10
-2.4650523e-20
-1.1595107e-20
5.2377843e-10
2.0530717e-21
-2.7982474e-20
5.8905357e-10
2.2841459e-20
-4.0810103e-20
6.3958723e-10
3.4462371e-20
-4.5967914e-20
6.7650936e-10
3.9027925e-20
-4.6153696e-20
7.0066082e-10
3.7032153e-20
-4.57739e-20
7.1259813e-10
2.6462259e-20
-4.574584e-20
7.1259813e-10
7.1895465e-21
-4.3822338e-20
7.0066082e-10
-1.6056354e-20
-3.8330344e-20
6.7650936e-10
-3.6174633e-20
-3.0151862e-20
6.3958723e-10
-4.7887097e-20
-2.1005584e-20
5.8905357e-10
-4.9232361e-20
-1.1467823e-20
5.2377843e-10
-4.1034751e-20
-1.4758227e-21
4.4234134e-10
-2.6975881e-20
7.8706573e-21
3.4303815e-10
-1.2564057e-20
1.3868859e-20
2.239027e-10
1.1817499e-20
8.2750524e-11
3.470658e-21
-1.5199322e-20
7.937201e-11
-1.4922017e-20
-1.4605268e-20
2.1390031e-10
-4.4399256e-20
3.8060602e-23
3.2679046e-10
-5.5684006e-20
1.4137503e-20
4.2042142e-10
-3.9951334e-20
1.5831201e-20
4.9689356e-10
-9.1287589e-21
4.0760384e-21
5.5799122e-10
1.9259326e-20
-1.2438266e-20
6.0517456e-10
3.5732886e-20
-2.4321563e-20
6.3958723e-10
4.0975671e-20
-2.905094e-20
6.6207012e-10
3.874977e-20
-3.0187441e-20
6.7317499e-10
2.9931651e-20
-3.0883097e-20
6.7317499e-10
1.3837339e-20
-2.9993542e-20
6.6207012e-10
-7.1786573e-21
-2.4393774e-20
6.3958723e-10
-2.6860251e-20
-1.3276217e-20
6.0517456e-10
-3.8803316e-20
9.2157124e-22
5.5799122e-10
-4.0245855e-20
1.487725e-20
4.9689356e-10
-3.2591915e-20
2.6394691e-20
4.2042142e-10
-2.0043159e-20
3.3654915e-20
3.2679046e-10
-7.866173e-21
3.3809898e-20
2.1390031e-10
2.1253462e-20
7.937201e-11
1.6462826e-20
-7.1685853e-21
7.4667885e-11
3.0666996e-21
-1.6181471e-20
1.9999475e-10
-3.0738142e-20
-7.4550802e-21
3.0426063e-10
-5.4430699e-20
1.2255071e-20
3.9011898e-10
-5.0826615e-20
2.8037961e-20
4.5984183e-10
-2.3975658e-20
2.9681198e-20
5.1530186e-10
8.9899617e-21
1.8708228e-20
5.5799122e-10
3.2441279e-20
4.5970001e-21
5.8905357e-10
4.1545041e-20
-4.8989397e-21
6.0931608e-10
4.0269066e-20
-8.9343403e-21
6.193154e-10
3.325763e-20
-1.0563626e-20
6.193154e-10
2.1633945e-20
-1.0913796e-20
6.0931608e-10
5.6641577e-21
-7.6455462e-21
5.8905357e-10
-1.1467661e-20
1.5979473e-21
5.5799122e-10
-2.4247108e-20
1.6019733e-20
5.1530186e-10
-2.86022e-20
3.1951446e-20
4.5984183e-10
-2.4419073e-20
4.5125803e-20
3.9011898e-10
-1.464809e-20
5.1676066e-20
3.0426063e-10
-3.8855735e-21
4.7557419e-20
1.9999475e-10
2.7089177e-20
7.4667885e-11
1.7866304e-20
1.2567742e-20
6.8431339e-11
1.467831e-20
-4.7841978e-21
1.8160885e-10
-1.1156877e-20
-1.3195389e-20
2.7459701e-10
-3.8448181e-20
-2.9697758e-21
3.5041072e-10
-4.7440659e-20
1.705615e-20
4.1151161e-10
-3.2307581e-20
3.2235379e-20
4.5984183e-10
-2.6941677e-21
3.4653408e-20
4.9689356e-10
2.4796844e-20
2.7171218e-20
5.2377843e-10
3.9329852e-20
1.7928246e-20
5.4128392e-10
4.1055075e-20
1.2196769e-20
5.499138e-10
3.5923349e-20
9.8073356e-21
5.499138e-10
2.7971247e-20
8.8614103e-21
5.4128392e-10
1.7525745e-20
9.6708439e-21
5.2377843e-10
4.9310762e-21
1.4579893e-20
4.9689356e-10
-6.9658245e-21
2.478301e-20
4.5984183e-10
-1.4338367e-20
3.8332019e-20
4.1151161e-10
-1.522004e-20
5.0815177e-20
3.5041072e-10
-9.8981754e-21
5.6754722e-20
2.7459701e-10
-6.5967771e-22
5.0778789e-20
1.8160885e-10
2.7508451e-20
6.8431339e-11
2.1942375e-22
3.3070375e-20
6.0338636e-11
6.4600141e-21
1.863607e-20
1.5787095e-10
-8.5386535e-22
-6.5992216e-21
2.3656652e-10
-1.7203633e-20
-1.6805727e-20
2.9987395e-10
-2.9280115e-20
-7.6658889e-21
3.5041072e-10
-2.5861647e-20
1.0661386e-20
3.9011898e-10
-6.3898398e-21
2.5054281e-20
4.2042142e-10
1.8363273e-20
2.9325758e-20
4.4234134e-10
3.5749579e-20
2.6345285e-20
4.5658603e-10
4.1052455e-20
2.2253866e-20
4.6360076e-10
3.8107114e-20
2.0208892e-20
4.6360076e-10
3.2369489e-20
1.9588865e-20
4.5658603e-10
2.5798754e-20
1.943817e-20
4.4234134e-10
1.7755838e-20
2.0908328e-20
4.2042142e-10
8.385002e-21
2.5896177e-20
3.9011898e-10
-2.9563526e-22
3.448897e-20
3.5041072e-10
-5.7964014e-21
4.3701985e-20
2.9987395e-10
-5.5274054e-21
4.8258094e-20
2.3656652e-10
1.7916853e-21
4.2580818e-20
1.5787095e-10
2.2115898e-20
6.0338636e-11
-2.89863e-20
3.9553295e-20
4.9849562e-11
-2.1170504e-20
4.0529989e-20
1.2742848e-10
-1.0354731e-20
1.0798518e-20
1.8838283e-10
-6.2829987e-21
-1.6955214e-20
2.3656652e-10
-8.1182468e-21
-2.6032724e-20
2.7459701e-10
-7.8550811e-21
-1.6512559e-20
3.0426063e-10
1.4129434e-21
2.5814619e-22
3.2679046e-10
1.7933305e-20
1.2609714e-20
3.4303815e-10
3.31423e-20
1.6831814e-20
3.5357678e-10
4.0264003e-20
1.6405369e-20
3.5876113e-10
3.9506443e-20
1.5786742e-20
3.5876113e-10
3.5228397e-20
1.621723e-20
3.5357678e-10
3.060209e-20
1.6833756e-20
3.4303815e-10
2.5514126e-20
1.7507704e-20
3.2679046e-10
1.8760815e-20
1.9569866e-20
3.0426063e-10
1.0281186e-20
2.3973394e-20
2.7459701e-10
1.8673238e-21
2.9400677e-20
2.3656652e-10
-2.0543579e-21
3.2206895e-20
1.8838283e-10
3.2022757e-21
2.8282363e-20
1.2742848e-10
1.4012573e-20
4.9849562e-11
-4.8568504e-20
2.7133077e-20
3.5939364e-11
-4.9099283e-20
4.3939519e-20
8.8069255e-11
-3.29966e-20
2.2811244e-20
1.2742848e-10
-1.2618812e-20
-5.8275669e-21
1.5787095e-10
1.6915687e-21
-2.3091009e-20
1.8160885e-10
8.1456315e-21
-2.330183e-20
1.9999475e-10
1.264788e-20
-1.2716135e-20
2.1390031e-10
2.024499e-20
-1.7028831e-21
2.239027e-10
2.9563068e-20
4.0376268e-21
2.3038048e-10
3.5898997e-20
5.4977998e-21
2.3356451e-10
3.6986774e-20
6.0618409e-21
2.3356451e-10
3.4524385e-20
7.3910072e-21
2.3038048e-10
3.1184175e-20
9.093005e-21
2.239027e-10
2.7606525e-20
1.0568379e-20
2.1390031e-10
2.2642716e-20
1.2305134e-20
1.9999475e-10
1.5180234e-20
1.5000166e-20
1.8160885e-10
6.0613948e-21
1.8161219e-20
1.5787095e-10
1.6970213e-22
1.9703233e-20
1.2742848e-10
3.969455e-21
1.7768606e-20
8.8069255e-11
1.0278492e-20
3.5939364e-11
-2.9724995e-20
1.6236676e-11
-4.4313168e-20
3.5939364e-11
-4.0020437e-20
4.9849562e-11
-2.145747e-20
6.0338636e-11
-1.598066e-21
6.8431339e-11
1.0042346e-20
7.4667885e-11
1.3450963e-20
7.937201e-11
1.4412209e-20
8.2750524e-11
1.6844538e-20
8.4936587e-11
2.008585e-20
8.6010607e-11
2.193612e-20
8.6010607e-11
2.1753295e-20
8.4936587e-11
2.0396734e-20
8.2750524e-11
1.8596868e-20
7.937201e-11
1.5942432e-20
7.4667885e-11
1.1483208e-20
6.8431339e-11
5.1584676e-21
6.0338636e-11
2.2303674e-22
4.9849562e-11
3.1367945e-21
3.5939364e-11
1.6236676e-11
-1.0950111e-21
1.0703195e-20
1.6236676e-11
7.9937567e-21
1.5803037e-20
3.5939364e-11
1.6347151e-20
1.2703079e-20
4.9849562e-11
1.9313547e-20
7.479021e-21
6.0338636e-11
1.7041271e-20
5.4824454e-21
6.8431339e-11
1.2297135e-20
8.30499e-21
7.4667885e-11
7.7504747e-21
1.4920321e-20
7.937201e-11
5.1843771e-21
2.3111888e-20
8.2750524e-11
5.7028521e-21
2.9907242e-20
8.4936587e-11
9.2778165e-21
3.2113655e-20
8.6010607e-11
1.3893429e-20
2.7903179e-20
8.6010607e-11
1.6014028e-20
1.8535037e-20
8.4936587e-11
1.3070739e-20
7.9251203e-21
8.2750524e-11
6.0024434e-21
-2.929408e-22
7.937201e-11
-1.3836252e-21
-5.3076097e-21
7.4667885e-11
-6.1638013e-21
-8.2139054e-21
6.8431339e-11
-8.7064965e-21
-8.7158669e-21
6.0338636e-11
-9.916878e-21
-4.6848749e-21
4.9849562e-11
-7.6734029e-21
3.376191e-21
3.5939364e-11
8.5741978e-21
1.6236676e-11
-3.2688797e-21
1.6447267e-20
3.5939364e-11
8.4643648e-21
2.8108909e-20
8.8069255e-11
2.3047897e-20
2.8129558e-20
1.2742848e-10
3.3285902e-20
2.4370005e-20
1.5787095e-10
3.683968e-20
2.2644388e-20
1.8160885e-10
3.5344193e-20
2.4637168e-20
1.9999475e-10
3.0942478e-20
2.9560563e-20
2.1390031e-10
2.4920023e-20
3.6278471e-20
2.239027e-10
1.8777897e-20
4.3379671e-20
2.3038048e-10
1.4637271e-20
4.8413579e-20
2.3356451e-10
1.348712e-20
4.8820715e-20
2.3356451e-10
1.3223271e-20
4.4082104e-20
2.3038048e-10
9.9723252e-21
3.6378994e-20
2.239027e-10
2.5332816e-21
2.8209727e-20
2.1390031e-10
-5.3264938e-21
1.9747888e-20
1.9999475e-10
-8.6582166e-21
1.014333e-20
1.8160885e-10
-7.2236597e-21
1.5328392e-21
1.5787095e-10
-4.6521749e-21
-6.6709893e-22
1.2742848e-10
-1.8863624e-21
5.293348e-21
8.8069255e-11
1.0646979e-20
3.5939364e-11
-4.3821137e-21
1.5524698e-20
4.9849562e-11
7.1780651e-21
3.2197497e-20
1.2742848e-10
2.278123e-20
3.7345208e-20
1.8838283e-10
3.5947967e-20
3.7367693e-20
2.3656652e-10
4.3318996e-20
3.7404182e-20
2.7459701e-10
4.5598881e-20
3.8633645e-20
3.0426063e-10
4.433749e-20
3.9778165e-20
3.2679046e-10
3.9604891e-20
4.050546e-20
3.4303815e-10
3.1375443e-20
4.220492e-20
3.5357678e-10
2.1699774e-20
4.5822734e-20
3.5876113e-10
1.373505e-20
5.0135401e-20
3.5876113e-10
8.1305884e-21
5.2864235e-20
3.5357678e-10
1.8047575e-21
5.2815204e-20
3.4303815e-10
-7.6030486e-21
4.9886383e-20
3.2679046e-10
-1.6484082e-20
4.3242228e-20
3.0426063e-10
-1.7559081e-20
3.1524458e-20
2.7459701e-10
-8.9010395e-21
1.6552389e-20
2.3656652e-10
2.3325342e-21
5.1966383e-21
1.8838283e-10
7.4638756e-21
3.4263447e-21
1.2742848e-10
7.0470121e-21
4.9849562e-11
-1.7287293e-21
1.1327405e-20
6.0338636e-11
9.4956218e-21
2.9250948e-20
1.5787095e-10
2.3638547e-20
3.7568027e-20
2.3656652e-10
3.6215797e-20
4.0389059e-20
2.9987395e-10
4.3449693e-20
4.2733457e-20
3.5041072e-10
4.5668411e-20
4.586858e-20
3.9011898e-10
4.5408292e-20
4.7084504e-20
4.2042142e-10
4.3389261e-20
4.4205302e-20
4.4234134e-10
3.8162893e-20
3.8982231e-20
4.5658603e-10
2.9313098e-20
3.5647182e-20
4.6360076e-10
1.9051851e-20
3.6692205e-20
4.6360076e-10
9.28813e-21
4.0883605e-20
4.5658603e-10
-1.5459086e-21
4.5162608e-20
4.4234134e-10
-1.5679128e-20
4.7170583e-20
4.2042142e-10
-2.9202434e-20
4.5153912e-20
3.9011898e-10
-3.1988419e-20
3.7025506e-20
3.5041072e-10
-1.8472159e-20
2.2467455e-20
2.9987395e-10
2.5665983e-21
6.5262605e-21
2.3656652e-10
1.3636172e-20
-2.3131438e-21
1.5787095e-10
-4.5597526e-22
6.0338636e-11
4.0809673e-21
6.1886843e-21
6.8431339e-11
1.5374136e-20
2.184004e-20
1.8160885e-10
2.7422346e-20
3.0021475e-20
2.7459701e-10
3.8642251e-20
3.2416298e-20
3.5041072e-10
4.4376273e-20
3.4853427e-20
4.1151161e-10
4.3390499e-20
4.0619389e-20
4.5984183e-10
3.9506873e-20
4.6690818e-20
4.9689356e-10
3.6656129e-20
4.7243967e-20
5.2377843e-10
3.4740143e-20
4.0188574e-20
5.4128392e-10
3.1006698e-20
2.9539929e-20
5.499138e-10
2.4003264e-20
2.1496942e-20
5.499138e-10
1.404377e-20
1.8991106e-20
5.4128392e-10
4.0680856e-22
2.0597379e-20
5.2377843e-10
-1.8149432e-20
2.3338513e-20
4.9689356e-10
-3.7374156e-20
2.4810567e-20
4.5984183e-10
-4.515737e-20
2.2345131e-20
4.1151161e-10
-3.1655323e-20
1.3237015e-20
3.5041072e-10
-4.0155226e-21
-1.3589885e-21
2.7459701e-10
1.4510231e-20
-1.3376865e-20
1.8160885e-10
-1.1490928e-20
6.8431339e-11
1.0890148e-20
9.0378185e-22
7.4667885e-11
2.192489e-20
1.2187809e-20
1.9999475e-10
3.1440187e-20
1.8213581e-20
3.0426063e-10
4.2327322e-20
1.7545799e-20
3.9011898e-10
4.9033247e-20
1.6219663e-20
4.5984183e-10
4.6194675e-20
2.1027549e-20
5.1530186e-10
3.6205648e-20
3.1940709e-20
5.5799122e-10
2.6602825e-20
4.1364005e-20
5.8905357e-10
2.2366309e-20
4.1227256e-20
6.0931608e-10
2.2096148e-20
3.0313128e-20
6.193154e-10
2.1005125e-20
1.4648205e-20
6.193154e-10
1.5341121e-20
1.6614085e-21
6.0931608e-10
2.9445698e-21
-5.215338e-21
5.8905357e-10
-1.6816763e-20
-6.5814657e-21
5.5799122e-10
-3.950016e-20
-4.6280919e-21
5.1530186e-10
-5.2512424e-20
-2.6065151e-21
4.5984183e-10
-4.2927324e-20
-5.1868399e-21
3.9011898e-10
-1.3946409e-20
-1.5187055e-20
3.0426063e-10
1.0431179e-20
-2.7058231e-20
1.9999475e-10
-2.3914807e-20
7.4667885e-11
1.7429175e-20
-4.3789553e-21
7.937201e-11
2.71252e-20
1.3116433e-21
2.1390031e-10
3.2508392e-20
5.043257e-21
3.2679046e-10
4.3031873e-20
1.6010478e-21
4.2042142e-10
5.4193819e-20
-5.4456288e-21
4.9689356e-10
5.5250404e-20
-6.9906437e-21
5.5799122e-10
4.2515109e-20
2.5409869e-21
6.0517456e-10
2.3473648e-20
1.887964e-20
6.3958723e-10
9.3160348e-21
3.0846888e-20
6.6207012e-10
5.0315856e-21
2.9592278e-20
6.7317499e-10
6.9669613e-21
1.5307449e-20
6.7317499e-10
7.6354357e-21
-4.350616e-21
6.6207012e-10
1.0195344e-21
-2.0829364e-20
6.3958723e-10
-1.5218636e-20
-2.9531867e-20
6.0517456e-10
-3.7459826e-20
-3.0141751e-20
5.5799122e-10
-5.3935451e-20
-2.5738577e-20
4.9689356e-10
-5.0338717e-20
-2.2507621e-20
4.2042142e-10
-2.524002e-20
-2.6729276e-20
3.2679046e-10
1.4962285e-21
-3.6280324e-20
2.1390031e-10
-3.2411446e-20
7.937201e-11
2.3479915e-20
-8.7942179e-21
8.2750524e-11
3.1194872e-20
-9.9506155e-21
2.239027e-10
3.03674e-20
-8.2837333e-21
3.4303815e-10
3.7776033e-20
-1.1826715e-20
4.4234134e-10
5.369252e-20
-2.218921e-20
5.2377843e-10
6.427433e-20
-3.2257197e-20
5.8905357e-10
5.7039833e-20
-3.1998057e-20
6.3958723e-10
3.323427e-20
-1.8055949e-20
6.7650936e-10
6.2239459e-21
1.981014e-21
7.0066082e-10
-1.0595149e-20
1.5098838e-20
7.1259813e-10
-1.3771338e-20
1.2778961e-20
7.1259813e-10
-9.7817522e-21
-3.3746814e-21
7.0066082e-10
-8.4004821e-21
-2.4234373e-20
6.7650936e-10
-1.6382351e-20
-4.0085013e-20
6.3958723e-10
-3.3545226e-20
-4.5548621e-20
5.8905357e-10
-5.0772012e-20
-4.1263205e-20
5.2377843e-10
-5.4050481e-20
-3.3555733e-20
4.4234134e-10
-3.7139351e-20
-3.1053047e-20
3.4303815e-10
-1.1818713e-20
-3.5726759e-20
2.239027e-10
-3.1921319e-20
8.2750524e-11
2.8409902e-20
-1.0165086e-20
8.4936587e-11
3.5049618e-20
-1.9088181e-20
2.3038048e-10
2.7785846e-20
-2.0531778e-20
3.5357678e-10
2.8288477e-20
-2.2102837e-20
4.5658603e-10
4.4370671e-20
-3.0745256e-20
5.4128392e-10
6.4647906e-20
-4.5721601e-20
6.0931608e-10
7.0264823e-20
-5.7634676e-20
6.6207012e-10
5.2055173e-20
-5.6211557e-20
7.0066082e-10
1.8116536e-20
-3.981771e-20
7.2592437e-10
-1.391571e-20
-1.7965585e-20
7.3841724e-10
-3.078154e-20
-4.2897163e-21
7.3841724e-10
-3.1444929e-20
-6.4432444e-21
7.2592437e-10
-2.4931544e-20
-2.1496175e-20
7.0066082e-10
-2.2456928e-20
-3.9262989e-20
6.6207012e-10
-3.0123325e-20
-4.9597858e-20
6.0931608e-10
-4.4398544e-20
-4.8113062e-20
5.4128392e-10
-5.3595634e-20
-3.8286924e-20
4.5658603e-10
-4.7282616e-20
-2.890088e-20
3.5357678e-10
-2.6496902e-20
-2.5891247e-20
2.3038048e-10
-2.1699218e-20
8.4936587e-11
3.0151952e-20
-6.7403205e-21
8.6010607e-11
3.791071e-20
-2.212031e-20
2.3356451e-10
2.7360102e-20
-2.8402631e-20
3.5876113e-10
1.971792e-20
-2.8756877e-20
4.6360076e-10
2.9431049e-20
-3.2380345e-20
5.499138e-10
5.2821897e-20
-4.5741309e-20
6.193154e-10
7.1572007e-20
-6.5362899e-20
6.7317499e-10
6.803005e-20
-7.9650945e-20
7.1259813e-10
3.9411259e-20
-7.8169447e-20
7.3841724e-10
-7.6248782e-22
-6.0629407e-20
7.5118791e-10
-3.3412078e-20
-3.7623418e-20
7.5118791e-10
-4.6992223e-20
-2.2613064e-20
7.3841724e-10
-4.3197988e-20
-2.2245558e-20
7.1259813e-10
-3.3363673e-20
-3.2671185e-20
6.7317499e-10
-2.9743405e-20
-4.3592041e-20
6.193154e-10
-3.6918237e-20
-4.5807146e-20
5.499138e-10
-4.8473556e-20
-3.6998888e-20
4.6360076e-10
-5.1813823e-20
-2.2689639e-20
3.5876113e-10
-3.73616e-20
-1.1163128e-20
2.3356451e-10
-5.564189e-21
8.6010607e-11
2.6696926e-20
3.0885567e-22
8.6010607e-11
3.7415459e-20
-1.7249129e-20
2.3356451e-10
2.8701951e-20
-2.8263591e-20
3.5876113e-10
1.586849e-20
-2.9800095e-20
4.6360076e-10
1.5584152e-20
-2.9235854e-20
5.499138e-10
3.3077348e-20
-3.6711071e-20
6.193154e-10
5.74159e-20
-5.5930631e-20
6.7317499e-10
6.9627013e-20
-8.0085096e-20
7.1259813e-10
5.6966631e-20
-9.6107676e-20
7.3841724e-10
2.2246331e-20
-9.4207264e-20
7.5118791e-10
-1.835845e-20
-7.532539e-20
7.5118791e-10
-4.655918e-20
-5.0576617e-20
7.3841724e-10
-5.3615686e-20
-3.2907243e-20
7.1259813e-10
-4.4536514e-20
-2.8176248e-20
6.7317499e-10
-3.3060997e-20
-3.2198083e-20
6.193154e-10
-3.109826e-20
-3.511495e-20
5.499138e-10
-3.9870657e-20
-2.8982083e-20
4.6360076e-10
-4.8378633e-20
-1.3342157e-20
3.5876113e-10
-4.01005e-20
4.1637262e-21
2.3356451e-10
1.0882799e-20
8.6010607e-11
1.8749477e-20
6.796476e-21
8.4936587e-11
3.2671729e-20
-8.106503e-21
2.3038048e-10
2.9459591e-20
-2.1109065e-20
3.5357678e-10
1.6307601e-20
-2.4839146e-20
4.5658603e-10
7.4497216e-21
-2.2968596e-20
5.4128392e-10
1.3626676e-20
-2.4703684e-20
6.0931608e-10
3.3507458e-20
-3.7452742e-20
6.6207012e-10
5.4055875e-20
-6.1108353e-20
7.0066082e-10
5.9335322e-20
-8.6906144e-20
7.2592437e-10
4.1612945e-20
-1.0200328e-19
7.3841724e-10
7.0085341e-21
-9.7958586e-20
7.3841724e-10
-2.8085814e-20
-7.6972204e-20
7.2592437e-10
-4.7999933e-20
-5.0444997e-20
7.0066082e-10
-4.7961889e-20
-3.0649169e-20
6.6207012e-10
-3.6536307e-20
-2.2375205e-20
6.0931608e-10
-2.7952135e-20
-2.0568007e-20
5.4128392e-10
-3.0375088e-20
-1.5566154e-20
4.5658603e-10
-3.81079e-20
-1.4115447e-21
3.5357678e-10
-3.3988052e-20
1.7392085e-20
2.3038048e-10
2.3271378e-20
8.4936587e-11
9.9964039e-21
9.2999192e-21
8.2750524e-11
2.6047104e-20
-1.6011509e-21
2.239027e-10
2.8667203e-20
-1.4028212e-20
3.4303815e-10
1.8372568e-20
-1.8968891e-20
4.4234134e-10
5.1176653e-21
-1.7403104e-20
5.2377843e-10
6.4463338e-22
-1.5586622e-20
5.8905357e-10
1.0171314e-20
-2.021001e-20
6.3958723e-10
2.8926103e-20
-3.5019101e-20
6.7650936e-10
4.5052946e-20
-5.803006e-20
7.0066082e-10
4.6542546e-20
-8.0694253e-20
7.1259813e-10
2.9046151e-20
-9.1700366e-20
7.1259813e-10
-1.5795394e-22
-8.4475057e-20
7.0066082e-10
-2.6430861e-20
-6.2508466e-20
6.7650936e-10
-3.7969132e-20
-3.6975982e-20
6.3958723e-10
-3.4178517e-20
-1.8306295e-20
5.8905357e-10
-2.5092487e-20
-8.6369518e-21
5.2377843e-10
-2.1585319e-20
-1.5802127e-21
4.4234134e-10
-2.442327e-20
1.0508797e-20
3.4303815e-10
-2.1704381e-20
2.6536798e-20
2.239027e-10
2.928719e-20
8.2750524e-11
3.3113581e-21
9.2646829e-21
7.937201e-11
2.0354633e-20
-4.2032369e-22
2.1390031e-10
2.7491465e-20
-1.3283212e-20
3.2679046e-10
2.0713747e-20
-1.9383374e-20
4.2042142e-10
6.6459547e-21
-1.8411126e-20
4.9689356e-10
-4.0377416e-21
-1.4712482e-20
5.5799122e-10
-4.1669501e-21
-1.2701394e-20
6.0517456e-10
6.792817e-21
-1.5941094e-20
6.3958723e-10
2.3521942e-20
-2.675844e-20
6.6207012e-10
3.6759258e-20
-4.3701566e-20
6.7317499e-10
3.7555106e-20
-5.9730623e-20
6.7317499e-10
2.3357909e-20
-6.5609894e-20
6.6207012e-10
1.1717889e-21
-5.6836215e-20
6.3958723e-10
-1.6914515e-20
-3.7555243e-20
6.0517456e-10
-2.2892793e-20
-1.7080159e-20
5.5799122e-10
-1.8795748e-20
-2.0954294e-21
4.9689356e-10
-1.3005678e-20
8.1333374e-21
4.2042142e-10
-1.0508756e-20
1.8656244e-20
3.2679046e-10
-7.3410295e-21
2.9808021e-20
2.1390031e-10
2.8482471e-20
7.937201e-11
-3.047581e-21
1.1783739e-20
7.4667885e-11
1.4189203e-20
1.1709034e-21
1.9999475e-10
2.5718627e-20
-1.5390354e-20
3.0426063e-10
2.3094365e-20
-2.5416404e-20
3.9011898e-10
1.0578901e-20
-2.681072e-20
4.5984183e-10
-1.6253215e-21
-2.3194867e-20
5.1530186e-10
-6.5046852e-21
-1.7926544e-20
5.5799122e-10
-2.7153571e-21
-1.288447e-20
5.8905357e-10
8.1682716e-21
-1.0497492e-20
6.0931608e-10
2.2389209e-20
-1.3740628e-20
6.193154e-10
3.3178532e-20
-2.2466416e-20
6.193154e-10
3.3514636e-20
-3.1369858e-20
6.0931608e-10
2.2078012e-20
-3.3398731e-20
5.8905357e-10
5.6061681e-21
-2.5662347e-20
5.5799122e-10
-6.0850217e-21
-1.1663592e-20
5.1530186e-10
-8.2638535e-21
2.4258885e-21
4.5984183e-10
-3.8680349e-21
1.3308161e-20
3.9011898e-10
1.5420861e-21
2.1602077e-20
3.0426063e-10
5.4154898e-21
2.710264e-20
1.9999475e-10
2.2100356e-20
7.4667885e-11
-1.3609346e-20
1.8621049e-20
6.8431339e-11
2.4142391e-21
1.095453e-20
1.8160885e-10
1.9266384e-20
-8.7738295e-21
2.7459701e-10
2.2894537e-20
-2.5122724e-20
3.5041072e-10
1.4411667e-20
-3.2550341e-20
4.1151161e-10
4.2122051e-21
-3.2947399e-20
4.5984183e-10
-1.8508915e-22
-2.9749536e-20
4.9689356e-10
1.4762793e-21
-2.3969804e-20
5.2377843e-10
7.1008168e-21
-1.5888524e-20
5.4128392e-10
1.5971567e-20
-8.0394217e-21
5.499138e-10
2.6314996e-20
-4.1813003e-21
5.499138e-10
3.2975694e-20
-5.2105268e-21
5.4128392e-10
3.0899418e-20
-7.4796974e-21
5.2377843e-10
2.0668838e-20
-6.1362273e-21
4.9689356e-10
9.0179927e-21
4.3913837e-22
4.5984183e-10
2.9978523e-21
9.6029277e-21
4.1151161e-10
4.3358096e-21
1.7457015e-20
3.5041072e-10
9.7052699e-21
2.1647749e-20
2.7459701e-10
1.3712873e-20
2.1038529e-20
1.8160885e-10
1.3054073e-20
6.8431339e-11
-2.853849e-20
2.4251687e-20
6.0338636e-11
-1.6439898e-20
2.783884e-20
1.5787095e-10
4.0597962e-21
1.2069153e-20
2.3656652e-10
1.4757648e-20
-7.7642885e-21
2.9987395e-10
1.2455809e-20
-2.2624727e-20
3.5041072e-10
6.4776368e-21
-3.0805774e-20
3.9011898e-10
5.8620081e-21
-3.4991745e-20
4.2042142e-10
1.0858119e-20
-3.6516501e-20
4.4234134e-10
1.7004786e-20
-3.3648531e-20
4.5658603e-10
2.2394431e-20
-2.5310771e-20
4.6360076e-10
2.7903962e-20
-1.4041821e-20
4.6360076e-10
3.2744787e-20
-4.0964452e-21
4.5658603e-10
3.3344206e-20
2.5976939e-21
4.4234134e-10
2.7551123e-20
7.5721358e-21
4.2042142e-10
1.8025137e-20
1.3014044e-20
3.9011898e-10
1.0417529e-20
1.8852096e-20
3.5041072e-10
8.4322558e-21
2.262029e-20
2.9987395e-10
1.1668298e-20
2.1719518e-20
2.3656652e-10
1.5580252e-20
1.5423489e-20
1.5787095e-10
5.0192243e-21
6.0338636e-11
-3.9923494e-20
2.1818466e-20
4.9849562e-11
-3.467092e-20
4.0711869e-20
1.2742848e-10
-1.693471e-20
3.6080754e-20
1.8838283e-10
-3.3157306e-21
1.9684484e-20
2.3656652e-10
-3.7460371e-22
1.6676331e-21
2.7459701e-10
-2.0100961e-21
-1.287506e-20
3.0426063e-10
1.466823e-21
-2.4997678e-20
3.2679046e-10
1.2299686e-20
-3.6354193e-20
3.4303815e-10
2.5010711e-20
-4.4516458e-20
3.5357678e-10
3.4241004e-20
-4.4838346e-20
3.5876113e-10
3.90824e-20
-3.5851783e-20
3.5876113e-10
4.0683042e-20
-2.0919508e-20
3.5357678e-10
3.879777e-20
-5.1457619e-21
3.4303815e-10
3.2369717e-20
8.247081e-21
3.2679046e-10
2.2430834e-20
1.84505e-20
3.0426063e-10
1.2604199e-20
2.5072713e-20
2.7459701e-10
6.7089499e-21
2.6861974e-20
2.3656652e-10
6.7671104e-21
2.2570885e-20
1.8838283e-10
1.0974857e-20
1.2944029e-20
1.2742848e-10
1.2080189e-21
4.9849562e-11
-3.7021102e-20
1.2498978e-20
3.5939364e-11
-3.9620286e-20
3.8294578e-20
8.8069255e-11
-3.2092687e-20
4.1460227e-20
1.2742848e-10
-2.3005033e-20
3.2132352e-20
1.5787095e-10
-1.9301906e-20
1.8875806e-20
1.8160885e-10
-1.9287268e-20
6.3592922e-21
1.9999475e-10
-1.4624834e-20
-6.0699564e-21
2.1390031e-10
-5.4626814e-22
-2.0077002e-20
2.239027e-10
1.9244279e-20
-3.3396322e-20
2.3038048e-10
3.7028423e-20
-4.0622895e-20
2.3356451e-10
4.7753837e-20
-3.8019271e-20
2.3356451e-10
5.0622041e-20
-2.6610393e-20
2.3038048e-10
4.6711679e-20
-1.09011e-20
2.239027e-10
3.7354359e-20
4.5023945e-21
2.1390031e-10
2.4484273e-20
1.6638e-20
1.9999475e-10
1.1231587e-20
2.4038129e-20
1.8160885e-10
1.292109e-21
2.5790018e-20
1.5787095e-10
-1.7552509e-21
2.1583776e-20
1.2742848e-10
3.2323169e-21
1.3049788e-20
8.8069255e-11
3.2298208e-21
3.5939364e-11
-1.1710659e-20
1.6236676e-11
-2.0994163e-20
3.5939364e-11
-2.5531448e-20
4.9849562e-11
-2.4866989e-20
6.0338636e-11
-2.4151989e-20
6.8431339e-11
-2.54785e-20
7.4667885e-11
-2.4382879e-20
7.937201e-11
-1.5441868e-20
8.2750524e-11
1.1881843e-21
8.4936587e-11
1.9745799e-20
8.6010607e-11
3.3754682e-20
8.6010607e-11
3.9823132e-20
8.4936587e-11
3.799217e-20
8.2750524e-11
3.0141672e-20
7.937201e-11
1.8856216e-20
7.4667885e-11
6.8981106e-21
6.8431339e-11
-2.9340851e-21
6.0338636e-11
-7.3042021e-21
4.9849562e-11
-2.8062067e-21
3.5939364e-11
1.6236676e-11
-3.9323065e-21
1.7333553e-20
1.6236676e-11
-2.451829e-21
2.3235173e-20
3.5939364e-11
6.7250756e-21
1.8940648e-20
4.9849562e-11
1.1648469e-20
1.0983389e-20
6.0338636e-11
8.358081e-21
6.6476723e-21
6.8431339e-11
2.2061814e-22
9.9864166e-21
7.4667885e-11
-7.8120005e-21
1.9799386e-20
7.937201e-11
-1.2315531e-20
3.1722269e-20
8.2750524e-11
-1.184944e-20
4.0486744e-20
8.4936587e-11
-6.7471574e-21
4.1274179e-20
8.6010607e-11
6.8807581e-22
3.0997465e-20
8.6010607e-11
5.925232e-21
1.0187171e-20
8.4936587e-11
3.4447756e-21
-1.5800347e-20
8.2750524e-11
-9.8870283e-21
-3.7808571e-20
7.937201e-11
-3.129488e-20
-4.6515894e-20
7.4667885e-11
-5.1717412e-20
-3.6905655e-20
6.8431339e-11
-6.0471014e-20
-1.1122006e-20
6.0338636e-11
-5.2200188e-20
2.1115645e-20
4.9849562e-11
-3.0966444e-20
4.310263e-20
3.5939364e-11
2.9299694e-20
1.6236676e-11
-1.2623921e-20
1.7937789e-20
3.5939364e-11
-1.308191e-20
3.2899457e-20
8.8069255e-11
1.4929286e-21
3.3067364e-20
1.2742848e-10
1.6042353e-20
2.5949875e-20
1.5787095e-10
2.0880492e-20
2.0617211e-20
1.8160885e-10
1.5708845e-20
2.2614103e-20
1.9999475e-10
4.6856682e-21
3.1822983e-20
2.1390031e-10
-7.8999024e-21
4.4695046e-20
2.239027e-10
-1.8847485e-20
5.6512359e-20
2.3038048e-10
-2.5737215e-20
6.2209157e-20
2.3356451e-10
-2.7184364e-20
5.720619e-20
2.3356451e-10
-2.4631402e-20
3.9534941e-20
2.3038048e-10
-2.3001927e-20
1.2273685e-20
2.239027e-10
-2.7969086e-20
-1.6218631e-20
2.1390031e-10
-4.0961331e-20
-3.5284302e-20
1.9999475e-10
-5.6399851e-20
-3.6417513e-20
1.8160885e-10
-6.5207395e-20
-1.695348e-20
1.5787095e-10
-6.1862161e-20
1.7249518e-20
1.2742848e-10
-4.6884293e-20
4.8836248e-20
8.8069255e-11
4.6293374e-20
3.5939364e-11
-1.4925663e-20
1.7574322e-20
4.9849562e-11
-1.7903003e-20
4.1144472e-20
1.2742848e-10
-3.7329735e-21
4.9023993e-20
1.8838283e-10
1.5309666e-20
4.5724969e-20
2.3656652e-10
2.7730179e-20
3.9713462e-20
2.7459701e-10
2.9433009e-20
3.7451765e-20
3.0426063e-10
2.1769758e-20
4.0510947e-20
3.2679046e-10
7.5909303e-21
4.7589662e-20
3.4303815e-10
-1.0442307e-20
5.6934207e-20
3.5357678e-10
-2.9054815e-20
6.6380766e-20
3.5876113e-10
-4.3807102e-20
7.2098139e-20
3.5876113e-10
-5.120011e-20
6.9197499e-20
3.5357678e-10
-5.1545137e-20
5.4906753e-20
3.4303815e-10
-4.8784518e-20
3.161424e-20
3.2679046e-10
-4.6449215e-20
7.0463608e-21
3.0426063e-10
-4.3998814e-20
-8.622632e-21
2.7459701e-10
-3.8682994e-20
-7.0071712e-21
2.3656652e-10
-3.0875897e-20
1.3604282e-20
1.8838283e-10
-2.3569283e-20
4.1923431e-20
1.2742848e-10
4.7787618e-20
4.9849562e-11
-1.0216604e-20
1.6884933e-20
6.0338636e-11
-1.5228712e-20
4.5709878e-20
1.5787095e-10
-5.2537771e-21
5.9798503e-20
2.3656652e-10
1.3099035e-20
6.0434803e-20
2.9987395e-10
2.9036417e-20
5.4564004e-20
3.5041072e-10
3.5962008e-20
4.9211476e-20
3.9011898e-10
3.3108227e-20
4.7038679e-20
4.2042142e-10
2.2240809e-20
4.7560902e-20
4.4234134e-10
4.7321186e-21
5.0773819e-20
4.5658603e-10
-1.8019681e-20
5.7931564e-20
4.6360076e-10
-4.2218177e-20
6.8686217e-20
4.6360076e-10
-6.1798573e-20
7.8479813e-20
4.5658603e-10
-7.1786298e-20
8.0193774e-20
4.4234134e-10
-7.0854402e-20
6.9196549e-20
4.2042142e-10
-6.0137111e-20
4.7400821e-20
3.9011898e-10
-4.0803441e-20
2.3158525e-20
3.5041072e-10
-1.5798272e-20
7.3855803e-21
2.9987395e-10
5.5356748e-21
7.8724323e-21
2.3656652e-10
1.0169059e-20
2.2104409e-20
1.5787095e-10
3.0823186e-20
6.0338636e-11
-1.6262289e-21
1.5275885e-20
6.8431339e-11
-7.1168908e-21
4.4803635e-20
1.8160885e-10
-2.9026385e-21
6.179077e-20
2.7459701e-10
1.1325543e-20
6.4839307e-20
3.5041072e-10
2.712868e-20
5.9190523e-20
4.1151161e-10
3.6185526e-20
5.2687389e-20
4.5984183e-10
3.6112265e-20
4.9173238e-20
4.9689356e-10
2.9075328e-20
4.7489616e-20
5.2377843e-10
1.6673506e-20
4.5904213e-20
5.4128392e-10
-2.1000368e-21
4.6202645e-20
5.499138e-10
-2.7624878e-20
5.2060819e-20
5.499138e-10
-5.5916568e-20
6.3627905e-20
5.4128392e-10
-7.9134978e-20
7.4955439e-20
5.2377843e-10
-8.9326969e-20
7.7543069e-20
4.9689356e-10
-8.1183591e-20
6.6613869e-20
4.5984183e-10
-5.3246616e-20
4.4648735e-20
4.1151161e-10
-1.1151822e-20
1.9942451e-20
3.5041072e-10
2.7226748e-20
2.1169336e-21
2.7459701e-10
3.5928624e-20
-3.0459074e-21
1.8160885e-10
2.713344e-21
6.8431339e-11
8.4050777e-21
1.2225075e-20
7.4667885e-11
3.7624338e-21
3.8273332e-20
1.9999475e-10
1.8394037e-21
5.5143573e-20
3.0426063e-10
1.0337948e-20
5.923769e-20
3.9011898e-10
2.4657704e-20
5.3230276e-20
4.5984183e-10
3.4711437e-20
4.5441001e-20
5.1530186e-10
3.520336e-20
4.2374369e-20
5.5799122e-10
2.8533467e-20
4.3269958e-20
5.8905357e-10
1.9196642e-20
4.288478e-20
6.0931608e-10
6.9576173e-21
3.887024e-20
6.193154e-10
-1.2620524e-20
3.516128e-20
6.193154e-10
-4.1430101e-20
3.7675446e-20
6.0931608e-10
-7.3786389e-20
4.7354738e-20
5.8905357e-10
-9.7826067e-20
5.8117695e-20
5.5799122e-10
-1.0084747e-19
6.1282497e-20
5.1530186e-10
-7.5325571e-20
5.1526814e-20
4.5984183e-10
-2.5561457e-20
2.9610161e-20
3.9011898e-10
2.5847892e-20
1.7908238e-21
3.0426063e-10
4.3010233e-20
-2.1097567e-20
1.9999475e-10
-2.3427313e-20
7.4667885e-11
1.8450143e-20
7.696045e-21
7.937201e-11
1.5553831e-20
2.6756569e-20
2.1390031e-10
7.5488221e-21
4.1436066e-20
3.2679046e-10
9.1549329e-21
4.6648597e-20
4.2042142e-10
2.165699e-20
4.0896381e-20
4.9689356e-10
3.4309229e-20
3.0603812e-20
5.5799122e-10
3.6454082e-20
2.5307494e-20
6.0517456e-10
2.7504277e-20
2.835413e-20
6.3958723e-10
1.5016669e-20
3.3802188e-20
6.6207012e-10
4.1345047e-21
3.3262683e-20
6.7317499e-10
-8.5114806e-21
2.5171489e-20
6.7317499e-10
-3.0002965e-20
1.6550088e-20
6.6207012e-10
-6.1485907e-20
1.5950701e-20
6.3958723e-10
-9.3500153e-20
2.536412e-20
6.0517456e-10
-1.0971139e-19
3.8349044e-20
5.5799122e-10
-9.6096189e-20
4.4366447e-20
4.9689356e-10
-5.1674598e-20
3.4989297e-20
4.2042142e-10
2.6792988e-21
8.8661449e-21
3.2679046e-10
2.8794944e-20
-2.3526926e-20
2.1390031e-10
-3.6183258e-20
7.937201e-11
2.7606745e-20
3.1444475e-21
8.2750524e-11
2.7465521e-20
1.2315447e-20
2.239027e-10
1.4299654e-20
2.2702993e-20
3.4303815e-10
7.539841e-21
2.9962588e-20
4.4234134e-10
1.6209017e-20
2.7619309e-20
5.2377843e-10
3.2560459e-20
1.6089691e-20
5.8905357e-10
4.0680037e-20
4.80748e-21
6.3958723e-10
3.222583e-20
3.3430888e-21
6.7650936e-10
1.3226685e-20
1.1389591e-20
7.0066082e-10
-4.6290192e-21
1.8914364e-20
7.1259813e-10
-1.7002051e-20
1.6565528e-20
7.1259813e-10
-3.0046201e-20
5.1702391e-21
7.0066082e-10
-5.1586785e-20
-5.0546162e-21
6.7650936e-10
-8.0509519e-20
-3.9316074e-21
6.3958723e-10
-1.0426924e-19
9.8251083e-21
5.8905357e-10
-1.0618656e-19
2.700433e-20
5.2377843e-10
-7.8354549e-20
3.3451905e-20
4.4234134e-10
-3.3071658e-20
1.9369886e-20
3.4303815e-10
-1.0437031e-21
-1.0724441e-20
2.239027e-10
-3.1449133e-20
8.2750524e-11
3.4208929e-20
1.5227116e-21
8.4936587e-11
3.8379546e-20
-9.2485427e-22
2.3038048e-10
2.3410519e-20
1.9332971e-21
3.5357678e-10
8.0912493e-21
1.0365467e-20
4.5658603e-10
8.4605629e-21
1.5154683e-20
5.4128392e-10
2.4930729e-20
7.8951272e-21
6.0931608e-10
4.1416568e-20
-8.2516844e-21
6.6207012e-10
4.0540254e-20
-2.0699624e-20
7.0066082e-10
1.9814113e-20
-2.0092336e-20
7.2592437e-10
-7.9870249e-21
-9.6952993e-21
7.3841724e-10
-2.8866562e-20
-1.6258233e-21
7.3841724e-10
-4.0340968e-20
-4.3671659e-21
7.2592437e-10
-5.0677615e-20
-1.4543398e-20
7.0066082e-10
-6.7706917e-20
-2.0409967e-20
6.6207012e-10
-8.9118618e-20
-1.2757641e-20
6.0931608e-10
-1.0256348e-19
6.540675e-21
5.4128392e-10
-9.5518751e-20
2.4817069e-20
4.5658603e-10
-6.7974722e-20
2.7374792e-20
3.5357678e-10
-3.505844e-20
1.0005125e-20
2.3038048e-10
-1.3062193e-20
8.4936587e-11
3.5057611e-20
5.4940711e-21
8.6010607e-11
4.5063221e-20
-7.684444e-21
2.3356451e-10
3.4692647e-20
-1.6075468e-20
3.5876113e-10
1.4811269e-20
-1.0957863e-20
4.6360076e-10
3.3285604e-21
6.8998914e-22
5.499138e-10
1.1430521e-20
3.7856895e-21
6.193154e-10
3.1339733e-20
-9.2883524e-21
6.7317499e-10
4.2325772e-20
-3.0809504e-20
7.1259813e-10
3.0162697e-20
-4.5113226e-20
7.3841724e-10
-4.235083e-22
-4.3522393e-20
7.5118791e-10
-3.1864171e-20
-3.1487046e-20
7.5118791e-10
-5.0498693e-20
-2.1784907e-20
7.3841724e-10
-5.686305e-20
-2.154843e-20
7.1259813e-10
-6.155058e-20
-2.6022301e-20
6.7317499e-10
-7.3086455e-20
-2.4126358e-20
6.193154e-10
-8.9209816e-20
-9.4620261e-21
5.499138e-10
-9.8496514e-20
1.3007534e-20
4.6360076e-10
-9.0125161e-20
3.0028588e-20
3.5876113e-10
-6.1152665e-20
2.999769e-20
2.3356451e-10
1.0591532e-20
8.6010607e-11
2.6634364e-20
1.498305e-20
8.6010607e-11
4.2454131e-20
-4.4953201e-21
2.3356451e-10
4.4027062e-20
-2.5639294e-20
3.5876113e-10
2.8357853e-20
-3.0366539e-20
4.6360076e-10
7.3175096e-21
-1.8460667e-20
5.499138e-10
-4.4613537e-22
-4.8095124e-21
6.193154e-10
1.140943e-20
-5.7940121e-21
6.7317499e-10
2.9263957e-20
-2.4945434e-20
7.1259813e-10
3.2206015e-20
-4.9950763e-20
7.3841724e-10
1.1607473e-20
-6.395855e-20
7.5118791e-10
-2.1982889e-20
-6.0116533e-20
7.5118791e-10
-4.974819e-20
-4.5798597e-20
7.3841724e-10
-6.1159101e-20
-3.3631961e-20
7.1259813e-10
-6.096041e-20
-2.9191322e-20
6.7317499e-10
-6.223478e-20
-2.7052523e-20
6.193154e-10
-7.3203161e-20
-1.7505317e-20
5.499138e-10
-8.8916873e-20
3.271926e-21
4.6360076e-10
-9.3992724e-20
2.8441086e-20
3.5876113e-10
-7.1617768e-20
4.3431512e-20
2.3356451e-10
3.0900141e-20
8.6010607e-11
7.8978744e-21
2.6097854e-20
8.4936587e-11
2.6925768e-20
7.1379127e-21
2.3038048e-10
4.4543737e-20
-2.3771192e-20
3.5357678e-10
4.2860871e-20
-4.228339e-20
4.5658603e-10
2.1593658e-20
-3.9859233e-20
5.4128392e-10
-1.2521725e-21
-2.3877471e-20
6.0931608e-10
-7.2192801e-21
-1.121694e-20
6.6207012e-10
4.8768863e-21
-1.5529814e-20
7.0066082e-10
1.8422415e-20
-3.6228859e-20
7.2592437e-10
1.5304462e-20
-5.9204201e-20
7.3841724e-10
-7.5952208e-21
-6.9198761e-20
7.3841724e-10
-3.6921041e-20
-6.2361396e-20
7.2592437e-10
-5.5966333e-20
-4.7199896e-20
7.0066082e-10
-5.9352887e-20
-3.4645515e-20
6.6207012e-10
-5.6074985e-20
-2.7566704e-20
6.0931608e-10
-5.9283215e-20
-1.9408641e-20
5.4128392e-10
-7.2005322e-20
-1.9282729e-21
4.5658603e-10
-8.1437631e-20
2.4958127e-20
3.5357678e-10
-6.5588085e-20
4.8230268e-20
2.3038048e-10
4.2221045e-20
8.4936587e-11
-1.7771354e-20
3.2605484e-20
8.2750524e-11
-1.5910793e-22
2.0520467e-20
2.239027e-10
3.1511895e-20
-1.3032384e-20
3.4303815e-10
4.8579173e-20
-4.3181598e-20
4.4234134e-10
3.8538373e-20
-5.6285478e-20
5.2377843e-10
1.1279192e-20
-4.9693154e-20
5.8905357e-10
-1.1709241e-20
-3.2072325e-20
6.3958723e-10
-1.585377e-20
-1.8816854e-20
6.7650936e-10
-4.8486795e-21
-2.0980988e-20
7.0066082e-10
4.5335889e-21
-3.6440703e-20
7.1259813e-10
-1.5713355e-21
-5.247744e-20
7.1259813e-10
-2.19332e-20
-5.7422279e-20
7.0066082e-10
-4.2934936e-20
-4.9914657e-20
6.7650936e-10
-5.2312196e-20
-3.7507737e-20
6.3958723e-10
-5.0367832e-20
-2.7172432e-20
5.8905357e-10
-4.7860371e-20
-1.8019527e-20
5.2377843e-10
-5.2755799e-20
-3.1287678e-21
4.4234134e-10
-5.8903039e-20
2.1058987e-20
3.4303815e-10
-4.7863855e-20
4.5065085e-20
2.239027e-10
4.2898859e-20
8.2750524e-11
-4.3219914e-20
2.9448979e-20
7.937201e-11
-3.190305e-20
2.773896e-20
2.1390031e-10
6.3648364e-21
1.7067284e-22
3.2679046e-10
3.8829641e-20
-3.3778293e-20
4.2042142e-10
4.6246421e-20
-6.034954e-20
4.9689356e-10
2.870166e-20
-7.0027704e-20
5.5799122e-10
1.0674648e-21
-6.0477314e-20
6.0517456e-10
-1.8338407e-20
-3.9722371e-20
6.3958723e-10
-2.0791061e-20
-2.2026234e-20
6.6207012e-10
-1.268925e-20
-1.7324866e-20
6.7317499e-10
-8.3732095e-21
-2.4086498e-20
6.7317499e-10
-1.6226247e-20
-3.25082e-20
6.6207012e-10
-3.1607629e-20
-3.4339938e-20
6.3958723e-10
-4.2755739e-20
-2.9036094e-20
6.0517456e-10
-4.3291352e-20
-2.1001261e-20
5.5799122e-10
-3.7805378e-20
-1.2460258e-20
4.9689356e-10
-3.4547344e-20
-4.2339435e-22
4.2042142e-10
-3.3921859e-20
1.8072048e-20
3.2679046e-10
-2.5858194e-20
3.6699383e-20
2.1390031e-10
3.4932136e-20
7.937201e-11
-6.0333398e-20
1.6135593e-20
7.4667885e-11
-5.8838463e-20
2.5034321e-20
1.9999475e-10
-2.361862e-20
1.1119819e-20
3.0426063e-10
1.4689281e-20
-1.6411167e-20
3.9011898e-10
3.6943933e-20
-4.7487845e-20
4.5984183e-10
3.7451938e-20
-7.1263028e-20
5.1530186e-10
2.0860778e-20
-7.8222672e-20
5.5799122e-10
-1.1702561e-21
-6.5878889e-20
5.8905357e-10
-1.6379759e-20
-4.2032649e-20
6.0931608e-10
-2.0332543e-20
-1.99568e-20
6.193154e-10
-1.8906147e-20
-8.5982329e-21
6.193154e-10
-2.1149334e-20
-7.2730003e-21
6.0931608e-10
-2.9466661e-20
-9.1362054e-21
5.8905357e-10
-3.744531e-20
-8.6214434e-21
5.5799122e-10
-3.770882e-20
-4.9609882e-21
5.1530186e-10
-3.0016812e-20
5.113928e-22
4.5984183e-10
-2.0397681e-20
8.0867397e-21
3.9011898e-10
-1.3195456e-20
1.8638913e-20
3.0426063e-10
-6.8290404e-21
2.7900306e-20
1.9999475e-10
2.3078251e-20
7.4667885e-11
-6.2978655e-20
-2.705431e-21
6.8431339e-11
-7.2379382e-20
1.445769e-20
1.8160885e-10
-4.8927381e-20
1.9309747e-20
2.7459701e-10
-1.6112227e-20
7.654066e-21
3.5041072e-10
1.1435568e-20
-1.6695427e-20
4.1151161e-10
2.7874897e-20
-4.5675386e-20
4.5984183e-10
3.0810687e-20
-6.8755797e-20
4.9689356e-10
2.1244687e-20
-7.6362561e-20
5.2377843e-10
5.290517e-21
-6.5805974e-20
5.4128392e-10
-9.185142e-21
-4.3590259e-20
5.499138e-10
-1.8824269e-20
-2.0547621e-20
5.499138e-10
-2.5926378e-20
-4.0522562e-21
5.4128392e-10
-3.3104645e-20
5.3781734e-21
5.2377843e-10
-3.8267565e-20
1.1119332e-20
4.9689356e-10
-3.6674328e-20
1.5757483e-20
4.5984183e-10
-2.6997562e-20
1.9719896e-20
4.1151161e-10
-1.3414478e-20
2.2882454e-20
3.5041072e-10
-1.8022377e-21
2.5027755e-20
2.7459701e-10
3.9455354e-21
2.3711168e-20
1.8160885e-10
1.3177497e-20
6.8431339e-11
-4.8933881e-20
-1.9643609e-20
6.0338636e-11
-6.6729092e-20
8.0510872e-22
1.5787095e-10
-6.0694194e-20
2.4605716e-20
2.3656652e-10
-4.331554e-20
3.4476967e-20
2.9987395e-10
-2.2561988e-20
2.5943353e-20
3.5041072e-10
-8.7343902e-22
1.9647792e-21
3.9011898e-10
1.8180067e-20
-3.0010631e-20
4.2042142e-10
2.82969e-20
-5.8728225e-20
4.4234134e-10
2.5875399e-20
-7.3377621e-20
4.5658603e-10
1.3625956e-20
-6.9602519e-20
4.6360076e-10
-2.4396032e-21
-5.1396991e-20
4.6360076e-10
-1.7837692e-20
-2.7166156e-20
4.5658603e-10
-3.0428012e-20
-4.0061768e-21
4.4234134e-10
-3.7908904e-20
1.4703062e-20
4.2042142e-10
-3.744103e-20
2.8066823e-20
3.9011898e-10
-2.8447421e-20
3.580332e-20
3.5041072e-10
-1.4518674e-20
3.7870916e-20
2.9987395e-10
-1.5544908e-21
3.4445362e-20
2.3656652e-10
4.6921621e-21
2.5060083e-20
1.5787095e-10
8.8232057e-21
6.0338636e-11
-2.1828128e-20
-2.6885989e-20
4.9849562e-11
-4.1206238e-20
-1.0388208e-20
1.2742848e-10
-5.2548371e-20
2.3864638e-20
1.8838283e-10
-5.6603526e-20
5.1672648e-20
2.3656652e-10
-5.3329751e-20
6.0840991e-20
2.7459701e-10
-4.0111602e-20
4.8292849e-20
3.0426063e-10
-1.7122972e-20
1.7226198e-20
3.2679046e-10
8.3350094e-21
-2.291375e-20
3.4303815e-10
2.5967724e-20
-5.8478788e-20
3.5357678e-10
2.9865408e-20
-7.7390123e-20
3.5876113e-10
2.1044414e-20
-7.5046524e-20
3.5876113e-10
4.7676109e-21
-5.5360033e-20
3.5357678e-10
-1.2958725e-20
-2.698204e-20
3.4303815e-10
-2.6656812e-20
1.5154299e-21
3.2679046e-10
-3.2331902e-20
2.4174552e-20
3.0426063e-10
-2.9039443e-20
3.7994398e-20
2.7459701e-10
-1.9617116e-20
4.2325394e-20
2.3656652e-10
-8.9472986e-21
3.7928058e-20
1.8838283e-10
-1.7119256e-21
2.5940013e-20
1.2742848e-10
8.1380997e-21
4.9849562e-11
6.6218829e-21
-1.9762048e-20
3.5939364e-11
-5.4052825e-21
-1.3111302e-20
8.8069255e-11
-2.5534406e-20
1.5098e-20
1.2742848e-10
-4.7943525e-20
4.3515323e-20
1.5787095e-10
-6.5529283e-20
5.9279488e-20
1.8160885e-10
-7.0085967e-20
5.6455785e-20
1.9999475e-10
-5.6500008e-20
3.5048488e-20
2.1390031e-10
-2.8366269e-20
1.2679498e-21
2.239027e-10
3.2620036e-21
-3.3736319e-20
2.3038048e-10
2.6503373e-20
-5.8233913e-20
2.3356451e-10
3.4771665e-20
-6.5170985e-20
2.3356451e-10
2.8426702e-20
-5.480839e-20
2.3038048e-10
1.2828473e-20
-3.3330484e-20
2.239027e-10
-4.5934483e-21
-8.9040473e-21
2.1390031e-10
-1.739701e-20
1.1684441e-20
1.9999475e-10
-2.2587457e-20
2.4730032e-20
1.8160885e-10
-2.1144357e-20
2.9450308e-20
1.5787095e-10
-1.5962784e-20
2.671984e-20
1.2742848e-10
-9.0054255e-21
1.7717947e-20
8.8069255e-11
5.0864257e-21
3.5939364e-11
1.6330081e-20
1.6236676e-11
1.8674356e-20
3.5939364e-11
6.4270239e-21
4.9849562e-11
-1.5935855e-20
6.0338636e-11
-4.0473324e-20
6.8431339e-11
-5.770428e-20
7.4667885e-11
-5.9722426e-20
7.937201e-11
-4.4983736e-20
8.2750524e-11
-1.9393982e-20
8.4936587e-11
7.0437421e-21
8.6010607e-11
2.5294472e-20
8.6010607e-11
3.0996999e-20
8.4936587e-11
2.5352869e-20
8.2750524e-11
1.3388812e-20
7.937201e-11
1.0135572e-21
7.4667885e-11
-7.8943537e-21
6.8431339e-11
-1.2507934e-20
6.0338636e-11
-1.3561028e-20
4.9849562e-11
-1.0581659e-20
3.5939364e-11
1.6236676e-11
-1.520952e-20
9.5667657e-21
1.6236676e-11
-1.7858252e-20
2.1831897e-20
3.5939364e-11
-1.1303354e-20
2.4387486e-20
4.9849562e-11
-5.0620105e-21
1.7813601e-20
6.0338636e-11
-4.0395889e-21
9.5164653e-21
6.8431339e-11
-7.8811603e-21
6.2361463e-21
7.4667885e-11
-1.3407676e-20
9.3649101e-21
7.937201e-11
-1.7792734e-20
1.5712116e-20
8.2750524e-11
-2.0340728e-20
2.0673806e-20
8.4936587e-11
-2.1885056e-20
2.0547846e-20
8.6010607e-11
-2.3760971e-20
1.3165438e-20
8.6010607e-11
-2.7751881e-20
-1.6019825e-21
8.4936587e-11
-3.6302712e-20
-2.059183e-20
8.2750524e-11
-5.0907646e-20
-3.6831304e-20
7.937201e-11
-6.8970183e-20
-4.201197e-20
7.4667885e-11
-8.2314662e-20
-3.1407922e-20
6.8431339e-11
-8.0847766e-20
-7.93855e-21
6.0338636e-11
-6.0931388e-20
1.8341723e-20
4.9849562e-11
-3.1732496e-20
3.4280229e-20
3.5939364e-11
2.3971681e-20
1.6236676e-11
-2.2894537e-20
7.3352717e-21
3.5939364e-11
-3.5668716e-20
2.8396583e-20
8.8069255e-11
-3.4479379e-20
3.6107615e-20
1.2742848e-10
-2.647782e-20
3.0034824e-20
1.5787095e-10
-2.015891e-20
1.9775563e-20
1.8160884e-10
-2.0276808e-20
1.5247497e-20
1.9999475e-10
-2.6453437e-20
1.9704934e-20
2.1390031e-10
-3.5816526e-20
2.9755529e-20
2.239027e-10
-4.6540948e-20
3.9341982e-20
2.3038048e-10
-5.8410056e-20
4.3137426e-20
2.3356451e-10
-7.1195583e-20
3.7731029e-20
2.3356451e-10
-8.4024606e-20
2.2109011e-20
2.3038048e-10
-9.6699564e-20
-8.504056e-22
2.239027e-10
-1.1015787e-19
-2.3385684e-20
2.1390031e-10
-1.2369594e-19
-3.4965185e-20
1.9999475e-10
-1.3120463e-19
-2.7974164e-20
1.8160884e-10
-1.222799e-19
-3.3527121e-21
1.5787095e-10
-9.1864709e-20
2.8182728e-20
1.2742848e-10
-5.029635e-20
4.9525537e-20
8.8069255e-11
3.9509916e-20
3.5939364e-11
-1.9564139e-20
5.2445105e-21
4.9849562e-11
-4.0583613e-20
3.2222621e-20
1.2742848e-10
-4.9066051e-20
4.6201369e-20
1.8838283e-10
-4.3690894e-20
4.3530168e-20
2.3656652e-10
-3.2467445e-20
3.2837221e-20
2.7459701e-10
-2.5248221e-20
2.5653239e-20
3.0426063e-10
-2.6961681e-20
2.8052079e-20
3.2679046e-10
-3.7138458e-20
3.8759071e-20
3.4303815e-10
-5.3695502e-20
5.2244466e-20
3.5357678e-10
-7.4941597e-20
6.2627721e-20
3.5876113e-10
-9.8404319e-20
6.5282421e-20
3.5876113e-10
-1.1960328e-19
5.7297884e-20
3.5357678e-10
-1.3406655e-19
3.8866602e-20
3.4303815e-10
-1.4040283e-19
1.5234596e-20
3.2679046e-10
-1.3994563e-19
-3.6234083e-21
3.0426063e-10
-1.3231081e-19
-7.5281436e-21
2.7459701e-10
-1.126096e-19
7.1565458e-21
2.3656652e-10
-7.7793935e-20
3.3090672e-20
1.8838283e-10
-3.7553113e-20
5.3082957e-20
1.2742848e-10
4.4023764e-20
4.9849562e-11
-1.0254703e-20
7.9155795e-21
6.0338636e-11
-3.7332496e-20
3.8520912e-20
1.5787095e-10
-5.624528e-20
5.7379466e-20
2.3656652e-10
-5.5796524e-20
5.8823403e-20
2.9987395e-10
-4.0760835e-20
4.8454832e-20
3.5041072e-10
-2.4620994e-20
3.7348127e-20
3.9011898e-10
-1.8232571e-20
3.429843e-20
4.2042142e-10
-2.5094318e-20
4.1616668e-20
4.4234134e-10
-4.398636e-20
5.6072053e-20
4.5658603e-10
-7.2358464e-20
7.2380898e-20
4.6360076e-10
-1.059341e-19
8.5249836e-20
4.6360076e-10
-1.3701659e-19
8.9637353e-20
4.5658603e-10
-1.5645969e-19
8.186464e-20
4.4234134e-10
-1.5879435e-19
6.2622887e-20
4.2042142e-10
-1.4517636e-19
3.8996878e-20
3.9011898e-10
-1.2025782e-19
2.2047535e-20
3.5041072e-10
-8.6772789e-20
1.9813082e-20
2.9987395e-10
-4.7181114e-20
3.0455791e-20
2.3656652e-10
-1.2870218e-20
4.0994415e-20
1.5787095e-10
3.2887066e-20
6.0338636e-11
-5.51289e-22
1.4746906e-20
6.8431339e-11
-3.0428022e-20
4.712927e-20
1.8160884e-10
-5.8195402e-20
6.8655419e-20
2.7459701e-10
-6.4300653e-20
7.4272643e-20
3.5041072e-10
-4.8185479e-20
6.5724319e-20
4.1151161e-10
-2.4005156e-20
5.1302794e-20
4.5984183e-10
-7.3834878e-21
4.1009305e-20
4.9689356e-10
-6.6035923e-21
4.082469e-20
5.2377843e-10
-2.2816587e-20
5.0882824e-20
5.4128392e-10
-5.4027518e-20
6.774465e-20
5.499138e-10
-9.5737732e-20
8.6822216e-20
5.499138e-10
-1.3859167e-19
1.0248419e-19
5.4128392e-10
-1.6910045e-19
1.0832921e-19
5.2377843e-10
-1.7594231e-19
1.0005851e-19
4.9689356e-10
-1.5665567e-19
7.9581209e-20
4.5984183e-10
-1.179158e-19
5.5366249e-20
4.1151161e-10
-6.9565383e-20
3.7084668e-20
3.5041072e-10
-2.2013824e-20
2.7993615e-20
2.7459701e-10
8.6839078e-21
2.2515658e-20
1.8160884e-10
1.2528504e-20
6.8431339e-11
6.6218642e-21
2.2036185e-20
7.4667885e-11
-2.2355203e-20
5.3921013e-20
1.9999475e-10
-5.5887298e-20
7.5462215e-20
3.0426063e-10
-6.9602071e-20
8.4932117e-20
3.9011898e-10
-5.6574538e-20
8.0553818e-20
4.5984183e-10
-2.8043116e-20
6.5764954e-20
5.1530186e-10
-1.8900399e-21
4.9307708e-20
5.5799122e-10
9.0529394e-21
3.9843675e-20
5.8905357e-10
2.1352598e-22
4.1068753e-20
6.0931608e-10
-2.8196251e-20
5.1879626e-20
6.193154e-10
-7.3185327e-20
6.9274726e-20
6.193154e-10
-1.2605123e-19
8.9298289e-20
6.0931608e-10
-1.7095424e-19
1.0593282e-19
5.8905357e-10
-1.9053385e-19
1.1209214e-19
5.5799122e-10
-1.7595574e-19
1.0377969e-19
5.1530186e-10
-1.3189148e-19
8.3381706e-20
4.5984183e-10
-7.2554452e-20
5.7754568e-20
3.9011898e-10
-1.5942027e-20
3.2563704e-20
3.0426063e-10
1.6301774e-20
9.8613044e-21
1.9999475e-10
-6.1775797e-21
7.4667885e-11
1.0510844e-20
2.6579009e-20
7.937201e-11
-1.4335113e-20
5.5257335e-20
2.1390031e-10
-4.9432411e-20
7.3924418e-20
3.2679046e-10
-7.037881e-20
8.5971415e-20
4.2042142e-10
-6.4641836e-20
8.7745586e-20
4.9689356e-10
-3.7408829e-20
7.6749381e-20
5.5799122e-10
-5.3477561e-21
5.7745906e-20
6.0517456e-10
1.5276748e-20
4.024403e-20
6.3958723e-10
1.5910487e-20
3.1353237e-20
6.6207012e-10
-5.4682981e-21
3.2502355e-20
6.7317499e-10
-4.7623063e-20
4.2048066e-20
6.7317499e-10
-1.0423916e-19
5.8185562e-20
6.6207012e-10
-1.6036936e-19
7.7998743e-20
6.3958723e-10
-1.9540129e-19
9.5534194e-20
6.0517456e-10
-1.9395925e-19
1.0327695e-19
5.5799122e-10
-1.5550517e-19
9.6457307e-20
4.9689356e-10
-9.4174667e-20
7.5424231e-20
4.2042142e-10
-3.1964801e-20
4.4281086e-20
3.2679046e-10
6.2776224e-21
9.827624e-21
2.1390031e-10
-1.4747989e-20
7.937201e-11
1.1286593e-20
2.7645077e-20
8.2750524e-11
-7.5745203e-21
5.0852414e-20
2.239027e-10
-3.954519e-20
6.396189e-20
3.4303815e-10
-6.5186805e-20
7.6030416e-20
4.4234134e-10
-6.9310184e-20
8.4258725e-20
5.2377843e-10
-4.9386077e-20
8.0943603e-20
5.8905357e-10
-1.6926102e-20
6.4436995e-20
6.3958723e-10
1.0575825e-20
4.2267986e-20
6.7650936e-10
2.0202661e-20
2.4346749e-20
7.0066082e-10
7.1608692e-21
1.5484768e-20
7.1259813e-10
-2.8185441e-20
1.5370418e-20
7.1259813e-10
-8.1379194e-20
2.3087884e-20
7.0066082e-10
-1.4065301e-19
3.8683106e-20
6.7650936e-10
-1.8667247e-19
6.0041566e-20
6.3958723e-10
-2.0085228e-19
8.0368973e-20
5.8905357e-10
-1.7681002e-19
9.036602e-20
5.2377843e-10
-1.2417276e-19
8.3184812e-20
4.4234134e-10
-6.3264337e-20
5.8016288e-20
3.4303815e-10
-1.7458341e-20
2.1643987e-20
2.239027e-10
-1.0472739e-20
8.2750524e-11
9.0826253e-21
2.6807961e-20
8.4936587e-11
-3.7696706e-21
4.3503467e-20
2.3038048e-10
-2.8337269e-20
4.8952181e-20
3.5357678e-10
-5.3908789e-20
5.7285879e-20
4.5658603e-10
-6.747856e-20
6.9632512e-20
5.4128392e-10
-5.977735e-20
7.6054555e-20
6.0931608e-10
-3.3513091e-20
6.7656459e-20
6.6207012e-10
-3.4897513e-21
4.6204545e-20
7.0066082e-10
1.3526154e-20
2.1897312e-20
7.2592437e-10
8.5032925e-21
3.7827578e-21
7.3841724e-10
-1.9062695e-20
-5.4678242e-21
7.3841724e-10
-6.463807e-20
-6.4117388e-21
7.2592437e-10
-1.1908425e-19
1.7102221e-21
7.0066082e-10
-1.6749843e-19
2.0050906e-20
6.6207012e-10
-1.9313141e-19
4.5458038e-20
6.0931608e-10
-1.8630242e-19
6.8676711e-20
5.4128392e-10
-1.4997329e-19
7.8442763e-20
4.5658603e-10
-9.7457193e-20
6.8021386e-20
3.5357678e-10
-4.576648e-20
3.9585247e-20
2.3038048e-10
3.7797767e-21
8.4936587e-11
3.4945008e-21
2.6507426e-20
8.6010607e-11
-5.1519151e-21
3.6909435e-20
2.3356451e-10
-1.9396944e-20
3.3460365e-20
3.5876113e-10
-3.8609814e-20
3.3794811e-20
4.6360076e-10
-5.7306864e-20
4.4894333e-20
5.499138e-10
-6.3739578e-20
5.9262559e-20
6.193154e-10
-5.0475193e-20
6.3142655e-20
6.7317499e-10
-2.4398965e-20
4.9841383e-20
7.1259813e-10
-2.8133668e-21
2.4955245e-20
7.3841724e-10
-7.3633053e-23
-1.9757805e-22
7.5118791e-10
-1.9698258e-20
-1.8037588e-20
7.5118791e-10
-5.6581145e-20
-2.6819043e-20
7.3841724e-10
-1.0188842e-19
-2.6046116e-20
7.1259813e-10
-1.4489277e-19
-1.3786115e-20
6.7317499e-10
-1.7409502e-19
1.0176855e-20
6.193154e-10
-1.8069643e-19
3.99099e-20
5.499138e-10
-1.6215341e-19
6.3882271e-20
4.6360076e-10
-1.2225207e-19
7.1024417e-20
3.5876113e-10
-6.8578656e-20
5.6582586e-20
2.3356451e-10
2.1741095e-20
8.6010607e-11
-6.5146372e-21
2.8652856e-20
8.6010607e-11
-1.4064017e-20
3.3890339e-20
2.3356451e-10
-1.728724e-20
2.144936e-20
3.5876113e-10
-2.4204004e-20
1.04925e-20
4.6360076e-10
-4.0110781e-20
1.3199725e-20
5.499138e-10
-5.7257469e-20
2.8567993e-20
6.193154e-10
-6.1111983e-20
4.3851061e-20
6.7317499e-10
-4.7113341e-20
4.5228859e-20
7.1259813e-10
-2.6951302e-20
2.9234034e-20
7.3841724e-10
-1.7956068e-20
3.8088819e-21
7.5118791e-10
-2.8977487e-20
-2.0135146e-20
7.5118791e-10
-5.6630701e-20
-3.6180218e-20
7.3841724e-10
-9.1478212e-20
-4.2202738e-20
7.1259813e-10
-1.2463414e-19
-3.6465695e-20
6.7317499e-10
-1.4981945e-19
-1.7351835e-20
6.193154e-10
-1.6225e-19
1.2813694e-20
5.499138e-10
-1.5718155e-19
4.5103583e-20
4.6360076e-10
-1.2999481e-19
6.6864299e-20
3.5876113e-10
-7.8915392e-20
6.691293e-20
2.3356451e-10
3.6594345e-20
8.6010607e-11
-2.2171368e-20
3.3197841e-20
8.4936587e-11
-3.2154071e-20
3.5333633e-20
2.3038048e-10
-2.6205398e-20
1.5577631e-20
3.5357678e-10
-1.7845653e-20
-7.0620415e-21
4.5658603e-10
-2.2196956e-20
-1.8356707e-20
5.4128392e-10
-4.0665932e-20
-1.194689e-20
6.0931608e-10
-5.8942085e-20
6.5490888e-21
6.6207012e-10
-6.2712823e-20
2.2613957e-20
7.0066082e-10
-5.2803149e-20
2.4022731e-20
7.2592437e-10
-4.3262265e-20
9.5973937e-21
7.3841724e-10
-4.6833801e-20
-1.2363056e-20
7.3841724e-10
-6.4572105e-20
-3.2192897e-20
7.2592437e-10
-8.8252889e-20
-4.3966256e-20
7.0066082e-10
-1.0958624e-19
-4.4588305e-20
6.6207012e-10
-1.2553309e-19
-3.1782446e-20
6.0931608e-10
-1.3595424e-19
-5.5889692e-21
5.4128392e-10
-1.3712841e-19
2.8294437e-20
4.5658603e-10
-1.1965359e-19
5.7866957e-20
3.5357678e-10
-7.4960294e-20
6.8037362e-20
2.3038048e-10
4.3520459e-20
8.4936587e-11
-4.34602e-20
3.6887968e-20
8.2750524e-11
-5.889881e-20
3.9280364e-20
2.239027e-10
-4.774743e-20
1.6491122e-20
3.4303815e-10
-2.5986404e-20
-1.3976909e-20
4.4234134e-10
-1.3643859e-20
-3.9445239e-20
5.2377843e-10
-2.1723503e-20
-4.9302636e-20
5.8905357e-10
-4.3525372e-20
-3.9750476e-20
6.3958723e-10
-6.2546182e-20
-1.838175e-20
6.7650936e-10
-6.921756e-20
3.3905248e-22
7.0066082e-10
-6.822017e-20
5.7995029e-21
7.1259813e-10
-7.0356871e-20
-2.3109707e-21
7.1259813e-10
-8.0146707e-20
-1.6821854e-20
7.0066082e-10
-9.2743759e-20
-2.9538804e-20
6.7650936e-10
-1.0141788e-19
-3.4727457e-20
6.3958723e-10
-1.051957e-19
-2.8642749e-20
5.8905357e-10
-1.0769059e-19
-9.6221646e-21
5.2377843e-10
-1.080839e-19
1.9407112e-20
4.4234134e-10
-9.6096612e-20
4.8420763e-20
3.4303815e-10
-6.0063673e-20
6.1467198e-20
2.239027e-10
4.1444866e-20
8.2750524e-11
-6.6921288e-20
3.3814552e-20
7.937201e-11
-8.9955641e-20
4.0505225e-20
2.1390031e-10
-7.8817249e-20
2.1956839e-20
3.2679046e-10
-5.0047904e-20
-8.3881718e-21
4.2042142e-10
-2.276754e-20
-4.1544967e-20
4.9689356e-10
-1.2968413e-20
-6.7115326e-20
5.5799122e-10
-2.4133362e-20
-7.4880054e-20
6.0517456e-10
-4.6359822e-20
-6.2276269e-20
6.3958723e-10
-6.6823986e-20
-3.770051e-20
6.6207012e-10
-8.0413694e-20
-1.4575439e-20
6.7317499e-10
-9.0092361e-20
-1.9900578e-21
6.7317499e-10
-9.8713086e-20
-4.7521545e-22
6.6207012e-10
-1.0380737e-19
-4.8426213e-21
6.3958723e-10
-1.012465e-19
-8.7832322e-21
6.0517456e-10
-9.2310429e-20
-7.1254442e-21
5.5799122e-10
-8.3737331e-20
3.54421e-21
4.9689356e-10
-7.837822e-20
2.2933166e-20
4.2042142e-10
-6.8025321e-20
4.3913789e-20
3.2679046e-10
-4.0980807e-20
5.2413772e-20
2.1390031e-10
3.344928e-20
7.937201e-11
-8.4783085e-20
1.9349977e-20
7.4667885e-11
-1.165024e-19
3.2896472e-20
1.9999475e-10
-1.1136261e-19
2.7170794e-20
3.0426063e-10
-8.435373e-20
6.9813362e-21
3.9011898e-10
-5.0159729e-20
-2.3356348e-20
4.5984183e-10
-2.3729328e-20
-5.6323693e-20
5.1530186e-10
-1.5356303e-20
-8.0613668e-20
5.5799122e-10
-2.5715277e-20
-8.6410152e-20
5.8905357e-10
-4.750047e-20
-7.2214915e-20
6.0931608e-10
-7.2087716e-20
-4.5827695e-20
6.193154e-10
-9.4037015e-20
-1.8458773e-20
6.193154e-10
-1.0978653e-19
2.1943339e-21
6.0931608e-10
-1.1505596e-19
1.4298665e-20
5.8905357e-10
-1.0684576e-19
2.0155158e-20
5.5799122e-10
-8.8399417e-20
2.3665378e-20
5.1530186e-10
-6.924316e-20
2.8944939e-20
4.5984183e-10
-5.6189676e-20
3.8064297e-20
3.9011898e-10
-4.4786216e-20
4.7509455e-20
3.0426063e-10
-2.5085427e-20
4.6926235e-20
1.9999475e-10
2.518747e-20
7.4667885e-11
-8.7611018e-20
-4.3614118e-21
6.8431339e-11
-1.2757179e-19
1.4451157e-20
1.8160885e-10
-1.3454493e-19
2.7329442e-20
2.7459701e-10
-1.1829847e-19
2.5869514e-20
3.5041072e-10
-8.7840279e-20
8.3217666e-21
4.1151161e-10
-5.3664085e-20
-2.1334744e-20
4.5984183e-10
-2.7194131e-20
-5.4125421e-20
4.9689356e-10
-1.7076918e-20
-7.8404627e-20
5.2377843e-10
-2.5603891e-20
-8.5237513e-20
5.4128392e-10
-4.8527091e-20
-7.2977917e-20
5.499138e-10
-7.7604391e-20
-4.7188596e-20
5.499138e-10
-1.0311991e-19
-1.6599862e-20
5.4128392e-10
-1.1575367e-19
1.1245487e-20
5.2377843e-10
-1.1025769e-19
3.1938408e-20
4.9689356e-10
-8.9558898e-20
4.4624447e-20
4.5984183e-10
-6.4592787e-20
5.1347203e-20
4.1151161e-10
-4.5585529e-20
5.5134651e-20
3.5041072e-10
-3.2321562e-20
5.5779809e-20
2.7459701e-10
-1.7118182e-20
4.7120226e-20
1.8160884e-10
2.1371875e-20
6.8431339e-11
-7.0524246e-20
-2.7033095e-20
6.0338636e-11
-1.1528616e-19
-8.7101383e-21
1.5787095e-10
-1.3850313e-19
2.1208858e-20
2.3656652e-10
-1.4051644e-19
4.1293369e-20
2.9987395e-10
-1.2364408e-19
4.1864174e-20
3.5041072e-10
-9.3319136e-20
2.2833781e-20
3.9011898e-10
-5.8338496e-20
-9.6818585e-21
4.2042142e-10
-2.9900515e-20
-4.5414746e-20
4.4234134e-10
-1.7689293e-20
-7.2874015e-20
4.5658603e-10
-2.541046e-20
-8.3323821e-20
4.6360076e-10
-4.886334e-20
-7.4015775e-20
4.6360076e-10
-7.7381339e-20
-4.8804792e-20
4.5658603e-10
-9.7901543e-20
-1.5883654e-20
4.4234134e-10
-1.0089791e-19
1.5701529e-20
4.2042142e-10
-8.6048346e-20
3.9409195e-20
3.9011898e-10
-6.2845105e-20
5.3248113e-20
3.5041072e-10
-4.2967854e-20
5.9036923e-20
2.9987395e-10
-2.9480561e-20
5.8327e-20
2.3656652e-10
-1.6483778e-20
4.8033341e-20
1.5787095e-10
2.1992628e-20
6.0338636e-11
-3.8244427e-20
-3.5589505e-20
4.9849562e-11
-8.0364319e-20
-2.3867298e-20
1.2742848e-10
-1.1789451e-19
1.2635065e-20
1.8838283e-10
-1.4130677e-19
4.6907135e-20
2.3656652e-10
-1.4468253e-19
6.2607526e-20
2.7459701e-10
-1.2790328e-19
5.5119682e-20
3.0426063e-10
-9.5973375e-20
2.819024e-20
3.2679046e-10
-5.8877897e-20
-9.6065953e-21
3.4303815e-10
-2.8910755e-20
-4.7392058e-20
3.5357678e-10
-1.5825653e-20
-7.4387055e-20
3.5876113e-10
-2.2325593e-20
-8.3094923e-20
3.5876113e-10
-4.2321329e-20
-7.2020864e-20
3.5357678e-10
-6.3533291e-20
-4.6276381e-20
3.4303815e-10
-7.3871606e-20
-1.5068867e-20
3.2679046e-10
-6.8634635e-20
1.2602094e-20
3.0426063e-10
-5.3376493e-20
3.1814936e-20
2.7459701e-10
-3.8409899e-20
4.2530888e-20
2.3656652e-10
-2.8112395e-20
4.622246e-20
1.8838283e-10
-1.7389049e-20
4.1073916e-20
1.2742848e-10
2.1584026e-20
4.9849562e-11
-4.7787278e-21
-2.4597605e-20
3.5939364e-11
-3.4358651e-20
-2.1277452e-20
8.8069255e-11
-7.4830679e-20
6.7498444e-21
1.2742848e-10
-1.1295602e-19
3.6752076e-20
1.5787095e-10
-1.3561946e-19
5.355529e-20
1.8160885e-10
-1.3644689e-19
5.140097e-20
1.9999475e-10
-1.1622351e-19
3.2561179e-20
2.1390031e-10
-8.2234046e-20
3.7246387e-21
2.239027e-10
-4.5688252e-20
-2.6959783e-20
2.3038048e-10
-1.8033794e-20
-5.1581929e-20
2.3356451e-10
-6.6160668e-21
-6.3991801e-20
2.3356451e-10
-1.1401015e-20
-6.1847773e-20
2.3038048e-10
-2.4764259e-20
-4.7666697e-20
2.239027e-10
-3.5881959e-20
-2.7631391e-20
2.1390031e-10
-3.7670658e-20
-8.3157986e-21
1.9999475e-10
-3.1408639e-20
6.5138819e-21
1.8160884e-10
-2.4209679e-20
1.6643143e-20
1.5787095e-10
-1.9961775e-20
2.2817371e-20
1.2742848e-10
-1.3799017e-20
2.3140157e-20
8.8069255e-11
1.4083238e-20
3.5939364e-11
1.0811488e-20
1.6236676e-11
4.411835e-21
3.5939364e-11
-1.8144371e-20
4.9849562e-11
-4.8594273e-20
6.0338636e-11
-7.4327315e-20
6.8431339e-11
-8.6295356e-20
7.4667885e-11
-8.178437e-20
7.937201e-11
-6.4008387e-20
8.2750524e-11
-3.9511548e-20
8.4936587e-11
-1.5823106e-20
8.6010607e-11
6.0171012e-22
8.6010607e-11
6.6566972e-21
8.4936587e-11
4.1410513e-21
8.2750524e-11
-1.3874421e-21
7.937201e-11
-4.5484005e-21
7.4667885e-11
-4.1480938e-21
6.8431339e-11
-3.4647428e-21
6.0338636e-11
-5.2053219e-21
4.9849562e-11
-5.8352685e-21
3.5939364e-11
1.6236676e-11
-2.1693959e-21
-1.5221777e-21
1.6236676e-11
1.0599253e-20
8.6050623e-21
3.5939364e-11
1.9733679e-20
1.000055e-20
4.9849562e-11
2.1256717e-20
1.6640359e-21
6.0338636e-11
1.5463775e-20
-1.081047e-20
6.8431339e-11
3.613745e-21
-2.2163135e-20
7.4667885e-11
-1.1610575e-20
-2.995313e-20
7.937201e-11
-2.6591664e-20
-3.4801116e-20
8.2750524e-11
-3.8526063e-20
-3.8623689e-20
8.4936587e-11
-4.6182731e-20
-4.2982807e-20
8.6010607e-11
-4.99223e-20
-4.8623445e-20
8.6010607e-11
-5.1510968e-20
-5.5272012e-20
8.4936587e-11
-5.3052098e-20
-6.1194587e-20
8.2750524e-11
-5.4900647e-20
-6.35217e-20
7.937201e-11
-5.4906551e-20
-6.016015e-20
7.4667885e-11
-5.0406461e-20
-5.1496799e-20
6.8431339e-11
-4.0380928e-20
-3.9910684e-20
6.0338636e-11
-2.5755491e-20
-2.7499052e-20
4.9849562e-11
-1.0689251e-20
-1.3766146e-20
3.5939364e-11
5.9706236e-21
1.6236676e-11
4.0945075e-21
2.1059918e-21
3.5939364e-11
1.6229567e-20
1.7491915e-20
8.8069255e-11
2.2093894e-20
1.9738543e-20
1.2742848e-10
1.8795336e-20
6.0771869e-21
1.5787095e-10
6.6176989e-21
-1.5896489e-20
1.8160885e-10
-1.4382591e-20
-3.6867172e-20
1.9999475e-10
-4.1886634e-20
-5.1694251e-20
2.1390031e-10
-7.0674557e-20
-6.0773402e-20
2.239027e-10
-9.5735927e-20
-6.7251218e-20
2.3038048e-10
-1.1445989e-19
-7.3603284e-20
2.3356451e-10
-1.2646167e-19
-8.0355264e-20
2.3356451e-10
-1.3279652e-19
-8.6430875e-20
2.3038048e-10
-1.3510894e-19
-8.957732e-20
2.239027e-10
-1.3403506e-19
-8.6719815e-20
2.1390031e-10
-1.2758561e-19
-7.5566416e-20
1.9999475e-10
-1.117546e-19
-5.6681426e-20
1.8160884e-10
-8.2762762e-20
-3.4161866e-20
1.5787095e-10
-4.1031649e-20
-1.4199006e-20
1.2742848e-10
5.9596751e-22
-1.0382257e-21
8.8069255e-11
6.4806953e-21
3.5939364e-11
6.6156021e-21
2.8792645e-21
4.9849562e-11
9.6151008e-21
2.2285402e-20
1.2742848e-10
3.6505118e-21
2.5753448e-20
1.8838283e-10
-7.6136844e-21
8.1708114e-21
2.3656652e-10
-2.2394903e-20
-2.2135972e-20
2.7459701e-10
-4.3265034e-20
-5.2523933e-20
3.0426063e-10
-7.1395729e-20
-7.4038847e-20
3.2679046e-10
-1.0291574e-19
-8.5103893e-20
3.4303815e-10
-1.319042e-19
-8.975925e-20
3.5357678e-10
-1.5433311e-19
-9.282202e-20
3.5876113e-10
-1.6887232e-19
-9.63771e-20
3.5876113e-10
-1.7573487e-19
-9.9432343e-20
3.5357678e-10
-1.755998e-19
-9.9231584e-20
3.4303815e-10
-1.6893452e-19
-9.260859e-20
3.2679046e-10
-1.5484297e-19
-7.7369734e-20
3.0426063e-10
-1.3060653e-19
-5.4000964e-20
2.7459701e-10
-9.2756098e-20
-2.703384e-20
2.3656652e-10
-4.1417976e-20
-4.8744198e-21
1.8838283e-10
6.9323189e-21
4.6934706e-21
1.2742848e-10
3.1737133e-21
4.9849562e-11
6.0492378e-21
3.1029607e-21
6.0338636e-11
-4.4822047e-21
2.5458903e-20
1.5787095e-10
-2.6429516e-20
3.1770888e-20
2.3656652e-10
-4.7205851e-20
1.4486205e-20
2.9987395e-10
-6.169851e-20
-1.9508976e-20
3.5041072e-10
-7.5156024e-20
-5.6650457e-20
3.9011898e-10
-9.4559875e-20
-8.4284612e-20
4.2042142e-10
-1.2056296e-19
-9.6661613e-20
4.4234134e-10
-1.4792776e-19
-9.6501247e-20
4.5658603e-10
-1.7051746e-19
-9.0985411e-20
4.6360076e-10
-1.8462105e-19
-8.6026345e-20
4.6360076e-10
-1.8907686e-19
-8.3207443e-20
4.5658603e-10
-1.8408098e-19
-8.0296372e-20
4.4234134e-10
-1.7039534e-19
-7.3547299e-20
4.2042142e-10
-1.4851371e-19
-6.011985e-20
3.9011898e-10
-1.1795813e-19
-4.0011432e-20
3.5041072e-10
-7.7555959e-20
-1.7274763e-20
2.9987395e-10
-2.8219973e-20
-2.2476989e-24
2.3656652e-10
1.4493631e-20
4.0796571e-21
1.5787095e-10
-1.5352909e-21
6.0338636e-11
4.2152874e-21
5.5961517e-21
6.8431339e-11
-2.0541256e-20
2.9863704e-20
1.8160885e-10
-5.8949331e-20
3.975896e-20
2.7459701e-10
-9.0155609e-20
2.7225475e-20
3.5041072e-10
-1.041062e-19
-3.85608e-21
4.1151161e-10
-1.0651227e-19
-4.2719113e-20
4.5984183e-10
-1.1014722e-19
-7.5712731e-20
4.9689356e-10
-1.2306617e-19
-9.2095005e-20
5.2377843e-10
-1.4403291e-19
-8.9668478e-20
5.4128392e-10
-1.658768e-19
-7.4930989e-20
5.499138e-10
-1.8108006e-19
-5.7597599e-20
5.499138e-10
-1.8508583e-19
-4.4450539e-20
5.4128392e-10
-1.7671681e-19
-3.6583375e-20
5.2377843e-10
-1.5730772e-19
-3.0723656e-20
4.9689356e-10
-1.2917968e-19
-2.2719148e-20
4.5984183e-10
-9.428717e-20
-1.1025193e-20
4.1151161e-10
-5.4080879e-20
1.4281191e-21
3.5041072e-10
-1.0859632e-20
8.0861117e-21
2.7459701e-10
2.2071969e-20
3.6615004e-21
1.8160884e-10
-5.5794841e-21
6.8431339e-11
1.0705887e-21
1.0572226e-20
7.4667885e-11
-3.5261776e-20
3.5285069e-20
1.9999475e-10
-8.7093125e-20
4.7658868e-20
3.0426063e-10
-1.2860348e-19
4.237677e-20
3.9011898e-10
-1.447064e-19
2.0759739e-20
4.5984183e-10
-1.3797129e-19
-1.2277242e-20
5.1530186e-10
-1.234149e-19
-4.6851127e-20
5.5799122e-10
-1.1673139e-19
-6.9815555e-20
5.8905357e-10
-1.2464915e-19
-7.2136654e-20
6.0931608e-10
-1.4303447e-19
-5.4798729e-20
6.193154e-10
-1.6169022e-19
-2.7459722e-20
6.193154e-10
-1.7072034e-19
-1.7006996e-21
6.0931608e-10
-1.6475156e-19
1.5471821e-20
5.8905357e-10
-1.4405368e-19
2.3842391e-20
5.5799122e-10
-1.1269262e-19
2.7486521e-20
5.1530186e-10
-7.5574323e-20
2.9815354e-20
4.5984183e-10
-3.6689514e-20
2.9929642e-20
3.9011898e-10
6.4709303e-22
2.3385018e-20
3.0426063e-10
2.5617337e-20
7.8913503e-21
1.9999475e-10
-7.6644139e-21
7.4667885e-11
-4.1145886e-21
1.6284269e-20
7.937201e-11
-4.7741948e-20
3.9951468e-20
2.1390031e-10
-1.0703055e-19
5.2463008e-20
3.2679046e-10
-1.5617715e-19
5.3828938e-20
4.2042142e-10
-1.777071e-19
4.5316261e-20
4.9689356e-10
-1.6866619e-19
2.6007415e-20
5.5799122e-10
-1.404607e-19
-2.0140065e-21
6.0517456e-10
-1.1238144e-19
-2.8870743e-20
6.3958723e-10
-1.0042403e-19
-4.1205148e-20
6.6207012e-10
-1.0866012e-19
-3.1750481e-20
6.7317499e-10
-1.2885859e-19
-4.36126e-21
6.7317499e-10
-1.4678971e-19
2.9226891e-20
6.6207012e-10
-1.5041778e-19
5.7022623e-20
6.3958723e-10
-1.355008e-19
7.289366e-20
6.0517456e-10
-1.0592733e-19
7.7507485e-20
5.5799122e-10
-6.9484583e-20
7.4279367e-20
4.9689356e-10
-3.2951009e-20
6.4360501e-20
4.2042142e-10
-2.6165414e-23
4.5884505e-20
3.2679046e-10
2.152323e-20
1.919294e-20
2.1390031e-10
-5.665264e-21
7.937201e-11
-1.1587114e-20
2.0815074e-20
8.2750524e-11
-5.8625304e-20
4.2665898e-20
2.239027e-10
-1.1834123e-19
5.3192298e-20
3.4303815e-10
-1.6925855e-19
5.7824798e-20
4.4234134e-10
-1.9638942e-19
6.0745847e-20
5.2377843e-10
-1.9260518e-19
5.8847762e-20
5.8905357e-10
-1.6121667e-19
4.6276677e-20
6.3958723e-10
-1.1796793e-19
2.4348886e-20
6.7650936e-10
-8.4404077e-20
4.1619772e-21
7.0066082e-10
-7.5112789e-20
-1.1776227e-21
7.1259813e-10
-8.959226e-20
1.3653837e-20
7.1259813e-10
-1.1406294e-19
4.317009e-20
7.0066082e-10
-1.3074284e-19
7.5545298e-20
6.7650936e-10
-1.2834011e-19
9.9920334e-20
6.3958723e-10
-1.0715055e-19
1.1115644e-19
5.8905357e-10
-7.5862916e-20
1.0930728e-19
5.2377843e-10
-4.3618498e-20
9.5661128e-20
4.4234134e-10
-1.4040809e-20
7.0527675e-20
3.4303815e-10
8.8645426e-21
3.6208316e-20
2.239027e-10
1.7798676e-21
8.2750524e-11
-2.0660464e-20
2.3260557e-20
8.4936587e-11
-6.9073484e-20
4.3380986e-20
2.3038048e-10
-1.2396005e-19
5.1313523e-20
3.5357678e-10
-1.694144e-19
5.531576e-20
4.5658603e-10
-1.9741222e-19
6.3378541e-20
5.4128392e-10
-2.0182421e-19
7.5193036e-20
6.0931608e-10
-1.782039e-19
8.162365e-20
6.6207012e-10
-1.327165e-19
7.4474705e-20
7.0066082e-10
-8.472663e-20
5.5992289e-20
7.2592437e-10
-5.6022133e-20
3.8087387e-20
7.3841724e-10
-5.6610258e-20
3.3164358e-20
7.3841724e-10
-7.9140833e-20
4.5723808e-20
7.2592437e-10
-1.0500497e-19
7.0656773e-20
7.0066082e-10
-1.1696454e-19
9.7492874e-20
6.6207012e-10
-1.09324e-19
1.1641486e-19
6.0931608e-10
-8.8299729e-20
1.2188962e-19
5.4128392e-10
-6.3220084e-20
1.1228714e-19
4.5658603e-10
-3.6818485e-20
8.8171975e-20
3.5357678e-10
-9.1095537e-21
5.2681216e-20
2.3038048e-10
1.2454555e-20
8.4936587e-11
-2.9973713e-20
2.3893754e-20
8.6010607e-11
-7.9539759e-20
4.2268949e-20
2.3356451e-10
-1.2814805e-19
4.8383819e-20
3.5876113e-10
-1.6318937e-19
4.9947757e-20
4.6360076e-10
-1.8453373e-19
5.6314938e-20
5.499138e-10
-1.9296331e-19
7.2398032e-20
6.193154e-10
-1.8205533e-19
9.2488304e-20
6.7317499e-10
-1.4764806e-19
1.0381609e-19
7.1259813e-10
-9.9596725e-20
9.7879797e-20
7.3841724e-10
-5.8839284e-20
7.8057696e-20
7.5118791e-10
-4.2900246e-20
5.681655e-20
7.5118791e-10
-5.4009316e-20
4.6720599e-20
7.3841724e-10
-7.8990909e-20
5.2957534e-20
7.1259813e-10
-9.975193e-20
7.1547701e-20
6.7317499e-10
-1.0561391e-19
9.2741429e-20
6.193154e-10
-9.7800067e-20
1.0642662e-19
5.499138e-10
-8.2544032e-20
1.0605549e-19
4.6360076e-10
-5.997158e-20
8.9767148e-20
3.5876113e-10
-2.6341802e-20
5.9957993e-20
2.3356451e-10
2.0876826e-20
8.6010607e-11
-3.8476584e-20
2.3723766e-20
8.6010607e-11
-8.9380359e-20
3.9023665e-20
2.3356451e-10
-1.3347861e-19
4.3778892e-20
3.5876113e-10
-1.5811684e-19
4.3737928e-20
4.6360076e-10
-1.674369e-19
4.5347692e-20
5.499138e-10
-1.7135027e-19
5.6346827e-20
6.193154e-10
-1.6915608e-19
7.8365583e-20
6.7317499e-10
-1.5214957e-19
1.020544e-19
7.1259813e-10
-1.1854582e-19
1.1308894e-19
7.3841724e-10
-8.0137269e-20
1.0375398e-19
7.5118791e-10
-5.4042326e-20
7.8884496e-20
7.5118791e-10
-4.9710884e-20
5.2048026e-20
7.3841724e-10
-6.3087863e-20
3.6583895e-20
7.1259813e-10
-8.1588115e-20
3.8058659e-20
6.7317499e-10
-9.4249494e-20
5.2271313e-20
6.193154e-10
-9.7804408e-20
6.8795882e-20
5.499138e-10
-9.2961536e-20
7.7101717e-20
4.6360076e-10
-7.5132585e-20
7.1341336e-20
3.5876113e-10
-3.7116503e-20
5.1709608e-20
2.3356451e-10
2.1465079e-20
8.6010607e-11
-4.6663145e-20
2.3676299e-20
8.4936587e-11
-9.8107849e-20
3.3480473e-20
2.3038048e-10
-1.3975384e-19
3.5579881e-20
3.5357678e-10
-1.5814434e-19
3.5452181e-20
4.5658603e-10
-1.5607503e-19
3.4090141e-20
5.4128392e-10
-1.4886236e-19
3.6491105e-20
6.0931608e-10
-1.4558614e-19
4.9640282e-20
6.6207012e-10
-1.4181371e-19
7.3026689e-20
7.0066082e-10
-1.2921265e-19
9.5339134e-20
7.2592437e-10
-1.0717577e-19
1.0241441e-19
7.3841724e-10
-8.3950914e-20
8.8336192e-20
7.3841724e-10
-6.9008961e-20
5.9690086e-20
7.2592437e-10
-6.587275e-20
3.07347e-20
7.0066082e-10
-7.1359885e-20
1.4150893e-20
6.6207012e-10
-8.0050087e-20
1.3960927e-20
6.0931608e-10
-8.7964327e-20
2.4454425e-20
5.4128392e-10
-9.0670112e-20
3.498271e-20
4.5658603e-10
-7.7784615e-20
3.6809536e-20
3.5357678e-10
-3.8812256e-20
2.7708375e-20
2.3038048e-10
1.1840317e-20
8.4936587e-11
-5.653019e-20
2.3207491e-20
8.2750524e-11
-1.0678379e-19
2.6056922e-20
2.239027e-10
-1.4566732e-19
2.345985e-20
3.4303815e-10
-1.6221614e-19
2.3452707e-20
4.4234134e-10
-1.5477405e-19
2.2906086e-20
5.2377843e-10
-1.3674941e-19
2.0144505e-20
5.8905357e-10
-1.2405222e-19
2.1281801e-20
6.3958723e-10
-1.2220503e-19
3.3431322e-20
6.7650936e-10
-1.2549427e-19
5.4733211e-20
7.0066082e-10
-1.2526509e-19
7.3504131e-20
7.1259813e-10
-1.1732319e-19
7.7150641e-20
7.1259813e-10
-1.0329013e-19
6.1786717e-20
7.0066082e-10
-8.7935433e-20
3.4626132e-20
6.7650936e-10
-7.6230927e-20
8.5225702e-21
6.3958723e-10
-7.1717245e-20
-6.5715471e-21
5.8905357e-10
-7.4632413e-20
-9.0630721e-21
5.2377843e-10
-7.8763206e-20
-5.1058372e-21
4.4234134e-10
-6.9291033e-20
-2.7761572e-21
3.4303815e-10
-3.2959293e-20
-5.1237116e-21
2.239027e-10
-5.5221052e-21
8.2750524e-11
-6.9198777e-20
2.0012771e-20
7.937201e-11
-1.1709911e-19
1.73822e-20
2.1390031e-10
-1.5080837e-19
1.0361351e-20
3.2679046e-10
-1.6676004e-19
9.7067102e-21
4.2042142e-10
-1.6065508e-19
1.192958e-20
4.9689356e-10
-1.3861485e-19
9.8728606e-21
5.5799122e-10
-1.1558296e-19
3.9141487e-21
6.0517456e-10
-1.0537885e-19
2.3627447e-21
6.3958723e-10
-1.1168582e-19
1.211349e-20
6.6207012e-10
-1.2688844e-19
3.0629409e-20
6.7317499e-10
-1.3831653e-19
4.7085094e-20
6.7317499e-10
-1.3642161e-19
5.0717751e-20
6.6207012e-10
-1.1996172e-19
3.8433101e-20
6.3958723e-10
-9.6174581e-20
1.6081822e-20
6.0517456e-10
-7.6098907e-20
-6.4622478e-21
5.5799122e-10
-6.7052331e-20
-2.2131577e-20
4.9689356e-10
-6.5610278e-20
-3.0206813e-20
4.2042142e-10
-5.6205225e-20
-3.4250565e-20
3.2679046e-10
-2.4377928e-20
-3.5472212e-20
2.1390031e-10
-2.4091963e-20
7.937201e-11
-8.216618e-20
1.1827848e-20
7.4667885e-11
-1.2827336e-19
7.9920984e-21
1.9999475e-10
-1.5546371e-19
1.0722531e-21
3.0426063e-10
-1.6935587e-19
3.9562399e-22
3.9011898e-10
-1.6758744e-19
4.2771879e-21
4.5984183e-10
-1.4934532e-19
5.167068e-21
5.1530186e-10
-1.2223093e-19
-1.4923175e-21
5.5799122e-10
-1.0119215e-19
-1.1746552e-20
5.8905357e-10
-9.8892691e-20
-1.6261922e-20
6.0931608e-10
-1.1599786e-19
-8.8300935e-21
6.193154e-10
-1.400552e-19
7.8360902e-21
6.193154e-10
-1.5394815e-19
2.3875952e-20
6.0931608e-10
-1.4722656e-19
2.9383391e-20
5.8905357e-10
-1.2248876e-19
2.0777876e-20
5.5799122e-10
-9.2699514e-20
1.9879223e-21
5.1530186e-10
-7.0955705e-20
-1.9403438e-20
4.5984183e-10
-5.9537665e-20
-3.7400066e-20
3.9011898e-10
-4.6477633e-20
-4.9541577e-20
3.0426063e-10
-1.8529036e-20
-5.3252561e-20
1.9999475e-10
-3.6357192e-20
7.4667885e-11
-8.920558e-20
-3.2712236e-22
6.8431339e-11
-1.3506106e-19
-3.6193155e-22
1.8160885e-10
-1.5824865e-19
-3.2010282e-22
2.7459701e-10
-1.6991101e-19
2.1086158e-21
3.5041072e-10
-1.7189833e-19
5.5360043e-21
4.1151161e-10
-1.610435e-19
6.1490329e-21
4.5984183e-10
-1.373017e-19
-3.1253876e-22
4.9689356e-10
-1.1041413e-19
-1.4184436e-20
5.2377843e-10
-9.5926412e-20
-2.9366213e-20
5.4128392e-10
-1.0327047e-19
-3.6648241e-20
5.499138e-10
-1.2724616e-19
-3.080556e-20
5.499138e-10
-1.5092443e-19
-1.5091987e-20
5.4128392e-10
-1.5748699e-19
7.688359e-22
5.2377843e-10
-1.4168016e-19
7.1720711e-21
4.9689356e-10
-1.121896e-19
4.8844316e-22
4.5984183e-10
-8.3326291e-20
-1.5856024e-20
4.1151161e-10
-6.2547688e-20
-3.4816945e-20
3.5041072e-10
-4.4049897e-20
-4.9825667e-20
2.7459701e-10
-1.8097127e-20
-5.4936609e-20
1.8160884e-10
-3.776203e-20
6.8431339e-11
-8.4097159e-20
-1.0986123e-20
6.0338636e-11
-1.3002999e-19
-3.6642662e-21
1.5787095e-10
-1.5476088e-19
7.831161e-21
2.3656652e-10
-1.6820088e-19
1.6699194e-20
2.9987395e-10
-1.737288e-19
1.8992531e-20
3.5041072e-10
-1.6933552e-19
1.4671399e-20
3.9011898e-10
-1.5194253e-19
4.0255133e-21
4.2042142e-10
-1.2540613e-19
-1.3259634e-20
4.4234134e-10
-1.0232304e-19
-3.4797858e-20
4.5658603e-10
-9.5935363e-20
-5.3565044e-20
4.6360076e-10
-1.0925415e-19
-6.1360574e-20
4.6360076e-10
-1.3166092e-19
-5.5032053e-20
4.5658603e-10
-1.4628518e-19
-3.9456916e-20
4.4234134e-10
-1.4205228e-19
-2.4442234e-20
4.2042142e-10
-1.2059405e-19
-1.8151752e-20
3.9011898e-10
-9.2660349e-20
-2.2379027e-20
3.5041072e-10
-6.7655364e-20
-3.2713112e-20
2.9987395e-10
-4.5502947e-20
-4.2192281e-20
2.3656652e-10
-2.0895121e-20
-4.4069434e-20
1.5787095e-10
-2.872535e-20
6.0338636e-11
-6.5190898e-20
-1.3920675e-20
4.9849562e-11
-1.084644e-19
1.0675081e-21
1.2742848e-10
-1.3886241e-19
2.1865191e-20
1.8838283e-10
-1.5980432e-19
3.6435581e-20
2.3656652e-10
-1.7105452e-19
3.8086238e-20
2.7459701e-10
-1.7126241e-19
2.8096221e-20
3.0426063e-10
-1.5859639e-19
1.0975321e-20
3.2679046e-10
-1.3481605e-19
-1.0508956e-20
3.4303815e-10
-1.0832189e-19
-3.4758043e-20
3.5357678e-10
-9.1017275e-20
-5.7967579e-20
3.5876113e-10
-9.0213481e-20
-7.364301e-20
3.5876113e-10
-1.0259891e-19
-7.6559686e-20
3.5357678e-10
-1.1616868e-19
-6.721068e-20
3.4303815e-10
-1.189349e-19
-5.2087096e-20
3.2679046e-10
-1.0711281e-19
-3.9223788e-20
3.0426063e-10
-8.5936558e-20
-3.2971627e-20
2.7459701e-10
-6.3264586e-20
-3.2102557e-20
2.3656652e-10
-4.2178965e-20
-3.192832e-20
1.8838283e-10
-2.1073674e-20
-2.7581968e-20
1.2742848e-10
-1.428713e-20
4.9849562e-11
-3.6518831e-20
-8.5558291e-21
3.5939364e-11
-7.0997004e-20
7.9892609e-21
8.8069255e-11
-1.0443948e-19
2.7507569e-20
1.2742848e-10
-1.330307e-19
4.032787e-20
1.5787095e-10
-1.5063845e-19
4.067492e-20
1.8160885e-10
-1.5438772e-19
2.9692749e-20
1.9999475e-10
-1.4449451e-19
1.2471504e-20
2.1390031e-10
-1.2380302e-19
-6.7747982e-21
2.239027e-10
-9.834383e-20
-2.5986318e-20
2.3038048e-10
-7.6552116e-20
-4.333143e-20
2.3356451e-10
-6.5495395e-20
-5.568919e-20
2.3356451e-10
-6.624858e-20
-5.9938426e-20
2.3038048e-10
-7.2772388e-20
-5.5657307e-20
2.239027e-10
-7.6201081e-20
-4.6070447e-20
2.1390031e-10
-7.1114418e-20
-3.593391e-20
1.9999475e-10
-5.8407188e-20
-2.8326672e-20
1.8160884e-10
-4.2768883e-20
-2.3154404e-20
1.5787095e-10
-2.7704678e-20
-1.8206188e-20
1.2742848e-10
-1.3660632e-20
-1.1264425e-20
8.8069255e-11
-1.7451127e-21
3.5939364e-11
-5.0330085e-21
1.6236676e-11
-2.1027885e-20
3.5939364e-11
-4.392167e-20
4.9849562e-11
-6.727018e-20
6.0338636e-11
-8.3300363e-20
6.8431339e-11
-8.8183181e-20
7.4667885e-11
-8.2700165e-20
7.937201e-11
-7.0020574e-20
8.2750524e-11
-5.3940407e-20
8.4936587e-11
-3.8439989e-20
8.6010607e-11
-2.7195504e-20
8.6010607e-11
-2.2087237e-20
8.4936587e-11
-2.1898792e-20
8.2750524e-11
-2.2968344e-20
7.937201e-11
-2.1839008e-20
7.4667885e-11
-1.74861e-20
6.8431339e-11
-1.1331054e-20
6.0338636e-11
-5.4520931e-21
4.9849562e-11
-8.0121248e-22
3.5939364e-11
1.6236676e-11
3.3782723e-20
-5.7259635e-21
1.6236676e-11
6.0210825e-20
-1.9653665e-20
3.5939364e-11
7.1778147e-20
-3.5422695e-20
4.9849562e-11
6.5114471e-20
-4.801564e-20
6.0338636e-11
4.5117524e-20
-5.6725076e-20
6.8431339e-11
1.7805193e-20
-6.3295761e-20
7.4667885e-11
-1.187901e-20
-6.9268885e-20
7.937201e-11
-3.8423163e-20
-7.5547738e-20
8.2750524e-11
-5.5874713e-20
-8.3160562e-20
8.4936587e-11
-6.0068012e-20
-9.3487289e-20
8.6010607e-11
-5.1412446e-20
-1.0707476e-19
8.6010607e-11
-3.5581412e-20
-1.2155674e-19
8.4936587e-11
-2.0074194e-20
-1.3109793e-19
8.2750524e-11
-8.9537212e-21
-1.2936023e-19
7.937201e-11
-1.5475769e-21
-1.1436496e-19
7.4667885e-11
3.4528271e-21
-9.0079373e-20
6.8431339e-11
4.9220781e-21
-6.2934282e-20
6.0338636e-11
2.9330127e-21
-3.7478898e-20
4.9849562e-11
1.3344727e-21
-1.4944819e-20
3.5939364e-11
8.8792199e-21
1.6236676e-11
4.7534433e-20
-2.6095218e-21
3.5939364e-11
9.2357283e-20
-2.3074212e-20
8.8069255e-11
1.1811987e-19
-4.8083991e-20
1.2742848e-10
1.119002e-19
-7.4290349e-20
1.5787095e-10
7.704772e-20
-1.0001586e-19
1.8160885e-10
2.375378e-20
-1.246893e-19
1.9999475e-10
-3.7576069e-20
-1.4739393e-19
2.1390031e-10
-9.6010106e-20
-1.6733138e-19
2.239027e-10
-1.4022704e-19
-1.844772e-19
2.3038048e-10
-1.608405e-19
-1.9956241e-19
2.3356451e-10
-1.5415313e-19
-2.1289396e-19
2.3356451e-10
-1.2516616e-19
-2.2253236e-19
2.3038048e-10
-8.5845031e-20
-2.234444e-19
2.239027e-10
-4.8318631e-20
-2.0972465e-19
2.1390031e-10
-1.880459e-20
-1.7914068e-19
1.9999475e-10
1.7850561e-21
-1.3569359e-19
1.8160885e-10
1.4192023e-20
-8.758135e-20
1.5787095e-10
2.15262e-20
-4.3621501e-20
1.2742848e-10
2.7175975e-20
-1.0640425e-20
8.8069255e-11
8.8897842e-21
3.5939364e-11
3.5067512e-20
1.8822597e-21
4.9849562e-11
7.6238723e-20
-1.4912927e-20
1.2742848e-10
1.0243609e-19
-4.3896129e-20
1.8838283e-10
9.5071838e-20
-8.4493e-20
2.3656652e-10
5.5223103e-20
-1.3211616e-19
2.7459701e-10
-6.1625665e-21
-1.8070829e-19
3.0426063e-10
-7.7224878e-20
-2.24221e-19
3.2679046e-10
-1.4566339e-19
-2.5828685e-19
3.4303815e-10
-1.9891303e-19
-2.8125969e-19
3.5357678e-10
-2.2590191e-19
-2.9365373e-19
3.5876113e-10
-2.2037906e-19
-2.9674104e-19
3.5876113e-10
-1.8467871e-19
-2.9104181e-19
3.5357678e-10
-1.3030702e-19
-2.7546276e-19
3.4303815e-10
-7.2754975e-20
-2.4791932e-19
3.2679046e-10
-2.3783245e-20
-2.0766999e-19
3.0426063e-10
1.1611901e-20
-1.5745038e-19
2.7459701e-10
3.2932742e-20
-1.0344574e-19
2.3656652e-10
4.3426435e-20
-5.4106673e-20
1.8838283e-10
4.4546543e-20
-1.7787337e-20
1.2742848e-10
2.5186178e-21
4.9849562e-11
1.2639739e-20
-3.7450827e-21
6.0338636e-11
3.609124e-20
-1.2379073e-20
1.5787095e-10
4.9035048e-20
-3.6658778e-20
2.3656652e-10
3.4182951e-20
-8.2165304e-20
2.9987395e-10
-7.4061955e-21
-1.4273203e-19
3.5041072e-10
-6.5508575e-20
-2.0756354e-19
3.9011898e-10
-1.2987237e-19
-2.6560133e-19
4.2042142e-10
-1.9028071e-19
-3.0843161e-19
4.4234134e-10
-2.3579471e-19
-3.3248172e-19
4.5658603e-10
-2.5609077e-19
-3.3869172e-19
4.6360076e-10
-2.4451178e-19
-3.3006018e-19
4.6360076e-10
-2.0186861e-19
-3.0948511e-19
4.5658603e-10
-1.3797554e-19
-2.7899779e-19
4.4234134e-10
-6.8126657e-20
-2.4018501e-19
4.2042142e-10
-6.0037689e-21
-1.9506715e-19
3.9011898e-10
4.0400098e-20
-1.4659795e-19
3.5041072e-10
6.7425332e-20
-9.8522535e-20
2.9987395e-10
7.5502442e-20
-5.5725055e-20
2.3656652e-10
6.4065889e-20
-2.3563413e-20
1.5787095e-10
-2.5087667e-21
6.0338636e-11
-5.1655821e-21
-1.6759017e-20
6.8431339e-11
-6.5696971e-21
-1.9154912e-20
1.8160885e-10
-1.6799965e-20
-3.3147896e-20
2.7459701e-10
-4.5598636e-20
-7.2513539e-20
3.5041072e-10
-8.9327547e-20
-1.3206177e-19
4.1151161e-10
-1.3855964e-19
-1.9948955e-19
4.5984183e-10
-1.8626731e-19
-2.6140598e-19
4.9689356e-10
-2.2696527e-19
-3.0611895e-19
5.2377843e-10
-2.5389776e-19
-3.2732008e-19
5.4128392e-10
-2.5885595e-19
-3.2567304e-19
5.499138e-10
-2.3555214e-19
-3.0629784e-19
5.499138e-10
-1.8425869e-19
-2.7479447e-19
5.4128392e-10
-1.1388034e-19
-2.3519857e-19
5.2377843e-10
-3.8698171e-20
-1.9070446e-19
4.9689356e-10
2.8376549e-20
-1.450993e-19
4.5984183e-10
7.9265641e-20
-1.027643e-19
4.1151161e-10
1.0815673e-19
-6.7060622e-20
3.5041072e-10
1.1142879e-19
-3.9613598e-20
2.7459701e-10
8.5448255e-20
-2.042847e-20
1.8160884e-10
-5.1862786e-21
6.8431339e-11
-1.3319235e-20
-2.7837266e-20
7.4667885e-11
-4.0263615e-20
-2.8102891e-20
1.9999475e-10
-7.736186e-20
-3.1298833e-20
3.0426063e-10
-1.2352877e-19
-5.7514346e-20
3.9011898e-10
-1.7120238e-19
-1.0391766e-19
4.5984183e-10
-2.1094612e-19
-1.6008188e-19
5.1530186e-10
-2.3827062e-19
-2.1448515e-19
5.5799122e-10
-2.5332861e-19
-2.5502909e-19
5.8905357e-10
-2.5596889e-19
-2.7232708e-19
6.0931608e-10
-2.4208612e-19
-2.6426141e-19
6.193154e-10
-2.0595701e-19
-2.3630363e-19
6.193154e-10
-1.4664425e-19
-1.9693383e-19
6.0931608e-10
-7.2136495e-20
-1.5289881e-19
5.8905357e-10
3.6216391e-21
-1.0828938e-19
5.5799122e-10
6.8592977e-20
-6.6829407e-20
5.1530186e-10
1.1649749e-19
-3.35035e-20
4.5984183e-10
1.422448e-19
-1.2770881e-20
3.9011898e-10
1.3998785e-19
-5.3464295e-21
3.0426063e-10
1.027188e-19
-6.6032461e-21
1.9999475e-10
-6.1026062e-21
7.4667885e-11
-1.4441125e-20
-3.1203288e-20
7.937201e-11
-6.2670136e-20
-3.2663941e-20
2.1390031e-10
-1.2384545e-19
-2.8019422e-20
3.2679046e-10
-1.8613848e-19
-3.9062895e-20
4.2042142e-10
-2.388152e-19
-6.4954389e-20
4.9689356e-10
-2.7209161e-19
-9.8712277e-20
5.5799122e-10
-2.8159019e-19
-1.3432996e-19
6.0517456e-10
-2.7079019e-19
-1.6396131e-19
6.3958723e-10
-2.4670632e-19
-1.7758833e-19
6.6207012e-10
-2.1225405e-19
-1.6849631e-19
6.7317499e-10
-1.6434328e-19
-1.3834603e-19
6.7317499e-10
-1.0034149e-19
-9.5854485e-20
6.6207012e-10
-2.5629726e-20
-5.0786668e-20
6.3958723e-10
4.6727124e-20
-9.4940045e-21
6.0517456e-10
1.0458881e-19
2.4398089e-20
5.5799122e-10
1.4302675e-19
4.6726835e-20
4.9689356e-10
1.5985609e-19
5.2506358e-20
4.2042142e-10
1.5094422e-19
4.0189193e-20
3.2679046e-10
1.0840856e-19
1.643564e-20
2.1390031e-10
-3.5992337e-21
7.937201e-11
-1.3517156e-20
-2.6805502e-20
8.2750524e-11
-7.5922562e-20
-3.1500769e-20
2.239027e-10
-1.5341108e-19
-2.3389204e-20
3.4303815e-10
-2.2585101e-19
-2.1472142e-20
4.4234134e-10
-2.8172278e-19
-2.5929422e-20
5.2377843e-10
-3.125116e-19
-3.242791e-20
5.8905357e-10
-3.1209389e-19
-4.08609e-20
6.3958723e-10
-2.8245996e-19
-5.1440714e-20
6.7650936e-10
-2.3428484e-19
-5.879396e-20
7.0066082e-10
-1.7847288e-19
-5.3824475e-20
7.1259813e-10
-1.1839223e-19
-3.1447297e-20
7.1259813e-10
-5.2149143e-20
4.6438615e-21
7.0066082e-10
1.8330879e-20
4.4776882e-20
6.7650936e-10
8.2988108e-20
7.9831252e-20
6.3958723e-10
1.300233e-19
1.045285e-19
5.8905357e-10
1.5458647e-19
1.1540364e-19
5.2377843e-10
1.5756776e-19
1.0835005e-19
4.4234134e-10
1.4027015e-19
8.1292437e-20
3.4303815e-10
9.8791732e-20
4.0618683e-20
2.239027e-10
2.6073237e-21
8.2750524e-11
-1.4661321e-20
-1.7815101e-20
8.4936587e-11
-8.362234e-20
-2.6731101e-20
2.3038048e-10
-1.6765247e-19
-1.9108245e-20
3.5357678e-10
-2.4157757e-19
-8.5919108e-21
4.5658603e-10
-2.9528533e-19
3.554148e-21
5.4128392e-10
-3.2469828e-19
2.0545738e-20
6.0931608e-10
-3.233734e-19
3.9954474e-20
6.6207012e-10
-2.8800812e-19
5.4264963e-20
7.0066082e-10
-2.2613774e-19
5.9736939e-20
7.2592437e-10
-1.5269065e-19
6.1569036e-20
7.3841724e-10
-7.929678e-20
6.9264257e-20
7.3841724e-10
-9.52106e-21
8.7665829e-20
7.2592437e-10
5.5457554e-20
1.1289477e-19
7.0066082e-10
1.095584e-19
1.3614586e-19
6.6207012e-10
1.4335584e-19
1.4983107e-19
6.0931608e-10
1.5222772e-19
1.4962914e-19
5.4128392e-10
1.39253e-19
1.3269347e-19
4.5658603e-10
1.1274083e-19
9.7964352e-20
3.5357678e-10
7.7322332e-20
5.1342607e-20
2.3038048e-10
7.444092e-21
8.4936587e-11
-2.0018909e-20
-7.9789163e-21
8.6010607e-11
-8.9088604e-20
-2.1223762e-20
2.3356451e-10
-1.708723e-19
-1.6473582e-20
3.5876113e-10
-2.3854514e-19
-1.2162595e-21
4.6360076e-10
-2.8348408e-19
2.0692586e-20
5.499138e-10
-3.0811214e-19
5.1120073e-20
6.193154e-10
-3.1008282e-19
8.9333878e-20
6.7317499e-10
-2.8192617e-19
1.2622796e-19
7.1259813e-10
-2.2262983e-19
1.4992398e-19
7.3841724e-10
-1.4311398e-19
1.5616356e-19
7.5118791e-10
-5.9386117e-20
1.5165405e-19
7.5118791e-10
1.6847603e-20
1.4714711e-19
7.3841724e-10
7.9845129e-20
1.4802525e-19
7.1259813e-10
1.2481252e-19
1.5121634e-19
6.7317499e-10
1.4578011e-19
1.4958338e-19
6.193154e-10
1.4010104e-19
1.3746001e-19
5.499138e-10
1.128856e-19
1.1252361e-19
4.6360076e-10
7.8806359e-20
7.5921305e-20
3.5876113e-10
5.2477833e-20
3.4746615e-20
2.3356451e-10
2.4976846e-21
8.6010607e-11
-2.9754589e-20
-7.7301017e-22
8.6010607e-11
-9.4171124e-20
-1.7757057e-20
2.3356451e-10
-1.6727226e-19
-1.6557951e-20
3.5876113e-10
-2.2463592e-19
1.3973291e-21
4.6360076e-10
-2.5722367e-19
2.8417385e-20
5.499138e-10
-2.7202866e-19
6.24455e-20
6.193154e-10
-2.7446523e-19
1.0537463e-19
6.7317499e-10
-2.5888115e-19
1.530248e-19
7.1259813e-10
-2.1651698e-19
1.9230469e-19
7.3841724e-10
-1.4764372e-19
2.1011856e-19
7.5118791e-10
-6.4191349e-20
2.038042e-19
7.5118791e-10
1.7290122e-20
1.8217579e-19
7.3841724e-10
8.3183143e-20
1.5696327e-19
7.1259813e-10
1.2481403e-19
1.3388447e-19
6.7317499e-10
1.3756042e-19
1.1101423e-19
6.193154e-10
1.2188388e-19
8.3737176e-20
5.499138e-10
8.5720118e-20
5.024005e-20
4.6360076e-10
4.8401504e-20
1.4260534e-20
3.5876113e-10
3.2239033e-20
-1.3795474e-20
2.3356451e-10
-1.8016787e-20
8.6010607e-11
-4.2241616e-20
7.3261088e-22
8.4936587e-11
-9.8891203e-20
-1.908538e-20
2.3038048e-10
-1.5897608e-19
-2.1015189e-20
3.5357678e-10
-2.0545381e-19
-1.2884833e-21
4.5658603e-10
-2.2756211e-19
2.943842e-20
5.4128392e-10
-2.3130969e-19
6.2793298e-20
6.0931608e-10
-2.2850266e-19
9.997145e-20
6.6207012e-10
-2.2131141e-19
1.4348545e-19
7.0066082e-10
-2.003256e-19
1.8676854e-19
7.2592437e-10
-1.5549996e-19
2.1507617e-19
7.3841724e-10
-8.7465861e-20
2.164352e-19
7.3841724e-10
-9.4867503e-21
1.9065989e-19
7.2592437e-10
5.9555396e-20
1.4801745e-19
7.0066082e-10
1.0387572e-19
1.0020671e-19
6.6207012e-10
1.1599825e-19
5.3094738e-20
6.0931608e-10
9.8068282e-20
6.9928007e-21
5.4128392e-10
6.0955846e-20
-3.7529003e-20
4.5658603e-10
2.6470818e-20
-7.3691574e-20
3.5357678e-10
2.0036004e-20
-8.6255406e-20
2.3038048e-10
-5.2799041e-20
8.4936587e-11
-5.4415079e-20
-5.2775096e-21
8.2750524e-11
-1.020256e-19
-2.7097364e-20
2.239027e-10
-1.4638925e-19
-3.100748e-20
3.4303815e-10
-1.8245174e-19
-1.0646429e-20
4.4234134e-10
-1.9942773e-19
2.3182135e-20
5.2377843e-10
-1.9716512e-19
5.6725211e-20
5.8905357e-10
-1.8743235e-19
8.637555e-20
6.3958723e-10
-1.8070786e-19
1.1717559e-19
6.7650936e-10
-1.7474847e-19
1.5123129e-19
7.0066082e-10
-1.5656965e-19
1.8020683e-19
7.1259813e-10
-1.1532283e-19
1.8967177e-19
7.1259813e-10
-5.3765062e-20
1.7016908e-19
7.0066082e-10
1.138432e-20
1.238444e-19
6.7650936e-10
5.9419652e-20
6.1492205e-20
6.3958723e-10
7.7463821e-20
-5.6179274e-21
5.8905357e-10
6.6111081e-20
-7.0425965e-20
5.2377843e-10
3.7219509e-20
-1.2749513e-19
4.4234134e-10
1.2175235e-20
-1.6596738e-19
3.4303815e-10
1.4402204e-20
-1.6508075e-19
2.239027e-10
-9.361129e-20
8.2750524e-11
-6.2459692e-20
-1.762861e-20
7.937201e-11
-1.0174361e-19
-4.0596378e-20
2.1390031e-10
-1.2981816e-19
-4.4589946e-20
3.2679046e-10
-1.5521544e-19
-2.5011781e-20
4.2042142e-10
-1.7130775e-19
9.4104314e-21
4.9689356e-10
-1.7106653e-19
4.3927659e-20
5.5799122e-10
-1.5951548e-19
6.9799327e-20
6.0517456e-10
-1.4979488e-19
8.8916947e-20
6.3958723e-10
-1.4901283e-19
1.0752989e-19
6.6207012e-10
-1.4974129e-19
1.2610435e-19
6.7317499e-10
-1.3642903e-19
1.3556757e-19
6.7317499e-10
-1.0053449e-19
1.2342949e-19
6.6207012e-10
-4.977763e-20
8.3471505e-20
6.3958723e-10
-3.3569539e-21
2.0020357e-20
6.0517456e-10
2.21943e-20
-5.5844597e-20
5.5799122e-10
2.3770332e-20
-1.3256535e-19
4.9689356e-10
1.1020651e-20
-1.9931501e-19
4.2042142e-10
1.2233117e-21
-2.4056959e-19
3.2679046e-10
1.1270895e-20
-2.3031022e-19
2.1390031e-10
-1.2905828e-19
7.937201e-11
-6.2988043e-20
-3.0993207e-20
7.4667885e-11
-9.5900004e-20
-5.3290978e-20
1.9999475e-10
-1.0991933e-19
-5.4761505e-20
3.0426063e-10
-1.2455841e-19
-3.6624588e-20
3.9011898e-10
-1.4038201e-19
-5.882956e-21
4.5984183e-10
-1.4729861e-19
2.6084141e-20
5.1530186e-10
-1.4178165e-19
4.9483666e-20
5.5799122e-10
-1.3285167e-19
6.152488e-20
5.8905357e-10
-1.3245267e-19
6.6639544e-20
6.0931608e-10
-1.4179784e-19
7.0135721e-20
6.193154e-10
-1.4863023e-19
7.086627e-20
6.193154e-10
-1.3860935e-19
6.0282688e-20
6.0931608e-10
-1.0910035e-19
2.9044246e-20
5.8905357e-10
-7.1922673e-20
-2.5321455e-20
5.5799122e-10
-4.245109e-20
-9.6476519e-20
5.1530186e-10
-2.6613535e-20
-1.7297047e-19
4.5984183e-10
-1.9160245e-20
-2.4119042e-19
3.9011898e-10
-1.0272621e-20
-2.8224672e-19
3.0426063e-10
7.0987516e-21
-2.6654367e-19
1.9999475e-10
-1.4945141e-19
7.4667885e-11
-5.4376706e-20
-3.7422545e-20
6.8431339e-11
-8.2357257e-20
-5.5035957e-20
1.8160885e-10
-8.67025e-20
-5.1183204e-20
2.7459701e-10
-9.2722874e-20
-3.3986643e-20
3.5041072e-10
-1.0723653e-19
-1.0601304e-20
4.1151161e-10
-1.2120849e-19
1.2176868e-20
4.5984183e-10
-1.260019e-19
2.8089348e-20
4.9689356e-10
-1.2409068e-19
3.3096082e-20
5.2377843e-10
-1.2602741e-19
2.8226419e-20
5.4128392e-10
-1.3837382e-19
1.8670063e-20
5.499138e-10
-1.5552786e-19
8.2605328e-21
5.499138e-10
-1.6405979e-19
-5.349109e-21
5.4128392e-10
-1.5501295e-19
-2.9337196e-20
5.2377843e-10
-1.3147701e-19
-6.9482517e-20
4.9689356e-10
-1.0344563e-19
-1.2502639e-19
4.5984183e-10
-7.6726883e-20
-1.8848694e-19
4.1151161e-10
-5.0195299e-20
-2.4749464e-19
3.5041072e-10
-2.2885287e-20
-2.8307425e-19
2.7459701e-10
8.1970634e-22
-2.6535789e-19
1.8160884e-10
-1.4932108e-19
6.8431339e-11
-3.7483607e-20
-3.1416766e-20
6.0338636e-11
-5.9989269e-20
-3.9216033e-20
1.5787095e-10
-5.9252957e-20
-2.8116069e-20
2.3656652e-10
-6.1405742e-20
-1.1076845e-20
2.9987395e-10
-7.5424257e-20
3.8831873e-21
3.5041072e-10
-9.4036394e-20
1.312756e-20
3.9011898e-10
-1.0782709e-19
1.5088959e-20
4.2042142e-10
-1.1510955e-19
8.5091044e-21
4.4234134e-10
-1.2236023e-19
-6.033381e-21
4.5658603e-10
-1.3659371e-19
-2.465743e-20
4.6360076e-10
-1.5714192e-19
-4.239754e-20
4.6360076e-10
-1.7487022e-19
-5.7667171e-20
4.5658603e-10
-1.7981918e-19
-7.4117984e-20
4.4234134e-10
-1.6916543e-19
-9.7688561e-20
4.2042142e-10
-1.4657486e-19
-1.3149748e-19
3.9011898e-10
-1.149967e-19
-1.7318402e-19
3.5041072e-10
-7.5281994e-20
-2.1470287e-19
2.9987395e-10
-3.4072855e-20
-2.4062295e-19
2.3656652e-10
-6.4195223e-21
-2.2466539e-19
1.5787095e-10
-1.2683119e-19
6.0338636e-11
-1.5691575e-20
-1.6757286e-20
4.9849562e-11
-3.0318149e-20
-1.4434154e-20
1.2742848e-10
-2.7863594e-20
2.7522617e-21
1.8838283e-10
-3.1210564e-20
1.9764193e-20
2.3656652e-10
-4.7512068e-20
2.8684312e-20
2.7459701e-10
-6.9431538e-20
2.731803e-20
3.0426063e-10
-8.8271231e-20
1.6648211e-20
3.2679046e-10
-1.0131371e-19
-1.3732585e-21
3.4303815e-10
-1.1219927e-19
-2.4056982e-20
3.5357678e-10
-1.2640794e-19
-4.7293746e-20
3.5876113e-10
-1.4542817e-19
-6.6443538e-20
3.5876113e-10
-1.6438932e-19
-7.8974973e-20
3.5357678e-10
-1.7565142e-19
-8.6597852e-20
3.4303815e-10
-1.7436557e-19
-9.4326467e-20
3.2679046e-10
-1.5956429e-19
-1.070126e-19
3.0426063e-10
-1.3038618e-19
-1.2622593e-19
2.7459701e-10
-8.709177e-20
-1.4876724e-19
2.3656652e-10
-4.0326162e-20
-1.6452316e-19
1.8838283e-10
-1.2335893e-20
-1.5368954e-19
1.2742848e-10
-8.6243459e-20
4.9849562e-11
4.4229583e-21
-5.8400003e-21
3.5939364e-11
2.3004701e-22
-3.8595723e-21
8.8069255e-11
2.9063704e-21
1.1340911e-20
1.2742848e-10
-3.5334485e-21
2.6192643e-20
1.5787095e-10
-2.2620715e-20
3.3731295e-20
1.8160885e-10
-4.6196981e-20
3.1720469e-20
1.9999475e-10
-6.5998051e-20
2.087958e-20
2.1390031e-10
-7.9225177e-20
3.7319667e-21
2.239027e-10
-8.8296904e-20
-1.6156833e-20
2.3038048e-10
-9.7693715e-20
-3.4733859e-20
2.3356451e-10
-1.1001368e-19
-4.8399891e-20
2.3356451e-10
-1.2383751e-19
-5.5371238e-20
2.3038048e-10
-1.3494756e-19
-5.6664874e-20
2.239027e-10
-1.3927878e-19
-5.572501e-20
2.1390031e-10
-1.3372252e-19
-5.6660554e-20
1.9999475e-10
-1.1434739e-19
-6.2294753e-20
1.8160884e-10
-7.8976238e-20
-7.2406433e-20
1.5787095e-10
-3.7451105e-20
-8.1232685e-20
1.2742848e-10
-1.3509423e-20
-7.6287928e-20
8.8069255e-11
-4.1817268e-20
3.5939364e-11
9.6978538e-21
1.6236676e-11
1.580589e-20
3.5939364e-11
1.980193e-20
4.9849562e-11
1.4303566e-20
6.0338636e-11
-4.898123e-22
6.8431339e-11
-1.803026e-20
7.4667885e-11
-3.2148896e-20
7.937201e-11
-4.0278897e-20
8.2750524e-11
-4.3461119e-20
8.4936587e-11
-4.4700101e-20
8.6010607e-11
-4.6789345e-20
8.6010607e-11
-5.0802394e-20
8.4936587e-11
-5.6099043e-20
8.2750524e-11
-6.1144649e-20
7.937201e-11
-6.3579917e-20
7.4667885e-11
-5.9085879e-20
6.8431339e-11
-4.3052601e-20
6.0338636e-11
-1.9126787e-20
4.9849562e-11
-4.5745557e-21
3.5939364e-11
1.6236676e-11
6.2185209e-20
-1.4936238e-20
1.6236676e-11
8.6243892e-20
-6.2836434e-20
3.5939364e-11
9.4592967e-20
-9.4701314e-20
4.9849562e-11
8.4414207e-20
-1.0262218e-19
6.0338636e-11
5.9909982e-20
-9.5103267e-20
6.8431339e-11
2.8476565e-20
-8.3144223e-20
7.4667885e-11
-3.7821827e-21
-7.4629447e-20
7.937201e-11
-3.0434639e-20
-7.3587464e-20
8.2750524e-11
-4.4209093e-20
-8.1976452e-20
8.4936587e-11
-3.9820318e-20
-1.0069279e-19
8.6010607e-11
-1.7959581e-20
-1.2800484e-19
8.6010607e-11
1.3529677e-20
-1.5706765e-19
8.4936587e-11
4.3219875e-20
-1.7631692e-19
8.2750524e-11
6.198698e-20
-1.745093e-19
7.937201e-11
6.6494932e-20
-1.474522e-19
7.4667885e-11
5.8105136e-20
-1.01062e-19
6.8431339e-11
4.0147132e-20
-4.8460954e-20
6.0338636e-11
1.8793083e-20
-4.3014128e-21
4.9849562e-11
4.1935608e-21
1.952387e-20
3.5939364e-11
1.7816041e-20
1.6236676e-11
7.6241665e-20
-2.8766609e-20
3.5939364e-11
1.330793e-19
-1.0699759e-19
8.8069255e-11
1.7263906e-19
-1.6083605e-19
1.2742848e-10
1.7362005e-19
-1.8526605e-19
1.5787095e-10
1.3479255e-19
-1.9089336e-19
1.8160885e-10
6.9751121e-20
-1.9086635e-19
1.9999475e-10
-5.912826e-21
-1.9326725e-19
2.1390031e-10
-7.6229209e-20
-2.0117784e-19
2.239027e-10
-1.2419257e-19
-2.1562796e-19
2.3038048e-10
-1.3476128e-19
-2.3754455e-19
2.3356451e-10
-1.0160373e-19
-2.6640239e-19
2.3356451e-10
-3.2916533e-20
-2.965951e-19
2.3038048e-10
4.9665012e-20
-3.1597386e-19
2.239027e-10
1.20029e-19
-3.1022106e-19
2.1390031e-10
1.5839796e-19
-2.7123214e-19
1.9999475e-10
1.5674508e-19
-2.0295808e-19
1.8160885e-10
1.1878294e-19
-1.2018057e-19
1.5787095e-10
6.1796753e-20
-4.261005e-20
1.2742848e-10
1.6680698e-20
1.0633381e-20
8.8069255e-11
2.4914637e-20
3.5939364e-11
5.249815e-20
-2.8106427e-20
4.9849562e-11
1.1642631e-19
-1.1335952e-19
1.2742848e-10
1.752429e-19
-1.7973948e-19
1.8838283e-10
1.8874377e-19
-2.2567599e-19
2.3656652e-10
1.4860442e-19
-2.5932466e-19
2.7459701e-10
7.0688751e-20
-2.8855741e-19
3.0426063e-10
-2.4450785e-20
-3.1590675e-19
3.2679046e-10
-1.1656382e-19
-3.394247e-19
3.4303815e-10
-1.850489e-19
-3.5637524e-19
3.5357678e-10
-2.1014291e-19
-3.6662034e-19
3.5876113e-10
-1.7894294e-19
-3.7302392e-19
3.5876113e-10
-9.3987162e-20
-3.7800798e-19
3.5357678e-10
2.2790626e-20
-3.7888071e-19
3.4303815e-10
1.3648768e-19
-3.6677483e-19
3.2679046e-10
2.1325583e-19
-3.3152296e-19
3.0426063e-10
2.3260652e-19
-2.6900939e-19
2.7459701e-10
1.9286455e-19
-1.8518729e-19
2.3656652e-10
1.1513485e-19
-9.501202e-20
1.8838283e-10
4.1958983e-20
-1.8911148e-20
1.2742848e-10
2.1236632e-20
4.9849562e-11
1.6793676e-20
-3.6074268e-20
6.0338636e-11
7.0052613e-20
-1.1153853e-19
1.5787095e-10
1.2952626e-19
-1.7351563e-19
2.3656652e-10
1.4548412e-19
-2.2862608e-19
2.9987395e-10
1.0604826e-19
-2.827839e-19
3.5041072e-10
2.8086604e-20
-3.3728044e-19
3.9011898e-10
-6.597296e-20
-3.881707e-19
4.2042142e-10
-1.5574594e-19
-4.2793136e-19
4.4234134e-10
-2.2263954e-19
-4.4910414e-19
4.5658603e-10
-2.4878607e-19
-4.4838682e-19
4.6360076e-10
-2.197979e-19
-4.2916563e-19
4.6360076e-10
-1.323963e-19
-4.0033644e-19
4.5658603e-10
-1.9504594e-21
-3.7097776e-19
4.4234134e-10
1.3811682e-19
-3.4394648e-19
4.2042142e-10
2.4756923e-19
-3.1354039e-19
3.9011898e-10
2.9455772e-19
-2.6958781e-19
3.5041072e-10
2.6704145e-19
-2.0533372e-19
2.9987395e-10
1.8142893e-19
-1.2431892e-19
2.3656652e-10
8.1857369e-20
-4.2629761e-20
1.5787095e-10
1.4754658e-20
6.0338636e-11
-8.0674704e-21
-5.5455573e-20
6.8431339e-11
2.480384e-20
-1.1662669e-19
1.8160885e-10
6.7202229e-20
-1.6102098e-19
2.7459701e-10
7.1973928e-20
-2.0841306e-19
3.5041072e-10
2.8732097e-20
-2.6541099e-19
4.1151161e-10
-4.4769284e-20
-3.2914207e-19
4.5984183e-10
-1.2586863e-19
-3.9158517e-19
4.9689356e-10
-1.960079e-19
-4.4182064e-19
5.2377843e-10
-2.4137528e-19
-4.6893093e-19
5.4128392e-10
-2.5076014e-19
-4.6567393e-19
5.499138e-10
-2.1473828e-19
-4.3214202e-19
5.499138e-10
-1.2923305e-19
-3.7754402e-19
5.4128392e-10
-2.2122598e-21
-3.1766123e-19
5.2377843e-10
1.4239787e-19
-2.6735306e-19
4.9689356e-10
2.6881788e-19
-2.3190453e-19
4.5984183e-10
3.4042669e-19
-2.0358432e-19
4.1151161e-10
3.3316204e-19
-1.6738514e-19
3.5041072e-10
2.5068291e-19
-1.1358297e-19
2.7459701e-10
1.2927442e-19
-4.8015263e-20
1.8160885e-10
8.1552636e-21
6.8431339e-11
-1.1870176e-20
-7.3134524e-20
7.4667885e-11
-1.5590648e-21
-1.2225644e-19
1.9999475e-10
1.2607102e-20
-1.4472615e-19
3.0426063e-10
-4.5229069e-21
-1.7286208e-19
3.9011898e-10
-5.7778249e-20
-2.1621034e-19
4.5984183e-10
-1.2838663e-19
-2.7123221e-19
5.1530186e-10
-1.9406004e-19
-3.2949197e-19
5.5799122e-10
-2.381573e-19
-3.8007061e-19
5.8905357e-10
-2.5143734e-19
-4.1112485e-19
6.0931608e-10
-2.3027997e-19
-4.125177e-19
6.193154e-10
-1.7412254e-19
-3.7950557e-19
6.193154e-10
-8.4660276e-20
-3.1652452e-19
6.0931608e-10
3.220779e-20
-2.3844648e-19
5.8905357e-10
1.6304032e-19
-1.662653e-19
5.5799122e-10
2.8491975e-19
-1.1700375e-19
5.1530186e-10
3.6695746e-19
-9.3278564e-20
4.5984183e-10
3.7801132e-19
-8.1573308e-20
3.9011898e-10
3.0578963e-19
-6.350091e-20
3.0426063e-10
1.7148434e-19
-3.1661774e-20
1.9999475e-10
3.8114237e-21
7.4667885e-11
1.8961072e-21
-7.8350949e-20
7.937201e-11
-5.8624793e-21
-1.1964732e-19
2.1390031e-10
-2.2049759e-20
-1.236662e-19
3.2679046e-10
-6.522986e-20
-1.2855565e-19
4.2042142e-10
-1.3268563e-19
-1.4711699e-19
4.9689356e-10
-2.046024e-19
-1.7832036e-19
5.5799122e-10
-2.5901482e-19
-2.1702823e-19
6.0517456e-10
-2.8012591e-19
-2.5585321e-19
6.3958723e-10
-2.6127965e-19
-2.8491713e-19
6.6207012e-10
-2.0452318e-19
-2.9314971e-19
6.7317499e-10
-1.1827513e-19
-2.7171848e-19
6.7317499e-10
-1.4043589e-20
-2.1861082e-19
6.6207012e-10
9.7072593e-20
-1.4250532e-19
6.3958723e-10
2.0632359e-19
-6.2751915e-20
6.0517456e-10
3.0487226e-19
-2.3607092e-21
5.5799122e-10
3.763421e-19
2.4500493e-20
4.9689356e-10
3.9286993e-19
2.1771801e-20
4.2042142e-10
3.311117e-19
7.7569707e-21
3.2679046e-10
1.9547646e-19
3.1405255e-22
2.1390031e-10
3.687652e-21
7.937201e-11
2.3056631e-20
-6.997457e-20
8.2750524e-11
6.3240547e-21
-1.0869743e-19
2.239027e-10
-3.3284248e-20
-1.0298332e-19
3.4303815e-10
-9.8809479e-20
-8.7578881e-20
4.4234134e-10
-1.8051475e-19
-7.718563e-20
5.2377843e-10
-2.5792988e-19
-7.5297262e-20
5.8905357e-10
-3.0897338e-19
-8.2662227e-20
6.3958723e-10
-3.1681003e-19
-9.8148717e-20
6.7650936e-10
-2.7446019e-19
-1.1669631e-19
7.0066082e-10
-1.8650476e-19
-1.2881294e-19
7.1259813e-10
-6.8004817e-20
-1.2343845e-19
7.1259813e-10
5.9386673e-20
-9.298109e-20
7.0066082e-10
1.7465157e-19
-3.8466951e-20
6.7650936e-10
2.6593654e-19
2.770455e-20
6.3958723e-10
3.3288797e-19
8.4427147e-20
5.8905357e-10
3.7573793e-19
1.1157778e-19
5.2377843e-10
3.7970356e-19
1.0235837e-19
4.4234134e-10
3.2158528e-19
6.8002567e-20
3.4303815e-10
1.9496816e-19
3.0091767e-20
2.239027e-10
5.1140906e-21
8.2750524e-11
4.0912765e-20
-5.4043141e-20
8.4936587e-11
2.5606148e-20
-9.6157604e-20
2.3038048e-10
-2.3848755e-20
-9.1597761e-20
3.5357678e-10
-1.00988e-19
-6.4129645e-20
4.5658603e-10
-1.9201687e-19
-2.8197121e-20
5.4128392e-10
-2.7684636e-19
7.8128412e-21
6.0931608e-10
-3.3302584e-19
3.6740789e-20
6.6207012e-10
-3.4078273e-19
5.2600023e-20
7.0066082e-10
-2.8943061e-19
5.3647404e-20
7.2592437e-10
-1.8235533e-19
4.4814157e-20
7.3841724e-10
-3.7988182e-20
3.6521613e-20
7.3841724e-10
1.1386925e-19
3.9773466e-20
7.2592437e-10
2.4145108e-19
6.0236153e-20
7.0066082e-10
3.2463122e-19
9.4091418e-20
6.6207012e-10
3.637547e-19
1.2767019e-19
6.0931608e-10
3.7110241e-19
1.42757e-19
5.4128392e-10
3.4884308e-19
1.2718554e-19
4.5658603e-10
2.8509473e-19
8.4361033e-20
3.5357678e-10
1.7361761e-19
3.4017797e-20
2.3038048e-10
-9.1952067e-23
8.4936587e-11
4.7572186e-20
-3.8780985e-20
8.6010607e-11
4.1822153e-20
-8.9019558e-20
2.3356451e-10
-1.4866297e-21
-9.475275e-20
3.5876113e-10
-7.5302215e-20
-6.5799003e-20
4.6360076e-10
-1.6641757e-19
-1.4154453e-20
5.499138e-10
-2.5663748e-19
4.8295829e-20
6.193154e-10
-3.2358345e-19
1.0954306e-19
6.7317499e-10
-3.4373443e-19
1.5798856e-19
7.1259813e-10
-3.001111e-19
1.8499741e-19
7.3841724e-10
-1.9091539e-19
1.8854884e-19
7.5118791e-10
-3.4011953e-20
1.7466464e-19
7.5118791e-10
1.3578936e-19
1.543833e-19
7.3841724e-10
2.7770456e-19
1.3786737e-19
7.1259813e-10
3.6206163e-19
1.2923806e-19
6.7317499e-10
3.8442891e-19
1.2434407e-19
6.193154e-10
3.6198265e-19
1.1261364e-19
5.499138e-10
3.1107134e-19
8.4004843e-20
4.6360076e-10
2.3637637e-19
3.897186e-20
3.5876113e-10
1.4169738e-19
-5.2402356e-21
2.3356451e-10
-2.1070125e-20
8.6010607e-11
3.9981564e-20
-3.1487772e-20
8.6010607e-11
4.7105074e-20
-9.068051e-20
2.3356451e-10
2.3340439e-20
-1.0994574e-19
3.5876113e-10
-3.2238982e-20
-8.8173452e-20
4.6360076e-10
-1.1212275e-19
-3.3608769e-20
5.499138e-10
-2.0171193e-19
4.1286876e-20
6.193154e-10
-2.796299e-19
1.2275995e-19
6.7317499e-10
-3.1957478e-19
1.9661374e-19
7.1259813e-10
-2.978505e-19
2.494713e-19
7.3841724e-10
-2.0467698e-19
2.7205663e-19
7.5118791e-10
-5.296604e-20
2.6291637e-19
7.5118791e-10
1.2178846e-19
2.2892521e-19
7.3841724e-10
2.7305216e-19
1.8136436e-19
7.1259813e-10
3.6305278e-19
1.3042658e-19
6.7317499e-10
3.8062808e-19
8.1220861e-20
6.193154e-10
3.4206773e-19
3.3111506e-20
5.499138e-10
2.7154957e-19
-1.6366219e-20
4.6360076e-10
1.8818936e-19
-6.3112317e-20
3.5876113e-10
1.0946662e-19
-8.8627433e-20
2.3356451e-10
-6.128059e-20
8.6010607e-11
2.1629931e-20
-3.7234577e-20
8.4936587e-11
3.9607383e-20
-1.016195e-19
2.3038048e-10
4.1798424e-20
-1.2943833e-19
3.5357678e-10
1.4598403e-20
-1.1740771e-19
4.5658603e-10
-4.4027246e-20
-7.082347e-20
5.4128392e-10
-1.2480239e-19
7.8617893e-22
6.0931608e-10
-2.0859529e-19
8.5914508e-20
6.6207012e-10
-2.6837799e-19
1.7117597e-19
7.0066082e-10
-2.7585884e-19
2.4159728e-19
7.2592437e-10
-2.1316002e-19
2.8283225e-19
7.3841724e-10
-8.4869349e-20
2.8557177e-19
7.3841724e-10
7.7977839e-20
2.4943787e-19
7.2592437e-10
2.279327e-19
1.8291417e-19
7.0066082e-10
3.22256e-19
9.9126598e-20
6.6207012e-10
3.4358242e-19
1.0567928e-20
6.0931608e-10
3.0417808e-19
-7.392316e-20
5.4128392e-10
2.2962922e-19
-1.473053e-19
4.5658603e-10
1.4647278e-19
-1.9729554e-19
3.5357678e-10
8.246694e-20
-1.9924036e-19
2.3038048e-10
-1.1492511e-19
8.4936587e-11
2.5549017e-21
-5.7373721e-20
8.2750524e-11
2.6041601e-20
-1.2125447e-19
2.239027e-10
5.1502663e-20
-1.464684e-19
3.4303815e-10
5.4149036e-20
-1.3893231e-19
4.4234134e-10
2.1896881e-20
-1.0481917e-19
5.2377843e-10
-4.2705254e-20
-4.875639e-20
5.8905357e-10
-1.2450935e-19
2.3910853e-20
6.3958723e-10
-1.9817181e-19
1.0389923e-19
6.7650936e-10
-2.340348e-19
1.7759839e-19
7.0066082e-10
-2.0860566e-19
2.288756e-19
7.1259813e-10
-1.1744944e-19
2.431306e-19
7.1259813e-10
1.7154765e-20
2.1276162e-19
7.0066082e-10
1.5244904e-19
1.4078442e-19
6.7650936e-10
2.4520674e-19
3.9577024e-20
6.3958723e-10
2.738676e-19
-7.4364715e-20
5.8905357e-10
2.4564196e-19
-1.8528606e-19
5.2377843e-10
1.8281905e-19
-2.7782094e-19
4.4234134e-10
1.1129828e-19
-3.3050101e-19
3.4303815e-10
6.1300822e-20
-3.0978389e-19
2.239027e-10
-1.6896653e-19
8.2750524e-11
-4.2308991e-21
-8.7142986e-20
7.937201e-11
1.9901706e-20
-1.4706054e-19
2.1390031e-10
5.881788e-20
-1.5882232e-19
3.2679046e-10
8.3069947e-20
-1.4573375e-19
4.2042142e-10
7.456488e-20
-1.2040841e-19
4.9689356e-10
2.9497826e-20
-8.4335664e-20
5.5799122e-10
-4.3133862e-20
-3.5089011e-20
6.0517456e-10
-1.2233594e-19
2.5008231e-20
6.3958723e-10
-1.8007297e-19
8.6399595e-20
6.6207012e-10
-1.9048384e-19
1.3429932e-19
6.7317499e-10
-1.4189295e-19
1.5259152e-19
6.7317499e-10
-4.6229707e-20
1.2928053e-19
6.6207012e-10
6.2894094e-20
6.1977619e-20
6.3958723e-10
1.4647998e-19
-4.0409092e-20
6.0517456e-10
1.8169231e-19
-1.6134146e-19
5.5799122e-10
1.7114049e-19
-2.8204836e-19
4.9689356e-10
1.3129819e-19
-3.8221143e-19
4.2042142e-10
8.1033461e-20
-4.334264e-19
3.2679046e-10
4.4629001e-20
-3.9398942e-19
2.1390031e-10
-2.0947303e-19
7.937201e-11
1.0366737e-20
-1.1436195e-19
7.4667885e-11
3.4411782e-20
-1.7068588e-19
1.9999475e-10
7.6052203e-20
-1.6573361e-19
3.0426063e-10
1.0775595e-19
-1.3946712e-19
3.9011898e-10
1.1245216e-19
-1.1418708e-19
4.5984183e-10
8.3633248e-20
-9.3507985e-20
5.1530186e-10
2.3397015e-20
-7.0027642e-20
5.5799122e-10
-5.4319068e-20
-3.8284871e-20
5.8905357e-10
-1.2566864e-19
-1.1748942e-21
6.0931608e-10
-1.6501995e-19
3.0829125e-20
6.193154e-10
-1.5606914e-19
4.3496937e-20
6.193154e-10
-1.0144714e-19
2.3966855e-20
6.0931608e-10
-2.4022788e-20
-3.3583554e-20
5.8905357e-10
4.4677944e-20
-1.2453971e-19
5.5799122e-10
8.3451798e-20
-2.354263e-19
5.1530186e-10
9.1721708e-20
-3.4848958e-19
4.5984183e-10
7.9751347e-20
-4.4260972e-19
3.9011898e-10
5.5892801e-20
-4.8672772e-19
3.0426063e-10
3.2062579e-20
-4.3473567e-19
1.9999475e-10
-2.2772004e-19
7.4667885e-11
4.50927e-20
-1.223042e-19
6.8431339e-11
7.3403996e-20
-1.7631735e-19
1.8160884e-10
1.1342327e-19
-1.610975e-19
2.7459701e-10
1.4063984e-19
-1.2321721e-19
3.5041072e-10
1.4422259e-19
-9.1694504e-20
4.1151161e-10
1.2141399e-19
-7.6802088e-20
4.5984183e-10
7.0387432e-20
-7.2659182e-20
4.9689356e-10
-2.8084801e-21
-6.8920041e-20
5.2377843e-10
-8.0694801e-20
-6.0626472e-20
5.4128392e-10
-1.4006174e-19
-5.1131884e-20
5.499138e-10
-1.6237946e-19
-4.9967507e-20
5.499138e-10
-1.4337601e-19
-6.8274083e-20
5.4128392e-10
-9.623655e-20
-1.1336648e-19
5.2377843e-10
-4.4168474e-20
-1.8466374e-19
4.9689356e-10
-4.8517872e-21
-2.7346001e-19
4.5984183e-10
1.9777137e-20
-3.6596358e-19
4.1151161e-10
3.4856193e-20
-4.4393288e-19
3.5041072e-10
3.7624115e-20
-4.7825384e-19
2.7459701e-10
2.4207669e-20
-4.2351931e-19
1.8160884e-10
-2.2089227e-19
6.8431339e-11
8.7085381e-20
-1.0023858e-19
6.0338636e-11
1.2636975e-19
-1.5107027e-19
1.5787095e-10
1.6922758e-19
-1.3598955e-19
2.3656652e-10
1.8934952e-19
-9.6458188e-20
2.9987395e-10
1.8141317e-19
-6.0368634e-20
3.5041072e-10
1.516414e-19
-4.395915e-20
3.9011898e-10
1.0086404e-19
-4.8272697e-20
4.2042142e-10
3.0459175e-20
-6.3667338e-20
4.4234134e-10
-4.9021032e-20
-7.9353519e-20
4.5658603e-10
-1.1906595e-19
-9.0513346e-20
4.6360076e-10
-1.6171914e-19
-1.0003298e-19
4.6360076e-10
-1.6877337e-19
-1.1568091e-19
4.5658603e-10
-1.4622472e-19
-1.4511665e-19
4.4234134e-10
-1.0983174e-19
-1.9137602e-19
4.2042142e-10
-7.2899937e-20
-2.5124466e-19
3.9011898e-10
-3.7003761e-20
-3.1660587e-19
3.5041072e-10
-1.3820977e-22
-3.7454461e-19
2.9987395e-10
2.5478546e-20
-4.0145793e-19
2.3656652e-10
1.9883342e-20
-3.573104e-19
1.5787095e-10
-1.8826479e-19
6.0338636e-11
1.1717734e-19
-5.8309977e-20
4.9849562e-11
1.7133575e-19
-1.063218e-19
1.2742848e-10
2.2392529e-19
-9.7611481e-20
1.8838283e-10
2.426855e-19
-6.4924593e-20
2.3656652e-10
2.2246282e-19
-2.9845115e-20
2.7459701e-10
1.7822621e-19
-9.6703267e-21
3.0426063e-10
1.1927668e-19
-1.2171844e-20
3.2679046e-10
4.8512397e-20
-3.2548412e-20
3.4303815e-10
-2.8156818e-20
-5.8958494e-20
3.5357678e-10
-9.8587469e-20
-8.114586e-20
3.5876113e-10
-1.4887475e-19
-9.5763446e-20
3.5876113e-10
-1.706754e-19
-1.0630535e-19
3.5357678e-10
-1.6587209e-19
-1.1940313e-19
3.4303815e-10
-1.4430501e-19
-1.4044497e-19
3.2679046e-10
-1.1449189e-19
-1.7111471e-19
3.0426063e-10
-7.5947773e-20
-2.0926786e-19
2.7459701e-10
-2.7240373e-20
-2.481797e-19
2.3656652e-10
1.3852576e-20
-2.7140473e-19
1.8838283e-10
1.4873118e-20
-2.4763985e-19
1.2742848e-10
-1.3363553e-19
4.9849562e-11
1.1485887e-19
-2.5228533e-20
3.5939364e-11
1.7908915e-19
-7.4137774e-20
8.8069255e-11
2.4001831e-19
-7.153789e-20
1.2742848e-10
2.621263e-19
-4.5712242e-20
1.5787095e-10
2.3738042e-19
-1.3727875e-20
1.8160884e-10
1.8404712e-19
9.7254555e-21
1.9999475e-10
1.1944706e-19
1.5592563e-20
2.1390031e-10
5.19293e-20
4.6439343e-21
2.239027e-10
-1.3844067e-20
-1.4954018e-20
2.3038048e-10
-7.1976064e-20
-3.3885054e-20
2.3356451e-10
-1.1534523e-19
-4.6780891e-20
2.3356451e-10
-1.3923278e-19
-5.3593386e-20
2.3038048e-10
-1.4461443e-19
-5.777695e-20
2.239027e-10
-1.3713273e-19
-6.3625968e-20
2.1390031e-10
-1.2063518e-19
-7.4602779e-20
1.9999475e-10
-9.1429066e-20
-9.2625945e-20
1.8160884e-10
-4.5788159e-20
-1.1600508e-19
1.5787095e-10
-7.8280399e-22
-1.346456e-19
1.2742848e-10
6.2056732e-21
-1.281077e-19
8.8069255e-11
-7.2202e-20
3.5939364e-11
5.0557737e-20
1.6236676e-11
1.0475967e-19
3.5939364e-11
1.5576659e-19
4.9849562e-11
1.7591196e-19
6.0338636e-11
1.593532e-19
6.8431339e-11
1.1999039e-19
7.4667885e-11
7.3838564e-20
7.937201e-11
3.06272e-20
8.2750524e-11
-5.7494749e-21
8.4936587e-11
-3.4239241e-20
8.6010607e-11
-5.4484159e-20
8.6010607e-11
-6.6665561e-20
8.4936587e-11
-7.2446887e-20
8.2750524e-11
-7.4632078e-20
7.937201e-11
-7.3893848e-20
7.4667885e-11
-6.4985858e-20
6.8431339e-11
-4.0774933e-20
6.0338636e-11
-8.4913257e-21
4.9849562e-11
2.2647312e-21
3.5939364e-11
1.6236676e-11
5.1647932e-20
-7.9171379e-21
1.6236676e-11
4.5830898e-20
-6.2738756e-20
3.5939364e-11
4.0738404e-20
-9.1870149e-20
4.9849562e-11
3.6080899e-20
-8.6989411e-20
6.0338636e-11
3.063659e-20
-6.2700974e-20
6.8431339e-11
2.6790164e-20
-3.5251575e-20
7.4667885e-11
2.4615589e-20
-1.6310469e-20
7.937201e-11
2.2565297e-20
-1.0940174e-20
8.2750524e-11
2.0424597e-20
-1.85574e-20
8.4936587e-11
1.9692155e-20
-3.4757033e-20
8.6010607e-11
2.2201656e-20
-5.2536685e-20
8.6010607e-11
2.8986202e-20
-6.3879741e-20
8.4936587e-11
3.9657431e-20
-6.2599095e-20
8.2750524e-11
5.1954437e-20
-4.745821e-20
7.937201e-11
6.2520559e-20
-2.3266953e-20
7.4667885e-11
6.8952169e-20
7.1167594e-22
6.8431339e-11
6.9239425e-20
1.4511855e-20
6.0338636e-11
5.8108489e-20
1.2660561e-20
4.9849562e-11
3.2858693e-20
-2.4281309e-21
3.5939364e-11
-2.1769566e-20
1.6236676e-11
5.0470678e-20
-2.7943299e-20
3.5939364e-11
6.6874184e-20
-1.1812542e-19
8.8069255e-11
9.0260333e-20
-1.7047427e-19
1.2742848e-10
1.0424911e-19
-1.7547505e-19
1.5787095e-10
9.9716196e-20
-1.5035526e-19
1.8160885e-10
8.2211049e-20
-1.1723709e-19
1.9999475e-10
5.9124132e-20
-9.1656666e-20
2.1390031e-10
3.6459481e-20
-8.0880644e-20
2.239027e-10
2.1222992e-20
-8.6269068e-20
2.3038048e-10
2.1011527e-20
-1.0551972e-19
2.3356451e-10
4.0030644e-20
-1.3287604e-19
2.3356451e-10
7.5590486e-20
-1.5870193e-19
2.3038048e-10
1.1797088e-19
-1.7136448e-19
2.239027e-10
1.5373448e-19
-1.6229438e-19
2.1390031e-10
1.7109736e-19
-1.3147e-19
1.9999475e-10
1.6504106e-19
-8.9265256e-20
1.8160885e-10
1.3658895e-19
-5.1938385e-20
1.5787095e-10
8.6702682e-20
-3.1561295e-20
1.2742848e-10
2.4255369e-20
-2.7396123e-20
8.8069255e-11
-2.6179928e-20
3.5939364e-11
2.7057218e-20
-2.4843849e-20
4.9849562e-11
5.8891805e-20
-1.2681831e-19
1.2742848e-10
1.1196631e-19
-1.9447793e-19
1.8838283e-10
1.478268e-19
-2.1669294e-19
2.3656652e-10
1.4866367e-19
-2.0895911e-19
2.7459701e-10
1.2171377e-19
-1.9121883e-19
3.0426063e-10
8.0063239e-20
-1.7621806e-19
3.2679046e-10
3.5936004e-20
-1.6861838e-19
3.4303815e-10
2.5188187e-21
-1.6895339e-19
3.5357678e-10
-6.1808965e-21
-1.7754098e-19
3.5876113e-10
1.9378095e-20
-1.9485561e-19
3.5876113e-10
7.7457089e-20
-2.1823968e-19
3.5357678e-10
1.5220362e-19
-2.3881955e-19
3.4303815e-10
2.1801389e-19
-2.4333402e-19
3.2679046e-10
2.5005852e-19
-2.2157286e-19
3.0426063e-10
2.3619302e-19
-1.7462232e-19
2.7459701e-10
1.809396e-19
-1.1668244e-19
2.3656652e-10
9.8362824e-20
-6.6329935e-20
1.8838283e-10
1.3914489e-20
-3.3068291e-20
1.2742848e-10
-1.3215897e-20
4.9849562e-11
6.6567385e-22
-2.2609782e-20
6.0338636e-11
4.114097e-20
-1.1730416e-19
1.5787095e-10
1.1313752e-19
-1.8566756e-19
2.3656652e-10
1.6239891e-19
-2.1808953e-19
2.9987395e-10
1.6638413e-19
-2.2816567e-19
3.5041072e-10
1.344414e-19
-2.3174477e-19
3.9011898e-10
8.3396468e-20
-2.3653529e-19
4.2042142e-10
2.7936426e-20
-2.4161673e-19
4.4234134e-10
-1.7718523e-20
-2.4261646e-19
4.5658603e-10
-3.7619427e-20
-2.3802346e-19
4.6360076e-10
-1.7265004e-20
-2.3239259e-19
4.6360076e-10
4.8074751e-20
-2.3328941e-19
4.5658603e-10
1.4524232e-19
-2.4347479e-19
4.4234134e-10
2.4266097e-19
-2.5483509e-19
4.2042142e-10
3.0145122e-19
-2.5086267e-19
3.9011898e-10
2.9495941e-19
-2.1794898e-19
3.5041072e-10
2.2377397e-19
-1.5723705e-19
2.9987395e-10
1.140129e-19
-8.5940933e-20
2.3656652e-10
1.1215993e-20
-2.5627051e-20
1.5787095e-10
7.7597568e-21
6.0338636e-11
-1.4205508e-20
-3.0473855e-20
6.8431339e-11
3.0843741e-20
-1.1090875e-19
1.8160885e-10
1.0742078e-19
-1.674935e-19
2.7459701e-10
1.5596852e-19
-1.9723843e-19
3.5041072e-10
1.5514315e-19
-2.1428517e-19
4.1151161e-10
1.1829524e-19
-2.3232368e-19
4.5984183e-10
6.5852159e-20
-2.5576693e-19
4.9689356e-10
1.2907772e-20
-2.7897116e-19
5.2377843e-10
-2.9961592e-20
-2.9117137e-19
5.4128392e-10
-5.1892591e-20
-2.8407914e-19
5.499138e-10
-3.9591896e-20
-2.5900738e-19
5.499138e-10
1.7799602e-20
-2.2847819e-19
5.4128392e-10
1.1761738e-19
-2.0880138e-19
5.2377843e-10
2.3431055e-19
-2.0703412e-19
4.9689356e-10
3.2281736e-19
-2.1259141e-19
4.5984183e-10
3.3967162e-19
-2.0267701e-19
4.1151161e-10
2.7079656e-19
-1.600263e-19
3.5041072e-10
1.4422583e-19
-8.8894699e-20
2.7459701e-10
2.2675029e-20
-1.4702549e-20
1.8160885e-10
2.7121972e-20
6.8431339e-11
-1.0280115e-20
-4.0851888e-20
7.4667885e-11
3.8043773e-20
-1.0771412e-19
1.9999475e-10
1.0790881e-19
-1.4754725e-19
3.0426063e-10
1.426945e-19
-1.652162e-19
3.9011898e-10
1.268345e-19
-1.7676249e-19
4.5984183e-10
7.9725764e-20
-1.9629244e-19
5.1530186e-10
2.6870303e-20
-2.2849997e-19
5.5799122e-10
-1.5024493e-20
-2.6688829e-19
5.8905357e-10
-3.9571123e-20
-2.9700071e-19
6.0931608e-10
-4.5585071e-20
-3.0298391e-19
6.193154e-10
-2.9716567e-20
-2.7680384e-19
6.193154e-10
1.680583e-20
-2.2600488e-19
6.0931608e-10
1.0114096e-19
-1.7272247e-19
5.8905357e-10
2.1361309e-19
-1.4037902e-19
5.5799122e-10
3.1770414e-19
-1.3547093e-19
5.1530186e-10
3.6161037e-19
-1.3979021e-19
4.5984183e-10
3.1178951e-19
-1.2364478e-19
3.9011898e-10
1.8436171e-19
-7.2284724e-20
3.0426063e-10
4.7704123e-20
-2.5608233e-21
1.9999475e-10
4.034504e-20
7.4667885e-11
8.8256537e-21
-4.5608165e-20
7.937201e-11
6.2195137e-20
-1.0307729e-19
2.1390031e-10
1.2077995e-19
-1.2894373e-19
3.2679046e-10
1.3489394e-19
-1.3204168e-19
4.2042142e-10
9.6313487e-20
-1.2912926e-19
4.9689356e-10
3.1248711e-20
-1.3624054e-19
5.5799122e-10
-2.8144693e-20
-1.6176857e-19
6.0517456e-10
-6.0516476e-20
-2.0291014e-19
6.3958723e-10
-6.0003225e-20
-2.4659112e-19
6.6207012e-10
-3.3998172e-20
-2.7351281e-19
6.7317499e-10
5.7752838e-21
-2.6625538e-19
6.7317499e-10
5.493269e-20
-2.2053187e-19
6.6207012e-10
1.2034694e-19
-1.5237588e-19
6.3958723e-10
2.0809193e-19
-9.2023238e-20
6.0517456e-10
3.026224e-19
-6.3766284e-20
5.5799122e-10
3.6015742e-19
-6.5652096e-20
4.9689356e-10
3.3438188e-19
-6.9337618e-20
4.2042142e-10
2.2104631e-19
-4.5612073e-20
3.2679046e-10
7.8979105e-20
5.3806867e-21
2.1390031e-10
4.3022131e-20
7.937201e-11
3.3175042e-20
-4.4195799e-20
8.2750524e-11
9.5205123e-20
-9.8434705e-20
2.239027e-10
1.454637e-19
-1.1827288e-19
3.4303815e-10
1.4074833e-19
-1.1066306e-19
4.4234134e-10
7.8228512e-20
-9.0039324e-20
5.2377843e-10
-1.0266746e-20
-7.4153802e-20
5.8905357e-10
-8.5358025e-20
-7.71358e-20
6.3958723e-10
-1.1834357e-19
-1.0325812e-19
6.7650936e-10
-9.8841784e-20
-1.4544625e-19
7.0066082e-10
-3.7083249e-20
-1.8692588e-19
7.1259813e-10
4.1995728e-20
-2.063919e-19
7.1259813e-10
1.1460678e-19
-1.8839405e-19
7.0066082e-10
1.7446162e-19
-1.3530336e-19
6.7650936e-10
2.3292561e-19
-7.0795969e-20
6.3958723e-10
2.9722687e-19
-2.6561335e-20
5.8905357e-10
3.4598604e-19
-1.7936621e-20
5.2377843e-10
3.3523624e-19
-2.9602686e-20
4.4234134e-10
2.4280305e-19
-2.9473675e-20
3.4303815e-10
1.0709124e-19
-1.4804146e-21
2.239027e-10
3.0506434e-20
8.2750524e-11
5.2835621e-20
-4.3085587e-20
8.4936587e-11
1.2656526e-19
-1.0143549e-19
2.3038048e-10
1.7683086e-19
-1.2455027e-19
3.5357678e-10
1.6338749e-19
-1.1417742e-19
4.5658603e-10
8.3802921e-20
-7.9103228e-20
5.4128392e-10
-2.7864737e-20
-3.6540824e-20
6.0931608e-10
-1.2581812e-19
-6.1859891e-21
6.6207012e-10
-1.7261415e-19
-1.0127814e-21
7.0066082e-10
-1.4958595e-19
-2.2761027e-20
7.2592437e-10
-6.3276361e-20
-6.1811269e-20
7.3841724e-10
5.5178138e-20
-9.9771281e-20
7.3841724e-10
1.6460437e-19
-1.1639415e-19
7.2592437e-10
2.3830738e-19
-1.0108133e-19
7.0066082e-10
2.7947074e-19
-6.2554318e-20
6.6207012e-10
3.0882631e-19
-2.6153616e-20
6.0931608e-10
3.313782e-19
-1.5076511e-20
5.4128392e-10
3.1982537e-19
-2.9142772e-20
4.5658603e-10
2.4524887e-19
-4.3588266e-20
3.5357678e-10
1.2438443e-19
-3.289798e-20
2.3038048e-10
1.0981571e-21
8.4936587e-11
6.2207247e-20
-5.0600428e-20
8.6010607e-11
1.4761397e-19
-1.1947341e-19
2.3356451e-10
2.0720981e-19
-1.5214226e-19
3.5876113e-10
2.0000192e-19
-1.475715e-19
4.6360076e-10
1.1743701e-19
-1.0727352e-19
5.499138e-10
-9.8745177e-21
-4.3670785e-20
6.193154e-10
-1.3229144e-19
2.1256144e-20
6.7317499e-10
-2.0355007e-19
6.6396636e-20
7.1259813e-10
-1.9484612e-19
7.9932885e-20
7.3841724e-10
-1.045718e-19
6.1863912e-20
7.5118791e-10
3.7599042e-20
2.2990426e-20
7.5118791e-10
1.8091871e-19
-1.8740913e-20
7.3841724e-10
2.8000599e-19
-4.5993913e-20
7.1259813e-10
3.2166595e-19
-5.2540303e-20
6.7317499e-10
3.2684273e-19
-4.8690652e-20
6.193154e-10
3.1973186e-19
-5.3091645e-20
5.499138e-10
2.9530202e-19
-7.3669362e-20
4.6360076e-10
2.3024344e-19
-9.5664248e-20
3.5876113e-10
1.27072e-19
-9.12421e-20
2.3356451e-10
-4.2090718e-20
8.6010607e-11
6.2060344e-20
-7.1839483e-20
8.6010607e-11
1.5473091e-19
-1.5372031e-19
2.3356451e-10
2.2867637e-19
-1.9492863e-19
3.5876113e-10
2.4173634e-19
-2.0043586e-19
4.6360076e-10
1.7411188e-19
-1.6673179e-19
5.499138e-10
4.5683407e-20
-9.6802254e-20
6.193154e-10
-9.5363993e-20
-8.2806333e-21
6.7317499e-10
-1.9562551e-19
7.3420491e-20
7.1259813e-10
-2.1558167e-19
1.2695768e-19
7.3841724e-10
-1.4324599e-19
1.4171885e-19
7.5118791e-10
-1.4520756e-21
1.188221e-19
7.5118791e-10
1.5824649e-19
6.949921e-20
7.3841724e-10
2.79631e-19
1.1088692e-20
7.1259813e-10
3.3338498e-19
-4.0768532e-20
6.7317499e-10
3.3109862e-19
-8.0824873e-20
6.193154e-10
3.0385741e-19
-1.1535639e-19
5.499138e-10
2.6457813e-19
-1.5054649e-19
4.6360076e-10
2.0215195e-19
-1.7717015e-19
3.5876113e-10
1.1533486e-19
-1.6817067e-19
2.3356451e-10
-9.1209295e-20
8.6010607e-11
5.9821488e-20
-1.0605362e-19
8.4936587e-11
1.5221532e-19
-1.9841269e-19
2.3038048e-10
2.3722896e-19
-2.3859027e-19
3.5357678e-10
2.7663301e-19
-2.4957341e-19
4.5658603e-10
2.3945614e-19
-2.302072e-19
5.4128392e-10
1.2847156e-19
-1.7258757e-19
6.0931608e-10
-1.7779627e-20
-8.2258444e-20
6.6207012e-10
-1.4351986e-19
1.8714652e-20
7.0066082e-10
-1.9944899e-19
1.0325325e-19
7.2592437e-10
-1.6210469e-19
1.5089404e-19
7.3841724e-10
-4.4363147e-20
1.527011e-19
7.3841724e-10
1.0800103e-19
1.1163186e-19
7.2592437e-10
2.3695198e-19
4.0842751e-20
7.0066082e-10
3.0307746e-19
-4.1112099e-20
6.6207012e-10
3.0599339e-19
-1.1853535e-19
6.0931608e-10
2.7330599e-19
-1.8477842e-19
5.4128392e-10
2.2628463e-19
-2.3797278e-19
4.5658603e-10
1.6507234e-19
-2.6764724e-19
3.5357678e-10
9.2125693e-20
-2.4661862e-19
2.3038048e-10
-1.3540548e-19
8.4936587e-11
6.7237214e-20
-1.4616988e-19
8.2750524e-11
1.5291236e-19
-2.4427312e-19
2.239027e-10
2.3777686e-19
-2.7017709e-19
3.4303815e-10
2.9668078e-19
-2.7336872e-19
4.4234134e-10
2.950251e-19
-2.6546159e-19
5.2377843e-10
2.17271e-19
-2.3281242e-19
5.8905357e-10
8.3787223e-20
-1.6509698e-19
6.3958723e-10
-5.5692616e-20
-7.2086379e-20
6.7650936e-10
-1.4592601e-19
2.124215e-20
7.0066082e-10
-1.5205197e-19
8.8590637e-20
7.1259813e-10
-7.5064597e-20
1.1237076e-19
7.1259813e-10
4.9133384e-20
8.7466073e-20
7.0066082e-10
1.6750447e-19
2.1232783e-20
6.7650936e-10
2.3778697e-19
-6.9506319e-20
6.3958723e-10
2.5017698e-19
-1.6519457e-19
5.8905357e-10
2.2383544e-19
-2.5085258e-19
5.2377843e-10
1.7952054e-19
-3.1602249e-19
4.4234134e-10
1.2301731e-19
-3.4484266e-19
3.4303815e-10
6.2353013e-20
-3.0795582e-19
2.239027e-10
-1.645342e-19
8.2750524e-11
9.4259924e-20
-1.80131e-19
7.937201e-11
1.7301062e-19
-2.8168138e-19
2.1390031e-10
2.4501566e-19
-2.8647046e-19
3.2679046e-10
3.0548555e-19
-2.6799537e-19
4.2042142e-10
3.2884161e-19
-2.5774793e-19
4.9689356e-10
2.883866e-19
-2.4742214e-19
5.5799122e-10
1.8264973e-19
-2.1577395e-19
6.0517456e-10
4.5934921e-20
-1.5583144e-19
6.3958723e-10
-6.8050762e-20
-8.1346919e-20
6.6207012e-10
-1.1575403e-19
-1.6740102e-20
6.7317499e-10
-8.5658659e-20
1.5949839e-20
6.7317499e-10
-1.4929183e-21
5.2114202e-21
6.6207012e-10
9.2650655e-20
-4.7431735e-20
6.3958723e-10
1.5697848e-19
-1.2928943e-19
6.0517456e-10
1.7651802e-19
-2.2204001e-19
5.5799122e-10
1.6185829e-19
-3.0829233e-19
4.9689356e-10
1.2847898e-19
-3.7258288e-19
4.2042142e-10
8.1833589e-20
-3.9391302e-19
3.2679046e-10
3.2713023e-20
-3.4040056e-19
2.1390031e-10
-1.7380459e-19
7.937201e-11
1.4121631e-19
-1.9399545e-19
7.4667885e-11
2.2098534e-19
-3.0078383e-19
1.9999475e-10
2.7584483e-19
-2.9226689e-19
3.0426063e-10
3.1957837e-19
-2.4991707e-19
3.9011898e-10
3.4564064e-19
-2.2186165e-19
4.5984183e-10
3.2983461e-19
-2.1557128e-19
5.1530186e-10
2.5442079e-19
-2.1195117e-19
5.5799122e-10
1.336222e-19
-1.9233786e-19
5.8905357e-10
1.0993593e-20
-1.5492996e-19
6.0931608e-10
-6.7344659e-20
-1.1402574e-19
6.193154e-10
-7.9379282e-20
-8.9367797e-20
6.193154e-10
-3.6176523e-20
-9.5236716e-20
6.0931608e-10
2.875703e-20
-1.3470804e-19
5.8905357e-10
8.084726e-20
-1.998413e-19
5.5799122e-10
1.0338335e-19
-2.7616948e-19
5.1530186e-10
1.0066828e-19
-3.4817382e-19
4.5984183e-10
8.2214657e-20
-3.9990105e-19
3.9011898e-10
4.9358129e-20
-4.0856004e-19
3.0426063e-10
1.0715511e-20
-3.4173935e-19
1.9999475e-10
-1.6570999e-19
7.4667885e-11
1.944888e-19
-1.7651257e-19
6.8431339e-11
2.8717657e-19
-2.9039224e-19
1.8160884e-10
3.3551903e-19
-2.8871256e-19
2.7459701e-10
3.5828666e-19
-2.3824003e-19
3.5041072e-10
3.6686405e-19
-1.8895713e-19
4.1151161e-10
3.5185213e-19
-1.6553735e-19
4.5984183e-10
2.9285621e-19
-1.6427384e-19
4.9689356e-10
1.8872541e-19
-1.6782776e-19
5.2377843e-10
6.8454359e-20
-1.6362512e-19
5.4128392e-10
-2.6587385e-20
-1.5268412e-19
5.499138e-10
-6.8999621e-20
-1.4631722e-19
5.499138e-10
-5.9224813e-20
-1.5665331e-19
5.4128392e-10
-2.0432583e-20
-1.8881723e-19
5.2377843e-10
1.8919359e-20
-2.3880046e-19
4.9689356e-10
4.2400879e-20
-2.9649671e-19
4.5984183e-10
5.054988e-20
-3.5005708e-19
4.1151161e-10
4.8335804e-20
-3.8611192e-19
3.5041072e-10
3.1458524e-20
-3.8395434e-19
2.7459701e-10
1.3970918e-21
-3.136879e-19
1.8160885e-10
-1.4619647e-19
6.8431339e-11
2.3043622e-19
-1.2709603e-19
6.0338636e-11
3.4333298e-19
-2.4439582e-19
1.5787095e-10
4.0633622e-19
-2.6723246e-19
2.3656652e-10
4.2429165e-19
-2.3288344e-19
2.9987395e-10
4.1256952e-19
-1.760621e-19
3.5041072e-10
3.7880104e-19
-1.2879919e-19
3.9011898e-10
3.137098e-19
-1.0618986e-19
4.2042142e-10
2.1325221e-19
-1.0402598e-19
4.4234134e-10
9.5373113e-20
-1.0998363e-19
4.5658603e-10
-7.3917952e-21
-1.163967e-19
4.6360076e-10
-6.8399397e-20
-1.2476815e-19
4.6360076e-10
-8.1863068e-20
-1.4138466e-19
4.5658603e-10
-6.2576242e-20
-1.7027835e-19
4.4234134e-10
-3.3065941e-20
-2.0962543e-19
4.2042142e-10
-8.2934486e-21
-2.5298978e-19
3.9011898e-10
1.0443072e-20
-2.923998e-19
3.5041072e-10
2.5156615e-20
-3.1839376e-19
2.9987395e-10
2.5744321e-20
-3.148875e-19
2.3656652e-10
3.0760169e-21
-2.5680171e-19
1.5787095e-10
-1.1869555e-19
6.0338636e-11
2.2701692e-19
-6.5530371e-20
4.9849562e-11
3.5510902e-19
-1.7726567e-19
1.2742848e-10
4.4801252e-19
-2.228345e-19
1.8838283e-10
4.8564889e-19
-2.1491537e-19
2.3656652e-10
4.7015893e-19
-1.6794548e-19
2.7459701e-10
4.1686764e-19
-1.0858432e-19
3.0426063e-10
3.3233613e-19
-6.1785371e-20
3.2679046e-10
2.2136374e-19
-3.7487921e-20
3.4303815e-10
9.9518684e-20
-3.1772456e-20
3.5357678e-10
-8.2275137e-21
-3.6660775e-20
3.5876113e-10
-7.9944878e-20
-4.7875052e-20
3.5876113e-10
-1.0845464e-19
-6.5593448e-20
3.5357678e-10
-1.032058e-19
-9.0652635e-20
3.4303815e-10
-8.1525353e-20
-1.2149456e-19
3.2679046e-10
-5.5989668e-20
-1.5433059e-19
3.0426063e-10
-2.824858e-20
-1.8481407e-19
2.7459701e-10
2.1083837e-21
-2.0757189e-19
2.3656652e-10
2.0453212e-20
-2.1178164e-19
1.8838283e-10
6.9144119e-21
-1.7828848e-19
1.2742848e-10
-8.5334695e-20
4.9849562e-11
1.7259045e-19
-2.4377175e-20
3.5939364e-11
2.9493772e-19
-1.1608423e-19
8.8069255e-11
4.0791851e-19
-1.588611e-19
1.2742848e-10
4.7231174e-19
-1.6013193e-19
1.5787095e-10
4.718446e-19
-1.2591318e-19
1.8160884e-10
4.1747688e-19
-7.3144391e-20
1.9999475e-10
3.2483549e-19
-2.2510005e-20
2.1390031e-10
2.0918486e-19
1.2736675e-20
2.239027e-10
8.8868491e-20
2.9731598e-20
2.3038048e-10
-1.5706735e-20
3.1989983e-20
2.3356451e-10
-8.8371743e-20
2.4055694e-20
2.3356451e-10
-1.2369503e-19
9.077626e-21
2.3038048e-10
-1.2829689e-19
-1.0675134e-20
2.239027e-10
-1.1495038e-19
-3.2936774e-20
2.1390031e-10
-9.3050638e-20
-5.5804381e-20
1.9999475e-10
-6.3313588e-20
-7.8211615e-20
1.8160884e-10
-2.5133287e-20
-9.8229898e-20
1.5787095e-10
6.098375e-21
-1.0901118e-19
1.2742848e-10
3.881488e-21
-9.7991909e-20
8.8069255e-11
-5.1937052e-20
3.5939364e-11
5.6000056e-20
1.6236676e-11
1.3255747e-19
3.5939364e-11
2.1928964e-19
4.9849562e-11
2.7942839e-19
6.0338636e-11
2.9394277e-19
6.8431339e-11
2.6552933e-19
7.4667885e-11
2.0594833e-19
7.937201e-11
1.2960017e-19
8.2750524e-11
5.1377039e-20
8.4936587e-11
-1.571081e-20
8.6010607e-11
-6.3039771e-20
8.6010607e-11
-8.8235906e-20
8.4936587e-11
-9.5183497e-20
8.2750524e-11
-9.0971258e-20
7.937201e-11
-8.0602114e-20
7.4667885e-11
-6.3235776e-20
6.8431339e-11
-3.5903099e-20
6.0338636e-11
-6.917472e-21
4.9849562e-11
2.5483051e-24
3.5939364e-11
1.6236676e-11
-1.7664369e-20
7.1061627e-21
-5.5450431e-20
-8.1998451e-22
-7.7423942e-20
6.1257962e-22
-7.8440555e-20
1.1308677e-20
-6.2363687e-20
2.551535e-20
-3.4260337e-20
3.8617529e-20
-1.0856171e-21
4.7923699e-20
2.7726623e-20
5.3940295e-20
4.3262813e-20
6.0492724e-20
4.102623e-20
7.2768672e-20
2.3538382e-20
9.3942123e-20
-1.3171414e-23
1.2189832e-19
-1.8050622e-20
1.4833321e-19
-2.2718802e-20
1.6187132e-19
-1.3008239e-20
1.5381662e-19
7.1380359e-21
1.2247583e-19
3.0473432e-20
7.3780257e-20
4.3492475e-20
2.0204246e-20
3.2271187e-20
-2.1667307e-20
-3.756663e-20
-4.170083e-20
8.3764955e-22
-9.9182412e-20
-1.0973377e-20
-1.3290535e-19
-1.07272e-20
-1.3320612e-19
5.7778825e-21
-1.0454218e-19
3.2776326e-20
-5.4226933e-20
6.2190063e-20
8.1063153e-21
8.7719728e-20
6.89303e-20
1.071412e-19
1.1345921e-19
1.2239374e-19
1.3036237e-19
1.3768027e-19
1.1624374e-19
1.5650237e-19
7.8098409e-20
1.7862976e-19
3.1274212e-20
1.9853214e-19
-7.2623111e-21
2.0685912e-19
-2.5741582e-20
1.9457904e-19
-2.0005307e-20
1.5710228e-19
4.3446845e-21
9.6973383e-20
2.528167e-20
2.6645173e-20
1.4509185e-20
-3.0786038e-20
-4.798483e-20
-4.5275634e-20
-6.9316763e-22
-9.8966069e-20
-1.789322e-20
-1.265899e-19
-1.9753448e-20
-1.205186e-19
2.388904e-21
-8.6125013e-20
4.2086832e-20
-3.0690485e-20
8.7643476e-20
3.7351902e-20
1.2881622e-19
1.0590891e-19
1.598046e-19
1.6063975e-19
1.7937005e-19
1.8869819e-19
1.8928581e-19
1.8282225e-19
1.926218e-19
1.4480851e-19
1.9238755e-19
8.6107384e-20
1.9025804e-19
2.3713195e-20
1.8547574e-19
-2.6019168e-20
1.7448878e-19
-5.0933629e-20
1.5160217e-19
-4.7113386e-20
1.1152557e-19
-2.955401e-20
5.5741041e-20
-2.5735361e-20
-3.6921442e-22
-3.0729217e-20
-3.5938058e-20
2.6591735e-21
-7.1927501e-20
-2.1307232e-20
-8.242854e-20
-2.9434503e-20
-6.5741548e-20
-7.6643438e-21
-2.890375e-20
3.7113468e-20
2.1912038e-20
9.0221464e-20
8.1016398e-20
1.3858569e-19
1.3963586e-19
1.7437354e-19
1.8640402e-19
1.9480124e-19
2.1055188e-19
2.0008262e-19
2.0532813e-19
1.9183692e-19
1.7058801e-19
1.7319357e-19
1.1326714e-19
1.495354e-19
4.4740263e-20
1.2770612e-19
-2.2667746e-20
1.1277493e-19
-7.5873362e-20
1.0381878e-19
-1.0180414e-19
9.2535438e-20
-9.8772046e-20
6.91501e-20
-7.8208105e-20
3.360218e-20
-2.8368301e-21
-2.3936633e-20
6.552897e-21
-3.5238675e-20
-2.5135334e-20
-2.3168964e-20
-4.3182211e-20
5.8297878e-21
-2.8309596e-20
4.2949137e-20
1.2856557e-20
8.4220191e-20
6.3706781e-20
1.277016e-19
1.0953975e-19
1.6835126e-19
1.4199446e-19
1.9766552e-19
1.5874295e-19
2.072102e-19
1.6068704e-19
1.9278201e-19
1.4904689e-19
1.5641937e-19
1.2488748e-19
1.0460472e-19
9.1515315e-20
4.3610533e-20
5.694797e-20
-2.3131445e-20
3.2473538e-20
-8.9949614e-20
2.6138776e-20
-1.4119578e-19
3.5422748e-20
-1.5763841e-19
4.7076364e-20
-1.2612544e-19
4.6392161e-20
2.240111e-20
-1.4573059e-20
7.4818229e-21
-3.5722529e-22
-3.1993368e-20
3.5291886e-20
-6.1686699e-20
7.6241427e-20
-5.8555976e-20
1.1176307e-19
-2.7815504e-20
1.4101915e-19
1.3562864e-20
1.6688277e-19
5.0222399e-20
1.8864527e-19
7.3608269e-20
2.0024306e-19
8.2134653e-20
1.9388229e-19
7.8575217e-20
1.6613743e-19
6.6002625e-20
1.217593e-19
4.4936774e-20
7.0821023e-20
1.4675507e-20
1.9908802e-20
-2.1560631e-20
-3.4099202e-20
-5.2825044e-20
-9.6725914e-20
-6.396405e-20
-1.5818327e-19
-4.6386188e-20
-1.8926328e-19
-7.2630644e-21
-1.5431678e-19
3.1281192e-20
3.7086544e-20
-9.8017732e-21
4.429613e-21
2.6220632e-20
-4.162864e-20
8.3267916e-20
-8.2705217e-20
1.3488512e-19
-9.4394636e-20
1.6778413e-19
-7.9031294e-20
1.8426138e-19
-5.1700466e-20
1.9245217e-19
-2.7144964e-20
1.967886e-19
-1.4163785e-20
1.9436604e-19
-1.4784153e-20
1.7734066e-19
-2.5625865e-20
1.4015067e-19
-4.133909e-20
8.6872148e-20
-5.9227128e-20
3.1016459e-20
-8.1186966e-20
-1.5464362e-20
-1.0952714e-19
-5.4893905e-20
-1.390361e-19
-1.0067233e-19
-1.538619e-19
-1.5401091e-19
-1.3600913e-19
-1.8755231e-19
-8.1183033e-20
-1.5453478e-19
-9.4642709e-21
3.5038312e-20
-9.84343e-21
-2.4904317e-21
4.1074751e-20
-5.2142555e-20
1.1469501e-19
-1.0166888e-19
1.7530522e-19
-1.2855625e-19
2.0619006e-19
-1.3112105e-19
2.1158604e-19
-1.200801e-19
2.0402146e-19
-1.0791289e-19
1.9290731e-19
-1.0322781e-19
1.7949639e-19
-1.0941427e-19
1.5721961e-19
-1.2476831e-19
1.1776656e-19
-1.4393296e-19
6.0925027e-20
-1.6178939e-19
-3.6821251e-22
-1.7786948e-19
-4.8417829e-20
-1.9606174e-19
-7.8212153e-20
-2.1713514e-19
-1.0310231e-19
-2.302066e-19
-1.3438355e-19
-2.1457622e-19
-1.5675488e-19
-1.5576221e-19
-1.2808105e-19
-6.4875273e-20
1.5322577e-20
-1.268145e-20
-1.39039e-20
4.46189e-20
-6.3123773e-20
1.2749646e-19
-1.1529012e-19
1.9457396e-19
-1.5403865e-19
2.2534118e-19
-1.7365313e-19
2.2394805e-19
-1.7848433e-19
2.0527938e-19
-1.7722549e-19
1.821466e-19
-1.7761357e-19
1.5966917e-19
-1.842523e-19
1.3417697e-19
-1.9811133e-19
9.6756492e-20
-2.1640443e-19
4.2582941e-20
-2.3408677e-19
-1.9783588e-20
-2.4779916e-19
-7.0724914e-20
-2.5893371e-19
-9.6526124e-20
-2.7037716e-19
-1.0351551e-19
-2.7743528e-19
-1.075705e-19
-2.6326888e-19
-1.0974183e-19
-2.0926551e-19
-8.5802972e-20
-1.1608342e-19
-1.4241493e-20
-1.3586294e-20
-3.0531214e-20
4.1885361e-20
-7.5982291e-20
1.246494e-19
-1.2327016e-19
1.9411137e-19
-1.6709208e-19
2.2676617e-19
-1.9942496e-19
2.2422525e-19
-2.1728627e-19
2.0104938e-19
-2.2436418e-19
1.7128463e-19
-2.2708578e-19
1.4233785e-19
-2.3080302e-19
1.1352365e-19
-2.3845656e-19
7.7742807e-20
-2.5025856e-19
2.8351381e-20
-2.6355026e-19
-3.0798039e-20
-2.7436985e-19
-8.2196891e-20
-2.8089332e-19
-1.0682494e-19
-2.8444581e-19
-1.0197254e-19
-2.8409285e-19
-8.2259914e-20
-2.6966776e-19
-6.296934e-20
-2.2488684e-19
-4.3254546e-20
-1.4343412e-19
-3.9993854e-20
-6.435306e-21
-5.0826571e-20
4.1119867e-20
-9.1194976e-20
1.1341174e-19
-1.2644092e-19
1.7925163e-19
-1.6649702e-19
2.1471139e-19
-2.0473282e-19
2.1644719e-19
-2.3159617e-19
1.9546181e-19
-2.4475614e-19
1.6502621e-19
-2.4865545e-19
1.3340123e-19
-2.4912356e-19
1.0175309e-19
-2.5003016e-19
6.538959e-20
-2.5304371e-19
1.8729012e-20
-2.5778083e-19
-3.649993e-20
-2.6177339e-19
-8.6099955e-20
-2.6212997e-19
-1.1020277e-19
-2.5805209e-19
-9.9682711e-20
-2.4973313e-19
-6.499838e-20
-2.3293634e-19
-2.987727e-20
-1.9734594e-19
-1.3557281e-20
-1.3518718e-19
-4.946473e-20
1.3460087e-20
-6.9553126e-20
5.070805e-20
-1.0582041e-19
1.0306573e-19
-1.2469317e-19
1.5747842e-19
-1.5220871e-19
1.943239e-19
-1.8799178e-19
2.0412388e-19
-2.1937276e-19
1.9076531e-19
-2.3792471e-19
1.6456049e-19
-2.4455295e-19
1.3404953e-19
-2.4463643e-19
1.0157358e-19
-2.4229717e-19
6.4015694e-20
-2.3904738e-19
1.7591388e-20
-2.3491701e-19
-3.565263e-20
-2.289056e-19
-8.3601078e-20
-2.1922445e-19
-1.0803573e-19
-2.0489527e-19
-9.7416751e-20
-1.8667741e-19
-5.8184031e-20
-1.644708e-19
-1.6346368e-20
-1.3449573e-19
-2.3679634e-21
-9.2220148e-20
-3.7364963e-20
4.6266462e-20
-7.8891875e-20
7.5586916e-20
-1.1379519e-19
1.023707e-19
-1.174093e-19
1.3704834e-19
-1.2686346e-19
1.703389e-19
-1.5153917e-19
1.8844759e-19
-1.8159378e-19
1.8583583e-19
-2.0507201e-19
1.6720151e-19
-2.1796033e-19
1.4072878e-19
-2.2292712e-19
1.1022265e-19
-2.2322372e-19
7.3548714e-20
-2.1943084e-19
2.7703306e-20
-2.1043198e-19
-2.4675282e-20
-1.9523794e-19
-7.2340103e-20
-1.7354139e-19
-9.9072223e-20
-1.4608007e-19
-9.3516866e-20
-1.1521237e-19
-5.9279054e-20
-8.3969138e-20
-1.986134e-20
-5.4205257e-20
-7.0974251e-21
-2.7271534e-20
-7.5878434e-21
8.5655404e-20
-7.2375962e-20
1.1387693e-19
-1.0933844e-19
1.1654885e-19
-1.0577877e-19
1.2606925e-19
-9.8783163e-20
1.4798707e-19
-1.062544e-19
1.6930141e-19
-1.2693245e-19
1.7642454e-19
-1.5105155e-19
1.6670456e-19
-1.7104759e-19
1.4639771e-19
-1.8494596e-19
1.2077402e-19
-1.9321911e-19
8.8799742e-20
-1.9493281e-19
4.7151265e-20
-1.8735746e-19
-2.3666807e-21
-1.6824289e-19
-4.9702814e-20
-1.3763023e-19
-8.0430814e-20
-9.8097765e-20
-8.4092335e-20
-5.4303e-20
-6.2008213e-20
-1.210837e-20
-3.1991658e-20
2.205431e-20
-1.9726917e-20
4.0271759e-20
2.9062886e-20
1.1953065e-19
-4.9710101e-20
1.5512863e-19
-9.1553703e-20
1.4363517e-19
-9.4203978e-20
1.302153e-19
-8.1263597e-20
1.3440925e-19
-7.1972987e-20
1.4963625e-19
-7.5072658e-20
1.5987826e-19
-8.9245885e-20
1.5670153e-19
-1.086051e-19
1.4306061e-19
-1.2800981e-19
1.2449507e-19
-1.4434384e-19
1.0096946e-19
-1.545246e-19
6.8415744e-20
-1.5417851e-19
2.6321654e-20
-1.3917185e-19
-1.7875618e-20
-1.0825285e-19
-5.1960825e-20
-6.419019e-20
-6.6326766e-20
-1.3009008e-20
-5.9857807e-20
3.7296447e-20
-4.2965929e-20
7.6805866e-20
-3.130182e-20
9.1868507e-20
5.9997393e-20
1.342283e-19
-1.894693e-20
1.8242578e-19
-6.6631704e-20
1.7240019e-19
-8.8330338e-20
1.4861048e-19
-8.5101655e-20
1.3684576e-19
-6.7691242e-20
1.3846882e-19
-5.002646e-20
1.4168784e-19
-4.1528798e-20
1.3756222e-19
-4.4248475e-20
1.2686117e-19
-5.5436818e-20
1.1429359e-19
-7.1032683e-20
1.0016172e-19
-8.6437049e-20
7.9665353e-20
-9.5720927e-20
4.9443283e-20
-9.2462082e-20
1.3064274e-20
-7.2565378e-20
-2.0462917e-20
-3.6519212e-20
-4.2766538e-20
1.062844e-20
-5.045611e-20
6.0515102e-20
-4.6468009e-20
1.013361e-19
-3.5954298e-20
1.1575745e-19
7.5821062e-20
1.2101668e-19
6.907695e-21
1.7941346e-19
-4.4325326e-20
1.852509e-19
-8.9443476e-20
1.7063822e-19
-1.0752768e-19
1.5600221e-19
-9.47847e-20
1.4571649e-19
-6.2349654e-20
1.3487624e-19
-2.6401151e-20
1.1973774e-19
8.7821221e-22
1.0284661e-19
1.4138683e-20
8.9209319e-20
1.3213558e-20
7.9608097e-20
1.4563049e-21
6.9068039e-20
-1.4582996e-20
5.1922637e-20
-2.6207431e-20
2.7585437e-20
-2.5588262e-20
8.5689769e-22
-9.0458126e-21
-2.2287747e-20
2.1755421e-20
-3.7535859e-20
6.0358409e-20
-4.2111036e-20
9.5318136e-20
-3.2674129e-20
1.0865235e-19
7.2369487e-20
8.1810698e-20
1.8045138e-20
1.3963624e-19
-2.8964889e-20
1.664584e-19
-8.7231567e-20
1.7722551e-19
-1.2420101e-19
1.7806727e-19
-1.2407973e-19
1.6814833e-19
-9.0172359e-20
1.4599301e-19
-3.7907608e-20
1.145972e-19
1.4920074e-20
8.1935764e-20
5.4764647e-20
5.6399351e-20
7.4549553e-20
4.1264337e-20
7.3682105e-20
3.3106012e-20
5.7479685e-20
2.5567904e-20
3.55284e-20
1.4702944e-20
1.8296181e-20
6.8123258e-22
1.3259355e-20
-1.4395169e-20
2.2719088e-20
-2.762686e-20
4.3505604e-20
-3.3743793e-20
6.6672714e-20
-2.4415465e-20
7.6937816e-20
5.2038714e-20
3.1160499e-20
1.4626684e-20
7.3052544e-20
-1.32826e-20
1.1132418e-19
-5.9630943e-20
1.472416e-19
-9.526606e-20
1.7233634e-19
-1.0319494e-19
1.7625078e-19
-8.0838017e-20
1.5514265e-19
-3.7331314e-20
1.1477191e-19
1.2668594e-20
6.7628873e-20
5.5153542e-20
2.6631921e-20
8.0787705e-20
-5.9217766e-22
8.6519624e-20
-1.3763679e-20
7.5388843e-20
-1.7601343e-20
5.4817925e-20
-1.748228e-20
3.3678319e-20
-1.7034567e-20
1.9202737e-20
-1.8552745e-20
1.5102795e-20
-2.2524105e-20
2.0865551e-20
-2.4617579e-20
3.1196935e-20
-1.5316222e-20
3.6358804e-20
2.4670092e-20
-5.8722134e-21
4.4252946e-21
2.9306735e-20
6.4852099e-20
9.8139175e-20
1.1525246e-19
1.0910145e-19
8.224152e-20
4.4393548e-20
7.1753828e-21
-2.067632e-20
-3.5657958e-20
-3.8983711e-20
-3.4287436e-20
-2.5740334e-20
-1.7655698e-20
-1.34867e-20
-1.2362208e-20
-7.428104e-21
)
;

boundaryField
{
    inlet
    {
        type            calculated;
        value           nonuniform List<scalar> 
400
(
-3.625e-10
-3.625e-10
-3.625e-10
-3.625e-10
-3.625e-10
-3.625e-10
-3.625e-10
-3.625e-10
-3.625e-10
-3.625e-10
-3.625e-10
-3.625e-10
-3.625e-10
-3.625e-10
-3.625e-10
-3.625e-10
-3.625e-10
-3.625e-10
-3.625e-10
-3.625e-10
-3.625e-10
-3.625e-10
-3.625e-10
-3.625e-10
-3.625e-10
-3.625e-10
-3.625e-10
-3.625e-10
-3.625e-10
-3.625e-10
-3.625e-10
-3.625e-10
-3.625e-10
-3.625e-10
-3.625e-10
-3.625e-10
-3.625e-10
-3.625e-10
-3.625e-10
-3.625e-10
-3.625e-10
-3.625e-10
-3.625e-10
-3.625e-10
-3.625e-10
-3.625e-10
-3.625e-10
-3.625e-10
-3.625e-10
-3.625e-10
-3.625e-10
-3.625e-10
-3.625e-10
-3.625e-10
-3.625e-10
-3.625e-10
-3.625e-10
-3.625e-10
-3.625e-10
-3.625e-10
-3.625e-10
-3.625e-10
-3.625e-10
-3.625e-10
-3.625e-10
-3.625e-10
-3.625e-10
-3.625e-10
-3.625e-10
-3.625e-10
-3.625e-10
-3.625e-10
-3.625e-10
-3.625e-10
-3.625e-10
-3.625e-10
-3.625e-10
-3.625e-10
-3.625e-10
-3.625e-10
-3.625e-10
-3.625e-10
-3.625e-10
-3.625e-10
-3.625e-10
-3.625e-10
-3.625e-10
-3.625e-10
-3.625e-10
-3.625e-10
-3.625e-10
-3.625e-10
-3.625e-10
-3.625e-10
-3.625e-10
-3.625e-10
-3.625e-10
-3.625e-10
-3.625e-10
-3.625e-10
-3.625e-10
-3.625e-10
-3.625e-10
-3.625e-10
-3.625e-10
-3.625e-10
-3.625e-10
-3.625e-10
-3.625e-10
-3.625e-10
-3.625e-10
-3.625e-10
-3.625e-10
-3.625e-10
-3.625e-10
-3.625e-10
-3.625e-10
-3.625e-10
-3.625e-10
-3.625e-10
-3.625e-10
-3.625e-10
-3.625e-10
-3.625e-10
-3.625e-10
-3.625e-10
-3.625e-10
-3.625e-10
-3.625e-10
-3.625e-10
-3.625e-10
-3.625e-10
-3.625e-10
-3.625e-10
-3.625e-10
-3.625e-10
-3.625e-10
-3.625e-10
-3.625e-10
-3.625e-10
-3.625e-10
-3.625e-10
-3.625e-10
-3.625e-10
-3.625e-10
-3.625e-10
-3.625e-10
-3.625e-10
-3.625e-10
-3.625e-10
-3.625e-10
-3.625e-10
-3.625e-10
-3.625e-10
-3.625e-10
-3.625e-10
-3.625e-10
-3.625e-10
-3.625e-10
-3.625e-10
-3.625e-10
-3.625e-10
-3.625e-10
-3.625e-10
-3.625e-10
-3.625e-10
-3.625e-10
-3.625e-10
-3.625e-10
-3.625e-10
-3.625e-10
-3.625e-10
-3.625e-10
-3.625e-10
-3.625e-10
-3.625e-10
-3.625e-10
-3.625e-10
-3.625e-10
-3.625e-10
-3.625e-10
-3.625e-10
-3.625e-10
-3.625e-10
-3.625e-10
-3.625e-10
-3.625e-10
-3.625e-10
-3.625e-10
-3.625e-10
-3.625e-10
-3.625e-10
-3.625e-10
-3.625e-10
-3.625e-10
-3.625e-10
-3.625e-10
-3.625e-10
-3.625e-10
-3.625e-10
-3.625e-10
-3.625e-10
-3.625e-10
-3.625e-10
-3.625e-10
-3.625e-10
-3.625e-10
-3.625e-10
-3.625e-10
-3.625e-10
-3.625e-10
-3.625e-10
-3.625e-10
-3.625e-10
-3.625e-10
-3.625e-10
-3.625e-10
-3.625e-10
-3.625e-10
-3.625e-10
-3.625e-10
-3.625e-10
-3.625e-10
-3.625e-10
-3.625e-10
-3.625e-10
-3.625e-10
-3.625e-10
-3.625e-10
-3.625e-10
-3.625e-10
-3.625e-10
-3.625e-10
-3.625e-10
-3.625e-10
-3.625e-10
-3.625e-10
-3.625e-10
-3.625e-10
-3.625e-10
-3.625e-10
-3.625e-10
-3.625e-10
-3.625e-10
-3.625e-10
-3.625e-10
-3.625e-10
-3.625e-10
-3.625e-10
-3.625e-10
-3.625e-10
-3.625e-10
-3.625e-10
-3.625e-10
-3.625e-10
-3.625e-10
-3.625e-10
-3.625e-10
-3.625e-10
-3.625e-10
-3.625e-10
-3.625e-10
-3.625e-10
-3.625e-10
-3.625e-10
-3.625e-10
-3.625e-10
-3.625e-10
-3.625e-10
-3.625e-10
-3.625e-10
-3.625e-10
-3.625e-10
-3.625e-10
-3.625e-10
-3.625e-10
-3.625e-10
-3.625e-10
-3.625e-10
-3.625e-10
-3.625e-10
-3.625e-10
-3.625e-10
-3.625e-10
-3.625e-10
-3.625e-10
-3.625e-10
-3.625e-10
-3.625e-10
-3.625e-10
-3.625e-10
-3.625e-10
-3.625e-10
-3.625e-10
-3.625e-10
-3.625e-10
-3.625e-10
-3.625e-10
-3.625e-10
-3.625e-10
-3.625e-10
-3.625e-10
-3.625e-10
-3.625e-10
-3.625e-10
-3.625e-10
-3.625e-10
-3.625e-10
-3.625e-10
-3.625e-10
-3.625e-10
-3.625e-10
-3.625e-10
-3.625e-10
-3.625e-10
-3.625e-10
-3.625e-10
-3.625e-10
-3.625e-10
-3.625e-10
-3.625e-10
-3.625e-10
-3.625e-10
-3.625e-10
-3.625e-10
-3.625e-10
-3.625e-10
-3.625e-10
-3.625e-10
-3.625e-10
-3.625e-10
-3.625e-10
-3.625e-10
-3.625e-10
-3.625e-10
-3.625e-10
-3.625e-10
-3.625e-10
-3.625e-10
-3.625e-10
-3.625e-10
-3.625e-10
-3.625e-10
-3.625e-10
-3.625e-10
-3.625e-10
-3.625e-10
-3.625e-10
-3.625e-10
-3.625e-10
-3.625e-10
-3.625e-10
-3.625e-10
-3.625e-10
-3.625e-10
-3.625e-10
-3.625e-10
-3.625e-10
-3.625e-10
-3.625e-10
-3.625e-10
-3.625e-10
-3.625e-10
-3.625e-10
-3.625e-10
-3.625e-10
-3.625e-10
-3.625e-10
-3.625e-10
-3.625e-10
-3.625e-10
-3.625e-10
-3.625e-10
-3.625e-10
-3.625e-10
-3.625e-10
-3.625e-10
-3.625e-10
-3.625e-10
-3.625e-10
-3.625e-10
-3.625e-10
-3.625e-10
-3.625e-10
-3.625e-10
-3.625e-10
-3.625e-10
-3.625e-10
-3.625e-10
-3.625e-10
-3.625e-10
-3.625e-10
-3.625e-10
-3.625e-10
-3.625e-10
-3.625e-10
-3.625e-10
-3.625e-10
-3.625e-10
-3.625e-10
)
;
    }
    outlet
    {
        type            calculated;
        value           nonuniform List<scalar> 
400
(
1.6236676e-11
3.5939364e-11
4.9849562e-11
6.0338636e-11
6.8431339e-11
7.4667885e-11
7.937201e-11
8.2750524e-11
8.4936587e-11
8.6010607e-11
8.6010607e-11
8.4936587e-11
8.2750524e-11
7.937201e-11
7.4667885e-11
6.8431339e-11
6.0338636e-11
4.9849562e-11
3.5939364e-11
1.6236676e-11
3.5939364e-11
8.8069255e-11
1.2742848e-10
1.5787095e-10
1.8160885e-10
1.9999475e-10
2.1390031e-10
2.239027e-10
2.3038048e-10
2.3356451e-10
2.3356451e-10
2.3038048e-10
2.239027e-10
2.1390031e-10
1.9999475e-10
1.8160884e-10
1.5787095e-10
1.2742848e-10
8.8069255e-11
3.5939364e-11
4.9849562e-11
1.2742848e-10
1.8838283e-10
2.3656652e-10
2.7459701e-10
3.0426063e-10
3.2679046e-10
3.4303815e-10
3.5357678e-10
3.5876113e-10
3.5876113e-10
3.5357678e-10
3.4303815e-10
3.2679046e-10
3.0426063e-10
2.7459701e-10
2.3656652e-10
1.8838283e-10
1.2742848e-10
4.9849562e-11
6.0338636e-11
1.5787095e-10
2.3656652e-10
2.9987395e-10
3.5041072e-10
3.9011898e-10
4.2042142e-10
4.4234134e-10
4.5658603e-10
4.6360076e-10
4.6360076e-10
4.5658603e-10
4.4234134e-10
4.2042142e-10
3.9011898e-10
3.5041072e-10
2.9987395e-10
2.3656652e-10
1.5787095e-10
6.0338636e-11
6.8431339e-11
1.8160885e-10
2.7459701e-10
3.5041072e-10
4.1151161e-10
4.5984183e-10
4.9689356e-10
5.2377843e-10
5.4128392e-10
5.499138e-10
5.499138e-10
5.4128392e-10
5.2377843e-10
4.9689356e-10
4.5984183e-10
4.1151161e-10
3.5041072e-10
2.7459701e-10
1.8160884e-10
6.8431339e-11
7.4667885e-11
1.9999475e-10
3.0426063e-10
3.9011898e-10
4.5984183e-10
5.1530186e-10
5.5799122e-10
5.8905357e-10
6.0931608e-10
6.193154e-10
6.193154e-10
6.0931608e-10
5.8905357e-10
5.5799122e-10
5.1530186e-10
4.5984183e-10
3.9011898e-10
3.0426063e-10
1.9999475e-10
7.4667885e-11
7.937201e-11
2.1390031e-10
3.2679046e-10
4.2042142e-10
4.9689356e-10
5.5799122e-10
6.0517456e-10
6.3958723e-10
6.6207012e-10
6.7317499e-10
6.7317499e-10
6.6207012e-10
6.3958723e-10
6.0517456e-10
5.5799122e-10
4.9689356e-10
4.2042142e-10
3.2679046e-10
2.1390031e-10
7.937201e-11
8.2750524e-11
2.239027e-10
3.4303815e-10
4.4234134e-10
5.2377843e-10
5.8905357e-10
6.3958723e-10
6.7650936e-10
7.0066082e-10
7.1259813e-10
7.1259813e-10
7.0066082e-10
6.7650936e-10
6.3958723e-10
5.8905357e-10
5.2377843e-10
4.4234134e-10
3.4303815e-10
2.239027e-10
8.2750524e-11
8.4936587e-11
2.3038048e-10
3.5357678e-10
4.5658603e-10
5.4128392e-10
6.0931608e-10
6.6207012e-10
7.0066082e-10
7.2592437e-10
7.3841724e-10
7.3841724e-10
7.2592437e-10
7.0066082e-10
6.6207012e-10
6.0931608e-10
5.4128392e-10
4.5658603e-10
3.5357678e-10
2.3038048e-10
8.4936587e-11
8.6010607e-11
2.3356451e-10
3.5876113e-10
4.6360076e-10
5.499138e-10
6.193154e-10
6.7317499e-10
7.1259813e-10
7.3841724e-10
7.5118791e-10
7.5118791e-10
7.3841724e-10
7.1259813e-10
6.7317499e-10
6.193154e-10
5.499138e-10
4.6360076e-10
3.5876113e-10
2.3356451e-10
8.6010607e-11
8.6010607e-11
2.3356451e-10
3.5876113e-10
4.6360076e-10
5.499138e-10
6.193154e-10
6.7317499e-10
7.1259813e-10
7.3841724e-10
7.5118791e-10
7.5118791e-10
7.3841724e-10
7.1259813e-10
6.7317499e-10
6.193154e-10
5.499138e-10
4.6360076e-10
3.5876113e-10
2.3356451e-10
8.6010607e-11
8.4936587e-11
2.3038048e-10
3.5357678e-10
4.5658603e-10
5.4128392e-10
6.0931608e-10
6.6207012e-10
7.0066082e-10
7.2592437e-10
7.3841724e-10
7.3841724e-10
7.2592437e-10
7.0066082e-10
6.6207012e-10
6.0931608e-10
5.4128392e-10
4.5658603e-10
3.5357678e-10
2.3038048e-10
8.4936587e-11
8.2750524e-11
2.239027e-10
3.4303815e-10
4.4234134e-10
5.2377843e-10
5.8905357e-10
6.3958723e-10
6.7650936e-10
7.0066082e-10
7.1259813e-10
7.1259813e-10
7.0066082e-10
6.7650936e-10
6.3958723e-10
5.8905357e-10
5.2377843e-10
4.4234134e-10
3.4303815e-10
2.239027e-10
8.2750524e-11
7.937201e-11
2.1390031e-10
3.2679046e-10
4.2042142e-10
4.9689356e-10
5.5799122e-10
6.0517456e-10
6.3958723e-10
6.6207012e-10
6.7317499e-10
6.7317499e-10
6.6207012e-10
6.3958723e-10
6.0517456e-10
5.5799122e-10
4.9689356e-10
4.2042142e-10
3.2679046e-10
2.1390031e-10
7.937201e-11
7.4667885e-11
1.9999475e-10
3.0426063e-10
3.9011898e-10
4.5984183e-10
5.1530186e-10
5.5799122e-10
5.8905357e-10
6.0931608e-10
6.193154e-10
6.193154e-10
6.0931608e-10
5.8905357e-10
5.5799122e-10
5.1530186e-10
4.5984183e-10
3.9011898e-10
3.0426063e-10
1.9999475e-10
7.4667885e-11
6.8431339e-11
1.8160885e-10
2.7459701e-10
3.5041072e-10
4.1151161e-10
4.5984183e-10
4.9689356e-10
5.2377843e-10
5.4128392e-10
5.499138e-10
5.499138e-10
5.4128392e-10
5.2377843e-10
4.9689356e-10
4.5984183e-10
4.1151161e-10
3.5041072e-10
2.7459701e-10
1.8160885e-10
6.8431339e-11
6.0338636e-11
1.5787095e-10
2.3656652e-10
2.9987395e-10
3.5041072e-10
3.9011898e-10
4.2042142e-10
4.4234134e-10
4.5658603e-10
4.6360076e-10
4.6360076e-10
4.5658603e-10
4.4234134e-10
4.2042142e-10
3.9011898e-10
3.5041072e-10
2.9987395e-10
2.3656652e-10
1.5787095e-10
6.0338636e-11
4.9849562e-11
1.2742848e-10
1.8838283e-10
2.3656652e-10
2.7459701e-10
3.0426063e-10
3.2679046e-10
3.4303815e-10
3.5357678e-10
3.5876113e-10
3.5876113e-10
3.5357678e-10
3.4303815e-10
3.2679046e-10
3.0426063e-10
2.7459701e-10
2.3656652e-10
1.8838283e-10
1.2742848e-10
4.9849562e-11
3.5939364e-11
8.8069255e-11
1.2742848e-10
1.5787095e-10
1.8160885e-10
1.9999475e-10
2.1390031e-10
2.239027e-10
2.3038048e-10
2.3356451e-10
2.3356451e-10
2.3038048e-10
2.239027e-10
2.1390031e-10
1.9999475e-10
1.8160885e-10
1.5787095e-10
1.2742848e-10
8.8069255e-11
3.5939364e-11
1.6236676e-11
3.5939364e-11
4.9849562e-11
6.0338636e-11
6.8431339e-11
7.4667885e-11
7.937201e-11
8.2750524e-11
8.4936587e-11
8.6010607e-11
8.6010607e-11
8.4936587e-11
8.2750524e-11
7.937201e-11
7.4667885e-11
6.8431339e-11
6.0338636e-11
4.9849562e-11
3.5939364e-11
1.6236676e-11
)
;
    }
    domain5_to_solid_wall
    {
        type            calculated;
        value           uniform 0;
    }
}


// ************************************************************************* //
