/*--------------------------------*- C++ -*----------------------------------*\
| =========                 |                                                 |
| \\      /  F ield         | OpenFOAM: The Open Source CFD Toolbox           |
|  \\    /   O peration     | Version:  2412                                  |
|   \\  /    A nd           | Website:  www.openfoam.com                      |
|    \\/     M anipulation  |                                                 |
\*---------------------------------------------------------------------------*/
FoamFile
{
    version     2.0;
    format      ascii;
    arch        "LSB;label=32;scalar=64";
    class       vectorField;
    location    "constant/domain3/polyMesh";
    object      points;
}
// * * * * * * * * * * * * * * * * * * * * * * * * * * * * * * * * * * * * * //


26901
(
(0 0.007 0.001)
(0.0016666667 0.007 0.001)
(0.0033333333 0.007 0.001)
(0.005 0.007 0.001)
(0.0066666667 0.007 0.001)
(0.0083333333 0.007 0.001)
(0.01 0.007 0.001)
(0.011666667 0.007 0.001)
(0.013333333 0.007 0.001)
(0.015 0.007 0.001)
(0.016666667 0.007 0.001)
(0.018333333 0.007 0.001)
(0.02 0.007 0.001)
(0.021666667 0.007 0.001)
(0.023333333 0.007 0.001)
(0.025 0.007 0.001)
(0.026666667 0.007 0.001)
(0.028333333 0.007 0.001)
(0.03 0.007 0.001)
(0.031666667 0.007 0.001)
(0.033333333 0.007 0.001)
(0.035 0.007 0.001)
(0.036666667 0.007 0.001)
(0.038333333 0.007 0.001)
(0.04 0.007 0.001)
(0.041666667 0.007 0.001)
(0.043333333 0.007 0.001)
(0.045 0.007 0.001)
(0.046666667 0.007 0.001)
(0.048333333 0.007 0.001)
(0.05 0.007 0.001)
(0.051666667 0.007 0.001)
(0.053333333 0.007 0.001)
(0.055 0.007 0.001)
(0.056666667 0.007 0.001)
(0.058333333 0.007 0.001)
(0.06 0.007 0.001)
(0.061666667 0.007 0.001)
(0.063333333 0.007 0.001)
(0.065 0.007 0.001)
(0.066666667 0.007 0.001)
(0.068333333 0.007 0.001)
(0.07 0.007 0.001)
(0.071666667 0.007 0.001)
(0.073333333 0.007 0.001)
(0.075 0.007 0.001)
(0.076666667 0.007 0.001)
(0.078333333 0.007 0.001)
(0.08 0.007 0.001)
(0.081666667 0.007 0.001)
(0.083333333 0.007 0.001)
(0.085 0.007 0.001)
(0.086666667 0.007 0.001)
(0.088333333 0.007 0.001)
(0.09 0.007 0.001)
(0.091666667 0.007 0.001)
(0.093333333 0.007 0.001)
(0.095 0.007 0.001)
(0.096666667 0.007 0.001)
(0.098333333 0.007 0.001)
(0.1 0.007 0.001)
(0 0.0071 0.001)
(0 0.0072 0.001)
(0 0.0073 0.001)
(0 0.0074 0.001)
(0 0.0075 0.001)
(0 0.0076 0.001)
(0 0.0077 0.001)
(0 0.0078 0.001)
(0 0.0079 0.001)
(0 0.008 0.001)
(0 0.0081 0.001)
(0 0.0082 0.001)
(0 0.0083 0.001)
(0 0.0084 0.001)
(0 0.0085 0.001)
(0 0.0086 0.001)
(0 0.0087 0.001)
(0 0.0088 0.001)
(0 0.0089 0.001)
(0 0.009 0.001)
(0.0016666667 0.0071 0.001)
(0.0016666667 0.0072 0.001)
(0.0016666667 0.0073 0.001)
(0.0016666667 0.0074 0.001)
(0.0016666667 0.0075 0.001)
(0.0016666667 0.0076 0.001)
(0.0016666667 0.0077 0.001)
(0.0016666667 0.0078 0.001)
(0.0016666667 0.0079 0.001)
(0.0016666667 0.008 0.001)
(0.0016666667 0.0081 0.001)
(0.0016666667 0.0082 0.001)
(0.0016666667 0.0083 0.001)
(0.0016666667 0.0084 0.001)
(0.0016666667 0.0085 0.001)
(0.0016666667 0.0086 0.001)
(0.0016666667 0.0087 0.001)
(0.0016666667 0.0088 0.001)
(0.0016666667 0.0089 0.001)
(0.0016666667 0.009 0.001)
(0.0033333333 0.0071 0.001)
(0.0033333333 0.0072 0.001)
(0.0033333333 0.0073 0.001)
(0.0033333333 0.0074 0.001)
(0.0033333333 0.0075 0.001)
(0.0033333333 0.0076 0.001)
(0.0033333333 0.0077 0.001)
(0.0033333333 0.0078 0.001)
(0.0033333333 0.0079 0.001)
(0.0033333333 0.008 0.001)
(0.0033333333 0.0081 0.001)
(0.0033333333 0.0082 0.001)
(0.0033333333 0.0083 0.001)
(0.0033333333 0.0084 0.001)
(0.0033333333 0.0085 0.001)
(0.0033333333 0.0086 0.001)
(0.0033333333 0.0087 0.001)
(0.0033333333 0.0088 0.001)
(0.0033333333 0.0089 0.001)
(0.0033333333 0.009 0.001)
(0.005 0.0071 0.001)
(0.005 0.0072 0.001)
(0.005 0.0073 0.001)
(0.005 0.0074 0.001)
(0.005 0.0075 0.001)
(0.005 0.0076 0.001)
(0.005 0.0077 0.001)
(0.005 0.0078 0.001)
(0.005 0.0079 0.001)
(0.005 0.008 0.001)
(0.005 0.0081 0.001)
(0.005 0.0082 0.001)
(0.005 0.0083 0.001)
(0.005 0.0084 0.001)
(0.005 0.0085 0.001)
(0.005 0.0086 0.001)
(0.005 0.0087 0.001)
(0.005 0.0088 0.001)
(0.005 0.0089 0.001)
(0.005 0.009 0.001)
(0.0066666667 0.0071 0.001)
(0.0066666667 0.0072 0.001)
(0.0066666667 0.0073 0.001)
(0.0066666667 0.0074 0.001)
(0.0066666667 0.0075 0.001)
(0.0066666667 0.0076 0.001)
(0.0066666667 0.0077 0.001)
(0.0066666667 0.0078 0.001)
(0.0066666667 0.0079 0.001)
(0.0066666667 0.008 0.001)
(0.0066666667 0.0081 0.001)
(0.0066666667 0.0082 0.001)
(0.0066666667 0.0083 0.001)
(0.0066666667 0.0084 0.001)
(0.0066666667 0.0085 0.001)
(0.0066666667 0.0086 0.001)
(0.0066666667 0.0087 0.001)
(0.0066666667 0.0088 0.001)
(0.0066666667 0.0089 0.001)
(0.0066666667 0.009 0.001)
(0.0083333333 0.0071 0.001)
(0.0083333333 0.0072 0.001)
(0.0083333333 0.0073 0.001)
(0.0083333333 0.0074 0.001)
(0.0083333333 0.0075 0.001)
(0.0083333333 0.0076 0.001)
(0.0083333333 0.0077 0.001)
(0.0083333333 0.0078 0.001)
(0.0083333333 0.0079 0.001)
(0.0083333333 0.008 0.001)
(0.0083333333 0.0081 0.001)
(0.0083333333 0.0082 0.001)
(0.0083333333 0.0083 0.001)
(0.0083333333 0.0084 0.001)
(0.0083333333 0.0085 0.001)
(0.0083333333 0.0086 0.001)
(0.0083333333 0.0087 0.001)
(0.0083333333 0.0088 0.001)
(0.0083333333 0.0089 0.001)
(0.0083333333 0.009 0.001)
(0.01 0.0071 0.001)
(0.01 0.0072 0.001)
(0.01 0.0073 0.001)
(0.01 0.0074 0.001)
(0.01 0.0075 0.001)
(0.01 0.0076 0.001)
(0.01 0.0077 0.001)
(0.01 0.0078 0.001)
(0.01 0.0079 0.001)
(0.01 0.008 0.001)
(0.01 0.0081 0.001)
(0.01 0.0082 0.001)
(0.01 0.0083 0.001)
(0.01 0.0084 0.001)
(0.01 0.0085 0.001)
(0.01 0.0086 0.001)
(0.01 0.0087 0.001)
(0.01 0.0088 0.001)
(0.01 0.0089 0.001)
(0.01 0.009 0.001)
(0.011666667 0.0071 0.001)
(0.011666667 0.0072 0.001)
(0.011666667 0.0073 0.001)
(0.011666667 0.0074 0.001)
(0.011666667 0.0075 0.001)
(0.011666667 0.0076 0.001)
(0.011666667 0.0077 0.001)
(0.011666667 0.0078 0.001)
(0.011666667 0.0079 0.001)
(0.011666667 0.008 0.001)
(0.011666667 0.0081 0.001)
(0.011666667 0.0082 0.001)
(0.011666667 0.0083 0.001)
(0.011666667 0.0084 0.001)
(0.011666667 0.0085 0.001)
(0.011666667 0.0086 0.001)
(0.011666667 0.0087 0.001)
(0.011666667 0.0088 0.001)
(0.011666667 0.0089 0.001)
(0.011666667 0.009 0.001)
(0.013333333 0.0071 0.001)
(0.013333333 0.0072 0.001)
(0.013333333 0.0073 0.001)
(0.013333333 0.0074 0.001)
(0.013333333 0.0075 0.001)
(0.013333333 0.0076 0.001)
(0.013333333 0.0077 0.001)
(0.013333333 0.0078 0.001)
(0.013333333 0.0079 0.001)
(0.013333333 0.008 0.001)
(0.013333333 0.0081 0.001)
(0.013333333 0.0082 0.001)
(0.013333333 0.0083 0.001)
(0.013333333 0.0084 0.001)
(0.013333333 0.0085 0.001)
(0.013333333 0.0086 0.001)
(0.013333333 0.0087 0.001)
(0.013333333 0.0088 0.001)
(0.013333333 0.0089 0.001)
(0.013333333 0.009 0.001)
(0.015 0.0071 0.001)
(0.015 0.0072 0.001)
(0.015 0.0073 0.001)
(0.015 0.0074 0.001)
(0.015 0.0075 0.001)
(0.015 0.0076 0.001)
(0.015 0.0077 0.001)
(0.015 0.0078 0.001)
(0.015 0.0079 0.001)
(0.015 0.008 0.001)
(0.015 0.0081 0.001)
(0.015 0.0082 0.001)
(0.015 0.0083 0.001)
(0.015 0.0084 0.001)
(0.015 0.0085 0.001)
(0.015 0.0086 0.001)
(0.015 0.0087 0.001)
(0.015 0.0088 0.001)
(0.015 0.0089 0.001)
(0.015 0.009 0.001)
(0.016666667 0.0071 0.001)
(0.016666667 0.0072 0.001)
(0.016666667 0.0073 0.001)
(0.016666667 0.0074 0.001)
(0.016666667 0.0075 0.001)
(0.016666667 0.0076 0.001)
(0.016666667 0.0077 0.001)
(0.016666667 0.0078 0.001)
(0.016666667 0.0079 0.001)
(0.016666667 0.008 0.001)
(0.016666667 0.0081 0.001)
(0.016666667 0.0082 0.001)
(0.016666667 0.0083 0.001)
(0.016666667 0.0084 0.001)
(0.016666667 0.0085 0.001)
(0.016666667 0.0086 0.001)
(0.016666667 0.0087 0.001)
(0.016666667 0.0088 0.001)
(0.016666667 0.0089 0.001)
(0.016666667 0.009 0.001)
(0.018333333 0.0071 0.001)
(0.018333333 0.0072 0.001)
(0.018333333 0.0073 0.001)
(0.018333333 0.0074 0.001)
(0.018333333 0.0075 0.001)
(0.018333333 0.0076 0.001)
(0.018333333 0.0077 0.001)
(0.018333333 0.0078 0.001)
(0.018333333 0.0079 0.001)
(0.018333333 0.008 0.001)
(0.018333333 0.0081 0.001)
(0.018333333 0.0082 0.001)
(0.018333333 0.0083 0.001)
(0.018333333 0.0084 0.001)
(0.018333333 0.0085 0.001)
(0.018333333 0.0086 0.001)
(0.018333333 0.0087 0.001)
(0.018333333 0.0088 0.001)
(0.018333333 0.0089 0.001)
(0.018333333 0.009 0.001)
(0.02 0.0071 0.001)
(0.02 0.0072 0.001)
(0.02 0.0073 0.001)
(0.02 0.0074 0.001)
(0.02 0.0075 0.001)
(0.02 0.0076 0.001)
(0.02 0.0077 0.001)
(0.02 0.0078 0.001)
(0.02 0.0079 0.001)
(0.02 0.008 0.001)
(0.02 0.0081 0.001)
(0.02 0.0082 0.001)
(0.02 0.0083 0.001)
(0.02 0.0084 0.001)
(0.02 0.0085 0.001)
(0.02 0.0086 0.001)
(0.02 0.0087 0.001)
(0.02 0.0088 0.001)
(0.02 0.0089 0.001)
(0.02 0.009 0.001)
(0.021666667 0.0071 0.001)
(0.021666667 0.0072 0.001)
(0.021666667 0.0073 0.001)
(0.021666667 0.0074 0.001)
(0.021666667 0.0075 0.001)
(0.021666667 0.0076 0.001)
(0.021666667 0.0077 0.001)
(0.021666667 0.0078 0.001)
(0.021666667 0.0079 0.001)
(0.021666667 0.008 0.001)
(0.021666667 0.0081 0.001)
(0.021666667 0.0082 0.001)
(0.021666667 0.0083 0.001)
(0.021666667 0.0084 0.001)
(0.021666667 0.0085 0.001)
(0.021666667 0.0086 0.001)
(0.021666667 0.0087 0.001)
(0.021666667 0.0088 0.001)
(0.021666667 0.0089 0.001)
(0.021666667 0.009 0.001)
(0.023333333 0.0071 0.001)
(0.023333333 0.0072 0.001)
(0.023333333 0.0073 0.001)
(0.023333333 0.0074 0.001)
(0.023333333 0.0075 0.001)
(0.023333333 0.0076 0.001)
(0.023333333 0.0077 0.001)
(0.023333333 0.0078 0.001)
(0.023333333 0.0079 0.001)
(0.023333333 0.008 0.001)
(0.023333333 0.0081 0.001)
(0.023333333 0.0082 0.001)
(0.023333333 0.0083 0.001)
(0.023333333 0.0084 0.001)
(0.023333333 0.0085 0.001)
(0.023333333 0.0086 0.001)
(0.023333333 0.0087 0.001)
(0.023333333 0.0088 0.001)
(0.023333333 0.0089 0.001)
(0.023333333 0.009 0.001)
(0.025 0.0071 0.001)
(0.025 0.0072 0.001)
(0.025 0.0073 0.001)
(0.025 0.0074 0.001)
(0.025 0.0075 0.001)
(0.025 0.0076 0.001)
(0.025 0.0077 0.001)
(0.025 0.0078 0.001)
(0.025 0.0079 0.001)
(0.025 0.008 0.001)
(0.025 0.0081 0.001)
(0.025 0.0082 0.001)
(0.025 0.0083 0.001)
(0.025 0.0084 0.001)
(0.025 0.0085 0.001)
(0.025 0.0086 0.001)
(0.025 0.0087 0.001)
(0.025 0.0088 0.001)
(0.025 0.0089 0.001)
(0.025 0.009 0.001)
(0.026666667 0.0071 0.001)
(0.026666667 0.0072 0.001)
(0.026666667 0.0073 0.001)
(0.026666667 0.0074 0.001)
(0.026666667 0.0075 0.001)
(0.026666667 0.0076 0.001)
(0.026666667 0.0077 0.001)
(0.026666667 0.0078 0.001)
(0.026666667 0.0079 0.001)
(0.026666667 0.008 0.001)
(0.026666667 0.0081 0.001)
(0.026666667 0.0082 0.001)
(0.026666667 0.0083 0.001)
(0.026666667 0.0084 0.001)
(0.026666667 0.0085 0.001)
(0.026666667 0.0086 0.001)
(0.026666667 0.0087 0.001)
(0.026666667 0.0088 0.001)
(0.026666667 0.0089 0.001)
(0.026666667 0.009 0.001)
(0.028333333 0.0071 0.001)
(0.028333333 0.0072 0.001)
(0.028333333 0.0073 0.001)
(0.028333333 0.0074 0.001)
(0.028333333 0.0075 0.001)
(0.028333333 0.0076 0.001)
(0.028333333 0.0077 0.001)
(0.028333333 0.0078 0.001)
(0.028333333 0.0079 0.001)
(0.028333333 0.008 0.001)
(0.028333333 0.0081 0.001)
(0.028333333 0.0082 0.001)
(0.028333333 0.0083 0.001)
(0.028333333 0.0084 0.001)
(0.028333333 0.0085 0.001)
(0.028333333 0.0086 0.001)
(0.028333333 0.0087 0.001)
(0.028333333 0.0088 0.001)
(0.028333333 0.0089 0.001)
(0.028333333 0.009 0.001)
(0.03 0.0071 0.001)
(0.03 0.0072 0.001)
(0.03 0.0073 0.001)
(0.03 0.0074 0.001)
(0.03 0.0075 0.001)
(0.03 0.0076 0.001)
(0.03 0.0077 0.001)
(0.03 0.0078 0.001)
(0.03 0.0079 0.001)
(0.03 0.008 0.001)
(0.03 0.0081 0.001)
(0.03 0.0082 0.001)
(0.03 0.0083 0.001)
(0.03 0.0084 0.001)
(0.03 0.0085 0.001)
(0.03 0.0086 0.001)
(0.03 0.0087 0.001)
(0.03 0.0088 0.001)
(0.03 0.0089 0.001)
(0.03 0.009 0.001)
(0.031666667 0.0071 0.001)
(0.031666667 0.0072 0.001)
(0.031666667 0.0073 0.001)
(0.031666667 0.0074 0.001)
(0.031666667 0.0075 0.001)
(0.031666667 0.0076 0.001)
(0.031666667 0.0077 0.001)
(0.031666667 0.0078 0.001)
(0.031666667 0.0079 0.001)
(0.031666667 0.008 0.001)
(0.031666667 0.0081 0.001)
(0.031666667 0.0082 0.001)
(0.031666667 0.0083 0.001)
(0.031666667 0.0084 0.001)
(0.031666667 0.0085 0.001)
(0.031666667 0.0086 0.001)
(0.031666667 0.0087 0.001)
(0.031666667 0.0088 0.001)
(0.031666667 0.0089 0.001)
(0.031666667 0.009 0.001)
(0.033333333 0.0071 0.001)
(0.033333333 0.0072 0.001)
(0.033333333 0.0073 0.001)
(0.033333333 0.0074 0.001)
(0.033333333 0.0075 0.001)
(0.033333333 0.0076 0.001)
(0.033333333 0.0077 0.001)
(0.033333333 0.0078 0.001)
(0.033333333 0.0079 0.001)
(0.033333333 0.008 0.001)
(0.033333333 0.0081 0.001)
(0.033333333 0.0082 0.001)
(0.033333333 0.0083 0.001)
(0.033333333 0.0084 0.001)
(0.033333333 0.0085 0.001)
(0.033333333 0.0086 0.001)
(0.033333333 0.0087 0.001)
(0.033333333 0.0088 0.001)
(0.033333333 0.0089 0.001)
(0.033333333 0.009 0.001)
(0.035 0.0071 0.001)
(0.035 0.0072 0.001)
(0.035 0.0073 0.001)
(0.035 0.0074 0.001)
(0.035 0.0075 0.001)
(0.035 0.0076 0.001)
(0.035 0.0077 0.001)
(0.035 0.0078 0.001)
(0.035 0.0079 0.001)
(0.035 0.008 0.001)
(0.035 0.0081 0.001)
(0.035 0.0082 0.001)
(0.035 0.0083 0.001)
(0.035 0.0084 0.001)
(0.035 0.0085 0.001)
(0.035 0.0086 0.001)
(0.035 0.0087 0.001)
(0.035 0.0088 0.001)
(0.035 0.0089 0.001)
(0.035 0.009 0.001)
(0.036666667 0.0071 0.001)
(0.036666667 0.0072 0.001)
(0.036666667 0.0073 0.001)
(0.036666667 0.0074 0.001)
(0.036666667 0.0075 0.001)
(0.036666667 0.0076 0.001)
(0.036666667 0.0077 0.001)
(0.036666667 0.0078 0.001)
(0.036666667 0.0079 0.001)
(0.036666667 0.008 0.001)
(0.036666667 0.0081 0.001)
(0.036666667 0.0082 0.001)
(0.036666667 0.0083 0.001)
(0.036666667 0.0084 0.001)
(0.036666667 0.0085 0.001)
(0.036666667 0.0086 0.001)
(0.036666667 0.0087 0.001)
(0.036666667 0.0088 0.001)
(0.036666667 0.0089 0.001)
(0.036666667 0.009 0.001)
(0.038333333 0.0071 0.001)
(0.038333333 0.0072 0.001)
(0.038333333 0.0073 0.001)
(0.038333333 0.0074 0.001)
(0.038333333 0.0075 0.001)
(0.038333333 0.0076 0.001)
(0.038333333 0.0077 0.001)
(0.038333333 0.0078 0.001)
(0.038333333 0.0079 0.001)
(0.038333333 0.008 0.001)
(0.038333333 0.0081 0.001)
(0.038333333 0.0082 0.001)
(0.038333333 0.0083 0.001)
(0.038333333 0.0084 0.001)
(0.038333333 0.0085 0.001)
(0.038333333 0.0086 0.001)
(0.038333333 0.0087 0.001)
(0.038333333 0.0088 0.001)
(0.038333333 0.0089 0.001)
(0.038333333 0.009 0.001)
(0.04 0.0071 0.001)
(0.04 0.0072 0.001)
(0.04 0.0073 0.001)
(0.04 0.0074 0.001)
(0.04 0.0075 0.001)
(0.04 0.0076 0.001)
(0.04 0.0077 0.001)
(0.04 0.0078 0.001)
(0.04 0.0079 0.001)
(0.04 0.008 0.001)
(0.04 0.0081 0.001)
(0.04 0.0082 0.001)
(0.04 0.0083 0.001)
(0.04 0.0084 0.001)
(0.04 0.0085 0.001)
(0.04 0.0086 0.001)
(0.04 0.0087 0.001)
(0.04 0.0088 0.001)
(0.04 0.0089 0.001)
(0.04 0.009 0.001)
(0.041666667 0.0071 0.001)
(0.041666667 0.0072 0.001)
(0.041666667 0.0073 0.001)
(0.041666667 0.0074 0.001)
(0.041666667 0.0075 0.001)
(0.041666667 0.0076 0.001)
(0.041666667 0.0077 0.001)
(0.041666667 0.0078 0.001)
(0.041666667 0.0079 0.001)
(0.041666667 0.008 0.001)
(0.041666667 0.0081 0.001)
(0.041666667 0.0082 0.001)
(0.041666667 0.0083 0.001)
(0.041666667 0.0084 0.001)
(0.041666667 0.0085 0.001)
(0.041666667 0.0086 0.001)
(0.041666667 0.0087 0.001)
(0.041666667 0.0088 0.001)
(0.041666667 0.0089 0.001)
(0.041666667 0.009 0.001)
(0.043333333 0.0071 0.001)
(0.043333333 0.0072 0.001)
(0.043333333 0.0073 0.001)
(0.043333333 0.0074 0.001)
(0.043333333 0.0075 0.001)
(0.043333333 0.0076 0.001)
(0.043333333 0.0077 0.001)
(0.043333333 0.0078 0.001)
(0.043333333 0.0079 0.001)
(0.043333333 0.008 0.001)
(0.043333333 0.0081 0.001)
(0.043333333 0.0082 0.001)
(0.043333333 0.0083 0.001)
(0.043333333 0.0084 0.001)
(0.043333333 0.0085 0.001)
(0.043333333 0.0086 0.001)
(0.043333333 0.0087 0.001)
(0.043333333 0.0088 0.001)
(0.043333333 0.0089 0.001)
(0.043333333 0.009 0.001)
(0.045 0.0071 0.001)
(0.045 0.0072 0.001)
(0.045 0.0073 0.001)
(0.045 0.0074 0.001)
(0.045 0.0075 0.001)
(0.045 0.0076 0.001)
(0.045 0.0077 0.001)
(0.045 0.0078 0.001)
(0.045 0.0079 0.001)
(0.045 0.008 0.001)
(0.045 0.0081 0.001)
(0.045 0.0082 0.001)
(0.045 0.0083 0.001)
(0.045 0.0084 0.001)
(0.045 0.0085 0.001)
(0.045 0.0086 0.001)
(0.045 0.0087 0.001)
(0.045 0.0088 0.001)
(0.045 0.0089 0.001)
(0.045 0.009 0.001)
(0.046666667 0.0071 0.001)
(0.046666667 0.0072 0.001)
(0.046666667 0.0073 0.001)
(0.046666667 0.0074 0.001)
(0.046666667 0.0075 0.001)
(0.046666667 0.0076 0.001)
(0.046666667 0.0077 0.001)
(0.046666667 0.0078 0.001)
(0.046666667 0.0079 0.001)
(0.046666667 0.008 0.001)
(0.046666667 0.0081 0.001)
(0.046666667 0.0082 0.001)
(0.046666667 0.0083 0.001)
(0.046666667 0.0084 0.001)
(0.046666667 0.0085 0.001)
(0.046666667 0.0086 0.001)
(0.046666667 0.0087 0.001)
(0.046666667 0.0088 0.001)
(0.046666667 0.0089 0.001)
(0.046666667 0.009 0.001)
(0.048333333 0.0071 0.001)
(0.048333333 0.0072 0.001)
(0.048333333 0.0073 0.001)
(0.048333333 0.0074 0.001)
(0.048333333 0.0075 0.001)
(0.048333333 0.0076 0.001)
(0.048333333 0.0077 0.001)
(0.048333333 0.0078 0.001)
(0.048333333 0.0079 0.001)
(0.048333333 0.008 0.001)
(0.048333333 0.0081 0.001)
(0.048333333 0.0082 0.001)
(0.048333333 0.0083 0.001)
(0.048333333 0.0084 0.001)
(0.048333333 0.0085 0.001)
(0.048333333 0.0086 0.001)
(0.048333333 0.0087 0.001)
(0.048333333 0.0088 0.001)
(0.048333333 0.0089 0.001)
(0.048333333 0.009 0.001)
(0.05 0.0071 0.001)
(0.05 0.0072 0.001)
(0.05 0.0073 0.001)
(0.05 0.0074 0.001)
(0.05 0.0075 0.001)
(0.05 0.0076 0.001)
(0.05 0.0077 0.001)
(0.05 0.0078 0.001)
(0.05 0.0079 0.001)
(0.05 0.008 0.001)
(0.05 0.0081 0.001)
(0.05 0.0082 0.001)
(0.05 0.0083 0.001)
(0.05 0.0084 0.001)
(0.05 0.0085 0.001)
(0.05 0.0086 0.001)
(0.05 0.0087 0.001)
(0.05 0.0088 0.001)
(0.05 0.0089 0.001)
(0.05 0.009 0.001)
(0.051666667 0.0071 0.001)
(0.051666667 0.0072 0.001)
(0.051666667 0.0073 0.001)
(0.051666667 0.0074 0.001)
(0.051666667 0.0075 0.001)
(0.051666667 0.0076 0.001)
(0.051666667 0.0077 0.001)
(0.051666667 0.0078 0.001)
(0.051666667 0.0079 0.001)
(0.051666667 0.008 0.001)
(0.051666667 0.0081 0.001)
(0.051666667 0.0082 0.001)
(0.051666667 0.0083 0.001)
(0.051666667 0.0084 0.001)
(0.051666667 0.0085 0.001)
(0.051666667 0.0086 0.001)
(0.051666667 0.0087 0.001)
(0.051666667 0.0088 0.001)
(0.051666667 0.0089 0.001)
(0.051666667 0.009 0.001)
(0.053333333 0.0071 0.001)
(0.053333333 0.0072 0.001)
(0.053333333 0.0073 0.001)
(0.053333333 0.0074 0.001)
(0.053333333 0.0075 0.001)
(0.053333333 0.0076 0.001)
(0.053333333 0.0077 0.001)
(0.053333333 0.0078 0.001)
(0.053333333 0.0079 0.001)
(0.053333333 0.008 0.001)
(0.053333333 0.0081 0.001)
(0.053333333 0.0082 0.001)
(0.053333333 0.0083 0.001)
(0.053333333 0.0084 0.001)
(0.053333333 0.0085 0.001)
(0.053333333 0.0086 0.001)
(0.053333333 0.0087 0.001)
(0.053333333 0.0088 0.001)
(0.053333333 0.0089 0.001)
(0.053333333 0.009 0.001)
(0.055 0.0071 0.001)
(0.055 0.0072 0.001)
(0.055 0.0073 0.001)
(0.055 0.0074 0.001)
(0.055 0.0075 0.001)
(0.055 0.0076 0.001)
(0.055 0.0077 0.001)
(0.055 0.0078 0.001)
(0.055 0.0079 0.001)
(0.055 0.008 0.001)
(0.055 0.0081 0.001)
(0.055 0.0082 0.001)
(0.055 0.0083 0.001)
(0.055 0.0084 0.001)
(0.055 0.0085 0.001)
(0.055 0.0086 0.001)
(0.055 0.0087 0.001)
(0.055 0.0088 0.001)
(0.055 0.0089 0.001)
(0.055 0.009 0.001)
(0.056666667 0.0071 0.001)
(0.056666667 0.0072 0.001)
(0.056666667 0.0073 0.001)
(0.056666667 0.0074 0.001)
(0.056666667 0.0075 0.001)
(0.056666667 0.0076 0.001)
(0.056666667 0.0077 0.001)
(0.056666667 0.0078 0.001)
(0.056666667 0.0079 0.001)
(0.056666667 0.008 0.001)
(0.056666667 0.0081 0.001)
(0.056666667 0.0082 0.001)
(0.056666667 0.0083 0.001)
(0.056666667 0.0084 0.001)
(0.056666667 0.0085 0.001)
(0.056666667 0.0086 0.001)
(0.056666667 0.0087 0.001)
(0.056666667 0.0088 0.001)
(0.056666667 0.0089 0.001)
(0.056666667 0.009 0.001)
(0.058333333 0.0071 0.001)
(0.058333333 0.0072 0.001)
(0.058333333 0.0073 0.001)
(0.058333333 0.0074 0.001)
(0.058333333 0.0075 0.001)
(0.058333333 0.0076 0.001)
(0.058333333 0.0077 0.001)
(0.058333333 0.0078 0.001)
(0.058333333 0.0079 0.001)
(0.058333333 0.008 0.001)
(0.058333333 0.0081 0.001)
(0.058333333 0.0082 0.001)
(0.058333333 0.0083 0.001)
(0.058333333 0.0084 0.001)
(0.058333333 0.0085 0.001)
(0.058333333 0.0086 0.001)
(0.058333333 0.0087 0.001)
(0.058333333 0.0088 0.001)
(0.058333333 0.0089 0.001)
(0.058333333 0.009 0.001)
(0.06 0.0071 0.001)
(0.06 0.0072 0.001)
(0.06 0.0073 0.001)
(0.06 0.0074 0.001)
(0.06 0.0075 0.001)
(0.06 0.0076 0.001)
(0.06 0.0077 0.001)
(0.06 0.0078 0.001)
(0.06 0.0079 0.001)
(0.06 0.008 0.001)
(0.06 0.0081 0.001)
(0.06 0.0082 0.001)
(0.06 0.0083 0.001)
(0.06 0.0084 0.001)
(0.06 0.0085 0.001)
(0.06 0.0086 0.001)
(0.06 0.0087 0.001)
(0.06 0.0088 0.001)
(0.06 0.0089 0.001)
(0.06 0.009 0.001)
(0.061666667 0.0071 0.001)
(0.061666667 0.0072 0.001)
(0.061666667 0.0073 0.001)
(0.061666667 0.0074 0.001)
(0.061666667 0.0075 0.001)
(0.061666667 0.0076 0.001)
(0.061666667 0.0077 0.001)
(0.061666667 0.0078 0.001)
(0.061666667 0.0079 0.001)
(0.061666667 0.008 0.001)
(0.061666667 0.0081 0.001)
(0.061666667 0.0082 0.001)
(0.061666667 0.0083 0.001)
(0.061666667 0.0084 0.001)
(0.061666667 0.0085 0.001)
(0.061666667 0.0086 0.001)
(0.061666667 0.0087 0.001)
(0.061666667 0.0088 0.001)
(0.061666667 0.0089 0.001)
(0.061666667 0.009 0.001)
(0.063333333 0.0071 0.001)
(0.063333333 0.0072 0.001)
(0.063333333 0.0073 0.001)
(0.063333333 0.0074 0.001)
(0.063333333 0.0075 0.001)
(0.063333333 0.0076 0.001)
(0.063333333 0.0077 0.001)
(0.063333333 0.0078 0.001)
(0.063333333 0.0079 0.001)
(0.063333333 0.008 0.001)
(0.063333333 0.0081 0.001)
(0.063333333 0.0082 0.001)
(0.063333333 0.0083 0.001)
(0.063333333 0.0084 0.001)
(0.063333333 0.0085 0.001)
(0.063333333 0.0086 0.001)
(0.063333333 0.0087 0.001)
(0.063333333 0.0088 0.001)
(0.063333333 0.0089 0.001)
(0.063333333 0.009 0.001)
(0.065 0.0071 0.001)
(0.065 0.0072 0.001)
(0.065 0.0073 0.001)
(0.065 0.0074 0.001)
(0.065 0.0075 0.001)
(0.065 0.0076 0.001)
(0.065 0.0077 0.001)
(0.065 0.0078 0.001)
(0.065 0.0079 0.001)
(0.065 0.008 0.001)
(0.065 0.0081 0.001)
(0.065 0.0082 0.001)
(0.065 0.0083 0.001)
(0.065 0.0084 0.001)
(0.065 0.0085 0.001)
(0.065 0.0086 0.001)
(0.065 0.0087 0.001)
(0.065 0.0088 0.001)
(0.065 0.0089 0.001)
(0.065 0.009 0.001)
(0.066666667 0.0071 0.001)
(0.066666667 0.0072 0.001)
(0.066666667 0.0073 0.001)
(0.066666667 0.0074 0.001)
(0.066666667 0.0075 0.001)
(0.066666667 0.0076 0.001)
(0.066666667 0.0077 0.001)
(0.066666667 0.0078 0.001)
(0.066666667 0.0079 0.001)
(0.066666667 0.008 0.001)
(0.066666667 0.0081 0.001)
(0.066666667 0.0082 0.001)
(0.066666667 0.0083 0.001)
(0.066666667 0.0084 0.001)
(0.066666667 0.0085 0.001)
(0.066666667 0.0086 0.001)
(0.066666667 0.0087 0.001)
(0.066666667 0.0088 0.001)
(0.066666667 0.0089 0.001)
(0.066666667 0.009 0.001)
(0.068333333 0.0071 0.001)
(0.068333333 0.0072 0.001)
(0.068333333 0.0073 0.001)
(0.068333333 0.0074 0.001)
(0.068333333 0.0075 0.001)
(0.068333333 0.0076 0.001)
(0.068333333 0.0077 0.001)
(0.068333333 0.0078 0.001)
(0.068333333 0.0079 0.001)
(0.068333333 0.008 0.001)
(0.068333333 0.0081 0.001)
(0.068333333 0.0082 0.001)
(0.068333333 0.0083 0.001)
(0.068333333 0.0084 0.001)
(0.068333333 0.0085 0.001)
(0.068333333 0.0086 0.001)
(0.068333333 0.0087 0.001)
(0.068333333 0.0088 0.001)
(0.068333333 0.0089 0.001)
(0.068333333 0.009 0.001)
(0.07 0.0071 0.001)
(0.07 0.0072 0.001)
(0.07 0.0073 0.001)
(0.07 0.0074 0.001)
(0.07 0.0075 0.001)
(0.07 0.0076 0.001)
(0.07 0.0077 0.001)
(0.07 0.0078 0.001)
(0.07 0.0079 0.001)
(0.07 0.008 0.001)
(0.07 0.0081 0.001)
(0.07 0.0082 0.001)
(0.07 0.0083 0.001)
(0.07 0.0084 0.001)
(0.07 0.0085 0.001)
(0.07 0.0086 0.001)
(0.07 0.0087 0.001)
(0.07 0.0088 0.001)
(0.07 0.0089 0.001)
(0.07 0.009 0.001)
(0.071666667 0.0071 0.001)
(0.071666667 0.0072 0.001)
(0.071666667 0.0073 0.001)
(0.071666667 0.0074 0.001)
(0.071666667 0.0075 0.001)
(0.071666667 0.0076 0.001)
(0.071666667 0.0077 0.001)
(0.071666667 0.0078 0.001)
(0.071666667 0.0079 0.001)
(0.071666667 0.008 0.001)
(0.071666667 0.0081 0.001)
(0.071666667 0.0082 0.001)
(0.071666667 0.0083 0.001)
(0.071666667 0.0084 0.001)
(0.071666667 0.0085 0.001)
(0.071666667 0.0086 0.001)
(0.071666667 0.0087 0.001)
(0.071666667 0.0088 0.001)
(0.071666667 0.0089 0.001)
(0.071666667 0.009 0.001)
(0.073333333 0.0071 0.001)
(0.073333333 0.0072 0.001)
(0.073333333 0.0073 0.001)
(0.073333333 0.0074 0.001)
(0.073333333 0.0075 0.001)
(0.073333333 0.0076 0.001)
(0.073333333 0.0077 0.001)
(0.073333333 0.0078 0.001)
(0.073333333 0.0079 0.001)
(0.073333333 0.008 0.001)
(0.073333333 0.0081 0.001)
(0.073333333 0.0082 0.001)
(0.073333333 0.0083 0.001)
(0.073333333 0.0084 0.001)
(0.073333333 0.0085 0.001)
(0.073333333 0.0086 0.001)
(0.073333333 0.0087 0.001)
(0.073333333 0.0088 0.001)
(0.073333333 0.0089 0.001)
(0.073333333 0.009 0.001)
(0.075 0.0071 0.001)
(0.075 0.0072 0.001)
(0.075 0.0073 0.001)
(0.075 0.0074 0.001)
(0.075 0.0075 0.001)
(0.075 0.0076 0.001)
(0.075 0.0077 0.001)
(0.075 0.0078 0.001)
(0.075 0.0079 0.001)
(0.075 0.008 0.001)
(0.075 0.0081 0.001)
(0.075 0.0082 0.001)
(0.075 0.0083 0.001)
(0.075 0.0084 0.001)
(0.075 0.0085 0.001)
(0.075 0.0086 0.001)
(0.075 0.0087 0.001)
(0.075 0.0088 0.001)
(0.075 0.0089 0.001)
(0.075 0.009 0.001)
(0.076666667 0.0071 0.001)
(0.076666667 0.0072 0.001)
(0.076666667 0.0073 0.001)
(0.076666667 0.0074 0.001)
(0.076666667 0.0075 0.001)
(0.076666667 0.0076 0.001)
(0.076666667 0.0077 0.001)
(0.076666667 0.0078 0.001)
(0.076666667 0.0079 0.001)
(0.076666667 0.008 0.001)
(0.076666667 0.0081 0.001)
(0.076666667 0.0082 0.001)
(0.076666667 0.0083 0.001)
(0.076666667 0.0084 0.001)
(0.076666667 0.0085 0.001)
(0.076666667 0.0086 0.001)
(0.076666667 0.0087 0.001)
(0.076666667 0.0088 0.001)
(0.076666667 0.0089 0.001)
(0.076666667 0.009 0.001)
(0.078333333 0.0071 0.001)
(0.078333333 0.0072 0.001)
(0.078333333 0.0073 0.001)
(0.078333333 0.0074 0.001)
(0.078333333 0.0075 0.001)
(0.078333333 0.0076 0.001)
(0.078333333 0.0077 0.001)
(0.078333333 0.0078 0.001)
(0.078333333 0.0079 0.001)
(0.078333333 0.008 0.001)
(0.078333333 0.0081 0.001)
(0.078333333 0.0082 0.001)
(0.078333333 0.0083 0.001)
(0.078333333 0.0084 0.001)
(0.078333333 0.0085 0.001)
(0.078333333 0.0086 0.001)
(0.078333333 0.0087 0.001)
(0.078333333 0.0088 0.001)
(0.078333333 0.0089 0.001)
(0.078333333 0.009 0.001)
(0.08 0.0071 0.001)
(0.08 0.0072 0.001)
(0.08 0.0073 0.001)
(0.08 0.0074 0.001)
(0.08 0.0075 0.001)
(0.08 0.0076 0.001)
(0.08 0.0077 0.001)
(0.08 0.0078 0.001)
(0.08 0.0079 0.001)
(0.08 0.008 0.001)
(0.08 0.0081 0.001)
(0.08 0.0082 0.001)
(0.08 0.0083 0.001)
(0.08 0.0084 0.001)
(0.08 0.0085 0.001)
(0.08 0.0086 0.001)
(0.08 0.0087 0.001)
(0.08 0.0088 0.001)
(0.08 0.0089 0.001)
(0.08 0.009 0.001)
(0.081666667 0.0071 0.001)
(0.081666667 0.0072 0.001)
(0.081666667 0.0073 0.001)
(0.081666667 0.0074 0.001)
(0.081666667 0.0075 0.001)
(0.081666667 0.0076 0.001)
(0.081666667 0.0077 0.001)
(0.081666667 0.0078 0.001)
(0.081666667 0.0079 0.001)
(0.081666667 0.008 0.001)
(0.081666667 0.0081 0.001)
(0.081666667 0.0082 0.001)
(0.081666667 0.0083 0.001)
(0.081666667 0.0084 0.001)
(0.081666667 0.0085 0.001)
(0.081666667 0.0086 0.001)
(0.081666667 0.0087 0.001)
(0.081666667 0.0088 0.001)
(0.081666667 0.0089 0.001)
(0.081666667 0.009 0.001)
(0.083333333 0.0071 0.001)
(0.083333333 0.0072 0.001)
(0.083333333 0.0073 0.001)
(0.083333333 0.0074 0.001)
(0.083333333 0.0075 0.001)
(0.083333333 0.0076 0.001)
(0.083333333 0.0077 0.001)
(0.083333333 0.0078 0.001)
(0.083333333 0.0079 0.001)
(0.083333333 0.008 0.001)
(0.083333333 0.0081 0.001)
(0.083333333 0.0082 0.001)
(0.083333333 0.0083 0.001)
(0.083333333 0.0084 0.001)
(0.083333333 0.0085 0.001)
(0.083333333 0.0086 0.001)
(0.083333333 0.0087 0.001)
(0.083333333 0.0088 0.001)
(0.083333333 0.0089 0.001)
(0.083333333 0.009 0.001)
(0.085 0.0071 0.001)
(0.085 0.0072 0.001)
(0.085 0.0073 0.001)
(0.085 0.0074 0.001)
(0.085 0.0075 0.001)
(0.085 0.0076 0.001)
(0.085 0.0077 0.001)
(0.085 0.0078 0.001)
(0.085 0.0079 0.001)
(0.085 0.008 0.001)
(0.085 0.0081 0.001)
(0.085 0.0082 0.001)
(0.085 0.0083 0.001)
(0.085 0.0084 0.001)
(0.085 0.0085 0.001)
(0.085 0.0086 0.001)
(0.085 0.0087 0.001)
(0.085 0.0088 0.001)
(0.085 0.0089 0.001)
(0.085 0.009 0.001)
(0.086666667 0.0071 0.001)
(0.086666667 0.0072 0.001)
(0.086666667 0.0073 0.001)
(0.086666667 0.0074 0.001)
(0.086666667 0.0075 0.001)
(0.086666667 0.0076 0.001)
(0.086666667 0.0077 0.001)
(0.086666667 0.0078 0.001)
(0.086666667 0.0079 0.001)
(0.086666667 0.008 0.001)
(0.086666667 0.0081 0.001)
(0.086666667 0.0082 0.001)
(0.086666667 0.0083 0.001)
(0.086666667 0.0084 0.001)
(0.086666667 0.0085 0.001)
(0.086666667 0.0086 0.001)
(0.086666667 0.0087 0.001)
(0.086666667 0.0088 0.001)
(0.086666667 0.0089 0.001)
(0.086666667 0.009 0.001)
(0.088333333 0.0071 0.001)
(0.088333333 0.0072 0.001)
(0.088333333 0.0073 0.001)
(0.088333333 0.0074 0.001)
(0.088333333 0.0075 0.001)
(0.088333333 0.0076 0.001)
(0.088333333 0.0077 0.001)
(0.088333333 0.0078 0.001)
(0.088333333 0.0079 0.001)
(0.088333333 0.008 0.001)
(0.088333333 0.0081 0.001)
(0.088333333 0.0082 0.001)
(0.088333333 0.0083 0.001)
(0.088333333 0.0084 0.001)
(0.088333333 0.0085 0.001)
(0.088333333 0.0086 0.001)
(0.088333333 0.0087 0.001)
(0.088333333 0.0088 0.001)
(0.088333333 0.0089 0.001)
(0.088333333 0.009 0.001)
(0.09 0.0071 0.001)
(0.09 0.0072 0.001)
(0.09 0.0073 0.001)
(0.09 0.0074 0.001)
(0.09 0.0075 0.001)
(0.09 0.0076 0.001)
(0.09 0.0077 0.001)
(0.09 0.0078 0.001)
(0.09 0.0079 0.001)
(0.09 0.008 0.001)
(0.09 0.0081 0.001)
(0.09 0.0082 0.001)
(0.09 0.0083 0.001)
(0.09 0.0084 0.001)
(0.09 0.0085 0.001)
(0.09 0.0086 0.001)
(0.09 0.0087 0.001)
(0.09 0.0088 0.001)
(0.09 0.0089 0.001)
(0.09 0.009 0.001)
(0.091666667 0.0071 0.001)
(0.091666667 0.0072 0.001)
(0.091666667 0.0073 0.001)
(0.091666667 0.0074 0.001)
(0.091666667 0.0075 0.001)
(0.091666667 0.0076 0.001)
(0.091666667 0.0077 0.001)
(0.091666667 0.0078 0.001)
(0.091666667 0.0079 0.001)
(0.091666667 0.008 0.001)
(0.091666667 0.0081 0.001)
(0.091666667 0.0082 0.001)
(0.091666667 0.0083 0.001)
(0.091666667 0.0084 0.001)
(0.091666667 0.0085 0.001)
(0.091666667 0.0086 0.001)
(0.091666667 0.0087 0.001)
(0.091666667 0.0088 0.001)
(0.091666667 0.0089 0.001)
(0.091666667 0.009 0.001)
(0.093333333 0.0071 0.001)
(0.093333333 0.0072 0.001)
(0.093333333 0.0073 0.001)
(0.093333333 0.0074 0.001)
(0.093333333 0.0075 0.001)
(0.093333333 0.0076 0.001)
(0.093333333 0.0077 0.001)
(0.093333333 0.0078 0.001)
(0.093333333 0.0079 0.001)
(0.093333333 0.008 0.001)
(0.093333333 0.0081 0.001)
(0.093333333 0.0082 0.001)
(0.093333333 0.0083 0.001)
(0.093333333 0.0084 0.001)
(0.093333333 0.0085 0.001)
(0.093333333 0.0086 0.001)
(0.093333333 0.0087 0.001)
(0.093333333 0.0088 0.001)
(0.093333333 0.0089 0.001)
(0.093333333 0.009 0.001)
(0.095 0.0071 0.001)
(0.095 0.0072 0.001)
(0.095 0.0073 0.001)
(0.095 0.0074 0.001)
(0.095 0.0075 0.001)
(0.095 0.0076 0.001)
(0.095 0.0077 0.001)
(0.095 0.0078 0.001)
(0.095 0.0079 0.001)
(0.095 0.008 0.001)
(0.095 0.0081 0.001)
(0.095 0.0082 0.001)
(0.095 0.0083 0.001)
(0.095 0.0084 0.001)
(0.095 0.0085 0.001)
(0.095 0.0086 0.001)
(0.095 0.0087 0.001)
(0.095 0.0088 0.001)
(0.095 0.0089 0.001)
(0.095 0.009 0.001)
(0.096666667 0.0071 0.001)
(0.096666667 0.0072 0.001)
(0.096666667 0.0073 0.001)
(0.096666667 0.0074 0.001)
(0.096666667 0.0075 0.001)
(0.096666667 0.0076 0.001)
(0.096666667 0.0077 0.001)
(0.096666667 0.0078 0.001)
(0.096666667 0.0079 0.001)
(0.096666667 0.008 0.001)
(0.096666667 0.0081 0.001)
(0.096666667 0.0082 0.001)
(0.096666667 0.0083 0.001)
(0.096666667 0.0084 0.001)
(0.096666667 0.0085 0.001)
(0.096666667 0.0086 0.001)
(0.096666667 0.0087 0.001)
(0.096666667 0.0088 0.001)
(0.096666667 0.0089 0.001)
(0.096666667 0.009 0.001)
(0.098333333 0.0071 0.001)
(0.098333333 0.0072 0.001)
(0.098333333 0.0073 0.001)
(0.098333333 0.0074 0.001)
(0.098333333 0.0075 0.001)
(0.098333333 0.0076 0.001)
(0.098333333 0.0077 0.001)
(0.098333333 0.0078 0.001)
(0.098333333 0.0079 0.001)
(0.098333333 0.008 0.001)
(0.098333333 0.0081 0.001)
(0.098333333 0.0082 0.001)
(0.098333333 0.0083 0.001)
(0.098333333 0.0084 0.001)
(0.098333333 0.0085 0.001)
(0.098333333 0.0086 0.001)
(0.098333333 0.0087 0.001)
(0.098333333 0.0088 0.001)
(0.098333333 0.0089 0.001)
(0.098333333 0.009 0.001)
(0.1 0.0071 0.001)
(0.1 0.0072 0.001)
(0.1 0.0073 0.001)
(0.1 0.0074 0.001)
(0.1 0.0075 0.001)
(0.1 0.0076 0.001)
(0.1 0.0077 0.001)
(0.1 0.0078 0.001)
(0.1 0.0079 0.001)
(0.1 0.008 0.001)
(0.1 0.0081 0.001)
(0.1 0.0082 0.001)
(0.1 0.0083 0.001)
(0.1 0.0084 0.001)
(0.1 0.0085 0.001)
(0.1 0.0086 0.001)
(0.1 0.0087 0.001)
(0.1 0.0088 0.001)
(0.1 0.0089 0.001)
(0.1 0.009 0.001)
(0 0.007 0.0011)
(0 0.007 0.0012)
(0 0.007 0.0013)
(0 0.007 0.0014)
(0 0.007 0.0015)
(0 0.007 0.0016)
(0 0.007 0.0017)
(0 0.007 0.0018)
(0 0.007 0.0019)
(0 0.007 0.002)
(0 0.007 0.0021)
(0 0.007 0.0022)
(0 0.007 0.0023)
(0 0.007 0.0024)
(0 0.007 0.0025)
(0 0.007 0.0026)
(0 0.007 0.0027)
(0 0.007 0.0028)
(0 0.007 0.0029)
(0 0.007 0.003)
(0.0016666667 0.007 0.0011)
(0.0016666667 0.007 0.0012)
(0.0016666667 0.007 0.0013)
(0.0016666667 0.007 0.0014)
(0.0016666667 0.007 0.0015)
(0.0016666667 0.007 0.0016)
(0.0016666667 0.007 0.0017)
(0.0016666667 0.007 0.0018)
(0.0016666667 0.007 0.0019)
(0.0016666667 0.007 0.002)
(0.0016666667 0.007 0.0021)
(0.0016666667 0.007 0.0022)
(0.0016666667 0.007 0.0023)
(0.0016666667 0.007 0.0024)
(0.0016666667 0.007 0.0025)
(0.0016666667 0.007 0.0026)
(0.0016666667 0.007 0.0027)
(0.0016666667 0.007 0.0028)
(0.0016666667 0.007 0.0029)
(0.0016666667 0.007 0.003)
(0.0033333333 0.007 0.0011)
(0.0033333333 0.007 0.0012)
(0.0033333333 0.007 0.0013)
(0.0033333333 0.007 0.0014)
(0.0033333333 0.007 0.0015)
(0.0033333333 0.007 0.0016)
(0.0033333333 0.007 0.0017)
(0.0033333333 0.007 0.0018)
(0.0033333333 0.007 0.0019)
(0.0033333333 0.007 0.002)
(0.0033333333 0.007 0.0021)
(0.0033333333 0.007 0.0022)
(0.0033333333 0.007 0.0023)
(0.0033333333 0.007 0.0024)
(0.0033333333 0.007 0.0025)
(0.0033333333 0.007 0.0026)
(0.0033333333 0.007 0.0027)
(0.0033333333 0.007 0.0028)
(0.0033333333 0.007 0.0029)
(0.0033333333 0.007 0.003)
(0.005 0.007 0.0011)
(0.005 0.007 0.0012)
(0.005 0.007 0.0013)
(0.005 0.007 0.0014)
(0.005 0.007 0.0015)
(0.005 0.007 0.0016)
(0.005 0.007 0.0017)
(0.005 0.007 0.0018)
(0.005 0.007 0.0019)
(0.005 0.007 0.002)
(0.005 0.007 0.0021)
(0.005 0.007 0.0022)
(0.005 0.007 0.0023)
(0.005 0.007 0.0024)
(0.005 0.007 0.0025)
(0.005 0.007 0.0026)
(0.005 0.007 0.0027)
(0.005 0.007 0.0028)
(0.005 0.007 0.0029)
(0.005 0.007 0.003)
(0.0066666667 0.007 0.0011)
(0.0066666667 0.007 0.0012)
(0.0066666667 0.007 0.0013)
(0.0066666667 0.007 0.0014)
(0.0066666667 0.007 0.0015)
(0.0066666667 0.007 0.0016)
(0.0066666667 0.007 0.0017)
(0.0066666667 0.007 0.0018)
(0.0066666667 0.007 0.0019)
(0.0066666667 0.007 0.002)
(0.0066666667 0.007 0.0021)
(0.0066666667 0.007 0.0022)
(0.0066666667 0.007 0.0023)
(0.0066666667 0.007 0.0024)
(0.0066666667 0.007 0.0025)
(0.0066666667 0.007 0.0026)
(0.0066666667 0.007 0.0027)
(0.0066666667 0.007 0.0028)
(0.0066666667 0.007 0.0029)
(0.0066666667 0.007 0.003)
(0.0083333333 0.007 0.0011)
(0.0083333333 0.007 0.0012)
(0.0083333333 0.007 0.0013)
(0.0083333333 0.007 0.0014)
(0.0083333333 0.007 0.0015)
(0.0083333333 0.007 0.0016)
(0.0083333333 0.007 0.0017)
(0.0083333333 0.007 0.0018)
(0.0083333333 0.007 0.0019)
(0.0083333333 0.007 0.002)
(0.0083333333 0.007 0.0021)
(0.0083333333 0.007 0.0022)
(0.0083333333 0.007 0.0023)
(0.0083333333 0.007 0.0024)
(0.0083333333 0.007 0.0025)
(0.0083333333 0.007 0.0026)
(0.0083333333 0.007 0.0027)
(0.0083333333 0.007 0.0028)
(0.0083333333 0.007 0.0029)
(0.0083333333 0.007 0.003)
(0.01 0.007 0.0011)
(0.01 0.007 0.0012)
(0.01 0.007 0.0013)
(0.01 0.007 0.0014)
(0.01 0.007 0.0015)
(0.01 0.007 0.0016)
(0.01 0.007 0.0017)
(0.01 0.007 0.0018)
(0.01 0.007 0.0019)
(0.01 0.007 0.002)
(0.01 0.007 0.0021)
(0.01 0.007 0.0022)
(0.01 0.007 0.0023)
(0.01 0.007 0.0024)
(0.01 0.007 0.0025)
(0.01 0.007 0.0026)
(0.01 0.007 0.0027)
(0.01 0.007 0.0028)
(0.01 0.007 0.0029)
(0.01 0.007 0.003)
(0.011666667 0.007 0.0011)
(0.011666667 0.007 0.0012)
(0.011666667 0.007 0.0013)
(0.011666667 0.007 0.0014)
(0.011666667 0.007 0.0015)
(0.011666667 0.007 0.0016)
(0.011666667 0.007 0.0017)
(0.011666667 0.007 0.0018)
(0.011666667 0.007 0.0019)
(0.011666667 0.007 0.002)
(0.011666667 0.007 0.0021)
(0.011666667 0.007 0.0022)
(0.011666667 0.007 0.0023)
(0.011666667 0.007 0.0024)
(0.011666667 0.007 0.0025)
(0.011666667 0.007 0.0026)
(0.011666667 0.007 0.0027)
(0.011666667 0.007 0.0028)
(0.011666667 0.007 0.0029)
(0.011666667 0.007 0.003)
(0.013333333 0.007 0.0011)
(0.013333333 0.007 0.0012)
(0.013333333 0.007 0.0013)
(0.013333333 0.007 0.0014)
(0.013333333 0.007 0.0015)
(0.013333333 0.007 0.0016)
(0.013333333 0.007 0.0017)
(0.013333333 0.007 0.0018)
(0.013333333 0.007 0.0019)
(0.013333333 0.007 0.002)
(0.013333333 0.007 0.0021)
(0.013333333 0.007 0.0022)
(0.013333333 0.007 0.0023)
(0.013333333 0.007 0.0024)
(0.013333333 0.007 0.0025)
(0.013333333 0.007 0.0026)
(0.013333333 0.007 0.0027)
(0.013333333 0.007 0.0028)
(0.013333333 0.007 0.0029)
(0.013333333 0.007 0.003)
(0.015 0.007 0.0011)
(0.015 0.007 0.0012)
(0.015 0.007 0.0013)
(0.015 0.007 0.0014)
(0.015 0.007 0.0015)
(0.015 0.007 0.0016)
(0.015 0.007 0.0017)
(0.015 0.007 0.0018)
(0.015 0.007 0.0019)
(0.015 0.007 0.002)
(0.015 0.007 0.0021)
(0.015 0.007 0.0022)
(0.015 0.007 0.0023)
(0.015 0.007 0.0024)
(0.015 0.007 0.0025)
(0.015 0.007 0.0026)
(0.015 0.007 0.0027)
(0.015 0.007 0.0028)
(0.015 0.007 0.0029)
(0.015 0.007 0.003)
(0.016666667 0.007 0.0011)
(0.016666667 0.007 0.0012)
(0.016666667 0.007 0.0013)
(0.016666667 0.007 0.0014)
(0.016666667 0.007 0.0015)
(0.016666667 0.007 0.0016)
(0.016666667 0.007 0.0017)
(0.016666667 0.007 0.0018)
(0.016666667 0.007 0.0019)
(0.016666667 0.007 0.002)
(0.016666667 0.007 0.0021)
(0.016666667 0.007 0.0022)
(0.016666667 0.007 0.0023)
(0.016666667 0.007 0.0024)
(0.016666667 0.007 0.0025)
(0.016666667 0.007 0.0026)
(0.016666667 0.007 0.0027)
(0.016666667 0.007 0.0028)
(0.016666667 0.007 0.0029)
(0.016666667 0.007 0.003)
(0.018333333 0.007 0.0011)
(0.018333333 0.007 0.0012)
(0.018333333 0.007 0.0013)
(0.018333333 0.007 0.0014)
(0.018333333 0.007 0.0015)
(0.018333333 0.007 0.0016)
(0.018333333 0.007 0.0017)
(0.018333333 0.007 0.0018)
(0.018333333 0.007 0.0019)
(0.018333333 0.007 0.002)
(0.018333333 0.007 0.0021)
(0.018333333 0.007 0.0022)
(0.018333333 0.007 0.0023)
(0.018333333 0.007 0.0024)
(0.018333333 0.007 0.0025)
(0.018333333 0.007 0.0026)
(0.018333333 0.007 0.0027)
(0.018333333 0.007 0.0028)
(0.018333333 0.007 0.0029)
(0.018333333 0.007 0.003)
(0.02 0.007 0.0011)
(0.02 0.007 0.0012)
(0.02 0.007 0.0013)
(0.02 0.007 0.0014)
(0.02 0.007 0.0015)
(0.02 0.007 0.0016)
(0.02 0.007 0.0017)
(0.02 0.007 0.0018)
(0.02 0.007 0.0019)
(0.02 0.007 0.002)
(0.02 0.007 0.0021)
(0.02 0.007 0.0022)
(0.02 0.007 0.0023)
(0.02 0.007 0.0024)
(0.02 0.007 0.0025)
(0.02 0.007 0.0026)
(0.02 0.007 0.0027)
(0.02 0.007 0.0028)
(0.02 0.007 0.0029)
(0.02 0.007 0.003)
(0.021666667 0.007 0.0011)
(0.021666667 0.007 0.0012)
(0.021666667 0.007 0.0013)
(0.021666667 0.007 0.0014)
(0.021666667 0.007 0.0015)
(0.021666667 0.007 0.0016)
(0.021666667 0.007 0.0017)
(0.021666667 0.007 0.0018)
(0.021666667 0.007 0.0019)
(0.021666667 0.007 0.002)
(0.021666667 0.007 0.0021)
(0.021666667 0.007 0.0022)
(0.021666667 0.007 0.0023)
(0.021666667 0.007 0.0024)
(0.021666667 0.007 0.0025)
(0.021666667 0.007 0.0026)
(0.021666667 0.007 0.0027)
(0.021666667 0.007 0.0028)
(0.021666667 0.007 0.0029)
(0.021666667 0.007 0.003)
(0.023333333 0.007 0.0011)
(0.023333333 0.007 0.0012)
(0.023333333 0.007 0.0013)
(0.023333333 0.007 0.0014)
(0.023333333 0.007 0.0015)
(0.023333333 0.007 0.0016)
(0.023333333 0.007 0.0017)
(0.023333333 0.007 0.0018)
(0.023333333 0.007 0.0019)
(0.023333333 0.007 0.002)
(0.023333333 0.007 0.0021)
(0.023333333 0.007 0.0022)
(0.023333333 0.007 0.0023)
(0.023333333 0.007 0.0024)
(0.023333333 0.007 0.0025)
(0.023333333 0.007 0.0026)
(0.023333333 0.007 0.0027)
(0.023333333 0.007 0.0028)
(0.023333333 0.007 0.0029)
(0.023333333 0.007 0.003)
(0.025 0.007 0.0011)
(0.025 0.007 0.0012)
(0.025 0.007 0.0013)
(0.025 0.007 0.0014)
(0.025 0.007 0.0015)
(0.025 0.007 0.0016)
(0.025 0.007 0.0017)
(0.025 0.007 0.0018)
(0.025 0.007 0.0019)
(0.025 0.007 0.002)
(0.025 0.007 0.0021)
(0.025 0.007 0.0022)
(0.025 0.007 0.0023)
(0.025 0.007 0.0024)
(0.025 0.007 0.0025)
(0.025 0.007 0.0026)
(0.025 0.007 0.0027)
(0.025 0.007 0.0028)
(0.025 0.007 0.0029)
(0.025 0.007 0.003)
(0.026666667 0.007 0.0011)
(0.026666667 0.007 0.0012)
(0.026666667 0.007 0.0013)
(0.026666667 0.007 0.0014)
(0.026666667 0.007 0.0015)
(0.026666667 0.007 0.0016)
(0.026666667 0.007 0.0017)
(0.026666667 0.007 0.0018)
(0.026666667 0.007 0.0019)
(0.026666667 0.007 0.002)
(0.026666667 0.007 0.0021)
(0.026666667 0.007 0.0022)
(0.026666667 0.007 0.0023)
(0.026666667 0.007 0.0024)
(0.026666667 0.007 0.0025)
(0.026666667 0.007 0.0026)
(0.026666667 0.007 0.0027)
(0.026666667 0.007 0.0028)
(0.026666667 0.007 0.0029)
(0.026666667 0.007 0.003)
(0.028333333 0.007 0.0011)
(0.028333333 0.007 0.0012)
(0.028333333 0.007 0.0013)
(0.028333333 0.007 0.0014)
(0.028333333 0.007 0.0015)
(0.028333333 0.007 0.0016)
(0.028333333 0.007 0.0017)
(0.028333333 0.007 0.0018)
(0.028333333 0.007 0.0019)
(0.028333333 0.007 0.002)
(0.028333333 0.007 0.0021)
(0.028333333 0.007 0.0022)
(0.028333333 0.007 0.0023)
(0.028333333 0.007 0.0024)
(0.028333333 0.007 0.0025)
(0.028333333 0.007 0.0026)
(0.028333333 0.007 0.0027)
(0.028333333 0.007 0.0028)
(0.028333333 0.007 0.0029)
(0.028333333 0.007 0.003)
(0.03 0.007 0.0011)
(0.03 0.007 0.0012)
(0.03 0.007 0.0013)
(0.03 0.007 0.0014)
(0.03 0.007 0.0015)
(0.03 0.007 0.0016)
(0.03 0.007 0.0017)
(0.03 0.007 0.0018)
(0.03 0.007 0.0019)
(0.03 0.007 0.002)
(0.03 0.007 0.0021)
(0.03 0.007 0.0022)
(0.03 0.007 0.0023)
(0.03 0.007 0.0024)
(0.03 0.007 0.0025)
(0.03 0.007 0.0026)
(0.03 0.007 0.0027)
(0.03 0.007 0.0028)
(0.03 0.007 0.0029)
(0.03 0.007 0.003)
(0.031666667 0.007 0.0011)
(0.031666667 0.007 0.0012)
(0.031666667 0.007 0.0013)
(0.031666667 0.007 0.0014)
(0.031666667 0.007 0.0015)
(0.031666667 0.007 0.0016)
(0.031666667 0.007 0.0017)
(0.031666667 0.007 0.0018)
(0.031666667 0.007 0.0019)
(0.031666667 0.007 0.002)
(0.031666667 0.007 0.0021)
(0.031666667 0.007 0.0022)
(0.031666667 0.007 0.0023)
(0.031666667 0.007 0.0024)
(0.031666667 0.007 0.0025)
(0.031666667 0.007 0.0026)
(0.031666667 0.007 0.0027)
(0.031666667 0.007 0.0028)
(0.031666667 0.007 0.0029)
(0.031666667 0.007 0.003)
(0.033333333 0.007 0.0011)
(0.033333333 0.007 0.0012)
(0.033333333 0.007 0.0013)
(0.033333333 0.007 0.0014)
(0.033333333 0.007 0.0015)
(0.033333333 0.007 0.0016)
(0.033333333 0.007 0.0017)
(0.033333333 0.007 0.0018)
(0.033333333 0.007 0.0019)
(0.033333333 0.007 0.002)
(0.033333333 0.007 0.0021)
(0.033333333 0.007 0.0022)
(0.033333333 0.007 0.0023)
(0.033333333 0.007 0.0024)
(0.033333333 0.007 0.0025)
(0.033333333 0.007 0.0026)
(0.033333333 0.007 0.0027)
(0.033333333 0.007 0.0028)
(0.033333333 0.007 0.0029)
(0.033333333 0.007 0.003)
(0.035 0.007 0.0011)
(0.035 0.007 0.0012)
(0.035 0.007 0.0013)
(0.035 0.007 0.0014)
(0.035 0.007 0.0015)
(0.035 0.007 0.0016)
(0.035 0.007 0.0017)
(0.035 0.007 0.0018)
(0.035 0.007 0.0019)
(0.035 0.007 0.002)
(0.035 0.007 0.0021)
(0.035 0.007 0.0022)
(0.035 0.007 0.0023)
(0.035 0.007 0.0024)
(0.035 0.007 0.0025)
(0.035 0.007 0.0026)
(0.035 0.007 0.0027)
(0.035 0.007 0.0028)
(0.035 0.007 0.0029)
(0.035 0.007 0.003)
(0.036666667 0.007 0.0011)
(0.036666667 0.007 0.0012)
(0.036666667 0.007 0.0013)
(0.036666667 0.007 0.0014)
(0.036666667 0.007 0.0015)
(0.036666667 0.007 0.0016)
(0.036666667 0.007 0.0017)
(0.036666667 0.007 0.0018)
(0.036666667 0.007 0.0019)
(0.036666667 0.007 0.002)
(0.036666667 0.007 0.0021)
(0.036666667 0.007 0.0022)
(0.036666667 0.007 0.0023)
(0.036666667 0.007 0.0024)
(0.036666667 0.007 0.0025)
(0.036666667 0.007 0.0026)
(0.036666667 0.007 0.0027)
(0.036666667 0.007 0.0028)
(0.036666667 0.007 0.0029)
(0.036666667 0.007 0.003)
(0.038333333 0.007 0.0011)
(0.038333333 0.007 0.0012)
(0.038333333 0.007 0.0013)
(0.038333333 0.007 0.0014)
(0.038333333 0.007 0.0015)
(0.038333333 0.007 0.0016)
(0.038333333 0.007 0.0017)
(0.038333333 0.007 0.0018)
(0.038333333 0.007 0.0019)
(0.038333333 0.007 0.002)
(0.038333333 0.007 0.0021)
(0.038333333 0.007 0.0022)
(0.038333333 0.007 0.0023)
(0.038333333 0.007 0.0024)
(0.038333333 0.007 0.0025)
(0.038333333 0.007 0.0026)
(0.038333333 0.007 0.0027)
(0.038333333 0.007 0.0028)
(0.038333333 0.007 0.0029)
(0.038333333 0.007 0.003)
(0.04 0.007 0.0011)
(0.04 0.007 0.0012)
(0.04 0.007 0.0013)
(0.04 0.007 0.0014)
(0.04 0.007 0.0015)
(0.04 0.007 0.0016)
(0.04 0.007 0.0017)
(0.04 0.007 0.0018)
(0.04 0.007 0.0019)
(0.04 0.007 0.002)
(0.04 0.007 0.0021)
(0.04 0.007 0.0022)
(0.04 0.007 0.0023)
(0.04 0.007 0.0024)
(0.04 0.007 0.0025)
(0.04 0.007 0.0026)
(0.04 0.007 0.0027)
(0.04 0.007 0.0028)
(0.04 0.007 0.0029)
(0.04 0.007 0.003)
(0.041666667 0.007 0.0011)
(0.041666667 0.007 0.0012)
(0.041666667 0.007 0.0013)
(0.041666667 0.007 0.0014)
(0.041666667 0.007 0.0015)
(0.041666667 0.007 0.0016)
(0.041666667 0.007 0.0017)
(0.041666667 0.007 0.0018)
(0.041666667 0.007 0.0019)
(0.041666667 0.007 0.002)
(0.041666667 0.007 0.0021)
(0.041666667 0.007 0.0022)
(0.041666667 0.007 0.0023)
(0.041666667 0.007 0.0024)
(0.041666667 0.007 0.0025)
(0.041666667 0.007 0.0026)
(0.041666667 0.007 0.0027)
(0.041666667 0.007 0.0028)
(0.041666667 0.007 0.0029)
(0.041666667 0.007 0.003)
(0.043333333 0.007 0.0011)
(0.043333333 0.007 0.0012)
(0.043333333 0.007 0.0013)
(0.043333333 0.007 0.0014)
(0.043333333 0.007 0.0015)
(0.043333333 0.007 0.0016)
(0.043333333 0.007 0.0017)
(0.043333333 0.007 0.0018)
(0.043333333 0.007 0.0019)
(0.043333333 0.007 0.002)
(0.043333333 0.007 0.0021)
(0.043333333 0.007 0.0022)
(0.043333333 0.007 0.0023)
(0.043333333 0.007 0.0024)
(0.043333333 0.007 0.0025)
(0.043333333 0.007 0.0026)
(0.043333333 0.007 0.0027)
(0.043333333 0.007 0.0028)
(0.043333333 0.007 0.0029)
(0.043333333 0.007 0.003)
(0.045 0.007 0.0011)
(0.045 0.007 0.0012)
(0.045 0.007 0.0013)
(0.045 0.007 0.0014)
(0.045 0.007 0.0015)
(0.045 0.007 0.0016)
(0.045 0.007 0.0017)
(0.045 0.007 0.0018)
(0.045 0.007 0.0019)
(0.045 0.007 0.002)
(0.045 0.007 0.0021)
(0.045 0.007 0.0022)
(0.045 0.007 0.0023)
(0.045 0.007 0.0024)
(0.045 0.007 0.0025)
(0.045 0.007 0.0026)
(0.045 0.007 0.0027)
(0.045 0.007 0.0028)
(0.045 0.007 0.0029)
(0.045 0.007 0.003)
(0.046666667 0.007 0.0011)
(0.046666667 0.007 0.0012)
(0.046666667 0.007 0.0013)
(0.046666667 0.007 0.0014)
(0.046666667 0.007 0.0015)
(0.046666667 0.007 0.0016)
(0.046666667 0.007 0.0017)
(0.046666667 0.007 0.0018)
(0.046666667 0.007 0.0019)
(0.046666667 0.007 0.002)
(0.046666667 0.007 0.0021)
(0.046666667 0.007 0.0022)
(0.046666667 0.007 0.0023)
(0.046666667 0.007 0.0024)
(0.046666667 0.007 0.0025)
(0.046666667 0.007 0.0026)
(0.046666667 0.007 0.0027)
(0.046666667 0.007 0.0028)
(0.046666667 0.007 0.0029)
(0.046666667 0.007 0.003)
(0.048333333 0.007 0.0011)
(0.048333333 0.007 0.0012)
(0.048333333 0.007 0.0013)
(0.048333333 0.007 0.0014)
(0.048333333 0.007 0.0015)
(0.048333333 0.007 0.0016)
(0.048333333 0.007 0.0017)
(0.048333333 0.007 0.0018)
(0.048333333 0.007 0.0019)
(0.048333333 0.007 0.002)
(0.048333333 0.007 0.0021)
(0.048333333 0.007 0.0022)
(0.048333333 0.007 0.0023)
(0.048333333 0.007 0.0024)
(0.048333333 0.007 0.0025)
(0.048333333 0.007 0.0026)
(0.048333333 0.007 0.0027)
(0.048333333 0.007 0.0028)
(0.048333333 0.007 0.0029)
(0.048333333 0.007 0.003)
(0.05 0.007 0.0011)
(0.05 0.007 0.0012)
(0.05 0.007 0.0013)
(0.05 0.007 0.0014)
(0.05 0.007 0.0015)
(0.05 0.007 0.0016)
(0.05 0.007 0.0017)
(0.05 0.007 0.0018)
(0.05 0.007 0.0019)
(0.05 0.007 0.002)
(0.05 0.007 0.0021)
(0.05 0.007 0.0022)
(0.05 0.007 0.0023)
(0.05 0.007 0.0024)
(0.05 0.007 0.0025)
(0.05 0.007 0.0026)
(0.05 0.007 0.0027)
(0.05 0.007 0.0028)
(0.05 0.007 0.0029)
(0.05 0.007 0.003)
(0.051666667 0.007 0.0011)
(0.051666667 0.007 0.0012)
(0.051666667 0.007 0.0013)
(0.051666667 0.007 0.0014)
(0.051666667 0.007 0.0015)
(0.051666667 0.007 0.0016)
(0.051666667 0.007 0.0017)
(0.051666667 0.007 0.0018)
(0.051666667 0.007 0.0019)
(0.051666667 0.007 0.002)
(0.051666667 0.007 0.0021)
(0.051666667 0.007 0.0022)
(0.051666667 0.007 0.0023)
(0.051666667 0.007 0.0024)
(0.051666667 0.007 0.0025)
(0.051666667 0.007 0.0026)
(0.051666667 0.007 0.0027)
(0.051666667 0.007 0.0028)
(0.051666667 0.007 0.0029)
(0.051666667 0.007 0.003)
(0.053333333 0.007 0.0011)
(0.053333333 0.007 0.0012)
(0.053333333 0.007 0.0013)
(0.053333333 0.007 0.0014)
(0.053333333 0.007 0.0015)
(0.053333333 0.007 0.0016)
(0.053333333 0.007 0.0017)
(0.053333333 0.007 0.0018)
(0.053333333 0.007 0.0019)
(0.053333333 0.007 0.002)
(0.053333333 0.007 0.0021)
(0.053333333 0.007 0.0022)
(0.053333333 0.007 0.0023)
(0.053333333 0.007 0.0024)
(0.053333333 0.007 0.0025)
(0.053333333 0.007 0.0026)
(0.053333333 0.007 0.0027)
(0.053333333 0.007 0.0028)
(0.053333333 0.007 0.0029)
(0.053333333 0.007 0.003)
(0.055 0.007 0.0011)
(0.055 0.007 0.0012)
(0.055 0.007 0.0013)
(0.055 0.007 0.0014)
(0.055 0.007 0.0015)
(0.055 0.007 0.0016)
(0.055 0.007 0.0017)
(0.055 0.007 0.0018)
(0.055 0.007 0.0019)
(0.055 0.007 0.002)
(0.055 0.007 0.0021)
(0.055 0.007 0.0022)
(0.055 0.007 0.0023)
(0.055 0.007 0.0024)
(0.055 0.007 0.0025)
(0.055 0.007 0.0026)
(0.055 0.007 0.0027)
(0.055 0.007 0.0028)
(0.055 0.007 0.0029)
(0.055 0.007 0.003)
(0.056666667 0.007 0.0011)
(0.056666667 0.007 0.0012)
(0.056666667 0.007 0.0013)
(0.056666667 0.007 0.0014)
(0.056666667 0.007 0.0015)
(0.056666667 0.007 0.0016)
(0.056666667 0.007 0.0017)
(0.056666667 0.007 0.0018)
(0.056666667 0.007 0.0019)
(0.056666667 0.007 0.002)
(0.056666667 0.007 0.0021)
(0.056666667 0.007 0.0022)
(0.056666667 0.007 0.0023)
(0.056666667 0.007 0.0024)
(0.056666667 0.007 0.0025)
(0.056666667 0.007 0.0026)
(0.056666667 0.007 0.0027)
(0.056666667 0.007 0.0028)
(0.056666667 0.007 0.0029)
(0.056666667 0.007 0.003)
(0.058333333 0.007 0.0011)
(0.058333333 0.007 0.0012)
(0.058333333 0.007 0.0013)
(0.058333333 0.007 0.0014)
(0.058333333 0.007 0.0015)
(0.058333333 0.007 0.0016)
(0.058333333 0.007 0.0017)
(0.058333333 0.007 0.0018)
(0.058333333 0.007 0.0019)
(0.058333333 0.007 0.002)
(0.058333333 0.007 0.0021)
(0.058333333 0.007 0.0022)
(0.058333333 0.007 0.0023)
(0.058333333 0.007 0.0024)
(0.058333333 0.007 0.0025)
(0.058333333 0.007 0.0026)
(0.058333333 0.007 0.0027)
(0.058333333 0.007 0.0028)
(0.058333333 0.007 0.0029)
(0.058333333 0.007 0.003)
(0.06 0.007 0.0011)
(0.06 0.007 0.0012)
(0.06 0.007 0.0013)
(0.06 0.007 0.0014)
(0.06 0.007 0.0015)
(0.06 0.007 0.0016)
(0.06 0.007 0.0017)
(0.06 0.007 0.0018)
(0.06 0.007 0.0019)
(0.06 0.007 0.002)
(0.06 0.007 0.0021)
(0.06 0.007 0.0022)
(0.06 0.007 0.0023)
(0.06 0.007 0.0024)
(0.06 0.007 0.0025)
(0.06 0.007 0.0026)
(0.06 0.007 0.0027)
(0.06 0.007 0.0028)
(0.06 0.007 0.0029)
(0.06 0.007 0.003)
(0.061666667 0.007 0.0011)
(0.061666667 0.007 0.0012)
(0.061666667 0.007 0.0013)
(0.061666667 0.007 0.0014)
(0.061666667 0.007 0.0015)
(0.061666667 0.007 0.0016)
(0.061666667 0.007 0.0017)
(0.061666667 0.007 0.0018)
(0.061666667 0.007 0.0019)
(0.061666667 0.007 0.002)
(0.061666667 0.007 0.0021)
(0.061666667 0.007 0.0022)
(0.061666667 0.007 0.0023)
(0.061666667 0.007 0.0024)
(0.061666667 0.007 0.0025)
(0.061666667 0.007 0.0026)
(0.061666667 0.007 0.0027)
(0.061666667 0.007 0.0028)
(0.061666667 0.007 0.0029)
(0.061666667 0.007 0.003)
(0.063333333 0.007 0.0011)
(0.063333333 0.007 0.0012)
(0.063333333 0.007 0.0013)
(0.063333333 0.007 0.0014)
(0.063333333 0.007 0.0015)
(0.063333333 0.007 0.0016)
(0.063333333 0.007 0.0017)
(0.063333333 0.007 0.0018)
(0.063333333 0.007 0.0019)
(0.063333333 0.007 0.002)
(0.063333333 0.007 0.0021)
(0.063333333 0.007 0.0022)
(0.063333333 0.007 0.0023)
(0.063333333 0.007 0.0024)
(0.063333333 0.007 0.0025)
(0.063333333 0.007 0.0026)
(0.063333333 0.007 0.0027)
(0.063333333 0.007 0.0028)
(0.063333333 0.007 0.0029)
(0.063333333 0.007 0.003)
(0.065 0.007 0.0011)
(0.065 0.007 0.0012)
(0.065 0.007 0.0013)
(0.065 0.007 0.0014)
(0.065 0.007 0.0015)
(0.065 0.007 0.0016)
(0.065 0.007 0.0017)
(0.065 0.007 0.0018)
(0.065 0.007 0.0019)
(0.065 0.007 0.002)
(0.065 0.007 0.0021)
(0.065 0.007 0.0022)
(0.065 0.007 0.0023)
(0.065 0.007 0.0024)
(0.065 0.007 0.0025)
(0.065 0.007 0.0026)
(0.065 0.007 0.0027)
(0.065 0.007 0.0028)
(0.065 0.007 0.0029)
(0.065 0.007 0.003)
(0.066666667 0.007 0.0011)
(0.066666667 0.007 0.0012)
(0.066666667 0.007 0.0013)
(0.066666667 0.007 0.0014)
(0.066666667 0.007 0.0015)
(0.066666667 0.007 0.0016)
(0.066666667 0.007 0.0017)
(0.066666667 0.007 0.0018)
(0.066666667 0.007 0.0019)
(0.066666667 0.007 0.002)
(0.066666667 0.007 0.0021)
(0.066666667 0.007 0.0022)
(0.066666667 0.007 0.0023)
(0.066666667 0.007 0.0024)
(0.066666667 0.007 0.0025)
(0.066666667 0.007 0.0026)
(0.066666667 0.007 0.0027)
(0.066666667 0.007 0.0028)
(0.066666667 0.007 0.0029)
(0.066666667 0.007 0.003)
(0.068333333 0.007 0.0011)
(0.068333333 0.007 0.0012)
(0.068333333 0.007 0.0013)
(0.068333333 0.007 0.0014)
(0.068333333 0.007 0.0015)
(0.068333333 0.007 0.0016)
(0.068333333 0.007 0.0017)
(0.068333333 0.007 0.0018)
(0.068333333 0.007 0.0019)
(0.068333333 0.007 0.002)
(0.068333333 0.007 0.0021)
(0.068333333 0.007 0.0022)
(0.068333333 0.007 0.0023)
(0.068333333 0.007 0.0024)
(0.068333333 0.007 0.0025)
(0.068333333 0.007 0.0026)
(0.068333333 0.007 0.0027)
(0.068333333 0.007 0.0028)
(0.068333333 0.007 0.0029)
(0.068333333 0.007 0.003)
(0.07 0.007 0.0011)
(0.07 0.007 0.0012)
(0.07 0.007 0.0013)
(0.07 0.007 0.0014)
(0.07 0.007 0.0015)
(0.07 0.007 0.0016)
(0.07 0.007 0.0017)
(0.07 0.007 0.0018)
(0.07 0.007 0.0019)
(0.07 0.007 0.002)
(0.07 0.007 0.0021)
(0.07 0.007 0.0022)
(0.07 0.007 0.0023)
(0.07 0.007 0.0024)
(0.07 0.007 0.0025)
(0.07 0.007 0.0026)
(0.07 0.007 0.0027)
(0.07 0.007 0.0028)
(0.07 0.007 0.0029)
(0.07 0.007 0.003)
(0.071666667 0.007 0.0011)
(0.071666667 0.007 0.0012)
(0.071666667 0.007 0.0013)
(0.071666667 0.007 0.0014)
(0.071666667 0.007 0.0015)
(0.071666667 0.007 0.0016)
(0.071666667 0.007 0.0017)
(0.071666667 0.007 0.0018)
(0.071666667 0.007 0.0019)
(0.071666667 0.007 0.002)
(0.071666667 0.007 0.0021)
(0.071666667 0.007 0.0022)
(0.071666667 0.007 0.0023)
(0.071666667 0.007 0.0024)
(0.071666667 0.007 0.0025)
(0.071666667 0.007 0.0026)
(0.071666667 0.007 0.0027)
(0.071666667 0.007 0.0028)
(0.071666667 0.007 0.0029)
(0.071666667 0.007 0.003)
(0.073333333 0.007 0.0011)
(0.073333333 0.007 0.0012)
(0.073333333 0.007 0.0013)
(0.073333333 0.007 0.0014)
(0.073333333 0.007 0.0015)
(0.073333333 0.007 0.0016)
(0.073333333 0.007 0.0017)
(0.073333333 0.007 0.0018)
(0.073333333 0.007 0.0019)
(0.073333333 0.007 0.002)
(0.073333333 0.007 0.0021)
(0.073333333 0.007 0.0022)
(0.073333333 0.007 0.0023)
(0.073333333 0.007 0.0024)
(0.073333333 0.007 0.0025)
(0.073333333 0.007 0.0026)
(0.073333333 0.007 0.0027)
(0.073333333 0.007 0.0028)
(0.073333333 0.007 0.0029)
(0.073333333 0.007 0.003)
(0.075 0.007 0.0011)
(0.075 0.007 0.0012)
(0.075 0.007 0.0013)
(0.075 0.007 0.0014)
(0.075 0.007 0.0015)
(0.075 0.007 0.0016)
(0.075 0.007 0.0017)
(0.075 0.007 0.0018)
(0.075 0.007 0.0019)
(0.075 0.007 0.002)
(0.075 0.007 0.0021)
(0.075 0.007 0.0022)
(0.075 0.007 0.0023)
(0.075 0.007 0.0024)
(0.075 0.007 0.0025)
(0.075 0.007 0.0026)
(0.075 0.007 0.0027)
(0.075 0.007 0.0028)
(0.075 0.007 0.0029)
(0.075 0.007 0.003)
(0.076666667 0.007 0.0011)
(0.076666667 0.007 0.0012)
(0.076666667 0.007 0.0013)
(0.076666667 0.007 0.0014)
(0.076666667 0.007 0.0015)
(0.076666667 0.007 0.0016)
(0.076666667 0.007 0.0017)
(0.076666667 0.007 0.0018)
(0.076666667 0.007 0.0019)
(0.076666667 0.007 0.002)
(0.076666667 0.007 0.0021)
(0.076666667 0.007 0.0022)
(0.076666667 0.007 0.0023)
(0.076666667 0.007 0.0024)
(0.076666667 0.007 0.0025)
(0.076666667 0.007 0.0026)
(0.076666667 0.007 0.0027)
(0.076666667 0.007 0.0028)
(0.076666667 0.007 0.0029)
(0.076666667 0.007 0.003)
(0.078333333 0.007 0.0011)
(0.078333333 0.007 0.0012)
(0.078333333 0.007 0.0013)
(0.078333333 0.007 0.0014)
(0.078333333 0.007 0.0015)
(0.078333333 0.007 0.0016)
(0.078333333 0.007 0.0017)
(0.078333333 0.007 0.0018)
(0.078333333 0.007 0.0019)
(0.078333333 0.007 0.002)
(0.078333333 0.007 0.0021)
(0.078333333 0.007 0.0022)
(0.078333333 0.007 0.0023)
(0.078333333 0.007 0.0024)
(0.078333333 0.007 0.0025)
(0.078333333 0.007 0.0026)
(0.078333333 0.007 0.0027)
(0.078333333 0.007 0.0028)
(0.078333333 0.007 0.0029)
(0.078333333 0.007 0.003)
(0.08 0.007 0.0011)
(0.08 0.007 0.0012)
(0.08 0.007 0.0013)
(0.08 0.007 0.0014)
(0.08 0.007 0.0015)
(0.08 0.007 0.0016)
(0.08 0.007 0.0017)
(0.08 0.007 0.0018)
(0.08 0.007 0.0019)
(0.08 0.007 0.002)
(0.08 0.007 0.0021)
(0.08 0.007 0.0022)
(0.08 0.007 0.0023)
(0.08 0.007 0.0024)
(0.08 0.007 0.0025)
(0.08 0.007 0.0026)
(0.08 0.007 0.0027)
(0.08 0.007 0.0028)
(0.08 0.007 0.0029)
(0.08 0.007 0.003)
(0.081666667 0.007 0.0011)
(0.081666667 0.007 0.0012)
(0.081666667 0.007 0.0013)
(0.081666667 0.007 0.0014)
(0.081666667 0.007 0.0015)
(0.081666667 0.007 0.0016)
(0.081666667 0.007 0.0017)
(0.081666667 0.007 0.0018)
(0.081666667 0.007 0.0019)
(0.081666667 0.007 0.002)
(0.081666667 0.007 0.0021)
(0.081666667 0.007 0.0022)
(0.081666667 0.007 0.0023)
(0.081666667 0.007 0.0024)
(0.081666667 0.007 0.0025)
(0.081666667 0.007 0.0026)
(0.081666667 0.007 0.0027)
(0.081666667 0.007 0.0028)
(0.081666667 0.007 0.0029)
(0.081666667 0.007 0.003)
(0.083333333 0.007 0.0011)
(0.083333333 0.007 0.0012)
(0.083333333 0.007 0.0013)
(0.083333333 0.007 0.0014)
(0.083333333 0.007 0.0015)
(0.083333333 0.007 0.0016)
(0.083333333 0.007 0.0017)
(0.083333333 0.007 0.0018)
(0.083333333 0.007 0.0019)
(0.083333333 0.007 0.002)
(0.083333333 0.007 0.0021)
(0.083333333 0.007 0.0022)
(0.083333333 0.007 0.0023)
(0.083333333 0.007 0.0024)
(0.083333333 0.007 0.0025)
(0.083333333 0.007 0.0026)
(0.083333333 0.007 0.0027)
(0.083333333 0.007 0.0028)
(0.083333333 0.007 0.0029)
(0.083333333 0.007 0.003)
(0.085 0.007 0.0011)
(0.085 0.007 0.0012)
(0.085 0.007 0.0013)
(0.085 0.007 0.0014)
(0.085 0.007 0.0015)
(0.085 0.007 0.0016)
(0.085 0.007 0.0017)
(0.085 0.007 0.0018)
(0.085 0.007 0.0019)
(0.085 0.007 0.002)
(0.085 0.007 0.0021)
(0.085 0.007 0.0022)
(0.085 0.007 0.0023)
(0.085 0.007 0.0024)
(0.085 0.007 0.0025)
(0.085 0.007 0.0026)
(0.085 0.007 0.0027)
(0.085 0.007 0.0028)
(0.085 0.007 0.0029)
(0.085 0.007 0.003)
(0.086666667 0.007 0.0011)
(0.086666667 0.007 0.0012)
(0.086666667 0.007 0.0013)
(0.086666667 0.007 0.0014)
(0.086666667 0.007 0.0015)
(0.086666667 0.007 0.0016)
(0.086666667 0.007 0.0017)
(0.086666667 0.007 0.0018)
(0.086666667 0.007 0.0019)
(0.086666667 0.007 0.002)
(0.086666667 0.007 0.0021)
(0.086666667 0.007 0.0022)
(0.086666667 0.007 0.0023)
(0.086666667 0.007 0.0024)
(0.086666667 0.007 0.0025)
(0.086666667 0.007 0.0026)
(0.086666667 0.007 0.0027)
(0.086666667 0.007 0.0028)
(0.086666667 0.007 0.0029)
(0.086666667 0.007 0.003)
(0.088333333 0.007 0.0011)
(0.088333333 0.007 0.0012)
(0.088333333 0.007 0.0013)
(0.088333333 0.007 0.0014)
(0.088333333 0.007 0.0015)
(0.088333333 0.007 0.0016)
(0.088333333 0.007 0.0017)
(0.088333333 0.007 0.0018)
(0.088333333 0.007 0.0019)
(0.088333333 0.007 0.002)
(0.088333333 0.007 0.0021)
(0.088333333 0.007 0.0022)
(0.088333333 0.007 0.0023)
(0.088333333 0.007 0.0024)
(0.088333333 0.007 0.0025)
(0.088333333 0.007 0.0026)
(0.088333333 0.007 0.0027)
(0.088333333 0.007 0.0028)
(0.088333333 0.007 0.0029)
(0.088333333 0.007 0.003)
(0.09 0.007 0.0011)
(0.09 0.007 0.0012)
(0.09 0.007 0.0013)
(0.09 0.007 0.0014)
(0.09 0.007 0.0015)
(0.09 0.007 0.0016)
(0.09 0.007 0.0017)
(0.09 0.007 0.0018)
(0.09 0.007 0.0019)
(0.09 0.007 0.002)
(0.09 0.007 0.0021)
(0.09 0.007 0.0022)
(0.09 0.007 0.0023)
(0.09 0.007 0.0024)
(0.09 0.007 0.0025)
(0.09 0.007 0.0026)
(0.09 0.007 0.0027)
(0.09 0.007 0.0028)
(0.09 0.007 0.0029)
(0.09 0.007 0.003)
(0.091666667 0.007 0.0011)
(0.091666667 0.007 0.0012)
(0.091666667 0.007 0.0013)
(0.091666667 0.007 0.0014)
(0.091666667 0.007 0.0015)
(0.091666667 0.007 0.0016)
(0.091666667 0.007 0.0017)
(0.091666667 0.007 0.0018)
(0.091666667 0.007 0.0019)
(0.091666667 0.007 0.002)
(0.091666667 0.007 0.0021)
(0.091666667 0.007 0.0022)
(0.091666667 0.007 0.0023)
(0.091666667 0.007 0.0024)
(0.091666667 0.007 0.0025)
(0.091666667 0.007 0.0026)
(0.091666667 0.007 0.0027)
(0.091666667 0.007 0.0028)
(0.091666667 0.007 0.0029)
(0.091666667 0.007 0.003)
(0.093333333 0.007 0.0011)
(0.093333333 0.007 0.0012)
(0.093333333 0.007 0.0013)
(0.093333333 0.007 0.0014)
(0.093333333 0.007 0.0015)
(0.093333333 0.007 0.0016)
(0.093333333 0.007 0.0017)
(0.093333333 0.007 0.0018)
(0.093333333 0.007 0.0019)
(0.093333333 0.007 0.002)
(0.093333333 0.007 0.0021)
(0.093333333 0.007 0.0022)
(0.093333333 0.007 0.0023)
(0.093333333 0.007 0.0024)
(0.093333333 0.007 0.0025)
(0.093333333 0.007 0.0026)
(0.093333333 0.007 0.0027)
(0.093333333 0.007 0.0028)
(0.093333333 0.007 0.0029)
(0.093333333 0.007 0.003)
(0.095 0.007 0.0011)
(0.095 0.007 0.0012)
(0.095 0.007 0.0013)
(0.095 0.007 0.0014)
(0.095 0.007 0.0015)
(0.095 0.007 0.0016)
(0.095 0.007 0.0017)
(0.095 0.007 0.0018)
(0.095 0.007 0.0019)
(0.095 0.007 0.002)
(0.095 0.007 0.0021)
(0.095 0.007 0.0022)
(0.095 0.007 0.0023)
(0.095 0.007 0.0024)
(0.095 0.007 0.0025)
(0.095 0.007 0.0026)
(0.095 0.007 0.0027)
(0.095 0.007 0.0028)
(0.095 0.007 0.0029)
(0.095 0.007 0.003)
(0.096666667 0.007 0.0011)
(0.096666667 0.007 0.0012)
(0.096666667 0.007 0.0013)
(0.096666667 0.007 0.0014)
(0.096666667 0.007 0.0015)
(0.096666667 0.007 0.0016)
(0.096666667 0.007 0.0017)
(0.096666667 0.007 0.0018)
(0.096666667 0.007 0.0019)
(0.096666667 0.007 0.002)
(0.096666667 0.007 0.0021)
(0.096666667 0.007 0.0022)
(0.096666667 0.007 0.0023)
(0.096666667 0.007 0.0024)
(0.096666667 0.007 0.0025)
(0.096666667 0.007 0.0026)
(0.096666667 0.007 0.0027)
(0.096666667 0.007 0.0028)
(0.096666667 0.007 0.0029)
(0.096666667 0.007 0.003)
(0.098333333 0.007 0.0011)
(0.098333333 0.007 0.0012)
(0.098333333 0.007 0.0013)
(0.098333333 0.007 0.0014)
(0.098333333 0.007 0.0015)
(0.098333333 0.007 0.0016)
(0.098333333 0.007 0.0017)
(0.098333333 0.007 0.0018)
(0.098333333 0.007 0.0019)
(0.098333333 0.007 0.002)
(0.098333333 0.007 0.0021)
(0.098333333 0.007 0.0022)
(0.098333333 0.007 0.0023)
(0.098333333 0.007 0.0024)
(0.098333333 0.007 0.0025)
(0.098333333 0.007 0.0026)
(0.098333333 0.007 0.0027)
(0.098333333 0.007 0.0028)
(0.098333333 0.007 0.0029)
(0.098333333 0.007 0.003)
(0.1 0.007 0.0011)
(0.1 0.007 0.0012)
(0.1 0.007 0.0013)
(0.1 0.007 0.0014)
(0.1 0.007 0.0015)
(0.1 0.007 0.0016)
(0.1 0.007 0.0017)
(0.1 0.007 0.0018)
(0.1 0.007 0.0019)
(0.1 0.007 0.002)
(0.1 0.007 0.0021)
(0.1 0.007 0.0022)
(0.1 0.007 0.0023)
(0.1 0.007 0.0024)
(0.1 0.007 0.0025)
(0.1 0.007 0.0026)
(0.1 0.007 0.0027)
(0.1 0.007 0.0028)
(0.1 0.007 0.0029)
(0.1 0.007 0.003)
(0 0.0071 0.0011)
(0 0.0072 0.0011)
(0 0.0073 0.0011)
(0 0.0074 0.0011)
(0 0.0075 0.0011)
(0 0.0076 0.0011)
(0 0.0077 0.0011)
(0 0.0078 0.0011)
(0 0.0079 0.0011)
(0 0.008 0.0011)
(0 0.0081 0.0011)
(0 0.0082 0.0011)
(0 0.0083 0.0011)
(0 0.0084 0.0011)
(0 0.0085 0.0011)
(0 0.0086 0.0011)
(0 0.0087 0.0011)
(0 0.0088 0.0011)
(0 0.0089 0.0011)
(0 0.009 0.0011)
(0 0.0071 0.0012)
(0 0.0072 0.0012)
(0 0.0073 0.0012)
(0 0.0074 0.0012)
(0 0.0075 0.0012)
(0 0.0076 0.0012)
(0 0.0077 0.0012)
(0 0.0078 0.0012)
(0 0.0079 0.0012)
(0 0.008 0.0012)
(0 0.0081 0.0012)
(0 0.0082 0.0012)
(0 0.0083 0.0012)
(0 0.0084 0.0012)
(0 0.0085 0.0012)
(0 0.0086 0.0012)
(0 0.0087 0.0012)
(0 0.0088 0.0012)
(0 0.0089 0.0012)
(0 0.009 0.0012)
(0 0.0071 0.0013)
(0 0.0072 0.0013)
(0 0.0073 0.0013)
(0 0.0074 0.0013)
(0 0.0075 0.0013)
(0 0.0076 0.0013)
(0 0.0077 0.0013)
(0 0.0078 0.0013)
(0 0.0079 0.0013)
(0 0.008 0.0013)
(0 0.0081 0.0013)
(0 0.0082 0.0013)
(0 0.0083 0.0013)
(0 0.0084 0.0013)
(0 0.0085 0.0013)
(0 0.0086 0.0013)
(0 0.0087 0.0013)
(0 0.0088 0.0013)
(0 0.0089 0.0013)
(0 0.009 0.0013)
(0 0.0071 0.0014)
(0 0.0072 0.0014)
(0 0.0073 0.0014)
(0 0.0074 0.0014)
(0 0.0075 0.0014)
(0 0.0076 0.0014)
(0 0.0077 0.0014)
(0 0.0078 0.0014)
(0 0.0079 0.0014)
(0 0.008 0.0014)
(0 0.0081 0.0014)
(0 0.0082 0.0014)
(0 0.0083 0.0014)
(0 0.0084 0.0014)
(0 0.0085 0.0014)
(0 0.0086 0.0014)
(0 0.0087 0.0014)
(0 0.0088 0.0014)
(0 0.0089 0.0014)
(0 0.009 0.0014)
(0 0.0071 0.0015)
(0 0.0072 0.0015)
(0 0.0073 0.0015)
(0 0.0074 0.0015)
(0 0.0075 0.0015)
(0 0.0076 0.0015)
(0 0.0077 0.0015)
(0 0.0078 0.0015)
(0 0.0079 0.0015)
(0 0.008 0.0015)
(0 0.0081 0.0015)
(0 0.0082 0.0015)
(0 0.0083 0.0015)
(0 0.0084 0.0015)
(0 0.0085 0.0015)
(0 0.0086 0.0015)
(0 0.0087 0.0015)
(0 0.0088 0.0015)
(0 0.0089 0.0015)
(0 0.009 0.0015)
(0 0.0071 0.0016)
(0 0.0072 0.0016)
(0 0.0073 0.0016)
(0 0.0074 0.0016)
(0 0.0075 0.0016)
(0 0.0076 0.0016)
(0 0.0077 0.0016)
(0 0.0078 0.0016)
(0 0.0079 0.0016)
(0 0.008 0.0016)
(0 0.0081 0.0016)
(0 0.0082 0.0016)
(0 0.0083 0.0016)
(0 0.0084 0.0016)
(0 0.0085 0.0016)
(0 0.0086 0.0016)
(0 0.0087 0.0016)
(0 0.0088 0.0016)
(0 0.0089 0.0016)
(0 0.009 0.0016)
(0 0.0071 0.0017)
(0 0.0072 0.0017)
(0 0.0073 0.0017)
(0 0.0074 0.0017)
(0 0.0075 0.0017)
(0 0.0076 0.0017)
(0 0.0077 0.0017)
(0 0.0078 0.0017)
(0 0.0079 0.0017)
(0 0.008 0.0017)
(0 0.0081 0.0017)
(0 0.0082 0.0017)
(0 0.0083 0.0017)
(0 0.0084 0.0017)
(0 0.0085 0.0017)
(0 0.0086 0.0017)
(0 0.0087 0.0017)
(0 0.0088 0.0017)
(0 0.0089 0.0017)
(0 0.009 0.0017)
(0 0.0071 0.0018)
(0 0.0072 0.0018)
(0 0.0073 0.0018)
(0 0.0074 0.0018)
(0 0.0075 0.0018)
(0 0.0076 0.0018)
(0 0.0077 0.0018)
(0 0.0078 0.0018)
(0 0.0079 0.0018)
(0 0.008 0.0018)
(0 0.0081 0.0018)
(0 0.0082 0.0018)
(0 0.0083 0.0018)
(0 0.0084 0.0018)
(0 0.0085 0.0018)
(0 0.0086 0.0018)
(0 0.0087 0.0018)
(0 0.0088 0.0018)
(0 0.0089 0.0018)
(0 0.009 0.0018)
(0 0.0071 0.0019)
(0 0.0072 0.0019)
(0 0.0073 0.0019)
(0 0.0074 0.0019)
(0 0.0075 0.0019)
(0 0.0076 0.0019)
(0 0.0077 0.0019)
(0 0.0078 0.0019)
(0 0.0079 0.0019)
(0 0.008 0.0019)
(0 0.0081 0.0019)
(0 0.0082 0.0019)
(0 0.0083 0.0019)
(0 0.0084 0.0019)
(0 0.0085 0.0019)
(0 0.0086 0.0019)
(0 0.0087 0.0019)
(0 0.0088 0.0019)
(0 0.0089 0.0019)
(0 0.009 0.0019)
(0 0.0071 0.002)
(0 0.0072 0.002)
(0 0.0073 0.002)
(0 0.0074 0.002)
(0 0.0075 0.002)
(0 0.0076 0.002)
(0 0.0077 0.002)
(0 0.0078 0.002)
(0 0.0079 0.002)
(0 0.008 0.002)
(0 0.0081 0.002)
(0 0.0082 0.002)
(0 0.0083 0.002)
(0 0.0084 0.002)
(0 0.0085 0.002)
(0 0.0086 0.002)
(0 0.0087 0.002)
(0 0.0088 0.002)
(0 0.0089 0.002)
(0 0.009 0.002)
(0 0.0071 0.0021)
(0 0.0072 0.0021)
(0 0.0073 0.0021)
(0 0.0074 0.0021)
(0 0.0075 0.0021)
(0 0.0076 0.0021)
(0 0.0077 0.0021)
(0 0.0078 0.0021)
(0 0.0079 0.0021)
(0 0.008 0.0021)
(0 0.0081 0.0021)
(0 0.0082 0.0021)
(0 0.0083 0.0021)
(0 0.0084 0.0021)
(0 0.0085 0.0021)
(0 0.0086 0.0021)
(0 0.0087 0.0021)
(0 0.0088 0.0021)
(0 0.0089 0.0021)
(0 0.009 0.0021)
(0 0.0071 0.0022)
(0 0.0072 0.0022)
(0 0.0073 0.0022)
(0 0.0074 0.0022)
(0 0.0075 0.0022)
(0 0.0076 0.0022)
(0 0.0077 0.0022)
(0 0.0078 0.0022)
(0 0.0079 0.0022)
(0 0.008 0.0022)
(0 0.0081 0.0022)
(0 0.0082 0.0022)
(0 0.0083 0.0022)
(0 0.0084 0.0022)
(0 0.0085 0.0022)
(0 0.0086 0.0022)
(0 0.0087 0.0022)
(0 0.0088 0.0022)
(0 0.0089 0.0022)
(0 0.009 0.0022)
(0 0.0071 0.0023)
(0 0.0072 0.0023)
(0 0.0073 0.0023)
(0 0.0074 0.0023)
(0 0.0075 0.0023)
(0 0.0076 0.0023)
(0 0.0077 0.0023)
(0 0.0078 0.0023)
(0 0.0079 0.0023)
(0 0.008 0.0023)
(0 0.0081 0.0023)
(0 0.0082 0.0023)
(0 0.0083 0.0023)
(0 0.0084 0.0023)
(0 0.0085 0.0023)
(0 0.0086 0.0023)
(0 0.0087 0.0023)
(0 0.0088 0.0023)
(0 0.0089 0.0023)
(0 0.009 0.0023)
(0 0.0071 0.0024)
(0 0.0072 0.0024)
(0 0.0073 0.0024)
(0 0.0074 0.0024)
(0 0.0075 0.0024)
(0 0.0076 0.0024)
(0 0.0077 0.0024)
(0 0.0078 0.0024)
(0 0.0079 0.0024)
(0 0.008 0.0024)
(0 0.0081 0.0024)
(0 0.0082 0.0024)
(0 0.0083 0.0024)
(0 0.0084 0.0024)
(0 0.0085 0.0024)
(0 0.0086 0.0024)
(0 0.0087 0.0024)
(0 0.0088 0.0024)
(0 0.0089 0.0024)
(0 0.009 0.0024)
(0 0.0071 0.0025)
(0 0.0072 0.0025)
(0 0.0073 0.0025)
(0 0.0074 0.0025)
(0 0.0075 0.0025)
(0 0.0076 0.0025)
(0 0.0077 0.0025)
(0 0.0078 0.0025)
(0 0.0079 0.0025)
(0 0.008 0.0025)
(0 0.0081 0.0025)
(0 0.0082 0.0025)
(0 0.0083 0.0025)
(0 0.0084 0.0025)
(0 0.0085 0.0025)
(0 0.0086 0.0025)
(0 0.0087 0.0025)
(0 0.0088 0.0025)
(0 0.0089 0.0025)
(0 0.009 0.0025)
(0 0.0071 0.0026)
(0 0.0072 0.0026)
(0 0.0073 0.0026)
(0 0.0074 0.0026)
(0 0.0075 0.0026)
(0 0.0076 0.0026)
(0 0.0077 0.0026)
(0 0.0078 0.0026)
(0 0.0079 0.0026)
(0 0.008 0.0026)
(0 0.0081 0.0026)
(0 0.0082 0.0026)
(0 0.0083 0.0026)
(0 0.0084 0.0026)
(0 0.0085 0.0026)
(0 0.0086 0.0026)
(0 0.0087 0.0026)
(0 0.0088 0.0026)
(0 0.0089 0.0026)
(0 0.009 0.0026)
(0 0.0071 0.0027)
(0 0.0072 0.0027)
(0 0.0073 0.0027)
(0 0.0074 0.0027)
(0 0.0075 0.0027)
(0 0.0076 0.0027)
(0 0.0077 0.0027)
(0 0.0078 0.0027)
(0 0.0079 0.0027)
(0 0.008 0.0027)
(0 0.0081 0.0027)
(0 0.0082 0.0027)
(0 0.0083 0.0027)
(0 0.0084 0.0027)
(0 0.0085 0.0027)
(0 0.0086 0.0027)
(0 0.0087 0.0027)
(0 0.0088 0.0027)
(0 0.0089 0.0027)
(0 0.009 0.0027)
(0 0.0071 0.0028)
(0 0.0072 0.0028)
(0 0.0073 0.0028)
(0 0.0074 0.0028)
(0 0.0075 0.0028)
(0 0.0076 0.0028)
(0 0.0077 0.0028)
(0 0.0078 0.0028)
(0 0.0079 0.0028)
(0 0.008 0.0028)
(0 0.0081 0.0028)
(0 0.0082 0.0028)
(0 0.0083 0.0028)
(0 0.0084 0.0028)
(0 0.0085 0.0028)
(0 0.0086 0.0028)
(0 0.0087 0.0028)
(0 0.0088 0.0028)
(0 0.0089 0.0028)
(0 0.009 0.0028)
(0 0.0071 0.0029)
(0 0.0072 0.0029)
(0 0.0073 0.0029)
(0 0.0074 0.0029)
(0 0.0075 0.0029)
(0 0.0076 0.0029)
(0 0.0077 0.0029)
(0 0.0078 0.0029)
(0 0.0079 0.0029)
(0 0.008 0.0029)
(0 0.0081 0.0029)
(0 0.0082 0.0029)
(0 0.0083 0.0029)
(0 0.0084 0.0029)
(0 0.0085 0.0029)
(0 0.0086 0.0029)
(0 0.0087 0.0029)
(0 0.0088 0.0029)
(0 0.0089 0.0029)
(0 0.009 0.0029)
(0 0.0071 0.003)
(0 0.0072 0.003)
(0 0.0073 0.003)
(0 0.0074 0.003)
(0 0.0075 0.003)
(0 0.0076 0.003)
(0 0.0077 0.003)
(0 0.0078 0.003)
(0 0.0079 0.003)
(0 0.008 0.003)
(0 0.0081 0.003)
(0 0.0082 0.003)
(0 0.0083 0.003)
(0 0.0084 0.003)
(0 0.0085 0.003)
(0 0.0086 0.003)
(0 0.0087 0.003)
(0 0.0088 0.003)
(0 0.0089 0.003)
(0 0.009 0.003)
(0.0016666667 0.0071 0.0011)
(0.0016666667 0.0072 0.0011)
(0.0016666667 0.0073 0.0011)
(0.0016666667 0.0074 0.0011)
(0.0016666667 0.0075 0.0011)
(0.0016666667 0.0076 0.0011)
(0.0016666667 0.0077 0.0011)
(0.0016666667 0.0078 0.0011)
(0.0016666667 0.0079 0.0011)
(0.0016666667 0.008 0.0011)
(0.0016666667 0.0081 0.0011)
(0.0016666667 0.0082 0.0011)
(0.0016666667 0.0083 0.0011)
(0.0016666667 0.0084 0.0011)
(0.0016666667 0.0085 0.0011)
(0.0016666667 0.0086 0.0011)
(0.0016666667 0.0087 0.0011)
(0.0016666667 0.0088 0.0011)
(0.0016666667 0.0089 0.0011)
(0.0016666667 0.009 0.0011)
(0.0016666667 0.0071 0.0012)
(0.0016666667 0.0072 0.0012)
(0.0016666667 0.0073 0.0012)
(0.0016666667 0.0074 0.0012)
(0.0016666667 0.0075 0.0012)
(0.0016666667 0.0076 0.0012)
(0.0016666667 0.0077 0.0012)
(0.0016666667 0.0078 0.0012)
(0.0016666667 0.0079 0.0012)
(0.0016666667 0.008 0.0012)
(0.0016666667 0.0081 0.0012)
(0.0016666667 0.0082 0.0012)
(0.0016666667 0.0083 0.0012)
(0.0016666667 0.0084 0.0012)
(0.0016666667 0.0085 0.0012)
(0.0016666667 0.0086 0.0012)
(0.0016666667 0.0087 0.0012)
(0.0016666667 0.0088 0.0012)
(0.0016666667 0.0089 0.0012)
(0.0016666667 0.009 0.0012)
(0.0016666667 0.0071 0.0013)
(0.0016666667 0.0072 0.0013)
(0.0016666667 0.0073 0.0013)
(0.0016666667 0.0074 0.0013)
(0.0016666667 0.0075 0.0013)
(0.0016666667 0.0076 0.0013)
(0.0016666667 0.0077 0.0013)
(0.0016666667 0.0078 0.0013)
(0.0016666667 0.0079 0.0013)
(0.0016666667 0.008 0.0013)
(0.0016666667 0.0081 0.0013)
(0.0016666667 0.0082 0.0013)
(0.0016666667 0.0083 0.0013)
(0.0016666667 0.0084 0.0013)
(0.0016666667 0.0085 0.0013)
(0.0016666667 0.0086 0.0013)
(0.0016666667 0.0087 0.0013)
(0.0016666667 0.0088 0.0013)
(0.0016666667 0.0089 0.0013)
(0.0016666667 0.009 0.0013)
(0.0016666667 0.0071 0.0014)
(0.0016666667 0.0072 0.0014)
(0.0016666667 0.0073 0.0014)
(0.0016666667 0.0074 0.0014)
(0.0016666667 0.0075 0.0014)
(0.0016666667 0.0076 0.0014)
(0.0016666667 0.0077 0.0014)
(0.0016666667 0.0078 0.0014)
(0.0016666667 0.0079 0.0014)
(0.0016666667 0.008 0.0014)
(0.0016666667 0.0081 0.0014)
(0.0016666667 0.0082 0.0014)
(0.0016666667 0.0083 0.0014)
(0.0016666667 0.0084 0.0014)
(0.0016666667 0.0085 0.0014)
(0.0016666667 0.0086 0.0014)
(0.0016666667 0.0087 0.0014)
(0.0016666667 0.0088 0.0014)
(0.0016666667 0.0089 0.0014)
(0.0016666667 0.009 0.0014)
(0.0016666667 0.0071 0.0015)
(0.0016666667 0.0072 0.0015)
(0.0016666667 0.0073 0.0015)
(0.0016666667 0.0074 0.0015)
(0.0016666667 0.0075 0.0015)
(0.0016666667 0.0076 0.0015)
(0.0016666667 0.0077 0.0015)
(0.0016666667 0.0078 0.0015)
(0.0016666667 0.0079 0.0015)
(0.0016666667 0.008 0.0015)
(0.0016666667 0.0081 0.0015)
(0.0016666667 0.0082 0.0015)
(0.0016666667 0.0083 0.0015)
(0.0016666667 0.0084 0.0015)
(0.0016666667 0.0085 0.0015)
(0.0016666667 0.0086 0.0015)
(0.0016666667 0.0087 0.0015)
(0.0016666667 0.0088 0.0015)
(0.0016666667 0.0089 0.0015)
(0.0016666667 0.009 0.0015)
(0.0016666667 0.0071 0.0016)
(0.0016666667 0.0072 0.0016)
(0.0016666667 0.0073 0.0016)
(0.0016666667 0.0074 0.0016)
(0.0016666667 0.0075 0.0016)
(0.0016666667 0.0076 0.0016)
(0.0016666667 0.0077 0.0016)
(0.0016666667 0.0078 0.0016)
(0.0016666667 0.0079 0.0016)
(0.0016666667 0.008 0.0016)
(0.0016666667 0.0081 0.0016)
(0.0016666667 0.0082 0.0016)
(0.0016666667 0.0083 0.0016)
(0.0016666667 0.0084 0.0016)
(0.0016666667 0.0085 0.0016)
(0.0016666667 0.0086 0.0016)
(0.0016666667 0.0087 0.0016)
(0.0016666667 0.0088 0.0016)
(0.0016666667 0.0089 0.0016)
(0.0016666667 0.009 0.0016)
(0.0016666667 0.0071 0.0017)
(0.0016666667 0.0072 0.0017)
(0.0016666667 0.0073 0.0017)
(0.0016666667 0.0074 0.0017)
(0.0016666667 0.0075 0.0017)
(0.0016666667 0.0076 0.0017)
(0.0016666667 0.0077 0.0017)
(0.0016666667 0.0078 0.0017)
(0.0016666667 0.0079 0.0017)
(0.0016666667 0.008 0.0017)
(0.0016666667 0.0081 0.0017)
(0.0016666667 0.0082 0.0017)
(0.0016666667 0.0083 0.0017)
(0.0016666667 0.0084 0.0017)
(0.0016666667 0.0085 0.0017)
(0.0016666667 0.0086 0.0017)
(0.0016666667 0.0087 0.0017)
(0.0016666667 0.0088 0.0017)
(0.0016666667 0.0089 0.0017)
(0.0016666667 0.009 0.0017)
(0.0016666667 0.0071 0.0018)
(0.0016666667 0.0072 0.0018)
(0.0016666667 0.0073 0.0018)
(0.0016666667 0.0074 0.0018)
(0.0016666667 0.0075 0.0018)
(0.0016666667 0.0076 0.0018)
(0.0016666667 0.0077 0.0018)
(0.0016666667 0.0078 0.0018)
(0.0016666667 0.0079 0.0018)
(0.0016666667 0.008 0.0018)
(0.0016666667 0.0081 0.0018)
(0.0016666667 0.0082 0.0018)
(0.0016666667 0.0083 0.0018)
(0.0016666667 0.0084 0.0018)
(0.0016666667 0.0085 0.0018)
(0.0016666667 0.0086 0.0018)
(0.0016666667 0.0087 0.0018)
(0.0016666667 0.0088 0.0018)
(0.0016666667 0.0089 0.0018)
(0.0016666667 0.009 0.0018)
(0.0016666667 0.0071 0.0019)
(0.0016666667 0.0072 0.0019)
(0.0016666667 0.0073 0.0019)
(0.0016666667 0.0074 0.0019)
(0.0016666667 0.0075 0.0019)
(0.0016666667 0.0076 0.0019)
(0.0016666667 0.0077 0.0019)
(0.0016666667 0.0078 0.0019)
(0.0016666667 0.0079 0.0019)
(0.0016666667 0.008 0.0019)
(0.0016666667 0.0081 0.0019)
(0.0016666667 0.0082 0.0019)
(0.0016666667 0.0083 0.0019)
(0.0016666667 0.0084 0.0019)
(0.0016666667 0.0085 0.0019)
(0.0016666667 0.0086 0.0019)
(0.0016666667 0.0087 0.0019)
(0.0016666667 0.0088 0.0019)
(0.0016666667 0.0089 0.0019)
(0.0016666667 0.009 0.0019)
(0.0016666667 0.0071 0.002)
(0.0016666667 0.0072 0.002)
(0.0016666667 0.0073 0.002)
(0.0016666667 0.0074 0.002)
(0.0016666667 0.0075 0.002)
(0.0016666667 0.0076 0.002)
(0.0016666667 0.0077 0.002)
(0.0016666667 0.0078 0.002)
(0.0016666667 0.0079 0.002)
(0.0016666667 0.008 0.002)
(0.0016666667 0.0081 0.002)
(0.0016666667 0.0082 0.002)
(0.0016666667 0.0083 0.002)
(0.0016666667 0.0084 0.002)
(0.0016666667 0.0085 0.002)
(0.0016666667 0.0086 0.002)
(0.0016666667 0.0087 0.002)
(0.0016666667 0.0088 0.002)
(0.0016666667 0.0089 0.002)
(0.0016666667 0.009 0.002)
(0.0016666667 0.0071 0.0021)
(0.0016666667 0.0072 0.0021)
(0.0016666667 0.0073 0.0021)
(0.0016666667 0.0074 0.0021)
(0.0016666667 0.0075 0.0021)
(0.0016666667 0.0076 0.0021)
(0.0016666667 0.0077 0.0021)
(0.0016666667 0.0078 0.0021)
(0.0016666667 0.0079 0.0021)
(0.0016666667 0.008 0.0021)
(0.0016666667 0.0081 0.0021)
(0.0016666667 0.0082 0.0021)
(0.0016666667 0.0083 0.0021)
(0.0016666667 0.0084 0.0021)
(0.0016666667 0.0085 0.0021)
(0.0016666667 0.0086 0.0021)
(0.0016666667 0.0087 0.0021)
(0.0016666667 0.0088 0.0021)
(0.0016666667 0.0089 0.0021)
(0.0016666667 0.009 0.0021)
(0.0016666667 0.0071 0.0022)
(0.0016666667 0.0072 0.0022)
(0.0016666667 0.0073 0.0022)
(0.0016666667 0.0074 0.0022)
(0.0016666667 0.0075 0.0022)
(0.0016666667 0.0076 0.0022)
(0.0016666667 0.0077 0.0022)
(0.0016666667 0.0078 0.0022)
(0.0016666667 0.0079 0.0022)
(0.0016666667 0.008 0.0022)
(0.0016666667 0.0081 0.0022)
(0.0016666667 0.0082 0.0022)
(0.0016666667 0.0083 0.0022)
(0.0016666667 0.0084 0.0022)
(0.0016666667 0.0085 0.0022)
(0.0016666667 0.0086 0.0022)
(0.0016666667 0.0087 0.0022)
(0.0016666667 0.0088 0.0022)
(0.0016666667 0.0089 0.0022)
(0.0016666667 0.009 0.0022)
(0.0016666667 0.0071 0.0023)
(0.0016666667 0.0072 0.0023)
(0.0016666667 0.0073 0.0023)
(0.0016666667 0.0074 0.0023)
(0.0016666667 0.0075 0.0023)
(0.0016666667 0.0076 0.0023)
(0.0016666667 0.0077 0.0023)
(0.0016666667 0.0078 0.0023)
(0.0016666667 0.0079 0.0023)
(0.0016666667 0.008 0.0023)
(0.0016666667 0.0081 0.0023)
(0.0016666667 0.0082 0.0023)
(0.0016666667 0.0083 0.0023)
(0.0016666667 0.0084 0.0023)
(0.0016666667 0.0085 0.0023)
(0.0016666667 0.0086 0.0023)
(0.0016666667 0.0087 0.0023)
(0.0016666667 0.0088 0.0023)
(0.0016666667 0.0089 0.0023)
(0.0016666667 0.009 0.0023)
(0.0016666667 0.0071 0.0024)
(0.0016666667 0.0072 0.0024)
(0.0016666667 0.0073 0.0024)
(0.0016666667 0.0074 0.0024)
(0.0016666667 0.0075 0.0024)
(0.0016666667 0.0076 0.0024)
(0.0016666667 0.0077 0.0024)
(0.0016666667 0.0078 0.0024)
(0.0016666667 0.0079 0.0024)
(0.0016666667 0.008 0.0024)
(0.0016666667 0.0081 0.0024)
(0.0016666667 0.0082 0.0024)
(0.0016666667 0.0083 0.0024)
(0.0016666667 0.0084 0.0024)
(0.0016666667 0.0085 0.0024)
(0.0016666667 0.0086 0.0024)
(0.0016666667 0.0087 0.0024)
(0.0016666667 0.0088 0.0024)
(0.0016666667 0.0089 0.0024)
(0.0016666667 0.009 0.0024)
(0.0016666667 0.0071 0.0025)
(0.0016666667 0.0072 0.0025)
(0.0016666667 0.0073 0.0025)
(0.0016666667 0.0074 0.0025)
(0.0016666667 0.0075 0.0025)
(0.0016666667 0.0076 0.0025)
(0.0016666667 0.0077 0.0025)
(0.0016666667 0.0078 0.0025)
(0.0016666667 0.0079 0.0025)
(0.0016666667 0.008 0.0025)
(0.0016666667 0.0081 0.0025)
(0.0016666667 0.0082 0.0025)
(0.0016666667 0.0083 0.0025)
(0.0016666667 0.0084 0.0025)
(0.0016666667 0.0085 0.0025)
(0.0016666667 0.0086 0.0025)
(0.0016666667 0.0087 0.0025)
(0.0016666667 0.0088 0.0025)
(0.0016666667 0.0089 0.0025)
(0.0016666667 0.009 0.0025)
(0.0016666667 0.0071 0.0026)
(0.0016666667 0.0072 0.0026)
(0.0016666667 0.0073 0.0026)
(0.0016666667 0.0074 0.0026)
(0.0016666667 0.0075 0.0026)
(0.0016666667 0.0076 0.0026)
(0.0016666667 0.0077 0.0026)
(0.0016666667 0.0078 0.0026)
(0.0016666667 0.0079 0.0026)
(0.0016666667 0.008 0.0026)
(0.0016666667 0.0081 0.0026)
(0.0016666667 0.0082 0.0026)
(0.0016666667 0.0083 0.0026)
(0.0016666667 0.0084 0.0026)
(0.0016666667 0.0085 0.0026)
(0.0016666667 0.0086 0.0026)
(0.0016666667 0.0087 0.0026)
(0.0016666667 0.0088 0.0026)
(0.0016666667 0.0089 0.0026)
(0.0016666667 0.009 0.0026)
(0.0016666667 0.0071 0.0027)
(0.0016666667 0.0072 0.0027)
(0.0016666667 0.0073 0.0027)
(0.0016666667 0.0074 0.0027)
(0.0016666667 0.0075 0.0027)
(0.0016666667 0.0076 0.0027)
(0.0016666667 0.0077 0.0027)
(0.0016666667 0.0078 0.0027)
(0.0016666667 0.0079 0.0027)
(0.0016666667 0.008 0.0027)
(0.0016666667 0.0081 0.0027)
(0.0016666667 0.0082 0.0027)
(0.0016666667 0.0083 0.0027)
(0.0016666667 0.0084 0.0027)
(0.0016666667 0.0085 0.0027)
(0.0016666667 0.0086 0.0027)
(0.0016666667 0.0087 0.0027)
(0.0016666667 0.0088 0.0027)
(0.0016666667 0.0089 0.0027)
(0.0016666667 0.009 0.0027)
(0.0016666667 0.0071 0.0028)
(0.0016666667 0.0072 0.0028)
(0.0016666667 0.0073 0.0028)
(0.0016666667 0.0074 0.0028)
(0.0016666667 0.0075 0.0028)
(0.0016666667 0.0076 0.0028)
(0.0016666667 0.0077 0.0028)
(0.0016666667 0.0078 0.0028)
(0.0016666667 0.0079 0.0028)
(0.0016666667 0.008 0.0028)
(0.0016666667 0.0081 0.0028)
(0.0016666667 0.0082 0.0028)
(0.0016666667 0.0083 0.0028)
(0.0016666667 0.0084 0.0028)
(0.0016666667 0.0085 0.0028)
(0.0016666667 0.0086 0.0028)
(0.0016666667 0.0087 0.0028)
(0.0016666667 0.0088 0.0028)
(0.0016666667 0.0089 0.0028)
(0.0016666667 0.009 0.0028)
(0.0016666667 0.0071 0.0029)
(0.0016666667 0.0072 0.0029)
(0.0016666667 0.0073 0.0029)
(0.0016666667 0.0074 0.0029)
(0.0016666667 0.0075 0.0029)
(0.0016666667 0.0076 0.0029)
(0.0016666667 0.0077 0.0029)
(0.0016666667 0.0078 0.0029)
(0.0016666667 0.0079 0.0029)
(0.0016666667 0.008 0.0029)
(0.0016666667 0.0081 0.0029)
(0.0016666667 0.0082 0.0029)
(0.0016666667 0.0083 0.0029)
(0.0016666667 0.0084 0.0029)
(0.0016666667 0.0085 0.0029)
(0.0016666667 0.0086 0.0029)
(0.0016666667 0.0087 0.0029)
(0.0016666667 0.0088 0.0029)
(0.0016666667 0.0089 0.0029)
(0.0016666667 0.009 0.0029)
(0.0016666667 0.0071 0.003)
(0.0016666667 0.0072 0.003)
(0.0016666667 0.0073 0.003)
(0.0016666667 0.0074 0.003)
(0.0016666667 0.0075 0.003)
(0.0016666667 0.0076 0.003)
(0.0016666667 0.0077 0.003)
(0.0016666667 0.0078 0.003)
(0.0016666667 0.0079 0.003)
(0.0016666667 0.008 0.003)
(0.0016666667 0.0081 0.003)
(0.0016666667 0.0082 0.003)
(0.0016666667 0.0083 0.003)
(0.0016666667 0.0084 0.003)
(0.0016666667 0.0085 0.003)
(0.0016666667 0.0086 0.003)
(0.0016666667 0.0087 0.003)
(0.0016666667 0.0088 0.003)
(0.0016666667 0.0089 0.003)
(0.0016666667 0.009 0.003)
(0.0033333333 0.0071 0.0011)
(0.0033333333 0.0072 0.0011)
(0.0033333333 0.0073 0.0011)
(0.0033333333 0.0074 0.0011)
(0.0033333333 0.0075 0.0011)
(0.0033333333 0.0076 0.0011)
(0.0033333333 0.0077 0.0011)
(0.0033333333 0.0078 0.0011)
(0.0033333333 0.0079 0.0011)
(0.0033333333 0.008 0.0011)
(0.0033333333 0.0081 0.0011)
(0.0033333333 0.0082 0.0011)
(0.0033333333 0.0083 0.0011)
(0.0033333333 0.0084 0.0011)
(0.0033333333 0.0085 0.0011)
(0.0033333333 0.0086 0.0011)
(0.0033333333 0.0087 0.0011)
(0.0033333333 0.0088 0.0011)
(0.0033333333 0.0089 0.0011)
(0.0033333333 0.009 0.0011)
(0.0033333333 0.0071 0.0012)
(0.0033333333 0.0072 0.0012)
(0.0033333333 0.0073 0.0012)
(0.0033333333 0.0074 0.0012)
(0.0033333333 0.0075 0.0012)
(0.0033333333 0.0076 0.0012)
(0.0033333333 0.0077 0.0012)
(0.0033333333 0.0078 0.0012)
(0.0033333333 0.0079 0.0012)
(0.0033333333 0.008 0.0012)
(0.0033333333 0.0081 0.0012)
(0.0033333333 0.0082 0.0012)
(0.0033333333 0.0083 0.0012)
(0.0033333333 0.0084 0.0012)
(0.0033333333 0.0085 0.0012)
(0.0033333333 0.0086 0.0012)
(0.0033333333 0.0087 0.0012)
(0.0033333333 0.0088 0.0012)
(0.0033333333 0.0089 0.0012)
(0.0033333333 0.009 0.0012)
(0.0033333333 0.0071 0.0013)
(0.0033333333 0.0072 0.0013)
(0.0033333333 0.0073 0.0013)
(0.0033333333 0.0074 0.0013)
(0.0033333333 0.0075 0.0013)
(0.0033333333 0.0076 0.0013)
(0.0033333333 0.0077 0.0013)
(0.0033333333 0.0078 0.0013)
(0.0033333333 0.0079 0.0013)
(0.0033333333 0.008 0.0013)
(0.0033333333 0.0081 0.0013)
(0.0033333333 0.0082 0.0013)
(0.0033333333 0.0083 0.0013)
(0.0033333333 0.0084 0.0013)
(0.0033333333 0.0085 0.0013)
(0.0033333333 0.0086 0.0013)
(0.0033333333 0.0087 0.0013)
(0.0033333333 0.0088 0.0013)
(0.0033333333 0.0089 0.0013)
(0.0033333333 0.009 0.0013)
(0.0033333333 0.0071 0.0014)
(0.0033333333 0.0072 0.0014)
(0.0033333333 0.0073 0.0014)
(0.0033333333 0.0074 0.0014)
(0.0033333333 0.0075 0.0014)
(0.0033333333 0.0076 0.0014)
(0.0033333333 0.0077 0.0014)
(0.0033333333 0.0078 0.0014)
(0.0033333333 0.0079 0.0014)
(0.0033333333 0.008 0.0014)
(0.0033333333 0.0081 0.0014)
(0.0033333333 0.0082 0.0014)
(0.0033333333 0.0083 0.0014)
(0.0033333333 0.0084 0.0014)
(0.0033333333 0.0085 0.0014)
(0.0033333333 0.0086 0.0014)
(0.0033333333 0.0087 0.0014)
(0.0033333333 0.0088 0.0014)
(0.0033333333 0.0089 0.0014)
(0.0033333333 0.009 0.0014)
(0.0033333333 0.0071 0.0015)
(0.0033333333 0.0072 0.0015)
(0.0033333333 0.0073 0.0015)
(0.0033333333 0.0074 0.0015)
(0.0033333333 0.0075 0.0015)
(0.0033333333 0.0076 0.0015)
(0.0033333333 0.0077 0.0015)
(0.0033333333 0.0078 0.0015)
(0.0033333333 0.0079 0.0015)
(0.0033333333 0.008 0.0015)
(0.0033333333 0.0081 0.0015)
(0.0033333333 0.0082 0.0015)
(0.0033333333 0.0083 0.0015)
(0.0033333333 0.0084 0.0015)
(0.0033333333 0.0085 0.0015)
(0.0033333333 0.0086 0.0015)
(0.0033333333 0.0087 0.0015)
(0.0033333333 0.0088 0.0015)
(0.0033333333 0.0089 0.0015)
(0.0033333333 0.009 0.0015)
(0.0033333333 0.0071 0.0016)
(0.0033333333 0.0072 0.0016)
(0.0033333333 0.0073 0.0016)
(0.0033333333 0.0074 0.0016)
(0.0033333333 0.0075 0.0016)
(0.0033333333 0.0076 0.0016)
(0.0033333333 0.0077 0.0016)
(0.0033333333 0.0078 0.0016)
(0.0033333333 0.0079 0.0016)
(0.0033333333 0.008 0.0016)
(0.0033333333 0.0081 0.0016)
(0.0033333333 0.0082 0.0016)
(0.0033333333 0.0083 0.0016)
(0.0033333333 0.0084 0.0016)
(0.0033333333 0.0085 0.0016)
(0.0033333333 0.0086 0.0016)
(0.0033333333 0.0087 0.0016)
(0.0033333333 0.0088 0.0016)
(0.0033333333 0.0089 0.0016)
(0.0033333333 0.009 0.0016)
(0.0033333333 0.0071 0.0017)
(0.0033333333 0.0072 0.0017)
(0.0033333333 0.0073 0.0017)
(0.0033333333 0.0074 0.0017)
(0.0033333333 0.0075 0.0017)
(0.0033333333 0.0076 0.0017)
(0.0033333333 0.0077 0.0017)
(0.0033333333 0.0078 0.0017)
(0.0033333333 0.0079 0.0017)
(0.0033333333 0.008 0.0017)
(0.0033333333 0.0081 0.0017)
(0.0033333333 0.0082 0.0017)
(0.0033333333 0.0083 0.0017)
(0.0033333333 0.0084 0.0017)
(0.0033333333 0.0085 0.0017)
(0.0033333333 0.0086 0.0017)
(0.0033333333 0.0087 0.0017)
(0.0033333333 0.0088 0.0017)
(0.0033333333 0.0089 0.0017)
(0.0033333333 0.009 0.0017)
(0.0033333333 0.0071 0.0018)
(0.0033333333 0.0072 0.0018)
(0.0033333333 0.0073 0.0018)
(0.0033333333 0.0074 0.0018)
(0.0033333333 0.0075 0.0018)
(0.0033333333 0.0076 0.0018)
(0.0033333333 0.0077 0.0018)
(0.0033333333 0.0078 0.0018)
(0.0033333333 0.0079 0.0018)
(0.0033333333 0.008 0.0018)
(0.0033333333 0.0081 0.0018)
(0.0033333333 0.0082 0.0018)
(0.0033333333 0.0083 0.0018)
(0.0033333333 0.0084 0.0018)
(0.0033333333 0.0085 0.0018)
(0.0033333333 0.0086 0.0018)
(0.0033333333 0.0087 0.0018)
(0.0033333333 0.0088 0.0018)
(0.0033333333 0.0089 0.0018)
(0.0033333333 0.009 0.0018)
(0.0033333333 0.0071 0.0019)
(0.0033333333 0.0072 0.0019)
(0.0033333333 0.0073 0.0019)
(0.0033333333 0.0074 0.0019)
(0.0033333333 0.0075 0.0019)
(0.0033333333 0.0076 0.0019)
(0.0033333333 0.0077 0.0019)
(0.0033333333 0.0078 0.0019)
(0.0033333333 0.0079 0.0019)
(0.0033333333 0.008 0.0019)
(0.0033333333 0.0081 0.0019)
(0.0033333333 0.0082 0.0019)
(0.0033333333 0.0083 0.0019)
(0.0033333333 0.0084 0.0019)
(0.0033333333 0.0085 0.0019)
(0.0033333333 0.0086 0.0019)
(0.0033333333 0.0087 0.0019)
(0.0033333333 0.0088 0.0019)
(0.0033333333 0.0089 0.0019)
(0.0033333333 0.009 0.0019)
(0.0033333333 0.0071 0.002)
(0.0033333333 0.0072 0.002)
(0.0033333333 0.0073 0.002)
(0.0033333333 0.0074 0.002)
(0.0033333333 0.0075 0.002)
(0.0033333333 0.0076 0.002)
(0.0033333333 0.0077 0.002)
(0.0033333333 0.0078 0.002)
(0.0033333333 0.0079 0.002)
(0.0033333333 0.008 0.002)
(0.0033333333 0.0081 0.002)
(0.0033333333 0.0082 0.002)
(0.0033333333 0.0083 0.002)
(0.0033333333 0.0084 0.002)
(0.0033333333 0.0085 0.002)
(0.0033333333 0.0086 0.002)
(0.0033333333 0.0087 0.002)
(0.0033333333 0.0088 0.002)
(0.0033333333 0.0089 0.002)
(0.0033333333 0.009 0.002)
(0.0033333333 0.0071 0.0021)
(0.0033333333 0.0072 0.0021)
(0.0033333333 0.0073 0.0021)
(0.0033333333 0.0074 0.0021)
(0.0033333333 0.0075 0.0021)
(0.0033333333 0.0076 0.0021)
(0.0033333333 0.0077 0.0021)
(0.0033333333 0.0078 0.0021)
(0.0033333333 0.0079 0.0021)
(0.0033333333 0.008 0.0021)
(0.0033333333 0.0081 0.0021)
(0.0033333333 0.0082 0.0021)
(0.0033333333 0.0083 0.0021)
(0.0033333333 0.0084 0.0021)
(0.0033333333 0.0085 0.0021)
(0.0033333333 0.0086 0.0021)
(0.0033333333 0.0087 0.0021)
(0.0033333333 0.0088 0.0021)
(0.0033333333 0.0089 0.0021)
(0.0033333333 0.009 0.0021)
(0.0033333333 0.0071 0.0022)
(0.0033333333 0.0072 0.0022)
(0.0033333333 0.0073 0.0022)
(0.0033333333 0.0074 0.0022)
(0.0033333333 0.0075 0.0022)
(0.0033333333 0.0076 0.0022)
(0.0033333333 0.0077 0.0022)
(0.0033333333 0.0078 0.0022)
(0.0033333333 0.0079 0.0022)
(0.0033333333 0.008 0.0022)
(0.0033333333 0.0081 0.0022)
(0.0033333333 0.0082 0.0022)
(0.0033333333 0.0083 0.0022)
(0.0033333333 0.0084 0.0022)
(0.0033333333 0.0085 0.0022)
(0.0033333333 0.0086 0.0022)
(0.0033333333 0.0087 0.0022)
(0.0033333333 0.0088 0.0022)
(0.0033333333 0.0089 0.0022)
(0.0033333333 0.009 0.0022)
(0.0033333333 0.0071 0.0023)
(0.0033333333 0.0072 0.0023)
(0.0033333333 0.0073 0.0023)
(0.0033333333 0.0074 0.0023)
(0.0033333333 0.0075 0.0023)
(0.0033333333 0.0076 0.0023)
(0.0033333333 0.0077 0.0023)
(0.0033333333 0.0078 0.0023)
(0.0033333333 0.0079 0.0023)
(0.0033333333 0.008 0.0023)
(0.0033333333 0.0081 0.0023)
(0.0033333333 0.0082 0.0023)
(0.0033333333 0.0083 0.0023)
(0.0033333333 0.0084 0.0023)
(0.0033333333 0.0085 0.0023)
(0.0033333333 0.0086 0.0023)
(0.0033333333 0.0087 0.0023)
(0.0033333333 0.0088 0.0023)
(0.0033333333 0.0089 0.0023)
(0.0033333333 0.009 0.0023)
(0.0033333333 0.0071 0.0024)
(0.0033333333 0.0072 0.0024)
(0.0033333333 0.0073 0.0024)
(0.0033333333 0.0074 0.0024)
(0.0033333333 0.0075 0.0024)
(0.0033333333 0.0076 0.0024)
(0.0033333333 0.0077 0.0024)
(0.0033333333 0.0078 0.0024)
(0.0033333333 0.0079 0.0024)
(0.0033333333 0.008 0.0024)
(0.0033333333 0.0081 0.0024)
(0.0033333333 0.0082 0.0024)
(0.0033333333 0.0083 0.0024)
(0.0033333333 0.0084 0.0024)
(0.0033333333 0.0085 0.0024)
(0.0033333333 0.0086 0.0024)
(0.0033333333 0.0087 0.0024)
(0.0033333333 0.0088 0.0024)
(0.0033333333 0.0089 0.0024)
(0.0033333333 0.009 0.0024)
(0.0033333333 0.0071 0.0025)
(0.0033333333 0.0072 0.0025)
(0.0033333333 0.0073 0.0025)
(0.0033333333 0.0074 0.0025)
(0.0033333333 0.0075 0.0025)
(0.0033333333 0.0076 0.0025)
(0.0033333333 0.0077 0.0025)
(0.0033333333 0.0078 0.0025)
(0.0033333333 0.0079 0.0025)
(0.0033333333 0.008 0.0025)
(0.0033333333 0.0081 0.0025)
(0.0033333333 0.0082 0.0025)
(0.0033333333 0.0083 0.0025)
(0.0033333333 0.0084 0.0025)
(0.0033333333 0.0085 0.0025)
(0.0033333333 0.0086 0.0025)
(0.0033333333 0.0087 0.0025)
(0.0033333333 0.0088 0.0025)
(0.0033333333 0.0089 0.0025)
(0.0033333333 0.009 0.0025)
(0.0033333333 0.0071 0.0026)
(0.0033333333 0.0072 0.0026)
(0.0033333333 0.0073 0.0026)
(0.0033333333 0.0074 0.0026)
(0.0033333333 0.0075 0.0026)
(0.0033333333 0.0076 0.0026)
(0.0033333333 0.0077 0.0026)
(0.0033333333 0.0078 0.0026)
(0.0033333333 0.0079 0.0026)
(0.0033333333 0.008 0.0026)
(0.0033333333 0.0081 0.0026)
(0.0033333333 0.0082 0.0026)
(0.0033333333 0.0083 0.0026)
(0.0033333333 0.0084 0.0026)
(0.0033333333 0.0085 0.0026)
(0.0033333333 0.0086 0.0026)
(0.0033333333 0.0087 0.0026)
(0.0033333333 0.0088 0.0026)
(0.0033333333 0.0089 0.0026)
(0.0033333333 0.009 0.0026)
(0.0033333333 0.0071 0.0027)
(0.0033333333 0.0072 0.0027)
(0.0033333333 0.0073 0.0027)
(0.0033333333 0.0074 0.0027)
(0.0033333333 0.0075 0.0027)
(0.0033333333 0.0076 0.0027)
(0.0033333333 0.0077 0.0027)
(0.0033333333 0.0078 0.0027)
(0.0033333333 0.0079 0.0027)
(0.0033333333 0.008 0.0027)
(0.0033333333 0.0081 0.0027)
(0.0033333333 0.0082 0.0027)
(0.0033333333 0.0083 0.0027)
(0.0033333333 0.0084 0.0027)
(0.0033333333 0.0085 0.0027)
(0.0033333333 0.0086 0.0027)
(0.0033333333 0.0087 0.0027)
(0.0033333333 0.0088 0.0027)
(0.0033333333 0.0089 0.0027)
(0.0033333333 0.009 0.0027)
(0.0033333333 0.0071 0.0028)
(0.0033333333 0.0072 0.0028)
(0.0033333333 0.0073 0.0028)
(0.0033333333 0.0074 0.0028)
(0.0033333333 0.0075 0.0028)
(0.0033333333 0.0076 0.0028)
(0.0033333333 0.0077 0.0028)
(0.0033333333 0.0078 0.0028)
(0.0033333333 0.0079 0.0028)
(0.0033333333 0.008 0.0028)
(0.0033333333 0.0081 0.0028)
(0.0033333333 0.0082 0.0028)
(0.0033333333 0.0083 0.0028)
(0.0033333333 0.0084 0.0028)
(0.0033333333 0.0085 0.0028)
(0.0033333333 0.0086 0.0028)
(0.0033333333 0.0087 0.0028)
(0.0033333333 0.0088 0.0028)
(0.0033333333 0.0089 0.0028)
(0.0033333333 0.009 0.0028)
(0.0033333333 0.0071 0.0029)
(0.0033333333 0.0072 0.0029)
(0.0033333333 0.0073 0.0029)
(0.0033333333 0.0074 0.0029)
(0.0033333333 0.0075 0.0029)
(0.0033333333 0.0076 0.0029)
(0.0033333333 0.0077 0.0029)
(0.0033333333 0.0078 0.0029)
(0.0033333333 0.0079 0.0029)
(0.0033333333 0.008 0.0029)
(0.0033333333 0.0081 0.0029)
(0.0033333333 0.0082 0.0029)
(0.0033333333 0.0083 0.0029)
(0.0033333333 0.0084 0.0029)
(0.0033333333 0.0085 0.0029)
(0.0033333333 0.0086 0.0029)
(0.0033333333 0.0087 0.0029)
(0.0033333333 0.0088 0.0029)
(0.0033333333 0.0089 0.0029)
(0.0033333333 0.009 0.0029)
(0.0033333333 0.0071 0.003)
(0.0033333333 0.0072 0.003)
(0.0033333333 0.0073 0.003)
(0.0033333333 0.0074 0.003)
(0.0033333333 0.0075 0.003)
(0.0033333333 0.0076 0.003)
(0.0033333333 0.0077 0.003)
(0.0033333333 0.0078 0.003)
(0.0033333333 0.0079 0.003)
(0.0033333333 0.008 0.003)
(0.0033333333 0.0081 0.003)
(0.0033333333 0.0082 0.003)
(0.0033333333 0.0083 0.003)
(0.0033333333 0.0084 0.003)
(0.0033333333 0.0085 0.003)
(0.0033333333 0.0086 0.003)
(0.0033333333 0.0087 0.003)
(0.0033333333 0.0088 0.003)
(0.0033333333 0.0089 0.003)
(0.0033333333 0.009 0.003)
(0.005 0.0071 0.0011)
(0.005 0.0072 0.0011)
(0.005 0.0073 0.0011)
(0.005 0.0074 0.0011)
(0.005 0.0075 0.0011)
(0.005 0.0076 0.0011)
(0.005 0.0077 0.0011)
(0.005 0.0078 0.0011)
(0.005 0.0079 0.0011)
(0.005 0.008 0.0011)
(0.005 0.0081 0.0011)
(0.005 0.0082 0.0011)
(0.005 0.0083 0.0011)
(0.005 0.0084 0.0011)
(0.005 0.0085 0.0011)
(0.005 0.0086 0.0011)
(0.005 0.0087 0.0011)
(0.005 0.0088 0.0011)
(0.005 0.0089 0.0011)
(0.005 0.009 0.0011)
(0.005 0.0071 0.0012)
(0.005 0.0072 0.0012)
(0.005 0.0073 0.0012)
(0.005 0.0074 0.0012)
(0.005 0.0075 0.0012)
(0.005 0.0076 0.0012)
(0.005 0.0077 0.0012)
(0.005 0.0078 0.0012)
(0.005 0.0079 0.0012)
(0.005 0.008 0.0012)
(0.005 0.0081 0.0012)
(0.005 0.0082 0.0012)
(0.005 0.0083 0.0012)
(0.005 0.0084 0.0012)
(0.005 0.0085 0.0012)
(0.005 0.0086 0.0012)
(0.005 0.0087 0.0012)
(0.005 0.0088 0.0012)
(0.005 0.0089 0.0012)
(0.005 0.009 0.0012)
(0.005 0.0071 0.0013)
(0.005 0.0072 0.0013)
(0.005 0.0073 0.0013)
(0.005 0.0074 0.0013)
(0.005 0.0075 0.0013)
(0.005 0.0076 0.0013)
(0.005 0.0077 0.0013)
(0.005 0.0078 0.0013)
(0.005 0.0079 0.0013)
(0.005 0.008 0.0013)
(0.005 0.0081 0.0013)
(0.005 0.0082 0.0013)
(0.005 0.0083 0.0013)
(0.005 0.0084 0.0013)
(0.005 0.0085 0.0013)
(0.005 0.0086 0.0013)
(0.005 0.0087 0.0013)
(0.005 0.0088 0.0013)
(0.005 0.0089 0.0013)
(0.005 0.009 0.0013)
(0.005 0.0071 0.0014)
(0.005 0.0072 0.0014)
(0.005 0.0073 0.0014)
(0.005 0.0074 0.0014)
(0.005 0.0075 0.0014)
(0.005 0.0076 0.0014)
(0.005 0.0077 0.0014)
(0.005 0.0078 0.0014)
(0.005 0.0079 0.0014)
(0.005 0.008 0.0014)
(0.005 0.0081 0.0014)
(0.005 0.0082 0.0014)
(0.005 0.0083 0.0014)
(0.005 0.0084 0.0014)
(0.005 0.0085 0.0014)
(0.005 0.0086 0.0014)
(0.005 0.0087 0.0014)
(0.005 0.0088 0.0014)
(0.005 0.0089 0.0014)
(0.005 0.009 0.0014)
(0.005 0.0071 0.0015)
(0.005 0.0072 0.0015)
(0.005 0.0073 0.0015)
(0.005 0.0074 0.0015)
(0.005 0.0075 0.0015)
(0.005 0.0076 0.0015)
(0.005 0.0077 0.0015)
(0.005 0.0078 0.0015)
(0.005 0.0079 0.0015)
(0.005 0.008 0.0015)
(0.005 0.0081 0.0015)
(0.005 0.0082 0.0015)
(0.005 0.0083 0.0015)
(0.005 0.0084 0.0015)
(0.005 0.0085 0.0015)
(0.005 0.0086 0.0015)
(0.005 0.0087 0.0015)
(0.005 0.0088 0.0015)
(0.005 0.0089 0.0015)
(0.005 0.009 0.0015)
(0.005 0.0071 0.0016)
(0.005 0.0072 0.0016)
(0.005 0.0073 0.0016)
(0.005 0.0074 0.0016)
(0.005 0.0075 0.0016)
(0.005 0.0076 0.0016)
(0.005 0.0077 0.0016)
(0.005 0.0078 0.0016)
(0.005 0.0079 0.0016)
(0.005 0.008 0.0016)
(0.005 0.0081 0.0016)
(0.005 0.0082 0.0016)
(0.005 0.0083 0.0016)
(0.005 0.0084 0.0016)
(0.005 0.0085 0.0016)
(0.005 0.0086 0.0016)
(0.005 0.0087 0.0016)
(0.005 0.0088 0.0016)
(0.005 0.0089 0.0016)
(0.005 0.009 0.0016)
(0.005 0.0071 0.0017)
(0.005 0.0072 0.0017)
(0.005 0.0073 0.0017)
(0.005 0.0074 0.0017)
(0.005 0.0075 0.0017)
(0.005 0.0076 0.0017)
(0.005 0.0077 0.0017)
(0.005 0.0078 0.0017)
(0.005 0.0079 0.0017)
(0.005 0.008 0.0017)
(0.005 0.0081 0.0017)
(0.005 0.0082 0.0017)
(0.005 0.0083 0.0017)
(0.005 0.0084 0.0017)
(0.005 0.0085 0.0017)
(0.005 0.0086 0.0017)
(0.005 0.0087 0.0017)
(0.005 0.0088 0.0017)
(0.005 0.0089 0.0017)
(0.005 0.009 0.0017)
(0.005 0.0071 0.0018)
(0.005 0.0072 0.0018)
(0.005 0.0073 0.0018)
(0.005 0.0074 0.0018)
(0.005 0.0075 0.0018)
(0.005 0.0076 0.0018)
(0.005 0.0077 0.0018)
(0.005 0.0078 0.0018)
(0.005 0.0079 0.0018)
(0.005 0.008 0.0018)
(0.005 0.0081 0.0018)
(0.005 0.0082 0.0018)
(0.005 0.0083 0.0018)
(0.005 0.0084 0.0018)
(0.005 0.0085 0.0018)
(0.005 0.0086 0.0018)
(0.005 0.0087 0.0018)
(0.005 0.0088 0.0018)
(0.005 0.0089 0.0018)
(0.005 0.009 0.0018)
(0.005 0.0071 0.0019)
(0.005 0.0072 0.0019)
(0.005 0.0073 0.0019)
(0.005 0.0074 0.0019)
(0.005 0.0075 0.0019)
(0.005 0.0076 0.0019)
(0.005 0.0077 0.0019)
(0.005 0.0078 0.0019)
(0.005 0.0079 0.0019)
(0.005 0.008 0.0019)
(0.005 0.0081 0.0019)
(0.005 0.0082 0.0019)
(0.005 0.0083 0.0019)
(0.005 0.0084 0.0019)
(0.005 0.0085 0.0019)
(0.005 0.0086 0.0019)
(0.005 0.0087 0.0019)
(0.005 0.0088 0.0019)
(0.005 0.0089 0.0019)
(0.005 0.009 0.0019)
(0.005 0.0071 0.002)
(0.005 0.0072 0.002)
(0.005 0.0073 0.002)
(0.005 0.0074 0.002)
(0.005 0.0075 0.002)
(0.005 0.0076 0.002)
(0.005 0.0077 0.002)
(0.005 0.0078 0.002)
(0.005 0.0079 0.002)
(0.005 0.008 0.002)
(0.005 0.0081 0.002)
(0.005 0.0082 0.002)
(0.005 0.0083 0.002)
(0.005 0.0084 0.002)
(0.005 0.0085 0.002)
(0.005 0.0086 0.002)
(0.005 0.0087 0.002)
(0.005 0.0088 0.002)
(0.005 0.0089 0.002)
(0.005 0.009 0.002)
(0.005 0.0071 0.0021)
(0.005 0.0072 0.0021)
(0.005 0.0073 0.0021)
(0.005 0.0074 0.0021)
(0.005 0.0075 0.0021)
(0.005 0.0076 0.0021)
(0.005 0.0077 0.0021)
(0.005 0.0078 0.0021)
(0.005 0.0079 0.0021)
(0.005 0.008 0.0021)
(0.005 0.0081 0.0021)
(0.005 0.0082 0.0021)
(0.005 0.0083 0.0021)
(0.005 0.0084 0.0021)
(0.005 0.0085 0.0021)
(0.005 0.0086 0.0021)
(0.005 0.0087 0.0021)
(0.005 0.0088 0.0021)
(0.005 0.0089 0.0021)
(0.005 0.009 0.0021)
(0.005 0.0071 0.0022)
(0.005 0.0072 0.0022)
(0.005 0.0073 0.0022)
(0.005 0.0074 0.0022)
(0.005 0.0075 0.0022)
(0.005 0.0076 0.0022)
(0.005 0.0077 0.0022)
(0.005 0.0078 0.0022)
(0.005 0.0079 0.0022)
(0.005 0.008 0.0022)
(0.005 0.0081 0.0022)
(0.005 0.0082 0.0022)
(0.005 0.0083 0.0022)
(0.005 0.0084 0.0022)
(0.005 0.0085 0.0022)
(0.005 0.0086 0.0022)
(0.005 0.0087 0.0022)
(0.005 0.0088 0.0022)
(0.005 0.0089 0.0022)
(0.005 0.009 0.0022)
(0.005 0.0071 0.0023)
(0.005 0.0072 0.0023)
(0.005 0.0073 0.0023)
(0.005 0.0074 0.0023)
(0.005 0.0075 0.0023)
(0.005 0.0076 0.0023)
(0.005 0.0077 0.0023)
(0.005 0.0078 0.0023)
(0.005 0.0079 0.0023)
(0.005 0.008 0.0023)
(0.005 0.0081 0.0023)
(0.005 0.0082 0.0023)
(0.005 0.0083 0.0023)
(0.005 0.0084 0.0023)
(0.005 0.0085 0.0023)
(0.005 0.0086 0.0023)
(0.005 0.0087 0.0023)
(0.005 0.0088 0.0023)
(0.005 0.0089 0.0023)
(0.005 0.009 0.0023)
(0.005 0.0071 0.0024)
(0.005 0.0072 0.0024)
(0.005 0.0073 0.0024)
(0.005 0.0074 0.0024)
(0.005 0.0075 0.0024)
(0.005 0.0076 0.0024)
(0.005 0.0077 0.0024)
(0.005 0.0078 0.0024)
(0.005 0.0079 0.0024)
(0.005 0.008 0.0024)
(0.005 0.0081 0.0024)
(0.005 0.0082 0.0024)
(0.005 0.0083 0.0024)
(0.005 0.0084 0.0024)
(0.005 0.0085 0.0024)
(0.005 0.0086 0.0024)
(0.005 0.0087 0.0024)
(0.005 0.0088 0.0024)
(0.005 0.0089 0.0024)
(0.005 0.009 0.0024)
(0.005 0.0071 0.0025)
(0.005 0.0072 0.0025)
(0.005 0.0073 0.0025)
(0.005 0.0074 0.0025)
(0.005 0.0075 0.0025)
(0.005 0.0076 0.0025)
(0.005 0.0077 0.0025)
(0.005 0.0078 0.0025)
(0.005 0.0079 0.0025)
(0.005 0.008 0.0025)
(0.005 0.0081 0.0025)
(0.005 0.0082 0.0025)
(0.005 0.0083 0.0025)
(0.005 0.0084 0.0025)
(0.005 0.0085 0.0025)
(0.005 0.0086 0.0025)
(0.005 0.0087 0.0025)
(0.005 0.0088 0.0025)
(0.005 0.0089 0.0025)
(0.005 0.009 0.0025)
(0.005 0.0071 0.0026)
(0.005 0.0072 0.0026)
(0.005 0.0073 0.0026)
(0.005 0.0074 0.0026)
(0.005 0.0075 0.0026)
(0.005 0.0076 0.0026)
(0.005 0.0077 0.0026)
(0.005 0.0078 0.0026)
(0.005 0.0079 0.0026)
(0.005 0.008 0.0026)
(0.005 0.0081 0.0026)
(0.005 0.0082 0.0026)
(0.005 0.0083 0.0026)
(0.005 0.0084 0.0026)
(0.005 0.0085 0.0026)
(0.005 0.0086 0.0026)
(0.005 0.0087 0.0026)
(0.005 0.0088 0.0026)
(0.005 0.0089 0.0026)
(0.005 0.009 0.0026)
(0.005 0.0071 0.0027)
(0.005 0.0072 0.0027)
(0.005 0.0073 0.0027)
(0.005 0.0074 0.0027)
(0.005 0.0075 0.0027)
(0.005 0.0076 0.0027)
(0.005 0.0077 0.0027)
(0.005 0.0078 0.0027)
(0.005 0.0079 0.0027)
(0.005 0.008 0.0027)
(0.005 0.0081 0.0027)
(0.005 0.0082 0.0027)
(0.005 0.0083 0.0027)
(0.005 0.0084 0.0027)
(0.005 0.0085 0.0027)
(0.005 0.0086 0.0027)
(0.005 0.0087 0.0027)
(0.005 0.0088 0.0027)
(0.005 0.0089 0.0027)
(0.005 0.009 0.0027)
(0.005 0.0071 0.0028)
(0.005 0.0072 0.0028)
(0.005 0.0073 0.0028)
(0.005 0.0074 0.0028)
(0.005 0.0075 0.0028)
(0.005 0.0076 0.0028)
(0.005 0.0077 0.0028)
(0.005 0.0078 0.0028)
(0.005 0.0079 0.0028)
(0.005 0.008 0.0028)
(0.005 0.0081 0.0028)
(0.005 0.0082 0.0028)
(0.005 0.0083 0.0028)
(0.005 0.0084 0.0028)
(0.005 0.0085 0.0028)
(0.005 0.0086 0.0028)
(0.005 0.0087 0.0028)
(0.005 0.0088 0.0028)
(0.005 0.0089 0.0028)
(0.005 0.009 0.0028)
(0.005 0.0071 0.0029)
(0.005 0.0072 0.0029)
(0.005 0.0073 0.0029)
(0.005 0.0074 0.0029)
(0.005 0.0075 0.0029)
(0.005 0.0076 0.0029)
(0.005 0.0077 0.0029)
(0.005 0.0078 0.0029)
(0.005 0.0079 0.0029)
(0.005 0.008 0.0029)
(0.005 0.0081 0.0029)
(0.005 0.0082 0.0029)
(0.005 0.0083 0.0029)
(0.005 0.0084 0.0029)
(0.005 0.0085 0.0029)
(0.005 0.0086 0.0029)
(0.005 0.0087 0.0029)
(0.005 0.0088 0.0029)
(0.005 0.0089 0.0029)
(0.005 0.009 0.0029)
(0.005 0.0071 0.003)
(0.005 0.0072 0.003)
(0.005 0.0073 0.003)
(0.005 0.0074 0.003)
(0.005 0.0075 0.003)
(0.005 0.0076 0.003)
(0.005 0.0077 0.003)
(0.005 0.0078 0.003)
(0.005 0.0079 0.003)
(0.005 0.008 0.003)
(0.005 0.0081 0.003)
(0.005 0.0082 0.003)
(0.005 0.0083 0.003)
(0.005 0.0084 0.003)
(0.005 0.0085 0.003)
(0.005 0.0086 0.003)
(0.005 0.0087 0.003)
(0.005 0.0088 0.003)
(0.005 0.0089 0.003)
(0.005 0.009 0.003)
(0.0066666667 0.0071 0.0011)
(0.0066666667 0.0072 0.0011)
(0.0066666667 0.0073 0.0011)
(0.0066666667 0.0074 0.0011)
(0.0066666667 0.0075 0.0011)
(0.0066666667 0.0076 0.0011)
(0.0066666667 0.0077 0.0011)
(0.0066666667 0.0078 0.0011)
(0.0066666667 0.0079 0.0011)
(0.0066666667 0.008 0.0011)
(0.0066666667 0.0081 0.0011)
(0.0066666667 0.0082 0.0011)
(0.0066666667 0.0083 0.0011)
(0.0066666667 0.0084 0.0011)
(0.0066666667 0.0085 0.0011)
(0.0066666667 0.0086 0.0011)
(0.0066666667 0.0087 0.0011)
(0.0066666667 0.0088 0.0011)
(0.0066666667 0.0089 0.0011)
(0.0066666667 0.009 0.0011)
(0.0066666667 0.0071 0.0012)
(0.0066666667 0.0072 0.0012)
(0.0066666667 0.0073 0.0012)
(0.0066666667 0.0074 0.0012)
(0.0066666667 0.0075 0.0012)
(0.0066666667 0.0076 0.0012)
(0.0066666667 0.0077 0.0012)
(0.0066666667 0.0078 0.0012)
(0.0066666667 0.0079 0.0012)
(0.0066666667 0.008 0.0012)
(0.0066666667 0.0081 0.0012)
(0.0066666667 0.0082 0.0012)
(0.0066666667 0.0083 0.0012)
(0.0066666667 0.0084 0.0012)
(0.0066666667 0.0085 0.0012)
(0.0066666667 0.0086 0.0012)
(0.0066666667 0.0087 0.0012)
(0.0066666667 0.0088 0.0012)
(0.0066666667 0.0089 0.0012)
(0.0066666667 0.009 0.0012)
(0.0066666667 0.0071 0.0013)
(0.0066666667 0.0072 0.0013)
(0.0066666667 0.0073 0.0013)
(0.0066666667 0.0074 0.0013)
(0.0066666667 0.0075 0.0013)
(0.0066666667 0.0076 0.0013)
(0.0066666667 0.0077 0.0013)
(0.0066666667 0.0078 0.0013)
(0.0066666667 0.0079 0.0013)
(0.0066666667 0.008 0.0013)
(0.0066666667 0.0081 0.0013)
(0.0066666667 0.0082 0.0013)
(0.0066666667 0.0083 0.0013)
(0.0066666667 0.0084 0.0013)
(0.0066666667 0.0085 0.0013)
(0.0066666667 0.0086 0.0013)
(0.0066666667 0.0087 0.0013)
(0.0066666667 0.0088 0.0013)
(0.0066666667 0.0089 0.0013)
(0.0066666667 0.009 0.0013)
(0.0066666667 0.0071 0.0014)
(0.0066666667 0.0072 0.0014)
(0.0066666667 0.0073 0.0014)
(0.0066666667 0.0074 0.0014)
(0.0066666667 0.0075 0.0014)
(0.0066666667 0.0076 0.0014)
(0.0066666667 0.0077 0.0014)
(0.0066666667 0.0078 0.0014)
(0.0066666667 0.0079 0.0014)
(0.0066666667 0.008 0.0014)
(0.0066666667 0.0081 0.0014)
(0.0066666667 0.0082 0.0014)
(0.0066666667 0.0083 0.0014)
(0.0066666667 0.0084 0.0014)
(0.0066666667 0.0085 0.0014)
(0.0066666667 0.0086 0.0014)
(0.0066666667 0.0087 0.0014)
(0.0066666667 0.0088 0.0014)
(0.0066666667 0.0089 0.0014)
(0.0066666667 0.009 0.0014)
(0.0066666667 0.0071 0.0015)
(0.0066666667 0.0072 0.0015)
(0.0066666667 0.0073 0.0015)
(0.0066666667 0.0074 0.0015)
(0.0066666667 0.0075 0.0015)
(0.0066666667 0.0076 0.0015)
(0.0066666667 0.0077 0.0015)
(0.0066666667 0.0078 0.0015)
(0.0066666667 0.0079 0.0015)
(0.0066666667 0.008 0.0015)
(0.0066666667 0.0081 0.0015)
(0.0066666667 0.0082 0.0015)
(0.0066666667 0.0083 0.0015)
(0.0066666667 0.0084 0.0015)
(0.0066666667 0.0085 0.0015)
(0.0066666667 0.0086 0.0015)
(0.0066666667 0.0087 0.0015)
(0.0066666667 0.0088 0.0015)
(0.0066666667 0.0089 0.0015)
(0.0066666667 0.009 0.0015)
(0.0066666667 0.0071 0.0016)
(0.0066666667 0.0072 0.0016)
(0.0066666667 0.0073 0.0016)
(0.0066666667 0.0074 0.0016)
(0.0066666667 0.0075 0.0016)
(0.0066666667 0.0076 0.0016)
(0.0066666667 0.0077 0.0016)
(0.0066666667 0.0078 0.0016)
(0.0066666667 0.0079 0.0016)
(0.0066666667 0.008 0.0016)
(0.0066666667 0.0081 0.0016)
(0.0066666667 0.0082 0.0016)
(0.0066666667 0.0083 0.0016)
(0.0066666667 0.0084 0.0016)
(0.0066666667 0.0085 0.0016)
(0.0066666667 0.0086 0.0016)
(0.0066666667 0.0087 0.0016)
(0.0066666667 0.0088 0.0016)
(0.0066666667 0.0089 0.0016)
(0.0066666667 0.009 0.0016)
(0.0066666667 0.0071 0.0017)
(0.0066666667 0.0072 0.0017)
(0.0066666667 0.0073 0.0017)
(0.0066666667 0.0074 0.0017)
(0.0066666667 0.0075 0.0017)
(0.0066666667 0.0076 0.0017)
(0.0066666667 0.0077 0.0017)
(0.0066666667 0.0078 0.0017)
(0.0066666667 0.0079 0.0017)
(0.0066666667 0.008 0.0017)
(0.0066666667 0.0081 0.0017)
(0.0066666667 0.0082 0.0017)
(0.0066666667 0.0083 0.0017)
(0.0066666667 0.0084 0.0017)
(0.0066666667 0.0085 0.0017)
(0.0066666667 0.0086 0.0017)
(0.0066666667 0.0087 0.0017)
(0.0066666667 0.0088 0.0017)
(0.0066666667 0.0089 0.0017)
(0.0066666667 0.009 0.0017)
(0.0066666667 0.0071 0.0018)
(0.0066666667 0.0072 0.0018)
(0.0066666667 0.0073 0.0018)
(0.0066666667 0.0074 0.0018)
(0.0066666667 0.0075 0.0018)
(0.0066666667 0.0076 0.0018)
(0.0066666667 0.0077 0.0018)
(0.0066666667 0.0078 0.0018)
(0.0066666667 0.0079 0.0018)
(0.0066666667 0.008 0.0018)
(0.0066666667 0.0081 0.0018)
(0.0066666667 0.0082 0.0018)
(0.0066666667 0.0083 0.0018)
(0.0066666667 0.0084 0.0018)
(0.0066666667 0.0085 0.0018)
(0.0066666667 0.0086 0.0018)
(0.0066666667 0.0087 0.0018)
(0.0066666667 0.0088 0.0018)
(0.0066666667 0.0089 0.0018)
(0.0066666667 0.009 0.0018)
(0.0066666667 0.0071 0.0019)
(0.0066666667 0.0072 0.0019)
(0.0066666667 0.0073 0.0019)
(0.0066666667 0.0074 0.0019)
(0.0066666667 0.0075 0.0019)
(0.0066666667 0.0076 0.0019)
(0.0066666667 0.0077 0.0019)
(0.0066666667 0.0078 0.0019)
(0.0066666667 0.0079 0.0019)
(0.0066666667 0.008 0.0019)
(0.0066666667 0.0081 0.0019)
(0.0066666667 0.0082 0.0019)
(0.0066666667 0.0083 0.0019)
(0.0066666667 0.0084 0.0019)
(0.0066666667 0.0085 0.0019)
(0.0066666667 0.0086 0.0019)
(0.0066666667 0.0087 0.0019)
(0.0066666667 0.0088 0.0019)
(0.0066666667 0.0089 0.0019)
(0.0066666667 0.009 0.0019)
(0.0066666667 0.0071 0.002)
(0.0066666667 0.0072 0.002)
(0.0066666667 0.0073 0.002)
(0.0066666667 0.0074 0.002)
(0.0066666667 0.0075 0.002)
(0.0066666667 0.0076 0.002)
(0.0066666667 0.0077 0.002)
(0.0066666667 0.0078 0.002)
(0.0066666667 0.0079 0.002)
(0.0066666667 0.008 0.002)
(0.0066666667 0.0081 0.002)
(0.0066666667 0.0082 0.002)
(0.0066666667 0.0083 0.002)
(0.0066666667 0.0084 0.002)
(0.0066666667 0.0085 0.002)
(0.0066666667 0.0086 0.002)
(0.0066666667 0.0087 0.002)
(0.0066666667 0.0088 0.002)
(0.0066666667 0.0089 0.002)
(0.0066666667 0.009 0.002)
(0.0066666667 0.0071 0.0021)
(0.0066666667 0.0072 0.0021)
(0.0066666667 0.0073 0.0021)
(0.0066666667 0.0074 0.0021)
(0.0066666667 0.0075 0.0021)
(0.0066666667 0.0076 0.0021)
(0.0066666667 0.0077 0.0021)
(0.0066666667 0.0078 0.0021)
(0.0066666667 0.0079 0.0021)
(0.0066666667 0.008 0.0021)
(0.0066666667 0.0081 0.0021)
(0.0066666667 0.0082 0.0021)
(0.0066666667 0.0083 0.0021)
(0.0066666667 0.0084 0.0021)
(0.0066666667 0.0085 0.0021)
(0.0066666667 0.0086 0.0021)
(0.0066666667 0.0087 0.0021)
(0.0066666667 0.0088 0.0021)
(0.0066666667 0.0089 0.0021)
(0.0066666667 0.009 0.0021)
(0.0066666667 0.0071 0.0022)
(0.0066666667 0.0072 0.0022)
(0.0066666667 0.0073 0.0022)
(0.0066666667 0.0074 0.0022)
(0.0066666667 0.0075 0.0022)
(0.0066666667 0.0076 0.0022)
(0.0066666667 0.0077 0.0022)
(0.0066666667 0.0078 0.0022)
(0.0066666667 0.0079 0.0022)
(0.0066666667 0.008 0.0022)
(0.0066666667 0.0081 0.0022)
(0.0066666667 0.0082 0.0022)
(0.0066666667 0.0083 0.0022)
(0.0066666667 0.0084 0.0022)
(0.0066666667 0.0085 0.0022)
(0.0066666667 0.0086 0.0022)
(0.0066666667 0.0087 0.0022)
(0.0066666667 0.0088 0.0022)
(0.0066666667 0.0089 0.0022)
(0.0066666667 0.009 0.0022)
(0.0066666667 0.0071 0.0023)
(0.0066666667 0.0072 0.0023)
(0.0066666667 0.0073 0.0023)
(0.0066666667 0.0074 0.0023)
(0.0066666667 0.0075 0.0023)
(0.0066666667 0.0076 0.0023)
(0.0066666667 0.0077 0.0023)
(0.0066666667 0.0078 0.0023)
(0.0066666667 0.0079 0.0023)
(0.0066666667 0.008 0.0023)
(0.0066666667 0.0081 0.0023)
(0.0066666667 0.0082 0.0023)
(0.0066666667 0.0083 0.0023)
(0.0066666667 0.0084 0.0023)
(0.0066666667 0.0085 0.0023)
(0.0066666667 0.0086 0.0023)
(0.0066666667 0.0087 0.0023)
(0.0066666667 0.0088 0.0023)
(0.0066666667 0.0089 0.0023)
(0.0066666667 0.009 0.0023)
(0.0066666667 0.0071 0.0024)
(0.0066666667 0.0072 0.0024)
(0.0066666667 0.0073 0.0024)
(0.0066666667 0.0074 0.0024)
(0.0066666667 0.0075 0.0024)
(0.0066666667 0.0076 0.0024)
(0.0066666667 0.0077 0.0024)
(0.0066666667 0.0078 0.0024)
(0.0066666667 0.0079 0.0024)
(0.0066666667 0.008 0.0024)
(0.0066666667 0.0081 0.0024)
(0.0066666667 0.0082 0.0024)
(0.0066666667 0.0083 0.0024)
(0.0066666667 0.0084 0.0024)
(0.0066666667 0.0085 0.0024)
(0.0066666667 0.0086 0.0024)
(0.0066666667 0.0087 0.0024)
(0.0066666667 0.0088 0.0024)
(0.0066666667 0.0089 0.0024)
(0.0066666667 0.009 0.0024)
(0.0066666667 0.0071 0.0025)
(0.0066666667 0.0072 0.0025)
(0.0066666667 0.0073 0.0025)
(0.0066666667 0.0074 0.0025)
(0.0066666667 0.0075 0.0025)
(0.0066666667 0.0076 0.0025)
(0.0066666667 0.0077 0.0025)
(0.0066666667 0.0078 0.0025)
(0.0066666667 0.0079 0.0025)
(0.0066666667 0.008 0.0025)
(0.0066666667 0.0081 0.0025)
(0.0066666667 0.0082 0.0025)
(0.0066666667 0.0083 0.0025)
(0.0066666667 0.0084 0.0025)
(0.0066666667 0.0085 0.0025)
(0.0066666667 0.0086 0.0025)
(0.0066666667 0.0087 0.0025)
(0.0066666667 0.0088 0.0025)
(0.0066666667 0.0089 0.0025)
(0.0066666667 0.009 0.0025)
(0.0066666667 0.0071 0.0026)
(0.0066666667 0.0072 0.0026)
(0.0066666667 0.0073 0.0026)
(0.0066666667 0.0074 0.0026)
(0.0066666667 0.0075 0.0026)
(0.0066666667 0.0076 0.0026)
(0.0066666667 0.0077 0.0026)
(0.0066666667 0.0078 0.0026)
(0.0066666667 0.0079 0.0026)
(0.0066666667 0.008 0.0026)
(0.0066666667 0.0081 0.0026)
(0.0066666667 0.0082 0.0026)
(0.0066666667 0.0083 0.0026)
(0.0066666667 0.0084 0.0026)
(0.0066666667 0.0085 0.0026)
(0.0066666667 0.0086 0.0026)
(0.0066666667 0.0087 0.0026)
(0.0066666667 0.0088 0.0026)
(0.0066666667 0.0089 0.0026)
(0.0066666667 0.009 0.0026)
(0.0066666667 0.0071 0.0027)
(0.0066666667 0.0072 0.0027)
(0.0066666667 0.0073 0.0027)
(0.0066666667 0.0074 0.0027)
(0.0066666667 0.0075 0.0027)
(0.0066666667 0.0076 0.0027)
(0.0066666667 0.0077 0.0027)
(0.0066666667 0.0078 0.0027)
(0.0066666667 0.0079 0.0027)
(0.0066666667 0.008 0.0027)
(0.0066666667 0.0081 0.0027)
(0.0066666667 0.0082 0.0027)
(0.0066666667 0.0083 0.0027)
(0.0066666667 0.0084 0.0027)
(0.0066666667 0.0085 0.0027)
(0.0066666667 0.0086 0.0027)
(0.0066666667 0.0087 0.0027)
(0.0066666667 0.0088 0.0027)
(0.0066666667 0.0089 0.0027)
(0.0066666667 0.009 0.0027)
(0.0066666667 0.0071 0.0028)
(0.0066666667 0.0072 0.0028)
(0.0066666667 0.0073 0.0028)
(0.0066666667 0.0074 0.0028)
(0.0066666667 0.0075 0.0028)
(0.0066666667 0.0076 0.0028)
(0.0066666667 0.0077 0.0028)
(0.0066666667 0.0078 0.0028)
(0.0066666667 0.0079 0.0028)
(0.0066666667 0.008 0.0028)
(0.0066666667 0.0081 0.0028)
(0.0066666667 0.0082 0.0028)
(0.0066666667 0.0083 0.0028)
(0.0066666667 0.0084 0.0028)
(0.0066666667 0.0085 0.0028)
(0.0066666667 0.0086 0.0028)
(0.0066666667 0.0087 0.0028)
(0.0066666667 0.0088 0.0028)
(0.0066666667 0.0089 0.0028)
(0.0066666667 0.009 0.0028)
(0.0066666667 0.0071 0.0029)
(0.0066666667 0.0072 0.0029)
(0.0066666667 0.0073 0.0029)
(0.0066666667 0.0074 0.0029)
(0.0066666667 0.0075 0.0029)
(0.0066666667 0.0076 0.0029)
(0.0066666667 0.0077 0.0029)
(0.0066666667 0.0078 0.0029)
(0.0066666667 0.0079 0.0029)
(0.0066666667 0.008 0.0029)
(0.0066666667 0.0081 0.0029)
(0.0066666667 0.0082 0.0029)
(0.0066666667 0.0083 0.0029)
(0.0066666667 0.0084 0.0029)
(0.0066666667 0.0085 0.0029)
(0.0066666667 0.0086 0.0029)
(0.0066666667 0.0087 0.0029)
(0.0066666667 0.0088 0.0029)
(0.0066666667 0.0089 0.0029)
(0.0066666667 0.009 0.0029)
(0.0066666667 0.0071 0.003)
(0.0066666667 0.0072 0.003)
(0.0066666667 0.0073 0.003)
(0.0066666667 0.0074 0.003)
(0.0066666667 0.0075 0.003)
(0.0066666667 0.0076 0.003)
(0.0066666667 0.0077 0.003)
(0.0066666667 0.0078 0.003)
(0.0066666667 0.0079 0.003)
(0.0066666667 0.008 0.003)
(0.0066666667 0.0081 0.003)
(0.0066666667 0.0082 0.003)
(0.0066666667 0.0083 0.003)
(0.0066666667 0.0084 0.003)
(0.0066666667 0.0085 0.003)
(0.0066666667 0.0086 0.003)
(0.0066666667 0.0087 0.003)
(0.0066666667 0.0088 0.003)
(0.0066666667 0.0089 0.003)
(0.0066666667 0.009 0.003)
(0.0083333333 0.0071 0.0011)
(0.0083333333 0.0072 0.0011)
(0.0083333333 0.0073 0.0011)
(0.0083333333 0.0074 0.0011)
(0.0083333333 0.0075 0.0011)
(0.0083333333 0.0076 0.0011)
(0.0083333333 0.0077 0.0011)
(0.0083333333 0.0078 0.0011)
(0.0083333333 0.0079 0.0011)
(0.0083333333 0.008 0.0011)
(0.0083333333 0.0081 0.0011)
(0.0083333333 0.0082 0.0011)
(0.0083333333 0.0083 0.0011)
(0.0083333333 0.0084 0.0011)
(0.0083333333 0.0085 0.0011)
(0.0083333333 0.0086 0.0011)
(0.0083333333 0.0087 0.0011)
(0.0083333333 0.0088 0.0011)
(0.0083333333 0.0089 0.0011)
(0.0083333333 0.009 0.0011)
(0.0083333333 0.0071 0.0012)
(0.0083333333 0.0072 0.0012)
(0.0083333333 0.0073 0.0012)
(0.0083333333 0.0074 0.0012)
(0.0083333333 0.0075 0.0012)
(0.0083333333 0.0076 0.0012)
(0.0083333333 0.0077 0.0012)
(0.0083333333 0.0078 0.0012)
(0.0083333333 0.0079 0.0012)
(0.0083333333 0.008 0.0012)
(0.0083333333 0.0081 0.0012)
(0.0083333333 0.0082 0.0012)
(0.0083333333 0.0083 0.0012)
(0.0083333333 0.0084 0.0012)
(0.0083333333 0.0085 0.0012)
(0.0083333333 0.0086 0.0012)
(0.0083333333 0.0087 0.0012)
(0.0083333333 0.0088 0.0012)
(0.0083333333 0.0089 0.0012)
(0.0083333333 0.009 0.0012)
(0.0083333333 0.0071 0.0013)
(0.0083333333 0.0072 0.0013)
(0.0083333333 0.0073 0.0013)
(0.0083333333 0.0074 0.0013)
(0.0083333333 0.0075 0.0013)
(0.0083333333 0.0076 0.0013)
(0.0083333333 0.0077 0.0013)
(0.0083333333 0.0078 0.0013)
(0.0083333333 0.0079 0.0013)
(0.0083333333 0.008 0.0013)
(0.0083333333 0.0081 0.0013)
(0.0083333333 0.0082 0.0013)
(0.0083333333 0.0083 0.0013)
(0.0083333333 0.0084 0.0013)
(0.0083333333 0.0085 0.0013)
(0.0083333333 0.0086 0.0013)
(0.0083333333 0.0087 0.0013)
(0.0083333333 0.0088 0.0013)
(0.0083333333 0.0089 0.0013)
(0.0083333333 0.009 0.0013)
(0.0083333333 0.0071 0.0014)
(0.0083333333 0.0072 0.0014)
(0.0083333333 0.0073 0.0014)
(0.0083333333 0.0074 0.0014)
(0.0083333333 0.0075 0.0014)
(0.0083333333 0.0076 0.0014)
(0.0083333333 0.0077 0.0014)
(0.0083333333 0.0078 0.0014)
(0.0083333333 0.0079 0.0014)
(0.0083333333 0.008 0.0014)
(0.0083333333 0.0081 0.0014)
(0.0083333333 0.0082 0.0014)
(0.0083333333 0.0083 0.0014)
(0.0083333333 0.0084 0.0014)
(0.0083333333 0.0085 0.0014)
(0.0083333333 0.0086 0.0014)
(0.0083333333 0.0087 0.0014)
(0.0083333333 0.0088 0.0014)
(0.0083333333 0.0089 0.0014)
(0.0083333333 0.009 0.0014)
(0.0083333333 0.0071 0.0015)
(0.0083333333 0.0072 0.0015)
(0.0083333333 0.0073 0.0015)
(0.0083333333 0.0074 0.0015)
(0.0083333333 0.0075 0.0015)
(0.0083333333 0.0076 0.0015)
(0.0083333333 0.0077 0.0015)
(0.0083333333 0.0078 0.0015)
(0.0083333333 0.0079 0.0015)
(0.0083333333 0.008 0.0015)
(0.0083333333 0.0081 0.0015)
(0.0083333333 0.0082 0.0015)
(0.0083333333 0.0083 0.0015)
(0.0083333333 0.0084 0.0015)
(0.0083333333 0.0085 0.0015)
(0.0083333333 0.0086 0.0015)
(0.0083333333 0.0087 0.0015)
(0.0083333333 0.0088 0.0015)
(0.0083333333 0.0089 0.0015)
(0.0083333333 0.009 0.0015)
(0.0083333333 0.0071 0.0016)
(0.0083333333 0.0072 0.0016)
(0.0083333333 0.0073 0.0016)
(0.0083333333 0.0074 0.0016)
(0.0083333333 0.0075 0.0016)
(0.0083333333 0.0076 0.0016)
(0.0083333333 0.0077 0.0016)
(0.0083333333 0.0078 0.0016)
(0.0083333333 0.0079 0.0016)
(0.0083333333 0.008 0.0016)
(0.0083333333 0.0081 0.0016)
(0.0083333333 0.0082 0.0016)
(0.0083333333 0.0083 0.0016)
(0.0083333333 0.0084 0.0016)
(0.0083333333 0.0085 0.0016)
(0.0083333333 0.0086 0.0016)
(0.0083333333 0.0087 0.0016)
(0.0083333333 0.0088 0.0016)
(0.0083333333 0.0089 0.0016)
(0.0083333333 0.009 0.0016)
(0.0083333333 0.0071 0.0017)
(0.0083333333 0.0072 0.0017)
(0.0083333333 0.0073 0.0017)
(0.0083333333 0.0074 0.0017)
(0.0083333333 0.0075 0.0017)
(0.0083333333 0.0076 0.0017)
(0.0083333333 0.0077 0.0017)
(0.0083333333 0.0078 0.0017)
(0.0083333333 0.0079 0.0017)
(0.0083333333 0.008 0.0017)
(0.0083333333 0.0081 0.0017)
(0.0083333333 0.0082 0.0017)
(0.0083333333 0.0083 0.0017)
(0.0083333333 0.0084 0.0017)
(0.0083333333 0.0085 0.0017)
(0.0083333333 0.0086 0.0017)
(0.0083333333 0.0087 0.0017)
(0.0083333333 0.0088 0.0017)
(0.0083333333 0.0089 0.0017)
(0.0083333333 0.009 0.0017)
(0.0083333333 0.0071 0.0018)
(0.0083333333 0.0072 0.0018)
(0.0083333333 0.0073 0.0018)
(0.0083333333 0.0074 0.0018)
(0.0083333333 0.0075 0.0018)
(0.0083333333 0.0076 0.0018)
(0.0083333333 0.0077 0.0018)
(0.0083333333 0.0078 0.0018)
(0.0083333333 0.0079 0.0018)
(0.0083333333 0.008 0.0018)
(0.0083333333 0.0081 0.0018)
(0.0083333333 0.0082 0.0018)
(0.0083333333 0.0083 0.0018)
(0.0083333333 0.0084 0.0018)
(0.0083333333 0.0085 0.0018)
(0.0083333333 0.0086 0.0018)
(0.0083333333 0.0087 0.0018)
(0.0083333333 0.0088 0.0018)
(0.0083333333 0.0089 0.0018)
(0.0083333333 0.009 0.0018)
(0.0083333333 0.0071 0.0019)
(0.0083333333 0.0072 0.0019)
(0.0083333333 0.0073 0.0019)
(0.0083333333 0.0074 0.0019)
(0.0083333333 0.0075 0.0019)
(0.0083333333 0.0076 0.0019)
(0.0083333333 0.0077 0.0019)
(0.0083333333 0.0078 0.0019)
(0.0083333333 0.0079 0.0019)
(0.0083333333 0.008 0.0019)
(0.0083333333 0.0081 0.0019)
(0.0083333333 0.0082 0.0019)
(0.0083333333 0.0083 0.0019)
(0.0083333333 0.0084 0.0019)
(0.0083333333 0.0085 0.0019)
(0.0083333333 0.0086 0.0019)
(0.0083333333 0.0087 0.0019)
(0.0083333333 0.0088 0.0019)
(0.0083333333 0.0089 0.0019)
(0.0083333333 0.009 0.0019)
(0.0083333333 0.0071 0.002)
(0.0083333333 0.0072 0.002)
(0.0083333333 0.0073 0.002)
(0.0083333333 0.0074 0.002)
(0.0083333333 0.0075 0.002)
(0.0083333333 0.0076 0.002)
(0.0083333333 0.0077 0.002)
(0.0083333333 0.0078 0.002)
(0.0083333333 0.0079 0.002)
(0.0083333333 0.008 0.002)
(0.0083333333 0.0081 0.002)
(0.0083333333 0.0082 0.002)
(0.0083333333 0.0083 0.002)
(0.0083333333 0.0084 0.002)
(0.0083333333 0.0085 0.002)
(0.0083333333 0.0086 0.002)
(0.0083333333 0.0087 0.002)
(0.0083333333 0.0088 0.002)
(0.0083333333 0.0089 0.002)
(0.0083333333 0.009 0.002)
(0.0083333333 0.0071 0.0021)
(0.0083333333 0.0072 0.0021)
(0.0083333333 0.0073 0.0021)
(0.0083333333 0.0074 0.0021)
(0.0083333333 0.0075 0.0021)
(0.0083333333 0.0076 0.0021)
(0.0083333333 0.0077 0.0021)
(0.0083333333 0.0078 0.0021)
(0.0083333333 0.0079 0.0021)
(0.0083333333 0.008 0.0021)
(0.0083333333 0.0081 0.0021)
(0.0083333333 0.0082 0.0021)
(0.0083333333 0.0083 0.0021)
(0.0083333333 0.0084 0.0021)
(0.0083333333 0.0085 0.0021)
(0.0083333333 0.0086 0.0021)
(0.0083333333 0.0087 0.0021)
(0.0083333333 0.0088 0.0021)
(0.0083333333 0.0089 0.0021)
(0.0083333333 0.009 0.0021)
(0.0083333333 0.0071 0.0022)
(0.0083333333 0.0072 0.0022)
(0.0083333333 0.0073 0.0022)
(0.0083333333 0.0074 0.0022)
(0.0083333333 0.0075 0.0022)
(0.0083333333 0.0076 0.0022)
(0.0083333333 0.0077 0.0022)
(0.0083333333 0.0078 0.0022)
(0.0083333333 0.0079 0.0022)
(0.0083333333 0.008 0.0022)
(0.0083333333 0.0081 0.0022)
(0.0083333333 0.0082 0.0022)
(0.0083333333 0.0083 0.0022)
(0.0083333333 0.0084 0.0022)
(0.0083333333 0.0085 0.0022)
(0.0083333333 0.0086 0.0022)
(0.0083333333 0.0087 0.0022)
(0.0083333333 0.0088 0.0022)
(0.0083333333 0.0089 0.0022)
(0.0083333333 0.009 0.0022)
(0.0083333333 0.0071 0.0023)
(0.0083333333 0.0072 0.0023)
(0.0083333333 0.0073 0.0023)
(0.0083333333 0.0074 0.0023)
(0.0083333333 0.0075 0.0023)
(0.0083333333 0.0076 0.0023)
(0.0083333333 0.0077 0.0023)
(0.0083333333 0.0078 0.0023)
(0.0083333333 0.0079 0.0023)
(0.0083333333 0.008 0.0023)
(0.0083333333 0.0081 0.0023)
(0.0083333333 0.0082 0.0023)
(0.0083333333 0.0083 0.0023)
(0.0083333333 0.0084 0.0023)
(0.0083333333 0.0085 0.0023)
(0.0083333333 0.0086 0.0023)
(0.0083333333 0.0087 0.0023)
(0.0083333333 0.0088 0.0023)
(0.0083333333 0.0089 0.0023)
(0.0083333333 0.009 0.0023)
(0.0083333333 0.0071 0.0024)
(0.0083333333 0.0072 0.0024)
(0.0083333333 0.0073 0.0024)
(0.0083333333 0.0074 0.0024)
(0.0083333333 0.0075 0.0024)
(0.0083333333 0.0076 0.0024)
(0.0083333333 0.0077 0.0024)
(0.0083333333 0.0078 0.0024)
(0.0083333333 0.0079 0.0024)
(0.0083333333 0.008 0.0024)
(0.0083333333 0.0081 0.0024)
(0.0083333333 0.0082 0.0024)
(0.0083333333 0.0083 0.0024)
(0.0083333333 0.0084 0.0024)
(0.0083333333 0.0085 0.0024)
(0.0083333333 0.0086 0.0024)
(0.0083333333 0.0087 0.0024)
(0.0083333333 0.0088 0.0024)
(0.0083333333 0.0089 0.0024)
(0.0083333333 0.009 0.0024)
(0.0083333333 0.0071 0.0025)
(0.0083333333 0.0072 0.0025)
(0.0083333333 0.0073 0.0025)
(0.0083333333 0.0074 0.0025)
(0.0083333333 0.0075 0.0025)
(0.0083333333 0.0076 0.0025)
(0.0083333333 0.0077 0.0025)
(0.0083333333 0.0078 0.0025)
(0.0083333333 0.0079 0.0025)
(0.0083333333 0.008 0.0025)
(0.0083333333 0.0081 0.0025)
(0.0083333333 0.0082 0.0025)
(0.0083333333 0.0083 0.0025)
(0.0083333333 0.0084 0.0025)
(0.0083333333 0.0085 0.0025)
(0.0083333333 0.0086 0.0025)
(0.0083333333 0.0087 0.0025)
(0.0083333333 0.0088 0.0025)
(0.0083333333 0.0089 0.0025)
(0.0083333333 0.009 0.0025)
(0.0083333333 0.0071 0.0026)
(0.0083333333 0.0072 0.0026)
(0.0083333333 0.0073 0.0026)
(0.0083333333 0.0074 0.0026)
(0.0083333333 0.0075 0.0026)
(0.0083333333 0.0076 0.0026)
(0.0083333333 0.0077 0.0026)
(0.0083333333 0.0078 0.0026)
(0.0083333333 0.0079 0.0026)
(0.0083333333 0.008 0.0026)
(0.0083333333 0.0081 0.0026)
(0.0083333333 0.0082 0.0026)
(0.0083333333 0.0083 0.0026)
(0.0083333333 0.0084 0.0026)
(0.0083333333 0.0085 0.0026)
(0.0083333333 0.0086 0.0026)
(0.0083333333 0.0087 0.0026)
(0.0083333333 0.0088 0.0026)
(0.0083333333 0.0089 0.0026)
(0.0083333333 0.009 0.0026)
(0.0083333333 0.0071 0.0027)
(0.0083333333 0.0072 0.0027)
(0.0083333333 0.0073 0.0027)
(0.0083333333 0.0074 0.0027)
(0.0083333333 0.0075 0.0027)
(0.0083333333 0.0076 0.0027)
(0.0083333333 0.0077 0.0027)
(0.0083333333 0.0078 0.0027)
(0.0083333333 0.0079 0.0027)
(0.0083333333 0.008 0.0027)
(0.0083333333 0.0081 0.0027)
(0.0083333333 0.0082 0.0027)
(0.0083333333 0.0083 0.0027)
(0.0083333333 0.0084 0.0027)
(0.0083333333 0.0085 0.0027)
(0.0083333333 0.0086 0.0027)
(0.0083333333 0.0087 0.0027)
(0.0083333333 0.0088 0.0027)
(0.0083333333 0.0089 0.0027)
(0.0083333333 0.009 0.0027)
(0.0083333333 0.0071 0.0028)
(0.0083333333 0.0072 0.0028)
(0.0083333333 0.0073 0.0028)
(0.0083333333 0.0074 0.0028)
(0.0083333333 0.0075 0.0028)
(0.0083333333 0.0076 0.0028)
(0.0083333333 0.0077 0.0028)
(0.0083333333 0.0078 0.0028)
(0.0083333333 0.0079 0.0028)
(0.0083333333 0.008 0.0028)
(0.0083333333 0.0081 0.0028)
(0.0083333333 0.0082 0.0028)
(0.0083333333 0.0083 0.0028)
(0.0083333333 0.0084 0.0028)
(0.0083333333 0.0085 0.0028)
(0.0083333333 0.0086 0.0028)
(0.0083333333 0.0087 0.0028)
(0.0083333333 0.0088 0.0028)
(0.0083333333 0.0089 0.0028)
(0.0083333333 0.009 0.0028)
(0.0083333333 0.0071 0.0029)
(0.0083333333 0.0072 0.0029)
(0.0083333333 0.0073 0.0029)
(0.0083333333 0.0074 0.0029)
(0.0083333333 0.0075 0.0029)
(0.0083333333 0.0076 0.0029)
(0.0083333333 0.0077 0.0029)
(0.0083333333 0.0078 0.0029)
(0.0083333333 0.0079 0.0029)
(0.0083333333 0.008 0.0029)
(0.0083333333 0.0081 0.0029)
(0.0083333333 0.0082 0.0029)
(0.0083333333 0.0083 0.0029)
(0.0083333333 0.0084 0.0029)
(0.0083333333 0.0085 0.0029)
(0.0083333333 0.0086 0.0029)
(0.0083333333 0.0087 0.0029)
(0.0083333333 0.0088 0.0029)
(0.0083333333 0.0089 0.0029)
(0.0083333333 0.009 0.0029)
(0.0083333333 0.0071 0.003)
(0.0083333333 0.0072 0.003)
(0.0083333333 0.0073 0.003)
(0.0083333333 0.0074 0.003)
(0.0083333333 0.0075 0.003)
(0.0083333333 0.0076 0.003)
(0.0083333333 0.0077 0.003)
(0.0083333333 0.0078 0.003)
(0.0083333333 0.0079 0.003)
(0.0083333333 0.008 0.003)
(0.0083333333 0.0081 0.003)
(0.0083333333 0.0082 0.003)
(0.0083333333 0.0083 0.003)
(0.0083333333 0.0084 0.003)
(0.0083333333 0.0085 0.003)
(0.0083333333 0.0086 0.003)
(0.0083333333 0.0087 0.003)
(0.0083333333 0.0088 0.003)
(0.0083333333 0.0089 0.003)
(0.0083333333 0.009 0.003)
(0.01 0.0071 0.0011)
(0.01 0.0072 0.0011)
(0.01 0.0073 0.0011)
(0.01 0.0074 0.0011)
(0.01 0.0075 0.0011)
(0.01 0.0076 0.0011)
(0.01 0.0077 0.0011)
(0.01 0.0078 0.0011)
(0.01 0.0079 0.0011)
(0.01 0.008 0.0011)
(0.01 0.0081 0.0011)
(0.01 0.0082 0.0011)
(0.01 0.0083 0.0011)
(0.01 0.0084 0.0011)
(0.01 0.0085 0.0011)
(0.01 0.0086 0.0011)
(0.01 0.0087 0.0011)
(0.01 0.0088 0.0011)
(0.01 0.0089 0.0011)
(0.01 0.009 0.0011)
(0.01 0.0071 0.0012)
(0.01 0.0072 0.0012)
(0.01 0.0073 0.0012)
(0.01 0.0074 0.0012)
(0.01 0.0075 0.0012)
(0.01 0.0076 0.0012)
(0.01 0.0077 0.0012)
(0.01 0.0078 0.0012)
(0.01 0.0079 0.0012)
(0.01 0.008 0.0012)
(0.01 0.0081 0.0012)
(0.01 0.0082 0.0012)
(0.01 0.0083 0.0012)
(0.01 0.0084 0.0012)
(0.01 0.0085 0.0012)
(0.01 0.0086 0.0012)
(0.01 0.0087 0.0012)
(0.01 0.0088 0.0012)
(0.01 0.0089 0.0012)
(0.01 0.009 0.0012)
(0.01 0.0071 0.0013)
(0.01 0.0072 0.0013)
(0.01 0.0073 0.0013)
(0.01 0.0074 0.0013)
(0.01 0.0075 0.0013)
(0.01 0.0076 0.0013)
(0.01 0.0077 0.0013)
(0.01 0.0078 0.0013)
(0.01 0.0079 0.0013)
(0.01 0.008 0.0013)
(0.01 0.0081 0.0013)
(0.01 0.0082 0.0013)
(0.01 0.0083 0.0013)
(0.01 0.0084 0.0013)
(0.01 0.0085 0.0013)
(0.01 0.0086 0.0013)
(0.01 0.0087 0.0013)
(0.01 0.0088 0.0013)
(0.01 0.0089 0.0013)
(0.01 0.009 0.0013)
(0.01 0.0071 0.0014)
(0.01 0.0072 0.0014)
(0.01 0.0073 0.0014)
(0.01 0.0074 0.0014)
(0.01 0.0075 0.0014)
(0.01 0.0076 0.0014)
(0.01 0.0077 0.0014)
(0.01 0.0078 0.0014)
(0.01 0.0079 0.0014)
(0.01 0.008 0.0014)
(0.01 0.0081 0.0014)
(0.01 0.0082 0.0014)
(0.01 0.0083 0.0014)
(0.01 0.0084 0.0014)
(0.01 0.0085 0.0014)
(0.01 0.0086 0.0014)
(0.01 0.0087 0.0014)
(0.01 0.0088 0.0014)
(0.01 0.0089 0.0014)
(0.01 0.009 0.0014)
(0.01 0.0071 0.0015)
(0.01 0.0072 0.0015)
(0.01 0.0073 0.0015)
(0.01 0.0074 0.0015)
(0.01 0.0075 0.0015)
(0.01 0.0076 0.0015)
(0.01 0.0077 0.0015)
(0.01 0.0078 0.0015)
(0.01 0.0079 0.0015)
(0.01 0.008 0.0015)
(0.01 0.0081 0.0015)
(0.01 0.0082 0.0015)
(0.01 0.0083 0.0015)
(0.01 0.0084 0.0015)
(0.01 0.0085 0.0015)
(0.01 0.0086 0.0015)
(0.01 0.0087 0.0015)
(0.01 0.0088 0.0015)
(0.01 0.0089 0.0015)
(0.01 0.009 0.0015)
(0.01 0.0071 0.0016)
(0.01 0.0072 0.0016)
(0.01 0.0073 0.0016)
(0.01 0.0074 0.0016)
(0.01 0.0075 0.0016)
(0.01 0.0076 0.0016)
(0.01 0.0077 0.0016)
(0.01 0.0078 0.0016)
(0.01 0.0079 0.0016)
(0.01 0.008 0.0016)
(0.01 0.0081 0.0016)
(0.01 0.0082 0.0016)
(0.01 0.0083 0.0016)
(0.01 0.0084 0.0016)
(0.01 0.0085 0.0016)
(0.01 0.0086 0.0016)
(0.01 0.0087 0.0016)
(0.01 0.0088 0.0016)
(0.01 0.0089 0.0016)
(0.01 0.009 0.0016)
(0.01 0.0071 0.0017)
(0.01 0.0072 0.0017)
(0.01 0.0073 0.0017)
(0.01 0.0074 0.0017)
(0.01 0.0075 0.0017)
(0.01 0.0076 0.0017)
(0.01 0.0077 0.0017)
(0.01 0.0078 0.0017)
(0.01 0.0079 0.0017)
(0.01 0.008 0.0017)
(0.01 0.0081 0.0017)
(0.01 0.0082 0.0017)
(0.01 0.0083 0.0017)
(0.01 0.0084 0.0017)
(0.01 0.0085 0.0017)
(0.01 0.0086 0.0017)
(0.01 0.0087 0.0017)
(0.01 0.0088 0.0017)
(0.01 0.0089 0.0017)
(0.01 0.009 0.0017)
(0.01 0.0071 0.0018)
(0.01 0.0072 0.0018)
(0.01 0.0073 0.0018)
(0.01 0.0074 0.0018)
(0.01 0.0075 0.0018)
(0.01 0.0076 0.0018)
(0.01 0.0077 0.0018)
(0.01 0.0078 0.0018)
(0.01 0.0079 0.0018)
(0.01 0.008 0.0018)
(0.01 0.0081 0.0018)
(0.01 0.0082 0.0018)
(0.01 0.0083 0.0018)
(0.01 0.0084 0.0018)
(0.01 0.0085 0.0018)
(0.01 0.0086 0.0018)
(0.01 0.0087 0.0018)
(0.01 0.0088 0.0018)
(0.01 0.0089 0.0018)
(0.01 0.009 0.0018)
(0.01 0.0071 0.0019)
(0.01 0.0072 0.0019)
(0.01 0.0073 0.0019)
(0.01 0.0074 0.0019)
(0.01 0.0075 0.0019)
(0.01 0.0076 0.0019)
(0.01 0.0077 0.0019)
(0.01 0.0078 0.0019)
(0.01 0.0079 0.0019)
(0.01 0.008 0.0019)
(0.01 0.0081 0.0019)
(0.01 0.0082 0.0019)
(0.01 0.0083 0.0019)
(0.01 0.0084 0.0019)
(0.01 0.0085 0.0019)
(0.01 0.0086 0.0019)
(0.01 0.0087 0.0019)
(0.01 0.0088 0.0019)
(0.01 0.0089 0.0019)
(0.01 0.009 0.0019)
(0.01 0.0071 0.002)
(0.01 0.0072 0.002)
(0.01 0.0073 0.002)
(0.01 0.0074 0.002)
(0.01 0.0075 0.002)
(0.01 0.0076 0.002)
(0.01 0.0077 0.002)
(0.01 0.0078 0.002)
(0.01 0.0079 0.002)
(0.01 0.008 0.002)
(0.01 0.0081 0.002)
(0.01 0.0082 0.002)
(0.01 0.0083 0.002)
(0.01 0.0084 0.002)
(0.01 0.0085 0.002)
(0.01 0.0086 0.002)
(0.01 0.0087 0.002)
(0.01 0.0088 0.002)
(0.01 0.0089 0.002)
(0.01 0.009 0.002)
(0.01 0.0071 0.0021)
(0.01 0.0072 0.0021)
(0.01 0.0073 0.0021)
(0.01 0.0074 0.0021)
(0.01 0.0075 0.0021)
(0.01 0.0076 0.0021)
(0.01 0.0077 0.0021)
(0.01 0.0078 0.0021)
(0.01 0.0079 0.0021)
(0.01 0.008 0.0021)
(0.01 0.0081 0.0021)
(0.01 0.0082 0.0021)
(0.01 0.0083 0.0021)
(0.01 0.0084 0.0021)
(0.01 0.0085 0.0021)
(0.01 0.0086 0.0021)
(0.01 0.0087 0.0021)
(0.01 0.0088 0.0021)
(0.01 0.0089 0.0021)
(0.01 0.009 0.0021)
(0.01 0.0071 0.0022)
(0.01 0.0072 0.0022)
(0.01 0.0073 0.0022)
(0.01 0.0074 0.0022)
(0.01 0.0075 0.0022)
(0.01 0.0076 0.0022)
(0.01 0.0077 0.0022)
(0.01 0.0078 0.0022)
(0.01 0.0079 0.0022)
(0.01 0.008 0.0022)
(0.01 0.0081 0.0022)
(0.01 0.0082 0.0022)
(0.01 0.0083 0.0022)
(0.01 0.0084 0.0022)
(0.01 0.0085 0.0022)
(0.01 0.0086 0.0022)
(0.01 0.0087 0.0022)
(0.01 0.0088 0.0022)
(0.01 0.0089 0.0022)
(0.01 0.009 0.0022)
(0.01 0.0071 0.0023)
(0.01 0.0072 0.0023)
(0.01 0.0073 0.0023)
(0.01 0.0074 0.0023)
(0.01 0.0075 0.0023)
(0.01 0.0076 0.0023)
(0.01 0.0077 0.0023)
(0.01 0.0078 0.0023)
(0.01 0.0079 0.0023)
(0.01 0.008 0.0023)
(0.01 0.0081 0.0023)
(0.01 0.0082 0.0023)
(0.01 0.0083 0.0023)
(0.01 0.0084 0.0023)
(0.01 0.0085 0.0023)
(0.01 0.0086 0.0023)
(0.01 0.0087 0.0023)
(0.01 0.0088 0.0023)
(0.01 0.0089 0.0023)
(0.01 0.009 0.0023)
(0.01 0.0071 0.0024)
(0.01 0.0072 0.0024)
(0.01 0.0073 0.0024)
(0.01 0.0074 0.0024)
(0.01 0.0075 0.0024)
(0.01 0.0076 0.0024)
(0.01 0.0077 0.0024)
(0.01 0.0078 0.0024)
(0.01 0.0079 0.0024)
(0.01 0.008 0.0024)
(0.01 0.0081 0.0024)
(0.01 0.0082 0.0024)
(0.01 0.0083 0.0024)
(0.01 0.0084 0.0024)
(0.01 0.0085 0.0024)
(0.01 0.0086 0.0024)
(0.01 0.0087 0.0024)
(0.01 0.0088 0.0024)
(0.01 0.0089 0.0024)
(0.01 0.009 0.0024)
(0.01 0.0071 0.0025)
(0.01 0.0072 0.0025)
(0.01 0.0073 0.0025)
(0.01 0.0074 0.0025)
(0.01 0.0075 0.0025)
(0.01 0.0076 0.0025)
(0.01 0.0077 0.0025)
(0.01 0.0078 0.0025)
(0.01 0.0079 0.0025)
(0.01 0.008 0.0025)
(0.01 0.0081 0.0025)
(0.01 0.0082 0.0025)
(0.01 0.0083 0.0025)
(0.01 0.0084 0.0025)
(0.01 0.0085 0.0025)
(0.01 0.0086 0.0025)
(0.01 0.0087 0.0025)
(0.01 0.0088 0.0025)
(0.01 0.0089 0.0025)
(0.01 0.009 0.0025)
(0.01 0.0071 0.0026)
(0.01 0.0072 0.0026)
(0.01 0.0073 0.0026)
(0.01 0.0074 0.0026)
(0.01 0.0075 0.0026)
(0.01 0.0076 0.0026)
(0.01 0.0077 0.0026)
(0.01 0.0078 0.0026)
(0.01 0.0079 0.0026)
(0.01 0.008 0.0026)
(0.01 0.0081 0.0026)
(0.01 0.0082 0.0026)
(0.01 0.0083 0.0026)
(0.01 0.0084 0.0026)
(0.01 0.0085 0.0026)
(0.01 0.0086 0.0026)
(0.01 0.0087 0.0026)
(0.01 0.0088 0.0026)
(0.01 0.0089 0.0026)
(0.01 0.009 0.0026)
(0.01 0.0071 0.0027)
(0.01 0.0072 0.0027)
(0.01 0.0073 0.0027)
(0.01 0.0074 0.0027)
(0.01 0.0075 0.0027)
(0.01 0.0076 0.0027)
(0.01 0.0077 0.0027)
(0.01 0.0078 0.0027)
(0.01 0.0079 0.0027)
(0.01 0.008 0.0027)
(0.01 0.0081 0.0027)
(0.01 0.0082 0.0027)
(0.01 0.0083 0.0027)
(0.01 0.0084 0.0027)
(0.01 0.0085 0.0027)
(0.01 0.0086 0.0027)
(0.01 0.0087 0.0027)
(0.01 0.0088 0.0027)
(0.01 0.0089 0.0027)
(0.01 0.009 0.0027)
(0.01 0.0071 0.0028)
(0.01 0.0072 0.0028)
(0.01 0.0073 0.0028)
(0.01 0.0074 0.0028)
(0.01 0.0075 0.0028)
(0.01 0.0076 0.0028)
(0.01 0.0077 0.0028)
(0.01 0.0078 0.0028)
(0.01 0.0079 0.0028)
(0.01 0.008 0.0028)
(0.01 0.0081 0.0028)
(0.01 0.0082 0.0028)
(0.01 0.0083 0.0028)
(0.01 0.0084 0.0028)
(0.01 0.0085 0.0028)
(0.01 0.0086 0.0028)
(0.01 0.0087 0.0028)
(0.01 0.0088 0.0028)
(0.01 0.0089 0.0028)
(0.01 0.009 0.0028)
(0.01 0.0071 0.0029)
(0.01 0.0072 0.0029)
(0.01 0.0073 0.0029)
(0.01 0.0074 0.0029)
(0.01 0.0075 0.0029)
(0.01 0.0076 0.0029)
(0.01 0.0077 0.0029)
(0.01 0.0078 0.0029)
(0.01 0.0079 0.0029)
(0.01 0.008 0.0029)
(0.01 0.0081 0.0029)
(0.01 0.0082 0.0029)
(0.01 0.0083 0.0029)
(0.01 0.0084 0.0029)
(0.01 0.0085 0.0029)
(0.01 0.0086 0.0029)
(0.01 0.0087 0.0029)
(0.01 0.0088 0.0029)
(0.01 0.0089 0.0029)
(0.01 0.009 0.0029)
(0.01 0.0071 0.003)
(0.01 0.0072 0.003)
(0.01 0.0073 0.003)
(0.01 0.0074 0.003)
(0.01 0.0075 0.003)
(0.01 0.0076 0.003)
(0.01 0.0077 0.003)
(0.01 0.0078 0.003)
(0.01 0.0079 0.003)
(0.01 0.008 0.003)
(0.01 0.0081 0.003)
(0.01 0.0082 0.003)
(0.01 0.0083 0.003)
(0.01 0.0084 0.003)
(0.01 0.0085 0.003)
(0.01 0.0086 0.003)
(0.01 0.0087 0.003)
(0.01 0.0088 0.003)
(0.01 0.0089 0.003)
(0.01 0.009 0.003)
(0.011666667 0.0071 0.0011)
(0.011666667 0.0072 0.0011)
(0.011666667 0.0073 0.0011)
(0.011666667 0.0074 0.0011)
(0.011666667 0.0075 0.0011)
(0.011666667 0.0076 0.0011)
(0.011666667 0.0077 0.0011)
(0.011666667 0.0078 0.0011)
(0.011666667 0.0079 0.0011)
(0.011666667 0.008 0.0011)
(0.011666667 0.0081 0.0011)
(0.011666667 0.0082 0.0011)
(0.011666667 0.0083 0.0011)
(0.011666667 0.0084 0.0011)
(0.011666667 0.0085 0.0011)
(0.011666667 0.0086 0.0011)
(0.011666667 0.0087 0.0011)
(0.011666667 0.0088 0.0011)
(0.011666667 0.0089 0.0011)
(0.011666667 0.009 0.0011)
(0.011666667 0.0071 0.0012)
(0.011666667 0.0072 0.0012)
(0.011666667 0.0073 0.0012)
(0.011666667 0.0074 0.0012)
(0.011666667 0.0075 0.0012)
(0.011666667 0.0076 0.0012)
(0.011666667 0.0077 0.0012)
(0.011666667 0.0078 0.0012)
(0.011666667 0.0079 0.0012)
(0.011666667 0.008 0.0012)
(0.011666667 0.0081 0.0012)
(0.011666667 0.0082 0.0012)
(0.011666667 0.0083 0.0012)
(0.011666667 0.0084 0.0012)
(0.011666667 0.0085 0.0012)
(0.011666667 0.0086 0.0012)
(0.011666667 0.0087 0.0012)
(0.011666667 0.0088 0.0012)
(0.011666667 0.0089 0.0012)
(0.011666667 0.009 0.0012)
(0.011666667 0.0071 0.0013)
(0.011666667 0.0072 0.0013)
(0.011666667 0.0073 0.0013)
(0.011666667 0.0074 0.0013)
(0.011666667 0.0075 0.0013)
(0.011666667 0.0076 0.0013)
(0.011666667 0.0077 0.0013)
(0.011666667 0.0078 0.0013)
(0.011666667 0.0079 0.0013)
(0.011666667 0.008 0.0013)
(0.011666667 0.0081 0.0013)
(0.011666667 0.0082 0.0013)
(0.011666667 0.0083 0.0013)
(0.011666667 0.0084 0.0013)
(0.011666667 0.0085 0.0013)
(0.011666667 0.0086 0.0013)
(0.011666667 0.0087 0.0013)
(0.011666667 0.0088 0.0013)
(0.011666667 0.0089 0.0013)
(0.011666667 0.009 0.0013)
(0.011666667 0.0071 0.0014)
(0.011666667 0.0072 0.0014)
(0.011666667 0.0073 0.0014)
(0.011666667 0.0074 0.0014)
(0.011666667 0.0075 0.0014)
(0.011666667 0.0076 0.0014)
(0.011666667 0.0077 0.0014)
(0.011666667 0.0078 0.0014)
(0.011666667 0.0079 0.0014)
(0.011666667 0.008 0.0014)
(0.011666667 0.0081 0.0014)
(0.011666667 0.0082 0.0014)
(0.011666667 0.0083 0.0014)
(0.011666667 0.0084 0.0014)
(0.011666667 0.0085 0.0014)
(0.011666667 0.0086 0.0014)
(0.011666667 0.0087 0.0014)
(0.011666667 0.0088 0.0014)
(0.011666667 0.0089 0.0014)
(0.011666667 0.009 0.0014)
(0.011666667 0.0071 0.0015)
(0.011666667 0.0072 0.0015)
(0.011666667 0.0073 0.0015)
(0.011666667 0.0074 0.0015)
(0.011666667 0.0075 0.0015)
(0.011666667 0.0076 0.0015)
(0.011666667 0.0077 0.0015)
(0.011666667 0.0078 0.0015)
(0.011666667 0.0079 0.0015)
(0.011666667 0.008 0.0015)
(0.011666667 0.0081 0.0015)
(0.011666667 0.0082 0.0015)
(0.011666667 0.0083 0.0015)
(0.011666667 0.0084 0.0015)
(0.011666667 0.0085 0.0015)
(0.011666667 0.0086 0.0015)
(0.011666667 0.0087 0.0015)
(0.011666667 0.0088 0.0015)
(0.011666667 0.0089 0.0015)
(0.011666667 0.009 0.0015)
(0.011666667 0.0071 0.0016)
(0.011666667 0.0072 0.0016)
(0.011666667 0.0073 0.0016)
(0.011666667 0.0074 0.0016)
(0.011666667 0.0075 0.0016)
(0.011666667 0.0076 0.0016)
(0.011666667 0.0077 0.0016)
(0.011666667 0.0078 0.0016)
(0.011666667 0.0079 0.0016)
(0.011666667 0.008 0.0016)
(0.011666667 0.0081 0.0016)
(0.011666667 0.0082 0.0016)
(0.011666667 0.0083 0.0016)
(0.011666667 0.0084 0.0016)
(0.011666667 0.0085 0.0016)
(0.011666667 0.0086 0.0016)
(0.011666667 0.0087 0.0016)
(0.011666667 0.0088 0.0016)
(0.011666667 0.0089 0.0016)
(0.011666667 0.009 0.0016)
(0.011666667 0.0071 0.0017)
(0.011666667 0.0072 0.0017)
(0.011666667 0.0073 0.0017)
(0.011666667 0.0074 0.0017)
(0.011666667 0.0075 0.0017)
(0.011666667 0.0076 0.0017)
(0.011666667 0.0077 0.0017)
(0.011666667 0.0078 0.0017)
(0.011666667 0.0079 0.0017)
(0.011666667 0.008 0.0017)
(0.011666667 0.0081 0.0017)
(0.011666667 0.0082 0.0017)
(0.011666667 0.0083 0.0017)
(0.011666667 0.0084 0.0017)
(0.011666667 0.0085 0.0017)
(0.011666667 0.0086 0.0017)
(0.011666667 0.0087 0.0017)
(0.011666667 0.0088 0.0017)
(0.011666667 0.0089 0.0017)
(0.011666667 0.009 0.0017)
(0.011666667 0.0071 0.0018)
(0.011666667 0.0072 0.0018)
(0.011666667 0.0073 0.0018)
(0.011666667 0.0074 0.0018)
(0.011666667 0.0075 0.0018)
(0.011666667 0.0076 0.0018)
(0.011666667 0.0077 0.0018)
(0.011666667 0.0078 0.0018)
(0.011666667 0.0079 0.0018)
(0.011666667 0.008 0.0018)
(0.011666667 0.0081 0.0018)
(0.011666667 0.0082 0.0018)
(0.011666667 0.0083 0.0018)
(0.011666667 0.0084 0.0018)
(0.011666667 0.0085 0.0018)
(0.011666667 0.0086 0.0018)
(0.011666667 0.0087 0.0018)
(0.011666667 0.0088 0.0018)
(0.011666667 0.0089 0.0018)
(0.011666667 0.009 0.0018)
(0.011666667 0.0071 0.0019)
(0.011666667 0.0072 0.0019)
(0.011666667 0.0073 0.0019)
(0.011666667 0.0074 0.0019)
(0.011666667 0.0075 0.0019)
(0.011666667 0.0076 0.0019)
(0.011666667 0.0077 0.0019)
(0.011666667 0.0078 0.0019)
(0.011666667 0.0079 0.0019)
(0.011666667 0.008 0.0019)
(0.011666667 0.0081 0.0019)
(0.011666667 0.0082 0.0019)
(0.011666667 0.0083 0.0019)
(0.011666667 0.0084 0.0019)
(0.011666667 0.0085 0.0019)
(0.011666667 0.0086 0.0019)
(0.011666667 0.0087 0.0019)
(0.011666667 0.0088 0.0019)
(0.011666667 0.0089 0.0019)
(0.011666667 0.009 0.0019)
(0.011666667 0.0071 0.002)
(0.011666667 0.0072 0.002)
(0.011666667 0.0073 0.002)
(0.011666667 0.0074 0.002)
(0.011666667 0.0075 0.002)
(0.011666667 0.0076 0.002)
(0.011666667 0.0077 0.002)
(0.011666667 0.0078 0.002)
(0.011666667 0.0079 0.002)
(0.011666667 0.008 0.002)
(0.011666667 0.0081 0.002)
(0.011666667 0.0082 0.002)
(0.011666667 0.0083 0.002)
(0.011666667 0.0084 0.002)
(0.011666667 0.0085 0.002)
(0.011666667 0.0086 0.002)
(0.011666667 0.0087 0.002)
(0.011666667 0.0088 0.002)
(0.011666667 0.0089 0.002)
(0.011666667 0.009 0.002)
(0.011666667 0.0071 0.0021)
(0.011666667 0.0072 0.0021)
(0.011666667 0.0073 0.0021)
(0.011666667 0.0074 0.0021)
(0.011666667 0.0075 0.0021)
(0.011666667 0.0076 0.0021)
(0.011666667 0.0077 0.0021)
(0.011666667 0.0078 0.0021)
(0.011666667 0.0079 0.0021)
(0.011666667 0.008 0.0021)
(0.011666667 0.0081 0.0021)
(0.011666667 0.0082 0.0021)
(0.011666667 0.0083 0.0021)
(0.011666667 0.0084 0.0021)
(0.011666667 0.0085 0.0021)
(0.011666667 0.0086 0.0021)
(0.011666667 0.0087 0.0021)
(0.011666667 0.0088 0.0021)
(0.011666667 0.0089 0.0021)
(0.011666667 0.009 0.0021)
(0.011666667 0.0071 0.0022)
(0.011666667 0.0072 0.0022)
(0.011666667 0.0073 0.0022)
(0.011666667 0.0074 0.0022)
(0.011666667 0.0075 0.0022)
(0.011666667 0.0076 0.0022)
(0.011666667 0.0077 0.0022)
(0.011666667 0.0078 0.0022)
(0.011666667 0.0079 0.0022)
(0.011666667 0.008 0.0022)
(0.011666667 0.0081 0.0022)
(0.011666667 0.0082 0.0022)
(0.011666667 0.0083 0.0022)
(0.011666667 0.0084 0.0022)
(0.011666667 0.0085 0.0022)
(0.011666667 0.0086 0.0022)
(0.011666667 0.0087 0.0022)
(0.011666667 0.0088 0.0022)
(0.011666667 0.0089 0.0022)
(0.011666667 0.009 0.0022)
(0.011666667 0.0071 0.0023)
(0.011666667 0.0072 0.0023)
(0.011666667 0.0073 0.0023)
(0.011666667 0.0074 0.0023)
(0.011666667 0.0075 0.0023)
(0.011666667 0.0076 0.0023)
(0.011666667 0.0077 0.0023)
(0.011666667 0.0078 0.0023)
(0.011666667 0.0079 0.0023)
(0.011666667 0.008 0.0023)
(0.011666667 0.0081 0.0023)
(0.011666667 0.0082 0.0023)
(0.011666667 0.0083 0.0023)
(0.011666667 0.0084 0.0023)
(0.011666667 0.0085 0.0023)
(0.011666667 0.0086 0.0023)
(0.011666667 0.0087 0.0023)
(0.011666667 0.0088 0.0023)
(0.011666667 0.0089 0.0023)
(0.011666667 0.009 0.0023)
(0.011666667 0.0071 0.0024)
(0.011666667 0.0072 0.0024)
(0.011666667 0.0073 0.0024)
(0.011666667 0.0074 0.0024)
(0.011666667 0.0075 0.0024)
(0.011666667 0.0076 0.0024)
(0.011666667 0.0077 0.0024)
(0.011666667 0.0078 0.0024)
(0.011666667 0.0079 0.0024)
(0.011666667 0.008 0.0024)
(0.011666667 0.0081 0.0024)
(0.011666667 0.0082 0.0024)
(0.011666667 0.0083 0.0024)
(0.011666667 0.0084 0.0024)
(0.011666667 0.0085 0.0024)
(0.011666667 0.0086 0.0024)
(0.011666667 0.0087 0.0024)
(0.011666667 0.0088 0.0024)
(0.011666667 0.0089 0.0024)
(0.011666667 0.009 0.0024)
(0.011666667 0.0071 0.0025)
(0.011666667 0.0072 0.0025)
(0.011666667 0.0073 0.0025)
(0.011666667 0.0074 0.0025)
(0.011666667 0.0075 0.0025)
(0.011666667 0.0076 0.0025)
(0.011666667 0.0077 0.0025)
(0.011666667 0.0078 0.0025)
(0.011666667 0.0079 0.0025)
(0.011666667 0.008 0.0025)
(0.011666667 0.0081 0.0025)
(0.011666667 0.0082 0.0025)
(0.011666667 0.0083 0.0025)
(0.011666667 0.0084 0.0025)
(0.011666667 0.0085 0.0025)
(0.011666667 0.0086 0.0025)
(0.011666667 0.0087 0.0025)
(0.011666667 0.0088 0.0025)
(0.011666667 0.0089 0.0025)
(0.011666667 0.009 0.0025)
(0.011666667 0.0071 0.0026)
(0.011666667 0.0072 0.0026)
(0.011666667 0.0073 0.0026)
(0.011666667 0.0074 0.0026)
(0.011666667 0.0075 0.0026)
(0.011666667 0.0076 0.0026)
(0.011666667 0.0077 0.0026)
(0.011666667 0.0078 0.0026)
(0.011666667 0.0079 0.0026)
(0.011666667 0.008 0.0026)
(0.011666667 0.0081 0.0026)
(0.011666667 0.0082 0.0026)
(0.011666667 0.0083 0.0026)
(0.011666667 0.0084 0.0026)
(0.011666667 0.0085 0.0026)
(0.011666667 0.0086 0.0026)
(0.011666667 0.0087 0.0026)
(0.011666667 0.0088 0.0026)
(0.011666667 0.0089 0.0026)
(0.011666667 0.009 0.0026)
(0.011666667 0.0071 0.0027)
(0.011666667 0.0072 0.0027)
(0.011666667 0.0073 0.0027)
(0.011666667 0.0074 0.0027)
(0.011666667 0.0075 0.0027)
(0.011666667 0.0076 0.0027)
(0.011666667 0.0077 0.0027)
(0.011666667 0.0078 0.0027)
(0.011666667 0.0079 0.0027)
(0.011666667 0.008 0.0027)
(0.011666667 0.0081 0.0027)
(0.011666667 0.0082 0.0027)
(0.011666667 0.0083 0.0027)
(0.011666667 0.0084 0.0027)
(0.011666667 0.0085 0.0027)
(0.011666667 0.0086 0.0027)
(0.011666667 0.0087 0.0027)
(0.011666667 0.0088 0.0027)
(0.011666667 0.0089 0.0027)
(0.011666667 0.009 0.0027)
(0.011666667 0.0071 0.0028)
(0.011666667 0.0072 0.0028)
(0.011666667 0.0073 0.0028)
(0.011666667 0.0074 0.0028)
(0.011666667 0.0075 0.0028)
(0.011666667 0.0076 0.0028)
(0.011666667 0.0077 0.0028)
(0.011666667 0.0078 0.0028)
(0.011666667 0.0079 0.0028)
(0.011666667 0.008 0.0028)
(0.011666667 0.0081 0.0028)
(0.011666667 0.0082 0.0028)
(0.011666667 0.0083 0.0028)
(0.011666667 0.0084 0.0028)
(0.011666667 0.0085 0.0028)
(0.011666667 0.0086 0.0028)
(0.011666667 0.0087 0.0028)
(0.011666667 0.0088 0.0028)
(0.011666667 0.0089 0.0028)
(0.011666667 0.009 0.0028)
(0.011666667 0.0071 0.0029)
(0.011666667 0.0072 0.0029)
(0.011666667 0.0073 0.0029)
(0.011666667 0.0074 0.0029)
(0.011666667 0.0075 0.0029)
(0.011666667 0.0076 0.0029)
(0.011666667 0.0077 0.0029)
(0.011666667 0.0078 0.0029)
(0.011666667 0.0079 0.0029)
(0.011666667 0.008 0.0029)
(0.011666667 0.0081 0.0029)
(0.011666667 0.0082 0.0029)
(0.011666667 0.0083 0.0029)
(0.011666667 0.0084 0.0029)
(0.011666667 0.0085 0.0029)
(0.011666667 0.0086 0.0029)
(0.011666667 0.0087 0.0029)
(0.011666667 0.0088 0.0029)
(0.011666667 0.0089 0.0029)
(0.011666667 0.009 0.0029)
(0.011666667 0.0071 0.003)
(0.011666667 0.0072 0.003)
(0.011666667 0.0073 0.003)
(0.011666667 0.0074 0.003)
(0.011666667 0.0075 0.003)
(0.011666667 0.0076 0.003)
(0.011666667 0.0077 0.003)
(0.011666667 0.0078 0.003)
(0.011666667 0.0079 0.003)
(0.011666667 0.008 0.003)
(0.011666667 0.0081 0.003)
(0.011666667 0.0082 0.003)
(0.011666667 0.0083 0.003)
(0.011666667 0.0084 0.003)
(0.011666667 0.0085 0.003)
(0.011666667 0.0086 0.003)
(0.011666667 0.0087 0.003)
(0.011666667 0.0088 0.003)
(0.011666667 0.0089 0.003)
(0.011666667 0.009 0.003)
(0.013333333 0.0071 0.0011)
(0.013333333 0.0072 0.0011)
(0.013333333 0.0073 0.0011)
(0.013333333 0.0074 0.0011)
(0.013333333 0.0075 0.0011)
(0.013333333 0.0076 0.0011)
(0.013333333 0.0077 0.0011)
(0.013333333 0.0078 0.0011)
(0.013333333 0.0079 0.0011)
(0.013333333 0.008 0.0011)
(0.013333333 0.0081 0.0011)
(0.013333333 0.0082 0.0011)
(0.013333333 0.0083 0.0011)
(0.013333333 0.0084 0.0011)
(0.013333333 0.0085 0.0011)
(0.013333333 0.0086 0.0011)
(0.013333333 0.0087 0.0011)
(0.013333333 0.0088 0.0011)
(0.013333333 0.0089 0.0011)
(0.013333333 0.009 0.0011)
(0.013333333 0.0071 0.0012)
(0.013333333 0.0072 0.0012)
(0.013333333 0.0073 0.0012)
(0.013333333 0.0074 0.0012)
(0.013333333 0.0075 0.0012)
(0.013333333 0.0076 0.0012)
(0.013333333 0.0077 0.0012)
(0.013333333 0.0078 0.0012)
(0.013333333 0.0079 0.0012)
(0.013333333 0.008 0.0012)
(0.013333333 0.0081 0.0012)
(0.013333333 0.0082 0.0012)
(0.013333333 0.0083 0.0012)
(0.013333333 0.0084 0.0012)
(0.013333333 0.0085 0.0012)
(0.013333333 0.0086 0.0012)
(0.013333333 0.0087 0.0012)
(0.013333333 0.0088 0.0012)
(0.013333333 0.0089 0.0012)
(0.013333333 0.009 0.0012)
(0.013333333 0.0071 0.0013)
(0.013333333 0.0072 0.0013)
(0.013333333 0.0073 0.0013)
(0.013333333 0.0074 0.0013)
(0.013333333 0.0075 0.0013)
(0.013333333 0.0076 0.0013)
(0.013333333 0.0077 0.0013)
(0.013333333 0.0078 0.0013)
(0.013333333 0.0079 0.0013)
(0.013333333 0.008 0.0013)
(0.013333333 0.0081 0.0013)
(0.013333333 0.0082 0.0013)
(0.013333333 0.0083 0.0013)
(0.013333333 0.0084 0.0013)
(0.013333333 0.0085 0.0013)
(0.013333333 0.0086 0.0013)
(0.013333333 0.0087 0.0013)
(0.013333333 0.0088 0.0013)
(0.013333333 0.0089 0.0013)
(0.013333333 0.009 0.0013)
(0.013333333 0.0071 0.0014)
(0.013333333 0.0072 0.0014)
(0.013333333 0.0073 0.0014)
(0.013333333 0.0074 0.0014)
(0.013333333 0.0075 0.0014)
(0.013333333 0.0076 0.0014)
(0.013333333 0.0077 0.0014)
(0.013333333 0.0078 0.0014)
(0.013333333 0.0079 0.0014)
(0.013333333 0.008 0.0014)
(0.013333333 0.0081 0.0014)
(0.013333333 0.0082 0.0014)
(0.013333333 0.0083 0.0014)
(0.013333333 0.0084 0.0014)
(0.013333333 0.0085 0.0014)
(0.013333333 0.0086 0.0014)
(0.013333333 0.0087 0.0014)
(0.013333333 0.0088 0.0014)
(0.013333333 0.0089 0.0014)
(0.013333333 0.009 0.0014)
(0.013333333 0.0071 0.0015)
(0.013333333 0.0072 0.0015)
(0.013333333 0.0073 0.0015)
(0.013333333 0.0074 0.0015)
(0.013333333 0.0075 0.0015)
(0.013333333 0.0076 0.0015)
(0.013333333 0.0077 0.0015)
(0.013333333 0.0078 0.0015)
(0.013333333 0.0079 0.0015)
(0.013333333 0.008 0.0015)
(0.013333333 0.0081 0.0015)
(0.013333333 0.0082 0.0015)
(0.013333333 0.0083 0.0015)
(0.013333333 0.0084 0.0015)
(0.013333333 0.0085 0.0015)
(0.013333333 0.0086 0.0015)
(0.013333333 0.0087 0.0015)
(0.013333333 0.0088 0.0015)
(0.013333333 0.0089 0.0015)
(0.013333333 0.009 0.0015)
(0.013333333 0.0071 0.0016)
(0.013333333 0.0072 0.0016)
(0.013333333 0.0073 0.0016)
(0.013333333 0.0074 0.0016)
(0.013333333 0.0075 0.0016)
(0.013333333 0.0076 0.0016)
(0.013333333 0.0077 0.0016)
(0.013333333 0.0078 0.0016)
(0.013333333 0.0079 0.0016)
(0.013333333 0.008 0.0016)
(0.013333333 0.0081 0.0016)
(0.013333333 0.0082 0.0016)
(0.013333333 0.0083 0.0016)
(0.013333333 0.0084 0.0016)
(0.013333333 0.0085 0.0016)
(0.013333333 0.0086 0.0016)
(0.013333333 0.0087 0.0016)
(0.013333333 0.0088 0.0016)
(0.013333333 0.0089 0.0016)
(0.013333333 0.009 0.0016)
(0.013333333 0.0071 0.0017)
(0.013333333 0.0072 0.0017)
(0.013333333 0.0073 0.0017)
(0.013333333 0.0074 0.0017)
(0.013333333 0.0075 0.0017)
(0.013333333 0.0076 0.0017)
(0.013333333 0.0077 0.0017)
(0.013333333 0.0078 0.0017)
(0.013333333 0.0079 0.0017)
(0.013333333 0.008 0.0017)
(0.013333333 0.0081 0.0017)
(0.013333333 0.0082 0.0017)
(0.013333333 0.0083 0.0017)
(0.013333333 0.0084 0.0017)
(0.013333333 0.0085 0.0017)
(0.013333333 0.0086 0.0017)
(0.013333333 0.0087 0.0017)
(0.013333333 0.0088 0.0017)
(0.013333333 0.0089 0.0017)
(0.013333333 0.009 0.0017)
(0.013333333 0.0071 0.0018)
(0.013333333 0.0072 0.0018)
(0.013333333 0.0073 0.0018)
(0.013333333 0.0074 0.0018)
(0.013333333 0.0075 0.0018)
(0.013333333 0.0076 0.0018)
(0.013333333 0.0077 0.0018)
(0.013333333 0.0078 0.0018)
(0.013333333 0.0079 0.0018)
(0.013333333 0.008 0.0018)
(0.013333333 0.0081 0.0018)
(0.013333333 0.0082 0.0018)
(0.013333333 0.0083 0.0018)
(0.013333333 0.0084 0.0018)
(0.013333333 0.0085 0.0018)
(0.013333333 0.0086 0.0018)
(0.013333333 0.0087 0.0018)
(0.013333333 0.0088 0.0018)
(0.013333333 0.0089 0.0018)
(0.013333333 0.009 0.0018)
(0.013333333 0.0071 0.0019)
(0.013333333 0.0072 0.0019)
(0.013333333 0.0073 0.0019)
(0.013333333 0.0074 0.0019)
(0.013333333 0.0075 0.0019)
(0.013333333 0.0076 0.0019)
(0.013333333 0.0077 0.0019)
(0.013333333 0.0078 0.0019)
(0.013333333 0.0079 0.0019)
(0.013333333 0.008 0.0019)
(0.013333333 0.0081 0.0019)
(0.013333333 0.0082 0.0019)
(0.013333333 0.0083 0.0019)
(0.013333333 0.0084 0.0019)
(0.013333333 0.0085 0.0019)
(0.013333333 0.0086 0.0019)
(0.013333333 0.0087 0.0019)
(0.013333333 0.0088 0.0019)
(0.013333333 0.0089 0.0019)
(0.013333333 0.009 0.0019)
(0.013333333 0.0071 0.002)
(0.013333333 0.0072 0.002)
(0.013333333 0.0073 0.002)
(0.013333333 0.0074 0.002)
(0.013333333 0.0075 0.002)
(0.013333333 0.0076 0.002)
(0.013333333 0.0077 0.002)
(0.013333333 0.0078 0.002)
(0.013333333 0.0079 0.002)
(0.013333333 0.008 0.002)
(0.013333333 0.0081 0.002)
(0.013333333 0.0082 0.002)
(0.013333333 0.0083 0.002)
(0.013333333 0.0084 0.002)
(0.013333333 0.0085 0.002)
(0.013333333 0.0086 0.002)
(0.013333333 0.0087 0.002)
(0.013333333 0.0088 0.002)
(0.013333333 0.0089 0.002)
(0.013333333 0.009 0.002)
(0.013333333 0.0071 0.0021)
(0.013333333 0.0072 0.0021)
(0.013333333 0.0073 0.0021)
(0.013333333 0.0074 0.0021)
(0.013333333 0.0075 0.0021)
(0.013333333 0.0076 0.0021)
(0.013333333 0.0077 0.0021)
(0.013333333 0.0078 0.0021)
(0.013333333 0.0079 0.0021)
(0.013333333 0.008 0.0021)
(0.013333333 0.0081 0.0021)
(0.013333333 0.0082 0.0021)
(0.013333333 0.0083 0.0021)
(0.013333333 0.0084 0.0021)
(0.013333333 0.0085 0.0021)
(0.013333333 0.0086 0.0021)
(0.013333333 0.0087 0.0021)
(0.013333333 0.0088 0.0021)
(0.013333333 0.0089 0.0021)
(0.013333333 0.009 0.0021)
(0.013333333 0.0071 0.0022)
(0.013333333 0.0072 0.0022)
(0.013333333 0.0073 0.0022)
(0.013333333 0.0074 0.0022)
(0.013333333 0.0075 0.0022)
(0.013333333 0.0076 0.0022)
(0.013333333 0.0077 0.0022)
(0.013333333 0.0078 0.0022)
(0.013333333 0.0079 0.0022)
(0.013333333 0.008 0.0022)
(0.013333333 0.0081 0.0022)
(0.013333333 0.0082 0.0022)
(0.013333333 0.0083 0.0022)
(0.013333333 0.0084 0.0022)
(0.013333333 0.0085 0.0022)
(0.013333333 0.0086 0.0022)
(0.013333333 0.0087 0.0022)
(0.013333333 0.0088 0.0022)
(0.013333333 0.0089 0.0022)
(0.013333333 0.009 0.0022)
(0.013333333 0.0071 0.0023)
(0.013333333 0.0072 0.0023)
(0.013333333 0.0073 0.0023)
(0.013333333 0.0074 0.0023)
(0.013333333 0.0075 0.0023)
(0.013333333 0.0076 0.0023)
(0.013333333 0.0077 0.0023)
(0.013333333 0.0078 0.0023)
(0.013333333 0.0079 0.0023)
(0.013333333 0.008 0.0023)
(0.013333333 0.0081 0.0023)
(0.013333333 0.0082 0.0023)
(0.013333333 0.0083 0.0023)
(0.013333333 0.0084 0.0023)
(0.013333333 0.0085 0.0023)
(0.013333333 0.0086 0.0023)
(0.013333333 0.0087 0.0023)
(0.013333333 0.0088 0.0023)
(0.013333333 0.0089 0.0023)
(0.013333333 0.009 0.0023)
(0.013333333 0.0071 0.0024)
(0.013333333 0.0072 0.0024)
(0.013333333 0.0073 0.0024)
(0.013333333 0.0074 0.0024)
(0.013333333 0.0075 0.0024)
(0.013333333 0.0076 0.0024)
(0.013333333 0.0077 0.0024)
(0.013333333 0.0078 0.0024)
(0.013333333 0.0079 0.0024)
(0.013333333 0.008 0.0024)
(0.013333333 0.0081 0.0024)
(0.013333333 0.0082 0.0024)
(0.013333333 0.0083 0.0024)
(0.013333333 0.0084 0.0024)
(0.013333333 0.0085 0.0024)
(0.013333333 0.0086 0.0024)
(0.013333333 0.0087 0.0024)
(0.013333333 0.0088 0.0024)
(0.013333333 0.0089 0.0024)
(0.013333333 0.009 0.0024)
(0.013333333 0.0071 0.0025)
(0.013333333 0.0072 0.0025)
(0.013333333 0.0073 0.0025)
(0.013333333 0.0074 0.0025)
(0.013333333 0.0075 0.0025)
(0.013333333 0.0076 0.0025)
(0.013333333 0.0077 0.0025)
(0.013333333 0.0078 0.0025)
(0.013333333 0.0079 0.0025)
(0.013333333 0.008 0.0025)
(0.013333333 0.0081 0.0025)
(0.013333333 0.0082 0.0025)
(0.013333333 0.0083 0.0025)
(0.013333333 0.0084 0.0025)
(0.013333333 0.0085 0.0025)
(0.013333333 0.0086 0.0025)
(0.013333333 0.0087 0.0025)
(0.013333333 0.0088 0.0025)
(0.013333333 0.0089 0.0025)
(0.013333333 0.009 0.0025)
(0.013333333 0.0071 0.0026)
(0.013333333 0.0072 0.0026)
(0.013333333 0.0073 0.0026)
(0.013333333 0.0074 0.0026)
(0.013333333 0.0075 0.0026)
(0.013333333 0.0076 0.0026)
(0.013333333 0.0077 0.0026)
(0.013333333 0.0078 0.0026)
(0.013333333 0.0079 0.0026)
(0.013333333 0.008 0.0026)
(0.013333333 0.0081 0.0026)
(0.013333333 0.0082 0.0026)
(0.013333333 0.0083 0.0026)
(0.013333333 0.0084 0.0026)
(0.013333333 0.0085 0.0026)
(0.013333333 0.0086 0.0026)
(0.013333333 0.0087 0.0026)
(0.013333333 0.0088 0.0026)
(0.013333333 0.0089 0.0026)
(0.013333333 0.009 0.0026)
(0.013333333 0.0071 0.0027)
(0.013333333 0.0072 0.0027)
(0.013333333 0.0073 0.0027)
(0.013333333 0.0074 0.0027)
(0.013333333 0.0075 0.0027)
(0.013333333 0.0076 0.0027)
(0.013333333 0.0077 0.0027)
(0.013333333 0.0078 0.0027)
(0.013333333 0.0079 0.0027)
(0.013333333 0.008 0.0027)
(0.013333333 0.0081 0.0027)
(0.013333333 0.0082 0.0027)
(0.013333333 0.0083 0.0027)
(0.013333333 0.0084 0.0027)
(0.013333333 0.0085 0.0027)
(0.013333333 0.0086 0.0027)
(0.013333333 0.0087 0.0027)
(0.013333333 0.0088 0.0027)
(0.013333333 0.0089 0.0027)
(0.013333333 0.009 0.0027)
(0.013333333 0.0071 0.0028)
(0.013333333 0.0072 0.0028)
(0.013333333 0.0073 0.0028)
(0.013333333 0.0074 0.0028)
(0.013333333 0.0075 0.0028)
(0.013333333 0.0076 0.0028)
(0.013333333 0.0077 0.0028)
(0.013333333 0.0078 0.0028)
(0.013333333 0.0079 0.0028)
(0.013333333 0.008 0.0028)
(0.013333333 0.0081 0.0028)
(0.013333333 0.0082 0.0028)
(0.013333333 0.0083 0.0028)
(0.013333333 0.0084 0.0028)
(0.013333333 0.0085 0.0028)
(0.013333333 0.0086 0.0028)
(0.013333333 0.0087 0.0028)
(0.013333333 0.0088 0.0028)
(0.013333333 0.0089 0.0028)
(0.013333333 0.009 0.0028)
(0.013333333 0.0071 0.0029)
(0.013333333 0.0072 0.0029)
(0.013333333 0.0073 0.0029)
(0.013333333 0.0074 0.0029)
(0.013333333 0.0075 0.0029)
(0.013333333 0.0076 0.0029)
(0.013333333 0.0077 0.0029)
(0.013333333 0.0078 0.0029)
(0.013333333 0.0079 0.0029)
(0.013333333 0.008 0.0029)
(0.013333333 0.0081 0.0029)
(0.013333333 0.0082 0.0029)
(0.013333333 0.0083 0.0029)
(0.013333333 0.0084 0.0029)
(0.013333333 0.0085 0.0029)
(0.013333333 0.0086 0.0029)
(0.013333333 0.0087 0.0029)
(0.013333333 0.0088 0.0029)
(0.013333333 0.0089 0.0029)
(0.013333333 0.009 0.0029)
(0.013333333 0.0071 0.003)
(0.013333333 0.0072 0.003)
(0.013333333 0.0073 0.003)
(0.013333333 0.0074 0.003)
(0.013333333 0.0075 0.003)
(0.013333333 0.0076 0.003)
(0.013333333 0.0077 0.003)
(0.013333333 0.0078 0.003)
(0.013333333 0.0079 0.003)
(0.013333333 0.008 0.003)
(0.013333333 0.0081 0.003)
(0.013333333 0.0082 0.003)
(0.013333333 0.0083 0.003)
(0.013333333 0.0084 0.003)
(0.013333333 0.0085 0.003)
(0.013333333 0.0086 0.003)
(0.013333333 0.0087 0.003)
(0.013333333 0.0088 0.003)
(0.013333333 0.0089 0.003)
(0.013333333 0.009 0.003)
(0.015 0.0071 0.0011)
(0.015 0.0072 0.0011)
(0.015 0.0073 0.0011)
(0.015 0.0074 0.0011)
(0.015 0.0075 0.0011)
(0.015 0.0076 0.0011)
(0.015 0.0077 0.0011)
(0.015 0.0078 0.0011)
(0.015 0.0079 0.0011)
(0.015 0.008 0.0011)
(0.015 0.0081 0.0011)
(0.015 0.0082 0.0011)
(0.015 0.0083 0.0011)
(0.015 0.0084 0.0011)
(0.015 0.0085 0.0011)
(0.015 0.0086 0.0011)
(0.015 0.0087 0.0011)
(0.015 0.0088 0.0011)
(0.015 0.0089 0.0011)
(0.015 0.009 0.0011)
(0.015 0.0071 0.0012)
(0.015 0.0072 0.0012)
(0.015 0.0073 0.0012)
(0.015 0.0074 0.0012)
(0.015 0.0075 0.0012)
(0.015 0.0076 0.0012)
(0.015 0.0077 0.0012)
(0.015 0.0078 0.0012)
(0.015 0.0079 0.0012)
(0.015 0.008 0.0012)
(0.015 0.0081 0.0012)
(0.015 0.0082 0.0012)
(0.015 0.0083 0.0012)
(0.015 0.0084 0.0012)
(0.015 0.0085 0.0012)
(0.015 0.0086 0.0012)
(0.015 0.0087 0.0012)
(0.015 0.0088 0.0012)
(0.015 0.0089 0.0012)
(0.015 0.009 0.0012)
(0.015 0.0071 0.0013)
(0.015 0.0072 0.0013)
(0.015 0.0073 0.0013)
(0.015 0.0074 0.0013)
(0.015 0.0075 0.0013)
(0.015 0.0076 0.0013)
(0.015 0.0077 0.0013)
(0.015 0.0078 0.0013)
(0.015 0.0079 0.0013)
(0.015 0.008 0.0013)
(0.015 0.0081 0.0013)
(0.015 0.0082 0.0013)
(0.015 0.0083 0.0013)
(0.015 0.0084 0.0013)
(0.015 0.0085 0.0013)
(0.015 0.0086 0.0013)
(0.015 0.0087 0.0013)
(0.015 0.0088 0.0013)
(0.015 0.0089 0.0013)
(0.015 0.009 0.0013)
(0.015 0.0071 0.0014)
(0.015 0.0072 0.0014)
(0.015 0.0073 0.0014)
(0.015 0.0074 0.0014)
(0.015 0.0075 0.0014)
(0.015 0.0076 0.0014)
(0.015 0.0077 0.0014)
(0.015 0.0078 0.0014)
(0.015 0.0079 0.0014)
(0.015 0.008 0.0014)
(0.015 0.0081 0.0014)
(0.015 0.0082 0.0014)
(0.015 0.0083 0.0014)
(0.015 0.0084 0.0014)
(0.015 0.0085 0.0014)
(0.015 0.0086 0.0014)
(0.015 0.0087 0.0014)
(0.015 0.0088 0.0014)
(0.015 0.0089 0.0014)
(0.015 0.009 0.0014)
(0.015 0.0071 0.0015)
(0.015 0.0072 0.0015)
(0.015 0.0073 0.0015)
(0.015 0.0074 0.0015)
(0.015 0.0075 0.0015)
(0.015 0.0076 0.0015)
(0.015 0.0077 0.0015)
(0.015 0.0078 0.0015)
(0.015 0.0079 0.0015)
(0.015 0.008 0.0015)
(0.015 0.0081 0.0015)
(0.015 0.0082 0.0015)
(0.015 0.0083 0.0015)
(0.015 0.0084 0.0015)
(0.015 0.0085 0.0015)
(0.015 0.0086 0.0015)
(0.015 0.0087 0.0015)
(0.015 0.0088 0.0015)
(0.015 0.0089 0.0015)
(0.015 0.009 0.0015)
(0.015 0.0071 0.0016)
(0.015 0.0072 0.0016)
(0.015 0.0073 0.0016)
(0.015 0.0074 0.0016)
(0.015 0.0075 0.0016)
(0.015 0.0076 0.0016)
(0.015 0.0077 0.0016)
(0.015 0.0078 0.0016)
(0.015 0.0079 0.0016)
(0.015 0.008 0.0016)
(0.015 0.0081 0.0016)
(0.015 0.0082 0.0016)
(0.015 0.0083 0.0016)
(0.015 0.0084 0.0016)
(0.015 0.0085 0.0016)
(0.015 0.0086 0.0016)
(0.015 0.0087 0.0016)
(0.015 0.0088 0.0016)
(0.015 0.0089 0.0016)
(0.015 0.009 0.0016)
(0.015 0.0071 0.0017)
(0.015 0.0072 0.0017)
(0.015 0.0073 0.0017)
(0.015 0.0074 0.0017)
(0.015 0.0075 0.0017)
(0.015 0.0076 0.0017)
(0.015 0.0077 0.0017)
(0.015 0.0078 0.0017)
(0.015 0.0079 0.0017)
(0.015 0.008 0.0017)
(0.015 0.0081 0.0017)
(0.015 0.0082 0.0017)
(0.015 0.0083 0.0017)
(0.015 0.0084 0.0017)
(0.015 0.0085 0.0017)
(0.015 0.0086 0.0017)
(0.015 0.0087 0.0017)
(0.015 0.0088 0.0017)
(0.015 0.0089 0.0017)
(0.015 0.009 0.0017)
(0.015 0.0071 0.0018)
(0.015 0.0072 0.0018)
(0.015 0.0073 0.0018)
(0.015 0.0074 0.0018)
(0.015 0.0075 0.0018)
(0.015 0.0076 0.0018)
(0.015 0.0077 0.0018)
(0.015 0.0078 0.0018)
(0.015 0.0079 0.0018)
(0.015 0.008 0.0018)
(0.015 0.0081 0.0018)
(0.015 0.0082 0.0018)
(0.015 0.0083 0.0018)
(0.015 0.0084 0.0018)
(0.015 0.0085 0.0018)
(0.015 0.0086 0.0018)
(0.015 0.0087 0.0018)
(0.015 0.0088 0.0018)
(0.015 0.0089 0.0018)
(0.015 0.009 0.0018)
(0.015 0.0071 0.0019)
(0.015 0.0072 0.0019)
(0.015 0.0073 0.0019)
(0.015 0.0074 0.0019)
(0.015 0.0075 0.0019)
(0.015 0.0076 0.0019)
(0.015 0.0077 0.0019)
(0.015 0.0078 0.0019)
(0.015 0.0079 0.0019)
(0.015 0.008 0.0019)
(0.015 0.0081 0.0019)
(0.015 0.0082 0.0019)
(0.015 0.0083 0.0019)
(0.015 0.0084 0.0019)
(0.015 0.0085 0.0019)
(0.015 0.0086 0.0019)
(0.015 0.0087 0.0019)
(0.015 0.0088 0.0019)
(0.015 0.0089 0.0019)
(0.015 0.009 0.0019)
(0.015 0.0071 0.002)
(0.015 0.0072 0.002)
(0.015 0.0073 0.002)
(0.015 0.0074 0.002)
(0.015 0.0075 0.002)
(0.015 0.0076 0.002)
(0.015 0.0077 0.002)
(0.015 0.0078 0.002)
(0.015 0.0079 0.002)
(0.015 0.008 0.002)
(0.015 0.0081 0.002)
(0.015 0.0082 0.002)
(0.015 0.0083 0.002)
(0.015 0.0084 0.002)
(0.015 0.0085 0.002)
(0.015 0.0086 0.002)
(0.015 0.0087 0.002)
(0.015 0.0088 0.002)
(0.015 0.0089 0.002)
(0.015 0.009 0.002)
(0.015 0.0071 0.0021)
(0.015 0.0072 0.0021)
(0.015 0.0073 0.0021)
(0.015 0.0074 0.0021)
(0.015 0.0075 0.0021)
(0.015 0.0076 0.0021)
(0.015 0.0077 0.0021)
(0.015 0.0078 0.0021)
(0.015 0.0079 0.0021)
(0.015 0.008 0.0021)
(0.015 0.0081 0.0021)
(0.015 0.0082 0.0021)
(0.015 0.0083 0.0021)
(0.015 0.0084 0.0021)
(0.015 0.0085 0.0021)
(0.015 0.0086 0.0021)
(0.015 0.0087 0.0021)
(0.015 0.0088 0.0021)
(0.015 0.0089 0.0021)
(0.015 0.009 0.0021)
(0.015 0.0071 0.0022)
(0.015 0.0072 0.0022)
(0.015 0.0073 0.0022)
(0.015 0.0074 0.0022)
(0.015 0.0075 0.0022)
(0.015 0.0076 0.0022)
(0.015 0.0077 0.0022)
(0.015 0.0078 0.0022)
(0.015 0.0079 0.0022)
(0.015 0.008 0.0022)
(0.015 0.0081 0.0022)
(0.015 0.0082 0.0022)
(0.015 0.0083 0.0022)
(0.015 0.0084 0.0022)
(0.015 0.0085 0.0022)
(0.015 0.0086 0.0022)
(0.015 0.0087 0.0022)
(0.015 0.0088 0.0022)
(0.015 0.0089 0.0022)
(0.015 0.009 0.0022)
(0.015 0.0071 0.0023)
(0.015 0.0072 0.0023)
(0.015 0.0073 0.0023)
(0.015 0.0074 0.0023)
(0.015 0.0075 0.0023)
(0.015 0.0076 0.0023)
(0.015 0.0077 0.0023)
(0.015 0.0078 0.0023)
(0.015 0.0079 0.0023)
(0.015 0.008 0.0023)
(0.015 0.0081 0.0023)
(0.015 0.0082 0.0023)
(0.015 0.0083 0.0023)
(0.015 0.0084 0.0023)
(0.015 0.0085 0.0023)
(0.015 0.0086 0.0023)
(0.015 0.0087 0.0023)
(0.015 0.0088 0.0023)
(0.015 0.0089 0.0023)
(0.015 0.009 0.0023)
(0.015 0.0071 0.0024)
(0.015 0.0072 0.0024)
(0.015 0.0073 0.0024)
(0.015 0.0074 0.0024)
(0.015 0.0075 0.0024)
(0.015 0.0076 0.0024)
(0.015 0.0077 0.0024)
(0.015 0.0078 0.0024)
(0.015 0.0079 0.0024)
(0.015 0.008 0.0024)
(0.015 0.0081 0.0024)
(0.015 0.0082 0.0024)
(0.015 0.0083 0.0024)
(0.015 0.0084 0.0024)
(0.015 0.0085 0.0024)
(0.015 0.0086 0.0024)
(0.015 0.0087 0.0024)
(0.015 0.0088 0.0024)
(0.015 0.0089 0.0024)
(0.015 0.009 0.0024)
(0.015 0.0071 0.0025)
(0.015 0.0072 0.0025)
(0.015 0.0073 0.0025)
(0.015 0.0074 0.0025)
(0.015 0.0075 0.0025)
(0.015 0.0076 0.0025)
(0.015 0.0077 0.0025)
(0.015 0.0078 0.0025)
(0.015 0.0079 0.0025)
(0.015 0.008 0.0025)
(0.015 0.0081 0.0025)
(0.015 0.0082 0.0025)
(0.015 0.0083 0.0025)
(0.015 0.0084 0.0025)
(0.015 0.0085 0.0025)
(0.015 0.0086 0.0025)
(0.015 0.0087 0.0025)
(0.015 0.0088 0.0025)
(0.015 0.0089 0.0025)
(0.015 0.009 0.0025)
(0.015 0.0071 0.0026)
(0.015 0.0072 0.0026)
(0.015 0.0073 0.0026)
(0.015 0.0074 0.0026)
(0.015 0.0075 0.0026)
(0.015 0.0076 0.0026)
(0.015 0.0077 0.0026)
(0.015 0.0078 0.0026)
(0.015 0.0079 0.0026)
(0.015 0.008 0.0026)
(0.015 0.0081 0.0026)
(0.015 0.0082 0.0026)
(0.015 0.0083 0.0026)
(0.015 0.0084 0.0026)
(0.015 0.0085 0.0026)
(0.015 0.0086 0.0026)
(0.015 0.0087 0.0026)
(0.015 0.0088 0.0026)
(0.015 0.0089 0.0026)
(0.015 0.009 0.0026)
(0.015 0.0071 0.0027)
(0.015 0.0072 0.0027)
(0.015 0.0073 0.0027)
(0.015 0.0074 0.0027)
(0.015 0.0075 0.0027)
(0.015 0.0076 0.0027)
(0.015 0.0077 0.0027)
(0.015 0.0078 0.0027)
(0.015 0.0079 0.0027)
(0.015 0.008 0.0027)
(0.015 0.0081 0.0027)
(0.015 0.0082 0.0027)
(0.015 0.0083 0.0027)
(0.015 0.0084 0.0027)
(0.015 0.0085 0.0027)
(0.015 0.0086 0.0027)
(0.015 0.0087 0.0027)
(0.015 0.0088 0.0027)
(0.015 0.0089 0.0027)
(0.015 0.009 0.0027)
(0.015 0.0071 0.0028)
(0.015 0.0072 0.0028)
(0.015 0.0073 0.0028)
(0.015 0.0074 0.0028)
(0.015 0.0075 0.0028)
(0.015 0.0076 0.0028)
(0.015 0.0077 0.0028)
(0.015 0.0078 0.0028)
(0.015 0.0079 0.0028)
(0.015 0.008 0.0028)
(0.015 0.0081 0.0028)
(0.015 0.0082 0.0028)
(0.015 0.0083 0.0028)
(0.015 0.0084 0.0028)
(0.015 0.0085 0.0028)
(0.015 0.0086 0.0028)
(0.015 0.0087 0.0028)
(0.015 0.0088 0.0028)
(0.015 0.0089 0.0028)
(0.015 0.009 0.0028)
(0.015 0.0071 0.0029)
(0.015 0.0072 0.0029)
(0.015 0.0073 0.0029)
(0.015 0.0074 0.0029)
(0.015 0.0075 0.0029)
(0.015 0.0076 0.0029)
(0.015 0.0077 0.0029)
(0.015 0.0078 0.0029)
(0.015 0.0079 0.0029)
(0.015 0.008 0.0029)
(0.015 0.0081 0.0029)
(0.015 0.0082 0.0029)
(0.015 0.0083 0.0029)
(0.015 0.0084 0.0029)
(0.015 0.0085 0.0029)
(0.015 0.0086 0.0029)
(0.015 0.0087 0.0029)
(0.015 0.0088 0.0029)
(0.015 0.0089 0.0029)
(0.015 0.009 0.0029)
(0.015 0.0071 0.003)
(0.015 0.0072 0.003)
(0.015 0.0073 0.003)
(0.015 0.0074 0.003)
(0.015 0.0075 0.003)
(0.015 0.0076 0.003)
(0.015 0.0077 0.003)
(0.015 0.0078 0.003)
(0.015 0.0079 0.003)
(0.015 0.008 0.003)
(0.015 0.0081 0.003)
(0.015 0.0082 0.003)
(0.015 0.0083 0.003)
(0.015 0.0084 0.003)
(0.015 0.0085 0.003)
(0.015 0.0086 0.003)
(0.015 0.0087 0.003)
(0.015 0.0088 0.003)
(0.015 0.0089 0.003)
(0.015 0.009 0.003)
(0.016666667 0.0071 0.0011)
(0.016666667 0.0072 0.0011)
(0.016666667 0.0073 0.0011)
(0.016666667 0.0074 0.0011)
(0.016666667 0.0075 0.0011)
(0.016666667 0.0076 0.0011)
(0.016666667 0.0077 0.0011)
(0.016666667 0.0078 0.0011)
(0.016666667 0.0079 0.0011)
(0.016666667 0.008 0.0011)
(0.016666667 0.0081 0.0011)
(0.016666667 0.0082 0.0011)
(0.016666667 0.0083 0.0011)
(0.016666667 0.0084 0.0011)
(0.016666667 0.0085 0.0011)
(0.016666667 0.0086 0.0011)
(0.016666667 0.0087 0.0011)
(0.016666667 0.0088 0.0011)
(0.016666667 0.0089 0.0011)
(0.016666667 0.009 0.0011)
(0.016666667 0.0071 0.0012)
(0.016666667 0.0072 0.0012)
(0.016666667 0.0073 0.0012)
(0.016666667 0.0074 0.0012)
(0.016666667 0.0075 0.0012)
(0.016666667 0.0076 0.0012)
(0.016666667 0.0077 0.0012)
(0.016666667 0.0078 0.0012)
(0.016666667 0.0079 0.0012)
(0.016666667 0.008 0.0012)
(0.016666667 0.0081 0.0012)
(0.016666667 0.0082 0.0012)
(0.016666667 0.0083 0.0012)
(0.016666667 0.0084 0.0012)
(0.016666667 0.0085 0.0012)
(0.016666667 0.0086 0.0012)
(0.016666667 0.0087 0.0012)
(0.016666667 0.0088 0.0012)
(0.016666667 0.0089 0.0012)
(0.016666667 0.009 0.0012)
(0.016666667 0.0071 0.0013)
(0.016666667 0.0072 0.0013)
(0.016666667 0.0073 0.0013)
(0.016666667 0.0074 0.0013)
(0.016666667 0.0075 0.0013)
(0.016666667 0.0076 0.0013)
(0.016666667 0.0077 0.0013)
(0.016666667 0.0078 0.0013)
(0.016666667 0.0079 0.0013)
(0.016666667 0.008 0.0013)
(0.016666667 0.0081 0.0013)
(0.016666667 0.0082 0.0013)
(0.016666667 0.0083 0.0013)
(0.016666667 0.0084 0.0013)
(0.016666667 0.0085 0.0013)
(0.016666667 0.0086 0.0013)
(0.016666667 0.0087 0.0013)
(0.016666667 0.0088 0.0013)
(0.016666667 0.0089 0.0013)
(0.016666667 0.009 0.0013)
(0.016666667 0.0071 0.0014)
(0.016666667 0.0072 0.0014)
(0.016666667 0.0073 0.0014)
(0.016666667 0.0074 0.0014)
(0.016666667 0.0075 0.0014)
(0.016666667 0.0076 0.0014)
(0.016666667 0.0077 0.0014)
(0.016666667 0.0078 0.0014)
(0.016666667 0.0079 0.0014)
(0.016666667 0.008 0.0014)
(0.016666667 0.0081 0.0014)
(0.016666667 0.0082 0.0014)
(0.016666667 0.0083 0.0014)
(0.016666667 0.0084 0.0014)
(0.016666667 0.0085 0.0014)
(0.016666667 0.0086 0.0014)
(0.016666667 0.0087 0.0014)
(0.016666667 0.0088 0.0014)
(0.016666667 0.0089 0.0014)
(0.016666667 0.009 0.0014)
(0.016666667 0.0071 0.0015)
(0.016666667 0.0072 0.0015)
(0.016666667 0.0073 0.0015)
(0.016666667 0.0074 0.0015)
(0.016666667 0.0075 0.0015)
(0.016666667 0.0076 0.0015)
(0.016666667 0.0077 0.0015)
(0.016666667 0.0078 0.0015)
(0.016666667 0.0079 0.0015)
(0.016666667 0.008 0.0015)
(0.016666667 0.0081 0.0015)
(0.016666667 0.0082 0.0015)
(0.016666667 0.0083 0.0015)
(0.016666667 0.0084 0.0015)
(0.016666667 0.0085 0.0015)
(0.016666667 0.0086 0.0015)
(0.016666667 0.0087 0.0015)
(0.016666667 0.0088 0.0015)
(0.016666667 0.0089 0.0015)
(0.016666667 0.009 0.0015)
(0.016666667 0.0071 0.0016)
(0.016666667 0.0072 0.0016)
(0.016666667 0.0073 0.0016)
(0.016666667 0.0074 0.0016)
(0.016666667 0.0075 0.0016)
(0.016666667 0.0076 0.0016)
(0.016666667 0.0077 0.0016)
(0.016666667 0.0078 0.0016)
(0.016666667 0.0079 0.0016)
(0.016666667 0.008 0.0016)
(0.016666667 0.0081 0.0016)
(0.016666667 0.0082 0.0016)
(0.016666667 0.0083 0.0016)
(0.016666667 0.0084 0.0016)
(0.016666667 0.0085 0.0016)
(0.016666667 0.0086 0.0016)
(0.016666667 0.0087 0.0016)
(0.016666667 0.0088 0.0016)
(0.016666667 0.0089 0.0016)
(0.016666667 0.009 0.0016)
(0.016666667 0.0071 0.0017)
(0.016666667 0.0072 0.0017)
(0.016666667 0.0073 0.0017)
(0.016666667 0.0074 0.0017)
(0.016666667 0.0075 0.0017)
(0.016666667 0.0076 0.0017)
(0.016666667 0.0077 0.0017)
(0.016666667 0.0078 0.0017)
(0.016666667 0.0079 0.0017)
(0.016666667 0.008 0.0017)
(0.016666667 0.0081 0.0017)
(0.016666667 0.0082 0.0017)
(0.016666667 0.0083 0.0017)
(0.016666667 0.0084 0.0017)
(0.016666667 0.0085 0.0017)
(0.016666667 0.0086 0.0017)
(0.016666667 0.0087 0.0017)
(0.016666667 0.0088 0.0017)
(0.016666667 0.0089 0.0017)
(0.016666667 0.009 0.0017)
(0.016666667 0.0071 0.0018)
(0.016666667 0.0072 0.0018)
(0.016666667 0.0073 0.0018)
(0.016666667 0.0074 0.0018)
(0.016666667 0.0075 0.0018)
(0.016666667 0.0076 0.0018)
(0.016666667 0.0077 0.0018)
(0.016666667 0.0078 0.0018)
(0.016666667 0.0079 0.0018)
(0.016666667 0.008 0.0018)
(0.016666667 0.0081 0.0018)
(0.016666667 0.0082 0.0018)
(0.016666667 0.0083 0.0018)
(0.016666667 0.0084 0.0018)
(0.016666667 0.0085 0.0018)
(0.016666667 0.0086 0.0018)
(0.016666667 0.0087 0.0018)
(0.016666667 0.0088 0.0018)
(0.016666667 0.0089 0.0018)
(0.016666667 0.009 0.0018)
(0.016666667 0.0071 0.0019)
(0.016666667 0.0072 0.0019)
(0.016666667 0.0073 0.0019)
(0.016666667 0.0074 0.0019)
(0.016666667 0.0075 0.0019)
(0.016666667 0.0076 0.0019)
(0.016666667 0.0077 0.0019)
(0.016666667 0.0078 0.0019)
(0.016666667 0.0079 0.0019)
(0.016666667 0.008 0.0019)
(0.016666667 0.0081 0.0019)
(0.016666667 0.0082 0.0019)
(0.016666667 0.0083 0.0019)
(0.016666667 0.0084 0.0019)
(0.016666667 0.0085 0.0019)
(0.016666667 0.0086 0.0019)
(0.016666667 0.0087 0.0019)
(0.016666667 0.0088 0.0019)
(0.016666667 0.0089 0.0019)
(0.016666667 0.009 0.0019)
(0.016666667 0.0071 0.002)
(0.016666667 0.0072 0.002)
(0.016666667 0.0073 0.002)
(0.016666667 0.0074 0.002)
(0.016666667 0.0075 0.002)
(0.016666667 0.0076 0.002)
(0.016666667 0.0077 0.002)
(0.016666667 0.0078 0.002)
(0.016666667 0.0079 0.002)
(0.016666667 0.008 0.002)
(0.016666667 0.0081 0.002)
(0.016666667 0.0082 0.002)
(0.016666667 0.0083 0.002)
(0.016666667 0.0084 0.002)
(0.016666667 0.0085 0.002)
(0.016666667 0.0086 0.002)
(0.016666667 0.0087 0.002)
(0.016666667 0.0088 0.002)
(0.016666667 0.0089 0.002)
(0.016666667 0.009 0.002)
(0.016666667 0.0071 0.0021)
(0.016666667 0.0072 0.0021)
(0.016666667 0.0073 0.0021)
(0.016666667 0.0074 0.0021)
(0.016666667 0.0075 0.0021)
(0.016666667 0.0076 0.0021)
(0.016666667 0.0077 0.0021)
(0.016666667 0.0078 0.0021)
(0.016666667 0.0079 0.0021)
(0.016666667 0.008 0.0021)
(0.016666667 0.0081 0.0021)
(0.016666667 0.0082 0.0021)
(0.016666667 0.0083 0.0021)
(0.016666667 0.0084 0.0021)
(0.016666667 0.0085 0.0021)
(0.016666667 0.0086 0.0021)
(0.016666667 0.0087 0.0021)
(0.016666667 0.0088 0.0021)
(0.016666667 0.0089 0.0021)
(0.016666667 0.009 0.0021)
(0.016666667 0.0071 0.0022)
(0.016666667 0.0072 0.0022)
(0.016666667 0.0073 0.0022)
(0.016666667 0.0074 0.0022)
(0.016666667 0.0075 0.0022)
(0.016666667 0.0076 0.0022)
(0.016666667 0.0077 0.0022)
(0.016666667 0.0078 0.0022)
(0.016666667 0.0079 0.0022)
(0.016666667 0.008 0.0022)
(0.016666667 0.0081 0.0022)
(0.016666667 0.0082 0.0022)
(0.016666667 0.0083 0.0022)
(0.016666667 0.0084 0.0022)
(0.016666667 0.0085 0.0022)
(0.016666667 0.0086 0.0022)
(0.016666667 0.0087 0.0022)
(0.016666667 0.0088 0.0022)
(0.016666667 0.0089 0.0022)
(0.016666667 0.009 0.0022)
(0.016666667 0.0071 0.0023)
(0.016666667 0.0072 0.0023)
(0.016666667 0.0073 0.0023)
(0.016666667 0.0074 0.0023)
(0.016666667 0.0075 0.0023)
(0.016666667 0.0076 0.0023)
(0.016666667 0.0077 0.0023)
(0.016666667 0.0078 0.0023)
(0.016666667 0.0079 0.0023)
(0.016666667 0.008 0.0023)
(0.016666667 0.0081 0.0023)
(0.016666667 0.0082 0.0023)
(0.016666667 0.0083 0.0023)
(0.016666667 0.0084 0.0023)
(0.016666667 0.0085 0.0023)
(0.016666667 0.0086 0.0023)
(0.016666667 0.0087 0.0023)
(0.016666667 0.0088 0.0023)
(0.016666667 0.0089 0.0023)
(0.016666667 0.009 0.0023)
(0.016666667 0.0071 0.0024)
(0.016666667 0.0072 0.0024)
(0.016666667 0.0073 0.0024)
(0.016666667 0.0074 0.0024)
(0.016666667 0.0075 0.0024)
(0.016666667 0.0076 0.0024)
(0.016666667 0.0077 0.0024)
(0.016666667 0.0078 0.0024)
(0.016666667 0.0079 0.0024)
(0.016666667 0.008 0.0024)
(0.016666667 0.0081 0.0024)
(0.016666667 0.0082 0.0024)
(0.016666667 0.0083 0.0024)
(0.016666667 0.0084 0.0024)
(0.016666667 0.0085 0.0024)
(0.016666667 0.0086 0.0024)
(0.016666667 0.0087 0.0024)
(0.016666667 0.0088 0.0024)
(0.016666667 0.0089 0.0024)
(0.016666667 0.009 0.0024)
(0.016666667 0.0071 0.0025)
(0.016666667 0.0072 0.0025)
(0.016666667 0.0073 0.0025)
(0.016666667 0.0074 0.0025)
(0.016666667 0.0075 0.0025)
(0.016666667 0.0076 0.0025)
(0.016666667 0.0077 0.0025)
(0.016666667 0.0078 0.0025)
(0.016666667 0.0079 0.0025)
(0.016666667 0.008 0.0025)
(0.016666667 0.0081 0.0025)
(0.016666667 0.0082 0.0025)
(0.016666667 0.0083 0.0025)
(0.016666667 0.0084 0.0025)
(0.016666667 0.0085 0.0025)
(0.016666667 0.0086 0.0025)
(0.016666667 0.0087 0.0025)
(0.016666667 0.0088 0.0025)
(0.016666667 0.0089 0.0025)
(0.016666667 0.009 0.0025)
(0.016666667 0.0071 0.0026)
(0.016666667 0.0072 0.0026)
(0.016666667 0.0073 0.0026)
(0.016666667 0.0074 0.0026)
(0.016666667 0.0075 0.0026)
(0.016666667 0.0076 0.0026)
(0.016666667 0.0077 0.0026)
(0.016666667 0.0078 0.0026)
(0.016666667 0.0079 0.0026)
(0.016666667 0.008 0.0026)
(0.016666667 0.0081 0.0026)
(0.016666667 0.0082 0.0026)
(0.016666667 0.0083 0.0026)
(0.016666667 0.0084 0.0026)
(0.016666667 0.0085 0.0026)
(0.016666667 0.0086 0.0026)
(0.016666667 0.0087 0.0026)
(0.016666667 0.0088 0.0026)
(0.016666667 0.0089 0.0026)
(0.016666667 0.009 0.0026)
(0.016666667 0.0071 0.0027)
(0.016666667 0.0072 0.0027)
(0.016666667 0.0073 0.0027)
(0.016666667 0.0074 0.0027)
(0.016666667 0.0075 0.0027)
(0.016666667 0.0076 0.0027)
(0.016666667 0.0077 0.0027)
(0.016666667 0.0078 0.0027)
(0.016666667 0.0079 0.0027)
(0.016666667 0.008 0.0027)
(0.016666667 0.0081 0.0027)
(0.016666667 0.0082 0.0027)
(0.016666667 0.0083 0.0027)
(0.016666667 0.0084 0.0027)
(0.016666667 0.0085 0.0027)
(0.016666667 0.0086 0.0027)
(0.016666667 0.0087 0.0027)
(0.016666667 0.0088 0.0027)
(0.016666667 0.0089 0.0027)
(0.016666667 0.009 0.0027)
(0.016666667 0.0071 0.0028)
(0.016666667 0.0072 0.0028)
(0.016666667 0.0073 0.0028)
(0.016666667 0.0074 0.0028)
(0.016666667 0.0075 0.0028)
(0.016666667 0.0076 0.0028)
(0.016666667 0.0077 0.0028)
(0.016666667 0.0078 0.0028)
(0.016666667 0.0079 0.0028)
(0.016666667 0.008 0.0028)
(0.016666667 0.0081 0.0028)
(0.016666667 0.0082 0.0028)
(0.016666667 0.0083 0.0028)
(0.016666667 0.0084 0.0028)
(0.016666667 0.0085 0.0028)
(0.016666667 0.0086 0.0028)
(0.016666667 0.0087 0.0028)
(0.016666667 0.0088 0.0028)
(0.016666667 0.0089 0.0028)
(0.016666667 0.009 0.0028)
(0.016666667 0.0071 0.0029)
(0.016666667 0.0072 0.0029)
(0.016666667 0.0073 0.0029)
(0.016666667 0.0074 0.0029)
(0.016666667 0.0075 0.0029)
(0.016666667 0.0076 0.0029)
(0.016666667 0.0077 0.0029)
(0.016666667 0.0078 0.0029)
(0.016666667 0.0079 0.0029)
(0.016666667 0.008 0.0029)
(0.016666667 0.0081 0.0029)
(0.016666667 0.0082 0.0029)
(0.016666667 0.0083 0.0029)
(0.016666667 0.0084 0.0029)
(0.016666667 0.0085 0.0029)
(0.016666667 0.0086 0.0029)
(0.016666667 0.0087 0.0029)
(0.016666667 0.0088 0.0029)
(0.016666667 0.0089 0.0029)
(0.016666667 0.009 0.0029)
(0.016666667 0.0071 0.003)
(0.016666667 0.0072 0.003)
(0.016666667 0.0073 0.003)
(0.016666667 0.0074 0.003)
(0.016666667 0.0075 0.003)
(0.016666667 0.0076 0.003)
(0.016666667 0.0077 0.003)
(0.016666667 0.0078 0.003)
(0.016666667 0.0079 0.003)
(0.016666667 0.008 0.003)
(0.016666667 0.0081 0.003)
(0.016666667 0.0082 0.003)
(0.016666667 0.0083 0.003)
(0.016666667 0.0084 0.003)
(0.016666667 0.0085 0.003)
(0.016666667 0.0086 0.003)
(0.016666667 0.0087 0.003)
(0.016666667 0.0088 0.003)
(0.016666667 0.0089 0.003)
(0.016666667 0.009 0.003)
(0.018333333 0.0071 0.0011)
(0.018333333 0.0072 0.0011)
(0.018333333 0.0073 0.0011)
(0.018333333 0.0074 0.0011)
(0.018333333 0.0075 0.0011)
(0.018333333 0.0076 0.0011)
(0.018333333 0.0077 0.0011)
(0.018333333 0.0078 0.0011)
(0.018333333 0.0079 0.0011)
(0.018333333 0.008 0.0011)
(0.018333333 0.0081 0.0011)
(0.018333333 0.0082 0.0011)
(0.018333333 0.0083 0.0011)
(0.018333333 0.0084 0.0011)
(0.018333333 0.0085 0.0011)
(0.018333333 0.0086 0.0011)
(0.018333333 0.0087 0.0011)
(0.018333333 0.0088 0.0011)
(0.018333333 0.0089 0.0011)
(0.018333333 0.009 0.0011)
(0.018333333 0.0071 0.0012)
(0.018333333 0.0072 0.0012)
(0.018333333 0.0073 0.0012)
(0.018333333 0.0074 0.0012)
(0.018333333 0.0075 0.0012)
(0.018333333 0.0076 0.0012)
(0.018333333 0.0077 0.0012)
(0.018333333 0.0078 0.0012)
(0.018333333 0.0079 0.0012)
(0.018333333 0.008 0.0012)
(0.018333333 0.0081 0.0012)
(0.018333333 0.0082 0.0012)
(0.018333333 0.0083 0.0012)
(0.018333333 0.0084 0.0012)
(0.018333333 0.0085 0.0012)
(0.018333333 0.0086 0.0012)
(0.018333333 0.0087 0.0012)
(0.018333333 0.0088 0.0012)
(0.018333333 0.0089 0.0012)
(0.018333333 0.009 0.0012)
(0.018333333 0.0071 0.0013)
(0.018333333 0.0072 0.0013)
(0.018333333 0.0073 0.0013)
(0.018333333 0.0074 0.0013)
(0.018333333 0.0075 0.0013)
(0.018333333 0.0076 0.0013)
(0.018333333 0.0077 0.0013)
(0.018333333 0.0078 0.0013)
(0.018333333 0.0079 0.0013)
(0.018333333 0.008 0.0013)
(0.018333333 0.0081 0.0013)
(0.018333333 0.0082 0.0013)
(0.018333333 0.0083 0.0013)
(0.018333333 0.0084 0.0013)
(0.018333333 0.0085 0.0013)
(0.018333333 0.0086 0.0013)
(0.018333333 0.0087 0.0013)
(0.018333333 0.0088 0.0013)
(0.018333333 0.0089 0.0013)
(0.018333333 0.009 0.0013)
(0.018333333 0.0071 0.0014)
(0.018333333 0.0072 0.0014)
(0.018333333 0.0073 0.0014)
(0.018333333 0.0074 0.0014)
(0.018333333 0.0075 0.0014)
(0.018333333 0.0076 0.0014)
(0.018333333 0.0077 0.0014)
(0.018333333 0.0078 0.0014)
(0.018333333 0.0079 0.0014)
(0.018333333 0.008 0.0014)
(0.018333333 0.0081 0.0014)
(0.018333333 0.0082 0.0014)
(0.018333333 0.0083 0.0014)
(0.018333333 0.0084 0.0014)
(0.018333333 0.0085 0.0014)
(0.018333333 0.0086 0.0014)
(0.018333333 0.0087 0.0014)
(0.018333333 0.0088 0.0014)
(0.018333333 0.0089 0.0014)
(0.018333333 0.009 0.0014)
(0.018333333 0.0071 0.0015)
(0.018333333 0.0072 0.0015)
(0.018333333 0.0073 0.0015)
(0.018333333 0.0074 0.0015)
(0.018333333 0.0075 0.0015)
(0.018333333 0.0076 0.0015)
(0.018333333 0.0077 0.0015)
(0.018333333 0.0078 0.0015)
(0.018333333 0.0079 0.0015)
(0.018333333 0.008 0.0015)
(0.018333333 0.0081 0.0015)
(0.018333333 0.0082 0.0015)
(0.018333333 0.0083 0.0015)
(0.018333333 0.0084 0.0015)
(0.018333333 0.0085 0.0015)
(0.018333333 0.0086 0.0015)
(0.018333333 0.0087 0.0015)
(0.018333333 0.0088 0.0015)
(0.018333333 0.0089 0.0015)
(0.018333333 0.009 0.0015)
(0.018333333 0.0071 0.0016)
(0.018333333 0.0072 0.0016)
(0.018333333 0.0073 0.0016)
(0.018333333 0.0074 0.0016)
(0.018333333 0.0075 0.0016)
(0.018333333 0.0076 0.0016)
(0.018333333 0.0077 0.0016)
(0.018333333 0.0078 0.0016)
(0.018333333 0.0079 0.0016)
(0.018333333 0.008 0.0016)
(0.018333333 0.0081 0.0016)
(0.018333333 0.0082 0.0016)
(0.018333333 0.0083 0.0016)
(0.018333333 0.0084 0.0016)
(0.018333333 0.0085 0.0016)
(0.018333333 0.0086 0.0016)
(0.018333333 0.0087 0.0016)
(0.018333333 0.0088 0.0016)
(0.018333333 0.0089 0.0016)
(0.018333333 0.009 0.0016)
(0.018333333 0.0071 0.0017)
(0.018333333 0.0072 0.0017)
(0.018333333 0.0073 0.0017)
(0.018333333 0.0074 0.0017)
(0.018333333 0.0075 0.0017)
(0.018333333 0.0076 0.0017)
(0.018333333 0.0077 0.0017)
(0.018333333 0.0078 0.0017)
(0.018333333 0.0079 0.0017)
(0.018333333 0.008 0.0017)
(0.018333333 0.0081 0.0017)
(0.018333333 0.0082 0.0017)
(0.018333333 0.0083 0.0017)
(0.018333333 0.0084 0.0017)
(0.018333333 0.0085 0.0017)
(0.018333333 0.0086 0.0017)
(0.018333333 0.0087 0.0017)
(0.018333333 0.0088 0.0017)
(0.018333333 0.0089 0.0017)
(0.018333333 0.009 0.0017)
(0.018333333 0.0071 0.0018)
(0.018333333 0.0072 0.0018)
(0.018333333 0.0073 0.0018)
(0.018333333 0.0074 0.0018)
(0.018333333 0.0075 0.0018)
(0.018333333 0.0076 0.0018)
(0.018333333 0.0077 0.0018)
(0.018333333 0.0078 0.0018)
(0.018333333 0.0079 0.0018)
(0.018333333 0.008 0.0018)
(0.018333333 0.0081 0.0018)
(0.018333333 0.0082 0.0018)
(0.018333333 0.0083 0.0018)
(0.018333333 0.0084 0.0018)
(0.018333333 0.0085 0.0018)
(0.018333333 0.0086 0.0018)
(0.018333333 0.0087 0.0018)
(0.018333333 0.0088 0.0018)
(0.018333333 0.0089 0.0018)
(0.018333333 0.009 0.0018)
(0.018333333 0.0071 0.0019)
(0.018333333 0.0072 0.0019)
(0.018333333 0.0073 0.0019)
(0.018333333 0.0074 0.0019)
(0.018333333 0.0075 0.0019)
(0.018333333 0.0076 0.0019)
(0.018333333 0.0077 0.0019)
(0.018333333 0.0078 0.0019)
(0.018333333 0.0079 0.0019)
(0.018333333 0.008 0.0019)
(0.018333333 0.0081 0.0019)
(0.018333333 0.0082 0.0019)
(0.018333333 0.0083 0.0019)
(0.018333333 0.0084 0.0019)
(0.018333333 0.0085 0.0019)
(0.018333333 0.0086 0.0019)
(0.018333333 0.0087 0.0019)
(0.018333333 0.0088 0.0019)
(0.018333333 0.0089 0.0019)
(0.018333333 0.009 0.0019)
(0.018333333 0.0071 0.002)
(0.018333333 0.0072 0.002)
(0.018333333 0.0073 0.002)
(0.018333333 0.0074 0.002)
(0.018333333 0.0075 0.002)
(0.018333333 0.0076 0.002)
(0.018333333 0.0077 0.002)
(0.018333333 0.0078 0.002)
(0.018333333 0.0079 0.002)
(0.018333333 0.008 0.002)
(0.018333333 0.0081 0.002)
(0.018333333 0.0082 0.002)
(0.018333333 0.0083 0.002)
(0.018333333 0.0084 0.002)
(0.018333333 0.0085 0.002)
(0.018333333 0.0086 0.002)
(0.018333333 0.0087 0.002)
(0.018333333 0.0088 0.002)
(0.018333333 0.0089 0.002)
(0.018333333 0.009 0.002)
(0.018333333 0.0071 0.0021)
(0.018333333 0.0072 0.0021)
(0.018333333 0.0073 0.0021)
(0.018333333 0.0074 0.0021)
(0.018333333 0.0075 0.0021)
(0.018333333 0.0076 0.0021)
(0.018333333 0.0077 0.0021)
(0.018333333 0.0078 0.0021)
(0.018333333 0.0079 0.0021)
(0.018333333 0.008 0.0021)
(0.018333333 0.0081 0.0021)
(0.018333333 0.0082 0.0021)
(0.018333333 0.0083 0.0021)
(0.018333333 0.0084 0.0021)
(0.018333333 0.0085 0.0021)
(0.018333333 0.0086 0.0021)
(0.018333333 0.0087 0.0021)
(0.018333333 0.0088 0.0021)
(0.018333333 0.0089 0.0021)
(0.018333333 0.009 0.0021)
(0.018333333 0.0071 0.0022)
(0.018333333 0.0072 0.0022)
(0.018333333 0.0073 0.0022)
(0.018333333 0.0074 0.0022)
(0.018333333 0.0075 0.0022)
(0.018333333 0.0076 0.0022)
(0.018333333 0.0077 0.0022)
(0.018333333 0.0078 0.0022)
(0.018333333 0.0079 0.0022)
(0.018333333 0.008 0.0022)
(0.018333333 0.0081 0.0022)
(0.018333333 0.0082 0.0022)
(0.018333333 0.0083 0.0022)
(0.018333333 0.0084 0.0022)
(0.018333333 0.0085 0.0022)
(0.018333333 0.0086 0.0022)
(0.018333333 0.0087 0.0022)
(0.018333333 0.0088 0.0022)
(0.018333333 0.0089 0.0022)
(0.018333333 0.009 0.0022)
(0.018333333 0.0071 0.0023)
(0.018333333 0.0072 0.0023)
(0.018333333 0.0073 0.0023)
(0.018333333 0.0074 0.0023)
(0.018333333 0.0075 0.0023)
(0.018333333 0.0076 0.0023)
(0.018333333 0.0077 0.0023)
(0.018333333 0.0078 0.0023)
(0.018333333 0.0079 0.0023)
(0.018333333 0.008 0.0023)
(0.018333333 0.0081 0.0023)
(0.018333333 0.0082 0.0023)
(0.018333333 0.0083 0.0023)
(0.018333333 0.0084 0.0023)
(0.018333333 0.0085 0.0023)
(0.018333333 0.0086 0.0023)
(0.018333333 0.0087 0.0023)
(0.018333333 0.0088 0.0023)
(0.018333333 0.0089 0.0023)
(0.018333333 0.009 0.0023)
(0.018333333 0.0071 0.0024)
(0.018333333 0.0072 0.0024)
(0.018333333 0.0073 0.0024)
(0.018333333 0.0074 0.0024)
(0.018333333 0.0075 0.0024)
(0.018333333 0.0076 0.0024)
(0.018333333 0.0077 0.0024)
(0.018333333 0.0078 0.0024)
(0.018333333 0.0079 0.0024)
(0.018333333 0.008 0.0024)
(0.018333333 0.0081 0.0024)
(0.018333333 0.0082 0.0024)
(0.018333333 0.0083 0.0024)
(0.018333333 0.0084 0.0024)
(0.018333333 0.0085 0.0024)
(0.018333333 0.0086 0.0024)
(0.018333333 0.0087 0.0024)
(0.018333333 0.0088 0.0024)
(0.018333333 0.0089 0.0024)
(0.018333333 0.009 0.0024)
(0.018333333 0.0071 0.0025)
(0.018333333 0.0072 0.0025)
(0.018333333 0.0073 0.0025)
(0.018333333 0.0074 0.0025)
(0.018333333 0.0075 0.0025)
(0.018333333 0.0076 0.0025)
(0.018333333 0.0077 0.0025)
(0.018333333 0.0078 0.0025)
(0.018333333 0.0079 0.0025)
(0.018333333 0.008 0.0025)
(0.018333333 0.0081 0.0025)
(0.018333333 0.0082 0.0025)
(0.018333333 0.0083 0.0025)
(0.018333333 0.0084 0.0025)
(0.018333333 0.0085 0.0025)
(0.018333333 0.0086 0.0025)
(0.018333333 0.0087 0.0025)
(0.018333333 0.0088 0.0025)
(0.018333333 0.0089 0.0025)
(0.018333333 0.009 0.0025)
(0.018333333 0.0071 0.0026)
(0.018333333 0.0072 0.0026)
(0.018333333 0.0073 0.0026)
(0.018333333 0.0074 0.0026)
(0.018333333 0.0075 0.0026)
(0.018333333 0.0076 0.0026)
(0.018333333 0.0077 0.0026)
(0.018333333 0.0078 0.0026)
(0.018333333 0.0079 0.0026)
(0.018333333 0.008 0.0026)
(0.018333333 0.0081 0.0026)
(0.018333333 0.0082 0.0026)
(0.018333333 0.0083 0.0026)
(0.018333333 0.0084 0.0026)
(0.018333333 0.0085 0.0026)
(0.018333333 0.0086 0.0026)
(0.018333333 0.0087 0.0026)
(0.018333333 0.0088 0.0026)
(0.018333333 0.0089 0.0026)
(0.018333333 0.009 0.0026)
(0.018333333 0.0071 0.0027)
(0.018333333 0.0072 0.0027)
(0.018333333 0.0073 0.0027)
(0.018333333 0.0074 0.0027)
(0.018333333 0.0075 0.0027)
(0.018333333 0.0076 0.0027)
(0.018333333 0.0077 0.0027)
(0.018333333 0.0078 0.0027)
(0.018333333 0.0079 0.0027)
(0.018333333 0.008 0.0027)
(0.018333333 0.0081 0.0027)
(0.018333333 0.0082 0.0027)
(0.018333333 0.0083 0.0027)
(0.018333333 0.0084 0.0027)
(0.018333333 0.0085 0.0027)
(0.018333333 0.0086 0.0027)
(0.018333333 0.0087 0.0027)
(0.018333333 0.0088 0.0027)
(0.018333333 0.0089 0.0027)
(0.018333333 0.009 0.0027)
(0.018333333 0.0071 0.0028)
(0.018333333 0.0072 0.0028)
(0.018333333 0.0073 0.0028)
(0.018333333 0.0074 0.0028)
(0.018333333 0.0075 0.0028)
(0.018333333 0.0076 0.0028)
(0.018333333 0.0077 0.0028)
(0.018333333 0.0078 0.0028)
(0.018333333 0.0079 0.0028)
(0.018333333 0.008 0.0028)
(0.018333333 0.0081 0.0028)
(0.018333333 0.0082 0.0028)
(0.018333333 0.0083 0.0028)
(0.018333333 0.0084 0.0028)
(0.018333333 0.0085 0.0028)
(0.018333333 0.0086 0.0028)
(0.018333333 0.0087 0.0028)
(0.018333333 0.0088 0.0028)
(0.018333333 0.0089 0.0028)
(0.018333333 0.009 0.0028)
(0.018333333 0.0071 0.0029)
(0.018333333 0.0072 0.0029)
(0.018333333 0.0073 0.0029)
(0.018333333 0.0074 0.0029)
(0.018333333 0.0075 0.0029)
(0.018333333 0.0076 0.0029)
(0.018333333 0.0077 0.0029)
(0.018333333 0.0078 0.0029)
(0.018333333 0.0079 0.0029)
(0.018333333 0.008 0.0029)
(0.018333333 0.0081 0.0029)
(0.018333333 0.0082 0.0029)
(0.018333333 0.0083 0.0029)
(0.018333333 0.0084 0.0029)
(0.018333333 0.0085 0.0029)
(0.018333333 0.0086 0.0029)
(0.018333333 0.0087 0.0029)
(0.018333333 0.0088 0.0029)
(0.018333333 0.0089 0.0029)
(0.018333333 0.009 0.0029)
(0.018333333 0.0071 0.003)
(0.018333333 0.0072 0.003)
(0.018333333 0.0073 0.003)
(0.018333333 0.0074 0.003)
(0.018333333 0.0075 0.003)
(0.018333333 0.0076 0.003)
(0.018333333 0.0077 0.003)
(0.018333333 0.0078 0.003)
(0.018333333 0.0079 0.003)
(0.018333333 0.008 0.003)
(0.018333333 0.0081 0.003)
(0.018333333 0.0082 0.003)
(0.018333333 0.0083 0.003)
(0.018333333 0.0084 0.003)
(0.018333333 0.0085 0.003)
(0.018333333 0.0086 0.003)
(0.018333333 0.0087 0.003)
(0.018333333 0.0088 0.003)
(0.018333333 0.0089 0.003)
(0.018333333 0.009 0.003)
(0.02 0.0071 0.0011)
(0.02 0.0072 0.0011)
(0.02 0.0073 0.0011)
(0.02 0.0074 0.0011)
(0.02 0.0075 0.0011)
(0.02 0.0076 0.0011)
(0.02 0.0077 0.0011)
(0.02 0.0078 0.0011)
(0.02 0.0079 0.0011)
(0.02 0.008 0.0011)
(0.02 0.0081 0.0011)
(0.02 0.0082 0.0011)
(0.02 0.0083 0.0011)
(0.02 0.0084 0.0011)
(0.02 0.0085 0.0011)
(0.02 0.0086 0.0011)
(0.02 0.0087 0.0011)
(0.02 0.0088 0.0011)
(0.02 0.0089 0.0011)
(0.02 0.009 0.0011)
(0.02 0.0071 0.0012)
(0.02 0.0072 0.0012)
(0.02 0.0073 0.0012)
(0.02 0.0074 0.0012)
(0.02 0.0075 0.0012)
(0.02 0.0076 0.0012)
(0.02 0.0077 0.0012)
(0.02 0.0078 0.0012)
(0.02 0.0079 0.0012)
(0.02 0.008 0.0012)
(0.02 0.0081 0.0012)
(0.02 0.0082 0.0012)
(0.02 0.0083 0.0012)
(0.02 0.0084 0.0012)
(0.02 0.0085 0.0012)
(0.02 0.0086 0.0012)
(0.02 0.0087 0.0012)
(0.02 0.0088 0.0012)
(0.02 0.0089 0.0012)
(0.02 0.009 0.0012)
(0.02 0.0071 0.0013)
(0.02 0.0072 0.0013)
(0.02 0.0073 0.0013)
(0.02 0.0074 0.0013)
(0.02 0.0075 0.0013)
(0.02 0.0076 0.0013)
(0.02 0.0077 0.0013)
(0.02 0.0078 0.0013)
(0.02 0.0079 0.0013)
(0.02 0.008 0.0013)
(0.02 0.0081 0.0013)
(0.02 0.0082 0.0013)
(0.02 0.0083 0.0013)
(0.02 0.0084 0.0013)
(0.02 0.0085 0.0013)
(0.02 0.0086 0.0013)
(0.02 0.0087 0.0013)
(0.02 0.0088 0.0013)
(0.02 0.0089 0.0013)
(0.02 0.009 0.0013)
(0.02 0.0071 0.0014)
(0.02 0.0072 0.0014)
(0.02 0.0073 0.0014)
(0.02 0.0074 0.0014)
(0.02 0.0075 0.0014)
(0.02 0.0076 0.0014)
(0.02 0.0077 0.0014)
(0.02 0.0078 0.0014)
(0.02 0.0079 0.0014)
(0.02 0.008 0.0014)
(0.02 0.0081 0.0014)
(0.02 0.0082 0.0014)
(0.02 0.0083 0.0014)
(0.02 0.0084 0.0014)
(0.02 0.0085 0.0014)
(0.02 0.0086 0.0014)
(0.02 0.0087 0.0014)
(0.02 0.0088 0.0014)
(0.02 0.0089 0.0014)
(0.02 0.009 0.0014)
(0.02 0.0071 0.0015)
(0.02 0.0072 0.0015)
(0.02 0.0073 0.0015)
(0.02 0.0074 0.0015)
(0.02 0.0075 0.0015)
(0.02 0.0076 0.0015)
(0.02 0.0077 0.0015)
(0.02 0.0078 0.0015)
(0.02 0.0079 0.0015)
(0.02 0.008 0.0015)
(0.02 0.0081 0.0015)
(0.02 0.0082 0.0015)
(0.02 0.0083 0.0015)
(0.02 0.0084 0.0015)
(0.02 0.0085 0.0015)
(0.02 0.0086 0.0015)
(0.02 0.0087 0.0015)
(0.02 0.0088 0.0015)
(0.02 0.0089 0.0015)
(0.02 0.009 0.0015)
(0.02 0.0071 0.0016)
(0.02 0.0072 0.0016)
(0.02 0.0073 0.0016)
(0.02 0.0074 0.0016)
(0.02 0.0075 0.0016)
(0.02 0.0076 0.0016)
(0.02 0.0077 0.0016)
(0.02 0.0078 0.0016)
(0.02 0.0079 0.0016)
(0.02 0.008 0.0016)
(0.02 0.0081 0.0016)
(0.02 0.0082 0.0016)
(0.02 0.0083 0.0016)
(0.02 0.0084 0.0016)
(0.02 0.0085 0.0016)
(0.02 0.0086 0.0016)
(0.02 0.0087 0.0016)
(0.02 0.0088 0.0016)
(0.02 0.0089 0.0016)
(0.02 0.009 0.0016)
(0.02 0.0071 0.0017)
(0.02 0.0072 0.0017)
(0.02 0.0073 0.0017)
(0.02 0.0074 0.0017)
(0.02 0.0075 0.0017)
(0.02 0.0076 0.0017)
(0.02 0.0077 0.0017)
(0.02 0.0078 0.0017)
(0.02 0.0079 0.0017)
(0.02 0.008 0.0017)
(0.02 0.0081 0.0017)
(0.02 0.0082 0.0017)
(0.02 0.0083 0.0017)
(0.02 0.0084 0.0017)
(0.02 0.0085 0.0017)
(0.02 0.0086 0.0017)
(0.02 0.0087 0.0017)
(0.02 0.0088 0.0017)
(0.02 0.0089 0.0017)
(0.02 0.009 0.0017)
(0.02 0.0071 0.0018)
(0.02 0.0072 0.0018)
(0.02 0.0073 0.0018)
(0.02 0.0074 0.0018)
(0.02 0.0075 0.0018)
(0.02 0.0076 0.0018)
(0.02 0.0077 0.0018)
(0.02 0.0078 0.0018)
(0.02 0.0079 0.0018)
(0.02 0.008 0.0018)
(0.02 0.0081 0.0018)
(0.02 0.0082 0.0018)
(0.02 0.0083 0.0018)
(0.02 0.0084 0.0018)
(0.02 0.0085 0.0018)
(0.02 0.0086 0.0018)
(0.02 0.0087 0.0018)
(0.02 0.0088 0.0018)
(0.02 0.0089 0.0018)
(0.02 0.009 0.0018)
(0.02 0.0071 0.0019)
(0.02 0.0072 0.0019)
(0.02 0.0073 0.0019)
(0.02 0.0074 0.0019)
(0.02 0.0075 0.0019)
(0.02 0.0076 0.0019)
(0.02 0.0077 0.0019)
(0.02 0.0078 0.0019)
(0.02 0.0079 0.0019)
(0.02 0.008 0.0019)
(0.02 0.0081 0.0019)
(0.02 0.0082 0.0019)
(0.02 0.0083 0.0019)
(0.02 0.0084 0.0019)
(0.02 0.0085 0.0019)
(0.02 0.0086 0.0019)
(0.02 0.0087 0.0019)
(0.02 0.0088 0.0019)
(0.02 0.0089 0.0019)
(0.02 0.009 0.0019)
(0.02 0.0071 0.002)
(0.02 0.0072 0.002)
(0.02 0.0073 0.002)
(0.02 0.0074 0.002)
(0.02 0.0075 0.002)
(0.02 0.0076 0.002)
(0.02 0.0077 0.002)
(0.02 0.0078 0.002)
(0.02 0.0079 0.002)
(0.02 0.008 0.002)
(0.02 0.0081 0.002)
(0.02 0.0082 0.002)
(0.02 0.0083 0.002)
(0.02 0.0084 0.002)
(0.02 0.0085 0.002)
(0.02 0.0086 0.002)
(0.02 0.0087 0.002)
(0.02 0.0088 0.002)
(0.02 0.0089 0.002)
(0.02 0.009 0.002)
(0.02 0.0071 0.0021)
(0.02 0.0072 0.0021)
(0.02 0.0073 0.0021)
(0.02 0.0074 0.0021)
(0.02 0.0075 0.0021)
(0.02 0.0076 0.0021)
(0.02 0.0077 0.0021)
(0.02 0.0078 0.0021)
(0.02 0.0079 0.0021)
(0.02 0.008 0.0021)
(0.02 0.0081 0.0021)
(0.02 0.0082 0.0021)
(0.02 0.0083 0.0021)
(0.02 0.0084 0.0021)
(0.02 0.0085 0.0021)
(0.02 0.0086 0.0021)
(0.02 0.0087 0.0021)
(0.02 0.0088 0.0021)
(0.02 0.0089 0.0021)
(0.02 0.009 0.0021)
(0.02 0.0071 0.0022)
(0.02 0.0072 0.0022)
(0.02 0.0073 0.0022)
(0.02 0.0074 0.0022)
(0.02 0.0075 0.0022)
(0.02 0.0076 0.0022)
(0.02 0.0077 0.0022)
(0.02 0.0078 0.0022)
(0.02 0.0079 0.0022)
(0.02 0.008 0.0022)
(0.02 0.0081 0.0022)
(0.02 0.0082 0.0022)
(0.02 0.0083 0.0022)
(0.02 0.0084 0.0022)
(0.02 0.0085 0.0022)
(0.02 0.0086 0.0022)
(0.02 0.0087 0.0022)
(0.02 0.0088 0.0022)
(0.02 0.0089 0.0022)
(0.02 0.009 0.0022)
(0.02 0.0071 0.0023)
(0.02 0.0072 0.0023)
(0.02 0.0073 0.0023)
(0.02 0.0074 0.0023)
(0.02 0.0075 0.0023)
(0.02 0.0076 0.0023)
(0.02 0.0077 0.0023)
(0.02 0.0078 0.0023)
(0.02 0.0079 0.0023)
(0.02 0.008 0.0023)
(0.02 0.0081 0.0023)
(0.02 0.0082 0.0023)
(0.02 0.0083 0.0023)
(0.02 0.0084 0.0023)
(0.02 0.0085 0.0023)
(0.02 0.0086 0.0023)
(0.02 0.0087 0.0023)
(0.02 0.0088 0.0023)
(0.02 0.0089 0.0023)
(0.02 0.009 0.0023)
(0.02 0.0071 0.0024)
(0.02 0.0072 0.0024)
(0.02 0.0073 0.0024)
(0.02 0.0074 0.0024)
(0.02 0.0075 0.0024)
(0.02 0.0076 0.0024)
(0.02 0.0077 0.0024)
(0.02 0.0078 0.0024)
(0.02 0.0079 0.0024)
(0.02 0.008 0.0024)
(0.02 0.0081 0.0024)
(0.02 0.0082 0.0024)
(0.02 0.0083 0.0024)
(0.02 0.0084 0.0024)
(0.02 0.0085 0.0024)
(0.02 0.0086 0.0024)
(0.02 0.0087 0.0024)
(0.02 0.0088 0.0024)
(0.02 0.0089 0.0024)
(0.02 0.009 0.0024)
(0.02 0.0071 0.0025)
(0.02 0.0072 0.0025)
(0.02 0.0073 0.0025)
(0.02 0.0074 0.0025)
(0.02 0.0075 0.0025)
(0.02 0.0076 0.0025)
(0.02 0.0077 0.0025)
(0.02 0.0078 0.0025)
(0.02 0.0079 0.0025)
(0.02 0.008 0.0025)
(0.02 0.0081 0.0025)
(0.02 0.0082 0.0025)
(0.02 0.0083 0.0025)
(0.02 0.0084 0.0025)
(0.02 0.0085 0.0025)
(0.02 0.0086 0.0025)
(0.02 0.0087 0.0025)
(0.02 0.0088 0.0025)
(0.02 0.0089 0.0025)
(0.02 0.009 0.0025)
(0.02 0.0071 0.0026)
(0.02 0.0072 0.0026)
(0.02 0.0073 0.0026)
(0.02 0.0074 0.0026)
(0.02 0.0075 0.0026)
(0.02 0.0076 0.0026)
(0.02 0.0077 0.0026)
(0.02 0.0078 0.0026)
(0.02 0.0079 0.0026)
(0.02 0.008 0.0026)
(0.02 0.0081 0.0026)
(0.02 0.0082 0.0026)
(0.02 0.0083 0.0026)
(0.02 0.0084 0.0026)
(0.02 0.0085 0.0026)
(0.02 0.0086 0.0026)
(0.02 0.0087 0.0026)
(0.02 0.0088 0.0026)
(0.02 0.0089 0.0026)
(0.02 0.009 0.0026)
(0.02 0.0071 0.0027)
(0.02 0.0072 0.0027)
(0.02 0.0073 0.0027)
(0.02 0.0074 0.0027)
(0.02 0.0075 0.0027)
(0.02 0.0076 0.0027)
(0.02 0.0077 0.0027)
(0.02 0.0078 0.0027)
(0.02 0.0079 0.0027)
(0.02 0.008 0.0027)
(0.02 0.0081 0.0027)
(0.02 0.0082 0.0027)
(0.02 0.0083 0.0027)
(0.02 0.0084 0.0027)
(0.02 0.0085 0.0027)
(0.02 0.0086 0.0027)
(0.02 0.0087 0.0027)
(0.02 0.0088 0.0027)
(0.02 0.0089 0.0027)
(0.02 0.009 0.0027)
(0.02 0.0071 0.0028)
(0.02 0.0072 0.0028)
(0.02 0.0073 0.0028)
(0.02 0.0074 0.0028)
(0.02 0.0075 0.0028)
(0.02 0.0076 0.0028)
(0.02 0.0077 0.0028)
(0.02 0.0078 0.0028)
(0.02 0.0079 0.0028)
(0.02 0.008 0.0028)
(0.02 0.0081 0.0028)
(0.02 0.0082 0.0028)
(0.02 0.0083 0.0028)
(0.02 0.0084 0.0028)
(0.02 0.0085 0.0028)
(0.02 0.0086 0.0028)
(0.02 0.0087 0.0028)
(0.02 0.0088 0.0028)
(0.02 0.0089 0.0028)
(0.02 0.009 0.0028)
(0.02 0.0071 0.0029)
(0.02 0.0072 0.0029)
(0.02 0.0073 0.0029)
(0.02 0.0074 0.0029)
(0.02 0.0075 0.0029)
(0.02 0.0076 0.0029)
(0.02 0.0077 0.0029)
(0.02 0.0078 0.0029)
(0.02 0.0079 0.0029)
(0.02 0.008 0.0029)
(0.02 0.0081 0.0029)
(0.02 0.0082 0.0029)
(0.02 0.0083 0.0029)
(0.02 0.0084 0.0029)
(0.02 0.0085 0.0029)
(0.02 0.0086 0.0029)
(0.02 0.0087 0.0029)
(0.02 0.0088 0.0029)
(0.02 0.0089 0.0029)
(0.02 0.009 0.0029)
(0.02 0.0071 0.003)
(0.02 0.0072 0.003)
(0.02 0.0073 0.003)
(0.02 0.0074 0.003)
(0.02 0.0075 0.003)
(0.02 0.0076 0.003)
(0.02 0.0077 0.003)
(0.02 0.0078 0.003)
(0.02 0.0079 0.003)
(0.02 0.008 0.003)
(0.02 0.0081 0.003)
(0.02 0.0082 0.003)
(0.02 0.0083 0.003)
(0.02 0.0084 0.003)
(0.02 0.0085 0.003)
(0.02 0.0086 0.003)
(0.02 0.0087 0.003)
(0.02 0.0088 0.003)
(0.02 0.0089 0.003)
(0.02 0.009 0.003)
(0.021666667 0.0071 0.0011)
(0.021666667 0.0072 0.0011)
(0.021666667 0.0073 0.0011)
(0.021666667 0.0074 0.0011)
(0.021666667 0.0075 0.0011)
(0.021666667 0.0076 0.0011)
(0.021666667 0.0077 0.0011)
(0.021666667 0.0078 0.0011)
(0.021666667 0.0079 0.0011)
(0.021666667 0.008 0.0011)
(0.021666667 0.0081 0.0011)
(0.021666667 0.0082 0.0011)
(0.021666667 0.0083 0.0011)
(0.021666667 0.0084 0.0011)
(0.021666667 0.0085 0.0011)
(0.021666667 0.0086 0.0011)
(0.021666667 0.0087 0.0011)
(0.021666667 0.0088 0.0011)
(0.021666667 0.0089 0.0011)
(0.021666667 0.009 0.0011)
(0.021666667 0.0071 0.0012)
(0.021666667 0.0072 0.0012)
(0.021666667 0.0073 0.0012)
(0.021666667 0.0074 0.0012)
(0.021666667 0.0075 0.0012)
(0.021666667 0.0076 0.0012)
(0.021666667 0.0077 0.0012)
(0.021666667 0.0078 0.0012)
(0.021666667 0.0079 0.0012)
(0.021666667 0.008 0.0012)
(0.021666667 0.0081 0.0012)
(0.021666667 0.0082 0.0012)
(0.021666667 0.0083 0.0012)
(0.021666667 0.0084 0.0012)
(0.021666667 0.0085 0.0012)
(0.021666667 0.0086 0.0012)
(0.021666667 0.0087 0.0012)
(0.021666667 0.0088 0.0012)
(0.021666667 0.0089 0.0012)
(0.021666667 0.009 0.0012)
(0.021666667 0.0071 0.0013)
(0.021666667 0.0072 0.0013)
(0.021666667 0.0073 0.0013)
(0.021666667 0.0074 0.0013)
(0.021666667 0.0075 0.0013)
(0.021666667 0.0076 0.0013)
(0.021666667 0.0077 0.0013)
(0.021666667 0.0078 0.0013)
(0.021666667 0.0079 0.0013)
(0.021666667 0.008 0.0013)
(0.021666667 0.0081 0.0013)
(0.021666667 0.0082 0.0013)
(0.021666667 0.0083 0.0013)
(0.021666667 0.0084 0.0013)
(0.021666667 0.0085 0.0013)
(0.021666667 0.0086 0.0013)
(0.021666667 0.0087 0.0013)
(0.021666667 0.0088 0.0013)
(0.021666667 0.0089 0.0013)
(0.021666667 0.009 0.0013)
(0.021666667 0.0071 0.0014)
(0.021666667 0.0072 0.0014)
(0.021666667 0.0073 0.0014)
(0.021666667 0.0074 0.0014)
(0.021666667 0.0075 0.0014)
(0.021666667 0.0076 0.0014)
(0.021666667 0.0077 0.0014)
(0.021666667 0.0078 0.0014)
(0.021666667 0.0079 0.0014)
(0.021666667 0.008 0.0014)
(0.021666667 0.0081 0.0014)
(0.021666667 0.0082 0.0014)
(0.021666667 0.0083 0.0014)
(0.021666667 0.0084 0.0014)
(0.021666667 0.0085 0.0014)
(0.021666667 0.0086 0.0014)
(0.021666667 0.0087 0.0014)
(0.021666667 0.0088 0.0014)
(0.021666667 0.0089 0.0014)
(0.021666667 0.009 0.0014)
(0.021666667 0.0071 0.0015)
(0.021666667 0.0072 0.0015)
(0.021666667 0.0073 0.0015)
(0.021666667 0.0074 0.0015)
(0.021666667 0.0075 0.0015)
(0.021666667 0.0076 0.0015)
(0.021666667 0.0077 0.0015)
(0.021666667 0.0078 0.0015)
(0.021666667 0.0079 0.0015)
(0.021666667 0.008 0.0015)
(0.021666667 0.0081 0.0015)
(0.021666667 0.0082 0.0015)
(0.021666667 0.0083 0.0015)
(0.021666667 0.0084 0.0015)
(0.021666667 0.0085 0.0015)
(0.021666667 0.0086 0.0015)
(0.021666667 0.0087 0.0015)
(0.021666667 0.0088 0.0015)
(0.021666667 0.0089 0.0015)
(0.021666667 0.009 0.0015)
(0.021666667 0.0071 0.0016)
(0.021666667 0.0072 0.0016)
(0.021666667 0.0073 0.0016)
(0.021666667 0.0074 0.0016)
(0.021666667 0.0075 0.0016)
(0.021666667 0.0076 0.0016)
(0.021666667 0.0077 0.0016)
(0.021666667 0.0078 0.0016)
(0.021666667 0.0079 0.0016)
(0.021666667 0.008 0.0016)
(0.021666667 0.0081 0.0016)
(0.021666667 0.0082 0.0016)
(0.021666667 0.0083 0.0016)
(0.021666667 0.0084 0.0016)
(0.021666667 0.0085 0.0016)
(0.021666667 0.0086 0.0016)
(0.021666667 0.0087 0.0016)
(0.021666667 0.0088 0.0016)
(0.021666667 0.0089 0.0016)
(0.021666667 0.009 0.0016)
(0.021666667 0.0071 0.0017)
(0.021666667 0.0072 0.0017)
(0.021666667 0.0073 0.0017)
(0.021666667 0.0074 0.0017)
(0.021666667 0.0075 0.0017)
(0.021666667 0.0076 0.0017)
(0.021666667 0.0077 0.0017)
(0.021666667 0.0078 0.0017)
(0.021666667 0.0079 0.0017)
(0.021666667 0.008 0.0017)
(0.021666667 0.0081 0.0017)
(0.021666667 0.0082 0.0017)
(0.021666667 0.0083 0.0017)
(0.021666667 0.0084 0.0017)
(0.021666667 0.0085 0.0017)
(0.021666667 0.0086 0.0017)
(0.021666667 0.0087 0.0017)
(0.021666667 0.0088 0.0017)
(0.021666667 0.0089 0.0017)
(0.021666667 0.009 0.0017)
(0.021666667 0.0071 0.0018)
(0.021666667 0.0072 0.0018)
(0.021666667 0.0073 0.0018)
(0.021666667 0.0074 0.0018)
(0.021666667 0.0075 0.0018)
(0.021666667 0.0076 0.0018)
(0.021666667 0.0077 0.0018)
(0.021666667 0.0078 0.0018)
(0.021666667 0.0079 0.0018)
(0.021666667 0.008 0.0018)
(0.021666667 0.0081 0.0018)
(0.021666667 0.0082 0.0018)
(0.021666667 0.0083 0.0018)
(0.021666667 0.0084 0.0018)
(0.021666667 0.0085 0.0018)
(0.021666667 0.0086 0.0018)
(0.021666667 0.0087 0.0018)
(0.021666667 0.0088 0.0018)
(0.021666667 0.0089 0.0018)
(0.021666667 0.009 0.0018)
(0.021666667 0.0071 0.0019)
(0.021666667 0.0072 0.0019)
(0.021666667 0.0073 0.0019)
(0.021666667 0.0074 0.0019)
(0.021666667 0.0075 0.0019)
(0.021666667 0.0076 0.0019)
(0.021666667 0.0077 0.0019)
(0.021666667 0.0078 0.0019)
(0.021666667 0.0079 0.0019)
(0.021666667 0.008 0.0019)
(0.021666667 0.0081 0.0019)
(0.021666667 0.0082 0.0019)
(0.021666667 0.0083 0.0019)
(0.021666667 0.0084 0.0019)
(0.021666667 0.0085 0.0019)
(0.021666667 0.0086 0.0019)
(0.021666667 0.0087 0.0019)
(0.021666667 0.0088 0.0019)
(0.021666667 0.0089 0.0019)
(0.021666667 0.009 0.0019)
(0.021666667 0.0071 0.002)
(0.021666667 0.0072 0.002)
(0.021666667 0.0073 0.002)
(0.021666667 0.0074 0.002)
(0.021666667 0.0075 0.002)
(0.021666667 0.0076 0.002)
(0.021666667 0.0077 0.002)
(0.021666667 0.0078 0.002)
(0.021666667 0.0079 0.002)
(0.021666667 0.008 0.002)
(0.021666667 0.0081 0.002)
(0.021666667 0.0082 0.002)
(0.021666667 0.0083 0.002)
(0.021666667 0.0084 0.002)
(0.021666667 0.0085 0.002)
(0.021666667 0.0086 0.002)
(0.021666667 0.0087 0.002)
(0.021666667 0.0088 0.002)
(0.021666667 0.0089 0.002)
(0.021666667 0.009 0.002)
(0.021666667 0.0071 0.0021)
(0.021666667 0.0072 0.0021)
(0.021666667 0.0073 0.0021)
(0.021666667 0.0074 0.0021)
(0.021666667 0.0075 0.0021)
(0.021666667 0.0076 0.0021)
(0.021666667 0.0077 0.0021)
(0.021666667 0.0078 0.0021)
(0.021666667 0.0079 0.0021)
(0.021666667 0.008 0.0021)
(0.021666667 0.0081 0.0021)
(0.021666667 0.0082 0.0021)
(0.021666667 0.0083 0.0021)
(0.021666667 0.0084 0.0021)
(0.021666667 0.0085 0.0021)
(0.021666667 0.0086 0.0021)
(0.021666667 0.0087 0.0021)
(0.021666667 0.0088 0.0021)
(0.021666667 0.0089 0.0021)
(0.021666667 0.009 0.0021)
(0.021666667 0.0071 0.0022)
(0.021666667 0.0072 0.0022)
(0.021666667 0.0073 0.0022)
(0.021666667 0.0074 0.0022)
(0.021666667 0.0075 0.0022)
(0.021666667 0.0076 0.0022)
(0.021666667 0.0077 0.0022)
(0.021666667 0.0078 0.0022)
(0.021666667 0.0079 0.0022)
(0.021666667 0.008 0.0022)
(0.021666667 0.0081 0.0022)
(0.021666667 0.0082 0.0022)
(0.021666667 0.0083 0.0022)
(0.021666667 0.0084 0.0022)
(0.021666667 0.0085 0.0022)
(0.021666667 0.0086 0.0022)
(0.021666667 0.0087 0.0022)
(0.021666667 0.0088 0.0022)
(0.021666667 0.0089 0.0022)
(0.021666667 0.009 0.0022)
(0.021666667 0.0071 0.0023)
(0.021666667 0.0072 0.0023)
(0.021666667 0.0073 0.0023)
(0.021666667 0.0074 0.0023)
(0.021666667 0.0075 0.0023)
(0.021666667 0.0076 0.0023)
(0.021666667 0.0077 0.0023)
(0.021666667 0.0078 0.0023)
(0.021666667 0.0079 0.0023)
(0.021666667 0.008 0.0023)
(0.021666667 0.0081 0.0023)
(0.021666667 0.0082 0.0023)
(0.021666667 0.0083 0.0023)
(0.021666667 0.0084 0.0023)
(0.021666667 0.0085 0.0023)
(0.021666667 0.0086 0.0023)
(0.021666667 0.0087 0.0023)
(0.021666667 0.0088 0.0023)
(0.021666667 0.0089 0.0023)
(0.021666667 0.009 0.0023)
(0.021666667 0.0071 0.0024)
(0.021666667 0.0072 0.0024)
(0.021666667 0.0073 0.0024)
(0.021666667 0.0074 0.0024)
(0.021666667 0.0075 0.0024)
(0.021666667 0.0076 0.0024)
(0.021666667 0.0077 0.0024)
(0.021666667 0.0078 0.0024)
(0.021666667 0.0079 0.0024)
(0.021666667 0.008 0.0024)
(0.021666667 0.0081 0.0024)
(0.021666667 0.0082 0.0024)
(0.021666667 0.0083 0.0024)
(0.021666667 0.0084 0.0024)
(0.021666667 0.0085 0.0024)
(0.021666667 0.0086 0.0024)
(0.021666667 0.0087 0.0024)
(0.021666667 0.0088 0.0024)
(0.021666667 0.0089 0.0024)
(0.021666667 0.009 0.0024)
(0.021666667 0.0071 0.0025)
(0.021666667 0.0072 0.0025)
(0.021666667 0.0073 0.0025)
(0.021666667 0.0074 0.0025)
(0.021666667 0.0075 0.0025)
(0.021666667 0.0076 0.0025)
(0.021666667 0.0077 0.0025)
(0.021666667 0.0078 0.0025)
(0.021666667 0.0079 0.0025)
(0.021666667 0.008 0.0025)
(0.021666667 0.0081 0.0025)
(0.021666667 0.0082 0.0025)
(0.021666667 0.0083 0.0025)
(0.021666667 0.0084 0.0025)
(0.021666667 0.0085 0.0025)
(0.021666667 0.0086 0.0025)
(0.021666667 0.0087 0.0025)
(0.021666667 0.0088 0.0025)
(0.021666667 0.0089 0.0025)
(0.021666667 0.009 0.0025)
(0.021666667 0.0071 0.0026)
(0.021666667 0.0072 0.0026)
(0.021666667 0.0073 0.0026)
(0.021666667 0.0074 0.0026)
(0.021666667 0.0075 0.0026)
(0.021666667 0.0076 0.0026)
(0.021666667 0.0077 0.0026)
(0.021666667 0.0078 0.0026)
(0.021666667 0.0079 0.0026)
(0.021666667 0.008 0.0026)
(0.021666667 0.0081 0.0026)
(0.021666667 0.0082 0.0026)
(0.021666667 0.0083 0.0026)
(0.021666667 0.0084 0.0026)
(0.021666667 0.0085 0.0026)
(0.021666667 0.0086 0.0026)
(0.021666667 0.0087 0.0026)
(0.021666667 0.0088 0.0026)
(0.021666667 0.0089 0.0026)
(0.021666667 0.009 0.0026)
(0.021666667 0.0071 0.0027)
(0.021666667 0.0072 0.0027)
(0.021666667 0.0073 0.0027)
(0.021666667 0.0074 0.0027)
(0.021666667 0.0075 0.0027)
(0.021666667 0.0076 0.0027)
(0.021666667 0.0077 0.0027)
(0.021666667 0.0078 0.0027)
(0.021666667 0.0079 0.0027)
(0.021666667 0.008 0.0027)
(0.021666667 0.0081 0.0027)
(0.021666667 0.0082 0.0027)
(0.021666667 0.0083 0.0027)
(0.021666667 0.0084 0.0027)
(0.021666667 0.0085 0.0027)
(0.021666667 0.0086 0.0027)
(0.021666667 0.0087 0.0027)
(0.021666667 0.0088 0.0027)
(0.021666667 0.0089 0.0027)
(0.021666667 0.009 0.0027)
(0.021666667 0.0071 0.0028)
(0.021666667 0.0072 0.0028)
(0.021666667 0.0073 0.0028)
(0.021666667 0.0074 0.0028)
(0.021666667 0.0075 0.0028)
(0.021666667 0.0076 0.0028)
(0.021666667 0.0077 0.0028)
(0.021666667 0.0078 0.0028)
(0.021666667 0.0079 0.0028)
(0.021666667 0.008 0.0028)
(0.021666667 0.0081 0.0028)
(0.021666667 0.0082 0.0028)
(0.021666667 0.0083 0.0028)
(0.021666667 0.0084 0.0028)
(0.021666667 0.0085 0.0028)
(0.021666667 0.0086 0.0028)
(0.021666667 0.0087 0.0028)
(0.021666667 0.0088 0.0028)
(0.021666667 0.0089 0.0028)
(0.021666667 0.009 0.0028)
(0.021666667 0.0071 0.0029)
(0.021666667 0.0072 0.0029)
(0.021666667 0.0073 0.0029)
(0.021666667 0.0074 0.0029)
(0.021666667 0.0075 0.0029)
(0.021666667 0.0076 0.0029)
(0.021666667 0.0077 0.0029)
(0.021666667 0.0078 0.0029)
(0.021666667 0.0079 0.0029)
(0.021666667 0.008 0.0029)
(0.021666667 0.0081 0.0029)
(0.021666667 0.0082 0.0029)
(0.021666667 0.0083 0.0029)
(0.021666667 0.0084 0.0029)
(0.021666667 0.0085 0.0029)
(0.021666667 0.0086 0.0029)
(0.021666667 0.0087 0.0029)
(0.021666667 0.0088 0.0029)
(0.021666667 0.0089 0.0029)
(0.021666667 0.009 0.0029)
(0.021666667 0.0071 0.003)
(0.021666667 0.0072 0.003)
(0.021666667 0.0073 0.003)
(0.021666667 0.0074 0.003)
(0.021666667 0.0075 0.003)
(0.021666667 0.0076 0.003)
(0.021666667 0.0077 0.003)
(0.021666667 0.0078 0.003)
(0.021666667 0.0079 0.003)
(0.021666667 0.008 0.003)
(0.021666667 0.0081 0.003)
(0.021666667 0.0082 0.003)
(0.021666667 0.0083 0.003)
(0.021666667 0.0084 0.003)
(0.021666667 0.0085 0.003)
(0.021666667 0.0086 0.003)
(0.021666667 0.0087 0.003)
(0.021666667 0.0088 0.003)
(0.021666667 0.0089 0.003)
(0.021666667 0.009 0.003)
(0.023333333 0.0071 0.0011)
(0.023333333 0.0072 0.0011)
(0.023333333 0.0073 0.0011)
(0.023333333 0.0074 0.0011)
(0.023333333 0.0075 0.0011)
(0.023333333 0.0076 0.0011)
(0.023333333 0.0077 0.0011)
(0.023333333 0.0078 0.0011)
(0.023333333 0.0079 0.0011)
(0.023333333 0.008 0.0011)
(0.023333333 0.0081 0.0011)
(0.023333333 0.0082 0.0011)
(0.023333333 0.0083 0.0011)
(0.023333333 0.0084 0.0011)
(0.023333333 0.0085 0.0011)
(0.023333333 0.0086 0.0011)
(0.023333333 0.0087 0.0011)
(0.023333333 0.0088 0.0011)
(0.023333333 0.0089 0.0011)
(0.023333333 0.009 0.0011)
(0.023333333 0.0071 0.0012)
(0.023333333 0.0072 0.0012)
(0.023333333 0.0073 0.0012)
(0.023333333 0.0074 0.0012)
(0.023333333 0.0075 0.0012)
(0.023333333 0.0076 0.0012)
(0.023333333 0.0077 0.0012)
(0.023333333 0.0078 0.0012)
(0.023333333 0.0079 0.0012)
(0.023333333 0.008 0.0012)
(0.023333333 0.0081 0.0012)
(0.023333333 0.0082 0.0012)
(0.023333333 0.0083 0.0012)
(0.023333333 0.0084 0.0012)
(0.023333333 0.0085 0.0012)
(0.023333333 0.0086 0.0012)
(0.023333333 0.0087 0.0012)
(0.023333333 0.0088 0.0012)
(0.023333333 0.0089 0.0012)
(0.023333333 0.009 0.0012)
(0.023333333 0.0071 0.0013)
(0.023333333 0.0072 0.0013)
(0.023333333 0.0073 0.0013)
(0.023333333 0.0074 0.0013)
(0.023333333 0.0075 0.0013)
(0.023333333 0.0076 0.0013)
(0.023333333 0.0077 0.0013)
(0.023333333 0.0078 0.0013)
(0.023333333 0.0079 0.0013)
(0.023333333 0.008 0.0013)
(0.023333333 0.0081 0.0013)
(0.023333333 0.0082 0.0013)
(0.023333333 0.0083 0.0013)
(0.023333333 0.0084 0.0013)
(0.023333333 0.0085 0.0013)
(0.023333333 0.0086 0.0013)
(0.023333333 0.0087 0.0013)
(0.023333333 0.0088 0.0013)
(0.023333333 0.0089 0.0013)
(0.023333333 0.009 0.0013)
(0.023333333 0.0071 0.0014)
(0.023333333 0.0072 0.0014)
(0.023333333 0.0073 0.0014)
(0.023333333 0.0074 0.0014)
(0.023333333 0.0075 0.0014)
(0.023333333 0.0076 0.0014)
(0.023333333 0.0077 0.0014)
(0.023333333 0.0078 0.0014)
(0.023333333 0.0079 0.0014)
(0.023333333 0.008 0.0014)
(0.023333333 0.0081 0.0014)
(0.023333333 0.0082 0.0014)
(0.023333333 0.0083 0.0014)
(0.023333333 0.0084 0.0014)
(0.023333333 0.0085 0.0014)
(0.023333333 0.0086 0.0014)
(0.023333333 0.0087 0.0014)
(0.023333333 0.0088 0.0014)
(0.023333333 0.0089 0.0014)
(0.023333333 0.009 0.0014)
(0.023333333 0.0071 0.0015)
(0.023333333 0.0072 0.0015)
(0.023333333 0.0073 0.0015)
(0.023333333 0.0074 0.0015)
(0.023333333 0.0075 0.0015)
(0.023333333 0.0076 0.0015)
(0.023333333 0.0077 0.0015)
(0.023333333 0.0078 0.0015)
(0.023333333 0.0079 0.0015)
(0.023333333 0.008 0.0015)
(0.023333333 0.0081 0.0015)
(0.023333333 0.0082 0.0015)
(0.023333333 0.0083 0.0015)
(0.023333333 0.0084 0.0015)
(0.023333333 0.0085 0.0015)
(0.023333333 0.0086 0.0015)
(0.023333333 0.0087 0.0015)
(0.023333333 0.0088 0.0015)
(0.023333333 0.0089 0.0015)
(0.023333333 0.009 0.0015)
(0.023333333 0.0071 0.0016)
(0.023333333 0.0072 0.0016)
(0.023333333 0.0073 0.0016)
(0.023333333 0.0074 0.0016)
(0.023333333 0.0075 0.0016)
(0.023333333 0.0076 0.0016)
(0.023333333 0.0077 0.0016)
(0.023333333 0.0078 0.0016)
(0.023333333 0.0079 0.0016)
(0.023333333 0.008 0.0016)
(0.023333333 0.0081 0.0016)
(0.023333333 0.0082 0.0016)
(0.023333333 0.0083 0.0016)
(0.023333333 0.0084 0.0016)
(0.023333333 0.0085 0.0016)
(0.023333333 0.0086 0.0016)
(0.023333333 0.0087 0.0016)
(0.023333333 0.0088 0.0016)
(0.023333333 0.0089 0.0016)
(0.023333333 0.009 0.0016)
(0.023333333 0.0071 0.0017)
(0.023333333 0.0072 0.0017)
(0.023333333 0.0073 0.0017)
(0.023333333 0.0074 0.0017)
(0.023333333 0.0075 0.0017)
(0.023333333 0.0076 0.0017)
(0.023333333 0.0077 0.0017)
(0.023333333 0.0078 0.0017)
(0.023333333 0.0079 0.0017)
(0.023333333 0.008 0.0017)
(0.023333333 0.0081 0.0017)
(0.023333333 0.0082 0.0017)
(0.023333333 0.0083 0.0017)
(0.023333333 0.0084 0.0017)
(0.023333333 0.0085 0.0017)
(0.023333333 0.0086 0.0017)
(0.023333333 0.0087 0.0017)
(0.023333333 0.0088 0.0017)
(0.023333333 0.0089 0.0017)
(0.023333333 0.009 0.0017)
(0.023333333 0.0071 0.0018)
(0.023333333 0.0072 0.0018)
(0.023333333 0.0073 0.0018)
(0.023333333 0.0074 0.0018)
(0.023333333 0.0075 0.0018)
(0.023333333 0.0076 0.0018)
(0.023333333 0.0077 0.0018)
(0.023333333 0.0078 0.0018)
(0.023333333 0.0079 0.0018)
(0.023333333 0.008 0.0018)
(0.023333333 0.0081 0.0018)
(0.023333333 0.0082 0.0018)
(0.023333333 0.0083 0.0018)
(0.023333333 0.0084 0.0018)
(0.023333333 0.0085 0.0018)
(0.023333333 0.0086 0.0018)
(0.023333333 0.0087 0.0018)
(0.023333333 0.0088 0.0018)
(0.023333333 0.0089 0.0018)
(0.023333333 0.009 0.0018)
(0.023333333 0.0071 0.0019)
(0.023333333 0.0072 0.0019)
(0.023333333 0.0073 0.0019)
(0.023333333 0.0074 0.0019)
(0.023333333 0.0075 0.0019)
(0.023333333 0.0076 0.0019)
(0.023333333 0.0077 0.0019)
(0.023333333 0.0078 0.0019)
(0.023333333 0.0079 0.0019)
(0.023333333 0.008 0.0019)
(0.023333333 0.0081 0.0019)
(0.023333333 0.0082 0.0019)
(0.023333333 0.0083 0.0019)
(0.023333333 0.0084 0.0019)
(0.023333333 0.0085 0.0019)
(0.023333333 0.0086 0.0019)
(0.023333333 0.0087 0.0019)
(0.023333333 0.0088 0.0019)
(0.023333333 0.0089 0.0019)
(0.023333333 0.009 0.0019)
(0.023333333 0.0071 0.002)
(0.023333333 0.0072 0.002)
(0.023333333 0.0073 0.002)
(0.023333333 0.0074 0.002)
(0.023333333 0.0075 0.002)
(0.023333333 0.0076 0.002)
(0.023333333 0.0077 0.002)
(0.023333333 0.0078 0.002)
(0.023333333 0.0079 0.002)
(0.023333333 0.008 0.002)
(0.023333333 0.0081 0.002)
(0.023333333 0.0082 0.002)
(0.023333333 0.0083 0.002)
(0.023333333 0.0084 0.002)
(0.023333333 0.0085 0.002)
(0.023333333 0.0086 0.002)
(0.023333333 0.0087 0.002)
(0.023333333 0.0088 0.002)
(0.023333333 0.0089 0.002)
(0.023333333 0.009 0.002)
(0.023333333 0.0071 0.0021)
(0.023333333 0.0072 0.0021)
(0.023333333 0.0073 0.0021)
(0.023333333 0.0074 0.0021)
(0.023333333 0.0075 0.0021)
(0.023333333 0.0076 0.0021)
(0.023333333 0.0077 0.0021)
(0.023333333 0.0078 0.0021)
(0.023333333 0.0079 0.0021)
(0.023333333 0.008 0.0021)
(0.023333333 0.0081 0.0021)
(0.023333333 0.0082 0.0021)
(0.023333333 0.0083 0.0021)
(0.023333333 0.0084 0.0021)
(0.023333333 0.0085 0.0021)
(0.023333333 0.0086 0.0021)
(0.023333333 0.0087 0.0021)
(0.023333333 0.0088 0.0021)
(0.023333333 0.0089 0.0021)
(0.023333333 0.009 0.0021)
(0.023333333 0.0071 0.0022)
(0.023333333 0.0072 0.0022)
(0.023333333 0.0073 0.0022)
(0.023333333 0.0074 0.0022)
(0.023333333 0.0075 0.0022)
(0.023333333 0.0076 0.0022)
(0.023333333 0.0077 0.0022)
(0.023333333 0.0078 0.0022)
(0.023333333 0.0079 0.0022)
(0.023333333 0.008 0.0022)
(0.023333333 0.0081 0.0022)
(0.023333333 0.0082 0.0022)
(0.023333333 0.0083 0.0022)
(0.023333333 0.0084 0.0022)
(0.023333333 0.0085 0.0022)
(0.023333333 0.0086 0.0022)
(0.023333333 0.0087 0.0022)
(0.023333333 0.0088 0.0022)
(0.023333333 0.0089 0.0022)
(0.023333333 0.009 0.0022)
(0.023333333 0.0071 0.0023)
(0.023333333 0.0072 0.0023)
(0.023333333 0.0073 0.0023)
(0.023333333 0.0074 0.0023)
(0.023333333 0.0075 0.0023)
(0.023333333 0.0076 0.0023)
(0.023333333 0.0077 0.0023)
(0.023333333 0.0078 0.0023)
(0.023333333 0.0079 0.0023)
(0.023333333 0.008 0.0023)
(0.023333333 0.0081 0.0023)
(0.023333333 0.0082 0.0023)
(0.023333333 0.0083 0.0023)
(0.023333333 0.0084 0.0023)
(0.023333333 0.0085 0.0023)
(0.023333333 0.0086 0.0023)
(0.023333333 0.0087 0.0023)
(0.023333333 0.0088 0.0023)
(0.023333333 0.0089 0.0023)
(0.023333333 0.009 0.0023)
(0.023333333 0.0071 0.0024)
(0.023333333 0.0072 0.0024)
(0.023333333 0.0073 0.0024)
(0.023333333 0.0074 0.0024)
(0.023333333 0.0075 0.0024)
(0.023333333 0.0076 0.0024)
(0.023333333 0.0077 0.0024)
(0.023333333 0.0078 0.0024)
(0.023333333 0.0079 0.0024)
(0.023333333 0.008 0.0024)
(0.023333333 0.0081 0.0024)
(0.023333333 0.0082 0.0024)
(0.023333333 0.0083 0.0024)
(0.023333333 0.0084 0.0024)
(0.023333333 0.0085 0.0024)
(0.023333333 0.0086 0.0024)
(0.023333333 0.0087 0.0024)
(0.023333333 0.0088 0.0024)
(0.023333333 0.0089 0.0024)
(0.023333333 0.009 0.0024)
(0.023333333 0.0071 0.0025)
(0.023333333 0.0072 0.0025)
(0.023333333 0.0073 0.0025)
(0.023333333 0.0074 0.0025)
(0.023333333 0.0075 0.0025)
(0.023333333 0.0076 0.0025)
(0.023333333 0.0077 0.0025)
(0.023333333 0.0078 0.0025)
(0.023333333 0.0079 0.0025)
(0.023333333 0.008 0.0025)
(0.023333333 0.0081 0.0025)
(0.023333333 0.0082 0.0025)
(0.023333333 0.0083 0.0025)
(0.023333333 0.0084 0.0025)
(0.023333333 0.0085 0.0025)
(0.023333333 0.0086 0.0025)
(0.023333333 0.0087 0.0025)
(0.023333333 0.0088 0.0025)
(0.023333333 0.0089 0.0025)
(0.023333333 0.009 0.0025)
(0.023333333 0.0071 0.0026)
(0.023333333 0.0072 0.0026)
(0.023333333 0.0073 0.0026)
(0.023333333 0.0074 0.0026)
(0.023333333 0.0075 0.0026)
(0.023333333 0.0076 0.0026)
(0.023333333 0.0077 0.0026)
(0.023333333 0.0078 0.0026)
(0.023333333 0.0079 0.0026)
(0.023333333 0.008 0.0026)
(0.023333333 0.0081 0.0026)
(0.023333333 0.0082 0.0026)
(0.023333333 0.0083 0.0026)
(0.023333333 0.0084 0.0026)
(0.023333333 0.0085 0.0026)
(0.023333333 0.0086 0.0026)
(0.023333333 0.0087 0.0026)
(0.023333333 0.0088 0.0026)
(0.023333333 0.0089 0.0026)
(0.023333333 0.009 0.0026)
(0.023333333 0.0071 0.0027)
(0.023333333 0.0072 0.0027)
(0.023333333 0.0073 0.0027)
(0.023333333 0.0074 0.0027)
(0.023333333 0.0075 0.0027)
(0.023333333 0.0076 0.0027)
(0.023333333 0.0077 0.0027)
(0.023333333 0.0078 0.0027)
(0.023333333 0.0079 0.0027)
(0.023333333 0.008 0.0027)
(0.023333333 0.0081 0.0027)
(0.023333333 0.0082 0.0027)
(0.023333333 0.0083 0.0027)
(0.023333333 0.0084 0.0027)
(0.023333333 0.0085 0.0027)
(0.023333333 0.0086 0.0027)
(0.023333333 0.0087 0.0027)
(0.023333333 0.0088 0.0027)
(0.023333333 0.0089 0.0027)
(0.023333333 0.009 0.0027)
(0.023333333 0.0071 0.0028)
(0.023333333 0.0072 0.0028)
(0.023333333 0.0073 0.0028)
(0.023333333 0.0074 0.0028)
(0.023333333 0.0075 0.0028)
(0.023333333 0.0076 0.0028)
(0.023333333 0.0077 0.0028)
(0.023333333 0.0078 0.0028)
(0.023333333 0.0079 0.0028)
(0.023333333 0.008 0.0028)
(0.023333333 0.0081 0.0028)
(0.023333333 0.0082 0.0028)
(0.023333333 0.0083 0.0028)
(0.023333333 0.0084 0.0028)
(0.023333333 0.0085 0.0028)
(0.023333333 0.0086 0.0028)
(0.023333333 0.0087 0.0028)
(0.023333333 0.0088 0.0028)
(0.023333333 0.0089 0.0028)
(0.023333333 0.009 0.0028)
(0.023333333 0.0071 0.0029)
(0.023333333 0.0072 0.0029)
(0.023333333 0.0073 0.0029)
(0.023333333 0.0074 0.0029)
(0.023333333 0.0075 0.0029)
(0.023333333 0.0076 0.0029)
(0.023333333 0.0077 0.0029)
(0.023333333 0.0078 0.0029)
(0.023333333 0.0079 0.0029)
(0.023333333 0.008 0.0029)
(0.023333333 0.0081 0.0029)
(0.023333333 0.0082 0.0029)
(0.023333333 0.0083 0.0029)
(0.023333333 0.0084 0.0029)
(0.023333333 0.0085 0.0029)
(0.023333333 0.0086 0.0029)
(0.023333333 0.0087 0.0029)
(0.023333333 0.0088 0.0029)
(0.023333333 0.0089 0.0029)
(0.023333333 0.009 0.0029)
(0.023333333 0.0071 0.003)
(0.023333333 0.0072 0.003)
(0.023333333 0.0073 0.003)
(0.023333333 0.0074 0.003)
(0.023333333 0.0075 0.003)
(0.023333333 0.0076 0.003)
(0.023333333 0.0077 0.003)
(0.023333333 0.0078 0.003)
(0.023333333 0.0079 0.003)
(0.023333333 0.008 0.003)
(0.023333333 0.0081 0.003)
(0.023333333 0.0082 0.003)
(0.023333333 0.0083 0.003)
(0.023333333 0.0084 0.003)
(0.023333333 0.0085 0.003)
(0.023333333 0.0086 0.003)
(0.023333333 0.0087 0.003)
(0.023333333 0.0088 0.003)
(0.023333333 0.0089 0.003)
(0.023333333 0.009 0.003)
(0.025 0.0071 0.0011)
(0.025 0.0072 0.0011)
(0.025 0.0073 0.0011)
(0.025 0.0074 0.0011)
(0.025 0.0075 0.0011)
(0.025 0.0076 0.0011)
(0.025 0.0077 0.0011)
(0.025 0.0078 0.0011)
(0.025 0.0079 0.0011)
(0.025 0.008 0.0011)
(0.025 0.0081 0.0011)
(0.025 0.0082 0.0011)
(0.025 0.0083 0.0011)
(0.025 0.0084 0.0011)
(0.025 0.0085 0.0011)
(0.025 0.0086 0.0011)
(0.025 0.0087 0.0011)
(0.025 0.0088 0.0011)
(0.025 0.0089 0.0011)
(0.025 0.009 0.0011)
(0.025 0.0071 0.0012)
(0.025 0.0072 0.0012)
(0.025 0.0073 0.0012)
(0.025 0.0074 0.0012)
(0.025 0.0075 0.0012)
(0.025 0.0076 0.0012)
(0.025 0.0077 0.0012)
(0.025 0.0078 0.0012)
(0.025 0.0079 0.0012)
(0.025 0.008 0.0012)
(0.025 0.0081 0.0012)
(0.025 0.0082 0.0012)
(0.025 0.0083 0.0012)
(0.025 0.0084 0.0012)
(0.025 0.0085 0.0012)
(0.025 0.0086 0.0012)
(0.025 0.0087 0.0012)
(0.025 0.0088 0.0012)
(0.025 0.0089 0.0012)
(0.025 0.009 0.0012)
(0.025 0.0071 0.0013)
(0.025 0.0072 0.0013)
(0.025 0.0073 0.0013)
(0.025 0.0074 0.0013)
(0.025 0.0075 0.0013)
(0.025 0.0076 0.0013)
(0.025 0.0077 0.0013)
(0.025 0.0078 0.0013)
(0.025 0.0079 0.0013)
(0.025 0.008 0.0013)
(0.025 0.0081 0.0013)
(0.025 0.0082 0.0013)
(0.025 0.0083 0.0013)
(0.025 0.0084 0.0013)
(0.025 0.0085 0.0013)
(0.025 0.0086 0.0013)
(0.025 0.0087 0.0013)
(0.025 0.0088 0.0013)
(0.025 0.0089 0.0013)
(0.025 0.009 0.0013)
(0.025 0.0071 0.0014)
(0.025 0.0072 0.0014)
(0.025 0.0073 0.0014)
(0.025 0.0074 0.0014)
(0.025 0.0075 0.0014)
(0.025 0.0076 0.0014)
(0.025 0.0077 0.0014)
(0.025 0.0078 0.0014)
(0.025 0.0079 0.0014)
(0.025 0.008 0.0014)
(0.025 0.0081 0.0014)
(0.025 0.0082 0.0014)
(0.025 0.0083 0.0014)
(0.025 0.0084 0.0014)
(0.025 0.0085 0.0014)
(0.025 0.0086 0.0014)
(0.025 0.0087 0.0014)
(0.025 0.0088 0.0014)
(0.025 0.0089 0.0014)
(0.025 0.009 0.0014)
(0.025 0.0071 0.0015)
(0.025 0.0072 0.0015)
(0.025 0.0073 0.0015)
(0.025 0.0074 0.0015)
(0.025 0.0075 0.0015)
(0.025 0.0076 0.0015)
(0.025 0.0077 0.0015)
(0.025 0.0078 0.0015)
(0.025 0.0079 0.0015)
(0.025 0.008 0.0015)
(0.025 0.0081 0.0015)
(0.025 0.0082 0.0015)
(0.025 0.0083 0.0015)
(0.025 0.0084 0.0015)
(0.025 0.0085 0.0015)
(0.025 0.0086 0.0015)
(0.025 0.0087 0.0015)
(0.025 0.0088 0.0015)
(0.025 0.0089 0.0015)
(0.025 0.009 0.0015)
(0.025 0.0071 0.0016)
(0.025 0.0072 0.0016)
(0.025 0.0073 0.0016)
(0.025 0.0074 0.0016)
(0.025 0.0075 0.0016)
(0.025 0.0076 0.0016)
(0.025 0.0077 0.0016)
(0.025 0.0078 0.0016)
(0.025 0.0079 0.0016)
(0.025 0.008 0.0016)
(0.025 0.0081 0.0016)
(0.025 0.0082 0.0016)
(0.025 0.0083 0.0016)
(0.025 0.0084 0.0016)
(0.025 0.0085 0.0016)
(0.025 0.0086 0.0016)
(0.025 0.0087 0.0016)
(0.025 0.0088 0.0016)
(0.025 0.0089 0.0016)
(0.025 0.009 0.0016)
(0.025 0.0071 0.0017)
(0.025 0.0072 0.0017)
(0.025 0.0073 0.0017)
(0.025 0.0074 0.0017)
(0.025 0.0075 0.0017)
(0.025 0.0076 0.0017)
(0.025 0.0077 0.0017)
(0.025 0.0078 0.0017)
(0.025 0.0079 0.0017)
(0.025 0.008 0.0017)
(0.025 0.0081 0.0017)
(0.025 0.0082 0.0017)
(0.025 0.0083 0.0017)
(0.025 0.0084 0.0017)
(0.025 0.0085 0.0017)
(0.025 0.0086 0.0017)
(0.025 0.0087 0.0017)
(0.025 0.0088 0.0017)
(0.025 0.0089 0.0017)
(0.025 0.009 0.0017)
(0.025 0.0071 0.0018)
(0.025 0.0072 0.0018)
(0.025 0.0073 0.0018)
(0.025 0.0074 0.0018)
(0.025 0.0075 0.0018)
(0.025 0.0076 0.0018)
(0.025 0.0077 0.0018)
(0.025 0.0078 0.0018)
(0.025 0.0079 0.0018)
(0.025 0.008 0.0018)
(0.025 0.0081 0.0018)
(0.025 0.0082 0.0018)
(0.025 0.0083 0.0018)
(0.025 0.0084 0.0018)
(0.025 0.0085 0.0018)
(0.025 0.0086 0.0018)
(0.025 0.0087 0.0018)
(0.025 0.0088 0.0018)
(0.025 0.0089 0.0018)
(0.025 0.009 0.0018)
(0.025 0.0071 0.0019)
(0.025 0.0072 0.0019)
(0.025 0.0073 0.0019)
(0.025 0.0074 0.0019)
(0.025 0.0075 0.0019)
(0.025 0.0076 0.0019)
(0.025 0.0077 0.0019)
(0.025 0.0078 0.0019)
(0.025 0.0079 0.0019)
(0.025 0.008 0.0019)
(0.025 0.0081 0.0019)
(0.025 0.0082 0.0019)
(0.025 0.0083 0.0019)
(0.025 0.0084 0.0019)
(0.025 0.0085 0.0019)
(0.025 0.0086 0.0019)
(0.025 0.0087 0.0019)
(0.025 0.0088 0.0019)
(0.025 0.0089 0.0019)
(0.025 0.009 0.0019)
(0.025 0.0071 0.002)
(0.025 0.0072 0.002)
(0.025 0.0073 0.002)
(0.025 0.0074 0.002)
(0.025 0.0075 0.002)
(0.025 0.0076 0.002)
(0.025 0.0077 0.002)
(0.025 0.0078 0.002)
(0.025 0.0079 0.002)
(0.025 0.008 0.002)
(0.025 0.0081 0.002)
(0.025 0.0082 0.002)
(0.025 0.0083 0.002)
(0.025 0.0084 0.002)
(0.025 0.0085 0.002)
(0.025 0.0086 0.002)
(0.025 0.0087 0.002)
(0.025 0.0088 0.002)
(0.025 0.0089 0.002)
(0.025 0.009 0.002)
(0.025 0.0071 0.0021)
(0.025 0.0072 0.0021)
(0.025 0.0073 0.0021)
(0.025 0.0074 0.0021)
(0.025 0.0075 0.0021)
(0.025 0.0076 0.0021)
(0.025 0.0077 0.0021)
(0.025 0.0078 0.0021)
(0.025 0.0079 0.0021)
(0.025 0.008 0.0021)
(0.025 0.0081 0.0021)
(0.025 0.0082 0.0021)
(0.025 0.0083 0.0021)
(0.025 0.0084 0.0021)
(0.025 0.0085 0.0021)
(0.025 0.0086 0.0021)
(0.025 0.0087 0.0021)
(0.025 0.0088 0.0021)
(0.025 0.0089 0.0021)
(0.025 0.009 0.0021)
(0.025 0.0071 0.0022)
(0.025 0.0072 0.0022)
(0.025 0.0073 0.0022)
(0.025 0.0074 0.0022)
(0.025 0.0075 0.0022)
(0.025 0.0076 0.0022)
(0.025 0.0077 0.0022)
(0.025 0.0078 0.0022)
(0.025 0.0079 0.0022)
(0.025 0.008 0.0022)
(0.025 0.0081 0.0022)
(0.025 0.0082 0.0022)
(0.025 0.0083 0.0022)
(0.025 0.0084 0.0022)
(0.025 0.0085 0.0022)
(0.025 0.0086 0.0022)
(0.025 0.0087 0.0022)
(0.025 0.0088 0.0022)
(0.025 0.0089 0.0022)
(0.025 0.009 0.0022)
(0.025 0.0071 0.0023)
(0.025 0.0072 0.0023)
(0.025 0.0073 0.0023)
(0.025 0.0074 0.0023)
(0.025 0.0075 0.0023)
(0.025 0.0076 0.0023)
(0.025 0.0077 0.0023)
(0.025 0.0078 0.0023)
(0.025 0.0079 0.0023)
(0.025 0.008 0.0023)
(0.025 0.0081 0.0023)
(0.025 0.0082 0.0023)
(0.025 0.0083 0.0023)
(0.025 0.0084 0.0023)
(0.025 0.0085 0.0023)
(0.025 0.0086 0.0023)
(0.025 0.0087 0.0023)
(0.025 0.0088 0.0023)
(0.025 0.0089 0.0023)
(0.025 0.009 0.0023)
(0.025 0.0071 0.0024)
(0.025 0.0072 0.0024)
(0.025 0.0073 0.0024)
(0.025 0.0074 0.0024)
(0.025 0.0075 0.0024)
(0.025 0.0076 0.0024)
(0.025 0.0077 0.0024)
(0.025 0.0078 0.0024)
(0.025 0.0079 0.0024)
(0.025 0.008 0.0024)
(0.025 0.0081 0.0024)
(0.025 0.0082 0.0024)
(0.025 0.0083 0.0024)
(0.025 0.0084 0.0024)
(0.025 0.0085 0.0024)
(0.025 0.0086 0.0024)
(0.025 0.0087 0.0024)
(0.025 0.0088 0.0024)
(0.025 0.0089 0.0024)
(0.025 0.009 0.0024)
(0.025 0.0071 0.0025)
(0.025 0.0072 0.0025)
(0.025 0.0073 0.0025)
(0.025 0.0074 0.0025)
(0.025 0.0075 0.0025)
(0.025 0.0076 0.0025)
(0.025 0.0077 0.0025)
(0.025 0.0078 0.0025)
(0.025 0.0079 0.0025)
(0.025 0.008 0.0025)
(0.025 0.0081 0.0025)
(0.025 0.0082 0.0025)
(0.025 0.0083 0.0025)
(0.025 0.0084 0.0025)
(0.025 0.0085 0.0025)
(0.025 0.0086 0.0025)
(0.025 0.0087 0.0025)
(0.025 0.0088 0.0025)
(0.025 0.0089 0.0025)
(0.025 0.009 0.0025)
(0.025 0.0071 0.0026)
(0.025 0.0072 0.0026)
(0.025 0.0073 0.0026)
(0.025 0.0074 0.0026)
(0.025 0.0075 0.0026)
(0.025 0.0076 0.0026)
(0.025 0.0077 0.0026)
(0.025 0.0078 0.0026)
(0.025 0.0079 0.0026)
(0.025 0.008 0.0026)
(0.025 0.0081 0.0026)
(0.025 0.0082 0.0026)
(0.025 0.0083 0.0026)
(0.025 0.0084 0.0026)
(0.025 0.0085 0.0026)
(0.025 0.0086 0.0026)
(0.025 0.0087 0.0026)
(0.025 0.0088 0.0026)
(0.025 0.0089 0.0026)
(0.025 0.009 0.0026)
(0.025 0.0071 0.0027)
(0.025 0.0072 0.0027)
(0.025 0.0073 0.0027)
(0.025 0.0074 0.0027)
(0.025 0.0075 0.0027)
(0.025 0.0076 0.0027)
(0.025 0.0077 0.0027)
(0.025 0.0078 0.0027)
(0.025 0.0079 0.0027)
(0.025 0.008 0.0027)
(0.025 0.0081 0.0027)
(0.025 0.0082 0.0027)
(0.025 0.0083 0.0027)
(0.025 0.0084 0.0027)
(0.025 0.0085 0.0027)
(0.025 0.0086 0.0027)
(0.025 0.0087 0.0027)
(0.025 0.0088 0.0027)
(0.025 0.0089 0.0027)
(0.025 0.009 0.0027)
(0.025 0.0071 0.0028)
(0.025 0.0072 0.0028)
(0.025 0.0073 0.0028)
(0.025 0.0074 0.0028)
(0.025 0.0075 0.0028)
(0.025 0.0076 0.0028)
(0.025 0.0077 0.0028)
(0.025 0.0078 0.0028)
(0.025 0.0079 0.0028)
(0.025 0.008 0.0028)
(0.025 0.0081 0.0028)
(0.025 0.0082 0.0028)
(0.025 0.0083 0.0028)
(0.025 0.0084 0.0028)
(0.025 0.0085 0.0028)
(0.025 0.0086 0.0028)
(0.025 0.0087 0.0028)
(0.025 0.0088 0.0028)
(0.025 0.0089 0.0028)
(0.025 0.009 0.0028)
(0.025 0.0071 0.0029)
(0.025 0.0072 0.0029)
(0.025 0.0073 0.0029)
(0.025 0.0074 0.0029)
(0.025 0.0075 0.0029)
(0.025 0.0076 0.0029)
(0.025 0.0077 0.0029)
(0.025 0.0078 0.0029)
(0.025 0.0079 0.0029)
(0.025 0.008 0.0029)
(0.025 0.0081 0.0029)
(0.025 0.0082 0.0029)
(0.025 0.0083 0.0029)
(0.025 0.0084 0.0029)
(0.025 0.0085 0.0029)
(0.025 0.0086 0.0029)
(0.025 0.0087 0.0029)
(0.025 0.0088 0.0029)
(0.025 0.0089 0.0029)
(0.025 0.009 0.0029)
(0.025 0.0071 0.003)
(0.025 0.0072 0.003)
(0.025 0.0073 0.003)
(0.025 0.0074 0.003)
(0.025 0.0075 0.003)
(0.025 0.0076 0.003)
(0.025 0.0077 0.003)
(0.025 0.0078 0.003)
(0.025 0.0079 0.003)
(0.025 0.008 0.003)
(0.025 0.0081 0.003)
(0.025 0.0082 0.003)
(0.025 0.0083 0.003)
(0.025 0.0084 0.003)
(0.025 0.0085 0.003)
(0.025 0.0086 0.003)
(0.025 0.0087 0.003)
(0.025 0.0088 0.003)
(0.025 0.0089 0.003)
(0.025 0.009 0.003)
(0.026666667 0.0071 0.0011)
(0.026666667 0.0072 0.0011)
(0.026666667 0.0073 0.0011)
(0.026666667 0.0074 0.0011)
(0.026666667 0.0075 0.0011)
(0.026666667 0.0076 0.0011)
(0.026666667 0.0077 0.0011)
(0.026666667 0.0078 0.0011)
(0.026666667 0.0079 0.0011)
(0.026666667 0.008 0.0011)
(0.026666667 0.0081 0.0011)
(0.026666667 0.0082 0.0011)
(0.026666667 0.0083 0.0011)
(0.026666667 0.0084 0.0011)
(0.026666667 0.0085 0.0011)
(0.026666667 0.0086 0.0011)
(0.026666667 0.0087 0.0011)
(0.026666667 0.0088 0.0011)
(0.026666667 0.0089 0.0011)
(0.026666667 0.009 0.0011)
(0.026666667 0.0071 0.0012)
(0.026666667 0.0072 0.0012)
(0.026666667 0.0073 0.0012)
(0.026666667 0.0074 0.0012)
(0.026666667 0.0075 0.0012)
(0.026666667 0.0076 0.0012)
(0.026666667 0.0077 0.0012)
(0.026666667 0.0078 0.0012)
(0.026666667 0.0079 0.0012)
(0.026666667 0.008 0.0012)
(0.026666667 0.0081 0.0012)
(0.026666667 0.0082 0.0012)
(0.026666667 0.0083 0.0012)
(0.026666667 0.0084 0.0012)
(0.026666667 0.0085 0.0012)
(0.026666667 0.0086 0.0012)
(0.026666667 0.0087 0.0012)
(0.026666667 0.0088 0.0012)
(0.026666667 0.0089 0.0012)
(0.026666667 0.009 0.0012)
(0.026666667 0.0071 0.0013)
(0.026666667 0.0072 0.0013)
(0.026666667 0.0073 0.0013)
(0.026666667 0.0074 0.0013)
(0.026666667 0.0075 0.0013)
(0.026666667 0.0076 0.0013)
(0.026666667 0.0077 0.0013)
(0.026666667 0.0078 0.0013)
(0.026666667 0.0079 0.0013)
(0.026666667 0.008 0.0013)
(0.026666667 0.0081 0.0013)
(0.026666667 0.0082 0.0013)
(0.026666667 0.0083 0.0013)
(0.026666667 0.0084 0.0013)
(0.026666667 0.0085 0.0013)
(0.026666667 0.0086 0.0013)
(0.026666667 0.0087 0.0013)
(0.026666667 0.0088 0.0013)
(0.026666667 0.0089 0.0013)
(0.026666667 0.009 0.0013)
(0.026666667 0.0071 0.0014)
(0.026666667 0.0072 0.0014)
(0.026666667 0.0073 0.0014)
(0.026666667 0.0074 0.0014)
(0.026666667 0.0075 0.0014)
(0.026666667 0.0076 0.0014)
(0.026666667 0.0077 0.0014)
(0.026666667 0.0078 0.0014)
(0.026666667 0.0079 0.0014)
(0.026666667 0.008 0.0014)
(0.026666667 0.0081 0.0014)
(0.026666667 0.0082 0.0014)
(0.026666667 0.0083 0.0014)
(0.026666667 0.0084 0.0014)
(0.026666667 0.0085 0.0014)
(0.026666667 0.0086 0.0014)
(0.026666667 0.0087 0.0014)
(0.026666667 0.0088 0.0014)
(0.026666667 0.0089 0.0014)
(0.026666667 0.009 0.0014)
(0.026666667 0.0071 0.0015)
(0.026666667 0.0072 0.0015)
(0.026666667 0.0073 0.0015)
(0.026666667 0.0074 0.0015)
(0.026666667 0.0075 0.0015)
(0.026666667 0.0076 0.0015)
(0.026666667 0.0077 0.0015)
(0.026666667 0.0078 0.0015)
(0.026666667 0.0079 0.0015)
(0.026666667 0.008 0.0015)
(0.026666667 0.0081 0.0015)
(0.026666667 0.0082 0.0015)
(0.026666667 0.0083 0.0015)
(0.026666667 0.0084 0.0015)
(0.026666667 0.0085 0.0015)
(0.026666667 0.0086 0.0015)
(0.026666667 0.0087 0.0015)
(0.026666667 0.0088 0.0015)
(0.026666667 0.0089 0.0015)
(0.026666667 0.009 0.0015)
(0.026666667 0.0071 0.0016)
(0.026666667 0.0072 0.0016)
(0.026666667 0.0073 0.0016)
(0.026666667 0.0074 0.0016)
(0.026666667 0.0075 0.0016)
(0.026666667 0.0076 0.0016)
(0.026666667 0.0077 0.0016)
(0.026666667 0.0078 0.0016)
(0.026666667 0.0079 0.0016)
(0.026666667 0.008 0.0016)
(0.026666667 0.0081 0.0016)
(0.026666667 0.0082 0.0016)
(0.026666667 0.0083 0.0016)
(0.026666667 0.0084 0.0016)
(0.026666667 0.0085 0.0016)
(0.026666667 0.0086 0.0016)
(0.026666667 0.0087 0.0016)
(0.026666667 0.0088 0.0016)
(0.026666667 0.0089 0.0016)
(0.026666667 0.009 0.0016)
(0.026666667 0.0071 0.0017)
(0.026666667 0.0072 0.0017)
(0.026666667 0.0073 0.0017)
(0.026666667 0.0074 0.0017)
(0.026666667 0.0075 0.0017)
(0.026666667 0.0076 0.0017)
(0.026666667 0.0077 0.0017)
(0.026666667 0.0078 0.0017)
(0.026666667 0.0079 0.0017)
(0.026666667 0.008 0.0017)
(0.026666667 0.0081 0.0017)
(0.026666667 0.0082 0.0017)
(0.026666667 0.0083 0.0017)
(0.026666667 0.0084 0.0017)
(0.026666667 0.0085 0.0017)
(0.026666667 0.0086 0.0017)
(0.026666667 0.0087 0.0017)
(0.026666667 0.0088 0.0017)
(0.026666667 0.0089 0.0017)
(0.026666667 0.009 0.0017)
(0.026666667 0.0071 0.0018)
(0.026666667 0.0072 0.0018)
(0.026666667 0.0073 0.0018)
(0.026666667 0.0074 0.0018)
(0.026666667 0.0075 0.0018)
(0.026666667 0.0076 0.0018)
(0.026666667 0.0077 0.0018)
(0.026666667 0.0078 0.0018)
(0.026666667 0.0079 0.0018)
(0.026666667 0.008 0.0018)
(0.026666667 0.0081 0.0018)
(0.026666667 0.0082 0.0018)
(0.026666667 0.0083 0.0018)
(0.026666667 0.0084 0.0018)
(0.026666667 0.0085 0.0018)
(0.026666667 0.0086 0.0018)
(0.026666667 0.0087 0.0018)
(0.026666667 0.0088 0.0018)
(0.026666667 0.0089 0.0018)
(0.026666667 0.009 0.0018)
(0.026666667 0.0071 0.0019)
(0.026666667 0.0072 0.0019)
(0.026666667 0.0073 0.0019)
(0.026666667 0.0074 0.0019)
(0.026666667 0.0075 0.0019)
(0.026666667 0.0076 0.0019)
(0.026666667 0.0077 0.0019)
(0.026666667 0.0078 0.0019)
(0.026666667 0.0079 0.0019)
(0.026666667 0.008 0.0019)
(0.026666667 0.0081 0.0019)
(0.026666667 0.0082 0.0019)
(0.026666667 0.0083 0.0019)
(0.026666667 0.0084 0.0019)
(0.026666667 0.0085 0.0019)
(0.026666667 0.0086 0.0019)
(0.026666667 0.0087 0.0019)
(0.026666667 0.0088 0.0019)
(0.026666667 0.0089 0.0019)
(0.026666667 0.009 0.0019)
(0.026666667 0.0071 0.002)
(0.026666667 0.0072 0.002)
(0.026666667 0.0073 0.002)
(0.026666667 0.0074 0.002)
(0.026666667 0.0075 0.002)
(0.026666667 0.0076 0.002)
(0.026666667 0.0077 0.002)
(0.026666667 0.0078 0.002)
(0.026666667 0.0079 0.002)
(0.026666667 0.008 0.002)
(0.026666667 0.0081 0.002)
(0.026666667 0.0082 0.002)
(0.026666667 0.0083 0.002)
(0.026666667 0.0084 0.002)
(0.026666667 0.0085 0.002)
(0.026666667 0.0086 0.002)
(0.026666667 0.0087 0.002)
(0.026666667 0.0088 0.002)
(0.026666667 0.0089 0.002)
(0.026666667 0.009 0.002)
(0.026666667 0.0071 0.0021)
(0.026666667 0.0072 0.0021)
(0.026666667 0.0073 0.0021)
(0.026666667 0.0074 0.0021)
(0.026666667 0.0075 0.0021)
(0.026666667 0.0076 0.0021)
(0.026666667 0.0077 0.0021)
(0.026666667 0.0078 0.0021)
(0.026666667 0.0079 0.0021)
(0.026666667 0.008 0.0021)
(0.026666667 0.0081 0.0021)
(0.026666667 0.0082 0.0021)
(0.026666667 0.0083 0.0021)
(0.026666667 0.0084 0.0021)
(0.026666667 0.0085 0.0021)
(0.026666667 0.0086 0.0021)
(0.026666667 0.0087 0.0021)
(0.026666667 0.0088 0.0021)
(0.026666667 0.0089 0.0021)
(0.026666667 0.009 0.0021)
(0.026666667 0.0071 0.0022)
(0.026666667 0.0072 0.0022)
(0.026666667 0.0073 0.0022)
(0.026666667 0.0074 0.0022)
(0.026666667 0.0075 0.0022)
(0.026666667 0.0076 0.0022)
(0.026666667 0.0077 0.0022)
(0.026666667 0.0078 0.0022)
(0.026666667 0.0079 0.0022)
(0.026666667 0.008 0.0022)
(0.026666667 0.0081 0.0022)
(0.026666667 0.0082 0.0022)
(0.026666667 0.0083 0.0022)
(0.026666667 0.0084 0.0022)
(0.026666667 0.0085 0.0022)
(0.026666667 0.0086 0.0022)
(0.026666667 0.0087 0.0022)
(0.026666667 0.0088 0.0022)
(0.026666667 0.0089 0.0022)
(0.026666667 0.009 0.0022)
(0.026666667 0.0071 0.0023)
(0.026666667 0.0072 0.0023)
(0.026666667 0.0073 0.0023)
(0.026666667 0.0074 0.0023)
(0.026666667 0.0075 0.0023)
(0.026666667 0.0076 0.0023)
(0.026666667 0.0077 0.0023)
(0.026666667 0.0078 0.0023)
(0.026666667 0.0079 0.0023)
(0.026666667 0.008 0.0023)
(0.026666667 0.0081 0.0023)
(0.026666667 0.0082 0.0023)
(0.026666667 0.0083 0.0023)
(0.026666667 0.0084 0.0023)
(0.026666667 0.0085 0.0023)
(0.026666667 0.0086 0.0023)
(0.026666667 0.0087 0.0023)
(0.026666667 0.0088 0.0023)
(0.026666667 0.0089 0.0023)
(0.026666667 0.009 0.0023)
(0.026666667 0.0071 0.0024)
(0.026666667 0.0072 0.0024)
(0.026666667 0.0073 0.0024)
(0.026666667 0.0074 0.0024)
(0.026666667 0.0075 0.0024)
(0.026666667 0.0076 0.0024)
(0.026666667 0.0077 0.0024)
(0.026666667 0.0078 0.0024)
(0.026666667 0.0079 0.0024)
(0.026666667 0.008 0.0024)
(0.026666667 0.0081 0.0024)
(0.026666667 0.0082 0.0024)
(0.026666667 0.0083 0.0024)
(0.026666667 0.0084 0.0024)
(0.026666667 0.0085 0.0024)
(0.026666667 0.0086 0.0024)
(0.026666667 0.0087 0.0024)
(0.026666667 0.0088 0.0024)
(0.026666667 0.0089 0.0024)
(0.026666667 0.009 0.0024)
(0.026666667 0.0071 0.0025)
(0.026666667 0.0072 0.0025)
(0.026666667 0.0073 0.0025)
(0.026666667 0.0074 0.0025)
(0.026666667 0.0075 0.0025)
(0.026666667 0.0076 0.0025)
(0.026666667 0.0077 0.0025)
(0.026666667 0.0078 0.0025)
(0.026666667 0.0079 0.0025)
(0.026666667 0.008 0.0025)
(0.026666667 0.0081 0.0025)
(0.026666667 0.0082 0.0025)
(0.026666667 0.0083 0.0025)
(0.026666667 0.0084 0.0025)
(0.026666667 0.0085 0.0025)
(0.026666667 0.0086 0.0025)
(0.026666667 0.0087 0.0025)
(0.026666667 0.0088 0.0025)
(0.026666667 0.0089 0.0025)
(0.026666667 0.009 0.0025)
(0.026666667 0.0071 0.0026)
(0.026666667 0.0072 0.0026)
(0.026666667 0.0073 0.0026)
(0.026666667 0.0074 0.0026)
(0.026666667 0.0075 0.0026)
(0.026666667 0.0076 0.0026)
(0.026666667 0.0077 0.0026)
(0.026666667 0.0078 0.0026)
(0.026666667 0.0079 0.0026)
(0.026666667 0.008 0.0026)
(0.026666667 0.0081 0.0026)
(0.026666667 0.0082 0.0026)
(0.026666667 0.0083 0.0026)
(0.026666667 0.0084 0.0026)
(0.026666667 0.0085 0.0026)
(0.026666667 0.0086 0.0026)
(0.026666667 0.0087 0.0026)
(0.026666667 0.0088 0.0026)
(0.026666667 0.0089 0.0026)
(0.026666667 0.009 0.0026)
(0.026666667 0.0071 0.0027)
(0.026666667 0.0072 0.0027)
(0.026666667 0.0073 0.0027)
(0.026666667 0.0074 0.0027)
(0.026666667 0.0075 0.0027)
(0.026666667 0.0076 0.0027)
(0.026666667 0.0077 0.0027)
(0.026666667 0.0078 0.0027)
(0.026666667 0.0079 0.0027)
(0.026666667 0.008 0.0027)
(0.026666667 0.0081 0.0027)
(0.026666667 0.0082 0.0027)
(0.026666667 0.0083 0.0027)
(0.026666667 0.0084 0.0027)
(0.026666667 0.0085 0.0027)
(0.026666667 0.0086 0.0027)
(0.026666667 0.0087 0.0027)
(0.026666667 0.0088 0.0027)
(0.026666667 0.0089 0.0027)
(0.026666667 0.009 0.0027)
(0.026666667 0.0071 0.0028)
(0.026666667 0.0072 0.0028)
(0.026666667 0.0073 0.0028)
(0.026666667 0.0074 0.0028)
(0.026666667 0.0075 0.0028)
(0.026666667 0.0076 0.0028)
(0.026666667 0.0077 0.0028)
(0.026666667 0.0078 0.0028)
(0.026666667 0.0079 0.0028)
(0.026666667 0.008 0.0028)
(0.026666667 0.0081 0.0028)
(0.026666667 0.0082 0.0028)
(0.026666667 0.0083 0.0028)
(0.026666667 0.0084 0.0028)
(0.026666667 0.0085 0.0028)
(0.026666667 0.0086 0.0028)
(0.026666667 0.0087 0.0028)
(0.026666667 0.0088 0.0028)
(0.026666667 0.0089 0.0028)
(0.026666667 0.009 0.0028)
(0.026666667 0.0071 0.0029)
(0.026666667 0.0072 0.0029)
(0.026666667 0.0073 0.0029)
(0.026666667 0.0074 0.0029)
(0.026666667 0.0075 0.0029)
(0.026666667 0.0076 0.0029)
(0.026666667 0.0077 0.0029)
(0.026666667 0.0078 0.0029)
(0.026666667 0.0079 0.0029)
(0.026666667 0.008 0.0029)
(0.026666667 0.0081 0.0029)
(0.026666667 0.0082 0.0029)
(0.026666667 0.0083 0.0029)
(0.026666667 0.0084 0.0029)
(0.026666667 0.0085 0.0029)
(0.026666667 0.0086 0.0029)
(0.026666667 0.0087 0.0029)
(0.026666667 0.0088 0.0029)
(0.026666667 0.0089 0.0029)
(0.026666667 0.009 0.0029)
(0.026666667 0.0071 0.003)
(0.026666667 0.0072 0.003)
(0.026666667 0.0073 0.003)
(0.026666667 0.0074 0.003)
(0.026666667 0.0075 0.003)
(0.026666667 0.0076 0.003)
(0.026666667 0.0077 0.003)
(0.026666667 0.0078 0.003)
(0.026666667 0.0079 0.003)
(0.026666667 0.008 0.003)
(0.026666667 0.0081 0.003)
(0.026666667 0.0082 0.003)
(0.026666667 0.0083 0.003)
(0.026666667 0.0084 0.003)
(0.026666667 0.0085 0.003)
(0.026666667 0.0086 0.003)
(0.026666667 0.0087 0.003)
(0.026666667 0.0088 0.003)
(0.026666667 0.0089 0.003)
(0.026666667 0.009 0.003)
(0.028333333 0.0071 0.0011)
(0.028333333 0.0072 0.0011)
(0.028333333 0.0073 0.0011)
(0.028333333 0.0074 0.0011)
(0.028333333 0.0075 0.0011)
(0.028333333 0.0076 0.0011)
(0.028333333 0.0077 0.0011)
(0.028333333 0.0078 0.0011)
(0.028333333 0.0079 0.0011)
(0.028333333 0.008 0.0011)
(0.028333333 0.0081 0.0011)
(0.028333333 0.0082 0.0011)
(0.028333333 0.0083 0.0011)
(0.028333333 0.0084 0.0011)
(0.028333333 0.0085 0.0011)
(0.028333333 0.0086 0.0011)
(0.028333333 0.0087 0.0011)
(0.028333333 0.0088 0.0011)
(0.028333333 0.0089 0.0011)
(0.028333333 0.009 0.0011)
(0.028333333 0.0071 0.0012)
(0.028333333 0.0072 0.0012)
(0.028333333 0.0073 0.0012)
(0.028333333 0.0074 0.0012)
(0.028333333 0.0075 0.0012)
(0.028333333 0.0076 0.0012)
(0.028333333 0.0077 0.0012)
(0.028333333 0.0078 0.0012)
(0.028333333 0.0079 0.0012)
(0.028333333 0.008 0.0012)
(0.028333333 0.0081 0.0012)
(0.028333333 0.0082 0.0012)
(0.028333333 0.0083 0.0012)
(0.028333333 0.0084 0.0012)
(0.028333333 0.0085 0.0012)
(0.028333333 0.0086 0.0012)
(0.028333333 0.0087 0.0012)
(0.028333333 0.0088 0.0012)
(0.028333333 0.0089 0.0012)
(0.028333333 0.009 0.0012)
(0.028333333 0.0071 0.0013)
(0.028333333 0.0072 0.0013)
(0.028333333 0.0073 0.0013)
(0.028333333 0.0074 0.0013)
(0.028333333 0.0075 0.0013)
(0.028333333 0.0076 0.0013)
(0.028333333 0.0077 0.0013)
(0.028333333 0.0078 0.0013)
(0.028333333 0.0079 0.0013)
(0.028333333 0.008 0.0013)
(0.028333333 0.0081 0.0013)
(0.028333333 0.0082 0.0013)
(0.028333333 0.0083 0.0013)
(0.028333333 0.0084 0.0013)
(0.028333333 0.0085 0.0013)
(0.028333333 0.0086 0.0013)
(0.028333333 0.0087 0.0013)
(0.028333333 0.0088 0.0013)
(0.028333333 0.0089 0.0013)
(0.028333333 0.009 0.0013)
(0.028333333 0.0071 0.0014)
(0.028333333 0.0072 0.0014)
(0.028333333 0.0073 0.0014)
(0.028333333 0.0074 0.0014)
(0.028333333 0.0075 0.0014)
(0.028333333 0.0076 0.0014)
(0.028333333 0.0077 0.0014)
(0.028333333 0.0078 0.0014)
(0.028333333 0.0079 0.0014)
(0.028333333 0.008 0.0014)
(0.028333333 0.0081 0.0014)
(0.028333333 0.0082 0.0014)
(0.028333333 0.0083 0.0014)
(0.028333333 0.0084 0.0014)
(0.028333333 0.0085 0.0014)
(0.028333333 0.0086 0.0014)
(0.028333333 0.0087 0.0014)
(0.028333333 0.0088 0.0014)
(0.028333333 0.0089 0.0014)
(0.028333333 0.009 0.0014)
(0.028333333 0.0071 0.0015)
(0.028333333 0.0072 0.0015)
(0.028333333 0.0073 0.0015)
(0.028333333 0.0074 0.0015)
(0.028333333 0.0075 0.0015)
(0.028333333 0.0076 0.0015)
(0.028333333 0.0077 0.0015)
(0.028333333 0.0078 0.0015)
(0.028333333 0.0079 0.0015)
(0.028333333 0.008 0.0015)
(0.028333333 0.0081 0.0015)
(0.028333333 0.0082 0.0015)
(0.028333333 0.0083 0.0015)
(0.028333333 0.0084 0.0015)
(0.028333333 0.0085 0.0015)
(0.028333333 0.0086 0.0015)
(0.028333333 0.0087 0.0015)
(0.028333333 0.0088 0.0015)
(0.028333333 0.0089 0.0015)
(0.028333333 0.009 0.0015)
(0.028333333 0.0071 0.0016)
(0.028333333 0.0072 0.0016)
(0.028333333 0.0073 0.0016)
(0.028333333 0.0074 0.0016)
(0.028333333 0.0075 0.0016)
(0.028333333 0.0076 0.0016)
(0.028333333 0.0077 0.0016)
(0.028333333 0.0078 0.0016)
(0.028333333 0.0079 0.0016)
(0.028333333 0.008 0.0016)
(0.028333333 0.0081 0.0016)
(0.028333333 0.0082 0.0016)
(0.028333333 0.0083 0.0016)
(0.028333333 0.0084 0.0016)
(0.028333333 0.0085 0.0016)
(0.028333333 0.0086 0.0016)
(0.028333333 0.0087 0.0016)
(0.028333333 0.0088 0.0016)
(0.028333333 0.0089 0.0016)
(0.028333333 0.009 0.0016)
(0.028333333 0.0071 0.0017)
(0.028333333 0.0072 0.0017)
(0.028333333 0.0073 0.0017)
(0.028333333 0.0074 0.0017)
(0.028333333 0.0075 0.0017)
(0.028333333 0.0076 0.0017)
(0.028333333 0.0077 0.0017)
(0.028333333 0.0078 0.0017)
(0.028333333 0.0079 0.0017)
(0.028333333 0.008 0.0017)
(0.028333333 0.0081 0.0017)
(0.028333333 0.0082 0.0017)
(0.028333333 0.0083 0.0017)
(0.028333333 0.0084 0.0017)
(0.028333333 0.0085 0.0017)
(0.028333333 0.0086 0.0017)
(0.028333333 0.0087 0.0017)
(0.028333333 0.0088 0.0017)
(0.028333333 0.0089 0.0017)
(0.028333333 0.009 0.0017)
(0.028333333 0.0071 0.0018)
(0.028333333 0.0072 0.0018)
(0.028333333 0.0073 0.0018)
(0.028333333 0.0074 0.0018)
(0.028333333 0.0075 0.0018)
(0.028333333 0.0076 0.0018)
(0.028333333 0.0077 0.0018)
(0.028333333 0.0078 0.0018)
(0.028333333 0.0079 0.0018)
(0.028333333 0.008 0.0018)
(0.028333333 0.0081 0.0018)
(0.028333333 0.0082 0.0018)
(0.028333333 0.0083 0.0018)
(0.028333333 0.0084 0.0018)
(0.028333333 0.0085 0.0018)
(0.028333333 0.0086 0.0018)
(0.028333333 0.0087 0.0018)
(0.028333333 0.0088 0.0018)
(0.028333333 0.0089 0.0018)
(0.028333333 0.009 0.0018)
(0.028333333 0.0071 0.0019)
(0.028333333 0.0072 0.0019)
(0.028333333 0.0073 0.0019)
(0.028333333 0.0074 0.0019)
(0.028333333 0.0075 0.0019)
(0.028333333 0.0076 0.0019)
(0.028333333 0.0077 0.0019)
(0.028333333 0.0078 0.0019)
(0.028333333 0.0079 0.0019)
(0.028333333 0.008 0.0019)
(0.028333333 0.0081 0.0019)
(0.028333333 0.0082 0.0019)
(0.028333333 0.0083 0.0019)
(0.028333333 0.0084 0.0019)
(0.028333333 0.0085 0.0019)
(0.028333333 0.0086 0.0019)
(0.028333333 0.0087 0.0019)
(0.028333333 0.0088 0.0019)
(0.028333333 0.0089 0.0019)
(0.028333333 0.009 0.0019)
(0.028333333 0.0071 0.002)
(0.028333333 0.0072 0.002)
(0.028333333 0.0073 0.002)
(0.028333333 0.0074 0.002)
(0.028333333 0.0075 0.002)
(0.028333333 0.0076 0.002)
(0.028333333 0.0077 0.002)
(0.028333333 0.0078 0.002)
(0.028333333 0.0079 0.002)
(0.028333333 0.008 0.002)
(0.028333333 0.0081 0.002)
(0.028333333 0.0082 0.002)
(0.028333333 0.0083 0.002)
(0.028333333 0.0084 0.002)
(0.028333333 0.0085 0.002)
(0.028333333 0.0086 0.002)
(0.028333333 0.0087 0.002)
(0.028333333 0.0088 0.002)
(0.028333333 0.0089 0.002)
(0.028333333 0.009 0.002)
(0.028333333 0.0071 0.0021)
(0.028333333 0.0072 0.0021)
(0.028333333 0.0073 0.0021)
(0.028333333 0.0074 0.0021)
(0.028333333 0.0075 0.0021)
(0.028333333 0.0076 0.0021)
(0.028333333 0.0077 0.0021)
(0.028333333 0.0078 0.0021)
(0.028333333 0.0079 0.0021)
(0.028333333 0.008 0.0021)
(0.028333333 0.0081 0.0021)
(0.028333333 0.0082 0.0021)
(0.028333333 0.0083 0.0021)
(0.028333333 0.0084 0.0021)
(0.028333333 0.0085 0.0021)
(0.028333333 0.0086 0.0021)
(0.028333333 0.0087 0.0021)
(0.028333333 0.0088 0.0021)
(0.028333333 0.0089 0.0021)
(0.028333333 0.009 0.0021)
(0.028333333 0.0071 0.0022)
(0.028333333 0.0072 0.0022)
(0.028333333 0.0073 0.0022)
(0.028333333 0.0074 0.0022)
(0.028333333 0.0075 0.0022)
(0.028333333 0.0076 0.0022)
(0.028333333 0.0077 0.0022)
(0.028333333 0.0078 0.0022)
(0.028333333 0.0079 0.0022)
(0.028333333 0.008 0.0022)
(0.028333333 0.0081 0.0022)
(0.028333333 0.0082 0.0022)
(0.028333333 0.0083 0.0022)
(0.028333333 0.0084 0.0022)
(0.028333333 0.0085 0.0022)
(0.028333333 0.0086 0.0022)
(0.028333333 0.0087 0.0022)
(0.028333333 0.0088 0.0022)
(0.028333333 0.0089 0.0022)
(0.028333333 0.009 0.0022)
(0.028333333 0.0071 0.0023)
(0.028333333 0.0072 0.0023)
(0.028333333 0.0073 0.0023)
(0.028333333 0.0074 0.0023)
(0.028333333 0.0075 0.0023)
(0.028333333 0.0076 0.0023)
(0.028333333 0.0077 0.0023)
(0.028333333 0.0078 0.0023)
(0.028333333 0.0079 0.0023)
(0.028333333 0.008 0.0023)
(0.028333333 0.0081 0.0023)
(0.028333333 0.0082 0.0023)
(0.028333333 0.0083 0.0023)
(0.028333333 0.0084 0.0023)
(0.028333333 0.0085 0.0023)
(0.028333333 0.0086 0.0023)
(0.028333333 0.0087 0.0023)
(0.028333333 0.0088 0.0023)
(0.028333333 0.0089 0.0023)
(0.028333333 0.009 0.0023)
(0.028333333 0.0071 0.0024)
(0.028333333 0.0072 0.0024)
(0.028333333 0.0073 0.0024)
(0.028333333 0.0074 0.0024)
(0.028333333 0.0075 0.0024)
(0.028333333 0.0076 0.0024)
(0.028333333 0.0077 0.0024)
(0.028333333 0.0078 0.0024)
(0.028333333 0.0079 0.0024)
(0.028333333 0.008 0.0024)
(0.028333333 0.0081 0.0024)
(0.028333333 0.0082 0.0024)
(0.028333333 0.0083 0.0024)
(0.028333333 0.0084 0.0024)
(0.028333333 0.0085 0.0024)
(0.028333333 0.0086 0.0024)
(0.028333333 0.0087 0.0024)
(0.028333333 0.0088 0.0024)
(0.028333333 0.0089 0.0024)
(0.028333333 0.009 0.0024)
(0.028333333 0.0071 0.0025)
(0.028333333 0.0072 0.0025)
(0.028333333 0.0073 0.0025)
(0.028333333 0.0074 0.0025)
(0.028333333 0.0075 0.0025)
(0.028333333 0.0076 0.0025)
(0.028333333 0.0077 0.0025)
(0.028333333 0.0078 0.0025)
(0.028333333 0.0079 0.0025)
(0.028333333 0.008 0.0025)
(0.028333333 0.0081 0.0025)
(0.028333333 0.0082 0.0025)
(0.028333333 0.0083 0.0025)
(0.028333333 0.0084 0.0025)
(0.028333333 0.0085 0.0025)
(0.028333333 0.0086 0.0025)
(0.028333333 0.0087 0.0025)
(0.028333333 0.0088 0.0025)
(0.028333333 0.0089 0.0025)
(0.028333333 0.009 0.0025)
(0.028333333 0.0071 0.0026)
(0.028333333 0.0072 0.0026)
(0.028333333 0.0073 0.0026)
(0.028333333 0.0074 0.0026)
(0.028333333 0.0075 0.0026)
(0.028333333 0.0076 0.0026)
(0.028333333 0.0077 0.0026)
(0.028333333 0.0078 0.0026)
(0.028333333 0.0079 0.0026)
(0.028333333 0.008 0.0026)
(0.028333333 0.0081 0.0026)
(0.028333333 0.0082 0.0026)
(0.028333333 0.0083 0.0026)
(0.028333333 0.0084 0.0026)
(0.028333333 0.0085 0.0026)
(0.028333333 0.0086 0.0026)
(0.028333333 0.0087 0.0026)
(0.028333333 0.0088 0.0026)
(0.028333333 0.0089 0.0026)
(0.028333333 0.009 0.0026)
(0.028333333 0.0071 0.0027)
(0.028333333 0.0072 0.0027)
(0.028333333 0.0073 0.0027)
(0.028333333 0.0074 0.0027)
(0.028333333 0.0075 0.0027)
(0.028333333 0.0076 0.0027)
(0.028333333 0.0077 0.0027)
(0.028333333 0.0078 0.0027)
(0.028333333 0.0079 0.0027)
(0.028333333 0.008 0.0027)
(0.028333333 0.0081 0.0027)
(0.028333333 0.0082 0.0027)
(0.028333333 0.0083 0.0027)
(0.028333333 0.0084 0.0027)
(0.028333333 0.0085 0.0027)
(0.028333333 0.0086 0.0027)
(0.028333333 0.0087 0.0027)
(0.028333333 0.0088 0.0027)
(0.028333333 0.0089 0.0027)
(0.028333333 0.009 0.0027)
(0.028333333 0.0071 0.0028)
(0.028333333 0.0072 0.0028)
(0.028333333 0.0073 0.0028)
(0.028333333 0.0074 0.0028)
(0.028333333 0.0075 0.0028)
(0.028333333 0.0076 0.0028)
(0.028333333 0.0077 0.0028)
(0.028333333 0.0078 0.0028)
(0.028333333 0.0079 0.0028)
(0.028333333 0.008 0.0028)
(0.028333333 0.0081 0.0028)
(0.028333333 0.0082 0.0028)
(0.028333333 0.0083 0.0028)
(0.028333333 0.0084 0.0028)
(0.028333333 0.0085 0.0028)
(0.028333333 0.0086 0.0028)
(0.028333333 0.0087 0.0028)
(0.028333333 0.0088 0.0028)
(0.028333333 0.0089 0.0028)
(0.028333333 0.009 0.0028)
(0.028333333 0.0071 0.0029)
(0.028333333 0.0072 0.0029)
(0.028333333 0.0073 0.0029)
(0.028333333 0.0074 0.0029)
(0.028333333 0.0075 0.0029)
(0.028333333 0.0076 0.0029)
(0.028333333 0.0077 0.0029)
(0.028333333 0.0078 0.0029)
(0.028333333 0.0079 0.0029)
(0.028333333 0.008 0.0029)
(0.028333333 0.0081 0.0029)
(0.028333333 0.0082 0.0029)
(0.028333333 0.0083 0.0029)
(0.028333333 0.0084 0.0029)
(0.028333333 0.0085 0.0029)
(0.028333333 0.0086 0.0029)
(0.028333333 0.0087 0.0029)
(0.028333333 0.0088 0.0029)
(0.028333333 0.0089 0.0029)
(0.028333333 0.009 0.0029)
(0.028333333 0.0071 0.003)
(0.028333333 0.0072 0.003)
(0.028333333 0.0073 0.003)
(0.028333333 0.0074 0.003)
(0.028333333 0.0075 0.003)
(0.028333333 0.0076 0.003)
(0.028333333 0.0077 0.003)
(0.028333333 0.0078 0.003)
(0.028333333 0.0079 0.003)
(0.028333333 0.008 0.003)
(0.028333333 0.0081 0.003)
(0.028333333 0.0082 0.003)
(0.028333333 0.0083 0.003)
(0.028333333 0.0084 0.003)
(0.028333333 0.0085 0.003)
(0.028333333 0.0086 0.003)
(0.028333333 0.0087 0.003)
(0.028333333 0.0088 0.003)
(0.028333333 0.0089 0.003)
(0.028333333 0.009 0.003)
(0.03 0.0071 0.0011)
(0.03 0.0072 0.0011)
(0.03 0.0073 0.0011)
(0.03 0.0074 0.0011)
(0.03 0.0075 0.0011)
(0.03 0.0076 0.0011)
(0.03 0.0077 0.0011)
(0.03 0.0078 0.0011)
(0.03 0.0079 0.0011)
(0.03 0.008 0.0011)
(0.03 0.0081 0.0011)
(0.03 0.0082 0.0011)
(0.03 0.0083 0.0011)
(0.03 0.0084 0.0011)
(0.03 0.0085 0.0011)
(0.03 0.0086 0.0011)
(0.03 0.0087 0.0011)
(0.03 0.0088 0.0011)
(0.03 0.0089 0.0011)
(0.03 0.009 0.0011)
(0.03 0.0071 0.0012)
(0.03 0.0072 0.0012)
(0.03 0.0073 0.0012)
(0.03 0.0074 0.0012)
(0.03 0.0075 0.0012)
(0.03 0.0076 0.0012)
(0.03 0.0077 0.0012)
(0.03 0.0078 0.0012)
(0.03 0.0079 0.0012)
(0.03 0.008 0.0012)
(0.03 0.0081 0.0012)
(0.03 0.0082 0.0012)
(0.03 0.0083 0.0012)
(0.03 0.0084 0.0012)
(0.03 0.0085 0.0012)
(0.03 0.0086 0.0012)
(0.03 0.0087 0.0012)
(0.03 0.0088 0.0012)
(0.03 0.0089 0.0012)
(0.03 0.009 0.0012)
(0.03 0.0071 0.0013)
(0.03 0.0072 0.0013)
(0.03 0.0073 0.0013)
(0.03 0.0074 0.0013)
(0.03 0.0075 0.0013)
(0.03 0.0076 0.0013)
(0.03 0.0077 0.0013)
(0.03 0.0078 0.0013)
(0.03 0.0079 0.0013)
(0.03 0.008 0.0013)
(0.03 0.0081 0.0013)
(0.03 0.0082 0.0013)
(0.03 0.0083 0.0013)
(0.03 0.0084 0.0013)
(0.03 0.0085 0.0013)
(0.03 0.0086 0.0013)
(0.03 0.0087 0.0013)
(0.03 0.0088 0.0013)
(0.03 0.0089 0.0013)
(0.03 0.009 0.0013)
(0.03 0.0071 0.0014)
(0.03 0.0072 0.0014)
(0.03 0.0073 0.0014)
(0.03 0.0074 0.0014)
(0.03 0.0075 0.0014)
(0.03 0.0076 0.0014)
(0.03 0.0077 0.0014)
(0.03 0.0078 0.0014)
(0.03 0.0079 0.0014)
(0.03 0.008 0.0014)
(0.03 0.0081 0.0014)
(0.03 0.0082 0.0014)
(0.03 0.0083 0.0014)
(0.03 0.0084 0.0014)
(0.03 0.0085 0.0014)
(0.03 0.0086 0.0014)
(0.03 0.0087 0.0014)
(0.03 0.0088 0.0014)
(0.03 0.0089 0.0014)
(0.03 0.009 0.0014)
(0.03 0.0071 0.0015)
(0.03 0.0072 0.0015)
(0.03 0.0073 0.0015)
(0.03 0.0074 0.0015)
(0.03 0.0075 0.0015)
(0.03 0.0076 0.0015)
(0.03 0.0077 0.0015)
(0.03 0.0078 0.0015)
(0.03 0.0079 0.0015)
(0.03 0.008 0.0015)
(0.03 0.0081 0.0015)
(0.03 0.0082 0.0015)
(0.03 0.0083 0.0015)
(0.03 0.0084 0.0015)
(0.03 0.0085 0.0015)
(0.03 0.0086 0.0015)
(0.03 0.0087 0.0015)
(0.03 0.0088 0.0015)
(0.03 0.0089 0.0015)
(0.03 0.009 0.0015)
(0.03 0.0071 0.0016)
(0.03 0.0072 0.0016)
(0.03 0.0073 0.0016)
(0.03 0.0074 0.0016)
(0.03 0.0075 0.0016)
(0.03 0.0076 0.0016)
(0.03 0.0077 0.0016)
(0.03 0.0078 0.0016)
(0.03 0.0079 0.0016)
(0.03 0.008 0.0016)
(0.03 0.0081 0.0016)
(0.03 0.0082 0.0016)
(0.03 0.0083 0.0016)
(0.03 0.0084 0.0016)
(0.03 0.0085 0.0016)
(0.03 0.0086 0.0016)
(0.03 0.0087 0.0016)
(0.03 0.0088 0.0016)
(0.03 0.0089 0.0016)
(0.03 0.009 0.0016)
(0.03 0.0071 0.0017)
(0.03 0.0072 0.0017)
(0.03 0.0073 0.0017)
(0.03 0.0074 0.0017)
(0.03 0.0075 0.0017)
(0.03 0.0076 0.0017)
(0.03 0.0077 0.0017)
(0.03 0.0078 0.0017)
(0.03 0.0079 0.0017)
(0.03 0.008 0.0017)
(0.03 0.0081 0.0017)
(0.03 0.0082 0.0017)
(0.03 0.0083 0.0017)
(0.03 0.0084 0.0017)
(0.03 0.0085 0.0017)
(0.03 0.0086 0.0017)
(0.03 0.0087 0.0017)
(0.03 0.0088 0.0017)
(0.03 0.0089 0.0017)
(0.03 0.009 0.0017)
(0.03 0.0071 0.0018)
(0.03 0.0072 0.0018)
(0.03 0.0073 0.0018)
(0.03 0.0074 0.0018)
(0.03 0.0075 0.0018)
(0.03 0.0076 0.0018)
(0.03 0.0077 0.0018)
(0.03 0.0078 0.0018)
(0.03 0.0079 0.0018)
(0.03 0.008 0.0018)
(0.03 0.0081 0.0018)
(0.03 0.0082 0.0018)
(0.03 0.0083 0.0018)
(0.03 0.0084 0.0018)
(0.03 0.0085 0.0018)
(0.03 0.0086 0.0018)
(0.03 0.0087 0.0018)
(0.03 0.0088 0.0018)
(0.03 0.0089 0.0018)
(0.03 0.009 0.0018)
(0.03 0.0071 0.0019)
(0.03 0.0072 0.0019)
(0.03 0.0073 0.0019)
(0.03 0.0074 0.0019)
(0.03 0.0075 0.0019)
(0.03 0.0076 0.0019)
(0.03 0.0077 0.0019)
(0.03 0.0078 0.0019)
(0.03 0.0079 0.0019)
(0.03 0.008 0.0019)
(0.03 0.0081 0.0019)
(0.03 0.0082 0.0019)
(0.03 0.0083 0.0019)
(0.03 0.0084 0.0019)
(0.03 0.0085 0.0019)
(0.03 0.0086 0.0019)
(0.03 0.0087 0.0019)
(0.03 0.0088 0.0019)
(0.03 0.0089 0.0019)
(0.03 0.009 0.0019)
(0.03 0.0071 0.002)
(0.03 0.0072 0.002)
(0.03 0.0073 0.002)
(0.03 0.0074 0.002)
(0.03 0.0075 0.002)
(0.03 0.0076 0.002)
(0.03 0.0077 0.002)
(0.03 0.0078 0.002)
(0.03 0.0079 0.002)
(0.03 0.008 0.002)
(0.03 0.0081 0.002)
(0.03 0.0082 0.002)
(0.03 0.0083 0.002)
(0.03 0.0084 0.002)
(0.03 0.0085 0.002)
(0.03 0.0086 0.002)
(0.03 0.0087 0.002)
(0.03 0.0088 0.002)
(0.03 0.0089 0.002)
(0.03 0.009 0.002)
(0.03 0.0071 0.0021)
(0.03 0.0072 0.0021)
(0.03 0.0073 0.0021)
(0.03 0.0074 0.0021)
(0.03 0.0075 0.0021)
(0.03 0.0076 0.0021)
(0.03 0.0077 0.0021)
(0.03 0.0078 0.0021)
(0.03 0.0079 0.0021)
(0.03 0.008 0.0021)
(0.03 0.0081 0.0021)
(0.03 0.0082 0.0021)
(0.03 0.0083 0.0021)
(0.03 0.0084 0.0021)
(0.03 0.0085 0.0021)
(0.03 0.0086 0.0021)
(0.03 0.0087 0.0021)
(0.03 0.0088 0.0021)
(0.03 0.0089 0.0021)
(0.03 0.009 0.0021)
(0.03 0.0071 0.0022)
(0.03 0.0072 0.0022)
(0.03 0.0073 0.0022)
(0.03 0.0074 0.0022)
(0.03 0.0075 0.0022)
(0.03 0.0076 0.0022)
(0.03 0.0077 0.0022)
(0.03 0.0078 0.0022)
(0.03 0.0079 0.0022)
(0.03 0.008 0.0022)
(0.03 0.0081 0.0022)
(0.03 0.0082 0.0022)
(0.03 0.0083 0.0022)
(0.03 0.0084 0.0022)
(0.03 0.0085 0.0022)
(0.03 0.0086 0.0022)
(0.03 0.0087 0.0022)
(0.03 0.0088 0.0022)
(0.03 0.0089 0.0022)
(0.03 0.009 0.0022)
(0.03 0.0071 0.0023)
(0.03 0.0072 0.0023)
(0.03 0.0073 0.0023)
(0.03 0.0074 0.0023)
(0.03 0.0075 0.0023)
(0.03 0.0076 0.0023)
(0.03 0.0077 0.0023)
(0.03 0.0078 0.0023)
(0.03 0.0079 0.0023)
(0.03 0.008 0.0023)
(0.03 0.0081 0.0023)
(0.03 0.0082 0.0023)
(0.03 0.0083 0.0023)
(0.03 0.0084 0.0023)
(0.03 0.0085 0.0023)
(0.03 0.0086 0.0023)
(0.03 0.0087 0.0023)
(0.03 0.0088 0.0023)
(0.03 0.0089 0.0023)
(0.03 0.009 0.0023)
(0.03 0.0071 0.0024)
(0.03 0.0072 0.0024)
(0.03 0.0073 0.0024)
(0.03 0.0074 0.0024)
(0.03 0.0075 0.0024)
(0.03 0.0076 0.0024)
(0.03 0.0077 0.0024)
(0.03 0.0078 0.0024)
(0.03 0.0079 0.0024)
(0.03 0.008 0.0024)
(0.03 0.0081 0.0024)
(0.03 0.0082 0.0024)
(0.03 0.0083 0.0024)
(0.03 0.0084 0.0024)
(0.03 0.0085 0.0024)
(0.03 0.0086 0.0024)
(0.03 0.0087 0.0024)
(0.03 0.0088 0.0024)
(0.03 0.0089 0.0024)
(0.03 0.009 0.0024)
(0.03 0.0071 0.0025)
(0.03 0.0072 0.0025)
(0.03 0.0073 0.0025)
(0.03 0.0074 0.0025)
(0.03 0.0075 0.0025)
(0.03 0.0076 0.0025)
(0.03 0.0077 0.0025)
(0.03 0.0078 0.0025)
(0.03 0.0079 0.0025)
(0.03 0.008 0.0025)
(0.03 0.0081 0.0025)
(0.03 0.0082 0.0025)
(0.03 0.0083 0.0025)
(0.03 0.0084 0.0025)
(0.03 0.0085 0.0025)
(0.03 0.0086 0.0025)
(0.03 0.0087 0.0025)
(0.03 0.0088 0.0025)
(0.03 0.0089 0.0025)
(0.03 0.009 0.0025)
(0.03 0.0071 0.0026)
(0.03 0.0072 0.0026)
(0.03 0.0073 0.0026)
(0.03 0.0074 0.0026)
(0.03 0.0075 0.0026)
(0.03 0.0076 0.0026)
(0.03 0.0077 0.0026)
(0.03 0.0078 0.0026)
(0.03 0.0079 0.0026)
(0.03 0.008 0.0026)
(0.03 0.0081 0.0026)
(0.03 0.0082 0.0026)
(0.03 0.0083 0.0026)
(0.03 0.0084 0.0026)
(0.03 0.0085 0.0026)
(0.03 0.0086 0.0026)
(0.03 0.0087 0.0026)
(0.03 0.0088 0.0026)
(0.03 0.0089 0.0026)
(0.03 0.009 0.0026)
(0.03 0.0071 0.0027)
(0.03 0.0072 0.0027)
(0.03 0.0073 0.0027)
(0.03 0.0074 0.0027)
(0.03 0.0075 0.0027)
(0.03 0.0076 0.0027)
(0.03 0.0077 0.0027)
(0.03 0.0078 0.0027)
(0.03 0.0079 0.0027)
(0.03 0.008 0.0027)
(0.03 0.0081 0.0027)
(0.03 0.0082 0.0027)
(0.03 0.0083 0.0027)
(0.03 0.0084 0.0027)
(0.03 0.0085 0.0027)
(0.03 0.0086 0.0027)
(0.03 0.0087 0.0027)
(0.03 0.0088 0.0027)
(0.03 0.0089 0.0027)
(0.03 0.009 0.0027)
(0.03 0.0071 0.0028)
(0.03 0.0072 0.0028)
(0.03 0.0073 0.0028)
(0.03 0.0074 0.0028)
(0.03 0.0075 0.0028)
(0.03 0.0076 0.0028)
(0.03 0.0077 0.0028)
(0.03 0.0078 0.0028)
(0.03 0.0079 0.0028)
(0.03 0.008 0.0028)
(0.03 0.0081 0.0028)
(0.03 0.0082 0.0028)
(0.03 0.0083 0.0028)
(0.03 0.0084 0.0028)
(0.03 0.0085 0.0028)
(0.03 0.0086 0.0028)
(0.03 0.0087 0.0028)
(0.03 0.0088 0.0028)
(0.03 0.0089 0.0028)
(0.03 0.009 0.0028)
(0.03 0.0071 0.0029)
(0.03 0.0072 0.0029)
(0.03 0.0073 0.0029)
(0.03 0.0074 0.0029)
(0.03 0.0075 0.0029)
(0.03 0.0076 0.0029)
(0.03 0.0077 0.0029)
(0.03 0.0078 0.0029)
(0.03 0.0079 0.0029)
(0.03 0.008 0.0029)
(0.03 0.0081 0.0029)
(0.03 0.0082 0.0029)
(0.03 0.0083 0.0029)
(0.03 0.0084 0.0029)
(0.03 0.0085 0.0029)
(0.03 0.0086 0.0029)
(0.03 0.0087 0.0029)
(0.03 0.0088 0.0029)
(0.03 0.0089 0.0029)
(0.03 0.009 0.0029)
(0.03 0.0071 0.003)
(0.03 0.0072 0.003)
(0.03 0.0073 0.003)
(0.03 0.0074 0.003)
(0.03 0.0075 0.003)
(0.03 0.0076 0.003)
(0.03 0.0077 0.003)
(0.03 0.0078 0.003)
(0.03 0.0079 0.003)
(0.03 0.008 0.003)
(0.03 0.0081 0.003)
(0.03 0.0082 0.003)
(0.03 0.0083 0.003)
(0.03 0.0084 0.003)
(0.03 0.0085 0.003)
(0.03 0.0086 0.003)
(0.03 0.0087 0.003)
(0.03 0.0088 0.003)
(0.03 0.0089 0.003)
(0.03 0.009 0.003)
(0.031666667 0.0071 0.0011)
(0.031666667 0.0072 0.0011)
(0.031666667 0.0073 0.0011)
(0.031666667 0.0074 0.0011)
(0.031666667 0.0075 0.0011)
(0.031666667 0.0076 0.0011)
(0.031666667 0.0077 0.0011)
(0.031666667 0.0078 0.0011)
(0.031666667 0.0079 0.0011)
(0.031666667 0.008 0.0011)
(0.031666667 0.0081 0.0011)
(0.031666667 0.0082 0.0011)
(0.031666667 0.0083 0.0011)
(0.031666667 0.0084 0.0011)
(0.031666667 0.0085 0.0011)
(0.031666667 0.0086 0.0011)
(0.031666667 0.0087 0.0011)
(0.031666667 0.0088 0.0011)
(0.031666667 0.0089 0.0011)
(0.031666667 0.009 0.0011)
(0.031666667 0.0071 0.0012)
(0.031666667 0.0072 0.0012)
(0.031666667 0.0073 0.0012)
(0.031666667 0.0074 0.0012)
(0.031666667 0.0075 0.0012)
(0.031666667 0.0076 0.0012)
(0.031666667 0.0077 0.0012)
(0.031666667 0.0078 0.0012)
(0.031666667 0.0079 0.0012)
(0.031666667 0.008 0.0012)
(0.031666667 0.0081 0.0012)
(0.031666667 0.0082 0.0012)
(0.031666667 0.0083 0.0012)
(0.031666667 0.0084 0.0012)
(0.031666667 0.0085 0.0012)
(0.031666667 0.0086 0.0012)
(0.031666667 0.0087 0.0012)
(0.031666667 0.0088 0.0012)
(0.031666667 0.0089 0.0012)
(0.031666667 0.009 0.0012)
(0.031666667 0.0071 0.0013)
(0.031666667 0.0072 0.0013)
(0.031666667 0.0073 0.0013)
(0.031666667 0.0074 0.0013)
(0.031666667 0.0075 0.0013)
(0.031666667 0.0076 0.0013)
(0.031666667 0.0077 0.0013)
(0.031666667 0.0078 0.0013)
(0.031666667 0.0079 0.0013)
(0.031666667 0.008 0.0013)
(0.031666667 0.0081 0.0013)
(0.031666667 0.0082 0.0013)
(0.031666667 0.0083 0.0013)
(0.031666667 0.0084 0.0013)
(0.031666667 0.0085 0.0013)
(0.031666667 0.0086 0.0013)
(0.031666667 0.0087 0.0013)
(0.031666667 0.0088 0.0013)
(0.031666667 0.0089 0.0013)
(0.031666667 0.009 0.0013)
(0.031666667 0.0071 0.0014)
(0.031666667 0.0072 0.0014)
(0.031666667 0.0073 0.0014)
(0.031666667 0.0074 0.0014)
(0.031666667 0.0075 0.0014)
(0.031666667 0.0076 0.0014)
(0.031666667 0.0077 0.0014)
(0.031666667 0.0078 0.0014)
(0.031666667 0.0079 0.0014)
(0.031666667 0.008 0.0014)
(0.031666667 0.0081 0.0014)
(0.031666667 0.0082 0.0014)
(0.031666667 0.0083 0.0014)
(0.031666667 0.0084 0.0014)
(0.031666667 0.0085 0.0014)
(0.031666667 0.0086 0.0014)
(0.031666667 0.0087 0.0014)
(0.031666667 0.0088 0.0014)
(0.031666667 0.0089 0.0014)
(0.031666667 0.009 0.0014)
(0.031666667 0.0071 0.0015)
(0.031666667 0.0072 0.0015)
(0.031666667 0.0073 0.0015)
(0.031666667 0.0074 0.0015)
(0.031666667 0.0075 0.0015)
(0.031666667 0.0076 0.0015)
(0.031666667 0.0077 0.0015)
(0.031666667 0.0078 0.0015)
(0.031666667 0.0079 0.0015)
(0.031666667 0.008 0.0015)
(0.031666667 0.0081 0.0015)
(0.031666667 0.0082 0.0015)
(0.031666667 0.0083 0.0015)
(0.031666667 0.0084 0.0015)
(0.031666667 0.0085 0.0015)
(0.031666667 0.0086 0.0015)
(0.031666667 0.0087 0.0015)
(0.031666667 0.0088 0.0015)
(0.031666667 0.0089 0.0015)
(0.031666667 0.009 0.0015)
(0.031666667 0.0071 0.0016)
(0.031666667 0.0072 0.0016)
(0.031666667 0.0073 0.0016)
(0.031666667 0.0074 0.0016)
(0.031666667 0.0075 0.0016)
(0.031666667 0.0076 0.0016)
(0.031666667 0.0077 0.0016)
(0.031666667 0.0078 0.0016)
(0.031666667 0.0079 0.0016)
(0.031666667 0.008 0.0016)
(0.031666667 0.0081 0.0016)
(0.031666667 0.0082 0.0016)
(0.031666667 0.0083 0.0016)
(0.031666667 0.0084 0.0016)
(0.031666667 0.0085 0.0016)
(0.031666667 0.0086 0.0016)
(0.031666667 0.0087 0.0016)
(0.031666667 0.0088 0.0016)
(0.031666667 0.0089 0.0016)
(0.031666667 0.009 0.0016)
(0.031666667 0.0071 0.0017)
(0.031666667 0.0072 0.0017)
(0.031666667 0.0073 0.0017)
(0.031666667 0.0074 0.0017)
(0.031666667 0.0075 0.0017)
(0.031666667 0.0076 0.0017)
(0.031666667 0.0077 0.0017)
(0.031666667 0.0078 0.0017)
(0.031666667 0.0079 0.0017)
(0.031666667 0.008 0.0017)
(0.031666667 0.0081 0.0017)
(0.031666667 0.0082 0.0017)
(0.031666667 0.0083 0.0017)
(0.031666667 0.0084 0.0017)
(0.031666667 0.0085 0.0017)
(0.031666667 0.0086 0.0017)
(0.031666667 0.0087 0.0017)
(0.031666667 0.0088 0.0017)
(0.031666667 0.0089 0.0017)
(0.031666667 0.009 0.0017)
(0.031666667 0.0071 0.0018)
(0.031666667 0.0072 0.0018)
(0.031666667 0.0073 0.0018)
(0.031666667 0.0074 0.0018)
(0.031666667 0.0075 0.0018)
(0.031666667 0.0076 0.0018)
(0.031666667 0.0077 0.0018)
(0.031666667 0.0078 0.0018)
(0.031666667 0.0079 0.0018)
(0.031666667 0.008 0.0018)
(0.031666667 0.0081 0.0018)
(0.031666667 0.0082 0.0018)
(0.031666667 0.0083 0.0018)
(0.031666667 0.0084 0.0018)
(0.031666667 0.0085 0.0018)
(0.031666667 0.0086 0.0018)
(0.031666667 0.0087 0.0018)
(0.031666667 0.0088 0.0018)
(0.031666667 0.0089 0.0018)
(0.031666667 0.009 0.0018)
(0.031666667 0.0071 0.0019)
(0.031666667 0.0072 0.0019)
(0.031666667 0.0073 0.0019)
(0.031666667 0.0074 0.0019)
(0.031666667 0.0075 0.0019)
(0.031666667 0.0076 0.0019)
(0.031666667 0.0077 0.0019)
(0.031666667 0.0078 0.0019)
(0.031666667 0.0079 0.0019)
(0.031666667 0.008 0.0019)
(0.031666667 0.0081 0.0019)
(0.031666667 0.0082 0.0019)
(0.031666667 0.0083 0.0019)
(0.031666667 0.0084 0.0019)
(0.031666667 0.0085 0.0019)
(0.031666667 0.0086 0.0019)
(0.031666667 0.0087 0.0019)
(0.031666667 0.0088 0.0019)
(0.031666667 0.0089 0.0019)
(0.031666667 0.009 0.0019)
(0.031666667 0.0071 0.002)
(0.031666667 0.0072 0.002)
(0.031666667 0.0073 0.002)
(0.031666667 0.0074 0.002)
(0.031666667 0.0075 0.002)
(0.031666667 0.0076 0.002)
(0.031666667 0.0077 0.002)
(0.031666667 0.0078 0.002)
(0.031666667 0.0079 0.002)
(0.031666667 0.008 0.002)
(0.031666667 0.0081 0.002)
(0.031666667 0.0082 0.002)
(0.031666667 0.0083 0.002)
(0.031666667 0.0084 0.002)
(0.031666667 0.0085 0.002)
(0.031666667 0.0086 0.002)
(0.031666667 0.0087 0.002)
(0.031666667 0.0088 0.002)
(0.031666667 0.0089 0.002)
(0.031666667 0.009 0.002)
(0.031666667 0.0071 0.0021)
(0.031666667 0.0072 0.0021)
(0.031666667 0.0073 0.0021)
(0.031666667 0.0074 0.0021)
(0.031666667 0.0075 0.0021)
(0.031666667 0.0076 0.0021)
(0.031666667 0.0077 0.0021)
(0.031666667 0.0078 0.0021)
(0.031666667 0.0079 0.0021)
(0.031666667 0.008 0.0021)
(0.031666667 0.0081 0.0021)
(0.031666667 0.0082 0.0021)
(0.031666667 0.0083 0.0021)
(0.031666667 0.0084 0.0021)
(0.031666667 0.0085 0.0021)
(0.031666667 0.0086 0.0021)
(0.031666667 0.0087 0.0021)
(0.031666667 0.0088 0.0021)
(0.031666667 0.0089 0.0021)
(0.031666667 0.009 0.0021)
(0.031666667 0.0071 0.0022)
(0.031666667 0.0072 0.0022)
(0.031666667 0.0073 0.0022)
(0.031666667 0.0074 0.0022)
(0.031666667 0.0075 0.0022)
(0.031666667 0.0076 0.0022)
(0.031666667 0.0077 0.0022)
(0.031666667 0.0078 0.0022)
(0.031666667 0.0079 0.0022)
(0.031666667 0.008 0.0022)
(0.031666667 0.0081 0.0022)
(0.031666667 0.0082 0.0022)
(0.031666667 0.0083 0.0022)
(0.031666667 0.0084 0.0022)
(0.031666667 0.0085 0.0022)
(0.031666667 0.0086 0.0022)
(0.031666667 0.0087 0.0022)
(0.031666667 0.0088 0.0022)
(0.031666667 0.0089 0.0022)
(0.031666667 0.009 0.0022)
(0.031666667 0.0071 0.0023)
(0.031666667 0.0072 0.0023)
(0.031666667 0.0073 0.0023)
(0.031666667 0.0074 0.0023)
(0.031666667 0.0075 0.0023)
(0.031666667 0.0076 0.0023)
(0.031666667 0.0077 0.0023)
(0.031666667 0.0078 0.0023)
(0.031666667 0.0079 0.0023)
(0.031666667 0.008 0.0023)
(0.031666667 0.0081 0.0023)
(0.031666667 0.0082 0.0023)
(0.031666667 0.0083 0.0023)
(0.031666667 0.0084 0.0023)
(0.031666667 0.0085 0.0023)
(0.031666667 0.0086 0.0023)
(0.031666667 0.0087 0.0023)
(0.031666667 0.0088 0.0023)
(0.031666667 0.0089 0.0023)
(0.031666667 0.009 0.0023)
(0.031666667 0.0071 0.0024)
(0.031666667 0.0072 0.0024)
(0.031666667 0.0073 0.0024)
(0.031666667 0.0074 0.0024)
(0.031666667 0.0075 0.0024)
(0.031666667 0.0076 0.0024)
(0.031666667 0.0077 0.0024)
(0.031666667 0.0078 0.0024)
(0.031666667 0.0079 0.0024)
(0.031666667 0.008 0.0024)
(0.031666667 0.0081 0.0024)
(0.031666667 0.0082 0.0024)
(0.031666667 0.0083 0.0024)
(0.031666667 0.0084 0.0024)
(0.031666667 0.0085 0.0024)
(0.031666667 0.0086 0.0024)
(0.031666667 0.0087 0.0024)
(0.031666667 0.0088 0.0024)
(0.031666667 0.0089 0.0024)
(0.031666667 0.009 0.0024)
(0.031666667 0.0071 0.0025)
(0.031666667 0.0072 0.0025)
(0.031666667 0.0073 0.0025)
(0.031666667 0.0074 0.0025)
(0.031666667 0.0075 0.0025)
(0.031666667 0.0076 0.0025)
(0.031666667 0.0077 0.0025)
(0.031666667 0.0078 0.0025)
(0.031666667 0.0079 0.0025)
(0.031666667 0.008 0.0025)
(0.031666667 0.0081 0.0025)
(0.031666667 0.0082 0.0025)
(0.031666667 0.0083 0.0025)
(0.031666667 0.0084 0.0025)
(0.031666667 0.0085 0.0025)
(0.031666667 0.0086 0.0025)
(0.031666667 0.0087 0.0025)
(0.031666667 0.0088 0.0025)
(0.031666667 0.0089 0.0025)
(0.031666667 0.009 0.0025)
(0.031666667 0.0071 0.0026)
(0.031666667 0.0072 0.0026)
(0.031666667 0.0073 0.0026)
(0.031666667 0.0074 0.0026)
(0.031666667 0.0075 0.0026)
(0.031666667 0.0076 0.0026)
(0.031666667 0.0077 0.0026)
(0.031666667 0.0078 0.0026)
(0.031666667 0.0079 0.0026)
(0.031666667 0.008 0.0026)
(0.031666667 0.0081 0.0026)
(0.031666667 0.0082 0.0026)
(0.031666667 0.0083 0.0026)
(0.031666667 0.0084 0.0026)
(0.031666667 0.0085 0.0026)
(0.031666667 0.0086 0.0026)
(0.031666667 0.0087 0.0026)
(0.031666667 0.0088 0.0026)
(0.031666667 0.0089 0.0026)
(0.031666667 0.009 0.0026)
(0.031666667 0.0071 0.0027)
(0.031666667 0.0072 0.0027)
(0.031666667 0.0073 0.0027)
(0.031666667 0.0074 0.0027)
(0.031666667 0.0075 0.0027)
(0.031666667 0.0076 0.0027)
(0.031666667 0.0077 0.0027)
(0.031666667 0.0078 0.0027)
(0.031666667 0.0079 0.0027)
(0.031666667 0.008 0.0027)
(0.031666667 0.0081 0.0027)
(0.031666667 0.0082 0.0027)
(0.031666667 0.0083 0.0027)
(0.031666667 0.0084 0.0027)
(0.031666667 0.0085 0.0027)
(0.031666667 0.0086 0.0027)
(0.031666667 0.0087 0.0027)
(0.031666667 0.0088 0.0027)
(0.031666667 0.0089 0.0027)
(0.031666667 0.009 0.0027)
(0.031666667 0.0071 0.0028)
(0.031666667 0.0072 0.0028)
(0.031666667 0.0073 0.0028)
(0.031666667 0.0074 0.0028)
(0.031666667 0.0075 0.0028)
(0.031666667 0.0076 0.0028)
(0.031666667 0.0077 0.0028)
(0.031666667 0.0078 0.0028)
(0.031666667 0.0079 0.0028)
(0.031666667 0.008 0.0028)
(0.031666667 0.0081 0.0028)
(0.031666667 0.0082 0.0028)
(0.031666667 0.0083 0.0028)
(0.031666667 0.0084 0.0028)
(0.031666667 0.0085 0.0028)
(0.031666667 0.0086 0.0028)
(0.031666667 0.0087 0.0028)
(0.031666667 0.0088 0.0028)
(0.031666667 0.0089 0.0028)
(0.031666667 0.009 0.0028)
(0.031666667 0.0071 0.0029)
(0.031666667 0.0072 0.0029)
(0.031666667 0.0073 0.0029)
(0.031666667 0.0074 0.0029)
(0.031666667 0.0075 0.0029)
(0.031666667 0.0076 0.0029)
(0.031666667 0.0077 0.0029)
(0.031666667 0.0078 0.0029)
(0.031666667 0.0079 0.0029)
(0.031666667 0.008 0.0029)
(0.031666667 0.0081 0.0029)
(0.031666667 0.0082 0.0029)
(0.031666667 0.0083 0.0029)
(0.031666667 0.0084 0.0029)
(0.031666667 0.0085 0.0029)
(0.031666667 0.0086 0.0029)
(0.031666667 0.0087 0.0029)
(0.031666667 0.0088 0.0029)
(0.031666667 0.0089 0.0029)
(0.031666667 0.009 0.0029)
(0.031666667 0.0071 0.003)
(0.031666667 0.0072 0.003)
(0.031666667 0.0073 0.003)
(0.031666667 0.0074 0.003)
(0.031666667 0.0075 0.003)
(0.031666667 0.0076 0.003)
(0.031666667 0.0077 0.003)
(0.031666667 0.0078 0.003)
(0.031666667 0.0079 0.003)
(0.031666667 0.008 0.003)
(0.031666667 0.0081 0.003)
(0.031666667 0.0082 0.003)
(0.031666667 0.0083 0.003)
(0.031666667 0.0084 0.003)
(0.031666667 0.0085 0.003)
(0.031666667 0.0086 0.003)
(0.031666667 0.0087 0.003)
(0.031666667 0.0088 0.003)
(0.031666667 0.0089 0.003)
(0.031666667 0.009 0.003)
(0.033333333 0.0071 0.0011)
(0.033333333 0.0072 0.0011)
(0.033333333 0.0073 0.0011)
(0.033333333 0.0074 0.0011)
(0.033333333 0.0075 0.0011)
(0.033333333 0.0076 0.0011)
(0.033333333 0.0077 0.0011)
(0.033333333 0.0078 0.0011)
(0.033333333 0.0079 0.0011)
(0.033333333 0.008 0.0011)
(0.033333333 0.0081 0.0011)
(0.033333333 0.0082 0.0011)
(0.033333333 0.0083 0.0011)
(0.033333333 0.0084 0.0011)
(0.033333333 0.0085 0.0011)
(0.033333333 0.0086 0.0011)
(0.033333333 0.0087 0.0011)
(0.033333333 0.0088 0.0011)
(0.033333333 0.0089 0.0011)
(0.033333333 0.009 0.0011)
(0.033333333 0.0071 0.0012)
(0.033333333 0.0072 0.0012)
(0.033333333 0.0073 0.0012)
(0.033333333 0.0074 0.0012)
(0.033333333 0.0075 0.0012)
(0.033333333 0.0076 0.0012)
(0.033333333 0.0077 0.0012)
(0.033333333 0.0078 0.0012)
(0.033333333 0.0079 0.0012)
(0.033333333 0.008 0.0012)
(0.033333333 0.0081 0.0012)
(0.033333333 0.0082 0.0012)
(0.033333333 0.0083 0.0012)
(0.033333333 0.0084 0.0012)
(0.033333333 0.0085 0.0012)
(0.033333333 0.0086 0.0012)
(0.033333333 0.0087 0.0012)
(0.033333333 0.0088 0.0012)
(0.033333333 0.0089 0.0012)
(0.033333333 0.009 0.0012)
(0.033333333 0.0071 0.0013)
(0.033333333 0.0072 0.0013)
(0.033333333 0.0073 0.0013)
(0.033333333 0.0074 0.0013)
(0.033333333 0.0075 0.0013)
(0.033333333 0.0076 0.0013)
(0.033333333 0.0077 0.0013)
(0.033333333 0.0078 0.0013)
(0.033333333 0.0079 0.0013)
(0.033333333 0.008 0.0013)
(0.033333333 0.0081 0.0013)
(0.033333333 0.0082 0.0013)
(0.033333333 0.0083 0.0013)
(0.033333333 0.0084 0.0013)
(0.033333333 0.0085 0.0013)
(0.033333333 0.0086 0.0013)
(0.033333333 0.0087 0.0013)
(0.033333333 0.0088 0.0013)
(0.033333333 0.0089 0.0013)
(0.033333333 0.009 0.0013)
(0.033333333 0.0071 0.0014)
(0.033333333 0.0072 0.0014)
(0.033333333 0.0073 0.0014)
(0.033333333 0.0074 0.0014)
(0.033333333 0.0075 0.0014)
(0.033333333 0.0076 0.0014)
(0.033333333 0.0077 0.0014)
(0.033333333 0.0078 0.0014)
(0.033333333 0.0079 0.0014)
(0.033333333 0.008 0.0014)
(0.033333333 0.0081 0.0014)
(0.033333333 0.0082 0.0014)
(0.033333333 0.0083 0.0014)
(0.033333333 0.0084 0.0014)
(0.033333333 0.0085 0.0014)
(0.033333333 0.0086 0.0014)
(0.033333333 0.0087 0.0014)
(0.033333333 0.0088 0.0014)
(0.033333333 0.0089 0.0014)
(0.033333333 0.009 0.0014)
(0.033333333 0.0071 0.0015)
(0.033333333 0.0072 0.0015)
(0.033333333 0.0073 0.0015)
(0.033333333 0.0074 0.0015)
(0.033333333 0.0075 0.0015)
(0.033333333 0.0076 0.0015)
(0.033333333 0.0077 0.0015)
(0.033333333 0.0078 0.0015)
(0.033333333 0.0079 0.0015)
(0.033333333 0.008 0.0015)
(0.033333333 0.0081 0.0015)
(0.033333333 0.0082 0.0015)
(0.033333333 0.0083 0.0015)
(0.033333333 0.0084 0.0015)
(0.033333333 0.0085 0.0015)
(0.033333333 0.0086 0.0015)
(0.033333333 0.0087 0.0015)
(0.033333333 0.0088 0.0015)
(0.033333333 0.0089 0.0015)
(0.033333333 0.009 0.0015)
(0.033333333 0.0071 0.0016)
(0.033333333 0.0072 0.0016)
(0.033333333 0.0073 0.0016)
(0.033333333 0.0074 0.0016)
(0.033333333 0.0075 0.0016)
(0.033333333 0.0076 0.0016)
(0.033333333 0.0077 0.0016)
(0.033333333 0.0078 0.0016)
(0.033333333 0.0079 0.0016)
(0.033333333 0.008 0.0016)
(0.033333333 0.0081 0.0016)
(0.033333333 0.0082 0.0016)
(0.033333333 0.0083 0.0016)
(0.033333333 0.0084 0.0016)
(0.033333333 0.0085 0.0016)
(0.033333333 0.0086 0.0016)
(0.033333333 0.0087 0.0016)
(0.033333333 0.0088 0.0016)
(0.033333333 0.0089 0.0016)
(0.033333333 0.009 0.0016)
(0.033333333 0.0071 0.0017)
(0.033333333 0.0072 0.0017)
(0.033333333 0.0073 0.0017)
(0.033333333 0.0074 0.0017)
(0.033333333 0.0075 0.0017)
(0.033333333 0.0076 0.0017)
(0.033333333 0.0077 0.0017)
(0.033333333 0.0078 0.0017)
(0.033333333 0.0079 0.0017)
(0.033333333 0.008 0.0017)
(0.033333333 0.0081 0.0017)
(0.033333333 0.0082 0.0017)
(0.033333333 0.0083 0.0017)
(0.033333333 0.0084 0.0017)
(0.033333333 0.0085 0.0017)
(0.033333333 0.0086 0.0017)
(0.033333333 0.0087 0.0017)
(0.033333333 0.0088 0.0017)
(0.033333333 0.0089 0.0017)
(0.033333333 0.009 0.0017)
(0.033333333 0.0071 0.0018)
(0.033333333 0.0072 0.0018)
(0.033333333 0.0073 0.0018)
(0.033333333 0.0074 0.0018)
(0.033333333 0.0075 0.0018)
(0.033333333 0.0076 0.0018)
(0.033333333 0.0077 0.0018)
(0.033333333 0.0078 0.0018)
(0.033333333 0.0079 0.0018)
(0.033333333 0.008 0.0018)
(0.033333333 0.0081 0.0018)
(0.033333333 0.0082 0.0018)
(0.033333333 0.0083 0.0018)
(0.033333333 0.0084 0.0018)
(0.033333333 0.0085 0.0018)
(0.033333333 0.0086 0.0018)
(0.033333333 0.0087 0.0018)
(0.033333333 0.0088 0.0018)
(0.033333333 0.0089 0.0018)
(0.033333333 0.009 0.0018)
(0.033333333 0.0071 0.0019)
(0.033333333 0.0072 0.0019)
(0.033333333 0.0073 0.0019)
(0.033333333 0.0074 0.0019)
(0.033333333 0.0075 0.0019)
(0.033333333 0.0076 0.0019)
(0.033333333 0.0077 0.0019)
(0.033333333 0.0078 0.0019)
(0.033333333 0.0079 0.0019)
(0.033333333 0.008 0.0019)
(0.033333333 0.0081 0.0019)
(0.033333333 0.0082 0.0019)
(0.033333333 0.0083 0.0019)
(0.033333333 0.0084 0.0019)
(0.033333333 0.0085 0.0019)
(0.033333333 0.0086 0.0019)
(0.033333333 0.0087 0.0019)
(0.033333333 0.0088 0.0019)
(0.033333333 0.0089 0.0019)
(0.033333333 0.009 0.0019)
(0.033333333 0.0071 0.002)
(0.033333333 0.0072 0.002)
(0.033333333 0.0073 0.002)
(0.033333333 0.0074 0.002)
(0.033333333 0.0075 0.002)
(0.033333333 0.0076 0.002)
(0.033333333 0.0077 0.002)
(0.033333333 0.0078 0.002)
(0.033333333 0.0079 0.002)
(0.033333333 0.008 0.002)
(0.033333333 0.0081 0.002)
(0.033333333 0.0082 0.002)
(0.033333333 0.0083 0.002)
(0.033333333 0.0084 0.002)
(0.033333333 0.0085 0.002)
(0.033333333 0.0086 0.002)
(0.033333333 0.0087 0.002)
(0.033333333 0.0088 0.002)
(0.033333333 0.0089 0.002)
(0.033333333 0.009 0.002)
(0.033333333 0.0071 0.0021)
(0.033333333 0.0072 0.0021)
(0.033333333 0.0073 0.0021)
(0.033333333 0.0074 0.0021)
(0.033333333 0.0075 0.0021)
(0.033333333 0.0076 0.0021)
(0.033333333 0.0077 0.0021)
(0.033333333 0.0078 0.0021)
(0.033333333 0.0079 0.0021)
(0.033333333 0.008 0.0021)
(0.033333333 0.0081 0.0021)
(0.033333333 0.0082 0.0021)
(0.033333333 0.0083 0.0021)
(0.033333333 0.0084 0.0021)
(0.033333333 0.0085 0.0021)
(0.033333333 0.0086 0.0021)
(0.033333333 0.0087 0.0021)
(0.033333333 0.0088 0.0021)
(0.033333333 0.0089 0.0021)
(0.033333333 0.009 0.0021)
(0.033333333 0.0071 0.0022)
(0.033333333 0.0072 0.0022)
(0.033333333 0.0073 0.0022)
(0.033333333 0.0074 0.0022)
(0.033333333 0.0075 0.0022)
(0.033333333 0.0076 0.0022)
(0.033333333 0.0077 0.0022)
(0.033333333 0.0078 0.0022)
(0.033333333 0.0079 0.0022)
(0.033333333 0.008 0.0022)
(0.033333333 0.0081 0.0022)
(0.033333333 0.0082 0.0022)
(0.033333333 0.0083 0.0022)
(0.033333333 0.0084 0.0022)
(0.033333333 0.0085 0.0022)
(0.033333333 0.0086 0.0022)
(0.033333333 0.0087 0.0022)
(0.033333333 0.0088 0.0022)
(0.033333333 0.0089 0.0022)
(0.033333333 0.009 0.0022)
(0.033333333 0.0071 0.0023)
(0.033333333 0.0072 0.0023)
(0.033333333 0.0073 0.0023)
(0.033333333 0.0074 0.0023)
(0.033333333 0.0075 0.0023)
(0.033333333 0.0076 0.0023)
(0.033333333 0.0077 0.0023)
(0.033333333 0.0078 0.0023)
(0.033333333 0.0079 0.0023)
(0.033333333 0.008 0.0023)
(0.033333333 0.0081 0.0023)
(0.033333333 0.0082 0.0023)
(0.033333333 0.0083 0.0023)
(0.033333333 0.0084 0.0023)
(0.033333333 0.0085 0.0023)
(0.033333333 0.0086 0.0023)
(0.033333333 0.0087 0.0023)
(0.033333333 0.0088 0.0023)
(0.033333333 0.0089 0.0023)
(0.033333333 0.009 0.0023)
(0.033333333 0.0071 0.0024)
(0.033333333 0.0072 0.0024)
(0.033333333 0.0073 0.0024)
(0.033333333 0.0074 0.0024)
(0.033333333 0.0075 0.0024)
(0.033333333 0.0076 0.0024)
(0.033333333 0.0077 0.0024)
(0.033333333 0.0078 0.0024)
(0.033333333 0.0079 0.0024)
(0.033333333 0.008 0.0024)
(0.033333333 0.0081 0.0024)
(0.033333333 0.0082 0.0024)
(0.033333333 0.0083 0.0024)
(0.033333333 0.0084 0.0024)
(0.033333333 0.0085 0.0024)
(0.033333333 0.0086 0.0024)
(0.033333333 0.0087 0.0024)
(0.033333333 0.0088 0.0024)
(0.033333333 0.0089 0.0024)
(0.033333333 0.009 0.0024)
(0.033333333 0.0071 0.0025)
(0.033333333 0.0072 0.0025)
(0.033333333 0.0073 0.0025)
(0.033333333 0.0074 0.0025)
(0.033333333 0.0075 0.0025)
(0.033333333 0.0076 0.0025)
(0.033333333 0.0077 0.0025)
(0.033333333 0.0078 0.0025)
(0.033333333 0.0079 0.0025)
(0.033333333 0.008 0.0025)
(0.033333333 0.0081 0.0025)
(0.033333333 0.0082 0.0025)
(0.033333333 0.0083 0.0025)
(0.033333333 0.0084 0.0025)
(0.033333333 0.0085 0.0025)
(0.033333333 0.0086 0.0025)
(0.033333333 0.0087 0.0025)
(0.033333333 0.0088 0.0025)
(0.033333333 0.0089 0.0025)
(0.033333333 0.009 0.0025)
(0.033333333 0.0071 0.0026)
(0.033333333 0.0072 0.0026)
(0.033333333 0.0073 0.0026)
(0.033333333 0.0074 0.0026)
(0.033333333 0.0075 0.0026)
(0.033333333 0.0076 0.0026)
(0.033333333 0.0077 0.0026)
(0.033333333 0.0078 0.0026)
(0.033333333 0.0079 0.0026)
(0.033333333 0.008 0.0026)
(0.033333333 0.0081 0.0026)
(0.033333333 0.0082 0.0026)
(0.033333333 0.0083 0.0026)
(0.033333333 0.0084 0.0026)
(0.033333333 0.0085 0.0026)
(0.033333333 0.0086 0.0026)
(0.033333333 0.0087 0.0026)
(0.033333333 0.0088 0.0026)
(0.033333333 0.0089 0.0026)
(0.033333333 0.009 0.0026)
(0.033333333 0.0071 0.0027)
(0.033333333 0.0072 0.0027)
(0.033333333 0.0073 0.0027)
(0.033333333 0.0074 0.0027)
(0.033333333 0.0075 0.0027)
(0.033333333 0.0076 0.0027)
(0.033333333 0.0077 0.0027)
(0.033333333 0.0078 0.0027)
(0.033333333 0.0079 0.0027)
(0.033333333 0.008 0.0027)
(0.033333333 0.0081 0.0027)
(0.033333333 0.0082 0.0027)
(0.033333333 0.0083 0.0027)
(0.033333333 0.0084 0.0027)
(0.033333333 0.0085 0.0027)
(0.033333333 0.0086 0.0027)
(0.033333333 0.0087 0.0027)
(0.033333333 0.0088 0.0027)
(0.033333333 0.0089 0.0027)
(0.033333333 0.009 0.0027)
(0.033333333 0.0071 0.0028)
(0.033333333 0.0072 0.0028)
(0.033333333 0.0073 0.0028)
(0.033333333 0.0074 0.0028)
(0.033333333 0.0075 0.0028)
(0.033333333 0.0076 0.0028)
(0.033333333 0.0077 0.0028)
(0.033333333 0.0078 0.0028)
(0.033333333 0.0079 0.0028)
(0.033333333 0.008 0.0028)
(0.033333333 0.0081 0.0028)
(0.033333333 0.0082 0.0028)
(0.033333333 0.0083 0.0028)
(0.033333333 0.0084 0.0028)
(0.033333333 0.0085 0.0028)
(0.033333333 0.0086 0.0028)
(0.033333333 0.0087 0.0028)
(0.033333333 0.0088 0.0028)
(0.033333333 0.0089 0.0028)
(0.033333333 0.009 0.0028)
(0.033333333 0.0071 0.0029)
(0.033333333 0.0072 0.0029)
(0.033333333 0.0073 0.0029)
(0.033333333 0.0074 0.0029)
(0.033333333 0.0075 0.0029)
(0.033333333 0.0076 0.0029)
(0.033333333 0.0077 0.0029)
(0.033333333 0.0078 0.0029)
(0.033333333 0.0079 0.0029)
(0.033333333 0.008 0.0029)
(0.033333333 0.0081 0.0029)
(0.033333333 0.0082 0.0029)
(0.033333333 0.0083 0.0029)
(0.033333333 0.0084 0.0029)
(0.033333333 0.0085 0.0029)
(0.033333333 0.0086 0.0029)
(0.033333333 0.0087 0.0029)
(0.033333333 0.0088 0.0029)
(0.033333333 0.0089 0.0029)
(0.033333333 0.009 0.0029)
(0.033333333 0.0071 0.003)
(0.033333333 0.0072 0.003)
(0.033333333 0.0073 0.003)
(0.033333333 0.0074 0.003)
(0.033333333 0.0075 0.003)
(0.033333333 0.0076 0.003)
(0.033333333 0.0077 0.003)
(0.033333333 0.0078 0.003)
(0.033333333 0.0079 0.003)
(0.033333333 0.008 0.003)
(0.033333333 0.0081 0.003)
(0.033333333 0.0082 0.003)
(0.033333333 0.0083 0.003)
(0.033333333 0.0084 0.003)
(0.033333333 0.0085 0.003)
(0.033333333 0.0086 0.003)
(0.033333333 0.0087 0.003)
(0.033333333 0.0088 0.003)
(0.033333333 0.0089 0.003)
(0.033333333 0.009 0.003)
(0.035 0.0071 0.0011)
(0.035 0.0072 0.0011)
(0.035 0.0073 0.0011)
(0.035 0.0074 0.0011)
(0.035 0.0075 0.0011)
(0.035 0.0076 0.0011)
(0.035 0.0077 0.0011)
(0.035 0.0078 0.0011)
(0.035 0.0079 0.0011)
(0.035 0.008 0.0011)
(0.035 0.0081 0.0011)
(0.035 0.0082 0.0011)
(0.035 0.0083 0.0011)
(0.035 0.0084 0.0011)
(0.035 0.0085 0.0011)
(0.035 0.0086 0.0011)
(0.035 0.0087 0.0011)
(0.035 0.0088 0.0011)
(0.035 0.0089 0.0011)
(0.035 0.009 0.0011)
(0.035 0.0071 0.0012)
(0.035 0.0072 0.0012)
(0.035 0.0073 0.0012)
(0.035 0.0074 0.0012)
(0.035 0.0075 0.0012)
(0.035 0.0076 0.0012)
(0.035 0.0077 0.0012)
(0.035 0.0078 0.0012)
(0.035 0.0079 0.0012)
(0.035 0.008 0.0012)
(0.035 0.0081 0.0012)
(0.035 0.0082 0.0012)
(0.035 0.0083 0.0012)
(0.035 0.0084 0.0012)
(0.035 0.0085 0.0012)
(0.035 0.0086 0.0012)
(0.035 0.0087 0.0012)
(0.035 0.0088 0.0012)
(0.035 0.0089 0.0012)
(0.035 0.009 0.0012)
(0.035 0.0071 0.0013)
(0.035 0.0072 0.0013)
(0.035 0.0073 0.0013)
(0.035 0.0074 0.0013)
(0.035 0.0075 0.0013)
(0.035 0.0076 0.0013)
(0.035 0.0077 0.0013)
(0.035 0.0078 0.0013)
(0.035 0.0079 0.0013)
(0.035 0.008 0.0013)
(0.035 0.0081 0.0013)
(0.035 0.0082 0.0013)
(0.035 0.0083 0.0013)
(0.035 0.0084 0.0013)
(0.035 0.0085 0.0013)
(0.035 0.0086 0.0013)
(0.035 0.0087 0.0013)
(0.035 0.0088 0.0013)
(0.035 0.0089 0.0013)
(0.035 0.009 0.0013)
(0.035 0.0071 0.0014)
(0.035 0.0072 0.0014)
(0.035 0.0073 0.0014)
(0.035 0.0074 0.0014)
(0.035 0.0075 0.0014)
(0.035 0.0076 0.0014)
(0.035 0.0077 0.0014)
(0.035 0.0078 0.0014)
(0.035 0.0079 0.0014)
(0.035 0.008 0.0014)
(0.035 0.0081 0.0014)
(0.035 0.0082 0.0014)
(0.035 0.0083 0.0014)
(0.035 0.0084 0.0014)
(0.035 0.0085 0.0014)
(0.035 0.0086 0.0014)
(0.035 0.0087 0.0014)
(0.035 0.0088 0.0014)
(0.035 0.0089 0.0014)
(0.035 0.009 0.0014)
(0.035 0.0071 0.0015)
(0.035 0.0072 0.0015)
(0.035 0.0073 0.0015)
(0.035 0.0074 0.0015)
(0.035 0.0075 0.0015)
(0.035 0.0076 0.0015)
(0.035 0.0077 0.0015)
(0.035 0.0078 0.0015)
(0.035 0.0079 0.0015)
(0.035 0.008 0.0015)
(0.035 0.0081 0.0015)
(0.035 0.0082 0.0015)
(0.035 0.0083 0.0015)
(0.035 0.0084 0.0015)
(0.035 0.0085 0.0015)
(0.035 0.0086 0.0015)
(0.035 0.0087 0.0015)
(0.035 0.0088 0.0015)
(0.035 0.0089 0.0015)
(0.035 0.009 0.0015)
(0.035 0.0071 0.0016)
(0.035 0.0072 0.0016)
(0.035 0.0073 0.0016)
(0.035 0.0074 0.0016)
(0.035 0.0075 0.0016)
(0.035 0.0076 0.0016)
(0.035 0.0077 0.0016)
(0.035 0.0078 0.0016)
(0.035 0.0079 0.0016)
(0.035 0.008 0.0016)
(0.035 0.0081 0.0016)
(0.035 0.0082 0.0016)
(0.035 0.0083 0.0016)
(0.035 0.0084 0.0016)
(0.035 0.0085 0.0016)
(0.035 0.0086 0.0016)
(0.035 0.0087 0.0016)
(0.035 0.0088 0.0016)
(0.035 0.0089 0.0016)
(0.035 0.009 0.0016)
(0.035 0.0071 0.0017)
(0.035 0.0072 0.0017)
(0.035 0.0073 0.0017)
(0.035 0.0074 0.0017)
(0.035 0.0075 0.0017)
(0.035 0.0076 0.0017)
(0.035 0.0077 0.0017)
(0.035 0.0078 0.0017)
(0.035 0.0079 0.0017)
(0.035 0.008 0.0017)
(0.035 0.0081 0.0017)
(0.035 0.0082 0.0017)
(0.035 0.0083 0.0017)
(0.035 0.0084 0.0017)
(0.035 0.0085 0.0017)
(0.035 0.0086 0.0017)
(0.035 0.0087 0.0017)
(0.035 0.0088 0.0017)
(0.035 0.0089 0.0017)
(0.035 0.009 0.0017)
(0.035 0.0071 0.0018)
(0.035 0.0072 0.0018)
(0.035 0.0073 0.0018)
(0.035 0.0074 0.0018)
(0.035 0.0075 0.0018)
(0.035 0.0076 0.0018)
(0.035 0.0077 0.0018)
(0.035 0.0078 0.0018)
(0.035 0.0079 0.0018)
(0.035 0.008 0.0018)
(0.035 0.0081 0.0018)
(0.035 0.0082 0.0018)
(0.035 0.0083 0.0018)
(0.035 0.0084 0.0018)
(0.035 0.0085 0.0018)
(0.035 0.0086 0.0018)
(0.035 0.0087 0.0018)
(0.035 0.0088 0.0018)
(0.035 0.0089 0.0018)
(0.035 0.009 0.0018)
(0.035 0.0071 0.0019)
(0.035 0.0072 0.0019)
(0.035 0.0073 0.0019)
(0.035 0.0074 0.0019)
(0.035 0.0075 0.0019)
(0.035 0.0076 0.0019)
(0.035 0.0077 0.0019)
(0.035 0.0078 0.0019)
(0.035 0.0079 0.0019)
(0.035 0.008 0.0019)
(0.035 0.0081 0.0019)
(0.035 0.0082 0.0019)
(0.035 0.0083 0.0019)
(0.035 0.0084 0.0019)
(0.035 0.0085 0.0019)
(0.035 0.0086 0.0019)
(0.035 0.0087 0.0019)
(0.035 0.0088 0.0019)
(0.035 0.0089 0.0019)
(0.035 0.009 0.0019)
(0.035 0.0071 0.002)
(0.035 0.0072 0.002)
(0.035 0.0073 0.002)
(0.035 0.0074 0.002)
(0.035 0.0075 0.002)
(0.035 0.0076 0.002)
(0.035 0.0077 0.002)
(0.035 0.0078 0.002)
(0.035 0.0079 0.002)
(0.035 0.008 0.002)
(0.035 0.0081 0.002)
(0.035 0.0082 0.002)
(0.035 0.0083 0.002)
(0.035 0.0084 0.002)
(0.035 0.0085 0.002)
(0.035 0.0086 0.002)
(0.035 0.0087 0.002)
(0.035 0.0088 0.002)
(0.035 0.0089 0.002)
(0.035 0.009 0.002)
(0.035 0.0071 0.0021)
(0.035 0.0072 0.0021)
(0.035 0.0073 0.0021)
(0.035 0.0074 0.0021)
(0.035 0.0075 0.0021)
(0.035 0.0076 0.0021)
(0.035 0.0077 0.0021)
(0.035 0.0078 0.0021)
(0.035 0.0079 0.0021)
(0.035 0.008 0.0021)
(0.035 0.0081 0.0021)
(0.035 0.0082 0.0021)
(0.035 0.0083 0.0021)
(0.035 0.0084 0.0021)
(0.035 0.0085 0.0021)
(0.035 0.0086 0.0021)
(0.035 0.0087 0.0021)
(0.035 0.0088 0.0021)
(0.035 0.0089 0.0021)
(0.035 0.009 0.0021)
(0.035 0.0071 0.0022)
(0.035 0.0072 0.0022)
(0.035 0.0073 0.0022)
(0.035 0.0074 0.0022)
(0.035 0.0075 0.0022)
(0.035 0.0076 0.0022)
(0.035 0.0077 0.0022)
(0.035 0.0078 0.0022)
(0.035 0.0079 0.0022)
(0.035 0.008 0.0022)
(0.035 0.0081 0.0022)
(0.035 0.0082 0.0022)
(0.035 0.0083 0.0022)
(0.035 0.0084 0.0022)
(0.035 0.0085 0.0022)
(0.035 0.0086 0.0022)
(0.035 0.0087 0.0022)
(0.035 0.0088 0.0022)
(0.035 0.0089 0.0022)
(0.035 0.009 0.0022)
(0.035 0.0071 0.0023)
(0.035 0.0072 0.0023)
(0.035 0.0073 0.0023)
(0.035 0.0074 0.0023)
(0.035 0.0075 0.0023)
(0.035 0.0076 0.0023)
(0.035 0.0077 0.0023)
(0.035 0.0078 0.0023)
(0.035 0.0079 0.0023)
(0.035 0.008 0.0023)
(0.035 0.0081 0.0023)
(0.035 0.0082 0.0023)
(0.035 0.0083 0.0023)
(0.035 0.0084 0.0023)
(0.035 0.0085 0.0023)
(0.035 0.0086 0.0023)
(0.035 0.0087 0.0023)
(0.035 0.0088 0.0023)
(0.035 0.0089 0.0023)
(0.035 0.009 0.0023)
(0.035 0.0071 0.0024)
(0.035 0.0072 0.0024)
(0.035 0.0073 0.0024)
(0.035 0.0074 0.0024)
(0.035 0.0075 0.0024)
(0.035 0.0076 0.0024)
(0.035 0.0077 0.0024)
(0.035 0.0078 0.0024)
(0.035 0.0079 0.0024)
(0.035 0.008 0.0024)
(0.035 0.0081 0.0024)
(0.035 0.0082 0.0024)
(0.035 0.0083 0.0024)
(0.035 0.0084 0.0024)
(0.035 0.0085 0.0024)
(0.035 0.0086 0.0024)
(0.035 0.0087 0.0024)
(0.035 0.0088 0.0024)
(0.035 0.0089 0.0024)
(0.035 0.009 0.0024)
(0.035 0.0071 0.0025)
(0.035 0.0072 0.0025)
(0.035 0.0073 0.0025)
(0.035 0.0074 0.0025)
(0.035 0.0075 0.0025)
(0.035 0.0076 0.0025)
(0.035 0.0077 0.0025)
(0.035 0.0078 0.0025)
(0.035 0.0079 0.0025)
(0.035 0.008 0.0025)
(0.035 0.0081 0.0025)
(0.035 0.0082 0.0025)
(0.035 0.0083 0.0025)
(0.035 0.0084 0.0025)
(0.035 0.0085 0.0025)
(0.035 0.0086 0.0025)
(0.035 0.0087 0.0025)
(0.035 0.0088 0.0025)
(0.035 0.0089 0.0025)
(0.035 0.009 0.0025)
(0.035 0.0071 0.0026)
(0.035 0.0072 0.0026)
(0.035 0.0073 0.0026)
(0.035 0.0074 0.0026)
(0.035 0.0075 0.0026)
(0.035 0.0076 0.0026)
(0.035 0.0077 0.0026)
(0.035 0.0078 0.0026)
(0.035 0.0079 0.0026)
(0.035 0.008 0.0026)
(0.035 0.0081 0.0026)
(0.035 0.0082 0.0026)
(0.035 0.0083 0.0026)
(0.035 0.0084 0.0026)
(0.035 0.0085 0.0026)
(0.035 0.0086 0.0026)
(0.035 0.0087 0.0026)
(0.035 0.0088 0.0026)
(0.035 0.0089 0.0026)
(0.035 0.009 0.0026)
(0.035 0.0071 0.0027)
(0.035 0.0072 0.0027)
(0.035 0.0073 0.0027)
(0.035 0.0074 0.0027)
(0.035 0.0075 0.0027)
(0.035 0.0076 0.0027)
(0.035 0.0077 0.0027)
(0.035 0.0078 0.0027)
(0.035 0.0079 0.0027)
(0.035 0.008 0.0027)
(0.035 0.0081 0.0027)
(0.035 0.0082 0.0027)
(0.035 0.0083 0.0027)
(0.035 0.0084 0.0027)
(0.035 0.0085 0.0027)
(0.035 0.0086 0.0027)
(0.035 0.0087 0.0027)
(0.035 0.0088 0.0027)
(0.035 0.0089 0.0027)
(0.035 0.009 0.0027)
(0.035 0.0071 0.0028)
(0.035 0.0072 0.0028)
(0.035 0.0073 0.0028)
(0.035 0.0074 0.0028)
(0.035 0.0075 0.0028)
(0.035 0.0076 0.0028)
(0.035 0.0077 0.0028)
(0.035 0.0078 0.0028)
(0.035 0.0079 0.0028)
(0.035 0.008 0.0028)
(0.035 0.0081 0.0028)
(0.035 0.0082 0.0028)
(0.035 0.0083 0.0028)
(0.035 0.0084 0.0028)
(0.035 0.0085 0.0028)
(0.035 0.0086 0.0028)
(0.035 0.0087 0.0028)
(0.035 0.0088 0.0028)
(0.035 0.0089 0.0028)
(0.035 0.009 0.0028)
(0.035 0.0071 0.0029)
(0.035 0.0072 0.0029)
(0.035 0.0073 0.0029)
(0.035 0.0074 0.0029)
(0.035 0.0075 0.0029)
(0.035 0.0076 0.0029)
(0.035 0.0077 0.0029)
(0.035 0.0078 0.0029)
(0.035 0.0079 0.0029)
(0.035 0.008 0.0029)
(0.035 0.0081 0.0029)
(0.035 0.0082 0.0029)
(0.035 0.0083 0.0029)
(0.035 0.0084 0.0029)
(0.035 0.0085 0.0029)
(0.035 0.0086 0.0029)
(0.035 0.0087 0.0029)
(0.035 0.0088 0.0029)
(0.035 0.0089 0.0029)
(0.035 0.009 0.0029)
(0.035 0.0071 0.003)
(0.035 0.0072 0.003)
(0.035 0.0073 0.003)
(0.035 0.0074 0.003)
(0.035 0.0075 0.003)
(0.035 0.0076 0.003)
(0.035 0.0077 0.003)
(0.035 0.0078 0.003)
(0.035 0.0079 0.003)
(0.035 0.008 0.003)
(0.035 0.0081 0.003)
(0.035 0.0082 0.003)
(0.035 0.0083 0.003)
(0.035 0.0084 0.003)
(0.035 0.0085 0.003)
(0.035 0.0086 0.003)
(0.035 0.0087 0.003)
(0.035 0.0088 0.003)
(0.035 0.0089 0.003)
(0.035 0.009 0.003)
(0.036666667 0.0071 0.0011)
(0.036666667 0.0072 0.0011)
(0.036666667 0.0073 0.0011)
(0.036666667 0.0074 0.0011)
(0.036666667 0.0075 0.0011)
(0.036666667 0.0076 0.0011)
(0.036666667 0.0077 0.0011)
(0.036666667 0.0078 0.0011)
(0.036666667 0.0079 0.0011)
(0.036666667 0.008 0.0011)
(0.036666667 0.0081 0.0011)
(0.036666667 0.0082 0.0011)
(0.036666667 0.0083 0.0011)
(0.036666667 0.0084 0.0011)
(0.036666667 0.0085 0.0011)
(0.036666667 0.0086 0.0011)
(0.036666667 0.0087 0.0011)
(0.036666667 0.0088 0.0011)
(0.036666667 0.0089 0.0011)
(0.036666667 0.009 0.0011)
(0.036666667 0.0071 0.0012)
(0.036666667 0.0072 0.0012)
(0.036666667 0.0073 0.0012)
(0.036666667 0.0074 0.0012)
(0.036666667 0.0075 0.0012)
(0.036666667 0.0076 0.0012)
(0.036666667 0.0077 0.0012)
(0.036666667 0.0078 0.0012)
(0.036666667 0.0079 0.0012)
(0.036666667 0.008 0.0012)
(0.036666667 0.0081 0.0012)
(0.036666667 0.0082 0.0012)
(0.036666667 0.0083 0.0012)
(0.036666667 0.0084 0.0012)
(0.036666667 0.0085 0.0012)
(0.036666667 0.0086 0.0012)
(0.036666667 0.0087 0.0012)
(0.036666667 0.0088 0.0012)
(0.036666667 0.0089 0.0012)
(0.036666667 0.009 0.0012)
(0.036666667 0.0071 0.0013)
(0.036666667 0.0072 0.0013)
(0.036666667 0.0073 0.0013)
(0.036666667 0.0074 0.0013)
(0.036666667 0.0075 0.0013)
(0.036666667 0.0076 0.0013)
(0.036666667 0.0077 0.0013)
(0.036666667 0.0078 0.0013)
(0.036666667 0.0079 0.0013)
(0.036666667 0.008 0.0013)
(0.036666667 0.0081 0.0013)
(0.036666667 0.0082 0.0013)
(0.036666667 0.0083 0.0013)
(0.036666667 0.0084 0.0013)
(0.036666667 0.0085 0.0013)
(0.036666667 0.0086 0.0013)
(0.036666667 0.0087 0.0013)
(0.036666667 0.0088 0.0013)
(0.036666667 0.0089 0.0013)
(0.036666667 0.009 0.0013)
(0.036666667 0.0071 0.0014)
(0.036666667 0.0072 0.0014)
(0.036666667 0.0073 0.0014)
(0.036666667 0.0074 0.0014)
(0.036666667 0.0075 0.0014)
(0.036666667 0.0076 0.0014)
(0.036666667 0.0077 0.0014)
(0.036666667 0.0078 0.0014)
(0.036666667 0.0079 0.0014)
(0.036666667 0.008 0.0014)
(0.036666667 0.0081 0.0014)
(0.036666667 0.0082 0.0014)
(0.036666667 0.0083 0.0014)
(0.036666667 0.0084 0.0014)
(0.036666667 0.0085 0.0014)
(0.036666667 0.0086 0.0014)
(0.036666667 0.0087 0.0014)
(0.036666667 0.0088 0.0014)
(0.036666667 0.0089 0.0014)
(0.036666667 0.009 0.0014)
(0.036666667 0.0071 0.0015)
(0.036666667 0.0072 0.0015)
(0.036666667 0.0073 0.0015)
(0.036666667 0.0074 0.0015)
(0.036666667 0.0075 0.0015)
(0.036666667 0.0076 0.0015)
(0.036666667 0.0077 0.0015)
(0.036666667 0.0078 0.0015)
(0.036666667 0.0079 0.0015)
(0.036666667 0.008 0.0015)
(0.036666667 0.0081 0.0015)
(0.036666667 0.0082 0.0015)
(0.036666667 0.0083 0.0015)
(0.036666667 0.0084 0.0015)
(0.036666667 0.0085 0.0015)
(0.036666667 0.0086 0.0015)
(0.036666667 0.0087 0.0015)
(0.036666667 0.0088 0.0015)
(0.036666667 0.0089 0.0015)
(0.036666667 0.009 0.0015)
(0.036666667 0.0071 0.0016)
(0.036666667 0.0072 0.0016)
(0.036666667 0.0073 0.0016)
(0.036666667 0.0074 0.0016)
(0.036666667 0.0075 0.0016)
(0.036666667 0.0076 0.0016)
(0.036666667 0.0077 0.0016)
(0.036666667 0.0078 0.0016)
(0.036666667 0.0079 0.0016)
(0.036666667 0.008 0.0016)
(0.036666667 0.0081 0.0016)
(0.036666667 0.0082 0.0016)
(0.036666667 0.0083 0.0016)
(0.036666667 0.0084 0.0016)
(0.036666667 0.0085 0.0016)
(0.036666667 0.0086 0.0016)
(0.036666667 0.0087 0.0016)
(0.036666667 0.0088 0.0016)
(0.036666667 0.0089 0.0016)
(0.036666667 0.009 0.0016)
(0.036666667 0.0071 0.0017)
(0.036666667 0.0072 0.0017)
(0.036666667 0.0073 0.0017)
(0.036666667 0.0074 0.0017)
(0.036666667 0.0075 0.0017)
(0.036666667 0.0076 0.0017)
(0.036666667 0.0077 0.0017)
(0.036666667 0.0078 0.0017)
(0.036666667 0.0079 0.0017)
(0.036666667 0.008 0.0017)
(0.036666667 0.0081 0.0017)
(0.036666667 0.0082 0.0017)
(0.036666667 0.0083 0.0017)
(0.036666667 0.0084 0.0017)
(0.036666667 0.0085 0.0017)
(0.036666667 0.0086 0.0017)
(0.036666667 0.0087 0.0017)
(0.036666667 0.0088 0.0017)
(0.036666667 0.0089 0.0017)
(0.036666667 0.009 0.0017)
(0.036666667 0.0071 0.0018)
(0.036666667 0.0072 0.0018)
(0.036666667 0.0073 0.0018)
(0.036666667 0.0074 0.0018)
(0.036666667 0.0075 0.0018)
(0.036666667 0.0076 0.0018)
(0.036666667 0.0077 0.0018)
(0.036666667 0.0078 0.0018)
(0.036666667 0.0079 0.0018)
(0.036666667 0.008 0.0018)
(0.036666667 0.0081 0.0018)
(0.036666667 0.0082 0.0018)
(0.036666667 0.0083 0.0018)
(0.036666667 0.0084 0.0018)
(0.036666667 0.0085 0.0018)
(0.036666667 0.0086 0.0018)
(0.036666667 0.0087 0.0018)
(0.036666667 0.0088 0.0018)
(0.036666667 0.0089 0.0018)
(0.036666667 0.009 0.0018)
(0.036666667 0.0071 0.0019)
(0.036666667 0.0072 0.0019)
(0.036666667 0.0073 0.0019)
(0.036666667 0.0074 0.0019)
(0.036666667 0.0075 0.0019)
(0.036666667 0.0076 0.0019)
(0.036666667 0.0077 0.0019)
(0.036666667 0.0078 0.0019)
(0.036666667 0.0079 0.0019)
(0.036666667 0.008 0.0019)
(0.036666667 0.0081 0.0019)
(0.036666667 0.0082 0.0019)
(0.036666667 0.0083 0.0019)
(0.036666667 0.0084 0.0019)
(0.036666667 0.0085 0.0019)
(0.036666667 0.0086 0.0019)
(0.036666667 0.0087 0.0019)
(0.036666667 0.0088 0.0019)
(0.036666667 0.0089 0.0019)
(0.036666667 0.009 0.0019)
(0.036666667 0.0071 0.002)
(0.036666667 0.0072 0.002)
(0.036666667 0.0073 0.002)
(0.036666667 0.0074 0.002)
(0.036666667 0.0075 0.002)
(0.036666667 0.0076 0.002)
(0.036666667 0.0077 0.002)
(0.036666667 0.0078 0.002)
(0.036666667 0.0079 0.002)
(0.036666667 0.008 0.002)
(0.036666667 0.0081 0.002)
(0.036666667 0.0082 0.002)
(0.036666667 0.0083 0.002)
(0.036666667 0.0084 0.002)
(0.036666667 0.0085 0.002)
(0.036666667 0.0086 0.002)
(0.036666667 0.0087 0.002)
(0.036666667 0.0088 0.002)
(0.036666667 0.0089 0.002)
(0.036666667 0.009 0.002)
(0.036666667 0.0071 0.0021)
(0.036666667 0.0072 0.0021)
(0.036666667 0.0073 0.0021)
(0.036666667 0.0074 0.0021)
(0.036666667 0.0075 0.0021)
(0.036666667 0.0076 0.0021)
(0.036666667 0.0077 0.0021)
(0.036666667 0.0078 0.0021)
(0.036666667 0.0079 0.0021)
(0.036666667 0.008 0.0021)
(0.036666667 0.0081 0.0021)
(0.036666667 0.0082 0.0021)
(0.036666667 0.0083 0.0021)
(0.036666667 0.0084 0.0021)
(0.036666667 0.0085 0.0021)
(0.036666667 0.0086 0.0021)
(0.036666667 0.0087 0.0021)
(0.036666667 0.0088 0.0021)
(0.036666667 0.0089 0.0021)
(0.036666667 0.009 0.0021)
(0.036666667 0.0071 0.0022)
(0.036666667 0.0072 0.0022)
(0.036666667 0.0073 0.0022)
(0.036666667 0.0074 0.0022)
(0.036666667 0.0075 0.0022)
(0.036666667 0.0076 0.0022)
(0.036666667 0.0077 0.0022)
(0.036666667 0.0078 0.0022)
(0.036666667 0.0079 0.0022)
(0.036666667 0.008 0.0022)
(0.036666667 0.0081 0.0022)
(0.036666667 0.0082 0.0022)
(0.036666667 0.0083 0.0022)
(0.036666667 0.0084 0.0022)
(0.036666667 0.0085 0.0022)
(0.036666667 0.0086 0.0022)
(0.036666667 0.0087 0.0022)
(0.036666667 0.0088 0.0022)
(0.036666667 0.0089 0.0022)
(0.036666667 0.009 0.0022)
(0.036666667 0.0071 0.0023)
(0.036666667 0.0072 0.0023)
(0.036666667 0.0073 0.0023)
(0.036666667 0.0074 0.0023)
(0.036666667 0.0075 0.0023)
(0.036666667 0.0076 0.0023)
(0.036666667 0.0077 0.0023)
(0.036666667 0.0078 0.0023)
(0.036666667 0.0079 0.0023)
(0.036666667 0.008 0.0023)
(0.036666667 0.0081 0.0023)
(0.036666667 0.0082 0.0023)
(0.036666667 0.0083 0.0023)
(0.036666667 0.0084 0.0023)
(0.036666667 0.0085 0.0023)
(0.036666667 0.0086 0.0023)
(0.036666667 0.0087 0.0023)
(0.036666667 0.0088 0.0023)
(0.036666667 0.0089 0.0023)
(0.036666667 0.009 0.0023)
(0.036666667 0.0071 0.0024)
(0.036666667 0.0072 0.0024)
(0.036666667 0.0073 0.0024)
(0.036666667 0.0074 0.0024)
(0.036666667 0.0075 0.0024)
(0.036666667 0.0076 0.0024)
(0.036666667 0.0077 0.0024)
(0.036666667 0.0078 0.0024)
(0.036666667 0.0079 0.0024)
(0.036666667 0.008 0.0024)
(0.036666667 0.0081 0.0024)
(0.036666667 0.0082 0.0024)
(0.036666667 0.0083 0.0024)
(0.036666667 0.0084 0.0024)
(0.036666667 0.0085 0.0024)
(0.036666667 0.0086 0.0024)
(0.036666667 0.0087 0.0024)
(0.036666667 0.0088 0.0024)
(0.036666667 0.0089 0.0024)
(0.036666667 0.009 0.0024)
(0.036666667 0.0071 0.0025)
(0.036666667 0.0072 0.0025)
(0.036666667 0.0073 0.0025)
(0.036666667 0.0074 0.0025)
(0.036666667 0.0075 0.0025)
(0.036666667 0.0076 0.0025)
(0.036666667 0.0077 0.0025)
(0.036666667 0.0078 0.0025)
(0.036666667 0.0079 0.0025)
(0.036666667 0.008 0.0025)
(0.036666667 0.0081 0.0025)
(0.036666667 0.0082 0.0025)
(0.036666667 0.0083 0.0025)
(0.036666667 0.0084 0.0025)
(0.036666667 0.0085 0.0025)
(0.036666667 0.0086 0.0025)
(0.036666667 0.0087 0.0025)
(0.036666667 0.0088 0.0025)
(0.036666667 0.0089 0.0025)
(0.036666667 0.009 0.0025)
(0.036666667 0.0071 0.0026)
(0.036666667 0.0072 0.0026)
(0.036666667 0.0073 0.0026)
(0.036666667 0.0074 0.0026)
(0.036666667 0.0075 0.0026)
(0.036666667 0.0076 0.0026)
(0.036666667 0.0077 0.0026)
(0.036666667 0.0078 0.0026)
(0.036666667 0.0079 0.0026)
(0.036666667 0.008 0.0026)
(0.036666667 0.0081 0.0026)
(0.036666667 0.0082 0.0026)
(0.036666667 0.0083 0.0026)
(0.036666667 0.0084 0.0026)
(0.036666667 0.0085 0.0026)
(0.036666667 0.0086 0.0026)
(0.036666667 0.0087 0.0026)
(0.036666667 0.0088 0.0026)
(0.036666667 0.0089 0.0026)
(0.036666667 0.009 0.0026)
(0.036666667 0.0071 0.0027)
(0.036666667 0.0072 0.0027)
(0.036666667 0.0073 0.0027)
(0.036666667 0.0074 0.0027)
(0.036666667 0.0075 0.0027)
(0.036666667 0.0076 0.0027)
(0.036666667 0.0077 0.0027)
(0.036666667 0.0078 0.0027)
(0.036666667 0.0079 0.0027)
(0.036666667 0.008 0.0027)
(0.036666667 0.0081 0.0027)
(0.036666667 0.0082 0.0027)
(0.036666667 0.0083 0.0027)
(0.036666667 0.0084 0.0027)
(0.036666667 0.0085 0.0027)
(0.036666667 0.0086 0.0027)
(0.036666667 0.0087 0.0027)
(0.036666667 0.0088 0.0027)
(0.036666667 0.0089 0.0027)
(0.036666667 0.009 0.0027)
(0.036666667 0.0071 0.0028)
(0.036666667 0.0072 0.0028)
(0.036666667 0.0073 0.0028)
(0.036666667 0.0074 0.0028)
(0.036666667 0.0075 0.0028)
(0.036666667 0.0076 0.0028)
(0.036666667 0.0077 0.0028)
(0.036666667 0.0078 0.0028)
(0.036666667 0.0079 0.0028)
(0.036666667 0.008 0.0028)
(0.036666667 0.0081 0.0028)
(0.036666667 0.0082 0.0028)
(0.036666667 0.0083 0.0028)
(0.036666667 0.0084 0.0028)
(0.036666667 0.0085 0.0028)
(0.036666667 0.0086 0.0028)
(0.036666667 0.0087 0.0028)
(0.036666667 0.0088 0.0028)
(0.036666667 0.0089 0.0028)
(0.036666667 0.009 0.0028)
(0.036666667 0.0071 0.0029)
(0.036666667 0.0072 0.0029)
(0.036666667 0.0073 0.0029)
(0.036666667 0.0074 0.0029)
(0.036666667 0.0075 0.0029)
(0.036666667 0.0076 0.0029)
(0.036666667 0.0077 0.0029)
(0.036666667 0.0078 0.0029)
(0.036666667 0.0079 0.0029)
(0.036666667 0.008 0.0029)
(0.036666667 0.0081 0.0029)
(0.036666667 0.0082 0.0029)
(0.036666667 0.0083 0.0029)
(0.036666667 0.0084 0.0029)
(0.036666667 0.0085 0.0029)
(0.036666667 0.0086 0.0029)
(0.036666667 0.0087 0.0029)
(0.036666667 0.0088 0.0029)
(0.036666667 0.0089 0.0029)
(0.036666667 0.009 0.0029)
(0.036666667 0.0071 0.003)
(0.036666667 0.0072 0.003)
(0.036666667 0.0073 0.003)
(0.036666667 0.0074 0.003)
(0.036666667 0.0075 0.003)
(0.036666667 0.0076 0.003)
(0.036666667 0.0077 0.003)
(0.036666667 0.0078 0.003)
(0.036666667 0.0079 0.003)
(0.036666667 0.008 0.003)
(0.036666667 0.0081 0.003)
(0.036666667 0.0082 0.003)
(0.036666667 0.0083 0.003)
(0.036666667 0.0084 0.003)
(0.036666667 0.0085 0.003)
(0.036666667 0.0086 0.003)
(0.036666667 0.0087 0.003)
(0.036666667 0.0088 0.003)
(0.036666667 0.0089 0.003)
(0.036666667 0.009 0.003)
(0.038333333 0.0071 0.0011)
(0.038333333 0.0072 0.0011)
(0.038333333 0.0073 0.0011)
(0.038333333 0.0074 0.0011)
(0.038333333 0.0075 0.0011)
(0.038333333 0.0076 0.0011)
(0.038333333 0.0077 0.0011)
(0.038333333 0.0078 0.0011)
(0.038333333 0.0079 0.0011)
(0.038333333 0.008 0.0011)
(0.038333333 0.0081 0.0011)
(0.038333333 0.0082 0.0011)
(0.038333333 0.0083 0.0011)
(0.038333333 0.0084 0.0011)
(0.038333333 0.0085 0.0011)
(0.038333333 0.0086 0.0011)
(0.038333333 0.0087 0.0011)
(0.038333333 0.0088 0.0011)
(0.038333333 0.0089 0.0011)
(0.038333333 0.009 0.0011)
(0.038333333 0.0071 0.0012)
(0.038333333 0.0072 0.0012)
(0.038333333 0.0073 0.0012)
(0.038333333 0.0074 0.0012)
(0.038333333 0.0075 0.0012)
(0.038333333 0.0076 0.0012)
(0.038333333 0.0077 0.0012)
(0.038333333 0.0078 0.0012)
(0.038333333 0.0079 0.0012)
(0.038333333 0.008 0.0012)
(0.038333333 0.0081 0.0012)
(0.038333333 0.0082 0.0012)
(0.038333333 0.0083 0.0012)
(0.038333333 0.0084 0.0012)
(0.038333333 0.0085 0.0012)
(0.038333333 0.0086 0.0012)
(0.038333333 0.0087 0.0012)
(0.038333333 0.0088 0.0012)
(0.038333333 0.0089 0.0012)
(0.038333333 0.009 0.0012)
(0.038333333 0.0071 0.0013)
(0.038333333 0.0072 0.0013)
(0.038333333 0.0073 0.0013)
(0.038333333 0.0074 0.0013)
(0.038333333 0.0075 0.0013)
(0.038333333 0.0076 0.0013)
(0.038333333 0.0077 0.0013)
(0.038333333 0.0078 0.0013)
(0.038333333 0.0079 0.0013)
(0.038333333 0.008 0.0013)
(0.038333333 0.0081 0.0013)
(0.038333333 0.0082 0.0013)
(0.038333333 0.0083 0.0013)
(0.038333333 0.0084 0.0013)
(0.038333333 0.0085 0.0013)
(0.038333333 0.0086 0.0013)
(0.038333333 0.0087 0.0013)
(0.038333333 0.0088 0.0013)
(0.038333333 0.0089 0.0013)
(0.038333333 0.009 0.0013)
(0.038333333 0.0071 0.0014)
(0.038333333 0.0072 0.0014)
(0.038333333 0.0073 0.0014)
(0.038333333 0.0074 0.0014)
(0.038333333 0.0075 0.0014)
(0.038333333 0.0076 0.0014)
(0.038333333 0.0077 0.0014)
(0.038333333 0.0078 0.0014)
(0.038333333 0.0079 0.0014)
(0.038333333 0.008 0.0014)
(0.038333333 0.0081 0.0014)
(0.038333333 0.0082 0.0014)
(0.038333333 0.0083 0.0014)
(0.038333333 0.0084 0.0014)
(0.038333333 0.0085 0.0014)
(0.038333333 0.0086 0.0014)
(0.038333333 0.0087 0.0014)
(0.038333333 0.0088 0.0014)
(0.038333333 0.0089 0.0014)
(0.038333333 0.009 0.0014)
(0.038333333 0.0071 0.0015)
(0.038333333 0.0072 0.0015)
(0.038333333 0.0073 0.0015)
(0.038333333 0.0074 0.0015)
(0.038333333 0.0075 0.0015)
(0.038333333 0.0076 0.0015)
(0.038333333 0.0077 0.0015)
(0.038333333 0.0078 0.0015)
(0.038333333 0.0079 0.0015)
(0.038333333 0.008 0.0015)
(0.038333333 0.0081 0.0015)
(0.038333333 0.0082 0.0015)
(0.038333333 0.0083 0.0015)
(0.038333333 0.0084 0.0015)
(0.038333333 0.0085 0.0015)
(0.038333333 0.0086 0.0015)
(0.038333333 0.0087 0.0015)
(0.038333333 0.0088 0.0015)
(0.038333333 0.0089 0.0015)
(0.038333333 0.009 0.0015)
(0.038333333 0.0071 0.0016)
(0.038333333 0.0072 0.0016)
(0.038333333 0.0073 0.0016)
(0.038333333 0.0074 0.0016)
(0.038333333 0.0075 0.0016)
(0.038333333 0.0076 0.0016)
(0.038333333 0.0077 0.0016)
(0.038333333 0.0078 0.0016)
(0.038333333 0.0079 0.0016)
(0.038333333 0.008 0.0016)
(0.038333333 0.0081 0.0016)
(0.038333333 0.0082 0.0016)
(0.038333333 0.0083 0.0016)
(0.038333333 0.0084 0.0016)
(0.038333333 0.0085 0.0016)
(0.038333333 0.0086 0.0016)
(0.038333333 0.0087 0.0016)
(0.038333333 0.0088 0.0016)
(0.038333333 0.0089 0.0016)
(0.038333333 0.009 0.0016)
(0.038333333 0.0071 0.0017)
(0.038333333 0.0072 0.0017)
(0.038333333 0.0073 0.0017)
(0.038333333 0.0074 0.0017)
(0.038333333 0.0075 0.0017)
(0.038333333 0.0076 0.0017)
(0.038333333 0.0077 0.0017)
(0.038333333 0.0078 0.0017)
(0.038333333 0.0079 0.0017)
(0.038333333 0.008 0.0017)
(0.038333333 0.0081 0.0017)
(0.038333333 0.0082 0.0017)
(0.038333333 0.0083 0.0017)
(0.038333333 0.0084 0.0017)
(0.038333333 0.0085 0.0017)
(0.038333333 0.0086 0.0017)
(0.038333333 0.0087 0.0017)
(0.038333333 0.0088 0.0017)
(0.038333333 0.0089 0.0017)
(0.038333333 0.009 0.0017)
(0.038333333 0.0071 0.0018)
(0.038333333 0.0072 0.0018)
(0.038333333 0.0073 0.0018)
(0.038333333 0.0074 0.0018)
(0.038333333 0.0075 0.0018)
(0.038333333 0.0076 0.0018)
(0.038333333 0.0077 0.0018)
(0.038333333 0.0078 0.0018)
(0.038333333 0.0079 0.0018)
(0.038333333 0.008 0.0018)
(0.038333333 0.0081 0.0018)
(0.038333333 0.0082 0.0018)
(0.038333333 0.0083 0.0018)
(0.038333333 0.0084 0.0018)
(0.038333333 0.0085 0.0018)
(0.038333333 0.0086 0.0018)
(0.038333333 0.0087 0.0018)
(0.038333333 0.0088 0.0018)
(0.038333333 0.0089 0.0018)
(0.038333333 0.009 0.0018)
(0.038333333 0.0071 0.0019)
(0.038333333 0.0072 0.0019)
(0.038333333 0.0073 0.0019)
(0.038333333 0.0074 0.0019)
(0.038333333 0.0075 0.0019)
(0.038333333 0.0076 0.0019)
(0.038333333 0.0077 0.0019)
(0.038333333 0.0078 0.0019)
(0.038333333 0.0079 0.0019)
(0.038333333 0.008 0.0019)
(0.038333333 0.0081 0.0019)
(0.038333333 0.0082 0.0019)
(0.038333333 0.0083 0.0019)
(0.038333333 0.0084 0.0019)
(0.038333333 0.0085 0.0019)
(0.038333333 0.0086 0.0019)
(0.038333333 0.0087 0.0019)
(0.038333333 0.0088 0.0019)
(0.038333333 0.0089 0.0019)
(0.038333333 0.009 0.0019)
(0.038333333 0.0071 0.002)
(0.038333333 0.0072 0.002)
(0.038333333 0.0073 0.002)
(0.038333333 0.0074 0.002)
(0.038333333 0.0075 0.002)
(0.038333333 0.0076 0.002)
(0.038333333 0.0077 0.002)
(0.038333333 0.0078 0.002)
(0.038333333 0.0079 0.002)
(0.038333333 0.008 0.002)
(0.038333333 0.0081 0.002)
(0.038333333 0.0082 0.002)
(0.038333333 0.0083 0.002)
(0.038333333 0.0084 0.002)
(0.038333333 0.0085 0.002)
(0.038333333 0.0086 0.002)
(0.038333333 0.0087 0.002)
(0.038333333 0.0088 0.002)
(0.038333333 0.0089 0.002)
(0.038333333 0.009 0.002)
(0.038333333 0.0071 0.0021)
(0.038333333 0.0072 0.0021)
(0.038333333 0.0073 0.0021)
(0.038333333 0.0074 0.0021)
(0.038333333 0.0075 0.0021)
(0.038333333 0.0076 0.0021)
(0.038333333 0.0077 0.0021)
(0.038333333 0.0078 0.0021)
(0.038333333 0.0079 0.0021)
(0.038333333 0.008 0.0021)
(0.038333333 0.0081 0.0021)
(0.038333333 0.0082 0.0021)
(0.038333333 0.0083 0.0021)
(0.038333333 0.0084 0.0021)
(0.038333333 0.0085 0.0021)
(0.038333333 0.0086 0.0021)
(0.038333333 0.0087 0.0021)
(0.038333333 0.0088 0.0021)
(0.038333333 0.0089 0.0021)
(0.038333333 0.009 0.0021)
(0.038333333 0.0071 0.0022)
(0.038333333 0.0072 0.0022)
(0.038333333 0.0073 0.0022)
(0.038333333 0.0074 0.0022)
(0.038333333 0.0075 0.0022)
(0.038333333 0.0076 0.0022)
(0.038333333 0.0077 0.0022)
(0.038333333 0.0078 0.0022)
(0.038333333 0.0079 0.0022)
(0.038333333 0.008 0.0022)
(0.038333333 0.0081 0.0022)
(0.038333333 0.0082 0.0022)
(0.038333333 0.0083 0.0022)
(0.038333333 0.0084 0.0022)
(0.038333333 0.0085 0.0022)
(0.038333333 0.0086 0.0022)
(0.038333333 0.0087 0.0022)
(0.038333333 0.0088 0.0022)
(0.038333333 0.0089 0.0022)
(0.038333333 0.009 0.0022)
(0.038333333 0.0071 0.0023)
(0.038333333 0.0072 0.0023)
(0.038333333 0.0073 0.0023)
(0.038333333 0.0074 0.0023)
(0.038333333 0.0075 0.0023)
(0.038333333 0.0076 0.0023)
(0.038333333 0.0077 0.0023)
(0.038333333 0.0078 0.0023)
(0.038333333 0.0079 0.0023)
(0.038333333 0.008 0.0023)
(0.038333333 0.0081 0.0023)
(0.038333333 0.0082 0.0023)
(0.038333333 0.0083 0.0023)
(0.038333333 0.0084 0.0023)
(0.038333333 0.0085 0.0023)
(0.038333333 0.0086 0.0023)
(0.038333333 0.0087 0.0023)
(0.038333333 0.0088 0.0023)
(0.038333333 0.0089 0.0023)
(0.038333333 0.009 0.0023)
(0.038333333 0.0071 0.0024)
(0.038333333 0.0072 0.0024)
(0.038333333 0.0073 0.0024)
(0.038333333 0.0074 0.0024)
(0.038333333 0.0075 0.0024)
(0.038333333 0.0076 0.0024)
(0.038333333 0.0077 0.0024)
(0.038333333 0.0078 0.0024)
(0.038333333 0.0079 0.0024)
(0.038333333 0.008 0.0024)
(0.038333333 0.0081 0.0024)
(0.038333333 0.0082 0.0024)
(0.038333333 0.0083 0.0024)
(0.038333333 0.0084 0.0024)
(0.038333333 0.0085 0.0024)
(0.038333333 0.0086 0.0024)
(0.038333333 0.0087 0.0024)
(0.038333333 0.0088 0.0024)
(0.038333333 0.0089 0.0024)
(0.038333333 0.009 0.0024)
(0.038333333 0.0071 0.0025)
(0.038333333 0.0072 0.0025)
(0.038333333 0.0073 0.0025)
(0.038333333 0.0074 0.0025)
(0.038333333 0.0075 0.0025)
(0.038333333 0.0076 0.0025)
(0.038333333 0.0077 0.0025)
(0.038333333 0.0078 0.0025)
(0.038333333 0.0079 0.0025)
(0.038333333 0.008 0.0025)
(0.038333333 0.0081 0.0025)
(0.038333333 0.0082 0.0025)
(0.038333333 0.0083 0.0025)
(0.038333333 0.0084 0.0025)
(0.038333333 0.0085 0.0025)
(0.038333333 0.0086 0.0025)
(0.038333333 0.0087 0.0025)
(0.038333333 0.0088 0.0025)
(0.038333333 0.0089 0.0025)
(0.038333333 0.009 0.0025)
(0.038333333 0.0071 0.0026)
(0.038333333 0.0072 0.0026)
(0.038333333 0.0073 0.0026)
(0.038333333 0.0074 0.0026)
(0.038333333 0.0075 0.0026)
(0.038333333 0.0076 0.0026)
(0.038333333 0.0077 0.0026)
(0.038333333 0.0078 0.0026)
(0.038333333 0.0079 0.0026)
(0.038333333 0.008 0.0026)
(0.038333333 0.0081 0.0026)
(0.038333333 0.0082 0.0026)
(0.038333333 0.0083 0.0026)
(0.038333333 0.0084 0.0026)
(0.038333333 0.0085 0.0026)
(0.038333333 0.0086 0.0026)
(0.038333333 0.0087 0.0026)
(0.038333333 0.0088 0.0026)
(0.038333333 0.0089 0.0026)
(0.038333333 0.009 0.0026)
(0.038333333 0.0071 0.0027)
(0.038333333 0.0072 0.0027)
(0.038333333 0.0073 0.0027)
(0.038333333 0.0074 0.0027)
(0.038333333 0.0075 0.0027)
(0.038333333 0.0076 0.0027)
(0.038333333 0.0077 0.0027)
(0.038333333 0.0078 0.0027)
(0.038333333 0.0079 0.0027)
(0.038333333 0.008 0.0027)
(0.038333333 0.0081 0.0027)
(0.038333333 0.0082 0.0027)
(0.038333333 0.0083 0.0027)
(0.038333333 0.0084 0.0027)
(0.038333333 0.0085 0.0027)
(0.038333333 0.0086 0.0027)
(0.038333333 0.0087 0.0027)
(0.038333333 0.0088 0.0027)
(0.038333333 0.0089 0.0027)
(0.038333333 0.009 0.0027)
(0.038333333 0.0071 0.0028)
(0.038333333 0.0072 0.0028)
(0.038333333 0.0073 0.0028)
(0.038333333 0.0074 0.0028)
(0.038333333 0.0075 0.0028)
(0.038333333 0.0076 0.0028)
(0.038333333 0.0077 0.0028)
(0.038333333 0.0078 0.0028)
(0.038333333 0.0079 0.0028)
(0.038333333 0.008 0.0028)
(0.038333333 0.0081 0.0028)
(0.038333333 0.0082 0.0028)
(0.038333333 0.0083 0.0028)
(0.038333333 0.0084 0.0028)
(0.038333333 0.0085 0.0028)
(0.038333333 0.0086 0.0028)
(0.038333333 0.0087 0.0028)
(0.038333333 0.0088 0.0028)
(0.038333333 0.0089 0.0028)
(0.038333333 0.009 0.0028)
(0.038333333 0.0071 0.0029)
(0.038333333 0.0072 0.0029)
(0.038333333 0.0073 0.0029)
(0.038333333 0.0074 0.0029)
(0.038333333 0.0075 0.0029)
(0.038333333 0.0076 0.0029)
(0.038333333 0.0077 0.0029)
(0.038333333 0.0078 0.0029)
(0.038333333 0.0079 0.0029)
(0.038333333 0.008 0.0029)
(0.038333333 0.0081 0.0029)
(0.038333333 0.0082 0.0029)
(0.038333333 0.0083 0.0029)
(0.038333333 0.0084 0.0029)
(0.038333333 0.0085 0.0029)
(0.038333333 0.0086 0.0029)
(0.038333333 0.0087 0.0029)
(0.038333333 0.0088 0.0029)
(0.038333333 0.0089 0.0029)
(0.038333333 0.009 0.0029)
(0.038333333 0.0071 0.003)
(0.038333333 0.0072 0.003)
(0.038333333 0.0073 0.003)
(0.038333333 0.0074 0.003)
(0.038333333 0.0075 0.003)
(0.038333333 0.0076 0.003)
(0.038333333 0.0077 0.003)
(0.038333333 0.0078 0.003)
(0.038333333 0.0079 0.003)
(0.038333333 0.008 0.003)
(0.038333333 0.0081 0.003)
(0.038333333 0.0082 0.003)
(0.038333333 0.0083 0.003)
(0.038333333 0.0084 0.003)
(0.038333333 0.0085 0.003)
(0.038333333 0.0086 0.003)
(0.038333333 0.0087 0.003)
(0.038333333 0.0088 0.003)
(0.038333333 0.0089 0.003)
(0.038333333 0.009 0.003)
(0.04 0.0071 0.0011)
(0.04 0.0072 0.0011)
(0.04 0.0073 0.0011)
(0.04 0.0074 0.0011)
(0.04 0.0075 0.0011)
(0.04 0.0076 0.0011)
(0.04 0.0077 0.0011)
(0.04 0.0078 0.0011)
(0.04 0.0079 0.0011)
(0.04 0.008 0.0011)
(0.04 0.0081 0.0011)
(0.04 0.0082 0.0011)
(0.04 0.0083 0.0011)
(0.04 0.0084 0.0011)
(0.04 0.0085 0.0011)
(0.04 0.0086 0.0011)
(0.04 0.0087 0.0011)
(0.04 0.0088 0.0011)
(0.04 0.0089 0.0011)
(0.04 0.009 0.0011)
(0.04 0.0071 0.0012)
(0.04 0.0072 0.0012)
(0.04 0.0073 0.0012)
(0.04 0.0074 0.0012)
(0.04 0.0075 0.0012)
(0.04 0.0076 0.0012)
(0.04 0.0077 0.0012)
(0.04 0.0078 0.0012)
(0.04 0.0079 0.0012)
(0.04 0.008 0.0012)
(0.04 0.0081 0.0012)
(0.04 0.0082 0.0012)
(0.04 0.0083 0.0012)
(0.04 0.0084 0.0012)
(0.04 0.0085 0.0012)
(0.04 0.0086 0.0012)
(0.04 0.0087 0.0012)
(0.04 0.0088 0.0012)
(0.04 0.0089 0.0012)
(0.04 0.009 0.0012)
(0.04 0.0071 0.0013)
(0.04 0.0072 0.0013)
(0.04 0.0073 0.0013)
(0.04 0.0074 0.0013)
(0.04 0.0075 0.0013)
(0.04 0.0076 0.0013)
(0.04 0.0077 0.0013)
(0.04 0.0078 0.0013)
(0.04 0.0079 0.0013)
(0.04 0.008 0.0013)
(0.04 0.0081 0.0013)
(0.04 0.0082 0.0013)
(0.04 0.0083 0.0013)
(0.04 0.0084 0.0013)
(0.04 0.0085 0.0013)
(0.04 0.0086 0.0013)
(0.04 0.0087 0.0013)
(0.04 0.0088 0.0013)
(0.04 0.0089 0.0013)
(0.04 0.009 0.0013)
(0.04 0.0071 0.0014)
(0.04 0.0072 0.0014)
(0.04 0.0073 0.0014)
(0.04 0.0074 0.0014)
(0.04 0.0075 0.0014)
(0.04 0.0076 0.0014)
(0.04 0.0077 0.0014)
(0.04 0.0078 0.0014)
(0.04 0.0079 0.0014)
(0.04 0.008 0.0014)
(0.04 0.0081 0.0014)
(0.04 0.0082 0.0014)
(0.04 0.0083 0.0014)
(0.04 0.0084 0.0014)
(0.04 0.0085 0.0014)
(0.04 0.0086 0.0014)
(0.04 0.0087 0.0014)
(0.04 0.0088 0.0014)
(0.04 0.0089 0.0014)
(0.04 0.009 0.0014)
(0.04 0.0071 0.0015)
(0.04 0.0072 0.0015)
(0.04 0.0073 0.0015)
(0.04 0.0074 0.0015)
(0.04 0.0075 0.0015)
(0.04 0.0076 0.0015)
(0.04 0.0077 0.0015)
(0.04 0.0078 0.0015)
(0.04 0.0079 0.0015)
(0.04 0.008 0.0015)
(0.04 0.0081 0.0015)
(0.04 0.0082 0.0015)
(0.04 0.0083 0.0015)
(0.04 0.0084 0.0015)
(0.04 0.0085 0.0015)
(0.04 0.0086 0.0015)
(0.04 0.0087 0.0015)
(0.04 0.0088 0.0015)
(0.04 0.0089 0.0015)
(0.04 0.009 0.0015)
(0.04 0.0071 0.0016)
(0.04 0.0072 0.0016)
(0.04 0.0073 0.0016)
(0.04 0.0074 0.0016)
(0.04 0.0075 0.0016)
(0.04 0.0076 0.0016)
(0.04 0.0077 0.0016)
(0.04 0.0078 0.0016)
(0.04 0.0079 0.0016)
(0.04 0.008 0.0016)
(0.04 0.0081 0.0016)
(0.04 0.0082 0.0016)
(0.04 0.0083 0.0016)
(0.04 0.0084 0.0016)
(0.04 0.0085 0.0016)
(0.04 0.0086 0.0016)
(0.04 0.0087 0.0016)
(0.04 0.0088 0.0016)
(0.04 0.0089 0.0016)
(0.04 0.009 0.0016)
(0.04 0.0071 0.0017)
(0.04 0.0072 0.0017)
(0.04 0.0073 0.0017)
(0.04 0.0074 0.0017)
(0.04 0.0075 0.0017)
(0.04 0.0076 0.0017)
(0.04 0.0077 0.0017)
(0.04 0.0078 0.0017)
(0.04 0.0079 0.0017)
(0.04 0.008 0.0017)
(0.04 0.0081 0.0017)
(0.04 0.0082 0.0017)
(0.04 0.0083 0.0017)
(0.04 0.0084 0.0017)
(0.04 0.0085 0.0017)
(0.04 0.0086 0.0017)
(0.04 0.0087 0.0017)
(0.04 0.0088 0.0017)
(0.04 0.0089 0.0017)
(0.04 0.009 0.0017)
(0.04 0.0071 0.0018)
(0.04 0.0072 0.0018)
(0.04 0.0073 0.0018)
(0.04 0.0074 0.0018)
(0.04 0.0075 0.0018)
(0.04 0.0076 0.0018)
(0.04 0.0077 0.0018)
(0.04 0.0078 0.0018)
(0.04 0.0079 0.0018)
(0.04 0.008 0.0018)
(0.04 0.0081 0.0018)
(0.04 0.0082 0.0018)
(0.04 0.0083 0.0018)
(0.04 0.0084 0.0018)
(0.04 0.0085 0.0018)
(0.04 0.0086 0.0018)
(0.04 0.0087 0.0018)
(0.04 0.0088 0.0018)
(0.04 0.0089 0.0018)
(0.04 0.009 0.0018)
(0.04 0.0071 0.0019)
(0.04 0.0072 0.0019)
(0.04 0.0073 0.0019)
(0.04 0.0074 0.0019)
(0.04 0.0075 0.0019)
(0.04 0.0076 0.0019)
(0.04 0.0077 0.0019)
(0.04 0.0078 0.0019)
(0.04 0.0079 0.0019)
(0.04 0.008 0.0019)
(0.04 0.0081 0.0019)
(0.04 0.0082 0.0019)
(0.04 0.0083 0.0019)
(0.04 0.0084 0.0019)
(0.04 0.0085 0.0019)
(0.04 0.0086 0.0019)
(0.04 0.0087 0.0019)
(0.04 0.0088 0.0019)
(0.04 0.0089 0.0019)
(0.04 0.009 0.0019)
(0.04 0.0071 0.002)
(0.04 0.0072 0.002)
(0.04 0.0073 0.002)
(0.04 0.0074 0.002)
(0.04 0.0075 0.002)
(0.04 0.0076 0.002)
(0.04 0.0077 0.002)
(0.04 0.0078 0.002)
(0.04 0.0079 0.002)
(0.04 0.008 0.002)
(0.04 0.0081 0.002)
(0.04 0.0082 0.002)
(0.04 0.0083 0.002)
(0.04 0.0084 0.002)
(0.04 0.0085 0.002)
(0.04 0.0086 0.002)
(0.04 0.0087 0.002)
(0.04 0.0088 0.002)
(0.04 0.0089 0.002)
(0.04 0.009 0.002)
(0.04 0.0071 0.0021)
(0.04 0.0072 0.0021)
(0.04 0.0073 0.0021)
(0.04 0.0074 0.0021)
(0.04 0.0075 0.0021)
(0.04 0.0076 0.0021)
(0.04 0.0077 0.0021)
(0.04 0.0078 0.0021)
(0.04 0.0079 0.0021)
(0.04 0.008 0.0021)
(0.04 0.0081 0.0021)
(0.04 0.0082 0.0021)
(0.04 0.0083 0.0021)
(0.04 0.0084 0.0021)
(0.04 0.0085 0.0021)
(0.04 0.0086 0.0021)
(0.04 0.0087 0.0021)
(0.04 0.0088 0.0021)
(0.04 0.0089 0.0021)
(0.04 0.009 0.0021)
(0.04 0.0071 0.0022)
(0.04 0.0072 0.0022)
(0.04 0.0073 0.0022)
(0.04 0.0074 0.0022)
(0.04 0.0075 0.0022)
(0.04 0.0076 0.0022)
(0.04 0.0077 0.0022)
(0.04 0.0078 0.0022)
(0.04 0.0079 0.0022)
(0.04 0.008 0.0022)
(0.04 0.0081 0.0022)
(0.04 0.0082 0.0022)
(0.04 0.0083 0.0022)
(0.04 0.0084 0.0022)
(0.04 0.0085 0.0022)
(0.04 0.0086 0.0022)
(0.04 0.0087 0.0022)
(0.04 0.0088 0.0022)
(0.04 0.0089 0.0022)
(0.04 0.009 0.0022)
(0.04 0.0071 0.0023)
(0.04 0.0072 0.0023)
(0.04 0.0073 0.0023)
(0.04 0.0074 0.0023)
(0.04 0.0075 0.0023)
(0.04 0.0076 0.0023)
(0.04 0.0077 0.0023)
(0.04 0.0078 0.0023)
(0.04 0.0079 0.0023)
(0.04 0.008 0.0023)
(0.04 0.0081 0.0023)
(0.04 0.0082 0.0023)
(0.04 0.0083 0.0023)
(0.04 0.0084 0.0023)
(0.04 0.0085 0.0023)
(0.04 0.0086 0.0023)
(0.04 0.0087 0.0023)
(0.04 0.0088 0.0023)
(0.04 0.0089 0.0023)
(0.04 0.009 0.0023)
(0.04 0.0071 0.0024)
(0.04 0.0072 0.0024)
(0.04 0.0073 0.0024)
(0.04 0.0074 0.0024)
(0.04 0.0075 0.0024)
(0.04 0.0076 0.0024)
(0.04 0.0077 0.0024)
(0.04 0.0078 0.0024)
(0.04 0.0079 0.0024)
(0.04 0.008 0.0024)
(0.04 0.0081 0.0024)
(0.04 0.0082 0.0024)
(0.04 0.0083 0.0024)
(0.04 0.0084 0.0024)
(0.04 0.0085 0.0024)
(0.04 0.0086 0.0024)
(0.04 0.0087 0.0024)
(0.04 0.0088 0.0024)
(0.04 0.0089 0.0024)
(0.04 0.009 0.0024)
(0.04 0.0071 0.0025)
(0.04 0.0072 0.0025)
(0.04 0.0073 0.0025)
(0.04 0.0074 0.0025)
(0.04 0.0075 0.0025)
(0.04 0.0076 0.0025)
(0.04 0.0077 0.0025)
(0.04 0.0078 0.0025)
(0.04 0.0079 0.0025)
(0.04 0.008 0.0025)
(0.04 0.0081 0.0025)
(0.04 0.0082 0.0025)
(0.04 0.0083 0.0025)
(0.04 0.0084 0.0025)
(0.04 0.0085 0.0025)
(0.04 0.0086 0.0025)
(0.04 0.0087 0.0025)
(0.04 0.0088 0.0025)
(0.04 0.0089 0.0025)
(0.04 0.009 0.0025)
(0.04 0.0071 0.0026)
(0.04 0.0072 0.0026)
(0.04 0.0073 0.0026)
(0.04 0.0074 0.0026)
(0.04 0.0075 0.0026)
(0.04 0.0076 0.0026)
(0.04 0.0077 0.0026)
(0.04 0.0078 0.0026)
(0.04 0.0079 0.0026)
(0.04 0.008 0.0026)
(0.04 0.0081 0.0026)
(0.04 0.0082 0.0026)
(0.04 0.0083 0.0026)
(0.04 0.0084 0.0026)
(0.04 0.0085 0.0026)
(0.04 0.0086 0.0026)
(0.04 0.0087 0.0026)
(0.04 0.0088 0.0026)
(0.04 0.0089 0.0026)
(0.04 0.009 0.0026)
(0.04 0.0071 0.0027)
(0.04 0.0072 0.0027)
(0.04 0.0073 0.0027)
(0.04 0.0074 0.0027)
(0.04 0.0075 0.0027)
(0.04 0.0076 0.0027)
(0.04 0.0077 0.0027)
(0.04 0.0078 0.0027)
(0.04 0.0079 0.0027)
(0.04 0.008 0.0027)
(0.04 0.0081 0.0027)
(0.04 0.0082 0.0027)
(0.04 0.0083 0.0027)
(0.04 0.0084 0.0027)
(0.04 0.0085 0.0027)
(0.04 0.0086 0.0027)
(0.04 0.0087 0.0027)
(0.04 0.0088 0.0027)
(0.04 0.0089 0.0027)
(0.04 0.009 0.0027)
(0.04 0.0071 0.0028)
(0.04 0.0072 0.0028)
(0.04 0.0073 0.0028)
(0.04 0.0074 0.0028)
(0.04 0.0075 0.0028)
(0.04 0.0076 0.0028)
(0.04 0.0077 0.0028)
(0.04 0.0078 0.0028)
(0.04 0.0079 0.0028)
(0.04 0.008 0.0028)
(0.04 0.0081 0.0028)
(0.04 0.0082 0.0028)
(0.04 0.0083 0.0028)
(0.04 0.0084 0.0028)
(0.04 0.0085 0.0028)
(0.04 0.0086 0.0028)
(0.04 0.0087 0.0028)
(0.04 0.0088 0.0028)
(0.04 0.0089 0.0028)
(0.04 0.009 0.0028)
(0.04 0.0071 0.0029)
(0.04 0.0072 0.0029)
(0.04 0.0073 0.0029)
(0.04 0.0074 0.0029)
(0.04 0.0075 0.0029)
(0.04 0.0076 0.0029)
(0.04 0.0077 0.0029)
(0.04 0.0078 0.0029)
(0.04 0.0079 0.0029)
(0.04 0.008 0.0029)
(0.04 0.0081 0.0029)
(0.04 0.0082 0.0029)
(0.04 0.0083 0.0029)
(0.04 0.0084 0.0029)
(0.04 0.0085 0.0029)
(0.04 0.0086 0.0029)
(0.04 0.0087 0.0029)
(0.04 0.0088 0.0029)
(0.04 0.0089 0.0029)
(0.04 0.009 0.0029)
(0.04 0.0071 0.003)
(0.04 0.0072 0.003)
(0.04 0.0073 0.003)
(0.04 0.0074 0.003)
(0.04 0.0075 0.003)
(0.04 0.0076 0.003)
(0.04 0.0077 0.003)
(0.04 0.0078 0.003)
(0.04 0.0079 0.003)
(0.04 0.008 0.003)
(0.04 0.0081 0.003)
(0.04 0.0082 0.003)
(0.04 0.0083 0.003)
(0.04 0.0084 0.003)
(0.04 0.0085 0.003)
(0.04 0.0086 0.003)
(0.04 0.0087 0.003)
(0.04 0.0088 0.003)
(0.04 0.0089 0.003)
(0.04 0.009 0.003)
(0.041666667 0.0071 0.0011)
(0.041666667 0.0072 0.0011)
(0.041666667 0.0073 0.0011)
(0.041666667 0.0074 0.0011)
(0.041666667 0.0075 0.0011)
(0.041666667 0.0076 0.0011)
(0.041666667 0.0077 0.0011)
(0.041666667 0.0078 0.0011)
(0.041666667 0.0079 0.0011)
(0.041666667 0.008 0.0011)
(0.041666667 0.0081 0.0011)
(0.041666667 0.0082 0.0011)
(0.041666667 0.0083 0.0011)
(0.041666667 0.0084 0.0011)
(0.041666667 0.0085 0.0011)
(0.041666667 0.0086 0.0011)
(0.041666667 0.0087 0.0011)
(0.041666667 0.0088 0.0011)
(0.041666667 0.0089 0.0011)
(0.041666667 0.009 0.0011)
(0.041666667 0.0071 0.0012)
(0.041666667 0.0072 0.0012)
(0.041666667 0.0073 0.0012)
(0.041666667 0.0074 0.0012)
(0.041666667 0.0075 0.0012)
(0.041666667 0.0076 0.0012)
(0.041666667 0.0077 0.0012)
(0.041666667 0.0078 0.0012)
(0.041666667 0.0079 0.0012)
(0.041666667 0.008 0.0012)
(0.041666667 0.0081 0.0012)
(0.041666667 0.0082 0.0012)
(0.041666667 0.0083 0.0012)
(0.041666667 0.0084 0.0012)
(0.041666667 0.0085 0.0012)
(0.041666667 0.0086 0.0012)
(0.041666667 0.0087 0.0012)
(0.041666667 0.0088 0.0012)
(0.041666667 0.0089 0.0012)
(0.041666667 0.009 0.0012)
(0.041666667 0.0071 0.0013)
(0.041666667 0.0072 0.0013)
(0.041666667 0.0073 0.0013)
(0.041666667 0.0074 0.0013)
(0.041666667 0.0075 0.0013)
(0.041666667 0.0076 0.0013)
(0.041666667 0.0077 0.0013)
(0.041666667 0.0078 0.0013)
(0.041666667 0.0079 0.0013)
(0.041666667 0.008 0.0013)
(0.041666667 0.0081 0.0013)
(0.041666667 0.0082 0.0013)
(0.041666667 0.0083 0.0013)
(0.041666667 0.0084 0.0013)
(0.041666667 0.0085 0.0013)
(0.041666667 0.0086 0.0013)
(0.041666667 0.0087 0.0013)
(0.041666667 0.0088 0.0013)
(0.041666667 0.0089 0.0013)
(0.041666667 0.009 0.0013)
(0.041666667 0.0071 0.0014)
(0.041666667 0.0072 0.0014)
(0.041666667 0.0073 0.0014)
(0.041666667 0.0074 0.0014)
(0.041666667 0.0075 0.0014)
(0.041666667 0.0076 0.0014)
(0.041666667 0.0077 0.0014)
(0.041666667 0.0078 0.0014)
(0.041666667 0.0079 0.0014)
(0.041666667 0.008 0.0014)
(0.041666667 0.0081 0.0014)
(0.041666667 0.0082 0.0014)
(0.041666667 0.0083 0.0014)
(0.041666667 0.0084 0.0014)
(0.041666667 0.0085 0.0014)
(0.041666667 0.0086 0.0014)
(0.041666667 0.0087 0.0014)
(0.041666667 0.0088 0.0014)
(0.041666667 0.0089 0.0014)
(0.041666667 0.009 0.0014)
(0.041666667 0.0071 0.0015)
(0.041666667 0.0072 0.0015)
(0.041666667 0.0073 0.0015)
(0.041666667 0.0074 0.0015)
(0.041666667 0.0075 0.0015)
(0.041666667 0.0076 0.0015)
(0.041666667 0.0077 0.0015)
(0.041666667 0.0078 0.0015)
(0.041666667 0.0079 0.0015)
(0.041666667 0.008 0.0015)
(0.041666667 0.0081 0.0015)
(0.041666667 0.0082 0.0015)
(0.041666667 0.0083 0.0015)
(0.041666667 0.0084 0.0015)
(0.041666667 0.0085 0.0015)
(0.041666667 0.0086 0.0015)
(0.041666667 0.0087 0.0015)
(0.041666667 0.0088 0.0015)
(0.041666667 0.0089 0.0015)
(0.041666667 0.009 0.0015)
(0.041666667 0.0071 0.0016)
(0.041666667 0.0072 0.0016)
(0.041666667 0.0073 0.0016)
(0.041666667 0.0074 0.0016)
(0.041666667 0.0075 0.0016)
(0.041666667 0.0076 0.0016)
(0.041666667 0.0077 0.0016)
(0.041666667 0.0078 0.0016)
(0.041666667 0.0079 0.0016)
(0.041666667 0.008 0.0016)
(0.041666667 0.0081 0.0016)
(0.041666667 0.0082 0.0016)
(0.041666667 0.0083 0.0016)
(0.041666667 0.0084 0.0016)
(0.041666667 0.0085 0.0016)
(0.041666667 0.0086 0.0016)
(0.041666667 0.0087 0.0016)
(0.041666667 0.0088 0.0016)
(0.041666667 0.0089 0.0016)
(0.041666667 0.009 0.0016)
(0.041666667 0.0071 0.0017)
(0.041666667 0.0072 0.0017)
(0.041666667 0.0073 0.0017)
(0.041666667 0.0074 0.0017)
(0.041666667 0.0075 0.0017)
(0.041666667 0.0076 0.0017)
(0.041666667 0.0077 0.0017)
(0.041666667 0.0078 0.0017)
(0.041666667 0.0079 0.0017)
(0.041666667 0.008 0.0017)
(0.041666667 0.0081 0.0017)
(0.041666667 0.0082 0.0017)
(0.041666667 0.0083 0.0017)
(0.041666667 0.0084 0.0017)
(0.041666667 0.0085 0.0017)
(0.041666667 0.0086 0.0017)
(0.041666667 0.0087 0.0017)
(0.041666667 0.0088 0.0017)
(0.041666667 0.0089 0.0017)
(0.041666667 0.009 0.0017)
(0.041666667 0.0071 0.0018)
(0.041666667 0.0072 0.0018)
(0.041666667 0.0073 0.0018)
(0.041666667 0.0074 0.0018)
(0.041666667 0.0075 0.0018)
(0.041666667 0.0076 0.0018)
(0.041666667 0.0077 0.0018)
(0.041666667 0.0078 0.0018)
(0.041666667 0.0079 0.0018)
(0.041666667 0.008 0.0018)
(0.041666667 0.0081 0.0018)
(0.041666667 0.0082 0.0018)
(0.041666667 0.0083 0.0018)
(0.041666667 0.0084 0.0018)
(0.041666667 0.0085 0.0018)
(0.041666667 0.0086 0.0018)
(0.041666667 0.0087 0.0018)
(0.041666667 0.0088 0.0018)
(0.041666667 0.0089 0.0018)
(0.041666667 0.009 0.0018)
(0.041666667 0.0071 0.0019)
(0.041666667 0.0072 0.0019)
(0.041666667 0.0073 0.0019)
(0.041666667 0.0074 0.0019)
(0.041666667 0.0075 0.0019)
(0.041666667 0.0076 0.0019)
(0.041666667 0.0077 0.0019)
(0.041666667 0.0078 0.0019)
(0.041666667 0.0079 0.0019)
(0.041666667 0.008 0.0019)
(0.041666667 0.0081 0.0019)
(0.041666667 0.0082 0.0019)
(0.041666667 0.0083 0.0019)
(0.041666667 0.0084 0.0019)
(0.041666667 0.0085 0.0019)
(0.041666667 0.0086 0.0019)
(0.041666667 0.0087 0.0019)
(0.041666667 0.0088 0.0019)
(0.041666667 0.0089 0.0019)
(0.041666667 0.009 0.0019)
(0.041666667 0.0071 0.002)
(0.041666667 0.0072 0.002)
(0.041666667 0.0073 0.002)
(0.041666667 0.0074 0.002)
(0.041666667 0.0075 0.002)
(0.041666667 0.0076 0.002)
(0.041666667 0.0077 0.002)
(0.041666667 0.0078 0.002)
(0.041666667 0.0079 0.002)
(0.041666667 0.008 0.002)
(0.041666667 0.0081 0.002)
(0.041666667 0.0082 0.002)
(0.041666667 0.0083 0.002)
(0.041666667 0.0084 0.002)
(0.041666667 0.0085 0.002)
(0.041666667 0.0086 0.002)
(0.041666667 0.0087 0.002)
(0.041666667 0.0088 0.002)
(0.041666667 0.0089 0.002)
(0.041666667 0.009 0.002)
(0.041666667 0.0071 0.0021)
(0.041666667 0.0072 0.0021)
(0.041666667 0.0073 0.0021)
(0.041666667 0.0074 0.0021)
(0.041666667 0.0075 0.0021)
(0.041666667 0.0076 0.0021)
(0.041666667 0.0077 0.0021)
(0.041666667 0.0078 0.0021)
(0.041666667 0.0079 0.0021)
(0.041666667 0.008 0.0021)
(0.041666667 0.0081 0.0021)
(0.041666667 0.0082 0.0021)
(0.041666667 0.0083 0.0021)
(0.041666667 0.0084 0.0021)
(0.041666667 0.0085 0.0021)
(0.041666667 0.0086 0.0021)
(0.041666667 0.0087 0.0021)
(0.041666667 0.0088 0.0021)
(0.041666667 0.0089 0.0021)
(0.041666667 0.009 0.0021)
(0.041666667 0.0071 0.0022)
(0.041666667 0.0072 0.0022)
(0.041666667 0.0073 0.0022)
(0.041666667 0.0074 0.0022)
(0.041666667 0.0075 0.0022)
(0.041666667 0.0076 0.0022)
(0.041666667 0.0077 0.0022)
(0.041666667 0.0078 0.0022)
(0.041666667 0.0079 0.0022)
(0.041666667 0.008 0.0022)
(0.041666667 0.0081 0.0022)
(0.041666667 0.0082 0.0022)
(0.041666667 0.0083 0.0022)
(0.041666667 0.0084 0.0022)
(0.041666667 0.0085 0.0022)
(0.041666667 0.0086 0.0022)
(0.041666667 0.0087 0.0022)
(0.041666667 0.0088 0.0022)
(0.041666667 0.0089 0.0022)
(0.041666667 0.009 0.0022)
(0.041666667 0.0071 0.0023)
(0.041666667 0.0072 0.0023)
(0.041666667 0.0073 0.0023)
(0.041666667 0.0074 0.0023)
(0.041666667 0.0075 0.0023)
(0.041666667 0.0076 0.0023)
(0.041666667 0.0077 0.0023)
(0.041666667 0.0078 0.0023)
(0.041666667 0.0079 0.0023)
(0.041666667 0.008 0.0023)
(0.041666667 0.0081 0.0023)
(0.041666667 0.0082 0.0023)
(0.041666667 0.0083 0.0023)
(0.041666667 0.0084 0.0023)
(0.041666667 0.0085 0.0023)
(0.041666667 0.0086 0.0023)
(0.041666667 0.0087 0.0023)
(0.041666667 0.0088 0.0023)
(0.041666667 0.0089 0.0023)
(0.041666667 0.009 0.0023)
(0.041666667 0.0071 0.0024)
(0.041666667 0.0072 0.0024)
(0.041666667 0.0073 0.0024)
(0.041666667 0.0074 0.0024)
(0.041666667 0.0075 0.0024)
(0.041666667 0.0076 0.0024)
(0.041666667 0.0077 0.0024)
(0.041666667 0.0078 0.0024)
(0.041666667 0.0079 0.0024)
(0.041666667 0.008 0.0024)
(0.041666667 0.0081 0.0024)
(0.041666667 0.0082 0.0024)
(0.041666667 0.0083 0.0024)
(0.041666667 0.0084 0.0024)
(0.041666667 0.0085 0.0024)
(0.041666667 0.0086 0.0024)
(0.041666667 0.0087 0.0024)
(0.041666667 0.0088 0.0024)
(0.041666667 0.0089 0.0024)
(0.041666667 0.009 0.0024)
(0.041666667 0.0071 0.0025)
(0.041666667 0.0072 0.0025)
(0.041666667 0.0073 0.0025)
(0.041666667 0.0074 0.0025)
(0.041666667 0.0075 0.0025)
(0.041666667 0.0076 0.0025)
(0.041666667 0.0077 0.0025)
(0.041666667 0.0078 0.0025)
(0.041666667 0.0079 0.0025)
(0.041666667 0.008 0.0025)
(0.041666667 0.0081 0.0025)
(0.041666667 0.0082 0.0025)
(0.041666667 0.0083 0.0025)
(0.041666667 0.0084 0.0025)
(0.041666667 0.0085 0.0025)
(0.041666667 0.0086 0.0025)
(0.041666667 0.0087 0.0025)
(0.041666667 0.0088 0.0025)
(0.041666667 0.0089 0.0025)
(0.041666667 0.009 0.0025)
(0.041666667 0.0071 0.0026)
(0.041666667 0.0072 0.0026)
(0.041666667 0.0073 0.0026)
(0.041666667 0.0074 0.0026)
(0.041666667 0.0075 0.0026)
(0.041666667 0.0076 0.0026)
(0.041666667 0.0077 0.0026)
(0.041666667 0.0078 0.0026)
(0.041666667 0.0079 0.0026)
(0.041666667 0.008 0.0026)
(0.041666667 0.0081 0.0026)
(0.041666667 0.0082 0.0026)
(0.041666667 0.0083 0.0026)
(0.041666667 0.0084 0.0026)
(0.041666667 0.0085 0.0026)
(0.041666667 0.0086 0.0026)
(0.041666667 0.0087 0.0026)
(0.041666667 0.0088 0.0026)
(0.041666667 0.0089 0.0026)
(0.041666667 0.009 0.0026)
(0.041666667 0.0071 0.0027)
(0.041666667 0.0072 0.0027)
(0.041666667 0.0073 0.0027)
(0.041666667 0.0074 0.0027)
(0.041666667 0.0075 0.0027)
(0.041666667 0.0076 0.0027)
(0.041666667 0.0077 0.0027)
(0.041666667 0.0078 0.0027)
(0.041666667 0.0079 0.0027)
(0.041666667 0.008 0.0027)
(0.041666667 0.0081 0.0027)
(0.041666667 0.0082 0.0027)
(0.041666667 0.0083 0.0027)
(0.041666667 0.0084 0.0027)
(0.041666667 0.0085 0.0027)
(0.041666667 0.0086 0.0027)
(0.041666667 0.0087 0.0027)
(0.041666667 0.0088 0.0027)
(0.041666667 0.0089 0.0027)
(0.041666667 0.009 0.0027)
(0.041666667 0.0071 0.0028)
(0.041666667 0.0072 0.0028)
(0.041666667 0.0073 0.0028)
(0.041666667 0.0074 0.0028)
(0.041666667 0.0075 0.0028)
(0.041666667 0.0076 0.0028)
(0.041666667 0.0077 0.0028)
(0.041666667 0.0078 0.0028)
(0.041666667 0.0079 0.0028)
(0.041666667 0.008 0.0028)
(0.041666667 0.0081 0.0028)
(0.041666667 0.0082 0.0028)
(0.041666667 0.0083 0.0028)
(0.041666667 0.0084 0.0028)
(0.041666667 0.0085 0.0028)
(0.041666667 0.0086 0.0028)
(0.041666667 0.0087 0.0028)
(0.041666667 0.0088 0.0028)
(0.041666667 0.0089 0.0028)
(0.041666667 0.009 0.0028)
(0.041666667 0.0071 0.0029)
(0.041666667 0.0072 0.0029)
(0.041666667 0.0073 0.0029)
(0.041666667 0.0074 0.0029)
(0.041666667 0.0075 0.0029)
(0.041666667 0.0076 0.0029)
(0.041666667 0.0077 0.0029)
(0.041666667 0.0078 0.0029)
(0.041666667 0.0079 0.0029)
(0.041666667 0.008 0.0029)
(0.041666667 0.0081 0.0029)
(0.041666667 0.0082 0.0029)
(0.041666667 0.0083 0.0029)
(0.041666667 0.0084 0.0029)
(0.041666667 0.0085 0.0029)
(0.041666667 0.0086 0.0029)
(0.041666667 0.0087 0.0029)
(0.041666667 0.0088 0.0029)
(0.041666667 0.0089 0.0029)
(0.041666667 0.009 0.0029)
(0.041666667 0.0071 0.003)
(0.041666667 0.0072 0.003)
(0.041666667 0.0073 0.003)
(0.041666667 0.0074 0.003)
(0.041666667 0.0075 0.003)
(0.041666667 0.0076 0.003)
(0.041666667 0.0077 0.003)
(0.041666667 0.0078 0.003)
(0.041666667 0.0079 0.003)
(0.041666667 0.008 0.003)
(0.041666667 0.0081 0.003)
(0.041666667 0.0082 0.003)
(0.041666667 0.0083 0.003)
(0.041666667 0.0084 0.003)
(0.041666667 0.0085 0.003)
(0.041666667 0.0086 0.003)
(0.041666667 0.0087 0.003)
(0.041666667 0.0088 0.003)
(0.041666667 0.0089 0.003)
(0.041666667 0.009 0.003)
(0.043333333 0.0071 0.0011)
(0.043333333 0.0072 0.0011)
(0.043333333 0.0073 0.0011)
(0.043333333 0.0074 0.0011)
(0.043333333 0.0075 0.0011)
(0.043333333 0.0076 0.0011)
(0.043333333 0.0077 0.0011)
(0.043333333 0.0078 0.0011)
(0.043333333 0.0079 0.0011)
(0.043333333 0.008 0.0011)
(0.043333333 0.0081 0.0011)
(0.043333333 0.0082 0.0011)
(0.043333333 0.0083 0.0011)
(0.043333333 0.0084 0.0011)
(0.043333333 0.0085 0.0011)
(0.043333333 0.0086 0.0011)
(0.043333333 0.0087 0.0011)
(0.043333333 0.0088 0.0011)
(0.043333333 0.0089 0.0011)
(0.043333333 0.009 0.0011)
(0.043333333 0.0071 0.0012)
(0.043333333 0.0072 0.0012)
(0.043333333 0.0073 0.0012)
(0.043333333 0.0074 0.0012)
(0.043333333 0.0075 0.0012)
(0.043333333 0.0076 0.0012)
(0.043333333 0.0077 0.0012)
(0.043333333 0.0078 0.0012)
(0.043333333 0.0079 0.0012)
(0.043333333 0.008 0.0012)
(0.043333333 0.0081 0.0012)
(0.043333333 0.0082 0.0012)
(0.043333333 0.0083 0.0012)
(0.043333333 0.0084 0.0012)
(0.043333333 0.0085 0.0012)
(0.043333333 0.0086 0.0012)
(0.043333333 0.0087 0.0012)
(0.043333333 0.0088 0.0012)
(0.043333333 0.0089 0.0012)
(0.043333333 0.009 0.0012)
(0.043333333 0.0071 0.0013)
(0.043333333 0.0072 0.0013)
(0.043333333 0.0073 0.0013)
(0.043333333 0.0074 0.0013)
(0.043333333 0.0075 0.0013)
(0.043333333 0.0076 0.0013)
(0.043333333 0.0077 0.0013)
(0.043333333 0.0078 0.0013)
(0.043333333 0.0079 0.0013)
(0.043333333 0.008 0.0013)
(0.043333333 0.0081 0.0013)
(0.043333333 0.0082 0.0013)
(0.043333333 0.0083 0.0013)
(0.043333333 0.0084 0.0013)
(0.043333333 0.0085 0.0013)
(0.043333333 0.0086 0.0013)
(0.043333333 0.0087 0.0013)
(0.043333333 0.0088 0.0013)
(0.043333333 0.0089 0.0013)
(0.043333333 0.009 0.0013)
(0.043333333 0.0071 0.0014)
(0.043333333 0.0072 0.0014)
(0.043333333 0.0073 0.0014)
(0.043333333 0.0074 0.0014)
(0.043333333 0.0075 0.0014)
(0.043333333 0.0076 0.0014)
(0.043333333 0.0077 0.0014)
(0.043333333 0.0078 0.0014)
(0.043333333 0.0079 0.0014)
(0.043333333 0.008 0.0014)
(0.043333333 0.0081 0.0014)
(0.043333333 0.0082 0.0014)
(0.043333333 0.0083 0.0014)
(0.043333333 0.0084 0.0014)
(0.043333333 0.0085 0.0014)
(0.043333333 0.0086 0.0014)
(0.043333333 0.0087 0.0014)
(0.043333333 0.0088 0.0014)
(0.043333333 0.0089 0.0014)
(0.043333333 0.009 0.0014)
(0.043333333 0.0071 0.0015)
(0.043333333 0.0072 0.0015)
(0.043333333 0.0073 0.0015)
(0.043333333 0.0074 0.0015)
(0.043333333 0.0075 0.0015)
(0.043333333 0.0076 0.0015)
(0.043333333 0.0077 0.0015)
(0.043333333 0.0078 0.0015)
(0.043333333 0.0079 0.0015)
(0.043333333 0.008 0.0015)
(0.043333333 0.0081 0.0015)
(0.043333333 0.0082 0.0015)
(0.043333333 0.0083 0.0015)
(0.043333333 0.0084 0.0015)
(0.043333333 0.0085 0.0015)
(0.043333333 0.0086 0.0015)
(0.043333333 0.0087 0.0015)
(0.043333333 0.0088 0.0015)
(0.043333333 0.0089 0.0015)
(0.043333333 0.009 0.0015)
(0.043333333 0.0071 0.0016)
(0.043333333 0.0072 0.0016)
(0.043333333 0.0073 0.0016)
(0.043333333 0.0074 0.0016)
(0.043333333 0.0075 0.0016)
(0.043333333 0.0076 0.0016)
(0.043333333 0.0077 0.0016)
(0.043333333 0.0078 0.0016)
(0.043333333 0.0079 0.0016)
(0.043333333 0.008 0.0016)
(0.043333333 0.0081 0.0016)
(0.043333333 0.0082 0.0016)
(0.043333333 0.0083 0.0016)
(0.043333333 0.0084 0.0016)
(0.043333333 0.0085 0.0016)
(0.043333333 0.0086 0.0016)
(0.043333333 0.0087 0.0016)
(0.043333333 0.0088 0.0016)
(0.043333333 0.0089 0.0016)
(0.043333333 0.009 0.0016)
(0.043333333 0.0071 0.0017)
(0.043333333 0.0072 0.0017)
(0.043333333 0.0073 0.0017)
(0.043333333 0.0074 0.0017)
(0.043333333 0.0075 0.0017)
(0.043333333 0.0076 0.0017)
(0.043333333 0.0077 0.0017)
(0.043333333 0.0078 0.0017)
(0.043333333 0.0079 0.0017)
(0.043333333 0.008 0.0017)
(0.043333333 0.0081 0.0017)
(0.043333333 0.0082 0.0017)
(0.043333333 0.0083 0.0017)
(0.043333333 0.0084 0.0017)
(0.043333333 0.0085 0.0017)
(0.043333333 0.0086 0.0017)
(0.043333333 0.0087 0.0017)
(0.043333333 0.0088 0.0017)
(0.043333333 0.0089 0.0017)
(0.043333333 0.009 0.0017)
(0.043333333 0.0071 0.0018)
(0.043333333 0.0072 0.0018)
(0.043333333 0.0073 0.0018)
(0.043333333 0.0074 0.0018)
(0.043333333 0.0075 0.0018)
(0.043333333 0.0076 0.0018)
(0.043333333 0.0077 0.0018)
(0.043333333 0.0078 0.0018)
(0.043333333 0.0079 0.0018)
(0.043333333 0.008 0.0018)
(0.043333333 0.0081 0.0018)
(0.043333333 0.0082 0.0018)
(0.043333333 0.0083 0.0018)
(0.043333333 0.0084 0.0018)
(0.043333333 0.0085 0.0018)
(0.043333333 0.0086 0.0018)
(0.043333333 0.0087 0.0018)
(0.043333333 0.0088 0.0018)
(0.043333333 0.0089 0.0018)
(0.043333333 0.009 0.0018)
(0.043333333 0.0071 0.0019)
(0.043333333 0.0072 0.0019)
(0.043333333 0.0073 0.0019)
(0.043333333 0.0074 0.0019)
(0.043333333 0.0075 0.0019)
(0.043333333 0.0076 0.0019)
(0.043333333 0.0077 0.0019)
(0.043333333 0.0078 0.0019)
(0.043333333 0.0079 0.0019)
(0.043333333 0.008 0.0019)
(0.043333333 0.0081 0.0019)
(0.043333333 0.0082 0.0019)
(0.043333333 0.0083 0.0019)
(0.043333333 0.0084 0.0019)
(0.043333333 0.0085 0.0019)
(0.043333333 0.0086 0.0019)
(0.043333333 0.0087 0.0019)
(0.043333333 0.0088 0.0019)
(0.043333333 0.0089 0.0019)
(0.043333333 0.009 0.0019)
(0.043333333 0.0071 0.002)
(0.043333333 0.0072 0.002)
(0.043333333 0.0073 0.002)
(0.043333333 0.0074 0.002)
(0.043333333 0.0075 0.002)
(0.043333333 0.0076 0.002)
(0.043333333 0.0077 0.002)
(0.043333333 0.0078 0.002)
(0.043333333 0.0079 0.002)
(0.043333333 0.008 0.002)
(0.043333333 0.0081 0.002)
(0.043333333 0.0082 0.002)
(0.043333333 0.0083 0.002)
(0.043333333 0.0084 0.002)
(0.043333333 0.0085 0.002)
(0.043333333 0.0086 0.002)
(0.043333333 0.0087 0.002)
(0.043333333 0.0088 0.002)
(0.043333333 0.0089 0.002)
(0.043333333 0.009 0.002)
(0.043333333 0.0071 0.0021)
(0.043333333 0.0072 0.0021)
(0.043333333 0.0073 0.0021)
(0.043333333 0.0074 0.0021)
(0.043333333 0.0075 0.0021)
(0.043333333 0.0076 0.0021)
(0.043333333 0.0077 0.0021)
(0.043333333 0.0078 0.0021)
(0.043333333 0.0079 0.0021)
(0.043333333 0.008 0.0021)
(0.043333333 0.0081 0.0021)
(0.043333333 0.0082 0.0021)
(0.043333333 0.0083 0.0021)
(0.043333333 0.0084 0.0021)
(0.043333333 0.0085 0.0021)
(0.043333333 0.0086 0.0021)
(0.043333333 0.0087 0.0021)
(0.043333333 0.0088 0.0021)
(0.043333333 0.0089 0.0021)
(0.043333333 0.009 0.0021)
(0.043333333 0.0071 0.0022)
(0.043333333 0.0072 0.0022)
(0.043333333 0.0073 0.0022)
(0.043333333 0.0074 0.0022)
(0.043333333 0.0075 0.0022)
(0.043333333 0.0076 0.0022)
(0.043333333 0.0077 0.0022)
(0.043333333 0.0078 0.0022)
(0.043333333 0.0079 0.0022)
(0.043333333 0.008 0.0022)
(0.043333333 0.0081 0.0022)
(0.043333333 0.0082 0.0022)
(0.043333333 0.0083 0.0022)
(0.043333333 0.0084 0.0022)
(0.043333333 0.0085 0.0022)
(0.043333333 0.0086 0.0022)
(0.043333333 0.0087 0.0022)
(0.043333333 0.0088 0.0022)
(0.043333333 0.0089 0.0022)
(0.043333333 0.009 0.0022)
(0.043333333 0.0071 0.0023)
(0.043333333 0.0072 0.0023)
(0.043333333 0.0073 0.0023)
(0.043333333 0.0074 0.0023)
(0.043333333 0.0075 0.0023)
(0.043333333 0.0076 0.0023)
(0.043333333 0.0077 0.0023)
(0.043333333 0.0078 0.0023)
(0.043333333 0.0079 0.0023)
(0.043333333 0.008 0.0023)
(0.043333333 0.0081 0.0023)
(0.043333333 0.0082 0.0023)
(0.043333333 0.0083 0.0023)
(0.043333333 0.0084 0.0023)
(0.043333333 0.0085 0.0023)
(0.043333333 0.0086 0.0023)
(0.043333333 0.0087 0.0023)
(0.043333333 0.0088 0.0023)
(0.043333333 0.0089 0.0023)
(0.043333333 0.009 0.0023)
(0.043333333 0.0071 0.0024)
(0.043333333 0.0072 0.0024)
(0.043333333 0.0073 0.0024)
(0.043333333 0.0074 0.0024)
(0.043333333 0.0075 0.0024)
(0.043333333 0.0076 0.0024)
(0.043333333 0.0077 0.0024)
(0.043333333 0.0078 0.0024)
(0.043333333 0.0079 0.0024)
(0.043333333 0.008 0.0024)
(0.043333333 0.0081 0.0024)
(0.043333333 0.0082 0.0024)
(0.043333333 0.0083 0.0024)
(0.043333333 0.0084 0.0024)
(0.043333333 0.0085 0.0024)
(0.043333333 0.0086 0.0024)
(0.043333333 0.0087 0.0024)
(0.043333333 0.0088 0.0024)
(0.043333333 0.0089 0.0024)
(0.043333333 0.009 0.0024)
(0.043333333 0.0071 0.0025)
(0.043333333 0.0072 0.0025)
(0.043333333 0.0073 0.0025)
(0.043333333 0.0074 0.0025)
(0.043333333 0.0075 0.0025)
(0.043333333 0.0076 0.0025)
(0.043333333 0.0077 0.0025)
(0.043333333 0.0078 0.0025)
(0.043333333 0.0079 0.0025)
(0.043333333 0.008 0.0025)
(0.043333333 0.0081 0.0025)
(0.043333333 0.0082 0.0025)
(0.043333333 0.0083 0.0025)
(0.043333333 0.0084 0.0025)
(0.043333333 0.0085 0.0025)
(0.043333333 0.0086 0.0025)
(0.043333333 0.0087 0.0025)
(0.043333333 0.0088 0.0025)
(0.043333333 0.0089 0.0025)
(0.043333333 0.009 0.0025)
(0.043333333 0.0071 0.0026)
(0.043333333 0.0072 0.0026)
(0.043333333 0.0073 0.0026)
(0.043333333 0.0074 0.0026)
(0.043333333 0.0075 0.0026)
(0.043333333 0.0076 0.0026)
(0.043333333 0.0077 0.0026)
(0.043333333 0.0078 0.0026)
(0.043333333 0.0079 0.0026)
(0.043333333 0.008 0.0026)
(0.043333333 0.0081 0.0026)
(0.043333333 0.0082 0.0026)
(0.043333333 0.0083 0.0026)
(0.043333333 0.0084 0.0026)
(0.043333333 0.0085 0.0026)
(0.043333333 0.0086 0.0026)
(0.043333333 0.0087 0.0026)
(0.043333333 0.0088 0.0026)
(0.043333333 0.0089 0.0026)
(0.043333333 0.009 0.0026)
(0.043333333 0.0071 0.0027)
(0.043333333 0.0072 0.0027)
(0.043333333 0.0073 0.0027)
(0.043333333 0.0074 0.0027)
(0.043333333 0.0075 0.0027)
(0.043333333 0.0076 0.0027)
(0.043333333 0.0077 0.0027)
(0.043333333 0.0078 0.0027)
(0.043333333 0.0079 0.0027)
(0.043333333 0.008 0.0027)
(0.043333333 0.0081 0.0027)
(0.043333333 0.0082 0.0027)
(0.043333333 0.0083 0.0027)
(0.043333333 0.0084 0.0027)
(0.043333333 0.0085 0.0027)
(0.043333333 0.0086 0.0027)
(0.043333333 0.0087 0.0027)
(0.043333333 0.0088 0.0027)
(0.043333333 0.0089 0.0027)
(0.043333333 0.009 0.0027)
(0.043333333 0.0071 0.0028)
(0.043333333 0.0072 0.0028)
(0.043333333 0.0073 0.0028)
(0.043333333 0.0074 0.0028)
(0.043333333 0.0075 0.0028)
(0.043333333 0.0076 0.0028)
(0.043333333 0.0077 0.0028)
(0.043333333 0.0078 0.0028)
(0.043333333 0.0079 0.0028)
(0.043333333 0.008 0.0028)
(0.043333333 0.0081 0.0028)
(0.043333333 0.0082 0.0028)
(0.043333333 0.0083 0.0028)
(0.043333333 0.0084 0.0028)
(0.043333333 0.0085 0.0028)
(0.043333333 0.0086 0.0028)
(0.043333333 0.0087 0.0028)
(0.043333333 0.0088 0.0028)
(0.043333333 0.0089 0.0028)
(0.043333333 0.009 0.0028)
(0.043333333 0.0071 0.0029)
(0.043333333 0.0072 0.0029)
(0.043333333 0.0073 0.0029)
(0.043333333 0.0074 0.0029)
(0.043333333 0.0075 0.0029)
(0.043333333 0.0076 0.0029)
(0.043333333 0.0077 0.0029)
(0.043333333 0.0078 0.0029)
(0.043333333 0.0079 0.0029)
(0.043333333 0.008 0.0029)
(0.043333333 0.0081 0.0029)
(0.043333333 0.0082 0.0029)
(0.043333333 0.0083 0.0029)
(0.043333333 0.0084 0.0029)
(0.043333333 0.0085 0.0029)
(0.043333333 0.0086 0.0029)
(0.043333333 0.0087 0.0029)
(0.043333333 0.0088 0.0029)
(0.043333333 0.0089 0.0029)
(0.043333333 0.009 0.0029)
(0.043333333 0.0071 0.003)
(0.043333333 0.0072 0.003)
(0.043333333 0.0073 0.003)
(0.043333333 0.0074 0.003)
(0.043333333 0.0075 0.003)
(0.043333333 0.0076 0.003)
(0.043333333 0.0077 0.003)
(0.043333333 0.0078 0.003)
(0.043333333 0.0079 0.003)
(0.043333333 0.008 0.003)
(0.043333333 0.0081 0.003)
(0.043333333 0.0082 0.003)
(0.043333333 0.0083 0.003)
(0.043333333 0.0084 0.003)
(0.043333333 0.0085 0.003)
(0.043333333 0.0086 0.003)
(0.043333333 0.0087 0.003)
(0.043333333 0.0088 0.003)
(0.043333333 0.0089 0.003)
(0.043333333 0.009 0.003)
(0.045 0.0071 0.0011)
(0.045 0.0072 0.0011)
(0.045 0.0073 0.0011)
(0.045 0.0074 0.0011)
(0.045 0.0075 0.0011)
(0.045 0.0076 0.0011)
(0.045 0.0077 0.0011)
(0.045 0.0078 0.0011)
(0.045 0.0079 0.0011)
(0.045 0.008 0.0011)
(0.045 0.0081 0.0011)
(0.045 0.0082 0.0011)
(0.045 0.0083 0.0011)
(0.045 0.0084 0.0011)
(0.045 0.0085 0.0011)
(0.045 0.0086 0.0011)
(0.045 0.0087 0.0011)
(0.045 0.0088 0.0011)
(0.045 0.0089 0.0011)
(0.045 0.009 0.0011)
(0.045 0.0071 0.0012)
(0.045 0.0072 0.0012)
(0.045 0.0073 0.0012)
(0.045 0.0074 0.0012)
(0.045 0.0075 0.0012)
(0.045 0.0076 0.0012)
(0.045 0.0077 0.0012)
(0.045 0.0078 0.0012)
(0.045 0.0079 0.0012)
(0.045 0.008 0.0012)
(0.045 0.0081 0.0012)
(0.045 0.0082 0.0012)
(0.045 0.0083 0.0012)
(0.045 0.0084 0.0012)
(0.045 0.0085 0.0012)
(0.045 0.0086 0.0012)
(0.045 0.0087 0.0012)
(0.045 0.0088 0.0012)
(0.045 0.0089 0.0012)
(0.045 0.009 0.0012)
(0.045 0.0071 0.0013)
(0.045 0.0072 0.0013)
(0.045 0.0073 0.0013)
(0.045 0.0074 0.0013)
(0.045 0.0075 0.0013)
(0.045 0.0076 0.0013)
(0.045 0.0077 0.0013)
(0.045 0.0078 0.0013)
(0.045 0.0079 0.0013)
(0.045 0.008 0.0013)
(0.045 0.0081 0.0013)
(0.045 0.0082 0.0013)
(0.045 0.0083 0.0013)
(0.045 0.0084 0.0013)
(0.045 0.0085 0.0013)
(0.045 0.0086 0.0013)
(0.045 0.0087 0.0013)
(0.045 0.0088 0.0013)
(0.045 0.0089 0.0013)
(0.045 0.009 0.0013)
(0.045 0.0071 0.0014)
(0.045 0.0072 0.0014)
(0.045 0.0073 0.0014)
(0.045 0.0074 0.0014)
(0.045 0.0075 0.0014)
(0.045 0.0076 0.0014)
(0.045 0.0077 0.0014)
(0.045 0.0078 0.0014)
(0.045 0.0079 0.0014)
(0.045 0.008 0.0014)
(0.045 0.0081 0.0014)
(0.045 0.0082 0.0014)
(0.045 0.0083 0.0014)
(0.045 0.0084 0.0014)
(0.045 0.0085 0.0014)
(0.045 0.0086 0.0014)
(0.045 0.0087 0.0014)
(0.045 0.0088 0.0014)
(0.045 0.0089 0.0014)
(0.045 0.009 0.0014)
(0.045 0.0071 0.0015)
(0.045 0.0072 0.0015)
(0.045 0.0073 0.0015)
(0.045 0.0074 0.0015)
(0.045 0.0075 0.0015)
(0.045 0.0076 0.0015)
(0.045 0.0077 0.0015)
(0.045 0.0078 0.0015)
(0.045 0.0079 0.0015)
(0.045 0.008 0.0015)
(0.045 0.0081 0.0015)
(0.045 0.0082 0.0015)
(0.045 0.0083 0.0015)
(0.045 0.0084 0.0015)
(0.045 0.0085 0.0015)
(0.045 0.0086 0.0015)
(0.045 0.0087 0.0015)
(0.045 0.0088 0.0015)
(0.045 0.0089 0.0015)
(0.045 0.009 0.0015)
(0.045 0.0071 0.0016)
(0.045 0.0072 0.0016)
(0.045 0.0073 0.0016)
(0.045 0.0074 0.0016)
(0.045 0.0075 0.0016)
(0.045 0.0076 0.0016)
(0.045 0.0077 0.0016)
(0.045 0.0078 0.0016)
(0.045 0.0079 0.0016)
(0.045 0.008 0.0016)
(0.045 0.0081 0.0016)
(0.045 0.0082 0.0016)
(0.045 0.0083 0.0016)
(0.045 0.0084 0.0016)
(0.045 0.0085 0.0016)
(0.045 0.0086 0.0016)
(0.045 0.0087 0.0016)
(0.045 0.0088 0.0016)
(0.045 0.0089 0.0016)
(0.045 0.009 0.0016)
(0.045 0.0071 0.0017)
(0.045 0.0072 0.0017)
(0.045 0.0073 0.0017)
(0.045 0.0074 0.0017)
(0.045 0.0075 0.0017)
(0.045 0.0076 0.0017)
(0.045 0.0077 0.0017)
(0.045 0.0078 0.0017)
(0.045 0.0079 0.0017)
(0.045 0.008 0.0017)
(0.045 0.0081 0.0017)
(0.045 0.0082 0.0017)
(0.045 0.0083 0.0017)
(0.045 0.0084 0.0017)
(0.045 0.0085 0.0017)
(0.045 0.0086 0.0017)
(0.045 0.0087 0.0017)
(0.045 0.0088 0.0017)
(0.045 0.0089 0.0017)
(0.045 0.009 0.0017)
(0.045 0.0071 0.0018)
(0.045 0.0072 0.0018)
(0.045 0.0073 0.0018)
(0.045 0.0074 0.0018)
(0.045 0.0075 0.0018)
(0.045 0.0076 0.0018)
(0.045 0.0077 0.0018)
(0.045 0.0078 0.0018)
(0.045 0.0079 0.0018)
(0.045 0.008 0.0018)
(0.045 0.0081 0.0018)
(0.045 0.0082 0.0018)
(0.045 0.0083 0.0018)
(0.045 0.0084 0.0018)
(0.045 0.0085 0.0018)
(0.045 0.0086 0.0018)
(0.045 0.0087 0.0018)
(0.045 0.0088 0.0018)
(0.045 0.0089 0.0018)
(0.045 0.009 0.0018)
(0.045 0.0071 0.0019)
(0.045 0.0072 0.0019)
(0.045 0.0073 0.0019)
(0.045 0.0074 0.0019)
(0.045 0.0075 0.0019)
(0.045 0.0076 0.0019)
(0.045 0.0077 0.0019)
(0.045 0.0078 0.0019)
(0.045 0.0079 0.0019)
(0.045 0.008 0.0019)
(0.045 0.0081 0.0019)
(0.045 0.0082 0.0019)
(0.045 0.0083 0.0019)
(0.045 0.0084 0.0019)
(0.045 0.0085 0.0019)
(0.045 0.0086 0.0019)
(0.045 0.0087 0.0019)
(0.045 0.0088 0.0019)
(0.045 0.0089 0.0019)
(0.045 0.009 0.0019)
(0.045 0.0071 0.002)
(0.045 0.0072 0.002)
(0.045 0.0073 0.002)
(0.045 0.0074 0.002)
(0.045 0.0075 0.002)
(0.045 0.0076 0.002)
(0.045 0.0077 0.002)
(0.045 0.0078 0.002)
(0.045 0.0079 0.002)
(0.045 0.008 0.002)
(0.045 0.0081 0.002)
(0.045 0.0082 0.002)
(0.045 0.0083 0.002)
(0.045 0.0084 0.002)
(0.045 0.0085 0.002)
(0.045 0.0086 0.002)
(0.045 0.0087 0.002)
(0.045 0.0088 0.002)
(0.045 0.0089 0.002)
(0.045 0.009 0.002)
(0.045 0.0071 0.0021)
(0.045 0.0072 0.0021)
(0.045 0.0073 0.0021)
(0.045 0.0074 0.0021)
(0.045 0.0075 0.0021)
(0.045 0.0076 0.0021)
(0.045 0.0077 0.0021)
(0.045 0.0078 0.0021)
(0.045 0.0079 0.0021)
(0.045 0.008 0.0021)
(0.045 0.0081 0.0021)
(0.045 0.0082 0.0021)
(0.045 0.0083 0.0021)
(0.045 0.0084 0.0021)
(0.045 0.0085 0.0021)
(0.045 0.0086 0.0021)
(0.045 0.0087 0.0021)
(0.045 0.0088 0.0021)
(0.045 0.0089 0.0021)
(0.045 0.009 0.0021)
(0.045 0.0071 0.0022)
(0.045 0.0072 0.0022)
(0.045 0.0073 0.0022)
(0.045 0.0074 0.0022)
(0.045 0.0075 0.0022)
(0.045 0.0076 0.0022)
(0.045 0.0077 0.0022)
(0.045 0.0078 0.0022)
(0.045 0.0079 0.0022)
(0.045 0.008 0.0022)
(0.045 0.0081 0.0022)
(0.045 0.0082 0.0022)
(0.045 0.0083 0.0022)
(0.045 0.0084 0.0022)
(0.045 0.0085 0.0022)
(0.045 0.0086 0.0022)
(0.045 0.0087 0.0022)
(0.045 0.0088 0.0022)
(0.045 0.0089 0.0022)
(0.045 0.009 0.0022)
(0.045 0.0071 0.0023)
(0.045 0.0072 0.0023)
(0.045 0.0073 0.0023)
(0.045 0.0074 0.0023)
(0.045 0.0075 0.0023)
(0.045 0.0076 0.0023)
(0.045 0.0077 0.0023)
(0.045 0.0078 0.0023)
(0.045 0.0079 0.0023)
(0.045 0.008 0.0023)
(0.045 0.0081 0.0023)
(0.045 0.0082 0.0023)
(0.045 0.0083 0.0023)
(0.045 0.0084 0.0023)
(0.045 0.0085 0.0023)
(0.045 0.0086 0.0023)
(0.045 0.0087 0.0023)
(0.045 0.0088 0.0023)
(0.045 0.0089 0.0023)
(0.045 0.009 0.0023)
(0.045 0.0071 0.0024)
(0.045 0.0072 0.0024)
(0.045 0.0073 0.0024)
(0.045 0.0074 0.0024)
(0.045 0.0075 0.0024)
(0.045 0.0076 0.0024)
(0.045 0.0077 0.0024)
(0.045 0.0078 0.0024)
(0.045 0.0079 0.0024)
(0.045 0.008 0.0024)
(0.045 0.0081 0.0024)
(0.045 0.0082 0.0024)
(0.045 0.0083 0.0024)
(0.045 0.0084 0.0024)
(0.045 0.0085 0.0024)
(0.045 0.0086 0.0024)
(0.045 0.0087 0.0024)
(0.045 0.0088 0.0024)
(0.045 0.0089 0.0024)
(0.045 0.009 0.0024)
(0.045 0.0071 0.0025)
(0.045 0.0072 0.0025)
(0.045 0.0073 0.0025)
(0.045 0.0074 0.0025)
(0.045 0.0075 0.0025)
(0.045 0.0076 0.0025)
(0.045 0.0077 0.0025)
(0.045 0.0078 0.0025)
(0.045 0.0079 0.0025)
(0.045 0.008 0.0025)
(0.045 0.0081 0.0025)
(0.045 0.0082 0.0025)
(0.045 0.0083 0.0025)
(0.045 0.0084 0.0025)
(0.045 0.0085 0.0025)
(0.045 0.0086 0.0025)
(0.045 0.0087 0.0025)
(0.045 0.0088 0.0025)
(0.045 0.0089 0.0025)
(0.045 0.009 0.0025)
(0.045 0.0071 0.0026)
(0.045 0.0072 0.0026)
(0.045 0.0073 0.0026)
(0.045 0.0074 0.0026)
(0.045 0.0075 0.0026)
(0.045 0.0076 0.0026)
(0.045 0.0077 0.0026)
(0.045 0.0078 0.0026)
(0.045 0.0079 0.0026)
(0.045 0.008 0.0026)
(0.045 0.0081 0.0026)
(0.045 0.0082 0.0026)
(0.045 0.0083 0.0026)
(0.045 0.0084 0.0026)
(0.045 0.0085 0.0026)
(0.045 0.0086 0.0026)
(0.045 0.0087 0.0026)
(0.045 0.0088 0.0026)
(0.045 0.0089 0.0026)
(0.045 0.009 0.0026)
(0.045 0.0071 0.0027)
(0.045 0.0072 0.0027)
(0.045 0.0073 0.0027)
(0.045 0.0074 0.0027)
(0.045 0.0075 0.0027)
(0.045 0.0076 0.0027)
(0.045 0.0077 0.0027)
(0.045 0.0078 0.0027)
(0.045 0.0079 0.0027)
(0.045 0.008 0.0027)
(0.045 0.0081 0.0027)
(0.045 0.0082 0.0027)
(0.045 0.0083 0.0027)
(0.045 0.0084 0.0027)
(0.045 0.0085 0.0027)
(0.045 0.0086 0.0027)
(0.045 0.0087 0.0027)
(0.045 0.0088 0.0027)
(0.045 0.0089 0.0027)
(0.045 0.009 0.0027)
(0.045 0.0071 0.0028)
(0.045 0.0072 0.0028)
(0.045 0.0073 0.0028)
(0.045 0.0074 0.0028)
(0.045 0.0075 0.0028)
(0.045 0.0076 0.0028)
(0.045 0.0077 0.0028)
(0.045 0.0078 0.0028)
(0.045 0.0079 0.0028)
(0.045 0.008 0.0028)
(0.045 0.0081 0.0028)
(0.045 0.0082 0.0028)
(0.045 0.0083 0.0028)
(0.045 0.0084 0.0028)
(0.045 0.0085 0.0028)
(0.045 0.0086 0.0028)
(0.045 0.0087 0.0028)
(0.045 0.0088 0.0028)
(0.045 0.0089 0.0028)
(0.045 0.009 0.0028)
(0.045 0.0071 0.0029)
(0.045 0.0072 0.0029)
(0.045 0.0073 0.0029)
(0.045 0.0074 0.0029)
(0.045 0.0075 0.0029)
(0.045 0.0076 0.0029)
(0.045 0.0077 0.0029)
(0.045 0.0078 0.0029)
(0.045 0.0079 0.0029)
(0.045 0.008 0.0029)
(0.045 0.0081 0.0029)
(0.045 0.0082 0.0029)
(0.045 0.0083 0.0029)
(0.045 0.0084 0.0029)
(0.045 0.0085 0.0029)
(0.045 0.0086 0.0029)
(0.045 0.0087 0.0029)
(0.045 0.0088 0.0029)
(0.045 0.0089 0.0029)
(0.045 0.009 0.0029)
(0.045 0.0071 0.003)
(0.045 0.0072 0.003)
(0.045 0.0073 0.003)
(0.045 0.0074 0.003)
(0.045 0.0075 0.003)
(0.045 0.0076 0.003)
(0.045 0.0077 0.003)
(0.045 0.0078 0.003)
(0.045 0.0079 0.003)
(0.045 0.008 0.003)
(0.045 0.0081 0.003)
(0.045 0.0082 0.003)
(0.045 0.0083 0.003)
(0.045 0.0084 0.003)
(0.045 0.0085 0.003)
(0.045 0.0086 0.003)
(0.045 0.0087 0.003)
(0.045 0.0088 0.003)
(0.045 0.0089 0.003)
(0.045 0.009 0.003)
(0.046666667 0.0071 0.0011)
(0.046666667 0.0072 0.0011)
(0.046666667 0.0073 0.0011)
(0.046666667 0.0074 0.0011)
(0.046666667 0.0075 0.0011)
(0.046666667 0.0076 0.0011)
(0.046666667 0.0077 0.0011)
(0.046666667 0.0078 0.0011)
(0.046666667 0.0079 0.0011)
(0.046666667 0.008 0.0011)
(0.046666667 0.0081 0.0011)
(0.046666667 0.0082 0.0011)
(0.046666667 0.0083 0.0011)
(0.046666667 0.0084 0.0011)
(0.046666667 0.0085 0.0011)
(0.046666667 0.0086 0.0011)
(0.046666667 0.0087 0.0011)
(0.046666667 0.0088 0.0011)
(0.046666667 0.0089 0.0011)
(0.046666667 0.009 0.0011)
(0.046666667 0.0071 0.0012)
(0.046666667 0.0072 0.0012)
(0.046666667 0.0073 0.0012)
(0.046666667 0.0074 0.0012)
(0.046666667 0.0075 0.0012)
(0.046666667 0.0076 0.0012)
(0.046666667 0.0077 0.0012)
(0.046666667 0.0078 0.0012)
(0.046666667 0.0079 0.0012)
(0.046666667 0.008 0.0012)
(0.046666667 0.0081 0.0012)
(0.046666667 0.0082 0.0012)
(0.046666667 0.0083 0.0012)
(0.046666667 0.0084 0.0012)
(0.046666667 0.0085 0.0012)
(0.046666667 0.0086 0.0012)
(0.046666667 0.0087 0.0012)
(0.046666667 0.0088 0.0012)
(0.046666667 0.0089 0.0012)
(0.046666667 0.009 0.0012)
(0.046666667 0.0071 0.0013)
(0.046666667 0.0072 0.0013)
(0.046666667 0.0073 0.0013)
(0.046666667 0.0074 0.0013)
(0.046666667 0.0075 0.0013)
(0.046666667 0.0076 0.0013)
(0.046666667 0.0077 0.0013)
(0.046666667 0.0078 0.0013)
(0.046666667 0.0079 0.0013)
(0.046666667 0.008 0.0013)
(0.046666667 0.0081 0.0013)
(0.046666667 0.0082 0.0013)
(0.046666667 0.0083 0.0013)
(0.046666667 0.0084 0.0013)
(0.046666667 0.0085 0.0013)
(0.046666667 0.0086 0.0013)
(0.046666667 0.0087 0.0013)
(0.046666667 0.0088 0.0013)
(0.046666667 0.0089 0.0013)
(0.046666667 0.009 0.0013)
(0.046666667 0.0071 0.0014)
(0.046666667 0.0072 0.0014)
(0.046666667 0.0073 0.0014)
(0.046666667 0.0074 0.0014)
(0.046666667 0.0075 0.0014)
(0.046666667 0.0076 0.0014)
(0.046666667 0.0077 0.0014)
(0.046666667 0.0078 0.0014)
(0.046666667 0.0079 0.0014)
(0.046666667 0.008 0.0014)
(0.046666667 0.0081 0.0014)
(0.046666667 0.0082 0.0014)
(0.046666667 0.0083 0.0014)
(0.046666667 0.0084 0.0014)
(0.046666667 0.0085 0.0014)
(0.046666667 0.0086 0.0014)
(0.046666667 0.0087 0.0014)
(0.046666667 0.0088 0.0014)
(0.046666667 0.0089 0.0014)
(0.046666667 0.009 0.0014)
(0.046666667 0.0071 0.0015)
(0.046666667 0.0072 0.0015)
(0.046666667 0.0073 0.0015)
(0.046666667 0.0074 0.0015)
(0.046666667 0.0075 0.0015)
(0.046666667 0.0076 0.0015)
(0.046666667 0.0077 0.0015)
(0.046666667 0.0078 0.0015)
(0.046666667 0.0079 0.0015)
(0.046666667 0.008 0.0015)
(0.046666667 0.0081 0.0015)
(0.046666667 0.0082 0.0015)
(0.046666667 0.0083 0.0015)
(0.046666667 0.0084 0.0015)
(0.046666667 0.0085 0.0015)
(0.046666667 0.0086 0.0015)
(0.046666667 0.0087 0.0015)
(0.046666667 0.0088 0.0015)
(0.046666667 0.0089 0.0015)
(0.046666667 0.009 0.0015)
(0.046666667 0.0071 0.0016)
(0.046666667 0.0072 0.0016)
(0.046666667 0.0073 0.0016)
(0.046666667 0.0074 0.0016)
(0.046666667 0.0075 0.0016)
(0.046666667 0.0076 0.0016)
(0.046666667 0.0077 0.0016)
(0.046666667 0.0078 0.0016)
(0.046666667 0.0079 0.0016)
(0.046666667 0.008 0.0016)
(0.046666667 0.0081 0.0016)
(0.046666667 0.0082 0.0016)
(0.046666667 0.0083 0.0016)
(0.046666667 0.0084 0.0016)
(0.046666667 0.0085 0.0016)
(0.046666667 0.0086 0.0016)
(0.046666667 0.0087 0.0016)
(0.046666667 0.0088 0.0016)
(0.046666667 0.0089 0.0016)
(0.046666667 0.009 0.0016)
(0.046666667 0.0071 0.0017)
(0.046666667 0.0072 0.0017)
(0.046666667 0.0073 0.0017)
(0.046666667 0.0074 0.0017)
(0.046666667 0.0075 0.0017)
(0.046666667 0.0076 0.0017)
(0.046666667 0.0077 0.0017)
(0.046666667 0.0078 0.0017)
(0.046666667 0.0079 0.0017)
(0.046666667 0.008 0.0017)
(0.046666667 0.0081 0.0017)
(0.046666667 0.0082 0.0017)
(0.046666667 0.0083 0.0017)
(0.046666667 0.0084 0.0017)
(0.046666667 0.0085 0.0017)
(0.046666667 0.0086 0.0017)
(0.046666667 0.0087 0.0017)
(0.046666667 0.0088 0.0017)
(0.046666667 0.0089 0.0017)
(0.046666667 0.009 0.0017)
(0.046666667 0.0071 0.0018)
(0.046666667 0.0072 0.0018)
(0.046666667 0.0073 0.0018)
(0.046666667 0.0074 0.0018)
(0.046666667 0.0075 0.0018)
(0.046666667 0.0076 0.0018)
(0.046666667 0.0077 0.0018)
(0.046666667 0.0078 0.0018)
(0.046666667 0.0079 0.0018)
(0.046666667 0.008 0.0018)
(0.046666667 0.0081 0.0018)
(0.046666667 0.0082 0.0018)
(0.046666667 0.0083 0.0018)
(0.046666667 0.0084 0.0018)
(0.046666667 0.0085 0.0018)
(0.046666667 0.0086 0.0018)
(0.046666667 0.0087 0.0018)
(0.046666667 0.0088 0.0018)
(0.046666667 0.0089 0.0018)
(0.046666667 0.009 0.0018)
(0.046666667 0.0071 0.0019)
(0.046666667 0.0072 0.0019)
(0.046666667 0.0073 0.0019)
(0.046666667 0.0074 0.0019)
(0.046666667 0.0075 0.0019)
(0.046666667 0.0076 0.0019)
(0.046666667 0.0077 0.0019)
(0.046666667 0.0078 0.0019)
(0.046666667 0.0079 0.0019)
(0.046666667 0.008 0.0019)
(0.046666667 0.0081 0.0019)
(0.046666667 0.0082 0.0019)
(0.046666667 0.0083 0.0019)
(0.046666667 0.0084 0.0019)
(0.046666667 0.0085 0.0019)
(0.046666667 0.0086 0.0019)
(0.046666667 0.0087 0.0019)
(0.046666667 0.0088 0.0019)
(0.046666667 0.0089 0.0019)
(0.046666667 0.009 0.0019)
(0.046666667 0.0071 0.002)
(0.046666667 0.0072 0.002)
(0.046666667 0.0073 0.002)
(0.046666667 0.0074 0.002)
(0.046666667 0.0075 0.002)
(0.046666667 0.0076 0.002)
(0.046666667 0.0077 0.002)
(0.046666667 0.0078 0.002)
(0.046666667 0.0079 0.002)
(0.046666667 0.008 0.002)
(0.046666667 0.0081 0.002)
(0.046666667 0.0082 0.002)
(0.046666667 0.0083 0.002)
(0.046666667 0.0084 0.002)
(0.046666667 0.0085 0.002)
(0.046666667 0.0086 0.002)
(0.046666667 0.0087 0.002)
(0.046666667 0.0088 0.002)
(0.046666667 0.0089 0.002)
(0.046666667 0.009 0.002)
(0.046666667 0.0071 0.0021)
(0.046666667 0.0072 0.0021)
(0.046666667 0.0073 0.0021)
(0.046666667 0.0074 0.0021)
(0.046666667 0.0075 0.0021)
(0.046666667 0.0076 0.0021)
(0.046666667 0.0077 0.0021)
(0.046666667 0.0078 0.0021)
(0.046666667 0.0079 0.0021)
(0.046666667 0.008 0.0021)
(0.046666667 0.0081 0.0021)
(0.046666667 0.0082 0.0021)
(0.046666667 0.0083 0.0021)
(0.046666667 0.0084 0.0021)
(0.046666667 0.0085 0.0021)
(0.046666667 0.0086 0.0021)
(0.046666667 0.0087 0.0021)
(0.046666667 0.0088 0.0021)
(0.046666667 0.0089 0.0021)
(0.046666667 0.009 0.0021)
(0.046666667 0.0071 0.0022)
(0.046666667 0.0072 0.0022)
(0.046666667 0.0073 0.0022)
(0.046666667 0.0074 0.0022)
(0.046666667 0.0075 0.0022)
(0.046666667 0.0076 0.0022)
(0.046666667 0.0077 0.0022)
(0.046666667 0.0078 0.0022)
(0.046666667 0.0079 0.0022)
(0.046666667 0.008 0.0022)
(0.046666667 0.0081 0.0022)
(0.046666667 0.0082 0.0022)
(0.046666667 0.0083 0.0022)
(0.046666667 0.0084 0.0022)
(0.046666667 0.0085 0.0022)
(0.046666667 0.0086 0.0022)
(0.046666667 0.0087 0.0022)
(0.046666667 0.0088 0.0022)
(0.046666667 0.0089 0.0022)
(0.046666667 0.009 0.0022)
(0.046666667 0.0071 0.0023)
(0.046666667 0.0072 0.0023)
(0.046666667 0.0073 0.0023)
(0.046666667 0.0074 0.0023)
(0.046666667 0.0075 0.0023)
(0.046666667 0.0076 0.0023)
(0.046666667 0.0077 0.0023)
(0.046666667 0.0078 0.0023)
(0.046666667 0.0079 0.0023)
(0.046666667 0.008 0.0023)
(0.046666667 0.0081 0.0023)
(0.046666667 0.0082 0.0023)
(0.046666667 0.0083 0.0023)
(0.046666667 0.0084 0.0023)
(0.046666667 0.0085 0.0023)
(0.046666667 0.0086 0.0023)
(0.046666667 0.0087 0.0023)
(0.046666667 0.0088 0.0023)
(0.046666667 0.0089 0.0023)
(0.046666667 0.009 0.0023)
(0.046666667 0.0071 0.0024)
(0.046666667 0.0072 0.0024)
(0.046666667 0.0073 0.0024)
(0.046666667 0.0074 0.0024)
(0.046666667 0.0075 0.0024)
(0.046666667 0.0076 0.0024)
(0.046666667 0.0077 0.0024)
(0.046666667 0.0078 0.0024)
(0.046666667 0.0079 0.0024)
(0.046666667 0.008 0.0024)
(0.046666667 0.0081 0.0024)
(0.046666667 0.0082 0.0024)
(0.046666667 0.0083 0.0024)
(0.046666667 0.0084 0.0024)
(0.046666667 0.0085 0.0024)
(0.046666667 0.0086 0.0024)
(0.046666667 0.0087 0.0024)
(0.046666667 0.0088 0.0024)
(0.046666667 0.0089 0.0024)
(0.046666667 0.009 0.0024)
(0.046666667 0.0071 0.0025)
(0.046666667 0.0072 0.0025)
(0.046666667 0.0073 0.0025)
(0.046666667 0.0074 0.0025)
(0.046666667 0.0075 0.0025)
(0.046666667 0.0076 0.0025)
(0.046666667 0.0077 0.0025)
(0.046666667 0.0078 0.0025)
(0.046666667 0.0079 0.0025)
(0.046666667 0.008 0.0025)
(0.046666667 0.0081 0.0025)
(0.046666667 0.0082 0.0025)
(0.046666667 0.0083 0.0025)
(0.046666667 0.0084 0.0025)
(0.046666667 0.0085 0.0025)
(0.046666667 0.0086 0.0025)
(0.046666667 0.0087 0.0025)
(0.046666667 0.0088 0.0025)
(0.046666667 0.0089 0.0025)
(0.046666667 0.009 0.0025)
(0.046666667 0.0071 0.0026)
(0.046666667 0.0072 0.0026)
(0.046666667 0.0073 0.0026)
(0.046666667 0.0074 0.0026)
(0.046666667 0.0075 0.0026)
(0.046666667 0.0076 0.0026)
(0.046666667 0.0077 0.0026)
(0.046666667 0.0078 0.0026)
(0.046666667 0.0079 0.0026)
(0.046666667 0.008 0.0026)
(0.046666667 0.0081 0.0026)
(0.046666667 0.0082 0.0026)
(0.046666667 0.0083 0.0026)
(0.046666667 0.0084 0.0026)
(0.046666667 0.0085 0.0026)
(0.046666667 0.0086 0.0026)
(0.046666667 0.0087 0.0026)
(0.046666667 0.0088 0.0026)
(0.046666667 0.0089 0.0026)
(0.046666667 0.009 0.0026)
(0.046666667 0.0071 0.0027)
(0.046666667 0.0072 0.0027)
(0.046666667 0.0073 0.0027)
(0.046666667 0.0074 0.0027)
(0.046666667 0.0075 0.0027)
(0.046666667 0.0076 0.0027)
(0.046666667 0.0077 0.0027)
(0.046666667 0.0078 0.0027)
(0.046666667 0.0079 0.0027)
(0.046666667 0.008 0.0027)
(0.046666667 0.0081 0.0027)
(0.046666667 0.0082 0.0027)
(0.046666667 0.0083 0.0027)
(0.046666667 0.0084 0.0027)
(0.046666667 0.0085 0.0027)
(0.046666667 0.0086 0.0027)
(0.046666667 0.0087 0.0027)
(0.046666667 0.0088 0.0027)
(0.046666667 0.0089 0.0027)
(0.046666667 0.009 0.0027)
(0.046666667 0.0071 0.0028)
(0.046666667 0.0072 0.0028)
(0.046666667 0.0073 0.0028)
(0.046666667 0.0074 0.0028)
(0.046666667 0.0075 0.0028)
(0.046666667 0.0076 0.0028)
(0.046666667 0.0077 0.0028)
(0.046666667 0.0078 0.0028)
(0.046666667 0.0079 0.0028)
(0.046666667 0.008 0.0028)
(0.046666667 0.0081 0.0028)
(0.046666667 0.0082 0.0028)
(0.046666667 0.0083 0.0028)
(0.046666667 0.0084 0.0028)
(0.046666667 0.0085 0.0028)
(0.046666667 0.0086 0.0028)
(0.046666667 0.0087 0.0028)
(0.046666667 0.0088 0.0028)
(0.046666667 0.0089 0.0028)
(0.046666667 0.009 0.0028)
(0.046666667 0.0071 0.0029)
(0.046666667 0.0072 0.0029)
(0.046666667 0.0073 0.0029)
(0.046666667 0.0074 0.0029)
(0.046666667 0.0075 0.0029)
(0.046666667 0.0076 0.0029)
(0.046666667 0.0077 0.0029)
(0.046666667 0.0078 0.0029)
(0.046666667 0.0079 0.0029)
(0.046666667 0.008 0.0029)
(0.046666667 0.0081 0.0029)
(0.046666667 0.0082 0.0029)
(0.046666667 0.0083 0.0029)
(0.046666667 0.0084 0.0029)
(0.046666667 0.0085 0.0029)
(0.046666667 0.0086 0.0029)
(0.046666667 0.0087 0.0029)
(0.046666667 0.0088 0.0029)
(0.046666667 0.0089 0.0029)
(0.046666667 0.009 0.0029)
(0.046666667 0.0071 0.003)
(0.046666667 0.0072 0.003)
(0.046666667 0.0073 0.003)
(0.046666667 0.0074 0.003)
(0.046666667 0.0075 0.003)
(0.046666667 0.0076 0.003)
(0.046666667 0.0077 0.003)
(0.046666667 0.0078 0.003)
(0.046666667 0.0079 0.003)
(0.046666667 0.008 0.003)
(0.046666667 0.0081 0.003)
(0.046666667 0.0082 0.003)
(0.046666667 0.0083 0.003)
(0.046666667 0.0084 0.003)
(0.046666667 0.0085 0.003)
(0.046666667 0.0086 0.003)
(0.046666667 0.0087 0.003)
(0.046666667 0.0088 0.003)
(0.046666667 0.0089 0.003)
(0.046666667 0.009 0.003)
(0.048333333 0.0071 0.0011)
(0.048333333 0.0072 0.0011)
(0.048333333 0.0073 0.0011)
(0.048333333 0.0074 0.0011)
(0.048333333 0.0075 0.0011)
(0.048333333 0.0076 0.0011)
(0.048333333 0.0077 0.0011)
(0.048333333 0.0078 0.0011)
(0.048333333 0.0079 0.0011)
(0.048333333 0.008 0.0011)
(0.048333333 0.0081 0.0011)
(0.048333333 0.0082 0.0011)
(0.048333333 0.0083 0.0011)
(0.048333333 0.0084 0.0011)
(0.048333333 0.0085 0.0011)
(0.048333333 0.0086 0.0011)
(0.048333333 0.0087 0.0011)
(0.048333333 0.0088 0.0011)
(0.048333333 0.0089 0.0011)
(0.048333333 0.009 0.0011)
(0.048333333 0.0071 0.0012)
(0.048333333 0.0072 0.0012)
(0.048333333 0.0073 0.0012)
(0.048333333 0.0074 0.0012)
(0.048333333 0.0075 0.0012)
(0.048333333 0.0076 0.0012)
(0.048333333 0.0077 0.0012)
(0.048333333 0.0078 0.0012)
(0.048333333 0.0079 0.0012)
(0.048333333 0.008 0.0012)
(0.048333333 0.0081 0.0012)
(0.048333333 0.0082 0.0012)
(0.048333333 0.0083 0.0012)
(0.048333333 0.0084 0.0012)
(0.048333333 0.0085 0.0012)
(0.048333333 0.0086 0.0012)
(0.048333333 0.0087 0.0012)
(0.048333333 0.0088 0.0012)
(0.048333333 0.0089 0.0012)
(0.048333333 0.009 0.0012)
(0.048333333 0.0071 0.0013)
(0.048333333 0.0072 0.0013)
(0.048333333 0.0073 0.0013)
(0.048333333 0.0074 0.0013)
(0.048333333 0.0075 0.0013)
(0.048333333 0.0076 0.0013)
(0.048333333 0.0077 0.0013)
(0.048333333 0.0078 0.0013)
(0.048333333 0.0079 0.0013)
(0.048333333 0.008 0.0013)
(0.048333333 0.0081 0.0013)
(0.048333333 0.0082 0.0013)
(0.048333333 0.0083 0.0013)
(0.048333333 0.0084 0.0013)
(0.048333333 0.0085 0.0013)
(0.048333333 0.0086 0.0013)
(0.048333333 0.0087 0.0013)
(0.048333333 0.0088 0.0013)
(0.048333333 0.0089 0.0013)
(0.048333333 0.009 0.0013)
(0.048333333 0.0071 0.0014)
(0.048333333 0.0072 0.0014)
(0.048333333 0.0073 0.0014)
(0.048333333 0.0074 0.0014)
(0.048333333 0.0075 0.0014)
(0.048333333 0.0076 0.0014)
(0.048333333 0.0077 0.0014)
(0.048333333 0.0078 0.0014)
(0.048333333 0.0079 0.0014)
(0.048333333 0.008 0.0014)
(0.048333333 0.0081 0.0014)
(0.048333333 0.0082 0.0014)
(0.048333333 0.0083 0.0014)
(0.048333333 0.0084 0.0014)
(0.048333333 0.0085 0.0014)
(0.048333333 0.0086 0.0014)
(0.048333333 0.0087 0.0014)
(0.048333333 0.0088 0.0014)
(0.048333333 0.0089 0.0014)
(0.048333333 0.009 0.0014)
(0.048333333 0.0071 0.0015)
(0.048333333 0.0072 0.0015)
(0.048333333 0.0073 0.0015)
(0.048333333 0.0074 0.0015)
(0.048333333 0.0075 0.0015)
(0.048333333 0.0076 0.0015)
(0.048333333 0.0077 0.0015)
(0.048333333 0.0078 0.0015)
(0.048333333 0.0079 0.0015)
(0.048333333 0.008 0.0015)
(0.048333333 0.0081 0.0015)
(0.048333333 0.0082 0.0015)
(0.048333333 0.0083 0.0015)
(0.048333333 0.0084 0.0015)
(0.048333333 0.0085 0.0015)
(0.048333333 0.0086 0.0015)
(0.048333333 0.0087 0.0015)
(0.048333333 0.0088 0.0015)
(0.048333333 0.0089 0.0015)
(0.048333333 0.009 0.0015)
(0.048333333 0.0071 0.0016)
(0.048333333 0.0072 0.0016)
(0.048333333 0.0073 0.0016)
(0.048333333 0.0074 0.0016)
(0.048333333 0.0075 0.0016)
(0.048333333 0.0076 0.0016)
(0.048333333 0.0077 0.0016)
(0.048333333 0.0078 0.0016)
(0.048333333 0.0079 0.0016)
(0.048333333 0.008 0.0016)
(0.048333333 0.0081 0.0016)
(0.048333333 0.0082 0.0016)
(0.048333333 0.0083 0.0016)
(0.048333333 0.0084 0.0016)
(0.048333333 0.0085 0.0016)
(0.048333333 0.0086 0.0016)
(0.048333333 0.0087 0.0016)
(0.048333333 0.0088 0.0016)
(0.048333333 0.0089 0.0016)
(0.048333333 0.009 0.0016)
(0.048333333 0.0071 0.0017)
(0.048333333 0.0072 0.0017)
(0.048333333 0.0073 0.0017)
(0.048333333 0.0074 0.0017)
(0.048333333 0.0075 0.0017)
(0.048333333 0.0076 0.0017)
(0.048333333 0.0077 0.0017)
(0.048333333 0.0078 0.0017)
(0.048333333 0.0079 0.0017)
(0.048333333 0.008 0.0017)
(0.048333333 0.0081 0.0017)
(0.048333333 0.0082 0.0017)
(0.048333333 0.0083 0.0017)
(0.048333333 0.0084 0.0017)
(0.048333333 0.0085 0.0017)
(0.048333333 0.0086 0.0017)
(0.048333333 0.0087 0.0017)
(0.048333333 0.0088 0.0017)
(0.048333333 0.0089 0.0017)
(0.048333333 0.009 0.0017)
(0.048333333 0.0071 0.0018)
(0.048333333 0.0072 0.0018)
(0.048333333 0.0073 0.0018)
(0.048333333 0.0074 0.0018)
(0.048333333 0.0075 0.0018)
(0.048333333 0.0076 0.0018)
(0.048333333 0.0077 0.0018)
(0.048333333 0.0078 0.0018)
(0.048333333 0.0079 0.0018)
(0.048333333 0.008 0.0018)
(0.048333333 0.0081 0.0018)
(0.048333333 0.0082 0.0018)
(0.048333333 0.0083 0.0018)
(0.048333333 0.0084 0.0018)
(0.048333333 0.0085 0.0018)
(0.048333333 0.0086 0.0018)
(0.048333333 0.0087 0.0018)
(0.048333333 0.0088 0.0018)
(0.048333333 0.0089 0.0018)
(0.048333333 0.009 0.0018)
(0.048333333 0.0071 0.0019)
(0.048333333 0.0072 0.0019)
(0.048333333 0.0073 0.0019)
(0.048333333 0.0074 0.0019)
(0.048333333 0.0075 0.0019)
(0.048333333 0.0076 0.0019)
(0.048333333 0.0077 0.0019)
(0.048333333 0.0078 0.0019)
(0.048333333 0.0079 0.0019)
(0.048333333 0.008 0.0019)
(0.048333333 0.0081 0.0019)
(0.048333333 0.0082 0.0019)
(0.048333333 0.0083 0.0019)
(0.048333333 0.0084 0.0019)
(0.048333333 0.0085 0.0019)
(0.048333333 0.0086 0.0019)
(0.048333333 0.0087 0.0019)
(0.048333333 0.0088 0.0019)
(0.048333333 0.0089 0.0019)
(0.048333333 0.009 0.0019)
(0.048333333 0.0071 0.002)
(0.048333333 0.0072 0.002)
(0.048333333 0.0073 0.002)
(0.048333333 0.0074 0.002)
(0.048333333 0.0075 0.002)
(0.048333333 0.0076 0.002)
(0.048333333 0.0077 0.002)
(0.048333333 0.0078 0.002)
(0.048333333 0.0079 0.002)
(0.048333333 0.008 0.002)
(0.048333333 0.0081 0.002)
(0.048333333 0.0082 0.002)
(0.048333333 0.0083 0.002)
(0.048333333 0.0084 0.002)
(0.048333333 0.0085 0.002)
(0.048333333 0.0086 0.002)
(0.048333333 0.0087 0.002)
(0.048333333 0.0088 0.002)
(0.048333333 0.0089 0.002)
(0.048333333 0.009 0.002)
(0.048333333 0.0071 0.0021)
(0.048333333 0.0072 0.0021)
(0.048333333 0.0073 0.0021)
(0.048333333 0.0074 0.0021)
(0.048333333 0.0075 0.0021)
(0.048333333 0.0076 0.0021)
(0.048333333 0.0077 0.0021)
(0.048333333 0.0078 0.0021)
(0.048333333 0.0079 0.0021)
(0.048333333 0.008 0.0021)
(0.048333333 0.0081 0.0021)
(0.048333333 0.0082 0.0021)
(0.048333333 0.0083 0.0021)
(0.048333333 0.0084 0.0021)
(0.048333333 0.0085 0.0021)
(0.048333333 0.0086 0.0021)
(0.048333333 0.0087 0.0021)
(0.048333333 0.0088 0.0021)
(0.048333333 0.0089 0.0021)
(0.048333333 0.009 0.0021)
(0.048333333 0.0071 0.0022)
(0.048333333 0.0072 0.0022)
(0.048333333 0.0073 0.0022)
(0.048333333 0.0074 0.0022)
(0.048333333 0.0075 0.0022)
(0.048333333 0.0076 0.0022)
(0.048333333 0.0077 0.0022)
(0.048333333 0.0078 0.0022)
(0.048333333 0.0079 0.0022)
(0.048333333 0.008 0.0022)
(0.048333333 0.0081 0.0022)
(0.048333333 0.0082 0.0022)
(0.048333333 0.0083 0.0022)
(0.048333333 0.0084 0.0022)
(0.048333333 0.0085 0.0022)
(0.048333333 0.0086 0.0022)
(0.048333333 0.0087 0.0022)
(0.048333333 0.0088 0.0022)
(0.048333333 0.0089 0.0022)
(0.048333333 0.009 0.0022)
(0.048333333 0.0071 0.0023)
(0.048333333 0.0072 0.0023)
(0.048333333 0.0073 0.0023)
(0.048333333 0.0074 0.0023)
(0.048333333 0.0075 0.0023)
(0.048333333 0.0076 0.0023)
(0.048333333 0.0077 0.0023)
(0.048333333 0.0078 0.0023)
(0.048333333 0.0079 0.0023)
(0.048333333 0.008 0.0023)
(0.048333333 0.0081 0.0023)
(0.048333333 0.0082 0.0023)
(0.048333333 0.0083 0.0023)
(0.048333333 0.0084 0.0023)
(0.048333333 0.0085 0.0023)
(0.048333333 0.0086 0.0023)
(0.048333333 0.0087 0.0023)
(0.048333333 0.0088 0.0023)
(0.048333333 0.0089 0.0023)
(0.048333333 0.009 0.0023)
(0.048333333 0.0071 0.0024)
(0.048333333 0.0072 0.0024)
(0.048333333 0.0073 0.0024)
(0.048333333 0.0074 0.0024)
(0.048333333 0.0075 0.0024)
(0.048333333 0.0076 0.0024)
(0.048333333 0.0077 0.0024)
(0.048333333 0.0078 0.0024)
(0.048333333 0.0079 0.0024)
(0.048333333 0.008 0.0024)
(0.048333333 0.0081 0.0024)
(0.048333333 0.0082 0.0024)
(0.048333333 0.0083 0.0024)
(0.048333333 0.0084 0.0024)
(0.048333333 0.0085 0.0024)
(0.048333333 0.0086 0.0024)
(0.048333333 0.0087 0.0024)
(0.048333333 0.0088 0.0024)
(0.048333333 0.0089 0.0024)
(0.048333333 0.009 0.0024)
(0.048333333 0.0071 0.0025)
(0.048333333 0.0072 0.0025)
(0.048333333 0.0073 0.0025)
(0.048333333 0.0074 0.0025)
(0.048333333 0.0075 0.0025)
(0.048333333 0.0076 0.0025)
(0.048333333 0.0077 0.0025)
(0.048333333 0.0078 0.0025)
(0.048333333 0.0079 0.0025)
(0.048333333 0.008 0.0025)
(0.048333333 0.0081 0.0025)
(0.048333333 0.0082 0.0025)
(0.048333333 0.0083 0.0025)
(0.048333333 0.0084 0.0025)
(0.048333333 0.0085 0.0025)
(0.048333333 0.0086 0.0025)
(0.048333333 0.0087 0.0025)
(0.048333333 0.0088 0.0025)
(0.048333333 0.0089 0.0025)
(0.048333333 0.009 0.0025)
(0.048333333 0.0071 0.0026)
(0.048333333 0.0072 0.0026)
(0.048333333 0.0073 0.0026)
(0.048333333 0.0074 0.0026)
(0.048333333 0.0075 0.0026)
(0.048333333 0.0076 0.0026)
(0.048333333 0.0077 0.0026)
(0.048333333 0.0078 0.0026)
(0.048333333 0.0079 0.0026)
(0.048333333 0.008 0.0026)
(0.048333333 0.0081 0.0026)
(0.048333333 0.0082 0.0026)
(0.048333333 0.0083 0.0026)
(0.048333333 0.0084 0.0026)
(0.048333333 0.0085 0.0026)
(0.048333333 0.0086 0.0026)
(0.048333333 0.0087 0.0026)
(0.048333333 0.0088 0.0026)
(0.048333333 0.0089 0.0026)
(0.048333333 0.009 0.0026)
(0.048333333 0.0071 0.0027)
(0.048333333 0.0072 0.0027)
(0.048333333 0.0073 0.0027)
(0.048333333 0.0074 0.0027)
(0.048333333 0.0075 0.0027)
(0.048333333 0.0076 0.0027)
(0.048333333 0.0077 0.0027)
(0.048333333 0.0078 0.0027)
(0.048333333 0.0079 0.0027)
(0.048333333 0.008 0.0027)
(0.048333333 0.0081 0.0027)
(0.048333333 0.0082 0.0027)
(0.048333333 0.0083 0.0027)
(0.048333333 0.0084 0.0027)
(0.048333333 0.0085 0.0027)
(0.048333333 0.0086 0.0027)
(0.048333333 0.0087 0.0027)
(0.048333333 0.0088 0.0027)
(0.048333333 0.0089 0.0027)
(0.048333333 0.009 0.0027)
(0.048333333 0.0071 0.0028)
(0.048333333 0.0072 0.0028)
(0.048333333 0.0073 0.0028)
(0.048333333 0.0074 0.0028)
(0.048333333 0.0075 0.0028)
(0.048333333 0.0076 0.0028)
(0.048333333 0.0077 0.0028)
(0.048333333 0.0078 0.0028)
(0.048333333 0.0079 0.0028)
(0.048333333 0.008 0.0028)
(0.048333333 0.0081 0.0028)
(0.048333333 0.0082 0.0028)
(0.048333333 0.0083 0.0028)
(0.048333333 0.0084 0.0028)
(0.048333333 0.0085 0.0028)
(0.048333333 0.0086 0.0028)
(0.048333333 0.0087 0.0028)
(0.048333333 0.0088 0.0028)
(0.048333333 0.0089 0.0028)
(0.048333333 0.009 0.0028)
(0.048333333 0.0071 0.0029)
(0.048333333 0.0072 0.0029)
(0.048333333 0.0073 0.0029)
(0.048333333 0.0074 0.0029)
(0.048333333 0.0075 0.0029)
(0.048333333 0.0076 0.0029)
(0.048333333 0.0077 0.0029)
(0.048333333 0.0078 0.0029)
(0.048333333 0.0079 0.0029)
(0.048333333 0.008 0.0029)
(0.048333333 0.0081 0.0029)
(0.048333333 0.0082 0.0029)
(0.048333333 0.0083 0.0029)
(0.048333333 0.0084 0.0029)
(0.048333333 0.0085 0.0029)
(0.048333333 0.0086 0.0029)
(0.048333333 0.0087 0.0029)
(0.048333333 0.0088 0.0029)
(0.048333333 0.0089 0.0029)
(0.048333333 0.009 0.0029)
(0.048333333 0.0071 0.003)
(0.048333333 0.0072 0.003)
(0.048333333 0.0073 0.003)
(0.048333333 0.0074 0.003)
(0.048333333 0.0075 0.003)
(0.048333333 0.0076 0.003)
(0.048333333 0.0077 0.003)
(0.048333333 0.0078 0.003)
(0.048333333 0.0079 0.003)
(0.048333333 0.008 0.003)
(0.048333333 0.0081 0.003)
(0.048333333 0.0082 0.003)
(0.048333333 0.0083 0.003)
(0.048333333 0.0084 0.003)
(0.048333333 0.0085 0.003)
(0.048333333 0.0086 0.003)
(0.048333333 0.0087 0.003)
(0.048333333 0.0088 0.003)
(0.048333333 0.0089 0.003)
(0.048333333 0.009 0.003)
(0.05 0.0071 0.0011)
(0.05 0.0072 0.0011)
(0.05 0.0073 0.0011)
(0.05 0.0074 0.0011)
(0.05 0.0075 0.0011)
(0.05 0.0076 0.0011)
(0.05 0.0077 0.0011)
(0.05 0.0078 0.0011)
(0.05 0.0079 0.0011)
(0.05 0.008 0.0011)
(0.05 0.0081 0.0011)
(0.05 0.0082 0.0011)
(0.05 0.0083 0.0011)
(0.05 0.0084 0.0011)
(0.05 0.0085 0.0011)
(0.05 0.0086 0.0011)
(0.05 0.0087 0.0011)
(0.05 0.0088 0.0011)
(0.05 0.0089 0.0011)
(0.05 0.009 0.0011)
(0.05 0.0071 0.0012)
(0.05 0.0072 0.0012)
(0.05 0.0073 0.0012)
(0.05 0.0074 0.0012)
(0.05 0.0075 0.0012)
(0.05 0.0076 0.0012)
(0.05 0.0077 0.0012)
(0.05 0.0078 0.0012)
(0.05 0.0079 0.0012)
(0.05 0.008 0.0012)
(0.05 0.0081 0.0012)
(0.05 0.0082 0.0012)
(0.05 0.0083 0.0012)
(0.05 0.0084 0.0012)
(0.05 0.0085 0.0012)
(0.05 0.0086 0.0012)
(0.05 0.0087 0.0012)
(0.05 0.0088 0.0012)
(0.05 0.0089 0.0012)
(0.05 0.009 0.0012)
(0.05 0.0071 0.0013)
(0.05 0.0072 0.0013)
(0.05 0.0073 0.0013)
(0.05 0.0074 0.0013)
(0.05 0.0075 0.0013)
(0.05 0.0076 0.0013)
(0.05 0.0077 0.0013)
(0.05 0.0078 0.0013)
(0.05 0.0079 0.0013)
(0.05 0.008 0.0013)
(0.05 0.0081 0.0013)
(0.05 0.0082 0.0013)
(0.05 0.0083 0.0013)
(0.05 0.0084 0.0013)
(0.05 0.0085 0.0013)
(0.05 0.0086 0.0013)
(0.05 0.0087 0.0013)
(0.05 0.0088 0.0013)
(0.05 0.0089 0.0013)
(0.05 0.009 0.0013)
(0.05 0.0071 0.0014)
(0.05 0.0072 0.0014)
(0.05 0.0073 0.0014)
(0.05 0.0074 0.0014)
(0.05 0.0075 0.0014)
(0.05 0.0076 0.0014)
(0.05 0.0077 0.0014)
(0.05 0.0078 0.0014)
(0.05 0.0079 0.0014)
(0.05 0.008 0.0014)
(0.05 0.0081 0.0014)
(0.05 0.0082 0.0014)
(0.05 0.0083 0.0014)
(0.05 0.0084 0.0014)
(0.05 0.0085 0.0014)
(0.05 0.0086 0.0014)
(0.05 0.0087 0.0014)
(0.05 0.0088 0.0014)
(0.05 0.0089 0.0014)
(0.05 0.009 0.0014)
(0.05 0.0071 0.0015)
(0.05 0.0072 0.0015)
(0.05 0.0073 0.0015)
(0.05 0.0074 0.0015)
(0.05 0.0075 0.0015)
(0.05 0.0076 0.0015)
(0.05 0.0077 0.0015)
(0.05 0.0078 0.0015)
(0.05 0.0079 0.0015)
(0.05 0.008 0.0015)
(0.05 0.0081 0.0015)
(0.05 0.0082 0.0015)
(0.05 0.0083 0.0015)
(0.05 0.0084 0.0015)
(0.05 0.0085 0.0015)
(0.05 0.0086 0.0015)
(0.05 0.0087 0.0015)
(0.05 0.0088 0.0015)
(0.05 0.0089 0.0015)
(0.05 0.009 0.0015)
(0.05 0.0071 0.0016)
(0.05 0.0072 0.0016)
(0.05 0.0073 0.0016)
(0.05 0.0074 0.0016)
(0.05 0.0075 0.0016)
(0.05 0.0076 0.0016)
(0.05 0.0077 0.0016)
(0.05 0.0078 0.0016)
(0.05 0.0079 0.0016)
(0.05 0.008 0.0016)
(0.05 0.0081 0.0016)
(0.05 0.0082 0.0016)
(0.05 0.0083 0.0016)
(0.05 0.0084 0.0016)
(0.05 0.0085 0.0016)
(0.05 0.0086 0.0016)
(0.05 0.0087 0.0016)
(0.05 0.0088 0.0016)
(0.05 0.0089 0.0016)
(0.05 0.009 0.0016)
(0.05 0.0071 0.0017)
(0.05 0.0072 0.0017)
(0.05 0.0073 0.0017)
(0.05 0.0074 0.0017)
(0.05 0.0075 0.0017)
(0.05 0.0076 0.0017)
(0.05 0.0077 0.0017)
(0.05 0.0078 0.0017)
(0.05 0.0079 0.0017)
(0.05 0.008 0.0017)
(0.05 0.0081 0.0017)
(0.05 0.0082 0.0017)
(0.05 0.0083 0.0017)
(0.05 0.0084 0.0017)
(0.05 0.0085 0.0017)
(0.05 0.0086 0.0017)
(0.05 0.0087 0.0017)
(0.05 0.0088 0.0017)
(0.05 0.0089 0.0017)
(0.05 0.009 0.0017)
(0.05 0.0071 0.0018)
(0.05 0.0072 0.0018)
(0.05 0.0073 0.0018)
(0.05 0.0074 0.0018)
(0.05 0.0075 0.0018)
(0.05 0.0076 0.0018)
(0.05 0.0077 0.0018)
(0.05 0.0078 0.0018)
(0.05 0.0079 0.0018)
(0.05 0.008 0.0018)
(0.05 0.0081 0.0018)
(0.05 0.0082 0.0018)
(0.05 0.0083 0.0018)
(0.05 0.0084 0.0018)
(0.05 0.0085 0.0018)
(0.05 0.0086 0.0018)
(0.05 0.0087 0.0018)
(0.05 0.0088 0.0018)
(0.05 0.0089 0.0018)
(0.05 0.009 0.0018)
(0.05 0.0071 0.0019)
(0.05 0.0072 0.0019)
(0.05 0.0073 0.0019)
(0.05 0.0074 0.0019)
(0.05 0.0075 0.0019)
(0.05 0.0076 0.0019)
(0.05 0.0077 0.0019)
(0.05 0.0078 0.0019)
(0.05 0.0079 0.0019)
(0.05 0.008 0.0019)
(0.05 0.0081 0.0019)
(0.05 0.0082 0.0019)
(0.05 0.0083 0.0019)
(0.05 0.0084 0.0019)
(0.05 0.0085 0.0019)
(0.05 0.0086 0.0019)
(0.05 0.0087 0.0019)
(0.05 0.0088 0.0019)
(0.05 0.0089 0.0019)
(0.05 0.009 0.0019)
(0.05 0.0071 0.002)
(0.05 0.0072 0.002)
(0.05 0.0073 0.002)
(0.05 0.0074 0.002)
(0.05 0.0075 0.002)
(0.05 0.0076 0.002)
(0.05 0.0077 0.002)
(0.05 0.0078 0.002)
(0.05 0.0079 0.002)
(0.05 0.008 0.002)
(0.05 0.0081 0.002)
(0.05 0.0082 0.002)
(0.05 0.0083 0.002)
(0.05 0.0084 0.002)
(0.05 0.0085 0.002)
(0.05 0.0086 0.002)
(0.05 0.0087 0.002)
(0.05 0.0088 0.002)
(0.05 0.0089 0.002)
(0.05 0.009 0.002)
(0.05 0.0071 0.0021)
(0.05 0.0072 0.0021)
(0.05 0.0073 0.0021)
(0.05 0.0074 0.0021)
(0.05 0.0075 0.0021)
(0.05 0.0076 0.0021)
(0.05 0.0077 0.0021)
(0.05 0.0078 0.0021)
(0.05 0.0079 0.0021)
(0.05 0.008 0.0021)
(0.05 0.0081 0.0021)
(0.05 0.0082 0.0021)
(0.05 0.0083 0.0021)
(0.05 0.0084 0.0021)
(0.05 0.0085 0.0021)
(0.05 0.0086 0.0021)
(0.05 0.0087 0.0021)
(0.05 0.0088 0.0021)
(0.05 0.0089 0.0021)
(0.05 0.009 0.0021)
(0.05 0.0071 0.0022)
(0.05 0.0072 0.0022)
(0.05 0.0073 0.0022)
(0.05 0.0074 0.0022)
(0.05 0.0075 0.0022)
(0.05 0.0076 0.0022)
(0.05 0.0077 0.0022)
(0.05 0.0078 0.0022)
(0.05 0.0079 0.0022)
(0.05 0.008 0.0022)
(0.05 0.0081 0.0022)
(0.05 0.0082 0.0022)
(0.05 0.0083 0.0022)
(0.05 0.0084 0.0022)
(0.05 0.0085 0.0022)
(0.05 0.0086 0.0022)
(0.05 0.0087 0.0022)
(0.05 0.0088 0.0022)
(0.05 0.0089 0.0022)
(0.05 0.009 0.0022)
(0.05 0.0071 0.0023)
(0.05 0.0072 0.0023)
(0.05 0.0073 0.0023)
(0.05 0.0074 0.0023)
(0.05 0.0075 0.0023)
(0.05 0.0076 0.0023)
(0.05 0.0077 0.0023)
(0.05 0.0078 0.0023)
(0.05 0.0079 0.0023)
(0.05 0.008 0.0023)
(0.05 0.0081 0.0023)
(0.05 0.0082 0.0023)
(0.05 0.0083 0.0023)
(0.05 0.0084 0.0023)
(0.05 0.0085 0.0023)
(0.05 0.0086 0.0023)
(0.05 0.0087 0.0023)
(0.05 0.0088 0.0023)
(0.05 0.0089 0.0023)
(0.05 0.009 0.0023)
(0.05 0.0071 0.0024)
(0.05 0.0072 0.0024)
(0.05 0.0073 0.0024)
(0.05 0.0074 0.0024)
(0.05 0.0075 0.0024)
(0.05 0.0076 0.0024)
(0.05 0.0077 0.0024)
(0.05 0.0078 0.0024)
(0.05 0.0079 0.0024)
(0.05 0.008 0.0024)
(0.05 0.0081 0.0024)
(0.05 0.0082 0.0024)
(0.05 0.0083 0.0024)
(0.05 0.0084 0.0024)
(0.05 0.0085 0.0024)
(0.05 0.0086 0.0024)
(0.05 0.0087 0.0024)
(0.05 0.0088 0.0024)
(0.05 0.0089 0.0024)
(0.05 0.009 0.0024)
(0.05 0.0071 0.0025)
(0.05 0.0072 0.0025)
(0.05 0.0073 0.0025)
(0.05 0.0074 0.0025)
(0.05 0.0075 0.0025)
(0.05 0.0076 0.0025)
(0.05 0.0077 0.0025)
(0.05 0.0078 0.0025)
(0.05 0.0079 0.0025)
(0.05 0.008 0.0025)
(0.05 0.0081 0.0025)
(0.05 0.0082 0.0025)
(0.05 0.0083 0.0025)
(0.05 0.0084 0.0025)
(0.05 0.0085 0.0025)
(0.05 0.0086 0.0025)
(0.05 0.0087 0.0025)
(0.05 0.0088 0.0025)
(0.05 0.0089 0.0025)
(0.05 0.009 0.0025)
(0.05 0.0071 0.0026)
(0.05 0.0072 0.0026)
(0.05 0.0073 0.0026)
(0.05 0.0074 0.0026)
(0.05 0.0075 0.0026)
(0.05 0.0076 0.0026)
(0.05 0.0077 0.0026)
(0.05 0.0078 0.0026)
(0.05 0.0079 0.0026)
(0.05 0.008 0.0026)
(0.05 0.0081 0.0026)
(0.05 0.0082 0.0026)
(0.05 0.0083 0.0026)
(0.05 0.0084 0.0026)
(0.05 0.0085 0.0026)
(0.05 0.0086 0.0026)
(0.05 0.0087 0.0026)
(0.05 0.0088 0.0026)
(0.05 0.0089 0.0026)
(0.05 0.009 0.0026)
(0.05 0.0071 0.0027)
(0.05 0.0072 0.0027)
(0.05 0.0073 0.0027)
(0.05 0.0074 0.0027)
(0.05 0.0075 0.0027)
(0.05 0.0076 0.0027)
(0.05 0.0077 0.0027)
(0.05 0.0078 0.0027)
(0.05 0.0079 0.0027)
(0.05 0.008 0.0027)
(0.05 0.0081 0.0027)
(0.05 0.0082 0.0027)
(0.05 0.0083 0.0027)
(0.05 0.0084 0.0027)
(0.05 0.0085 0.0027)
(0.05 0.0086 0.0027)
(0.05 0.0087 0.0027)
(0.05 0.0088 0.0027)
(0.05 0.0089 0.0027)
(0.05 0.009 0.0027)
(0.05 0.0071 0.0028)
(0.05 0.0072 0.0028)
(0.05 0.0073 0.0028)
(0.05 0.0074 0.0028)
(0.05 0.0075 0.0028)
(0.05 0.0076 0.0028)
(0.05 0.0077 0.0028)
(0.05 0.0078 0.0028)
(0.05 0.0079 0.0028)
(0.05 0.008 0.0028)
(0.05 0.0081 0.0028)
(0.05 0.0082 0.0028)
(0.05 0.0083 0.0028)
(0.05 0.0084 0.0028)
(0.05 0.0085 0.0028)
(0.05 0.0086 0.0028)
(0.05 0.0087 0.0028)
(0.05 0.0088 0.0028)
(0.05 0.0089 0.0028)
(0.05 0.009 0.0028)
(0.05 0.0071 0.0029)
(0.05 0.0072 0.0029)
(0.05 0.0073 0.0029)
(0.05 0.0074 0.0029)
(0.05 0.0075 0.0029)
(0.05 0.0076 0.0029)
(0.05 0.0077 0.0029)
(0.05 0.0078 0.0029)
(0.05 0.0079 0.0029)
(0.05 0.008 0.0029)
(0.05 0.0081 0.0029)
(0.05 0.0082 0.0029)
(0.05 0.0083 0.0029)
(0.05 0.0084 0.0029)
(0.05 0.0085 0.0029)
(0.05 0.0086 0.0029)
(0.05 0.0087 0.0029)
(0.05 0.0088 0.0029)
(0.05 0.0089 0.0029)
(0.05 0.009 0.0029)
(0.05 0.0071 0.003)
(0.05 0.0072 0.003)
(0.05 0.0073 0.003)
(0.05 0.0074 0.003)
(0.05 0.0075 0.003)
(0.05 0.0076 0.003)
(0.05 0.0077 0.003)
(0.05 0.0078 0.003)
(0.05 0.0079 0.003)
(0.05 0.008 0.003)
(0.05 0.0081 0.003)
(0.05 0.0082 0.003)
(0.05 0.0083 0.003)
(0.05 0.0084 0.003)
(0.05 0.0085 0.003)
(0.05 0.0086 0.003)
(0.05 0.0087 0.003)
(0.05 0.0088 0.003)
(0.05 0.0089 0.003)
(0.05 0.009 0.003)
(0.051666667 0.0071 0.0011)
(0.051666667 0.0072 0.0011)
(0.051666667 0.0073 0.0011)
(0.051666667 0.0074 0.0011)
(0.051666667 0.0075 0.0011)
(0.051666667 0.0076 0.0011)
(0.051666667 0.0077 0.0011)
(0.051666667 0.0078 0.0011)
(0.051666667 0.0079 0.0011)
(0.051666667 0.008 0.0011)
(0.051666667 0.0081 0.0011)
(0.051666667 0.0082 0.0011)
(0.051666667 0.0083 0.0011)
(0.051666667 0.0084 0.0011)
(0.051666667 0.0085 0.0011)
(0.051666667 0.0086 0.0011)
(0.051666667 0.0087 0.0011)
(0.051666667 0.0088 0.0011)
(0.051666667 0.0089 0.0011)
(0.051666667 0.009 0.0011)
(0.051666667 0.0071 0.0012)
(0.051666667 0.0072 0.0012)
(0.051666667 0.0073 0.0012)
(0.051666667 0.0074 0.0012)
(0.051666667 0.0075 0.0012)
(0.051666667 0.0076 0.0012)
(0.051666667 0.0077 0.0012)
(0.051666667 0.0078 0.0012)
(0.051666667 0.0079 0.0012)
(0.051666667 0.008 0.0012)
(0.051666667 0.0081 0.0012)
(0.051666667 0.0082 0.0012)
(0.051666667 0.0083 0.0012)
(0.051666667 0.0084 0.0012)
(0.051666667 0.0085 0.0012)
(0.051666667 0.0086 0.0012)
(0.051666667 0.0087 0.0012)
(0.051666667 0.0088 0.0012)
(0.051666667 0.0089 0.0012)
(0.051666667 0.009 0.0012)
(0.051666667 0.0071 0.0013)
(0.051666667 0.0072 0.0013)
(0.051666667 0.0073 0.0013)
(0.051666667 0.0074 0.0013)
(0.051666667 0.0075 0.0013)
(0.051666667 0.0076 0.0013)
(0.051666667 0.0077 0.0013)
(0.051666667 0.0078 0.0013)
(0.051666667 0.0079 0.0013)
(0.051666667 0.008 0.0013)
(0.051666667 0.0081 0.0013)
(0.051666667 0.0082 0.0013)
(0.051666667 0.0083 0.0013)
(0.051666667 0.0084 0.0013)
(0.051666667 0.0085 0.0013)
(0.051666667 0.0086 0.0013)
(0.051666667 0.0087 0.0013)
(0.051666667 0.0088 0.0013)
(0.051666667 0.0089 0.0013)
(0.051666667 0.009 0.0013)
(0.051666667 0.0071 0.0014)
(0.051666667 0.0072 0.0014)
(0.051666667 0.0073 0.0014)
(0.051666667 0.0074 0.0014)
(0.051666667 0.0075 0.0014)
(0.051666667 0.0076 0.0014)
(0.051666667 0.0077 0.0014)
(0.051666667 0.0078 0.0014)
(0.051666667 0.0079 0.0014)
(0.051666667 0.008 0.0014)
(0.051666667 0.0081 0.0014)
(0.051666667 0.0082 0.0014)
(0.051666667 0.0083 0.0014)
(0.051666667 0.0084 0.0014)
(0.051666667 0.0085 0.0014)
(0.051666667 0.0086 0.0014)
(0.051666667 0.0087 0.0014)
(0.051666667 0.0088 0.0014)
(0.051666667 0.0089 0.0014)
(0.051666667 0.009 0.0014)
(0.051666667 0.0071 0.0015)
(0.051666667 0.0072 0.0015)
(0.051666667 0.0073 0.0015)
(0.051666667 0.0074 0.0015)
(0.051666667 0.0075 0.0015)
(0.051666667 0.0076 0.0015)
(0.051666667 0.0077 0.0015)
(0.051666667 0.0078 0.0015)
(0.051666667 0.0079 0.0015)
(0.051666667 0.008 0.0015)
(0.051666667 0.0081 0.0015)
(0.051666667 0.0082 0.0015)
(0.051666667 0.0083 0.0015)
(0.051666667 0.0084 0.0015)
(0.051666667 0.0085 0.0015)
(0.051666667 0.0086 0.0015)
(0.051666667 0.0087 0.0015)
(0.051666667 0.0088 0.0015)
(0.051666667 0.0089 0.0015)
(0.051666667 0.009 0.0015)
(0.051666667 0.0071 0.0016)
(0.051666667 0.0072 0.0016)
(0.051666667 0.0073 0.0016)
(0.051666667 0.0074 0.0016)
(0.051666667 0.0075 0.0016)
(0.051666667 0.0076 0.0016)
(0.051666667 0.0077 0.0016)
(0.051666667 0.0078 0.0016)
(0.051666667 0.0079 0.0016)
(0.051666667 0.008 0.0016)
(0.051666667 0.0081 0.0016)
(0.051666667 0.0082 0.0016)
(0.051666667 0.0083 0.0016)
(0.051666667 0.0084 0.0016)
(0.051666667 0.0085 0.0016)
(0.051666667 0.0086 0.0016)
(0.051666667 0.0087 0.0016)
(0.051666667 0.0088 0.0016)
(0.051666667 0.0089 0.0016)
(0.051666667 0.009 0.0016)
(0.051666667 0.0071 0.0017)
(0.051666667 0.0072 0.0017)
(0.051666667 0.0073 0.0017)
(0.051666667 0.0074 0.0017)
(0.051666667 0.0075 0.0017)
(0.051666667 0.0076 0.0017)
(0.051666667 0.0077 0.0017)
(0.051666667 0.0078 0.0017)
(0.051666667 0.0079 0.0017)
(0.051666667 0.008 0.0017)
(0.051666667 0.0081 0.0017)
(0.051666667 0.0082 0.0017)
(0.051666667 0.0083 0.0017)
(0.051666667 0.0084 0.0017)
(0.051666667 0.0085 0.0017)
(0.051666667 0.0086 0.0017)
(0.051666667 0.0087 0.0017)
(0.051666667 0.0088 0.0017)
(0.051666667 0.0089 0.0017)
(0.051666667 0.009 0.0017)
(0.051666667 0.0071 0.0018)
(0.051666667 0.0072 0.0018)
(0.051666667 0.0073 0.0018)
(0.051666667 0.0074 0.0018)
(0.051666667 0.0075 0.0018)
(0.051666667 0.0076 0.0018)
(0.051666667 0.0077 0.0018)
(0.051666667 0.0078 0.0018)
(0.051666667 0.0079 0.0018)
(0.051666667 0.008 0.0018)
(0.051666667 0.0081 0.0018)
(0.051666667 0.0082 0.0018)
(0.051666667 0.0083 0.0018)
(0.051666667 0.0084 0.0018)
(0.051666667 0.0085 0.0018)
(0.051666667 0.0086 0.0018)
(0.051666667 0.0087 0.0018)
(0.051666667 0.0088 0.0018)
(0.051666667 0.0089 0.0018)
(0.051666667 0.009 0.0018)
(0.051666667 0.0071 0.0019)
(0.051666667 0.0072 0.0019)
(0.051666667 0.0073 0.0019)
(0.051666667 0.0074 0.0019)
(0.051666667 0.0075 0.0019)
(0.051666667 0.0076 0.0019)
(0.051666667 0.0077 0.0019)
(0.051666667 0.0078 0.0019)
(0.051666667 0.0079 0.0019)
(0.051666667 0.008 0.0019)
(0.051666667 0.0081 0.0019)
(0.051666667 0.0082 0.0019)
(0.051666667 0.0083 0.0019)
(0.051666667 0.0084 0.0019)
(0.051666667 0.0085 0.0019)
(0.051666667 0.0086 0.0019)
(0.051666667 0.0087 0.0019)
(0.051666667 0.0088 0.0019)
(0.051666667 0.0089 0.0019)
(0.051666667 0.009 0.0019)
(0.051666667 0.0071 0.002)
(0.051666667 0.0072 0.002)
(0.051666667 0.0073 0.002)
(0.051666667 0.0074 0.002)
(0.051666667 0.0075 0.002)
(0.051666667 0.0076 0.002)
(0.051666667 0.0077 0.002)
(0.051666667 0.0078 0.002)
(0.051666667 0.0079 0.002)
(0.051666667 0.008 0.002)
(0.051666667 0.0081 0.002)
(0.051666667 0.0082 0.002)
(0.051666667 0.0083 0.002)
(0.051666667 0.0084 0.002)
(0.051666667 0.0085 0.002)
(0.051666667 0.0086 0.002)
(0.051666667 0.0087 0.002)
(0.051666667 0.0088 0.002)
(0.051666667 0.0089 0.002)
(0.051666667 0.009 0.002)
(0.051666667 0.0071 0.0021)
(0.051666667 0.0072 0.0021)
(0.051666667 0.0073 0.0021)
(0.051666667 0.0074 0.0021)
(0.051666667 0.0075 0.0021)
(0.051666667 0.0076 0.0021)
(0.051666667 0.0077 0.0021)
(0.051666667 0.0078 0.0021)
(0.051666667 0.0079 0.0021)
(0.051666667 0.008 0.0021)
(0.051666667 0.0081 0.0021)
(0.051666667 0.0082 0.0021)
(0.051666667 0.0083 0.0021)
(0.051666667 0.0084 0.0021)
(0.051666667 0.0085 0.0021)
(0.051666667 0.0086 0.0021)
(0.051666667 0.0087 0.0021)
(0.051666667 0.0088 0.0021)
(0.051666667 0.0089 0.0021)
(0.051666667 0.009 0.0021)
(0.051666667 0.0071 0.0022)
(0.051666667 0.0072 0.0022)
(0.051666667 0.0073 0.0022)
(0.051666667 0.0074 0.0022)
(0.051666667 0.0075 0.0022)
(0.051666667 0.0076 0.0022)
(0.051666667 0.0077 0.0022)
(0.051666667 0.0078 0.0022)
(0.051666667 0.0079 0.0022)
(0.051666667 0.008 0.0022)
(0.051666667 0.0081 0.0022)
(0.051666667 0.0082 0.0022)
(0.051666667 0.0083 0.0022)
(0.051666667 0.0084 0.0022)
(0.051666667 0.0085 0.0022)
(0.051666667 0.0086 0.0022)
(0.051666667 0.0087 0.0022)
(0.051666667 0.0088 0.0022)
(0.051666667 0.0089 0.0022)
(0.051666667 0.009 0.0022)
(0.051666667 0.0071 0.0023)
(0.051666667 0.0072 0.0023)
(0.051666667 0.0073 0.0023)
(0.051666667 0.0074 0.0023)
(0.051666667 0.0075 0.0023)
(0.051666667 0.0076 0.0023)
(0.051666667 0.0077 0.0023)
(0.051666667 0.0078 0.0023)
(0.051666667 0.0079 0.0023)
(0.051666667 0.008 0.0023)
(0.051666667 0.0081 0.0023)
(0.051666667 0.0082 0.0023)
(0.051666667 0.0083 0.0023)
(0.051666667 0.0084 0.0023)
(0.051666667 0.0085 0.0023)
(0.051666667 0.0086 0.0023)
(0.051666667 0.0087 0.0023)
(0.051666667 0.0088 0.0023)
(0.051666667 0.0089 0.0023)
(0.051666667 0.009 0.0023)
(0.051666667 0.0071 0.0024)
(0.051666667 0.0072 0.0024)
(0.051666667 0.0073 0.0024)
(0.051666667 0.0074 0.0024)
(0.051666667 0.0075 0.0024)
(0.051666667 0.0076 0.0024)
(0.051666667 0.0077 0.0024)
(0.051666667 0.0078 0.0024)
(0.051666667 0.0079 0.0024)
(0.051666667 0.008 0.0024)
(0.051666667 0.0081 0.0024)
(0.051666667 0.0082 0.0024)
(0.051666667 0.0083 0.0024)
(0.051666667 0.0084 0.0024)
(0.051666667 0.0085 0.0024)
(0.051666667 0.0086 0.0024)
(0.051666667 0.0087 0.0024)
(0.051666667 0.0088 0.0024)
(0.051666667 0.0089 0.0024)
(0.051666667 0.009 0.0024)
(0.051666667 0.0071 0.0025)
(0.051666667 0.0072 0.0025)
(0.051666667 0.0073 0.0025)
(0.051666667 0.0074 0.0025)
(0.051666667 0.0075 0.0025)
(0.051666667 0.0076 0.0025)
(0.051666667 0.0077 0.0025)
(0.051666667 0.0078 0.0025)
(0.051666667 0.0079 0.0025)
(0.051666667 0.008 0.0025)
(0.051666667 0.0081 0.0025)
(0.051666667 0.0082 0.0025)
(0.051666667 0.0083 0.0025)
(0.051666667 0.0084 0.0025)
(0.051666667 0.0085 0.0025)
(0.051666667 0.0086 0.0025)
(0.051666667 0.0087 0.0025)
(0.051666667 0.0088 0.0025)
(0.051666667 0.0089 0.0025)
(0.051666667 0.009 0.0025)
(0.051666667 0.0071 0.0026)
(0.051666667 0.0072 0.0026)
(0.051666667 0.0073 0.0026)
(0.051666667 0.0074 0.0026)
(0.051666667 0.0075 0.0026)
(0.051666667 0.0076 0.0026)
(0.051666667 0.0077 0.0026)
(0.051666667 0.0078 0.0026)
(0.051666667 0.0079 0.0026)
(0.051666667 0.008 0.0026)
(0.051666667 0.0081 0.0026)
(0.051666667 0.0082 0.0026)
(0.051666667 0.0083 0.0026)
(0.051666667 0.0084 0.0026)
(0.051666667 0.0085 0.0026)
(0.051666667 0.0086 0.0026)
(0.051666667 0.0087 0.0026)
(0.051666667 0.0088 0.0026)
(0.051666667 0.0089 0.0026)
(0.051666667 0.009 0.0026)
(0.051666667 0.0071 0.0027)
(0.051666667 0.0072 0.0027)
(0.051666667 0.0073 0.0027)
(0.051666667 0.0074 0.0027)
(0.051666667 0.0075 0.0027)
(0.051666667 0.0076 0.0027)
(0.051666667 0.0077 0.0027)
(0.051666667 0.0078 0.0027)
(0.051666667 0.0079 0.0027)
(0.051666667 0.008 0.0027)
(0.051666667 0.0081 0.0027)
(0.051666667 0.0082 0.0027)
(0.051666667 0.0083 0.0027)
(0.051666667 0.0084 0.0027)
(0.051666667 0.0085 0.0027)
(0.051666667 0.0086 0.0027)
(0.051666667 0.0087 0.0027)
(0.051666667 0.0088 0.0027)
(0.051666667 0.0089 0.0027)
(0.051666667 0.009 0.0027)
(0.051666667 0.0071 0.0028)
(0.051666667 0.0072 0.0028)
(0.051666667 0.0073 0.0028)
(0.051666667 0.0074 0.0028)
(0.051666667 0.0075 0.0028)
(0.051666667 0.0076 0.0028)
(0.051666667 0.0077 0.0028)
(0.051666667 0.0078 0.0028)
(0.051666667 0.0079 0.0028)
(0.051666667 0.008 0.0028)
(0.051666667 0.0081 0.0028)
(0.051666667 0.0082 0.0028)
(0.051666667 0.0083 0.0028)
(0.051666667 0.0084 0.0028)
(0.051666667 0.0085 0.0028)
(0.051666667 0.0086 0.0028)
(0.051666667 0.0087 0.0028)
(0.051666667 0.0088 0.0028)
(0.051666667 0.0089 0.0028)
(0.051666667 0.009 0.0028)
(0.051666667 0.0071 0.0029)
(0.051666667 0.0072 0.0029)
(0.051666667 0.0073 0.0029)
(0.051666667 0.0074 0.0029)
(0.051666667 0.0075 0.0029)
(0.051666667 0.0076 0.0029)
(0.051666667 0.0077 0.0029)
(0.051666667 0.0078 0.0029)
(0.051666667 0.0079 0.0029)
(0.051666667 0.008 0.0029)
(0.051666667 0.0081 0.0029)
(0.051666667 0.0082 0.0029)
(0.051666667 0.0083 0.0029)
(0.051666667 0.0084 0.0029)
(0.051666667 0.0085 0.0029)
(0.051666667 0.0086 0.0029)
(0.051666667 0.0087 0.0029)
(0.051666667 0.0088 0.0029)
(0.051666667 0.0089 0.0029)
(0.051666667 0.009 0.0029)
(0.051666667 0.0071 0.003)
(0.051666667 0.0072 0.003)
(0.051666667 0.0073 0.003)
(0.051666667 0.0074 0.003)
(0.051666667 0.0075 0.003)
(0.051666667 0.0076 0.003)
(0.051666667 0.0077 0.003)
(0.051666667 0.0078 0.003)
(0.051666667 0.0079 0.003)
(0.051666667 0.008 0.003)
(0.051666667 0.0081 0.003)
(0.051666667 0.0082 0.003)
(0.051666667 0.0083 0.003)
(0.051666667 0.0084 0.003)
(0.051666667 0.0085 0.003)
(0.051666667 0.0086 0.003)
(0.051666667 0.0087 0.003)
(0.051666667 0.0088 0.003)
(0.051666667 0.0089 0.003)
(0.051666667 0.009 0.003)
(0.053333333 0.0071 0.0011)
(0.053333333 0.0072 0.0011)
(0.053333333 0.0073 0.0011)
(0.053333333 0.0074 0.0011)
(0.053333333 0.0075 0.0011)
(0.053333333 0.0076 0.0011)
(0.053333333 0.0077 0.0011)
(0.053333333 0.0078 0.0011)
(0.053333333 0.0079 0.0011)
(0.053333333 0.008 0.0011)
(0.053333333 0.0081 0.0011)
(0.053333333 0.0082 0.0011)
(0.053333333 0.0083 0.0011)
(0.053333333 0.0084 0.0011)
(0.053333333 0.0085 0.0011)
(0.053333333 0.0086 0.0011)
(0.053333333 0.0087 0.0011)
(0.053333333 0.0088 0.0011)
(0.053333333 0.0089 0.0011)
(0.053333333 0.009 0.0011)
(0.053333333 0.0071 0.0012)
(0.053333333 0.0072 0.0012)
(0.053333333 0.0073 0.0012)
(0.053333333 0.0074 0.0012)
(0.053333333 0.0075 0.0012)
(0.053333333 0.0076 0.0012)
(0.053333333 0.0077 0.0012)
(0.053333333 0.0078 0.0012)
(0.053333333 0.0079 0.0012)
(0.053333333 0.008 0.0012)
(0.053333333 0.0081 0.0012)
(0.053333333 0.0082 0.0012)
(0.053333333 0.0083 0.0012)
(0.053333333 0.0084 0.0012)
(0.053333333 0.0085 0.0012)
(0.053333333 0.0086 0.0012)
(0.053333333 0.0087 0.0012)
(0.053333333 0.0088 0.0012)
(0.053333333 0.0089 0.0012)
(0.053333333 0.009 0.0012)
(0.053333333 0.0071 0.0013)
(0.053333333 0.0072 0.0013)
(0.053333333 0.0073 0.0013)
(0.053333333 0.0074 0.0013)
(0.053333333 0.0075 0.0013)
(0.053333333 0.0076 0.0013)
(0.053333333 0.0077 0.0013)
(0.053333333 0.0078 0.0013)
(0.053333333 0.0079 0.0013)
(0.053333333 0.008 0.0013)
(0.053333333 0.0081 0.0013)
(0.053333333 0.0082 0.0013)
(0.053333333 0.0083 0.0013)
(0.053333333 0.0084 0.0013)
(0.053333333 0.0085 0.0013)
(0.053333333 0.0086 0.0013)
(0.053333333 0.0087 0.0013)
(0.053333333 0.0088 0.0013)
(0.053333333 0.0089 0.0013)
(0.053333333 0.009 0.0013)
(0.053333333 0.0071 0.0014)
(0.053333333 0.0072 0.0014)
(0.053333333 0.0073 0.0014)
(0.053333333 0.0074 0.0014)
(0.053333333 0.0075 0.0014)
(0.053333333 0.0076 0.0014)
(0.053333333 0.0077 0.0014)
(0.053333333 0.0078 0.0014)
(0.053333333 0.0079 0.0014)
(0.053333333 0.008 0.0014)
(0.053333333 0.0081 0.0014)
(0.053333333 0.0082 0.0014)
(0.053333333 0.0083 0.0014)
(0.053333333 0.0084 0.0014)
(0.053333333 0.0085 0.0014)
(0.053333333 0.0086 0.0014)
(0.053333333 0.0087 0.0014)
(0.053333333 0.0088 0.0014)
(0.053333333 0.0089 0.0014)
(0.053333333 0.009 0.0014)
(0.053333333 0.0071 0.0015)
(0.053333333 0.0072 0.0015)
(0.053333333 0.0073 0.0015)
(0.053333333 0.0074 0.0015)
(0.053333333 0.0075 0.0015)
(0.053333333 0.0076 0.0015)
(0.053333333 0.0077 0.0015)
(0.053333333 0.0078 0.0015)
(0.053333333 0.0079 0.0015)
(0.053333333 0.008 0.0015)
(0.053333333 0.0081 0.0015)
(0.053333333 0.0082 0.0015)
(0.053333333 0.0083 0.0015)
(0.053333333 0.0084 0.0015)
(0.053333333 0.0085 0.0015)
(0.053333333 0.0086 0.0015)
(0.053333333 0.0087 0.0015)
(0.053333333 0.0088 0.0015)
(0.053333333 0.0089 0.0015)
(0.053333333 0.009 0.0015)
(0.053333333 0.0071 0.0016)
(0.053333333 0.0072 0.0016)
(0.053333333 0.0073 0.0016)
(0.053333333 0.0074 0.0016)
(0.053333333 0.0075 0.0016)
(0.053333333 0.0076 0.0016)
(0.053333333 0.0077 0.0016)
(0.053333333 0.0078 0.0016)
(0.053333333 0.0079 0.0016)
(0.053333333 0.008 0.0016)
(0.053333333 0.0081 0.0016)
(0.053333333 0.0082 0.0016)
(0.053333333 0.0083 0.0016)
(0.053333333 0.0084 0.0016)
(0.053333333 0.0085 0.0016)
(0.053333333 0.0086 0.0016)
(0.053333333 0.0087 0.0016)
(0.053333333 0.0088 0.0016)
(0.053333333 0.0089 0.0016)
(0.053333333 0.009 0.0016)
(0.053333333 0.0071 0.0017)
(0.053333333 0.0072 0.0017)
(0.053333333 0.0073 0.0017)
(0.053333333 0.0074 0.0017)
(0.053333333 0.0075 0.0017)
(0.053333333 0.0076 0.0017)
(0.053333333 0.0077 0.0017)
(0.053333333 0.0078 0.0017)
(0.053333333 0.0079 0.0017)
(0.053333333 0.008 0.0017)
(0.053333333 0.0081 0.0017)
(0.053333333 0.0082 0.0017)
(0.053333333 0.0083 0.0017)
(0.053333333 0.0084 0.0017)
(0.053333333 0.0085 0.0017)
(0.053333333 0.0086 0.0017)
(0.053333333 0.0087 0.0017)
(0.053333333 0.0088 0.0017)
(0.053333333 0.0089 0.0017)
(0.053333333 0.009 0.0017)
(0.053333333 0.0071 0.0018)
(0.053333333 0.0072 0.0018)
(0.053333333 0.0073 0.0018)
(0.053333333 0.0074 0.0018)
(0.053333333 0.0075 0.0018)
(0.053333333 0.0076 0.0018)
(0.053333333 0.0077 0.0018)
(0.053333333 0.0078 0.0018)
(0.053333333 0.0079 0.0018)
(0.053333333 0.008 0.0018)
(0.053333333 0.0081 0.0018)
(0.053333333 0.0082 0.0018)
(0.053333333 0.0083 0.0018)
(0.053333333 0.0084 0.0018)
(0.053333333 0.0085 0.0018)
(0.053333333 0.0086 0.0018)
(0.053333333 0.0087 0.0018)
(0.053333333 0.0088 0.0018)
(0.053333333 0.0089 0.0018)
(0.053333333 0.009 0.0018)
(0.053333333 0.0071 0.0019)
(0.053333333 0.0072 0.0019)
(0.053333333 0.0073 0.0019)
(0.053333333 0.0074 0.0019)
(0.053333333 0.0075 0.0019)
(0.053333333 0.0076 0.0019)
(0.053333333 0.0077 0.0019)
(0.053333333 0.0078 0.0019)
(0.053333333 0.0079 0.0019)
(0.053333333 0.008 0.0019)
(0.053333333 0.0081 0.0019)
(0.053333333 0.0082 0.0019)
(0.053333333 0.0083 0.0019)
(0.053333333 0.0084 0.0019)
(0.053333333 0.0085 0.0019)
(0.053333333 0.0086 0.0019)
(0.053333333 0.0087 0.0019)
(0.053333333 0.0088 0.0019)
(0.053333333 0.0089 0.0019)
(0.053333333 0.009 0.0019)
(0.053333333 0.0071 0.002)
(0.053333333 0.0072 0.002)
(0.053333333 0.0073 0.002)
(0.053333333 0.0074 0.002)
(0.053333333 0.0075 0.002)
(0.053333333 0.0076 0.002)
(0.053333333 0.0077 0.002)
(0.053333333 0.0078 0.002)
(0.053333333 0.0079 0.002)
(0.053333333 0.008 0.002)
(0.053333333 0.0081 0.002)
(0.053333333 0.0082 0.002)
(0.053333333 0.0083 0.002)
(0.053333333 0.0084 0.002)
(0.053333333 0.0085 0.002)
(0.053333333 0.0086 0.002)
(0.053333333 0.0087 0.002)
(0.053333333 0.0088 0.002)
(0.053333333 0.0089 0.002)
(0.053333333 0.009 0.002)
(0.053333333 0.0071 0.0021)
(0.053333333 0.0072 0.0021)
(0.053333333 0.0073 0.0021)
(0.053333333 0.0074 0.0021)
(0.053333333 0.0075 0.0021)
(0.053333333 0.0076 0.0021)
(0.053333333 0.0077 0.0021)
(0.053333333 0.0078 0.0021)
(0.053333333 0.0079 0.0021)
(0.053333333 0.008 0.0021)
(0.053333333 0.0081 0.0021)
(0.053333333 0.0082 0.0021)
(0.053333333 0.0083 0.0021)
(0.053333333 0.0084 0.0021)
(0.053333333 0.0085 0.0021)
(0.053333333 0.0086 0.0021)
(0.053333333 0.0087 0.0021)
(0.053333333 0.0088 0.0021)
(0.053333333 0.0089 0.0021)
(0.053333333 0.009 0.0021)
(0.053333333 0.0071 0.0022)
(0.053333333 0.0072 0.0022)
(0.053333333 0.0073 0.0022)
(0.053333333 0.0074 0.0022)
(0.053333333 0.0075 0.0022)
(0.053333333 0.0076 0.0022)
(0.053333333 0.0077 0.0022)
(0.053333333 0.0078 0.0022)
(0.053333333 0.0079 0.0022)
(0.053333333 0.008 0.0022)
(0.053333333 0.0081 0.0022)
(0.053333333 0.0082 0.0022)
(0.053333333 0.0083 0.0022)
(0.053333333 0.0084 0.0022)
(0.053333333 0.0085 0.0022)
(0.053333333 0.0086 0.0022)
(0.053333333 0.0087 0.0022)
(0.053333333 0.0088 0.0022)
(0.053333333 0.0089 0.0022)
(0.053333333 0.009 0.0022)
(0.053333333 0.0071 0.0023)
(0.053333333 0.0072 0.0023)
(0.053333333 0.0073 0.0023)
(0.053333333 0.0074 0.0023)
(0.053333333 0.0075 0.0023)
(0.053333333 0.0076 0.0023)
(0.053333333 0.0077 0.0023)
(0.053333333 0.0078 0.0023)
(0.053333333 0.0079 0.0023)
(0.053333333 0.008 0.0023)
(0.053333333 0.0081 0.0023)
(0.053333333 0.0082 0.0023)
(0.053333333 0.0083 0.0023)
(0.053333333 0.0084 0.0023)
(0.053333333 0.0085 0.0023)
(0.053333333 0.0086 0.0023)
(0.053333333 0.0087 0.0023)
(0.053333333 0.0088 0.0023)
(0.053333333 0.0089 0.0023)
(0.053333333 0.009 0.0023)
(0.053333333 0.0071 0.0024)
(0.053333333 0.0072 0.0024)
(0.053333333 0.0073 0.0024)
(0.053333333 0.0074 0.0024)
(0.053333333 0.0075 0.0024)
(0.053333333 0.0076 0.0024)
(0.053333333 0.0077 0.0024)
(0.053333333 0.0078 0.0024)
(0.053333333 0.0079 0.0024)
(0.053333333 0.008 0.0024)
(0.053333333 0.0081 0.0024)
(0.053333333 0.0082 0.0024)
(0.053333333 0.0083 0.0024)
(0.053333333 0.0084 0.0024)
(0.053333333 0.0085 0.0024)
(0.053333333 0.0086 0.0024)
(0.053333333 0.0087 0.0024)
(0.053333333 0.0088 0.0024)
(0.053333333 0.0089 0.0024)
(0.053333333 0.009 0.0024)
(0.053333333 0.0071 0.0025)
(0.053333333 0.0072 0.0025)
(0.053333333 0.0073 0.0025)
(0.053333333 0.0074 0.0025)
(0.053333333 0.0075 0.0025)
(0.053333333 0.0076 0.0025)
(0.053333333 0.0077 0.0025)
(0.053333333 0.0078 0.0025)
(0.053333333 0.0079 0.0025)
(0.053333333 0.008 0.0025)
(0.053333333 0.0081 0.0025)
(0.053333333 0.0082 0.0025)
(0.053333333 0.0083 0.0025)
(0.053333333 0.0084 0.0025)
(0.053333333 0.0085 0.0025)
(0.053333333 0.0086 0.0025)
(0.053333333 0.0087 0.0025)
(0.053333333 0.0088 0.0025)
(0.053333333 0.0089 0.0025)
(0.053333333 0.009 0.0025)
(0.053333333 0.0071 0.0026)
(0.053333333 0.0072 0.0026)
(0.053333333 0.0073 0.0026)
(0.053333333 0.0074 0.0026)
(0.053333333 0.0075 0.0026)
(0.053333333 0.0076 0.0026)
(0.053333333 0.0077 0.0026)
(0.053333333 0.0078 0.0026)
(0.053333333 0.0079 0.0026)
(0.053333333 0.008 0.0026)
(0.053333333 0.0081 0.0026)
(0.053333333 0.0082 0.0026)
(0.053333333 0.0083 0.0026)
(0.053333333 0.0084 0.0026)
(0.053333333 0.0085 0.0026)
(0.053333333 0.0086 0.0026)
(0.053333333 0.0087 0.0026)
(0.053333333 0.0088 0.0026)
(0.053333333 0.0089 0.0026)
(0.053333333 0.009 0.0026)
(0.053333333 0.0071 0.0027)
(0.053333333 0.0072 0.0027)
(0.053333333 0.0073 0.0027)
(0.053333333 0.0074 0.0027)
(0.053333333 0.0075 0.0027)
(0.053333333 0.0076 0.0027)
(0.053333333 0.0077 0.0027)
(0.053333333 0.0078 0.0027)
(0.053333333 0.0079 0.0027)
(0.053333333 0.008 0.0027)
(0.053333333 0.0081 0.0027)
(0.053333333 0.0082 0.0027)
(0.053333333 0.0083 0.0027)
(0.053333333 0.0084 0.0027)
(0.053333333 0.0085 0.0027)
(0.053333333 0.0086 0.0027)
(0.053333333 0.0087 0.0027)
(0.053333333 0.0088 0.0027)
(0.053333333 0.0089 0.0027)
(0.053333333 0.009 0.0027)
(0.053333333 0.0071 0.0028)
(0.053333333 0.0072 0.0028)
(0.053333333 0.0073 0.0028)
(0.053333333 0.0074 0.0028)
(0.053333333 0.0075 0.0028)
(0.053333333 0.0076 0.0028)
(0.053333333 0.0077 0.0028)
(0.053333333 0.0078 0.0028)
(0.053333333 0.0079 0.0028)
(0.053333333 0.008 0.0028)
(0.053333333 0.0081 0.0028)
(0.053333333 0.0082 0.0028)
(0.053333333 0.0083 0.0028)
(0.053333333 0.0084 0.0028)
(0.053333333 0.0085 0.0028)
(0.053333333 0.0086 0.0028)
(0.053333333 0.0087 0.0028)
(0.053333333 0.0088 0.0028)
(0.053333333 0.0089 0.0028)
(0.053333333 0.009 0.0028)
(0.053333333 0.0071 0.0029)
(0.053333333 0.0072 0.0029)
(0.053333333 0.0073 0.0029)
(0.053333333 0.0074 0.0029)
(0.053333333 0.0075 0.0029)
(0.053333333 0.0076 0.0029)
(0.053333333 0.0077 0.0029)
(0.053333333 0.0078 0.0029)
(0.053333333 0.0079 0.0029)
(0.053333333 0.008 0.0029)
(0.053333333 0.0081 0.0029)
(0.053333333 0.0082 0.0029)
(0.053333333 0.0083 0.0029)
(0.053333333 0.0084 0.0029)
(0.053333333 0.0085 0.0029)
(0.053333333 0.0086 0.0029)
(0.053333333 0.0087 0.0029)
(0.053333333 0.0088 0.0029)
(0.053333333 0.0089 0.0029)
(0.053333333 0.009 0.0029)
(0.053333333 0.0071 0.003)
(0.053333333 0.0072 0.003)
(0.053333333 0.0073 0.003)
(0.053333333 0.0074 0.003)
(0.053333333 0.0075 0.003)
(0.053333333 0.0076 0.003)
(0.053333333 0.0077 0.003)
(0.053333333 0.0078 0.003)
(0.053333333 0.0079 0.003)
(0.053333333 0.008 0.003)
(0.053333333 0.0081 0.003)
(0.053333333 0.0082 0.003)
(0.053333333 0.0083 0.003)
(0.053333333 0.0084 0.003)
(0.053333333 0.0085 0.003)
(0.053333333 0.0086 0.003)
(0.053333333 0.0087 0.003)
(0.053333333 0.0088 0.003)
(0.053333333 0.0089 0.003)
(0.053333333 0.009 0.003)
(0.055 0.0071 0.0011)
(0.055 0.0072 0.0011)
(0.055 0.0073 0.0011)
(0.055 0.0074 0.0011)
(0.055 0.0075 0.0011)
(0.055 0.0076 0.0011)
(0.055 0.0077 0.0011)
(0.055 0.0078 0.0011)
(0.055 0.0079 0.0011)
(0.055 0.008 0.0011)
(0.055 0.0081 0.0011)
(0.055 0.0082 0.0011)
(0.055 0.0083 0.0011)
(0.055 0.0084 0.0011)
(0.055 0.0085 0.0011)
(0.055 0.0086 0.0011)
(0.055 0.0087 0.0011)
(0.055 0.0088 0.0011)
(0.055 0.0089 0.0011)
(0.055 0.009 0.0011)
(0.055 0.0071 0.0012)
(0.055 0.0072 0.0012)
(0.055 0.0073 0.0012)
(0.055 0.0074 0.0012)
(0.055 0.0075 0.0012)
(0.055 0.0076 0.0012)
(0.055 0.0077 0.0012)
(0.055 0.0078 0.0012)
(0.055 0.0079 0.0012)
(0.055 0.008 0.0012)
(0.055 0.0081 0.0012)
(0.055 0.0082 0.0012)
(0.055 0.0083 0.0012)
(0.055 0.0084 0.0012)
(0.055 0.0085 0.0012)
(0.055 0.0086 0.0012)
(0.055 0.0087 0.0012)
(0.055 0.0088 0.0012)
(0.055 0.0089 0.0012)
(0.055 0.009 0.0012)
(0.055 0.0071 0.0013)
(0.055 0.0072 0.0013)
(0.055 0.0073 0.0013)
(0.055 0.0074 0.0013)
(0.055 0.0075 0.0013)
(0.055 0.0076 0.0013)
(0.055 0.0077 0.0013)
(0.055 0.0078 0.0013)
(0.055 0.0079 0.0013)
(0.055 0.008 0.0013)
(0.055 0.0081 0.0013)
(0.055 0.0082 0.0013)
(0.055 0.0083 0.0013)
(0.055 0.0084 0.0013)
(0.055 0.0085 0.0013)
(0.055 0.0086 0.0013)
(0.055 0.0087 0.0013)
(0.055 0.0088 0.0013)
(0.055 0.0089 0.0013)
(0.055 0.009 0.0013)
(0.055 0.0071 0.0014)
(0.055 0.0072 0.0014)
(0.055 0.0073 0.0014)
(0.055 0.0074 0.0014)
(0.055 0.0075 0.0014)
(0.055 0.0076 0.0014)
(0.055 0.0077 0.0014)
(0.055 0.0078 0.0014)
(0.055 0.0079 0.0014)
(0.055 0.008 0.0014)
(0.055 0.0081 0.0014)
(0.055 0.0082 0.0014)
(0.055 0.0083 0.0014)
(0.055 0.0084 0.0014)
(0.055 0.0085 0.0014)
(0.055 0.0086 0.0014)
(0.055 0.0087 0.0014)
(0.055 0.0088 0.0014)
(0.055 0.0089 0.0014)
(0.055 0.009 0.0014)
(0.055 0.0071 0.0015)
(0.055 0.0072 0.0015)
(0.055 0.0073 0.0015)
(0.055 0.0074 0.0015)
(0.055 0.0075 0.0015)
(0.055 0.0076 0.0015)
(0.055 0.0077 0.0015)
(0.055 0.0078 0.0015)
(0.055 0.0079 0.0015)
(0.055 0.008 0.0015)
(0.055 0.0081 0.0015)
(0.055 0.0082 0.0015)
(0.055 0.0083 0.0015)
(0.055 0.0084 0.0015)
(0.055 0.0085 0.0015)
(0.055 0.0086 0.0015)
(0.055 0.0087 0.0015)
(0.055 0.0088 0.0015)
(0.055 0.0089 0.0015)
(0.055 0.009 0.0015)
(0.055 0.0071 0.0016)
(0.055 0.0072 0.0016)
(0.055 0.0073 0.0016)
(0.055 0.0074 0.0016)
(0.055 0.0075 0.0016)
(0.055 0.0076 0.0016)
(0.055 0.0077 0.0016)
(0.055 0.0078 0.0016)
(0.055 0.0079 0.0016)
(0.055 0.008 0.0016)
(0.055 0.0081 0.0016)
(0.055 0.0082 0.0016)
(0.055 0.0083 0.0016)
(0.055 0.0084 0.0016)
(0.055 0.0085 0.0016)
(0.055 0.0086 0.0016)
(0.055 0.0087 0.0016)
(0.055 0.0088 0.0016)
(0.055 0.0089 0.0016)
(0.055 0.009 0.0016)
(0.055 0.0071 0.0017)
(0.055 0.0072 0.0017)
(0.055 0.0073 0.0017)
(0.055 0.0074 0.0017)
(0.055 0.0075 0.0017)
(0.055 0.0076 0.0017)
(0.055 0.0077 0.0017)
(0.055 0.0078 0.0017)
(0.055 0.0079 0.0017)
(0.055 0.008 0.0017)
(0.055 0.0081 0.0017)
(0.055 0.0082 0.0017)
(0.055 0.0083 0.0017)
(0.055 0.0084 0.0017)
(0.055 0.0085 0.0017)
(0.055 0.0086 0.0017)
(0.055 0.0087 0.0017)
(0.055 0.0088 0.0017)
(0.055 0.0089 0.0017)
(0.055 0.009 0.0017)
(0.055 0.0071 0.0018)
(0.055 0.0072 0.0018)
(0.055 0.0073 0.0018)
(0.055 0.0074 0.0018)
(0.055 0.0075 0.0018)
(0.055 0.0076 0.0018)
(0.055 0.0077 0.0018)
(0.055 0.0078 0.0018)
(0.055 0.0079 0.0018)
(0.055 0.008 0.0018)
(0.055 0.0081 0.0018)
(0.055 0.0082 0.0018)
(0.055 0.0083 0.0018)
(0.055 0.0084 0.0018)
(0.055 0.0085 0.0018)
(0.055 0.0086 0.0018)
(0.055 0.0087 0.0018)
(0.055 0.0088 0.0018)
(0.055 0.0089 0.0018)
(0.055 0.009 0.0018)
(0.055 0.0071 0.0019)
(0.055 0.0072 0.0019)
(0.055 0.0073 0.0019)
(0.055 0.0074 0.0019)
(0.055 0.0075 0.0019)
(0.055 0.0076 0.0019)
(0.055 0.0077 0.0019)
(0.055 0.0078 0.0019)
(0.055 0.0079 0.0019)
(0.055 0.008 0.0019)
(0.055 0.0081 0.0019)
(0.055 0.0082 0.0019)
(0.055 0.0083 0.0019)
(0.055 0.0084 0.0019)
(0.055 0.0085 0.0019)
(0.055 0.0086 0.0019)
(0.055 0.0087 0.0019)
(0.055 0.0088 0.0019)
(0.055 0.0089 0.0019)
(0.055 0.009 0.0019)
(0.055 0.0071 0.002)
(0.055 0.0072 0.002)
(0.055 0.0073 0.002)
(0.055 0.0074 0.002)
(0.055 0.0075 0.002)
(0.055 0.0076 0.002)
(0.055 0.0077 0.002)
(0.055 0.0078 0.002)
(0.055 0.0079 0.002)
(0.055 0.008 0.002)
(0.055 0.0081 0.002)
(0.055 0.0082 0.002)
(0.055 0.0083 0.002)
(0.055 0.0084 0.002)
(0.055 0.0085 0.002)
(0.055 0.0086 0.002)
(0.055 0.0087 0.002)
(0.055 0.0088 0.002)
(0.055 0.0089 0.002)
(0.055 0.009 0.002)
(0.055 0.0071 0.0021)
(0.055 0.0072 0.0021)
(0.055 0.0073 0.0021)
(0.055 0.0074 0.0021)
(0.055 0.0075 0.0021)
(0.055 0.0076 0.0021)
(0.055 0.0077 0.0021)
(0.055 0.0078 0.0021)
(0.055 0.0079 0.0021)
(0.055 0.008 0.0021)
(0.055 0.0081 0.0021)
(0.055 0.0082 0.0021)
(0.055 0.0083 0.0021)
(0.055 0.0084 0.0021)
(0.055 0.0085 0.0021)
(0.055 0.0086 0.0021)
(0.055 0.0087 0.0021)
(0.055 0.0088 0.0021)
(0.055 0.0089 0.0021)
(0.055 0.009 0.0021)
(0.055 0.0071 0.0022)
(0.055 0.0072 0.0022)
(0.055 0.0073 0.0022)
(0.055 0.0074 0.0022)
(0.055 0.0075 0.0022)
(0.055 0.0076 0.0022)
(0.055 0.0077 0.0022)
(0.055 0.0078 0.0022)
(0.055 0.0079 0.0022)
(0.055 0.008 0.0022)
(0.055 0.0081 0.0022)
(0.055 0.0082 0.0022)
(0.055 0.0083 0.0022)
(0.055 0.0084 0.0022)
(0.055 0.0085 0.0022)
(0.055 0.0086 0.0022)
(0.055 0.0087 0.0022)
(0.055 0.0088 0.0022)
(0.055 0.0089 0.0022)
(0.055 0.009 0.0022)
(0.055 0.0071 0.0023)
(0.055 0.0072 0.0023)
(0.055 0.0073 0.0023)
(0.055 0.0074 0.0023)
(0.055 0.0075 0.0023)
(0.055 0.0076 0.0023)
(0.055 0.0077 0.0023)
(0.055 0.0078 0.0023)
(0.055 0.0079 0.0023)
(0.055 0.008 0.0023)
(0.055 0.0081 0.0023)
(0.055 0.0082 0.0023)
(0.055 0.0083 0.0023)
(0.055 0.0084 0.0023)
(0.055 0.0085 0.0023)
(0.055 0.0086 0.0023)
(0.055 0.0087 0.0023)
(0.055 0.0088 0.0023)
(0.055 0.0089 0.0023)
(0.055 0.009 0.0023)
(0.055 0.0071 0.0024)
(0.055 0.0072 0.0024)
(0.055 0.0073 0.0024)
(0.055 0.0074 0.0024)
(0.055 0.0075 0.0024)
(0.055 0.0076 0.0024)
(0.055 0.0077 0.0024)
(0.055 0.0078 0.0024)
(0.055 0.0079 0.0024)
(0.055 0.008 0.0024)
(0.055 0.0081 0.0024)
(0.055 0.0082 0.0024)
(0.055 0.0083 0.0024)
(0.055 0.0084 0.0024)
(0.055 0.0085 0.0024)
(0.055 0.0086 0.0024)
(0.055 0.0087 0.0024)
(0.055 0.0088 0.0024)
(0.055 0.0089 0.0024)
(0.055 0.009 0.0024)
(0.055 0.0071 0.0025)
(0.055 0.0072 0.0025)
(0.055 0.0073 0.0025)
(0.055 0.0074 0.0025)
(0.055 0.0075 0.0025)
(0.055 0.0076 0.0025)
(0.055 0.0077 0.0025)
(0.055 0.0078 0.0025)
(0.055 0.0079 0.0025)
(0.055 0.008 0.0025)
(0.055 0.0081 0.0025)
(0.055 0.0082 0.0025)
(0.055 0.0083 0.0025)
(0.055 0.0084 0.0025)
(0.055 0.0085 0.0025)
(0.055 0.0086 0.0025)
(0.055 0.0087 0.0025)
(0.055 0.0088 0.0025)
(0.055 0.0089 0.0025)
(0.055 0.009 0.0025)
(0.055 0.0071 0.0026)
(0.055 0.0072 0.0026)
(0.055 0.0073 0.0026)
(0.055 0.0074 0.0026)
(0.055 0.0075 0.0026)
(0.055 0.0076 0.0026)
(0.055 0.0077 0.0026)
(0.055 0.0078 0.0026)
(0.055 0.0079 0.0026)
(0.055 0.008 0.0026)
(0.055 0.0081 0.0026)
(0.055 0.0082 0.0026)
(0.055 0.0083 0.0026)
(0.055 0.0084 0.0026)
(0.055 0.0085 0.0026)
(0.055 0.0086 0.0026)
(0.055 0.0087 0.0026)
(0.055 0.0088 0.0026)
(0.055 0.0089 0.0026)
(0.055 0.009 0.0026)
(0.055 0.0071 0.0027)
(0.055 0.0072 0.0027)
(0.055 0.0073 0.0027)
(0.055 0.0074 0.0027)
(0.055 0.0075 0.0027)
(0.055 0.0076 0.0027)
(0.055 0.0077 0.0027)
(0.055 0.0078 0.0027)
(0.055 0.0079 0.0027)
(0.055 0.008 0.0027)
(0.055 0.0081 0.0027)
(0.055 0.0082 0.0027)
(0.055 0.0083 0.0027)
(0.055 0.0084 0.0027)
(0.055 0.0085 0.0027)
(0.055 0.0086 0.0027)
(0.055 0.0087 0.0027)
(0.055 0.0088 0.0027)
(0.055 0.0089 0.0027)
(0.055 0.009 0.0027)
(0.055 0.0071 0.0028)
(0.055 0.0072 0.0028)
(0.055 0.0073 0.0028)
(0.055 0.0074 0.0028)
(0.055 0.0075 0.0028)
(0.055 0.0076 0.0028)
(0.055 0.0077 0.0028)
(0.055 0.0078 0.0028)
(0.055 0.0079 0.0028)
(0.055 0.008 0.0028)
(0.055 0.0081 0.0028)
(0.055 0.0082 0.0028)
(0.055 0.0083 0.0028)
(0.055 0.0084 0.0028)
(0.055 0.0085 0.0028)
(0.055 0.0086 0.0028)
(0.055 0.0087 0.0028)
(0.055 0.0088 0.0028)
(0.055 0.0089 0.0028)
(0.055 0.009 0.0028)
(0.055 0.0071 0.0029)
(0.055 0.0072 0.0029)
(0.055 0.0073 0.0029)
(0.055 0.0074 0.0029)
(0.055 0.0075 0.0029)
(0.055 0.0076 0.0029)
(0.055 0.0077 0.0029)
(0.055 0.0078 0.0029)
(0.055 0.0079 0.0029)
(0.055 0.008 0.0029)
(0.055 0.0081 0.0029)
(0.055 0.0082 0.0029)
(0.055 0.0083 0.0029)
(0.055 0.0084 0.0029)
(0.055 0.0085 0.0029)
(0.055 0.0086 0.0029)
(0.055 0.0087 0.0029)
(0.055 0.0088 0.0029)
(0.055 0.0089 0.0029)
(0.055 0.009 0.0029)
(0.055 0.0071 0.003)
(0.055 0.0072 0.003)
(0.055 0.0073 0.003)
(0.055 0.0074 0.003)
(0.055 0.0075 0.003)
(0.055 0.0076 0.003)
(0.055 0.0077 0.003)
(0.055 0.0078 0.003)
(0.055 0.0079 0.003)
(0.055 0.008 0.003)
(0.055 0.0081 0.003)
(0.055 0.0082 0.003)
(0.055 0.0083 0.003)
(0.055 0.0084 0.003)
(0.055 0.0085 0.003)
(0.055 0.0086 0.003)
(0.055 0.0087 0.003)
(0.055 0.0088 0.003)
(0.055 0.0089 0.003)
(0.055 0.009 0.003)
(0.056666667 0.0071 0.0011)
(0.056666667 0.0072 0.0011)
(0.056666667 0.0073 0.0011)
(0.056666667 0.0074 0.0011)
(0.056666667 0.0075 0.0011)
(0.056666667 0.0076 0.0011)
(0.056666667 0.0077 0.0011)
(0.056666667 0.0078 0.0011)
(0.056666667 0.0079 0.0011)
(0.056666667 0.008 0.0011)
(0.056666667 0.0081 0.0011)
(0.056666667 0.0082 0.0011)
(0.056666667 0.0083 0.0011)
(0.056666667 0.0084 0.0011)
(0.056666667 0.0085 0.0011)
(0.056666667 0.0086 0.0011)
(0.056666667 0.0087 0.0011)
(0.056666667 0.0088 0.0011)
(0.056666667 0.0089 0.0011)
(0.056666667 0.009 0.0011)
(0.056666667 0.0071 0.0012)
(0.056666667 0.0072 0.0012)
(0.056666667 0.0073 0.0012)
(0.056666667 0.0074 0.0012)
(0.056666667 0.0075 0.0012)
(0.056666667 0.0076 0.0012)
(0.056666667 0.0077 0.0012)
(0.056666667 0.0078 0.0012)
(0.056666667 0.0079 0.0012)
(0.056666667 0.008 0.0012)
(0.056666667 0.0081 0.0012)
(0.056666667 0.0082 0.0012)
(0.056666667 0.0083 0.0012)
(0.056666667 0.0084 0.0012)
(0.056666667 0.0085 0.0012)
(0.056666667 0.0086 0.0012)
(0.056666667 0.0087 0.0012)
(0.056666667 0.0088 0.0012)
(0.056666667 0.0089 0.0012)
(0.056666667 0.009 0.0012)
(0.056666667 0.0071 0.0013)
(0.056666667 0.0072 0.0013)
(0.056666667 0.0073 0.0013)
(0.056666667 0.0074 0.0013)
(0.056666667 0.0075 0.0013)
(0.056666667 0.0076 0.0013)
(0.056666667 0.0077 0.0013)
(0.056666667 0.0078 0.0013)
(0.056666667 0.0079 0.0013)
(0.056666667 0.008 0.0013)
(0.056666667 0.0081 0.0013)
(0.056666667 0.0082 0.0013)
(0.056666667 0.0083 0.0013)
(0.056666667 0.0084 0.0013)
(0.056666667 0.0085 0.0013)
(0.056666667 0.0086 0.0013)
(0.056666667 0.0087 0.0013)
(0.056666667 0.0088 0.0013)
(0.056666667 0.0089 0.0013)
(0.056666667 0.009 0.0013)
(0.056666667 0.0071 0.0014)
(0.056666667 0.0072 0.0014)
(0.056666667 0.0073 0.0014)
(0.056666667 0.0074 0.0014)
(0.056666667 0.0075 0.0014)
(0.056666667 0.0076 0.0014)
(0.056666667 0.0077 0.0014)
(0.056666667 0.0078 0.0014)
(0.056666667 0.0079 0.0014)
(0.056666667 0.008 0.0014)
(0.056666667 0.0081 0.0014)
(0.056666667 0.0082 0.0014)
(0.056666667 0.0083 0.0014)
(0.056666667 0.0084 0.0014)
(0.056666667 0.0085 0.0014)
(0.056666667 0.0086 0.0014)
(0.056666667 0.0087 0.0014)
(0.056666667 0.0088 0.0014)
(0.056666667 0.0089 0.0014)
(0.056666667 0.009 0.0014)
(0.056666667 0.0071 0.0015)
(0.056666667 0.0072 0.0015)
(0.056666667 0.0073 0.0015)
(0.056666667 0.0074 0.0015)
(0.056666667 0.0075 0.0015)
(0.056666667 0.0076 0.0015)
(0.056666667 0.0077 0.0015)
(0.056666667 0.0078 0.0015)
(0.056666667 0.0079 0.0015)
(0.056666667 0.008 0.0015)
(0.056666667 0.0081 0.0015)
(0.056666667 0.0082 0.0015)
(0.056666667 0.0083 0.0015)
(0.056666667 0.0084 0.0015)
(0.056666667 0.0085 0.0015)
(0.056666667 0.0086 0.0015)
(0.056666667 0.0087 0.0015)
(0.056666667 0.0088 0.0015)
(0.056666667 0.0089 0.0015)
(0.056666667 0.009 0.0015)
(0.056666667 0.0071 0.0016)
(0.056666667 0.0072 0.0016)
(0.056666667 0.0073 0.0016)
(0.056666667 0.0074 0.0016)
(0.056666667 0.0075 0.0016)
(0.056666667 0.0076 0.0016)
(0.056666667 0.0077 0.0016)
(0.056666667 0.0078 0.0016)
(0.056666667 0.0079 0.0016)
(0.056666667 0.008 0.0016)
(0.056666667 0.0081 0.0016)
(0.056666667 0.0082 0.0016)
(0.056666667 0.0083 0.0016)
(0.056666667 0.0084 0.0016)
(0.056666667 0.0085 0.0016)
(0.056666667 0.0086 0.0016)
(0.056666667 0.0087 0.0016)
(0.056666667 0.0088 0.0016)
(0.056666667 0.0089 0.0016)
(0.056666667 0.009 0.0016)
(0.056666667 0.0071 0.0017)
(0.056666667 0.0072 0.0017)
(0.056666667 0.0073 0.0017)
(0.056666667 0.0074 0.0017)
(0.056666667 0.0075 0.0017)
(0.056666667 0.0076 0.0017)
(0.056666667 0.0077 0.0017)
(0.056666667 0.0078 0.0017)
(0.056666667 0.0079 0.0017)
(0.056666667 0.008 0.0017)
(0.056666667 0.0081 0.0017)
(0.056666667 0.0082 0.0017)
(0.056666667 0.0083 0.0017)
(0.056666667 0.0084 0.0017)
(0.056666667 0.0085 0.0017)
(0.056666667 0.0086 0.0017)
(0.056666667 0.0087 0.0017)
(0.056666667 0.0088 0.0017)
(0.056666667 0.0089 0.0017)
(0.056666667 0.009 0.0017)
(0.056666667 0.0071 0.0018)
(0.056666667 0.0072 0.0018)
(0.056666667 0.0073 0.0018)
(0.056666667 0.0074 0.0018)
(0.056666667 0.0075 0.0018)
(0.056666667 0.0076 0.0018)
(0.056666667 0.0077 0.0018)
(0.056666667 0.0078 0.0018)
(0.056666667 0.0079 0.0018)
(0.056666667 0.008 0.0018)
(0.056666667 0.0081 0.0018)
(0.056666667 0.0082 0.0018)
(0.056666667 0.0083 0.0018)
(0.056666667 0.0084 0.0018)
(0.056666667 0.0085 0.0018)
(0.056666667 0.0086 0.0018)
(0.056666667 0.0087 0.0018)
(0.056666667 0.0088 0.0018)
(0.056666667 0.0089 0.0018)
(0.056666667 0.009 0.0018)
(0.056666667 0.0071 0.0019)
(0.056666667 0.0072 0.0019)
(0.056666667 0.0073 0.0019)
(0.056666667 0.0074 0.0019)
(0.056666667 0.0075 0.0019)
(0.056666667 0.0076 0.0019)
(0.056666667 0.0077 0.0019)
(0.056666667 0.0078 0.0019)
(0.056666667 0.0079 0.0019)
(0.056666667 0.008 0.0019)
(0.056666667 0.0081 0.0019)
(0.056666667 0.0082 0.0019)
(0.056666667 0.0083 0.0019)
(0.056666667 0.0084 0.0019)
(0.056666667 0.0085 0.0019)
(0.056666667 0.0086 0.0019)
(0.056666667 0.0087 0.0019)
(0.056666667 0.0088 0.0019)
(0.056666667 0.0089 0.0019)
(0.056666667 0.009 0.0019)
(0.056666667 0.0071 0.002)
(0.056666667 0.0072 0.002)
(0.056666667 0.0073 0.002)
(0.056666667 0.0074 0.002)
(0.056666667 0.0075 0.002)
(0.056666667 0.0076 0.002)
(0.056666667 0.0077 0.002)
(0.056666667 0.0078 0.002)
(0.056666667 0.0079 0.002)
(0.056666667 0.008 0.002)
(0.056666667 0.0081 0.002)
(0.056666667 0.0082 0.002)
(0.056666667 0.0083 0.002)
(0.056666667 0.0084 0.002)
(0.056666667 0.0085 0.002)
(0.056666667 0.0086 0.002)
(0.056666667 0.0087 0.002)
(0.056666667 0.0088 0.002)
(0.056666667 0.0089 0.002)
(0.056666667 0.009 0.002)
(0.056666667 0.0071 0.0021)
(0.056666667 0.0072 0.0021)
(0.056666667 0.0073 0.0021)
(0.056666667 0.0074 0.0021)
(0.056666667 0.0075 0.0021)
(0.056666667 0.0076 0.0021)
(0.056666667 0.0077 0.0021)
(0.056666667 0.0078 0.0021)
(0.056666667 0.0079 0.0021)
(0.056666667 0.008 0.0021)
(0.056666667 0.0081 0.0021)
(0.056666667 0.0082 0.0021)
(0.056666667 0.0083 0.0021)
(0.056666667 0.0084 0.0021)
(0.056666667 0.0085 0.0021)
(0.056666667 0.0086 0.0021)
(0.056666667 0.0087 0.0021)
(0.056666667 0.0088 0.0021)
(0.056666667 0.0089 0.0021)
(0.056666667 0.009 0.0021)
(0.056666667 0.0071 0.0022)
(0.056666667 0.0072 0.0022)
(0.056666667 0.0073 0.0022)
(0.056666667 0.0074 0.0022)
(0.056666667 0.0075 0.0022)
(0.056666667 0.0076 0.0022)
(0.056666667 0.0077 0.0022)
(0.056666667 0.0078 0.0022)
(0.056666667 0.0079 0.0022)
(0.056666667 0.008 0.0022)
(0.056666667 0.0081 0.0022)
(0.056666667 0.0082 0.0022)
(0.056666667 0.0083 0.0022)
(0.056666667 0.0084 0.0022)
(0.056666667 0.0085 0.0022)
(0.056666667 0.0086 0.0022)
(0.056666667 0.0087 0.0022)
(0.056666667 0.0088 0.0022)
(0.056666667 0.0089 0.0022)
(0.056666667 0.009 0.0022)
(0.056666667 0.0071 0.0023)
(0.056666667 0.0072 0.0023)
(0.056666667 0.0073 0.0023)
(0.056666667 0.0074 0.0023)
(0.056666667 0.0075 0.0023)
(0.056666667 0.0076 0.0023)
(0.056666667 0.0077 0.0023)
(0.056666667 0.0078 0.0023)
(0.056666667 0.0079 0.0023)
(0.056666667 0.008 0.0023)
(0.056666667 0.0081 0.0023)
(0.056666667 0.0082 0.0023)
(0.056666667 0.0083 0.0023)
(0.056666667 0.0084 0.0023)
(0.056666667 0.0085 0.0023)
(0.056666667 0.0086 0.0023)
(0.056666667 0.0087 0.0023)
(0.056666667 0.0088 0.0023)
(0.056666667 0.0089 0.0023)
(0.056666667 0.009 0.0023)
(0.056666667 0.0071 0.0024)
(0.056666667 0.0072 0.0024)
(0.056666667 0.0073 0.0024)
(0.056666667 0.0074 0.0024)
(0.056666667 0.0075 0.0024)
(0.056666667 0.0076 0.0024)
(0.056666667 0.0077 0.0024)
(0.056666667 0.0078 0.0024)
(0.056666667 0.0079 0.0024)
(0.056666667 0.008 0.0024)
(0.056666667 0.0081 0.0024)
(0.056666667 0.0082 0.0024)
(0.056666667 0.0083 0.0024)
(0.056666667 0.0084 0.0024)
(0.056666667 0.0085 0.0024)
(0.056666667 0.0086 0.0024)
(0.056666667 0.0087 0.0024)
(0.056666667 0.0088 0.0024)
(0.056666667 0.0089 0.0024)
(0.056666667 0.009 0.0024)
(0.056666667 0.0071 0.0025)
(0.056666667 0.0072 0.0025)
(0.056666667 0.0073 0.0025)
(0.056666667 0.0074 0.0025)
(0.056666667 0.0075 0.0025)
(0.056666667 0.0076 0.0025)
(0.056666667 0.0077 0.0025)
(0.056666667 0.0078 0.0025)
(0.056666667 0.0079 0.0025)
(0.056666667 0.008 0.0025)
(0.056666667 0.0081 0.0025)
(0.056666667 0.0082 0.0025)
(0.056666667 0.0083 0.0025)
(0.056666667 0.0084 0.0025)
(0.056666667 0.0085 0.0025)
(0.056666667 0.0086 0.0025)
(0.056666667 0.0087 0.0025)
(0.056666667 0.0088 0.0025)
(0.056666667 0.0089 0.0025)
(0.056666667 0.009 0.0025)
(0.056666667 0.0071 0.0026)
(0.056666667 0.0072 0.0026)
(0.056666667 0.0073 0.0026)
(0.056666667 0.0074 0.0026)
(0.056666667 0.0075 0.0026)
(0.056666667 0.0076 0.0026)
(0.056666667 0.0077 0.0026)
(0.056666667 0.0078 0.0026)
(0.056666667 0.0079 0.0026)
(0.056666667 0.008 0.0026)
(0.056666667 0.0081 0.0026)
(0.056666667 0.0082 0.0026)
(0.056666667 0.0083 0.0026)
(0.056666667 0.0084 0.0026)
(0.056666667 0.0085 0.0026)
(0.056666667 0.0086 0.0026)
(0.056666667 0.0087 0.0026)
(0.056666667 0.0088 0.0026)
(0.056666667 0.0089 0.0026)
(0.056666667 0.009 0.0026)
(0.056666667 0.0071 0.0027)
(0.056666667 0.0072 0.0027)
(0.056666667 0.0073 0.0027)
(0.056666667 0.0074 0.0027)
(0.056666667 0.0075 0.0027)
(0.056666667 0.0076 0.0027)
(0.056666667 0.0077 0.0027)
(0.056666667 0.0078 0.0027)
(0.056666667 0.0079 0.0027)
(0.056666667 0.008 0.0027)
(0.056666667 0.0081 0.0027)
(0.056666667 0.0082 0.0027)
(0.056666667 0.0083 0.0027)
(0.056666667 0.0084 0.0027)
(0.056666667 0.0085 0.0027)
(0.056666667 0.0086 0.0027)
(0.056666667 0.0087 0.0027)
(0.056666667 0.0088 0.0027)
(0.056666667 0.0089 0.0027)
(0.056666667 0.009 0.0027)
(0.056666667 0.0071 0.0028)
(0.056666667 0.0072 0.0028)
(0.056666667 0.0073 0.0028)
(0.056666667 0.0074 0.0028)
(0.056666667 0.0075 0.0028)
(0.056666667 0.0076 0.0028)
(0.056666667 0.0077 0.0028)
(0.056666667 0.0078 0.0028)
(0.056666667 0.0079 0.0028)
(0.056666667 0.008 0.0028)
(0.056666667 0.0081 0.0028)
(0.056666667 0.0082 0.0028)
(0.056666667 0.0083 0.0028)
(0.056666667 0.0084 0.0028)
(0.056666667 0.0085 0.0028)
(0.056666667 0.0086 0.0028)
(0.056666667 0.0087 0.0028)
(0.056666667 0.0088 0.0028)
(0.056666667 0.0089 0.0028)
(0.056666667 0.009 0.0028)
(0.056666667 0.0071 0.0029)
(0.056666667 0.0072 0.0029)
(0.056666667 0.0073 0.0029)
(0.056666667 0.0074 0.0029)
(0.056666667 0.0075 0.0029)
(0.056666667 0.0076 0.0029)
(0.056666667 0.0077 0.0029)
(0.056666667 0.0078 0.0029)
(0.056666667 0.0079 0.0029)
(0.056666667 0.008 0.0029)
(0.056666667 0.0081 0.0029)
(0.056666667 0.0082 0.0029)
(0.056666667 0.0083 0.0029)
(0.056666667 0.0084 0.0029)
(0.056666667 0.0085 0.0029)
(0.056666667 0.0086 0.0029)
(0.056666667 0.0087 0.0029)
(0.056666667 0.0088 0.0029)
(0.056666667 0.0089 0.0029)
(0.056666667 0.009 0.0029)
(0.056666667 0.0071 0.003)
(0.056666667 0.0072 0.003)
(0.056666667 0.0073 0.003)
(0.056666667 0.0074 0.003)
(0.056666667 0.0075 0.003)
(0.056666667 0.0076 0.003)
(0.056666667 0.0077 0.003)
(0.056666667 0.0078 0.003)
(0.056666667 0.0079 0.003)
(0.056666667 0.008 0.003)
(0.056666667 0.0081 0.003)
(0.056666667 0.0082 0.003)
(0.056666667 0.0083 0.003)
(0.056666667 0.0084 0.003)
(0.056666667 0.0085 0.003)
(0.056666667 0.0086 0.003)
(0.056666667 0.0087 0.003)
(0.056666667 0.0088 0.003)
(0.056666667 0.0089 0.003)
(0.056666667 0.009 0.003)
(0.058333333 0.0071 0.0011)
(0.058333333 0.0072 0.0011)
(0.058333333 0.0073 0.0011)
(0.058333333 0.0074 0.0011)
(0.058333333 0.0075 0.0011)
(0.058333333 0.0076 0.0011)
(0.058333333 0.0077 0.0011)
(0.058333333 0.0078 0.0011)
(0.058333333 0.0079 0.0011)
(0.058333333 0.008 0.0011)
(0.058333333 0.0081 0.0011)
(0.058333333 0.0082 0.0011)
(0.058333333 0.0083 0.0011)
(0.058333333 0.0084 0.0011)
(0.058333333 0.0085 0.0011)
(0.058333333 0.0086 0.0011)
(0.058333333 0.0087 0.0011)
(0.058333333 0.0088 0.0011)
(0.058333333 0.0089 0.0011)
(0.058333333 0.009 0.0011)
(0.058333333 0.0071 0.0012)
(0.058333333 0.0072 0.0012)
(0.058333333 0.0073 0.0012)
(0.058333333 0.0074 0.0012)
(0.058333333 0.0075 0.0012)
(0.058333333 0.0076 0.0012)
(0.058333333 0.0077 0.0012)
(0.058333333 0.0078 0.0012)
(0.058333333 0.0079 0.0012)
(0.058333333 0.008 0.0012)
(0.058333333 0.0081 0.0012)
(0.058333333 0.0082 0.0012)
(0.058333333 0.0083 0.0012)
(0.058333333 0.0084 0.0012)
(0.058333333 0.0085 0.0012)
(0.058333333 0.0086 0.0012)
(0.058333333 0.0087 0.0012)
(0.058333333 0.0088 0.0012)
(0.058333333 0.0089 0.0012)
(0.058333333 0.009 0.0012)
(0.058333333 0.0071 0.0013)
(0.058333333 0.0072 0.0013)
(0.058333333 0.0073 0.0013)
(0.058333333 0.0074 0.0013)
(0.058333333 0.0075 0.0013)
(0.058333333 0.0076 0.0013)
(0.058333333 0.0077 0.0013)
(0.058333333 0.0078 0.0013)
(0.058333333 0.0079 0.0013)
(0.058333333 0.008 0.0013)
(0.058333333 0.0081 0.0013)
(0.058333333 0.0082 0.0013)
(0.058333333 0.0083 0.0013)
(0.058333333 0.0084 0.0013)
(0.058333333 0.0085 0.0013)
(0.058333333 0.0086 0.0013)
(0.058333333 0.0087 0.0013)
(0.058333333 0.0088 0.0013)
(0.058333333 0.0089 0.0013)
(0.058333333 0.009 0.0013)
(0.058333333 0.0071 0.0014)
(0.058333333 0.0072 0.0014)
(0.058333333 0.0073 0.0014)
(0.058333333 0.0074 0.0014)
(0.058333333 0.0075 0.0014)
(0.058333333 0.0076 0.0014)
(0.058333333 0.0077 0.0014)
(0.058333333 0.0078 0.0014)
(0.058333333 0.0079 0.0014)
(0.058333333 0.008 0.0014)
(0.058333333 0.0081 0.0014)
(0.058333333 0.0082 0.0014)
(0.058333333 0.0083 0.0014)
(0.058333333 0.0084 0.0014)
(0.058333333 0.0085 0.0014)
(0.058333333 0.0086 0.0014)
(0.058333333 0.0087 0.0014)
(0.058333333 0.0088 0.0014)
(0.058333333 0.0089 0.0014)
(0.058333333 0.009 0.0014)
(0.058333333 0.0071 0.0015)
(0.058333333 0.0072 0.0015)
(0.058333333 0.0073 0.0015)
(0.058333333 0.0074 0.0015)
(0.058333333 0.0075 0.0015)
(0.058333333 0.0076 0.0015)
(0.058333333 0.0077 0.0015)
(0.058333333 0.0078 0.0015)
(0.058333333 0.0079 0.0015)
(0.058333333 0.008 0.0015)
(0.058333333 0.0081 0.0015)
(0.058333333 0.0082 0.0015)
(0.058333333 0.0083 0.0015)
(0.058333333 0.0084 0.0015)
(0.058333333 0.0085 0.0015)
(0.058333333 0.0086 0.0015)
(0.058333333 0.0087 0.0015)
(0.058333333 0.0088 0.0015)
(0.058333333 0.0089 0.0015)
(0.058333333 0.009 0.0015)
(0.058333333 0.0071 0.0016)
(0.058333333 0.0072 0.0016)
(0.058333333 0.0073 0.0016)
(0.058333333 0.0074 0.0016)
(0.058333333 0.0075 0.0016)
(0.058333333 0.0076 0.0016)
(0.058333333 0.0077 0.0016)
(0.058333333 0.0078 0.0016)
(0.058333333 0.0079 0.0016)
(0.058333333 0.008 0.0016)
(0.058333333 0.0081 0.0016)
(0.058333333 0.0082 0.0016)
(0.058333333 0.0083 0.0016)
(0.058333333 0.0084 0.0016)
(0.058333333 0.0085 0.0016)
(0.058333333 0.0086 0.0016)
(0.058333333 0.0087 0.0016)
(0.058333333 0.0088 0.0016)
(0.058333333 0.0089 0.0016)
(0.058333333 0.009 0.0016)
(0.058333333 0.0071 0.0017)
(0.058333333 0.0072 0.0017)
(0.058333333 0.0073 0.0017)
(0.058333333 0.0074 0.0017)
(0.058333333 0.0075 0.0017)
(0.058333333 0.0076 0.0017)
(0.058333333 0.0077 0.0017)
(0.058333333 0.0078 0.0017)
(0.058333333 0.0079 0.0017)
(0.058333333 0.008 0.0017)
(0.058333333 0.0081 0.0017)
(0.058333333 0.0082 0.0017)
(0.058333333 0.0083 0.0017)
(0.058333333 0.0084 0.0017)
(0.058333333 0.0085 0.0017)
(0.058333333 0.0086 0.0017)
(0.058333333 0.0087 0.0017)
(0.058333333 0.0088 0.0017)
(0.058333333 0.0089 0.0017)
(0.058333333 0.009 0.0017)
(0.058333333 0.0071 0.0018)
(0.058333333 0.0072 0.0018)
(0.058333333 0.0073 0.0018)
(0.058333333 0.0074 0.0018)
(0.058333333 0.0075 0.0018)
(0.058333333 0.0076 0.0018)
(0.058333333 0.0077 0.0018)
(0.058333333 0.0078 0.0018)
(0.058333333 0.0079 0.0018)
(0.058333333 0.008 0.0018)
(0.058333333 0.0081 0.0018)
(0.058333333 0.0082 0.0018)
(0.058333333 0.0083 0.0018)
(0.058333333 0.0084 0.0018)
(0.058333333 0.0085 0.0018)
(0.058333333 0.0086 0.0018)
(0.058333333 0.0087 0.0018)
(0.058333333 0.0088 0.0018)
(0.058333333 0.0089 0.0018)
(0.058333333 0.009 0.0018)
(0.058333333 0.0071 0.0019)
(0.058333333 0.0072 0.0019)
(0.058333333 0.0073 0.0019)
(0.058333333 0.0074 0.0019)
(0.058333333 0.0075 0.0019)
(0.058333333 0.0076 0.0019)
(0.058333333 0.0077 0.0019)
(0.058333333 0.0078 0.0019)
(0.058333333 0.0079 0.0019)
(0.058333333 0.008 0.0019)
(0.058333333 0.0081 0.0019)
(0.058333333 0.0082 0.0019)
(0.058333333 0.0083 0.0019)
(0.058333333 0.0084 0.0019)
(0.058333333 0.0085 0.0019)
(0.058333333 0.0086 0.0019)
(0.058333333 0.0087 0.0019)
(0.058333333 0.0088 0.0019)
(0.058333333 0.0089 0.0019)
(0.058333333 0.009 0.0019)
(0.058333333 0.0071 0.002)
(0.058333333 0.0072 0.002)
(0.058333333 0.0073 0.002)
(0.058333333 0.0074 0.002)
(0.058333333 0.0075 0.002)
(0.058333333 0.0076 0.002)
(0.058333333 0.0077 0.002)
(0.058333333 0.0078 0.002)
(0.058333333 0.0079 0.002)
(0.058333333 0.008 0.002)
(0.058333333 0.0081 0.002)
(0.058333333 0.0082 0.002)
(0.058333333 0.0083 0.002)
(0.058333333 0.0084 0.002)
(0.058333333 0.0085 0.002)
(0.058333333 0.0086 0.002)
(0.058333333 0.0087 0.002)
(0.058333333 0.0088 0.002)
(0.058333333 0.0089 0.002)
(0.058333333 0.009 0.002)
(0.058333333 0.0071 0.0021)
(0.058333333 0.0072 0.0021)
(0.058333333 0.0073 0.0021)
(0.058333333 0.0074 0.0021)
(0.058333333 0.0075 0.0021)
(0.058333333 0.0076 0.0021)
(0.058333333 0.0077 0.0021)
(0.058333333 0.0078 0.0021)
(0.058333333 0.0079 0.0021)
(0.058333333 0.008 0.0021)
(0.058333333 0.0081 0.0021)
(0.058333333 0.0082 0.0021)
(0.058333333 0.0083 0.0021)
(0.058333333 0.0084 0.0021)
(0.058333333 0.0085 0.0021)
(0.058333333 0.0086 0.0021)
(0.058333333 0.0087 0.0021)
(0.058333333 0.0088 0.0021)
(0.058333333 0.0089 0.0021)
(0.058333333 0.009 0.0021)
(0.058333333 0.0071 0.0022)
(0.058333333 0.0072 0.0022)
(0.058333333 0.0073 0.0022)
(0.058333333 0.0074 0.0022)
(0.058333333 0.0075 0.0022)
(0.058333333 0.0076 0.0022)
(0.058333333 0.0077 0.0022)
(0.058333333 0.0078 0.0022)
(0.058333333 0.0079 0.0022)
(0.058333333 0.008 0.0022)
(0.058333333 0.0081 0.0022)
(0.058333333 0.0082 0.0022)
(0.058333333 0.0083 0.0022)
(0.058333333 0.0084 0.0022)
(0.058333333 0.0085 0.0022)
(0.058333333 0.0086 0.0022)
(0.058333333 0.0087 0.0022)
(0.058333333 0.0088 0.0022)
(0.058333333 0.0089 0.0022)
(0.058333333 0.009 0.0022)
(0.058333333 0.0071 0.0023)
(0.058333333 0.0072 0.0023)
(0.058333333 0.0073 0.0023)
(0.058333333 0.0074 0.0023)
(0.058333333 0.0075 0.0023)
(0.058333333 0.0076 0.0023)
(0.058333333 0.0077 0.0023)
(0.058333333 0.0078 0.0023)
(0.058333333 0.0079 0.0023)
(0.058333333 0.008 0.0023)
(0.058333333 0.0081 0.0023)
(0.058333333 0.0082 0.0023)
(0.058333333 0.0083 0.0023)
(0.058333333 0.0084 0.0023)
(0.058333333 0.0085 0.0023)
(0.058333333 0.0086 0.0023)
(0.058333333 0.0087 0.0023)
(0.058333333 0.0088 0.0023)
(0.058333333 0.0089 0.0023)
(0.058333333 0.009 0.0023)
(0.058333333 0.0071 0.0024)
(0.058333333 0.0072 0.0024)
(0.058333333 0.0073 0.0024)
(0.058333333 0.0074 0.0024)
(0.058333333 0.0075 0.0024)
(0.058333333 0.0076 0.0024)
(0.058333333 0.0077 0.0024)
(0.058333333 0.0078 0.0024)
(0.058333333 0.0079 0.0024)
(0.058333333 0.008 0.0024)
(0.058333333 0.0081 0.0024)
(0.058333333 0.0082 0.0024)
(0.058333333 0.0083 0.0024)
(0.058333333 0.0084 0.0024)
(0.058333333 0.0085 0.0024)
(0.058333333 0.0086 0.0024)
(0.058333333 0.0087 0.0024)
(0.058333333 0.0088 0.0024)
(0.058333333 0.0089 0.0024)
(0.058333333 0.009 0.0024)
(0.058333333 0.0071 0.0025)
(0.058333333 0.0072 0.0025)
(0.058333333 0.0073 0.0025)
(0.058333333 0.0074 0.0025)
(0.058333333 0.0075 0.0025)
(0.058333333 0.0076 0.0025)
(0.058333333 0.0077 0.0025)
(0.058333333 0.0078 0.0025)
(0.058333333 0.0079 0.0025)
(0.058333333 0.008 0.0025)
(0.058333333 0.0081 0.0025)
(0.058333333 0.0082 0.0025)
(0.058333333 0.0083 0.0025)
(0.058333333 0.0084 0.0025)
(0.058333333 0.0085 0.0025)
(0.058333333 0.0086 0.0025)
(0.058333333 0.0087 0.0025)
(0.058333333 0.0088 0.0025)
(0.058333333 0.0089 0.0025)
(0.058333333 0.009 0.0025)
(0.058333333 0.0071 0.0026)
(0.058333333 0.0072 0.0026)
(0.058333333 0.0073 0.0026)
(0.058333333 0.0074 0.0026)
(0.058333333 0.0075 0.0026)
(0.058333333 0.0076 0.0026)
(0.058333333 0.0077 0.0026)
(0.058333333 0.0078 0.0026)
(0.058333333 0.0079 0.0026)
(0.058333333 0.008 0.0026)
(0.058333333 0.0081 0.0026)
(0.058333333 0.0082 0.0026)
(0.058333333 0.0083 0.0026)
(0.058333333 0.0084 0.0026)
(0.058333333 0.0085 0.0026)
(0.058333333 0.0086 0.0026)
(0.058333333 0.0087 0.0026)
(0.058333333 0.0088 0.0026)
(0.058333333 0.0089 0.0026)
(0.058333333 0.009 0.0026)
(0.058333333 0.0071 0.0027)
(0.058333333 0.0072 0.0027)
(0.058333333 0.0073 0.0027)
(0.058333333 0.0074 0.0027)
(0.058333333 0.0075 0.0027)
(0.058333333 0.0076 0.0027)
(0.058333333 0.0077 0.0027)
(0.058333333 0.0078 0.0027)
(0.058333333 0.0079 0.0027)
(0.058333333 0.008 0.0027)
(0.058333333 0.0081 0.0027)
(0.058333333 0.0082 0.0027)
(0.058333333 0.0083 0.0027)
(0.058333333 0.0084 0.0027)
(0.058333333 0.0085 0.0027)
(0.058333333 0.0086 0.0027)
(0.058333333 0.0087 0.0027)
(0.058333333 0.0088 0.0027)
(0.058333333 0.0089 0.0027)
(0.058333333 0.009 0.0027)
(0.058333333 0.0071 0.0028)
(0.058333333 0.0072 0.0028)
(0.058333333 0.0073 0.0028)
(0.058333333 0.0074 0.0028)
(0.058333333 0.0075 0.0028)
(0.058333333 0.0076 0.0028)
(0.058333333 0.0077 0.0028)
(0.058333333 0.0078 0.0028)
(0.058333333 0.0079 0.0028)
(0.058333333 0.008 0.0028)
(0.058333333 0.0081 0.0028)
(0.058333333 0.0082 0.0028)
(0.058333333 0.0083 0.0028)
(0.058333333 0.0084 0.0028)
(0.058333333 0.0085 0.0028)
(0.058333333 0.0086 0.0028)
(0.058333333 0.0087 0.0028)
(0.058333333 0.0088 0.0028)
(0.058333333 0.0089 0.0028)
(0.058333333 0.009 0.0028)
(0.058333333 0.0071 0.0029)
(0.058333333 0.0072 0.0029)
(0.058333333 0.0073 0.0029)
(0.058333333 0.0074 0.0029)
(0.058333333 0.0075 0.0029)
(0.058333333 0.0076 0.0029)
(0.058333333 0.0077 0.0029)
(0.058333333 0.0078 0.0029)
(0.058333333 0.0079 0.0029)
(0.058333333 0.008 0.0029)
(0.058333333 0.0081 0.0029)
(0.058333333 0.0082 0.0029)
(0.058333333 0.0083 0.0029)
(0.058333333 0.0084 0.0029)
(0.058333333 0.0085 0.0029)
(0.058333333 0.0086 0.0029)
(0.058333333 0.0087 0.0029)
(0.058333333 0.0088 0.0029)
(0.058333333 0.0089 0.0029)
(0.058333333 0.009 0.0029)
(0.058333333 0.0071 0.003)
(0.058333333 0.0072 0.003)
(0.058333333 0.0073 0.003)
(0.058333333 0.0074 0.003)
(0.058333333 0.0075 0.003)
(0.058333333 0.0076 0.003)
(0.058333333 0.0077 0.003)
(0.058333333 0.0078 0.003)
(0.058333333 0.0079 0.003)
(0.058333333 0.008 0.003)
(0.058333333 0.0081 0.003)
(0.058333333 0.0082 0.003)
(0.058333333 0.0083 0.003)
(0.058333333 0.0084 0.003)
(0.058333333 0.0085 0.003)
(0.058333333 0.0086 0.003)
(0.058333333 0.0087 0.003)
(0.058333333 0.0088 0.003)
(0.058333333 0.0089 0.003)
(0.058333333 0.009 0.003)
(0.06 0.0071 0.0011)
(0.06 0.0072 0.0011)
(0.06 0.0073 0.0011)
(0.06 0.0074 0.0011)
(0.06 0.0075 0.0011)
(0.06 0.0076 0.0011)
(0.06 0.0077 0.0011)
(0.06 0.0078 0.0011)
(0.06 0.0079 0.0011)
(0.06 0.008 0.0011)
(0.06 0.0081 0.0011)
(0.06 0.0082 0.0011)
(0.06 0.0083 0.0011)
(0.06 0.0084 0.0011)
(0.06 0.0085 0.0011)
(0.06 0.0086 0.0011)
(0.06 0.0087 0.0011)
(0.06 0.0088 0.0011)
(0.06 0.0089 0.0011)
(0.06 0.009 0.0011)
(0.06 0.0071 0.0012)
(0.06 0.0072 0.0012)
(0.06 0.0073 0.0012)
(0.06 0.0074 0.0012)
(0.06 0.0075 0.0012)
(0.06 0.0076 0.0012)
(0.06 0.0077 0.0012)
(0.06 0.0078 0.0012)
(0.06 0.0079 0.0012)
(0.06 0.008 0.0012)
(0.06 0.0081 0.0012)
(0.06 0.0082 0.0012)
(0.06 0.0083 0.0012)
(0.06 0.0084 0.0012)
(0.06 0.0085 0.0012)
(0.06 0.0086 0.0012)
(0.06 0.0087 0.0012)
(0.06 0.0088 0.0012)
(0.06 0.0089 0.0012)
(0.06 0.009 0.0012)
(0.06 0.0071 0.0013)
(0.06 0.0072 0.0013)
(0.06 0.0073 0.0013)
(0.06 0.0074 0.0013)
(0.06 0.0075 0.0013)
(0.06 0.0076 0.0013)
(0.06 0.0077 0.0013)
(0.06 0.0078 0.0013)
(0.06 0.0079 0.0013)
(0.06 0.008 0.0013)
(0.06 0.0081 0.0013)
(0.06 0.0082 0.0013)
(0.06 0.0083 0.0013)
(0.06 0.0084 0.0013)
(0.06 0.0085 0.0013)
(0.06 0.0086 0.0013)
(0.06 0.0087 0.0013)
(0.06 0.0088 0.0013)
(0.06 0.0089 0.0013)
(0.06 0.009 0.0013)
(0.06 0.0071 0.0014)
(0.06 0.0072 0.0014)
(0.06 0.0073 0.0014)
(0.06 0.0074 0.0014)
(0.06 0.0075 0.0014)
(0.06 0.0076 0.0014)
(0.06 0.0077 0.0014)
(0.06 0.0078 0.0014)
(0.06 0.0079 0.0014)
(0.06 0.008 0.0014)
(0.06 0.0081 0.0014)
(0.06 0.0082 0.0014)
(0.06 0.0083 0.0014)
(0.06 0.0084 0.0014)
(0.06 0.0085 0.0014)
(0.06 0.0086 0.0014)
(0.06 0.0087 0.0014)
(0.06 0.0088 0.0014)
(0.06 0.0089 0.0014)
(0.06 0.009 0.0014)
(0.06 0.0071 0.0015)
(0.06 0.0072 0.0015)
(0.06 0.0073 0.0015)
(0.06 0.0074 0.0015)
(0.06 0.0075 0.0015)
(0.06 0.0076 0.0015)
(0.06 0.0077 0.0015)
(0.06 0.0078 0.0015)
(0.06 0.0079 0.0015)
(0.06 0.008 0.0015)
(0.06 0.0081 0.0015)
(0.06 0.0082 0.0015)
(0.06 0.0083 0.0015)
(0.06 0.0084 0.0015)
(0.06 0.0085 0.0015)
(0.06 0.0086 0.0015)
(0.06 0.0087 0.0015)
(0.06 0.0088 0.0015)
(0.06 0.0089 0.0015)
(0.06 0.009 0.0015)
(0.06 0.0071 0.0016)
(0.06 0.0072 0.0016)
(0.06 0.0073 0.0016)
(0.06 0.0074 0.0016)
(0.06 0.0075 0.0016)
(0.06 0.0076 0.0016)
(0.06 0.0077 0.0016)
(0.06 0.0078 0.0016)
(0.06 0.0079 0.0016)
(0.06 0.008 0.0016)
(0.06 0.0081 0.0016)
(0.06 0.0082 0.0016)
(0.06 0.0083 0.0016)
(0.06 0.0084 0.0016)
(0.06 0.0085 0.0016)
(0.06 0.0086 0.0016)
(0.06 0.0087 0.0016)
(0.06 0.0088 0.0016)
(0.06 0.0089 0.0016)
(0.06 0.009 0.0016)
(0.06 0.0071 0.0017)
(0.06 0.0072 0.0017)
(0.06 0.0073 0.0017)
(0.06 0.0074 0.0017)
(0.06 0.0075 0.0017)
(0.06 0.0076 0.0017)
(0.06 0.0077 0.0017)
(0.06 0.0078 0.0017)
(0.06 0.0079 0.0017)
(0.06 0.008 0.0017)
(0.06 0.0081 0.0017)
(0.06 0.0082 0.0017)
(0.06 0.0083 0.0017)
(0.06 0.0084 0.0017)
(0.06 0.0085 0.0017)
(0.06 0.0086 0.0017)
(0.06 0.0087 0.0017)
(0.06 0.0088 0.0017)
(0.06 0.0089 0.0017)
(0.06 0.009 0.0017)
(0.06 0.0071 0.0018)
(0.06 0.0072 0.0018)
(0.06 0.0073 0.0018)
(0.06 0.0074 0.0018)
(0.06 0.0075 0.0018)
(0.06 0.0076 0.0018)
(0.06 0.0077 0.0018)
(0.06 0.0078 0.0018)
(0.06 0.0079 0.0018)
(0.06 0.008 0.0018)
(0.06 0.0081 0.0018)
(0.06 0.0082 0.0018)
(0.06 0.0083 0.0018)
(0.06 0.0084 0.0018)
(0.06 0.0085 0.0018)
(0.06 0.0086 0.0018)
(0.06 0.0087 0.0018)
(0.06 0.0088 0.0018)
(0.06 0.0089 0.0018)
(0.06 0.009 0.0018)
(0.06 0.0071 0.0019)
(0.06 0.0072 0.0019)
(0.06 0.0073 0.0019)
(0.06 0.0074 0.0019)
(0.06 0.0075 0.0019)
(0.06 0.0076 0.0019)
(0.06 0.0077 0.0019)
(0.06 0.0078 0.0019)
(0.06 0.0079 0.0019)
(0.06 0.008 0.0019)
(0.06 0.0081 0.0019)
(0.06 0.0082 0.0019)
(0.06 0.0083 0.0019)
(0.06 0.0084 0.0019)
(0.06 0.0085 0.0019)
(0.06 0.0086 0.0019)
(0.06 0.0087 0.0019)
(0.06 0.0088 0.0019)
(0.06 0.0089 0.0019)
(0.06 0.009 0.0019)
(0.06 0.0071 0.002)
(0.06 0.0072 0.002)
(0.06 0.0073 0.002)
(0.06 0.0074 0.002)
(0.06 0.0075 0.002)
(0.06 0.0076 0.002)
(0.06 0.0077 0.002)
(0.06 0.0078 0.002)
(0.06 0.0079 0.002)
(0.06 0.008 0.002)
(0.06 0.0081 0.002)
(0.06 0.0082 0.002)
(0.06 0.0083 0.002)
(0.06 0.0084 0.002)
(0.06 0.0085 0.002)
(0.06 0.0086 0.002)
(0.06 0.0087 0.002)
(0.06 0.0088 0.002)
(0.06 0.0089 0.002)
(0.06 0.009 0.002)
(0.06 0.0071 0.0021)
(0.06 0.0072 0.0021)
(0.06 0.0073 0.0021)
(0.06 0.0074 0.0021)
(0.06 0.0075 0.0021)
(0.06 0.0076 0.0021)
(0.06 0.0077 0.0021)
(0.06 0.0078 0.0021)
(0.06 0.0079 0.0021)
(0.06 0.008 0.0021)
(0.06 0.0081 0.0021)
(0.06 0.0082 0.0021)
(0.06 0.0083 0.0021)
(0.06 0.0084 0.0021)
(0.06 0.0085 0.0021)
(0.06 0.0086 0.0021)
(0.06 0.0087 0.0021)
(0.06 0.0088 0.0021)
(0.06 0.0089 0.0021)
(0.06 0.009 0.0021)
(0.06 0.0071 0.0022)
(0.06 0.0072 0.0022)
(0.06 0.0073 0.0022)
(0.06 0.0074 0.0022)
(0.06 0.0075 0.0022)
(0.06 0.0076 0.0022)
(0.06 0.0077 0.0022)
(0.06 0.0078 0.0022)
(0.06 0.0079 0.0022)
(0.06 0.008 0.0022)
(0.06 0.0081 0.0022)
(0.06 0.0082 0.0022)
(0.06 0.0083 0.0022)
(0.06 0.0084 0.0022)
(0.06 0.0085 0.0022)
(0.06 0.0086 0.0022)
(0.06 0.0087 0.0022)
(0.06 0.0088 0.0022)
(0.06 0.0089 0.0022)
(0.06 0.009 0.0022)
(0.06 0.0071 0.0023)
(0.06 0.0072 0.0023)
(0.06 0.0073 0.0023)
(0.06 0.0074 0.0023)
(0.06 0.0075 0.0023)
(0.06 0.0076 0.0023)
(0.06 0.0077 0.0023)
(0.06 0.0078 0.0023)
(0.06 0.0079 0.0023)
(0.06 0.008 0.0023)
(0.06 0.0081 0.0023)
(0.06 0.0082 0.0023)
(0.06 0.0083 0.0023)
(0.06 0.0084 0.0023)
(0.06 0.0085 0.0023)
(0.06 0.0086 0.0023)
(0.06 0.0087 0.0023)
(0.06 0.0088 0.0023)
(0.06 0.0089 0.0023)
(0.06 0.009 0.0023)
(0.06 0.0071 0.0024)
(0.06 0.0072 0.0024)
(0.06 0.0073 0.0024)
(0.06 0.0074 0.0024)
(0.06 0.0075 0.0024)
(0.06 0.0076 0.0024)
(0.06 0.0077 0.0024)
(0.06 0.0078 0.0024)
(0.06 0.0079 0.0024)
(0.06 0.008 0.0024)
(0.06 0.0081 0.0024)
(0.06 0.0082 0.0024)
(0.06 0.0083 0.0024)
(0.06 0.0084 0.0024)
(0.06 0.0085 0.0024)
(0.06 0.0086 0.0024)
(0.06 0.0087 0.0024)
(0.06 0.0088 0.0024)
(0.06 0.0089 0.0024)
(0.06 0.009 0.0024)
(0.06 0.0071 0.0025)
(0.06 0.0072 0.0025)
(0.06 0.0073 0.0025)
(0.06 0.0074 0.0025)
(0.06 0.0075 0.0025)
(0.06 0.0076 0.0025)
(0.06 0.0077 0.0025)
(0.06 0.0078 0.0025)
(0.06 0.0079 0.0025)
(0.06 0.008 0.0025)
(0.06 0.0081 0.0025)
(0.06 0.0082 0.0025)
(0.06 0.0083 0.0025)
(0.06 0.0084 0.0025)
(0.06 0.0085 0.0025)
(0.06 0.0086 0.0025)
(0.06 0.0087 0.0025)
(0.06 0.0088 0.0025)
(0.06 0.0089 0.0025)
(0.06 0.009 0.0025)
(0.06 0.0071 0.0026)
(0.06 0.0072 0.0026)
(0.06 0.0073 0.0026)
(0.06 0.0074 0.0026)
(0.06 0.0075 0.0026)
(0.06 0.0076 0.0026)
(0.06 0.0077 0.0026)
(0.06 0.0078 0.0026)
(0.06 0.0079 0.0026)
(0.06 0.008 0.0026)
(0.06 0.0081 0.0026)
(0.06 0.0082 0.0026)
(0.06 0.0083 0.0026)
(0.06 0.0084 0.0026)
(0.06 0.0085 0.0026)
(0.06 0.0086 0.0026)
(0.06 0.0087 0.0026)
(0.06 0.0088 0.0026)
(0.06 0.0089 0.0026)
(0.06 0.009 0.0026)
(0.06 0.0071 0.0027)
(0.06 0.0072 0.0027)
(0.06 0.0073 0.0027)
(0.06 0.0074 0.0027)
(0.06 0.0075 0.0027)
(0.06 0.0076 0.0027)
(0.06 0.0077 0.0027)
(0.06 0.0078 0.0027)
(0.06 0.0079 0.0027)
(0.06 0.008 0.0027)
(0.06 0.0081 0.0027)
(0.06 0.0082 0.0027)
(0.06 0.0083 0.0027)
(0.06 0.0084 0.0027)
(0.06 0.0085 0.0027)
(0.06 0.0086 0.0027)
(0.06 0.0087 0.0027)
(0.06 0.0088 0.0027)
(0.06 0.0089 0.0027)
(0.06 0.009 0.0027)
(0.06 0.0071 0.0028)
(0.06 0.0072 0.0028)
(0.06 0.0073 0.0028)
(0.06 0.0074 0.0028)
(0.06 0.0075 0.0028)
(0.06 0.0076 0.0028)
(0.06 0.0077 0.0028)
(0.06 0.0078 0.0028)
(0.06 0.0079 0.0028)
(0.06 0.008 0.0028)
(0.06 0.0081 0.0028)
(0.06 0.0082 0.0028)
(0.06 0.0083 0.0028)
(0.06 0.0084 0.0028)
(0.06 0.0085 0.0028)
(0.06 0.0086 0.0028)
(0.06 0.0087 0.0028)
(0.06 0.0088 0.0028)
(0.06 0.0089 0.0028)
(0.06 0.009 0.0028)
(0.06 0.0071 0.0029)
(0.06 0.0072 0.0029)
(0.06 0.0073 0.0029)
(0.06 0.0074 0.0029)
(0.06 0.0075 0.0029)
(0.06 0.0076 0.0029)
(0.06 0.0077 0.0029)
(0.06 0.0078 0.0029)
(0.06 0.0079 0.0029)
(0.06 0.008 0.0029)
(0.06 0.0081 0.0029)
(0.06 0.0082 0.0029)
(0.06 0.0083 0.0029)
(0.06 0.0084 0.0029)
(0.06 0.0085 0.0029)
(0.06 0.0086 0.0029)
(0.06 0.0087 0.0029)
(0.06 0.0088 0.0029)
(0.06 0.0089 0.0029)
(0.06 0.009 0.0029)
(0.06 0.0071 0.003)
(0.06 0.0072 0.003)
(0.06 0.0073 0.003)
(0.06 0.0074 0.003)
(0.06 0.0075 0.003)
(0.06 0.0076 0.003)
(0.06 0.0077 0.003)
(0.06 0.0078 0.003)
(0.06 0.0079 0.003)
(0.06 0.008 0.003)
(0.06 0.0081 0.003)
(0.06 0.0082 0.003)
(0.06 0.0083 0.003)
(0.06 0.0084 0.003)
(0.06 0.0085 0.003)
(0.06 0.0086 0.003)
(0.06 0.0087 0.003)
(0.06 0.0088 0.003)
(0.06 0.0089 0.003)
(0.06 0.009 0.003)
(0.061666667 0.0071 0.0011)
(0.061666667 0.0072 0.0011)
(0.061666667 0.0073 0.0011)
(0.061666667 0.0074 0.0011)
(0.061666667 0.0075 0.0011)
(0.061666667 0.0076 0.0011)
(0.061666667 0.0077 0.0011)
(0.061666667 0.0078 0.0011)
(0.061666667 0.0079 0.0011)
(0.061666667 0.008 0.0011)
(0.061666667 0.0081 0.0011)
(0.061666667 0.0082 0.0011)
(0.061666667 0.0083 0.0011)
(0.061666667 0.0084 0.0011)
(0.061666667 0.0085 0.0011)
(0.061666667 0.0086 0.0011)
(0.061666667 0.0087 0.0011)
(0.061666667 0.0088 0.0011)
(0.061666667 0.0089 0.0011)
(0.061666667 0.009 0.0011)
(0.061666667 0.0071 0.0012)
(0.061666667 0.0072 0.0012)
(0.061666667 0.0073 0.0012)
(0.061666667 0.0074 0.0012)
(0.061666667 0.0075 0.0012)
(0.061666667 0.0076 0.0012)
(0.061666667 0.0077 0.0012)
(0.061666667 0.0078 0.0012)
(0.061666667 0.0079 0.0012)
(0.061666667 0.008 0.0012)
(0.061666667 0.0081 0.0012)
(0.061666667 0.0082 0.0012)
(0.061666667 0.0083 0.0012)
(0.061666667 0.0084 0.0012)
(0.061666667 0.0085 0.0012)
(0.061666667 0.0086 0.0012)
(0.061666667 0.0087 0.0012)
(0.061666667 0.0088 0.0012)
(0.061666667 0.0089 0.0012)
(0.061666667 0.009 0.0012)
(0.061666667 0.0071 0.0013)
(0.061666667 0.0072 0.0013)
(0.061666667 0.0073 0.0013)
(0.061666667 0.0074 0.0013)
(0.061666667 0.0075 0.0013)
(0.061666667 0.0076 0.0013)
(0.061666667 0.0077 0.0013)
(0.061666667 0.0078 0.0013)
(0.061666667 0.0079 0.0013)
(0.061666667 0.008 0.0013)
(0.061666667 0.0081 0.0013)
(0.061666667 0.0082 0.0013)
(0.061666667 0.0083 0.0013)
(0.061666667 0.0084 0.0013)
(0.061666667 0.0085 0.0013)
(0.061666667 0.0086 0.0013)
(0.061666667 0.0087 0.0013)
(0.061666667 0.0088 0.0013)
(0.061666667 0.0089 0.0013)
(0.061666667 0.009 0.0013)
(0.061666667 0.0071 0.0014)
(0.061666667 0.0072 0.0014)
(0.061666667 0.0073 0.0014)
(0.061666667 0.0074 0.0014)
(0.061666667 0.0075 0.0014)
(0.061666667 0.0076 0.0014)
(0.061666667 0.0077 0.0014)
(0.061666667 0.0078 0.0014)
(0.061666667 0.0079 0.0014)
(0.061666667 0.008 0.0014)
(0.061666667 0.0081 0.0014)
(0.061666667 0.0082 0.0014)
(0.061666667 0.0083 0.0014)
(0.061666667 0.0084 0.0014)
(0.061666667 0.0085 0.0014)
(0.061666667 0.0086 0.0014)
(0.061666667 0.0087 0.0014)
(0.061666667 0.0088 0.0014)
(0.061666667 0.0089 0.0014)
(0.061666667 0.009 0.0014)
(0.061666667 0.0071 0.0015)
(0.061666667 0.0072 0.0015)
(0.061666667 0.0073 0.0015)
(0.061666667 0.0074 0.0015)
(0.061666667 0.0075 0.0015)
(0.061666667 0.0076 0.0015)
(0.061666667 0.0077 0.0015)
(0.061666667 0.0078 0.0015)
(0.061666667 0.0079 0.0015)
(0.061666667 0.008 0.0015)
(0.061666667 0.0081 0.0015)
(0.061666667 0.0082 0.0015)
(0.061666667 0.0083 0.0015)
(0.061666667 0.0084 0.0015)
(0.061666667 0.0085 0.0015)
(0.061666667 0.0086 0.0015)
(0.061666667 0.0087 0.0015)
(0.061666667 0.0088 0.0015)
(0.061666667 0.0089 0.0015)
(0.061666667 0.009 0.0015)
(0.061666667 0.0071 0.0016)
(0.061666667 0.0072 0.0016)
(0.061666667 0.0073 0.0016)
(0.061666667 0.0074 0.0016)
(0.061666667 0.0075 0.0016)
(0.061666667 0.0076 0.0016)
(0.061666667 0.0077 0.0016)
(0.061666667 0.0078 0.0016)
(0.061666667 0.0079 0.0016)
(0.061666667 0.008 0.0016)
(0.061666667 0.0081 0.0016)
(0.061666667 0.0082 0.0016)
(0.061666667 0.0083 0.0016)
(0.061666667 0.0084 0.0016)
(0.061666667 0.0085 0.0016)
(0.061666667 0.0086 0.0016)
(0.061666667 0.0087 0.0016)
(0.061666667 0.0088 0.0016)
(0.061666667 0.0089 0.0016)
(0.061666667 0.009 0.0016)
(0.061666667 0.0071 0.0017)
(0.061666667 0.0072 0.0017)
(0.061666667 0.0073 0.0017)
(0.061666667 0.0074 0.0017)
(0.061666667 0.0075 0.0017)
(0.061666667 0.0076 0.0017)
(0.061666667 0.0077 0.0017)
(0.061666667 0.0078 0.0017)
(0.061666667 0.0079 0.0017)
(0.061666667 0.008 0.0017)
(0.061666667 0.0081 0.0017)
(0.061666667 0.0082 0.0017)
(0.061666667 0.0083 0.0017)
(0.061666667 0.0084 0.0017)
(0.061666667 0.0085 0.0017)
(0.061666667 0.0086 0.0017)
(0.061666667 0.0087 0.0017)
(0.061666667 0.0088 0.0017)
(0.061666667 0.0089 0.0017)
(0.061666667 0.009 0.0017)
(0.061666667 0.0071 0.0018)
(0.061666667 0.0072 0.0018)
(0.061666667 0.0073 0.0018)
(0.061666667 0.0074 0.0018)
(0.061666667 0.0075 0.0018)
(0.061666667 0.0076 0.0018)
(0.061666667 0.0077 0.0018)
(0.061666667 0.0078 0.0018)
(0.061666667 0.0079 0.0018)
(0.061666667 0.008 0.0018)
(0.061666667 0.0081 0.0018)
(0.061666667 0.0082 0.0018)
(0.061666667 0.0083 0.0018)
(0.061666667 0.0084 0.0018)
(0.061666667 0.0085 0.0018)
(0.061666667 0.0086 0.0018)
(0.061666667 0.0087 0.0018)
(0.061666667 0.0088 0.0018)
(0.061666667 0.0089 0.0018)
(0.061666667 0.009 0.0018)
(0.061666667 0.0071 0.0019)
(0.061666667 0.0072 0.0019)
(0.061666667 0.0073 0.0019)
(0.061666667 0.0074 0.0019)
(0.061666667 0.0075 0.0019)
(0.061666667 0.0076 0.0019)
(0.061666667 0.0077 0.0019)
(0.061666667 0.0078 0.0019)
(0.061666667 0.0079 0.0019)
(0.061666667 0.008 0.0019)
(0.061666667 0.0081 0.0019)
(0.061666667 0.0082 0.0019)
(0.061666667 0.0083 0.0019)
(0.061666667 0.0084 0.0019)
(0.061666667 0.0085 0.0019)
(0.061666667 0.0086 0.0019)
(0.061666667 0.0087 0.0019)
(0.061666667 0.0088 0.0019)
(0.061666667 0.0089 0.0019)
(0.061666667 0.009 0.0019)
(0.061666667 0.0071 0.002)
(0.061666667 0.0072 0.002)
(0.061666667 0.0073 0.002)
(0.061666667 0.0074 0.002)
(0.061666667 0.0075 0.002)
(0.061666667 0.0076 0.002)
(0.061666667 0.0077 0.002)
(0.061666667 0.0078 0.002)
(0.061666667 0.0079 0.002)
(0.061666667 0.008 0.002)
(0.061666667 0.0081 0.002)
(0.061666667 0.0082 0.002)
(0.061666667 0.0083 0.002)
(0.061666667 0.0084 0.002)
(0.061666667 0.0085 0.002)
(0.061666667 0.0086 0.002)
(0.061666667 0.0087 0.002)
(0.061666667 0.0088 0.002)
(0.061666667 0.0089 0.002)
(0.061666667 0.009 0.002)
(0.061666667 0.0071 0.0021)
(0.061666667 0.0072 0.0021)
(0.061666667 0.0073 0.0021)
(0.061666667 0.0074 0.0021)
(0.061666667 0.0075 0.0021)
(0.061666667 0.0076 0.0021)
(0.061666667 0.0077 0.0021)
(0.061666667 0.0078 0.0021)
(0.061666667 0.0079 0.0021)
(0.061666667 0.008 0.0021)
(0.061666667 0.0081 0.0021)
(0.061666667 0.0082 0.0021)
(0.061666667 0.0083 0.0021)
(0.061666667 0.0084 0.0021)
(0.061666667 0.0085 0.0021)
(0.061666667 0.0086 0.0021)
(0.061666667 0.0087 0.0021)
(0.061666667 0.0088 0.0021)
(0.061666667 0.0089 0.0021)
(0.061666667 0.009 0.0021)
(0.061666667 0.0071 0.0022)
(0.061666667 0.0072 0.0022)
(0.061666667 0.0073 0.0022)
(0.061666667 0.0074 0.0022)
(0.061666667 0.0075 0.0022)
(0.061666667 0.0076 0.0022)
(0.061666667 0.0077 0.0022)
(0.061666667 0.0078 0.0022)
(0.061666667 0.0079 0.0022)
(0.061666667 0.008 0.0022)
(0.061666667 0.0081 0.0022)
(0.061666667 0.0082 0.0022)
(0.061666667 0.0083 0.0022)
(0.061666667 0.0084 0.0022)
(0.061666667 0.0085 0.0022)
(0.061666667 0.0086 0.0022)
(0.061666667 0.0087 0.0022)
(0.061666667 0.0088 0.0022)
(0.061666667 0.0089 0.0022)
(0.061666667 0.009 0.0022)
(0.061666667 0.0071 0.0023)
(0.061666667 0.0072 0.0023)
(0.061666667 0.0073 0.0023)
(0.061666667 0.0074 0.0023)
(0.061666667 0.0075 0.0023)
(0.061666667 0.0076 0.0023)
(0.061666667 0.0077 0.0023)
(0.061666667 0.0078 0.0023)
(0.061666667 0.0079 0.0023)
(0.061666667 0.008 0.0023)
(0.061666667 0.0081 0.0023)
(0.061666667 0.0082 0.0023)
(0.061666667 0.0083 0.0023)
(0.061666667 0.0084 0.0023)
(0.061666667 0.0085 0.0023)
(0.061666667 0.0086 0.0023)
(0.061666667 0.0087 0.0023)
(0.061666667 0.0088 0.0023)
(0.061666667 0.0089 0.0023)
(0.061666667 0.009 0.0023)
(0.061666667 0.0071 0.0024)
(0.061666667 0.0072 0.0024)
(0.061666667 0.0073 0.0024)
(0.061666667 0.0074 0.0024)
(0.061666667 0.0075 0.0024)
(0.061666667 0.0076 0.0024)
(0.061666667 0.0077 0.0024)
(0.061666667 0.0078 0.0024)
(0.061666667 0.0079 0.0024)
(0.061666667 0.008 0.0024)
(0.061666667 0.0081 0.0024)
(0.061666667 0.0082 0.0024)
(0.061666667 0.0083 0.0024)
(0.061666667 0.0084 0.0024)
(0.061666667 0.0085 0.0024)
(0.061666667 0.0086 0.0024)
(0.061666667 0.0087 0.0024)
(0.061666667 0.0088 0.0024)
(0.061666667 0.0089 0.0024)
(0.061666667 0.009 0.0024)
(0.061666667 0.0071 0.0025)
(0.061666667 0.0072 0.0025)
(0.061666667 0.0073 0.0025)
(0.061666667 0.0074 0.0025)
(0.061666667 0.0075 0.0025)
(0.061666667 0.0076 0.0025)
(0.061666667 0.0077 0.0025)
(0.061666667 0.0078 0.0025)
(0.061666667 0.0079 0.0025)
(0.061666667 0.008 0.0025)
(0.061666667 0.0081 0.0025)
(0.061666667 0.0082 0.0025)
(0.061666667 0.0083 0.0025)
(0.061666667 0.0084 0.0025)
(0.061666667 0.0085 0.0025)
(0.061666667 0.0086 0.0025)
(0.061666667 0.0087 0.0025)
(0.061666667 0.0088 0.0025)
(0.061666667 0.0089 0.0025)
(0.061666667 0.009 0.0025)
(0.061666667 0.0071 0.0026)
(0.061666667 0.0072 0.0026)
(0.061666667 0.0073 0.0026)
(0.061666667 0.0074 0.0026)
(0.061666667 0.0075 0.0026)
(0.061666667 0.0076 0.0026)
(0.061666667 0.0077 0.0026)
(0.061666667 0.0078 0.0026)
(0.061666667 0.0079 0.0026)
(0.061666667 0.008 0.0026)
(0.061666667 0.0081 0.0026)
(0.061666667 0.0082 0.0026)
(0.061666667 0.0083 0.0026)
(0.061666667 0.0084 0.0026)
(0.061666667 0.0085 0.0026)
(0.061666667 0.0086 0.0026)
(0.061666667 0.0087 0.0026)
(0.061666667 0.0088 0.0026)
(0.061666667 0.0089 0.0026)
(0.061666667 0.009 0.0026)
(0.061666667 0.0071 0.0027)
(0.061666667 0.0072 0.0027)
(0.061666667 0.0073 0.0027)
(0.061666667 0.0074 0.0027)
(0.061666667 0.0075 0.0027)
(0.061666667 0.0076 0.0027)
(0.061666667 0.0077 0.0027)
(0.061666667 0.0078 0.0027)
(0.061666667 0.0079 0.0027)
(0.061666667 0.008 0.0027)
(0.061666667 0.0081 0.0027)
(0.061666667 0.0082 0.0027)
(0.061666667 0.0083 0.0027)
(0.061666667 0.0084 0.0027)
(0.061666667 0.0085 0.0027)
(0.061666667 0.0086 0.0027)
(0.061666667 0.0087 0.0027)
(0.061666667 0.0088 0.0027)
(0.061666667 0.0089 0.0027)
(0.061666667 0.009 0.0027)
(0.061666667 0.0071 0.0028)
(0.061666667 0.0072 0.0028)
(0.061666667 0.0073 0.0028)
(0.061666667 0.0074 0.0028)
(0.061666667 0.0075 0.0028)
(0.061666667 0.0076 0.0028)
(0.061666667 0.0077 0.0028)
(0.061666667 0.0078 0.0028)
(0.061666667 0.0079 0.0028)
(0.061666667 0.008 0.0028)
(0.061666667 0.0081 0.0028)
(0.061666667 0.0082 0.0028)
(0.061666667 0.0083 0.0028)
(0.061666667 0.0084 0.0028)
(0.061666667 0.0085 0.0028)
(0.061666667 0.0086 0.0028)
(0.061666667 0.0087 0.0028)
(0.061666667 0.0088 0.0028)
(0.061666667 0.0089 0.0028)
(0.061666667 0.009 0.0028)
(0.061666667 0.0071 0.0029)
(0.061666667 0.0072 0.0029)
(0.061666667 0.0073 0.0029)
(0.061666667 0.0074 0.0029)
(0.061666667 0.0075 0.0029)
(0.061666667 0.0076 0.0029)
(0.061666667 0.0077 0.0029)
(0.061666667 0.0078 0.0029)
(0.061666667 0.0079 0.0029)
(0.061666667 0.008 0.0029)
(0.061666667 0.0081 0.0029)
(0.061666667 0.0082 0.0029)
(0.061666667 0.0083 0.0029)
(0.061666667 0.0084 0.0029)
(0.061666667 0.0085 0.0029)
(0.061666667 0.0086 0.0029)
(0.061666667 0.0087 0.0029)
(0.061666667 0.0088 0.0029)
(0.061666667 0.0089 0.0029)
(0.061666667 0.009 0.0029)
(0.061666667 0.0071 0.003)
(0.061666667 0.0072 0.003)
(0.061666667 0.0073 0.003)
(0.061666667 0.0074 0.003)
(0.061666667 0.0075 0.003)
(0.061666667 0.0076 0.003)
(0.061666667 0.0077 0.003)
(0.061666667 0.0078 0.003)
(0.061666667 0.0079 0.003)
(0.061666667 0.008 0.003)
(0.061666667 0.0081 0.003)
(0.061666667 0.0082 0.003)
(0.061666667 0.0083 0.003)
(0.061666667 0.0084 0.003)
(0.061666667 0.0085 0.003)
(0.061666667 0.0086 0.003)
(0.061666667 0.0087 0.003)
(0.061666667 0.0088 0.003)
(0.061666667 0.0089 0.003)
(0.061666667 0.009 0.003)
(0.063333333 0.0071 0.0011)
(0.063333333 0.0072 0.0011)
(0.063333333 0.0073 0.0011)
(0.063333333 0.0074 0.0011)
(0.063333333 0.0075 0.0011)
(0.063333333 0.0076 0.0011)
(0.063333333 0.0077 0.0011)
(0.063333333 0.0078 0.0011)
(0.063333333 0.0079 0.0011)
(0.063333333 0.008 0.0011)
(0.063333333 0.0081 0.0011)
(0.063333333 0.0082 0.0011)
(0.063333333 0.0083 0.0011)
(0.063333333 0.0084 0.0011)
(0.063333333 0.0085 0.0011)
(0.063333333 0.0086 0.0011)
(0.063333333 0.0087 0.0011)
(0.063333333 0.0088 0.0011)
(0.063333333 0.0089 0.0011)
(0.063333333 0.009 0.0011)
(0.063333333 0.0071 0.0012)
(0.063333333 0.0072 0.0012)
(0.063333333 0.0073 0.0012)
(0.063333333 0.0074 0.0012)
(0.063333333 0.0075 0.0012)
(0.063333333 0.0076 0.0012)
(0.063333333 0.0077 0.0012)
(0.063333333 0.0078 0.0012)
(0.063333333 0.0079 0.0012)
(0.063333333 0.008 0.0012)
(0.063333333 0.0081 0.0012)
(0.063333333 0.0082 0.0012)
(0.063333333 0.0083 0.0012)
(0.063333333 0.0084 0.0012)
(0.063333333 0.0085 0.0012)
(0.063333333 0.0086 0.0012)
(0.063333333 0.0087 0.0012)
(0.063333333 0.0088 0.0012)
(0.063333333 0.0089 0.0012)
(0.063333333 0.009 0.0012)
(0.063333333 0.0071 0.0013)
(0.063333333 0.0072 0.0013)
(0.063333333 0.0073 0.0013)
(0.063333333 0.0074 0.0013)
(0.063333333 0.0075 0.0013)
(0.063333333 0.0076 0.0013)
(0.063333333 0.0077 0.0013)
(0.063333333 0.0078 0.0013)
(0.063333333 0.0079 0.0013)
(0.063333333 0.008 0.0013)
(0.063333333 0.0081 0.0013)
(0.063333333 0.0082 0.0013)
(0.063333333 0.0083 0.0013)
(0.063333333 0.0084 0.0013)
(0.063333333 0.0085 0.0013)
(0.063333333 0.0086 0.0013)
(0.063333333 0.0087 0.0013)
(0.063333333 0.0088 0.0013)
(0.063333333 0.0089 0.0013)
(0.063333333 0.009 0.0013)
(0.063333333 0.0071 0.0014)
(0.063333333 0.0072 0.0014)
(0.063333333 0.0073 0.0014)
(0.063333333 0.0074 0.0014)
(0.063333333 0.0075 0.0014)
(0.063333333 0.0076 0.0014)
(0.063333333 0.0077 0.0014)
(0.063333333 0.0078 0.0014)
(0.063333333 0.0079 0.0014)
(0.063333333 0.008 0.0014)
(0.063333333 0.0081 0.0014)
(0.063333333 0.0082 0.0014)
(0.063333333 0.0083 0.0014)
(0.063333333 0.0084 0.0014)
(0.063333333 0.0085 0.0014)
(0.063333333 0.0086 0.0014)
(0.063333333 0.0087 0.0014)
(0.063333333 0.0088 0.0014)
(0.063333333 0.0089 0.0014)
(0.063333333 0.009 0.0014)
(0.063333333 0.0071 0.0015)
(0.063333333 0.0072 0.0015)
(0.063333333 0.0073 0.0015)
(0.063333333 0.0074 0.0015)
(0.063333333 0.0075 0.0015)
(0.063333333 0.0076 0.0015)
(0.063333333 0.0077 0.0015)
(0.063333333 0.0078 0.0015)
(0.063333333 0.0079 0.0015)
(0.063333333 0.008 0.0015)
(0.063333333 0.0081 0.0015)
(0.063333333 0.0082 0.0015)
(0.063333333 0.0083 0.0015)
(0.063333333 0.0084 0.0015)
(0.063333333 0.0085 0.0015)
(0.063333333 0.0086 0.0015)
(0.063333333 0.0087 0.0015)
(0.063333333 0.0088 0.0015)
(0.063333333 0.0089 0.0015)
(0.063333333 0.009 0.0015)
(0.063333333 0.0071 0.0016)
(0.063333333 0.0072 0.0016)
(0.063333333 0.0073 0.0016)
(0.063333333 0.0074 0.0016)
(0.063333333 0.0075 0.0016)
(0.063333333 0.0076 0.0016)
(0.063333333 0.0077 0.0016)
(0.063333333 0.0078 0.0016)
(0.063333333 0.0079 0.0016)
(0.063333333 0.008 0.0016)
(0.063333333 0.0081 0.0016)
(0.063333333 0.0082 0.0016)
(0.063333333 0.0083 0.0016)
(0.063333333 0.0084 0.0016)
(0.063333333 0.0085 0.0016)
(0.063333333 0.0086 0.0016)
(0.063333333 0.0087 0.0016)
(0.063333333 0.0088 0.0016)
(0.063333333 0.0089 0.0016)
(0.063333333 0.009 0.0016)
(0.063333333 0.0071 0.0017)
(0.063333333 0.0072 0.0017)
(0.063333333 0.0073 0.0017)
(0.063333333 0.0074 0.0017)
(0.063333333 0.0075 0.0017)
(0.063333333 0.0076 0.0017)
(0.063333333 0.0077 0.0017)
(0.063333333 0.0078 0.0017)
(0.063333333 0.0079 0.0017)
(0.063333333 0.008 0.0017)
(0.063333333 0.0081 0.0017)
(0.063333333 0.0082 0.0017)
(0.063333333 0.0083 0.0017)
(0.063333333 0.0084 0.0017)
(0.063333333 0.0085 0.0017)
(0.063333333 0.0086 0.0017)
(0.063333333 0.0087 0.0017)
(0.063333333 0.0088 0.0017)
(0.063333333 0.0089 0.0017)
(0.063333333 0.009 0.0017)
(0.063333333 0.0071 0.0018)
(0.063333333 0.0072 0.0018)
(0.063333333 0.0073 0.0018)
(0.063333333 0.0074 0.0018)
(0.063333333 0.0075 0.0018)
(0.063333333 0.0076 0.0018)
(0.063333333 0.0077 0.0018)
(0.063333333 0.0078 0.0018)
(0.063333333 0.0079 0.0018)
(0.063333333 0.008 0.0018)
(0.063333333 0.0081 0.0018)
(0.063333333 0.0082 0.0018)
(0.063333333 0.0083 0.0018)
(0.063333333 0.0084 0.0018)
(0.063333333 0.0085 0.0018)
(0.063333333 0.0086 0.0018)
(0.063333333 0.0087 0.0018)
(0.063333333 0.0088 0.0018)
(0.063333333 0.0089 0.0018)
(0.063333333 0.009 0.0018)
(0.063333333 0.0071 0.0019)
(0.063333333 0.0072 0.0019)
(0.063333333 0.0073 0.0019)
(0.063333333 0.0074 0.0019)
(0.063333333 0.0075 0.0019)
(0.063333333 0.0076 0.0019)
(0.063333333 0.0077 0.0019)
(0.063333333 0.0078 0.0019)
(0.063333333 0.0079 0.0019)
(0.063333333 0.008 0.0019)
(0.063333333 0.0081 0.0019)
(0.063333333 0.0082 0.0019)
(0.063333333 0.0083 0.0019)
(0.063333333 0.0084 0.0019)
(0.063333333 0.0085 0.0019)
(0.063333333 0.0086 0.0019)
(0.063333333 0.0087 0.0019)
(0.063333333 0.0088 0.0019)
(0.063333333 0.0089 0.0019)
(0.063333333 0.009 0.0019)
(0.063333333 0.0071 0.002)
(0.063333333 0.0072 0.002)
(0.063333333 0.0073 0.002)
(0.063333333 0.0074 0.002)
(0.063333333 0.0075 0.002)
(0.063333333 0.0076 0.002)
(0.063333333 0.0077 0.002)
(0.063333333 0.0078 0.002)
(0.063333333 0.0079 0.002)
(0.063333333 0.008 0.002)
(0.063333333 0.0081 0.002)
(0.063333333 0.0082 0.002)
(0.063333333 0.0083 0.002)
(0.063333333 0.0084 0.002)
(0.063333333 0.0085 0.002)
(0.063333333 0.0086 0.002)
(0.063333333 0.0087 0.002)
(0.063333333 0.0088 0.002)
(0.063333333 0.0089 0.002)
(0.063333333 0.009 0.002)
(0.063333333 0.0071 0.0021)
(0.063333333 0.0072 0.0021)
(0.063333333 0.0073 0.0021)
(0.063333333 0.0074 0.0021)
(0.063333333 0.0075 0.0021)
(0.063333333 0.0076 0.0021)
(0.063333333 0.0077 0.0021)
(0.063333333 0.0078 0.0021)
(0.063333333 0.0079 0.0021)
(0.063333333 0.008 0.0021)
(0.063333333 0.0081 0.0021)
(0.063333333 0.0082 0.0021)
(0.063333333 0.0083 0.0021)
(0.063333333 0.0084 0.0021)
(0.063333333 0.0085 0.0021)
(0.063333333 0.0086 0.0021)
(0.063333333 0.0087 0.0021)
(0.063333333 0.0088 0.0021)
(0.063333333 0.0089 0.0021)
(0.063333333 0.009 0.0021)
(0.063333333 0.0071 0.0022)
(0.063333333 0.0072 0.0022)
(0.063333333 0.0073 0.0022)
(0.063333333 0.0074 0.0022)
(0.063333333 0.0075 0.0022)
(0.063333333 0.0076 0.0022)
(0.063333333 0.0077 0.0022)
(0.063333333 0.0078 0.0022)
(0.063333333 0.0079 0.0022)
(0.063333333 0.008 0.0022)
(0.063333333 0.0081 0.0022)
(0.063333333 0.0082 0.0022)
(0.063333333 0.0083 0.0022)
(0.063333333 0.0084 0.0022)
(0.063333333 0.0085 0.0022)
(0.063333333 0.0086 0.0022)
(0.063333333 0.0087 0.0022)
(0.063333333 0.0088 0.0022)
(0.063333333 0.0089 0.0022)
(0.063333333 0.009 0.0022)
(0.063333333 0.0071 0.0023)
(0.063333333 0.0072 0.0023)
(0.063333333 0.0073 0.0023)
(0.063333333 0.0074 0.0023)
(0.063333333 0.0075 0.0023)
(0.063333333 0.0076 0.0023)
(0.063333333 0.0077 0.0023)
(0.063333333 0.0078 0.0023)
(0.063333333 0.0079 0.0023)
(0.063333333 0.008 0.0023)
(0.063333333 0.0081 0.0023)
(0.063333333 0.0082 0.0023)
(0.063333333 0.0083 0.0023)
(0.063333333 0.0084 0.0023)
(0.063333333 0.0085 0.0023)
(0.063333333 0.0086 0.0023)
(0.063333333 0.0087 0.0023)
(0.063333333 0.0088 0.0023)
(0.063333333 0.0089 0.0023)
(0.063333333 0.009 0.0023)
(0.063333333 0.0071 0.0024)
(0.063333333 0.0072 0.0024)
(0.063333333 0.0073 0.0024)
(0.063333333 0.0074 0.0024)
(0.063333333 0.0075 0.0024)
(0.063333333 0.0076 0.0024)
(0.063333333 0.0077 0.0024)
(0.063333333 0.0078 0.0024)
(0.063333333 0.0079 0.0024)
(0.063333333 0.008 0.0024)
(0.063333333 0.0081 0.0024)
(0.063333333 0.0082 0.0024)
(0.063333333 0.0083 0.0024)
(0.063333333 0.0084 0.0024)
(0.063333333 0.0085 0.0024)
(0.063333333 0.0086 0.0024)
(0.063333333 0.0087 0.0024)
(0.063333333 0.0088 0.0024)
(0.063333333 0.0089 0.0024)
(0.063333333 0.009 0.0024)
(0.063333333 0.0071 0.0025)
(0.063333333 0.0072 0.0025)
(0.063333333 0.0073 0.0025)
(0.063333333 0.0074 0.0025)
(0.063333333 0.0075 0.0025)
(0.063333333 0.0076 0.0025)
(0.063333333 0.0077 0.0025)
(0.063333333 0.0078 0.0025)
(0.063333333 0.0079 0.0025)
(0.063333333 0.008 0.0025)
(0.063333333 0.0081 0.0025)
(0.063333333 0.0082 0.0025)
(0.063333333 0.0083 0.0025)
(0.063333333 0.0084 0.0025)
(0.063333333 0.0085 0.0025)
(0.063333333 0.0086 0.0025)
(0.063333333 0.0087 0.0025)
(0.063333333 0.0088 0.0025)
(0.063333333 0.0089 0.0025)
(0.063333333 0.009 0.0025)
(0.063333333 0.0071 0.0026)
(0.063333333 0.0072 0.0026)
(0.063333333 0.0073 0.0026)
(0.063333333 0.0074 0.0026)
(0.063333333 0.0075 0.0026)
(0.063333333 0.0076 0.0026)
(0.063333333 0.0077 0.0026)
(0.063333333 0.0078 0.0026)
(0.063333333 0.0079 0.0026)
(0.063333333 0.008 0.0026)
(0.063333333 0.0081 0.0026)
(0.063333333 0.0082 0.0026)
(0.063333333 0.0083 0.0026)
(0.063333333 0.0084 0.0026)
(0.063333333 0.0085 0.0026)
(0.063333333 0.0086 0.0026)
(0.063333333 0.0087 0.0026)
(0.063333333 0.0088 0.0026)
(0.063333333 0.0089 0.0026)
(0.063333333 0.009 0.0026)
(0.063333333 0.0071 0.0027)
(0.063333333 0.0072 0.0027)
(0.063333333 0.0073 0.0027)
(0.063333333 0.0074 0.0027)
(0.063333333 0.0075 0.0027)
(0.063333333 0.0076 0.0027)
(0.063333333 0.0077 0.0027)
(0.063333333 0.0078 0.0027)
(0.063333333 0.0079 0.0027)
(0.063333333 0.008 0.0027)
(0.063333333 0.0081 0.0027)
(0.063333333 0.0082 0.0027)
(0.063333333 0.0083 0.0027)
(0.063333333 0.0084 0.0027)
(0.063333333 0.0085 0.0027)
(0.063333333 0.0086 0.0027)
(0.063333333 0.0087 0.0027)
(0.063333333 0.0088 0.0027)
(0.063333333 0.0089 0.0027)
(0.063333333 0.009 0.0027)
(0.063333333 0.0071 0.0028)
(0.063333333 0.0072 0.0028)
(0.063333333 0.0073 0.0028)
(0.063333333 0.0074 0.0028)
(0.063333333 0.0075 0.0028)
(0.063333333 0.0076 0.0028)
(0.063333333 0.0077 0.0028)
(0.063333333 0.0078 0.0028)
(0.063333333 0.0079 0.0028)
(0.063333333 0.008 0.0028)
(0.063333333 0.0081 0.0028)
(0.063333333 0.0082 0.0028)
(0.063333333 0.0083 0.0028)
(0.063333333 0.0084 0.0028)
(0.063333333 0.0085 0.0028)
(0.063333333 0.0086 0.0028)
(0.063333333 0.0087 0.0028)
(0.063333333 0.0088 0.0028)
(0.063333333 0.0089 0.0028)
(0.063333333 0.009 0.0028)
(0.063333333 0.0071 0.0029)
(0.063333333 0.0072 0.0029)
(0.063333333 0.0073 0.0029)
(0.063333333 0.0074 0.0029)
(0.063333333 0.0075 0.0029)
(0.063333333 0.0076 0.0029)
(0.063333333 0.0077 0.0029)
(0.063333333 0.0078 0.0029)
(0.063333333 0.0079 0.0029)
(0.063333333 0.008 0.0029)
(0.063333333 0.0081 0.0029)
(0.063333333 0.0082 0.0029)
(0.063333333 0.0083 0.0029)
(0.063333333 0.0084 0.0029)
(0.063333333 0.0085 0.0029)
(0.063333333 0.0086 0.0029)
(0.063333333 0.0087 0.0029)
(0.063333333 0.0088 0.0029)
(0.063333333 0.0089 0.0029)
(0.063333333 0.009 0.0029)
(0.063333333 0.0071 0.003)
(0.063333333 0.0072 0.003)
(0.063333333 0.0073 0.003)
(0.063333333 0.0074 0.003)
(0.063333333 0.0075 0.003)
(0.063333333 0.0076 0.003)
(0.063333333 0.0077 0.003)
(0.063333333 0.0078 0.003)
(0.063333333 0.0079 0.003)
(0.063333333 0.008 0.003)
(0.063333333 0.0081 0.003)
(0.063333333 0.0082 0.003)
(0.063333333 0.0083 0.003)
(0.063333333 0.0084 0.003)
(0.063333333 0.0085 0.003)
(0.063333333 0.0086 0.003)
(0.063333333 0.0087 0.003)
(0.063333333 0.0088 0.003)
(0.063333333 0.0089 0.003)
(0.063333333 0.009 0.003)
(0.065 0.0071 0.0011)
(0.065 0.0072 0.0011)
(0.065 0.0073 0.0011)
(0.065 0.0074 0.0011)
(0.065 0.0075 0.0011)
(0.065 0.0076 0.0011)
(0.065 0.0077 0.0011)
(0.065 0.0078 0.0011)
(0.065 0.0079 0.0011)
(0.065 0.008 0.0011)
(0.065 0.0081 0.0011)
(0.065 0.0082 0.0011)
(0.065 0.0083 0.0011)
(0.065 0.0084 0.0011)
(0.065 0.0085 0.0011)
(0.065 0.0086 0.0011)
(0.065 0.0087 0.0011)
(0.065 0.0088 0.0011)
(0.065 0.0089 0.0011)
(0.065 0.009 0.0011)
(0.065 0.0071 0.0012)
(0.065 0.0072 0.0012)
(0.065 0.0073 0.0012)
(0.065 0.0074 0.0012)
(0.065 0.0075 0.0012)
(0.065 0.0076 0.0012)
(0.065 0.0077 0.0012)
(0.065 0.0078 0.0012)
(0.065 0.0079 0.0012)
(0.065 0.008 0.0012)
(0.065 0.0081 0.0012)
(0.065 0.0082 0.0012)
(0.065 0.0083 0.0012)
(0.065 0.0084 0.0012)
(0.065 0.0085 0.0012)
(0.065 0.0086 0.0012)
(0.065 0.0087 0.0012)
(0.065 0.0088 0.0012)
(0.065 0.0089 0.0012)
(0.065 0.009 0.0012)
(0.065 0.0071 0.0013)
(0.065 0.0072 0.0013)
(0.065 0.0073 0.0013)
(0.065 0.0074 0.0013)
(0.065 0.0075 0.0013)
(0.065 0.0076 0.0013)
(0.065 0.0077 0.0013)
(0.065 0.0078 0.0013)
(0.065 0.0079 0.0013)
(0.065 0.008 0.0013)
(0.065 0.0081 0.0013)
(0.065 0.0082 0.0013)
(0.065 0.0083 0.0013)
(0.065 0.0084 0.0013)
(0.065 0.0085 0.0013)
(0.065 0.0086 0.0013)
(0.065 0.0087 0.0013)
(0.065 0.0088 0.0013)
(0.065 0.0089 0.0013)
(0.065 0.009 0.0013)
(0.065 0.0071 0.0014)
(0.065 0.0072 0.0014)
(0.065 0.0073 0.0014)
(0.065 0.0074 0.0014)
(0.065 0.0075 0.0014)
(0.065 0.0076 0.0014)
(0.065 0.0077 0.0014)
(0.065 0.0078 0.0014)
(0.065 0.0079 0.0014)
(0.065 0.008 0.0014)
(0.065 0.0081 0.0014)
(0.065 0.0082 0.0014)
(0.065 0.0083 0.0014)
(0.065 0.0084 0.0014)
(0.065 0.0085 0.0014)
(0.065 0.0086 0.0014)
(0.065 0.0087 0.0014)
(0.065 0.0088 0.0014)
(0.065 0.0089 0.0014)
(0.065 0.009 0.0014)
(0.065 0.0071 0.0015)
(0.065 0.0072 0.0015)
(0.065 0.0073 0.0015)
(0.065 0.0074 0.0015)
(0.065 0.0075 0.0015)
(0.065 0.0076 0.0015)
(0.065 0.0077 0.0015)
(0.065 0.0078 0.0015)
(0.065 0.0079 0.0015)
(0.065 0.008 0.0015)
(0.065 0.0081 0.0015)
(0.065 0.0082 0.0015)
(0.065 0.0083 0.0015)
(0.065 0.0084 0.0015)
(0.065 0.0085 0.0015)
(0.065 0.0086 0.0015)
(0.065 0.0087 0.0015)
(0.065 0.0088 0.0015)
(0.065 0.0089 0.0015)
(0.065 0.009 0.0015)
(0.065 0.0071 0.0016)
(0.065 0.0072 0.0016)
(0.065 0.0073 0.0016)
(0.065 0.0074 0.0016)
(0.065 0.0075 0.0016)
(0.065 0.0076 0.0016)
(0.065 0.0077 0.0016)
(0.065 0.0078 0.0016)
(0.065 0.0079 0.0016)
(0.065 0.008 0.0016)
(0.065 0.0081 0.0016)
(0.065 0.0082 0.0016)
(0.065 0.0083 0.0016)
(0.065 0.0084 0.0016)
(0.065 0.0085 0.0016)
(0.065 0.0086 0.0016)
(0.065 0.0087 0.0016)
(0.065 0.0088 0.0016)
(0.065 0.0089 0.0016)
(0.065 0.009 0.0016)
(0.065 0.0071 0.0017)
(0.065 0.0072 0.0017)
(0.065 0.0073 0.0017)
(0.065 0.0074 0.0017)
(0.065 0.0075 0.0017)
(0.065 0.0076 0.0017)
(0.065 0.0077 0.0017)
(0.065 0.0078 0.0017)
(0.065 0.0079 0.0017)
(0.065 0.008 0.0017)
(0.065 0.0081 0.0017)
(0.065 0.0082 0.0017)
(0.065 0.0083 0.0017)
(0.065 0.0084 0.0017)
(0.065 0.0085 0.0017)
(0.065 0.0086 0.0017)
(0.065 0.0087 0.0017)
(0.065 0.0088 0.0017)
(0.065 0.0089 0.0017)
(0.065 0.009 0.0017)
(0.065 0.0071 0.0018)
(0.065 0.0072 0.0018)
(0.065 0.0073 0.0018)
(0.065 0.0074 0.0018)
(0.065 0.0075 0.0018)
(0.065 0.0076 0.0018)
(0.065 0.0077 0.0018)
(0.065 0.0078 0.0018)
(0.065 0.0079 0.0018)
(0.065 0.008 0.0018)
(0.065 0.0081 0.0018)
(0.065 0.0082 0.0018)
(0.065 0.0083 0.0018)
(0.065 0.0084 0.0018)
(0.065 0.0085 0.0018)
(0.065 0.0086 0.0018)
(0.065 0.0087 0.0018)
(0.065 0.0088 0.0018)
(0.065 0.0089 0.0018)
(0.065 0.009 0.0018)
(0.065 0.0071 0.0019)
(0.065 0.0072 0.0019)
(0.065 0.0073 0.0019)
(0.065 0.0074 0.0019)
(0.065 0.0075 0.0019)
(0.065 0.0076 0.0019)
(0.065 0.0077 0.0019)
(0.065 0.0078 0.0019)
(0.065 0.0079 0.0019)
(0.065 0.008 0.0019)
(0.065 0.0081 0.0019)
(0.065 0.0082 0.0019)
(0.065 0.0083 0.0019)
(0.065 0.0084 0.0019)
(0.065 0.0085 0.0019)
(0.065 0.0086 0.0019)
(0.065 0.0087 0.0019)
(0.065 0.0088 0.0019)
(0.065 0.0089 0.0019)
(0.065 0.009 0.0019)
(0.065 0.0071 0.002)
(0.065 0.0072 0.002)
(0.065 0.0073 0.002)
(0.065 0.0074 0.002)
(0.065 0.0075 0.002)
(0.065 0.0076 0.002)
(0.065 0.0077 0.002)
(0.065 0.0078 0.002)
(0.065 0.0079 0.002)
(0.065 0.008 0.002)
(0.065 0.0081 0.002)
(0.065 0.0082 0.002)
(0.065 0.0083 0.002)
(0.065 0.0084 0.002)
(0.065 0.0085 0.002)
(0.065 0.0086 0.002)
(0.065 0.0087 0.002)
(0.065 0.0088 0.002)
(0.065 0.0089 0.002)
(0.065 0.009 0.002)
(0.065 0.0071 0.0021)
(0.065 0.0072 0.0021)
(0.065 0.0073 0.0021)
(0.065 0.0074 0.0021)
(0.065 0.0075 0.0021)
(0.065 0.0076 0.0021)
(0.065 0.0077 0.0021)
(0.065 0.0078 0.0021)
(0.065 0.0079 0.0021)
(0.065 0.008 0.0021)
(0.065 0.0081 0.0021)
(0.065 0.0082 0.0021)
(0.065 0.0083 0.0021)
(0.065 0.0084 0.0021)
(0.065 0.0085 0.0021)
(0.065 0.0086 0.0021)
(0.065 0.0087 0.0021)
(0.065 0.0088 0.0021)
(0.065 0.0089 0.0021)
(0.065 0.009 0.0021)
(0.065 0.0071 0.0022)
(0.065 0.0072 0.0022)
(0.065 0.0073 0.0022)
(0.065 0.0074 0.0022)
(0.065 0.0075 0.0022)
(0.065 0.0076 0.0022)
(0.065 0.0077 0.0022)
(0.065 0.0078 0.0022)
(0.065 0.0079 0.0022)
(0.065 0.008 0.0022)
(0.065 0.0081 0.0022)
(0.065 0.0082 0.0022)
(0.065 0.0083 0.0022)
(0.065 0.0084 0.0022)
(0.065 0.0085 0.0022)
(0.065 0.0086 0.0022)
(0.065 0.0087 0.0022)
(0.065 0.0088 0.0022)
(0.065 0.0089 0.0022)
(0.065 0.009 0.0022)
(0.065 0.0071 0.0023)
(0.065 0.0072 0.0023)
(0.065 0.0073 0.0023)
(0.065 0.0074 0.0023)
(0.065 0.0075 0.0023)
(0.065 0.0076 0.0023)
(0.065 0.0077 0.0023)
(0.065 0.0078 0.0023)
(0.065 0.0079 0.0023)
(0.065 0.008 0.0023)
(0.065 0.0081 0.0023)
(0.065 0.0082 0.0023)
(0.065 0.0083 0.0023)
(0.065 0.0084 0.0023)
(0.065 0.0085 0.0023)
(0.065 0.0086 0.0023)
(0.065 0.0087 0.0023)
(0.065 0.0088 0.0023)
(0.065 0.0089 0.0023)
(0.065 0.009 0.0023)
(0.065 0.0071 0.0024)
(0.065 0.0072 0.0024)
(0.065 0.0073 0.0024)
(0.065 0.0074 0.0024)
(0.065 0.0075 0.0024)
(0.065 0.0076 0.0024)
(0.065 0.0077 0.0024)
(0.065 0.0078 0.0024)
(0.065 0.0079 0.0024)
(0.065 0.008 0.0024)
(0.065 0.0081 0.0024)
(0.065 0.0082 0.0024)
(0.065 0.0083 0.0024)
(0.065 0.0084 0.0024)
(0.065 0.0085 0.0024)
(0.065 0.0086 0.0024)
(0.065 0.0087 0.0024)
(0.065 0.0088 0.0024)
(0.065 0.0089 0.0024)
(0.065 0.009 0.0024)
(0.065 0.0071 0.0025)
(0.065 0.0072 0.0025)
(0.065 0.0073 0.0025)
(0.065 0.0074 0.0025)
(0.065 0.0075 0.0025)
(0.065 0.0076 0.0025)
(0.065 0.0077 0.0025)
(0.065 0.0078 0.0025)
(0.065 0.0079 0.0025)
(0.065 0.008 0.0025)
(0.065 0.0081 0.0025)
(0.065 0.0082 0.0025)
(0.065 0.0083 0.0025)
(0.065 0.0084 0.0025)
(0.065 0.0085 0.0025)
(0.065 0.0086 0.0025)
(0.065 0.0087 0.0025)
(0.065 0.0088 0.0025)
(0.065 0.0089 0.0025)
(0.065 0.009 0.0025)
(0.065 0.0071 0.0026)
(0.065 0.0072 0.0026)
(0.065 0.0073 0.0026)
(0.065 0.0074 0.0026)
(0.065 0.0075 0.0026)
(0.065 0.0076 0.0026)
(0.065 0.0077 0.0026)
(0.065 0.0078 0.0026)
(0.065 0.0079 0.0026)
(0.065 0.008 0.0026)
(0.065 0.0081 0.0026)
(0.065 0.0082 0.0026)
(0.065 0.0083 0.0026)
(0.065 0.0084 0.0026)
(0.065 0.0085 0.0026)
(0.065 0.0086 0.0026)
(0.065 0.0087 0.0026)
(0.065 0.0088 0.0026)
(0.065 0.0089 0.0026)
(0.065 0.009 0.0026)
(0.065 0.0071 0.0027)
(0.065 0.0072 0.0027)
(0.065 0.0073 0.0027)
(0.065 0.0074 0.0027)
(0.065 0.0075 0.0027)
(0.065 0.0076 0.0027)
(0.065 0.0077 0.0027)
(0.065 0.0078 0.0027)
(0.065 0.0079 0.0027)
(0.065 0.008 0.0027)
(0.065 0.0081 0.0027)
(0.065 0.0082 0.0027)
(0.065 0.0083 0.0027)
(0.065 0.0084 0.0027)
(0.065 0.0085 0.0027)
(0.065 0.0086 0.0027)
(0.065 0.0087 0.0027)
(0.065 0.0088 0.0027)
(0.065 0.0089 0.0027)
(0.065 0.009 0.0027)
(0.065 0.0071 0.0028)
(0.065 0.0072 0.0028)
(0.065 0.0073 0.0028)
(0.065 0.0074 0.0028)
(0.065 0.0075 0.0028)
(0.065 0.0076 0.0028)
(0.065 0.0077 0.0028)
(0.065 0.0078 0.0028)
(0.065 0.0079 0.0028)
(0.065 0.008 0.0028)
(0.065 0.0081 0.0028)
(0.065 0.0082 0.0028)
(0.065 0.0083 0.0028)
(0.065 0.0084 0.0028)
(0.065 0.0085 0.0028)
(0.065 0.0086 0.0028)
(0.065 0.0087 0.0028)
(0.065 0.0088 0.0028)
(0.065 0.0089 0.0028)
(0.065 0.009 0.0028)
(0.065 0.0071 0.0029)
(0.065 0.0072 0.0029)
(0.065 0.0073 0.0029)
(0.065 0.0074 0.0029)
(0.065 0.0075 0.0029)
(0.065 0.0076 0.0029)
(0.065 0.0077 0.0029)
(0.065 0.0078 0.0029)
(0.065 0.0079 0.0029)
(0.065 0.008 0.0029)
(0.065 0.0081 0.0029)
(0.065 0.0082 0.0029)
(0.065 0.0083 0.0029)
(0.065 0.0084 0.0029)
(0.065 0.0085 0.0029)
(0.065 0.0086 0.0029)
(0.065 0.0087 0.0029)
(0.065 0.0088 0.0029)
(0.065 0.0089 0.0029)
(0.065 0.009 0.0029)
(0.065 0.0071 0.003)
(0.065 0.0072 0.003)
(0.065 0.0073 0.003)
(0.065 0.0074 0.003)
(0.065 0.0075 0.003)
(0.065 0.0076 0.003)
(0.065 0.0077 0.003)
(0.065 0.0078 0.003)
(0.065 0.0079 0.003)
(0.065 0.008 0.003)
(0.065 0.0081 0.003)
(0.065 0.0082 0.003)
(0.065 0.0083 0.003)
(0.065 0.0084 0.003)
(0.065 0.0085 0.003)
(0.065 0.0086 0.003)
(0.065 0.0087 0.003)
(0.065 0.0088 0.003)
(0.065 0.0089 0.003)
(0.065 0.009 0.003)
(0.066666667 0.0071 0.0011)
(0.066666667 0.0072 0.0011)
(0.066666667 0.0073 0.0011)
(0.066666667 0.0074 0.0011)
(0.066666667 0.0075 0.0011)
(0.066666667 0.0076 0.0011)
(0.066666667 0.0077 0.0011)
(0.066666667 0.0078 0.0011)
(0.066666667 0.0079 0.0011)
(0.066666667 0.008 0.0011)
(0.066666667 0.0081 0.0011)
(0.066666667 0.0082 0.0011)
(0.066666667 0.0083 0.0011)
(0.066666667 0.0084 0.0011)
(0.066666667 0.0085 0.0011)
(0.066666667 0.0086 0.0011)
(0.066666667 0.0087 0.0011)
(0.066666667 0.0088 0.0011)
(0.066666667 0.0089 0.0011)
(0.066666667 0.009 0.0011)
(0.066666667 0.0071 0.0012)
(0.066666667 0.0072 0.0012)
(0.066666667 0.0073 0.0012)
(0.066666667 0.0074 0.0012)
(0.066666667 0.0075 0.0012)
(0.066666667 0.0076 0.0012)
(0.066666667 0.0077 0.0012)
(0.066666667 0.0078 0.0012)
(0.066666667 0.0079 0.0012)
(0.066666667 0.008 0.0012)
(0.066666667 0.0081 0.0012)
(0.066666667 0.0082 0.0012)
(0.066666667 0.0083 0.0012)
(0.066666667 0.0084 0.0012)
(0.066666667 0.0085 0.0012)
(0.066666667 0.0086 0.0012)
(0.066666667 0.0087 0.0012)
(0.066666667 0.0088 0.0012)
(0.066666667 0.0089 0.0012)
(0.066666667 0.009 0.0012)
(0.066666667 0.0071 0.0013)
(0.066666667 0.0072 0.0013)
(0.066666667 0.0073 0.0013)
(0.066666667 0.0074 0.0013)
(0.066666667 0.0075 0.0013)
(0.066666667 0.0076 0.0013)
(0.066666667 0.0077 0.0013)
(0.066666667 0.0078 0.0013)
(0.066666667 0.0079 0.0013)
(0.066666667 0.008 0.0013)
(0.066666667 0.0081 0.0013)
(0.066666667 0.0082 0.0013)
(0.066666667 0.0083 0.0013)
(0.066666667 0.0084 0.0013)
(0.066666667 0.0085 0.0013)
(0.066666667 0.0086 0.0013)
(0.066666667 0.0087 0.0013)
(0.066666667 0.0088 0.0013)
(0.066666667 0.0089 0.0013)
(0.066666667 0.009 0.0013)
(0.066666667 0.0071 0.0014)
(0.066666667 0.0072 0.0014)
(0.066666667 0.0073 0.0014)
(0.066666667 0.0074 0.0014)
(0.066666667 0.0075 0.0014)
(0.066666667 0.0076 0.0014)
(0.066666667 0.0077 0.0014)
(0.066666667 0.0078 0.0014)
(0.066666667 0.0079 0.0014)
(0.066666667 0.008 0.0014)
(0.066666667 0.0081 0.0014)
(0.066666667 0.0082 0.0014)
(0.066666667 0.0083 0.0014)
(0.066666667 0.0084 0.0014)
(0.066666667 0.0085 0.0014)
(0.066666667 0.0086 0.0014)
(0.066666667 0.0087 0.0014)
(0.066666667 0.0088 0.0014)
(0.066666667 0.0089 0.0014)
(0.066666667 0.009 0.0014)
(0.066666667 0.0071 0.0015)
(0.066666667 0.0072 0.0015)
(0.066666667 0.0073 0.0015)
(0.066666667 0.0074 0.0015)
(0.066666667 0.0075 0.0015)
(0.066666667 0.0076 0.0015)
(0.066666667 0.0077 0.0015)
(0.066666667 0.0078 0.0015)
(0.066666667 0.0079 0.0015)
(0.066666667 0.008 0.0015)
(0.066666667 0.0081 0.0015)
(0.066666667 0.0082 0.0015)
(0.066666667 0.0083 0.0015)
(0.066666667 0.0084 0.0015)
(0.066666667 0.0085 0.0015)
(0.066666667 0.0086 0.0015)
(0.066666667 0.0087 0.0015)
(0.066666667 0.0088 0.0015)
(0.066666667 0.0089 0.0015)
(0.066666667 0.009 0.0015)
(0.066666667 0.0071 0.0016)
(0.066666667 0.0072 0.0016)
(0.066666667 0.0073 0.0016)
(0.066666667 0.0074 0.0016)
(0.066666667 0.0075 0.0016)
(0.066666667 0.0076 0.0016)
(0.066666667 0.0077 0.0016)
(0.066666667 0.0078 0.0016)
(0.066666667 0.0079 0.0016)
(0.066666667 0.008 0.0016)
(0.066666667 0.0081 0.0016)
(0.066666667 0.0082 0.0016)
(0.066666667 0.0083 0.0016)
(0.066666667 0.0084 0.0016)
(0.066666667 0.0085 0.0016)
(0.066666667 0.0086 0.0016)
(0.066666667 0.0087 0.0016)
(0.066666667 0.0088 0.0016)
(0.066666667 0.0089 0.0016)
(0.066666667 0.009 0.0016)
(0.066666667 0.0071 0.0017)
(0.066666667 0.0072 0.0017)
(0.066666667 0.0073 0.0017)
(0.066666667 0.0074 0.0017)
(0.066666667 0.0075 0.0017)
(0.066666667 0.0076 0.0017)
(0.066666667 0.0077 0.0017)
(0.066666667 0.0078 0.0017)
(0.066666667 0.0079 0.0017)
(0.066666667 0.008 0.0017)
(0.066666667 0.0081 0.0017)
(0.066666667 0.0082 0.0017)
(0.066666667 0.0083 0.0017)
(0.066666667 0.0084 0.0017)
(0.066666667 0.0085 0.0017)
(0.066666667 0.0086 0.0017)
(0.066666667 0.0087 0.0017)
(0.066666667 0.0088 0.0017)
(0.066666667 0.0089 0.0017)
(0.066666667 0.009 0.0017)
(0.066666667 0.0071 0.0018)
(0.066666667 0.0072 0.0018)
(0.066666667 0.0073 0.0018)
(0.066666667 0.0074 0.0018)
(0.066666667 0.0075 0.0018)
(0.066666667 0.0076 0.0018)
(0.066666667 0.0077 0.0018)
(0.066666667 0.0078 0.0018)
(0.066666667 0.0079 0.0018)
(0.066666667 0.008 0.0018)
(0.066666667 0.0081 0.0018)
(0.066666667 0.0082 0.0018)
(0.066666667 0.0083 0.0018)
(0.066666667 0.0084 0.0018)
(0.066666667 0.0085 0.0018)
(0.066666667 0.0086 0.0018)
(0.066666667 0.0087 0.0018)
(0.066666667 0.0088 0.0018)
(0.066666667 0.0089 0.0018)
(0.066666667 0.009 0.0018)
(0.066666667 0.0071 0.0019)
(0.066666667 0.0072 0.0019)
(0.066666667 0.0073 0.0019)
(0.066666667 0.0074 0.0019)
(0.066666667 0.0075 0.0019)
(0.066666667 0.0076 0.0019)
(0.066666667 0.0077 0.0019)
(0.066666667 0.0078 0.0019)
(0.066666667 0.0079 0.0019)
(0.066666667 0.008 0.0019)
(0.066666667 0.0081 0.0019)
(0.066666667 0.0082 0.0019)
(0.066666667 0.0083 0.0019)
(0.066666667 0.0084 0.0019)
(0.066666667 0.0085 0.0019)
(0.066666667 0.0086 0.0019)
(0.066666667 0.0087 0.0019)
(0.066666667 0.0088 0.0019)
(0.066666667 0.0089 0.0019)
(0.066666667 0.009 0.0019)
(0.066666667 0.0071 0.002)
(0.066666667 0.0072 0.002)
(0.066666667 0.0073 0.002)
(0.066666667 0.0074 0.002)
(0.066666667 0.0075 0.002)
(0.066666667 0.0076 0.002)
(0.066666667 0.0077 0.002)
(0.066666667 0.0078 0.002)
(0.066666667 0.0079 0.002)
(0.066666667 0.008 0.002)
(0.066666667 0.0081 0.002)
(0.066666667 0.0082 0.002)
(0.066666667 0.0083 0.002)
(0.066666667 0.0084 0.002)
(0.066666667 0.0085 0.002)
(0.066666667 0.0086 0.002)
(0.066666667 0.0087 0.002)
(0.066666667 0.0088 0.002)
(0.066666667 0.0089 0.002)
(0.066666667 0.009 0.002)
(0.066666667 0.0071 0.0021)
(0.066666667 0.0072 0.0021)
(0.066666667 0.0073 0.0021)
(0.066666667 0.0074 0.0021)
(0.066666667 0.0075 0.0021)
(0.066666667 0.0076 0.0021)
(0.066666667 0.0077 0.0021)
(0.066666667 0.0078 0.0021)
(0.066666667 0.0079 0.0021)
(0.066666667 0.008 0.0021)
(0.066666667 0.0081 0.0021)
(0.066666667 0.0082 0.0021)
(0.066666667 0.0083 0.0021)
(0.066666667 0.0084 0.0021)
(0.066666667 0.0085 0.0021)
(0.066666667 0.0086 0.0021)
(0.066666667 0.0087 0.0021)
(0.066666667 0.0088 0.0021)
(0.066666667 0.0089 0.0021)
(0.066666667 0.009 0.0021)
(0.066666667 0.0071 0.0022)
(0.066666667 0.0072 0.0022)
(0.066666667 0.0073 0.0022)
(0.066666667 0.0074 0.0022)
(0.066666667 0.0075 0.0022)
(0.066666667 0.0076 0.0022)
(0.066666667 0.0077 0.0022)
(0.066666667 0.0078 0.0022)
(0.066666667 0.0079 0.0022)
(0.066666667 0.008 0.0022)
(0.066666667 0.0081 0.0022)
(0.066666667 0.0082 0.0022)
(0.066666667 0.0083 0.0022)
(0.066666667 0.0084 0.0022)
(0.066666667 0.0085 0.0022)
(0.066666667 0.0086 0.0022)
(0.066666667 0.0087 0.0022)
(0.066666667 0.0088 0.0022)
(0.066666667 0.0089 0.0022)
(0.066666667 0.009 0.0022)
(0.066666667 0.0071 0.0023)
(0.066666667 0.0072 0.0023)
(0.066666667 0.0073 0.0023)
(0.066666667 0.0074 0.0023)
(0.066666667 0.0075 0.0023)
(0.066666667 0.0076 0.0023)
(0.066666667 0.0077 0.0023)
(0.066666667 0.0078 0.0023)
(0.066666667 0.0079 0.0023)
(0.066666667 0.008 0.0023)
(0.066666667 0.0081 0.0023)
(0.066666667 0.0082 0.0023)
(0.066666667 0.0083 0.0023)
(0.066666667 0.0084 0.0023)
(0.066666667 0.0085 0.0023)
(0.066666667 0.0086 0.0023)
(0.066666667 0.0087 0.0023)
(0.066666667 0.0088 0.0023)
(0.066666667 0.0089 0.0023)
(0.066666667 0.009 0.0023)
(0.066666667 0.0071 0.0024)
(0.066666667 0.0072 0.0024)
(0.066666667 0.0073 0.0024)
(0.066666667 0.0074 0.0024)
(0.066666667 0.0075 0.0024)
(0.066666667 0.0076 0.0024)
(0.066666667 0.0077 0.0024)
(0.066666667 0.0078 0.0024)
(0.066666667 0.0079 0.0024)
(0.066666667 0.008 0.0024)
(0.066666667 0.0081 0.0024)
(0.066666667 0.0082 0.0024)
(0.066666667 0.0083 0.0024)
(0.066666667 0.0084 0.0024)
(0.066666667 0.0085 0.0024)
(0.066666667 0.0086 0.0024)
(0.066666667 0.0087 0.0024)
(0.066666667 0.0088 0.0024)
(0.066666667 0.0089 0.0024)
(0.066666667 0.009 0.0024)
(0.066666667 0.0071 0.0025)
(0.066666667 0.0072 0.0025)
(0.066666667 0.0073 0.0025)
(0.066666667 0.0074 0.0025)
(0.066666667 0.0075 0.0025)
(0.066666667 0.0076 0.0025)
(0.066666667 0.0077 0.0025)
(0.066666667 0.0078 0.0025)
(0.066666667 0.0079 0.0025)
(0.066666667 0.008 0.0025)
(0.066666667 0.0081 0.0025)
(0.066666667 0.0082 0.0025)
(0.066666667 0.0083 0.0025)
(0.066666667 0.0084 0.0025)
(0.066666667 0.0085 0.0025)
(0.066666667 0.0086 0.0025)
(0.066666667 0.0087 0.0025)
(0.066666667 0.0088 0.0025)
(0.066666667 0.0089 0.0025)
(0.066666667 0.009 0.0025)
(0.066666667 0.0071 0.0026)
(0.066666667 0.0072 0.0026)
(0.066666667 0.0073 0.0026)
(0.066666667 0.0074 0.0026)
(0.066666667 0.0075 0.0026)
(0.066666667 0.0076 0.0026)
(0.066666667 0.0077 0.0026)
(0.066666667 0.0078 0.0026)
(0.066666667 0.0079 0.0026)
(0.066666667 0.008 0.0026)
(0.066666667 0.0081 0.0026)
(0.066666667 0.0082 0.0026)
(0.066666667 0.0083 0.0026)
(0.066666667 0.0084 0.0026)
(0.066666667 0.0085 0.0026)
(0.066666667 0.0086 0.0026)
(0.066666667 0.0087 0.0026)
(0.066666667 0.0088 0.0026)
(0.066666667 0.0089 0.0026)
(0.066666667 0.009 0.0026)
(0.066666667 0.0071 0.0027)
(0.066666667 0.0072 0.0027)
(0.066666667 0.0073 0.0027)
(0.066666667 0.0074 0.0027)
(0.066666667 0.0075 0.0027)
(0.066666667 0.0076 0.0027)
(0.066666667 0.0077 0.0027)
(0.066666667 0.0078 0.0027)
(0.066666667 0.0079 0.0027)
(0.066666667 0.008 0.0027)
(0.066666667 0.0081 0.0027)
(0.066666667 0.0082 0.0027)
(0.066666667 0.0083 0.0027)
(0.066666667 0.0084 0.0027)
(0.066666667 0.0085 0.0027)
(0.066666667 0.0086 0.0027)
(0.066666667 0.0087 0.0027)
(0.066666667 0.0088 0.0027)
(0.066666667 0.0089 0.0027)
(0.066666667 0.009 0.0027)
(0.066666667 0.0071 0.0028)
(0.066666667 0.0072 0.0028)
(0.066666667 0.0073 0.0028)
(0.066666667 0.0074 0.0028)
(0.066666667 0.0075 0.0028)
(0.066666667 0.0076 0.0028)
(0.066666667 0.0077 0.0028)
(0.066666667 0.0078 0.0028)
(0.066666667 0.0079 0.0028)
(0.066666667 0.008 0.0028)
(0.066666667 0.0081 0.0028)
(0.066666667 0.0082 0.0028)
(0.066666667 0.0083 0.0028)
(0.066666667 0.0084 0.0028)
(0.066666667 0.0085 0.0028)
(0.066666667 0.0086 0.0028)
(0.066666667 0.0087 0.0028)
(0.066666667 0.0088 0.0028)
(0.066666667 0.0089 0.0028)
(0.066666667 0.009 0.0028)
(0.066666667 0.0071 0.0029)
(0.066666667 0.0072 0.0029)
(0.066666667 0.0073 0.0029)
(0.066666667 0.0074 0.0029)
(0.066666667 0.0075 0.0029)
(0.066666667 0.0076 0.0029)
(0.066666667 0.0077 0.0029)
(0.066666667 0.0078 0.0029)
(0.066666667 0.0079 0.0029)
(0.066666667 0.008 0.0029)
(0.066666667 0.0081 0.0029)
(0.066666667 0.0082 0.0029)
(0.066666667 0.0083 0.0029)
(0.066666667 0.0084 0.0029)
(0.066666667 0.0085 0.0029)
(0.066666667 0.0086 0.0029)
(0.066666667 0.0087 0.0029)
(0.066666667 0.0088 0.0029)
(0.066666667 0.0089 0.0029)
(0.066666667 0.009 0.0029)
(0.066666667 0.0071 0.003)
(0.066666667 0.0072 0.003)
(0.066666667 0.0073 0.003)
(0.066666667 0.0074 0.003)
(0.066666667 0.0075 0.003)
(0.066666667 0.0076 0.003)
(0.066666667 0.0077 0.003)
(0.066666667 0.0078 0.003)
(0.066666667 0.0079 0.003)
(0.066666667 0.008 0.003)
(0.066666667 0.0081 0.003)
(0.066666667 0.0082 0.003)
(0.066666667 0.0083 0.003)
(0.066666667 0.0084 0.003)
(0.066666667 0.0085 0.003)
(0.066666667 0.0086 0.003)
(0.066666667 0.0087 0.003)
(0.066666667 0.0088 0.003)
(0.066666667 0.0089 0.003)
(0.066666667 0.009 0.003)
(0.068333333 0.0071 0.0011)
(0.068333333 0.0072 0.0011)
(0.068333333 0.0073 0.0011)
(0.068333333 0.0074 0.0011)
(0.068333333 0.0075 0.0011)
(0.068333333 0.0076 0.0011)
(0.068333333 0.0077 0.0011)
(0.068333333 0.0078 0.0011)
(0.068333333 0.0079 0.0011)
(0.068333333 0.008 0.0011)
(0.068333333 0.0081 0.0011)
(0.068333333 0.0082 0.0011)
(0.068333333 0.0083 0.0011)
(0.068333333 0.0084 0.0011)
(0.068333333 0.0085 0.0011)
(0.068333333 0.0086 0.0011)
(0.068333333 0.0087 0.0011)
(0.068333333 0.0088 0.0011)
(0.068333333 0.0089 0.0011)
(0.068333333 0.009 0.0011)
(0.068333333 0.0071 0.0012)
(0.068333333 0.0072 0.0012)
(0.068333333 0.0073 0.0012)
(0.068333333 0.0074 0.0012)
(0.068333333 0.0075 0.0012)
(0.068333333 0.0076 0.0012)
(0.068333333 0.0077 0.0012)
(0.068333333 0.0078 0.0012)
(0.068333333 0.0079 0.0012)
(0.068333333 0.008 0.0012)
(0.068333333 0.0081 0.0012)
(0.068333333 0.0082 0.0012)
(0.068333333 0.0083 0.0012)
(0.068333333 0.0084 0.0012)
(0.068333333 0.0085 0.0012)
(0.068333333 0.0086 0.0012)
(0.068333333 0.0087 0.0012)
(0.068333333 0.0088 0.0012)
(0.068333333 0.0089 0.0012)
(0.068333333 0.009 0.0012)
(0.068333333 0.0071 0.0013)
(0.068333333 0.0072 0.0013)
(0.068333333 0.0073 0.0013)
(0.068333333 0.0074 0.0013)
(0.068333333 0.0075 0.0013)
(0.068333333 0.0076 0.0013)
(0.068333333 0.0077 0.0013)
(0.068333333 0.0078 0.0013)
(0.068333333 0.0079 0.0013)
(0.068333333 0.008 0.0013)
(0.068333333 0.0081 0.0013)
(0.068333333 0.0082 0.0013)
(0.068333333 0.0083 0.0013)
(0.068333333 0.0084 0.0013)
(0.068333333 0.0085 0.0013)
(0.068333333 0.0086 0.0013)
(0.068333333 0.0087 0.0013)
(0.068333333 0.0088 0.0013)
(0.068333333 0.0089 0.0013)
(0.068333333 0.009 0.0013)
(0.068333333 0.0071 0.0014)
(0.068333333 0.0072 0.0014)
(0.068333333 0.0073 0.0014)
(0.068333333 0.0074 0.0014)
(0.068333333 0.0075 0.0014)
(0.068333333 0.0076 0.0014)
(0.068333333 0.0077 0.0014)
(0.068333333 0.0078 0.0014)
(0.068333333 0.0079 0.0014)
(0.068333333 0.008 0.0014)
(0.068333333 0.0081 0.0014)
(0.068333333 0.0082 0.0014)
(0.068333333 0.0083 0.0014)
(0.068333333 0.0084 0.0014)
(0.068333333 0.0085 0.0014)
(0.068333333 0.0086 0.0014)
(0.068333333 0.0087 0.0014)
(0.068333333 0.0088 0.0014)
(0.068333333 0.0089 0.0014)
(0.068333333 0.009 0.0014)
(0.068333333 0.0071 0.0015)
(0.068333333 0.0072 0.0015)
(0.068333333 0.0073 0.0015)
(0.068333333 0.0074 0.0015)
(0.068333333 0.0075 0.0015)
(0.068333333 0.0076 0.0015)
(0.068333333 0.0077 0.0015)
(0.068333333 0.0078 0.0015)
(0.068333333 0.0079 0.0015)
(0.068333333 0.008 0.0015)
(0.068333333 0.0081 0.0015)
(0.068333333 0.0082 0.0015)
(0.068333333 0.0083 0.0015)
(0.068333333 0.0084 0.0015)
(0.068333333 0.0085 0.0015)
(0.068333333 0.0086 0.0015)
(0.068333333 0.0087 0.0015)
(0.068333333 0.0088 0.0015)
(0.068333333 0.0089 0.0015)
(0.068333333 0.009 0.0015)
(0.068333333 0.0071 0.0016)
(0.068333333 0.0072 0.0016)
(0.068333333 0.0073 0.0016)
(0.068333333 0.0074 0.0016)
(0.068333333 0.0075 0.0016)
(0.068333333 0.0076 0.0016)
(0.068333333 0.0077 0.0016)
(0.068333333 0.0078 0.0016)
(0.068333333 0.0079 0.0016)
(0.068333333 0.008 0.0016)
(0.068333333 0.0081 0.0016)
(0.068333333 0.0082 0.0016)
(0.068333333 0.0083 0.0016)
(0.068333333 0.0084 0.0016)
(0.068333333 0.0085 0.0016)
(0.068333333 0.0086 0.0016)
(0.068333333 0.0087 0.0016)
(0.068333333 0.0088 0.0016)
(0.068333333 0.0089 0.0016)
(0.068333333 0.009 0.0016)
(0.068333333 0.0071 0.0017)
(0.068333333 0.0072 0.0017)
(0.068333333 0.0073 0.0017)
(0.068333333 0.0074 0.0017)
(0.068333333 0.0075 0.0017)
(0.068333333 0.0076 0.0017)
(0.068333333 0.0077 0.0017)
(0.068333333 0.0078 0.0017)
(0.068333333 0.0079 0.0017)
(0.068333333 0.008 0.0017)
(0.068333333 0.0081 0.0017)
(0.068333333 0.0082 0.0017)
(0.068333333 0.0083 0.0017)
(0.068333333 0.0084 0.0017)
(0.068333333 0.0085 0.0017)
(0.068333333 0.0086 0.0017)
(0.068333333 0.0087 0.0017)
(0.068333333 0.0088 0.0017)
(0.068333333 0.0089 0.0017)
(0.068333333 0.009 0.0017)
(0.068333333 0.0071 0.0018)
(0.068333333 0.0072 0.0018)
(0.068333333 0.0073 0.0018)
(0.068333333 0.0074 0.0018)
(0.068333333 0.0075 0.0018)
(0.068333333 0.0076 0.0018)
(0.068333333 0.0077 0.0018)
(0.068333333 0.0078 0.0018)
(0.068333333 0.0079 0.0018)
(0.068333333 0.008 0.0018)
(0.068333333 0.0081 0.0018)
(0.068333333 0.0082 0.0018)
(0.068333333 0.0083 0.0018)
(0.068333333 0.0084 0.0018)
(0.068333333 0.0085 0.0018)
(0.068333333 0.0086 0.0018)
(0.068333333 0.0087 0.0018)
(0.068333333 0.0088 0.0018)
(0.068333333 0.0089 0.0018)
(0.068333333 0.009 0.0018)
(0.068333333 0.0071 0.0019)
(0.068333333 0.0072 0.0019)
(0.068333333 0.0073 0.0019)
(0.068333333 0.0074 0.0019)
(0.068333333 0.0075 0.0019)
(0.068333333 0.0076 0.0019)
(0.068333333 0.0077 0.0019)
(0.068333333 0.0078 0.0019)
(0.068333333 0.0079 0.0019)
(0.068333333 0.008 0.0019)
(0.068333333 0.0081 0.0019)
(0.068333333 0.0082 0.0019)
(0.068333333 0.0083 0.0019)
(0.068333333 0.0084 0.0019)
(0.068333333 0.0085 0.0019)
(0.068333333 0.0086 0.0019)
(0.068333333 0.0087 0.0019)
(0.068333333 0.0088 0.0019)
(0.068333333 0.0089 0.0019)
(0.068333333 0.009 0.0019)
(0.068333333 0.0071 0.002)
(0.068333333 0.0072 0.002)
(0.068333333 0.0073 0.002)
(0.068333333 0.0074 0.002)
(0.068333333 0.0075 0.002)
(0.068333333 0.0076 0.002)
(0.068333333 0.0077 0.002)
(0.068333333 0.0078 0.002)
(0.068333333 0.0079 0.002)
(0.068333333 0.008 0.002)
(0.068333333 0.0081 0.002)
(0.068333333 0.0082 0.002)
(0.068333333 0.0083 0.002)
(0.068333333 0.0084 0.002)
(0.068333333 0.0085 0.002)
(0.068333333 0.0086 0.002)
(0.068333333 0.0087 0.002)
(0.068333333 0.0088 0.002)
(0.068333333 0.0089 0.002)
(0.068333333 0.009 0.002)
(0.068333333 0.0071 0.0021)
(0.068333333 0.0072 0.0021)
(0.068333333 0.0073 0.0021)
(0.068333333 0.0074 0.0021)
(0.068333333 0.0075 0.0021)
(0.068333333 0.0076 0.0021)
(0.068333333 0.0077 0.0021)
(0.068333333 0.0078 0.0021)
(0.068333333 0.0079 0.0021)
(0.068333333 0.008 0.0021)
(0.068333333 0.0081 0.0021)
(0.068333333 0.0082 0.0021)
(0.068333333 0.0083 0.0021)
(0.068333333 0.0084 0.0021)
(0.068333333 0.0085 0.0021)
(0.068333333 0.0086 0.0021)
(0.068333333 0.0087 0.0021)
(0.068333333 0.0088 0.0021)
(0.068333333 0.0089 0.0021)
(0.068333333 0.009 0.0021)
(0.068333333 0.0071 0.0022)
(0.068333333 0.0072 0.0022)
(0.068333333 0.0073 0.0022)
(0.068333333 0.0074 0.0022)
(0.068333333 0.0075 0.0022)
(0.068333333 0.0076 0.0022)
(0.068333333 0.0077 0.0022)
(0.068333333 0.0078 0.0022)
(0.068333333 0.0079 0.0022)
(0.068333333 0.008 0.0022)
(0.068333333 0.0081 0.0022)
(0.068333333 0.0082 0.0022)
(0.068333333 0.0083 0.0022)
(0.068333333 0.0084 0.0022)
(0.068333333 0.0085 0.0022)
(0.068333333 0.0086 0.0022)
(0.068333333 0.0087 0.0022)
(0.068333333 0.0088 0.0022)
(0.068333333 0.0089 0.0022)
(0.068333333 0.009 0.0022)
(0.068333333 0.0071 0.0023)
(0.068333333 0.0072 0.0023)
(0.068333333 0.0073 0.0023)
(0.068333333 0.0074 0.0023)
(0.068333333 0.0075 0.0023)
(0.068333333 0.0076 0.0023)
(0.068333333 0.0077 0.0023)
(0.068333333 0.0078 0.0023)
(0.068333333 0.0079 0.0023)
(0.068333333 0.008 0.0023)
(0.068333333 0.0081 0.0023)
(0.068333333 0.0082 0.0023)
(0.068333333 0.0083 0.0023)
(0.068333333 0.0084 0.0023)
(0.068333333 0.0085 0.0023)
(0.068333333 0.0086 0.0023)
(0.068333333 0.0087 0.0023)
(0.068333333 0.0088 0.0023)
(0.068333333 0.0089 0.0023)
(0.068333333 0.009 0.0023)
(0.068333333 0.0071 0.0024)
(0.068333333 0.0072 0.0024)
(0.068333333 0.0073 0.0024)
(0.068333333 0.0074 0.0024)
(0.068333333 0.0075 0.0024)
(0.068333333 0.0076 0.0024)
(0.068333333 0.0077 0.0024)
(0.068333333 0.0078 0.0024)
(0.068333333 0.0079 0.0024)
(0.068333333 0.008 0.0024)
(0.068333333 0.0081 0.0024)
(0.068333333 0.0082 0.0024)
(0.068333333 0.0083 0.0024)
(0.068333333 0.0084 0.0024)
(0.068333333 0.0085 0.0024)
(0.068333333 0.0086 0.0024)
(0.068333333 0.0087 0.0024)
(0.068333333 0.0088 0.0024)
(0.068333333 0.0089 0.0024)
(0.068333333 0.009 0.0024)
(0.068333333 0.0071 0.0025)
(0.068333333 0.0072 0.0025)
(0.068333333 0.0073 0.0025)
(0.068333333 0.0074 0.0025)
(0.068333333 0.0075 0.0025)
(0.068333333 0.0076 0.0025)
(0.068333333 0.0077 0.0025)
(0.068333333 0.0078 0.0025)
(0.068333333 0.0079 0.0025)
(0.068333333 0.008 0.0025)
(0.068333333 0.0081 0.0025)
(0.068333333 0.0082 0.0025)
(0.068333333 0.0083 0.0025)
(0.068333333 0.0084 0.0025)
(0.068333333 0.0085 0.0025)
(0.068333333 0.0086 0.0025)
(0.068333333 0.0087 0.0025)
(0.068333333 0.0088 0.0025)
(0.068333333 0.0089 0.0025)
(0.068333333 0.009 0.0025)
(0.068333333 0.0071 0.0026)
(0.068333333 0.0072 0.0026)
(0.068333333 0.0073 0.0026)
(0.068333333 0.0074 0.0026)
(0.068333333 0.0075 0.0026)
(0.068333333 0.0076 0.0026)
(0.068333333 0.0077 0.0026)
(0.068333333 0.0078 0.0026)
(0.068333333 0.0079 0.0026)
(0.068333333 0.008 0.0026)
(0.068333333 0.0081 0.0026)
(0.068333333 0.0082 0.0026)
(0.068333333 0.0083 0.0026)
(0.068333333 0.0084 0.0026)
(0.068333333 0.0085 0.0026)
(0.068333333 0.0086 0.0026)
(0.068333333 0.0087 0.0026)
(0.068333333 0.0088 0.0026)
(0.068333333 0.0089 0.0026)
(0.068333333 0.009 0.0026)
(0.068333333 0.0071 0.0027)
(0.068333333 0.0072 0.0027)
(0.068333333 0.0073 0.0027)
(0.068333333 0.0074 0.0027)
(0.068333333 0.0075 0.0027)
(0.068333333 0.0076 0.0027)
(0.068333333 0.0077 0.0027)
(0.068333333 0.0078 0.0027)
(0.068333333 0.0079 0.0027)
(0.068333333 0.008 0.0027)
(0.068333333 0.0081 0.0027)
(0.068333333 0.0082 0.0027)
(0.068333333 0.0083 0.0027)
(0.068333333 0.0084 0.0027)
(0.068333333 0.0085 0.0027)
(0.068333333 0.0086 0.0027)
(0.068333333 0.0087 0.0027)
(0.068333333 0.0088 0.0027)
(0.068333333 0.0089 0.0027)
(0.068333333 0.009 0.0027)
(0.068333333 0.0071 0.0028)
(0.068333333 0.0072 0.0028)
(0.068333333 0.0073 0.0028)
(0.068333333 0.0074 0.0028)
(0.068333333 0.0075 0.0028)
(0.068333333 0.0076 0.0028)
(0.068333333 0.0077 0.0028)
(0.068333333 0.0078 0.0028)
(0.068333333 0.0079 0.0028)
(0.068333333 0.008 0.0028)
(0.068333333 0.0081 0.0028)
(0.068333333 0.0082 0.0028)
(0.068333333 0.0083 0.0028)
(0.068333333 0.0084 0.0028)
(0.068333333 0.0085 0.0028)
(0.068333333 0.0086 0.0028)
(0.068333333 0.0087 0.0028)
(0.068333333 0.0088 0.0028)
(0.068333333 0.0089 0.0028)
(0.068333333 0.009 0.0028)
(0.068333333 0.0071 0.0029)
(0.068333333 0.0072 0.0029)
(0.068333333 0.0073 0.0029)
(0.068333333 0.0074 0.0029)
(0.068333333 0.0075 0.0029)
(0.068333333 0.0076 0.0029)
(0.068333333 0.0077 0.0029)
(0.068333333 0.0078 0.0029)
(0.068333333 0.0079 0.0029)
(0.068333333 0.008 0.0029)
(0.068333333 0.0081 0.0029)
(0.068333333 0.0082 0.0029)
(0.068333333 0.0083 0.0029)
(0.068333333 0.0084 0.0029)
(0.068333333 0.0085 0.0029)
(0.068333333 0.0086 0.0029)
(0.068333333 0.0087 0.0029)
(0.068333333 0.0088 0.0029)
(0.068333333 0.0089 0.0029)
(0.068333333 0.009 0.0029)
(0.068333333 0.0071 0.003)
(0.068333333 0.0072 0.003)
(0.068333333 0.0073 0.003)
(0.068333333 0.0074 0.003)
(0.068333333 0.0075 0.003)
(0.068333333 0.0076 0.003)
(0.068333333 0.0077 0.003)
(0.068333333 0.0078 0.003)
(0.068333333 0.0079 0.003)
(0.068333333 0.008 0.003)
(0.068333333 0.0081 0.003)
(0.068333333 0.0082 0.003)
(0.068333333 0.0083 0.003)
(0.068333333 0.0084 0.003)
(0.068333333 0.0085 0.003)
(0.068333333 0.0086 0.003)
(0.068333333 0.0087 0.003)
(0.068333333 0.0088 0.003)
(0.068333333 0.0089 0.003)
(0.068333333 0.009 0.003)
(0.07 0.0071 0.0011)
(0.07 0.0072 0.0011)
(0.07 0.0073 0.0011)
(0.07 0.0074 0.0011)
(0.07 0.0075 0.0011)
(0.07 0.0076 0.0011)
(0.07 0.0077 0.0011)
(0.07 0.0078 0.0011)
(0.07 0.0079 0.0011)
(0.07 0.008 0.0011)
(0.07 0.0081 0.0011)
(0.07 0.0082 0.0011)
(0.07 0.0083 0.0011)
(0.07 0.0084 0.0011)
(0.07 0.0085 0.0011)
(0.07 0.0086 0.0011)
(0.07 0.0087 0.0011)
(0.07 0.0088 0.0011)
(0.07 0.0089 0.0011)
(0.07 0.009 0.0011)
(0.07 0.0071 0.0012)
(0.07 0.0072 0.0012)
(0.07 0.0073 0.0012)
(0.07 0.0074 0.0012)
(0.07 0.0075 0.0012)
(0.07 0.0076 0.0012)
(0.07 0.0077 0.0012)
(0.07 0.0078 0.0012)
(0.07 0.0079 0.0012)
(0.07 0.008 0.0012)
(0.07 0.0081 0.0012)
(0.07 0.0082 0.0012)
(0.07 0.0083 0.0012)
(0.07 0.0084 0.0012)
(0.07 0.0085 0.0012)
(0.07 0.0086 0.0012)
(0.07 0.0087 0.0012)
(0.07 0.0088 0.0012)
(0.07 0.0089 0.0012)
(0.07 0.009 0.0012)
(0.07 0.0071 0.0013)
(0.07 0.0072 0.0013)
(0.07 0.0073 0.0013)
(0.07 0.0074 0.0013)
(0.07 0.0075 0.0013)
(0.07 0.0076 0.0013)
(0.07 0.0077 0.0013)
(0.07 0.0078 0.0013)
(0.07 0.0079 0.0013)
(0.07 0.008 0.0013)
(0.07 0.0081 0.0013)
(0.07 0.0082 0.0013)
(0.07 0.0083 0.0013)
(0.07 0.0084 0.0013)
(0.07 0.0085 0.0013)
(0.07 0.0086 0.0013)
(0.07 0.0087 0.0013)
(0.07 0.0088 0.0013)
(0.07 0.0089 0.0013)
(0.07 0.009 0.0013)
(0.07 0.0071 0.0014)
(0.07 0.0072 0.0014)
(0.07 0.0073 0.0014)
(0.07 0.0074 0.0014)
(0.07 0.0075 0.0014)
(0.07 0.0076 0.0014)
(0.07 0.0077 0.0014)
(0.07 0.0078 0.0014)
(0.07 0.0079 0.0014)
(0.07 0.008 0.0014)
(0.07 0.0081 0.0014)
(0.07 0.0082 0.0014)
(0.07 0.0083 0.0014)
(0.07 0.0084 0.0014)
(0.07 0.0085 0.0014)
(0.07 0.0086 0.0014)
(0.07 0.0087 0.0014)
(0.07 0.0088 0.0014)
(0.07 0.0089 0.0014)
(0.07 0.009 0.0014)
(0.07 0.0071 0.0015)
(0.07 0.0072 0.0015)
(0.07 0.0073 0.0015)
(0.07 0.0074 0.0015)
(0.07 0.0075 0.0015)
(0.07 0.0076 0.0015)
(0.07 0.0077 0.0015)
(0.07 0.0078 0.0015)
(0.07 0.0079 0.0015)
(0.07 0.008 0.0015)
(0.07 0.0081 0.0015)
(0.07 0.0082 0.0015)
(0.07 0.0083 0.0015)
(0.07 0.0084 0.0015)
(0.07 0.0085 0.0015)
(0.07 0.0086 0.0015)
(0.07 0.0087 0.0015)
(0.07 0.0088 0.0015)
(0.07 0.0089 0.0015)
(0.07 0.009 0.0015)
(0.07 0.0071 0.0016)
(0.07 0.0072 0.0016)
(0.07 0.0073 0.0016)
(0.07 0.0074 0.0016)
(0.07 0.0075 0.0016)
(0.07 0.0076 0.0016)
(0.07 0.0077 0.0016)
(0.07 0.0078 0.0016)
(0.07 0.0079 0.0016)
(0.07 0.008 0.0016)
(0.07 0.0081 0.0016)
(0.07 0.0082 0.0016)
(0.07 0.0083 0.0016)
(0.07 0.0084 0.0016)
(0.07 0.0085 0.0016)
(0.07 0.0086 0.0016)
(0.07 0.0087 0.0016)
(0.07 0.0088 0.0016)
(0.07 0.0089 0.0016)
(0.07 0.009 0.0016)
(0.07 0.0071 0.0017)
(0.07 0.0072 0.0017)
(0.07 0.0073 0.0017)
(0.07 0.0074 0.0017)
(0.07 0.0075 0.0017)
(0.07 0.0076 0.0017)
(0.07 0.0077 0.0017)
(0.07 0.0078 0.0017)
(0.07 0.0079 0.0017)
(0.07 0.008 0.0017)
(0.07 0.0081 0.0017)
(0.07 0.0082 0.0017)
(0.07 0.0083 0.0017)
(0.07 0.0084 0.0017)
(0.07 0.0085 0.0017)
(0.07 0.0086 0.0017)
(0.07 0.0087 0.0017)
(0.07 0.0088 0.0017)
(0.07 0.0089 0.0017)
(0.07 0.009 0.0017)
(0.07 0.0071 0.0018)
(0.07 0.0072 0.0018)
(0.07 0.0073 0.0018)
(0.07 0.0074 0.0018)
(0.07 0.0075 0.0018)
(0.07 0.0076 0.0018)
(0.07 0.0077 0.0018)
(0.07 0.0078 0.0018)
(0.07 0.0079 0.0018)
(0.07 0.008 0.0018)
(0.07 0.0081 0.0018)
(0.07 0.0082 0.0018)
(0.07 0.0083 0.0018)
(0.07 0.0084 0.0018)
(0.07 0.0085 0.0018)
(0.07 0.0086 0.0018)
(0.07 0.0087 0.0018)
(0.07 0.0088 0.0018)
(0.07 0.0089 0.0018)
(0.07 0.009 0.0018)
(0.07 0.0071 0.0019)
(0.07 0.0072 0.0019)
(0.07 0.0073 0.0019)
(0.07 0.0074 0.0019)
(0.07 0.0075 0.0019)
(0.07 0.0076 0.0019)
(0.07 0.0077 0.0019)
(0.07 0.0078 0.0019)
(0.07 0.0079 0.0019)
(0.07 0.008 0.0019)
(0.07 0.0081 0.0019)
(0.07 0.0082 0.0019)
(0.07 0.0083 0.0019)
(0.07 0.0084 0.0019)
(0.07 0.0085 0.0019)
(0.07 0.0086 0.0019)
(0.07 0.0087 0.0019)
(0.07 0.0088 0.0019)
(0.07 0.0089 0.0019)
(0.07 0.009 0.0019)
(0.07 0.0071 0.002)
(0.07 0.0072 0.002)
(0.07 0.0073 0.002)
(0.07 0.0074 0.002)
(0.07 0.0075 0.002)
(0.07 0.0076 0.002)
(0.07 0.0077 0.002)
(0.07 0.0078 0.002)
(0.07 0.0079 0.002)
(0.07 0.008 0.002)
(0.07 0.0081 0.002)
(0.07 0.0082 0.002)
(0.07 0.0083 0.002)
(0.07 0.0084 0.002)
(0.07 0.0085 0.002)
(0.07 0.0086 0.002)
(0.07 0.0087 0.002)
(0.07 0.0088 0.002)
(0.07 0.0089 0.002)
(0.07 0.009 0.002)
(0.07 0.0071 0.0021)
(0.07 0.0072 0.0021)
(0.07 0.0073 0.0021)
(0.07 0.0074 0.0021)
(0.07 0.0075 0.0021)
(0.07 0.0076 0.0021)
(0.07 0.0077 0.0021)
(0.07 0.0078 0.0021)
(0.07 0.0079 0.0021)
(0.07 0.008 0.0021)
(0.07 0.0081 0.0021)
(0.07 0.0082 0.0021)
(0.07 0.0083 0.0021)
(0.07 0.0084 0.0021)
(0.07 0.0085 0.0021)
(0.07 0.0086 0.0021)
(0.07 0.0087 0.0021)
(0.07 0.0088 0.0021)
(0.07 0.0089 0.0021)
(0.07 0.009 0.0021)
(0.07 0.0071 0.0022)
(0.07 0.0072 0.0022)
(0.07 0.0073 0.0022)
(0.07 0.0074 0.0022)
(0.07 0.0075 0.0022)
(0.07 0.0076 0.0022)
(0.07 0.0077 0.0022)
(0.07 0.0078 0.0022)
(0.07 0.0079 0.0022)
(0.07 0.008 0.0022)
(0.07 0.0081 0.0022)
(0.07 0.0082 0.0022)
(0.07 0.0083 0.0022)
(0.07 0.0084 0.0022)
(0.07 0.0085 0.0022)
(0.07 0.0086 0.0022)
(0.07 0.0087 0.0022)
(0.07 0.0088 0.0022)
(0.07 0.0089 0.0022)
(0.07 0.009 0.0022)
(0.07 0.0071 0.0023)
(0.07 0.0072 0.0023)
(0.07 0.0073 0.0023)
(0.07 0.0074 0.0023)
(0.07 0.0075 0.0023)
(0.07 0.0076 0.0023)
(0.07 0.0077 0.0023)
(0.07 0.0078 0.0023)
(0.07 0.0079 0.0023)
(0.07 0.008 0.0023)
(0.07 0.0081 0.0023)
(0.07 0.0082 0.0023)
(0.07 0.0083 0.0023)
(0.07 0.0084 0.0023)
(0.07 0.0085 0.0023)
(0.07 0.0086 0.0023)
(0.07 0.0087 0.0023)
(0.07 0.0088 0.0023)
(0.07 0.0089 0.0023)
(0.07 0.009 0.0023)
(0.07 0.0071 0.0024)
(0.07 0.0072 0.0024)
(0.07 0.0073 0.0024)
(0.07 0.0074 0.0024)
(0.07 0.0075 0.0024)
(0.07 0.0076 0.0024)
(0.07 0.0077 0.0024)
(0.07 0.0078 0.0024)
(0.07 0.0079 0.0024)
(0.07 0.008 0.0024)
(0.07 0.0081 0.0024)
(0.07 0.0082 0.0024)
(0.07 0.0083 0.0024)
(0.07 0.0084 0.0024)
(0.07 0.0085 0.0024)
(0.07 0.0086 0.0024)
(0.07 0.0087 0.0024)
(0.07 0.0088 0.0024)
(0.07 0.0089 0.0024)
(0.07 0.009 0.0024)
(0.07 0.0071 0.0025)
(0.07 0.0072 0.0025)
(0.07 0.0073 0.0025)
(0.07 0.0074 0.0025)
(0.07 0.0075 0.0025)
(0.07 0.0076 0.0025)
(0.07 0.0077 0.0025)
(0.07 0.0078 0.0025)
(0.07 0.0079 0.0025)
(0.07 0.008 0.0025)
(0.07 0.0081 0.0025)
(0.07 0.0082 0.0025)
(0.07 0.0083 0.0025)
(0.07 0.0084 0.0025)
(0.07 0.0085 0.0025)
(0.07 0.0086 0.0025)
(0.07 0.0087 0.0025)
(0.07 0.0088 0.0025)
(0.07 0.0089 0.0025)
(0.07 0.009 0.0025)
(0.07 0.0071 0.0026)
(0.07 0.0072 0.0026)
(0.07 0.0073 0.0026)
(0.07 0.0074 0.0026)
(0.07 0.0075 0.0026)
(0.07 0.0076 0.0026)
(0.07 0.0077 0.0026)
(0.07 0.0078 0.0026)
(0.07 0.0079 0.0026)
(0.07 0.008 0.0026)
(0.07 0.0081 0.0026)
(0.07 0.0082 0.0026)
(0.07 0.0083 0.0026)
(0.07 0.0084 0.0026)
(0.07 0.0085 0.0026)
(0.07 0.0086 0.0026)
(0.07 0.0087 0.0026)
(0.07 0.0088 0.0026)
(0.07 0.0089 0.0026)
(0.07 0.009 0.0026)
(0.07 0.0071 0.0027)
(0.07 0.0072 0.0027)
(0.07 0.0073 0.0027)
(0.07 0.0074 0.0027)
(0.07 0.0075 0.0027)
(0.07 0.0076 0.0027)
(0.07 0.0077 0.0027)
(0.07 0.0078 0.0027)
(0.07 0.0079 0.0027)
(0.07 0.008 0.0027)
(0.07 0.0081 0.0027)
(0.07 0.0082 0.0027)
(0.07 0.0083 0.0027)
(0.07 0.0084 0.0027)
(0.07 0.0085 0.0027)
(0.07 0.0086 0.0027)
(0.07 0.0087 0.0027)
(0.07 0.0088 0.0027)
(0.07 0.0089 0.0027)
(0.07 0.009 0.0027)
(0.07 0.0071 0.0028)
(0.07 0.0072 0.0028)
(0.07 0.0073 0.0028)
(0.07 0.0074 0.0028)
(0.07 0.0075 0.0028)
(0.07 0.0076 0.0028)
(0.07 0.0077 0.0028)
(0.07 0.0078 0.0028)
(0.07 0.0079 0.0028)
(0.07 0.008 0.0028)
(0.07 0.0081 0.0028)
(0.07 0.0082 0.0028)
(0.07 0.0083 0.0028)
(0.07 0.0084 0.0028)
(0.07 0.0085 0.0028)
(0.07 0.0086 0.0028)
(0.07 0.0087 0.0028)
(0.07 0.0088 0.0028)
(0.07 0.0089 0.0028)
(0.07 0.009 0.0028)
(0.07 0.0071 0.0029)
(0.07 0.0072 0.0029)
(0.07 0.0073 0.0029)
(0.07 0.0074 0.0029)
(0.07 0.0075 0.0029)
(0.07 0.0076 0.0029)
(0.07 0.0077 0.0029)
(0.07 0.0078 0.0029)
(0.07 0.0079 0.0029)
(0.07 0.008 0.0029)
(0.07 0.0081 0.0029)
(0.07 0.0082 0.0029)
(0.07 0.0083 0.0029)
(0.07 0.0084 0.0029)
(0.07 0.0085 0.0029)
(0.07 0.0086 0.0029)
(0.07 0.0087 0.0029)
(0.07 0.0088 0.0029)
(0.07 0.0089 0.0029)
(0.07 0.009 0.0029)
(0.07 0.0071 0.003)
(0.07 0.0072 0.003)
(0.07 0.0073 0.003)
(0.07 0.0074 0.003)
(0.07 0.0075 0.003)
(0.07 0.0076 0.003)
(0.07 0.0077 0.003)
(0.07 0.0078 0.003)
(0.07 0.0079 0.003)
(0.07 0.008 0.003)
(0.07 0.0081 0.003)
(0.07 0.0082 0.003)
(0.07 0.0083 0.003)
(0.07 0.0084 0.003)
(0.07 0.0085 0.003)
(0.07 0.0086 0.003)
(0.07 0.0087 0.003)
(0.07 0.0088 0.003)
(0.07 0.0089 0.003)
(0.07 0.009 0.003)
(0.071666667 0.0071 0.0011)
(0.071666667 0.0072 0.0011)
(0.071666667 0.0073 0.0011)
(0.071666667 0.0074 0.0011)
(0.071666667 0.0075 0.0011)
(0.071666667 0.0076 0.0011)
(0.071666667 0.0077 0.0011)
(0.071666667 0.0078 0.0011)
(0.071666667 0.0079 0.0011)
(0.071666667 0.008 0.0011)
(0.071666667 0.0081 0.0011)
(0.071666667 0.0082 0.0011)
(0.071666667 0.0083 0.0011)
(0.071666667 0.0084 0.0011)
(0.071666667 0.0085 0.0011)
(0.071666667 0.0086 0.0011)
(0.071666667 0.0087 0.0011)
(0.071666667 0.0088 0.0011)
(0.071666667 0.0089 0.0011)
(0.071666667 0.009 0.0011)
(0.071666667 0.0071 0.0012)
(0.071666667 0.0072 0.0012)
(0.071666667 0.0073 0.0012)
(0.071666667 0.0074 0.0012)
(0.071666667 0.0075 0.0012)
(0.071666667 0.0076 0.0012)
(0.071666667 0.0077 0.0012)
(0.071666667 0.0078 0.0012)
(0.071666667 0.0079 0.0012)
(0.071666667 0.008 0.0012)
(0.071666667 0.0081 0.0012)
(0.071666667 0.0082 0.0012)
(0.071666667 0.0083 0.0012)
(0.071666667 0.0084 0.0012)
(0.071666667 0.0085 0.0012)
(0.071666667 0.0086 0.0012)
(0.071666667 0.0087 0.0012)
(0.071666667 0.0088 0.0012)
(0.071666667 0.0089 0.0012)
(0.071666667 0.009 0.0012)
(0.071666667 0.0071 0.0013)
(0.071666667 0.0072 0.0013)
(0.071666667 0.0073 0.0013)
(0.071666667 0.0074 0.0013)
(0.071666667 0.0075 0.0013)
(0.071666667 0.0076 0.0013)
(0.071666667 0.0077 0.0013)
(0.071666667 0.0078 0.0013)
(0.071666667 0.0079 0.0013)
(0.071666667 0.008 0.0013)
(0.071666667 0.0081 0.0013)
(0.071666667 0.0082 0.0013)
(0.071666667 0.0083 0.0013)
(0.071666667 0.0084 0.0013)
(0.071666667 0.0085 0.0013)
(0.071666667 0.0086 0.0013)
(0.071666667 0.0087 0.0013)
(0.071666667 0.0088 0.0013)
(0.071666667 0.0089 0.0013)
(0.071666667 0.009 0.0013)
(0.071666667 0.0071 0.0014)
(0.071666667 0.0072 0.0014)
(0.071666667 0.0073 0.0014)
(0.071666667 0.0074 0.0014)
(0.071666667 0.0075 0.0014)
(0.071666667 0.0076 0.0014)
(0.071666667 0.0077 0.0014)
(0.071666667 0.0078 0.0014)
(0.071666667 0.0079 0.0014)
(0.071666667 0.008 0.0014)
(0.071666667 0.0081 0.0014)
(0.071666667 0.0082 0.0014)
(0.071666667 0.0083 0.0014)
(0.071666667 0.0084 0.0014)
(0.071666667 0.0085 0.0014)
(0.071666667 0.0086 0.0014)
(0.071666667 0.0087 0.0014)
(0.071666667 0.0088 0.0014)
(0.071666667 0.0089 0.0014)
(0.071666667 0.009 0.0014)
(0.071666667 0.0071 0.0015)
(0.071666667 0.0072 0.0015)
(0.071666667 0.0073 0.0015)
(0.071666667 0.0074 0.0015)
(0.071666667 0.0075 0.0015)
(0.071666667 0.0076 0.0015)
(0.071666667 0.0077 0.0015)
(0.071666667 0.0078 0.0015)
(0.071666667 0.0079 0.0015)
(0.071666667 0.008 0.0015)
(0.071666667 0.0081 0.0015)
(0.071666667 0.0082 0.0015)
(0.071666667 0.0083 0.0015)
(0.071666667 0.0084 0.0015)
(0.071666667 0.0085 0.0015)
(0.071666667 0.0086 0.0015)
(0.071666667 0.0087 0.0015)
(0.071666667 0.0088 0.0015)
(0.071666667 0.0089 0.0015)
(0.071666667 0.009 0.0015)
(0.071666667 0.0071 0.0016)
(0.071666667 0.0072 0.0016)
(0.071666667 0.0073 0.0016)
(0.071666667 0.0074 0.0016)
(0.071666667 0.0075 0.0016)
(0.071666667 0.0076 0.0016)
(0.071666667 0.0077 0.0016)
(0.071666667 0.0078 0.0016)
(0.071666667 0.0079 0.0016)
(0.071666667 0.008 0.0016)
(0.071666667 0.0081 0.0016)
(0.071666667 0.0082 0.0016)
(0.071666667 0.0083 0.0016)
(0.071666667 0.0084 0.0016)
(0.071666667 0.0085 0.0016)
(0.071666667 0.0086 0.0016)
(0.071666667 0.0087 0.0016)
(0.071666667 0.0088 0.0016)
(0.071666667 0.0089 0.0016)
(0.071666667 0.009 0.0016)
(0.071666667 0.0071 0.0017)
(0.071666667 0.0072 0.0017)
(0.071666667 0.0073 0.0017)
(0.071666667 0.0074 0.0017)
(0.071666667 0.0075 0.0017)
(0.071666667 0.0076 0.0017)
(0.071666667 0.0077 0.0017)
(0.071666667 0.0078 0.0017)
(0.071666667 0.0079 0.0017)
(0.071666667 0.008 0.0017)
(0.071666667 0.0081 0.0017)
(0.071666667 0.0082 0.0017)
(0.071666667 0.0083 0.0017)
(0.071666667 0.0084 0.0017)
(0.071666667 0.0085 0.0017)
(0.071666667 0.0086 0.0017)
(0.071666667 0.0087 0.0017)
(0.071666667 0.0088 0.0017)
(0.071666667 0.0089 0.0017)
(0.071666667 0.009 0.0017)
(0.071666667 0.0071 0.0018)
(0.071666667 0.0072 0.0018)
(0.071666667 0.0073 0.0018)
(0.071666667 0.0074 0.0018)
(0.071666667 0.0075 0.0018)
(0.071666667 0.0076 0.0018)
(0.071666667 0.0077 0.0018)
(0.071666667 0.0078 0.0018)
(0.071666667 0.0079 0.0018)
(0.071666667 0.008 0.0018)
(0.071666667 0.0081 0.0018)
(0.071666667 0.0082 0.0018)
(0.071666667 0.0083 0.0018)
(0.071666667 0.0084 0.0018)
(0.071666667 0.0085 0.0018)
(0.071666667 0.0086 0.0018)
(0.071666667 0.0087 0.0018)
(0.071666667 0.0088 0.0018)
(0.071666667 0.0089 0.0018)
(0.071666667 0.009 0.0018)
(0.071666667 0.0071 0.0019)
(0.071666667 0.0072 0.0019)
(0.071666667 0.0073 0.0019)
(0.071666667 0.0074 0.0019)
(0.071666667 0.0075 0.0019)
(0.071666667 0.0076 0.0019)
(0.071666667 0.0077 0.0019)
(0.071666667 0.0078 0.0019)
(0.071666667 0.0079 0.0019)
(0.071666667 0.008 0.0019)
(0.071666667 0.0081 0.0019)
(0.071666667 0.0082 0.0019)
(0.071666667 0.0083 0.0019)
(0.071666667 0.0084 0.0019)
(0.071666667 0.0085 0.0019)
(0.071666667 0.0086 0.0019)
(0.071666667 0.0087 0.0019)
(0.071666667 0.0088 0.0019)
(0.071666667 0.0089 0.0019)
(0.071666667 0.009 0.0019)
(0.071666667 0.0071 0.002)
(0.071666667 0.0072 0.002)
(0.071666667 0.0073 0.002)
(0.071666667 0.0074 0.002)
(0.071666667 0.0075 0.002)
(0.071666667 0.0076 0.002)
(0.071666667 0.0077 0.002)
(0.071666667 0.0078 0.002)
(0.071666667 0.0079 0.002)
(0.071666667 0.008 0.002)
(0.071666667 0.0081 0.002)
(0.071666667 0.0082 0.002)
(0.071666667 0.0083 0.002)
(0.071666667 0.0084 0.002)
(0.071666667 0.0085 0.002)
(0.071666667 0.0086 0.002)
(0.071666667 0.0087 0.002)
(0.071666667 0.0088 0.002)
(0.071666667 0.0089 0.002)
(0.071666667 0.009 0.002)
(0.071666667 0.0071 0.0021)
(0.071666667 0.0072 0.0021)
(0.071666667 0.0073 0.0021)
(0.071666667 0.0074 0.0021)
(0.071666667 0.0075 0.0021)
(0.071666667 0.0076 0.0021)
(0.071666667 0.0077 0.0021)
(0.071666667 0.0078 0.0021)
(0.071666667 0.0079 0.0021)
(0.071666667 0.008 0.0021)
(0.071666667 0.0081 0.0021)
(0.071666667 0.0082 0.0021)
(0.071666667 0.0083 0.0021)
(0.071666667 0.0084 0.0021)
(0.071666667 0.0085 0.0021)
(0.071666667 0.0086 0.0021)
(0.071666667 0.0087 0.0021)
(0.071666667 0.0088 0.0021)
(0.071666667 0.0089 0.0021)
(0.071666667 0.009 0.0021)
(0.071666667 0.0071 0.0022)
(0.071666667 0.0072 0.0022)
(0.071666667 0.0073 0.0022)
(0.071666667 0.0074 0.0022)
(0.071666667 0.0075 0.0022)
(0.071666667 0.0076 0.0022)
(0.071666667 0.0077 0.0022)
(0.071666667 0.0078 0.0022)
(0.071666667 0.0079 0.0022)
(0.071666667 0.008 0.0022)
(0.071666667 0.0081 0.0022)
(0.071666667 0.0082 0.0022)
(0.071666667 0.0083 0.0022)
(0.071666667 0.0084 0.0022)
(0.071666667 0.0085 0.0022)
(0.071666667 0.0086 0.0022)
(0.071666667 0.0087 0.0022)
(0.071666667 0.0088 0.0022)
(0.071666667 0.0089 0.0022)
(0.071666667 0.009 0.0022)
(0.071666667 0.0071 0.0023)
(0.071666667 0.0072 0.0023)
(0.071666667 0.0073 0.0023)
(0.071666667 0.0074 0.0023)
(0.071666667 0.0075 0.0023)
(0.071666667 0.0076 0.0023)
(0.071666667 0.0077 0.0023)
(0.071666667 0.0078 0.0023)
(0.071666667 0.0079 0.0023)
(0.071666667 0.008 0.0023)
(0.071666667 0.0081 0.0023)
(0.071666667 0.0082 0.0023)
(0.071666667 0.0083 0.0023)
(0.071666667 0.0084 0.0023)
(0.071666667 0.0085 0.0023)
(0.071666667 0.0086 0.0023)
(0.071666667 0.0087 0.0023)
(0.071666667 0.0088 0.0023)
(0.071666667 0.0089 0.0023)
(0.071666667 0.009 0.0023)
(0.071666667 0.0071 0.0024)
(0.071666667 0.0072 0.0024)
(0.071666667 0.0073 0.0024)
(0.071666667 0.0074 0.0024)
(0.071666667 0.0075 0.0024)
(0.071666667 0.0076 0.0024)
(0.071666667 0.0077 0.0024)
(0.071666667 0.0078 0.0024)
(0.071666667 0.0079 0.0024)
(0.071666667 0.008 0.0024)
(0.071666667 0.0081 0.0024)
(0.071666667 0.0082 0.0024)
(0.071666667 0.0083 0.0024)
(0.071666667 0.0084 0.0024)
(0.071666667 0.0085 0.0024)
(0.071666667 0.0086 0.0024)
(0.071666667 0.0087 0.0024)
(0.071666667 0.0088 0.0024)
(0.071666667 0.0089 0.0024)
(0.071666667 0.009 0.0024)
(0.071666667 0.0071 0.0025)
(0.071666667 0.0072 0.0025)
(0.071666667 0.0073 0.0025)
(0.071666667 0.0074 0.0025)
(0.071666667 0.0075 0.0025)
(0.071666667 0.0076 0.0025)
(0.071666667 0.0077 0.0025)
(0.071666667 0.0078 0.0025)
(0.071666667 0.0079 0.0025)
(0.071666667 0.008 0.0025)
(0.071666667 0.0081 0.0025)
(0.071666667 0.0082 0.0025)
(0.071666667 0.0083 0.0025)
(0.071666667 0.0084 0.0025)
(0.071666667 0.0085 0.0025)
(0.071666667 0.0086 0.0025)
(0.071666667 0.0087 0.0025)
(0.071666667 0.0088 0.0025)
(0.071666667 0.0089 0.0025)
(0.071666667 0.009 0.0025)
(0.071666667 0.0071 0.0026)
(0.071666667 0.0072 0.0026)
(0.071666667 0.0073 0.0026)
(0.071666667 0.0074 0.0026)
(0.071666667 0.0075 0.0026)
(0.071666667 0.0076 0.0026)
(0.071666667 0.0077 0.0026)
(0.071666667 0.0078 0.0026)
(0.071666667 0.0079 0.0026)
(0.071666667 0.008 0.0026)
(0.071666667 0.0081 0.0026)
(0.071666667 0.0082 0.0026)
(0.071666667 0.0083 0.0026)
(0.071666667 0.0084 0.0026)
(0.071666667 0.0085 0.0026)
(0.071666667 0.0086 0.0026)
(0.071666667 0.0087 0.0026)
(0.071666667 0.0088 0.0026)
(0.071666667 0.0089 0.0026)
(0.071666667 0.009 0.0026)
(0.071666667 0.0071 0.0027)
(0.071666667 0.0072 0.0027)
(0.071666667 0.0073 0.0027)
(0.071666667 0.0074 0.0027)
(0.071666667 0.0075 0.0027)
(0.071666667 0.0076 0.0027)
(0.071666667 0.0077 0.0027)
(0.071666667 0.0078 0.0027)
(0.071666667 0.0079 0.0027)
(0.071666667 0.008 0.0027)
(0.071666667 0.0081 0.0027)
(0.071666667 0.0082 0.0027)
(0.071666667 0.0083 0.0027)
(0.071666667 0.0084 0.0027)
(0.071666667 0.0085 0.0027)
(0.071666667 0.0086 0.0027)
(0.071666667 0.0087 0.0027)
(0.071666667 0.0088 0.0027)
(0.071666667 0.0089 0.0027)
(0.071666667 0.009 0.0027)
(0.071666667 0.0071 0.0028)
(0.071666667 0.0072 0.0028)
(0.071666667 0.0073 0.0028)
(0.071666667 0.0074 0.0028)
(0.071666667 0.0075 0.0028)
(0.071666667 0.0076 0.0028)
(0.071666667 0.0077 0.0028)
(0.071666667 0.0078 0.0028)
(0.071666667 0.0079 0.0028)
(0.071666667 0.008 0.0028)
(0.071666667 0.0081 0.0028)
(0.071666667 0.0082 0.0028)
(0.071666667 0.0083 0.0028)
(0.071666667 0.0084 0.0028)
(0.071666667 0.0085 0.0028)
(0.071666667 0.0086 0.0028)
(0.071666667 0.0087 0.0028)
(0.071666667 0.0088 0.0028)
(0.071666667 0.0089 0.0028)
(0.071666667 0.009 0.0028)
(0.071666667 0.0071 0.0029)
(0.071666667 0.0072 0.0029)
(0.071666667 0.0073 0.0029)
(0.071666667 0.0074 0.0029)
(0.071666667 0.0075 0.0029)
(0.071666667 0.0076 0.0029)
(0.071666667 0.0077 0.0029)
(0.071666667 0.0078 0.0029)
(0.071666667 0.0079 0.0029)
(0.071666667 0.008 0.0029)
(0.071666667 0.0081 0.0029)
(0.071666667 0.0082 0.0029)
(0.071666667 0.0083 0.0029)
(0.071666667 0.0084 0.0029)
(0.071666667 0.0085 0.0029)
(0.071666667 0.0086 0.0029)
(0.071666667 0.0087 0.0029)
(0.071666667 0.0088 0.0029)
(0.071666667 0.0089 0.0029)
(0.071666667 0.009 0.0029)
(0.071666667 0.0071 0.003)
(0.071666667 0.0072 0.003)
(0.071666667 0.0073 0.003)
(0.071666667 0.0074 0.003)
(0.071666667 0.0075 0.003)
(0.071666667 0.0076 0.003)
(0.071666667 0.0077 0.003)
(0.071666667 0.0078 0.003)
(0.071666667 0.0079 0.003)
(0.071666667 0.008 0.003)
(0.071666667 0.0081 0.003)
(0.071666667 0.0082 0.003)
(0.071666667 0.0083 0.003)
(0.071666667 0.0084 0.003)
(0.071666667 0.0085 0.003)
(0.071666667 0.0086 0.003)
(0.071666667 0.0087 0.003)
(0.071666667 0.0088 0.003)
(0.071666667 0.0089 0.003)
(0.071666667 0.009 0.003)
(0.073333333 0.0071 0.0011)
(0.073333333 0.0072 0.0011)
(0.073333333 0.0073 0.0011)
(0.073333333 0.0074 0.0011)
(0.073333333 0.0075 0.0011)
(0.073333333 0.0076 0.0011)
(0.073333333 0.0077 0.0011)
(0.073333333 0.0078 0.0011)
(0.073333333 0.0079 0.0011)
(0.073333333 0.008 0.0011)
(0.073333333 0.0081 0.0011)
(0.073333333 0.0082 0.0011)
(0.073333333 0.0083 0.0011)
(0.073333333 0.0084 0.0011)
(0.073333333 0.0085 0.0011)
(0.073333333 0.0086 0.0011)
(0.073333333 0.0087 0.0011)
(0.073333333 0.0088 0.0011)
(0.073333333 0.0089 0.0011)
(0.073333333 0.009 0.0011)
(0.073333333 0.0071 0.0012)
(0.073333333 0.0072 0.0012)
(0.073333333 0.0073 0.0012)
(0.073333333 0.0074 0.0012)
(0.073333333 0.0075 0.0012)
(0.073333333 0.0076 0.0012)
(0.073333333 0.0077 0.0012)
(0.073333333 0.0078 0.0012)
(0.073333333 0.0079 0.0012)
(0.073333333 0.008 0.0012)
(0.073333333 0.0081 0.0012)
(0.073333333 0.0082 0.0012)
(0.073333333 0.0083 0.0012)
(0.073333333 0.0084 0.0012)
(0.073333333 0.0085 0.0012)
(0.073333333 0.0086 0.0012)
(0.073333333 0.0087 0.0012)
(0.073333333 0.0088 0.0012)
(0.073333333 0.0089 0.0012)
(0.073333333 0.009 0.0012)
(0.073333333 0.0071 0.0013)
(0.073333333 0.0072 0.0013)
(0.073333333 0.0073 0.0013)
(0.073333333 0.0074 0.0013)
(0.073333333 0.0075 0.0013)
(0.073333333 0.0076 0.0013)
(0.073333333 0.0077 0.0013)
(0.073333333 0.0078 0.0013)
(0.073333333 0.0079 0.0013)
(0.073333333 0.008 0.0013)
(0.073333333 0.0081 0.0013)
(0.073333333 0.0082 0.0013)
(0.073333333 0.0083 0.0013)
(0.073333333 0.0084 0.0013)
(0.073333333 0.0085 0.0013)
(0.073333333 0.0086 0.0013)
(0.073333333 0.0087 0.0013)
(0.073333333 0.0088 0.0013)
(0.073333333 0.0089 0.0013)
(0.073333333 0.009 0.0013)
(0.073333333 0.0071 0.0014)
(0.073333333 0.0072 0.0014)
(0.073333333 0.0073 0.0014)
(0.073333333 0.0074 0.0014)
(0.073333333 0.0075 0.0014)
(0.073333333 0.0076 0.0014)
(0.073333333 0.0077 0.0014)
(0.073333333 0.0078 0.0014)
(0.073333333 0.0079 0.0014)
(0.073333333 0.008 0.0014)
(0.073333333 0.0081 0.0014)
(0.073333333 0.0082 0.0014)
(0.073333333 0.0083 0.0014)
(0.073333333 0.0084 0.0014)
(0.073333333 0.0085 0.0014)
(0.073333333 0.0086 0.0014)
(0.073333333 0.0087 0.0014)
(0.073333333 0.0088 0.0014)
(0.073333333 0.0089 0.0014)
(0.073333333 0.009 0.0014)
(0.073333333 0.0071 0.0015)
(0.073333333 0.0072 0.0015)
(0.073333333 0.0073 0.0015)
(0.073333333 0.0074 0.0015)
(0.073333333 0.0075 0.0015)
(0.073333333 0.0076 0.0015)
(0.073333333 0.0077 0.0015)
(0.073333333 0.0078 0.0015)
(0.073333333 0.0079 0.0015)
(0.073333333 0.008 0.0015)
(0.073333333 0.0081 0.0015)
(0.073333333 0.0082 0.0015)
(0.073333333 0.0083 0.0015)
(0.073333333 0.0084 0.0015)
(0.073333333 0.0085 0.0015)
(0.073333333 0.0086 0.0015)
(0.073333333 0.0087 0.0015)
(0.073333333 0.0088 0.0015)
(0.073333333 0.0089 0.0015)
(0.073333333 0.009 0.0015)
(0.073333333 0.0071 0.0016)
(0.073333333 0.0072 0.0016)
(0.073333333 0.0073 0.0016)
(0.073333333 0.0074 0.0016)
(0.073333333 0.0075 0.0016)
(0.073333333 0.0076 0.0016)
(0.073333333 0.0077 0.0016)
(0.073333333 0.0078 0.0016)
(0.073333333 0.0079 0.0016)
(0.073333333 0.008 0.0016)
(0.073333333 0.0081 0.0016)
(0.073333333 0.0082 0.0016)
(0.073333333 0.0083 0.0016)
(0.073333333 0.0084 0.0016)
(0.073333333 0.0085 0.0016)
(0.073333333 0.0086 0.0016)
(0.073333333 0.0087 0.0016)
(0.073333333 0.0088 0.0016)
(0.073333333 0.0089 0.0016)
(0.073333333 0.009 0.0016)
(0.073333333 0.0071 0.0017)
(0.073333333 0.0072 0.0017)
(0.073333333 0.0073 0.0017)
(0.073333333 0.0074 0.0017)
(0.073333333 0.0075 0.0017)
(0.073333333 0.0076 0.0017)
(0.073333333 0.0077 0.0017)
(0.073333333 0.0078 0.0017)
(0.073333333 0.0079 0.0017)
(0.073333333 0.008 0.0017)
(0.073333333 0.0081 0.0017)
(0.073333333 0.0082 0.0017)
(0.073333333 0.0083 0.0017)
(0.073333333 0.0084 0.0017)
(0.073333333 0.0085 0.0017)
(0.073333333 0.0086 0.0017)
(0.073333333 0.0087 0.0017)
(0.073333333 0.0088 0.0017)
(0.073333333 0.0089 0.0017)
(0.073333333 0.009 0.0017)
(0.073333333 0.0071 0.0018)
(0.073333333 0.0072 0.0018)
(0.073333333 0.0073 0.0018)
(0.073333333 0.0074 0.0018)
(0.073333333 0.0075 0.0018)
(0.073333333 0.0076 0.0018)
(0.073333333 0.0077 0.0018)
(0.073333333 0.0078 0.0018)
(0.073333333 0.0079 0.0018)
(0.073333333 0.008 0.0018)
(0.073333333 0.0081 0.0018)
(0.073333333 0.0082 0.0018)
(0.073333333 0.0083 0.0018)
(0.073333333 0.0084 0.0018)
(0.073333333 0.0085 0.0018)
(0.073333333 0.0086 0.0018)
(0.073333333 0.0087 0.0018)
(0.073333333 0.0088 0.0018)
(0.073333333 0.0089 0.0018)
(0.073333333 0.009 0.0018)
(0.073333333 0.0071 0.0019)
(0.073333333 0.0072 0.0019)
(0.073333333 0.0073 0.0019)
(0.073333333 0.0074 0.0019)
(0.073333333 0.0075 0.0019)
(0.073333333 0.0076 0.0019)
(0.073333333 0.0077 0.0019)
(0.073333333 0.0078 0.0019)
(0.073333333 0.0079 0.0019)
(0.073333333 0.008 0.0019)
(0.073333333 0.0081 0.0019)
(0.073333333 0.0082 0.0019)
(0.073333333 0.0083 0.0019)
(0.073333333 0.0084 0.0019)
(0.073333333 0.0085 0.0019)
(0.073333333 0.0086 0.0019)
(0.073333333 0.0087 0.0019)
(0.073333333 0.0088 0.0019)
(0.073333333 0.0089 0.0019)
(0.073333333 0.009 0.0019)
(0.073333333 0.0071 0.002)
(0.073333333 0.0072 0.002)
(0.073333333 0.0073 0.002)
(0.073333333 0.0074 0.002)
(0.073333333 0.0075 0.002)
(0.073333333 0.0076 0.002)
(0.073333333 0.0077 0.002)
(0.073333333 0.0078 0.002)
(0.073333333 0.0079 0.002)
(0.073333333 0.008 0.002)
(0.073333333 0.0081 0.002)
(0.073333333 0.0082 0.002)
(0.073333333 0.0083 0.002)
(0.073333333 0.0084 0.002)
(0.073333333 0.0085 0.002)
(0.073333333 0.0086 0.002)
(0.073333333 0.0087 0.002)
(0.073333333 0.0088 0.002)
(0.073333333 0.0089 0.002)
(0.073333333 0.009 0.002)
(0.073333333 0.0071 0.0021)
(0.073333333 0.0072 0.0021)
(0.073333333 0.0073 0.0021)
(0.073333333 0.0074 0.0021)
(0.073333333 0.0075 0.0021)
(0.073333333 0.0076 0.0021)
(0.073333333 0.0077 0.0021)
(0.073333333 0.0078 0.0021)
(0.073333333 0.0079 0.0021)
(0.073333333 0.008 0.0021)
(0.073333333 0.0081 0.0021)
(0.073333333 0.0082 0.0021)
(0.073333333 0.0083 0.0021)
(0.073333333 0.0084 0.0021)
(0.073333333 0.0085 0.0021)
(0.073333333 0.0086 0.0021)
(0.073333333 0.0087 0.0021)
(0.073333333 0.0088 0.0021)
(0.073333333 0.0089 0.0021)
(0.073333333 0.009 0.0021)
(0.073333333 0.0071 0.0022)
(0.073333333 0.0072 0.0022)
(0.073333333 0.0073 0.0022)
(0.073333333 0.0074 0.0022)
(0.073333333 0.0075 0.0022)
(0.073333333 0.0076 0.0022)
(0.073333333 0.0077 0.0022)
(0.073333333 0.0078 0.0022)
(0.073333333 0.0079 0.0022)
(0.073333333 0.008 0.0022)
(0.073333333 0.0081 0.0022)
(0.073333333 0.0082 0.0022)
(0.073333333 0.0083 0.0022)
(0.073333333 0.0084 0.0022)
(0.073333333 0.0085 0.0022)
(0.073333333 0.0086 0.0022)
(0.073333333 0.0087 0.0022)
(0.073333333 0.0088 0.0022)
(0.073333333 0.0089 0.0022)
(0.073333333 0.009 0.0022)
(0.073333333 0.0071 0.0023)
(0.073333333 0.0072 0.0023)
(0.073333333 0.0073 0.0023)
(0.073333333 0.0074 0.0023)
(0.073333333 0.0075 0.0023)
(0.073333333 0.0076 0.0023)
(0.073333333 0.0077 0.0023)
(0.073333333 0.0078 0.0023)
(0.073333333 0.0079 0.0023)
(0.073333333 0.008 0.0023)
(0.073333333 0.0081 0.0023)
(0.073333333 0.0082 0.0023)
(0.073333333 0.0083 0.0023)
(0.073333333 0.0084 0.0023)
(0.073333333 0.0085 0.0023)
(0.073333333 0.0086 0.0023)
(0.073333333 0.0087 0.0023)
(0.073333333 0.0088 0.0023)
(0.073333333 0.0089 0.0023)
(0.073333333 0.009 0.0023)
(0.073333333 0.0071 0.0024)
(0.073333333 0.0072 0.0024)
(0.073333333 0.0073 0.0024)
(0.073333333 0.0074 0.0024)
(0.073333333 0.0075 0.0024)
(0.073333333 0.0076 0.0024)
(0.073333333 0.0077 0.0024)
(0.073333333 0.0078 0.0024)
(0.073333333 0.0079 0.0024)
(0.073333333 0.008 0.0024)
(0.073333333 0.0081 0.0024)
(0.073333333 0.0082 0.0024)
(0.073333333 0.0083 0.0024)
(0.073333333 0.0084 0.0024)
(0.073333333 0.0085 0.0024)
(0.073333333 0.0086 0.0024)
(0.073333333 0.0087 0.0024)
(0.073333333 0.0088 0.0024)
(0.073333333 0.0089 0.0024)
(0.073333333 0.009 0.0024)
(0.073333333 0.0071 0.0025)
(0.073333333 0.0072 0.0025)
(0.073333333 0.0073 0.0025)
(0.073333333 0.0074 0.0025)
(0.073333333 0.0075 0.0025)
(0.073333333 0.0076 0.0025)
(0.073333333 0.0077 0.0025)
(0.073333333 0.0078 0.0025)
(0.073333333 0.0079 0.0025)
(0.073333333 0.008 0.0025)
(0.073333333 0.0081 0.0025)
(0.073333333 0.0082 0.0025)
(0.073333333 0.0083 0.0025)
(0.073333333 0.0084 0.0025)
(0.073333333 0.0085 0.0025)
(0.073333333 0.0086 0.0025)
(0.073333333 0.0087 0.0025)
(0.073333333 0.0088 0.0025)
(0.073333333 0.0089 0.0025)
(0.073333333 0.009 0.0025)
(0.073333333 0.0071 0.0026)
(0.073333333 0.0072 0.0026)
(0.073333333 0.0073 0.0026)
(0.073333333 0.0074 0.0026)
(0.073333333 0.0075 0.0026)
(0.073333333 0.0076 0.0026)
(0.073333333 0.0077 0.0026)
(0.073333333 0.0078 0.0026)
(0.073333333 0.0079 0.0026)
(0.073333333 0.008 0.0026)
(0.073333333 0.0081 0.0026)
(0.073333333 0.0082 0.0026)
(0.073333333 0.0083 0.0026)
(0.073333333 0.0084 0.0026)
(0.073333333 0.0085 0.0026)
(0.073333333 0.0086 0.0026)
(0.073333333 0.0087 0.0026)
(0.073333333 0.0088 0.0026)
(0.073333333 0.0089 0.0026)
(0.073333333 0.009 0.0026)
(0.073333333 0.0071 0.0027)
(0.073333333 0.0072 0.0027)
(0.073333333 0.0073 0.0027)
(0.073333333 0.0074 0.0027)
(0.073333333 0.0075 0.0027)
(0.073333333 0.0076 0.0027)
(0.073333333 0.0077 0.0027)
(0.073333333 0.0078 0.0027)
(0.073333333 0.0079 0.0027)
(0.073333333 0.008 0.0027)
(0.073333333 0.0081 0.0027)
(0.073333333 0.0082 0.0027)
(0.073333333 0.0083 0.0027)
(0.073333333 0.0084 0.0027)
(0.073333333 0.0085 0.0027)
(0.073333333 0.0086 0.0027)
(0.073333333 0.0087 0.0027)
(0.073333333 0.0088 0.0027)
(0.073333333 0.0089 0.0027)
(0.073333333 0.009 0.0027)
(0.073333333 0.0071 0.0028)
(0.073333333 0.0072 0.0028)
(0.073333333 0.0073 0.0028)
(0.073333333 0.0074 0.0028)
(0.073333333 0.0075 0.0028)
(0.073333333 0.0076 0.0028)
(0.073333333 0.0077 0.0028)
(0.073333333 0.0078 0.0028)
(0.073333333 0.0079 0.0028)
(0.073333333 0.008 0.0028)
(0.073333333 0.0081 0.0028)
(0.073333333 0.0082 0.0028)
(0.073333333 0.0083 0.0028)
(0.073333333 0.0084 0.0028)
(0.073333333 0.0085 0.0028)
(0.073333333 0.0086 0.0028)
(0.073333333 0.0087 0.0028)
(0.073333333 0.0088 0.0028)
(0.073333333 0.0089 0.0028)
(0.073333333 0.009 0.0028)
(0.073333333 0.0071 0.0029)
(0.073333333 0.0072 0.0029)
(0.073333333 0.0073 0.0029)
(0.073333333 0.0074 0.0029)
(0.073333333 0.0075 0.0029)
(0.073333333 0.0076 0.0029)
(0.073333333 0.0077 0.0029)
(0.073333333 0.0078 0.0029)
(0.073333333 0.0079 0.0029)
(0.073333333 0.008 0.0029)
(0.073333333 0.0081 0.0029)
(0.073333333 0.0082 0.0029)
(0.073333333 0.0083 0.0029)
(0.073333333 0.0084 0.0029)
(0.073333333 0.0085 0.0029)
(0.073333333 0.0086 0.0029)
(0.073333333 0.0087 0.0029)
(0.073333333 0.0088 0.0029)
(0.073333333 0.0089 0.0029)
(0.073333333 0.009 0.0029)
(0.073333333 0.0071 0.003)
(0.073333333 0.0072 0.003)
(0.073333333 0.0073 0.003)
(0.073333333 0.0074 0.003)
(0.073333333 0.0075 0.003)
(0.073333333 0.0076 0.003)
(0.073333333 0.0077 0.003)
(0.073333333 0.0078 0.003)
(0.073333333 0.0079 0.003)
(0.073333333 0.008 0.003)
(0.073333333 0.0081 0.003)
(0.073333333 0.0082 0.003)
(0.073333333 0.0083 0.003)
(0.073333333 0.0084 0.003)
(0.073333333 0.0085 0.003)
(0.073333333 0.0086 0.003)
(0.073333333 0.0087 0.003)
(0.073333333 0.0088 0.003)
(0.073333333 0.0089 0.003)
(0.073333333 0.009 0.003)
(0.075 0.0071 0.0011)
(0.075 0.0072 0.0011)
(0.075 0.0073 0.0011)
(0.075 0.0074 0.0011)
(0.075 0.0075 0.0011)
(0.075 0.0076 0.0011)
(0.075 0.0077 0.0011)
(0.075 0.0078 0.0011)
(0.075 0.0079 0.0011)
(0.075 0.008 0.0011)
(0.075 0.0081 0.0011)
(0.075 0.0082 0.0011)
(0.075 0.0083 0.0011)
(0.075 0.0084 0.0011)
(0.075 0.0085 0.0011)
(0.075 0.0086 0.0011)
(0.075 0.0087 0.0011)
(0.075 0.0088 0.0011)
(0.075 0.0089 0.0011)
(0.075 0.009 0.0011)
(0.075 0.0071 0.0012)
(0.075 0.0072 0.0012)
(0.075 0.0073 0.0012)
(0.075 0.0074 0.0012)
(0.075 0.0075 0.0012)
(0.075 0.0076 0.0012)
(0.075 0.0077 0.0012)
(0.075 0.0078 0.0012)
(0.075 0.0079 0.0012)
(0.075 0.008 0.0012)
(0.075 0.0081 0.0012)
(0.075 0.0082 0.0012)
(0.075 0.0083 0.0012)
(0.075 0.0084 0.0012)
(0.075 0.0085 0.0012)
(0.075 0.0086 0.0012)
(0.075 0.0087 0.0012)
(0.075 0.0088 0.0012)
(0.075 0.0089 0.0012)
(0.075 0.009 0.0012)
(0.075 0.0071 0.0013)
(0.075 0.0072 0.0013)
(0.075 0.0073 0.0013)
(0.075 0.0074 0.0013)
(0.075 0.0075 0.0013)
(0.075 0.0076 0.0013)
(0.075 0.0077 0.0013)
(0.075 0.0078 0.0013)
(0.075 0.0079 0.0013)
(0.075 0.008 0.0013)
(0.075 0.0081 0.0013)
(0.075 0.0082 0.0013)
(0.075 0.0083 0.0013)
(0.075 0.0084 0.0013)
(0.075 0.0085 0.0013)
(0.075 0.0086 0.0013)
(0.075 0.0087 0.0013)
(0.075 0.0088 0.0013)
(0.075 0.0089 0.0013)
(0.075 0.009 0.0013)
(0.075 0.0071 0.0014)
(0.075 0.0072 0.0014)
(0.075 0.0073 0.0014)
(0.075 0.0074 0.0014)
(0.075 0.0075 0.0014)
(0.075 0.0076 0.0014)
(0.075 0.0077 0.0014)
(0.075 0.0078 0.0014)
(0.075 0.0079 0.0014)
(0.075 0.008 0.0014)
(0.075 0.0081 0.0014)
(0.075 0.0082 0.0014)
(0.075 0.0083 0.0014)
(0.075 0.0084 0.0014)
(0.075 0.0085 0.0014)
(0.075 0.0086 0.0014)
(0.075 0.0087 0.0014)
(0.075 0.0088 0.0014)
(0.075 0.0089 0.0014)
(0.075 0.009 0.0014)
(0.075 0.0071 0.0015)
(0.075 0.0072 0.0015)
(0.075 0.0073 0.0015)
(0.075 0.0074 0.0015)
(0.075 0.0075 0.0015)
(0.075 0.0076 0.0015)
(0.075 0.0077 0.0015)
(0.075 0.0078 0.0015)
(0.075 0.0079 0.0015)
(0.075 0.008 0.0015)
(0.075 0.0081 0.0015)
(0.075 0.0082 0.0015)
(0.075 0.0083 0.0015)
(0.075 0.0084 0.0015)
(0.075 0.0085 0.0015)
(0.075 0.0086 0.0015)
(0.075 0.0087 0.0015)
(0.075 0.0088 0.0015)
(0.075 0.0089 0.0015)
(0.075 0.009 0.0015)
(0.075 0.0071 0.0016)
(0.075 0.0072 0.0016)
(0.075 0.0073 0.0016)
(0.075 0.0074 0.0016)
(0.075 0.0075 0.0016)
(0.075 0.0076 0.0016)
(0.075 0.0077 0.0016)
(0.075 0.0078 0.0016)
(0.075 0.0079 0.0016)
(0.075 0.008 0.0016)
(0.075 0.0081 0.0016)
(0.075 0.0082 0.0016)
(0.075 0.0083 0.0016)
(0.075 0.0084 0.0016)
(0.075 0.0085 0.0016)
(0.075 0.0086 0.0016)
(0.075 0.0087 0.0016)
(0.075 0.0088 0.0016)
(0.075 0.0089 0.0016)
(0.075 0.009 0.0016)
(0.075 0.0071 0.0017)
(0.075 0.0072 0.0017)
(0.075 0.0073 0.0017)
(0.075 0.0074 0.0017)
(0.075 0.0075 0.0017)
(0.075 0.0076 0.0017)
(0.075 0.0077 0.0017)
(0.075 0.0078 0.0017)
(0.075 0.0079 0.0017)
(0.075 0.008 0.0017)
(0.075 0.0081 0.0017)
(0.075 0.0082 0.0017)
(0.075 0.0083 0.0017)
(0.075 0.0084 0.0017)
(0.075 0.0085 0.0017)
(0.075 0.0086 0.0017)
(0.075 0.0087 0.0017)
(0.075 0.0088 0.0017)
(0.075 0.0089 0.0017)
(0.075 0.009 0.0017)
(0.075 0.0071 0.0018)
(0.075 0.0072 0.0018)
(0.075 0.0073 0.0018)
(0.075 0.0074 0.0018)
(0.075 0.0075 0.0018)
(0.075 0.0076 0.0018)
(0.075 0.0077 0.0018)
(0.075 0.0078 0.0018)
(0.075 0.0079 0.0018)
(0.075 0.008 0.0018)
(0.075 0.0081 0.0018)
(0.075 0.0082 0.0018)
(0.075 0.0083 0.0018)
(0.075 0.0084 0.0018)
(0.075 0.0085 0.0018)
(0.075 0.0086 0.0018)
(0.075 0.0087 0.0018)
(0.075 0.0088 0.0018)
(0.075 0.0089 0.0018)
(0.075 0.009 0.0018)
(0.075 0.0071 0.0019)
(0.075 0.0072 0.0019)
(0.075 0.0073 0.0019)
(0.075 0.0074 0.0019)
(0.075 0.0075 0.0019)
(0.075 0.0076 0.0019)
(0.075 0.0077 0.0019)
(0.075 0.0078 0.0019)
(0.075 0.0079 0.0019)
(0.075 0.008 0.0019)
(0.075 0.0081 0.0019)
(0.075 0.0082 0.0019)
(0.075 0.0083 0.0019)
(0.075 0.0084 0.0019)
(0.075 0.0085 0.0019)
(0.075 0.0086 0.0019)
(0.075 0.0087 0.0019)
(0.075 0.0088 0.0019)
(0.075 0.0089 0.0019)
(0.075 0.009 0.0019)
(0.075 0.0071 0.002)
(0.075 0.0072 0.002)
(0.075 0.0073 0.002)
(0.075 0.0074 0.002)
(0.075 0.0075 0.002)
(0.075 0.0076 0.002)
(0.075 0.0077 0.002)
(0.075 0.0078 0.002)
(0.075 0.0079 0.002)
(0.075 0.008 0.002)
(0.075 0.0081 0.002)
(0.075 0.0082 0.002)
(0.075 0.0083 0.002)
(0.075 0.0084 0.002)
(0.075 0.0085 0.002)
(0.075 0.0086 0.002)
(0.075 0.0087 0.002)
(0.075 0.0088 0.002)
(0.075 0.0089 0.002)
(0.075 0.009 0.002)
(0.075 0.0071 0.0021)
(0.075 0.0072 0.0021)
(0.075 0.0073 0.0021)
(0.075 0.0074 0.0021)
(0.075 0.0075 0.0021)
(0.075 0.0076 0.0021)
(0.075 0.0077 0.0021)
(0.075 0.0078 0.0021)
(0.075 0.0079 0.0021)
(0.075 0.008 0.0021)
(0.075 0.0081 0.0021)
(0.075 0.0082 0.0021)
(0.075 0.0083 0.0021)
(0.075 0.0084 0.0021)
(0.075 0.0085 0.0021)
(0.075 0.0086 0.0021)
(0.075 0.0087 0.0021)
(0.075 0.0088 0.0021)
(0.075 0.0089 0.0021)
(0.075 0.009 0.0021)
(0.075 0.0071 0.0022)
(0.075 0.0072 0.0022)
(0.075 0.0073 0.0022)
(0.075 0.0074 0.0022)
(0.075 0.0075 0.0022)
(0.075 0.0076 0.0022)
(0.075 0.0077 0.0022)
(0.075 0.0078 0.0022)
(0.075 0.0079 0.0022)
(0.075 0.008 0.0022)
(0.075 0.0081 0.0022)
(0.075 0.0082 0.0022)
(0.075 0.0083 0.0022)
(0.075 0.0084 0.0022)
(0.075 0.0085 0.0022)
(0.075 0.0086 0.0022)
(0.075 0.0087 0.0022)
(0.075 0.0088 0.0022)
(0.075 0.0089 0.0022)
(0.075 0.009 0.0022)
(0.075 0.0071 0.0023)
(0.075 0.0072 0.0023)
(0.075 0.0073 0.0023)
(0.075 0.0074 0.0023)
(0.075 0.0075 0.0023)
(0.075 0.0076 0.0023)
(0.075 0.0077 0.0023)
(0.075 0.0078 0.0023)
(0.075 0.0079 0.0023)
(0.075 0.008 0.0023)
(0.075 0.0081 0.0023)
(0.075 0.0082 0.0023)
(0.075 0.0083 0.0023)
(0.075 0.0084 0.0023)
(0.075 0.0085 0.0023)
(0.075 0.0086 0.0023)
(0.075 0.0087 0.0023)
(0.075 0.0088 0.0023)
(0.075 0.0089 0.0023)
(0.075 0.009 0.0023)
(0.075 0.0071 0.0024)
(0.075 0.0072 0.0024)
(0.075 0.0073 0.0024)
(0.075 0.0074 0.0024)
(0.075 0.0075 0.0024)
(0.075 0.0076 0.0024)
(0.075 0.0077 0.0024)
(0.075 0.0078 0.0024)
(0.075 0.0079 0.0024)
(0.075 0.008 0.0024)
(0.075 0.0081 0.0024)
(0.075 0.0082 0.0024)
(0.075 0.0083 0.0024)
(0.075 0.0084 0.0024)
(0.075 0.0085 0.0024)
(0.075 0.0086 0.0024)
(0.075 0.0087 0.0024)
(0.075 0.0088 0.0024)
(0.075 0.0089 0.0024)
(0.075 0.009 0.0024)
(0.075 0.0071 0.0025)
(0.075 0.0072 0.0025)
(0.075 0.0073 0.0025)
(0.075 0.0074 0.0025)
(0.075 0.0075 0.0025)
(0.075 0.0076 0.0025)
(0.075 0.0077 0.0025)
(0.075 0.0078 0.0025)
(0.075 0.0079 0.0025)
(0.075 0.008 0.0025)
(0.075 0.0081 0.0025)
(0.075 0.0082 0.0025)
(0.075 0.0083 0.0025)
(0.075 0.0084 0.0025)
(0.075 0.0085 0.0025)
(0.075 0.0086 0.0025)
(0.075 0.0087 0.0025)
(0.075 0.0088 0.0025)
(0.075 0.0089 0.0025)
(0.075 0.009 0.0025)
(0.075 0.0071 0.0026)
(0.075 0.0072 0.0026)
(0.075 0.0073 0.0026)
(0.075 0.0074 0.0026)
(0.075 0.0075 0.0026)
(0.075 0.0076 0.0026)
(0.075 0.0077 0.0026)
(0.075 0.0078 0.0026)
(0.075 0.0079 0.0026)
(0.075 0.008 0.0026)
(0.075 0.0081 0.0026)
(0.075 0.0082 0.0026)
(0.075 0.0083 0.0026)
(0.075 0.0084 0.0026)
(0.075 0.0085 0.0026)
(0.075 0.0086 0.0026)
(0.075 0.0087 0.0026)
(0.075 0.0088 0.0026)
(0.075 0.0089 0.0026)
(0.075 0.009 0.0026)
(0.075 0.0071 0.0027)
(0.075 0.0072 0.0027)
(0.075 0.0073 0.0027)
(0.075 0.0074 0.0027)
(0.075 0.0075 0.0027)
(0.075 0.0076 0.0027)
(0.075 0.0077 0.0027)
(0.075 0.0078 0.0027)
(0.075 0.0079 0.0027)
(0.075 0.008 0.0027)
(0.075 0.0081 0.0027)
(0.075 0.0082 0.0027)
(0.075 0.0083 0.0027)
(0.075 0.0084 0.0027)
(0.075 0.0085 0.0027)
(0.075 0.0086 0.0027)
(0.075 0.0087 0.0027)
(0.075 0.0088 0.0027)
(0.075 0.0089 0.0027)
(0.075 0.009 0.0027)
(0.075 0.0071 0.0028)
(0.075 0.0072 0.0028)
(0.075 0.0073 0.0028)
(0.075 0.0074 0.0028)
(0.075 0.0075 0.0028)
(0.075 0.0076 0.0028)
(0.075 0.0077 0.0028)
(0.075 0.0078 0.0028)
(0.075 0.0079 0.0028)
(0.075 0.008 0.0028)
(0.075 0.0081 0.0028)
(0.075 0.0082 0.0028)
(0.075 0.0083 0.0028)
(0.075 0.0084 0.0028)
(0.075 0.0085 0.0028)
(0.075 0.0086 0.0028)
(0.075 0.0087 0.0028)
(0.075 0.0088 0.0028)
(0.075 0.0089 0.0028)
(0.075 0.009 0.0028)
(0.075 0.0071 0.0029)
(0.075 0.0072 0.0029)
(0.075 0.0073 0.0029)
(0.075 0.0074 0.0029)
(0.075 0.0075 0.0029)
(0.075 0.0076 0.0029)
(0.075 0.0077 0.0029)
(0.075 0.0078 0.0029)
(0.075 0.0079 0.0029)
(0.075 0.008 0.0029)
(0.075 0.0081 0.0029)
(0.075 0.0082 0.0029)
(0.075 0.0083 0.0029)
(0.075 0.0084 0.0029)
(0.075 0.0085 0.0029)
(0.075 0.0086 0.0029)
(0.075 0.0087 0.0029)
(0.075 0.0088 0.0029)
(0.075 0.0089 0.0029)
(0.075 0.009 0.0029)
(0.075 0.0071 0.003)
(0.075 0.0072 0.003)
(0.075 0.0073 0.003)
(0.075 0.0074 0.003)
(0.075 0.0075 0.003)
(0.075 0.0076 0.003)
(0.075 0.0077 0.003)
(0.075 0.0078 0.003)
(0.075 0.0079 0.003)
(0.075 0.008 0.003)
(0.075 0.0081 0.003)
(0.075 0.0082 0.003)
(0.075 0.0083 0.003)
(0.075 0.0084 0.003)
(0.075 0.0085 0.003)
(0.075 0.0086 0.003)
(0.075 0.0087 0.003)
(0.075 0.0088 0.003)
(0.075 0.0089 0.003)
(0.075 0.009 0.003)
(0.076666667 0.0071 0.0011)
(0.076666667 0.0072 0.0011)
(0.076666667 0.0073 0.0011)
(0.076666667 0.0074 0.0011)
(0.076666667 0.0075 0.0011)
(0.076666667 0.0076 0.0011)
(0.076666667 0.0077 0.0011)
(0.076666667 0.0078 0.0011)
(0.076666667 0.0079 0.0011)
(0.076666667 0.008 0.0011)
(0.076666667 0.0081 0.0011)
(0.076666667 0.0082 0.0011)
(0.076666667 0.0083 0.0011)
(0.076666667 0.0084 0.0011)
(0.076666667 0.0085 0.0011)
(0.076666667 0.0086 0.0011)
(0.076666667 0.0087 0.0011)
(0.076666667 0.0088 0.0011)
(0.076666667 0.0089 0.0011)
(0.076666667 0.009 0.0011)
(0.076666667 0.0071 0.0012)
(0.076666667 0.0072 0.0012)
(0.076666667 0.0073 0.0012)
(0.076666667 0.0074 0.0012)
(0.076666667 0.0075 0.0012)
(0.076666667 0.0076 0.0012)
(0.076666667 0.0077 0.0012)
(0.076666667 0.0078 0.0012)
(0.076666667 0.0079 0.0012)
(0.076666667 0.008 0.0012)
(0.076666667 0.0081 0.0012)
(0.076666667 0.0082 0.0012)
(0.076666667 0.0083 0.0012)
(0.076666667 0.0084 0.0012)
(0.076666667 0.0085 0.0012)
(0.076666667 0.0086 0.0012)
(0.076666667 0.0087 0.0012)
(0.076666667 0.0088 0.0012)
(0.076666667 0.0089 0.0012)
(0.076666667 0.009 0.0012)
(0.076666667 0.0071 0.0013)
(0.076666667 0.0072 0.0013)
(0.076666667 0.0073 0.0013)
(0.076666667 0.0074 0.0013)
(0.076666667 0.0075 0.0013)
(0.076666667 0.0076 0.0013)
(0.076666667 0.0077 0.0013)
(0.076666667 0.0078 0.0013)
(0.076666667 0.0079 0.0013)
(0.076666667 0.008 0.0013)
(0.076666667 0.0081 0.0013)
(0.076666667 0.0082 0.0013)
(0.076666667 0.0083 0.0013)
(0.076666667 0.0084 0.0013)
(0.076666667 0.0085 0.0013)
(0.076666667 0.0086 0.0013)
(0.076666667 0.0087 0.0013)
(0.076666667 0.0088 0.0013)
(0.076666667 0.0089 0.0013)
(0.076666667 0.009 0.0013)
(0.076666667 0.0071 0.0014)
(0.076666667 0.0072 0.0014)
(0.076666667 0.0073 0.0014)
(0.076666667 0.0074 0.0014)
(0.076666667 0.0075 0.0014)
(0.076666667 0.0076 0.0014)
(0.076666667 0.0077 0.0014)
(0.076666667 0.0078 0.0014)
(0.076666667 0.0079 0.0014)
(0.076666667 0.008 0.0014)
(0.076666667 0.0081 0.0014)
(0.076666667 0.0082 0.0014)
(0.076666667 0.0083 0.0014)
(0.076666667 0.0084 0.0014)
(0.076666667 0.0085 0.0014)
(0.076666667 0.0086 0.0014)
(0.076666667 0.0087 0.0014)
(0.076666667 0.0088 0.0014)
(0.076666667 0.0089 0.0014)
(0.076666667 0.009 0.0014)
(0.076666667 0.0071 0.0015)
(0.076666667 0.0072 0.0015)
(0.076666667 0.0073 0.0015)
(0.076666667 0.0074 0.0015)
(0.076666667 0.0075 0.0015)
(0.076666667 0.0076 0.0015)
(0.076666667 0.0077 0.0015)
(0.076666667 0.0078 0.0015)
(0.076666667 0.0079 0.0015)
(0.076666667 0.008 0.0015)
(0.076666667 0.0081 0.0015)
(0.076666667 0.0082 0.0015)
(0.076666667 0.0083 0.0015)
(0.076666667 0.0084 0.0015)
(0.076666667 0.0085 0.0015)
(0.076666667 0.0086 0.0015)
(0.076666667 0.0087 0.0015)
(0.076666667 0.0088 0.0015)
(0.076666667 0.0089 0.0015)
(0.076666667 0.009 0.0015)
(0.076666667 0.0071 0.0016)
(0.076666667 0.0072 0.0016)
(0.076666667 0.0073 0.0016)
(0.076666667 0.0074 0.0016)
(0.076666667 0.0075 0.0016)
(0.076666667 0.0076 0.0016)
(0.076666667 0.0077 0.0016)
(0.076666667 0.0078 0.0016)
(0.076666667 0.0079 0.0016)
(0.076666667 0.008 0.0016)
(0.076666667 0.0081 0.0016)
(0.076666667 0.0082 0.0016)
(0.076666667 0.0083 0.0016)
(0.076666667 0.0084 0.0016)
(0.076666667 0.0085 0.0016)
(0.076666667 0.0086 0.0016)
(0.076666667 0.0087 0.0016)
(0.076666667 0.0088 0.0016)
(0.076666667 0.0089 0.0016)
(0.076666667 0.009 0.0016)
(0.076666667 0.0071 0.0017)
(0.076666667 0.0072 0.0017)
(0.076666667 0.0073 0.0017)
(0.076666667 0.0074 0.0017)
(0.076666667 0.0075 0.0017)
(0.076666667 0.0076 0.0017)
(0.076666667 0.0077 0.0017)
(0.076666667 0.0078 0.0017)
(0.076666667 0.0079 0.0017)
(0.076666667 0.008 0.0017)
(0.076666667 0.0081 0.0017)
(0.076666667 0.0082 0.0017)
(0.076666667 0.0083 0.0017)
(0.076666667 0.0084 0.0017)
(0.076666667 0.0085 0.0017)
(0.076666667 0.0086 0.0017)
(0.076666667 0.0087 0.0017)
(0.076666667 0.0088 0.0017)
(0.076666667 0.0089 0.0017)
(0.076666667 0.009 0.0017)
(0.076666667 0.0071 0.0018)
(0.076666667 0.0072 0.0018)
(0.076666667 0.0073 0.0018)
(0.076666667 0.0074 0.0018)
(0.076666667 0.0075 0.0018)
(0.076666667 0.0076 0.0018)
(0.076666667 0.0077 0.0018)
(0.076666667 0.0078 0.0018)
(0.076666667 0.0079 0.0018)
(0.076666667 0.008 0.0018)
(0.076666667 0.0081 0.0018)
(0.076666667 0.0082 0.0018)
(0.076666667 0.0083 0.0018)
(0.076666667 0.0084 0.0018)
(0.076666667 0.0085 0.0018)
(0.076666667 0.0086 0.0018)
(0.076666667 0.0087 0.0018)
(0.076666667 0.0088 0.0018)
(0.076666667 0.0089 0.0018)
(0.076666667 0.009 0.0018)
(0.076666667 0.0071 0.0019)
(0.076666667 0.0072 0.0019)
(0.076666667 0.0073 0.0019)
(0.076666667 0.0074 0.0019)
(0.076666667 0.0075 0.0019)
(0.076666667 0.0076 0.0019)
(0.076666667 0.0077 0.0019)
(0.076666667 0.0078 0.0019)
(0.076666667 0.0079 0.0019)
(0.076666667 0.008 0.0019)
(0.076666667 0.0081 0.0019)
(0.076666667 0.0082 0.0019)
(0.076666667 0.0083 0.0019)
(0.076666667 0.0084 0.0019)
(0.076666667 0.0085 0.0019)
(0.076666667 0.0086 0.0019)
(0.076666667 0.0087 0.0019)
(0.076666667 0.0088 0.0019)
(0.076666667 0.0089 0.0019)
(0.076666667 0.009 0.0019)
(0.076666667 0.0071 0.002)
(0.076666667 0.0072 0.002)
(0.076666667 0.0073 0.002)
(0.076666667 0.0074 0.002)
(0.076666667 0.0075 0.002)
(0.076666667 0.0076 0.002)
(0.076666667 0.0077 0.002)
(0.076666667 0.0078 0.002)
(0.076666667 0.0079 0.002)
(0.076666667 0.008 0.002)
(0.076666667 0.0081 0.002)
(0.076666667 0.0082 0.002)
(0.076666667 0.0083 0.002)
(0.076666667 0.0084 0.002)
(0.076666667 0.0085 0.002)
(0.076666667 0.0086 0.002)
(0.076666667 0.0087 0.002)
(0.076666667 0.0088 0.002)
(0.076666667 0.0089 0.002)
(0.076666667 0.009 0.002)
(0.076666667 0.0071 0.0021)
(0.076666667 0.0072 0.0021)
(0.076666667 0.0073 0.0021)
(0.076666667 0.0074 0.0021)
(0.076666667 0.0075 0.0021)
(0.076666667 0.0076 0.0021)
(0.076666667 0.0077 0.0021)
(0.076666667 0.0078 0.0021)
(0.076666667 0.0079 0.0021)
(0.076666667 0.008 0.0021)
(0.076666667 0.0081 0.0021)
(0.076666667 0.0082 0.0021)
(0.076666667 0.0083 0.0021)
(0.076666667 0.0084 0.0021)
(0.076666667 0.0085 0.0021)
(0.076666667 0.0086 0.0021)
(0.076666667 0.0087 0.0021)
(0.076666667 0.0088 0.0021)
(0.076666667 0.0089 0.0021)
(0.076666667 0.009 0.0021)
(0.076666667 0.0071 0.0022)
(0.076666667 0.0072 0.0022)
(0.076666667 0.0073 0.0022)
(0.076666667 0.0074 0.0022)
(0.076666667 0.0075 0.0022)
(0.076666667 0.0076 0.0022)
(0.076666667 0.0077 0.0022)
(0.076666667 0.0078 0.0022)
(0.076666667 0.0079 0.0022)
(0.076666667 0.008 0.0022)
(0.076666667 0.0081 0.0022)
(0.076666667 0.0082 0.0022)
(0.076666667 0.0083 0.0022)
(0.076666667 0.0084 0.0022)
(0.076666667 0.0085 0.0022)
(0.076666667 0.0086 0.0022)
(0.076666667 0.0087 0.0022)
(0.076666667 0.0088 0.0022)
(0.076666667 0.0089 0.0022)
(0.076666667 0.009 0.0022)
(0.076666667 0.0071 0.0023)
(0.076666667 0.0072 0.0023)
(0.076666667 0.0073 0.0023)
(0.076666667 0.0074 0.0023)
(0.076666667 0.0075 0.0023)
(0.076666667 0.0076 0.0023)
(0.076666667 0.0077 0.0023)
(0.076666667 0.0078 0.0023)
(0.076666667 0.0079 0.0023)
(0.076666667 0.008 0.0023)
(0.076666667 0.0081 0.0023)
(0.076666667 0.0082 0.0023)
(0.076666667 0.0083 0.0023)
(0.076666667 0.0084 0.0023)
(0.076666667 0.0085 0.0023)
(0.076666667 0.0086 0.0023)
(0.076666667 0.0087 0.0023)
(0.076666667 0.0088 0.0023)
(0.076666667 0.0089 0.0023)
(0.076666667 0.009 0.0023)
(0.076666667 0.0071 0.0024)
(0.076666667 0.0072 0.0024)
(0.076666667 0.0073 0.0024)
(0.076666667 0.0074 0.0024)
(0.076666667 0.0075 0.0024)
(0.076666667 0.0076 0.0024)
(0.076666667 0.0077 0.0024)
(0.076666667 0.0078 0.0024)
(0.076666667 0.0079 0.0024)
(0.076666667 0.008 0.0024)
(0.076666667 0.0081 0.0024)
(0.076666667 0.0082 0.0024)
(0.076666667 0.0083 0.0024)
(0.076666667 0.0084 0.0024)
(0.076666667 0.0085 0.0024)
(0.076666667 0.0086 0.0024)
(0.076666667 0.0087 0.0024)
(0.076666667 0.0088 0.0024)
(0.076666667 0.0089 0.0024)
(0.076666667 0.009 0.0024)
(0.076666667 0.0071 0.0025)
(0.076666667 0.0072 0.0025)
(0.076666667 0.0073 0.0025)
(0.076666667 0.0074 0.0025)
(0.076666667 0.0075 0.0025)
(0.076666667 0.0076 0.0025)
(0.076666667 0.0077 0.0025)
(0.076666667 0.0078 0.0025)
(0.076666667 0.0079 0.0025)
(0.076666667 0.008 0.0025)
(0.076666667 0.0081 0.0025)
(0.076666667 0.0082 0.0025)
(0.076666667 0.0083 0.0025)
(0.076666667 0.0084 0.0025)
(0.076666667 0.0085 0.0025)
(0.076666667 0.0086 0.0025)
(0.076666667 0.0087 0.0025)
(0.076666667 0.0088 0.0025)
(0.076666667 0.0089 0.0025)
(0.076666667 0.009 0.0025)
(0.076666667 0.0071 0.0026)
(0.076666667 0.0072 0.0026)
(0.076666667 0.0073 0.0026)
(0.076666667 0.0074 0.0026)
(0.076666667 0.0075 0.0026)
(0.076666667 0.0076 0.0026)
(0.076666667 0.0077 0.0026)
(0.076666667 0.0078 0.0026)
(0.076666667 0.0079 0.0026)
(0.076666667 0.008 0.0026)
(0.076666667 0.0081 0.0026)
(0.076666667 0.0082 0.0026)
(0.076666667 0.0083 0.0026)
(0.076666667 0.0084 0.0026)
(0.076666667 0.0085 0.0026)
(0.076666667 0.0086 0.0026)
(0.076666667 0.0087 0.0026)
(0.076666667 0.0088 0.0026)
(0.076666667 0.0089 0.0026)
(0.076666667 0.009 0.0026)
(0.076666667 0.0071 0.0027)
(0.076666667 0.0072 0.0027)
(0.076666667 0.0073 0.0027)
(0.076666667 0.0074 0.0027)
(0.076666667 0.0075 0.0027)
(0.076666667 0.0076 0.0027)
(0.076666667 0.0077 0.0027)
(0.076666667 0.0078 0.0027)
(0.076666667 0.0079 0.0027)
(0.076666667 0.008 0.0027)
(0.076666667 0.0081 0.0027)
(0.076666667 0.0082 0.0027)
(0.076666667 0.0083 0.0027)
(0.076666667 0.0084 0.0027)
(0.076666667 0.0085 0.0027)
(0.076666667 0.0086 0.0027)
(0.076666667 0.0087 0.0027)
(0.076666667 0.0088 0.0027)
(0.076666667 0.0089 0.0027)
(0.076666667 0.009 0.0027)
(0.076666667 0.0071 0.0028)
(0.076666667 0.0072 0.0028)
(0.076666667 0.0073 0.0028)
(0.076666667 0.0074 0.0028)
(0.076666667 0.0075 0.0028)
(0.076666667 0.0076 0.0028)
(0.076666667 0.0077 0.0028)
(0.076666667 0.0078 0.0028)
(0.076666667 0.0079 0.0028)
(0.076666667 0.008 0.0028)
(0.076666667 0.0081 0.0028)
(0.076666667 0.0082 0.0028)
(0.076666667 0.0083 0.0028)
(0.076666667 0.0084 0.0028)
(0.076666667 0.0085 0.0028)
(0.076666667 0.0086 0.0028)
(0.076666667 0.0087 0.0028)
(0.076666667 0.0088 0.0028)
(0.076666667 0.0089 0.0028)
(0.076666667 0.009 0.0028)
(0.076666667 0.0071 0.0029)
(0.076666667 0.0072 0.0029)
(0.076666667 0.0073 0.0029)
(0.076666667 0.0074 0.0029)
(0.076666667 0.0075 0.0029)
(0.076666667 0.0076 0.0029)
(0.076666667 0.0077 0.0029)
(0.076666667 0.0078 0.0029)
(0.076666667 0.0079 0.0029)
(0.076666667 0.008 0.0029)
(0.076666667 0.0081 0.0029)
(0.076666667 0.0082 0.0029)
(0.076666667 0.0083 0.0029)
(0.076666667 0.0084 0.0029)
(0.076666667 0.0085 0.0029)
(0.076666667 0.0086 0.0029)
(0.076666667 0.0087 0.0029)
(0.076666667 0.0088 0.0029)
(0.076666667 0.0089 0.0029)
(0.076666667 0.009 0.0029)
(0.076666667 0.0071 0.003)
(0.076666667 0.0072 0.003)
(0.076666667 0.0073 0.003)
(0.076666667 0.0074 0.003)
(0.076666667 0.0075 0.003)
(0.076666667 0.0076 0.003)
(0.076666667 0.0077 0.003)
(0.076666667 0.0078 0.003)
(0.076666667 0.0079 0.003)
(0.076666667 0.008 0.003)
(0.076666667 0.0081 0.003)
(0.076666667 0.0082 0.003)
(0.076666667 0.0083 0.003)
(0.076666667 0.0084 0.003)
(0.076666667 0.0085 0.003)
(0.076666667 0.0086 0.003)
(0.076666667 0.0087 0.003)
(0.076666667 0.0088 0.003)
(0.076666667 0.0089 0.003)
(0.076666667 0.009 0.003)
(0.078333333 0.0071 0.0011)
(0.078333333 0.0072 0.0011)
(0.078333333 0.0073 0.0011)
(0.078333333 0.0074 0.0011)
(0.078333333 0.0075 0.0011)
(0.078333333 0.0076 0.0011)
(0.078333333 0.0077 0.0011)
(0.078333333 0.0078 0.0011)
(0.078333333 0.0079 0.0011)
(0.078333333 0.008 0.0011)
(0.078333333 0.0081 0.0011)
(0.078333333 0.0082 0.0011)
(0.078333333 0.0083 0.0011)
(0.078333333 0.0084 0.0011)
(0.078333333 0.0085 0.0011)
(0.078333333 0.0086 0.0011)
(0.078333333 0.0087 0.0011)
(0.078333333 0.0088 0.0011)
(0.078333333 0.0089 0.0011)
(0.078333333 0.009 0.0011)
(0.078333333 0.0071 0.0012)
(0.078333333 0.0072 0.0012)
(0.078333333 0.0073 0.0012)
(0.078333333 0.0074 0.0012)
(0.078333333 0.0075 0.0012)
(0.078333333 0.0076 0.0012)
(0.078333333 0.0077 0.0012)
(0.078333333 0.0078 0.0012)
(0.078333333 0.0079 0.0012)
(0.078333333 0.008 0.0012)
(0.078333333 0.0081 0.0012)
(0.078333333 0.0082 0.0012)
(0.078333333 0.0083 0.0012)
(0.078333333 0.0084 0.0012)
(0.078333333 0.0085 0.0012)
(0.078333333 0.0086 0.0012)
(0.078333333 0.0087 0.0012)
(0.078333333 0.0088 0.0012)
(0.078333333 0.0089 0.0012)
(0.078333333 0.009 0.0012)
(0.078333333 0.0071 0.0013)
(0.078333333 0.0072 0.0013)
(0.078333333 0.0073 0.0013)
(0.078333333 0.0074 0.0013)
(0.078333333 0.0075 0.0013)
(0.078333333 0.0076 0.0013)
(0.078333333 0.0077 0.0013)
(0.078333333 0.0078 0.0013)
(0.078333333 0.0079 0.0013)
(0.078333333 0.008 0.0013)
(0.078333333 0.0081 0.0013)
(0.078333333 0.0082 0.0013)
(0.078333333 0.0083 0.0013)
(0.078333333 0.0084 0.0013)
(0.078333333 0.0085 0.0013)
(0.078333333 0.0086 0.0013)
(0.078333333 0.0087 0.0013)
(0.078333333 0.0088 0.0013)
(0.078333333 0.0089 0.0013)
(0.078333333 0.009 0.0013)
(0.078333333 0.0071 0.0014)
(0.078333333 0.0072 0.0014)
(0.078333333 0.0073 0.0014)
(0.078333333 0.0074 0.0014)
(0.078333333 0.0075 0.0014)
(0.078333333 0.0076 0.0014)
(0.078333333 0.0077 0.0014)
(0.078333333 0.0078 0.0014)
(0.078333333 0.0079 0.0014)
(0.078333333 0.008 0.0014)
(0.078333333 0.0081 0.0014)
(0.078333333 0.0082 0.0014)
(0.078333333 0.0083 0.0014)
(0.078333333 0.0084 0.0014)
(0.078333333 0.0085 0.0014)
(0.078333333 0.0086 0.0014)
(0.078333333 0.0087 0.0014)
(0.078333333 0.0088 0.0014)
(0.078333333 0.0089 0.0014)
(0.078333333 0.009 0.0014)
(0.078333333 0.0071 0.0015)
(0.078333333 0.0072 0.0015)
(0.078333333 0.0073 0.0015)
(0.078333333 0.0074 0.0015)
(0.078333333 0.0075 0.0015)
(0.078333333 0.0076 0.0015)
(0.078333333 0.0077 0.0015)
(0.078333333 0.0078 0.0015)
(0.078333333 0.0079 0.0015)
(0.078333333 0.008 0.0015)
(0.078333333 0.0081 0.0015)
(0.078333333 0.0082 0.0015)
(0.078333333 0.0083 0.0015)
(0.078333333 0.0084 0.0015)
(0.078333333 0.0085 0.0015)
(0.078333333 0.0086 0.0015)
(0.078333333 0.0087 0.0015)
(0.078333333 0.0088 0.0015)
(0.078333333 0.0089 0.0015)
(0.078333333 0.009 0.0015)
(0.078333333 0.0071 0.0016)
(0.078333333 0.0072 0.0016)
(0.078333333 0.0073 0.0016)
(0.078333333 0.0074 0.0016)
(0.078333333 0.0075 0.0016)
(0.078333333 0.0076 0.0016)
(0.078333333 0.0077 0.0016)
(0.078333333 0.0078 0.0016)
(0.078333333 0.0079 0.0016)
(0.078333333 0.008 0.0016)
(0.078333333 0.0081 0.0016)
(0.078333333 0.0082 0.0016)
(0.078333333 0.0083 0.0016)
(0.078333333 0.0084 0.0016)
(0.078333333 0.0085 0.0016)
(0.078333333 0.0086 0.0016)
(0.078333333 0.0087 0.0016)
(0.078333333 0.0088 0.0016)
(0.078333333 0.0089 0.0016)
(0.078333333 0.009 0.0016)
(0.078333333 0.0071 0.0017)
(0.078333333 0.0072 0.0017)
(0.078333333 0.0073 0.0017)
(0.078333333 0.0074 0.0017)
(0.078333333 0.0075 0.0017)
(0.078333333 0.0076 0.0017)
(0.078333333 0.0077 0.0017)
(0.078333333 0.0078 0.0017)
(0.078333333 0.0079 0.0017)
(0.078333333 0.008 0.0017)
(0.078333333 0.0081 0.0017)
(0.078333333 0.0082 0.0017)
(0.078333333 0.0083 0.0017)
(0.078333333 0.0084 0.0017)
(0.078333333 0.0085 0.0017)
(0.078333333 0.0086 0.0017)
(0.078333333 0.0087 0.0017)
(0.078333333 0.0088 0.0017)
(0.078333333 0.0089 0.0017)
(0.078333333 0.009 0.0017)
(0.078333333 0.0071 0.0018)
(0.078333333 0.0072 0.0018)
(0.078333333 0.0073 0.0018)
(0.078333333 0.0074 0.0018)
(0.078333333 0.0075 0.0018)
(0.078333333 0.0076 0.0018)
(0.078333333 0.0077 0.0018)
(0.078333333 0.0078 0.0018)
(0.078333333 0.0079 0.0018)
(0.078333333 0.008 0.0018)
(0.078333333 0.0081 0.0018)
(0.078333333 0.0082 0.0018)
(0.078333333 0.0083 0.0018)
(0.078333333 0.0084 0.0018)
(0.078333333 0.0085 0.0018)
(0.078333333 0.0086 0.0018)
(0.078333333 0.0087 0.0018)
(0.078333333 0.0088 0.0018)
(0.078333333 0.0089 0.0018)
(0.078333333 0.009 0.0018)
(0.078333333 0.0071 0.0019)
(0.078333333 0.0072 0.0019)
(0.078333333 0.0073 0.0019)
(0.078333333 0.0074 0.0019)
(0.078333333 0.0075 0.0019)
(0.078333333 0.0076 0.0019)
(0.078333333 0.0077 0.0019)
(0.078333333 0.0078 0.0019)
(0.078333333 0.0079 0.0019)
(0.078333333 0.008 0.0019)
(0.078333333 0.0081 0.0019)
(0.078333333 0.0082 0.0019)
(0.078333333 0.0083 0.0019)
(0.078333333 0.0084 0.0019)
(0.078333333 0.0085 0.0019)
(0.078333333 0.0086 0.0019)
(0.078333333 0.0087 0.0019)
(0.078333333 0.0088 0.0019)
(0.078333333 0.0089 0.0019)
(0.078333333 0.009 0.0019)
(0.078333333 0.0071 0.002)
(0.078333333 0.0072 0.002)
(0.078333333 0.0073 0.002)
(0.078333333 0.0074 0.002)
(0.078333333 0.0075 0.002)
(0.078333333 0.0076 0.002)
(0.078333333 0.0077 0.002)
(0.078333333 0.0078 0.002)
(0.078333333 0.0079 0.002)
(0.078333333 0.008 0.002)
(0.078333333 0.0081 0.002)
(0.078333333 0.0082 0.002)
(0.078333333 0.0083 0.002)
(0.078333333 0.0084 0.002)
(0.078333333 0.0085 0.002)
(0.078333333 0.0086 0.002)
(0.078333333 0.0087 0.002)
(0.078333333 0.0088 0.002)
(0.078333333 0.0089 0.002)
(0.078333333 0.009 0.002)
(0.078333333 0.0071 0.0021)
(0.078333333 0.0072 0.0021)
(0.078333333 0.0073 0.0021)
(0.078333333 0.0074 0.0021)
(0.078333333 0.0075 0.0021)
(0.078333333 0.0076 0.0021)
(0.078333333 0.0077 0.0021)
(0.078333333 0.0078 0.0021)
(0.078333333 0.0079 0.0021)
(0.078333333 0.008 0.0021)
(0.078333333 0.0081 0.0021)
(0.078333333 0.0082 0.0021)
(0.078333333 0.0083 0.0021)
(0.078333333 0.0084 0.0021)
(0.078333333 0.0085 0.0021)
(0.078333333 0.0086 0.0021)
(0.078333333 0.0087 0.0021)
(0.078333333 0.0088 0.0021)
(0.078333333 0.0089 0.0021)
(0.078333333 0.009 0.0021)
(0.078333333 0.0071 0.0022)
(0.078333333 0.0072 0.0022)
(0.078333333 0.0073 0.0022)
(0.078333333 0.0074 0.0022)
(0.078333333 0.0075 0.0022)
(0.078333333 0.0076 0.0022)
(0.078333333 0.0077 0.0022)
(0.078333333 0.0078 0.0022)
(0.078333333 0.0079 0.0022)
(0.078333333 0.008 0.0022)
(0.078333333 0.0081 0.0022)
(0.078333333 0.0082 0.0022)
(0.078333333 0.0083 0.0022)
(0.078333333 0.0084 0.0022)
(0.078333333 0.0085 0.0022)
(0.078333333 0.0086 0.0022)
(0.078333333 0.0087 0.0022)
(0.078333333 0.0088 0.0022)
(0.078333333 0.0089 0.0022)
(0.078333333 0.009 0.0022)
(0.078333333 0.0071 0.0023)
(0.078333333 0.0072 0.0023)
(0.078333333 0.0073 0.0023)
(0.078333333 0.0074 0.0023)
(0.078333333 0.0075 0.0023)
(0.078333333 0.0076 0.0023)
(0.078333333 0.0077 0.0023)
(0.078333333 0.0078 0.0023)
(0.078333333 0.0079 0.0023)
(0.078333333 0.008 0.0023)
(0.078333333 0.0081 0.0023)
(0.078333333 0.0082 0.0023)
(0.078333333 0.0083 0.0023)
(0.078333333 0.0084 0.0023)
(0.078333333 0.0085 0.0023)
(0.078333333 0.0086 0.0023)
(0.078333333 0.0087 0.0023)
(0.078333333 0.0088 0.0023)
(0.078333333 0.0089 0.0023)
(0.078333333 0.009 0.0023)
(0.078333333 0.0071 0.0024)
(0.078333333 0.0072 0.0024)
(0.078333333 0.0073 0.0024)
(0.078333333 0.0074 0.0024)
(0.078333333 0.0075 0.0024)
(0.078333333 0.0076 0.0024)
(0.078333333 0.0077 0.0024)
(0.078333333 0.0078 0.0024)
(0.078333333 0.0079 0.0024)
(0.078333333 0.008 0.0024)
(0.078333333 0.0081 0.0024)
(0.078333333 0.0082 0.0024)
(0.078333333 0.0083 0.0024)
(0.078333333 0.0084 0.0024)
(0.078333333 0.0085 0.0024)
(0.078333333 0.0086 0.0024)
(0.078333333 0.0087 0.0024)
(0.078333333 0.0088 0.0024)
(0.078333333 0.0089 0.0024)
(0.078333333 0.009 0.0024)
(0.078333333 0.0071 0.0025)
(0.078333333 0.0072 0.0025)
(0.078333333 0.0073 0.0025)
(0.078333333 0.0074 0.0025)
(0.078333333 0.0075 0.0025)
(0.078333333 0.0076 0.0025)
(0.078333333 0.0077 0.0025)
(0.078333333 0.0078 0.0025)
(0.078333333 0.0079 0.0025)
(0.078333333 0.008 0.0025)
(0.078333333 0.0081 0.0025)
(0.078333333 0.0082 0.0025)
(0.078333333 0.0083 0.0025)
(0.078333333 0.0084 0.0025)
(0.078333333 0.0085 0.0025)
(0.078333333 0.0086 0.0025)
(0.078333333 0.0087 0.0025)
(0.078333333 0.0088 0.0025)
(0.078333333 0.0089 0.0025)
(0.078333333 0.009 0.0025)
(0.078333333 0.0071 0.0026)
(0.078333333 0.0072 0.0026)
(0.078333333 0.0073 0.0026)
(0.078333333 0.0074 0.0026)
(0.078333333 0.0075 0.0026)
(0.078333333 0.0076 0.0026)
(0.078333333 0.0077 0.0026)
(0.078333333 0.0078 0.0026)
(0.078333333 0.0079 0.0026)
(0.078333333 0.008 0.0026)
(0.078333333 0.0081 0.0026)
(0.078333333 0.0082 0.0026)
(0.078333333 0.0083 0.0026)
(0.078333333 0.0084 0.0026)
(0.078333333 0.0085 0.0026)
(0.078333333 0.0086 0.0026)
(0.078333333 0.0087 0.0026)
(0.078333333 0.0088 0.0026)
(0.078333333 0.0089 0.0026)
(0.078333333 0.009 0.0026)
(0.078333333 0.0071 0.0027)
(0.078333333 0.0072 0.0027)
(0.078333333 0.0073 0.0027)
(0.078333333 0.0074 0.0027)
(0.078333333 0.0075 0.0027)
(0.078333333 0.0076 0.0027)
(0.078333333 0.0077 0.0027)
(0.078333333 0.0078 0.0027)
(0.078333333 0.0079 0.0027)
(0.078333333 0.008 0.0027)
(0.078333333 0.0081 0.0027)
(0.078333333 0.0082 0.0027)
(0.078333333 0.0083 0.0027)
(0.078333333 0.0084 0.0027)
(0.078333333 0.0085 0.0027)
(0.078333333 0.0086 0.0027)
(0.078333333 0.0087 0.0027)
(0.078333333 0.0088 0.0027)
(0.078333333 0.0089 0.0027)
(0.078333333 0.009 0.0027)
(0.078333333 0.0071 0.0028)
(0.078333333 0.0072 0.0028)
(0.078333333 0.0073 0.0028)
(0.078333333 0.0074 0.0028)
(0.078333333 0.0075 0.0028)
(0.078333333 0.0076 0.0028)
(0.078333333 0.0077 0.0028)
(0.078333333 0.0078 0.0028)
(0.078333333 0.0079 0.0028)
(0.078333333 0.008 0.0028)
(0.078333333 0.0081 0.0028)
(0.078333333 0.0082 0.0028)
(0.078333333 0.0083 0.0028)
(0.078333333 0.0084 0.0028)
(0.078333333 0.0085 0.0028)
(0.078333333 0.0086 0.0028)
(0.078333333 0.0087 0.0028)
(0.078333333 0.0088 0.0028)
(0.078333333 0.0089 0.0028)
(0.078333333 0.009 0.0028)
(0.078333333 0.0071 0.0029)
(0.078333333 0.0072 0.0029)
(0.078333333 0.0073 0.0029)
(0.078333333 0.0074 0.0029)
(0.078333333 0.0075 0.0029)
(0.078333333 0.0076 0.0029)
(0.078333333 0.0077 0.0029)
(0.078333333 0.0078 0.0029)
(0.078333333 0.0079 0.0029)
(0.078333333 0.008 0.0029)
(0.078333333 0.0081 0.0029)
(0.078333333 0.0082 0.0029)
(0.078333333 0.0083 0.0029)
(0.078333333 0.0084 0.0029)
(0.078333333 0.0085 0.0029)
(0.078333333 0.0086 0.0029)
(0.078333333 0.0087 0.0029)
(0.078333333 0.0088 0.0029)
(0.078333333 0.0089 0.0029)
(0.078333333 0.009 0.0029)
(0.078333333 0.0071 0.003)
(0.078333333 0.0072 0.003)
(0.078333333 0.0073 0.003)
(0.078333333 0.0074 0.003)
(0.078333333 0.0075 0.003)
(0.078333333 0.0076 0.003)
(0.078333333 0.0077 0.003)
(0.078333333 0.0078 0.003)
(0.078333333 0.0079 0.003)
(0.078333333 0.008 0.003)
(0.078333333 0.0081 0.003)
(0.078333333 0.0082 0.003)
(0.078333333 0.0083 0.003)
(0.078333333 0.0084 0.003)
(0.078333333 0.0085 0.003)
(0.078333333 0.0086 0.003)
(0.078333333 0.0087 0.003)
(0.078333333 0.0088 0.003)
(0.078333333 0.0089 0.003)
(0.078333333 0.009 0.003)
(0.08 0.0071 0.0011)
(0.08 0.0072 0.0011)
(0.08 0.0073 0.0011)
(0.08 0.0074 0.0011)
(0.08 0.0075 0.0011)
(0.08 0.0076 0.0011)
(0.08 0.0077 0.0011)
(0.08 0.0078 0.0011)
(0.08 0.0079 0.0011)
(0.08 0.008 0.0011)
(0.08 0.0081 0.0011)
(0.08 0.0082 0.0011)
(0.08 0.0083 0.0011)
(0.08 0.0084 0.0011)
(0.08 0.0085 0.0011)
(0.08 0.0086 0.0011)
(0.08 0.0087 0.0011)
(0.08 0.0088 0.0011)
(0.08 0.0089 0.0011)
(0.08 0.009 0.0011)
(0.08 0.0071 0.0012)
(0.08 0.0072 0.0012)
(0.08 0.0073 0.0012)
(0.08 0.0074 0.0012)
(0.08 0.0075 0.0012)
(0.08 0.0076 0.0012)
(0.08 0.0077 0.0012)
(0.08 0.0078 0.0012)
(0.08 0.0079 0.0012)
(0.08 0.008 0.0012)
(0.08 0.0081 0.0012)
(0.08 0.0082 0.0012)
(0.08 0.0083 0.0012)
(0.08 0.0084 0.0012)
(0.08 0.0085 0.0012)
(0.08 0.0086 0.0012)
(0.08 0.0087 0.0012)
(0.08 0.0088 0.0012)
(0.08 0.0089 0.0012)
(0.08 0.009 0.0012)
(0.08 0.0071 0.0013)
(0.08 0.0072 0.0013)
(0.08 0.0073 0.0013)
(0.08 0.0074 0.0013)
(0.08 0.0075 0.0013)
(0.08 0.0076 0.0013)
(0.08 0.0077 0.0013)
(0.08 0.0078 0.0013)
(0.08 0.0079 0.0013)
(0.08 0.008 0.0013)
(0.08 0.0081 0.0013)
(0.08 0.0082 0.0013)
(0.08 0.0083 0.0013)
(0.08 0.0084 0.0013)
(0.08 0.0085 0.0013)
(0.08 0.0086 0.0013)
(0.08 0.0087 0.0013)
(0.08 0.0088 0.0013)
(0.08 0.0089 0.0013)
(0.08 0.009 0.0013)
(0.08 0.0071 0.0014)
(0.08 0.0072 0.0014)
(0.08 0.0073 0.0014)
(0.08 0.0074 0.0014)
(0.08 0.0075 0.0014)
(0.08 0.0076 0.0014)
(0.08 0.0077 0.0014)
(0.08 0.0078 0.0014)
(0.08 0.0079 0.0014)
(0.08 0.008 0.0014)
(0.08 0.0081 0.0014)
(0.08 0.0082 0.0014)
(0.08 0.0083 0.0014)
(0.08 0.0084 0.0014)
(0.08 0.0085 0.0014)
(0.08 0.0086 0.0014)
(0.08 0.0087 0.0014)
(0.08 0.0088 0.0014)
(0.08 0.0089 0.0014)
(0.08 0.009 0.0014)
(0.08 0.0071 0.0015)
(0.08 0.0072 0.0015)
(0.08 0.0073 0.0015)
(0.08 0.0074 0.0015)
(0.08 0.0075 0.0015)
(0.08 0.0076 0.0015)
(0.08 0.0077 0.0015)
(0.08 0.0078 0.0015)
(0.08 0.0079 0.0015)
(0.08 0.008 0.0015)
(0.08 0.0081 0.0015)
(0.08 0.0082 0.0015)
(0.08 0.0083 0.0015)
(0.08 0.0084 0.0015)
(0.08 0.0085 0.0015)
(0.08 0.0086 0.0015)
(0.08 0.0087 0.0015)
(0.08 0.0088 0.0015)
(0.08 0.0089 0.0015)
(0.08 0.009 0.0015)
(0.08 0.0071 0.0016)
(0.08 0.0072 0.0016)
(0.08 0.0073 0.0016)
(0.08 0.0074 0.0016)
(0.08 0.0075 0.0016)
(0.08 0.0076 0.0016)
(0.08 0.0077 0.0016)
(0.08 0.0078 0.0016)
(0.08 0.0079 0.0016)
(0.08 0.008 0.0016)
(0.08 0.0081 0.0016)
(0.08 0.0082 0.0016)
(0.08 0.0083 0.0016)
(0.08 0.0084 0.0016)
(0.08 0.0085 0.0016)
(0.08 0.0086 0.0016)
(0.08 0.0087 0.0016)
(0.08 0.0088 0.0016)
(0.08 0.0089 0.0016)
(0.08 0.009 0.0016)
(0.08 0.0071 0.0017)
(0.08 0.0072 0.0017)
(0.08 0.0073 0.0017)
(0.08 0.0074 0.0017)
(0.08 0.0075 0.0017)
(0.08 0.0076 0.0017)
(0.08 0.0077 0.0017)
(0.08 0.0078 0.0017)
(0.08 0.0079 0.0017)
(0.08 0.008 0.0017)
(0.08 0.0081 0.0017)
(0.08 0.0082 0.0017)
(0.08 0.0083 0.0017)
(0.08 0.0084 0.0017)
(0.08 0.0085 0.0017)
(0.08 0.0086 0.0017)
(0.08 0.0087 0.0017)
(0.08 0.0088 0.0017)
(0.08 0.0089 0.0017)
(0.08 0.009 0.0017)
(0.08 0.0071 0.0018)
(0.08 0.0072 0.0018)
(0.08 0.0073 0.0018)
(0.08 0.0074 0.0018)
(0.08 0.0075 0.0018)
(0.08 0.0076 0.0018)
(0.08 0.0077 0.0018)
(0.08 0.0078 0.0018)
(0.08 0.0079 0.0018)
(0.08 0.008 0.0018)
(0.08 0.0081 0.0018)
(0.08 0.0082 0.0018)
(0.08 0.0083 0.0018)
(0.08 0.0084 0.0018)
(0.08 0.0085 0.0018)
(0.08 0.0086 0.0018)
(0.08 0.0087 0.0018)
(0.08 0.0088 0.0018)
(0.08 0.0089 0.0018)
(0.08 0.009 0.0018)
(0.08 0.0071 0.0019)
(0.08 0.0072 0.0019)
(0.08 0.0073 0.0019)
(0.08 0.0074 0.0019)
(0.08 0.0075 0.0019)
(0.08 0.0076 0.0019)
(0.08 0.0077 0.0019)
(0.08 0.0078 0.0019)
(0.08 0.0079 0.0019)
(0.08 0.008 0.0019)
(0.08 0.0081 0.0019)
(0.08 0.0082 0.0019)
(0.08 0.0083 0.0019)
(0.08 0.0084 0.0019)
(0.08 0.0085 0.0019)
(0.08 0.0086 0.0019)
(0.08 0.0087 0.0019)
(0.08 0.0088 0.0019)
(0.08 0.0089 0.0019)
(0.08 0.009 0.0019)
(0.08 0.0071 0.002)
(0.08 0.0072 0.002)
(0.08 0.0073 0.002)
(0.08 0.0074 0.002)
(0.08 0.0075 0.002)
(0.08 0.0076 0.002)
(0.08 0.0077 0.002)
(0.08 0.0078 0.002)
(0.08 0.0079 0.002)
(0.08 0.008 0.002)
(0.08 0.0081 0.002)
(0.08 0.0082 0.002)
(0.08 0.0083 0.002)
(0.08 0.0084 0.002)
(0.08 0.0085 0.002)
(0.08 0.0086 0.002)
(0.08 0.0087 0.002)
(0.08 0.0088 0.002)
(0.08 0.0089 0.002)
(0.08 0.009 0.002)
(0.08 0.0071 0.0021)
(0.08 0.0072 0.0021)
(0.08 0.0073 0.0021)
(0.08 0.0074 0.0021)
(0.08 0.0075 0.0021)
(0.08 0.0076 0.0021)
(0.08 0.0077 0.0021)
(0.08 0.0078 0.0021)
(0.08 0.0079 0.0021)
(0.08 0.008 0.0021)
(0.08 0.0081 0.0021)
(0.08 0.0082 0.0021)
(0.08 0.0083 0.0021)
(0.08 0.0084 0.0021)
(0.08 0.0085 0.0021)
(0.08 0.0086 0.0021)
(0.08 0.0087 0.0021)
(0.08 0.0088 0.0021)
(0.08 0.0089 0.0021)
(0.08 0.009 0.0021)
(0.08 0.0071 0.0022)
(0.08 0.0072 0.0022)
(0.08 0.0073 0.0022)
(0.08 0.0074 0.0022)
(0.08 0.0075 0.0022)
(0.08 0.0076 0.0022)
(0.08 0.0077 0.0022)
(0.08 0.0078 0.0022)
(0.08 0.0079 0.0022)
(0.08 0.008 0.0022)
(0.08 0.0081 0.0022)
(0.08 0.0082 0.0022)
(0.08 0.0083 0.0022)
(0.08 0.0084 0.0022)
(0.08 0.0085 0.0022)
(0.08 0.0086 0.0022)
(0.08 0.0087 0.0022)
(0.08 0.0088 0.0022)
(0.08 0.0089 0.0022)
(0.08 0.009 0.0022)
(0.08 0.0071 0.0023)
(0.08 0.0072 0.0023)
(0.08 0.0073 0.0023)
(0.08 0.0074 0.0023)
(0.08 0.0075 0.0023)
(0.08 0.0076 0.0023)
(0.08 0.0077 0.0023)
(0.08 0.0078 0.0023)
(0.08 0.0079 0.0023)
(0.08 0.008 0.0023)
(0.08 0.0081 0.0023)
(0.08 0.0082 0.0023)
(0.08 0.0083 0.0023)
(0.08 0.0084 0.0023)
(0.08 0.0085 0.0023)
(0.08 0.0086 0.0023)
(0.08 0.0087 0.0023)
(0.08 0.0088 0.0023)
(0.08 0.0089 0.0023)
(0.08 0.009 0.0023)
(0.08 0.0071 0.0024)
(0.08 0.0072 0.0024)
(0.08 0.0073 0.0024)
(0.08 0.0074 0.0024)
(0.08 0.0075 0.0024)
(0.08 0.0076 0.0024)
(0.08 0.0077 0.0024)
(0.08 0.0078 0.0024)
(0.08 0.0079 0.0024)
(0.08 0.008 0.0024)
(0.08 0.0081 0.0024)
(0.08 0.0082 0.0024)
(0.08 0.0083 0.0024)
(0.08 0.0084 0.0024)
(0.08 0.0085 0.0024)
(0.08 0.0086 0.0024)
(0.08 0.0087 0.0024)
(0.08 0.0088 0.0024)
(0.08 0.0089 0.0024)
(0.08 0.009 0.0024)
(0.08 0.0071 0.0025)
(0.08 0.0072 0.0025)
(0.08 0.0073 0.0025)
(0.08 0.0074 0.0025)
(0.08 0.0075 0.0025)
(0.08 0.0076 0.0025)
(0.08 0.0077 0.0025)
(0.08 0.0078 0.0025)
(0.08 0.0079 0.0025)
(0.08 0.008 0.0025)
(0.08 0.0081 0.0025)
(0.08 0.0082 0.0025)
(0.08 0.0083 0.0025)
(0.08 0.0084 0.0025)
(0.08 0.0085 0.0025)
(0.08 0.0086 0.0025)
(0.08 0.0087 0.0025)
(0.08 0.0088 0.0025)
(0.08 0.0089 0.0025)
(0.08 0.009 0.0025)
(0.08 0.0071 0.0026)
(0.08 0.0072 0.0026)
(0.08 0.0073 0.0026)
(0.08 0.0074 0.0026)
(0.08 0.0075 0.0026)
(0.08 0.0076 0.0026)
(0.08 0.0077 0.0026)
(0.08 0.0078 0.0026)
(0.08 0.0079 0.0026)
(0.08 0.008 0.0026)
(0.08 0.0081 0.0026)
(0.08 0.0082 0.0026)
(0.08 0.0083 0.0026)
(0.08 0.0084 0.0026)
(0.08 0.0085 0.0026)
(0.08 0.0086 0.0026)
(0.08 0.0087 0.0026)
(0.08 0.0088 0.0026)
(0.08 0.0089 0.0026)
(0.08 0.009 0.0026)
(0.08 0.0071 0.0027)
(0.08 0.0072 0.0027)
(0.08 0.0073 0.0027)
(0.08 0.0074 0.0027)
(0.08 0.0075 0.0027)
(0.08 0.0076 0.0027)
(0.08 0.0077 0.0027)
(0.08 0.0078 0.0027)
(0.08 0.0079 0.0027)
(0.08 0.008 0.0027)
(0.08 0.0081 0.0027)
(0.08 0.0082 0.0027)
(0.08 0.0083 0.0027)
(0.08 0.0084 0.0027)
(0.08 0.0085 0.0027)
(0.08 0.0086 0.0027)
(0.08 0.0087 0.0027)
(0.08 0.0088 0.0027)
(0.08 0.0089 0.0027)
(0.08 0.009 0.0027)
(0.08 0.0071 0.0028)
(0.08 0.0072 0.0028)
(0.08 0.0073 0.0028)
(0.08 0.0074 0.0028)
(0.08 0.0075 0.0028)
(0.08 0.0076 0.0028)
(0.08 0.0077 0.0028)
(0.08 0.0078 0.0028)
(0.08 0.0079 0.0028)
(0.08 0.008 0.0028)
(0.08 0.0081 0.0028)
(0.08 0.0082 0.0028)
(0.08 0.0083 0.0028)
(0.08 0.0084 0.0028)
(0.08 0.0085 0.0028)
(0.08 0.0086 0.0028)
(0.08 0.0087 0.0028)
(0.08 0.0088 0.0028)
(0.08 0.0089 0.0028)
(0.08 0.009 0.0028)
(0.08 0.0071 0.0029)
(0.08 0.0072 0.0029)
(0.08 0.0073 0.0029)
(0.08 0.0074 0.0029)
(0.08 0.0075 0.0029)
(0.08 0.0076 0.0029)
(0.08 0.0077 0.0029)
(0.08 0.0078 0.0029)
(0.08 0.0079 0.0029)
(0.08 0.008 0.0029)
(0.08 0.0081 0.0029)
(0.08 0.0082 0.0029)
(0.08 0.0083 0.0029)
(0.08 0.0084 0.0029)
(0.08 0.0085 0.0029)
(0.08 0.0086 0.0029)
(0.08 0.0087 0.0029)
(0.08 0.0088 0.0029)
(0.08 0.0089 0.0029)
(0.08 0.009 0.0029)
(0.08 0.0071 0.003)
(0.08 0.0072 0.003)
(0.08 0.0073 0.003)
(0.08 0.0074 0.003)
(0.08 0.0075 0.003)
(0.08 0.0076 0.003)
(0.08 0.0077 0.003)
(0.08 0.0078 0.003)
(0.08 0.0079 0.003)
(0.08 0.008 0.003)
(0.08 0.0081 0.003)
(0.08 0.0082 0.003)
(0.08 0.0083 0.003)
(0.08 0.0084 0.003)
(0.08 0.0085 0.003)
(0.08 0.0086 0.003)
(0.08 0.0087 0.003)
(0.08 0.0088 0.003)
(0.08 0.0089 0.003)
(0.08 0.009 0.003)
(0.081666667 0.0071 0.0011)
(0.081666667 0.0072 0.0011)
(0.081666667 0.0073 0.0011)
(0.081666667 0.0074 0.0011)
(0.081666667 0.0075 0.0011)
(0.081666667 0.0076 0.0011)
(0.081666667 0.0077 0.0011)
(0.081666667 0.0078 0.0011)
(0.081666667 0.0079 0.0011)
(0.081666667 0.008 0.0011)
(0.081666667 0.0081 0.0011)
(0.081666667 0.0082 0.0011)
(0.081666667 0.0083 0.0011)
(0.081666667 0.0084 0.0011)
(0.081666667 0.0085 0.0011)
(0.081666667 0.0086 0.0011)
(0.081666667 0.0087 0.0011)
(0.081666667 0.0088 0.0011)
(0.081666667 0.0089 0.0011)
(0.081666667 0.009 0.0011)
(0.081666667 0.0071 0.0012)
(0.081666667 0.0072 0.0012)
(0.081666667 0.0073 0.0012)
(0.081666667 0.0074 0.0012)
(0.081666667 0.0075 0.0012)
(0.081666667 0.0076 0.0012)
(0.081666667 0.0077 0.0012)
(0.081666667 0.0078 0.0012)
(0.081666667 0.0079 0.0012)
(0.081666667 0.008 0.0012)
(0.081666667 0.0081 0.0012)
(0.081666667 0.0082 0.0012)
(0.081666667 0.0083 0.0012)
(0.081666667 0.0084 0.0012)
(0.081666667 0.0085 0.0012)
(0.081666667 0.0086 0.0012)
(0.081666667 0.0087 0.0012)
(0.081666667 0.0088 0.0012)
(0.081666667 0.0089 0.0012)
(0.081666667 0.009 0.0012)
(0.081666667 0.0071 0.0013)
(0.081666667 0.0072 0.0013)
(0.081666667 0.0073 0.0013)
(0.081666667 0.0074 0.0013)
(0.081666667 0.0075 0.0013)
(0.081666667 0.0076 0.0013)
(0.081666667 0.0077 0.0013)
(0.081666667 0.0078 0.0013)
(0.081666667 0.0079 0.0013)
(0.081666667 0.008 0.0013)
(0.081666667 0.0081 0.0013)
(0.081666667 0.0082 0.0013)
(0.081666667 0.0083 0.0013)
(0.081666667 0.0084 0.0013)
(0.081666667 0.0085 0.0013)
(0.081666667 0.0086 0.0013)
(0.081666667 0.0087 0.0013)
(0.081666667 0.0088 0.0013)
(0.081666667 0.0089 0.0013)
(0.081666667 0.009 0.0013)
(0.081666667 0.0071 0.0014)
(0.081666667 0.0072 0.0014)
(0.081666667 0.0073 0.0014)
(0.081666667 0.0074 0.0014)
(0.081666667 0.0075 0.0014)
(0.081666667 0.0076 0.0014)
(0.081666667 0.0077 0.0014)
(0.081666667 0.0078 0.0014)
(0.081666667 0.0079 0.0014)
(0.081666667 0.008 0.0014)
(0.081666667 0.0081 0.0014)
(0.081666667 0.0082 0.0014)
(0.081666667 0.0083 0.0014)
(0.081666667 0.0084 0.0014)
(0.081666667 0.0085 0.0014)
(0.081666667 0.0086 0.0014)
(0.081666667 0.0087 0.0014)
(0.081666667 0.0088 0.0014)
(0.081666667 0.0089 0.0014)
(0.081666667 0.009 0.0014)
(0.081666667 0.0071 0.0015)
(0.081666667 0.0072 0.0015)
(0.081666667 0.0073 0.0015)
(0.081666667 0.0074 0.0015)
(0.081666667 0.0075 0.0015)
(0.081666667 0.0076 0.0015)
(0.081666667 0.0077 0.0015)
(0.081666667 0.0078 0.0015)
(0.081666667 0.0079 0.0015)
(0.081666667 0.008 0.0015)
(0.081666667 0.0081 0.0015)
(0.081666667 0.0082 0.0015)
(0.081666667 0.0083 0.0015)
(0.081666667 0.0084 0.0015)
(0.081666667 0.0085 0.0015)
(0.081666667 0.0086 0.0015)
(0.081666667 0.0087 0.0015)
(0.081666667 0.0088 0.0015)
(0.081666667 0.0089 0.0015)
(0.081666667 0.009 0.0015)
(0.081666667 0.0071 0.0016)
(0.081666667 0.0072 0.0016)
(0.081666667 0.0073 0.0016)
(0.081666667 0.0074 0.0016)
(0.081666667 0.0075 0.0016)
(0.081666667 0.0076 0.0016)
(0.081666667 0.0077 0.0016)
(0.081666667 0.0078 0.0016)
(0.081666667 0.0079 0.0016)
(0.081666667 0.008 0.0016)
(0.081666667 0.0081 0.0016)
(0.081666667 0.0082 0.0016)
(0.081666667 0.0083 0.0016)
(0.081666667 0.0084 0.0016)
(0.081666667 0.0085 0.0016)
(0.081666667 0.0086 0.0016)
(0.081666667 0.0087 0.0016)
(0.081666667 0.0088 0.0016)
(0.081666667 0.0089 0.0016)
(0.081666667 0.009 0.0016)
(0.081666667 0.0071 0.0017)
(0.081666667 0.0072 0.0017)
(0.081666667 0.0073 0.0017)
(0.081666667 0.0074 0.0017)
(0.081666667 0.0075 0.0017)
(0.081666667 0.0076 0.0017)
(0.081666667 0.0077 0.0017)
(0.081666667 0.0078 0.0017)
(0.081666667 0.0079 0.0017)
(0.081666667 0.008 0.0017)
(0.081666667 0.0081 0.0017)
(0.081666667 0.0082 0.0017)
(0.081666667 0.0083 0.0017)
(0.081666667 0.0084 0.0017)
(0.081666667 0.0085 0.0017)
(0.081666667 0.0086 0.0017)
(0.081666667 0.0087 0.0017)
(0.081666667 0.0088 0.0017)
(0.081666667 0.0089 0.0017)
(0.081666667 0.009 0.0017)
(0.081666667 0.0071 0.0018)
(0.081666667 0.0072 0.0018)
(0.081666667 0.0073 0.0018)
(0.081666667 0.0074 0.0018)
(0.081666667 0.0075 0.0018)
(0.081666667 0.0076 0.0018)
(0.081666667 0.0077 0.0018)
(0.081666667 0.0078 0.0018)
(0.081666667 0.0079 0.0018)
(0.081666667 0.008 0.0018)
(0.081666667 0.0081 0.0018)
(0.081666667 0.0082 0.0018)
(0.081666667 0.0083 0.0018)
(0.081666667 0.0084 0.0018)
(0.081666667 0.0085 0.0018)
(0.081666667 0.0086 0.0018)
(0.081666667 0.0087 0.0018)
(0.081666667 0.0088 0.0018)
(0.081666667 0.0089 0.0018)
(0.081666667 0.009 0.0018)
(0.081666667 0.0071 0.0019)
(0.081666667 0.0072 0.0019)
(0.081666667 0.0073 0.0019)
(0.081666667 0.0074 0.0019)
(0.081666667 0.0075 0.0019)
(0.081666667 0.0076 0.0019)
(0.081666667 0.0077 0.0019)
(0.081666667 0.0078 0.0019)
(0.081666667 0.0079 0.0019)
(0.081666667 0.008 0.0019)
(0.081666667 0.0081 0.0019)
(0.081666667 0.0082 0.0019)
(0.081666667 0.0083 0.0019)
(0.081666667 0.0084 0.0019)
(0.081666667 0.0085 0.0019)
(0.081666667 0.0086 0.0019)
(0.081666667 0.0087 0.0019)
(0.081666667 0.0088 0.0019)
(0.081666667 0.0089 0.0019)
(0.081666667 0.009 0.0019)
(0.081666667 0.0071 0.002)
(0.081666667 0.0072 0.002)
(0.081666667 0.0073 0.002)
(0.081666667 0.0074 0.002)
(0.081666667 0.0075 0.002)
(0.081666667 0.0076 0.002)
(0.081666667 0.0077 0.002)
(0.081666667 0.0078 0.002)
(0.081666667 0.0079 0.002)
(0.081666667 0.008 0.002)
(0.081666667 0.0081 0.002)
(0.081666667 0.0082 0.002)
(0.081666667 0.0083 0.002)
(0.081666667 0.0084 0.002)
(0.081666667 0.0085 0.002)
(0.081666667 0.0086 0.002)
(0.081666667 0.0087 0.002)
(0.081666667 0.0088 0.002)
(0.081666667 0.0089 0.002)
(0.081666667 0.009 0.002)
(0.081666667 0.0071 0.0021)
(0.081666667 0.0072 0.0021)
(0.081666667 0.0073 0.0021)
(0.081666667 0.0074 0.0021)
(0.081666667 0.0075 0.0021)
(0.081666667 0.0076 0.0021)
(0.081666667 0.0077 0.0021)
(0.081666667 0.0078 0.0021)
(0.081666667 0.0079 0.0021)
(0.081666667 0.008 0.0021)
(0.081666667 0.0081 0.0021)
(0.081666667 0.0082 0.0021)
(0.081666667 0.0083 0.0021)
(0.081666667 0.0084 0.0021)
(0.081666667 0.0085 0.0021)
(0.081666667 0.0086 0.0021)
(0.081666667 0.0087 0.0021)
(0.081666667 0.0088 0.0021)
(0.081666667 0.0089 0.0021)
(0.081666667 0.009 0.0021)
(0.081666667 0.0071 0.0022)
(0.081666667 0.0072 0.0022)
(0.081666667 0.0073 0.0022)
(0.081666667 0.0074 0.0022)
(0.081666667 0.0075 0.0022)
(0.081666667 0.0076 0.0022)
(0.081666667 0.0077 0.0022)
(0.081666667 0.0078 0.0022)
(0.081666667 0.0079 0.0022)
(0.081666667 0.008 0.0022)
(0.081666667 0.0081 0.0022)
(0.081666667 0.0082 0.0022)
(0.081666667 0.0083 0.0022)
(0.081666667 0.0084 0.0022)
(0.081666667 0.0085 0.0022)
(0.081666667 0.0086 0.0022)
(0.081666667 0.0087 0.0022)
(0.081666667 0.0088 0.0022)
(0.081666667 0.0089 0.0022)
(0.081666667 0.009 0.0022)
(0.081666667 0.0071 0.0023)
(0.081666667 0.0072 0.0023)
(0.081666667 0.0073 0.0023)
(0.081666667 0.0074 0.0023)
(0.081666667 0.0075 0.0023)
(0.081666667 0.0076 0.0023)
(0.081666667 0.0077 0.0023)
(0.081666667 0.0078 0.0023)
(0.081666667 0.0079 0.0023)
(0.081666667 0.008 0.0023)
(0.081666667 0.0081 0.0023)
(0.081666667 0.0082 0.0023)
(0.081666667 0.0083 0.0023)
(0.081666667 0.0084 0.0023)
(0.081666667 0.0085 0.0023)
(0.081666667 0.0086 0.0023)
(0.081666667 0.0087 0.0023)
(0.081666667 0.0088 0.0023)
(0.081666667 0.0089 0.0023)
(0.081666667 0.009 0.0023)
(0.081666667 0.0071 0.0024)
(0.081666667 0.0072 0.0024)
(0.081666667 0.0073 0.0024)
(0.081666667 0.0074 0.0024)
(0.081666667 0.0075 0.0024)
(0.081666667 0.0076 0.0024)
(0.081666667 0.0077 0.0024)
(0.081666667 0.0078 0.0024)
(0.081666667 0.0079 0.0024)
(0.081666667 0.008 0.0024)
(0.081666667 0.0081 0.0024)
(0.081666667 0.0082 0.0024)
(0.081666667 0.0083 0.0024)
(0.081666667 0.0084 0.0024)
(0.081666667 0.0085 0.0024)
(0.081666667 0.0086 0.0024)
(0.081666667 0.0087 0.0024)
(0.081666667 0.0088 0.0024)
(0.081666667 0.0089 0.0024)
(0.081666667 0.009 0.0024)
(0.081666667 0.0071 0.0025)
(0.081666667 0.0072 0.0025)
(0.081666667 0.0073 0.0025)
(0.081666667 0.0074 0.0025)
(0.081666667 0.0075 0.0025)
(0.081666667 0.0076 0.0025)
(0.081666667 0.0077 0.0025)
(0.081666667 0.0078 0.0025)
(0.081666667 0.0079 0.0025)
(0.081666667 0.008 0.0025)
(0.081666667 0.0081 0.0025)
(0.081666667 0.0082 0.0025)
(0.081666667 0.0083 0.0025)
(0.081666667 0.0084 0.0025)
(0.081666667 0.0085 0.0025)
(0.081666667 0.0086 0.0025)
(0.081666667 0.0087 0.0025)
(0.081666667 0.0088 0.0025)
(0.081666667 0.0089 0.0025)
(0.081666667 0.009 0.0025)
(0.081666667 0.0071 0.0026)
(0.081666667 0.0072 0.0026)
(0.081666667 0.0073 0.0026)
(0.081666667 0.0074 0.0026)
(0.081666667 0.0075 0.0026)
(0.081666667 0.0076 0.0026)
(0.081666667 0.0077 0.0026)
(0.081666667 0.0078 0.0026)
(0.081666667 0.0079 0.0026)
(0.081666667 0.008 0.0026)
(0.081666667 0.0081 0.0026)
(0.081666667 0.0082 0.0026)
(0.081666667 0.0083 0.0026)
(0.081666667 0.0084 0.0026)
(0.081666667 0.0085 0.0026)
(0.081666667 0.0086 0.0026)
(0.081666667 0.0087 0.0026)
(0.081666667 0.0088 0.0026)
(0.081666667 0.0089 0.0026)
(0.081666667 0.009 0.0026)
(0.081666667 0.0071 0.0027)
(0.081666667 0.0072 0.0027)
(0.081666667 0.0073 0.0027)
(0.081666667 0.0074 0.0027)
(0.081666667 0.0075 0.0027)
(0.081666667 0.0076 0.0027)
(0.081666667 0.0077 0.0027)
(0.081666667 0.0078 0.0027)
(0.081666667 0.0079 0.0027)
(0.081666667 0.008 0.0027)
(0.081666667 0.0081 0.0027)
(0.081666667 0.0082 0.0027)
(0.081666667 0.0083 0.0027)
(0.081666667 0.0084 0.0027)
(0.081666667 0.0085 0.0027)
(0.081666667 0.0086 0.0027)
(0.081666667 0.0087 0.0027)
(0.081666667 0.0088 0.0027)
(0.081666667 0.0089 0.0027)
(0.081666667 0.009 0.0027)
(0.081666667 0.0071 0.0028)
(0.081666667 0.0072 0.0028)
(0.081666667 0.0073 0.0028)
(0.081666667 0.0074 0.0028)
(0.081666667 0.0075 0.0028)
(0.081666667 0.0076 0.0028)
(0.081666667 0.0077 0.0028)
(0.081666667 0.0078 0.0028)
(0.081666667 0.0079 0.0028)
(0.081666667 0.008 0.0028)
(0.081666667 0.0081 0.0028)
(0.081666667 0.0082 0.0028)
(0.081666667 0.0083 0.0028)
(0.081666667 0.0084 0.0028)
(0.081666667 0.0085 0.0028)
(0.081666667 0.0086 0.0028)
(0.081666667 0.0087 0.0028)
(0.081666667 0.0088 0.0028)
(0.081666667 0.0089 0.0028)
(0.081666667 0.009 0.0028)
(0.081666667 0.0071 0.0029)
(0.081666667 0.0072 0.0029)
(0.081666667 0.0073 0.0029)
(0.081666667 0.0074 0.0029)
(0.081666667 0.0075 0.0029)
(0.081666667 0.0076 0.0029)
(0.081666667 0.0077 0.0029)
(0.081666667 0.0078 0.0029)
(0.081666667 0.0079 0.0029)
(0.081666667 0.008 0.0029)
(0.081666667 0.0081 0.0029)
(0.081666667 0.0082 0.0029)
(0.081666667 0.0083 0.0029)
(0.081666667 0.0084 0.0029)
(0.081666667 0.0085 0.0029)
(0.081666667 0.0086 0.0029)
(0.081666667 0.0087 0.0029)
(0.081666667 0.0088 0.0029)
(0.081666667 0.0089 0.0029)
(0.081666667 0.009 0.0029)
(0.081666667 0.0071 0.003)
(0.081666667 0.0072 0.003)
(0.081666667 0.0073 0.003)
(0.081666667 0.0074 0.003)
(0.081666667 0.0075 0.003)
(0.081666667 0.0076 0.003)
(0.081666667 0.0077 0.003)
(0.081666667 0.0078 0.003)
(0.081666667 0.0079 0.003)
(0.081666667 0.008 0.003)
(0.081666667 0.0081 0.003)
(0.081666667 0.0082 0.003)
(0.081666667 0.0083 0.003)
(0.081666667 0.0084 0.003)
(0.081666667 0.0085 0.003)
(0.081666667 0.0086 0.003)
(0.081666667 0.0087 0.003)
(0.081666667 0.0088 0.003)
(0.081666667 0.0089 0.003)
(0.081666667 0.009 0.003)
(0.083333333 0.0071 0.0011)
(0.083333333 0.0072 0.0011)
(0.083333333 0.0073 0.0011)
(0.083333333 0.0074 0.0011)
(0.083333333 0.0075 0.0011)
(0.083333333 0.0076 0.0011)
(0.083333333 0.0077 0.0011)
(0.083333333 0.0078 0.0011)
(0.083333333 0.0079 0.0011)
(0.083333333 0.008 0.0011)
(0.083333333 0.0081 0.0011)
(0.083333333 0.0082 0.0011)
(0.083333333 0.0083 0.0011)
(0.083333333 0.0084 0.0011)
(0.083333333 0.0085 0.0011)
(0.083333333 0.0086 0.0011)
(0.083333333 0.0087 0.0011)
(0.083333333 0.0088 0.0011)
(0.083333333 0.0089 0.0011)
(0.083333333 0.009 0.0011)
(0.083333333 0.0071 0.0012)
(0.083333333 0.0072 0.0012)
(0.083333333 0.0073 0.0012)
(0.083333333 0.0074 0.0012)
(0.083333333 0.0075 0.0012)
(0.083333333 0.0076 0.0012)
(0.083333333 0.0077 0.0012)
(0.083333333 0.0078 0.0012)
(0.083333333 0.0079 0.0012)
(0.083333333 0.008 0.0012)
(0.083333333 0.0081 0.0012)
(0.083333333 0.0082 0.0012)
(0.083333333 0.0083 0.0012)
(0.083333333 0.0084 0.0012)
(0.083333333 0.0085 0.0012)
(0.083333333 0.0086 0.0012)
(0.083333333 0.0087 0.0012)
(0.083333333 0.0088 0.0012)
(0.083333333 0.0089 0.0012)
(0.083333333 0.009 0.0012)
(0.083333333 0.0071 0.0013)
(0.083333333 0.0072 0.0013)
(0.083333333 0.0073 0.0013)
(0.083333333 0.0074 0.0013)
(0.083333333 0.0075 0.0013)
(0.083333333 0.0076 0.0013)
(0.083333333 0.0077 0.0013)
(0.083333333 0.0078 0.0013)
(0.083333333 0.0079 0.0013)
(0.083333333 0.008 0.0013)
(0.083333333 0.0081 0.0013)
(0.083333333 0.0082 0.0013)
(0.083333333 0.0083 0.0013)
(0.083333333 0.0084 0.0013)
(0.083333333 0.0085 0.0013)
(0.083333333 0.0086 0.0013)
(0.083333333 0.0087 0.0013)
(0.083333333 0.0088 0.0013)
(0.083333333 0.0089 0.0013)
(0.083333333 0.009 0.0013)
(0.083333333 0.0071 0.0014)
(0.083333333 0.0072 0.0014)
(0.083333333 0.0073 0.0014)
(0.083333333 0.0074 0.0014)
(0.083333333 0.0075 0.0014)
(0.083333333 0.0076 0.0014)
(0.083333333 0.0077 0.0014)
(0.083333333 0.0078 0.0014)
(0.083333333 0.0079 0.0014)
(0.083333333 0.008 0.0014)
(0.083333333 0.0081 0.0014)
(0.083333333 0.0082 0.0014)
(0.083333333 0.0083 0.0014)
(0.083333333 0.0084 0.0014)
(0.083333333 0.0085 0.0014)
(0.083333333 0.0086 0.0014)
(0.083333333 0.0087 0.0014)
(0.083333333 0.0088 0.0014)
(0.083333333 0.0089 0.0014)
(0.083333333 0.009 0.0014)
(0.083333333 0.0071 0.0015)
(0.083333333 0.0072 0.0015)
(0.083333333 0.0073 0.0015)
(0.083333333 0.0074 0.0015)
(0.083333333 0.0075 0.0015)
(0.083333333 0.0076 0.0015)
(0.083333333 0.0077 0.0015)
(0.083333333 0.0078 0.0015)
(0.083333333 0.0079 0.0015)
(0.083333333 0.008 0.0015)
(0.083333333 0.0081 0.0015)
(0.083333333 0.0082 0.0015)
(0.083333333 0.0083 0.0015)
(0.083333333 0.0084 0.0015)
(0.083333333 0.0085 0.0015)
(0.083333333 0.0086 0.0015)
(0.083333333 0.0087 0.0015)
(0.083333333 0.0088 0.0015)
(0.083333333 0.0089 0.0015)
(0.083333333 0.009 0.0015)
(0.083333333 0.0071 0.0016)
(0.083333333 0.0072 0.0016)
(0.083333333 0.0073 0.0016)
(0.083333333 0.0074 0.0016)
(0.083333333 0.0075 0.0016)
(0.083333333 0.0076 0.0016)
(0.083333333 0.0077 0.0016)
(0.083333333 0.0078 0.0016)
(0.083333333 0.0079 0.0016)
(0.083333333 0.008 0.0016)
(0.083333333 0.0081 0.0016)
(0.083333333 0.0082 0.0016)
(0.083333333 0.0083 0.0016)
(0.083333333 0.0084 0.0016)
(0.083333333 0.0085 0.0016)
(0.083333333 0.0086 0.0016)
(0.083333333 0.0087 0.0016)
(0.083333333 0.0088 0.0016)
(0.083333333 0.0089 0.0016)
(0.083333333 0.009 0.0016)
(0.083333333 0.0071 0.0017)
(0.083333333 0.0072 0.0017)
(0.083333333 0.0073 0.0017)
(0.083333333 0.0074 0.0017)
(0.083333333 0.0075 0.0017)
(0.083333333 0.0076 0.0017)
(0.083333333 0.0077 0.0017)
(0.083333333 0.0078 0.0017)
(0.083333333 0.0079 0.0017)
(0.083333333 0.008 0.0017)
(0.083333333 0.0081 0.0017)
(0.083333333 0.0082 0.0017)
(0.083333333 0.0083 0.0017)
(0.083333333 0.0084 0.0017)
(0.083333333 0.0085 0.0017)
(0.083333333 0.0086 0.0017)
(0.083333333 0.0087 0.0017)
(0.083333333 0.0088 0.0017)
(0.083333333 0.0089 0.0017)
(0.083333333 0.009 0.0017)
(0.083333333 0.0071 0.0018)
(0.083333333 0.0072 0.0018)
(0.083333333 0.0073 0.0018)
(0.083333333 0.0074 0.0018)
(0.083333333 0.0075 0.0018)
(0.083333333 0.0076 0.0018)
(0.083333333 0.0077 0.0018)
(0.083333333 0.0078 0.0018)
(0.083333333 0.0079 0.0018)
(0.083333333 0.008 0.0018)
(0.083333333 0.0081 0.0018)
(0.083333333 0.0082 0.0018)
(0.083333333 0.0083 0.0018)
(0.083333333 0.0084 0.0018)
(0.083333333 0.0085 0.0018)
(0.083333333 0.0086 0.0018)
(0.083333333 0.0087 0.0018)
(0.083333333 0.0088 0.0018)
(0.083333333 0.0089 0.0018)
(0.083333333 0.009 0.0018)
(0.083333333 0.0071 0.0019)
(0.083333333 0.0072 0.0019)
(0.083333333 0.0073 0.0019)
(0.083333333 0.0074 0.0019)
(0.083333333 0.0075 0.0019)
(0.083333333 0.0076 0.0019)
(0.083333333 0.0077 0.0019)
(0.083333333 0.0078 0.0019)
(0.083333333 0.0079 0.0019)
(0.083333333 0.008 0.0019)
(0.083333333 0.0081 0.0019)
(0.083333333 0.0082 0.0019)
(0.083333333 0.0083 0.0019)
(0.083333333 0.0084 0.0019)
(0.083333333 0.0085 0.0019)
(0.083333333 0.0086 0.0019)
(0.083333333 0.0087 0.0019)
(0.083333333 0.0088 0.0019)
(0.083333333 0.0089 0.0019)
(0.083333333 0.009 0.0019)
(0.083333333 0.0071 0.002)
(0.083333333 0.0072 0.002)
(0.083333333 0.0073 0.002)
(0.083333333 0.0074 0.002)
(0.083333333 0.0075 0.002)
(0.083333333 0.0076 0.002)
(0.083333333 0.0077 0.002)
(0.083333333 0.0078 0.002)
(0.083333333 0.0079 0.002)
(0.083333333 0.008 0.002)
(0.083333333 0.0081 0.002)
(0.083333333 0.0082 0.002)
(0.083333333 0.0083 0.002)
(0.083333333 0.0084 0.002)
(0.083333333 0.0085 0.002)
(0.083333333 0.0086 0.002)
(0.083333333 0.0087 0.002)
(0.083333333 0.0088 0.002)
(0.083333333 0.0089 0.002)
(0.083333333 0.009 0.002)
(0.083333333 0.0071 0.0021)
(0.083333333 0.0072 0.0021)
(0.083333333 0.0073 0.0021)
(0.083333333 0.0074 0.0021)
(0.083333333 0.0075 0.0021)
(0.083333333 0.0076 0.0021)
(0.083333333 0.0077 0.0021)
(0.083333333 0.0078 0.0021)
(0.083333333 0.0079 0.0021)
(0.083333333 0.008 0.0021)
(0.083333333 0.0081 0.0021)
(0.083333333 0.0082 0.0021)
(0.083333333 0.0083 0.0021)
(0.083333333 0.0084 0.0021)
(0.083333333 0.0085 0.0021)
(0.083333333 0.0086 0.0021)
(0.083333333 0.0087 0.0021)
(0.083333333 0.0088 0.0021)
(0.083333333 0.0089 0.0021)
(0.083333333 0.009 0.0021)
(0.083333333 0.0071 0.0022)
(0.083333333 0.0072 0.0022)
(0.083333333 0.0073 0.0022)
(0.083333333 0.0074 0.0022)
(0.083333333 0.0075 0.0022)
(0.083333333 0.0076 0.0022)
(0.083333333 0.0077 0.0022)
(0.083333333 0.0078 0.0022)
(0.083333333 0.0079 0.0022)
(0.083333333 0.008 0.0022)
(0.083333333 0.0081 0.0022)
(0.083333333 0.0082 0.0022)
(0.083333333 0.0083 0.0022)
(0.083333333 0.0084 0.0022)
(0.083333333 0.0085 0.0022)
(0.083333333 0.0086 0.0022)
(0.083333333 0.0087 0.0022)
(0.083333333 0.0088 0.0022)
(0.083333333 0.0089 0.0022)
(0.083333333 0.009 0.0022)
(0.083333333 0.0071 0.0023)
(0.083333333 0.0072 0.0023)
(0.083333333 0.0073 0.0023)
(0.083333333 0.0074 0.0023)
(0.083333333 0.0075 0.0023)
(0.083333333 0.0076 0.0023)
(0.083333333 0.0077 0.0023)
(0.083333333 0.0078 0.0023)
(0.083333333 0.0079 0.0023)
(0.083333333 0.008 0.0023)
(0.083333333 0.0081 0.0023)
(0.083333333 0.0082 0.0023)
(0.083333333 0.0083 0.0023)
(0.083333333 0.0084 0.0023)
(0.083333333 0.0085 0.0023)
(0.083333333 0.0086 0.0023)
(0.083333333 0.0087 0.0023)
(0.083333333 0.0088 0.0023)
(0.083333333 0.0089 0.0023)
(0.083333333 0.009 0.0023)
(0.083333333 0.0071 0.0024)
(0.083333333 0.0072 0.0024)
(0.083333333 0.0073 0.0024)
(0.083333333 0.0074 0.0024)
(0.083333333 0.0075 0.0024)
(0.083333333 0.0076 0.0024)
(0.083333333 0.0077 0.0024)
(0.083333333 0.0078 0.0024)
(0.083333333 0.0079 0.0024)
(0.083333333 0.008 0.0024)
(0.083333333 0.0081 0.0024)
(0.083333333 0.0082 0.0024)
(0.083333333 0.0083 0.0024)
(0.083333333 0.0084 0.0024)
(0.083333333 0.0085 0.0024)
(0.083333333 0.0086 0.0024)
(0.083333333 0.0087 0.0024)
(0.083333333 0.0088 0.0024)
(0.083333333 0.0089 0.0024)
(0.083333333 0.009 0.0024)
(0.083333333 0.0071 0.0025)
(0.083333333 0.0072 0.0025)
(0.083333333 0.0073 0.0025)
(0.083333333 0.0074 0.0025)
(0.083333333 0.0075 0.0025)
(0.083333333 0.0076 0.0025)
(0.083333333 0.0077 0.0025)
(0.083333333 0.0078 0.0025)
(0.083333333 0.0079 0.0025)
(0.083333333 0.008 0.0025)
(0.083333333 0.0081 0.0025)
(0.083333333 0.0082 0.0025)
(0.083333333 0.0083 0.0025)
(0.083333333 0.0084 0.0025)
(0.083333333 0.0085 0.0025)
(0.083333333 0.0086 0.0025)
(0.083333333 0.0087 0.0025)
(0.083333333 0.0088 0.0025)
(0.083333333 0.0089 0.0025)
(0.083333333 0.009 0.0025)
(0.083333333 0.0071 0.0026)
(0.083333333 0.0072 0.0026)
(0.083333333 0.0073 0.0026)
(0.083333333 0.0074 0.0026)
(0.083333333 0.0075 0.0026)
(0.083333333 0.0076 0.0026)
(0.083333333 0.0077 0.0026)
(0.083333333 0.0078 0.0026)
(0.083333333 0.0079 0.0026)
(0.083333333 0.008 0.0026)
(0.083333333 0.0081 0.0026)
(0.083333333 0.0082 0.0026)
(0.083333333 0.0083 0.0026)
(0.083333333 0.0084 0.0026)
(0.083333333 0.0085 0.0026)
(0.083333333 0.0086 0.0026)
(0.083333333 0.0087 0.0026)
(0.083333333 0.0088 0.0026)
(0.083333333 0.0089 0.0026)
(0.083333333 0.009 0.0026)
(0.083333333 0.0071 0.0027)
(0.083333333 0.0072 0.0027)
(0.083333333 0.0073 0.0027)
(0.083333333 0.0074 0.0027)
(0.083333333 0.0075 0.0027)
(0.083333333 0.0076 0.0027)
(0.083333333 0.0077 0.0027)
(0.083333333 0.0078 0.0027)
(0.083333333 0.0079 0.0027)
(0.083333333 0.008 0.0027)
(0.083333333 0.0081 0.0027)
(0.083333333 0.0082 0.0027)
(0.083333333 0.0083 0.0027)
(0.083333333 0.0084 0.0027)
(0.083333333 0.0085 0.0027)
(0.083333333 0.0086 0.0027)
(0.083333333 0.0087 0.0027)
(0.083333333 0.0088 0.0027)
(0.083333333 0.0089 0.0027)
(0.083333333 0.009 0.0027)
(0.083333333 0.0071 0.0028)
(0.083333333 0.0072 0.0028)
(0.083333333 0.0073 0.0028)
(0.083333333 0.0074 0.0028)
(0.083333333 0.0075 0.0028)
(0.083333333 0.0076 0.0028)
(0.083333333 0.0077 0.0028)
(0.083333333 0.0078 0.0028)
(0.083333333 0.0079 0.0028)
(0.083333333 0.008 0.0028)
(0.083333333 0.0081 0.0028)
(0.083333333 0.0082 0.0028)
(0.083333333 0.0083 0.0028)
(0.083333333 0.0084 0.0028)
(0.083333333 0.0085 0.0028)
(0.083333333 0.0086 0.0028)
(0.083333333 0.0087 0.0028)
(0.083333333 0.0088 0.0028)
(0.083333333 0.0089 0.0028)
(0.083333333 0.009 0.0028)
(0.083333333 0.0071 0.0029)
(0.083333333 0.0072 0.0029)
(0.083333333 0.0073 0.0029)
(0.083333333 0.0074 0.0029)
(0.083333333 0.0075 0.0029)
(0.083333333 0.0076 0.0029)
(0.083333333 0.0077 0.0029)
(0.083333333 0.0078 0.0029)
(0.083333333 0.0079 0.0029)
(0.083333333 0.008 0.0029)
(0.083333333 0.0081 0.0029)
(0.083333333 0.0082 0.0029)
(0.083333333 0.0083 0.0029)
(0.083333333 0.0084 0.0029)
(0.083333333 0.0085 0.0029)
(0.083333333 0.0086 0.0029)
(0.083333333 0.0087 0.0029)
(0.083333333 0.0088 0.0029)
(0.083333333 0.0089 0.0029)
(0.083333333 0.009 0.0029)
(0.083333333 0.0071 0.003)
(0.083333333 0.0072 0.003)
(0.083333333 0.0073 0.003)
(0.083333333 0.0074 0.003)
(0.083333333 0.0075 0.003)
(0.083333333 0.0076 0.003)
(0.083333333 0.0077 0.003)
(0.083333333 0.0078 0.003)
(0.083333333 0.0079 0.003)
(0.083333333 0.008 0.003)
(0.083333333 0.0081 0.003)
(0.083333333 0.0082 0.003)
(0.083333333 0.0083 0.003)
(0.083333333 0.0084 0.003)
(0.083333333 0.0085 0.003)
(0.083333333 0.0086 0.003)
(0.083333333 0.0087 0.003)
(0.083333333 0.0088 0.003)
(0.083333333 0.0089 0.003)
(0.083333333 0.009 0.003)
(0.085 0.0071 0.0011)
(0.085 0.0072 0.0011)
(0.085 0.0073 0.0011)
(0.085 0.0074 0.0011)
(0.085 0.0075 0.0011)
(0.085 0.0076 0.0011)
(0.085 0.0077 0.0011)
(0.085 0.0078 0.0011)
(0.085 0.0079 0.0011)
(0.085 0.008 0.0011)
(0.085 0.0081 0.0011)
(0.085 0.0082 0.0011)
(0.085 0.0083 0.0011)
(0.085 0.0084 0.0011)
(0.085 0.0085 0.0011)
(0.085 0.0086 0.0011)
(0.085 0.0087 0.0011)
(0.085 0.0088 0.0011)
(0.085 0.0089 0.0011)
(0.085 0.009 0.0011)
(0.085 0.0071 0.0012)
(0.085 0.0072 0.0012)
(0.085 0.0073 0.0012)
(0.085 0.0074 0.0012)
(0.085 0.0075 0.0012)
(0.085 0.0076 0.0012)
(0.085 0.0077 0.0012)
(0.085 0.0078 0.0012)
(0.085 0.0079 0.0012)
(0.085 0.008 0.0012)
(0.085 0.0081 0.0012)
(0.085 0.0082 0.0012)
(0.085 0.0083 0.0012)
(0.085 0.0084 0.0012)
(0.085 0.0085 0.0012)
(0.085 0.0086 0.0012)
(0.085 0.0087 0.0012)
(0.085 0.0088 0.0012)
(0.085 0.0089 0.0012)
(0.085 0.009 0.0012)
(0.085 0.0071 0.0013)
(0.085 0.0072 0.0013)
(0.085 0.0073 0.0013)
(0.085 0.0074 0.0013)
(0.085 0.0075 0.0013)
(0.085 0.0076 0.0013)
(0.085 0.0077 0.0013)
(0.085 0.0078 0.0013)
(0.085 0.0079 0.0013)
(0.085 0.008 0.0013)
(0.085 0.0081 0.0013)
(0.085 0.0082 0.0013)
(0.085 0.0083 0.0013)
(0.085 0.0084 0.0013)
(0.085 0.0085 0.0013)
(0.085 0.0086 0.0013)
(0.085 0.0087 0.0013)
(0.085 0.0088 0.0013)
(0.085 0.0089 0.0013)
(0.085 0.009 0.0013)
(0.085 0.0071 0.0014)
(0.085 0.0072 0.0014)
(0.085 0.0073 0.0014)
(0.085 0.0074 0.0014)
(0.085 0.0075 0.0014)
(0.085 0.0076 0.0014)
(0.085 0.0077 0.0014)
(0.085 0.0078 0.0014)
(0.085 0.0079 0.0014)
(0.085 0.008 0.0014)
(0.085 0.0081 0.0014)
(0.085 0.0082 0.0014)
(0.085 0.0083 0.0014)
(0.085 0.0084 0.0014)
(0.085 0.0085 0.0014)
(0.085 0.0086 0.0014)
(0.085 0.0087 0.0014)
(0.085 0.0088 0.0014)
(0.085 0.0089 0.0014)
(0.085 0.009 0.0014)
(0.085 0.0071 0.0015)
(0.085 0.0072 0.0015)
(0.085 0.0073 0.0015)
(0.085 0.0074 0.0015)
(0.085 0.0075 0.0015)
(0.085 0.0076 0.0015)
(0.085 0.0077 0.0015)
(0.085 0.0078 0.0015)
(0.085 0.0079 0.0015)
(0.085 0.008 0.0015)
(0.085 0.0081 0.0015)
(0.085 0.0082 0.0015)
(0.085 0.0083 0.0015)
(0.085 0.0084 0.0015)
(0.085 0.0085 0.0015)
(0.085 0.0086 0.0015)
(0.085 0.0087 0.0015)
(0.085 0.0088 0.0015)
(0.085 0.0089 0.0015)
(0.085 0.009 0.0015)
(0.085 0.0071 0.0016)
(0.085 0.0072 0.0016)
(0.085 0.0073 0.0016)
(0.085 0.0074 0.0016)
(0.085 0.0075 0.0016)
(0.085 0.0076 0.0016)
(0.085 0.0077 0.0016)
(0.085 0.0078 0.0016)
(0.085 0.0079 0.0016)
(0.085 0.008 0.0016)
(0.085 0.0081 0.0016)
(0.085 0.0082 0.0016)
(0.085 0.0083 0.0016)
(0.085 0.0084 0.0016)
(0.085 0.0085 0.0016)
(0.085 0.0086 0.0016)
(0.085 0.0087 0.0016)
(0.085 0.0088 0.0016)
(0.085 0.0089 0.0016)
(0.085 0.009 0.0016)
(0.085 0.0071 0.0017)
(0.085 0.0072 0.0017)
(0.085 0.0073 0.0017)
(0.085 0.0074 0.0017)
(0.085 0.0075 0.0017)
(0.085 0.0076 0.0017)
(0.085 0.0077 0.0017)
(0.085 0.0078 0.0017)
(0.085 0.0079 0.0017)
(0.085 0.008 0.0017)
(0.085 0.0081 0.0017)
(0.085 0.0082 0.0017)
(0.085 0.0083 0.0017)
(0.085 0.0084 0.0017)
(0.085 0.0085 0.0017)
(0.085 0.0086 0.0017)
(0.085 0.0087 0.0017)
(0.085 0.0088 0.0017)
(0.085 0.0089 0.0017)
(0.085 0.009 0.0017)
(0.085 0.0071 0.0018)
(0.085 0.0072 0.0018)
(0.085 0.0073 0.0018)
(0.085 0.0074 0.0018)
(0.085 0.0075 0.0018)
(0.085 0.0076 0.0018)
(0.085 0.0077 0.0018)
(0.085 0.0078 0.0018)
(0.085 0.0079 0.0018)
(0.085 0.008 0.0018)
(0.085 0.0081 0.0018)
(0.085 0.0082 0.0018)
(0.085 0.0083 0.0018)
(0.085 0.0084 0.0018)
(0.085 0.0085 0.0018)
(0.085 0.0086 0.0018)
(0.085 0.0087 0.0018)
(0.085 0.0088 0.0018)
(0.085 0.0089 0.0018)
(0.085 0.009 0.0018)
(0.085 0.0071 0.0019)
(0.085 0.0072 0.0019)
(0.085 0.0073 0.0019)
(0.085 0.0074 0.0019)
(0.085 0.0075 0.0019)
(0.085 0.0076 0.0019)
(0.085 0.0077 0.0019)
(0.085 0.0078 0.0019)
(0.085 0.0079 0.0019)
(0.085 0.008 0.0019)
(0.085 0.0081 0.0019)
(0.085 0.0082 0.0019)
(0.085 0.0083 0.0019)
(0.085 0.0084 0.0019)
(0.085 0.0085 0.0019)
(0.085 0.0086 0.0019)
(0.085 0.0087 0.0019)
(0.085 0.0088 0.0019)
(0.085 0.0089 0.0019)
(0.085 0.009 0.0019)
(0.085 0.0071 0.002)
(0.085 0.0072 0.002)
(0.085 0.0073 0.002)
(0.085 0.0074 0.002)
(0.085 0.0075 0.002)
(0.085 0.0076 0.002)
(0.085 0.0077 0.002)
(0.085 0.0078 0.002)
(0.085 0.0079 0.002)
(0.085 0.008 0.002)
(0.085 0.0081 0.002)
(0.085 0.0082 0.002)
(0.085 0.0083 0.002)
(0.085 0.0084 0.002)
(0.085 0.0085 0.002)
(0.085 0.0086 0.002)
(0.085 0.0087 0.002)
(0.085 0.0088 0.002)
(0.085 0.0089 0.002)
(0.085 0.009 0.002)
(0.085 0.0071 0.0021)
(0.085 0.0072 0.0021)
(0.085 0.0073 0.0021)
(0.085 0.0074 0.0021)
(0.085 0.0075 0.0021)
(0.085 0.0076 0.0021)
(0.085 0.0077 0.0021)
(0.085 0.0078 0.0021)
(0.085 0.0079 0.0021)
(0.085 0.008 0.0021)
(0.085 0.0081 0.0021)
(0.085 0.0082 0.0021)
(0.085 0.0083 0.0021)
(0.085 0.0084 0.0021)
(0.085 0.0085 0.0021)
(0.085 0.0086 0.0021)
(0.085 0.0087 0.0021)
(0.085 0.0088 0.0021)
(0.085 0.0089 0.0021)
(0.085 0.009 0.0021)
(0.085 0.0071 0.0022)
(0.085 0.0072 0.0022)
(0.085 0.0073 0.0022)
(0.085 0.0074 0.0022)
(0.085 0.0075 0.0022)
(0.085 0.0076 0.0022)
(0.085 0.0077 0.0022)
(0.085 0.0078 0.0022)
(0.085 0.0079 0.0022)
(0.085 0.008 0.0022)
(0.085 0.0081 0.0022)
(0.085 0.0082 0.0022)
(0.085 0.0083 0.0022)
(0.085 0.0084 0.0022)
(0.085 0.0085 0.0022)
(0.085 0.0086 0.0022)
(0.085 0.0087 0.0022)
(0.085 0.0088 0.0022)
(0.085 0.0089 0.0022)
(0.085 0.009 0.0022)
(0.085 0.0071 0.0023)
(0.085 0.0072 0.0023)
(0.085 0.0073 0.0023)
(0.085 0.0074 0.0023)
(0.085 0.0075 0.0023)
(0.085 0.0076 0.0023)
(0.085 0.0077 0.0023)
(0.085 0.0078 0.0023)
(0.085 0.0079 0.0023)
(0.085 0.008 0.0023)
(0.085 0.0081 0.0023)
(0.085 0.0082 0.0023)
(0.085 0.0083 0.0023)
(0.085 0.0084 0.0023)
(0.085 0.0085 0.0023)
(0.085 0.0086 0.0023)
(0.085 0.0087 0.0023)
(0.085 0.0088 0.0023)
(0.085 0.0089 0.0023)
(0.085 0.009 0.0023)
(0.085 0.0071 0.0024)
(0.085 0.0072 0.0024)
(0.085 0.0073 0.0024)
(0.085 0.0074 0.0024)
(0.085 0.0075 0.0024)
(0.085 0.0076 0.0024)
(0.085 0.0077 0.0024)
(0.085 0.0078 0.0024)
(0.085 0.0079 0.0024)
(0.085 0.008 0.0024)
(0.085 0.0081 0.0024)
(0.085 0.0082 0.0024)
(0.085 0.0083 0.0024)
(0.085 0.0084 0.0024)
(0.085 0.0085 0.0024)
(0.085 0.0086 0.0024)
(0.085 0.0087 0.0024)
(0.085 0.0088 0.0024)
(0.085 0.0089 0.0024)
(0.085 0.009 0.0024)
(0.085 0.0071 0.0025)
(0.085 0.0072 0.0025)
(0.085 0.0073 0.0025)
(0.085 0.0074 0.0025)
(0.085 0.0075 0.0025)
(0.085 0.0076 0.0025)
(0.085 0.0077 0.0025)
(0.085 0.0078 0.0025)
(0.085 0.0079 0.0025)
(0.085 0.008 0.0025)
(0.085 0.0081 0.0025)
(0.085 0.0082 0.0025)
(0.085 0.0083 0.0025)
(0.085 0.0084 0.0025)
(0.085 0.0085 0.0025)
(0.085 0.0086 0.0025)
(0.085 0.0087 0.0025)
(0.085 0.0088 0.0025)
(0.085 0.0089 0.0025)
(0.085 0.009 0.0025)
(0.085 0.0071 0.0026)
(0.085 0.0072 0.0026)
(0.085 0.0073 0.0026)
(0.085 0.0074 0.0026)
(0.085 0.0075 0.0026)
(0.085 0.0076 0.0026)
(0.085 0.0077 0.0026)
(0.085 0.0078 0.0026)
(0.085 0.0079 0.0026)
(0.085 0.008 0.0026)
(0.085 0.0081 0.0026)
(0.085 0.0082 0.0026)
(0.085 0.0083 0.0026)
(0.085 0.0084 0.0026)
(0.085 0.0085 0.0026)
(0.085 0.0086 0.0026)
(0.085 0.0087 0.0026)
(0.085 0.0088 0.0026)
(0.085 0.0089 0.0026)
(0.085 0.009 0.0026)
(0.085 0.0071 0.0027)
(0.085 0.0072 0.0027)
(0.085 0.0073 0.0027)
(0.085 0.0074 0.0027)
(0.085 0.0075 0.0027)
(0.085 0.0076 0.0027)
(0.085 0.0077 0.0027)
(0.085 0.0078 0.0027)
(0.085 0.0079 0.0027)
(0.085 0.008 0.0027)
(0.085 0.0081 0.0027)
(0.085 0.0082 0.0027)
(0.085 0.0083 0.0027)
(0.085 0.0084 0.0027)
(0.085 0.0085 0.0027)
(0.085 0.0086 0.0027)
(0.085 0.0087 0.0027)
(0.085 0.0088 0.0027)
(0.085 0.0089 0.0027)
(0.085 0.009 0.0027)
(0.085 0.0071 0.0028)
(0.085 0.0072 0.0028)
(0.085 0.0073 0.0028)
(0.085 0.0074 0.0028)
(0.085 0.0075 0.0028)
(0.085 0.0076 0.0028)
(0.085 0.0077 0.0028)
(0.085 0.0078 0.0028)
(0.085 0.0079 0.0028)
(0.085 0.008 0.0028)
(0.085 0.0081 0.0028)
(0.085 0.0082 0.0028)
(0.085 0.0083 0.0028)
(0.085 0.0084 0.0028)
(0.085 0.0085 0.0028)
(0.085 0.0086 0.0028)
(0.085 0.0087 0.0028)
(0.085 0.0088 0.0028)
(0.085 0.0089 0.0028)
(0.085 0.009 0.0028)
(0.085 0.0071 0.0029)
(0.085 0.0072 0.0029)
(0.085 0.0073 0.0029)
(0.085 0.0074 0.0029)
(0.085 0.0075 0.0029)
(0.085 0.0076 0.0029)
(0.085 0.0077 0.0029)
(0.085 0.0078 0.0029)
(0.085 0.0079 0.0029)
(0.085 0.008 0.0029)
(0.085 0.0081 0.0029)
(0.085 0.0082 0.0029)
(0.085 0.0083 0.0029)
(0.085 0.0084 0.0029)
(0.085 0.0085 0.0029)
(0.085 0.0086 0.0029)
(0.085 0.0087 0.0029)
(0.085 0.0088 0.0029)
(0.085 0.0089 0.0029)
(0.085 0.009 0.0029)
(0.085 0.0071 0.003)
(0.085 0.0072 0.003)
(0.085 0.0073 0.003)
(0.085 0.0074 0.003)
(0.085 0.0075 0.003)
(0.085 0.0076 0.003)
(0.085 0.0077 0.003)
(0.085 0.0078 0.003)
(0.085 0.0079 0.003)
(0.085 0.008 0.003)
(0.085 0.0081 0.003)
(0.085 0.0082 0.003)
(0.085 0.0083 0.003)
(0.085 0.0084 0.003)
(0.085 0.0085 0.003)
(0.085 0.0086 0.003)
(0.085 0.0087 0.003)
(0.085 0.0088 0.003)
(0.085 0.0089 0.003)
(0.085 0.009 0.003)
(0.086666667 0.0071 0.0011)
(0.086666667 0.0072 0.0011)
(0.086666667 0.0073 0.0011)
(0.086666667 0.0074 0.0011)
(0.086666667 0.0075 0.0011)
(0.086666667 0.0076 0.0011)
(0.086666667 0.0077 0.0011)
(0.086666667 0.0078 0.0011)
(0.086666667 0.0079 0.0011)
(0.086666667 0.008 0.0011)
(0.086666667 0.0081 0.0011)
(0.086666667 0.0082 0.0011)
(0.086666667 0.0083 0.0011)
(0.086666667 0.0084 0.0011)
(0.086666667 0.0085 0.0011)
(0.086666667 0.0086 0.0011)
(0.086666667 0.0087 0.0011)
(0.086666667 0.0088 0.0011)
(0.086666667 0.0089 0.0011)
(0.086666667 0.009 0.0011)
(0.086666667 0.0071 0.0012)
(0.086666667 0.0072 0.0012)
(0.086666667 0.0073 0.0012)
(0.086666667 0.0074 0.0012)
(0.086666667 0.0075 0.0012)
(0.086666667 0.0076 0.0012)
(0.086666667 0.0077 0.0012)
(0.086666667 0.0078 0.0012)
(0.086666667 0.0079 0.0012)
(0.086666667 0.008 0.0012)
(0.086666667 0.0081 0.0012)
(0.086666667 0.0082 0.0012)
(0.086666667 0.0083 0.0012)
(0.086666667 0.0084 0.0012)
(0.086666667 0.0085 0.0012)
(0.086666667 0.0086 0.0012)
(0.086666667 0.0087 0.0012)
(0.086666667 0.0088 0.0012)
(0.086666667 0.0089 0.0012)
(0.086666667 0.009 0.0012)
(0.086666667 0.0071 0.0013)
(0.086666667 0.0072 0.0013)
(0.086666667 0.0073 0.0013)
(0.086666667 0.0074 0.0013)
(0.086666667 0.0075 0.0013)
(0.086666667 0.0076 0.0013)
(0.086666667 0.0077 0.0013)
(0.086666667 0.0078 0.0013)
(0.086666667 0.0079 0.0013)
(0.086666667 0.008 0.0013)
(0.086666667 0.0081 0.0013)
(0.086666667 0.0082 0.0013)
(0.086666667 0.0083 0.0013)
(0.086666667 0.0084 0.0013)
(0.086666667 0.0085 0.0013)
(0.086666667 0.0086 0.0013)
(0.086666667 0.0087 0.0013)
(0.086666667 0.0088 0.0013)
(0.086666667 0.0089 0.0013)
(0.086666667 0.009 0.0013)
(0.086666667 0.0071 0.0014)
(0.086666667 0.0072 0.0014)
(0.086666667 0.0073 0.0014)
(0.086666667 0.0074 0.0014)
(0.086666667 0.0075 0.0014)
(0.086666667 0.0076 0.0014)
(0.086666667 0.0077 0.0014)
(0.086666667 0.0078 0.0014)
(0.086666667 0.0079 0.0014)
(0.086666667 0.008 0.0014)
(0.086666667 0.0081 0.0014)
(0.086666667 0.0082 0.0014)
(0.086666667 0.0083 0.0014)
(0.086666667 0.0084 0.0014)
(0.086666667 0.0085 0.0014)
(0.086666667 0.0086 0.0014)
(0.086666667 0.0087 0.0014)
(0.086666667 0.0088 0.0014)
(0.086666667 0.0089 0.0014)
(0.086666667 0.009 0.0014)
(0.086666667 0.0071 0.0015)
(0.086666667 0.0072 0.0015)
(0.086666667 0.0073 0.0015)
(0.086666667 0.0074 0.0015)
(0.086666667 0.0075 0.0015)
(0.086666667 0.0076 0.0015)
(0.086666667 0.0077 0.0015)
(0.086666667 0.0078 0.0015)
(0.086666667 0.0079 0.0015)
(0.086666667 0.008 0.0015)
(0.086666667 0.0081 0.0015)
(0.086666667 0.0082 0.0015)
(0.086666667 0.0083 0.0015)
(0.086666667 0.0084 0.0015)
(0.086666667 0.0085 0.0015)
(0.086666667 0.0086 0.0015)
(0.086666667 0.0087 0.0015)
(0.086666667 0.0088 0.0015)
(0.086666667 0.0089 0.0015)
(0.086666667 0.009 0.0015)
(0.086666667 0.0071 0.0016)
(0.086666667 0.0072 0.0016)
(0.086666667 0.0073 0.0016)
(0.086666667 0.0074 0.0016)
(0.086666667 0.0075 0.0016)
(0.086666667 0.0076 0.0016)
(0.086666667 0.0077 0.0016)
(0.086666667 0.0078 0.0016)
(0.086666667 0.0079 0.0016)
(0.086666667 0.008 0.0016)
(0.086666667 0.0081 0.0016)
(0.086666667 0.0082 0.0016)
(0.086666667 0.0083 0.0016)
(0.086666667 0.0084 0.0016)
(0.086666667 0.0085 0.0016)
(0.086666667 0.0086 0.0016)
(0.086666667 0.0087 0.0016)
(0.086666667 0.0088 0.0016)
(0.086666667 0.0089 0.0016)
(0.086666667 0.009 0.0016)
(0.086666667 0.0071 0.0017)
(0.086666667 0.0072 0.0017)
(0.086666667 0.0073 0.0017)
(0.086666667 0.0074 0.0017)
(0.086666667 0.0075 0.0017)
(0.086666667 0.0076 0.0017)
(0.086666667 0.0077 0.0017)
(0.086666667 0.0078 0.0017)
(0.086666667 0.0079 0.0017)
(0.086666667 0.008 0.0017)
(0.086666667 0.0081 0.0017)
(0.086666667 0.0082 0.0017)
(0.086666667 0.0083 0.0017)
(0.086666667 0.0084 0.0017)
(0.086666667 0.0085 0.0017)
(0.086666667 0.0086 0.0017)
(0.086666667 0.0087 0.0017)
(0.086666667 0.0088 0.0017)
(0.086666667 0.0089 0.0017)
(0.086666667 0.009 0.0017)
(0.086666667 0.0071 0.0018)
(0.086666667 0.0072 0.0018)
(0.086666667 0.0073 0.0018)
(0.086666667 0.0074 0.0018)
(0.086666667 0.0075 0.0018)
(0.086666667 0.0076 0.0018)
(0.086666667 0.0077 0.0018)
(0.086666667 0.0078 0.0018)
(0.086666667 0.0079 0.0018)
(0.086666667 0.008 0.0018)
(0.086666667 0.0081 0.0018)
(0.086666667 0.0082 0.0018)
(0.086666667 0.0083 0.0018)
(0.086666667 0.0084 0.0018)
(0.086666667 0.0085 0.0018)
(0.086666667 0.0086 0.0018)
(0.086666667 0.0087 0.0018)
(0.086666667 0.0088 0.0018)
(0.086666667 0.0089 0.0018)
(0.086666667 0.009 0.0018)
(0.086666667 0.0071 0.0019)
(0.086666667 0.0072 0.0019)
(0.086666667 0.0073 0.0019)
(0.086666667 0.0074 0.0019)
(0.086666667 0.0075 0.0019)
(0.086666667 0.0076 0.0019)
(0.086666667 0.0077 0.0019)
(0.086666667 0.0078 0.0019)
(0.086666667 0.0079 0.0019)
(0.086666667 0.008 0.0019)
(0.086666667 0.0081 0.0019)
(0.086666667 0.0082 0.0019)
(0.086666667 0.0083 0.0019)
(0.086666667 0.0084 0.0019)
(0.086666667 0.0085 0.0019)
(0.086666667 0.0086 0.0019)
(0.086666667 0.0087 0.0019)
(0.086666667 0.0088 0.0019)
(0.086666667 0.0089 0.0019)
(0.086666667 0.009 0.0019)
(0.086666667 0.0071 0.002)
(0.086666667 0.0072 0.002)
(0.086666667 0.0073 0.002)
(0.086666667 0.0074 0.002)
(0.086666667 0.0075 0.002)
(0.086666667 0.0076 0.002)
(0.086666667 0.0077 0.002)
(0.086666667 0.0078 0.002)
(0.086666667 0.0079 0.002)
(0.086666667 0.008 0.002)
(0.086666667 0.0081 0.002)
(0.086666667 0.0082 0.002)
(0.086666667 0.0083 0.002)
(0.086666667 0.0084 0.002)
(0.086666667 0.0085 0.002)
(0.086666667 0.0086 0.002)
(0.086666667 0.0087 0.002)
(0.086666667 0.0088 0.002)
(0.086666667 0.0089 0.002)
(0.086666667 0.009 0.002)
(0.086666667 0.0071 0.0021)
(0.086666667 0.0072 0.0021)
(0.086666667 0.0073 0.0021)
(0.086666667 0.0074 0.0021)
(0.086666667 0.0075 0.0021)
(0.086666667 0.0076 0.0021)
(0.086666667 0.0077 0.0021)
(0.086666667 0.0078 0.0021)
(0.086666667 0.0079 0.0021)
(0.086666667 0.008 0.0021)
(0.086666667 0.0081 0.0021)
(0.086666667 0.0082 0.0021)
(0.086666667 0.0083 0.0021)
(0.086666667 0.0084 0.0021)
(0.086666667 0.0085 0.0021)
(0.086666667 0.0086 0.0021)
(0.086666667 0.0087 0.0021)
(0.086666667 0.0088 0.0021)
(0.086666667 0.0089 0.0021)
(0.086666667 0.009 0.0021)
(0.086666667 0.0071 0.0022)
(0.086666667 0.0072 0.0022)
(0.086666667 0.0073 0.0022)
(0.086666667 0.0074 0.0022)
(0.086666667 0.0075 0.0022)
(0.086666667 0.0076 0.0022)
(0.086666667 0.0077 0.0022)
(0.086666667 0.0078 0.0022)
(0.086666667 0.0079 0.0022)
(0.086666667 0.008 0.0022)
(0.086666667 0.0081 0.0022)
(0.086666667 0.0082 0.0022)
(0.086666667 0.0083 0.0022)
(0.086666667 0.0084 0.0022)
(0.086666667 0.0085 0.0022)
(0.086666667 0.0086 0.0022)
(0.086666667 0.0087 0.0022)
(0.086666667 0.0088 0.0022)
(0.086666667 0.0089 0.0022)
(0.086666667 0.009 0.0022)
(0.086666667 0.0071 0.0023)
(0.086666667 0.0072 0.0023)
(0.086666667 0.0073 0.0023)
(0.086666667 0.0074 0.0023)
(0.086666667 0.0075 0.0023)
(0.086666667 0.0076 0.0023)
(0.086666667 0.0077 0.0023)
(0.086666667 0.0078 0.0023)
(0.086666667 0.0079 0.0023)
(0.086666667 0.008 0.0023)
(0.086666667 0.0081 0.0023)
(0.086666667 0.0082 0.0023)
(0.086666667 0.0083 0.0023)
(0.086666667 0.0084 0.0023)
(0.086666667 0.0085 0.0023)
(0.086666667 0.0086 0.0023)
(0.086666667 0.0087 0.0023)
(0.086666667 0.0088 0.0023)
(0.086666667 0.0089 0.0023)
(0.086666667 0.009 0.0023)
(0.086666667 0.0071 0.0024)
(0.086666667 0.0072 0.0024)
(0.086666667 0.0073 0.0024)
(0.086666667 0.0074 0.0024)
(0.086666667 0.0075 0.0024)
(0.086666667 0.0076 0.0024)
(0.086666667 0.0077 0.0024)
(0.086666667 0.0078 0.0024)
(0.086666667 0.0079 0.0024)
(0.086666667 0.008 0.0024)
(0.086666667 0.0081 0.0024)
(0.086666667 0.0082 0.0024)
(0.086666667 0.0083 0.0024)
(0.086666667 0.0084 0.0024)
(0.086666667 0.0085 0.0024)
(0.086666667 0.0086 0.0024)
(0.086666667 0.0087 0.0024)
(0.086666667 0.0088 0.0024)
(0.086666667 0.0089 0.0024)
(0.086666667 0.009 0.0024)
(0.086666667 0.0071 0.0025)
(0.086666667 0.0072 0.0025)
(0.086666667 0.0073 0.0025)
(0.086666667 0.0074 0.0025)
(0.086666667 0.0075 0.0025)
(0.086666667 0.0076 0.0025)
(0.086666667 0.0077 0.0025)
(0.086666667 0.0078 0.0025)
(0.086666667 0.0079 0.0025)
(0.086666667 0.008 0.0025)
(0.086666667 0.0081 0.0025)
(0.086666667 0.0082 0.0025)
(0.086666667 0.0083 0.0025)
(0.086666667 0.0084 0.0025)
(0.086666667 0.0085 0.0025)
(0.086666667 0.0086 0.0025)
(0.086666667 0.0087 0.0025)
(0.086666667 0.0088 0.0025)
(0.086666667 0.0089 0.0025)
(0.086666667 0.009 0.0025)
(0.086666667 0.0071 0.0026)
(0.086666667 0.0072 0.0026)
(0.086666667 0.0073 0.0026)
(0.086666667 0.0074 0.0026)
(0.086666667 0.0075 0.0026)
(0.086666667 0.0076 0.0026)
(0.086666667 0.0077 0.0026)
(0.086666667 0.0078 0.0026)
(0.086666667 0.0079 0.0026)
(0.086666667 0.008 0.0026)
(0.086666667 0.0081 0.0026)
(0.086666667 0.0082 0.0026)
(0.086666667 0.0083 0.0026)
(0.086666667 0.0084 0.0026)
(0.086666667 0.0085 0.0026)
(0.086666667 0.0086 0.0026)
(0.086666667 0.0087 0.0026)
(0.086666667 0.0088 0.0026)
(0.086666667 0.0089 0.0026)
(0.086666667 0.009 0.0026)
(0.086666667 0.0071 0.0027)
(0.086666667 0.0072 0.0027)
(0.086666667 0.0073 0.0027)
(0.086666667 0.0074 0.0027)
(0.086666667 0.0075 0.0027)
(0.086666667 0.0076 0.0027)
(0.086666667 0.0077 0.0027)
(0.086666667 0.0078 0.0027)
(0.086666667 0.0079 0.0027)
(0.086666667 0.008 0.0027)
(0.086666667 0.0081 0.0027)
(0.086666667 0.0082 0.0027)
(0.086666667 0.0083 0.0027)
(0.086666667 0.0084 0.0027)
(0.086666667 0.0085 0.0027)
(0.086666667 0.0086 0.0027)
(0.086666667 0.0087 0.0027)
(0.086666667 0.0088 0.0027)
(0.086666667 0.0089 0.0027)
(0.086666667 0.009 0.0027)
(0.086666667 0.0071 0.0028)
(0.086666667 0.0072 0.0028)
(0.086666667 0.0073 0.0028)
(0.086666667 0.0074 0.0028)
(0.086666667 0.0075 0.0028)
(0.086666667 0.0076 0.0028)
(0.086666667 0.0077 0.0028)
(0.086666667 0.0078 0.0028)
(0.086666667 0.0079 0.0028)
(0.086666667 0.008 0.0028)
(0.086666667 0.0081 0.0028)
(0.086666667 0.0082 0.0028)
(0.086666667 0.0083 0.0028)
(0.086666667 0.0084 0.0028)
(0.086666667 0.0085 0.0028)
(0.086666667 0.0086 0.0028)
(0.086666667 0.0087 0.0028)
(0.086666667 0.0088 0.0028)
(0.086666667 0.0089 0.0028)
(0.086666667 0.009 0.0028)
(0.086666667 0.0071 0.0029)
(0.086666667 0.0072 0.0029)
(0.086666667 0.0073 0.0029)
(0.086666667 0.0074 0.0029)
(0.086666667 0.0075 0.0029)
(0.086666667 0.0076 0.0029)
(0.086666667 0.0077 0.0029)
(0.086666667 0.0078 0.0029)
(0.086666667 0.0079 0.0029)
(0.086666667 0.008 0.0029)
(0.086666667 0.0081 0.0029)
(0.086666667 0.0082 0.0029)
(0.086666667 0.0083 0.0029)
(0.086666667 0.0084 0.0029)
(0.086666667 0.0085 0.0029)
(0.086666667 0.0086 0.0029)
(0.086666667 0.0087 0.0029)
(0.086666667 0.0088 0.0029)
(0.086666667 0.0089 0.0029)
(0.086666667 0.009 0.0029)
(0.086666667 0.0071 0.003)
(0.086666667 0.0072 0.003)
(0.086666667 0.0073 0.003)
(0.086666667 0.0074 0.003)
(0.086666667 0.0075 0.003)
(0.086666667 0.0076 0.003)
(0.086666667 0.0077 0.003)
(0.086666667 0.0078 0.003)
(0.086666667 0.0079 0.003)
(0.086666667 0.008 0.003)
(0.086666667 0.0081 0.003)
(0.086666667 0.0082 0.003)
(0.086666667 0.0083 0.003)
(0.086666667 0.0084 0.003)
(0.086666667 0.0085 0.003)
(0.086666667 0.0086 0.003)
(0.086666667 0.0087 0.003)
(0.086666667 0.0088 0.003)
(0.086666667 0.0089 0.003)
(0.086666667 0.009 0.003)
(0.088333333 0.0071 0.0011)
(0.088333333 0.0072 0.0011)
(0.088333333 0.0073 0.0011)
(0.088333333 0.0074 0.0011)
(0.088333333 0.0075 0.0011)
(0.088333333 0.0076 0.0011)
(0.088333333 0.0077 0.0011)
(0.088333333 0.0078 0.0011)
(0.088333333 0.0079 0.0011)
(0.088333333 0.008 0.0011)
(0.088333333 0.0081 0.0011)
(0.088333333 0.0082 0.0011)
(0.088333333 0.0083 0.0011)
(0.088333333 0.0084 0.0011)
(0.088333333 0.0085 0.0011)
(0.088333333 0.0086 0.0011)
(0.088333333 0.0087 0.0011)
(0.088333333 0.0088 0.0011)
(0.088333333 0.0089 0.0011)
(0.088333333 0.009 0.0011)
(0.088333333 0.0071 0.0012)
(0.088333333 0.0072 0.0012)
(0.088333333 0.0073 0.0012)
(0.088333333 0.0074 0.0012)
(0.088333333 0.0075 0.0012)
(0.088333333 0.0076 0.0012)
(0.088333333 0.0077 0.0012)
(0.088333333 0.0078 0.0012)
(0.088333333 0.0079 0.0012)
(0.088333333 0.008 0.0012)
(0.088333333 0.0081 0.0012)
(0.088333333 0.0082 0.0012)
(0.088333333 0.0083 0.0012)
(0.088333333 0.0084 0.0012)
(0.088333333 0.0085 0.0012)
(0.088333333 0.0086 0.0012)
(0.088333333 0.0087 0.0012)
(0.088333333 0.0088 0.0012)
(0.088333333 0.0089 0.0012)
(0.088333333 0.009 0.0012)
(0.088333333 0.0071 0.0013)
(0.088333333 0.0072 0.0013)
(0.088333333 0.0073 0.0013)
(0.088333333 0.0074 0.0013)
(0.088333333 0.0075 0.0013)
(0.088333333 0.0076 0.0013)
(0.088333333 0.0077 0.0013)
(0.088333333 0.0078 0.0013)
(0.088333333 0.0079 0.0013)
(0.088333333 0.008 0.0013)
(0.088333333 0.0081 0.0013)
(0.088333333 0.0082 0.0013)
(0.088333333 0.0083 0.0013)
(0.088333333 0.0084 0.0013)
(0.088333333 0.0085 0.0013)
(0.088333333 0.0086 0.0013)
(0.088333333 0.0087 0.0013)
(0.088333333 0.0088 0.0013)
(0.088333333 0.0089 0.0013)
(0.088333333 0.009 0.0013)
(0.088333333 0.0071 0.0014)
(0.088333333 0.0072 0.0014)
(0.088333333 0.0073 0.0014)
(0.088333333 0.0074 0.0014)
(0.088333333 0.0075 0.0014)
(0.088333333 0.0076 0.0014)
(0.088333333 0.0077 0.0014)
(0.088333333 0.0078 0.0014)
(0.088333333 0.0079 0.0014)
(0.088333333 0.008 0.0014)
(0.088333333 0.0081 0.0014)
(0.088333333 0.0082 0.0014)
(0.088333333 0.0083 0.0014)
(0.088333333 0.0084 0.0014)
(0.088333333 0.0085 0.0014)
(0.088333333 0.0086 0.0014)
(0.088333333 0.0087 0.0014)
(0.088333333 0.0088 0.0014)
(0.088333333 0.0089 0.0014)
(0.088333333 0.009 0.0014)
(0.088333333 0.0071 0.0015)
(0.088333333 0.0072 0.0015)
(0.088333333 0.0073 0.0015)
(0.088333333 0.0074 0.0015)
(0.088333333 0.0075 0.0015)
(0.088333333 0.0076 0.0015)
(0.088333333 0.0077 0.0015)
(0.088333333 0.0078 0.0015)
(0.088333333 0.0079 0.0015)
(0.088333333 0.008 0.0015)
(0.088333333 0.0081 0.0015)
(0.088333333 0.0082 0.0015)
(0.088333333 0.0083 0.0015)
(0.088333333 0.0084 0.0015)
(0.088333333 0.0085 0.0015)
(0.088333333 0.0086 0.0015)
(0.088333333 0.0087 0.0015)
(0.088333333 0.0088 0.0015)
(0.088333333 0.0089 0.0015)
(0.088333333 0.009 0.0015)
(0.088333333 0.0071 0.0016)
(0.088333333 0.0072 0.0016)
(0.088333333 0.0073 0.0016)
(0.088333333 0.0074 0.0016)
(0.088333333 0.0075 0.0016)
(0.088333333 0.0076 0.0016)
(0.088333333 0.0077 0.0016)
(0.088333333 0.0078 0.0016)
(0.088333333 0.0079 0.0016)
(0.088333333 0.008 0.0016)
(0.088333333 0.0081 0.0016)
(0.088333333 0.0082 0.0016)
(0.088333333 0.0083 0.0016)
(0.088333333 0.0084 0.0016)
(0.088333333 0.0085 0.0016)
(0.088333333 0.0086 0.0016)
(0.088333333 0.0087 0.0016)
(0.088333333 0.0088 0.0016)
(0.088333333 0.0089 0.0016)
(0.088333333 0.009 0.0016)
(0.088333333 0.0071 0.0017)
(0.088333333 0.0072 0.0017)
(0.088333333 0.0073 0.0017)
(0.088333333 0.0074 0.0017)
(0.088333333 0.0075 0.0017)
(0.088333333 0.0076 0.0017)
(0.088333333 0.0077 0.0017)
(0.088333333 0.0078 0.0017)
(0.088333333 0.0079 0.0017)
(0.088333333 0.008 0.0017)
(0.088333333 0.0081 0.0017)
(0.088333333 0.0082 0.0017)
(0.088333333 0.0083 0.0017)
(0.088333333 0.0084 0.0017)
(0.088333333 0.0085 0.0017)
(0.088333333 0.0086 0.0017)
(0.088333333 0.0087 0.0017)
(0.088333333 0.0088 0.0017)
(0.088333333 0.0089 0.0017)
(0.088333333 0.009 0.0017)
(0.088333333 0.0071 0.0018)
(0.088333333 0.0072 0.0018)
(0.088333333 0.0073 0.0018)
(0.088333333 0.0074 0.0018)
(0.088333333 0.0075 0.0018)
(0.088333333 0.0076 0.0018)
(0.088333333 0.0077 0.0018)
(0.088333333 0.0078 0.0018)
(0.088333333 0.0079 0.0018)
(0.088333333 0.008 0.0018)
(0.088333333 0.0081 0.0018)
(0.088333333 0.0082 0.0018)
(0.088333333 0.0083 0.0018)
(0.088333333 0.0084 0.0018)
(0.088333333 0.0085 0.0018)
(0.088333333 0.0086 0.0018)
(0.088333333 0.0087 0.0018)
(0.088333333 0.0088 0.0018)
(0.088333333 0.0089 0.0018)
(0.088333333 0.009 0.0018)
(0.088333333 0.0071 0.0019)
(0.088333333 0.0072 0.0019)
(0.088333333 0.0073 0.0019)
(0.088333333 0.0074 0.0019)
(0.088333333 0.0075 0.0019)
(0.088333333 0.0076 0.0019)
(0.088333333 0.0077 0.0019)
(0.088333333 0.0078 0.0019)
(0.088333333 0.0079 0.0019)
(0.088333333 0.008 0.0019)
(0.088333333 0.0081 0.0019)
(0.088333333 0.0082 0.0019)
(0.088333333 0.0083 0.0019)
(0.088333333 0.0084 0.0019)
(0.088333333 0.0085 0.0019)
(0.088333333 0.0086 0.0019)
(0.088333333 0.0087 0.0019)
(0.088333333 0.0088 0.0019)
(0.088333333 0.0089 0.0019)
(0.088333333 0.009 0.0019)
(0.088333333 0.0071 0.002)
(0.088333333 0.0072 0.002)
(0.088333333 0.0073 0.002)
(0.088333333 0.0074 0.002)
(0.088333333 0.0075 0.002)
(0.088333333 0.0076 0.002)
(0.088333333 0.0077 0.002)
(0.088333333 0.0078 0.002)
(0.088333333 0.0079 0.002)
(0.088333333 0.008 0.002)
(0.088333333 0.0081 0.002)
(0.088333333 0.0082 0.002)
(0.088333333 0.0083 0.002)
(0.088333333 0.0084 0.002)
(0.088333333 0.0085 0.002)
(0.088333333 0.0086 0.002)
(0.088333333 0.0087 0.002)
(0.088333333 0.0088 0.002)
(0.088333333 0.0089 0.002)
(0.088333333 0.009 0.002)
(0.088333333 0.0071 0.0021)
(0.088333333 0.0072 0.0021)
(0.088333333 0.0073 0.0021)
(0.088333333 0.0074 0.0021)
(0.088333333 0.0075 0.0021)
(0.088333333 0.0076 0.0021)
(0.088333333 0.0077 0.0021)
(0.088333333 0.0078 0.0021)
(0.088333333 0.0079 0.0021)
(0.088333333 0.008 0.0021)
(0.088333333 0.0081 0.0021)
(0.088333333 0.0082 0.0021)
(0.088333333 0.0083 0.0021)
(0.088333333 0.0084 0.0021)
(0.088333333 0.0085 0.0021)
(0.088333333 0.0086 0.0021)
(0.088333333 0.0087 0.0021)
(0.088333333 0.0088 0.0021)
(0.088333333 0.0089 0.0021)
(0.088333333 0.009 0.0021)
(0.088333333 0.0071 0.0022)
(0.088333333 0.0072 0.0022)
(0.088333333 0.0073 0.0022)
(0.088333333 0.0074 0.0022)
(0.088333333 0.0075 0.0022)
(0.088333333 0.0076 0.0022)
(0.088333333 0.0077 0.0022)
(0.088333333 0.0078 0.0022)
(0.088333333 0.0079 0.0022)
(0.088333333 0.008 0.0022)
(0.088333333 0.0081 0.0022)
(0.088333333 0.0082 0.0022)
(0.088333333 0.0083 0.0022)
(0.088333333 0.0084 0.0022)
(0.088333333 0.0085 0.0022)
(0.088333333 0.0086 0.0022)
(0.088333333 0.0087 0.0022)
(0.088333333 0.0088 0.0022)
(0.088333333 0.0089 0.0022)
(0.088333333 0.009 0.0022)
(0.088333333 0.0071 0.0023)
(0.088333333 0.0072 0.0023)
(0.088333333 0.0073 0.0023)
(0.088333333 0.0074 0.0023)
(0.088333333 0.0075 0.0023)
(0.088333333 0.0076 0.0023)
(0.088333333 0.0077 0.0023)
(0.088333333 0.0078 0.0023)
(0.088333333 0.0079 0.0023)
(0.088333333 0.008 0.0023)
(0.088333333 0.0081 0.0023)
(0.088333333 0.0082 0.0023)
(0.088333333 0.0083 0.0023)
(0.088333333 0.0084 0.0023)
(0.088333333 0.0085 0.0023)
(0.088333333 0.0086 0.0023)
(0.088333333 0.0087 0.0023)
(0.088333333 0.0088 0.0023)
(0.088333333 0.0089 0.0023)
(0.088333333 0.009 0.0023)
(0.088333333 0.0071 0.0024)
(0.088333333 0.0072 0.0024)
(0.088333333 0.0073 0.0024)
(0.088333333 0.0074 0.0024)
(0.088333333 0.0075 0.0024)
(0.088333333 0.0076 0.0024)
(0.088333333 0.0077 0.0024)
(0.088333333 0.0078 0.0024)
(0.088333333 0.0079 0.0024)
(0.088333333 0.008 0.0024)
(0.088333333 0.0081 0.0024)
(0.088333333 0.0082 0.0024)
(0.088333333 0.0083 0.0024)
(0.088333333 0.0084 0.0024)
(0.088333333 0.0085 0.0024)
(0.088333333 0.0086 0.0024)
(0.088333333 0.0087 0.0024)
(0.088333333 0.0088 0.0024)
(0.088333333 0.0089 0.0024)
(0.088333333 0.009 0.0024)
(0.088333333 0.0071 0.0025)
(0.088333333 0.0072 0.0025)
(0.088333333 0.0073 0.0025)
(0.088333333 0.0074 0.0025)
(0.088333333 0.0075 0.0025)
(0.088333333 0.0076 0.0025)
(0.088333333 0.0077 0.0025)
(0.088333333 0.0078 0.0025)
(0.088333333 0.0079 0.0025)
(0.088333333 0.008 0.0025)
(0.088333333 0.0081 0.0025)
(0.088333333 0.0082 0.0025)
(0.088333333 0.0083 0.0025)
(0.088333333 0.0084 0.0025)
(0.088333333 0.0085 0.0025)
(0.088333333 0.0086 0.0025)
(0.088333333 0.0087 0.0025)
(0.088333333 0.0088 0.0025)
(0.088333333 0.0089 0.0025)
(0.088333333 0.009 0.0025)
(0.088333333 0.0071 0.0026)
(0.088333333 0.0072 0.0026)
(0.088333333 0.0073 0.0026)
(0.088333333 0.0074 0.0026)
(0.088333333 0.0075 0.0026)
(0.088333333 0.0076 0.0026)
(0.088333333 0.0077 0.0026)
(0.088333333 0.0078 0.0026)
(0.088333333 0.0079 0.0026)
(0.088333333 0.008 0.0026)
(0.088333333 0.0081 0.0026)
(0.088333333 0.0082 0.0026)
(0.088333333 0.0083 0.0026)
(0.088333333 0.0084 0.0026)
(0.088333333 0.0085 0.0026)
(0.088333333 0.0086 0.0026)
(0.088333333 0.0087 0.0026)
(0.088333333 0.0088 0.0026)
(0.088333333 0.0089 0.0026)
(0.088333333 0.009 0.0026)
(0.088333333 0.0071 0.0027)
(0.088333333 0.0072 0.0027)
(0.088333333 0.0073 0.0027)
(0.088333333 0.0074 0.0027)
(0.088333333 0.0075 0.0027)
(0.088333333 0.0076 0.0027)
(0.088333333 0.0077 0.0027)
(0.088333333 0.0078 0.0027)
(0.088333333 0.0079 0.0027)
(0.088333333 0.008 0.0027)
(0.088333333 0.0081 0.0027)
(0.088333333 0.0082 0.0027)
(0.088333333 0.0083 0.0027)
(0.088333333 0.0084 0.0027)
(0.088333333 0.0085 0.0027)
(0.088333333 0.0086 0.0027)
(0.088333333 0.0087 0.0027)
(0.088333333 0.0088 0.0027)
(0.088333333 0.0089 0.0027)
(0.088333333 0.009 0.0027)
(0.088333333 0.0071 0.0028)
(0.088333333 0.0072 0.0028)
(0.088333333 0.0073 0.0028)
(0.088333333 0.0074 0.0028)
(0.088333333 0.0075 0.0028)
(0.088333333 0.0076 0.0028)
(0.088333333 0.0077 0.0028)
(0.088333333 0.0078 0.0028)
(0.088333333 0.0079 0.0028)
(0.088333333 0.008 0.0028)
(0.088333333 0.0081 0.0028)
(0.088333333 0.0082 0.0028)
(0.088333333 0.0083 0.0028)
(0.088333333 0.0084 0.0028)
(0.088333333 0.0085 0.0028)
(0.088333333 0.0086 0.0028)
(0.088333333 0.0087 0.0028)
(0.088333333 0.0088 0.0028)
(0.088333333 0.0089 0.0028)
(0.088333333 0.009 0.0028)
(0.088333333 0.0071 0.0029)
(0.088333333 0.0072 0.0029)
(0.088333333 0.0073 0.0029)
(0.088333333 0.0074 0.0029)
(0.088333333 0.0075 0.0029)
(0.088333333 0.0076 0.0029)
(0.088333333 0.0077 0.0029)
(0.088333333 0.0078 0.0029)
(0.088333333 0.0079 0.0029)
(0.088333333 0.008 0.0029)
(0.088333333 0.0081 0.0029)
(0.088333333 0.0082 0.0029)
(0.088333333 0.0083 0.0029)
(0.088333333 0.0084 0.0029)
(0.088333333 0.0085 0.0029)
(0.088333333 0.0086 0.0029)
(0.088333333 0.0087 0.0029)
(0.088333333 0.0088 0.0029)
(0.088333333 0.0089 0.0029)
(0.088333333 0.009 0.0029)
(0.088333333 0.0071 0.003)
(0.088333333 0.0072 0.003)
(0.088333333 0.0073 0.003)
(0.088333333 0.0074 0.003)
(0.088333333 0.0075 0.003)
(0.088333333 0.0076 0.003)
(0.088333333 0.0077 0.003)
(0.088333333 0.0078 0.003)
(0.088333333 0.0079 0.003)
(0.088333333 0.008 0.003)
(0.088333333 0.0081 0.003)
(0.088333333 0.0082 0.003)
(0.088333333 0.0083 0.003)
(0.088333333 0.0084 0.003)
(0.088333333 0.0085 0.003)
(0.088333333 0.0086 0.003)
(0.088333333 0.0087 0.003)
(0.088333333 0.0088 0.003)
(0.088333333 0.0089 0.003)
(0.088333333 0.009 0.003)
(0.09 0.0071 0.0011)
(0.09 0.0072 0.0011)
(0.09 0.0073 0.0011)
(0.09 0.0074 0.0011)
(0.09 0.0075 0.0011)
(0.09 0.0076 0.0011)
(0.09 0.0077 0.0011)
(0.09 0.0078 0.0011)
(0.09 0.0079 0.0011)
(0.09 0.008 0.0011)
(0.09 0.0081 0.0011)
(0.09 0.0082 0.0011)
(0.09 0.0083 0.0011)
(0.09 0.0084 0.0011)
(0.09 0.0085 0.0011)
(0.09 0.0086 0.0011)
(0.09 0.0087 0.0011)
(0.09 0.0088 0.0011)
(0.09 0.0089 0.0011)
(0.09 0.009 0.0011)
(0.09 0.0071 0.0012)
(0.09 0.0072 0.0012)
(0.09 0.0073 0.0012)
(0.09 0.0074 0.0012)
(0.09 0.0075 0.0012)
(0.09 0.0076 0.0012)
(0.09 0.0077 0.0012)
(0.09 0.0078 0.0012)
(0.09 0.0079 0.0012)
(0.09 0.008 0.0012)
(0.09 0.0081 0.0012)
(0.09 0.0082 0.0012)
(0.09 0.0083 0.0012)
(0.09 0.0084 0.0012)
(0.09 0.0085 0.0012)
(0.09 0.0086 0.0012)
(0.09 0.0087 0.0012)
(0.09 0.0088 0.0012)
(0.09 0.0089 0.0012)
(0.09 0.009 0.0012)
(0.09 0.0071 0.0013)
(0.09 0.0072 0.0013)
(0.09 0.0073 0.0013)
(0.09 0.0074 0.0013)
(0.09 0.0075 0.0013)
(0.09 0.0076 0.0013)
(0.09 0.0077 0.0013)
(0.09 0.0078 0.0013)
(0.09 0.0079 0.0013)
(0.09 0.008 0.0013)
(0.09 0.0081 0.0013)
(0.09 0.0082 0.0013)
(0.09 0.0083 0.0013)
(0.09 0.0084 0.0013)
(0.09 0.0085 0.0013)
(0.09 0.0086 0.0013)
(0.09 0.0087 0.0013)
(0.09 0.0088 0.0013)
(0.09 0.0089 0.0013)
(0.09 0.009 0.0013)
(0.09 0.0071 0.0014)
(0.09 0.0072 0.0014)
(0.09 0.0073 0.0014)
(0.09 0.0074 0.0014)
(0.09 0.0075 0.0014)
(0.09 0.0076 0.0014)
(0.09 0.0077 0.0014)
(0.09 0.0078 0.0014)
(0.09 0.0079 0.0014)
(0.09 0.008 0.0014)
(0.09 0.0081 0.0014)
(0.09 0.0082 0.0014)
(0.09 0.0083 0.0014)
(0.09 0.0084 0.0014)
(0.09 0.0085 0.0014)
(0.09 0.0086 0.0014)
(0.09 0.0087 0.0014)
(0.09 0.0088 0.0014)
(0.09 0.0089 0.0014)
(0.09 0.009 0.0014)
(0.09 0.0071 0.0015)
(0.09 0.0072 0.0015)
(0.09 0.0073 0.0015)
(0.09 0.0074 0.0015)
(0.09 0.0075 0.0015)
(0.09 0.0076 0.0015)
(0.09 0.0077 0.0015)
(0.09 0.0078 0.0015)
(0.09 0.0079 0.0015)
(0.09 0.008 0.0015)
(0.09 0.0081 0.0015)
(0.09 0.0082 0.0015)
(0.09 0.0083 0.0015)
(0.09 0.0084 0.0015)
(0.09 0.0085 0.0015)
(0.09 0.0086 0.0015)
(0.09 0.0087 0.0015)
(0.09 0.0088 0.0015)
(0.09 0.0089 0.0015)
(0.09 0.009 0.0015)
(0.09 0.0071 0.0016)
(0.09 0.0072 0.0016)
(0.09 0.0073 0.0016)
(0.09 0.0074 0.0016)
(0.09 0.0075 0.0016)
(0.09 0.0076 0.0016)
(0.09 0.0077 0.0016)
(0.09 0.0078 0.0016)
(0.09 0.0079 0.0016)
(0.09 0.008 0.0016)
(0.09 0.0081 0.0016)
(0.09 0.0082 0.0016)
(0.09 0.0083 0.0016)
(0.09 0.0084 0.0016)
(0.09 0.0085 0.0016)
(0.09 0.0086 0.0016)
(0.09 0.0087 0.0016)
(0.09 0.0088 0.0016)
(0.09 0.0089 0.0016)
(0.09 0.009 0.0016)
(0.09 0.0071 0.0017)
(0.09 0.0072 0.0017)
(0.09 0.0073 0.0017)
(0.09 0.0074 0.0017)
(0.09 0.0075 0.0017)
(0.09 0.0076 0.0017)
(0.09 0.0077 0.0017)
(0.09 0.0078 0.0017)
(0.09 0.0079 0.0017)
(0.09 0.008 0.0017)
(0.09 0.0081 0.0017)
(0.09 0.0082 0.0017)
(0.09 0.0083 0.0017)
(0.09 0.0084 0.0017)
(0.09 0.0085 0.0017)
(0.09 0.0086 0.0017)
(0.09 0.0087 0.0017)
(0.09 0.0088 0.0017)
(0.09 0.0089 0.0017)
(0.09 0.009 0.0017)
(0.09 0.0071 0.0018)
(0.09 0.0072 0.0018)
(0.09 0.0073 0.0018)
(0.09 0.0074 0.0018)
(0.09 0.0075 0.0018)
(0.09 0.0076 0.0018)
(0.09 0.0077 0.0018)
(0.09 0.0078 0.0018)
(0.09 0.0079 0.0018)
(0.09 0.008 0.0018)
(0.09 0.0081 0.0018)
(0.09 0.0082 0.0018)
(0.09 0.0083 0.0018)
(0.09 0.0084 0.0018)
(0.09 0.0085 0.0018)
(0.09 0.0086 0.0018)
(0.09 0.0087 0.0018)
(0.09 0.0088 0.0018)
(0.09 0.0089 0.0018)
(0.09 0.009 0.0018)
(0.09 0.0071 0.0019)
(0.09 0.0072 0.0019)
(0.09 0.0073 0.0019)
(0.09 0.0074 0.0019)
(0.09 0.0075 0.0019)
(0.09 0.0076 0.0019)
(0.09 0.0077 0.0019)
(0.09 0.0078 0.0019)
(0.09 0.0079 0.0019)
(0.09 0.008 0.0019)
(0.09 0.0081 0.0019)
(0.09 0.0082 0.0019)
(0.09 0.0083 0.0019)
(0.09 0.0084 0.0019)
(0.09 0.0085 0.0019)
(0.09 0.0086 0.0019)
(0.09 0.0087 0.0019)
(0.09 0.0088 0.0019)
(0.09 0.0089 0.0019)
(0.09 0.009 0.0019)
(0.09 0.0071 0.002)
(0.09 0.0072 0.002)
(0.09 0.0073 0.002)
(0.09 0.0074 0.002)
(0.09 0.0075 0.002)
(0.09 0.0076 0.002)
(0.09 0.0077 0.002)
(0.09 0.0078 0.002)
(0.09 0.0079 0.002)
(0.09 0.008 0.002)
(0.09 0.0081 0.002)
(0.09 0.0082 0.002)
(0.09 0.0083 0.002)
(0.09 0.0084 0.002)
(0.09 0.0085 0.002)
(0.09 0.0086 0.002)
(0.09 0.0087 0.002)
(0.09 0.0088 0.002)
(0.09 0.0089 0.002)
(0.09 0.009 0.002)
(0.09 0.0071 0.0021)
(0.09 0.0072 0.0021)
(0.09 0.0073 0.0021)
(0.09 0.0074 0.0021)
(0.09 0.0075 0.0021)
(0.09 0.0076 0.0021)
(0.09 0.0077 0.0021)
(0.09 0.0078 0.0021)
(0.09 0.0079 0.0021)
(0.09 0.008 0.0021)
(0.09 0.0081 0.0021)
(0.09 0.0082 0.0021)
(0.09 0.0083 0.0021)
(0.09 0.0084 0.0021)
(0.09 0.0085 0.0021)
(0.09 0.0086 0.0021)
(0.09 0.0087 0.0021)
(0.09 0.0088 0.0021)
(0.09 0.0089 0.0021)
(0.09 0.009 0.0021)
(0.09 0.0071 0.0022)
(0.09 0.0072 0.0022)
(0.09 0.0073 0.0022)
(0.09 0.0074 0.0022)
(0.09 0.0075 0.0022)
(0.09 0.0076 0.0022)
(0.09 0.0077 0.0022)
(0.09 0.0078 0.0022)
(0.09 0.0079 0.0022)
(0.09 0.008 0.0022)
(0.09 0.0081 0.0022)
(0.09 0.0082 0.0022)
(0.09 0.0083 0.0022)
(0.09 0.0084 0.0022)
(0.09 0.0085 0.0022)
(0.09 0.0086 0.0022)
(0.09 0.0087 0.0022)
(0.09 0.0088 0.0022)
(0.09 0.0089 0.0022)
(0.09 0.009 0.0022)
(0.09 0.0071 0.0023)
(0.09 0.0072 0.0023)
(0.09 0.0073 0.0023)
(0.09 0.0074 0.0023)
(0.09 0.0075 0.0023)
(0.09 0.0076 0.0023)
(0.09 0.0077 0.0023)
(0.09 0.0078 0.0023)
(0.09 0.0079 0.0023)
(0.09 0.008 0.0023)
(0.09 0.0081 0.0023)
(0.09 0.0082 0.0023)
(0.09 0.0083 0.0023)
(0.09 0.0084 0.0023)
(0.09 0.0085 0.0023)
(0.09 0.0086 0.0023)
(0.09 0.0087 0.0023)
(0.09 0.0088 0.0023)
(0.09 0.0089 0.0023)
(0.09 0.009 0.0023)
(0.09 0.0071 0.0024)
(0.09 0.0072 0.0024)
(0.09 0.0073 0.0024)
(0.09 0.0074 0.0024)
(0.09 0.0075 0.0024)
(0.09 0.0076 0.0024)
(0.09 0.0077 0.0024)
(0.09 0.0078 0.0024)
(0.09 0.0079 0.0024)
(0.09 0.008 0.0024)
(0.09 0.0081 0.0024)
(0.09 0.0082 0.0024)
(0.09 0.0083 0.0024)
(0.09 0.0084 0.0024)
(0.09 0.0085 0.0024)
(0.09 0.0086 0.0024)
(0.09 0.0087 0.0024)
(0.09 0.0088 0.0024)
(0.09 0.0089 0.0024)
(0.09 0.009 0.0024)
(0.09 0.0071 0.0025)
(0.09 0.0072 0.0025)
(0.09 0.0073 0.0025)
(0.09 0.0074 0.0025)
(0.09 0.0075 0.0025)
(0.09 0.0076 0.0025)
(0.09 0.0077 0.0025)
(0.09 0.0078 0.0025)
(0.09 0.0079 0.0025)
(0.09 0.008 0.0025)
(0.09 0.0081 0.0025)
(0.09 0.0082 0.0025)
(0.09 0.0083 0.0025)
(0.09 0.0084 0.0025)
(0.09 0.0085 0.0025)
(0.09 0.0086 0.0025)
(0.09 0.0087 0.0025)
(0.09 0.0088 0.0025)
(0.09 0.0089 0.0025)
(0.09 0.009 0.0025)
(0.09 0.0071 0.0026)
(0.09 0.0072 0.0026)
(0.09 0.0073 0.0026)
(0.09 0.0074 0.0026)
(0.09 0.0075 0.0026)
(0.09 0.0076 0.0026)
(0.09 0.0077 0.0026)
(0.09 0.0078 0.0026)
(0.09 0.0079 0.0026)
(0.09 0.008 0.0026)
(0.09 0.0081 0.0026)
(0.09 0.0082 0.0026)
(0.09 0.0083 0.0026)
(0.09 0.0084 0.0026)
(0.09 0.0085 0.0026)
(0.09 0.0086 0.0026)
(0.09 0.0087 0.0026)
(0.09 0.0088 0.0026)
(0.09 0.0089 0.0026)
(0.09 0.009 0.0026)
(0.09 0.0071 0.0027)
(0.09 0.0072 0.0027)
(0.09 0.0073 0.0027)
(0.09 0.0074 0.0027)
(0.09 0.0075 0.0027)
(0.09 0.0076 0.0027)
(0.09 0.0077 0.0027)
(0.09 0.0078 0.0027)
(0.09 0.0079 0.0027)
(0.09 0.008 0.0027)
(0.09 0.0081 0.0027)
(0.09 0.0082 0.0027)
(0.09 0.0083 0.0027)
(0.09 0.0084 0.0027)
(0.09 0.0085 0.0027)
(0.09 0.0086 0.0027)
(0.09 0.0087 0.0027)
(0.09 0.0088 0.0027)
(0.09 0.0089 0.0027)
(0.09 0.009 0.0027)
(0.09 0.0071 0.0028)
(0.09 0.0072 0.0028)
(0.09 0.0073 0.0028)
(0.09 0.0074 0.0028)
(0.09 0.0075 0.0028)
(0.09 0.0076 0.0028)
(0.09 0.0077 0.0028)
(0.09 0.0078 0.0028)
(0.09 0.0079 0.0028)
(0.09 0.008 0.0028)
(0.09 0.0081 0.0028)
(0.09 0.0082 0.0028)
(0.09 0.0083 0.0028)
(0.09 0.0084 0.0028)
(0.09 0.0085 0.0028)
(0.09 0.0086 0.0028)
(0.09 0.0087 0.0028)
(0.09 0.0088 0.0028)
(0.09 0.0089 0.0028)
(0.09 0.009 0.0028)
(0.09 0.0071 0.0029)
(0.09 0.0072 0.0029)
(0.09 0.0073 0.0029)
(0.09 0.0074 0.0029)
(0.09 0.0075 0.0029)
(0.09 0.0076 0.0029)
(0.09 0.0077 0.0029)
(0.09 0.0078 0.0029)
(0.09 0.0079 0.0029)
(0.09 0.008 0.0029)
(0.09 0.0081 0.0029)
(0.09 0.0082 0.0029)
(0.09 0.0083 0.0029)
(0.09 0.0084 0.0029)
(0.09 0.0085 0.0029)
(0.09 0.0086 0.0029)
(0.09 0.0087 0.0029)
(0.09 0.0088 0.0029)
(0.09 0.0089 0.0029)
(0.09 0.009 0.0029)
(0.09 0.0071 0.003)
(0.09 0.0072 0.003)
(0.09 0.0073 0.003)
(0.09 0.0074 0.003)
(0.09 0.0075 0.003)
(0.09 0.0076 0.003)
(0.09 0.0077 0.003)
(0.09 0.0078 0.003)
(0.09 0.0079 0.003)
(0.09 0.008 0.003)
(0.09 0.0081 0.003)
(0.09 0.0082 0.003)
(0.09 0.0083 0.003)
(0.09 0.0084 0.003)
(0.09 0.0085 0.003)
(0.09 0.0086 0.003)
(0.09 0.0087 0.003)
(0.09 0.0088 0.003)
(0.09 0.0089 0.003)
(0.09 0.009 0.003)
(0.091666667 0.0071 0.0011)
(0.091666667 0.0072 0.0011)
(0.091666667 0.0073 0.0011)
(0.091666667 0.0074 0.0011)
(0.091666667 0.0075 0.0011)
(0.091666667 0.0076 0.0011)
(0.091666667 0.0077 0.0011)
(0.091666667 0.0078 0.0011)
(0.091666667 0.0079 0.0011)
(0.091666667 0.008 0.0011)
(0.091666667 0.0081 0.0011)
(0.091666667 0.0082 0.0011)
(0.091666667 0.0083 0.0011)
(0.091666667 0.0084 0.0011)
(0.091666667 0.0085 0.0011)
(0.091666667 0.0086 0.0011)
(0.091666667 0.0087 0.0011)
(0.091666667 0.0088 0.0011)
(0.091666667 0.0089 0.0011)
(0.091666667 0.009 0.0011)
(0.091666667 0.0071 0.0012)
(0.091666667 0.0072 0.0012)
(0.091666667 0.0073 0.0012)
(0.091666667 0.0074 0.0012)
(0.091666667 0.0075 0.0012)
(0.091666667 0.0076 0.0012)
(0.091666667 0.0077 0.0012)
(0.091666667 0.0078 0.0012)
(0.091666667 0.0079 0.0012)
(0.091666667 0.008 0.0012)
(0.091666667 0.0081 0.0012)
(0.091666667 0.0082 0.0012)
(0.091666667 0.0083 0.0012)
(0.091666667 0.0084 0.0012)
(0.091666667 0.0085 0.0012)
(0.091666667 0.0086 0.0012)
(0.091666667 0.0087 0.0012)
(0.091666667 0.0088 0.0012)
(0.091666667 0.0089 0.0012)
(0.091666667 0.009 0.0012)
(0.091666667 0.0071 0.0013)
(0.091666667 0.0072 0.0013)
(0.091666667 0.0073 0.0013)
(0.091666667 0.0074 0.0013)
(0.091666667 0.0075 0.0013)
(0.091666667 0.0076 0.0013)
(0.091666667 0.0077 0.0013)
(0.091666667 0.0078 0.0013)
(0.091666667 0.0079 0.0013)
(0.091666667 0.008 0.0013)
(0.091666667 0.0081 0.0013)
(0.091666667 0.0082 0.0013)
(0.091666667 0.0083 0.0013)
(0.091666667 0.0084 0.0013)
(0.091666667 0.0085 0.0013)
(0.091666667 0.0086 0.0013)
(0.091666667 0.0087 0.0013)
(0.091666667 0.0088 0.0013)
(0.091666667 0.0089 0.0013)
(0.091666667 0.009 0.0013)
(0.091666667 0.0071 0.0014)
(0.091666667 0.0072 0.0014)
(0.091666667 0.0073 0.0014)
(0.091666667 0.0074 0.0014)
(0.091666667 0.0075 0.0014)
(0.091666667 0.0076 0.0014)
(0.091666667 0.0077 0.0014)
(0.091666667 0.0078 0.0014)
(0.091666667 0.0079 0.0014)
(0.091666667 0.008 0.0014)
(0.091666667 0.0081 0.0014)
(0.091666667 0.0082 0.0014)
(0.091666667 0.0083 0.0014)
(0.091666667 0.0084 0.0014)
(0.091666667 0.0085 0.0014)
(0.091666667 0.0086 0.0014)
(0.091666667 0.0087 0.0014)
(0.091666667 0.0088 0.0014)
(0.091666667 0.0089 0.0014)
(0.091666667 0.009 0.0014)
(0.091666667 0.0071 0.0015)
(0.091666667 0.0072 0.0015)
(0.091666667 0.0073 0.0015)
(0.091666667 0.0074 0.0015)
(0.091666667 0.0075 0.0015)
(0.091666667 0.0076 0.0015)
(0.091666667 0.0077 0.0015)
(0.091666667 0.0078 0.0015)
(0.091666667 0.0079 0.0015)
(0.091666667 0.008 0.0015)
(0.091666667 0.0081 0.0015)
(0.091666667 0.0082 0.0015)
(0.091666667 0.0083 0.0015)
(0.091666667 0.0084 0.0015)
(0.091666667 0.0085 0.0015)
(0.091666667 0.0086 0.0015)
(0.091666667 0.0087 0.0015)
(0.091666667 0.0088 0.0015)
(0.091666667 0.0089 0.0015)
(0.091666667 0.009 0.0015)
(0.091666667 0.0071 0.0016)
(0.091666667 0.0072 0.0016)
(0.091666667 0.0073 0.0016)
(0.091666667 0.0074 0.0016)
(0.091666667 0.0075 0.0016)
(0.091666667 0.0076 0.0016)
(0.091666667 0.0077 0.0016)
(0.091666667 0.0078 0.0016)
(0.091666667 0.0079 0.0016)
(0.091666667 0.008 0.0016)
(0.091666667 0.0081 0.0016)
(0.091666667 0.0082 0.0016)
(0.091666667 0.0083 0.0016)
(0.091666667 0.0084 0.0016)
(0.091666667 0.0085 0.0016)
(0.091666667 0.0086 0.0016)
(0.091666667 0.0087 0.0016)
(0.091666667 0.0088 0.0016)
(0.091666667 0.0089 0.0016)
(0.091666667 0.009 0.0016)
(0.091666667 0.0071 0.0017)
(0.091666667 0.0072 0.0017)
(0.091666667 0.0073 0.0017)
(0.091666667 0.0074 0.0017)
(0.091666667 0.0075 0.0017)
(0.091666667 0.0076 0.0017)
(0.091666667 0.0077 0.0017)
(0.091666667 0.0078 0.0017)
(0.091666667 0.0079 0.0017)
(0.091666667 0.008 0.0017)
(0.091666667 0.0081 0.0017)
(0.091666667 0.0082 0.0017)
(0.091666667 0.0083 0.0017)
(0.091666667 0.0084 0.0017)
(0.091666667 0.0085 0.0017)
(0.091666667 0.0086 0.0017)
(0.091666667 0.0087 0.0017)
(0.091666667 0.0088 0.0017)
(0.091666667 0.0089 0.0017)
(0.091666667 0.009 0.0017)
(0.091666667 0.0071 0.0018)
(0.091666667 0.0072 0.0018)
(0.091666667 0.0073 0.0018)
(0.091666667 0.0074 0.0018)
(0.091666667 0.0075 0.0018)
(0.091666667 0.0076 0.0018)
(0.091666667 0.0077 0.0018)
(0.091666667 0.0078 0.0018)
(0.091666667 0.0079 0.0018)
(0.091666667 0.008 0.0018)
(0.091666667 0.0081 0.0018)
(0.091666667 0.0082 0.0018)
(0.091666667 0.0083 0.0018)
(0.091666667 0.0084 0.0018)
(0.091666667 0.0085 0.0018)
(0.091666667 0.0086 0.0018)
(0.091666667 0.0087 0.0018)
(0.091666667 0.0088 0.0018)
(0.091666667 0.0089 0.0018)
(0.091666667 0.009 0.0018)
(0.091666667 0.0071 0.0019)
(0.091666667 0.0072 0.0019)
(0.091666667 0.0073 0.0019)
(0.091666667 0.0074 0.0019)
(0.091666667 0.0075 0.0019)
(0.091666667 0.0076 0.0019)
(0.091666667 0.0077 0.0019)
(0.091666667 0.0078 0.0019)
(0.091666667 0.0079 0.0019)
(0.091666667 0.008 0.0019)
(0.091666667 0.0081 0.0019)
(0.091666667 0.0082 0.0019)
(0.091666667 0.0083 0.0019)
(0.091666667 0.0084 0.0019)
(0.091666667 0.0085 0.0019)
(0.091666667 0.0086 0.0019)
(0.091666667 0.0087 0.0019)
(0.091666667 0.0088 0.0019)
(0.091666667 0.0089 0.0019)
(0.091666667 0.009 0.0019)
(0.091666667 0.0071 0.002)
(0.091666667 0.0072 0.002)
(0.091666667 0.0073 0.002)
(0.091666667 0.0074 0.002)
(0.091666667 0.0075 0.002)
(0.091666667 0.0076 0.002)
(0.091666667 0.0077 0.002)
(0.091666667 0.0078 0.002)
(0.091666667 0.0079 0.002)
(0.091666667 0.008 0.002)
(0.091666667 0.0081 0.002)
(0.091666667 0.0082 0.002)
(0.091666667 0.0083 0.002)
(0.091666667 0.0084 0.002)
(0.091666667 0.0085 0.002)
(0.091666667 0.0086 0.002)
(0.091666667 0.0087 0.002)
(0.091666667 0.0088 0.002)
(0.091666667 0.0089 0.002)
(0.091666667 0.009 0.002)
(0.091666667 0.0071 0.0021)
(0.091666667 0.0072 0.0021)
(0.091666667 0.0073 0.0021)
(0.091666667 0.0074 0.0021)
(0.091666667 0.0075 0.0021)
(0.091666667 0.0076 0.0021)
(0.091666667 0.0077 0.0021)
(0.091666667 0.0078 0.0021)
(0.091666667 0.0079 0.0021)
(0.091666667 0.008 0.0021)
(0.091666667 0.0081 0.0021)
(0.091666667 0.0082 0.0021)
(0.091666667 0.0083 0.0021)
(0.091666667 0.0084 0.0021)
(0.091666667 0.0085 0.0021)
(0.091666667 0.0086 0.0021)
(0.091666667 0.0087 0.0021)
(0.091666667 0.0088 0.0021)
(0.091666667 0.0089 0.0021)
(0.091666667 0.009 0.0021)
(0.091666667 0.0071 0.0022)
(0.091666667 0.0072 0.0022)
(0.091666667 0.0073 0.0022)
(0.091666667 0.0074 0.0022)
(0.091666667 0.0075 0.0022)
(0.091666667 0.0076 0.0022)
(0.091666667 0.0077 0.0022)
(0.091666667 0.0078 0.0022)
(0.091666667 0.0079 0.0022)
(0.091666667 0.008 0.0022)
(0.091666667 0.0081 0.0022)
(0.091666667 0.0082 0.0022)
(0.091666667 0.0083 0.0022)
(0.091666667 0.0084 0.0022)
(0.091666667 0.0085 0.0022)
(0.091666667 0.0086 0.0022)
(0.091666667 0.0087 0.0022)
(0.091666667 0.0088 0.0022)
(0.091666667 0.0089 0.0022)
(0.091666667 0.009 0.0022)
(0.091666667 0.0071 0.0023)
(0.091666667 0.0072 0.0023)
(0.091666667 0.0073 0.0023)
(0.091666667 0.0074 0.0023)
(0.091666667 0.0075 0.0023)
(0.091666667 0.0076 0.0023)
(0.091666667 0.0077 0.0023)
(0.091666667 0.0078 0.0023)
(0.091666667 0.0079 0.0023)
(0.091666667 0.008 0.0023)
(0.091666667 0.0081 0.0023)
(0.091666667 0.0082 0.0023)
(0.091666667 0.0083 0.0023)
(0.091666667 0.0084 0.0023)
(0.091666667 0.0085 0.0023)
(0.091666667 0.0086 0.0023)
(0.091666667 0.0087 0.0023)
(0.091666667 0.0088 0.0023)
(0.091666667 0.0089 0.0023)
(0.091666667 0.009 0.0023)
(0.091666667 0.0071 0.0024)
(0.091666667 0.0072 0.0024)
(0.091666667 0.0073 0.0024)
(0.091666667 0.0074 0.0024)
(0.091666667 0.0075 0.0024)
(0.091666667 0.0076 0.0024)
(0.091666667 0.0077 0.0024)
(0.091666667 0.0078 0.0024)
(0.091666667 0.0079 0.0024)
(0.091666667 0.008 0.0024)
(0.091666667 0.0081 0.0024)
(0.091666667 0.0082 0.0024)
(0.091666667 0.0083 0.0024)
(0.091666667 0.0084 0.0024)
(0.091666667 0.0085 0.0024)
(0.091666667 0.0086 0.0024)
(0.091666667 0.0087 0.0024)
(0.091666667 0.0088 0.0024)
(0.091666667 0.0089 0.0024)
(0.091666667 0.009 0.0024)
(0.091666667 0.0071 0.0025)
(0.091666667 0.0072 0.0025)
(0.091666667 0.0073 0.0025)
(0.091666667 0.0074 0.0025)
(0.091666667 0.0075 0.0025)
(0.091666667 0.0076 0.0025)
(0.091666667 0.0077 0.0025)
(0.091666667 0.0078 0.0025)
(0.091666667 0.0079 0.0025)
(0.091666667 0.008 0.0025)
(0.091666667 0.0081 0.0025)
(0.091666667 0.0082 0.0025)
(0.091666667 0.0083 0.0025)
(0.091666667 0.0084 0.0025)
(0.091666667 0.0085 0.0025)
(0.091666667 0.0086 0.0025)
(0.091666667 0.0087 0.0025)
(0.091666667 0.0088 0.0025)
(0.091666667 0.0089 0.0025)
(0.091666667 0.009 0.0025)
(0.091666667 0.0071 0.0026)
(0.091666667 0.0072 0.0026)
(0.091666667 0.0073 0.0026)
(0.091666667 0.0074 0.0026)
(0.091666667 0.0075 0.0026)
(0.091666667 0.0076 0.0026)
(0.091666667 0.0077 0.0026)
(0.091666667 0.0078 0.0026)
(0.091666667 0.0079 0.0026)
(0.091666667 0.008 0.0026)
(0.091666667 0.0081 0.0026)
(0.091666667 0.0082 0.0026)
(0.091666667 0.0083 0.0026)
(0.091666667 0.0084 0.0026)
(0.091666667 0.0085 0.0026)
(0.091666667 0.0086 0.0026)
(0.091666667 0.0087 0.0026)
(0.091666667 0.0088 0.0026)
(0.091666667 0.0089 0.0026)
(0.091666667 0.009 0.0026)
(0.091666667 0.0071 0.0027)
(0.091666667 0.0072 0.0027)
(0.091666667 0.0073 0.0027)
(0.091666667 0.0074 0.0027)
(0.091666667 0.0075 0.0027)
(0.091666667 0.0076 0.0027)
(0.091666667 0.0077 0.0027)
(0.091666667 0.0078 0.0027)
(0.091666667 0.0079 0.0027)
(0.091666667 0.008 0.0027)
(0.091666667 0.0081 0.0027)
(0.091666667 0.0082 0.0027)
(0.091666667 0.0083 0.0027)
(0.091666667 0.0084 0.0027)
(0.091666667 0.0085 0.0027)
(0.091666667 0.0086 0.0027)
(0.091666667 0.0087 0.0027)
(0.091666667 0.0088 0.0027)
(0.091666667 0.0089 0.0027)
(0.091666667 0.009 0.0027)
(0.091666667 0.0071 0.0028)
(0.091666667 0.0072 0.0028)
(0.091666667 0.0073 0.0028)
(0.091666667 0.0074 0.0028)
(0.091666667 0.0075 0.0028)
(0.091666667 0.0076 0.0028)
(0.091666667 0.0077 0.0028)
(0.091666667 0.0078 0.0028)
(0.091666667 0.0079 0.0028)
(0.091666667 0.008 0.0028)
(0.091666667 0.0081 0.0028)
(0.091666667 0.0082 0.0028)
(0.091666667 0.0083 0.0028)
(0.091666667 0.0084 0.0028)
(0.091666667 0.0085 0.0028)
(0.091666667 0.0086 0.0028)
(0.091666667 0.0087 0.0028)
(0.091666667 0.0088 0.0028)
(0.091666667 0.0089 0.0028)
(0.091666667 0.009 0.0028)
(0.091666667 0.0071 0.0029)
(0.091666667 0.0072 0.0029)
(0.091666667 0.0073 0.0029)
(0.091666667 0.0074 0.0029)
(0.091666667 0.0075 0.0029)
(0.091666667 0.0076 0.0029)
(0.091666667 0.0077 0.0029)
(0.091666667 0.0078 0.0029)
(0.091666667 0.0079 0.0029)
(0.091666667 0.008 0.0029)
(0.091666667 0.0081 0.0029)
(0.091666667 0.0082 0.0029)
(0.091666667 0.0083 0.0029)
(0.091666667 0.0084 0.0029)
(0.091666667 0.0085 0.0029)
(0.091666667 0.0086 0.0029)
(0.091666667 0.0087 0.0029)
(0.091666667 0.0088 0.0029)
(0.091666667 0.0089 0.0029)
(0.091666667 0.009 0.0029)
(0.091666667 0.0071 0.003)
(0.091666667 0.0072 0.003)
(0.091666667 0.0073 0.003)
(0.091666667 0.0074 0.003)
(0.091666667 0.0075 0.003)
(0.091666667 0.0076 0.003)
(0.091666667 0.0077 0.003)
(0.091666667 0.0078 0.003)
(0.091666667 0.0079 0.003)
(0.091666667 0.008 0.003)
(0.091666667 0.0081 0.003)
(0.091666667 0.0082 0.003)
(0.091666667 0.0083 0.003)
(0.091666667 0.0084 0.003)
(0.091666667 0.0085 0.003)
(0.091666667 0.0086 0.003)
(0.091666667 0.0087 0.003)
(0.091666667 0.0088 0.003)
(0.091666667 0.0089 0.003)
(0.091666667 0.009 0.003)
(0.093333333 0.0071 0.0011)
(0.093333333 0.0072 0.0011)
(0.093333333 0.0073 0.0011)
(0.093333333 0.0074 0.0011)
(0.093333333 0.0075 0.0011)
(0.093333333 0.0076 0.0011)
(0.093333333 0.0077 0.0011)
(0.093333333 0.0078 0.0011)
(0.093333333 0.0079 0.0011)
(0.093333333 0.008 0.0011)
(0.093333333 0.0081 0.0011)
(0.093333333 0.0082 0.0011)
(0.093333333 0.0083 0.0011)
(0.093333333 0.0084 0.0011)
(0.093333333 0.0085 0.0011)
(0.093333333 0.0086 0.0011)
(0.093333333 0.0087 0.0011)
(0.093333333 0.0088 0.0011)
(0.093333333 0.0089 0.0011)
(0.093333333 0.009 0.0011)
(0.093333333 0.0071 0.0012)
(0.093333333 0.0072 0.0012)
(0.093333333 0.0073 0.0012)
(0.093333333 0.0074 0.0012)
(0.093333333 0.0075 0.0012)
(0.093333333 0.0076 0.0012)
(0.093333333 0.0077 0.0012)
(0.093333333 0.0078 0.0012)
(0.093333333 0.0079 0.0012)
(0.093333333 0.008 0.0012)
(0.093333333 0.0081 0.0012)
(0.093333333 0.0082 0.0012)
(0.093333333 0.0083 0.0012)
(0.093333333 0.0084 0.0012)
(0.093333333 0.0085 0.0012)
(0.093333333 0.0086 0.0012)
(0.093333333 0.0087 0.0012)
(0.093333333 0.0088 0.0012)
(0.093333333 0.0089 0.0012)
(0.093333333 0.009 0.0012)
(0.093333333 0.0071 0.0013)
(0.093333333 0.0072 0.0013)
(0.093333333 0.0073 0.0013)
(0.093333333 0.0074 0.0013)
(0.093333333 0.0075 0.0013)
(0.093333333 0.0076 0.0013)
(0.093333333 0.0077 0.0013)
(0.093333333 0.0078 0.0013)
(0.093333333 0.0079 0.0013)
(0.093333333 0.008 0.0013)
(0.093333333 0.0081 0.0013)
(0.093333333 0.0082 0.0013)
(0.093333333 0.0083 0.0013)
(0.093333333 0.0084 0.0013)
(0.093333333 0.0085 0.0013)
(0.093333333 0.0086 0.0013)
(0.093333333 0.0087 0.0013)
(0.093333333 0.0088 0.0013)
(0.093333333 0.0089 0.0013)
(0.093333333 0.009 0.0013)
(0.093333333 0.0071 0.0014)
(0.093333333 0.0072 0.0014)
(0.093333333 0.0073 0.0014)
(0.093333333 0.0074 0.0014)
(0.093333333 0.0075 0.0014)
(0.093333333 0.0076 0.0014)
(0.093333333 0.0077 0.0014)
(0.093333333 0.0078 0.0014)
(0.093333333 0.0079 0.0014)
(0.093333333 0.008 0.0014)
(0.093333333 0.0081 0.0014)
(0.093333333 0.0082 0.0014)
(0.093333333 0.0083 0.0014)
(0.093333333 0.0084 0.0014)
(0.093333333 0.0085 0.0014)
(0.093333333 0.0086 0.0014)
(0.093333333 0.0087 0.0014)
(0.093333333 0.0088 0.0014)
(0.093333333 0.0089 0.0014)
(0.093333333 0.009 0.0014)
(0.093333333 0.0071 0.0015)
(0.093333333 0.0072 0.0015)
(0.093333333 0.0073 0.0015)
(0.093333333 0.0074 0.0015)
(0.093333333 0.0075 0.0015)
(0.093333333 0.0076 0.0015)
(0.093333333 0.0077 0.0015)
(0.093333333 0.0078 0.0015)
(0.093333333 0.0079 0.0015)
(0.093333333 0.008 0.0015)
(0.093333333 0.0081 0.0015)
(0.093333333 0.0082 0.0015)
(0.093333333 0.0083 0.0015)
(0.093333333 0.0084 0.0015)
(0.093333333 0.0085 0.0015)
(0.093333333 0.0086 0.0015)
(0.093333333 0.0087 0.0015)
(0.093333333 0.0088 0.0015)
(0.093333333 0.0089 0.0015)
(0.093333333 0.009 0.0015)
(0.093333333 0.0071 0.0016)
(0.093333333 0.0072 0.0016)
(0.093333333 0.0073 0.0016)
(0.093333333 0.0074 0.0016)
(0.093333333 0.0075 0.0016)
(0.093333333 0.0076 0.0016)
(0.093333333 0.0077 0.0016)
(0.093333333 0.0078 0.0016)
(0.093333333 0.0079 0.0016)
(0.093333333 0.008 0.0016)
(0.093333333 0.0081 0.0016)
(0.093333333 0.0082 0.0016)
(0.093333333 0.0083 0.0016)
(0.093333333 0.0084 0.0016)
(0.093333333 0.0085 0.0016)
(0.093333333 0.0086 0.0016)
(0.093333333 0.0087 0.0016)
(0.093333333 0.0088 0.0016)
(0.093333333 0.0089 0.0016)
(0.093333333 0.009 0.0016)
(0.093333333 0.0071 0.0017)
(0.093333333 0.0072 0.0017)
(0.093333333 0.0073 0.0017)
(0.093333333 0.0074 0.0017)
(0.093333333 0.0075 0.0017)
(0.093333333 0.0076 0.0017)
(0.093333333 0.0077 0.0017)
(0.093333333 0.0078 0.0017)
(0.093333333 0.0079 0.0017)
(0.093333333 0.008 0.0017)
(0.093333333 0.0081 0.0017)
(0.093333333 0.0082 0.0017)
(0.093333333 0.0083 0.0017)
(0.093333333 0.0084 0.0017)
(0.093333333 0.0085 0.0017)
(0.093333333 0.0086 0.0017)
(0.093333333 0.0087 0.0017)
(0.093333333 0.0088 0.0017)
(0.093333333 0.0089 0.0017)
(0.093333333 0.009 0.0017)
(0.093333333 0.0071 0.0018)
(0.093333333 0.0072 0.0018)
(0.093333333 0.0073 0.0018)
(0.093333333 0.0074 0.0018)
(0.093333333 0.0075 0.0018)
(0.093333333 0.0076 0.0018)
(0.093333333 0.0077 0.0018)
(0.093333333 0.0078 0.0018)
(0.093333333 0.0079 0.0018)
(0.093333333 0.008 0.0018)
(0.093333333 0.0081 0.0018)
(0.093333333 0.0082 0.0018)
(0.093333333 0.0083 0.0018)
(0.093333333 0.0084 0.0018)
(0.093333333 0.0085 0.0018)
(0.093333333 0.0086 0.0018)
(0.093333333 0.0087 0.0018)
(0.093333333 0.0088 0.0018)
(0.093333333 0.0089 0.0018)
(0.093333333 0.009 0.0018)
(0.093333333 0.0071 0.0019)
(0.093333333 0.0072 0.0019)
(0.093333333 0.0073 0.0019)
(0.093333333 0.0074 0.0019)
(0.093333333 0.0075 0.0019)
(0.093333333 0.0076 0.0019)
(0.093333333 0.0077 0.0019)
(0.093333333 0.0078 0.0019)
(0.093333333 0.0079 0.0019)
(0.093333333 0.008 0.0019)
(0.093333333 0.0081 0.0019)
(0.093333333 0.0082 0.0019)
(0.093333333 0.0083 0.0019)
(0.093333333 0.0084 0.0019)
(0.093333333 0.0085 0.0019)
(0.093333333 0.0086 0.0019)
(0.093333333 0.0087 0.0019)
(0.093333333 0.0088 0.0019)
(0.093333333 0.0089 0.0019)
(0.093333333 0.009 0.0019)
(0.093333333 0.0071 0.002)
(0.093333333 0.0072 0.002)
(0.093333333 0.0073 0.002)
(0.093333333 0.0074 0.002)
(0.093333333 0.0075 0.002)
(0.093333333 0.0076 0.002)
(0.093333333 0.0077 0.002)
(0.093333333 0.0078 0.002)
(0.093333333 0.0079 0.002)
(0.093333333 0.008 0.002)
(0.093333333 0.0081 0.002)
(0.093333333 0.0082 0.002)
(0.093333333 0.0083 0.002)
(0.093333333 0.0084 0.002)
(0.093333333 0.0085 0.002)
(0.093333333 0.0086 0.002)
(0.093333333 0.0087 0.002)
(0.093333333 0.0088 0.002)
(0.093333333 0.0089 0.002)
(0.093333333 0.009 0.002)
(0.093333333 0.0071 0.0021)
(0.093333333 0.0072 0.0021)
(0.093333333 0.0073 0.0021)
(0.093333333 0.0074 0.0021)
(0.093333333 0.0075 0.0021)
(0.093333333 0.0076 0.0021)
(0.093333333 0.0077 0.0021)
(0.093333333 0.0078 0.0021)
(0.093333333 0.0079 0.0021)
(0.093333333 0.008 0.0021)
(0.093333333 0.0081 0.0021)
(0.093333333 0.0082 0.0021)
(0.093333333 0.0083 0.0021)
(0.093333333 0.0084 0.0021)
(0.093333333 0.0085 0.0021)
(0.093333333 0.0086 0.0021)
(0.093333333 0.0087 0.0021)
(0.093333333 0.0088 0.0021)
(0.093333333 0.0089 0.0021)
(0.093333333 0.009 0.0021)
(0.093333333 0.0071 0.0022)
(0.093333333 0.0072 0.0022)
(0.093333333 0.0073 0.0022)
(0.093333333 0.0074 0.0022)
(0.093333333 0.0075 0.0022)
(0.093333333 0.0076 0.0022)
(0.093333333 0.0077 0.0022)
(0.093333333 0.0078 0.0022)
(0.093333333 0.0079 0.0022)
(0.093333333 0.008 0.0022)
(0.093333333 0.0081 0.0022)
(0.093333333 0.0082 0.0022)
(0.093333333 0.0083 0.0022)
(0.093333333 0.0084 0.0022)
(0.093333333 0.0085 0.0022)
(0.093333333 0.0086 0.0022)
(0.093333333 0.0087 0.0022)
(0.093333333 0.0088 0.0022)
(0.093333333 0.0089 0.0022)
(0.093333333 0.009 0.0022)
(0.093333333 0.0071 0.0023)
(0.093333333 0.0072 0.0023)
(0.093333333 0.0073 0.0023)
(0.093333333 0.0074 0.0023)
(0.093333333 0.0075 0.0023)
(0.093333333 0.0076 0.0023)
(0.093333333 0.0077 0.0023)
(0.093333333 0.0078 0.0023)
(0.093333333 0.0079 0.0023)
(0.093333333 0.008 0.0023)
(0.093333333 0.0081 0.0023)
(0.093333333 0.0082 0.0023)
(0.093333333 0.0083 0.0023)
(0.093333333 0.0084 0.0023)
(0.093333333 0.0085 0.0023)
(0.093333333 0.0086 0.0023)
(0.093333333 0.0087 0.0023)
(0.093333333 0.0088 0.0023)
(0.093333333 0.0089 0.0023)
(0.093333333 0.009 0.0023)
(0.093333333 0.0071 0.0024)
(0.093333333 0.0072 0.0024)
(0.093333333 0.0073 0.0024)
(0.093333333 0.0074 0.0024)
(0.093333333 0.0075 0.0024)
(0.093333333 0.0076 0.0024)
(0.093333333 0.0077 0.0024)
(0.093333333 0.0078 0.0024)
(0.093333333 0.0079 0.0024)
(0.093333333 0.008 0.0024)
(0.093333333 0.0081 0.0024)
(0.093333333 0.0082 0.0024)
(0.093333333 0.0083 0.0024)
(0.093333333 0.0084 0.0024)
(0.093333333 0.0085 0.0024)
(0.093333333 0.0086 0.0024)
(0.093333333 0.0087 0.0024)
(0.093333333 0.0088 0.0024)
(0.093333333 0.0089 0.0024)
(0.093333333 0.009 0.0024)
(0.093333333 0.0071 0.0025)
(0.093333333 0.0072 0.0025)
(0.093333333 0.0073 0.0025)
(0.093333333 0.0074 0.0025)
(0.093333333 0.0075 0.0025)
(0.093333333 0.0076 0.0025)
(0.093333333 0.0077 0.0025)
(0.093333333 0.0078 0.0025)
(0.093333333 0.0079 0.0025)
(0.093333333 0.008 0.0025)
(0.093333333 0.0081 0.0025)
(0.093333333 0.0082 0.0025)
(0.093333333 0.0083 0.0025)
(0.093333333 0.0084 0.0025)
(0.093333333 0.0085 0.0025)
(0.093333333 0.0086 0.0025)
(0.093333333 0.0087 0.0025)
(0.093333333 0.0088 0.0025)
(0.093333333 0.0089 0.0025)
(0.093333333 0.009 0.0025)
(0.093333333 0.0071 0.0026)
(0.093333333 0.0072 0.0026)
(0.093333333 0.0073 0.0026)
(0.093333333 0.0074 0.0026)
(0.093333333 0.0075 0.0026)
(0.093333333 0.0076 0.0026)
(0.093333333 0.0077 0.0026)
(0.093333333 0.0078 0.0026)
(0.093333333 0.0079 0.0026)
(0.093333333 0.008 0.0026)
(0.093333333 0.0081 0.0026)
(0.093333333 0.0082 0.0026)
(0.093333333 0.0083 0.0026)
(0.093333333 0.0084 0.0026)
(0.093333333 0.0085 0.0026)
(0.093333333 0.0086 0.0026)
(0.093333333 0.0087 0.0026)
(0.093333333 0.0088 0.0026)
(0.093333333 0.0089 0.0026)
(0.093333333 0.009 0.0026)
(0.093333333 0.0071 0.0027)
(0.093333333 0.0072 0.0027)
(0.093333333 0.0073 0.0027)
(0.093333333 0.0074 0.0027)
(0.093333333 0.0075 0.0027)
(0.093333333 0.0076 0.0027)
(0.093333333 0.0077 0.0027)
(0.093333333 0.0078 0.0027)
(0.093333333 0.0079 0.0027)
(0.093333333 0.008 0.0027)
(0.093333333 0.0081 0.0027)
(0.093333333 0.0082 0.0027)
(0.093333333 0.0083 0.0027)
(0.093333333 0.0084 0.0027)
(0.093333333 0.0085 0.0027)
(0.093333333 0.0086 0.0027)
(0.093333333 0.0087 0.0027)
(0.093333333 0.0088 0.0027)
(0.093333333 0.0089 0.0027)
(0.093333333 0.009 0.0027)
(0.093333333 0.0071 0.0028)
(0.093333333 0.0072 0.0028)
(0.093333333 0.0073 0.0028)
(0.093333333 0.0074 0.0028)
(0.093333333 0.0075 0.0028)
(0.093333333 0.0076 0.0028)
(0.093333333 0.0077 0.0028)
(0.093333333 0.0078 0.0028)
(0.093333333 0.0079 0.0028)
(0.093333333 0.008 0.0028)
(0.093333333 0.0081 0.0028)
(0.093333333 0.0082 0.0028)
(0.093333333 0.0083 0.0028)
(0.093333333 0.0084 0.0028)
(0.093333333 0.0085 0.0028)
(0.093333333 0.0086 0.0028)
(0.093333333 0.0087 0.0028)
(0.093333333 0.0088 0.0028)
(0.093333333 0.0089 0.0028)
(0.093333333 0.009 0.0028)
(0.093333333 0.0071 0.0029)
(0.093333333 0.0072 0.0029)
(0.093333333 0.0073 0.0029)
(0.093333333 0.0074 0.0029)
(0.093333333 0.0075 0.0029)
(0.093333333 0.0076 0.0029)
(0.093333333 0.0077 0.0029)
(0.093333333 0.0078 0.0029)
(0.093333333 0.0079 0.0029)
(0.093333333 0.008 0.0029)
(0.093333333 0.0081 0.0029)
(0.093333333 0.0082 0.0029)
(0.093333333 0.0083 0.0029)
(0.093333333 0.0084 0.0029)
(0.093333333 0.0085 0.0029)
(0.093333333 0.0086 0.0029)
(0.093333333 0.0087 0.0029)
(0.093333333 0.0088 0.0029)
(0.093333333 0.0089 0.0029)
(0.093333333 0.009 0.0029)
(0.093333333 0.0071 0.003)
(0.093333333 0.0072 0.003)
(0.093333333 0.0073 0.003)
(0.093333333 0.0074 0.003)
(0.093333333 0.0075 0.003)
(0.093333333 0.0076 0.003)
(0.093333333 0.0077 0.003)
(0.093333333 0.0078 0.003)
(0.093333333 0.0079 0.003)
(0.093333333 0.008 0.003)
(0.093333333 0.0081 0.003)
(0.093333333 0.0082 0.003)
(0.093333333 0.0083 0.003)
(0.093333333 0.0084 0.003)
(0.093333333 0.0085 0.003)
(0.093333333 0.0086 0.003)
(0.093333333 0.0087 0.003)
(0.093333333 0.0088 0.003)
(0.093333333 0.0089 0.003)
(0.093333333 0.009 0.003)
(0.095 0.0071 0.0011)
(0.095 0.0072 0.0011)
(0.095 0.0073 0.0011)
(0.095 0.0074 0.0011)
(0.095 0.0075 0.0011)
(0.095 0.0076 0.0011)
(0.095 0.0077 0.0011)
(0.095 0.0078 0.0011)
(0.095 0.0079 0.0011)
(0.095 0.008 0.0011)
(0.095 0.0081 0.0011)
(0.095 0.0082 0.0011)
(0.095 0.0083 0.0011)
(0.095 0.0084 0.0011)
(0.095 0.0085 0.0011)
(0.095 0.0086 0.0011)
(0.095 0.0087 0.0011)
(0.095 0.0088 0.0011)
(0.095 0.0089 0.0011)
(0.095 0.009 0.0011)
(0.095 0.0071 0.0012)
(0.095 0.0072 0.0012)
(0.095 0.0073 0.0012)
(0.095 0.0074 0.0012)
(0.095 0.0075 0.0012)
(0.095 0.0076 0.0012)
(0.095 0.0077 0.0012)
(0.095 0.0078 0.0012)
(0.095 0.0079 0.0012)
(0.095 0.008 0.0012)
(0.095 0.0081 0.0012)
(0.095 0.0082 0.0012)
(0.095 0.0083 0.0012)
(0.095 0.0084 0.0012)
(0.095 0.0085 0.0012)
(0.095 0.0086 0.0012)
(0.095 0.0087 0.0012)
(0.095 0.0088 0.0012)
(0.095 0.0089 0.0012)
(0.095 0.009 0.0012)
(0.095 0.0071 0.0013)
(0.095 0.0072 0.0013)
(0.095 0.0073 0.0013)
(0.095 0.0074 0.0013)
(0.095 0.0075 0.0013)
(0.095 0.0076 0.0013)
(0.095 0.0077 0.0013)
(0.095 0.0078 0.0013)
(0.095 0.0079 0.0013)
(0.095 0.008 0.0013)
(0.095 0.0081 0.0013)
(0.095 0.0082 0.0013)
(0.095 0.0083 0.0013)
(0.095 0.0084 0.0013)
(0.095 0.0085 0.0013)
(0.095 0.0086 0.0013)
(0.095 0.0087 0.0013)
(0.095 0.0088 0.0013)
(0.095 0.0089 0.0013)
(0.095 0.009 0.0013)
(0.095 0.0071 0.0014)
(0.095 0.0072 0.0014)
(0.095 0.0073 0.0014)
(0.095 0.0074 0.0014)
(0.095 0.0075 0.0014)
(0.095 0.0076 0.0014)
(0.095 0.0077 0.0014)
(0.095 0.0078 0.0014)
(0.095 0.0079 0.0014)
(0.095 0.008 0.0014)
(0.095 0.0081 0.0014)
(0.095 0.0082 0.0014)
(0.095 0.0083 0.0014)
(0.095 0.0084 0.0014)
(0.095 0.0085 0.0014)
(0.095 0.0086 0.0014)
(0.095 0.0087 0.0014)
(0.095 0.0088 0.0014)
(0.095 0.0089 0.0014)
(0.095 0.009 0.0014)
(0.095 0.0071 0.0015)
(0.095 0.0072 0.0015)
(0.095 0.0073 0.0015)
(0.095 0.0074 0.0015)
(0.095 0.0075 0.0015)
(0.095 0.0076 0.0015)
(0.095 0.0077 0.0015)
(0.095 0.0078 0.0015)
(0.095 0.0079 0.0015)
(0.095 0.008 0.0015)
(0.095 0.0081 0.0015)
(0.095 0.0082 0.0015)
(0.095 0.0083 0.0015)
(0.095 0.0084 0.0015)
(0.095 0.0085 0.0015)
(0.095 0.0086 0.0015)
(0.095 0.0087 0.0015)
(0.095 0.0088 0.0015)
(0.095 0.0089 0.0015)
(0.095 0.009 0.0015)
(0.095 0.0071 0.0016)
(0.095 0.0072 0.0016)
(0.095 0.0073 0.0016)
(0.095 0.0074 0.0016)
(0.095 0.0075 0.0016)
(0.095 0.0076 0.0016)
(0.095 0.0077 0.0016)
(0.095 0.0078 0.0016)
(0.095 0.0079 0.0016)
(0.095 0.008 0.0016)
(0.095 0.0081 0.0016)
(0.095 0.0082 0.0016)
(0.095 0.0083 0.0016)
(0.095 0.0084 0.0016)
(0.095 0.0085 0.0016)
(0.095 0.0086 0.0016)
(0.095 0.0087 0.0016)
(0.095 0.0088 0.0016)
(0.095 0.0089 0.0016)
(0.095 0.009 0.0016)
(0.095 0.0071 0.0017)
(0.095 0.0072 0.0017)
(0.095 0.0073 0.0017)
(0.095 0.0074 0.0017)
(0.095 0.0075 0.0017)
(0.095 0.0076 0.0017)
(0.095 0.0077 0.0017)
(0.095 0.0078 0.0017)
(0.095 0.0079 0.0017)
(0.095 0.008 0.0017)
(0.095 0.0081 0.0017)
(0.095 0.0082 0.0017)
(0.095 0.0083 0.0017)
(0.095 0.0084 0.0017)
(0.095 0.0085 0.0017)
(0.095 0.0086 0.0017)
(0.095 0.0087 0.0017)
(0.095 0.0088 0.0017)
(0.095 0.0089 0.0017)
(0.095 0.009 0.0017)
(0.095 0.0071 0.0018)
(0.095 0.0072 0.0018)
(0.095 0.0073 0.0018)
(0.095 0.0074 0.0018)
(0.095 0.0075 0.0018)
(0.095 0.0076 0.0018)
(0.095 0.0077 0.0018)
(0.095 0.0078 0.0018)
(0.095 0.0079 0.0018)
(0.095 0.008 0.0018)
(0.095 0.0081 0.0018)
(0.095 0.0082 0.0018)
(0.095 0.0083 0.0018)
(0.095 0.0084 0.0018)
(0.095 0.0085 0.0018)
(0.095 0.0086 0.0018)
(0.095 0.0087 0.0018)
(0.095 0.0088 0.0018)
(0.095 0.0089 0.0018)
(0.095 0.009 0.0018)
(0.095 0.0071 0.0019)
(0.095 0.0072 0.0019)
(0.095 0.0073 0.0019)
(0.095 0.0074 0.0019)
(0.095 0.0075 0.0019)
(0.095 0.0076 0.0019)
(0.095 0.0077 0.0019)
(0.095 0.0078 0.0019)
(0.095 0.0079 0.0019)
(0.095 0.008 0.0019)
(0.095 0.0081 0.0019)
(0.095 0.0082 0.0019)
(0.095 0.0083 0.0019)
(0.095 0.0084 0.0019)
(0.095 0.0085 0.0019)
(0.095 0.0086 0.0019)
(0.095 0.0087 0.0019)
(0.095 0.0088 0.0019)
(0.095 0.0089 0.0019)
(0.095 0.009 0.0019)
(0.095 0.0071 0.002)
(0.095 0.0072 0.002)
(0.095 0.0073 0.002)
(0.095 0.0074 0.002)
(0.095 0.0075 0.002)
(0.095 0.0076 0.002)
(0.095 0.0077 0.002)
(0.095 0.0078 0.002)
(0.095 0.0079 0.002)
(0.095 0.008 0.002)
(0.095 0.0081 0.002)
(0.095 0.0082 0.002)
(0.095 0.0083 0.002)
(0.095 0.0084 0.002)
(0.095 0.0085 0.002)
(0.095 0.0086 0.002)
(0.095 0.0087 0.002)
(0.095 0.0088 0.002)
(0.095 0.0089 0.002)
(0.095 0.009 0.002)
(0.095 0.0071 0.0021)
(0.095 0.0072 0.0021)
(0.095 0.0073 0.0021)
(0.095 0.0074 0.0021)
(0.095 0.0075 0.0021)
(0.095 0.0076 0.0021)
(0.095 0.0077 0.0021)
(0.095 0.0078 0.0021)
(0.095 0.0079 0.0021)
(0.095 0.008 0.0021)
(0.095 0.0081 0.0021)
(0.095 0.0082 0.0021)
(0.095 0.0083 0.0021)
(0.095 0.0084 0.0021)
(0.095 0.0085 0.0021)
(0.095 0.0086 0.0021)
(0.095 0.0087 0.0021)
(0.095 0.0088 0.0021)
(0.095 0.0089 0.0021)
(0.095 0.009 0.0021)
(0.095 0.0071 0.0022)
(0.095 0.0072 0.0022)
(0.095 0.0073 0.0022)
(0.095 0.0074 0.0022)
(0.095 0.0075 0.0022)
(0.095 0.0076 0.0022)
(0.095 0.0077 0.0022)
(0.095 0.0078 0.0022)
(0.095 0.0079 0.0022)
(0.095 0.008 0.0022)
(0.095 0.0081 0.0022)
(0.095 0.0082 0.0022)
(0.095 0.0083 0.0022)
(0.095 0.0084 0.0022)
(0.095 0.0085 0.0022)
(0.095 0.0086 0.0022)
(0.095 0.0087 0.0022)
(0.095 0.0088 0.0022)
(0.095 0.0089 0.0022)
(0.095 0.009 0.0022)
(0.095 0.0071 0.0023)
(0.095 0.0072 0.0023)
(0.095 0.0073 0.0023)
(0.095 0.0074 0.0023)
(0.095 0.0075 0.0023)
(0.095 0.0076 0.0023)
(0.095 0.0077 0.0023)
(0.095 0.0078 0.0023)
(0.095 0.0079 0.0023)
(0.095 0.008 0.0023)
(0.095 0.0081 0.0023)
(0.095 0.0082 0.0023)
(0.095 0.0083 0.0023)
(0.095 0.0084 0.0023)
(0.095 0.0085 0.0023)
(0.095 0.0086 0.0023)
(0.095 0.0087 0.0023)
(0.095 0.0088 0.0023)
(0.095 0.0089 0.0023)
(0.095 0.009 0.0023)
(0.095 0.0071 0.0024)
(0.095 0.0072 0.0024)
(0.095 0.0073 0.0024)
(0.095 0.0074 0.0024)
(0.095 0.0075 0.0024)
(0.095 0.0076 0.0024)
(0.095 0.0077 0.0024)
(0.095 0.0078 0.0024)
(0.095 0.0079 0.0024)
(0.095 0.008 0.0024)
(0.095 0.0081 0.0024)
(0.095 0.0082 0.0024)
(0.095 0.0083 0.0024)
(0.095 0.0084 0.0024)
(0.095 0.0085 0.0024)
(0.095 0.0086 0.0024)
(0.095 0.0087 0.0024)
(0.095 0.0088 0.0024)
(0.095 0.0089 0.0024)
(0.095 0.009 0.0024)
(0.095 0.0071 0.0025)
(0.095 0.0072 0.0025)
(0.095 0.0073 0.0025)
(0.095 0.0074 0.0025)
(0.095 0.0075 0.0025)
(0.095 0.0076 0.0025)
(0.095 0.0077 0.0025)
(0.095 0.0078 0.0025)
(0.095 0.0079 0.0025)
(0.095 0.008 0.0025)
(0.095 0.0081 0.0025)
(0.095 0.0082 0.0025)
(0.095 0.0083 0.0025)
(0.095 0.0084 0.0025)
(0.095 0.0085 0.0025)
(0.095 0.0086 0.0025)
(0.095 0.0087 0.0025)
(0.095 0.0088 0.0025)
(0.095 0.0089 0.0025)
(0.095 0.009 0.0025)
(0.095 0.0071 0.0026)
(0.095 0.0072 0.0026)
(0.095 0.0073 0.0026)
(0.095 0.0074 0.0026)
(0.095 0.0075 0.0026)
(0.095 0.0076 0.0026)
(0.095 0.0077 0.0026)
(0.095 0.0078 0.0026)
(0.095 0.0079 0.0026)
(0.095 0.008 0.0026)
(0.095 0.0081 0.0026)
(0.095 0.0082 0.0026)
(0.095 0.0083 0.0026)
(0.095 0.0084 0.0026)
(0.095 0.0085 0.0026)
(0.095 0.0086 0.0026)
(0.095 0.0087 0.0026)
(0.095 0.0088 0.0026)
(0.095 0.0089 0.0026)
(0.095 0.009 0.0026)
(0.095 0.0071 0.0027)
(0.095 0.0072 0.0027)
(0.095 0.0073 0.0027)
(0.095 0.0074 0.0027)
(0.095 0.0075 0.0027)
(0.095 0.0076 0.0027)
(0.095 0.0077 0.0027)
(0.095 0.0078 0.0027)
(0.095 0.0079 0.0027)
(0.095 0.008 0.0027)
(0.095 0.0081 0.0027)
(0.095 0.0082 0.0027)
(0.095 0.0083 0.0027)
(0.095 0.0084 0.0027)
(0.095 0.0085 0.0027)
(0.095 0.0086 0.0027)
(0.095 0.0087 0.0027)
(0.095 0.0088 0.0027)
(0.095 0.0089 0.0027)
(0.095 0.009 0.0027)
(0.095 0.0071 0.0028)
(0.095 0.0072 0.0028)
(0.095 0.0073 0.0028)
(0.095 0.0074 0.0028)
(0.095 0.0075 0.0028)
(0.095 0.0076 0.0028)
(0.095 0.0077 0.0028)
(0.095 0.0078 0.0028)
(0.095 0.0079 0.0028)
(0.095 0.008 0.0028)
(0.095 0.0081 0.0028)
(0.095 0.0082 0.0028)
(0.095 0.0083 0.0028)
(0.095 0.0084 0.0028)
(0.095 0.0085 0.0028)
(0.095 0.0086 0.0028)
(0.095 0.0087 0.0028)
(0.095 0.0088 0.0028)
(0.095 0.0089 0.0028)
(0.095 0.009 0.0028)
(0.095 0.0071 0.0029)
(0.095 0.0072 0.0029)
(0.095 0.0073 0.0029)
(0.095 0.0074 0.0029)
(0.095 0.0075 0.0029)
(0.095 0.0076 0.0029)
(0.095 0.0077 0.0029)
(0.095 0.0078 0.0029)
(0.095 0.0079 0.0029)
(0.095 0.008 0.0029)
(0.095 0.0081 0.0029)
(0.095 0.0082 0.0029)
(0.095 0.0083 0.0029)
(0.095 0.0084 0.0029)
(0.095 0.0085 0.0029)
(0.095 0.0086 0.0029)
(0.095 0.0087 0.0029)
(0.095 0.0088 0.0029)
(0.095 0.0089 0.0029)
(0.095 0.009 0.0029)
(0.095 0.0071 0.003)
(0.095 0.0072 0.003)
(0.095 0.0073 0.003)
(0.095 0.0074 0.003)
(0.095 0.0075 0.003)
(0.095 0.0076 0.003)
(0.095 0.0077 0.003)
(0.095 0.0078 0.003)
(0.095 0.0079 0.003)
(0.095 0.008 0.003)
(0.095 0.0081 0.003)
(0.095 0.0082 0.003)
(0.095 0.0083 0.003)
(0.095 0.0084 0.003)
(0.095 0.0085 0.003)
(0.095 0.0086 0.003)
(0.095 0.0087 0.003)
(0.095 0.0088 0.003)
(0.095 0.0089 0.003)
(0.095 0.009 0.003)
(0.096666667 0.0071 0.0011)
(0.096666667 0.0072 0.0011)
(0.096666667 0.0073 0.0011)
(0.096666667 0.0074 0.0011)
(0.096666667 0.0075 0.0011)
(0.096666667 0.0076 0.0011)
(0.096666667 0.0077 0.0011)
(0.096666667 0.0078 0.0011)
(0.096666667 0.0079 0.0011)
(0.096666667 0.008 0.0011)
(0.096666667 0.0081 0.0011)
(0.096666667 0.0082 0.0011)
(0.096666667 0.0083 0.0011)
(0.096666667 0.0084 0.0011)
(0.096666667 0.0085 0.0011)
(0.096666667 0.0086 0.0011)
(0.096666667 0.0087 0.0011)
(0.096666667 0.0088 0.0011)
(0.096666667 0.0089 0.0011)
(0.096666667 0.009 0.0011)
(0.096666667 0.0071 0.0012)
(0.096666667 0.0072 0.0012)
(0.096666667 0.0073 0.0012)
(0.096666667 0.0074 0.0012)
(0.096666667 0.0075 0.0012)
(0.096666667 0.0076 0.0012)
(0.096666667 0.0077 0.0012)
(0.096666667 0.0078 0.0012)
(0.096666667 0.0079 0.0012)
(0.096666667 0.008 0.0012)
(0.096666667 0.0081 0.0012)
(0.096666667 0.0082 0.0012)
(0.096666667 0.0083 0.0012)
(0.096666667 0.0084 0.0012)
(0.096666667 0.0085 0.0012)
(0.096666667 0.0086 0.0012)
(0.096666667 0.0087 0.0012)
(0.096666667 0.0088 0.0012)
(0.096666667 0.0089 0.0012)
(0.096666667 0.009 0.0012)
(0.096666667 0.0071 0.0013)
(0.096666667 0.0072 0.0013)
(0.096666667 0.0073 0.0013)
(0.096666667 0.0074 0.0013)
(0.096666667 0.0075 0.0013)
(0.096666667 0.0076 0.0013)
(0.096666667 0.0077 0.0013)
(0.096666667 0.0078 0.0013)
(0.096666667 0.0079 0.0013)
(0.096666667 0.008 0.0013)
(0.096666667 0.0081 0.0013)
(0.096666667 0.0082 0.0013)
(0.096666667 0.0083 0.0013)
(0.096666667 0.0084 0.0013)
(0.096666667 0.0085 0.0013)
(0.096666667 0.0086 0.0013)
(0.096666667 0.0087 0.0013)
(0.096666667 0.0088 0.0013)
(0.096666667 0.0089 0.0013)
(0.096666667 0.009 0.0013)
(0.096666667 0.0071 0.0014)
(0.096666667 0.0072 0.0014)
(0.096666667 0.0073 0.0014)
(0.096666667 0.0074 0.0014)
(0.096666667 0.0075 0.0014)
(0.096666667 0.0076 0.0014)
(0.096666667 0.0077 0.0014)
(0.096666667 0.0078 0.0014)
(0.096666667 0.0079 0.0014)
(0.096666667 0.008 0.0014)
(0.096666667 0.0081 0.0014)
(0.096666667 0.0082 0.0014)
(0.096666667 0.0083 0.0014)
(0.096666667 0.0084 0.0014)
(0.096666667 0.0085 0.0014)
(0.096666667 0.0086 0.0014)
(0.096666667 0.0087 0.0014)
(0.096666667 0.0088 0.0014)
(0.096666667 0.0089 0.0014)
(0.096666667 0.009 0.0014)
(0.096666667 0.0071 0.0015)
(0.096666667 0.0072 0.0015)
(0.096666667 0.0073 0.0015)
(0.096666667 0.0074 0.0015)
(0.096666667 0.0075 0.0015)
(0.096666667 0.0076 0.0015)
(0.096666667 0.0077 0.0015)
(0.096666667 0.0078 0.0015)
(0.096666667 0.0079 0.0015)
(0.096666667 0.008 0.0015)
(0.096666667 0.0081 0.0015)
(0.096666667 0.0082 0.0015)
(0.096666667 0.0083 0.0015)
(0.096666667 0.0084 0.0015)
(0.096666667 0.0085 0.0015)
(0.096666667 0.0086 0.0015)
(0.096666667 0.0087 0.0015)
(0.096666667 0.0088 0.0015)
(0.096666667 0.0089 0.0015)
(0.096666667 0.009 0.0015)
(0.096666667 0.0071 0.0016)
(0.096666667 0.0072 0.0016)
(0.096666667 0.0073 0.0016)
(0.096666667 0.0074 0.0016)
(0.096666667 0.0075 0.0016)
(0.096666667 0.0076 0.0016)
(0.096666667 0.0077 0.0016)
(0.096666667 0.0078 0.0016)
(0.096666667 0.0079 0.0016)
(0.096666667 0.008 0.0016)
(0.096666667 0.0081 0.0016)
(0.096666667 0.0082 0.0016)
(0.096666667 0.0083 0.0016)
(0.096666667 0.0084 0.0016)
(0.096666667 0.0085 0.0016)
(0.096666667 0.0086 0.0016)
(0.096666667 0.0087 0.0016)
(0.096666667 0.0088 0.0016)
(0.096666667 0.0089 0.0016)
(0.096666667 0.009 0.0016)
(0.096666667 0.0071 0.0017)
(0.096666667 0.0072 0.0017)
(0.096666667 0.0073 0.0017)
(0.096666667 0.0074 0.0017)
(0.096666667 0.0075 0.0017)
(0.096666667 0.0076 0.0017)
(0.096666667 0.0077 0.0017)
(0.096666667 0.0078 0.0017)
(0.096666667 0.0079 0.0017)
(0.096666667 0.008 0.0017)
(0.096666667 0.0081 0.0017)
(0.096666667 0.0082 0.0017)
(0.096666667 0.0083 0.0017)
(0.096666667 0.0084 0.0017)
(0.096666667 0.0085 0.0017)
(0.096666667 0.0086 0.0017)
(0.096666667 0.0087 0.0017)
(0.096666667 0.0088 0.0017)
(0.096666667 0.0089 0.0017)
(0.096666667 0.009 0.0017)
(0.096666667 0.0071 0.0018)
(0.096666667 0.0072 0.0018)
(0.096666667 0.0073 0.0018)
(0.096666667 0.0074 0.0018)
(0.096666667 0.0075 0.0018)
(0.096666667 0.0076 0.0018)
(0.096666667 0.0077 0.0018)
(0.096666667 0.0078 0.0018)
(0.096666667 0.0079 0.0018)
(0.096666667 0.008 0.0018)
(0.096666667 0.0081 0.0018)
(0.096666667 0.0082 0.0018)
(0.096666667 0.0083 0.0018)
(0.096666667 0.0084 0.0018)
(0.096666667 0.0085 0.0018)
(0.096666667 0.0086 0.0018)
(0.096666667 0.0087 0.0018)
(0.096666667 0.0088 0.0018)
(0.096666667 0.0089 0.0018)
(0.096666667 0.009 0.0018)
(0.096666667 0.0071 0.0019)
(0.096666667 0.0072 0.0019)
(0.096666667 0.0073 0.0019)
(0.096666667 0.0074 0.0019)
(0.096666667 0.0075 0.0019)
(0.096666667 0.0076 0.0019)
(0.096666667 0.0077 0.0019)
(0.096666667 0.0078 0.0019)
(0.096666667 0.0079 0.0019)
(0.096666667 0.008 0.0019)
(0.096666667 0.0081 0.0019)
(0.096666667 0.0082 0.0019)
(0.096666667 0.0083 0.0019)
(0.096666667 0.0084 0.0019)
(0.096666667 0.0085 0.0019)
(0.096666667 0.0086 0.0019)
(0.096666667 0.0087 0.0019)
(0.096666667 0.0088 0.0019)
(0.096666667 0.0089 0.0019)
(0.096666667 0.009 0.0019)
(0.096666667 0.0071 0.002)
(0.096666667 0.0072 0.002)
(0.096666667 0.0073 0.002)
(0.096666667 0.0074 0.002)
(0.096666667 0.0075 0.002)
(0.096666667 0.0076 0.002)
(0.096666667 0.0077 0.002)
(0.096666667 0.0078 0.002)
(0.096666667 0.0079 0.002)
(0.096666667 0.008 0.002)
(0.096666667 0.0081 0.002)
(0.096666667 0.0082 0.002)
(0.096666667 0.0083 0.002)
(0.096666667 0.0084 0.002)
(0.096666667 0.0085 0.002)
(0.096666667 0.0086 0.002)
(0.096666667 0.0087 0.002)
(0.096666667 0.0088 0.002)
(0.096666667 0.0089 0.002)
(0.096666667 0.009 0.002)
(0.096666667 0.0071 0.0021)
(0.096666667 0.0072 0.0021)
(0.096666667 0.0073 0.0021)
(0.096666667 0.0074 0.0021)
(0.096666667 0.0075 0.0021)
(0.096666667 0.0076 0.0021)
(0.096666667 0.0077 0.0021)
(0.096666667 0.0078 0.0021)
(0.096666667 0.0079 0.0021)
(0.096666667 0.008 0.0021)
(0.096666667 0.0081 0.0021)
(0.096666667 0.0082 0.0021)
(0.096666667 0.0083 0.0021)
(0.096666667 0.0084 0.0021)
(0.096666667 0.0085 0.0021)
(0.096666667 0.0086 0.0021)
(0.096666667 0.0087 0.0021)
(0.096666667 0.0088 0.0021)
(0.096666667 0.0089 0.0021)
(0.096666667 0.009 0.0021)
(0.096666667 0.0071 0.0022)
(0.096666667 0.0072 0.0022)
(0.096666667 0.0073 0.0022)
(0.096666667 0.0074 0.0022)
(0.096666667 0.0075 0.0022)
(0.096666667 0.0076 0.0022)
(0.096666667 0.0077 0.0022)
(0.096666667 0.0078 0.0022)
(0.096666667 0.0079 0.0022)
(0.096666667 0.008 0.0022)
(0.096666667 0.0081 0.0022)
(0.096666667 0.0082 0.0022)
(0.096666667 0.0083 0.0022)
(0.096666667 0.0084 0.0022)
(0.096666667 0.0085 0.0022)
(0.096666667 0.0086 0.0022)
(0.096666667 0.0087 0.0022)
(0.096666667 0.0088 0.0022)
(0.096666667 0.0089 0.0022)
(0.096666667 0.009 0.0022)
(0.096666667 0.0071 0.0023)
(0.096666667 0.0072 0.0023)
(0.096666667 0.0073 0.0023)
(0.096666667 0.0074 0.0023)
(0.096666667 0.0075 0.0023)
(0.096666667 0.0076 0.0023)
(0.096666667 0.0077 0.0023)
(0.096666667 0.0078 0.0023)
(0.096666667 0.0079 0.0023)
(0.096666667 0.008 0.0023)
(0.096666667 0.0081 0.0023)
(0.096666667 0.0082 0.0023)
(0.096666667 0.0083 0.0023)
(0.096666667 0.0084 0.0023)
(0.096666667 0.0085 0.0023)
(0.096666667 0.0086 0.0023)
(0.096666667 0.0087 0.0023)
(0.096666667 0.0088 0.0023)
(0.096666667 0.0089 0.0023)
(0.096666667 0.009 0.0023)
(0.096666667 0.0071 0.0024)
(0.096666667 0.0072 0.0024)
(0.096666667 0.0073 0.0024)
(0.096666667 0.0074 0.0024)
(0.096666667 0.0075 0.0024)
(0.096666667 0.0076 0.0024)
(0.096666667 0.0077 0.0024)
(0.096666667 0.0078 0.0024)
(0.096666667 0.0079 0.0024)
(0.096666667 0.008 0.0024)
(0.096666667 0.0081 0.0024)
(0.096666667 0.0082 0.0024)
(0.096666667 0.0083 0.0024)
(0.096666667 0.0084 0.0024)
(0.096666667 0.0085 0.0024)
(0.096666667 0.0086 0.0024)
(0.096666667 0.0087 0.0024)
(0.096666667 0.0088 0.0024)
(0.096666667 0.0089 0.0024)
(0.096666667 0.009 0.0024)
(0.096666667 0.0071 0.0025)
(0.096666667 0.0072 0.0025)
(0.096666667 0.0073 0.0025)
(0.096666667 0.0074 0.0025)
(0.096666667 0.0075 0.0025)
(0.096666667 0.0076 0.0025)
(0.096666667 0.0077 0.0025)
(0.096666667 0.0078 0.0025)
(0.096666667 0.0079 0.0025)
(0.096666667 0.008 0.0025)
(0.096666667 0.0081 0.0025)
(0.096666667 0.0082 0.0025)
(0.096666667 0.0083 0.0025)
(0.096666667 0.0084 0.0025)
(0.096666667 0.0085 0.0025)
(0.096666667 0.0086 0.0025)
(0.096666667 0.0087 0.0025)
(0.096666667 0.0088 0.0025)
(0.096666667 0.0089 0.0025)
(0.096666667 0.009 0.0025)
(0.096666667 0.0071 0.0026)
(0.096666667 0.0072 0.0026)
(0.096666667 0.0073 0.0026)
(0.096666667 0.0074 0.0026)
(0.096666667 0.0075 0.0026)
(0.096666667 0.0076 0.0026)
(0.096666667 0.0077 0.0026)
(0.096666667 0.0078 0.0026)
(0.096666667 0.0079 0.0026)
(0.096666667 0.008 0.0026)
(0.096666667 0.0081 0.0026)
(0.096666667 0.0082 0.0026)
(0.096666667 0.0083 0.0026)
(0.096666667 0.0084 0.0026)
(0.096666667 0.0085 0.0026)
(0.096666667 0.0086 0.0026)
(0.096666667 0.0087 0.0026)
(0.096666667 0.0088 0.0026)
(0.096666667 0.0089 0.0026)
(0.096666667 0.009 0.0026)
(0.096666667 0.0071 0.0027)
(0.096666667 0.0072 0.0027)
(0.096666667 0.0073 0.0027)
(0.096666667 0.0074 0.0027)
(0.096666667 0.0075 0.0027)
(0.096666667 0.0076 0.0027)
(0.096666667 0.0077 0.0027)
(0.096666667 0.0078 0.0027)
(0.096666667 0.0079 0.0027)
(0.096666667 0.008 0.0027)
(0.096666667 0.0081 0.0027)
(0.096666667 0.0082 0.0027)
(0.096666667 0.0083 0.0027)
(0.096666667 0.0084 0.0027)
(0.096666667 0.0085 0.0027)
(0.096666667 0.0086 0.0027)
(0.096666667 0.0087 0.0027)
(0.096666667 0.0088 0.0027)
(0.096666667 0.0089 0.0027)
(0.096666667 0.009 0.0027)
(0.096666667 0.0071 0.0028)
(0.096666667 0.0072 0.0028)
(0.096666667 0.0073 0.0028)
(0.096666667 0.0074 0.0028)
(0.096666667 0.0075 0.0028)
(0.096666667 0.0076 0.0028)
(0.096666667 0.0077 0.0028)
(0.096666667 0.0078 0.0028)
(0.096666667 0.0079 0.0028)
(0.096666667 0.008 0.0028)
(0.096666667 0.0081 0.0028)
(0.096666667 0.0082 0.0028)
(0.096666667 0.0083 0.0028)
(0.096666667 0.0084 0.0028)
(0.096666667 0.0085 0.0028)
(0.096666667 0.0086 0.0028)
(0.096666667 0.0087 0.0028)
(0.096666667 0.0088 0.0028)
(0.096666667 0.0089 0.0028)
(0.096666667 0.009 0.0028)
(0.096666667 0.0071 0.0029)
(0.096666667 0.0072 0.0029)
(0.096666667 0.0073 0.0029)
(0.096666667 0.0074 0.0029)
(0.096666667 0.0075 0.0029)
(0.096666667 0.0076 0.0029)
(0.096666667 0.0077 0.0029)
(0.096666667 0.0078 0.0029)
(0.096666667 0.0079 0.0029)
(0.096666667 0.008 0.0029)
(0.096666667 0.0081 0.0029)
(0.096666667 0.0082 0.0029)
(0.096666667 0.0083 0.0029)
(0.096666667 0.0084 0.0029)
(0.096666667 0.0085 0.0029)
(0.096666667 0.0086 0.0029)
(0.096666667 0.0087 0.0029)
(0.096666667 0.0088 0.0029)
(0.096666667 0.0089 0.0029)
(0.096666667 0.009 0.0029)
(0.096666667 0.0071 0.003)
(0.096666667 0.0072 0.003)
(0.096666667 0.0073 0.003)
(0.096666667 0.0074 0.003)
(0.096666667 0.0075 0.003)
(0.096666667 0.0076 0.003)
(0.096666667 0.0077 0.003)
(0.096666667 0.0078 0.003)
(0.096666667 0.0079 0.003)
(0.096666667 0.008 0.003)
(0.096666667 0.0081 0.003)
(0.096666667 0.0082 0.003)
(0.096666667 0.0083 0.003)
(0.096666667 0.0084 0.003)
(0.096666667 0.0085 0.003)
(0.096666667 0.0086 0.003)
(0.096666667 0.0087 0.003)
(0.096666667 0.0088 0.003)
(0.096666667 0.0089 0.003)
(0.096666667 0.009 0.003)
(0.098333333 0.0071 0.0011)
(0.098333333 0.0072 0.0011)
(0.098333333 0.0073 0.0011)
(0.098333333 0.0074 0.0011)
(0.098333333 0.0075 0.0011)
(0.098333333 0.0076 0.0011)
(0.098333333 0.0077 0.0011)
(0.098333333 0.0078 0.0011)
(0.098333333 0.0079 0.0011)
(0.098333333 0.008 0.0011)
(0.098333333 0.0081 0.0011)
(0.098333333 0.0082 0.0011)
(0.098333333 0.0083 0.0011)
(0.098333333 0.0084 0.0011)
(0.098333333 0.0085 0.0011)
(0.098333333 0.0086 0.0011)
(0.098333333 0.0087 0.0011)
(0.098333333 0.0088 0.0011)
(0.098333333 0.0089 0.0011)
(0.098333333 0.009 0.0011)
(0.098333333 0.0071 0.0012)
(0.098333333 0.0072 0.0012)
(0.098333333 0.0073 0.0012)
(0.098333333 0.0074 0.0012)
(0.098333333 0.0075 0.0012)
(0.098333333 0.0076 0.0012)
(0.098333333 0.0077 0.0012)
(0.098333333 0.0078 0.0012)
(0.098333333 0.0079 0.0012)
(0.098333333 0.008 0.0012)
(0.098333333 0.0081 0.0012)
(0.098333333 0.0082 0.0012)
(0.098333333 0.0083 0.0012)
(0.098333333 0.0084 0.0012)
(0.098333333 0.0085 0.0012)
(0.098333333 0.0086 0.0012)
(0.098333333 0.0087 0.0012)
(0.098333333 0.0088 0.0012)
(0.098333333 0.0089 0.0012)
(0.098333333 0.009 0.0012)
(0.098333333 0.0071 0.0013)
(0.098333333 0.0072 0.0013)
(0.098333333 0.0073 0.0013)
(0.098333333 0.0074 0.0013)
(0.098333333 0.0075 0.0013)
(0.098333333 0.0076 0.0013)
(0.098333333 0.0077 0.0013)
(0.098333333 0.0078 0.0013)
(0.098333333 0.0079 0.0013)
(0.098333333 0.008 0.0013)
(0.098333333 0.0081 0.0013)
(0.098333333 0.0082 0.0013)
(0.098333333 0.0083 0.0013)
(0.098333333 0.0084 0.0013)
(0.098333333 0.0085 0.0013)
(0.098333333 0.0086 0.0013)
(0.098333333 0.0087 0.0013)
(0.098333333 0.0088 0.0013)
(0.098333333 0.0089 0.0013)
(0.098333333 0.009 0.0013)
(0.098333333 0.0071 0.0014)
(0.098333333 0.0072 0.0014)
(0.098333333 0.0073 0.0014)
(0.098333333 0.0074 0.0014)
(0.098333333 0.0075 0.0014)
(0.098333333 0.0076 0.0014)
(0.098333333 0.0077 0.0014)
(0.098333333 0.0078 0.0014)
(0.098333333 0.0079 0.0014)
(0.098333333 0.008 0.0014)
(0.098333333 0.0081 0.0014)
(0.098333333 0.0082 0.0014)
(0.098333333 0.0083 0.0014)
(0.098333333 0.0084 0.0014)
(0.098333333 0.0085 0.0014)
(0.098333333 0.0086 0.0014)
(0.098333333 0.0087 0.0014)
(0.098333333 0.0088 0.0014)
(0.098333333 0.0089 0.0014)
(0.098333333 0.009 0.0014)
(0.098333333 0.0071 0.0015)
(0.098333333 0.0072 0.0015)
(0.098333333 0.0073 0.0015)
(0.098333333 0.0074 0.0015)
(0.098333333 0.0075 0.0015)
(0.098333333 0.0076 0.0015)
(0.098333333 0.0077 0.0015)
(0.098333333 0.0078 0.0015)
(0.098333333 0.0079 0.0015)
(0.098333333 0.008 0.0015)
(0.098333333 0.0081 0.0015)
(0.098333333 0.0082 0.0015)
(0.098333333 0.0083 0.0015)
(0.098333333 0.0084 0.0015)
(0.098333333 0.0085 0.0015)
(0.098333333 0.0086 0.0015)
(0.098333333 0.0087 0.0015)
(0.098333333 0.0088 0.0015)
(0.098333333 0.0089 0.0015)
(0.098333333 0.009 0.0015)
(0.098333333 0.0071 0.0016)
(0.098333333 0.0072 0.0016)
(0.098333333 0.0073 0.0016)
(0.098333333 0.0074 0.0016)
(0.098333333 0.0075 0.0016)
(0.098333333 0.0076 0.0016)
(0.098333333 0.0077 0.0016)
(0.098333333 0.0078 0.0016)
(0.098333333 0.0079 0.0016)
(0.098333333 0.008 0.0016)
(0.098333333 0.0081 0.0016)
(0.098333333 0.0082 0.0016)
(0.098333333 0.0083 0.0016)
(0.098333333 0.0084 0.0016)
(0.098333333 0.0085 0.0016)
(0.098333333 0.0086 0.0016)
(0.098333333 0.0087 0.0016)
(0.098333333 0.0088 0.0016)
(0.098333333 0.0089 0.0016)
(0.098333333 0.009 0.0016)
(0.098333333 0.0071 0.0017)
(0.098333333 0.0072 0.0017)
(0.098333333 0.0073 0.0017)
(0.098333333 0.0074 0.0017)
(0.098333333 0.0075 0.0017)
(0.098333333 0.0076 0.0017)
(0.098333333 0.0077 0.0017)
(0.098333333 0.0078 0.0017)
(0.098333333 0.0079 0.0017)
(0.098333333 0.008 0.0017)
(0.098333333 0.0081 0.0017)
(0.098333333 0.0082 0.0017)
(0.098333333 0.0083 0.0017)
(0.098333333 0.0084 0.0017)
(0.098333333 0.0085 0.0017)
(0.098333333 0.0086 0.0017)
(0.098333333 0.0087 0.0017)
(0.098333333 0.0088 0.0017)
(0.098333333 0.0089 0.0017)
(0.098333333 0.009 0.0017)
(0.098333333 0.0071 0.0018)
(0.098333333 0.0072 0.0018)
(0.098333333 0.0073 0.0018)
(0.098333333 0.0074 0.0018)
(0.098333333 0.0075 0.0018)
(0.098333333 0.0076 0.0018)
(0.098333333 0.0077 0.0018)
(0.098333333 0.0078 0.0018)
(0.098333333 0.0079 0.0018)
(0.098333333 0.008 0.0018)
(0.098333333 0.0081 0.0018)
(0.098333333 0.0082 0.0018)
(0.098333333 0.0083 0.0018)
(0.098333333 0.0084 0.0018)
(0.098333333 0.0085 0.0018)
(0.098333333 0.0086 0.0018)
(0.098333333 0.0087 0.0018)
(0.098333333 0.0088 0.0018)
(0.098333333 0.0089 0.0018)
(0.098333333 0.009 0.0018)
(0.098333333 0.0071 0.0019)
(0.098333333 0.0072 0.0019)
(0.098333333 0.0073 0.0019)
(0.098333333 0.0074 0.0019)
(0.098333333 0.0075 0.0019)
(0.098333333 0.0076 0.0019)
(0.098333333 0.0077 0.0019)
(0.098333333 0.0078 0.0019)
(0.098333333 0.0079 0.0019)
(0.098333333 0.008 0.0019)
(0.098333333 0.0081 0.0019)
(0.098333333 0.0082 0.0019)
(0.098333333 0.0083 0.0019)
(0.098333333 0.0084 0.0019)
(0.098333333 0.0085 0.0019)
(0.098333333 0.0086 0.0019)
(0.098333333 0.0087 0.0019)
(0.098333333 0.0088 0.0019)
(0.098333333 0.0089 0.0019)
(0.098333333 0.009 0.0019)
(0.098333333 0.0071 0.002)
(0.098333333 0.0072 0.002)
(0.098333333 0.0073 0.002)
(0.098333333 0.0074 0.002)
(0.098333333 0.0075 0.002)
(0.098333333 0.0076 0.002)
(0.098333333 0.0077 0.002)
(0.098333333 0.0078 0.002)
(0.098333333 0.0079 0.002)
(0.098333333 0.008 0.002)
(0.098333333 0.0081 0.002)
(0.098333333 0.0082 0.002)
(0.098333333 0.0083 0.002)
(0.098333333 0.0084 0.002)
(0.098333333 0.0085 0.002)
(0.098333333 0.0086 0.002)
(0.098333333 0.0087 0.002)
(0.098333333 0.0088 0.002)
(0.098333333 0.0089 0.002)
(0.098333333 0.009 0.002)
(0.098333333 0.0071 0.0021)
(0.098333333 0.0072 0.0021)
(0.098333333 0.0073 0.0021)
(0.098333333 0.0074 0.0021)
(0.098333333 0.0075 0.0021)
(0.098333333 0.0076 0.0021)
(0.098333333 0.0077 0.0021)
(0.098333333 0.0078 0.0021)
(0.098333333 0.0079 0.0021)
(0.098333333 0.008 0.0021)
(0.098333333 0.0081 0.0021)
(0.098333333 0.0082 0.0021)
(0.098333333 0.0083 0.0021)
(0.098333333 0.0084 0.0021)
(0.098333333 0.0085 0.0021)
(0.098333333 0.0086 0.0021)
(0.098333333 0.0087 0.0021)
(0.098333333 0.0088 0.0021)
(0.098333333 0.0089 0.0021)
(0.098333333 0.009 0.0021)
(0.098333333 0.0071 0.0022)
(0.098333333 0.0072 0.0022)
(0.098333333 0.0073 0.0022)
(0.098333333 0.0074 0.0022)
(0.098333333 0.0075 0.0022)
(0.098333333 0.0076 0.0022)
(0.098333333 0.0077 0.0022)
(0.098333333 0.0078 0.0022)
(0.098333333 0.0079 0.0022)
(0.098333333 0.008 0.0022)
(0.098333333 0.0081 0.0022)
(0.098333333 0.0082 0.0022)
(0.098333333 0.0083 0.0022)
(0.098333333 0.0084 0.0022)
(0.098333333 0.0085 0.0022)
(0.098333333 0.0086 0.0022)
(0.098333333 0.0087 0.0022)
(0.098333333 0.0088 0.0022)
(0.098333333 0.0089 0.0022)
(0.098333333 0.009 0.0022)
(0.098333333 0.0071 0.0023)
(0.098333333 0.0072 0.0023)
(0.098333333 0.0073 0.0023)
(0.098333333 0.0074 0.0023)
(0.098333333 0.0075 0.0023)
(0.098333333 0.0076 0.0023)
(0.098333333 0.0077 0.0023)
(0.098333333 0.0078 0.0023)
(0.098333333 0.0079 0.0023)
(0.098333333 0.008 0.0023)
(0.098333333 0.0081 0.0023)
(0.098333333 0.0082 0.0023)
(0.098333333 0.0083 0.0023)
(0.098333333 0.0084 0.0023)
(0.098333333 0.0085 0.0023)
(0.098333333 0.0086 0.0023)
(0.098333333 0.0087 0.0023)
(0.098333333 0.0088 0.0023)
(0.098333333 0.0089 0.0023)
(0.098333333 0.009 0.0023)
(0.098333333 0.0071 0.0024)
(0.098333333 0.0072 0.0024)
(0.098333333 0.0073 0.0024)
(0.098333333 0.0074 0.0024)
(0.098333333 0.0075 0.0024)
(0.098333333 0.0076 0.0024)
(0.098333333 0.0077 0.0024)
(0.098333333 0.0078 0.0024)
(0.098333333 0.0079 0.0024)
(0.098333333 0.008 0.0024)
(0.098333333 0.0081 0.0024)
(0.098333333 0.0082 0.0024)
(0.098333333 0.0083 0.0024)
(0.098333333 0.0084 0.0024)
(0.098333333 0.0085 0.0024)
(0.098333333 0.0086 0.0024)
(0.098333333 0.0087 0.0024)
(0.098333333 0.0088 0.0024)
(0.098333333 0.0089 0.0024)
(0.098333333 0.009 0.0024)
(0.098333333 0.0071 0.0025)
(0.098333333 0.0072 0.0025)
(0.098333333 0.0073 0.0025)
(0.098333333 0.0074 0.0025)
(0.098333333 0.0075 0.0025)
(0.098333333 0.0076 0.0025)
(0.098333333 0.0077 0.0025)
(0.098333333 0.0078 0.0025)
(0.098333333 0.0079 0.0025)
(0.098333333 0.008 0.0025)
(0.098333333 0.0081 0.0025)
(0.098333333 0.0082 0.0025)
(0.098333333 0.0083 0.0025)
(0.098333333 0.0084 0.0025)
(0.098333333 0.0085 0.0025)
(0.098333333 0.0086 0.0025)
(0.098333333 0.0087 0.0025)
(0.098333333 0.0088 0.0025)
(0.098333333 0.0089 0.0025)
(0.098333333 0.009 0.0025)
(0.098333333 0.0071 0.0026)
(0.098333333 0.0072 0.0026)
(0.098333333 0.0073 0.0026)
(0.098333333 0.0074 0.0026)
(0.098333333 0.0075 0.0026)
(0.098333333 0.0076 0.0026)
(0.098333333 0.0077 0.0026)
(0.098333333 0.0078 0.0026)
(0.098333333 0.0079 0.0026)
(0.098333333 0.008 0.0026)
(0.098333333 0.0081 0.0026)
(0.098333333 0.0082 0.0026)
(0.098333333 0.0083 0.0026)
(0.098333333 0.0084 0.0026)
(0.098333333 0.0085 0.0026)
(0.098333333 0.0086 0.0026)
(0.098333333 0.0087 0.0026)
(0.098333333 0.0088 0.0026)
(0.098333333 0.0089 0.0026)
(0.098333333 0.009 0.0026)
(0.098333333 0.0071 0.0027)
(0.098333333 0.0072 0.0027)
(0.098333333 0.0073 0.0027)
(0.098333333 0.0074 0.0027)
(0.098333333 0.0075 0.0027)
(0.098333333 0.0076 0.0027)
(0.098333333 0.0077 0.0027)
(0.098333333 0.0078 0.0027)
(0.098333333 0.0079 0.0027)
(0.098333333 0.008 0.0027)
(0.098333333 0.0081 0.0027)
(0.098333333 0.0082 0.0027)
(0.098333333 0.0083 0.0027)
(0.098333333 0.0084 0.0027)
(0.098333333 0.0085 0.0027)
(0.098333333 0.0086 0.0027)
(0.098333333 0.0087 0.0027)
(0.098333333 0.0088 0.0027)
(0.098333333 0.0089 0.0027)
(0.098333333 0.009 0.0027)
(0.098333333 0.0071 0.0028)
(0.098333333 0.0072 0.0028)
(0.098333333 0.0073 0.0028)
(0.098333333 0.0074 0.0028)
(0.098333333 0.0075 0.0028)
(0.098333333 0.0076 0.0028)
(0.098333333 0.0077 0.0028)
(0.098333333 0.0078 0.0028)
(0.098333333 0.0079 0.0028)
(0.098333333 0.008 0.0028)
(0.098333333 0.0081 0.0028)
(0.098333333 0.0082 0.0028)
(0.098333333 0.0083 0.0028)
(0.098333333 0.0084 0.0028)
(0.098333333 0.0085 0.0028)
(0.098333333 0.0086 0.0028)
(0.098333333 0.0087 0.0028)
(0.098333333 0.0088 0.0028)
(0.098333333 0.0089 0.0028)
(0.098333333 0.009 0.0028)
(0.098333333 0.0071 0.0029)
(0.098333333 0.0072 0.0029)
(0.098333333 0.0073 0.0029)
(0.098333333 0.0074 0.0029)
(0.098333333 0.0075 0.0029)
(0.098333333 0.0076 0.0029)
(0.098333333 0.0077 0.0029)
(0.098333333 0.0078 0.0029)
(0.098333333 0.0079 0.0029)
(0.098333333 0.008 0.0029)
(0.098333333 0.0081 0.0029)
(0.098333333 0.0082 0.0029)
(0.098333333 0.0083 0.0029)
(0.098333333 0.0084 0.0029)
(0.098333333 0.0085 0.0029)
(0.098333333 0.0086 0.0029)
(0.098333333 0.0087 0.0029)
(0.098333333 0.0088 0.0029)
(0.098333333 0.0089 0.0029)
(0.098333333 0.009 0.0029)
(0.098333333 0.0071 0.003)
(0.098333333 0.0072 0.003)
(0.098333333 0.0073 0.003)
(0.098333333 0.0074 0.003)
(0.098333333 0.0075 0.003)
(0.098333333 0.0076 0.003)
(0.098333333 0.0077 0.003)
(0.098333333 0.0078 0.003)
(0.098333333 0.0079 0.003)
(0.098333333 0.008 0.003)
(0.098333333 0.0081 0.003)
(0.098333333 0.0082 0.003)
(0.098333333 0.0083 0.003)
(0.098333333 0.0084 0.003)
(0.098333333 0.0085 0.003)
(0.098333333 0.0086 0.003)
(0.098333333 0.0087 0.003)
(0.098333333 0.0088 0.003)
(0.098333333 0.0089 0.003)
(0.098333333 0.009 0.003)
(0.1 0.0071 0.0011)
(0.1 0.0072 0.0011)
(0.1 0.0073 0.0011)
(0.1 0.0074 0.0011)
(0.1 0.0075 0.0011)
(0.1 0.0076 0.0011)
(0.1 0.0077 0.0011)
(0.1 0.0078 0.0011)
(0.1 0.0079 0.0011)
(0.1 0.008 0.0011)
(0.1 0.0081 0.0011)
(0.1 0.0082 0.0011)
(0.1 0.0083 0.0011)
(0.1 0.0084 0.0011)
(0.1 0.0085 0.0011)
(0.1 0.0086 0.0011)
(0.1 0.0087 0.0011)
(0.1 0.0088 0.0011)
(0.1 0.0089 0.0011)
(0.1 0.009 0.0011)
(0.1 0.0071 0.0012)
(0.1 0.0072 0.0012)
(0.1 0.0073 0.0012)
(0.1 0.0074 0.0012)
(0.1 0.0075 0.0012)
(0.1 0.0076 0.0012)
(0.1 0.0077 0.0012)
(0.1 0.0078 0.0012)
(0.1 0.0079 0.0012)
(0.1 0.008 0.0012)
(0.1 0.0081 0.0012)
(0.1 0.0082 0.0012)
(0.1 0.0083 0.0012)
(0.1 0.0084 0.0012)
(0.1 0.0085 0.0012)
(0.1 0.0086 0.0012)
(0.1 0.0087 0.0012)
(0.1 0.0088 0.0012)
(0.1 0.0089 0.0012)
(0.1 0.009 0.0012)
(0.1 0.0071 0.0013)
(0.1 0.0072 0.0013)
(0.1 0.0073 0.0013)
(0.1 0.0074 0.0013)
(0.1 0.0075 0.0013)
(0.1 0.0076 0.0013)
(0.1 0.0077 0.0013)
(0.1 0.0078 0.0013)
(0.1 0.0079 0.0013)
(0.1 0.008 0.0013)
(0.1 0.0081 0.0013)
(0.1 0.0082 0.0013)
(0.1 0.0083 0.0013)
(0.1 0.0084 0.0013)
(0.1 0.0085 0.0013)
(0.1 0.0086 0.0013)
(0.1 0.0087 0.0013)
(0.1 0.0088 0.0013)
(0.1 0.0089 0.0013)
(0.1 0.009 0.0013)
(0.1 0.0071 0.0014)
(0.1 0.0072 0.0014)
(0.1 0.0073 0.0014)
(0.1 0.0074 0.0014)
(0.1 0.0075 0.0014)
(0.1 0.0076 0.0014)
(0.1 0.0077 0.0014)
(0.1 0.0078 0.0014)
(0.1 0.0079 0.0014)
(0.1 0.008 0.0014)
(0.1 0.0081 0.0014)
(0.1 0.0082 0.0014)
(0.1 0.0083 0.0014)
(0.1 0.0084 0.0014)
(0.1 0.0085 0.0014)
(0.1 0.0086 0.0014)
(0.1 0.0087 0.0014)
(0.1 0.0088 0.0014)
(0.1 0.0089 0.0014)
(0.1 0.009 0.0014)
(0.1 0.0071 0.0015)
(0.1 0.0072 0.0015)
(0.1 0.0073 0.0015)
(0.1 0.0074 0.0015)
(0.1 0.0075 0.0015)
(0.1 0.0076 0.0015)
(0.1 0.0077 0.0015)
(0.1 0.0078 0.0015)
(0.1 0.0079 0.0015)
(0.1 0.008 0.0015)
(0.1 0.0081 0.0015)
(0.1 0.0082 0.0015)
(0.1 0.0083 0.0015)
(0.1 0.0084 0.0015)
(0.1 0.0085 0.0015)
(0.1 0.0086 0.0015)
(0.1 0.0087 0.0015)
(0.1 0.0088 0.0015)
(0.1 0.0089 0.0015)
(0.1 0.009 0.0015)
(0.1 0.0071 0.0016)
(0.1 0.0072 0.0016)
(0.1 0.0073 0.0016)
(0.1 0.0074 0.0016)
(0.1 0.0075 0.0016)
(0.1 0.0076 0.0016)
(0.1 0.0077 0.0016)
(0.1 0.0078 0.0016)
(0.1 0.0079 0.0016)
(0.1 0.008 0.0016)
(0.1 0.0081 0.0016)
(0.1 0.0082 0.0016)
(0.1 0.0083 0.0016)
(0.1 0.0084 0.0016)
(0.1 0.0085 0.0016)
(0.1 0.0086 0.0016)
(0.1 0.0087 0.0016)
(0.1 0.0088 0.0016)
(0.1 0.0089 0.0016)
(0.1 0.009 0.0016)
(0.1 0.0071 0.0017)
(0.1 0.0072 0.0017)
(0.1 0.0073 0.0017)
(0.1 0.0074 0.0017)
(0.1 0.0075 0.0017)
(0.1 0.0076 0.0017)
(0.1 0.0077 0.0017)
(0.1 0.0078 0.0017)
(0.1 0.0079 0.0017)
(0.1 0.008 0.0017)
(0.1 0.0081 0.0017)
(0.1 0.0082 0.0017)
(0.1 0.0083 0.0017)
(0.1 0.0084 0.0017)
(0.1 0.0085 0.0017)
(0.1 0.0086 0.0017)
(0.1 0.0087 0.0017)
(0.1 0.0088 0.0017)
(0.1 0.0089 0.0017)
(0.1 0.009 0.0017)
(0.1 0.0071 0.0018)
(0.1 0.0072 0.0018)
(0.1 0.0073 0.0018)
(0.1 0.0074 0.0018)
(0.1 0.0075 0.0018)
(0.1 0.0076 0.0018)
(0.1 0.0077 0.0018)
(0.1 0.0078 0.0018)
(0.1 0.0079 0.0018)
(0.1 0.008 0.0018)
(0.1 0.0081 0.0018)
(0.1 0.0082 0.0018)
(0.1 0.0083 0.0018)
(0.1 0.0084 0.0018)
(0.1 0.0085 0.0018)
(0.1 0.0086 0.0018)
(0.1 0.0087 0.0018)
(0.1 0.0088 0.0018)
(0.1 0.0089 0.0018)
(0.1 0.009 0.0018)
(0.1 0.0071 0.0019)
(0.1 0.0072 0.0019)
(0.1 0.0073 0.0019)
(0.1 0.0074 0.0019)
(0.1 0.0075 0.0019)
(0.1 0.0076 0.0019)
(0.1 0.0077 0.0019)
(0.1 0.0078 0.0019)
(0.1 0.0079 0.0019)
(0.1 0.008 0.0019)
(0.1 0.0081 0.0019)
(0.1 0.0082 0.0019)
(0.1 0.0083 0.0019)
(0.1 0.0084 0.0019)
(0.1 0.0085 0.0019)
(0.1 0.0086 0.0019)
(0.1 0.0087 0.0019)
(0.1 0.0088 0.0019)
(0.1 0.0089 0.0019)
(0.1 0.009 0.0019)
(0.1 0.0071 0.002)
(0.1 0.0072 0.002)
(0.1 0.0073 0.002)
(0.1 0.0074 0.002)
(0.1 0.0075 0.002)
(0.1 0.0076 0.002)
(0.1 0.0077 0.002)
(0.1 0.0078 0.002)
(0.1 0.0079 0.002)
(0.1 0.008 0.002)
(0.1 0.0081 0.002)
(0.1 0.0082 0.002)
(0.1 0.0083 0.002)
(0.1 0.0084 0.002)
(0.1 0.0085 0.002)
(0.1 0.0086 0.002)
(0.1 0.0087 0.002)
(0.1 0.0088 0.002)
(0.1 0.0089 0.002)
(0.1 0.009 0.002)
(0.1 0.0071 0.0021)
(0.1 0.0072 0.0021)
(0.1 0.0073 0.0021)
(0.1 0.0074 0.0021)
(0.1 0.0075 0.0021)
(0.1 0.0076 0.0021)
(0.1 0.0077 0.0021)
(0.1 0.0078 0.0021)
(0.1 0.0079 0.0021)
(0.1 0.008 0.0021)
(0.1 0.0081 0.0021)
(0.1 0.0082 0.0021)
(0.1 0.0083 0.0021)
(0.1 0.0084 0.0021)
(0.1 0.0085 0.0021)
(0.1 0.0086 0.0021)
(0.1 0.0087 0.0021)
(0.1 0.0088 0.0021)
(0.1 0.0089 0.0021)
(0.1 0.009 0.0021)
(0.1 0.0071 0.0022)
(0.1 0.0072 0.0022)
(0.1 0.0073 0.0022)
(0.1 0.0074 0.0022)
(0.1 0.0075 0.0022)
(0.1 0.0076 0.0022)
(0.1 0.0077 0.0022)
(0.1 0.0078 0.0022)
(0.1 0.0079 0.0022)
(0.1 0.008 0.0022)
(0.1 0.0081 0.0022)
(0.1 0.0082 0.0022)
(0.1 0.0083 0.0022)
(0.1 0.0084 0.0022)
(0.1 0.0085 0.0022)
(0.1 0.0086 0.0022)
(0.1 0.0087 0.0022)
(0.1 0.0088 0.0022)
(0.1 0.0089 0.0022)
(0.1 0.009 0.0022)
(0.1 0.0071 0.0023)
(0.1 0.0072 0.0023)
(0.1 0.0073 0.0023)
(0.1 0.0074 0.0023)
(0.1 0.0075 0.0023)
(0.1 0.0076 0.0023)
(0.1 0.0077 0.0023)
(0.1 0.0078 0.0023)
(0.1 0.0079 0.0023)
(0.1 0.008 0.0023)
(0.1 0.0081 0.0023)
(0.1 0.0082 0.0023)
(0.1 0.0083 0.0023)
(0.1 0.0084 0.0023)
(0.1 0.0085 0.0023)
(0.1 0.0086 0.0023)
(0.1 0.0087 0.0023)
(0.1 0.0088 0.0023)
(0.1 0.0089 0.0023)
(0.1 0.009 0.0023)
(0.1 0.0071 0.0024)
(0.1 0.0072 0.0024)
(0.1 0.0073 0.0024)
(0.1 0.0074 0.0024)
(0.1 0.0075 0.0024)
(0.1 0.0076 0.0024)
(0.1 0.0077 0.0024)
(0.1 0.0078 0.0024)
(0.1 0.0079 0.0024)
(0.1 0.008 0.0024)
(0.1 0.0081 0.0024)
(0.1 0.0082 0.0024)
(0.1 0.0083 0.0024)
(0.1 0.0084 0.0024)
(0.1 0.0085 0.0024)
(0.1 0.0086 0.0024)
(0.1 0.0087 0.0024)
(0.1 0.0088 0.0024)
(0.1 0.0089 0.0024)
(0.1 0.009 0.0024)
(0.1 0.0071 0.0025)
(0.1 0.0072 0.0025)
(0.1 0.0073 0.0025)
(0.1 0.0074 0.0025)
(0.1 0.0075 0.0025)
(0.1 0.0076 0.0025)
(0.1 0.0077 0.0025)
(0.1 0.0078 0.0025)
(0.1 0.0079 0.0025)
(0.1 0.008 0.0025)
(0.1 0.0081 0.0025)
(0.1 0.0082 0.0025)
(0.1 0.0083 0.0025)
(0.1 0.0084 0.0025)
(0.1 0.0085 0.0025)
(0.1 0.0086 0.0025)
(0.1 0.0087 0.0025)
(0.1 0.0088 0.0025)
(0.1 0.0089 0.0025)
(0.1 0.009 0.0025)
(0.1 0.0071 0.0026)
(0.1 0.0072 0.0026)
(0.1 0.0073 0.0026)
(0.1 0.0074 0.0026)
(0.1 0.0075 0.0026)
(0.1 0.0076 0.0026)
(0.1 0.0077 0.0026)
(0.1 0.0078 0.0026)
(0.1 0.0079 0.0026)
(0.1 0.008 0.0026)
(0.1 0.0081 0.0026)
(0.1 0.0082 0.0026)
(0.1 0.0083 0.0026)
(0.1 0.0084 0.0026)
(0.1 0.0085 0.0026)
(0.1 0.0086 0.0026)
(0.1 0.0087 0.0026)
(0.1 0.0088 0.0026)
(0.1 0.0089 0.0026)
(0.1 0.009 0.0026)
(0.1 0.0071 0.0027)
(0.1 0.0072 0.0027)
(0.1 0.0073 0.0027)
(0.1 0.0074 0.0027)
(0.1 0.0075 0.0027)
(0.1 0.0076 0.0027)
(0.1 0.0077 0.0027)
(0.1 0.0078 0.0027)
(0.1 0.0079 0.0027)
(0.1 0.008 0.0027)
(0.1 0.0081 0.0027)
(0.1 0.0082 0.0027)
(0.1 0.0083 0.0027)
(0.1 0.0084 0.0027)
(0.1 0.0085 0.0027)
(0.1 0.0086 0.0027)
(0.1 0.0087 0.0027)
(0.1 0.0088 0.0027)
(0.1 0.0089 0.0027)
(0.1 0.009 0.0027)
(0.1 0.0071 0.0028)
(0.1 0.0072 0.0028)
(0.1 0.0073 0.0028)
(0.1 0.0074 0.0028)
(0.1 0.0075 0.0028)
(0.1 0.0076 0.0028)
(0.1 0.0077 0.0028)
(0.1 0.0078 0.0028)
(0.1 0.0079 0.0028)
(0.1 0.008 0.0028)
(0.1 0.0081 0.0028)
(0.1 0.0082 0.0028)
(0.1 0.0083 0.0028)
(0.1 0.0084 0.0028)
(0.1 0.0085 0.0028)
(0.1 0.0086 0.0028)
(0.1 0.0087 0.0028)
(0.1 0.0088 0.0028)
(0.1 0.0089 0.0028)
(0.1 0.009 0.0028)
(0.1 0.0071 0.0029)
(0.1 0.0072 0.0029)
(0.1 0.0073 0.0029)
(0.1 0.0074 0.0029)
(0.1 0.0075 0.0029)
(0.1 0.0076 0.0029)
(0.1 0.0077 0.0029)
(0.1 0.0078 0.0029)
(0.1 0.0079 0.0029)
(0.1 0.008 0.0029)
(0.1 0.0081 0.0029)
(0.1 0.0082 0.0029)
(0.1 0.0083 0.0029)
(0.1 0.0084 0.0029)
(0.1 0.0085 0.0029)
(0.1 0.0086 0.0029)
(0.1 0.0087 0.0029)
(0.1 0.0088 0.0029)
(0.1 0.0089 0.0029)
(0.1 0.009 0.0029)
(0.1 0.0071 0.003)
(0.1 0.0072 0.003)
(0.1 0.0073 0.003)
(0.1 0.0074 0.003)
(0.1 0.0075 0.003)
(0.1 0.0076 0.003)
(0.1 0.0077 0.003)
(0.1 0.0078 0.003)
(0.1 0.0079 0.003)
(0.1 0.008 0.003)
(0.1 0.0081 0.003)
(0.1 0.0082 0.003)
(0.1 0.0083 0.003)
(0.1 0.0084 0.003)
(0.1 0.0085 0.003)
(0.1 0.0086 0.003)
(0.1 0.0087 0.003)
(0.1 0.0088 0.003)
(0.1 0.0089 0.003)
(0.1 0.009 0.003)
)


// ************************************************************************* //
