/*--------------------------------*- C++ -*----------------------------------*\
| =========                 |                                                 |
| \\      /  F ield         | OpenFOAM: The Open Source CFD Toolbox           |
|  \\    /   O peration     | Version:  2412                                  |
|   \\  /    A nd           | Website:  www.openfoam.com                      |
|    \\/     M anipulation  |                                                 |
\*---------------------------------------------------------------------------*/
FoamFile
{
    version     2.0;
    format      ascii;
    arch        "LSB;label=32;scalar=64";
    class       volScalarField;
    location    "2000/domain2";
    object      T;
}
// * * * * * * * * * * * * * * * * * * * * * * * * * * * * * * * * * * * * * //

dimensions      [0 0 0 1 0 0 0];

internalField   nonuniform List<scalar> 
24000
(
0.012480245
0.01245815
0.012442977
0.012431901
0.012423631
0.012417449
0.012412906
0.012409712
0.012407676
0.012406685
0.012406683
0.012407673
0.012409706
0.012412899
0.012417439
0.012423619
0.012431886
0.01244296
0.01245813
0.012480221
0.012458138
0.012400142
0.012357464
0.012325458
0.012301279
0.012283099
0.012269699
0.012260257
0.012254234
0.0122513
0.012251299
0.012254231
0.012260252
0.012269691
0.012283089
0.012301267
0.012325443
0.012357446
0.01240012
0.012458112
0.012442958
0.012357456
0.012291889
0.012241551
0.012203005
0.012173783
0.012152133
0.01213683
0.012127048
0.012122278
0.012122277
0.012127045
0.012136824
0.012152125
0.012173773
0.012202992
0.012241535
0.01229187
0.012357433
0.012442931
0.012431876
0.012325443
0.012241545
0.012175902
0.012124988
0.012086055
0.012057042
0.012036455
0.012023263
0.012016822
0.012016821
0.01202326
0.012036449
0.012057034
0.012086044
0.012124975
0.012175886
0.012241525
0.01232542
0.012431849
0.012423602
0.01230126
0.012202993
0.012124983
0.012063815
0.012016668
0.011981334
0.011956164
0.011939994
0.011932088
0.011932087
0.011939991
0.011956158
0.011981326
0.012016657
0.012063801
0.012124966
0.012202974
0.012301236
0.012423575
0.012417417
0.012283076
0.012173768
0.012086046
0.012016664
0.011962827
0.011922277
0.011893288
0.011874621
0.011865481
0.01186548
0.011874618
0.011893282
0.011922268
0.011962816
0.01201665
0.012086029
0.012173748
0.012283052
0.012417389
0.012412872
0.012269673
0.012152115
0.01205703
0.011981327
0.011922274
0.011877614
0.011845591
0.01182493
0.011814802
0.011814801
0.011824927
0.011845585
0.011877605
0.011922263
0.011981313
0.012057013
0.012152095
0.012269649
0.012412844
0.012409676
0.01226023
0.01213681
0.012036441
0.011956155
0.011893283
0.01184559
0.011811314
0.011789165
0.011778298
0.011778297
0.011789162
0.011811308
0.011845581
0.011893272
0.011956141
0.012036424
0.01213679
0.012260206
0.012409648
0.012407639
0.012254207
0.012127028
0.012023249
0.011939985
0.011874616
0.011824928
0.011789165
0.01176603
0.011754672
0.011754671
0.011766026
0.011789159
0.011824919
0.011874605
0.011939971
0.012023232
0.012127008
0.012254182
0.012407611
0.012406648
0.012251273
0.012122259
0.012016808
0.011932079
0.011865477
0.0118148
0.011778298
0.011754673
0.01174307
0.011743069
0.011754669
0.011778292
0.011814792
0.011865465
0.011932065
0.012016791
0.012122238
0.012251249
0.01240662
0.012406648
0.012251273
0.012122259
0.012016808
0.011932079
0.011865477
0.011814801
0.011778298
0.011754673
0.011743071
0.011743069
0.011754669
0.011778292
0.011814792
0.011865466
0.011932065
0.012016791
0.012122238
0.012251249
0.01240662
0.01240764
0.012254207
0.012127029
0.01202325
0.011939986
0.011874617
0.011824929
0.011789165
0.011766031
0.011754673
0.011754672
0.011766027
0.011789159
0.01182492
0.011874605
0.011939972
0.012023232
0.012127008
0.012254183
0.012407612
0.012409677
0.012260231
0.012136812
0.012036442
0.011956156
0.011893284
0.011845591
0.011811316
0.011789167
0.0117783
0.011778298
0.011789163
0.01181131
0.011845582
0.011893273
0.011956142
0.012036425
0.012136791
0.012260207
0.012409649
0.012412873
0.012269674
0.012152117
0.012057032
0.011981329
0.011922275
0.011877615
0.011845593
0.011824932
0.011814804
0.011814803
0.011824928
0.011845587
0.011877607
0.011922264
0.011981315
0.012057015
0.012152096
0.01226965
0.012412845
0.012417418
0.012283078
0.01217377
0.012086048
0.012016666
0.011962829
0.011922279
0.01189329
0.011874623
0.011865484
0.011865483
0.01187462
0.011893284
0.01192227
0.011962818
0.012016652
0.012086031
0.01217375
0.012283054
0.012417391
0.012423605
0.012301262
0.012202996
0.012124985
0.012063817
0.012016671
0.011981337
0.011956166
0.011939997
0.011932091
0.011932089
0.011939994
0.01195616
0.011981328
0.01201666
0.012063804
0.012124969
0.012202976
0.012301239
0.012423577
0.012431879
0.012325446
0.012241548
0.012175905
0.012124991
0.012086058
0.012057045
0.012036458
0.012023266
0.012016825
0.012016824
0.012023263
0.012036452
0.012057037
0.012086048
0.012124978
0.012175889
0.012241528
0.012325423
0.012431852
0.012442961
0.012357459
0.012291892
0.012241555
0.012203009
0.012173787
0.012152137
0.012136834
0.012127053
0.012122283
0.012122281
0.012127049
0.012136829
0.012152129
0.012173777
0.012202996
0.012241539
0.012291873
0.012357437
0.012442934
0.012458142
0.012400146
0.012357469
0.012325462
0.012301284
0.012283104
0.012269703
0.012260262
0.012254239
0.012251305
0.012251304
0.012254236
0.012260257
0.012269696
0.012283094
0.012301271
0.012325447
0.01235745
0.012400124
0.012458116
0.012480249
0.012458155
0.012442982
0.012431906
0.012423637
0.012417454
0.012412912
0.012409717
0.012407682
0.01240669
0.012406689
0.012407678
0.012409712
0.012412904
0.012417444
0.012423624
0.012431892
0.012442965
0.012458135
0.012480225
0.012499918
0.012501253
0.012502025
0.012502377
0.012502455
0.012502377
0.012502231
0.012502076
0.012501954
0.012501886
0.012501885
0.012501951
0.012502072
0.012502224
0.012502369
0.012502445
0.012502365
0.01250201
0.012501237
0.012499898
0.012501254
0.01250467
0.012506672
0.01250755
0.012507678
0.012507381
0.012506905
0.01250642
0.012506041
0.012505836
0.012505835
0.012506038
0.012506416
0.012506898
0.012507372
0.012507667
0.012507537
0.012506657
0.012504652
0.012501233
0.012502026
0.012506673
0.01250936
0.012510431
0.012510412
0.012509783
0.012508914
0.012508067
0.012507415
0.012507064
0.012507063
0.012507412
0.012508062
0.012508907
0.012509774
0.0125104
0.012510417
0.012509344
0.012506654
0.012502004
0.012502378
0.012507551
0.012510431
0.012511388
0.012511047
0.012509994
0.012508689
0.012507461
0.012506531
0.012506034
0.012506033
0.012506528
0.012507456
0.012508682
0.012509984
0.012511035
0.012511374
0.012510414
0.012507531
0.012502356
0.012502457
0.012507679
0.012510413
0.012511047
0.012510274
0.012508751
0.012507
0.012505397
0.012504198
0.012503562
0.012503561
0.012504195
0.012505391
0.012506992
0.012508741
0.012510262
0.012511032
0.012510395
0.012507659
0.012502434
0.01250238
0.012507383
0.012509785
0.012509995
0.012508752
0.01250676
0.012504584
0.012502633
0.012501189
0.012500426
0.012500424
0.012501186
0.012502627
0.012504575
0.01250675
0.012508739
0.01250998
0.012509767
0.012507363
0.012502357
0.012502234
0.012506907
0.012508916
0.012508691
0.012507001
0.012504584
0.012502033
0.01249978
0.012498125
0.012497253
0.012497252
0.012498122
0.012499774
0.012502024
0.012504574
0.012506987
0.012508675
0.012508898
0.012506887
0.012502211
0.01250208
0.012506424
0.01250807
0.012507464
0.012505399
0.012502634
0.012499781
0.012497288
0.012495466
0.012494509
0.012494507
0.012495463
0.012497282
0.012499773
0.012502624
0.012505385
0.012507448
0.012508051
0.012506403
0.012502057
0.012501958
0.012506046
0.012507419
0.012506535
0.012504201
0.012501192
0.012498127
0.012495467
0.01249353
0.012492513
0.012492512
0.012493526
0.012495461
0.012498119
0.012501181
0.012504188
0.012506519
0.0125074
0.012506025
0.012501935
0.012501892
0.012505841
0.012507069
0.012506039
0.012503566
0.012500429
0.012497256
0.012494511
0.012492514
0.012491467
0.012491466
0.01249251
0.012494505
0.012497248
0.012500418
0.012503552
0.012506023
0.01250705
0.01250582
0.012501869
0.012501892
0.012505841
0.012507069
0.012506039
0.012503566
0.01250043
0.012497257
0.012494511
0.012492514
0.012491467
0.012491466
0.012492511
0.012494505
0.012497248
0.012500418
0.012503552
0.012506023
0.012507051
0.01250582
0.012501869
0.012501959
0.012506046
0.012507419
0.012506536
0.012504202
0.012501192
0.012498128
0.012495468
0.012493531
0.012492514
0.012492512
0.012493527
0.012495462
0.01249812
0.012501181
0.012504189
0.01250652
0.012507401
0.012506025
0.012501936
0.012502081
0.012506425
0.012508071
0.012507465
0.0125054
0.012502636
0.012499783
0.01249729
0.012495468
0.01249451
0.012494509
0.012495464
0.012497284
0.012499774
0.012502625
0.012505387
0.012507449
0.012508052
0.012506404
0.012502058
0.012502236
0.012506909
0.012508918
0.012508693
0.012507003
0.012504586
0.012502035
0.012499782
0.012498127
0.012497255
0.012497254
0.012498124
0.012499776
0.012502026
0.012504575
0.012506989
0.012508677
0.0125089
0.012506888
0.012502212
0.012502382
0.012507385
0.012509787
0.012509998
0.012508754
0.012506763
0.012504586
0.012502636
0.012501192
0.012500428
0.012500427
0.012501188
0.01250263
0.012504578
0.012506752
0.012508741
0.012509982
0.012509769
0.012507365
0.012502359
0.012502459
0.012507682
0.012510416
0.01251105
0.012510277
0.012508754
0.012507003
0.0125054
0.012504202
0.012503565
0.012503564
0.012504198
0.012505394
0.012506995
0.012508744
0.012510265
0.012511035
0.012510398
0.012507662
0.012502437
0.012502381
0.012507554
0.012510435
0.012511392
0.012511051
0.012509998
0.012508693
0.012507465
0.012506535
0.012506038
0.012506037
0.012506532
0.01250746
0.012508685
0.012509988
0.012511038
0.012511377
0.012510418
0.012507534
0.012502359
0.012502029
0.012506676
0.012509364
0.012510435
0.012510416
0.012509788
0.012508919
0.012508071
0.012507419
0.012507069
0.012507068
0.012507416
0.012508066
0.012508911
0.012509778
0.012510405
0.012510421
0.012509348
0.012506657
0.012502007
0.012501258
0.012504674
0.012506677
0.012507555
0.012507683
0.012507386
0.01250691
0.012506426
0.012506047
0.012505841
0.01250584
0.012506044
0.012506421
0.012506903
0.012507377
0.012507672
0.012507541
0.012506661
0.012504656
0.012501237
0.012499922
0.012501258
0.01250203
0.012502382
0.01250246
0.012502383
0.012502236
0.012502082
0.012501959
0.012501892
0.012501891
0.012501957
0.012502078
0.01250223
0.012502375
0.01250245
0.01250237
0.012502016
0.012501242
0.012499903
0.012499288
0.012499576
0.012499852
0.012500104
0.012500323
0.012500505
0.012500648
0.012500753
0.012500822
0.012500856
0.012500855
0.01250082
0.01250075
0.012500643
0.012500499
0.012500316
0.012500096
0.012499842
0.012499565
0.012499274
0.012499579
0.012500445
0.012501277
0.012502036
0.012502696
0.012503241
0.012503671
0.012503987
0.012504194
0.012504296
0.012504296
0.012504192
0.012503984
0.012503666
0.012503235
0.012502688
0.012502027
0.012501267
0.012500433
0.012499564
0.012499856
0.012501279
0.01250265
0.012503902
0.012504989
0.012505887
0.012506593
0.012507112
0.012507452
0.01250762
0.012507619
0.01250745
0.012507109
0.012506588
0.01250588
0.01250498
0.012503893
0.012502639
0.012501266
0.012499841
0.012500109
0.01250204
0.012503904
0.012505609
0.012507088
0.01250831
0.012509271
0.012509976
0.012510439
0.012510667
0.012510666
0.012510436
0.012509973
0.012509265
0.012508303
0.012507079
0.012505598
0.012503892
0.012502026
0.012500093
0.012500329
0.0125027
0.012504992
0.012507089
0.01250891
0.012510416
0.0125116
0.01251247
0.01251304
0.012513322
0.012513321
0.012513038
0.012512466
0.012511594
0.012510409
0.012508901
0.012507078
0.012504979
0.012502686
0.012500313
0.012500512
0.012503247
0.012505891
0.012508313
0.012510417
0.01251216
0.012513531
0.01251454
0.012515201
0.012515528
0.012515527
0.012515199
0.012514536
0.012513525
0.012512152
0.012510408
0.012508302
0.012505879
0.012503233
0.012500496
0.012500656
0.012503678
0.012506599
0.012509275
0.012511603
0.012513532
0.012515052
0.012516172
0.012516907
0.01251727
0.012517269
0.012516904
0.012516168
0.012515046
0.012513525
0.012511593
0.012509263
0.012506586
0.012503663
0.01250064
0.012500763
0.012503995
0.012507119
0.012509982
0.012512474
0.012514542
0.012516173
0.012517376
0.012518165
0.012518555
0.012518555
0.012518163
0.012517372
0.012516167
0.012514534
0.012512464
0.01250997
0.012507106
0.01250398
0.012500746
0.012500833
0.012504203
0.01250746
0.012510445
0.012513045
0.012515205
0.012516909
0.012518166
0.012518992
0.012519401
0.0125194
0.01251899
0.012518162
0.012516903
0.012515197
0.012513036
0.012510433
0.012507446
0.012504188
0.012500816
0.012500867
0.012504306
0.012507628
0.012510674
0.012513328
0.012515532
0.012517273
0.012518558
0.012519402
0.012519819
0.012519818
0.012519399
0.012518553
0.012517267
0.012515524
0.012513318
0.012510662
0.012507615
0.012504291
0.012500851
0.012500868
0.012504306
0.012507628
0.012510674
0.012513328
0.012515533
0.012517273
0.012518558
0.012519402
0.01251982
0.012519819
0.012519399
0.012518554
0.012517267
0.012515525
0.012513318
0.012510663
0.012507615
0.012504291
0.012500851
0.012500833
0.012504204
0.01250746
0.012510446
0.012513046
0.012515205
0.01251691
0.012518167
0.012518993
0.012519402
0.012519401
0.01251899
0.012518163
0.012516904
0.012515198
0.012513036
0.012510434
0.012507447
0.012504189
0.012500817
0.012500764
0.012503996
0.01250712
0.012509983
0.012512475
0.012514544
0.012516175
0.012517377
0.012518167
0.012518557
0.012518556
0.012518164
0.012517373
0.012516169
0.012514536
0.012512466
0.012509972
0.012507107
0.012503982
0.012500747
0.012500658
0.01250368
0.0125066
0.012509276
0.012511604
0.012513534
0.012515054
0.012516174
0.012516909
0.012517272
0.012517271
0.012516906
0.01251617
0.012515048
0.012513526
0.012511595
0.012509265
0.012506587
0.012503665
0.012500641
0.012500514
0.012503249
0.012505893
0.012508315
0.01251042
0.012512162
0.012513533
0.012514542
0.012515204
0.01251553
0.012515529
0.012515201
0.012514538
0.012513528
0.012512155
0.012510411
0.012508304
0.012505881
0.012503235
0.012500498
0.012500332
0.012502703
0.012504994
0.012507092
0.012508913
0.012510419
0.012511603
0.012512473
0.012513044
0.012513325
0.012513324
0.012513041
0.012512469
0.012511597
0.012510412
0.012508904
0.012507081
0.012504982
0.012502689
0.012500316
0.012500112
0.012502043
0.012503907
0.012505612
0.012507091
0.012508314
0.012509274
0.01250998
0.012510442
0.01251067
0.01251067
0.01251044
0.012509976
0.012509269
0.012508307
0.012507082
0.012505602
0.012503895
0.012502029
0.012500096
0.01249986
0.012501283
0.012502654
0.012503906
0.012504993
0.012505891
0.012506598
0.012507117
0.012507456
0.012507624
0.012507623
0.012507454
0.012507113
0.012506592
0.012505885
0.012504985
0.012503897
0.012502643
0.012501269
0.012499844
0.012499582
0.012500449
0.012501282
0.012502041
0.0125027
0.012503246
0.012503676
0.012503992
0.012504199
0.012504301
0.012504301
0.012504197
0.012503989
0.012503671
0.01250324
0.012502693
0.012502032
0.012501271
0.012500437
0.012499568
0.012499292
0.012499581
0.012499857
0.012500109
0.012500328
0.01250051
0.012500653
0.012500759
0.012500828
0.012500862
0.012500861
0.012500826
0.012500756
0.012500649
0.012500504
0.012500321
0.012500101
0.012499848
0.01249957
0.012499279
0.012499285
0.012499327
0.012499368
0.012499407
0.012499444
0.012499477
0.012499505
0.012499527
0.012499542
0.012499549
0.012499548
0.01249954
0.012499525
0.012499502
0.012499473
0.012499439
0.012499402
0.012499361
0.012499319
0.012499276
0.012499329
0.012499455
0.012499579
0.012499698
0.01249981
0.012499911
0.012499995
0.012500061
0.012500107
0.012500129
0.012500129
0.012500105
0.012500059
0.012499992
0.012499906
0.012499805
0.012499692
0.012499571
0.012499446
0.012499319
0.012499371
0.01249958
0.012499787
0.012499987
0.012500174
0.012500341
0.012500483
0.012500594
0.012500669
0.012500707
0.012500707
0.012500668
0.012500591
0.01250048
0.012500337
0.012500168
0.01249998
0.012499779
0.012499571
0.012499361
0.012499412
0.012499701
0.012499988
0.012500266
0.012500527
0.01250076
0.012500957
0.01250111
0.012501215
0.012501268
0.012501268
0.012501214
0.012501108
0.012500953
0.012500755
0.012500521
0.012500259
0.01249998
0.012499692
0.012499401
0.01249945
0.012499814
0.012500176
0.012500528
0.012500857
0.012501152
0.0125014
0.012501594
0.012501726
0.012501793
0.012501792
0.012501724
0.012501591
0.012501396
0.012501147
0.012500851
0.01250052
0.012500168
0.012499804
0.012499439
0.012499484
0.012499916
0.012500345
0.012500762
0.012501153
0.012501502
0.012501796
0.012502025
0.012502181
0.01250226
0.012502259
0.012502179
0.012502022
0.012501792
0.012501497
0.012501146
0.012500755
0.012500336
0.012499906
0.012499472
0.012499512
0.012500001
0.012500488
0.01250096
0.012501402
0.012501797
0.012502129
0.012502387
0.012502564
0.012502653
0.012502652
0.012502562
0.012502384
0.012502125
0.012501792
0.012501396
0.012500952
0.012500479
0.012499991
0.012499501
0.012499535
0.012500068
0.012500599
0.012501115
0.012501597
0.012502027
0.012502388
0.012502669
0.012502861
0.012502958
0.012502957
0.012502859
0.012502666
0.012502384
0.012502021
0.01250159
0.012501107
0.01250059
0.012500058
0.012499523
0.01249955
0.012500114
0.012500675
0.01250122
0.01250173
0.012502184
0.012502565
0.012502862
0.012503064
0.012503167
0.012503166
0.012503063
0.012502859
0.012502561
0.012502178
0.012501723
0.012501213
0.012500666
0.012500104
0.012499539
0.012499558
0.012500138
0.012500714
0.012501274
0.012501797
0.012502264
0.012502655
0.01250296
0.012503168
0.012503273
0.012503272
0.012503166
0.012502957
0.012502651
0.012502258
0.012501791
0.012501266
0.012500705
0.012500127
0.012499547
0.012499558
0.012500138
0.012500715
0.012501274
0.012501798
0.012502264
0.012502656
0.01250296
0.012503168
0.012503273
0.012503272
0.012503166
0.012502957
0.012502651
0.012502258
0.012501791
0.012501267
0.012500705
0.012500127
0.012499547
0.012499551
0.012500115
0.012500676
0.012501221
0.012501731
0.012502184
0.012502566
0.012502863
0.012503065
0.012503168
0.012503167
0.012503063
0.01250286
0.012502562
0.012502179
0.012501724
0.012501213
0.012500667
0.012500104
0.012499539
0.012499536
0.012500069
0.0125006
0.012501116
0.012501598
0.012502028
0.01250239
0.012502671
0.012502863
0.012502959
0.012502959
0.012502861
0.012502668
0.012502385
0.012502023
0.012501591
0.012501108
0.012500591
0.012500059
0.012499524
0.012499514
0.012500003
0.012500489
0.012500962
0.012501404
0.012501799
0.012502131
0.012502389
0.012502565
0.012502655
0.012502654
0.012502564
0.012502386
0.012502127
0.012501793
0.012501398
0.012500954
0.01250048
0.012499993
0.012499503
0.012499486
0.012499917
0.012500347
0.012500764
0.012501155
0.012501504
0.012501798
0.012502027
0.012502183
0.012502262
0.012502262
0.012502182
0.012502024
0.012501794
0.012501499
0.012501149
0.012500757
0.012500338
0.012499908
0.012499474
0.012499452
0.012499817
0.012500179
0.012500531
0.01250086
0.012501155
0.012501403
0.012501597
0.012501729
0.012501796
0.012501795
0.012501727
0.012501594
0.012501399
0.01250115
0.012500854
0.012500523
0.01250017
0.012499807
0.012499441
0.012499415
0.012499704
0.012499991
0.012500269
0.01250053
0.012500763
0.01250096
0.012501114
0.012501219
0.012501272
0.012501272
0.012501217
0.012501111
0.012500957
0.012500759
0.012500524
0.012500262
0.012499983
0.012499695
0.012499404
0.012499374
0.012499584
0.01249979
0.01249999
0.012500178
0.012500346
0.012500487
0.012500598
0.012500674
0.012500712
0.012500711
0.012500672
0.012500595
0.012500484
0.012500341
0.012500172
0.012499984
0.012499783
0.012499575
0.012499364
0.012499333
0.012499459
0.012499583
0.012499703
0.012499815
0.012499915
0.0125
0.012500066
0.012500112
0.012500134
0.012500134
0.01250011
0.012500064
0.012499997
0.012499911
0.01249981
0.012499697
0.012499576
0.01249945
0.012499323
0.01249929
0.012499332
0.012499373
0.012499413
0.01249945
0.012499483
0.012499511
0.012499533
0.012499547
0.012499555
0.012499554
0.012499546
0.01249953
0.012499508
0.012499479
0.012499445
0.012499407
0.012499366
0.012499324
0.012499281
0.012499351
0.012499353
0.012499354
0.012499356
0.012499357
0.012499359
0.01249936
0.01249936
0.012499361
0.012499361
0.012499361
0.01249936
0.012499359
0.012499357
0.012499356
0.012499354
0.012499352
0.01249935
0.012499347
0.012499345
0.012499355
0.01249936
0.012499365
0.01249937
0.012499375
0.012499379
0.012499383
0.012499385
0.012499387
0.012499388
0.012499388
0.012499386
0.012499384
0.01249938
0.012499376
0.012499371
0.012499366
0.01249936
0.012499354
0.012499347
0.012499357
0.012499366
0.012499375
0.012499384
0.012499391
0.012499398
0.012499404
0.012499409
0.012499413
0.012499414
0.012499414
0.012499412
0.012499408
0.012499402
0.012499395
0.012499387
0.012499379
0.01249937
0.01249936
0.01249935
0.01249936
0.012499372
0.012499385
0.012499396
0.012499407
0.012499417
0.012499425
0.012499432
0.012499437
0.012499439
0.012499439
0.012499436
0.01249943
0.012499423
0.012499413
0.012499403
0.012499391
0.012499379
0.012499366
0.012499352
0.012499362
0.012499378
0.012499393
0.012499408
0.012499422
0.012499434
0.012499445
0.012499454
0.01249946
0.012499463
0.012499462
0.012499459
0.012499452
0.012499442
0.01249943
0.012499417
0.012499403
0.012499387
0.012499371
0.012499354
0.012499364
0.012499383
0.012499401
0.012499419
0.012499435
0.01249945
0.012499463
0.012499474
0.012499481
0.012499484
0.012499484
0.01249948
0.012499472
0.01249946
0.012499446
0.01249943
0.012499413
0.012499395
0.012499376
0.012499356
0.012499365
0.012499387
0.012499408
0.012499428
0.012499447
0.012499464
0.012499479
0.012499491
0.012499499
0.012499503
0.012499503
0.012499498
0.012499489
0.012499476
0.01249946
0.012499442
0.012499423
0.012499402
0.01249938
0.012499357
0.012499367
0.012499391
0.012499414
0.012499436
0.012499456
0.012499475
0.012499492
0.012499505
0.012499514
0.012499519
0.012499518
0.012499513
0.012499503
0.012499489
0.012499471
0.012499452
0.01249943
0.012499407
0.012499384
0.012499359
0.012499368
0.012499393
0.012499418
0.012499441
0.012499463
0.012499483
0.012499501
0.012499515
0.012499525
0.01249953
0.012499529
0.012499524
0.012499513
0.012499498
0.012499479
0.012499458
0.012499435
0.012499411
0.012499386
0.01249936
0.012499368
0.012499395
0.01249942
0.012499444
0.012499467
0.012499488
0.012499506
0.01249952
0.012499531
0.012499536
0.012499535
0.012499529
0.012499518
0.012499503
0.012499484
0.012499462
0.012499438
0.012499413
0.012499387
0.01249936
0.012499369
0.012499395
0.01249942
0.012499444
0.012499467
0.012499488
0.012499506
0.012499521
0.012499531
0.012499536
0.012499535
0.01249953
0.012499519
0.012499503
0.012499484
0.012499462
0.012499439
0.012499414
0.012499388
0.01249936
0.012499368
0.012499394
0.012499418
0.012499442
0.012499464
0.012499484
0.012499502
0.012499516
0.012499526
0.012499531
0.01249953
0.012499524
0.012499514
0.012499499
0.01249948
0.012499459
0.012499436
0.012499412
0.012499387
0.01249936
0.012499368
0.012499392
0.012499415
0.012499437
0.012499457
0.012499476
0.012499493
0.012499506
0.012499516
0.01249952
0.01249952
0.012499514
0.012499504
0.01249949
0.012499473
0.012499453
0.012499431
0.012499409
0.012499385
0.01249936
0.012499367
0.012499389
0.01249941
0.01249943
0.012499448
0.012499466
0.012499481
0.012499493
0.012499501
0.012499505
0.012499505
0.0124995
0.012499491
0.012499478
0.012499462
0.012499444
0.012499424
0.012499404
0.012499382
0.012499359
0.012499365
0.012499385
0.012499403
0.012499421
0.012499437
0.012499452
0.012499465
0.012499476
0.012499483
0.012499487
0.012499487
0.012499482
0.012499474
0.012499463
0.012499449
0.012499433
0.012499416
0.012499397
0.012499378
0.012499358
0.012499364
0.01249938
0.012499396
0.012499411
0.012499424
0.012499437
0.012499448
0.012499457
0.012499463
0.012499466
0.012499466
0.012499462
0.012499455
0.012499445
0.012499434
0.01249942
0.012499406
0.01249939
0.012499374
0.012499356
0.012499362
0.012499375
0.012499388
0.012499399
0.01249941
0.01249942
0.012499429
0.012499436
0.012499441
0.012499443
0.012499443
0.01249944
0.012499434
0.012499426
0.012499417
0.012499406
0.012499395
0.012499382
0.012499369
0.012499355
0.01249936
0.01249937
0.012499379
0.012499388
0.012499395
0.012499403
0.012499409
0.012499414
0.012499417
0.012499419
0.012499418
0.012499416
0.012499412
0.012499406
0.012499399
0.012499392
0.012499383
0.012499374
0.012499364
0.012499353
0.012499358
0.012499364
0.01249937
0.012499375
0.01249938
0.012499384
0.012499387
0.01249939
0.012499392
0.012499393
0.012499393
0.012499391
0.012499389
0.012499385
0.012499381
0.012499376
0.01249937
0.012499365
0.012499358
0.012499351
0.012499356
0.012499358
0.01249936
0.012499361
0.012499363
0.012499364
0.012499365
0.012499366
0.012499366
0.012499367
0.012499366
0.012499366
0.012499365
0.012499363
0.012499361
0.012499359
0.012499357
0.012499355
0.012499352
0.01249935
0.012499409
0.012499408
0.012499407
0.012499406
0.012499405
0.012499404
0.012499403
0.012499403
0.012499402
0.012499402
0.012499401
0.012499401
0.012499401
0.012499402
0.012499402
0.012499402
0.012499403
0.012499403
0.012499404
0.012499404
0.012499409
0.012499407
0.012499404
0.012499402
0.012499399
0.012499397
0.012499395
0.012499394
0.012499393
0.012499392
0.012499392
0.012499392
0.012499393
0.012499394
0.012499395
0.012499396
0.012499398
0.0124994
0.012499402
0.012499404
0.012499409
0.012499405
0.012499401
0.012499397
0.012499394
0.01249939
0.012499387
0.012499385
0.012499383
0.012499382
0.012499382
0.012499382
0.012499383
0.012499385
0.012499388
0.01249939
0.012499394
0.012499397
0.0124994
0.012499403
0.012499409
0.012499404
0.012499398
0.012499393
0.012499388
0.012499383
0.012499379
0.012499376
0.012499373
0.012499372
0.012499372
0.012499372
0.012499374
0.012499377
0.01249938
0.012499384
0.012499389
0.012499394
0.012499399
0.012499403
0.012499409
0.012499402
0.012499395
0.012499389
0.012499382
0.012499376
0.012499371
0.012499367
0.012499364
0.012499362
0.012499362
0.012499363
0.012499365
0.012499369
0.012499373
0.012499379
0.012499385
0.012499391
0.012499397
0.012499403
0.012499408
0.012499401
0.012499393
0.012499385
0.012499377
0.01249937
0.012499364
0.012499359
0.012499356
0.012499354
0.012499353
0.012499355
0.012499357
0.012499362
0.012499367
0.012499373
0.01249938
0.012499388
0.012499395
0.012499402
0.012499408
0.012499399
0.01249939
0.012499381
0.012499372
0.012499364
0.012499358
0.012499352
0.012499348
0.012499346
0.012499346
0.012499347
0.012499351
0.012499355
0.012499362
0.012499369
0.012499377
0.012499386
0.012499394
0.012499402
0.012499408
0.012499399
0.012499389
0.012499379
0.012499369
0.01249936
0.012499353
0.012499347
0.012499343
0.012499341
0.01249934
0.012499342
0.012499345
0.012499351
0.012499357
0.012499365
0.012499374
0.012499384
0.012499393
0.012499402
0.012499408
0.012499398
0.012499387
0.012499377
0.012499367
0.012499358
0.01249935
0.012499344
0.012499339
0.012499337
0.012499336
0.012499338
0.012499342
0.012499347
0.012499355
0.012499363
0.012499373
0.012499383
0.012499392
0.012499402
0.012499408
0.012499398
0.012499387
0.012499376
0.012499366
0.012499356
0.012499348
0.012499342
0.012499337
0.012499335
0.012499335
0.012499336
0.01249934
0.012499346
0.012499353
0.012499362
0.012499372
0.012499382
0.012499392
0.012499402
0.012499408
0.012499398
0.012499387
0.012499376
0.012499366
0.012499357
0.012499349
0.012499342
0.012499338
0.012499335
0.012499335
0.012499337
0.012499341
0.012499346
0.012499354
0.012499362
0.012499372
0.012499382
0.012499392
0.012499402
0.012499409
0.012499399
0.012499388
0.012499378
0.012499368
0.012499358
0.012499351
0.012499344
0.01249934
0.012499338
0.012499337
0.012499339
0.012499343
0.012499348
0.012499355
0.012499364
0.012499373
0.012499383
0.012499393
0.012499403
0.012499409
0.0124994
0.01249939
0.01249938
0.01249937
0.012499362
0.012499354
0.012499348
0.012499344
0.012499342
0.012499342
0.012499343
0.012499347
0.012499352
0.012499359
0.012499367
0.012499376
0.012499385
0.012499394
0.012499403
0.01249941
0.012499401
0.012499392
0.012499383
0.012499374
0.012499366
0.01249936
0.012499354
0.01249935
0.012499348
0.012499348
0.012499349
0.012499353
0.012499357
0.012499364
0.012499371
0.012499379
0.012499387
0.012499396
0.012499404
0.01249941
0.012499403
0.012499395
0.012499387
0.012499379
0.012499372
0.012499366
0.012499362
0.012499358
0.012499356
0.012499356
0.012499357
0.01249936
0.012499364
0.01249937
0.012499376
0.012499383
0.01249939
0.012499397
0.012499404
0.012499411
0.012499405
0.012499398
0.012499391
0.012499385
0.012499379
0.012499374
0.01249937
0.012499367
0.012499366
0.012499365
0.012499366
0.012499369
0.012499372
0.012499376
0.012499382
0.012499387
0.012499393
0.012499399
0.012499405
0.012499412
0.012499407
0.012499401
0.012499396
0.012499391
0.012499387
0.012499383
0.01249938
0.012499377
0.012499376
0.012499376
0.012499376
0.012499378
0.012499381
0.012499384
0.012499388
0.012499393
0.012499397
0.012499402
0.012499406
0.012499412
0.012499409
0.012499405
0.012499401
0.012499398
0.012499394
0.012499392
0.012499389
0.012499388
0.012499387
0.012499386
0.012499387
0.012499388
0.01249939
0.012499392
0.012499395
0.012499398
0.012499401
0.012499404
0.012499407
0.012499413
0.012499411
0.012499409
0.012499406
0.012499404
0.012499402
0.0124994
0.012499399
0.012499398
0.012499397
0.012499397
0.012499397
0.012499398
0.012499399
0.0124994
0.012499401
0.012499403
0.012499405
0.012499406
0.012499408
0.012499413
0.012499413
0.012499412
0.012499411
0.01249941
0.01249941
0.012499409
0.012499408
0.012499408
0.012499408
0.012499407
0.012499407
0.012499407
0.012499407
0.012499408
0.012499408
0.012499408
0.012499408
0.012499409
0.012499409
0.012499448
0.012499447
0.012499447
0.012499446
0.012499446
0.012499445
0.012499445
0.012499445
0.012499444
0.012499444
0.012499444
0.012499444
0.012499444
0.012499444
0.012499444
0.012499443
0.012499444
0.012499444
0.012499444
0.012499444
0.012499448
0.012499447
0.012499446
0.012499445
0.012499445
0.012499444
0.012499443
0.012499442
0.012499442
0.012499442
0.012499441
0.012499441
0.012499441
0.012499442
0.012499442
0.012499442
0.012499443
0.012499443
0.012499443
0.012499444
0.012499449
0.012499447
0.012499446
0.012499445
0.012499443
0.012499442
0.012499441
0.01249944
0.01249944
0.012499439
0.012499439
0.012499439
0.012499439
0.01249944
0.01249944
0.012499441
0.012499442
0.012499442
0.012499443
0.012499444
0.012499449
0.012499447
0.012499445
0.012499444
0.012499442
0.012499441
0.012499439
0.012499438
0.012499437
0.012499437
0.012499437
0.012499437
0.012499437
0.012499438
0.012499438
0.012499439
0.012499441
0.012499442
0.012499443
0.012499444
0.012499449
0.012499447
0.012499445
0.012499443
0.012499441
0.012499439
0.012499437
0.012499436
0.012499435
0.012499434
0.012499434
0.012499434
0.012499435
0.012499436
0.012499437
0.012499438
0.01249944
0.012499441
0.012499443
0.012499444
0.012499449
0.012499447
0.012499444
0.012499442
0.01249944
0.012499438
0.012499436
0.012499434
0.012499433
0.012499432
0.012499432
0.012499432
0.012499433
0.012499434
0.012499435
0.012499437
0.012499439
0.012499441
0.012499442
0.012499444
0.012499449
0.012499447
0.012499444
0.012499441
0.012499439
0.012499436
0.012499434
0.012499432
0.012499431
0.01249943
0.01249943
0.01249943
0.012499431
0.012499432
0.012499434
0.012499436
0.012499438
0.01249944
0.012499442
0.012499444
0.01249945
0.012499447
0.012499444
0.012499441
0.012499438
0.012499435
0.012499433
0.012499431
0.01249943
0.012499429
0.012499429
0.012499429
0.01249943
0.012499431
0.012499433
0.012499435
0.012499437
0.01249944
0.012499442
0.012499445
0.01249945
0.012499447
0.012499444
0.012499441
0.012499438
0.012499435
0.012499432
0.01249943
0.012499429
0.012499428
0.012499428
0.012499428
0.012499429
0.01249943
0.012499432
0.012499435
0.012499437
0.01249944
0.012499442
0.012499445
0.01249945
0.012499447
0.012499444
0.012499441
0.012499438
0.012499435
0.012499432
0.01249943
0.012499429
0.012499428
0.012499428
0.012499428
0.012499429
0.01249943
0.012499432
0.012499434
0.012499437
0.01249944
0.012499442
0.012499445
0.01249945
0.012499447
0.012499444
0.012499441
0.012499438
0.012499435
0.012499433
0.012499431
0.012499429
0.012499428
0.012499428
0.012499428
0.012499429
0.012499431
0.012499432
0.012499435
0.012499437
0.01249944
0.012499442
0.012499445
0.012499451
0.012499448
0.012499445
0.012499442
0.012499439
0.012499436
0.012499433
0.012499431
0.01249943
0.012499429
0.012499429
0.012499429
0.01249943
0.012499431
0.012499433
0.012499435
0.012499438
0.01249944
0.012499443
0.012499445
0.012499451
0.012499448
0.012499445
0.012499442
0.01249944
0.012499437
0.012499435
0.012499433
0.012499431
0.012499431
0.01249943
0.01249943
0.012499431
0.012499433
0.012499434
0.012499436
0.012499439
0.012499441
0.012499443
0.012499446
0.012499451
0.012499449
0.012499446
0.012499443
0.012499441
0.012499438
0.012499436
0.012499435
0.012499433
0.012499433
0.012499432
0.012499432
0.012499433
0.012499434
0.012499436
0.012499438
0.01249944
0.012499442
0.012499444
0.012499446
0.012499451
0.012499449
0.012499447
0.012499445
0.012499442
0.01249944
0.012499438
0.012499437
0.012499436
0.012499435
0.012499435
0.012499435
0.012499435
0.012499436
0.012499438
0.012499439
0.012499441
0.012499443
0.012499444
0.012499446
0.012499452
0.01249945
0.012499448
0.012499446
0.012499444
0.012499442
0.012499441
0.012499439
0.012499438
0.012499438
0.012499438
0.012499438
0.012499438
0.012499439
0.01249944
0.012499441
0.012499442
0.012499444
0.012499445
0.012499447
0.012499452
0.01249945
0.012499449
0.012499447
0.012499446
0.012499444
0.012499443
0.012499442
0.012499441
0.012499441
0.012499441
0.012499441
0.012499441
0.012499441
0.012499442
0.012499443
0.012499444
0.012499445
0.012499446
0.012499447
0.012499452
0.012499451
0.01249945
0.012499449
0.012499448
0.012499447
0.012499446
0.012499445
0.012499444
0.012499444
0.012499444
0.012499444
0.012499444
0.012499444
0.012499444
0.012499445
0.012499446
0.012499446
0.012499447
0.012499447
0.012499452
0.012499452
0.012499451
0.01249945
0.01249945
0.012499449
0.012499448
0.012499448
0.012499447
0.012499447
0.012499447
0.012499447
0.012499447
0.012499447
0.012499447
0.012499447
0.012499447
0.012499448
0.012499448
0.012499448
0.012499452
0.012499452
0.012499452
0.012499451
0.012499451
0.012499451
0.012499451
0.01249945
0.01249945
0.01249945
0.01249945
0.01249945
0.012499449
0.012499449
0.012499449
0.012499449
0.012499449
0.012499449
0.012499449
0.012499448
0.012499472
0.012499471
0.012499471
0.012499471
0.012499471
0.01249947
0.01249947
0.01249947
0.01249947
0.012499469
0.012499469
0.012499469
0.012499469
0.012499469
0.012499469
0.012499469
0.012499469
0.012499468
0.012499468
0.012499468
0.012499473
0.012499472
0.012499472
0.012499471
0.012499471
0.012499471
0.01249947
0.01249947
0.01249947
0.01249947
0.012499469
0.012499469
0.012499469
0.012499469
0.012499469
0.012499469
0.012499469
0.012499469
0.012499469
0.012499469
0.012499473
0.012499473
0.012499472
0.012499472
0.012499471
0.012499471
0.01249947
0.01249947
0.01249947
0.012499469
0.012499469
0.012499469
0.012499469
0.012499469
0.012499469
0.012499469
0.012499469
0.012499469
0.012499469
0.012499469
0.012499474
0.012499473
0.012499472
0.012499472
0.012499471
0.012499471
0.01249947
0.01249947
0.01249947
0.012499469
0.012499469
0.012499469
0.012499469
0.012499469
0.012499469
0.012499469
0.012499469
0.012499469
0.012499469
0.012499469
0.012499474
0.012499473
0.012499473
0.012499472
0.012499471
0.012499471
0.01249947
0.01249947
0.01249947
0.012499469
0.012499469
0.012499469
0.012499469
0.012499469
0.012499469
0.012499469
0.012499469
0.012499469
0.012499469
0.012499469
0.012499474
0.012499474
0.012499473
0.012499472
0.012499472
0.012499471
0.01249947
0.01249947
0.01249947
0.012499469
0.012499469
0.012499469
0.012499469
0.012499469
0.012499469
0.012499469
0.012499469
0.012499469
0.012499469
0.01249947
0.012499474
0.012499474
0.012499473
0.012499472
0.012499472
0.012499471
0.012499471
0.01249947
0.01249947
0.012499469
0.012499469
0.012499469
0.012499469
0.012499469
0.012499469
0.012499469
0.012499469
0.012499469
0.01249947
0.01249947
0.012499475
0.012499474
0.012499473
0.012499473
0.012499472
0.012499471
0.012499471
0.01249947
0.01249947
0.012499469
0.012499469
0.012499469
0.012499469
0.012499469
0.012499469
0.012499469
0.012499469
0.01249947
0.01249947
0.01249947
0.012499475
0.012499474
0.012499474
0.012499473
0.012499472
0.012499471
0.012499471
0.01249947
0.01249947
0.012499469
0.012499469
0.012499469
0.012499469
0.012499469
0.012499469
0.012499469
0.01249947
0.01249947
0.01249947
0.01249947
0.012499475
0.012499475
0.012499474
0.012499473
0.012499472
0.012499472
0.012499471
0.01249947
0.01249947
0.012499469
0.012499469
0.012499469
0.012499469
0.012499469
0.012499469
0.01249947
0.01249947
0.01249947
0.01249947
0.01249947
0.012499475
0.012499475
0.012499474
0.012499473
0.012499473
0.012499472
0.012499471
0.012499471
0.01249947
0.01249947
0.01249947
0.012499469
0.012499469
0.012499469
0.01249947
0.01249947
0.01249947
0.01249947
0.01249947
0.012499471
0.012499476
0.012499475
0.012499474
0.012499474
0.012499473
0.012499472
0.012499472
0.012499471
0.012499471
0.01249947
0.01249947
0.01249947
0.01249947
0.01249947
0.01249947
0.01249947
0.01249947
0.01249947
0.012499471
0.012499471
0.012499476
0.012499475
0.012499475
0.012499474
0.012499473
0.012499473
0.012499472
0.012499472
0.012499471
0.012499471
0.01249947
0.01249947
0.01249947
0.01249947
0.01249947
0.01249947
0.012499471
0.012499471
0.012499471
0.012499471
0.012499476
0.012499475
0.012499475
0.012499474
0.012499474
0.012499473
0.012499473
0.012499472
0.012499472
0.012499471
0.012499471
0.012499471
0.012499471
0.012499471
0.012499471
0.012499471
0.012499471
0.012499471
0.012499471
0.012499471
0.012499476
0.012499476
0.012499475
0.012499475
0.012499474
0.012499474
0.012499473
0.012499473
0.012499472
0.012499472
0.012499472
0.012499471
0.012499471
0.012499471
0.012499471
0.012499471
0.012499471
0.012499471
0.012499472
0.012499472
0.012499476
0.012499476
0.012499475
0.012499475
0.012499475
0.012499474
0.012499474
0.012499473
0.012499473
0.012499473
0.012499472
0.012499472
0.012499472
0.012499472
0.012499472
0.012499472
0.012499472
0.012499472
0.012499472
0.012499472
0.012499476
0.012499476
0.012499476
0.012499475
0.012499475
0.012499475
0.012499474
0.012499474
0.012499474
0.012499473
0.012499473
0.012499473
0.012499473
0.012499473
0.012499472
0.012499472
0.012499472
0.012499472
0.012499472
0.012499472
0.012499476
0.012499476
0.012499476
0.012499476
0.012499475
0.012499475
0.012499475
0.012499475
0.012499474
0.012499474
0.012499474
0.012499474
0.012499473
0.012499473
0.012499473
0.012499473
0.012499473
0.012499473
0.012499472
0.012499472
0.012499477
0.012499476
0.012499476
0.012499476
0.012499476
0.012499476
0.012499475
0.012499475
0.012499475
0.012499475
0.012499474
0.012499474
0.012499474
0.012499474
0.012499474
0.012499474
0.012499473
0.012499473
0.012499473
0.012499472
0.012499477
0.012499476
0.012499476
0.012499476
0.012499476
0.012499476
0.012499476
0.012499476
0.012499475
0.012499475
0.012499475
0.012499475
0.012499475
0.012499475
0.012499474
0.012499474
0.012499474
0.012499474
0.012499473
0.012499473
0.012499487
0.012499486
0.012499486
0.012499485
0.012499485
0.012499485
0.012499485
0.012499485
0.012499484
0.012499484
0.012499484
0.012499484
0.012499484
0.012499484
0.012499483
0.012499483
0.012499483
0.012499483
0.012499483
0.012499483
0.012499487
0.012499487
0.012499486
0.012499486
0.012499486
0.012499486
0.012499485
0.012499485
0.012499485
0.012499485
0.012499484
0.012499484
0.012499484
0.012499484
0.012499484
0.012499484
0.012499484
0.012499484
0.012499483
0.012499483
0.012499488
0.012499487
0.012499487
0.012499487
0.012499486
0.012499486
0.012499486
0.012499485
0.012499485
0.012499485
0.012499485
0.012499485
0.012499485
0.012499484
0.012499484
0.012499484
0.012499484
0.012499484
0.012499484
0.012499484
0.012499488
0.012499488
0.012499487
0.012499487
0.012499487
0.012499486
0.012499486
0.012499486
0.012499486
0.012499485
0.012499485
0.012499485
0.012499485
0.012499485
0.012499485
0.012499484
0.012499484
0.012499484
0.012499484
0.012499484
0.012499489
0.012499488
0.012499488
0.012499487
0.012499487
0.012499487
0.012499486
0.012499486
0.012499486
0.012499486
0.012499485
0.012499485
0.012499485
0.012499485
0.012499485
0.012499485
0.012499485
0.012499484
0.012499484
0.012499484
0.012499489
0.012499488
0.012499488
0.012499488
0.012499487
0.012499487
0.012499487
0.012499486
0.012499486
0.012499486
0.012499485
0.012499485
0.012499485
0.012499485
0.012499485
0.012499485
0.012499485
0.012499485
0.012499485
0.012499484
0.012499489
0.012499489
0.012499488
0.012499488
0.012499488
0.012499487
0.012499487
0.012499486
0.012499486
0.012499486
0.012499486
0.012499485
0.012499485
0.012499485
0.012499485
0.012499485
0.012499485
0.012499485
0.012499485
0.012499485
0.012499489
0.012499489
0.012499489
0.012499488
0.012499488
0.012499487
0.012499487
0.012499487
0.012499486
0.012499486
0.012499486
0.012499486
0.012499486
0.012499485
0.012499485
0.012499485
0.012499485
0.012499485
0.012499485
0.012499485
0.01249949
0.012499489
0.012499489
0.012499488
0.012499488
0.012499487
0.012499487
0.012499487
0.012499486
0.012499486
0.012499486
0.012499486
0.012499486
0.012499486
0.012499486
0.012499486
0.012499485
0.012499485
0.012499485
0.012499485
0.01249949
0.012499489
0.012499489
0.012499489
0.012499488
0.012499488
0.012499487
0.012499487
0.012499487
0.012499486
0.012499486
0.012499486
0.012499486
0.012499486
0.012499486
0.012499486
0.012499486
0.012499486
0.012499485
0.012499485
0.01249949
0.01249949
0.012499489
0.012499489
0.012499488
0.012499488
0.012499487
0.012499487
0.012499487
0.012499487
0.012499486
0.012499486
0.012499486
0.012499486
0.012499486
0.012499486
0.012499486
0.012499486
0.012499486
0.012499485
0.01249949
0.01249949
0.012499489
0.012499489
0.012499489
0.012499488
0.012499488
0.012499487
0.012499487
0.012499487
0.012499487
0.012499486
0.012499486
0.012499486
0.012499486
0.012499486
0.012499486
0.012499486
0.012499486
0.012499486
0.01249949
0.01249949
0.01249949
0.012499489
0.012499489
0.012499488
0.012499488
0.012499488
0.012499487
0.012499487
0.012499487
0.012499487
0.012499487
0.012499487
0.012499487
0.012499487
0.012499486
0.012499486
0.012499486
0.012499486
0.01249949
0.01249949
0.01249949
0.012499489
0.012499489
0.012499489
0.012499488
0.012499488
0.012499488
0.012499488
0.012499487
0.012499487
0.012499487
0.012499487
0.012499487
0.012499487
0.012499487
0.012499487
0.012499486
0.012499486
0.012499491
0.01249949
0.01249949
0.01249949
0.012499489
0.012499489
0.012499489
0.012499488
0.012499488
0.012499488
0.012499488
0.012499488
0.012499487
0.012499487
0.012499487
0.012499487
0.012499487
0.012499487
0.012499487
0.012499486
0.012499491
0.01249949
0.01249949
0.01249949
0.01249949
0.012499489
0.012499489
0.012499489
0.012499489
0.012499488
0.012499488
0.012499488
0.012499488
0.012499488
0.012499488
0.012499487
0.012499487
0.012499487
0.012499487
0.012499487
0.012499491
0.012499491
0.01249949
0.01249949
0.01249949
0.01249949
0.012499489
0.012499489
0.012499489
0.012499489
0.012499489
0.012499488
0.012499488
0.012499488
0.012499488
0.012499488
0.012499488
0.012499487
0.012499487
0.012499487
0.012499491
0.012499491
0.012499491
0.01249949
0.01249949
0.01249949
0.01249949
0.01249949
0.012499489
0.012499489
0.012499489
0.012499489
0.012499489
0.012499489
0.012499488
0.012499488
0.012499488
0.012499488
0.012499487
0.012499487
0.012499491
0.012499491
0.012499491
0.012499491
0.01249949
0.01249949
0.01249949
0.01249949
0.01249949
0.01249949
0.012499489
0.012499489
0.012499489
0.012499489
0.012499489
0.012499489
0.012499488
0.012499488
0.012499488
0.012499487
0.012499491
0.012499491
0.012499491
0.012499491
0.012499491
0.012499491
0.01249949
0.01249949
0.01249949
0.01249949
0.01249949
0.01249949
0.012499489
0.012499489
0.012499489
0.012499489
0.012499489
0.012499488
0.012499488
0.012499488
0.012499495
0.012499494
0.012499494
0.012499494
0.012499494
0.012499493
0.012499493
0.012499493
0.012499493
0.012499493
0.012499492
0.012499492
0.012499492
0.012499492
0.012499492
0.012499492
0.012499492
0.012499492
0.012499491
0.012499491
0.012499496
0.012499495
0.012499495
0.012499495
0.012499494
0.012499494
0.012499494
0.012499494
0.012499493
0.012499493
0.012499493
0.012499493
0.012499493
0.012499493
0.012499492
0.012499492
0.012499492
0.012499492
0.012499492
0.012499492
0.012499496
0.012499496
0.012499496
0.012499495
0.012499495
0.012499495
0.012499494
0.012499494
0.012499494
0.012499494
0.012499494
0.012499493
0.012499493
0.012499493
0.012499493
0.012499493
0.012499493
0.012499492
0.012499492
0.012499492
0.012499497
0.012499496
0.012499496
0.012499496
0.012499496
0.012499495
0.012499495
0.012499495
0.012499494
0.012499494
0.012499494
0.012499494
0.012499494
0.012499493
0.012499493
0.012499493
0.012499493
0.012499493
0.012499493
0.012499492
0.012499497
0.012499497
0.012499496
0.012499496
0.012499496
0.012499496
0.012499495
0.012499495
0.012499495
0.012499494
0.012499494
0.012499494
0.012499494
0.012499494
0.012499494
0.012499493
0.012499493
0.012499493
0.012499493
0.012499493
0.012499497
0.012499497
0.012499497
0.012499497
0.012499496
0.012499496
0.012499496
0.012499495
0.012499495
0.012499495
0.012499494
0.012499494
0.012499494
0.012499494
0.012499494
0.012499494
0.012499494
0.012499493
0.012499493
0.012499493
0.012499497
0.012499497
0.012499497
0.012499497
0.012499496
0.012499496
0.012499496
0.012499495
0.012499495
0.012499495
0.012499495
0.012499494
0.012499494
0.012499494
0.012499494
0.012499494
0.012499494
0.012499494
0.012499493
0.012499493
0.012499498
0.012499498
0.012499497
0.012499497
0.012499497
0.012499496
0.012499496
0.012499496
0.012499495
0.012499495
0.012499495
0.012499495
0.012499495
0.012499494
0.012499494
0.012499494
0.012499494
0.012499494
0.012499494
0.012499493
0.012499498
0.012499498
0.012499497
0.012499497
0.012499497
0.012499496
0.012499496
0.012499496
0.012499495
0.012499495
0.012499495
0.012499495
0.012499495
0.012499495
0.012499495
0.012499494
0.012499494
0.012499494
0.012499494
0.012499493
0.012499498
0.012499498
0.012499498
0.012499497
0.012499497
0.012499497
0.012499496
0.012499496
0.012499496
0.012499495
0.012499495
0.012499495
0.012499495
0.012499495
0.012499495
0.012499495
0.012499495
0.012499494
0.012499494
0.012499494
0.012499498
0.012499498
0.012499498
0.012499498
0.012499497
0.012499497
0.012499496
0.012499496
0.012499496
0.012499496
0.012499495
0.012499495
0.012499495
0.012499495
0.012499495
0.012499495
0.012499495
0.012499495
0.012499494
0.012499494
0.012499498
0.012499498
0.012499498
0.012499498
0.012499497
0.012499497
0.012499497
0.012499496
0.012499496
0.012499496
0.012499496
0.012499496
0.012499496
0.012499495
0.012499495
0.012499495
0.012499495
0.012499495
0.012499495
0.012499494
0.012499499
0.012499498
0.012499498
0.012499498
0.012499498
0.012499497
0.012499497
0.012499497
0.012499496
0.012499496
0.012499496
0.012499496
0.012499496
0.012499496
0.012499496
0.012499496
0.012499495
0.012499495
0.012499495
0.012499494
0.012499499
0.012499499
0.012499498
0.012499498
0.012499498
0.012499498
0.012499497
0.012499497
0.012499497
0.012499497
0.012499496
0.012499496
0.012499496
0.012499496
0.012499496
0.012499496
0.012499496
0.012499495
0.012499495
0.012499495
0.012499499
0.012499499
0.012499499
0.012499498
0.012499498
0.012499498
0.012499498
0.012499497
0.012499497
0.012499497
0.012499497
0.012499497
0.012499497
0.012499496
0.012499496
0.012499496
0.012499496
0.012499496
0.012499495
0.012499495
0.012499499
0.012499499
0.012499499
0.012499498
0.012499498
0.012499498
0.012499498
0.012499498
0.012499497
0.012499497
0.012499497
0.012499497
0.012499497
0.012499497
0.012499497
0.012499496
0.012499496
0.012499496
0.012499495
0.012499495
0.012499499
0.012499499
0.012499499
0.012499499
0.012499498
0.012499498
0.012499498
0.012499498
0.012499498
0.012499498
0.012499497
0.012499497
0.012499497
0.012499497
0.012499497
0.012499497
0.012499496
0.012499496
0.012499496
0.012499495
0.012499499
0.012499499
0.012499499
0.012499499
0.012499499
0.012499498
0.012499498
0.012499498
0.012499498
0.012499498
0.012499498
0.012499498
0.012499497
0.012499497
0.012499497
0.012499497
0.012499497
0.012499496
0.012499496
0.012499495
0.012499499
0.012499499
0.012499499
0.012499499
0.012499499
0.012499499
0.012499499
0.012499498
0.012499498
0.012499498
0.012499498
0.012499498
0.012499498
0.012499498
0.012499497
0.012499497
0.012499497
0.012499497
0.012499496
0.012499496
0.012499499
0.012499499
0.012499499
0.012499499
0.012499499
0.012499499
0.012499499
0.012499499
0.012499498
0.012499498
0.012499498
0.012499498
0.012499498
0.012499498
0.012499498
0.012499497
0.012499497
0.012499497
0.012499496
0.012499496
0.0124995
0.012499499
0.012499499
0.012499498
0.012499498
0.012499498
0.012499498
0.012499498
0.012499497
0.012499497
0.012499497
0.012499497
0.012499497
0.012499497
0.012499496
0.012499496
0.012499496
0.012499496
0.012499496
0.012499496
0.0124995
0.0124995
0.0124995
0.012499499
0.012499499
0.012499499
0.012499498
0.012499498
0.012499498
0.012499498
0.012499498
0.012499497
0.012499497
0.012499497
0.012499497
0.012499497
0.012499497
0.012499497
0.012499496
0.012499496
0.012499501
0.0124995
0.0124995
0.0124995
0.0124995
0.012499499
0.012499499
0.012499499
0.012499499
0.012499498
0.012499498
0.012499498
0.012499498
0.012499498
0.012499497
0.012499497
0.012499497
0.012499497
0.012499497
0.012499497
0.012499501
0.012499501
0.012499501
0.0124995
0.0124995
0.0124995
0.0124995
0.012499499
0.012499499
0.012499499
0.012499499
0.012499498
0.012499498
0.012499498
0.012499498
0.012499498
0.012499497
0.012499497
0.012499497
0.012499497
0.012499501
0.012499501
0.012499501
0.012499501
0.012499501
0.0124995
0.0124995
0.0124995
0.0124995
0.012499499
0.012499499
0.012499499
0.012499499
0.012499498
0.012499498
0.012499498
0.012499498
0.012499498
0.012499497
0.012499497
0.012499502
0.012499502
0.012499502
0.012499501
0.012499501
0.012499501
0.012499501
0.0124995
0.0124995
0.0124995
0.012499499
0.012499499
0.012499499
0.012499499
0.012499499
0.012499498
0.012499498
0.012499498
0.012499498
0.012499497
0.012499502
0.012499502
0.012499502
0.012499502
0.012499501
0.012499501
0.012499501
0.012499501
0.0124995
0.0124995
0.0124995
0.012499499
0.012499499
0.012499499
0.012499499
0.012499499
0.012499498
0.012499498
0.012499498
0.012499498
0.012499502
0.012499502
0.012499502
0.012499502
0.012499502
0.012499502
0.012499501
0.012499501
0.012499501
0.0124995
0.0124995
0.0124995
0.0124995
0.012499499
0.012499499
0.012499499
0.012499499
0.012499498
0.012499498
0.012499498
0.012499503
0.012499503
0.012499502
0.012499502
0.012499502
0.012499502
0.012499501
0.012499501
0.012499501
0.012499501
0.0124995
0.0124995
0.0124995
0.0124995
0.012499499
0.012499499
0.012499499
0.012499499
0.012499498
0.012499498
0.012499503
0.012499503
0.012499503
0.012499503
0.012499502
0.012499502
0.012499502
0.012499501
0.012499501
0.012499501
0.012499501
0.0124995
0.0124995
0.0124995
0.0124995
0.0124995
0.012499499
0.012499499
0.012499499
0.012499498
0.012499503
0.012499503
0.012499503
0.012499503
0.012499503
0.012499502
0.012499502
0.012499502
0.012499501
0.012499501
0.012499501
0.012499501
0.0124995
0.0124995
0.0124995
0.0124995
0.0124995
0.012499499
0.012499499
0.012499498
0.012499503
0.012499503
0.012499503
0.012499503
0.012499503
0.012499503
0.012499502
0.012499502
0.012499502
0.012499501
0.012499501
0.012499501
0.012499501
0.012499501
0.0124995
0.0124995
0.0124995
0.0124995
0.012499499
0.012499499
0.012499503
0.012499503
0.012499503
0.012499503
0.012499503
0.012499503
0.012499503
0.012499502
0.012499502
0.012499502
0.012499502
0.012499501
0.012499501
0.012499501
0.012499501
0.0124995
0.0124995
0.0124995
0.012499499
0.012499499
0.012499504
0.012499504
0.012499504
0.012499503
0.012499503
0.012499503
0.012499503
0.012499503
0.012499502
0.012499502
0.012499502
0.012499502
0.012499502
0.012499501
0.012499501
0.012499501
0.0124995
0.0124995
0.0124995
0.012499499
0.012499504
0.012499504
0.012499504
0.012499504
0.012499503
0.012499503
0.012499503
0.012499503
0.012499503
0.012499502
0.012499502
0.012499502
0.012499502
0.012499502
0.012499501
0.012499501
0.012499501
0.0124995
0.0124995
0.012499499
0.012499504
0.012499504
0.012499504
0.012499504
0.012499504
0.012499503
0.012499503
0.012499503
0.012499503
0.012499503
0.012499503
0.012499502
0.012499502
0.012499502
0.012499502
0.012499501
0.012499501
0.012499501
0.0124995
0.0124995
0.012499504
0.012499504
0.012499504
0.012499504
0.012499504
0.012499504
0.012499503
0.012499503
0.012499503
0.012499503
0.012499503
0.012499503
0.012499502
0.012499502
0.012499502
0.012499502
0.012499501
0.012499501
0.0124995
0.0124995
0.012499504
0.012499504
0.012499504
0.012499504
0.012499504
0.012499504
0.012499504
0.012499503
0.012499503
0.012499503
0.012499503
0.012499503
0.012499502
0.012499502
0.012499502
0.012499502
0.012499501
0.012499501
0.012499501
0.0124995
0.012499504
0.012499504
0.012499504
0.012499504
0.012499504
0.012499504
0.012499504
0.012499503
0.012499503
0.012499503
0.012499503
0.012499503
0.012499503
0.012499502
0.012499502
0.012499502
0.012499502
0.012499501
0.012499501
0.0124995
0.012499504
0.012499504
0.012499504
0.012499504
0.012499504
0.012499504
0.012499503
0.012499503
0.012499503
0.012499503
0.012499503
0.012499503
0.012499503
0.012499502
0.012499502
0.012499502
0.012499502
0.012499501
0.012499501
0.012499501
0.012499502
0.012499501
0.012499501
0.012499501
0.012499501
0.0124995
0.0124995
0.0124995
0.0124995
0.012499499
0.012499499
0.012499499
0.012499499
0.012499499
0.012499499
0.012499499
0.012499498
0.012499498
0.012499498
0.012499498
0.012499503
0.012499502
0.012499502
0.012499501
0.012499501
0.012499501
0.012499501
0.0124995
0.0124995
0.0124995
0.0124995
0.0124995
0.012499499
0.012499499
0.012499499
0.012499499
0.012499499
0.012499499
0.012499499
0.012499499
0.012499503
0.012499503
0.012499502
0.012499502
0.012499502
0.012499502
0.012499501
0.012499501
0.012499501
0.012499501
0.0124995
0.0124995
0.0124995
0.0124995
0.0124995
0.012499499
0.012499499
0.012499499
0.012499499
0.012499499
0.012499503
0.012499503
0.012499503
0.012499503
0.012499502
0.012499502
0.012499502
0.012499502
0.012499501
0.012499501
0.012499501
0.012499501
0.0124995
0.0124995
0.0124995
0.0124995
0.0124995
0.012499499
0.012499499
0.012499499
0.012499504
0.012499504
0.012499503
0.012499503
0.012499503
0.012499503
0.012499502
0.012499502
0.012499502
0.012499502
0.012499501
0.012499501
0.012499501
0.012499501
0.0124995
0.0124995
0.0124995
0.0124995
0.0124995
0.012499499
0.012499504
0.012499504
0.012499504
0.012499504
0.012499503
0.012499503
0.012499503
0.012499503
0.012499502
0.012499502
0.012499502
0.012499502
0.012499501
0.012499501
0.012499501
0.012499501
0.0124995
0.0124995
0.0124995
0.0124995
0.012499504
0.012499504
0.012499504
0.012499504
0.012499504
0.012499504
0.012499503
0.012499503
0.012499503
0.012499503
0.012499502
0.012499502
0.012499502
0.012499501
0.012499501
0.012499501
0.012499501
0.0124995
0.0124995
0.0124995
0.012499505
0.012499505
0.012499505
0.012499504
0.012499504
0.012499504
0.012499504
0.012499504
0.012499503
0.012499503
0.012499503
0.012499502
0.012499502
0.012499502
0.012499502
0.012499501
0.012499501
0.012499501
0.0124995
0.0124995
0.012499505
0.012499505
0.012499505
0.012499505
0.012499505
0.012499505
0.012499504
0.012499504
0.012499504
0.012499503
0.012499503
0.012499503
0.012499502
0.012499502
0.012499502
0.012499502
0.012499501
0.012499501
0.012499501
0.0124995
0.012499505
0.012499505
0.012499505
0.012499505
0.012499505
0.012499505
0.012499505
0.012499504
0.012499504
0.012499504
0.012499503
0.012499503
0.012499503
0.012499503
0.012499502
0.012499502
0.012499502
0.012499501
0.012499501
0.0124995
0.012499505
0.012499506
0.012499506
0.012499506
0.012499505
0.012499505
0.012499505
0.012499505
0.012499504
0.012499504
0.012499504
0.012499504
0.012499503
0.012499503
0.012499503
0.012499502
0.012499502
0.012499501
0.012499501
0.012499501
0.012499506
0.012499506
0.012499506
0.012499506
0.012499506
0.012499506
0.012499505
0.012499505
0.012499505
0.012499504
0.012499504
0.012499504
0.012499504
0.012499503
0.012499503
0.012499503
0.012499502
0.012499502
0.012499501
0.012499501
0.012499506
0.012499506
0.012499506
0.012499506
0.012499506
0.012499506
0.012499506
0.012499505
0.012499505
0.012499505
0.012499505
0.012499504
0.012499504
0.012499504
0.012499503
0.012499503
0.012499502
0.012499502
0.012499502
0.012499501
0.012499506
0.012499506
0.012499506
0.012499506
0.012499506
0.012499506
0.012499506
0.012499506
0.012499505
0.012499505
0.012499505
0.012499505
0.012499504
0.012499504
0.012499503
0.012499503
0.012499503
0.012499502
0.012499502
0.012499501
0.012499506
0.012499506
0.012499506
0.012499506
0.012499506
0.012499506
0.012499506
0.012499506
0.012499506
0.012499505
0.012499505
0.012499505
0.012499504
0.012499504
0.012499504
0.012499503
0.012499503
0.012499502
0.012499502
0.012499502
0.012499506
0.012499506
0.012499507
0.012499507
0.012499506
0.012499506
0.012499506
0.012499506
0.012499506
0.012499506
0.012499505
0.012499505
0.012499505
0.012499504
0.012499504
0.012499504
0.012499503
0.012499503
0.012499502
0.012499502
0.012499506
0.012499507
0.012499507
0.012499507
0.012499507
0.012499506
0.012499506
0.012499506
0.012499506
0.012499506
0.012499505
0.012499505
0.012499505
0.012499504
0.012499504
0.012499504
0.012499503
0.012499503
0.012499503
0.012499502
0.012499506
0.012499507
0.012499507
0.012499507
0.012499507
0.012499506
0.012499506
0.012499506
0.012499506
0.012499506
0.012499505
0.012499505
0.012499505
0.012499505
0.012499504
0.012499504
0.012499504
0.012499503
0.012499503
0.012499502
0.012499506
0.012499507
0.012499507
0.012499506
0.012499506
0.012499506
0.012499506
0.012499506
0.012499506
0.012499506
0.012499505
0.012499505
0.012499505
0.012499505
0.012499504
0.012499504
0.012499504
0.012499503
0.012499503
0.012499503
0.012499506
0.012499506
0.012499506
0.012499506
0.012499506
0.012499506
0.012499506
0.012499506
0.012499506
0.012499505
0.012499505
0.012499505
0.012499505
0.012499505
0.012499504
0.012499504
0.012499504
0.012499504
0.012499503
0.012499503
0.012499503
0.012499503
0.012499502
0.012499502
0.012499502
0.012499501
0.012499501
0.012499501
0.012499501
0.012499501
0.012499501
0.0124995
0.0124995
0.0124995
0.0124995
0.0124995
0.0124995
0.0124995
0.0124995
0.0124995
0.012499504
0.012499503
0.012499503
0.012499503
0.012499502
0.012499502
0.012499502
0.012499502
0.012499501
0.012499501
0.012499501
0.012499501
0.012499501
0.012499501
0.0124995
0.0124995
0.0124995
0.0124995
0.0124995
0.0124995
0.012499504
0.012499504
0.012499504
0.012499503
0.012499503
0.012499503
0.012499502
0.012499502
0.012499502
0.012499502
0.012499502
0.012499501
0.012499501
0.012499501
0.012499501
0.012499501
0.012499501
0.0124995
0.0124995
0.0124995
0.012499505
0.012499504
0.012499504
0.012499504
0.012499503
0.012499503
0.012499503
0.012499503
0.012499503
0.012499502
0.012499502
0.012499502
0.012499502
0.012499502
0.012499501
0.012499501
0.012499501
0.012499501
0.012499501
0.0124995
0.012499505
0.012499505
0.012499504
0.012499504
0.012499504
0.012499504
0.012499504
0.012499503
0.012499503
0.012499503
0.012499503
0.012499503
0.012499502
0.012499502
0.012499502
0.012499502
0.012499501
0.012499501
0.012499501
0.012499501
0.012499505
0.012499505
0.012499505
0.012499505
0.012499504
0.012499504
0.012499504
0.012499504
0.012499504
0.012499503
0.012499503
0.012499503
0.012499503
0.012499502
0.012499502
0.012499502
0.012499502
0.012499501
0.012499501
0.012499501
0.012499506
0.012499505
0.012499505
0.012499505
0.012499505
0.012499505
0.012499504
0.012499504
0.012499504
0.012499504
0.012499504
0.012499503
0.012499503
0.012499503
0.012499503
0.012499502
0.012499502
0.012499502
0.012499501
0.012499501
0.012499506
0.012499506
0.012499506
0.012499505
0.012499505
0.012499505
0.012499505
0.012499505
0.012499505
0.012499504
0.012499504
0.012499504
0.012499504
0.012499503
0.012499503
0.012499503
0.012499502
0.012499502
0.012499502
0.012499501
0.012499506
0.012499506
0.012499506
0.012499506
0.012499506
0.012499506
0.012499505
0.012499505
0.012499505
0.012499505
0.012499504
0.012499504
0.012499504
0.012499504
0.012499503
0.012499503
0.012499503
0.012499502
0.012499502
0.012499501
0.012499506
0.012499506
0.012499506
0.012499506
0.012499506
0.012499506
0.012499506
0.012499505
0.012499505
0.012499505
0.012499505
0.012499504
0.012499504
0.012499504
0.012499503
0.012499503
0.012499503
0.012499502
0.012499502
0.012499502
0.012499507
0.012499507
0.012499507
0.012499507
0.012499506
0.012499506
0.012499506
0.012499506
0.012499506
0.012499505
0.012499505
0.012499505
0.012499504
0.012499504
0.012499504
0.012499503
0.012499503
0.012499503
0.012499502
0.012499502
0.012499507
0.012499507
0.012499507
0.012499507
0.012499507
0.012499507
0.012499506
0.012499506
0.012499506
0.012499506
0.012499505
0.012499505
0.012499505
0.012499504
0.012499504
0.012499504
0.012499503
0.012499503
0.012499502
0.012499502
0.012499507
0.012499507
0.012499507
0.012499507
0.012499507
0.012499507
0.012499507
0.012499506
0.012499506
0.012499506
0.012499506
0.012499505
0.012499505
0.012499505
0.012499504
0.012499504
0.012499503
0.012499503
0.012499503
0.012499502
0.012499507
0.012499507
0.012499507
0.012499507
0.012499507
0.012499507
0.012499507
0.012499507
0.012499506
0.012499506
0.012499506
0.012499505
0.012499505
0.012499505
0.012499504
0.012499504
0.012499504
0.012499503
0.012499503
0.012499503
0.012499507
0.012499507
0.012499507
0.012499507
0.012499507
0.012499507
0.012499507
0.012499507
0.012499507
0.012499506
0.012499506
0.012499506
0.012499505
0.012499505
0.012499505
0.012499504
0.012499504
0.012499503
0.012499503
0.012499503
0.012499507
0.012499508
0.012499508
0.012499507
0.012499507
0.012499507
0.012499507
0.012499507
0.012499507
0.012499506
0.012499506
0.012499506
0.012499505
0.012499505
0.012499505
0.012499504
0.012499504
0.012499504
0.012499503
0.012499503
0.012499508
0.012499508
0.012499508
0.012499508
0.012499507
0.012499507
0.012499507
0.012499507
0.012499507
0.012499507
0.012499506
0.012499506
0.012499506
0.012499505
0.012499505
0.012499505
0.012499504
0.012499504
0.012499504
0.012499503
0.012499508
0.012499508
0.012499508
0.012499508
0.012499507
0.012499507
0.012499507
0.012499507
0.012499507
0.012499507
0.012499506
0.012499506
0.012499506
0.012499505
0.012499505
0.012499505
0.012499505
0.012499504
0.012499504
0.012499503
0.012499508
0.012499508
0.012499508
0.012499508
0.012499507
0.012499507
0.012499507
0.012499507
0.012499507
0.012499507
0.012499506
0.012499506
0.012499506
0.012499506
0.012499505
0.012499505
0.012499505
0.012499505
0.012499504
0.012499504
0.012499508
0.012499508
0.012499508
0.012499507
0.012499507
0.012499507
0.012499507
0.012499507
0.012499507
0.012499507
0.012499506
0.012499506
0.012499506
0.012499506
0.012499506
0.012499505
0.012499505
0.012499505
0.012499505
0.012499504
0.012499504
0.012499503
0.012499503
0.012499503
0.012499502
0.012499502
0.012499502
0.012499502
0.012499502
0.012499501
0.012499501
0.012499501
0.012499501
0.012499501
0.012499501
0.012499501
0.0124995
0.0124995
0.0124995
0.0124995
0.012499505
0.012499504
0.012499504
0.012499503
0.012499503
0.012499503
0.012499503
0.012499502
0.012499502
0.012499502
0.012499502
0.012499502
0.012499502
0.012499502
0.012499501
0.012499501
0.012499501
0.012499501
0.012499501
0.012499501
0.012499505
0.012499505
0.012499504
0.012499504
0.012499504
0.012499504
0.012499503
0.012499503
0.012499503
0.012499503
0.012499503
0.012499502
0.012499502
0.012499502
0.012499502
0.012499502
0.012499502
0.012499501
0.012499501
0.012499501
0.012499505
0.012499505
0.012499505
0.012499505
0.012499504
0.012499504
0.012499504
0.012499504
0.012499503
0.012499503
0.012499503
0.012499503
0.012499503
0.012499503
0.012499502
0.012499502
0.012499502
0.012499502
0.012499501
0.012499501
0.012499506
0.012499505
0.012499505
0.012499505
0.012499505
0.012499504
0.012499504
0.012499504
0.012499504
0.012499504
0.012499504
0.012499503
0.012499503
0.012499503
0.012499503
0.012499503
0.012499502
0.012499502
0.012499502
0.012499501
0.012499506
0.012499506
0.012499506
0.012499505
0.012499505
0.012499505
0.012499505
0.012499504
0.012499504
0.012499504
0.012499504
0.012499504
0.012499504
0.012499503
0.012499503
0.012499503
0.012499503
0.012499502
0.012499502
0.012499502
0.012499506
0.012499506
0.012499506
0.012499506
0.012499505
0.012499505
0.012499505
0.012499505
0.012499505
0.012499504
0.012499504
0.012499504
0.012499504
0.012499504
0.012499503
0.012499503
0.012499503
0.012499503
0.012499502
0.012499502
0.012499506
0.012499506
0.012499506
0.012499506
0.012499506
0.012499506
0.012499505
0.012499505
0.012499505
0.012499505
0.012499505
0.012499504
0.012499504
0.012499504
0.012499504
0.012499503
0.012499503
0.012499503
0.012499502
0.012499502
0.012499507
0.012499507
0.012499506
0.012499506
0.012499506
0.012499506
0.012499506
0.012499505
0.012499505
0.012499505
0.012499505
0.012499505
0.012499504
0.012499504
0.012499504
0.012499504
0.012499503
0.012499503
0.012499503
0.012499502
0.012499507
0.012499507
0.012499507
0.012499507
0.012499506
0.012499506
0.012499506
0.012499506
0.012499506
0.012499505
0.012499505
0.012499505
0.012499505
0.012499504
0.012499504
0.012499504
0.012499504
0.012499503
0.012499503
0.012499502
0.012499507
0.012499507
0.012499507
0.012499507
0.012499507
0.012499506
0.012499506
0.012499506
0.012499506
0.012499506
0.012499505
0.012499505
0.012499505
0.012499505
0.012499504
0.012499504
0.012499504
0.012499503
0.012499503
0.012499503
0.012499507
0.012499507
0.012499507
0.012499507
0.012499507
0.012499507
0.012499506
0.012499506
0.012499506
0.012499506
0.012499506
0.012499505
0.012499505
0.012499505
0.012499505
0.012499504
0.012499504
0.012499504
0.012499503
0.012499503
0.012499507
0.012499507
0.012499507
0.012499507
0.012499507
0.012499507
0.012499507
0.012499506
0.012499506
0.012499506
0.012499506
0.012499505
0.012499505
0.012499505
0.012499505
0.012499504
0.012499504
0.012499504
0.012499503
0.012499503
0.012499508
0.012499508
0.012499508
0.012499507
0.012499507
0.012499507
0.012499507
0.012499507
0.012499506
0.012499506
0.012499506
0.012499506
0.012499505
0.012499505
0.012499505
0.012499505
0.012499504
0.012499504
0.012499504
0.012499503
0.012499508
0.012499508
0.012499508
0.012499508
0.012499507
0.012499507
0.012499507
0.012499507
0.012499507
0.012499506
0.012499506
0.012499506
0.012499506
0.012499505
0.012499505
0.012499505
0.012499505
0.012499504
0.012499504
0.012499503
0.012499508
0.012499508
0.012499508
0.012499508
0.012499508
0.012499507
0.012499507
0.012499507
0.012499507
0.012499507
0.012499506
0.012499506
0.012499506
0.012499506
0.012499505
0.012499505
0.012499505
0.012499504
0.012499504
0.012499504
0.012499508
0.012499508
0.012499508
0.012499508
0.012499508
0.012499508
0.012499507
0.012499507
0.012499507
0.012499507
0.012499506
0.012499506
0.012499506
0.012499506
0.012499505
0.012499505
0.012499505
0.012499505
0.012499504
0.012499504
0.012499508
0.012499508
0.012499508
0.012499508
0.012499508
0.012499508
0.012499507
0.012499507
0.012499507
0.012499507
0.012499507
0.012499506
0.012499506
0.012499506
0.012499506
0.012499505
0.012499505
0.012499505
0.012499505
0.012499504
0.012499508
0.012499508
0.012499508
0.012499508
0.012499508
0.012499508
0.012499508
0.012499507
0.012499507
0.012499507
0.012499507
0.012499507
0.012499506
0.012499506
0.012499506
0.012499506
0.012499505
0.012499505
0.012499505
0.012499504
0.012499508
0.012499508
0.012499508
0.012499508
0.012499508
0.012499508
0.012499508
0.012499507
0.012499507
0.012499507
0.012499507
0.012499507
0.012499507
0.012499506
0.012499506
0.012499506
0.012499506
0.012499506
0.012499505
0.012499505
0.012499504
0.012499504
0.012499503
0.012499503
0.012499503
0.012499503
0.012499502
0.012499502
0.012499502
0.012499502
0.012499502
0.012499501
0.012499501
0.012499501
0.012499501
0.012499501
0.012499501
0.012499501
0.012499501
0.0124995
0.012499505
0.012499504
0.012499504
0.012499504
0.012499504
0.012499503
0.012499503
0.012499503
0.012499503
0.012499502
0.012499502
0.012499502
0.012499502
0.012499502
0.012499502
0.012499502
0.012499501
0.012499501
0.012499501
0.012499501
0.012499505
0.012499505
0.012499505
0.012499505
0.012499504
0.012499504
0.012499504
0.012499504
0.012499503
0.012499503
0.012499503
0.012499503
0.012499503
0.012499502
0.012499502
0.012499502
0.012499502
0.012499502
0.012499501
0.012499501
0.012499506
0.012499506
0.012499505
0.012499505
0.012499505
0.012499505
0.012499504
0.012499504
0.012499504
0.012499504
0.012499503
0.012499503
0.012499503
0.012499503
0.012499503
0.012499503
0.012499502
0.012499502
0.012499502
0.012499501
0.012499506
0.012499506
0.012499506
0.012499506
0.012499505
0.012499505
0.012499505
0.012499504
0.012499504
0.012499504
0.012499504
0.012499504
0.012499503
0.012499503
0.012499503
0.012499503
0.012499503
0.012499502
0.012499502
0.012499502
0.012499506
0.012499506
0.012499506
0.012499506
0.012499506
0.012499505
0.012499505
0.012499505
0.012499504
0.012499504
0.012499504
0.012499504
0.012499504
0.012499504
0.012499503
0.012499503
0.012499503
0.012499503
0.012499502
0.012499502
0.012499507
0.012499506
0.012499506
0.012499506
0.012499506
0.012499506
0.012499505
0.012499505
0.012499505
0.012499504
0.012499504
0.012499504
0.012499504
0.012499504
0.012499504
0.012499504
0.012499503
0.012499503
0.012499503
0.012499502
0.012499507
0.012499507
0.012499507
0.012499506
0.012499506
0.012499506
0.012499505
0.012499505
0.012499505
0.012499505
0.012499504
0.012499504
0.012499504
0.012499504
0.012499504
0.012499504
0.012499504
0.012499503
0.012499503
0.012499502
0.012499507
0.012499507
0.012499507
0.012499507
0.012499506
0.012499506
0.012499506
0.012499505
0.012499505
0.012499505
0.012499505
0.012499504
0.012499504
0.012499504
0.012499504
0.012499504
0.012499504
0.012499503
0.012499503
0.012499502
0.012499507
0.012499507
0.012499507
0.012499507
0.012499507
0.012499506
0.012499506
0.012499506
0.012499505
0.012499505
0.012499505
0.012499505
0.012499505
0.012499504
0.012499504
0.012499504
0.012499504
0.012499504
0.012499503
0.012499503
0.012499507
0.012499507
0.012499507
0.012499507
0.012499507
0.012499506
0.012499506
0.012499506
0.012499506
0.012499505
0.012499505
0.012499505
0.012499505
0.012499505
0.012499505
0.012499504
0.012499504
0.012499504
0.012499503
0.012499503
0.012499508
0.012499508
0.012499507
0.012499507
0.012499507
0.012499507
0.012499506
0.012499506
0.012499506
0.012499506
0.012499505
0.012499505
0.012499505
0.012499505
0.012499505
0.012499505
0.012499504
0.012499504
0.012499504
0.012499503
0.012499508
0.012499508
0.012499508
0.012499507
0.012499507
0.012499507
0.012499507
0.012499506
0.012499506
0.012499506
0.012499506
0.012499506
0.012499505
0.012499505
0.012499505
0.012499505
0.012499505
0.012499504
0.012499504
0.012499503
0.012499508
0.012499508
0.012499508
0.012499508
0.012499507
0.012499507
0.012499507
0.012499507
0.012499506
0.012499506
0.012499506
0.012499506
0.012499506
0.012499505
0.012499505
0.012499505
0.012499505
0.012499505
0.012499504
0.012499504
0.012499508
0.012499508
0.012499508
0.012499508
0.012499508
0.012499507
0.012499507
0.012499507
0.012499507
0.012499506
0.012499506
0.012499506
0.012499506
0.012499506
0.012499506
0.012499505
0.012499505
0.012499505
0.012499504
0.012499504
0.012499508
0.012499508
0.012499508
0.012499508
0.012499508
0.012499508
0.012499507
0.012499507
0.012499507
0.012499507
0.012499507
0.012499506
0.012499506
0.012499506
0.012499506
0.012499506
0.012499505
0.012499505
0.012499505
0.012499504
0.012499508
0.012499508
0.012499508
0.012499508
0.012499508
0.012499508
0.012499508
0.012499507
0.012499507
0.012499507
0.012499507
0.012499507
0.012499506
0.012499506
0.012499506
0.012499506
0.012499506
0.012499505
0.012499505
0.012499504
0.012499508
0.012499508
0.012499508
0.012499508
0.012499508
0.012499508
0.012499508
0.012499508
0.012499507
0.012499507
0.012499507
0.012499507
0.012499507
0.012499507
0.012499506
0.012499506
0.012499506
0.012499505
0.012499505
0.012499504
0.012499509
0.012499508
0.012499508
0.012499508
0.012499508
0.012499508
0.012499508
0.012499508
0.012499507
0.012499507
0.012499507
0.012499507
0.012499507
0.012499507
0.012499506
0.012499506
0.012499506
0.012499506
0.012499505
0.012499505
0.012499509
0.012499508
0.012499508
0.012499508
0.012499508
0.012499508
0.012499508
0.012499508
0.012499508
0.012499507
0.012499507
0.012499507
0.012499507
0.012499507
0.012499507
0.012499506
0.012499506
0.012499506
0.012499506
0.012499505
0.012499504
0.012499504
0.012499503
0.012499503
0.012499503
0.012499503
0.012499502
0.012499502
0.012499502
0.012499502
0.012499502
0.012499501
0.012499501
0.012499501
0.012499501
0.012499501
0.012499501
0.012499501
0.012499501
0.012499501
0.012499505
0.012499505
0.012499504
0.012499504
0.012499504
0.012499503
0.012499503
0.012499503
0.012499503
0.012499502
0.012499502
0.012499502
0.012499502
0.012499502
0.012499502
0.012499502
0.012499501
0.012499501
0.012499501
0.012499501
0.012499505
0.012499505
0.012499505
0.012499505
0.012499504
0.012499504
0.012499504
0.012499504
0.012499503
0.012499503
0.012499503
0.012499503
0.012499502
0.012499502
0.012499502
0.012499502
0.012499502
0.012499502
0.012499501
0.012499501
0.012499506
0.012499506
0.012499505
0.012499505
0.012499505
0.012499505
0.012499504
0.012499504
0.012499504
0.012499503
0.012499503
0.012499503
0.012499503
0.012499503
0.012499503
0.012499502
0.012499502
0.012499502
0.012499502
0.012499501
0.012499506
0.012499506
0.012499506
0.012499506
0.012499505
0.012499505
0.012499505
0.012499504
0.012499504
0.012499504
0.012499504
0.012499503
0.012499503
0.012499503
0.012499503
0.012499503
0.012499503
0.012499502
0.012499502
0.012499502
0.012499506
0.012499506
0.012499506
0.012499506
0.012499506
0.012499505
0.012499505
0.012499505
0.012499504
0.012499504
0.012499504
0.012499504
0.012499503
0.012499503
0.012499503
0.012499503
0.012499503
0.012499503
0.012499502
0.012499502
0.012499507
0.012499507
0.012499506
0.012499506
0.012499506
0.012499506
0.012499505
0.012499505
0.012499505
0.012499504
0.012499504
0.012499504
0.012499504
0.012499503
0.012499503
0.012499503
0.012499503
0.012499503
0.012499503
0.012499502
0.012499507
0.012499507
0.012499507
0.012499506
0.012499506
0.012499506
0.012499505
0.012499505
0.012499505
0.012499504
0.012499504
0.012499504
0.012499504
0.012499504
0.012499504
0.012499503
0.012499503
0.012499503
0.012499503
0.012499502
0.012499507
0.012499507
0.012499507
0.012499507
0.012499506
0.012499506
0.012499506
0.012499505
0.012499505
0.012499505
0.012499504
0.012499504
0.012499504
0.012499504
0.012499504
0.012499504
0.012499504
0.012499503
0.012499503
0.012499503
0.012499507
0.012499507
0.012499507
0.012499507
0.012499507
0.012499506
0.012499506
0.012499506
0.012499505
0.012499505
0.012499505
0.012499505
0.012499504
0.012499504
0.012499504
0.012499504
0.012499504
0.012499504
0.012499503
0.012499503
0.012499507
0.012499507
0.012499507
0.012499507
0.012499507
0.012499507
0.012499506
0.012499506
0.012499506
0.012499505
0.012499505
0.012499505
0.012499505
0.012499505
0.012499505
0.012499504
0.012499504
0.012499504
0.012499503
0.012499503
0.012499508
0.012499508
0.012499508
0.012499507
0.012499507
0.012499507
0.012499506
0.012499506
0.012499506
0.012499506
0.012499505
0.012499505
0.012499505
0.012499505
0.012499505
0.012499505
0.012499504
0.012499504
0.012499504
0.012499503
0.012499508
0.012499508
0.012499508
0.012499508
0.012499507
0.012499507
0.012499507
0.012499506
0.012499506
0.012499506
0.012499506
0.012499506
0.012499505
0.012499505
0.012499505
0.012499505
0.012499505
0.012499504
0.012499504
0.012499503
0.012499508
0.012499508
0.012499508
0.012499508
0.012499508
0.012499507
0.012499507
0.012499507
0.012499507
0.012499506
0.012499506
0.012499506
0.012499506
0.012499506
0.012499506
0.012499505
0.012499505
0.012499505
0.012499504
0.012499504
0.012499508
0.012499508
0.012499508
0.012499508
0.012499508
0.012499508
0.012499507
0.012499507
0.012499507
0.012499507
0.012499507
0.012499506
0.012499506
0.012499506
0.012499506
0.012499506
0.012499505
0.012499505
0.012499504
0.012499504
0.012499508
0.012499508
0.012499508
0.012499508
0.012499508
0.012499508
0.012499508
0.012499507
0.012499507
0.012499507
0.012499507
0.012499507
0.012499507
0.012499506
0.012499506
0.012499506
0.012499506
0.012499505
0.012499505
0.012499504
0.012499508
0.012499508
0.012499508
0.012499508
0.012499508
0.012499508
0.012499508
0.012499508
0.012499507
0.012499507
0.012499507
0.012499507
0.012499507
0.012499507
0.012499507
0.012499506
0.012499506
0.012499505
0.012499505
0.012499504
0.012499509
0.012499509
0.012499509
0.012499508
0.012499508
0.012499508
0.012499508
0.012499508
0.012499508
0.012499507
0.012499507
0.012499507
0.012499507
0.012499507
0.012499507
0.012499506
0.012499506
0.012499506
0.012499505
0.012499505
0.012499509
0.012499509
0.012499509
0.012499508
0.012499508
0.012499508
0.012499508
0.012499508
0.012499508
0.012499508
0.012499507
0.012499507
0.012499507
0.012499507
0.012499507
0.012499506
0.012499506
0.012499506
0.012499505
0.012499505
0.012499509
0.012499509
0.012499509
0.012499508
0.012499508
0.012499508
0.012499508
0.012499508
0.012499508
0.012499508
0.012499507
0.012499507
0.012499507
0.012499507
0.012499507
0.012499506
0.012499506
0.012499506
0.012499506
0.012499505
0.012499504
0.012499504
0.012499503
0.012499503
0.012499503
0.012499503
0.012499502
0.012499502
0.012499502
0.012499502
0.012499501
0.012499501
0.012499501
0.012499501
0.012499501
0.012499501
0.012499501
0.012499501
0.012499501
0.012499501
0.012499505
0.012499504
0.012499504
0.012499504
0.012499503
0.012499503
0.012499503
0.012499503
0.012499502
0.012499502
0.012499502
0.012499502
0.012499502
0.012499502
0.012499501
0.012499501
0.012499501
0.012499501
0.012499501
0.012499501
0.012499505
0.012499505
0.012499505
0.012499504
0.012499504
0.012499504
0.012499504
0.012499503
0.012499503
0.012499503
0.012499503
0.012499502
0.012499502
0.012499502
0.012499502
0.012499502
0.012499502
0.012499501
0.012499501
0.012499501
0.012499506
0.012499505
0.012499505
0.012499505
0.012499505
0.012499504
0.012499504
0.012499504
0.012499504
0.012499503
0.012499503
0.012499503
0.012499503
0.012499502
0.012499502
0.012499502
0.012499502
0.012499502
0.012499502
0.012499501
0.012499506
0.012499506
0.012499506
0.012499505
0.012499505
0.012499505
0.012499505
0.012499504
0.012499504
0.012499504
0.012499503
0.012499503
0.012499503
0.012499503
0.012499503
0.012499502
0.012499502
0.012499502
0.012499502
0.012499502
0.012499506
0.012499506
0.012499506
0.012499506
0.012499505
0.012499505
0.012499505
0.012499505
0.012499504
0.012499504
0.012499504
0.012499504
0.012499503
0.012499503
0.012499503
0.012499503
0.012499503
0.012499502
0.012499502
0.012499502
0.012499507
0.012499506
0.012499506
0.012499506
0.012499506
0.012499506
0.012499505
0.012499505
0.012499505
0.012499504
0.012499504
0.012499504
0.012499504
0.012499504
0.012499503
0.012499503
0.012499503
0.012499503
0.012499502
0.012499502
0.012499507
0.012499507
0.012499507
0.012499506
0.012499506
0.012499506
0.012499506
0.012499505
0.012499505
0.012499505
0.012499505
0.012499504
0.012499504
0.012499504
0.012499504
0.012499503
0.012499503
0.012499503
0.012499503
0.012499502
0.012499507
0.012499507
0.012499507
0.012499507
0.012499506
0.012499506
0.012499506
0.012499506
0.012499505
0.012499505
0.012499505
0.012499505
0.012499504
0.012499504
0.012499504
0.012499504
0.012499503
0.012499503
0.012499503
0.012499502
0.012499507
0.012499507
0.012499507
0.012499507
0.012499507
0.012499506
0.012499506
0.012499506
0.012499505
0.012499505
0.012499505
0.012499505
0.012499505
0.012499505
0.012499504
0.012499504
0.012499504
0.012499503
0.012499503
0.012499503
0.012499507
0.012499507
0.012499507
0.012499507
0.012499507
0.012499507
0.012499506
0.012499506
0.012499506
0.012499506
0.012499505
0.012499505
0.012499505
0.012499505
0.012499505
0.012499504
0.012499504
0.012499504
0.012499503
0.012499503
0.012499508
0.012499508
0.012499507
0.012499507
0.012499507
0.012499507
0.012499507
0.012499506
0.012499506
0.012499506
0.012499506
0.012499505
0.012499505
0.012499505
0.012499505
0.012499505
0.012499504
0.012499504
0.012499504
0.012499503
0.012499508
0.012499508
0.012499508
0.012499507
0.012499507
0.012499507
0.012499507
0.012499507
0.012499506
0.012499506
0.012499506
0.012499506
0.012499506
0.012499506
0.012499505
0.012499505
0.012499505
0.012499504
0.012499504
0.012499503
0.012499508
0.012499508
0.012499508
0.012499508
0.012499507
0.012499507
0.012499507
0.012499507
0.012499507
0.012499507
0.012499506
0.012499506
0.012499506
0.012499506
0.012499506
0.012499505
0.012499505
0.012499504
0.012499504
0.012499504
0.012499508
0.012499508
0.012499508
0.012499508
0.012499508
0.012499508
0.012499507
0.012499507
0.012499507
0.012499507
0.012499507
0.012499507
0.012499506
0.012499506
0.012499506
0.012499506
0.012499505
0.012499505
0.012499504
0.012499504
0.012499508
0.012499508
0.012499508
0.012499508
0.012499508
0.012499508
0.012499508
0.012499507
0.012499507
0.012499507
0.012499507
0.012499507
0.012499507
0.012499506
0.012499506
0.012499506
0.012499505
0.012499505
0.012499505
0.012499504
0.012499508
0.012499508
0.012499508
0.012499508
0.012499508
0.012499508
0.012499508
0.012499508
0.012499507
0.012499507
0.012499507
0.012499507
0.012499507
0.012499507
0.012499506
0.012499506
0.012499506
0.012499505
0.012499505
0.012499504
0.012499509
0.012499509
0.012499508
0.012499508
0.012499508
0.012499508
0.012499508
0.012499508
0.012499508
0.012499507
0.012499507
0.012499507
0.012499507
0.012499507
0.012499506
0.012499506
0.012499506
0.012499505
0.012499505
0.012499504
0.012499509
0.012499509
0.012499508
0.012499508
0.012499508
0.012499508
0.012499508
0.012499508
0.012499508
0.012499508
0.012499507
0.012499507
0.012499507
0.012499507
0.012499507
0.012499506
0.012499506
0.012499506
0.012499505
0.012499505
0.012499509
0.012499509
0.012499509
0.012499508
0.012499508
0.012499508
0.012499508
0.012499508
0.012499508
0.012499508
0.012499507
0.012499507
0.012499507
0.012499507
0.012499507
0.012499506
0.012499506
0.012499506
0.012499506
0.012499505
0.012499504
0.012499504
0.012499503
0.012499503
0.012499503
0.012499502
0.012499502
0.012499502
0.012499502
0.012499502
0.012499501
0.012499501
0.012499501
0.012499501
0.012499501
0.012499501
0.012499501
0.012499501
0.012499501
0.012499501
0.012499505
0.012499504
0.012499504
0.012499503
0.012499503
0.012499503
0.012499503
0.012499503
0.012499502
0.012499502
0.012499502
0.012499502
0.012499502
0.012499501
0.012499501
0.012499501
0.012499501
0.012499501
0.012499501
0.012499501
0.012499505
0.012499505
0.012499504
0.012499504
0.012499504
0.012499503
0.012499503
0.012499503
0.012499503
0.012499503
0.012499503
0.012499502
0.012499502
0.012499502
0.012499502
0.012499501
0.012499501
0.012499501
0.012499501
0.012499501
0.012499506
0.012499505
0.012499505
0.012499504
0.012499504
0.012499504
0.012499504
0.012499504
0.012499504
0.012499503
0.012499503
0.012499503
0.012499503
0.012499502
0.012499502
0.012499502
0.012499502
0.012499501
0.012499501
0.012499501
0.012499506
0.012499506
0.012499505
0.012499505
0.012499505
0.012499505
0.012499504
0.012499504
0.012499504
0.012499504
0.012499504
0.012499503
0.012499503
0.012499503
0.012499503
0.012499502
0.012499502
0.012499502
0.012499502
0.012499502
0.012499506
0.012499506
0.012499506
0.012499505
0.012499505
0.012499505
0.012499505
0.012499505
0.012499505
0.012499505
0.012499504
0.012499504
0.012499504
0.012499503
0.012499503
0.012499503
0.012499502
0.012499502
0.012499502
0.012499502
0.012499507
0.012499506
0.012499506
0.012499506
0.012499506
0.012499506
0.012499506
0.012499505
0.012499505
0.012499505
0.012499505
0.012499505
0.012499504
0.012499504
0.012499504
0.012499503
0.012499503
0.012499502
0.012499502
0.012499502
0.012499507
0.012499507
0.012499506
0.012499506
0.012499506
0.012499506
0.012499506
0.012499506
0.012499506
0.012499505
0.012499505
0.012499505
0.012499505
0.012499504
0.012499504
0.012499504
0.012499503
0.012499503
0.012499502
0.012499502
0.012499507
0.012499507
0.012499507
0.012499507
0.012499506
0.012499506
0.012499506
0.012499506
0.012499506
0.012499506
0.012499506
0.012499505
0.012499505
0.012499505
0.012499504
0.012499504
0.012499503
0.012499503
0.012499503
0.012499502
0.012499507
0.012499507
0.012499507
0.012499507
0.012499507
0.012499507
0.012499507
0.012499506
0.012499506
0.012499506
0.012499506
0.012499506
0.012499505
0.012499505
0.012499505
0.012499504
0.012499504
0.012499503
0.012499503
0.012499503
0.012499507
0.012499507
0.012499507
0.012499507
0.012499507
0.012499507
0.012499507
0.012499507
0.012499506
0.012499506
0.012499506
0.012499506
0.012499506
0.012499505
0.012499505
0.012499504
0.012499504
0.012499504
0.012499503
0.012499503
0.012499508
0.012499507
0.012499507
0.012499507
0.012499507
0.012499507
0.012499507
0.012499507
0.012499507
0.012499506
0.012499506
0.012499506
0.012499506
0.012499505
0.012499505
0.012499505
0.012499504
0.012499504
0.012499503
0.012499503
0.012499508
0.012499508
0.012499508
0.012499507
0.012499507
0.012499507
0.012499507
0.012499507
0.012499507
0.012499507
0.012499506
0.012499506
0.012499506
0.012499506
0.012499505
0.012499505
0.012499504
0.012499504
0.012499504
0.012499503
0.012499508
0.012499508
0.012499508
0.012499508
0.012499507
0.012499507
0.012499507
0.012499507
0.012499507
0.012499507
0.012499507
0.012499506
0.012499506
0.012499506
0.012499505
0.012499505
0.012499504
0.012499504
0.012499504
0.012499503
0.012499508
0.012499508
0.012499508
0.012499508
0.012499508
0.012499507
0.012499507
0.012499507
0.012499507
0.012499507
0.012499507
0.012499506
0.012499506
0.012499506
0.012499506
0.012499505
0.012499505
0.012499504
0.012499504
0.012499504
0.012499508
0.012499508
0.012499508
0.012499508
0.012499508
0.012499508
0.012499507
0.012499507
0.012499507
0.012499507
0.012499507
0.012499507
0.012499506
0.012499506
0.012499506
0.012499505
0.012499505
0.012499504
0.012499504
0.012499504
0.012499508
0.012499508
0.012499508
0.012499508
0.012499508
0.012499508
0.012499508
0.012499507
0.012499507
0.012499507
0.012499507
0.012499507
0.012499506
0.012499506
0.012499506
0.012499505
0.012499505
0.012499505
0.012499504
0.012499504
0.012499509
0.012499508
0.012499508
0.012499508
0.012499508
0.012499508
0.012499508
0.012499508
0.012499507
0.012499507
0.012499507
0.012499507
0.012499507
0.012499506
0.012499506
0.012499506
0.012499505
0.012499505
0.012499505
0.012499504
0.012499509
0.012499509
0.012499508
0.012499508
0.012499508
0.012499508
0.012499508
0.012499508
0.012499508
0.012499507
0.012499507
0.012499507
0.012499507
0.012499507
0.012499506
0.012499506
0.012499506
0.012499505
0.012499505
0.012499505
0.012499509
0.012499509
0.012499508
0.012499508
0.012499508
0.012499508
0.012499508
0.012499508
0.012499508
0.012499508
0.012499507
0.012499507
0.012499507
0.012499507
0.012499507
0.012499506
0.012499506
0.012499506
0.012499506
0.012499505
0.012499504
0.012499504
0.012499503
0.012499503
0.012499503
0.012499502
0.012499502
0.012499502
0.012499502
0.012499502
0.012499501
0.012499501
0.012499501
0.012499501
0.012499501
0.012499501
0.012499501
0.012499501
0.012499501
0.012499501
0.012499505
0.012499504
0.012499504
0.012499503
0.012499503
0.012499503
0.012499503
0.012499502
0.012499502
0.012499502
0.012499502
0.012499502
0.012499502
0.012499501
0.012499501
0.012499501
0.012499501
0.012499501
0.012499501
0.012499501
0.012499505
0.012499505
0.012499504
0.012499504
0.012499504
0.012499503
0.012499503
0.012499503
0.012499503
0.012499503
0.012499502
0.012499502
0.012499502
0.012499502
0.012499501
0.012499501
0.012499501
0.012499501
0.012499501
0.012499501
0.012499506
0.012499505
0.012499505
0.012499504
0.012499504
0.012499504
0.012499504
0.012499504
0.012499503
0.012499503
0.012499503
0.012499503
0.012499503
0.012499502
0.012499502
0.012499502
0.012499501
0.012499501
0.012499501
0.012499501
0.012499506
0.012499506
0.012499505
0.012499505
0.012499505
0.012499504
0.012499504
0.012499504
0.012499504
0.012499504
0.012499504
0.012499503
0.012499503
0.012499503
0.012499502
0.012499502
0.012499502
0.012499502
0.012499501
0.012499501
0.012499506
0.012499506
0.012499506
0.012499505
0.012499505
0.012499505
0.012499505
0.012499505
0.012499505
0.012499504
0.012499504
0.012499504
0.012499504
0.012499503
0.012499503
0.012499503
0.012499502
0.012499502
0.012499502
0.012499502
0.012499507
0.012499506
0.012499506
0.012499506
0.012499506
0.012499505
0.012499505
0.012499505
0.012499505
0.012499505
0.012499505
0.012499505
0.012499504
0.012499504
0.012499503
0.012499503
0.012499503
0.012499502
0.012499502
0.012499502
0.012499507
0.012499507
0.012499506
0.012499506
0.012499506
0.012499506
0.012499506
0.012499506
0.012499506
0.012499506
0.012499505
0.012499505
0.012499505
0.012499504
0.012499504
0.012499503
0.012499503
0.012499503
0.012499502
0.012499502
0.012499507
0.012499507
0.012499507
0.012499506
0.012499506
0.012499506
0.012499506
0.012499506
0.012499506
0.012499506
0.012499506
0.012499505
0.012499505
0.012499505
0.012499504
0.012499504
0.012499503
0.012499503
0.012499503
0.012499502
0.012499507
0.012499507
0.012499507
0.012499507
0.012499507
0.012499507
0.012499507
0.012499507
0.012499506
0.012499506
0.012499506
0.012499506
0.012499505
0.012499505
0.012499504
0.012499504
0.012499503
0.012499503
0.012499503
0.012499503
0.012499507
0.012499507
0.012499507
0.012499507
0.012499507
0.012499507
0.012499507
0.012499507
0.012499507
0.012499506
0.012499506
0.012499506
0.012499506
0.012499505
0.012499505
0.012499504
0.012499504
0.012499503
0.012499503
0.012499503
0.012499508
0.012499507
0.012499507
0.012499507
0.012499507
0.012499507
0.012499507
0.012499507
0.012499507
0.012499507
0.012499506
0.012499506
0.012499506
0.012499505
0.012499505
0.012499504
0.012499504
0.012499503
0.012499503
0.012499503
0.012499508
0.012499508
0.012499508
0.012499507
0.012499507
0.012499507
0.012499507
0.012499507
0.012499507
0.012499507
0.012499506
0.012499506
0.012499506
0.012499505
0.012499505
0.012499504
0.012499504
0.012499504
0.012499503
0.012499503
0.012499508
0.012499508
0.012499508
0.012499508
0.012499507
0.012499507
0.012499507
0.012499507
0.012499507
0.012499507
0.012499506
0.012499506
0.012499506
0.012499505
0.012499505
0.012499504
0.012499504
0.012499504
0.012499504
0.012499503
0.012499508
0.012499508
0.012499508
0.012499508
0.012499508
0.012499507
0.012499507
0.012499507
0.012499507
0.012499507
0.012499506
0.012499506
0.012499506
0.012499505
0.012499505
0.012499505
0.012499504
0.012499504
0.012499504
0.012499504
0.012499508
0.012499508
0.012499508
0.012499508
0.012499508
0.012499507
0.012499507
0.012499507
0.012499507
0.012499507
0.012499506
0.012499506
0.012499506
0.012499505
0.012499505
0.012499505
0.012499504
0.012499504
0.012499504
0.012499504
0.012499508
0.012499508
0.012499508
0.012499508
0.012499508
0.012499508
0.012499507
0.012499507
0.012499507
0.012499507
0.012499507
0.012499506
0.012499506
0.012499506
0.012499505
0.012499505
0.012499505
0.012499504
0.012499504
0.012499504
0.012499509
0.012499508
0.012499508
0.012499508
0.012499508
0.012499508
0.012499508
0.012499507
0.012499507
0.012499507
0.012499507
0.012499506
0.012499506
0.012499506
0.012499506
0.012499505
0.012499505
0.012499505
0.012499505
0.012499504
0.012499509
0.012499508
0.012499508
0.012499508
0.012499508
0.012499508
0.012499508
0.012499508
0.012499507
0.012499507
0.012499507
0.012499507
0.012499506
0.012499506
0.012499506
0.012499506
0.012499506
0.012499505
0.012499505
0.012499505
0.012499509
0.012499509
0.012499508
0.012499508
0.012499508
0.012499508
0.012499508
0.012499508
0.012499508
0.012499507
0.012499507
0.012499507
0.012499507
0.012499507
0.012499506
0.012499506
0.012499506
0.012499506
0.012499506
0.012499505
0.012499504
0.012499504
0.012499503
0.012499503
0.012499503
0.012499502
0.012499502
0.012499502
0.012499502
0.012499502
0.012499501
0.012499501
0.012499501
0.012499501
0.012499501
0.012499501
0.012499501
0.012499501
0.012499501
0.012499501
0.012499505
0.012499504
0.012499504
0.012499503
0.012499503
0.012499503
0.012499503
0.012499502
0.012499502
0.012499502
0.012499502
0.012499501
0.012499501
0.012499501
0.012499501
0.012499501
0.012499501
0.012499501
0.012499501
0.012499501
0.012499505
0.012499505
0.012499504
0.012499504
0.012499503
0.012499503
0.012499503
0.012499503
0.012499502
0.012499502
0.012499502
0.012499502
0.012499502
0.012499501
0.012499501
0.012499501
0.012499501
0.012499501
0.012499501
0.012499501
0.012499506
0.012499505
0.012499505
0.012499504
0.012499504
0.012499503
0.012499503
0.012499503
0.012499503
0.012499503
0.012499502
0.012499502
0.012499502
0.012499502
0.012499501
0.012499501
0.012499501
0.012499501
0.012499501
0.012499501
0.012499506
0.012499505
0.012499505
0.012499505
0.012499504
0.012499504
0.012499504
0.012499503
0.012499503
0.012499503
0.012499503
0.012499502
0.012499502
0.012499502
0.012499502
0.012499502
0.012499501
0.012499501
0.012499501
0.012499501
0.012499506
0.012499506
0.012499505
0.012499505
0.012499504
0.012499504
0.012499504
0.012499504
0.012499503
0.012499503
0.012499503
0.012499503
0.012499503
0.012499502
0.012499502
0.012499502
0.012499502
0.012499502
0.012499502
0.012499502
0.012499506
0.012499506
0.012499506
0.012499505
0.012499505
0.012499505
0.012499504
0.012499504
0.012499504
0.012499504
0.012499503
0.012499503
0.012499503
0.012499503
0.012499502
0.012499502
0.012499502
0.012499502
0.012499502
0.012499502
0.012499507
0.012499506
0.012499506
0.012499506
0.012499505
0.012499505
0.012499505
0.012499505
0.012499504
0.012499504
0.012499504
0.012499504
0.012499503
0.012499503
0.012499503
0.012499502
0.012499502
0.012499502
0.012499502
0.012499502
0.012499507
0.012499507
0.012499506
0.012499506
0.012499506
0.012499505
0.012499505
0.012499505
0.012499505
0.012499505
0.012499504
0.012499504
0.012499504
0.012499503
0.012499503
0.012499503
0.012499502
0.012499502
0.012499502
0.012499502
0.012499507
0.012499507
0.012499506
0.012499506
0.012499506
0.012499506
0.012499506
0.012499506
0.012499505
0.012499505
0.012499505
0.012499504
0.012499504
0.012499504
0.012499503
0.012499503
0.012499503
0.012499503
0.012499503
0.012499503
0.012499507
0.012499507
0.012499507
0.012499506
0.012499506
0.012499506
0.012499506
0.012499506
0.012499506
0.012499505
0.012499505
0.012499505
0.012499504
0.012499504
0.012499503
0.012499503
0.012499503
0.012499503
0.012499503
0.012499503
0.012499508
0.012499507
0.012499507
0.012499507
0.012499507
0.012499506
0.012499506
0.012499506
0.012499506
0.012499506
0.012499505
0.012499505
0.012499505
0.012499504
0.012499504
0.012499503
0.012499503
0.012499503
0.012499503
0.012499503
0.012499508
0.012499508
0.012499507
0.012499507
0.012499507
0.012499507
0.012499506
0.012499506
0.012499506
0.012499506
0.012499506
0.012499505
0.012499505
0.012499504
0.012499504
0.012499504
0.012499503
0.012499503
0.012499503
0.012499503
0.012499508
0.012499508
0.012499507
0.012499507
0.012499507
0.012499507
0.012499507
0.012499506
0.012499506
0.012499506
0.012499506
0.012499505
0.012499505
0.012499504
0.012499504
0.012499504
0.012499504
0.012499504
0.012499503
0.012499503
0.012499508
0.012499508
0.012499508
0.012499507
0.012499507
0.012499507
0.012499507
0.012499507
0.012499506
0.012499506
0.012499506
0.012499505
0.012499505
0.012499505
0.012499504
0.012499504
0.012499504
0.012499504
0.012499504
0.012499504
0.012499508
0.012499508
0.012499508
0.012499508
0.012499507
0.012499507
0.012499507
0.012499507
0.012499506
0.012499506
0.012499506
0.012499505
0.012499505
0.012499505
0.012499505
0.012499504
0.012499504
0.012499504
0.012499504
0.012499504
0.012499508
0.012499508
0.012499508
0.012499508
0.012499508
0.012499507
0.012499507
0.012499507
0.012499507
0.012499506
0.012499506
0.012499506
0.012499505
0.012499505
0.012499505
0.012499505
0.012499505
0.012499504
0.012499504
0.012499504
0.012499508
0.012499508
0.012499508
0.012499508
0.012499508
0.012499507
0.012499507
0.012499507
0.012499507
0.012499507
0.012499506
0.012499506
0.012499506
0.012499506
0.012499505
0.012499505
0.012499505
0.012499505
0.012499505
0.012499504
0.012499509
0.012499508
0.012499508
0.012499508
0.012499508
0.012499508
0.012499508
0.012499507
0.012499507
0.012499507
0.012499507
0.012499506
0.012499506
0.012499506
0.012499506
0.012499506
0.012499506
0.012499505
0.012499505
0.012499505
0.012499509
0.012499509
0.012499508
0.012499508
0.012499508
0.012499508
0.012499508
0.012499508
0.012499508
0.012499507
0.012499507
0.012499507
0.012499507
0.012499507
0.012499506
0.012499506
0.012499506
0.012499506
0.012499506
0.012499505
0.012499504
0.012499504
0.012499503
0.012499503
0.012499503
0.012499502
0.012499502
0.012499502
0.012499502
0.012499501
0.012499501
0.012499501
0.012499501
0.012499501
0.012499501
0.012499501
0.012499501
0.012499501
0.012499501
0.012499501
0.012499505
0.012499504
0.012499504
0.012499503
0.012499503
0.012499503
0.012499502
0.012499502
0.012499502
0.012499502
0.012499501
0.012499501
0.012499501
0.012499501
0.012499501
0.012499501
0.012499501
0.012499501
0.012499501
0.012499501
0.012499505
0.012499505
0.012499504
0.012499504
0.012499503
0.012499503
0.012499502
0.012499502
0.012499502
0.012499502
0.012499501
0.012499501
0.012499501
0.012499501
0.012499501
0.012499501
0.012499501
0.012499501
0.012499501
0.012499501
0.012499506
0.012499505
0.012499504
0.012499504
0.012499503
0.012499503
0.012499502
0.012499502
0.012499502
0.012499501
0.012499501
0.012499501
0.012499501
0.012499501
0.012499501
0.012499501
0.012499501
0.012499501
0.012499501
0.012499501
0.012499506
0.012499505
0.012499505
0.012499504
0.012499503
0.012499503
0.012499503
0.012499502
0.012499502
0.012499501
0.012499501
0.012499501
0.012499501
0.012499501
0.012499501
0.012499501
0.012499501
0.012499501
0.012499501
0.012499501
0.012499506
0.012499505
0.012499505
0.012499504
0.012499504
0.012499503
0.012499503
0.012499502
0.012499502
0.012499502
0.012499501
0.012499501
0.012499501
0.012499501
0.012499501
0.012499501
0.012499501
0.012499501
0.012499501
0.012499502
0.012499506
0.012499506
0.012499505
0.012499504
0.012499504
0.012499503
0.012499503
0.012499502
0.012499502
0.012499502
0.012499501
0.012499501
0.012499501
0.012499501
0.012499501
0.012499501
0.012499501
0.012499501
0.012499502
0.012499502
0.012499507
0.012499506
0.012499505
0.012499505
0.012499504
0.012499504
0.012499503
0.012499503
0.012499502
0.012499502
0.012499502
0.012499501
0.012499501
0.012499501
0.012499501
0.012499501
0.012499501
0.012499502
0.012499502
0.012499502
0.012499507
0.012499506
0.012499506
0.012499505
0.012499504
0.012499504
0.012499503
0.012499503
0.012499503
0.012499502
0.012499502
0.012499502
0.012499502
0.012499501
0.012499501
0.012499501
0.012499502
0.012499502
0.012499502
0.012499502
0.012499507
0.012499506
0.012499506
0.012499505
0.012499505
0.012499504
0.012499504
0.012499503
0.012499503
0.012499503
0.012499502
0.012499502
0.012499502
0.012499502
0.012499502
0.012499502
0.012499502
0.012499502
0.012499502
0.012499502
0.012499507
0.012499507
0.012499506
0.012499506
0.012499505
0.012499505
0.012499504
0.012499504
0.012499503
0.012499503
0.012499503
0.012499502
0.012499502
0.012499502
0.012499502
0.012499502
0.012499502
0.012499502
0.012499502
0.012499503
0.012499507
0.012499507
0.012499506
0.012499506
0.012499505
0.012499505
0.012499504
0.012499504
0.012499504
0.012499504
0.012499503
0.012499503
0.012499503
0.012499502
0.012499502
0.012499502
0.012499502
0.012499503
0.012499503
0.012499503
0.012499508
0.012499507
0.012499507
0.012499506
0.012499506
0.012499505
0.012499505
0.012499504
0.012499504
0.012499504
0.012499504
0.012499503
0.012499503
0.012499503
0.012499503
0.012499503
0.012499503
0.012499503
0.012499503
0.012499503
0.012499508
0.012499507
0.012499507
0.012499507
0.012499506
0.012499506
0.012499505
0.012499505
0.012499504
0.012499504
0.012499504
0.012499504
0.012499503
0.012499503
0.012499503
0.012499503
0.012499503
0.012499503
0.012499503
0.012499503
0.012499508
0.012499508
0.012499507
0.012499507
0.012499506
0.012499506
0.012499506
0.012499505
0.012499505
0.012499505
0.012499504
0.012499504
0.012499504
0.012499504
0.012499504
0.012499504
0.012499504
0.012499504
0.012499504
0.012499504
0.012499508
0.012499508
0.012499507
0.012499507
0.012499507
0.012499506
0.012499506
0.012499506
0.012499505
0.012499505
0.012499505
0.012499505
0.012499504
0.012499504
0.012499504
0.012499504
0.012499504
0.012499504
0.012499504
0.012499504
0.012499508
0.012499508
0.012499508
0.012499507
0.012499507
0.012499507
0.012499506
0.012499506
0.012499506
0.012499506
0.012499505
0.012499505
0.012499505
0.012499505
0.012499505
0.012499505
0.012499505
0.012499504
0.012499504
0.012499504
0.012499508
0.012499508
0.012499508
0.012499508
0.012499507
0.012499507
0.012499507
0.012499507
0.012499506
0.012499506
0.012499506
0.012499506
0.012499506
0.012499505
0.012499505
0.012499505
0.012499505
0.012499505
0.012499505
0.012499504
0.012499509
0.012499508
0.012499508
0.012499508
0.012499508
0.012499508
0.012499507
0.012499507
0.012499507
0.012499507
0.012499506
0.012499506
0.012499506
0.012499506
0.012499506
0.012499506
0.012499506
0.012499505
0.012499505
0.012499505
0.012499509
0.012499509
0.012499508
0.012499508
0.012499508
0.012499508
0.012499508
0.012499508
0.012499507
0.012499507
0.012499507
0.012499507
0.012499507
0.012499507
0.012499506
0.012499506
0.012499506
0.012499506
0.012499506
0.012499505
0.012499504
0.012499504
0.012499503
0.012499503
0.012499503
0.012499502
0.012499502
0.012499502
0.012499502
0.012499501
0.012499501
0.012499501
0.012499501
0.012499501
0.012499501
0.012499501
0.012499501
0.012499501
0.012499501
0.012499501
0.012499505
0.012499504
0.012499504
0.012499503
0.012499503
0.012499502
0.012499502
0.012499502
0.012499502
0.012499501
0.012499501
0.012499501
0.012499501
0.012499501
0.012499501
0.012499501
0.012499501
0.012499501
0.012499501
0.012499501
0.012499505
0.012499505
0.012499504
0.012499503
0.012499503
0.012499503
0.012499502
0.012499502
0.012499501
0.012499501
0.012499501
0.012499501
0.012499501
0.012499501
0.012499501
0.012499501
0.012499501
0.012499501
0.012499501
0.012499501
0.012499506
0.012499505
0.012499504
0.012499504
0.012499503
0.012499503
0.012499502
0.012499502
0.012499501
0.012499501
0.012499501
0.012499501
0.012499501
0.012499501
0.012499501
0.012499501
0.012499501
0.012499501
0.012499501
0.012499501
0.012499506
0.012499505
0.012499504
0.012499504
0.012499503
0.012499503
0.012499502
0.012499502
0.012499501
0.012499501
0.012499501
0.0124995
0.0124995
0.0124995
0.0124995
0.012499501
0.012499501
0.012499501
0.012499501
0.012499501
0.012499506
0.012499505
0.012499505
0.012499504
0.012499503
0.012499503
0.012499502
0.012499501
0.012499501
0.012499501
0.0124995
0.0124995
0.0124995
0.0124995
0.0124995
0.012499501
0.012499501
0.012499501
0.012499501
0.012499502
0.012499506
0.012499506
0.012499505
0.012499504
0.012499503
0.012499503
0.012499502
0.012499501
0.012499501
0.0124995
0.0124995
0.0124995
0.0124995
0.0124995
0.0124995
0.012499501
0.012499501
0.012499501
0.012499502
0.012499502
0.012499507
0.012499506
0.012499505
0.012499504
0.012499503
0.012499503
0.012499502
0.012499501
0.012499501
0.0124995
0.0124995
0.0124995
0.0124995
0.0124995
0.0124995
0.012499501
0.012499501
0.012499501
0.012499502
0.012499502
0.012499507
0.012499506
0.012499505
0.012499504
0.012499504
0.012499503
0.012499502
0.012499501
0.012499501
0.012499501
0.0124995
0.0124995
0.0124995
0.0124995
0.012499501
0.012499501
0.012499501
0.012499502
0.012499502
0.012499502
0.012499507
0.012499506
0.012499505
0.012499505
0.012499504
0.012499503
0.012499502
0.012499502
0.012499501
0.012499501
0.012499501
0.0124995
0.0124995
0.012499501
0.012499501
0.012499501
0.012499501
0.012499502
0.012499502
0.012499502
0.012499507
0.012499506
0.012499506
0.012499505
0.012499504
0.012499503
0.012499503
0.012499502
0.012499502
0.012499501
0.012499501
0.012499501
0.012499501
0.012499501
0.012499501
0.012499501
0.012499502
0.012499502
0.012499502
0.012499503
0.012499507
0.012499507
0.012499506
0.012499505
0.012499505
0.012499504
0.012499503
0.012499503
0.012499502
0.012499502
0.012499501
0.012499501
0.012499501
0.012499501
0.012499502
0.012499502
0.012499502
0.012499502
0.012499503
0.012499503
0.012499508
0.012499507
0.012499506
0.012499506
0.012499505
0.012499504
0.012499504
0.012499503
0.012499503
0.012499502
0.012499502
0.012499502
0.012499502
0.012499502
0.012499502
0.012499502
0.012499503
0.012499503
0.012499503
0.012499503
0.012499508
0.012499507
0.012499507
0.012499506
0.012499505
0.012499505
0.012499504
0.012499504
0.012499503
0.012499503
0.012499503
0.012499502
0.012499502
0.012499503
0.012499503
0.012499503
0.012499503
0.012499503
0.012499503
0.012499503
0.012499508
0.012499507
0.012499507
0.012499506
0.012499506
0.012499505
0.012499505
0.012499504
0.012499504
0.012499504
0.012499503
0.012499503
0.012499503
0.012499503
0.012499503
0.012499503
0.012499504
0.012499504
0.012499504
0.012499504
0.012499508
0.012499508
0.012499507
0.012499507
0.012499506
0.012499506
0.012499505
0.012499505
0.012499505
0.012499504
0.012499504
0.012499504
0.012499504
0.012499504
0.012499504
0.012499504
0.012499504
0.012499504
0.012499504
0.012499504
0.012499508
0.012499508
0.012499507
0.012499507
0.012499507
0.012499506
0.012499506
0.012499506
0.012499505
0.012499505
0.012499505
0.012499505
0.012499505
0.012499505
0.012499505
0.012499505
0.012499505
0.012499504
0.012499504
0.012499504
0.012499508
0.012499508
0.012499508
0.012499507
0.012499507
0.012499507
0.012499507
0.012499506
0.012499506
0.012499506
0.012499506
0.012499506
0.012499505
0.012499505
0.012499505
0.012499505
0.012499505
0.012499505
0.012499505
0.012499504
0.012499509
0.012499508
0.012499508
0.012499508
0.012499508
0.012499507
0.012499507
0.012499507
0.012499507
0.012499507
0.012499506
0.012499506
0.012499506
0.012499506
0.012499506
0.012499506
0.012499506
0.012499505
0.012499505
0.012499505
0.012499509
0.012499509
0.012499508
0.012499508
0.012499508
0.012499508
0.012499508
0.012499508
0.012499507
0.012499507
0.012499507
0.012499507
0.012499507
0.012499507
0.012499506
0.012499506
0.012499506
0.012499506
0.012499506
0.012499505
0.012499504
0.012499504
0.012499503
0.012499503
0.012499503
0.012499502
0.012499502
0.012499502
0.012499502
0.012499502
0.012499501
0.012499501
0.012499501
0.012499501
0.012499501
0.012499501
0.012499501
0.012499501
0.012499501
0.012499501
0.012499505
0.012499504
0.012499504
0.012499503
0.012499503
0.012499503
0.012499502
0.012499502
0.012499502
0.012499502
0.012499501
0.012499501
0.012499501
0.012499501
0.012499501
0.012499501
0.012499501
0.012499501
0.012499501
0.012499501
0.012499505
0.012499505
0.012499504
0.012499504
0.012499503
0.012499503
0.012499503
0.012499502
0.012499502
0.012499502
0.012499502
0.012499501
0.012499501
0.012499501
0.012499501
0.012499501
0.012499501
0.012499501
0.012499501
0.012499501
0.012499506
0.012499505
0.012499505
0.012499504
0.012499504
0.012499503
0.012499503
0.012499502
0.012499502
0.012499502
0.012499501
0.012499501
0.012499501
0.012499501
0.012499501
0.012499501
0.012499502
0.012499502
0.012499501
0.012499501
0.012499506
0.012499505
0.012499505
0.012499504
0.012499504
0.012499503
0.012499503
0.012499502
0.012499502
0.012499502
0.012499501
0.012499501
0.012499501
0.012499501
0.012499501
0.012499502
0.012499502
0.012499502
0.012499502
0.012499502
0.012499506
0.012499506
0.012499505
0.012499505
0.012499504
0.012499503
0.012499503
0.012499502
0.012499502
0.012499501
0.012499501
0.012499501
0.012499501
0.012499501
0.012499501
0.012499502
0.012499502
0.012499502
0.012499502
0.012499502
0.012499506
0.012499506
0.012499505
0.012499505
0.012499504
0.012499503
0.012499503
0.012499502
0.012499502
0.012499501
0.012499501
0.012499501
0.012499501
0.012499501
0.012499501
0.012499502
0.012499502
0.012499502
0.012499502
0.012499502
0.012499507
0.012499506
0.012499505
0.012499505
0.012499504
0.012499503
0.012499503
0.012499502
0.012499502
0.012499501
0.012499501
0.012499501
0.012499501
0.012499501
0.012499501
0.012499502
0.012499502
0.012499502
0.012499502
0.012499502
0.012499507
0.012499506
0.012499506
0.012499505
0.012499504
0.012499503
0.012499503
0.012499502
0.012499501
0.012499501
0.012499501
0.012499501
0.012499501
0.012499501
0.012499501
0.012499502
0.012499502
0.012499502
0.012499502
0.012499502
0.012499507
0.012499506
0.012499506
0.012499505
0.012499504
0.012499504
0.012499503
0.012499502
0.012499502
0.012499501
0.012499501
0.012499501
0.012499501
0.012499501
0.012499502
0.012499502
0.012499502
0.012499502
0.012499502
0.012499503
0.012499507
0.012499507
0.012499506
0.012499505
0.012499505
0.012499504
0.012499503
0.012499502
0.012499502
0.012499501
0.012499501
0.012499501
0.012499501
0.012499502
0.012499502
0.012499502
0.012499502
0.012499503
0.012499503
0.012499503
0.012499507
0.012499507
0.012499506
0.012499506
0.012499505
0.012499504
0.012499504
0.012499503
0.012499502
0.012499502
0.012499502
0.012499502
0.012499502
0.012499502
0.012499502
0.012499503
0.012499503
0.012499503
0.012499503
0.012499503
0.012499508
0.012499507
0.012499507
0.012499506
0.012499505
0.012499505
0.012499504
0.012499504
0.012499503
0.012499503
0.012499502
0.012499502
0.012499502
0.012499503
0.012499503
0.012499503
0.012499503
0.012499503
0.012499503
0.012499503
0.012499508
0.012499507
0.012499507
0.012499506
0.012499506
0.012499505
0.012499505
0.012499504
0.012499504
0.012499503
0.012499503
0.012499503
0.012499503
0.012499503
0.012499503
0.012499504
0.012499504
0.012499504
0.012499504
0.012499503
0.012499508
0.012499508
0.012499507
0.012499507
0.012499506
0.012499506
0.012499505
0.012499505
0.012499505
0.012499504
0.012499504
0.012499504
0.012499504
0.012499504
0.012499504
0.012499504
0.012499504
0.012499504
0.012499504
0.012499504
0.012499508
0.012499508
0.012499507
0.012499507
0.012499507
0.012499506
0.012499506
0.012499506
0.012499505
0.012499505
0.012499505
0.012499505
0.012499505
0.012499505
0.012499505
0.012499505
0.012499505
0.012499504
0.012499504
0.012499504
0.012499508
0.012499508
0.012499508
0.012499507
0.012499507
0.012499507
0.012499506
0.012499506
0.012499506
0.012499506
0.012499506
0.012499505
0.012499505
0.012499505
0.012499505
0.012499505
0.012499505
0.012499505
0.012499504
0.012499504
0.012499509
0.012499508
0.012499508
0.012499508
0.012499508
0.012499507
0.012499507
0.012499507
0.012499507
0.012499506
0.012499506
0.012499506
0.012499506
0.012499506
0.012499506
0.012499506
0.012499505
0.012499505
0.012499505
0.012499504
0.012499509
0.012499509
0.012499508
0.012499508
0.012499508
0.012499508
0.012499507
0.012499507
0.012499507
0.012499507
0.012499507
0.012499507
0.012499506
0.012499506
0.012499506
0.012499506
0.012499506
0.012499505
0.012499505
0.012499505
0.012499509
0.012499509
0.012499508
0.012499508
0.012499508
0.012499508
0.012499508
0.012499508
0.012499508
0.012499507
0.012499507
0.012499507
0.012499507
0.012499507
0.012499507
0.012499506
0.012499506
0.012499506
0.012499506
0.012499505
0.012499504
0.012499504
0.012499503
0.012499503
0.012499503
0.012499503
0.012499502
0.012499502
0.012499502
0.012499502
0.012499502
0.012499501
0.012499501
0.012499501
0.012499501
0.012499501
0.012499501
0.012499501
0.012499501
0.012499501
0.012499505
0.012499504
0.012499504
0.012499504
0.012499504
0.012499503
0.012499503
0.012499503
0.012499503
0.012499502
0.012499502
0.012499502
0.012499502
0.012499502
0.012499502
0.012499502
0.012499501
0.012499501
0.012499501
0.012499501
0.012499505
0.012499505
0.012499505
0.012499504
0.012499504
0.012499504
0.012499504
0.012499503
0.012499503
0.012499503
0.012499503
0.012499503
0.012499502
0.012499502
0.012499502
0.012499502
0.012499502
0.012499502
0.012499502
0.012499501
0.012499506
0.012499505
0.012499505
0.012499505
0.012499505
0.012499505
0.012499504
0.012499504
0.012499504
0.012499503
0.012499503
0.012499503
0.012499503
0.012499503
0.012499503
0.012499503
0.012499502
0.012499502
0.012499502
0.012499501
0.012499506
0.012499506
0.012499506
0.012499506
0.012499505
0.012499505
0.012499505
0.012499504
0.012499504
0.012499504
0.012499504
0.012499503
0.012499503
0.012499503
0.012499503
0.012499503
0.012499503
0.012499503
0.012499502
0.012499502
0.012499506
0.012499506
0.012499506
0.012499506
0.012499506
0.012499505
0.012499505
0.012499505
0.012499504
0.012499504
0.012499504
0.012499504
0.012499504
0.012499504
0.012499503
0.012499503
0.012499503
0.012499503
0.012499502
0.012499502
0.012499507
0.012499507
0.012499506
0.012499506
0.012499506
0.012499506
0.012499505
0.012499505
0.012499504
0.012499504
0.012499504
0.012499504
0.012499504
0.012499504
0.012499504
0.012499504
0.012499503
0.012499503
0.012499503
0.012499502
0.012499507
0.012499507
0.012499507
0.012499506
0.012499506
0.012499506
0.012499505
0.012499505
0.012499504
0.012499504
0.012499504
0.012499504
0.012499504
0.012499504
0.012499504
0.012499504
0.012499503
0.012499503
0.012499503
0.012499502
0.012499507
0.012499507
0.012499507
0.012499506
0.012499506
0.012499506
0.012499505
0.012499505
0.012499504
0.012499504
0.012499504
0.012499504
0.012499504
0.012499504
0.012499504
0.012499504
0.012499504
0.012499503
0.012499503
0.012499503
0.012499507
0.012499507
0.012499507
0.012499507
0.012499506
0.012499506
0.012499505
0.012499505
0.012499505
0.012499504
0.012499504
0.012499504
0.012499504
0.012499504
0.012499504
0.012499504
0.012499504
0.012499504
0.012499503
0.012499503
0.012499508
0.012499507
0.012499507
0.012499507
0.012499507
0.012499506
0.012499506
0.012499505
0.012499505
0.012499504
0.012499504
0.012499504
0.012499504
0.012499504
0.012499504
0.012499504
0.012499504
0.012499504
0.012499503
0.012499503
0.012499508
0.012499508
0.012499507
0.012499507
0.012499507
0.012499506
0.012499506
0.012499506
0.012499505
0.012499505
0.012499505
0.012499505
0.012499505
0.012499505
0.012499505
0.012499505
0.012499504
0.012499504
0.012499504
0.012499503
0.012499508
0.012499508
0.012499508
0.012499507
0.012499507
0.012499507
0.012499506
0.012499506
0.012499506
0.012499505
0.012499505
0.012499505
0.012499505
0.012499505
0.012499505
0.012499505
0.012499505
0.012499504
0.012499504
0.012499503
0.012499508
0.012499508
0.012499508
0.012499508
0.012499507
0.012499507
0.012499507
0.012499506
0.012499506
0.012499506
0.012499506
0.012499505
0.012499505
0.012499505
0.012499505
0.012499505
0.012499505
0.012499505
0.012499504
0.012499504
0.012499508
0.012499508
0.012499508
0.012499508
0.012499508
0.012499507
0.012499507
0.012499507
0.012499507
0.012499506
0.012499506
0.012499506
0.012499506
0.012499506
0.012499506
0.012499506
0.012499505
0.012499505
0.012499504
0.012499504
0.012499508
0.012499508
0.012499508
0.012499508
0.012499508
0.012499508
0.012499507
0.012499507
0.012499507
0.012499507
0.012499507
0.012499506
0.012499506
0.012499506
0.012499506
0.012499506
0.012499505
0.012499505
0.012499505
0.012499504
0.012499509
0.012499509
0.012499508
0.012499508
0.012499508
0.012499508
0.012499508
0.012499508
0.012499507
0.012499507
0.012499507
0.012499507
0.012499507
0.012499507
0.012499506
0.012499506
0.012499506
0.012499505
0.012499505
0.012499504
0.012499509
0.012499509
0.012499509
0.012499508
0.012499508
0.012499508
0.012499508
0.012499508
0.012499508
0.012499507
0.012499507
0.012499507
0.012499507
0.012499507
0.012499507
0.012499506
0.012499506
0.012499505
0.012499505
0.012499505
0.012499509
0.012499509
0.012499509
0.012499509
0.012499508
0.012499508
0.012499508
0.012499508
0.012499508
0.012499508
0.012499507
0.012499507
0.012499507
0.012499507
0.012499507
0.012499506
0.012499506
0.012499506
0.012499505
0.012499505
0.012499509
0.012499509
0.012499509
0.012499508
0.012499508
0.012499508
0.012499508
0.012499508
0.012499508
0.012499508
0.012499507
0.012499507
0.012499507
0.012499507
0.012499507
0.012499506
0.012499506
0.012499506
0.012499506
0.012499505
0.012499504
0.012499504
0.012499504
0.012499503
0.012499503
0.012499503
0.012499503
0.012499502
0.012499502
0.012499502
0.012499502
0.012499502
0.012499501
0.012499501
0.012499501
0.012499501
0.012499501
0.012499501
0.012499501
0.012499501
0.012499505
0.012499505
0.012499504
0.012499504
0.012499504
0.012499504
0.012499504
0.012499504
0.012499503
0.012499503
0.012499503
0.012499503
0.012499503
0.012499502
0.012499502
0.012499502
0.012499502
0.012499501
0.012499501
0.012499501
0.012499506
0.012499505
0.012499505
0.012499505
0.012499505
0.012499505
0.012499505
0.012499505
0.012499504
0.012499504
0.012499504
0.012499504
0.012499504
0.012499503
0.012499503
0.012499503
0.012499502
0.012499502
0.012499502
0.012499501
0.012499506
0.012499506
0.012499506
0.012499506
0.012499506
0.012499506
0.012499506
0.012499506
0.012499505
0.012499505
0.012499505
0.012499505
0.012499505
0.012499504
0.012499504
0.012499504
0.012499503
0.012499503
0.012499502
0.012499502
0.012499506
0.012499506
0.012499506
0.012499507
0.012499507
0.012499507
0.012499507
0.012499506
0.012499506
0.012499506
0.012499506
0.012499506
0.012499505
0.012499505
0.012499505
0.012499504
0.012499504
0.012499503
0.012499502
0.012499502
0.012499507
0.012499507
0.012499507
0.012499507
0.012499507
0.012499507
0.012499507
0.012499507
0.012499507
0.012499507
0.012499507
0.012499506
0.012499506
0.012499506
0.012499505
0.012499505
0.012499504
0.012499504
0.012499503
0.012499502
0.012499507
0.012499507
0.012499507
0.012499508
0.012499508
0.012499508
0.012499508
0.012499508
0.012499507
0.012499507
0.012499507
0.012499507
0.012499507
0.012499506
0.012499506
0.012499505
0.012499505
0.012499504
0.012499503
0.012499502
0.012499507
0.012499507
0.012499508
0.012499508
0.012499508
0.012499508
0.012499508
0.012499508
0.012499508
0.012499507
0.012499507
0.012499507
0.012499507
0.012499507
0.012499506
0.012499506
0.012499505
0.012499504
0.012499503
0.012499502
0.012499507
0.012499508
0.012499508
0.012499508
0.012499508
0.012499508
0.012499508
0.012499508
0.012499508
0.012499508
0.012499508
0.012499507
0.012499507
0.012499507
0.012499507
0.012499506
0.012499505
0.012499504
0.012499504
0.012499503
0.012499507
0.012499508
0.012499508
0.012499508
0.012499508
0.012499508
0.012499508
0.012499508
0.012499508
0.012499508
0.012499508
0.012499508
0.012499507
0.012499507
0.012499507
0.012499506
0.012499506
0.012499505
0.012499504
0.012499503
0.012499508
0.012499508
0.012499508
0.012499508
0.012499508
0.012499508
0.012499509
0.012499509
0.012499509
0.012499508
0.012499508
0.012499508
0.012499508
0.012499507
0.012499507
0.012499506
0.012499506
0.012499505
0.012499504
0.012499503
0.012499508
0.012499508
0.012499508
0.012499509
0.012499509
0.012499509
0.012499509
0.012499509
0.012499509
0.012499509
0.012499508
0.012499508
0.012499508
0.012499508
0.012499507
0.012499507
0.012499506
0.012499505
0.012499504
0.012499503
0.012499508
0.012499508
0.012499509
0.012499509
0.012499509
0.012499509
0.012499509
0.012499509
0.012499509
0.012499509
0.012499509
0.012499508
0.012499508
0.012499508
0.012499507
0.012499507
0.012499506
0.012499505
0.012499504
0.012499504
0.012499508
0.012499508
0.012499509
0.012499509
0.012499509
0.012499509
0.012499509
0.012499509
0.012499509
0.012499509
0.012499509
0.012499508
0.012499508
0.012499508
0.012499507
0.012499507
0.012499506
0.012499505
0.012499505
0.012499504
0.012499508
0.012499509
0.012499509
0.012499509
0.012499509
0.012499509
0.012499509
0.012499509
0.012499509
0.012499509
0.012499508
0.012499508
0.012499508
0.012499508
0.012499507
0.012499507
0.012499506
0.012499506
0.012499505
0.012499504
0.012499508
0.012499509
0.012499509
0.012499509
0.012499509
0.012499509
0.012499509
0.012499509
0.012499509
0.012499509
0.012499508
0.012499508
0.012499508
0.012499508
0.012499507
0.012499507
0.012499506
0.012499506
0.012499505
0.012499504
0.012499509
0.012499509
0.012499509
0.012499509
0.012499509
0.012499509
0.012499509
0.012499509
0.012499509
0.012499508
0.012499508
0.012499508
0.012499508
0.012499508
0.012499507
0.012499507
0.012499506
0.012499506
0.012499505
0.012499504
0.012499509
0.012499509
0.012499509
0.012499509
0.012499509
0.012499509
0.012499509
0.012499509
0.012499508
0.012499508
0.012499508
0.012499508
0.012499508
0.012499508
0.012499507
0.012499507
0.012499506
0.012499506
0.012499505
0.012499505
0.012499509
0.012499509
0.012499509
0.012499509
0.012499509
0.012499509
0.012499508
0.012499508
0.012499508
0.012499508
0.012499508
0.012499508
0.012499507
0.012499507
0.012499507
0.012499507
0.012499506
0.012499506
0.012499505
0.012499505
0.012499509
0.012499509
0.012499509
0.012499508
0.012499508
0.012499508
0.012499508
0.012499508
0.012499508
0.012499508
0.012499508
0.012499507
0.012499507
0.012499507
0.012499507
0.012499507
0.012499506
0.012499506
0.012499506
0.012499505
0.012499504
0.012499504
0.012499504
0.012499503
0.012499503
0.012499503
0.012499503
0.012499502
0.012499502
0.012499502
0.012499502
0.012499502
0.012499501
0.012499501
0.012499501
0.012499501
0.012499501
0.012499501
0.012499501
0.012499501
0.012499505
0.012499505
0.012499505
0.012499504
0.012499504
0.012499504
0.012499504
0.012499504
0.012499504
0.012499503
0.012499503
0.012499503
0.012499503
0.012499502
0.012499502
0.012499502
0.012499502
0.012499501
0.012499501
0.012499501
0.012499506
0.012499505
0.012499505
0.012499505
0.012499505
0.012499505
0.012499505
0.012499505
0.012499505
0.012499505
0.012499504
0.012499504
0.012499504
0.012499503
0.012499503
0.012499503
0.012499502
0.012499502
0.012499502
0.012499501
0.012499506
0.012499506
0.012499506
0.012499506
0.012499506
0.012499506
0.012499506
0.012499506
0.012499506
0.012499506
0.012499506
0.012499505
0.012499505
0.012499504
0.012499504
0.012499503
0.012499503
0.012499502
0.012499502
0.012499501
0.012499506
0.012499506
0.012499507
0.012499507
0.012499507
0.012499507
0.012499507
0.012499507
0.012499507
0.012499507
0.012499507
0.012499507
0.012499506
0.012499505
0.012499505
0.012499504
0.012499504
0.012499503
0.012499502
0.012499502
0.012499507
0.012499507
0.012499507
0.012499507
0.012499508
0.012499508
0.012499508
0.012499508
0.012499508
0.012499508
0.012499508
0.012499508
0.012499507
0.012499506
0.012499506
0.012499505
0.012499504
0.012499503
0.012499503
0.012499502
0.012499507
0.012499507
0.012499508
0.012499508
0.012499508
0.012499509
0.012499509
0.012499509
0.012499509
0.012499509
0.012499509
0.012499509
0.012499508
0.012499507
0.012499507
0.012499506
0.012499505
0.012499504
0.012499503
0.012499502
0.012499507
0.012499508
0.012499508
0.012499509
0.012499509
0.012499509
0.01249951
0.01249951
0.01249951
0.01249951
0.012499509
0.012499509
0.012499509
0.012499508
0.012499507
0.012499506
0.012499505
0.012499504
0.012499503
0.012499503
0.012499507
0.012499508
0.012499508
0.012499509
0.012499509
0.01249951
0.01249951
0.01249951
0.01249951
0.01249951
0.01249951
0.01249951
0.012499509
0.012499509
0.012499508
0.012499507
0.012499506
0.012499505
0.012499504
0.012499503
0.012499508
0.012499508
0.012499509
0.012499509
0.01249951
0.01249951
0.01249951
0.012499511
0.012499511
0.012499511
0.01249951
0.01249951
0.01249951
0.012499509
0.012499508
0.012499507
0.012499506
0.012499505
0.012499504
0.012499503
0.012499508
0.012499508
0.012499509
0.012499509
0.01249951
0.01249951
0.01249951
0.012499511
0.012499511
0.012499511
0.012499511
0.01249951
0.01249951
0.012499509
0.012499508
0.012499507
0.012499506
0.012499505
0.012499504
0.012499503
0.012499508
0.012499508
0.012499509
0.012499509
0.01249951
0.01249951
0.01249951
0.012499511
0.012499511
0.012499511
0.012499511
0.01249951
0.01249951
0.012499509
0.012499508
0.012499508
0.012499506
0.012499505
0.012499504
0.012499503
0.012499508
0.012499509
0.012499509
0.012499509
0.01249951
0.01249951
0.01249951
0.01249951
0.012499511
0.012499511
0.012499511
0.01249951
0.01249951
0.012499509
0.012499508
0.012499508
0.012499507
0.012499506
0.012499505
0.012499504
0.012499508
0.012499509
0.012499509
0.01249951
0.01249951
0.01249951
0.01249951
0.01249951
0.01249951
0.01249951
0.01249951
0.01249951
0.01249951
0.012499509
0.012499508
0.012499507
0.012499507
0.012499506
0.012499505
0.012499504
0.012499508
0.012499509
0.012499509
0.01249951
0.01249951
0.01249951
0.01249951
0.01249951
0.01249951
0.01249951
0.01249951
0.01249951
0.012499509
0.012499509
0.012499508
0.012499507
0.012499506
0.012499506
0.012499505
0.012499504
0.012499509
0.012499509
0.012499509
0.01249951
0.01249951
0.01249951
0.01249951
0.01249951
0.01249951
0.01249951
0.012499509
0.012499509
0.012499509
0.012499508
0.012499508
0.012499507
0.012499506
0.012499506
0.012499505
0.012499504
0.012499509
0.012499509
0.012499509
0.012499509
0.012499509
0.01249951
0.01249951
0.012499509
0.012499509
0.012499509
0.012499509
0.012499509
0.012499508
0.012499508
0.012499507
0.012499507
0.012499506
0.012499506
0.012499505
0.012499504
0.012499509
0.012499509
0.012499509
0.012499509
0.012499509
0.012499509
0.012499509
0.012499509
0.012499509
0.012499509
0.012499508
0.012499508
0.012499508
0.012499508
0.012499507
0.012499507
0.012499506
0.012499506
0.012499505
0.012499505
0.012499509
0.012499509
0.012499509
0.012499509
0.012499509
0.012499509
0.012499509
0.012499508
0.012499508
0.012499508
0.012499508
0.012499508
0.012499508
0.012499507
0.012499507
0.012499507
0.012499506
0.012499506
0.012499505
0.012499505
0.012499509
0.012499509
0.012499509
0.012499508
0.012499508
0.012499508
0.012499508
0.012499508
0.012499508
0.012499508
0.012499508
0.012499507
0.012499507
0.012499507
0.012499507
0.012499507
0.012499506
0.012499506
0.012499506
0.012499505
0.012499504
0.012499504
0.012499503
0.012499503
0.012499503
0.012499503
0.012499502
0.012499502
0.012499502
0.012499502
0.012499502
0.012499502
0.012499501
0.012499501
0.012499501
0.012499501
0.012499501
0.012499501
0.012499501
0.012499501
0.012499505
0.012499505
0.012499504
0.012499504
0.012499504
0.012499503
0.012499503
0.012499503
0.012499503
0.012499503
0.012499503
0.012499502
0.012499502
0.012499502
0.012499502
0.012499501
0.012499501
0.012499501
0.012499501
0.012499501
0.012499505
0.012499505
0.012499505
0.012499505
0.012499504
0.012499504
0.012499504
0.012499504
0.012499504
0.012499504
0.012499504
0.012499503
0.012499503
0.012499503
0.012499502
0.012499502
0.012499502
0.012499501
0.012499501
0.012499501
0.012499506
0.012499506
0.012499505
0.012499505
0.012499505
0.012499505
0.012499505
0.012499505
0.012499505
0.012499505
0.012499505
0.012499504
0.012499504
0.012499504
0.012499503
0.012499503
0.012499502
0.012499502
0.012499502
0.012499501
0.012499506
0.012499506
0.012499506
0.012499506
0.012499506
0.012499506
0.012499506
0.012499506
0.012499506
0.012499506
0.012499506
0.012499506
0.012499505
0.012499504
0.012499504
0.012499503
0.012499503
0.012499502
0.012499502
0.012499502
0.012499506
0.012499506
0.012499506
0.012499507
0.012499507
0.012499507
0.012499507
0.012499508
0.012499508
0.012499508
0.012499507
0.012499507
0.012499506
0.012499505
0.012499505
0.012499504
0.012499503
0.012499503
0.012499502
0.012499502
0.012499507
0.012499507
0.012499507
0.012499507
0.012499508
0.012499508
0.012499508
0.012499509
0.012499509
0.012499509
0.012499508
0.012499508
0.012499507
0.012499506
0.012499506
0.012499505
0.012499504
0.012499503
0.012499503
0.012499502
0.012499507
0.012499507
0.012499508
0.012499508
0.012499508
0.012499509
0.012499509
0.012499509
0.01249951
0.01249951
0.012499509
0.012499509
0.012499508
0.012499507
0.012499506
0.012499505
0.012499504
0.012499504
0.012499503
0.012499502
0.012499507
0.012499508
0.012499508
0.012499509
0.012499509
0.012499509
0.01249951
0.01249951
0.01249951
0.01249951
0.01249951
0.01249951
0.012499509
0.012499508
0.012499507
0.012499506
0.012499505
0.012499504
0.012499503
0.012499503
0.012499507
0.012499508
0.012499508
0.012499509
0.012499509
0.01249951
0.01249951
0.012499511
0.012499511
0.012499511
0.012499511
0.01249951
0.012499509
0.012499509
0.012499507
0.012499506
0.012499505
0.012499504
0.012499504
0.012499503
0.012499508
0.012499508
0.012499509
0.012499509
0.01249951
0.01249951
0.012499511
0.012499511
0.012499511
0.012499511
0.012499511
0.01249951
0.01249951
0.012499509
0.012499508
0.012499507
0.012499506
0.012499505
0.012499504
0.012499503
0.012499508
0.012499508
0.012499509
0.012499509
0.01249951
0.01249951
0.012499511
0.012499511
0.012499511
0.012499511
0.012499511
0.01249951
0.01249951
0.012499509
0.012499508
0.012499507
0.012499506
0.012499505
0.012499504
0.012499503
0.012499508
0.012499508
0.012499509
0.012499509
0.01249951
0.01249951
0.01249951
0.012499511
0.012499511
0.012499511
0.012499511
0.01249951
0.012499509
0.012499509
0.012499508
0.012499507
0.012499506
0.012499505
0.012499504
0.012499503
0.012499508
0.012499508
0.012499509
0.012499509
0.012499509
0.01249951
0.01249951
0.01249951
0.01249951
0.01249951
0.01249951
0.01249951
0.012499509
0.012499508
0.012499507
0.012499507
0.012499506
0.012499505
0.012499504
0.012499504
0.012499508
0.012499509
0.012499509
0.012499509
0.012499509
0.01249951
0.01249951
0.01249951
0.01249951
0.01249951
0.01249951
0.012499509
0.012499509
0.012499508
0.012499507
0.012499506
0.012499506
0.012499505
0.012499504
0.012499504
0.012499508
0.012499509
0.012499509
0.012499509
0.012499509
0.012499509
0.012499509
0.012499509
0.012499509
0.012499509
0.012499509
0.012499509
0.012499508
0.012499507
0.012499507
0.012499506
0.012499505
0.012499505
0.012499504
0.012499504
0.012499509
0.012499508
0.012499509
0.012499509
0.012499509
0.012499509
0.012499509
0.012499509
0.012499509
0.012499509
0.012499509
0.012499508
0.012499508
0.012499507
0.012499507
0.012499506
0.012499506
0.012499505
0.012499505
0.012499504
0.012499509
0.012499508
0.012499508
0.012499509
0.012499509
0.012499509
0.012499509
0.012499509
0.012499508
0.012499508
0.012499508
0.012499508
0.012499507
0.012499507
0.012499506
0.012499506
0.012499506
0.012499505
0.012499505
0.012499504
0.012499509
0.012499508
0.012499508
0.012499508
0.012499508
0.012499508
0.012499508
0.012499508
0.012499508
0.012499508
0.012499508
0.012499508
0.012499507
0.012499507
0.012499506
0.012499506
0.012499506
0.012499506
0.012499505
0.012499505
0.012499509
0.012499509
0.012499508
0.012499508
0.012499508
0.012499508
0.012499508
0.012499508
0.012499508
0.012499508
0.012499507
0.012499507
0.012499507
0.012499507
0.012499507
0.012499506
0.012499506
0.012499506
0.012499506
0.012499505
0.012499504
0.012499504
0.012499503
0.012499503
0.012499503
0.012499502
0.012499502
0.012499502
0.012499502
0.012499502
0.012499501
0.012499501
0.012499501
0.012499501
0.012499501
0.012499501
0.012499501
0.012499501
0.0124995
0.012499501
0.012499505
0.012499504
0.012499504
0.012499503
0.012499503
0.012499503
0.012499502
0.012499502
0.012499502
0.012499502
0.012499502
0.012499502
0.012499501
0.012499501
0.012499501
0.012499501
0.012499501
0.012499501
0.012499501
0.012499501
0.012499505
0.012499505
0.012499504
0.012499504
0.012499503
0.012499503
0.012499503
0.012499503
0.012499503
0.012499503
0.012499502
0.012499502
0.012499502
0.012499502
0.012499501
0.012499501
0.012499501
0.012499501
0.012499501
0.012499501
0.012499506
0.012499505
0.012499505
0.012499504
0.012499504
0.012499504
0.012499504
0.012499503
0.012499503
0.012499503
0.012499503
0.012499503
0.012499503
0.012499502
0.012499502
0.012499502
0.012499501
0.012499501
0.012499501
0.012499501
0.012499506
0.012499505
0.012499505
0.012499505
0.012499504
0.012499504
0.012499504
0.012499504
0.012499504
0.012499504
0.012499504
0.012499503
0.012499503
0.012499503
0.012499502
0.012499502
0.012499502
0.012499501
0.012499501
0.012499501
0.012499506
0.012499506
0.012499505
0.012499505
0.012499505
0.012499505
0.012499505
0.012499505
0.012499505
0.012499505
0.012499505
0.012499504
0.012499504
0.012499503
0.012499503
0.012499503
0.012499502
0.012499502
0.012499502
0.012499502
0.012499506
0.012499506
0.012499506
0.012499506
0.012499506
0.012499506
0.012499506
0.012499506
0.012499506
0.012499506
0.012499506
0.012499505
0.012499505
0.012499504
0.012499504
0.012499503
0.012499503
0.012499502
0.012499502
0.012499502
0.012499507
0.012499507
0.012499506
0.012499506
0.012499506
0.012499506
0.012499507
0.012499507
0.012499507
0.012499507
0.012499507
0.012499506
0.012499506
0.012499505
0.012499504
0.012499504
0.012499503
0.012499503
0.012499502
0.012499502
0.012499507
0.012499507
0.012499507
0.012499507
0.012499507
0.012499507
0.012499507
0.012499508
0.012499508
0.012499508
0.012499508
0.012499507
0.012499506
0.012499506
0.012499505
0.012499504
0.012499503
0.012499503
0.012499503
0.012499502
0.012499507
0.012499507
0.012499507
0.012499508
0.012499508
0.012499508
0.012499508
0.012499508
0.012499508
0.012499508
0.012499508
0.012499508
0.012499507
0.012499506
0.012499505
0.012499504
0.012499504
0.012499503
0.012499503
0.012499503
0.012499508
0.012499508
0.012499508
0.012499508
0.012499508
0.012499509
0.012499509
0.012499509
0.012499509
0.012499508
0.012499508
0.012499508
0.012499507
0.012499507
0.012499505
0.012499505
0.012499504
0.012499503
0.012499503
0.012499503
0.012499508
0.012499508
0.012499508
0.012499508
0.012499508
0.012499509
0.012499509
0.012499509
0.012499509
0.012499509
0.012499508
0.012499508
0.012499507
0.012499507
0.012499506
0.012499505
0.012499504
0.012499504
0.012499503
0.012499503
0.012499508
0.012499508
0.012499508
0.012499508
0.012499508
0.012499509
0.012499509
0.012499509
0.012499509
0.012499509
0.012499508
0.012499508
0.012499507
0.012499506
0.012499506
0.012499505
0.012499504
0.012499504
0.012499503
0.012499503
0.012499508
0.012499508
0.012499508
0.012499508
0.012499508
0.012499508
0.012499509
0.012499509
0.012499509
0.012499509
0.012499508
0.012499507
0.012499507
0.012499506
0.012499505
0.012499505
0.012499504
0.012499504
0.012499504
0.012499503
0.012499508
0.012499508
0.012499508
0.012499508
0.012499508
0.012499508
0.012499508
0.012499509
0.012499509
0.012499509
0.012499508
0.012499507
0.012499506
0.012499506
0.012499505
0.012499505
0.012499504
0.012499504
0.012499504
0.012499504
0.012499508
0.012499508
0.012499508
0.012499508
0.012499508
0.012499508
0.012499508
0.012499508
0.012499508
0.012499508
0.012499508
0.012499507
0.012499506
0.012499506
0.012499505
0.012499505
0.012499504
0.012499504
0.012499504
0.012499504
0.012499508
0.012499508
0.012499508
0.012499508
0.012499508
0.012499508
0.012499508
0.012499508
0.012499508
0.012499508
0.012499508
0.012499507
0.012499506
0.012499506
0.012499505
0.012499505
0.012499505
0.012499504
0.012499504
0.012499504
0.012499509
0.012499508
0.012499508
0.012499508
0.012499508
0.012499508
0.012499508
0.012499508
0.012499508
0.012499508
0.012499507
0.012499507
0.012499506
0.012499506
0.012499506
0.012499505
0.012499505
0.012499505
0.012499505
0.012499504
0.012499509
0.012499508
0.012499508
0.012499508
0.012499508
0.012499508
0.012499508
0.012499508
0.012499508
0.012499508
0.012499507
0.012499507
0.012499507
0.012499506
0.012499506
0.012499506
0.012499506
0.012499505
0.012499505
0.012499505
0.012499509
0.012499509
0.012499508
0.012499508
0.012499508
0.012499508
0.012499508
0.012499508
0.012499508
0.012499508
0.012499507
0.012499507
0.012499507
0.012499507
0.012499506
0.012499506
0.012499506
0.012499506
0.012499506
0.012499505
0.012499504
0.012499504
0.012499503
0.012499503
0.012499502
0.012499502
0.012499502
0.012499502
0.012499502
0.012499501
0.012499501
0.012499501
0.012499501
0.012499501
0.012499501
0.012499501
0.012499501
0.0124995
0.0124995
0.012499501
0.012499505
0.012499504
0.012499503
0.012499503
0.012499502
0.012499502
0.012499502
0.012499502
0.012499502
0.012499501
0.012499501
0.012499501
0.012499501
0.012499501
0.012499501
0.012499501
0.012499501
0.012499501
0.012499501
0.012499501
0.012499505
0.012499504
0.012499504
0.012499503
0.012499503
0.012499502
0.012499502
0.012499502
0.012499501
0.012499501
0.012499501
0.012499501
0.012499501
0.012499501
0.012499501
0.012499501
0.012499501
0.012499501
0.012499501
0.012499501
0.012499505
0.012499505
0.012499504
0.012499503
0.012499503
0.012499502
0.012499502
0.012499502
0.012499501
0.012499501
0.012499501
0.012499501
0.012499501
0.012499501
0.012499501
0.012499501
0.012499501
0.012499501
0.012499501
0.012499501
0.012499506
0.012499505
0.012499504
0.012499503
0.012499503
0.012499502
0.012499502
0.012499502
0.012499502
0.012499502
0.012499501
0.012499501
0.012499501
0.012499501
0.012499501
0.012499501
0.012499501
0.012499501
0.012499501
0.012499501
0.012499506
0.012499505
0.012499504
0.012499504
0.012499503
0.012499503
0.012499502
0.012499502
0.012499502
0.012499502
0.012499502
0.012499502
0.012499502
0.012499501
0.012499501
0.012499501
0.012499501
0.012499501
0.012499501
0.012499502
0.012499506
0.012499505
0.012499505
0.012499504
0.012499503
0.012499503
0.012499503
0.012499503
0.012499503
0.012499503
0.012499502
0.012499502
0.012499502
0.012499502
0.012499502
0.012499502
0.012499501
0.012499502
0.012499502
0.012499502
0.012499507
0.012499506
0.012499505
0.012499504
0.012499504
0.012499503
0.012499503
0.012499503
0.012499503
0.012499503
0.012499503
0.012499503
0.012499502
0.012499502
0.012499502
0.012499502
0.012499502
0.012499502
0.012499502
0.012499502
0.012499507
0.012499506
0.012499505
0.012499505
0.012499504
0.012499504
0.012499504
0.012499504
0.012499504
0.012499504
0.012499504
0.012499503
0.012499503
0.012499502
0.012499502
0.012499502
0.012499502
0.012499502
0.012499502
0.012499502
0.012499507
0.012499507
0.012499506
0.012499506
0.012499505
0.012499505
0.012499505
0.012499504
0.012499504
0.012499504
0.012499504
0.012499504
0.012499503
0.012499503
0.012499502
0.012499502
0.012499502
0.012499502
0.012499502
0.012499502
0.012499507
0.012499507
0.012499506
0.012499506
0.012499506
0.012499506
0.012499505
0.012499505
0.012499505
0.012499504
0.012499504
0.012499504
0.012499503
0.012499503
0.012499502
0.012499502
0.012499502
0.012499502
0.012499502
0.012499503
0.012499508
0.012499507
0.012499507
0.012499506
0.012499506
0.012499506
0.012499506
0.012499506
0.012499505
0.012499505
0.012499504
0.012499504
0.012499504
0.012499503
0.012499503
0.012499502
0.012499502
0.012499503
0.012499503
0.012499503
0.012499508
0.012499507
0.012499507
0.012499507
0.012499506
0.012499506
0.012499506
0.012499506
0.012499506
0.012499505
0.012499504
0.012499504
0.012499503
0.012499503
0.012499503
0.012499503
0.012499503
0.012499503
0.012499503
0.012499503
0.012499508
0.012499507
0.012499507
0.012499507
0.012499506
0.012499506
0.012499506
0.012499506
0.012499506
0.012499505
0.012499505
0.012499504
0.012499504
0.012499503
0.012499503
0.012499503
0.012499503
0.012499503
0.012499503
0.012499503
0.012499508
0.012499507
0.012499507
0.012499507
0.012499506
0.012499506
0.012499506
0.012499506
0.012499506
0.012499506
0.012499505
0.012499504
0.012499504
0.012499503
0.012499503
0.012499503
0.012499503
0.012499503
0.012499503
0.012499504
0.012499508
0.012499508
0.012499507
0.012499507
0.012499506
0.012499506
0.012499506
0.012499506
0.012499506
0.012499506
0.012499505
0.012499505
0.012499504
0.012499504
0.012499504
0.012499504
0.012499504
0.012499504
0.012499504
0.012499504
0.012499508
0.012499508
0.012499508
0.012499507
0.012499507
0.012499507
0.012499507
0.012499507
0.012499506
0.012499506
0.012499506
0.012499505
0.012499505
0.012499505
0.012499504
0.012499504
0.012499504
0.012499504
0.012499504
0.012499504
0.012499509
0.012499508
0.012499508
0.012499508
0.012499507
0.012499507
0.012499507
0.012499507
0.012499507
0.012499507
0.012499506
0.012499506
0.012499505
0.012499505
0.012499505
0.012499505
0.012499505
0.012499505
0.012499505
0.012499504
0.012499509
0.012499509
0.012499508
0.012499508
0.012499508
0.012499507
0.012499507
0.012499507
0.012499507
0.012499507
0.012499507
0.012499506
0.012499506
0.012499506
0.012499506
0.012499506
0.012499505
0.012499505
0.012499505
0.012499505
0.012499509
0.012499509
0.012499508
0.012499508
0.012499508
0.012499508
0.012499508
0.012499508
0.012499508
0.012499507
0.012499507
0.012499507
0.012499507
0.012499507
0.012499506
0.012499506
0.012499506
0.012499506
0.012499506
0.012499505
0.012499504
0.012499504
0.012499503
0.012499503
0.012499503
0.012499502
0.012499502
0.012499502
0.012499502
0.012499501
0.012499501
0.012499501
0.012499501
0.012499501
0.012499501
0.012499501
0.012499501
0.012499501
0.012499501
0.012499501
0.012499505
0.012499504
0.012499503
0.012499503
0.012499503
0.012499502
0.012499502
0.012499501
0.012499501
0.012499501
0.012499501
0.012499501
0.012499501
0.012499501
0.012499501
0.012499501
0.012499501
0.012499501
0.012499501
0.012499501
0.012499505
0.012499504
0.012499504
0.012499503
0.012499502
0.012499502
0.012499501
0.012499501
0.012499501
0.012499501
0.012499501
0.012499501
0.012499501
0.012499501
0.012499501
0.012499501
0.012499501
0.012499501
0.012499501
0.012499501
0.012499506
0.012499505
0.012499504
0.012499503
0.012499502
0.012499502
0.012499501
0.012499501
0.0124995
0.0124995
0.0124995
0.0124995
0.0124995
0.0124995
0.0124995
0.012499501
0.012499501
0.012499501
0.012499501
0.012499501
0.012499506
0.012499505
0.012499504
0.012499503
0.012499502
0.012499501
0.012499501
0.0124995
0.0124995
0.0124995
0.0124995
0.0124995
0.0124995
0.0124995
0.0124995
0.0124995
0.012499501
0.012499501
0.012499501
0.012499501
0.012499506
0.012499505
0.012499504
0.012499503
0.012499502
0.012499501
0.0124995
0.0124995
0.012499499
0.012499499
0.012499499
0.0124995
0.0124995
0.0124995
0.0124995
0.0124995
0.012499501
0.012499501
0.012499501
0.012499502
0.012499506
0.012499505
0.012499504
0.012499503
0.012499502
0.012499501
0.0124995
0.0124995
0.012499499
0.012499499
0.012499499
0.012499499
0.0124995
0.0124995
0.0124995
0.0124995
0.012499501
0.012499501
0.012499501
0.012499502
0.012499506
0.012499505
0.012499504
0.012499503
0.012499502
0.012499501
0.012499501
0.0124995
0.012499499
0.012499499
0.012499499
0.012499499
0.012499499
0.0124995
0.0124995
0.0124995
0.012499501
0.012499501
0.012499502
0.012499502
0.012499507
0.012499506
0.012499505
0.012499503
0.012499502
0.012499501
0.012499501
0.0124995
0.0124995
0.012499499
0.012499499
0.012499499
0.012499499
0.012499499
0.0124995
0.0124995
0.012499501
0.012499501
0.012499502
0.012499502
0.012499507
0.012499506
0.012499505
0.012499504
0.012499503
0.012499502
0.012499501
0.012499501
0.0124995
0.0124995
0.012499499
0.012499499
0.012499499
0.012499499
0.0124995
0.0124995
0.012499501
0.012499501
0.012499502
0.012499502
0.012499507
0.012499506
0.012499505
0.012499504
0.012499503
0.012499502
0.012499501
0.012499501
0.012499501
0.0124995
0.0124995
0.012499499
0.012499499
0.012499499
0.0124995
0.0124995
0.012499501
0.012499502
0.012499502
0.012499503
0.012499507
0.012499507
0.012499506
0.012499505
0.012499504
0.012499503
0.012499502
0.012499501
0.012499501
0.012499501
0.0124995
0.0124995
0.0124995
0.0124995
0.0124995
0.0124995
0.012499501
0.012499502
0.012499502
0.012499503
0.012499508
0.012499507
0.012499506
0.012499505
0.012499505
0.012499504
0.012499503
0.012499502
0.012499501
0.012499501
0.012499501
0.0124995
0.0124995
0.0124995
0.0124995
0.012499501
0.012499501
0.012499502
0.012499503
0.012499503
0.012499508
0.012499507
0.012499507
0.012499506
0.012499505
0.012499504
0.012499504
0.012499503
0.012499502
0.012499501
0.012499501
0.012499501
0.012499501
0.012499501
0.012499501
0.012499501
0.012499502
0.012499502
0.012499503
0.012499503
0.012499508
0.012499507
0.012499507
0.012499506
0.012499506
0.012499505
0.012499504
0.012499504
0.012499503
0.012499502
0.012499502
0.012499502
0.012499502
0.012499502
0.012499502
0.012499502
0.012499503
0.012499503
0.012499503
0.012499504
0.012499508
0.012499508
0.012499507
0.012499507
0.012499506
0.012499506
0.012499505
0.012499504
0.012499504
0.012499503
0.012499503
0.012499502
0.012499503
0.012499503
0.012499503
0.012499503
0.012499503
0.012499504
0.012499504
0.012499504
0.012499508
0.012499508
0.012499507
0.012499507
0.012499507
0.012499506
0.012499506
0.012499505
0.012499505
0.012499504
0.012499504
0.012499503
0.012499504
0.012499504
0.012499504
0.012499504
0.012499504
0.012499504
0.012499504
0.012499504
0.012499508
0.012499508
0.012499508
0.012499507
0.012499507
0.012499507
0.012499506
0.012499506
0.012499506
0.012499505
0.012499505
0.012499505
0.012499505
0.012499505
0.012499505
0.012499505
0.012499505
0.012499505
0.012499505
0.012499504
0.012499509
0.012499508
0.012499508
0.012499508
0.012499507
0.012499507
0.012499507
0.012499507
0.012499507
0.012499506
0.012499506
0.012499506
0.012499506
0.012499506
0.012499506
0.012499506
0.012499505
0.012499505
0.012499505
0.012499505
0.012499509
0.012499509
0.012499508
0.012499508
0.012499508
0.012499508
0.012499508
0.012499508
0.012499507
0.012499507
0.012499507
0.012499507
0.012499507
0.012499507
0.012499506
0.012499506
0.012499506
0.012499506
0.012499506
0.012499505
0.012499504
0.012499504
0.012499503
0.012499503
0.012499503
0.012499502
0.012499502
0.012499502
0.012499502
0.012499501
0.012499501
0.012499501
0.012499501
0.012499501
0.012499501
0.012499501
0.012499501
0.012499501
0.012499501
0.012499501
0.012499505
0.012499504
0.012499504
0.012499503
0.012499503
0.012499502
0.012499502
0.012499502
0.012499501
0.012499501
0.012499501
0.012499501
0.012499501
0.012499501
0.012499501
0.012499501
0.012499501
0.012499501
0.012499501
0.012499501
0.012499505
0.012499505
0.012499504
0.012499504
0.012499503
0.012499502
0.012499502
0.012499501
0.012499501
0.012499501
0.012499501
0.012499501
0.012499501
0.012499501
0.012499501
0.012499501
0.012499501
0.012499501
0.012499501
0.012499501
0.012499506
0.012499505
0.012499504
0.012499504
0.012499503
0.012499502
0.012499501
0.012499501
0.0124995
0.0124995
0.0124995
0.0124995
0.0124995
0.0124995
0.0124995
0.012499501
0.012499501
0.012499501
0.012499501
0.012499501
0.012499506
0.012499505
0.012499504
0.012499504
0.012499503
0.012499502
0.012499501
0.0124995
0.012499499
0.012499499
0.012499499
0.0124995
0.0124995
0.0124995
0.0124995
0.0124995
0.012499501
0.012499501
0.012499501
0.012499501
0.012499506
0.012499505
0.012499504
0.012499503
0.012499502
0.012499501
0.0124995
0.012499499
0.012499498
0.012499498
0.012499499
0.012499499
0.012499499
0.012499499
0.0124995
0.0124995
0.0124995
0.012499501
0.012499501
0.012499502
0.012499506
0.012499506
0.012499504
0.012499503
0.012499502
0.012499501
0.0124995
0.012499498
0.012499498
0.012499497
0.012499498
0.012499498
0.012499499
0.012499499
0.012499499
0.0124995
0.0124995
0.012499501
0.012499501
0.012499502
0.012499507
0.012499506
0.012499504
0.012499503
0.012499502
0.012499501
0.0124995
0.012499498
0.012499497
0.012499497
0.012499497
0.012499497
0.012499498
0.012499499
0.012499499
0.0124995
0.0124995
0.012499501
0.012499501
0.012499502
0.012499507
0.012499506
0.012499504
0.012499503
0.012499502
0.012499501
0.012499499
0.012499498
0.012499498
0.012499497
0.012499496
0.012499496
0.012499497
0.012499498
0.012499499
0.0124995
0.0124995
0.012499501
0.012499501
0.012499502
0.012499507
0.012499506
0.012499504
0.012499503
0.012499502
0.0124995
0.012499499
0.012499499
0.012499498
0.012499497
0.012499497
0.012499496
0.012499497
0.012499498
0.012499499
0.012499499
0.0124995
0.012499501
0.012499502
0.012499502
0.012499507
0.012499506
0.012499505
0.012499503
0.012499502
0.0124995
0.012499499
0.012499499
0.012499498
0.012499498
0.012499497
0.012499497
0.012499497
0.012499497
0.012499498
0.012499499
0.0124995
0.012499501
0.012499502
0.012499502
0.012499507
0.012499506
0.012499505
0.012499504
0.012499503
0.012499501
0.0124995
0.012499499
0.012499498
0.012499498
0.012499498
0.012499498
0.012499497
0.012499498
0.012499499
0.0124995
0.012499501
0.012499501
0.012499502
0.012499503
0.012499508
0.012499507
0.012499506
0.012499505
0.012499504
0.012499502
0.012499501
0.0124995
0.012499499
0.012499499
0.012499499
0.012499498
0.012499498
0.012499499
0.012499499
0.0124995
0.012499501
0.012499502
0.012499502
0.012499503
0.012499508
0.012499507
0.012499507
0.012499506
0.012499505
0.012499504
0.012499502
0.012499501
0.0124995
0.012499499
0.012499499
0.012499499
0.0124995
0.0124995
0.0124995
0.012499501
0.012499502
0.012499502
0.012499503
0.012499503
0.012499508
0.012499508
0.012499507
0.012499507
0.012499506
0.012499505
0.012499504
0.012499502
0.012499501
0.0124995
0.0124995
0.0124995
0.012499501
0.012499501
0.012499501
0.012499502
0.012499503
0.012499503
0.012499503
0.012499504
0.012499508
0.012499508
0.012499507
0.012499507
0.012499507
0.012499506
0.012499505
0.012499503
0.012499502
0.012499502
0.012499501
0.012499502
0.012499502
0.012499502
0.012499503
0.012499503
0.012499503
0.012499504
0.012499504
0.012499504
0.012499508
0.012499508
0.012499508
0.012499507
0.012499507
0.012499507
0.012499506
0.012499505
0.012499504
0.012499503
0.012499503
0.012499503
0.012499503
0.012499504
0.012499504
0.012499504
0.012499504
0.012499504
0.012499504
0.012499504
0.012499508
0.012499508
0.012499508
0.012499508
0.012499507
0.012499507
0.012499506
0.012499506
0.012499505
0.012499504
0.012499504
0.012499504
0.012499505
0.012499505
0.012499505
0.012499505
0.012499505
0.012499505
0.012499505
0.012499504
0.012499508
0.012499508
0.012499508
0.012499508
0.012499508
0.012499507
0.012499507
0.012499507
0.012499506
0.012499506
0.012499506
0.012499506
0.012499506
0.012499506
0.012499506
0.012499506
0.012499505
0.012499505
0.012499505
0.012499505
0.012499509
0.012499508
0.012499508
0.012499508
0.012499508
0.012499508
0.012499508
0.012499508
0.012499507
0.012499507
0.012499507
0.012499507
0.012499507
0.012499507
0.012499506
0.012499506
0.012499506
0.012499506
0.012499506
0.012499505
0.012499504
0.012499504
0.012499503
0.012499503
0.012499503
0.012499502
0.012499502
0.012499502
0.012499502
0.012499501
0.012499501
0.012499501
0.012499501
0.012499501
0.012499501
0.012499501
0.012499501
0.012499501
0.0124995
0.012499501
0.012499505
0.012499504
0.012499504
0.012499504
0.012499503
0.012499503
0.012499502
0.012499502
0.012499502
0.012499501
0.012499501
0.012499501
0.012499501
0.012499501
0.012499501
0.012499501
0.012499501
0.012499501
0.012499501
0.012499501
0.012499505
0.012499505
0.012499504
0.012499504
0.012499503
0.012499503
0.012499502
0.012499502
0.012499501
0.012499501
0.012499501
0.012499501
0.012499501
0.012499501
0.012499501
0.012499501
0.012499501
0.012499501
0.012499501
0.012499501
0.012499506
0.012499505
0.012499505
0.012499504
0.012499504
0.012499503
0.012499502
0.012499502
0.012499501
0.012499501
0.012499501
0.012499501
0.012499501
0.012499501
0.012499501
0.012499501
0.012499501
0.012499501
0.012499501
0.012499501
0.012499506
0.012499505
0.012499505
0.012499504
0.012499503
0.012499503
0.012499502
0.012499501
0.0124995
0.0124995
0.0124995
0.0124995
0.0124995
0.012499501
0.012499501
0.012499501
0.012499501
0.012499501
0.012499501
0.012499501
0.012499506
0.012499506
0.012499505
0.012499504
0.012499503
0.012499502
0.012499501
0.0124995
0.0124995
0.012499499
0.012499499
0.0124995
0.0124995
0.0124995
0.0124995
0.012499501
0.012499501
0.012499501
0.012499501
0.012499501
0.012499506
0.012499506
0.012499505
0.012499504
0.012499503
0.012499502
0.012499501
0.0124995
0.012499499
0.012499499
0.012499499
0.012499499
0.012499499
0.0124995
0.0124995
0.0124995
0.012499501
0.012499501
0.012499501
0.012499502
0.012499507
0.012499506
0.012499505
0.012499504
0.012499503
0.012499502
0.0124995
0.012499499
0.012499498
0.012499498
0.012499498
0.012499498
0.012499499
0.012499499
0.0124995
0.0124995
0.012499501
0.012499501
0.012499502
0.012499502
0.012499507
0.012499506
0.012499505
0.012499504
0.012499503
0.012499502
0.0124995
0.012499499
0.012499498
0.012499497
0.012499497
0.012499498
0.012499498
0.012499499
0.0124995
0.0124995
0.012499501
0.012499501
0.012499502
0.012499502
0.012499507
0.012499506
0.012499505
0.012499504
0.012499503
0.012499502
0.0124995
0.012499499
0.012499499
0.012499498
0.012499497
0.012499497
0.012499498
0.012499499
0.012499499
0.0124995
0.012499501
0.012499501
0.012499502
0.012499502
0.012499507
0.012499506
0.012499505
0.012499504
0.012499503
0.012499502
0.012499501
0.0124995
0.012499499
0.012499498
0.012499498
0.012499498
0.012499498
0.012499499
0.0124995
0.0124995
0.012499501
0.012499501
0.012499502
0.012499503
0.012499507
0.012499507
0.012499506
0.012499505
0.012499503
0.012499502
0.012499501
0.0124995
0.012499499
0.012499499
0.012499499
0.012499498
0.012499499
0.012499499
0.0124995
0.012499501
0.012499501
0.012499502
0.012499502
0.012499503
0.012499508
0.012499507
0.012499506
0.012499505
0.012499504
0.012499503
0.012499502
0.012499501
0.0124995
0.0124995
0.0124995
0.012499499
0.0124995
0.0124995
0.012499501
0.012499501
0.012499502
0.012499502
0.012499503
0.012499503
0.012499508
0.012499507
0.012499507
0.012499506
0.012499505
0.012499504
0.012499503
0.012499502
0.012499501
0.012499501
0.012499501
0.012499501
0.012499501
0.012499501
0.012499502
0.012499502
0.012499503
0.012499503
0.012499503
0.012499503
0.012499508
0.012499508
0.012499507
0.012499507
0.012499506
0.012499505
0.012499504
0.012499503
0.012499502
0.012499502
0.012499502
0.012499502
0.012499502
0.012499502
0.012499503
0.012499503
0.012499503
0.012499504
0.012499504
0.012499504
0.012499508
0.012499508
0.012499508
0.012499507
0.012499507
0.012499506
0.012499505
0.012499504
0.012499503
0.012499503
0.012499503
0.012499503
0.012499503
0.012499503
0.012499503
0.012499504
0.012499504
0.012499504
0.012499504
0.012499504
0.012499508
0.012499508
0.012499508
0.012499508
0.012499507
0.012499507
0.012499506
0.012499505
0.012499504
0.012499504
0.012499504
0.012499504
0.012499504
0.012499504
0.012499504
0.012499504
0.012499505
0.012499504
0.012499504
0.012499504
0.012499508
0.012499508
0.012499508
0.012499508
0.012499508
0.012499507
0.012499507
0.012499506
0.012499505
0.012499505
0.012499505
0.012499505
0.012499505
0.012499505
0.012499505
0.012499505
0.012499505
0.012499505
0.012499505
0.012499504
0.012499508
0.012499508
0.012499508
0.012499508
0.012499508
0.012499508
0.012499507
0.012499507
0.012499506
0.012499506
0.012499506
0.012499506
0.012499506
0.012499506
0.012499506
0.012499506
0.012499506
0.012499505
0.012499505
0.012499505
0.012499509
0.012499508
0.012499508
0.012499508
0.012499508
0.012499508
0.012499508
0.012499508
0.012499507
0.012499507
0.012499507
0.012499507
0.012499507
0.012499507
0.012499506
0.012499506
0.012499506
0.012499506
0.012499506
0.012499505
0.012499504
0.012499504
0.012499503
0.012499503
0.012499503
0.012499503
0.012499502
0.012499502
0.012499502
0.012499502
0.012499501
0.012499501
0.012499501
0.012499501
0.012499501
0.012499501
0.0124995
0.0124995
0.0124995
0.012499501
0.012499505
0.012499504
0.012499504
0.012499504
0.012499503
0.012499503
0.012499503
0.012499502
0.012499502
0.012499502
0.012499502
0.012499502
0.012499501
0.012499501
0.012499501
0.012499501
0.012499501
0.012499501
0.012499501
0.012499501
0.012499505
0.012499505
0.012499505
0.012499504
0.012499504
0.012499504
0.012499503
0.012499503
0.012499502
0.012499502
0.012499502
0.012499502
0.012499502
0.012499502
0.012499502
0.012499501
0.012499501
0.012499501
0.012499501
0.012499501
0.012499506
0.012499505
0.012499505
0.012499505
0.012499504
0.012499504
0.012499504
0.012499503
0.012499503
0.012499502
0.012499502
0.012499502
0.012499502
0.012499502
0.012499502
0.012499502
0.012499502
0.012499501
0.012499501
0.012499501
0.012499506
0.012499506
0.012499505
0.012499505
0.012499505
0.012499504
0.012499504
0.012499503
0.012499503
0.012499502
0.012499502
0.012499502
0.012499502
0.012499502
0.012499502
0.012499502
0.012499502
0.012499502
0.012499501
0.012499501
0.012499506
0.012499506
0.012499505
0.012499505
0.012499505
0.012499504
0.012499504
0.012499503
0.012499503
0.012499503
0.012499502
0.012499502
0.012499502
0.012499502
0.012499502
0.012499502
0.012499502
0.012499502
0.012499502
0.012499502
0.012499506
0.012499506
0.012499506
0.012499505
0.012499505
0.012499504
0.012499503
0.012499503
0.012499503
0.012499503
0.012499502
0.012499502
0.012499502
0.012499502
0.012499502
0.012499502
0.012499502
0.012499502
0.012499502
0.012499502
0.012499507
0.012499506
0.012499506
0.012499505
0.012499505
0.012499504
0.012499503
0.012499503
0.012499502
0.012499502
0.012499502
0.012499502
0.012499502
0.012499502
0.012499502
0.012499502
0.012499502
0.012499502
0.012499502
0.012499502
0.012499507
0.012499507
0.012499506
0.012499506
0.012499505
0.012499504
0.012499503
0.012499503
0.012499502
0.012499502
0.012499502
0.012499502
0.012499502
0.012499502
0.012499502
0.012499502
0.012499502
0.012499502
0.012499502
0.012499502
0.012499507
0.012499507
0.012499506
0.012499506
0.012499506
0.012499505
0.012499504
0.012499503
0.012499502
0.012499502
0.012499502
0.012499502
0.012499502
0.012499503
0.012499502
0.012499502
0.012499502
0.012499502
0.012499502
0.012499503
0.012499507
0.012499507
0.012499507
0.012499506
0.012499506
0.012499505
0.012499504
0.012499504
0.012499503
0.012499502
0.012499502
0.012499502
0.012499503
0.012499503
0.012499503
0.012499503
0.012499503
0.012499503
0.012499503
0.012499503
0.012499507
0.012499507
0.012499507
0.012499506
0.012499506
0.012499505
0.012499505
0.012499504
0.012499504
0.012499503
0.012499503
0.012499503
0.012499503
0.012499503
0.012499504
0.012499504
0.012499503
0.012499503
0.012499503
0.012499503
0.012499508
0.012499507
0.012499507
0.012499506
0.012499506
0.012499506
0.012499505
0.012499505
0.012499504
0.012499504
0.012499503
0.012499503
0.012499503
0.012499504
0.012499504
0.012499504
0.012499504
0.012499504
0.012499503
0.012499503
0.012499508
0.012499508
0.012499507
0.012499506
0.012499506
0.012499506
0.012499506
0.012499505
0.012499505
0.012499505
0.012499504
0.012499504
0.012499504
0.012499504
0.012499505
0.012499505
0.012499504
0.012499504
0.012499504
0.012499504
0.012499508
0.012499508
0.012499507
0.012499507
0.012499506
0.012499506
0.012499506
0.012499506
0.012499506
0.012499506
0.012499505
0.012499505
0.012499505
0.012499505
0.012499505
0.012499505
0.012499505
0.012499504
0.012499504
0.012499504
0.012499508
0.012499508
0.012499508
0.012499507
0.012499507
0.012499506
0.012499506
0.012499506
0.012499506
0.012499506
0.012499506
0.012499506
0.012499505
0.012499505
0.012499505
0.012499505
0.012499505
0.012499505
0.012499504
0.012499504
0.012499508
0.012499508
0.012499508
0.012499507
0.012499507
0.012499507
0.012499507
0.012499506
0.012499507
0.012499507
0.012499507
0.012499506
0.012499506
0.012499506
0.012499506
0.012499506
0.012499505
0.012499505
0.012499505
0.012499504
0.012499508
0.012499508
0.012499508
0.012499508
0.012499508
0.012499507
0.012499507
0.012499507
0.012499507
0.012499507
0.012499507
0.012499507
0.012499506
0.012499506
0.012499506
0.012499506
0.012499506
0.012499505
0.012499505
0.012499504
0.012499509
0.012499508
0.012499508
0.012499508
0.012499508
0.012499508
0.012499508
0.012499507
0.012499507
0.012499507
0.012499507
0.012499507
0.012499507
0.012499507
0.012499506
0.012499506
0.012499506
0.012499506
0.012499505
0.012499505
0.012499509
0.012499509
0.012499508
0.012499508
0.012499508
0.012499508
0.012499508
0.012499508
0.012499508
0.012499507
0.012499507
0.012499507
0.012499507
0.012499507
0.012499507
0.012499506
0.012499506
0.012499506
0.012499506
0.012499505
0.012499504
0.012499504
0.012499503
0.012499503
0.012499503
0.012499503
0.012499502
0.012499502
0.012499502
0.012499502
0.012499502
0.012499501
0.012499501
0.012499501
0.012499501
0.012499501
0.012499501
0.012499501
0.012499501
0.012499501
0.012499505
0.012499505
0.012499504
0.012499504
0.012499504
0.012499503
0.012499503
0.012499503
0.012499503
0.012499503
0.012499502
0.012499502
0.012499502
0.012499502
0.012499501
0.012499501
0.012499501
0.012499501
0.012499501
0.012499501
0.012499505
0.012499505
0.012499505
0.012499505
0.012499504
0.012499504
0.012499504
0.012499504
0.012499504
0.012499503
0.012499503
0.012499503
0.012499503
0.012499502
0.012499502
0.012499502
0.012499502
0.012499501
0.012499501
0.012499501
0.012499506
0.012499506
0.012499505
0.012499505
0.012499505
0.012499505
0.012499505
0.012499505
0.012499505
0.012499504
0.012499504
0.012499504
0.012499503
0.012499503
0.012499503
0.012499503
0.012499502
0.012499502
0.012499502
0.012499501
0.012499506
0.012499506
0.012499506
0.012499506
0.012499506
0.012499506
0.012499506
0.012499506
0.012499506
0.012499505
0.012499505
0.012499504
0.012499504
0.012499504
0.012499504
0.012499503
0.012499503
0.012499502
0.012499502
0.012499502
0.012499506
0.012499506
0.012499506
0.012499506
0.012499506
0.012499507
0.012499507
0.012499507
0.012499507
0.012499506
0.012499506
0.012499505
0.012499505
0.012499505
0.012499504
0.012499504
0.012499503
0.012499503
0.012499502
0.012499502
0.012499507
0.012499507
0.012499507
0.012499507
0.012499507
0.012499507
0.012499507
0.012499507
0.012499507
0.012499507
0.012499507
0.012499506
0.012499505
0.012499505
0.012499505
0.012499504
0.012499504
0.012499503
0.012499503
0.012499502
0.012499507
0.012499507
0.012499507
0.012499507
0.012499507
0.012499507
0.012499507
0.012499507
0.012499508
0.012499508
0.012499508
0.012499507
0.012499506
0.012499506
0.012499505
0.012499505
0.012499504
0.012499504
0.012499503
0.012499502
0.012499507
0.012499507
0.012499507
0.012499508
0.012499508
0.012499508
0.012499507
0.012499507
0.012499507
0.012499508
0.012499508
0.012499508
0.012499507
0.012499506
0.012499506
0.012499505
0.012499504
0.012499504
0.012499503
0.012499503
0.012499507
0.012499507
0.012499508
0.012499508
0.012499508
0.012499508
0.012499508
0.012499507
0.012499507
0.012499507
0.012499508
0.012499508
0.012499508
0.012499507
0.012499506
0.012499505
0.012499505
0.012499504
0.012499504
0.012499503
0.012499508
0.012499508
0.012499508
0.012499508
0.012499509
0.012499509
0.012499509
0.012499508
0.012499508
0.012499507
0.012499508
0.012499508
0.012499508
0.012499508
0.012499507
0.012499506
0.012499505
0.012499505
0.012499504
0.012499503
0.012499508
0.012499508
0.012499508
0.012499508
0.012499509
0.012499509
0.012499509
0.012499509
0.012499509
0.012499508
0.012499508
0.012499508
0.012499508
0.012499508
0.012499507
0.012499506
0.012499506
0.012499505
0.012499504
0.012499503
0.012499508
0.012499508
0.012499508
0.012499508
0.012499508
0.012499509
0.012499509
0.01249951
0.012499509
0.012499509
0.012499508
0.012499508
0.012499508
0.012499508
0.012499508
0.012499507
0.012499506
0.012499505
0.012499504
0.012499504
0.012499508
0.012499508
0.012499508
0.012499507
0.012499508
0.012499508
0.012499509
0.01249951
0.01249951
0.012499509
0.012499509
0.012499508
0.012499508
0.012499508
0.012499507
0.012499507
0.012499506
0.012499505
0.012499505
0.012499504
0.012499508
0.012499508
0.012499508
0.012499507
0.012499507
0.012499508
0.012499508
0.012499509
0.01249951
0.01249951
0.012499509
0.012499508
0.012499508
0.012499508
0.012499507
0.012499507
0.012499506
0.012499505
0.012499505
0.012499504
0.012499508
0.012499508
0.012499508
0.012499507
0.012499507
0.012499507
0.012499508
0.012499509
0.012499509
0.01249951
0.012499509
0.012499508
0.012499508
0.012499507
0.012499507
0.012499507
0.012499506
0.012499505
0.012499505
0.012499504
0.012499509
0.012499509
0.012499508
0.012499508
0.012499508
0.012499508
0.012499508
0.012499509
0.012499509
0.012499509
0.012499509
0.012499508
0.012499508
0.012499507
0.012499507
0.012499507
0.012499506
0.012499505
0.012499505
0.012499504
0.012499509
0.012499509
0.012499509
0.012499508
0.012499508
0.012499508
0.012499508
0.012499508
0.012499509
0.012499509
0.012499509
0.012499508
0.012499508
0.012499507
0.012499507
0.012499507
0.012499506
0.012499506
0.012499505
0.012499505
0.012499509
0.012499509
0.012499509
0.012499509
0.012499508
0.012499508
0.012499508
0.012499508
0.012499508
0.012499508
0.012499508
0.012499508
0.012499507
0.012499507
0.012499507
0.012499506
0.012499506
0.012499506
0.012499505
0.012499505
0.012499509
0.012499509
0.012499509
0.012499509
0.012499508
0.012499508
0.012499508
0.012499508
0.012499508
0.012499508
0.012499508
0.012499507
0.012499507
0.012499507
0.012499507
0.012499506
0.012499506
0.012499506
0.012499506
0.012499505
0.012499504
0.012499504
0.012499503
0.012499503
0.012499503
0.012499503
0.012499503
0.012499502
0.012499502
0.012499502
0.012499502
0.012499502
0.012499501
0.012499501
0.012499501
0.012499501
0.012499501
0.012499501
0.012499501
0.012499501
0.012499505
0.012499505
0.012499504
0.012499504
0.012499504
0.012499504
0.012499504
0.012499504
0.012499504
0.012499503
0.012499503
0.012499503
0.012499502
0.012499502
0.012499502
0.012499502
0.012499501
0.012499501
0.012499501
0.012499501
0.012499505
0.012499505
0.012499505
0.012499505
0.012499505
0.012499505
0.012499505
0.012499505
0.012499505
0.012499505
0.012499504
0.012499504
0.012499503
0.012499503
0.012499502
0.012499502
0.012499502
0.012499502
0.012499502
0.012499501
0.012499506
0.012499506
0.012499506
0.012499506
0.012499506
0.012499506
0.012499506
0.012499506
0.012499506
0.012499506
0.012499506
0.012499505
0.012499504
0.012499504
0.012499503
0.012499503
0.012499502
0.012499502
0.012499502
0.012499502
0.012499506
0.012499506
0.012499507
0.012499507
0.012499507
0.012499507
0.012499507
0.012499507
0.012499507
0.012499507
0.012499507
0.012499506
0.012499505
0.012499505
0.012499504
0.012499503
0.012499503
0.012499503
0.012499502
0.012499502
0.012499506
0.012499507
0.012499507
0.012499508
0.012499508
0.012499508
0.012499509
0.012499509
0.012499509
0.012499508
0.012499508
0.012499507
0.012499506
0.012499506
0.012499505
0.012499504
0.012499504
0.012499503
0.012499503
0.012499502
0.012499507
0.012499507
0.012499507
0.012499508
0.012499509
0.012499509
0.01249951
0.01249951
0.01249951
0.01249951
0.012499509
0.012499508
0.012499508
0.012499507
0.012499506
0.012499505
0.012499504
0.012499504
0.012499503
0.012499502
0.012499507
0.012499507
0.012499508
0.012499508
0.012499509
0.01249951
0.01249951
0.012499511
0.012499511
0.012499511
0.012499511
0.01249951
0.012499509
0.012499508
0.012499507
0.012499506
0.012499505
0.012499504
0.012499504
0.012499503
0.012499507
0.012499508
0.012499508
0.012499509
0.012499509
0.01249951
0.01249951
0.012499511
0.012499511
0.012499512
0.012499512
0.012499511
0.01249951
0.012499509
0.012499508
0.012499507
0.012499506
0.012499505
0.012499504
0.012499503
0.012499508
0.012499508
0.012499508
0.012499509
0.01249951
0.01249951
0.012499511
0.012499511
0.012499511
0.012499512
0.012499512
0.012499512
0.012499511
0.012499509
0.012499508
0.012499507
0.012499507
0.012499506
0.012499504
0.012499503
0.012499508
0.012499508
0.012499509
0.012499509
0.01249951
0.012499511
0.012499511
0.012499511
0.012499511
0.012499512
0.012499512
0.012499512
0.012499511
0.01249951
0.012499509
0.012499508
0.012499507
0.012499506
0.012499505
0.012499503
0.012499508
0.012499508
0.012499509
0.01249951
0.01249951
0.012499511
0.012499512
0.012499512
0.012499512
0.012499511
0.012499511
0.012499511
0.012499511
0.01249951
0.012499509
0.012499508
0.012499507
0.012499506
0.012499505
0.012499504
0.012499508
0.012499508
0.012499509
0.012499509
0.01249951
0.012499511
0.012499512
0.012499512
0.012499512
0.012499511
0.012499511
0.012499511
0.012499511
0.01249951
0.012499509
0.012499508
0.012499507
0.012499506
0.012499505
0.012499504
0.012499508
0.012499508
0.012499509
0.012499509
0.012499509
0.01249951
0.012499511
0.012499512
0.012499512
0.012499511
0.012499511
0.01249951
0.01249951
0.01249951
0.012499509
0.012499507
0.012499507
0.012499506
0.012499505
0.012499504
0.012499508
0.012499508
0.012499508
0.012499509
0.012499509
0.01249951
0.01249951
0.012499511
0.012499512
0.012499511
0.012499511
0.01249951
0.01249951
0.012499509
0.012499508
0.012499507
0.012499506
0.012499506
0.012499505
0.012499504
0.012499508
0.012499508
0.012499509
0.012499509
0.012499509
0.012499509
0.01249951
0.012499511
0.012499511
0.012499511
0.01249951
0.012499509
0.012499509
0.012499509
0.012499508
0.012499507
0.012499506
0.012499506
0.012499505
0.012499504
0.012499509
0.012499509
0.012499509
0.012499509
0.012499509
0.012499509
0.01249951
0.01249951
0.01249951
0.01249951
0.01249951
0.012499509
0.012499508
0.012499508
0.012499508
0.012499507
0.012499506
0.012499506
0.012499505
0.012499504
0.012499509
0.012499509
0.012499509
0.012499509
0.012499509
0.012499509
0.012499509
0.01249951
0.01249951
0.01249951
0.012499509
0.012499508
0.012499508
0.012499508
0.012499507
0.012499507
0.012499506
0.012499506
0.012499505
0.012499505
0.012499509
0.012499509
0.012499509
0.012499509
0.012499509
0.012499509
0.012499509
0.012499509
0.012499509
0.012499509
0.012499508
0.012499508
0.012499508
0.012499507
0.012499507
0.012499507
0.012499506
0.012499506
0.012499505
0.012499505
0.012499509
0.012499509
0.012499509
0.012499509
0.012499508
0.012499508
0.012499508
0.012499508
0.012499508
0.012499508
0.012499508
0.012499508
0.012499507
0.012499507
0.012499507
0.012499507
0.012499506
0.012499506
0.012499506
0.012499505
0.012499504
0.012499504
0.012499503
0.012499503
0.012499503
0.012499503
0.012499503
0.012499503
0.012499502
0.012499502
0.012499502
0.012499502
0.012499501
0.012499501
0.012499501
0.012499501
0.012499501
0.012499501
0.012499501
0.012499501
0.012499505
0.012499505
0.012499504
0.012499504
0.012499504
0.012499504
0.012499504
0.012499504
0.012499504
0.012499504
0.012499503
0.012499503
0.012499502
0.012499502
0.012499502
0.012499502
0.012499502
0.012499502
0.012499502
0.012499501
0.012499506
0.012499505
0.012499505
0.012499505
0.012499505
0.012499505
0.012499505
0.012499505
0.012499505
0.012499505
0.012499504
0.012499504
0.012499503
0.012499502
0.012499502
0.012499502
0.012499502
0.012499502
0.012499502
0.012499502
0.012499506
0.012499506
0.012499506
0.012499506
0.012499506
0.012499506
0.012499506
0.012499506
0.012499506
0.012499506
0.012499506
0.012499505
0.012499504
0.012499503
0.012499502
0.012499502
0.012499502
0.012499502
0.012499502
0.012499502
0.012499506
0.012499506
0.012499507
0.012499507
0.012499507
0.012499507
0.012499507
0.012499507
0.012499507
0.012499507
0.012499507
0.012499506
0.012499505
0.012499504
0.012499503
0.012499503
0.012499503
0.012499503
0.012499503
0.012499502
0.012499507
0.012499507
0.012499507
0.012499508
0.012499508
0.012499509
0.012499509
0.012499509
0.012499508
0.012499508
0.012499508
0.012499507
0.012499506
0.012499505
0.012499504
0.012499503
0.012499503
0.012499503
0.012499503
0.012499502
0.012499507
0.012499507
0.012499508
0.012499508
0.012499509
0.01249951
0.01249951
0.01249951
0.01249951
0.012499509
0.012499509
0.012499508
0.012499507
0.012499506
0.012499505
0.012499504
0.012499504
0.012499504
0.012499503
0.012499502
0.012499507
0.012499508
0.012499508
0.012499509
0.01249951
0.012499511
0.012499511
0.012499511
0.012499511
0.012499511
0.01249951
0.012499509
0.012499508
0.012499507
0.012499506
0.012499505
0.012499505
0.012499504
0.012499504
0.012499503
0.012499507
0.012499508
0.012499508
0.012499509
0.01249951
0.012499511
0.012499512
0.012499512
0.012499512
0.012499512
0.012499511
0.01249951
0.012499509
0.012499508
0.012499507
0.012499506
0.012499506
0.012499505
0.012499504
0.012499503
0.012499508
0.012499508
0.012499508
0.012499509
0.012499509
0.01249951
0.012499511
0.012499512
0.012499513
0.012499512
0.012499512
0.012499511
0.012499509
0.012499508
0.012499508
0.012499507
0.012499506
0.012499505
0.012499504
0.012499503
0.012499508
0.012499508
0.012499509
0.012499509
0.01249951
0.01249951
0.012499511
0.012499512
0.012499512
0.012499513
0.012499512
0.012499511
0.01249951
0.012499509
0.012499508
0.012499507
0.012499507
0.012499506
0.012499505
0.012499503
0.012499508
0.012499508
0.012499509
0.01249951
0.01249951
0.01249951
0.012499511
0.012499511
0.012499512
0.012499512
0.012499512
0.012499511
0.01249951
0.012499509
0.012499508
0.012499507
0.012499506
0.012499506
0.012499505
0.012499504
0.012499508
0.012499508
0.012499509
0.01249951
0.01249951
0.012499511
0.012499511
0.012499511
0.012499511
0.012499511
0.012499511
0.012499511
0.01249951
0.012499509
0.012499508
0.012499507
0.012499506
0.012499506
0.012499505
0.012499504
0.012499508
0.012499508
0.012499509
0.01249951
0.012499511
0.012499511
0.012499511
0.012499511
0.012499511
0.01249951
0.01249951
0.01249951
0.01249951
0.012499509
0.012499508
0.012499507
0.012499506
0.012499506
0.012499505
0.012499504
0.012499508
0.012499508
0.012499509
0.01249951
0.01249951
0.012499511
0.012499511
0.012499511
0.01249951
0.01249951
0.01249951
0.01249951
0.012499509
0.012499509
0.012499508
0.012499507
0.012499506
0.012499505
0.012499505
0.012499504
0.012499508
0.012499509
0.012499509
0.01249951
0.01249951
0.01249951
0.012499511
0.012499511
0.01249951
0.012499509
0.012499509
0.012499509
0.012499509
0.012499508
0.012499507
0.012499507
0.012499506
0.012499506
0.012499505
0.012499504
0.012499509
0.012499509
0.012499509
0.012499509
0.01249951
0.01249951
0.01249951
0.01249951
0.01249951
0.012499509
0.012499509
0.012499508
0.012499508
0.012499508
0.012499507
0.012499507
0.012499506
0.012499506
0.012499505
0.012499504
0.012499509
0.012499509
0.012499509
0.012499509
0.012499509
0.012499509
0.012499509
0.01249951
0.012499509
0.012499509
0.012499508
0.012499508
0.012499508
0.012499507
0.012499507
0.012499507
0.012499506
0.012499506
0.012499505
0.012499505
0.012499509
0.012499509
0.012499509
0.012499509
0.012499509
0.012499509
0.012499509
0.012499509
0.012499509
0.012499508
0.012499508
0.012499508
0.012499507
0.012499507
0.012499507
0.012499506
0.012499506
0.012499506
0.012499505
0.012499505
0.012499509
0.012499509
0.012499509
0.012499509
0.012499508
0.012499508
0.012499508
0.012499508
0.012499508
0.012499508
0.012499508
0.012499507
0.012499507
0.012499507
0.012499507
0.012499507
0.012499506
0.012499506
0.012499506
0.012499505
0.012499504
0.012499504
0.012499503
0.012499503
0.012499503
0.012499503
0.012499503
0.012499502
0.012499502
0.012499502
0.012499502
0.012499502
0.012499501
0.012499501
0.012499501
0.012499501
0.012499501
0.012499501
0.012499501
0.012499501
0.012499505
0.012499504
0.012499504
0.012499504
0.012499504
0.012499504
0.012499504
0.012499503
0.012499503
0.012499503
0.012499503
0.012499502
0.012499502
0.012499502
0.012499502
0.012499502
0.012499502
0.012499502
0.012499502
0.012499501
0.012499505
0.012499505
0.012499505
0.012499505
0.012499505
0.012499505
0.012499505
0.012499504
0.012499504
0.012499504
0.012499504
0.012499503
0.012499502
0.012499502
0.012499502
0.012499502
0.012499502
0.012499502
0.012499502
0.012499502
0.012499506
0.012499506
0.012499505
0.012499505
0.012499505
0.012499505
0.012499505
0.012499505
0.012499505
0.012499505
0.012499504
0.012499504
0.012499503
0.012499502
0.012499502
0.012499502
0.012499502
0.012499502
0.012499502
0.012499502
0.012499506
0.012499506
0.012499506
0.012499506
0.012499506
0.012499506
0.012499506
0.012499506
0.012499506
0.012499505
0.012499505
0.012499504
0.012499503
0.012499503
0.012499502
0.012499502
0.012499502
0.012499502
0.012499502
0.012499502
0.012499506
0.012499507
0.012499507
0.012499507
0.012499507
0.012499507
0.012499507
0.012499507
0.012499506
0.012499506
0.012499506
0.012499505
0.012499504
0.012499503
0.012499502
0.012499502
0.012499502
0.012499503
0.012499502
0.012499502
0.012499507
0.012499507
0.012499507
0.012499508
0.012499508
0.012499508
0.012499508
0.012499508
0.012499507
0.012499506
0.012499506
0.012499505
0.012499505
0.012499504
0.012499503
0.012499503
0.012499503
0.012499503
0.012499503
0.012499502
0.012499507
0.012499507
0.012499508
0.012499508
0.012499509
0.012499509
0.012499509
0.012499509
0.012499508
0.012499507
0.012499506
0.012499506
0.012499505
0.012499505
0.012499504
0.012499504
0.012499504
0.012499503
0.012499503
0.012499503
0.012499507
0.012499508
0.012499508
0.012499508
0.012499509
0.012499509
0.01249951
0.01249951
0.01249951
0.012499508
0.012499507
0.012499506
0.012499505
0.012499505
0.012499505
0.012499505
0.012499504
0.012499504
0.012499504
0.012499503
0.012499508
0.012499508
0.012499508
0.012499508
0.012499508
0.012499509
0.01249951
0.01249951
0.01249951
0.01249951
0.012499508
0.012499507
0.012499506
0.012499505
0.012499505
0.012499505
0.012499505
0.012499504
0.012499504
0.012499503
0.012499508
0.012499508
0.012499508
0.012499508
0.012499508
0.012499508
0.012499509
0.01249951
0.01249951
0.01249951
0.012499509
0.012499508
0.012499506
0.012499505
0.012499505
0.012499505
0.012499505
0.012499505
0.012499504
0.012499503
0.012499508
0.012499508
0.012499508
0.012499508
0.012499508
0.012499508
0.012499508
0.012499509
0.012499509
0.01249951
0.01249951
0.012499508
0.012499507
0.012499506
0.012499505
0.012499505
0.012499505
0.012499505
0.012499504
0.012499503
0.012499508
0.012499508
0.012499509
0.012499509
0.012499509
0.012499509
0.012499508
0.012499508
0.012499508
0.012499509
0.012499509
0.012499509
0.012499508
0.012499506
0.012499506
0.012499505
0.012499505
0.012499505
0.012499504
0.012499504
0.012499508
0.012499508
0.012499509
0.012499509
0.01249951
0.012499509
0.012499509
0.012499508
0.012499508
0.012499508
0.012499509
0.012499509
0.012499508
0.012499507
0.012499506
0.012499506
0.012499505
0.012499505
0.012499504
0.012499504
0.012499508
0.012499509
0.012499509
0.01249951
0.01249951
0.01249951
0.012499509
0.012499508
0.012499508
0.012499507
0.012499508
0.012499508
0.012499508
0.012499507
0.012499506
0.012499506
0.012499505
0.012499505
0.012499505
0.012499504
0.012499508
0.012499509
0.012499509
0.012499509
0.01249951
0.01249951
0.012499509
0.012499509
0.012499508
0.012499507
0.012499507
0.012499508
0.012499508
0.012499507
0.012499506
0.012499506
0.012499505
0.012499505
0.012499505
0.012499504
0.012499508
0.012499508
0.012499509
0.012499509
0.01249951
0.01249951
0.012499509
0.012499509
0.012499508
0.012499508
0.012499507
0.012499507
0.012499507
0.012499507
0.012499506
0.012499506
0.012499506
0.012499505
0.012499505
0.012499504
0.012499508
0.012499508
0.012499508
0.012499509
0.012499509
0.012499509
0.012499509
0.012499509
0.012499508
0.012499508
0.012499508
0.012499507
0.012499507
0.012499507
0.012499506
0.012499506
0.012499506
0.012499505
0.012499505
0.012499504
0.012499508
0.012499508
0.012499508
0.012499508
0.012499509
0.012499509
0.012499508
0.012499508
0.012499508
0.012499508
0.012499508
0.012499507
0.012499507
0.012499507
0.012499507
0.012499506
0.012499506
0.012499506
0.012499505
0.012499505
0.012499509
0.012499508
0.012499508
0.012499508
0.012499508
0.012499508
0.012499508
0.012499508
0.012499508
0.012499508
0.012499507
0.012499507
0.012499507
0.012499507
0.012499507
0.012499506
0.012499506
0.012499506
0.012499506
0.012499505
0.012499504
0.012499504
0.012499503
0.012499503
0.012499503
0.012499502
0.012499502
0.012499502
0.012499502
0.012499502
0.012499502
0.012499501
0.012499501
0.012499501
0.012499501
0.012499501
0.012499501
0.012499501
0.012499501
0.012499501
0.012499505
0.012499504
0.012499504
0.012499503
0.012499503
0.012499503
0.012499503
0.012499503
0.012499502
0.012499502
0.012499502
0.012499502
0.012499502
0.012499501
0.012499501
0.012499501
0.012499501
0.012499501
0.012499501
0.012499501
0.012499505
0.012499505
0.012499504
0.012499504
0.012499504
0.012499504
0.012499503
0.012499503
0.012499503
0.012499503
0.012499502
0.012499502
0.012499502
0.012499502
0.012499502
0.012499502
0.012499502
0.012499502
0.012499502
0.012499501
0.012499506
0.012499505
0.012499505
0.012499504
0.012499504
0.012499504
0.012499504
0.012499504
0.012499503
0.012499503
0.012499503
0.012499502
0.012499502
0.012499502
0.012499502
0.012499502
0.012499502
0.012499502
0.012499502
0.012499502
0.012499506
0.012499505
0.012499505
0.012499505
0.012499505
0.012499505
0.012499505
0.012499504
0.012499504
0.012499503
0.012499503
0.012499502
0.012499502
0.012499502
0.012499502
0.012499502
0.012499502
0.012499502
0.012499502
0.012499502
0.012499506
0.012499506
0.012499506
0.012499505
0.012499505
0.012499505
0.012499505
0.012499505
0.012499504
0.012499504
0.012499503
0.012499502
0.012499502
0.012499502
0.012499502
0.012499502
0.012499502
0.012499502
0.012499502
0.012499502
0.012499507
0.012499507
0.012499506
0.012499506
0.012499506
0.012499506
0.012499505
0.012499505
0.012499504
0.012499504
0.012499503
0.012499503
0.012499502
0.012499502
0.012499502
0.012499502
0.012499502
0.012499503
0.012499502
0.012499502
0.012499507
0.012499507
0.012499507
0.012499507
0.012499507
0.012499507
0.012499506
0.012499506
0.012499505
0.012499504
0.012499503
0.012499503
0.012499502
0.012499502
0.012499502
0.012499502
0.012499503
0.012499503
0.012499503
0.012499502
0.012499507
0.012499507
0.012499508
0.012499508
0.012499507
0.012499507
0.012499507
0.012499507
0.012499506
0.012499505
0.012499503
0.012499503
0.012499503
0.012499503
0.012499503
0.012499503
0.012499503
0.012499503
0.012499503
0.012499503
0.012499507
0.012499508
0.012499508
0.012499508
0.012499507
0.012499507
0.012499507
0.012499507
0.012499507
0.012499506
0.012499504
0.012499503
0.012499503
0.012499503
0.012499503
0.012499503
0.012499503
0.012499503
0.012499503
0.012499503
0.012499508
0.012499508
0.012499508
0.012499507
0.012499507
0.012499507
0.012499507
0.012499507
0.012499507
0.012499506
0.012499505
0.012499504
0.012499503
0.012499503
0.012499503
0.012499504
0.012499504
0.012499504
0.012499503
0.012499503
0.012499508
0.012499508
0.012499508
0.012499507
0.012499507
0.012499506
0.012499506
0.012499506
0.012499507
0.012499507
0.012499506
0.012499505
0.012499504
0.012499504
0.012499504
0.012499504
0.012499504
0.012499504
0.012499504
0.012499503
0.012499508
0.012499508
0.012499508
0.012499507
0.012499507
0.012499506
0.012499506
0.012499506
0.012499506
0.012499507
0.012499506
0.012499506
0.012499505
0.012499505
0.012499504
0.012499505
0.012499505
0.012499504
0.012499504
0.012499503
0.012499508
0.012499508
0.012499508
0.012499508
0.012499507
0.012499507
0.012499506
0.012499506
0.012499506
0.012499506
0.012499506
0.012499506
0.012499506
0.012499505
0.012499505
0.012499505
0.012499505
0.012499505
0.012499504
0.012499504
0.012499508
0.012499508
0.012499508
0.012499508
0.012499508
0.012499507
0.012499507
0.012499506
0.012499506
0.012499506
0.012499507
0.012499506
0.012499506
0.012499505
0.012499505
0.012499505
0.012499505
0.012499505
0.012499504
0.012499504
0.012499508
0.012499508
0.012499508
0.012499508
0.012499508
0.012499508
0.012499507
0.012499506
0.012499506
0.012499506
0.012499507
0.012499507
0.012499506
0.012499506
0.012499505
0.012499505
0.012499505
0.012499505
0.012499504
0.012499504
0.012499508
0.012499508
0.012499508
0.012499508
0.012499508
0.012499508
0.012499507
0.012499507
0.012499507
0.012499507
0.012499507
0.012499507
0.012499507
0.012499506
0.012499506
0.012499505
0.012499505
0.012499505
0.012499504
0.012499504
0.012499508
0.012499508
0.012499508
0.012499508
0.012499508
0.012499508
0.012499508
0.012499507
0.012499507
0.012499507
0.012499507
0.012499507
0.012499507
0.012499506
0.012499506
0.012499506
0.012499505
0.012499505
0.012499505
0.012499504
0.012499508
0.012499508
0.012499508
0.012499508
0.012499508
0.012499508
0.012499508
0.012499508
0.012499507
0.012499507
0.012499507
0.012499507
0.012499507
0.012499507
0.012499506
0.012499506
0.012499506
0.012499505
0.012499505
0.012499505
0.012499509
0.012499508
0.012499508
0.012499508
0.012499508
0.012499508
0.012499508
0.012499508
0.012499508
0.012499507
0.012499507
0.012499507
0.012499507
0.012499507
0.012499507
0.012499506
0.012499506
0.012499506
0.012499506
0.012499505
0.012499504
0.012499504
0.012499503
0.012499503
0.012499503
0.012499502
0.012499502
0.012499502
0.012499502
0.012499502
0.012499502
0.012499501
0.012499501
0.012499501
0.012499501
0.012499501
0.012499501
0.012499501
0.0124995
0.012499501
0.012499505
0.012499504
0.012499504
0.012499503
0.012499503
0.012499503
0.012499502
0.012499502
0.012499502
0.012499502
0.012499502
0.012499502
0.012499502
0.012499502
0.012499501
0.012499501
0.012499501
0.012499501
0.012499501
0.012499501
0.012499505
0.012499504
0.012499504
0.012499503
0.012499503
0.012499503
0.012499503
0.012499502
0.012499502
0.012499502
0.012499502
0.012499502
0.012499502
0.012499502
0.012499502
0.012499502
0.012499502
0.012499501
0.012499501
0.012499501
0.012499506
0.012499505
0.012499504
0.012499504
0.012499503
0.012499503
0.012499503
0.012499503
0.012499502
0.012499502
0.012499502
0.012499501
0.012499502
0.012499502
0.012499502
0.012499502
0.012499502
0.012499502
0.012499502
0.012499501
0.012499506
0.012499505
0.012499505
0.012499504
0.012499504
0.012499503
0.012499503
0.012499503
0.012499503
0.012499502
0.012499501
0.012499501
0.012499501
0.012499502
0.012499502
0.012499502
0.012499502
0.012499502
0.012499502
0.012499502
0.012499506
0.012499506
0.012499505
0.012499504
0.012499504
0.012499504
0.012499503
0.012499503
0.012499503
0.012499502
0.012499502
0.012499501
0.012499501
0.012499501
0.012499502
0.012499502
0.012499502
0.012499502
0.012499502
0.012499502
0.012499507
0.012499506
0.012499506
0.012499505
0.012499504
0.012499504
0.012499503
0.012499503
0.012499503
0.012499503
0.012499502
0.012499501
0.012499501
0.012499501
0.012499502
0.012499502
0.012499502
0.012499502
0.012499502
0.012499502
0.012499507
0.012499507
0.012499506
0.012499506
0.012499505
0.012499504
0.012499504
0.012499503
0.012499503
0.012499503
0.012499502
0.012499502
0.012499501
0.012499501
0.012499501
0.012499502
0.012499502
0.012499503
0.012499503
0.012499502
0.012499507
0.012499507
0.012499507
0.012499507
0.012499506
0.012499505
0.012499504
0.012499504
0.012499503
0.012499503
0.012499502
0.012499502
0.012499502
0.012499502
0.012499502
0.012499502
0.012499502
0.012499503
0.012499503
0.012499503
0.012499507
0.012499507
0.012499507
0.012499507
0.012499507
0.012499506
0.012499505
0.012499504
0.012499503
0.012499503
0.012499502
0.012499502
0.012499502
0.012499502
0.012499502
0.012499502
0.012499503
0.012499503
0.012499503
0.012499503
0.012499508
0.012499508
0.012499507
0.012499507
0.012499507
0.012499506
0.012499506
0.012499505
0.012499504
0.012499503
0.012499503
0.012499503
0.012499503
0.012499503
0.012499503
0.012499503
0.012499503
0.012499503
0.012499503
0.012499503
0.012499508
0.012499508
0.012499507
0.012499507
0.012499506
0.012499506
0.012499506
0.012499505
0.012499505
0.012499504
0.012499503
0.012499503
0.012499503
0.012499504
0.012499504
0.012499504
0.012499504
0.012499504
0.012499503
0.012499503
0.012499508
0.012499508
0.012499507
0.012499506
0.012499506
0.012499506
0.012499506
0.012499506
0.012499505
0.012499505
0.012499504
0.012499504
0.012499504
0.012499504
0.012499504
0.012499505
0.012499504
0.012499504
0.012499504
0.012499503
0.012499508
0.012499508
0.012499507
0.012499506
0.012499506
0.012499505
0.012499505
0.012499505
0.012499506
0.012499506
0.012499505
0.012499504
0.012499504
0.012499504
0.012499505
0.012499505
0.012499505
0.012499504
0.012499504
0.012499504
0.012499508
0.012499508
0.012499507
0.012499507
0.012499506
0.012499505
0.012499505
0.012499505
0.012499506
0.012499506
0.012499506
0.012499505
0.012499505
0.012499504
0.012499505
0.012499505
0.012499505
0.012499504
0.012499504
0.012499504
0.012499509
0.012499508
0.012499508
0.012499507
0.012499506
0.012499506
0.012499505
0.012499505
0.012499506
0.012499506
0.012499506
0.012499506
0.012499505
0.012499505
0.012499505
0.012499505
0.012499505
0.012499504
0.012499504
0.012499504
0.012499509
0.012499508
0.012499508
0.012499507
0.012499507
0.012499506
0.012499506
0.012499506
0.012499506
0.012499507
0.012499507
0.012499506
0.012499506
0.012499505
0.012499505
0.012499505
0.012499505
0.012499505
0.012499504
0.012499504
0.012499509
0.012499508
0.012499508
0.012499508
0.012499507
0.012499507
0.012499507
0.012499506
0.012499507
0.012499507
0.012499507
0.012499507
0.012499506
0.012499506
0.012499506
0.012499505
0.012499505
0.012499505
0.012499505
0.012499504
0.012499509
0.012499508
0.012499508
0.012499508
0.012499508
0.012499508
0.012499507
0.012499507
0.012499507
0.012499507
0.012499507
0.012499507
0.012499507
0.012499506
0.012499506
0.012499506
0.012499505
0.012499505
0.012499505
0.012499505
0.012499509
0.012499509
0.012499508
0.012499508
0.012499508
0.012499508
0.012499508
0.012499508
0.012499507
0.012499507
0.012499507
0.012499507
0.012499507
0.012499507
0.012499506
0.012499506
0.012499506
0.012499506
0.012499506
0.012499505
0.012499504
0.012499504
0.012499503
0.012499503
0.012499503
0.012499502
0.012499502
0.012499502
0.012499502
0.012499502
0.012499501
0.012499501
0.012499501
0.012499501
0.012499501
0.012499501
0.012499501
0.012499501
0.0124995
0.0124995
0.012499505
0.012499504
0.012499504
0.012499503
0.012499503
0.012499502
0.012499502
0.012499502
0.012499502
0.012499502
0.012499502
0.012499502
0.012499502
0.012499502
0.012499502
0.012499501
0.012499501
0.012499501
0.012499501
0.012499501
0.012499505
0.012499505
0.012499504
0.012499503
0.012499503
0.012499502
0.012499502
0.012499502
0.012499502
0.012499502
0.012499502
0.012499502
0.012499502
0.012499502
0.012499502
0.012499502
0.012499502
0.012499501
0.012499501
0.012499501
0.012499506
0.012499505
0.012499504
0.012499504
0.012499503
0.012499503
0.012499502
0.012499502
0.012499502
0.012499502
0.012499501
0.012499501
0.012499502
0.012499502
0.012499502
0.012499502
0.012499502
0.012499502
0.012499501
0.012499501
0.012499506
0.012499505
0.012499505
0.012499504
0.012499503
0.012499503
0.012499502
0.012499502
0.012499502
0.012499502
0.012499501
0.012499501
0.012499501
0.012499502
0.012499502
0.012499502
0.012499502
0.012499502
0.012499502
0.012499502
0.012499506
0.012499505
0.012499505
0.012499504
0.012499503
0.012499503
0.012499502
0.012499502
0.012499502
0.012499502
0.012499501
0.012499501
0.012499501
0.012499502
0.012499502
0.012499503
0.012499502
0.012499502
0.012499502
0.012499502
0.012499506
0.012499506
0.012499505
0.012499504
0.012499503
0.012499503
0.012499502
0.012499502
0.012499502
0.012499502
0.012499502
0.012499501
0.012499501
0.012499501
0.012499502
0.012499502
0.012499503
0.012499502
0.012499502
0.012499502
0.012499507
0.012499506
0.012499505
0.012499505
0.012499504
0.012499503
0.012499502
0.012499502
0.012499502
0.012499502
0.012499502
0.012499502
0.012499502
0.012499501
0.012499502
0.012499502
0.012499503
0.012499503
0.012499502
0.012499502
0.012499507
0.012499507
0.012499506
0.012499505
0.012499505
0.012499504
0.012499503
0.012499502
0.012499502
0.012499502
0.012499503
0.012499503
0.012499502
0.012499502
0.012499502
0.012499502
0.012499503
0.012499503
0.012499503
0.012499502
0.012499507
0.012499507
0.012499507
0.012499506
0.012499506
0.012499505
0.012499504
0.012499502
0.012499502
0.012499502
0.012499502
0.012499503
0.012499503
0.012499503
0.012499503
0.012499503
0.012499503
0.012499503
0.012499503
0.012499503
0.012499508
0.012499507
0.012499507
0.012499507
0.012499506
0.012499506
0.012499505
0.012499504
0.012499502
0.012499502
0.012499502
0.012499503
0.012499504
0.012499504
0.012499504
0.012499503
0.012499503
0.012499503
0.012499503
0.012499503
0.012499508
0.012499507
0.012499507
0.012499507
0.012499507
0.012499506
0.012499506
0.012499505
0.012499504
0.012499503
0.012499502
0.012499503
0.012499503
0.012499504
0.012499504
0.012499504
0.012499504
0.012499503
0.012499503
0.012499503
0.012499508
0.012499508
0.012499507
0.012499507
0.012499506
0.012499506
0.012499506
0.012499506
0.012499505
0.012499504
0.012499503
0.012499503
0.012499503
0.012499504
0.012499504
0.012499504
0.012499504
0.012499504
0.012499503
0.012499503
0.012499508
0.012499508
0.012499507
0.012499506
0.012499506
0.012499505
0.012499506
0.012499506
0.012499506
0.012499505
0.012499504
0.012499503
0.012499503
0.012499504
0.012499504
0.012499504
0.012499504
0.012499504
0.012499504
0.012499503
0.012499508
0.012499508
0.012499507
0.012499506
0.012499505
0.012499505
0.012499505
0.012499506
0.012499506
0.012499506
0.012499505
0.012499504
0.012499504
0.012499504
0.012499504
0.012499504
0.012499504
0.012499504
0.012499504
0.012499504
0.012499508
0.012499508
0.012499507
0.012499507
0.012499506
0.012499505
0.012499505
0.012499506
0.012499506
0.012499506
0.012499506
0.012499505
0.012499504
0.012499504
0.012499504
0.012499504
0.012499504
0.012499504
0.012499504
0.012499504
0.012499509
0.012499508
0.012499508
0.012499507
0.012499506
0.012499506
0.012499506
0.012499506
0.012499506
0.012499506
0.012499506
0.012499505
0.012499505
0.012499505
0.012499505
0.012499505
0.012499504
0.012499504
0.012499504
0.012499504
0.012499509
0.012499509
0.012499508
0.012499508
0.012499507
0.012499507
0.012499506
0.012499506
0.012499506
0.012499506
0.012499506
0.012499506
0.012499505
0.012499505
0.012499505
0.012499505
0.012499505
0.012499505
0.012499505
0.012499504
0.012499509
0.012499509
0.012499509
0.012499508
0.012499508
0.012499507
0.012499507
0.012499507
0.012499507
0.012499507
0.012499507
0.012499506
0.012499506
0.012499506
0.012499506
0.012499506
0.012499505
0.012499505
0.012499505
0.012499505
0.012499509
0.012499509
0.012499509
0.012499508
0.012499508
0.012499508
0.012499508
0.012499507
0.012499507
0.012499507
0.012499507
0.012499507
0.012499507
0.012499507
0.012499506
0.012499506
0.012499506
0.012499506
0.012499506
0.012499505
0.012499504
0.012499504
0.012499503
0.012499503
0.012499503
0.012499502
0.012499502
0.012499502
0.012499502
0.012499501
0.012499501
0.012499501
0.012499501
0.012499501
0.012499501
0.012499501
0.012499501
0.012499501
0.0124995
0.012499501
0.012499505
0.012499504
0.012499504
0.012499503
0.012499503
0.012499502
0.012499502
0.012499502
0.012499502
0.012499501
0.012499501
0.012499501
0.012499501
0.012499502
0.012499502
0.012499501
0.012499501
0.012499501
0.012499501
0.012499501
0.012499505
0.012499505
0.012499504
0.012499503
0.012499503
0.012499502
0.012499502
0.012499501
0.012499501
0.012499501
0.012499501
0.012499501
0.012499502
0.012499502
0.012499502
0.012499502
0.012499501
0.012499501
0.012499501
0.012499501
0.012499506
0.012499505
0.012499504
0.012499503
0.012499503
0.012499502
0.012499501
0.012499501
0.012499501
0.012499501
0.012499501
0.012499502
0.012499502
0.012499502
0.012499502
0.012499502
0.012499502
0.012499501
0.012499501
0.012499501
0.012499506
0.012499505
0.012499504
0.012499503
0.012499503
0.012499502
0.012499501
0.012499501
0.012499501
0.012499501
0.012499501
0.012499501
0.012499502
0.012499502
0.012499502
0.012499502
0.012499502
0.012499502
0.012499501
0.012499501
0.012499506
0.012499505
0.012499504
0.012499504
0.012499503
0.012499502
0.012499501
0.012499501
0.012499501
0.012499501
0.012499501
0.012499501
0.012499502
0.012499502
0.012499502
0.012499502
0.012499502
0.012499502
0.012499502
0.012499502
0.012499506
0.012499505
0.012499504
0.012499503
0.012499503
0.012499502
0.012499501
0.012499501
0.012499501
0.012499501
0.012499502
0.012499502
0.012499502
0.012499502
0.012499502
0.012499502
0.012499502
0.012499502
0.012499502
0.012499502
0.012499506
0.012499505
0.012499504
0.012499504
0.012499503
0.012499502
0.012499501
0.012499501
0.012499501
0.012499502
0.012499502
0.012499502
0.012499502
0.012499502
0.012499503
0.012499503
0.012499502
0.012499502
0.012499502
0.012499502
0.012499507
0.012499506
0.012499505
0.012499504
0.012499503
0.012499502
0.012499502
0.012499501
0.012499501
0.012499502
0.012499502
0.012499503
0.012499503
0.012499503
0.012499503
0.012499503
0.012499503
0.012499502
0.012499502
0.012499502
0.012499507
0.012499506
0.012499506
0.012499505
0.012499504
0.012499503
0.012499502
0.012499502
0.012499501
0.012499502
0.012499503
0.012499503
0.012499503
0.012499503
0.012499503
0.012499503
0.012499503
0.012499503
0.012499502
0.012499502
0.012499507
0.012499507
0.012499506
0.012499506
0.012499505
0.012499505
0.012499504
0.012499503
0.012499502
0.012499502
0.012499502
0.012499503
0.012499504
0.012499504
0.012499503
0.012499503
0.012499503
0.012499503
0.012499503
0.012499503
0.012499507
0.012499507
0.012499507
0.012499507
0.012499506
0.012499506
0.012499505
0.012499504
0.012499503
0.012499502
0.012499502
0.012499503
0.012499504
0.012499504
0.012499504
0.012499503
0.012499503
0.012499503
0.012499503
0.012499503
0.012499508
0.012499507
0.012499507
0.012499507
0.012499507
0.012499506
0.012499506
0.012499505
0.012499504
0.012499503
0.012499503
0.012499503
0.012499503
0.012499504
0.012499503
0.012499503
0.012499503
0.012499503
0.012499503
0.012499503
0.012499508
0.012499507
0.012499507
0.012499507
0.012499507
0.012499507
0.012499506
0.012499506
0.012499505
0.012499504
0.012499504
0.012499503
0.012499503
0.012499504
0.012499504
0.012499503
0.012499503
0.012499503
0.012499503
0.012499503
0.012499508
0.012499508
0.012499507
0.012499507
0.012499507
0.012499507
0.012499507
0.012499506
0.012499506
0.012499505
0.012499504
0.012499504
0.012499504
0.012499504
0.012499504
0.012499503
0.012499503
0.012499503
0.012499503
0.012499504
0.012499508
0.012499508
0.012499508
0.012499507
0.012499507
0.012499507
0.012499507
0.012499507
0.012499506
0.012499505
0.012499505
0.012499504
0.012499504
0.012499504
0.012499504
0.012499504
0.012499504
0.012499504
0.012499504
0.012499504
0.012499508
0.012499508
0.012499508
0.012499508
0.012499507
0.012499507
0.012499507
0.012499507
0.012499506
0.012499506
0.012499505
0.012499504
0.012499504
0.012499504
0.012499504
0.012499504
0.012499504
0.012499504
0.012499504
0.012499504
0.012499509
0.012499509
0.012499508
0.012499508
0.012499508
0.012499507
0.012499507
0.012499507
0.012499506
0.012499506
0.012499505
0.012499505
0.012499505
0.012499505
0.012499505
0.012499505
0.012499505
0.012499505
0.012499505
0.012499504
0.012499509
0.012499509
0.012499509
0.012499508
0.012499508
0.012499507
0.012499507
0.012499507
0.012499507
0.012499506
0.012499506
0.012499506
0.012499506
0.012499506
0.012499506
0.012499506
0.012499506
0.012499505
0.012499505
0.012499505
0.012499509
0.012499509
0.012499509
0.012499508
0.012499508
0.012499508
0.012499508
0.012499507
0.012499507
0.012499507
0.012499507
0.012499507
0.012499507
0.012499506
0.012499506
0.012499506
0.012499506
0.012499506
0.012499506
0.012499505
0.012499504
0.012499504
0.012499503
0.012499503
0.012499503
0.012499502
0.012499502
0.012499502
0.012499502
0.012499501
0.012499501
0.012499501
0.012499501
0.012499501
0.012499501
0.012499501
0.012499501
0.012499501
0.0124995
0.012499501
0.012499505
0.012499504
0.012499504
0.012499503
0.012499503
0.012499502
0.012499502
0.012499501
0.012499501
0.012499501
0.012499501
0.012499501
0.012499501
0.012499501
0.012499501
0.012499501
0.012499501
0.012499501
0.012499501
0.012499501
0.012499505
0.012499505
0.012499504
0.012499503
0.012499502
0.012499502
0.012499501
0.012499501
0.012499501
0.012499501
0.012499501
0.012499501
0.012499502
0.012499502
0.012499502
0.012499501
0.012499501
0.012499501
0.012499501
0.012499501
0.012499506
0.012499505
0.012499504
0.012499503
0.012499502
0.012499501
0.012499501
0.0124995
0.012499501
0.012499501
0.012499501
0.012499502
0.012499502
0.012499502
0.012499502
0.012499501
0.012499501
0.012499501
0.012499501
0.012499501
0.012499506
0.012499505
0.012499504
0.012499503
0.012499502
0.012499501
0.0124995
0.0124995
0.0124995
0.012499501
0.012499501
0.012499502
0.012499502
0.012499502
0.012499502
0.012499502
0.012499501
0.012499501
0.012499501
0.012499501
0.012499506
0.012499505
0.012499504
0.012499503
0.012499502
0.012499501
0.0124995
0.0124995
0.0124995
0.0124995
0.012499501
0.012499502
0.012499502
0.012499502
0.012499502
0.012499502
0.012499501
0.012499501
0.012499501
0.012499501
0.012499506
0.012499505
0.012499504
0.012499503
0.012499502
0.012499501
0.012499501
0.0124995
0.0124995
0.012499501
0.012499501
0.012499502
0.012499503
0.012499503
0.012499503
0.012499502
0.012499502
0.012499501
0.012499501
0.012499502
0.012499506
0.012499505
0.012499504
0.012499503
0.012499502
0.012499502
0.012499501
0.012499501
0.012499501
0.012499501
0.012499501
0.012499502
0.012499503
0.012499503
0.012499503
0.012499503
0.012499502
0.012499502
0.012499502
0.012499502
0.012499507
0.012499505
0.012499504
0.012499503
0.012499502
0.012499502
0.012499502
0.012499502
0.012499502
0.012499502
0.012499502
0.012499502
0.012499503
0.012499503
0.012499503
0.012499503
0.012499502
0.012499502
0.012499502
0.012499502
0.012499507
0.012499506
0.012499505
0.012499504
0.012499503
0.012499502
0.012499502
0.012499502
0.012499502
0.012499502
0.012499503
0.012499503
0.012499503
0.012499503
0.012499503
0.012499503
0.012499502
0.012499502
0.012499502
0.012499502
0.012499507
0.012499506
0.012499505
0.012499505
0.012499504
0.012499503
0.012499503
0.012499503
0.012499503
0.012499503
0.012499503
0.012499503
0.012499503
0.012499503
0.012499503
0.012499503
0.012499502
0.012499502
0.012499502
0.012499502
0.012499507
0.012499507
0.012499506
0.012499506
0.012499506
0.012499505
0.012499504
0.012499504
0.012499503
0.012499503
0.012499503
0.012499503
0.012499503
0.012499503
0.012499502
0.012499502
0.012499502
0.012499502
0.012499502
0.012499503
0.012499508
0.012499507
0.012499507
0.012499507
0.012499507
0.012499506
0.012499506
0.012499505
0.012499504
0.012499504
0.012499504
0.012499504
0.012499503
0.012499503
0.012499502
0.012499502
0.012499502
0.012499502
0.012499503
0.012499503
0.012499508
0.012499507
0.012499508
0.012499508
0.012499508
0.012499508
0.012499507
0.012499506
0.012499505
0.012499504
0.012499504
0.012499504
0.012499504
0.012499503
0.012499503
0.012499502
0.012499502
0.012499503
0.012499503
0.012499503
0.012499508
0.012499508
0.012499508
0.012499508
0.012499509
0.012499508
0.012499508
0.012499507
0.012499505
0.012499504
0.012499504
0.012499504
0.012499504
0.012499503
0.012499503
0.012499503
0.012499503
0.012499503
0.012499503
0.012499503
0.012499508
0.012499508
0.012499508
0.012499508
0.012499509
0.012499509
0.012499508
0.012499507
0.012499506
0.012499505
0.012499504
0.012499504
0.012499504
0.012499504
0.012499504
0.012499503
0.012499503
0.012499504
0.012499504
0.012499504
0.012499508
0.012499508
0.012499508
0.012499508
0.012499508
0.012499508
0.012499508
0.012499507
0.012499506
0.012499505
0.012499504
0.012499504
0.012499504
0.012499504
0.012499504
0.012499504
0.012499504
0.012499504
0.012499504
0.012499504
0.012499508
0.012499508
0.012499508
0.012499508
0.012499508
0.012499508
0.012499508
0.012499507
0.012499507
0.012499506
0.012499505
0.012499505
0.012499505
0.012499505
0.012499505
0.012499505
0.012499505
0.012499505
0.012499505
0.012499505
0.012499508
0.012499508
0.012499508
0.012499508
0.012499508
0.012499508
0.012499508
0.012499507
0.012499507
0.012499506
0.012499506
0.012499506
0.012499506
0.012499506
0.012499506
0.012499506
0.012499506
0.012499506
0.012499505
0.012499505
0.012499509
0.012499508
0.012499508
0.012499508
0.012499508
0.012499508
0.012499508
0.012499508
0.012499507
0.012499507
0.012499507
0.012499507
0.012499507
0.012499507
0.012499506
0.012499506
0.012499506
0.012499506
0.012499506
0.012499505
0.012499504
0.012499504
0.012499503
0.012499503
0.012499503
0.012499502
0.012499502
0.012499502
0.012499502
0.012499502
0.012499501
0.012499501
0.012499501
0.012499501
0.012499501
0.012499501
0.012499501
0.012499501
0.0124995
0.012499501
0.012499505
0.012499504
0.012499504
0.012499503
0.012499503
0.012499502
0.012499502
0.012499502
0.012499502
0.012499502
0.012499502
0.012499502
0.012499502
0.012499502
0.012499501
0.012499501
0.012499501
0.012499501
0.012499501
0.012499501
0.012499505
0.012499505
0.012499504
0.012499503
0.012499503
0.012499502
0.012499502
0.012499501
0.012499501
0.012499502
0.012499502
0.012499502
0.012499502
0.012499502
0.012499502
0.012499501
0.012499501
0.012499501
0.012499501
0.012499501
0.012499506
0.012499505
0.012499504
0.012499503
0.012499503
0.012499502
0.012499501
0.012499501
0.012499501
0.012499501
0.012499502
0.012499502
0.012499502
0.012499502
0.012499502
0.012499501
0.012499501
0.012499501
0.012499501
0.012499501
0.012499506
0.012499505
0.012499504
0.012499503
0.012499502
0.012499501
0.012499501
0.012499501
0.012499501
0.012499501
0.012499502
0.012499503
0.012499503
0.012499502
0.012499502
0.012499502
0.012499501
0.012499501
0.012499501
0.012499501
0.012499506
0.012499505
0.012499504
0.012499503
0.012499502
0.012499501
0.012499501
0.0124995
0.0124995
0.012499501
0.012499502
0.012499503
0.012499503
0.012499503
0.012499502
0.012499502
0.012499501
0.012499501
0.012499501
0.012499501
0.012499506
0.012499505
0.012499504
0.012499503
0.012499503
0.012499502
0.012499501
0.012499501
0.012499501
0.012499501
0.012499502
0.012499503
0.012499504
0.012499503
0.012499503
0.012499502
0.012499502
0.012499501
0.012499501
0.012499502
0.012499506
0.012499505
0.012499504
0.012499503
0.012499503
0.012499502
0.012499502
0.012499502
0.012499501
0.012499501
0.012499502
0.012499503
0.012499503
0.012499504
0.012499503
0.012499502
0.012499502
0.012499501
0.012499501
0.012499502
0.012499507
0.012499506
0.012499505
0.012499504
0.012499503
0.012499503
0.012499503
0.012499503
0.012499503
0.012499502
0.012499502
0.012499503
0.012499503
0.012499503
0.012499503
0.012499503
0.012499502
0.012499502
0.012499502
0.012499502
0.012499507
0.012499506
0.012499505
0.012499504
0.012499504
0.012499503
0.012499503
0.012499504
0.012499504
0.012499503
0.012499503
0.012499503
0.012499503
0.012499503
0.012499503
0.012499502
0.012499502
0.012499502
0.012499502
0.012499502
0.012499507
0.012499506
0.012499505
0.012499505
0.012499504
0.012499504
0.012499504
0.012499504
0.012499504
0.012499504
0.012499504
0.012499503
0.012499502
0.012499502
0.012499502
0.012499502
0.012499502
0.012499502
0.012499502
0.012499502
0.012499507
0.012499507
0.012499506
0.012499506
0.012499505
0.012499505
0.012499505
0.012499504
0.012499505
0.012499505
0.012499504
0.012499504
0.012499503
0.012499502
0.012499501
0.012499501
0.012499502
0.012499502
0.012499502
0.012499503
0.012499508
0.012499507
0.012499507
0.012499507
0.012499507
0.012499506
0.012499506
0.012499505
0.012499505
0.012499505
0.012499504
0.012499504
0.012499503
0.012499502
0.012499501
0.012499501
0.012499502
0.012499502
0.012499502
0.012499503
0.012499508
0.012499508
0.012499508
0.012499508
0.012499508
0.012499508
0.012499507
0.012499506
0.012499505
0.012499504
0.012499504
0.012499504
0.012499503
0.012499503
0.012499502
0.012499502
0.012499502
0.012499502
0.012499503
0.012499503
0.012499508
0.012499508
0.012499508
0.012499509
0.012499509
0.012499509
0.012499508
0.012499507
0.012499505
0.012499505
0.012499504
0.012499504
0.012499504
0.012499503
0.012499503
0.012499503
0.012499503
0.012499503
0.012499503
0.012499504
0.012499508
0.012499508
0.012499508
0.012499509
0.012499509
0.012499509
0.012499509
0.012499507
0.012499506
0.012499505
0.012499504
0.012499504
0.012499504
0.012499504
0.012499503
0.012499503
0.012499504
0.012499504
0.012499504
0.012499504
0.012499508
0.012499508
0.012499508
0.012499508
0.012499509
0.012499509
0.012499509
0.012499508
0.012499507
0.012499506
0.012499505
0.012499505
0.012499504
0.012499504
0.012499504
0.012499504
0.012499505
0.012499505
0.012499505
0.012499504
0.012499508
0.012499508
0.012499508
0.012499508
0.012499508
0.012499509
0.012499508
0.012499508
0.012499507
0.012499506
0.012499506
0.012499505
0.012499505
0.012499505
0.012499505
0.012499505
0.012499505
0.012499506
0.012499505
0.012499505
0.012499508
0.012499508
0.012499508
0.012499508
0.012499508
0.012499508
0.012499508
0.012499508
0.012499507
0.012499507
0.012499506
0.012499506
0.012499506
0.012499506
0.012499506
0.012499506
0.012499506
0.012499506
0.012499506
0.012499505
0.012499509
0.012499508
0.012499508
0.012499508
0.012499508
0.012499508
0.012499508
0.012499508
0.012499508
0.012499507
0.012499507
0.012499507
0.012499507
0.012499507
0.012499507
0.012499507
0.012499506
0.012499506
0.012499506
0.012499505
0.012499504
0.012499504
0.012499504
0.012499503
0.012499503
0.012499503
0.012499502
0.012499502
0.012499502
0.012499502
0.012499502
0.012499502
0.012499501
0.012499501
0.012499501
0.012499501
0.012499501
0.012499501
0.012499501
0.012499501
0.012499505
0.012499505
0.012499504
0.012499504
0.012499504
0.012499503
0.012499503
0.012499502
0.012499502
0.012499502
0.012499502
0.012499502
0.012499502
0.012499502
0.012499502
0.012499501
0.012499501
0.012499501
0.012499501
0.012499501
0.012499506
0.012499505
0.012499505
0.012499504
0.012499504
0.012499503
0.012499503
0.012499503
0.012499503
0.012499503
0.012499503
0.012499503
0.012499503
0.012499503
0.012499502
0.012499502
0.012499501
0.012499501
0.012499501
0.012499501
0.012499506
0.012499506
0.012499505
0.012499505
0.012499504
0.012499503
0.012499503
0.012499503
0.012499503
0.012499503
0.012499503
0.012499503
0.012499503
0.012499503
0.012499503
0.012499502
0.012499501
0.012499501
0.012499501
0.012499501
0.012499506
0.012499506
0.012499505
0.012499504
0.012499504
0.012499503
0.012499503
0.012499502
0.012499503
0.012499503
0.012499503
0.012499504
0.012499504
0.012499503
0.012499503
0.012499502
0.012499502
0.012499501
0.012499501
0.012499501
0.012499506
0.012499506
0.012499505
0.012499504
0.012499504
0.012499503
0.012499503
0.012499502
0.012499502
0.012499503
0.012499503
0.012499504
0.012499504
0.012499504
0.012499503
0.012499502
0.012499502
0.012499501
0.012499501
0.012499501
0.012499506
0.012499506
0.012499505
0.012499505
0.012499504
0.012499503
0.012499503
0.012499503
0.012499503
0.012499503
0.012499503
0.012499504
0.012499504
0.012499504
0.012499503
0.012499503
0.012499502
0.012499502
0.012499502
0.012499502
0.012499507
0.012499506
0.012499506
0.012499505
0.012499504
0.012499504
0.012499504
0.012499503
0.012499503
0.012499503
0.012499503
0.012499504
0.012499504
0.012499504
0.012499503
0.012499503
0.012499502
0.012499502
0.012499502
0.012499502
0.012499507
0.012499506
0.012499506
0.012499505
0.012499505
0.012499505
0.012499505
0.012499504
0.012499504
0.012499504
0.012499503
0.012499503
0.012499504
0.012499503
0.012499503
0.012499502
0.012499502
0.012499502
0.012499502
0.012499502
0.012499507
0.012499507
0.012499506
0.012499506
0.012499505
0.012499505
0.012499505
0.012499505
0.012499505
0.012499505
0.012499504
0.012499503
0.012499503
0.012499503
0.012499502
0.012499502
0.012499502
0.012499502
0.012499502
0.012499502
0.012499507
0.012499507
0.012499506
0.012499506
0.012499506
0.012499506
0.012499506
0.012499506
0.012499506
0.012499505
0.012499504
0.012499503
0.012499502
0.012499502
0.012499502
0.012499501
0.012499501
0.012499502
0.012499502
0.012499502
0.012499507
0.012499507
0.012499507
0.012499507
0.012499507
0.012499506
0.012499506
0.012499506
0.012499506
0.012499506
0.012499505
0.012499504
0.012499502
0.012499502
0.012499501
0.012499501
0.012499501
0.012499502
0.012499502
0.012499503
0.012499508
0.012499507
0.012499507
0.012499507
0.012499507
0.012499507
0.012499507
0.012499506
0.012499506
0.012499506
0.012499505
0.012499504
0.012499503
0.012499502
0.012499501
0.012499501
0.012499502
0.012499502
0.012499503
0.012499503
0.012499508
0.012499508
0.012499508
0.012499508
0.012499508
0.012499508
0.012499507
0.012499507
0.012499506
0.012499506
0.012499505
0.012499504
0.012499503
0.012499502
0.012499502
0.012499502
0.012499502
0.012499503
0.012499503
0.012499503
0.012499508
0.012499508
0.012499508
0.012499508
0.012499508
0.012499508
0.012499508
0.012499507
0.012499506
0.012499506
0.012499505
0.012499504
0.012499503
0.012499503
0.012499502
0.012499503
0.012499503
0.012499504
0.012499504
0.012499504
0.012499508
0.012499508
0.012499508
0.012499508
0.012499509
0.012499509
0.012499508
0.012499507
0.012499507
0.012499506
0.012499505
0.012499505
0.012499504
0.012499504
0.012499503
0.012499504
0.012499504
0.012499504
0.012499504
0.012499504
0.012499508
0.012499508
0.012499508
0.012499508
0.012499508
0.012499509
0.012499508
0.012499508
0.012499507
0.012499507
0.012499506
0.012499506
0.012499505
0.012499505
0.012499505
0.012499505
0.012499505
0.012499505
0.012499505
0.012499504
0.012499508
0.012499508
0.012499508
0.012499508
0.012499508
0.012499509
0.012499508
0.012499508
0.012499508
0.012499507
0.012499507
0.012499506
0.012499506
0.012499506
0.012499506
0.012499506
0.012499506
0.012499506
0.012499505
0.012499505
0.012499508
0.012499508
0.012499508
0.012499508
0.012499508
0.012499509
0.012499508
0.012499508
0.012499508
0.012499507
0.012499507
0.012499507
0.012499507
0.012499507
0.012499506
0.012499506
0.012499506
0.012499506
0.012499506
0.012499505
0.012499509
0.012499508
0.012499508
0.012499508
0.012499508
0.012499508
0.012499508
0.012499508
0.012499508
0.012499508
0.012499507
0.012499507
0.012499507
0.012499507
0.012499507
0.012499507
0.012499506
0.012499506
0.012499506
0.012499505
0.012499504
0.012499504
0.012499504
0.012499504
0.012499503
0.012499503
0.012499503
0.012499502
0.012499502
0.012499502
0.012499502
0.012499502
0.012499502
0.012499501
0.012499501
0.012499501
0.012499501
0.012499501
0.012499501
0.012499501
0.012499505
0.012499505
0.012499505
0.012499505
0.012499504
0.012499504
0.012499504
0.012499503
0.012499503
0.012499503
0.012499503
0.012499503
0.012499503
0.012499502
0.012499502
0.012499501
0.012499501
0.012499501
0.012499501
0.012499501
0.012499506
0.012499506
0.012499506
0.012499505
0.012499505
0.012499505
0.012499504
0.012499504
0.012499504
0.012499504
0.012499504
0.012499504
0.012499504
0.012499503
0.012499503
0.012499502
0.012499502
0.012499501
0.012499501
0.012499501
0.012499506
0.012499506
0.012499506
0.012499506
0.012499505
0.012499505
0.012499505
0.012499504
0.012499504
0.012499504
0.012499504
0.012499504
0.012499504
0.012499504
0.012499503
0.012499503
0.012499502
0.012499502
0.012499501
0.012499501
0.012499506
0.012499507
0.012499506
0.012499506
0.012499505
0.012499505
0.012499505
0.012499504
0.012499504
0.012499504
0.012499504
0.012499504
0.012499504
0.012499504
0.012499504
0.012499503
0.012499502
0.012499502
0.012499502
0.012499501
0.012499507
0.012499507
0.012499506
0.012499506
0.012499505
0.012499505
0.012499505
0.012499505
0.012499504
0.012499504
0.012499504
0.012499504
0.012499504
0.012499504
0.012499504
0.012499503
0.012499503
0.012499502
0.012499502
0.012499502
0.012499507
0.012499507
0.012499506
0.012499506
0.012499505
0.012499505
0.012499505
0.012499505
0.012499505
0.012499505
0.012499505
0.012499504
0.012499504
0.012499504
0.012499504
0.012499503
0.012499503
0.012499502
0.012499502
0.012499502
0.012499507
0.012499507
0.012499507
0.012499506
0.012499506
0.012499505
0.012499505
0.012499505
0.012499505
0.012499505
0.012499505
0.012499504
0.012499504
0.012499504
0.012499503
0.012499503
0.012499503
0.012499502
0.012499502
0.012499502
0.012499507
0.012499507
0.012499507
0.012499507
0.012499506
0.012499506
0.012499506
0.012499506
0.012499505
0.012499505
0.012499505
0.012499504
0.012499504
0.012499503
0.012499503
0.012499502
0.012499502
0.012499502
0.012499502
0.012499502
0.012499507
0.012499507
0.012499507
0.012499507
0.012499507
0.012499507
0.012499507
0.012499507
0.012499506
0.012499505
0.012499505
0.012499504
0.012499503
0.012499502
0.012499502
0.012499502
0.012499502
0.012499502
0.012499502
0.012499503
0.012499508
0.012499508
0.012499508
0.012499508
0.012499508
0.012499508
0.012499508
0.012499507
0.012499507
0.012499506
0.012499505
0.012499504
0.012499503
0.012499502
0.012499501
0.012499501
0.012499501
0.012499502
0.012499502
0.012499503
0.012499508
0.012499508
0.012499508
0.012499508
0.012499508
0.012499508
0.012499508
0.012499508
0.012499507
0.012499506
0.012499505
0.012499504
0.012499502
0.012499502
0.012499501
0.012499501
0.012499502
0.012499502
0.012499503
0.012499503
0.012499508
0.012499508
0.012499508
0.012499508
0.012499508
0.012499508
0.012499508
0.012499508
0.012499508
0.012499507
0.012499505
0.012499504
0.012499502
0.012499502
0.012499502
0.012499502
0.012499502
0.012499503
0.012499503
0.012499503
0.012499508
0.012499508
0.012499508
0.012499508
0.012499508
0.012499508
0.012499508
0.012499508
0.012499508
0.012499507
0.012499505
0.012499504
0.012499503
0.012499502
0.012499502
0.012499502
0.012499503
0.012499503
0.012499503
0.012499503
0.012499508
0.012499508
0.012499508
0.012499508
0.012499508
0.012499508
0.012499508
0.012499508
0.012499508
0.012499507
0.012499506
0.012499504
0.012499503
0.012499503
0.012499503
0.012499503
0.012499504
0.012499504
0.012499504
0.012499504
0.012499508
0.012499508
0.012499508
0.012499508
0.012499508
0.012499508
0.012499508
0.012499508
0.012499508
0.012499507
0.012499506
0.012499505
0.012499504
0.012499504
0.012499504
0.012499504
0.012499505
0.012499505
0.012499505
0.012499504
0.012499508
0.012499508
0.012499508
0.012499508
0.012499508
0.012499508
0.012499508
0.012499508
0.012499508
0.012499508
0.012499507
0.012499506
0.012499506
0.012499505
0.012499505
0.012499505
0.012499505
0.012499505
0.012499505
0.012499504
0.012499509
0.012499508
0.012499508
0.012499508
0.012499508
0.012499509
0.012499509
0.012499509
0.012499508
0.012499508
0.012499508
0.012499507
0.012499507
0.012499506
0.012499506
0.012499506
0.012499506
0.012499506
0.012499505
0.012499505
0.012499509
0.012499509
0.012499508
0.012499508
0.012499509
0.012499509
0.012499509
0.012499509
0.012499508
0.012499508
0.012499508
0.012499507
0.012499507
0.012499507
0.012499507
0.012499507
0.012499506
0.012499506
0.012499506
0.012499505
0.012499509
0.012499509
0.012499509
0.012499508
0.012499508
0.012499508
0.012499508
0.012499508
0.012499508
0.012499508
0.012499508
0.012499507
0.012499507
0.012499507
0.012499507
0.012499507
0.012499506
0.012499506
0.012499506
0.012499505
0.012499504
0.012499504
0.012499504
0.012499504
0.012499503
0.012499503
0.012499503
0.012499502
0.012499502
0.012499502
0.012499502
0.012499502
0.012499502
0.012499501
0.012499501
0.012499501
0.012499501
0.0124995
0.0124995
0.012499501
0.012499505
0.012499505
0.012499505
0.012499505
0.012499505
0.012499504
0.012499504
0.012499504
0.012499503
0.012499503
0.012499503
0.012499503
0.012499503
0.012499502
0.012499502
0.012499501
0.012499501
0.012499501
0.012499501
0.012499501
0.012499506
0.012499506
0.012499506
0.012499506
0.012499505
0.012499505
0.012499505
0.012499504
0.012499504
0.012499504
0.012499504
0.012499504
0.012499503
0.012499503
0.012499502
0.012499502
0.012499502
0.012499501
0.012499501
0.012499501
0.012499506
0.012499506
0.012499506
0.012499506
0.012499506
0.012499505
0.012499505
0.012499505
0.012499504
0.012499504
0.012499504
0.012499504
0.012499504
0.012499504
0.012499503
0.012499503
0.012499502
0.012499502
0.012499502
0.012499501
0.012499506
0.012499507
0.012499507
0.012499506
0.012499506
0.012499506
0.012499505
0.012499505
0.012499505
0.012499504
0.012499504
0.012499504
0.012499504
0.012499504
0.012499504
0.012499503
0.012499503
0.012499502
0.012499502
0.012499502
0.012499507
0.012499507
0.012499507
0.012499506
0.012499506
0.012499506
0.012499505
0.012499505
0.012499505
0.012499505
0.012499504
0.012499504
0.012499504
0.012499504
0.012499504
0.012499504
0.012499503
0.012499503
0.012499502
0.012499502
0.012499507
0.012499507
0.012499507
0.012499506
0.012499506
0.012499506
0.012499505
0.012499506
0.012499505
0.012499505
0.012499504
0.012499504
0.012499504
0.012499504
0.012499504
0.012499504
0.012499503
0.012499503
0.012499503
0.012499502
0.012499507
0.012499507
0.012499507
0.012499507
0.012499506
0.012499506
0.012499506
0.012499506
0.012499506
0.012499505
0.012499505
0.012499504
0.012499503
0.012499503
0.012499503
0.012499503
0.012499503
0.012499503
0.012499503
0.012499503
0.012499507
0.012499507
0.012499507
0.012499507
0.012499507
0.012499506
0.012499506
0.012499506
0.012499506
0.012499506
0.012499505
0.012499504
0.012499503
0.012499503
0.012499502
0.012499503
0.012499503
0.012499503
0.012499503
0.012499503
0.012499507
0.012499508
0.012499508
0.012499508
0.012499508
0.012499507
0.012499507
0.012499507
0.012499506
0.012499506
0.012499505
0.012499505
0.012499503
0.012499502
0.012499502
0.012499502
0.012499503
0.012499503
0.012499503
0.012499503
0.012499508
0.012499508
0.012499508
0.012499508
0.012499509
0.012499508
0.012499508
0.012499508
0.012499507
0.012499506
0.012499505
0.012499504
0.012499503
0.012499503
0.012499502
0.012499502
0.012499502
0.012499503
0.012499503
0.012499503
0.012499508
0.012499508
0.012499508
0.012499509
0.012499509
0.012499509
0.012499509
0.012499509
0.012499508
0.012499507
0.012499505
0.012499504
0.012499503
0.012499503
0.012499502
0.012499502
0.012499503
0.012499503
0.012499503
0.012499503
0.012499508
0.012499508
0.012499509
0.012499509
0.012499509
0.01249951
0.01249951
0.012499509
0.012499508
0.012499507
0.012499506
0.012499504
0.012499503
0.012499503
0.012499503
0.012499503
0.012499503
0.012499503
0.012499504
0.012499503
0.012499508
0.012499508
0.012499509
0.012499509
0.012499509
0.01249951
0.01249951
0.01249951
0.012499509
0.012499508
0.012499506
0.012499505
0.012499504
0.012499503
0.012499503
0.012499503
0.012499504
0.012499504
0.012499504
0.012499504
0.012499508
0.012499509
0.012499509
0.012499509
0.012499509
0.012499509
0.01249951
0.01249951
0.012499509
0.012499508
0.012499507
0.012499505
0.012499504
0.012499504
0.012499504
0.012499504
0.012499504
0.012499505
0.012499504
0.012499504
0.012499508
0.012499509
0.012499509
0.012499509
0.012499509
0.012499509
0.012499509
0.01249951
0.012499509
0.012499509
0.012499507
0.012499506
0.012499505
0.012499505
0.012499505
0.012499505
0.012499505
0.012499505
0.012499505
0.012499504
0.012499509
0.012499509
0.012499509
0.012499509
0.012499509
0.012499509
0.012499509
0.012499509
0.012499509
0.012499509
0.012499508
0.012499507
0.012499506
0.012499506
0.012499506
0.012499506
0.012499506
0.012499505
0.012499505
0.012499504
0.012499509
0.012499509
0.012499509
0.012499509
0.012499509
0.012499509
0.012499509
0.012499509
0.012499509
0.012499509
0.012499508
0.012499508
0.012499507
0.012499507
0.012499507
0.012499506
0.012499506
0.012499506
0.012499505
0.012499505
0.012499509
0.012499509
0.012499509
0.012499509
0.012499509
0.012499509
0.012499509
0.012499509
0.012499509
0.012499509
0.012499508
0.012499508
0.012499507
0.012499507
0.012499507
0.012499507
0.012499506
0.012499506
0.012499505
0.012499505
0.012499509
0.012499509
0.012499509
0.012499508
0.012499508
0.012499508
0.012499508
0.012499508
0.012499508
0.012499508
0.012499508
0.012499507
0.012499507
0.012499507
0.012499507
0.012499507
0.012499506
0.012499506
0.012499506
0.012499505
0.012499504
0.012499504
0.012499504
0.012499503
0.012499503
0.012499503
0.012499503
0.012499502
0.012499502
0.012499502
0.012499502
0.012499501
0.012499501
0.012499501
0.012499501
0.012499501
0.0124995
0.0124995
0.0124995
0.0124995
0.012499505
0.012499505
0.012499505
0.012499504
0.012499504
0.012499504
0.012499504
0.012499503
0.012499503
0.012499503
0.012499502
0.012499502
0.012499502
0.012499502
0.012499501
0.012499501
0.012499501
0.012499501
0.012499501
0.012499501
0.012499506
0.012499505
0.012499505
0.012499505
0.012499505
0.012499505
0.012499504
0.012499504
0.012499504
0.012499503
0.012499503
0.012499503
0.012499503
0.012499502
0.012499502
0.012499502
0.012499501
0.012499501
0.012499501
0.012499501
0.012499506
0.012499506
0.012499506
0.012499506
0.012499505
0.012499505
0.012499505
0.012499505
0.012499504
0.012499504
0.012499504
0.012499503
0.012499503
0.012499503
0.012499503
0.012499503
0.012499502
0.012499502
0.012499502
0.012499502
0.012499506
0.012499506
0.012499506
0.012499506
0.012499506
0.012499505
0.012499505
0.012499505
0.012499505
0.012499504
0.012499504
0.012499504
0.012499504
0.012499504
0.012499504
0.012499503
0.012499503
0.012499503
0.012499503
0.012499502
0.012499506
0.012499506
0.012499506
0.012499506
0.012499506
0.012499506
0.012499506
0.012499505
0.012499505
0.012499505
0.012499504
0.012499504
0.012499504
0.012499504
0.012499504
0.012499504
0.012499504
0.012499504
0.012499503
0.012499502
0.012499507
0.012499507
0.012499506
0.012499506
0.012499506
0.012499506
0.012499506
0.012499506
0.012499506
0.012499505
0.012499504
0.012499504
0.012499504
0.012499504
0.012499504
0.012499504
0.012499504
0.012499504
0.012499503
0.012499503
0.012499507
0.012499507
0.012499507
0.012499506
0.012499506
0.012499506
0.012499506
0.012499506
0.012499506
0.012499506
0.012499505
0.012499504
0.012499503
0.012499503
0.012499504
0.012499504
0.012499504
0.012499504
0.012499504
0.012499503
0.012499507
0.012499507
0.012499507
0.012499507
0.012499507
0.012499506
0.012499506
0.012499506
0.012499507
0.012499506
0.012499506
0.012499505
0.012499504
0.012499503
0.012499503
0.012499504
0.012499504
0.012499504
0.012499504
0.012499503
0.012499507
0.012499507
0.012499507
0.012499507
0.012499507
0.012499507
0.012499507
0.012499507
0.012499507
0.012499507
0.012499506
0.012499505
0.012499504
0.012499503
0.012499503
0.012499503
0.012499504
0.012499504
0.012499504
0.012499503
0.012499508
0.012499508
0.012499508
0.012499508
0.012499509
0.012499509
0.012499508
0.012499508
0.012499507
0.012499507
0.012499506
0.012499506
0.012499505
0.012499504
0.012499504
0.012499504
0.012499504
0.012499504
0.012499504
0.012499503
0.012499508
0.012499508
0.012499509
0.012499509
0.01249951
0.01249951
0.01249951
0.012499509
0.012499508
0.012499507
0.012499507
0.012499506
0.012499505
0.012499504
0.012499504
0.012499504
0.012499504
0.012499504
0.012499504
0.012499503
0.012499508
0.012499509
0.012499509
0.01249951
0.01249951
0.012499511
0.012499511
0.01249951
0.012499509
0.012499508
0.012499507
0.012499506
0.012499505
0.012499505
0.012499505
0.012499505
0.012499505
0.012499505
0.012499504
0.012499504
0.012499508
0.012499509
0.01249951
0.01249951
0.012499511
0.012499511
0.012499511
0.012499511
0.01249951
0.012499509
0.012499507
0.012499506
0.012499506
0.012499506
0.012499505
0.012499505
0.012499505
0.012499505
0.012499505
0.012499504
0.012499508
0.012499509
0.01249951
0.01249951
0.012499511
0.012499511
0.012499511
0.012499511
0.012499511
0.012499509
0.012499508
0.012499507
0.012499506
0.012499506
0.012499506
0.012499506
0.012499506
0.012499505
0.012499505
0.012499504
0.012499509
0.012499509
0.012499509
0.01249951
0.01249951
0.012499511
0.012499511
0.012499511
0.012499511
0.01249951
0.012499509
0.012499508
0.012499507
0.012499507
0.012499506
0.012499506
0.012499506
0.012499505
0.012499505
0.012499504
0.012499509
0.012499509
0.012499509
0.01249951
0.01249951
0.01249951
0.012499511
0.012499511
0.01249951
0.01249951
0.012499509
0.012499508
0.012499508
0.012499507
0.012499507
0.012499506
0.012499506
0.012499506
0.012499505
0.012499504
0.012499509
0.012499509
0.012499509
0.012499509
0.012499509
0.01249951
0.01249951
0.01249951
0.01249951
0.012499509
0.012499509
0.012499508
0.012499508
0.012499507
0.012499507
0.012499507
0.012499506
0.012499506
0.012499505
0.012499505
0.012499509
0.012499509
0.012499509
0.012499509
0.012499509
0.012499509
0.012499509
0.012499509
0.012499509
0.012499509
0.012499508
0.012499508
0.012499508
0.012499507
0.012499507
0.012499507
0.012499506
0.012499506
0.012499505
0.012499505
0.012499509
0.012499509
0.012499508
0.012499508
0.012499508
0.012499508
0.012499508
0.012499508
0.012499508
0.012499508
0.012499508
0.012499508
0.012499507
0.012499507
0.012499507
0.012499507
0.012499506
0.012499506
0.012499506
0.012499505
0.012499504
0.012499504
0.012499503
0.012499503
0.012499503
0.012499503
0.012499502
0.012499502
0.012499502
0.012499502
0.012499501
0.012499501
0.012499501
0.012499501
0.012499501
0.0124995
0.0124995
0.0124995
0.0124995
0.0124995
0.012499505
0.012499504
0.012499504
0.012499504
0.012499504
0.012499504
0.012499503
0.012499503
0.012499503
0.012499502
0.012499502
0.012499502
0.012499501
0.012499501
0.012499501
0.012499501
0.0124995
0.0124995
0.0124995
0.012499501
0.012499505
0.012499505
0.012499505
0.012499505
0.012499504
0.012499504
0.012499504
0.012499504
0.012499504
0.012499503
0.012499503
0.012499502
0.012499502
0.012499502
0.012499502
0.012499502
0.012499501
0.012499501
0.012499501
0.012499501
0.012499506
0.012499505
0.012499505
0.012499505
0.012499505
0.012499505
0.012499505
0.012499505
0.012499505
0.012499504
0.012499504
0.012499503
0.012499503
0.012499503
0.012499503
0.012499503
0.012499503
0.012499502
0.012499502
0.012499502
0.012499506
0.012499506
0.012499506
0.012499506
0.012499506
0.012499506
0.012499506
0.012499506
0.012499505
0.012499505
0.012499504
0.012499504
0.012499504
0.012499504
0.012499504
0.012499504
0.012499504
0.012499503
0.012499503
0.012499502
0.012499506
0.012499506
0.012499506
0.012499506
0.012499506
0.012499506
0.012499506
0.012499506
0.012499506
0.012499506
0.012499505
0.012499505
0.012499504
0.012499504
0.012499504
0.012499504
0.012499504
0.012499504
0.012499504
0.012499503
0.012499507
0.012499506
0.012499506
0.012499506
0.012499507
0.012499507
0.012499507
0.012499507
0.012499507
0.012499506
0.012499506
0.012499505
0.012499505
0.012499504
0.012499505
0.012499505
0.012499505
0.012499505
0.012499504
0.012499503
0.012499507
0.012499507
0.012499507
0.012499507
0.012499507
0.012499507
0.012499507
0.012499507
0.012499507
0.012499507
0.012499506
0.012499505
0.012499505
0.012499505
0.012499505
0.012499505
0.012499505
0.012499505
0.012499504
0.012499503
0.012499507
0.012499507
0.012499507
0.012499507
0.012499507
0.012499508
0.012499508
0.012499508
0.012499508
0.012499507
0.012499507
0.012499506
0.012499505
0.012499505
0.012499505
0.012499505
0.012499505
0.012499505
0.012499504
0.012499503
0.012499507
0.012499507
0.012499507
0.012499508
0.012499508
0.012499508
0.012499508
0.012499508
0.012499508
0.012499508
0.012499507
0.012499507
0.012499506
0.012499505
0.012499505
0.012499505
0.012499505
0.012499505
0.012499505
0.012499503
0.012499508
0.012499508
0.012499508
0.012499508
0.012499509
0.012499509
0.012499509
0.012499509
0.012499508
0.012499508
0.012499508
0.012499507
0.012499507
0.012499506
0.012499506
0.012499506
0.012499506
0.012499505
0.012499505
0.012499504
0.012499508
0.012499508
0.012499509
0.012499509
0.01249951
0.01249951
0.01249951
0.01249951
0.012499509
0.012499509
0.012499508
0.012499508
0.012499507
0.012499507
0.012499506
0.012499506
0.012499506
0.012499506
0.012499505
0.012499504
0.012499508
0.012499509
0.012499509
0.01249951
0.012499511
0.012499511
0.012499511
0.012499511
0.01249951
0.012499509
0.012499509
0.012499508
0.012499507
0.012499507
0.012499507
0.012499506
0.012499506
0.012499506
0.012499505
0.012499504
0.012499508
0.012499509
0.01249951
0.012499511
0.012499511
0.012499512
0.012499512
0.012499511
0.012499511
0.01249951
0.012499509
0.012499509
0.012499508
0.012499507
0.012499507
0.012499507
0.012499506
0.012499506
0.012499505
0.012499504
0.012499508
0.012499509
0.01249951
0.012499511
0.012499511
0.012499512
0.012499512
0.012499512
0.012499511
0.01249951
0.01249951
0.012499509
0.012499508
0.012499508
0.012499507
0.012499507
0.012499506
0.012499506
0.012499505
0.012499504
0.012499508
0.012499509
0.012499509
0.01249951
0.012499511
0.012499511
0.012499511
0.012499511
0.012499511
0.01249951
0.01249951
0.012499509
0.012499509
0.012499508
0.012499507
0.012499507
0.012499506
0.012499506
0.012499505
0.012499504
0.012499508
0.012499508
0.012499509
0.012499509
0.01249951
0.01249951
0.012499511
0.012499511
0.01249951
0.01249951
0.012499509
0.012499509
0.012499509
0.012499508
0.012499507
0.012499507
0.012499506
0.012499506
0.012499505
0.012499504
0.012499508
0.012499508
0.012499508
0.012499508
0.012499509
0.012499509
0.01249951
0.01249951
0.01249951
0.012499509
0.012499509
0.012499509
0.012499508
0.012499508
0.012499507
0.012499507
0.012499506
0.012499506
0.012499505
0.012499505
0.012499508
0.012499508
0.012499508
0.012499508
0.012499508
0.012499508
0.012499509
0.012499509
0.012499509
0.012499509
0.012499508
0.012499508
0.012499508
0.012499507
0.012499507
0.012499506
0.012499506
0.012499506
0.012499505
0.012499505
0.012499509
0.012499508
0.012499508
0.012499508
0.012499508
0.012499508
0.012499508
0.012499508
0.012499508
0.012499508
0.012499508
0.012499508
0.012499507
0.012499507
0.012499507
0.012499506
0.012499506
0.012499506
0.012499506
0.012499505
0.012499504
0.012499504
0.012499503
0.012499503
0.012499503
0.012499502
0.012499502
0.012499502
0.012499502
0.012499502
0.012499501
0.012499501
0.012499501
0.012499501
0.012499501
0.0124995
0.0124995
0.0124995
0.0124995
0.0124995
0.012499505
0.012499504
0.012499504
0.012499503
0.012499503
0.012499503
0.012499503
0.012499503
0.012499503
0.012499503
0.012499502
0.012499502
0.012499501
0.012499501
0.012499501
0.012499501
0.0124995
0.0124995
0.0124995
0.012499501
0.012499505
0.012499505
0.012499504
0.012499504
0.012499504
0.012499504
0.012499504
0.012499505
0.012499504
0.012499504
0.012499503
0.012499503
0.012499502
0.012499502
0.012499502
0.012499502
0.012499501
0.012499501
0.012499501
0.012499501
0.012499506
0.012499505
0.012499505
0.012499505
0.012499505
0.012499505
0.012499506
0.012499506
0.012499506
0.012499505
0.012499505
0.012499504
0.012499503
0.012499503
0.012499503
0.012499503
0.012499503
0.012499502
0.012499502
0.012499502
0.012499506
0.012499506
0.012499506
0.012499506
0.012499506
0.012499506
0.012499507
0.012499507
0.012499507
0.012499507
0.012499506
0.012499505
0.012499504
0.012499504
0.012499504
0.012499504
0.012499504
0.012499504
0.012499503
0.012499502
0.012499506
0.012499506
0.012499506
0.012499507
0.012499507
0.012499507
0.012499507
0.012499508
0.012499508
0.012499508
0.012499507
0.012499506
0.012499505
0.012499505
0.012499505
0.012499505
0.012499505
0.012499505
0.012499504
0.012499503
0.012499507
0.012499507
0.012499507
0.012499507
0.012499508
0.012499508
0.012499508
0.012499508
0.012499508
0.012499508
0.012499508
0.012499507
0.012499506
0.012499506
0.012499506
0.012499506
0.012499505
0.012499505
0.012499504
0.012499503
0.012499507
0.012499507
0.012499507
0.012499508
0.012499508
0.012499509
0.012499509
0.012499509
0.012499509
0.012499508
0.012499508
0.012499508
0.012499507
0.012499506
0.012499506
0.012499506
0.012499506
0.012499505
0.012499505
0.012499503
0.012499507
0.012499507
0.012499508
0.012499508
0.012499509
0.012499509
0.012499509
0.012499509
0.012499509
0.012499509
0.012499508
0.012499508
0.012499507
0.012499507
0.012499507
0.012499506
0.012499506
0.012499506
0.012499505
0.012499503
0.012499508
0.012499508
0.012499508
0.012499508
0.012499509
0.01249951
0.01249951
0.01249951
0.012499509
0.012499509
0.012499508
0.012499508
0.012499508
0.012499507
0.012499507
0.012499507
0.012499506
0.012499506
0.012499505
0.012499503
0.012499508
0.012499508
0.012499508
0.012499509
0.012499509
0.01249951
0.01249951
0.01249951
0.01249951
0.012499509
0.012499508
0.012499508
0.012499508
0.012499508
0.012499507
0.012499507
0.012499507
0.012499506
0.012499505
0.012499504
0.012499508
0.012499509
0.012499509
0.012499509
0.01249951
0.01249951
0.01249951
0.01249951
0.01249951
0.012499509
0.012499509
0.012499508
0.012499508
0.012499508
0.012499507
0.012499507
0.012499507
0.012499506
0.012499505
0.012499504
0.012499508
0.012499509
0.012499509
0.01249951
0.01249951
0.01249951
0.012499511
0.012499511
0.01249951
0.01249951
0.012499509
0.012499509
0.012499508
0.012499508
0.012499507
0.012499507
0.012499506
0.012499506
0.012499505
0.012499504
0.012499508
0.012499509
0.012499509
0.01249951
0.01249951
0.01249951
0.01249951
0.012499511
0.012499511
0.01249951
0.01249951
0.012499509
0.012499508
0.012499508
0.012499507
0.012499507
0.012499506
0.012499505
0.012499505
0.012499504
0.012499509
0.012499509
0.012499509
0.012499509
0.01249951
0.01249951
0.01249951
0.01249951
0.01249951
0.01249951
0.01249951
0.012499509
0.012499509
0.012499508
0.012499507
0.012499506
0.012499506
0.012499505
0.012499505
0.012499504
0.012499508
0.012499508
0.012499509
0.012499509
0.012499509
0.012499509
0.01249951
0.01249951
0.01249951
0.01249951
0.01249951
0.012499509
0.012499508
0.012499508
0.012499507
0.012499506
0.012499506
0.012499505
0.012499505
0.012499504
0.012499508
0.012499508
0.012499508
0.012499508
0.012499508
0.012499509
0.012499509
0.012499509
0.012499509
0.012499509
0.012499509
0.012499509
0.012499508
0.012499507
0.012499507
0.012499506
0.012499505
0.012499505
0.012499505
0.012499504
0.012499508
0.012499508
0.012499507
0.012499507
0.012499508
0.012499508
0.012499508
0.012499508
0.012499509
0.012499509
0.012499508
0.012499508
0.012499508
0.012499507
0.012499506
0.012499506
0.012499505
0.012499505
0.012499505
0.012499504
0.012499508
0.012499508
0.012499507
0.012499507
0.012499507
0.012499508
0.012499508
0.012499508
0.012499508
0.012499508
0.012499508
0.012499508
0.012499507
0.012499507
0.012499506
0.012499506
0.012499506
0.012499505
0.012499505
0.012499505
0.012499509
0.012499508
0.012499508
0.012499508
0.012499508
0.012499508
0.012499508
0.012499508
0.012499508
0.012499508
0.012499508
0.012499507
0.012499507
0.012499507
0.012499506
0.012499506
0.012499506
0.012499506
0.012499506
0.012499505
0.012499504
0.012499503
0.012499503
0.012499503
0.012499502
0.012499502
0.012499502
0.012499502
0.012499502
0.012499502
0.012499501
0.012499501
0.012499501
0.012499501
0.0124995
0.0124995
0.0124995
0.0124995
0.0124995
0.012499501
0.012499505
0.012499504
0.012499503
0.012499503
0.012499503
0.012499503
0.012499503
0.012499503
0.012499503
0.012499503
0.012499502
0.012499502
0.012499501
0.012499501
0.012499501
0.012499501
0.012499501
0.012499501
0.012499501
0.012499501
0.012499505
0.012499504
0.012499504
0.012499504
0.012499504
0.012499504
0.012499504
0.012499504
0.012499504
0.012499504
0.012499504
0.012499503
0.012499502
0.012499502
0.012499501
0.012499501
0.012499501
0.012499501
0.012499501
0.012499501
0.012499506
0.012499505
0.012499505
0.012499505
0.012499505
0.012499505
0.012499505
0.012499506
0.012499506
0.012499506
0.012499505
0.012499504
0.012499504
0.012499503
0.012499503
0.012499502
0.012499502
0.012499502
0.012499502
0.012499502
0.012499506
0.012499506
0.012499506
0.012499506
0.012499506
0.012499506
0.012499507
0.012499507
0.012499507
0.012499507
0.012499507
0.012499506
0.012499505
0.012499504
0.012499504
0.012499504
0.012499503
0.012499503
0.012499503
0.012499502
0.012499506
0.012499506
0.012499506
0.012499507
0.012499507
0.012499507
0.012499508
0.012499508
0.012499508
0.012499508
0.012499508
0.012499507
0.012499506
0.012499506
0.012499505
0.012499505
0.012499504
0.012499504
0.012499504
0.012499502
0.012499507
0.012499507
0.012499507
0.012499507
0.012499508
0.012499508
0.012499508
0.012499508
0.012499509
0.012499509
0.012499509
0.012499508
0.012499507
0.012499507
0.012499506
0.012499506
0.012499505
0.012499505
0.012499504
0.012499503
0.012499507
0.012499507
0.012499508
0.012499508
0.012499508
0.012499509
0.012499509
0.012499509
0.012499509
0.012499509
0.012499509
0.012499509
0.012499508
0.012499507
0.012499507
0.012499506
0.012499506
0.012499505
0.012499504
0.012499503
0.012499507
0.012499508
0.012499508
0.012499508
0.012499509
0.012499509
0.012499509
0.012499509
0.012499509
0.012499508
0.012499508
0.012499508
0.012499508
0.012499508
0.012499507
0.012499507
0.012499506
0.012499505
0.012499504
0.012499503
0.012499508
0.012499508
0.012499509
0.012499509
0.012499509
0.012499509
0.01249951
0.012499509
0.012499509
0.012499508
0.012499508
0.012499508
0.012499508
0.012499508
0.012499507
0.012499507
0.012499506
0.012499505
0.012499504
0.012499503
0.012499508
0.012499509
0.012499509
0.012499509
0.012499509
0.012499509
0.01249951
0.01249951
0.012499509
0.012499508
0.012499508
0.012499507
0.012499507
0.012499507
0.012499507
0.012499507
0.012499506
0.012499505
0.012499504
0.012499503
0.012499508
0.012499509
0.012499509
0.012499509
0.012499509
0.012499509
0.012499509
0.01249951
0.012499509
0.012499509
0.012499508
0.012499507
0.012499507
0.012499506
0.012499506
0.012499506
0.012499505
0.012499505
0.012499504
0.012499503
0.012499508
0.012499509
0.012499509
0.012499509
0.012499508
0.012499508
0.012499509
0.012499509
0.012499509
0.012499509
0.012499508
0.012499507
0.012499507
0.012499506
0.012499506
0.012499505
0.012499505
0.012499504
0.012499504
0.012499504
0.012499508
0.012499509
0.012499509
0.012499508
0.012499508
0.012499508
0.012499508
0.012499508
0.012499509
0.012499509
0.012499508
0.012499508
0.012499507
0.012499506
0.012499505
0.012499505
0.012499504
0.012499504
0.012499504
0.012499504
0.012499508
0.012499508
0.012499508
0.012499508
0.012499507
0.012499507
0.012499507
0.012499508
0.012499508
0.012499508
0.012499508
0.012499508
0.012499507
0.012499506
0.012499505
0.012499505
0.012499504
0.012499504
0.012499504
0.012499504
0.012499508
0.012499508
0.012499508
0.012499507
0.012499507
0.012499507
0.012499507
0.012499507
0.012499507
0.012499508
0.012499507
0.012499507
0.012499506
0.012499506
0.012499505
0.012499504
0.012499504
0.012499504
0.012499504
0.012499504
0.012499508
0.012499508
0.012499507
0.012499507
0.012499506
0.012499506
0.012499507
0.012499507
0.012499507
0.012499507
0.012499507
0.012499507
0.012499506
0.012499505
0.012499505
0.012499504
0.012499504
0.012499504
0.012499504
0.012499504
0.012499508
0.012499508
0.012499507
0.012499507
0.012499506
0.012499506
0.012499507
0.012499507
0.012499507
0.012499507
0.012499507
0.012499506
0.012499506
0.012499505
0.012499505
0.012499505
0.012499504
0.012499504
0.012499504
0.012499504
0.012499508
0.012499508
0.012499507
0.012499507
0.012499507
0.012499507
0.012499507
0.012499507
0.012499507
0.012499507
0.012499507
0.012499507
0.012499506
0.012499506
0.012499505
0.012499505
0.012499505
0.012499505
0.012499505
0.012499505
0.012499509
0.012499508
0.012499508
0.012499508
0.012499508
0.012499508
0.012499508
0.012499508
0.012499508
0.012499507
0.012499507
0.012499507
0.012499507
0.012499506
0.012499506
0.012499506
0.012499506
0.012499506
0.012499505
0.012499505
0.012499504
0.012499503
0.012499503
0.012499502
0.012499502
0.012499502
0.012499502
0.012499502
0.012499502
0.012499501
0.012499501
0.012499501
0.012499501
0.0124995
0.0124995
0.0124995
0.0124995
0.0124995
0.012499501
0.012499501
0.012499505
0.012499504
0.012499503
0.012499503
0.012499502
0.012499502
0.012499502
0.012499502
0.012499502
0.012499502
0.012499502
0.012499501
0.012499501
0.012499501
0.0124995
0.0124995
0.0124995
0.012499501
0.012499501
0.012499501
0.012499505
0.012499504
0.012499504
0.012499503
0.012499503
0.012499503
0.012499503
0.012499503
0.012499503
0.012499503
0.012499503
0.012499502
0.012499502
0.012499501
0.012499501
0.012499501
0.012499501
0.012499501
0.012499501
0.012499501
0.012499506
0.012499505
0.012499504
0.012499504
0.012499504
0.012499504
0.012499504
0.012499504
0.012499504
0.012499504
0.012499504
0.012499504
0.012499503
0.012499502
0.012499502
0.012499502
0.012499502
0.012499502
0.012499502
0.012499501
0.012499506
0.012499505
0.012499505
0.012499505
0.012499505
0.012499505
0.012499505
0.012499505
0.012499505
0.012499506
0.012499506
0.012499505
0.012499505
0.012499504
0.012499503
0.012499503
0.012499502
0.012499502
0.012499502
0.012499502
0.012499506
0.012499506
0.012499506
0.012499506
0.012499506
0.012499506
0.012499506
0.012499506
0.012499506
0.012499506
0.012499507
0.012499507
0.012499506
0.012499505
0.012499504
0.012499504
0.012499503
0.012499503
0.012499503
0.012499502
0.012499507
0.012499507
0.012499506
0.012499506
0.012499506
0.012499506
0.012499506
0.012499506
0.012499506
0.012499506
0.012499507
0.012499507
0.012499507
0.012499506
0.012499505
0.012499505
0.012499504
0.012499504
0.012499503
0.012499502
0.012499507
0.012499507
0.012499507
0.012499507
0.012499507
0.012499507
0.012499507
0.012499506
0.012499506
0.012499506
0.012499507
0.012499507
0.012499507
0.012499507
0.012499506
0.012499505
0.012499505
0.012499504
0.012499503
0.012499502
0.012499507
0.012499508
0.012499508
0.012499507
0.012499507
0.012499507
0.012499507
0.012499507
0.012499506
0.012499506
0.012499506
0.012499506
0.012499506
0.012499506
0.012499506
0.012499506
0.012499505
0.012499504
0.012499503
0.012499503
0.012499508
0.012499508
0.012499508
0.012499507
0.012499507
0.012499507
0.012499507
0.012499507
0.012499506
0.012499506
0.012499505
0.012499505
0.012499505
0.012499506
0.012499506
0.012499505
0.012499505
0.012499504
0.012499503
0.012499503
0.012499508
0.012499508
0.012499508
0.012499508
0.012499507
0.012499506
0.012499506
0.012499506
0.012499506
0.012499506
0.012499505
0.012499505
0.012499505
0.012499505
0.012499505
0.012499504
0.012499504
0.012499504
0.012499503
0.012499503
0.012499508
0.012499509
0.012499508
0.012499508
0.012499507
0.012499506
0.012499506
0.012499506
0.012499506
0.012499506
0.012499505
0.012499505
0.012499504
0.012499504
0.012499504
0.012499504
0.012499503
0.012499503
0.012499503
0.012499503
0.012499508
0.012499509
0.012499508
0.012499507
0.012499507
0.012499506
0.012499505
0.012499505
0.012499505
0.012499506
0.012499505
0.012499505
0.012499504
0.012499503
0.012499503
0.012499503
0.012499503
0.012499503
0.012499503
0.012499503
0.012499508
0.012499508
0.012499508
0.012499507
0.012499506
0.012499505
0.012499505
0.012499505
0.012499505
0.012499505
0.012499505
0.012499505
0.012499504
0.012499503
0.012499503
0.012499503
0.012499503
0.012499503
0.012499503
0.012499503
0.012499508
0.012499508
0.012499508
0.012499507
0.012499506
0.012499505
0.012499505
0.012499505
0.012499505
0.012499505
0.012499505
0.012499504
0.012499504
0.012499503
0.012499503
0.012499503
0.012499503
0.012499503
0.012499503
0.012499503
0.012499508
0.012499508
0.012499507
0.012499506
0.012499506
0.012499505
0.012499505
0.012499505
0.012499505
0.012499505
0.012499504
0.012499504
0.012499504
0.012499503
0.012499503
0.012499503
0.012499503
0.012499503
0.012499503
0.012499504
0.012499508
0.012499508
0.012499507
0.012499506
0.012499506
0.012499505
0.012499505
0.012499505
0.012499505
0.012499505
0.012499505
0.012499504
0.012499504
0.012499503
0.012499503
0.012499503
0.012499503
0.012499503
0.012499504
0.012499504
0.012499508
0.012499508
0.012499507
0.012499506
0.012499506
0.012499506
0.012499505
0.012499506
0.012499506
0.012499505
0.012499505
0.012499505
0.012499504
0.012499504
0.012499504
0.012499504
0.012499504
0.012499504
0.012499504
0.012499504
0.012499508
0.012499508
0.012499507
0.012499507
0.012499506
0.012499506
0.012499506
0.012499506
0.012499506
0.012499506
0.012499506
0.012499506
0.012499505
0.012499505
0.012499505
0.012499504
0.012499504
0.012499504
0.012499505
0.012499505
0.012499509
0.012499508
0.012499508
0.012499508
0.012499508
0.012499507
0.012499507
0.012499507
0.012499507
0.012499507
0.012499507
0.012499507
0.012499506
0.012499506
0.012499506
0.012499506
0.012499506
0.012499506
0.012499505
0.012499505
0.012499504
0.012499503
0.012499503
0.012499502
0.012499502
0.012499502
0.012499501
0.012499501
0.012499501
0.012499501
0.012499501
0.012499501
0.0124995
0.0124995
0.0124995
0.0124995
0.0124995
0.0124995
0.012499501
0.012499501
0.012499505
0.012499504
0.012499503
0.012499502
0.012499502
0.012499501
0.012499501
0.012499501
0.012499501
0.012499501
0.012499501
0.012499501
0.0124995
0.0124995
0.0124995
0.0124995
0.0124995
0.012499501
0.012499501
0.012499501
0.012499505
0.012499504
0.012499503
0.012499502
0.012499502
0.012499501
0.012499501
0.012499501
0.012499501
0.012499501
0.012499501
0.012499501
0.012499501
0.012499501
0.012499501
0.012499501
0.012499501
0.012499501
0.012499501
0.012499501
0.012499505
0.012499504
0.012499504
0.012499503
0.012499502
0.012499502
0.012499501
0.012499501
0.012499501
0.012499502
0.012499502
0.012499503
0.012499502
0.012499502
0.012499501
0.012499501
0.012499501
0.012499501
0.012499501
0.012499501
0.012499506
0.012499505
0.012499504
0.012499503
0.012499503
0.012499502
0.012499502
0.012499501
0.012499502
0.012499502
0.012499503
0.012499504
0.012499504
0.012499503
0.012499503
0.012499502
0.012499502
0.012499502
0.012499501
0.012499501
0.012499506
0.012499506
0.012499505
0.012499504
0.012499503
0.012499503
0.012499502
0.012499502
0.012499502
0.012499503
0.012499504
0.012499504
0.012499505
0.012499504
0.012499504
0.012499503
0.012499503
0.012499502
0.012499502
0.012499502
0.012499507
0.012499506
0.012499505
0.012499504
0.012499504
0.012499503
0.012499503
0.012499502
0.012499502
0.012499502
0.012499503
0.012499504
0.012499505
0.012499505
0.012499504
0.012499504
0.012499503
0.012499503
0.012499502
0.012499502
0.012499507
0.012499507
0.012499506
0.012499505
0.012499504
0.012499503
0.012499503
0.012499502
0.012499502
0.012499502
0.012499502
0.012499503
0.012499504
0.012499505
0.012499505
0.012499504
0.012499504
0.012499503
0.012499502
0.012499502
0.012499507
0.012499507
0.012499506
0.012499505
0.012499504
0.012499503
0.012499502
0.012499502
0.012499502
0.012499502
0.012499502
0.012499502
0.012499503
0.012499504
0.012499504
0.012499504
0.012499504
0.012499503
0.012499503
0.012499502
0.012499508
0.012499507
0.012499506
0.012499505
0.012499504
0.012499502
0.012499502
0.012499502
0.012499502
0.012499502
0.012499501
0.012499501
0.012499502
0.012499503
0.012499503
0.012499503
0.012499503
0.012499503
0.012499503
0.012499503
0.012499508
0.012499508
0.012499507
0.012499505
0.012499504
0.012499502
0.012499501
0.012499501
0.012499501
0.012499501
0.012499501
0.012499501
0.012499501
0.012499501
0.012499502
0.012499502
0.012499502
0.012499502
0.012499503
0.012499503
0.012499508
0.012499508
0.012499507
0.012499506
0.012499504
0.012499502
0.012499501
0.012499501
0.012499501
0.012499501
0.012499501
0.012499501
0.012499501
0.012499501
0.012499501
0.012499501
0.012499502
0.012499502
0.012499502
0.012499503
0.012499508
0.012499508
0.012499507
0.012499506
0.012499504
0.012499503
0.012499501
0.012499501
0.0124995
0.012499501
0.012499501
0.012499501
0.012499501
0.012499501
0.012499501
0.012499501
0.012499501
0.012499502
0.012499503
0.012499503
0.012499508
0.012499508
0.012499507
0.012499506
0.012499505
0.012499503
0.012499502
0.012499501
0.012499501
0.012499501
0.012499501
0.012499501
0.012499501
0.012499501
0.012499501
0.012499501
0.012499502
0.012499502
0.012499503
0.012499503
0.012499508
0.012499508
0.012499507
0.012499506
0.012499505
0.012499504
0.012499503
0.012499502
0.012499501
0.012499501
0.012499501
0.012499501
0.012499501
0.012499501
0.012499501
0.012499501
0.012499502
0.012499503
0.012499503
0.012499503
0.012499508
0.012499508
0.012499507
0.012499506
0.012499506
0.012499505
0.012499504
0.012499503
0.012499502
0.012499502
0.012499502
0.012499502
0.012499502
0.012499502
0.012499502
0.012499502
0.012499502
0.012499503
0.012499503
0.012499504
0.012499508
0.012499508
0.012499507
0.012499506
0.012499506
0.012499505
0.012499505
0.012499504
0.012499504
0.012499503
0.012499503
0.012499503
0.012499502
0.012499502
0.012499502
0.012499502
0.012499503
0.012499503
0.012499504
0.012499504
0.012499508
0.012499508
0.012499507
0.012499507
0.012499506
0.012499506
0.012499505
0.012499505
0.012499505
0.012499504
0.012499504
0.012499504
0.012499503
0.012499503
0.012499503
0.012499503
0.012499503
0.012499504
0.012499504
0.012499504
0.012499508
0.012499508
0.012499507
0.012499507
0.012499507
0.012499507
0.012499506
0.012499506
0.012499506
0.012499506
0.012499505
0.012499505
0.012499505
0.012499505
0.012499504
0.012499504
0.012499504
0.012499505
0.012499505
0.012499505
0.012499509
0.012499508
0.012499508
0.012499508
0.012499508
0.012499508
0.012499508
0.012499507
0.012499507
0.012499507
0.012499507
0.012499506
0.012499506
0.012499506
0.012499506
0.012499506
0.012499506
0.012499506
0.012499505
0.012499505
0.012499504
0.012499503
0.012499503
0.012499502
0.012499502
0.012499502
0.012499501
0.012499501
0.012499501
0.012499501
0.012499501
0.012499501
0.012499501
0.0124995
0.0124995
0.0124995
0.0124995
0.0124995
0.0124995
0.012499501
0.012499505
0.012499504
0.012499503
0.012499502
0.012499501
0.012499501
0.0124995
0.0124995
0.0124995
0.0124995
0.0124995
0.0124995
0.0124995
0.0124995
0.0124995
0.0124995
0.0124995
0.012499501
0.012499501
0.012499501
0.012499505
0.012499504
0.012499503
0.012499502
0.012499501
0.012499501
0.0124995
0.012499499
0.012499499
0.012499499
0.0124995
0.0124995
0.012499501
0.012499501
0.012499501
0.012499501
0.012499501
0.012499501
0.012499501
0.012499501
0.012499506
0.012499505
0.012499503
0.012499502
0.012499501
0.012499501
0.0124995
0.012499499
0.012499499
0.012499499
0.0124995
0.012499501
0.012499502
0.012499502
0.012499502
0.012499502
0.012499501
0.012499501
0.012499501
0.012499501
0.012499506
0.012499505
0.012499504
0.012499503
0.012499501
0.012499501
0.0124995
0.012499499
0.012499499
0.012499499
0.0124995
0.012499501
0.012499502
0.012499503
0.012499503
0.012499503
0.012499502
0.012499502
0.012499501
0.012499501
0.012499506
0.012499506
0.012499504
0.012499503
0.012499502
0.0124995
0.0124995
0.012499499
0.012499499
0.012499499
0.0124995
0.012499501
0.012499503
0.012499503
0.012499503
0.012499503
0.012499503
0.012499502
0.012499502
0.012499501
0.012499507
0.012499506
0.012499505
0.012499503
0.012499502
0.0124995
0.012499499
0.012499499
0.012499499
0.012499499
0.0124995
0.012499501
0.012499502
0.012499503
0.012499503
0.012499503
0.012499503
0.012499502
0.012499502
0.012499502
0.012499507
0.012499506
0.012499505
0.012499503
0.012499501
0.0124995
0.012499499
0.012499498
0.012499498
0.012499498
0.012499499
0.0124995
0.012499501
0.012499502
0.012499503
0.012499503
0.012499503
0.012499502
0.012499502
0.012499502
0.012499507
0.012499507
0.012499505
0.012499504
0.012499501
0.0124995
0.012499498
0.012499498
0.012499498
0.012499498
0.012499498
0.012499499
0.0124995
0.012499501
0.012499502
0.012499502
0.012499502
0.012499502
0.012499502
0.012499502
0.012499507
0.012499507
0.012499505
0.012499504
0.012499501
0.012499499
0.012499498
0.012499497
0.012499497
0.012499497
0.012499497
0.012499498
0.012499499
0.012499499
0.0124995
0.012499501
0.012499501
0.012499502
0.012499502
0.012499503
0.012499508
0.012499507
0.012499505
0.012499504
0.012499501
0.012499499
0.012499497
0.012499497
0.012499497
0.012499497
0.012499497
0.012499498
0.012499498
0.012499499
0.012499499
0.0124995
0.012499501
0.012499502
0.012499502
0.012499503
0.012499508
0.012499507
0.012499506
0.012499504
0.012499502
0.0124995
0.012499498
0.012499496
0.012499496
0.012499497
0.012499497
0.012499498
0.012499498
0.012499499
0.012499499
0.0124995
0.012499501
0.012499502
0.012499502
0.012499503
0.012499508
0.012499507
0.012499506
0.012499504
0.012499503
0.012499501
0.012499499
0.012499497
0.012499497
0.012499497
0.012499497
0.012499498
0.012499498
0.012499499
0.012499499
0.0124995
0.012499501
0.012499502
0.012499503
0.012499503
0.012499508
0.012499508
0.012499507
0.012499505
0.012499504
0.012499502
0.0124995
0.012499499
0.012499498
0.012499497
0.012499498
0.012499498
0.012499499
0.012499499
0.0124995
0.012499501
0.012499502
0.012499502
0.012499503
0.012499503
0.012499508
0.012499508
0.012499507
0.012499506
0.012499505
0.012499503
0.012499502
0.012499501
0.0124995
0.012499499
0.012499499
0.012499499
0.012499499
0.0124995
0.0124995
0.012499501
0.012499502
0.012499503
0.012499503
0.012499504
0.012499508
0.012499508
0.012499507
0.012499506
0.012499506
0.012499505
0.012499503
0.012499502
0.012499501
0.012499501
0.012499501
0.0124995
0.0124995
0.0124995
0.012499501
0.012499502
0.012499503
0.012499503
0.012499504
0.012499504
0.012499508
0.012499508
0.012499507
0.012499507
0.012499506
0.012499506
0.012499505
0.012499504
0.012499503
0.012499503
0.012499502
0.012499502
0.012499502
0.012499502
0.012499502
0.012499503
0.012499503
0.012499504
0.012499504
0.012499504
0.012499508
0.012499507
0.012499507
0.012499507
0.012499507
0.012499507
0.012499506
0.012499505
0.012499505
0.012499504
0.012499504
0.012499504
0.012499503
0.012499503
0.012499503
0.012499504
0.012499504
0.012499504
0.012499505
0.012499504
0.012499508
0.012499508
0.012499508
0.012499508
0.012499508
0.012499507
0.012499507
0.012499507
0.012499506
0.012499506
0.012499505
0.012499505
0.012499505
0.012499505
0.012499505
0.012499505
0.012499505
0.012499505
0.012499505
0.012499505
0.012499508
0.012499508
0.012499508
0.012499508
0.012499508
0.012499508
0.012499508
0.012499508
0.012499507
0.012499507
0.012499507
0.012499507
0.012499506
0.012499506
0.012499506
0.012499506
0.012499506
0.012499506
0.012499506
0.012499505
0.012499504
0.012499503
0.012499503
0.012499503
0.012499502
0.012499502
0.012499501
0.012499501
0.012499501
0.012499501
0.012499501
0.012499501
0.012499501
0.012499501
0.012499501
0.012499501
0.0124995
0.0124995
0.0124995
0.0124995
0.012499505
0.012499504
0.012499503
0.012499503
0.012499502
0.012499501
0.012499501
0.0124995
0.0124995
0.0124995
0.0124995
0.0124995
0.012499501
0.012499501
0.012499501
0.012499501
0.012499501
0.0124995
0.0124995
0.012499501
0.012499505
0.012499505
0.012499504
0.012499503
0.012499502
0.012499501
0.0124995
0.0124995
0.012499499
0.012499499
0.0124995
0.0124995
0.012499501
0.012499502
0.012499502
0.012499502
0.012499501
0.012499501
0.012499501
0.012499501
0.012499506
0.012499505
0.012499504
0.012499503
0.012499502
0.012499501
0.0124995
0.012499499
0.012499499
0.012499499
0.012499499
0.0124995
0.012499501
0.012499502
0.012499503
0.012499503
0.012499502
0.012499501
0.012499501
0.012499501
0.012499506
0.012499506
0.012499505
0.012499503
0.012499502
0.012499501
0.0124995
0.012499499
0.012499499
0.012499499
0.012499499
0.0124995
0.012499501
0.012499503
0.012499503
0.012499503
0.012499503
0.012499502
0.012499501
0.012499501
0.012499506
0.012499506
0.012499505
0.012499503
0.012499502
0.0124995
0.012499499
0.012499499
0.012499498
0.012499498
0.012499499
0.0124995
0.012499501
0.012499502
0.012499503
0.012499504
0.012499503
0.012499502
0.012499502
0.012499502
0.012499507
0.012499506
0.012499505
0.012499503
0.012499501
0.0124995
0.012499498
0.012499498
0.012499498
0.012499498
0.012499498
0.012499499
0.0124995
0.012499501
0.012499502
0.012499503
0.012499503
0.012499503
0.012499502
0.012499502
0.012499507
0.012499506
0.012499505
0.012499503
0.012499501
0.012499499
0.012499497
0.012499497
0.012499497
0.012499497
0.012499497
0.012499498
0.012499499
0.0124995
0.012499501
0.012499502
0.012499502
0.012499502
0.012499502
0.012499502
0.012499507
0.012499507
0.012499505
0.012499503
0.012499501
0.012499498
0.012499496
0.012499495
0.012499495
0.012499496
0.012499496
0.012499497
0.012499498
0.012499499
0.012499499
0.0124995
0.012499501
0.012499502
0.012499502
0.012499502
0.012499507
0.012499507
0.012499505
0.012499503
0.012499501
0.012499498
0.012499496
0.012499494
0.012499494
0.012499494
0.012499495
0.012499496
0.012499497
0.012499498
0.012499498
0.012499499
0.0124995
0.012499501
0.012499502
0.012499503
0.012499507
0.012499507
0.012499505
0.012499503
0.012499501
0.012499499
0.012499496
0.012499494
0.012499493
0.012499493
0.012499494
0.012499495
0.012499496
0.012499497
0.012499498
0.012499499
0.0124995
0.012499501
0.012499502
0.012499503
0.012499508
0.012499507
0.012499505
0.012499503
0.012499501
0.012499499
0.012499497
0.012499495
0.012499494
0.012499493
0.012499494
0.012499495
0.012499496
0.012499497
0.012499498
0.012499499
0.012499501
0.012499502
0.012499503
0.012499503
0.012499508
0.012499507
0.012499505
0.012499503
0.012499502
0.0124995
0.012499498
0.012499497
0.012499495
0.012499494
0.012499494
0.012499495
0.012499496
0.012499497
0.012499499
0.0124995
0.012499501
0.012499502
0.012499503
0.012499503
0.012499508
0.012499507
0.012499506
0.012499504
0.012499502
0.012499501
0.0124995
0.012499498
0.012499497
0.012499496
0.012499496
0.012499496
0.012499496
0.012499497
0.012499499
0.012499501
0.012499502
0.012499503
0.012499504
0.012499504
0.012499508
0.012499507
0.012499506
0.012499505
0.012499504
0.012499502
0.012499501
0.0124995
0.0124995
0.012499499
0.012499498
0.012499498
0.012499498
0.012499498
0.0124995
0.012499501
0.012499503
0.012499504
0.012499504
0.012499504
0.012499508
0.012499508
0.012499507
0.012499506
0.012499505
0.012499504
0.012499503
0.012499502
0.012499502
0.012499501
0.012499501
0.0124995
0.0124995
0.0124995
0.012499501
0.012499502
0.012499503
0.012499504
0.012499504
0.012499504
0.012499508
0.012499508
0.012499507
0.012499507
0.012499506
0.012499506
0.012499505
0.012499504
0.012499504
0.012499503
0.012499503
0.012499502
0.012499502
0.012499502
0.012499502
0.012499503
0.012499504
0.012499505
0.012499505
0.012499504
0.012499508
0.012499508
0.012499508
0.012499508
0.012499508
0.012499507
0.012499507
0.012499506
0.012499506
0.012499505
0.012499505
0.012499504
0.012499504
0.012499503
0.012499504
0.012499504
0.012499505
0.012499505
0.012499505
0.012499505
0.012499508
0.012499508
0.012499508
0.012499508
0.012499508
0.012499508
0.012499508
0.012499508
0.012499507
0.012499506
0.012499506
0.012499506
0.012499505
0.012499505
0.012499505
0.012499505
0.012499505
0.012499506
0.012499505
0.012499505
0.012499509
0.012499509
0.012499509
0.012499509
0.012499509
0.012499509
0.012499508
0.012499508
0.012499508
0.012499507
0.012499507
0.012499507
0.012499507
0.012499506
0.012499506
0.012499506
0.012499506
0.012499506
0.012499506
0.012499505
0.012499504
0.012499504
0.012499503
0.012499503
0.012499502
0.012499502
0.012499502
0.012499502
0.012499501
0.012499501
0.012499501
0.012499501
0.012499501
0.012499501
0.012499501
0.012499501
0.012499501
0.0124995
0.0124995
0.0124995
0.012499505
0.012499504
0.012499504
0.012499503
0.012499503
0.012499502
0.012499502
0.012499501
0.012499501
0.012499501
0.012499501
0.012499501
0.012499501
0.012499501
0.012499501
0.012499501
0.012499501
0.0124995
0.0124995
0.0124995
0.012499505
0.012499505
0.012499504
0.012499504
0.012499503
0.012499502
0.012499502
0.012499501
0.012499501
0.0124995
0.0124995
0.012499501
0.012499501
0.012499502
0.012499502
0.012499502
0.012499501
0.012499501
0.012499501
0.012499501
0.012499506
0.012499506
0.012499505
0.012499504
0.012499503
0.012499502
0.012499502
0.012499501
0.0124995
0.0124995
0.0124995
0.0124995
0.012499501
0.012499502
0.012499502
0.012499502
0.012499502
0.012499501
0.012499501
0.012499501
0.012499506
0.012499506
0.012499506
0.012499505
0.012499503
0.012499502
0.012499501
0.012499501
0.0124995
0.012499499
0.012499499
0.012499499
0.012499501
0.012499502
0.012499503
0.012499503
0.012499502
0.012499502
0.012499502
0.012499501
0.012499507
0.012499507
0.012499506
0.012499505
0.012499503
0.012499502
0.012499501
0.0124995
0.0124995
0.012499499
0.012499499
0.012499499
0.012499499
0.012499501
0.012499502
0.012499503
0.012499502
0.012499502
0.012499502
0.012499502
0.012499507
0.012499507
0.012499506
0.012499505
0.012499503
0.012499501
0.0124995
0.012499499
0.012499499
0.012499498
0.012499498
0.012499498
0.012499498
0.012499499
0.012499501
0.012499502
0.012499502
0.012499502
0.012499502
0.012499502
0.012499507
0.012499507
0.012499506
0.012499504
0.012499503
0.0124995
0.012499498
0.012499497
0.012499497
0.012499497
0.012499497
0.012499497
0.012499497
0.012499498
0.012499499
0.0124995
0.012499501
0.012499502
0.012499502
0.012499502
0.012499507
0.012499507
0.012499506
0.012499504
0.012499502
0.0124995
0.012499497
0.012499496
0.012499495
0.012499495
0.012499496
0.012499496
0.012499497
0.012499497
0.012499498
0.012499499
0.0124995
0.012499502
0.012499502
0.012499502
0.012499507
0.012499507
0.012499506
0.012499504
0.012499502
0.0124995
0.012499497
0.012499495
0.012499494
0.012499494
0.012499494
0.012499495
0.012499496
0.012499496
0.012499497
0.012499498
0.0124995
0.012499501
0.012499502
0.012499503
0.012499507
0.012499507
0.012499506
0.012499504
0.012499503
0.012499501
0.012499498
0.012499495
0.012499493
0.012499492
0.012499493
0.012499494
0.012499495
0.012499496
0.012499497
0.012499499
0.0124995
0.012499502
0.012499503
0.012499503
0.012499507
0.012499507
0.012499505
0.012499504
0.012499503
0.012499501
0.012499499
0.012499497
0.012499494
0.012499493
0.012499492
0.012499493
0.012499495
0.012499496
0.012499498
0.012499499
0.012499501
0.012499502
0.012499503
0.012499503
0.012499507
0.012499507
0.012499505
0.012499504
0.012499503
0.012499501
0.0124995
0.012499499
0.012499497
0.012499495
0.012499493
0.012499493
0.012499494
0.012499496
0.012499498
0.0124995
0.012499502
0.012499503
0.012499504
0.012499504
0.012499508
0.012499507
0.012499506
0.012499504
0.012499503
0.012499502
0.012499501
0.012499501
0.012499499
0.012499497
0.012499496
0.012499495
0.012499495
0.012499497
0.012499498
0.0124995
0.012499502
0.012499503
0.012499504
0.012499504
0.012499508
0.012499507
0.012499506
0.012499505
0.012499504
0.012499503
0.012499503
0.012499502
0.012499501
0.0124995
0.012499499
0.012499497
0.012499497
0.012499498
0.012499499
0.012499501
0.012499503
0.012499504
0.012499504
0.012499504
0.012499508
0.012499507
0.012499507
0.012499506
0.012499505
0.012499505
0.012499504
0.012499504
0.012499503
0.012499503
0.012499501
0.0124995
0.012499499
0.0124995
0.012499501
0.012499502
0.012499503
0.012499504
0.012499505
0.012499504
0.012499508
0.012499508
0.012499508
0.012499507
0.012499507
0.012499506
0.012499506
0.012499506
0.012499505
0.012499504
0.012499503
0.012499502
0.012499502
0.012499502
0.012499502
0.012499503
0.012499504
0.012499505
0.012499505
0.012499505
0.012499509
0.012499509
0.012499508
0.012499508
0.012499508
0.012499508
0.012499508
0.012499508
0.012499507
0.012499506
0.012499505
0.012499504
0.012499504
0.012499503
0.012499504
0.012499505
0.012499505
0.012499505
0.012499505
0.012499505
0.012499509
0.012499509
0.012499509
0.012499509
0.012499509
0.012499509
0.012499509
0.012499508
0.012499508
0.012499507
0.012499506
0.012499506
0.012499505
0.012499505
0.012499505
0.012499505
0.012499506
0.012499506
0.012499505
0.012499505
0.012499509
0.012499509
0.012499509
0.012499509
0.012499509
0.012499509
0.012499509
0.012499508
0.012499508
0.012499508
0.012499507
0.012499507
0.012499507
0.012499506
0.012499506
0.012499506
0.012499506
0.012499506
0.012499506
0.012499505
0.012499504
0.012499504
0.012499503
0.012499503
0.012499503
0.012499502
0.012499502
0.012499502
0.012499502
0.012499501
0.012499501
0.012499501
0.012499501
0.012499501
0.012499501
0.012499501
0.012499501
0.0124995
0.0124995
0.0124995
0.012499505
0.012499504
0.012499504
0.012499504
0.012499503
0.012499503
0.012499502
0.012499502
0.012499502
0.012499502
0.012499502
0.012499501
0.012499502
0.012499502
0.012499501
0.012499501
0.012499501
0.0124995
0.0124995
0.0124995
0.012499505
0.012499505
0.012499505
0.012499504
0.012499503
0.012499503
0.012499503
0.012499502
0.012499502
0.012499502
0.012499502
0.012499501
0.012499501
0.012499502
0.012499501
0.012499501
0.012499501
0.0124995
0.0124995
0.012499501
0.012499506
0.012499506
0.012499505
0.012499505
0.012499504
0.012499503
0.012499503
0.012499502
0.012499502
0.012499502
0.012499502
0.012499501
0.012499501
0.012499501
0.012499501
0.012499501
0.012499501
0.012499501
0.012499501
0.012499501
0.012499506
0.012499506
0.012499506
0.012499506
0.012499505
0.012499504
0.012499503
0.012499502
0.012499502
0.012499501
0.012499501
0.012499501
0.012499501
0.012499501
0.012499501
0.012499501
0.012499501
0.012499501
0.012499501
0.012499501
0.012499507
0.012499507
0.012499507
0.012499506
0.012499505
0.012499504
0.012499503
0.012499502
0.012499501
0.012499501
0.0124995
0.0124995
0.0124995
0.0124995
0.012499501
0.012499501
0.012499501
0.012499501
0.012499501
0.012499502
0.012499507
0.012499507
0.012499507
0.012499506
0.012499505
0.012499503
0.012499502
0.012499501
0.0124995
0.0124995
0.012499499
0.012499499
0.012499499
0.012499499
0.0124995
0.0124995
0.012499501
0.012499501
0.012499502
0.012499502
0.012499507
0.012499507
0.012499506
0.012499506
0.012499504
0.012499503
0.012499501
0.0124995
0.012499499
0.012499499
0.012499499
0.012499498
0.012499498
0.012499498
0.012499499
0.012499499
0.0124995
0.012499501
0.012499502
0.012499502
0.012499507
0.012499507
0.012499506
0.012499505
0.012499504
0.012499502
0.0124995
0.012499498
0.012499497
0.012499497
0.012499497
0.012499497
0.012499497
0.012499497
0.012499498
0.012499499
0.0124995
0.012499501
0.012499502
0.012499502
0.012499507
0.012499507
0.012499506
0.012499505
0.012499503
0.012499502
0.0124995
0.012499497
0.012499496
0.012499495
0.012499495
0.012499496
0.012499496
0.012499497
0.012499497
0.012499499
0.0124995
0.012499502
0.012499502
0.012499503
0.012499507
0.012499507
0.012499506
0.012499505
0.012499504
0.012499502
0.0124995
0.012499498
0.012499495
0.012499494
0.012499494
0.012499494
0.012499495
0.012499496
0.012499497
0.012499499
0.012499501
0.012499502
0.012499503
0.012499503
0.012499507
0.012499507
0.012499506
0.012499505
0.012499504
0.012499502
0.012499501
0.012499499
0.012499496
0.012499494
0.012499493
0.012499494
0.012499495
0.012499496
0.012499497
0.012499499
0.012499501
0.012499503
0.012499503
0.012499503
0.012499507
0.012499507
0.012499506
0.012499505
0.012499504
0.012499503
0.012499502
0.0124995
0.012499498
0.012499496
0.012499494
0.012499494
0.012499495
0.012499496
0.012499498
0.0124995
0.012499502
0.012499503
0.012499504
0.012499504
0.012499507
0.012499507
0.012499506
0.012499505
0.012499504
0.012499504
0.012499503
0.012499502
0.012499501
0.012499498
0.012499497
0.012499496
0.012499496
0.012499497
0.012499498
0.0124995
0.012499502
0.012499503
0.012499504
0.012499504
0.012499507
0.012499507
0.012499506
0.012499506
0.012499505
0.012499505
0.012499504
0.012499504
0.012499503
0.012499501
0.012499499
0.012499498
0.012499498
0.012499498
0.0124995
0.012499501
0.012499503
0.012499504
0.012499504
0.012499504
0.012499508
0.012499507
0.012499507
0.012499507
0.012499506
0.012499506
0.012499506
0.012499505
0.012499504
0.012499503
0.012499501
0.0124995
0.0124995
0.0124995
0.012499501
0.012499503
0.012499504
0.012499504
0.012499505
0.012499504
0.012499508
0.012499508
0.012499508
0.012499508
0.012499508
0.012499508
0.012499508
0.012499507
0.012499506
0.012499505
0.012499503
0.012499502
0.012499502
0.012499502
0.012499503
0.012499504
0.012499504
0.012499505
0.012499505
0.012499504
0.012499509
0.012499509
0.012499509
0.012499509
0.012499509
0.012499509
0.012499509
0.012499509
0.012499508
0.012499507
0.012499505
0.012499504
0.012499504
0.012499504
0.012499504
0.012499505
0.012499505
0.012499505
0.012499505
0.012499505
0.012499509
0.012499509
0.01249951
0.01249951
0.01249951
0.012499509
0.012499509
0.012499509
0.012499509
0.012499508
0.012499507
0.012499506
0.012499505
0.012499505
0.012499505
0.012499506
0.012499506
0.012499506
0.012499505
0.012499505
0.012499509
0.012499509
0.012499509
0.012499509
0.012499509
0.012499509
0.012499509
0.012499509
0.012499508
0.012499508
0.012499507
0.012499507
0.012499507
0.012499506
0.012499506
0.012499506
0.012499506
0.012499506
0.012499506
0.012499505
0.012499504
0.012499504
0.012499503
0.012499503
0.012499503
0.012499502
0.012499502
0.012499502
0.012499502
0.012499502
0.012499502
0.012499501
0.012499501
0.012499501
0.012499501
0.012499501
0.012499501
0.012499501
0.0124995
0.012499501
0.012499505
0.012499504
0.012499504
0.012499504
0.012499503
0.012499503
0.012499503
0.012499503
0.012499503
0.012499503
0.012499502
0.012499502
0.012499502
0.012499501
0.012499501
0.012499501
0.012499501
0.0124995
0.0124995
0.012499501
0.012499505
0.012499505
0.012499504
0.012499504
0.012499504
0.012499503
0.012499503
0.012499503
0.012499503
0.012499503
0.012499503
0.012499502
0.012499501
0.012499501
0.0124995
0.0124995
0.0124995
0.0124995
0.0124995
0.012499501
0.012499506
0.012499505
0.012499505
0.012499505
0.012499504
0.012499504
0.012499504
0.012499504
0.012499504
0.012499503
0.012499503
0.012499502
0.012499501
0.0124995
0.012499499
0.012499499
0.0124995
0.0124995
0.0124995
0.012499501
0.012499506
0.012499506
0.012499506
0.012499505
0.012499505
0.012499504
0.012499504
0.012499503
0.012499503
0.012499503
0.012499502
0.012499501
0.0124995
0.012499499
0.012499498
0.012499499
0.012499499
0.0124995
0.0124995
0.012499501
0.012499506
0.012499506
0.012499506
0.012499506
0.012499506
0.012499505
0.012499504
0.012499503
0.012499502
0.012499502
0.012499501
0.0124995
0.012499499
0.012499498
0.012499498
0.012499498
0.012499499
0.0124995
0.012499501
0.012499501
0.012499507
0.012499507
0.012499506
0.012499506
0.012499506
0.012499506
0.012499505
0.012499503
0.012499502
0.012499501
0.0124995
0.012499499
0.012499498
0.012499498
0.012499498
0.012499498
0.012499499
0.0124995
0.012499501
0.012499502
0.012499507
0.012499507
0.012499506
0.012499506
0.012499506
0.012499506
0.012499505
0.012499503
0.012499501
0.0124995
0.012499498
0.012499498
0.012499497
0.012499497
0.012499498
0.012499498
0.012499499
0.0124995
0.012499501
0.012499502
0.012499507
0.012499507
0.012499506
0.012499506
0.012499505
0.012499505
0.012499504
0.012499503
0.012499501
0.012499499
0.012499497
0.012499496
0.012499496
0.012499497
0.012499498
0.012499499
0.0124995
0.012499501
0.012499502
0.012499502
0.012499507
0.012499507
0.012499506
0.012499505
0.012499505
0.012499505
0.012499504
0.012499503
0.012499501
0.012499499
0.012499497
0.012499496
0.012499495
0.012499496
0.012499497
0.012499499
0.012499501
0.012499502
0.012499503
0.012499503
0.012499507
0.012499507
0.012499506
0.012499506
0.012499505
0.012499505
0.012499504
0.012499503
0.012499501
0.012499499
0.012499497
0.012499496
0.012499495
0.012499496
0.012499497
0.0124995
0.012499502
0.012499503
0.012499503
0.012499503
0.012499507
0.012499507
0.012499506
0.012499506
0.012499506
0.012499505
0.012499504
0.012499503
0.012499501
0.012499499
0.012499497
0.012499496
0.012499496
0.012499496
0.012499498
0.0124995
0.012499502
0.012499503
0.012499504
0.012499504
0.012499507
0.012499507
0.012499507
0.012499507
0.012499507
0.012499506
0.012499505
0.012499504
0.012499502
0.0124995
0.012499499
0.012499497
0.012499497
0.012499497
0.012499498
0.0124995
0.012499502
0.012499504
0.012499504
0.012499504
0.012499507
0.012499507
0.012499507
0.012499507
0.012499508
0.012499507
0.012499507
0.012499505
0.012499504
0.012499501
0.0124995
0.012499499
0.012499498
0.012499499
0.012499499
0.012499501
0.012499503
0.012499504
0.012499504
0.012499504
0.012499507
0.012499507
0.012499507
0.012499508
0.012499508
0.012499509
0.012499508
0.012499507
0.012499505
0.012499503
0.012499501
0.0124995
0.0124995
0.0124995
0.012499501
0.012499502
0.012499503
0.012499504
0.012499505
0.012499504
0.012499508
0.012499507
0.012499508
0.012499508
0.012499509
0.012499509
0.012499509
0.012499508
0.012499506
0.012499504
0.012499502
0.012499501
0.012499501
0.012499502
0.012499502
0.012499503
0.012499504
0.012499504
0.012499505
0.012499504
0.012499508
0.012499508
0.012499508
0.012499509
0.012499509
0.01249951
0.01249951
0.012499509
0.012499508
0.012499505
0.012499504
0.012499503
0.012499502
0.012499503
0.012499503
0.012499504
0.012499504
0.012499505
0.012499505
0.012499504
0.012499508
0.012499509
0.012499509
0.012499509
0.01249951
0.01249951
0.01249951
0.01249951
0.012499508
0.012499507
0.012499505
0.012499504
0.012499504
0.012499504
0.012499504
0.012499504
0.012499505
0.012499505
0.012499505
0.012499504
0.012499509
0.012499509
0.012499509
0.012499509
0.012499509
0.01249951
0.01249951
0.012499509
0.012499509
0.012499508
0.012499507
0.012499506
0.012499505
0.012499505
0.012499505
0.012499505
0.012499505
0.012499505
0.012499505
0.012499505
0.012499509
0.012499509
0.012499509
0.012499509
0.012499509
0.012499509
0.012499509
0.012499509
0.012499508
0.012499508
0.012499507
0.012499507
0.012499506
0.012499506
0.012499506
0.012499506
0.012499506
0.012499506
0.012499505
0.012499505
0.012499504
0.012499504
0.012499503
0.012499503
0.012499502
0.012499502
0.012499502
0.012499502
0.012499502
0.012499502
0.012499502
0.012499502
0.012499501
0.012499501
0.012499501
0.012499501
0.012499501
0.012499501
0.012499501
0.012499501
0.012499505
0.012499504
0.012499504
0.012499503
0.012499503
0.012499503
0.012499503
0.012499503
0.012499503
0.012499503
0.012499503
0.012499502
0.012499502
0.012499502
0.012499501
0.012499501
0.012499501
0.012499501
0.012499501
0.012499501
0.012499505
0.012499505
0.012499504
0.012499504
0.012499503
0.012499503
0.012499503
0.012499503
0.012499504
0.012499504
0.012499504
0.012499503
0.012499502
0.012499502
0.012499501
0.012499501
0.0124995
0.0124995
0.012499501
0.012499501
0.012499506
0.012499505
0.012499505
0.012499504
0.012499504
0.012499504
0.012499504
0.012499504
0.012499504
0.012499504
0.012499504
0.012499504
0.012499503
0.012499502
0.012499501
0.0124995
0.0124995
0.0124995
0.0124995
0.012499501
0.012499506
0.012499505
0.012499505
0.012499505
0.012499504
0.012499504
0.012499504
0.012499504
0.012499504
0.012499505
0.012499505
0.012499504
0.012499503
0.012499501
0.0124995
0.0124995
0.0124995
0.0124995
0.0124995
0.012499501
0.012499506
0.012499506
0.012499506
0.012499505
0.012499505
0.012499505
0.012499504
0.012499504
0.012499504
0.012499504
0.012499504
0.012499504
0.012499503
0.012499502
0.0124995
0.0124995
0.0124995
0.0124995
0.0124995
0.012499501
0.012499507
0.012499506
0.012499506
0.012499506
0.012499506
0.012499506
0.012499505
0.012499504
0.012499503
0.012499503
0.012499503
0.012499503
0.012499503
0.012499502
0.012499501
0.0124995
0.0124995
0.0124995
0.012499501
0.012499501
0.012499507
0.012499507
0.012499506
0.012499506
0.012499506
0.012499506
0.012499506
0.012499505
0.012499503
0.012499502
0.012499501
0.012499501
0.012499501
0.012499502
0.012499501
0.012499501
0.012499501
0.012499501
0.012499501
0.012499502
0.012499507
0.012499507
0.012499506
0.012499505
0.012499505
0.012499505
0.012499505
0.012499505
0.012499503
0.012499502
0.0124995
0.012499499
0.0124995
0.012499501
0.012499501
0.012499502
0.012499502
0.012499502
0.012499502
0.012499502
0.012499507
0.012499507
0.012499506
0.012499505
0.012499504
0.012499504
0.012499504
0.012499505
0.012499504
0.012499502
0.0124995
0.012499499
0.012499499
0.0124995
0.012499501
0.012499502
0.012499503
0.012499503
0.012499503
0.012499503
0.012499507
0.012499506
0.012499506
0.012499504
0.012499504
0.012499503
0.012499503
0.012499503
0.012499503
0.012499502
0.0124995
0.012499499
0.012499498
0.012499499
0.0124995
0.012499502
0.012499503
0.012499503
0.012499503
0.012499503
0.012499507
0.012499506
0.012499506
0.012499505
0.012499504
0.012499503
0.012499502
0.012499502
0.012499502
0.012499502
0.012499501
0.0124995
0.012499499
0.012499499
0.0124995
0.012499502
0.012499503
0.012499504
0.012499504
0.012499503
0.012499507
0.012499507
0.012499506
0.012499505
0.012499505
0.012499504
0.012499503
0.012499502
0.012499502
0.012499502
0.012499502
0.012499501
0.0124995
0.0124995
0.012499501
0.012499502
0.012499503
0.012499504
0.012499504
0.012499503
0.012499508
0.012499507
0.012499506
0.012499506
0.012499506
0.012499505
0.012499504
0.012499503
0.012499502
0.012499501
0.012499502
0.012499502
0.012499502
0.012499501
0.012499502
0.012499503
0.012499504
0.012499504
0.012499504
0.012499504
0.012499508
0.012499507
0.012499507
0.012499507
0.012499507
0.012499507
0.012499506
0.012499504
0.012499503
0.012499502
0.012499502
0.012499502
0.012499503
0.012499503
0.012499503
0.012499503
0.012499504
0.012499504
0.012499504
0.012499504
0.012499508
0.012499507
0.012499507
0.012499508
0.012499508
0.012499508
0.012499508
0.012499506
0.012499505
0.012499503
0.012499503
0.012499503
0.012499503
0.012499504
0.012499504
0.012499504
0.012499504
0.012499504
0.012499504
0.012499504
0.012499508
0.012499508
0.012499508
0.012499508
0.012499509
0.012499509
0.012499509
0.012499508
0.012499506
0.012499505
0.012499504
0.012499504
0.012499504
0.012499504
0.012499504
0.012499504
0.012499505
0.012499504
0.012499504
0.012499504
0.012499508
0.012499508
0.012499508
0.012499509
0.012499509
0.012499509
0.012499509
0.012499509
0.012499508
0.012499507
0.012499506
0.012499506
0.012499505
0.012499505
0.012499505
0.012499505
0.012499505
0.012499505
0.012499504
0.012499504
0.012499508
0.012499508
0.012499508
0.012499509
0.012499509
0.012499509
0.012499509
0.012499509
0.012499508
0.012499508
0.012499507
0.012499507
0.012499506
0.012499506
0.012499506
0.012499506
0.012499505
0.012499505
0.012499505
0.012499504
0.012499509
0.012499508
0.012499508
0.012499509
0.012499509
0.012499509
0.012499509
0.012499509
0.012499508
0.012499508
0.012499507
0.012499507
0.012499507
0.012499507
0.012499506
0.012499506
0.012499506
0.012499506
0.012499505
0.012499505
0.012499504
0.012499503
0.012499503
0.012499503
0.012499502
0.012499502
0.012499502
0.012499502
0.012499502
0.012499502
0.012499502
0.012499502
0.012499502
0.012499501
0.012499501
0.012499501
0.012499501
0.012499501
0.012499501
0.0124995
0.012499505
0.012499504
0.012499503
0.012499503
0.012499503
0.012499503
0.012499503
0.012499504
0.012499504
0.012499504
0.012499504
0.012499503
0.012499503
0.012499502
0.012499502
0.012499501
0.012499501
0.012499501
0.012499501
0.012499501
0.012499505
0.012499504
0.012499504
0.012499503
0.012499503
0.012499504
0.012499504
0.012499504
0.012499505
0.012499505
0.012499504
0.012499504
0.012499503
0.012499503
0.012499502
0.012499501
0.012499501
0.012499501
0.012499501
0.012499501
0.012499505
0.012499504
0.012499504
0.012499504
0.012499504
0.012499504
0.012499505
0.012499505
0.012499505
0.012499505
0.012499505
0.012499504
0.012499503
0.012499502
0.012499502
0.012499501
0.012499501
0.012499501
0.012499501
0.012499501
0.012499506
0.012499505
0.012499504
0.012499504
0.012499504
0.012499505
0.012499505
0.012499506
0.012499505
0.012499505
0.012499504
0.012499503
0.012499503
0.012499502
0.012499501
0.012499501
0.012499501
0.012499501
0.012499501
0.012499501
0.012499506
0.012499505
0.012499504
0.012499504
0.012499505
0.012499505
0.012499506
0.012499506
0.012499505
0.012499505
0.012499504
0.012499503
0.012499502
0.012499501
0.012499501
0.012499501
0.012499501
0.012499502
0.012499501
0.012499501
0.012499506
0.012499505
0.012499505
0.012499505
0.012499505
0.012499506
0.012499507
0.012499507
0.012499506
0.012499504
0.012499503
0.012499502
0.012499501
0.012499501
0.012499501
0.012499501
0.012499502
0.012499502
0.012499502
0.012499502
0.012499506
0.012499506
0.012499505
0.012499505
0.012499506
0.012499507
0.012499508
0.012499508
0.012499506
0.012499504
0.012499502
0.012499501
0.0124995
0.012499501
0.012499501
0.012499502
0.012499503
0.012499504
0.012499503
0.012499502
0.012499506
0.012499506
0.012499505
0.012499506
0.012499507
0.012499508
0.012499509
0.012499509
0.012499508
0.012499505
0.012499502
0.012499501
0.0124995
0.012499501
0.012499502
0.012499503
0.012499504
0.012499505
0.012499504
0.012499503
0.012499507
0.012499506
0.012499505
0.012499506
0.012499507
0.012499508
0.01249951
0.01249951
0.01249951
0.012499507
0.012499504
0.012499501
0.0124995
0.012499501
0.012499503
0.012499504
0.012499505
0.012499506
0.012499505
0.012499504
0.012499507
0.012499506
0.012499505
0.012499505
0.012499506
0.012499508
0.012499509
0.012499511
0.01249951
0.012499509
0.012499506
0.012499503
0.012499502
0.012499502
0.012499504
0.012499505
0.012499506
0.012499506
0.012499506
0.012499504
0.012499507
0.012499506
0.012499505
0.012499505
0.012499506
0.012499507
0.012499509
0.01249951
0.01249951
0.01249951
0.012499508
0.012499505
0.012499503
0.012499503
0.012499505
0.012499506
0.012499507
0.012499507
0.012499506
0.012499504
0.012499507
0.012499506
0.012499505
0.012499505
0.012499506
0.012499508
0.012499509
0.012499509
0.01249951
0.012499509
0.012499508
0.012499507
0.012499505
0.012499505
0.012499506
0.012499507
0.012499507
0.012499507
0.012499506
0.012499504
0.012499507
0.012499506
0.012499505
0.012499506
0.012499507
0.012499508
0.012499509
0.012499509
0.012499509
0.012499509
0.012499508
0.012499507
0.012499506
0.012499506
0.012499506
0.012499507
0.012499507
0.012499507
0.012499506
0.012499504
0.012499508
0.012499506
0.012499506
0.012499506
0.012499507
0.012499508
0.012499509
0.012499509
0.012499508
0.012499508
0.012499507
0.012499507
0.012499506
0.012499506
0.012499506
0.012499506
0.012499507
0.012499506
0.012499505
0.012499504
0.012499508
0.012499507
0.012499506
0.012499507
0.012499508
0.012499508
0.012499509
0.012499509
0.012499508
0.012499507
0.012499507
0.012499506
0.012499506
0.012499506
0.012499506
0.012499506
0.012499506
0.012499505
0.012499505
0.012499504
0.012499508
0.012499507
0.012499507
0.012499507
0.012499508
0.012499509
0.012499509
0.012499509
0.012499508
0.012499507
0.012499507
0.012499506
0.012499506
0.012499505
0.012499505
0.012499505
0.012499505
0.012499505
0.012499504
0.012499504
0.012499508
0.012499507
0.012499507
0.012499507
0.012499508
0.012499509
0.012499509
0.012499509
0.012499508
0.012499508
0.012499507
0.012499507
0.012499506
0.012499506
0.012499505
0.012499505
0.012499505
0.012499504
0.012499504
0.012499504
0.012499508
0.012499508
0.012499508
0.012499508
0.012499508
0.012499509
0.012499509
0.012499509
0.012499508
0.012499508
0.012499507
0.012499507
0.012499507
0.012499506
0.012499506
0.012499505
0.012499505
0.012499505
0.012499505
0.012499504
0.012499509
0.012499508
0.012499508
0.012499508
0.012499509
0.012499509
0.012499509
0.012499508
0.012499508
0.012499508
0.012499507
0.012499507
0.012499507
0.012499507
0.012499506
0.012499506
0.012499506
0.012499505
0.012499505
0.012499505
0.012499504
0.012499503
0.012499503
0.012499502
0.012499502
0.012499502
0.012499502
0.012499502
0.012499502
0.012499502
0.012499502
0.012499502
0.012499502
0.012499502
0.012499501
0.012499501
0.012499501
0.012499501
0.0124995
0.0124995
0.012499505
0.012499504
0.012499503
0.012499502
0.012499502
0.012499502
0.012499502
0.012499502
0.012499503
0.012499503
0.012499503
0.012499504
0.012499504
0.012499504
0.012499504
0.012499503
0.012499502
0.012499502
0.012499501
0.0124995
0.012499505
0.012499504
0.012499503
0.012499502
0.012499502
0.012499502
0.012499503
0.012499503
0.012499504
0.012499505
0.012499505
0.012499506
0.012499506
0.012499507
0.012499506
0.012499506
0.012499504
0.012499503
0.012499501
0.012499501
0.012499506
0.012499505
0.012499504
0.012499503
0.012499502
0.012499503
0.012499503
0.012499504
0.012499505
0.012499506
0.012499507
0.012499508
0.012499508
0.012499509
0.012499509
0.012499508
0.012499506
0.012499504
0.012499502
0.012499501
0.012499506
0.012499505
0.012499504
0.012499503
0.012499502
0.012499503
0.012499504
0.012499505
0.012499506
0.012499507
0.012499508
0.012499509
0.01249951
0.01249951
0.01249951
0.012499509
0.012499507
0.012499505
0.012499503
0.012499501
0.012499506
0.012499506
0.012499504
0.012499503
0.012499502
0.012499502
0.012499503
0.012499505
0.012499506
0.012499507
0.012499508
0.012499509
0.01249951
0.012499511
0.012499511
0.01249951
0.012499508
0.012499506
0.012499503
0.012499502
0.012499507
0.012499506
0.012499504
0.012499503
0.012499502
0.012499502
0.012499502
0.012499504
0.012499506
0.012499507
0.012499508
0.012499509
0.01249951
0.01249951
0.012499511
0.01249951
0.012499509
0.012499506
0.012499504
0.012499502
0.012499507
0.012499506
0.012499505
0.012499503
0.012499501
0.012499501
0.012499501
0.012499503
0.012499505
0.012499506
0.012499507
0.012499508
0.012499509
0.01249951
0.012499511
0.01249951
0.012499509
0.012499506
0.012499504
0.012499502
0.012499507
0.012499506
0.012499504
0.012499502
0.012499501
0.0124995
0.0124995
0.012499501
0.012499503
0.012499505
0.012499506
0.012499508
0.012499509
0.01249951
0.01249951
0.01249951
0.012499509
0.012499506
0.012499504
0.012499502
0.012499507
0.012499506
0.012499504
0.012499502
0.0124995
0.012499499
0.012499499
0.0124995
0.012499502
0.012499504
0.012499505
0.012499507
0.012499509
0.01249951
0.012499511
0.01249951
0.012499509
0.012499506
0.012499504
0.012499503
0.012499508
0.012499506
0.012499504
0.012499501
0.012499499
0.012499498
0.012499498
0.012499499
0.012499501
0.012499502
0.012499504
0.012499507
0.012499509
0.01249951
0.012499511
0.01249951
0.012499509
0.012499506
0.012499504
0.012499503
0.012499508
0.012499506
0.012499503
0.0124995
0.012499497
0.012499497
0.012499497
0.012499498
0.0124995
0.012499502
0.012499504
0.012499506
0.012499508
0.01249951
0.012499511
0.01249951
0.012499508
0.012499506
0.012499504
0.012499503
0.012499508
0.012499505
0.012499502
0.012499498
0.012499496
0.012499495
0.012499496
0.012499497
0.012499499
0.012499501
0.012499503
0.012499505
0.012499507
0.012499509
0.01249951
0.012499509
0.012499508
0.012499506
0.012499504
0.012499503
0.012499508
0.012499505
0.012499502
0.012499498
0.012499495
0.012499494
0.012499495
0.012499497
0.012499499
0.012499501
0.012499503
0.012499504
0.012499506
0.012499508
0.012499509
0.012499508
0.012499507
0.012499505
0.012499503
0.012499503
0.012499508
0.012499505
0.012499502
0.012499498
0.012499496
0.012499494
0.012499495
0.012499497
0.012499499
0.012499501
0.012499503
0.012499504
0.012499506
0.012499507
0.012499508
0.012499507
0.012499506
0.012499504
0.012499503
0.012499503
0.012499508
0.012499506
0.012499503
0.0124995
0.012499497
0.012499496
0.012499497
0.012499498
0.0124995
0.012499502
0.012499504
0.012499505
0.012499506
0.012499507
0.012499507
0.012499507
0.012499505
0.012499504
0.012499503
0.012499503
0.012499509
0.012499507
0.012499505
0.012499502
0.0124995
0.012499499
0.012499499
0.012499501
0.012499502
0.012499504
0.012499506
0.012499507
0.012499507
0.012499508
0.012499507
0.012499507
0.012499506
0.012499504
0.012499503
0.012499503
0.012499509
0.012499508
0.012499506
0.012499505
0.012499503
0.012499503
0.012499503
0.012499504
0.012499505
0.012499506
0.012499507
0.012499508
0.012499508
0.012499508
0.012499508
0.012499507
0.012499506
0.012499505
0.012499504
0.012499504
0.012499509
0.012499509
0.012499508
0.012499507
0.012499506
0.012499506
0.012499506
0.012499506
0.012499507
0.012499508
0.012499508
0.012499508
0.012499509
0.012499508
0.012499508
0.012499507
0.012499506
0.012499505
0.012499505
0.012499504
0.012499509
0.012499509
0.012499509
0.012499508
0.012499508
0.012499508
0.012499508
0.012499508
0.012499508
0.012499508
0.012499508
0.012499508
0.012499508
0.012499508
0.012499507
0.012499507
0.012499506
0.012499506
0.012499505
0.012499505
)
;

boundaryField
{
    inlet
    {
        type            fixedValue;
        value           uniform 0.01;
    }
    outlet
    {
        type            inletOutlet;
        inletValue      uniform 0.01;
        value           nonuniform List<scalar> 
400
(
0.012499504
0.012499505
0.012499505
0.012499506
0.012499506
0.012499506
0.012499507
0.012499507
0.012499507
0.012499507
0.012499508
0.012499508
0.012499508
0.012499508
0.012499508
0.012499508
0.012499509
0.012499509
0.012499509
0.012499509
0.012499503
0.012499504
0.012499504
0.012499505
0.012499505
0.012499506
0.012499506
0.012499506
0.012499506
0.012499506
0.012499506
0.012499506
0.012499505
0.012499505
0.012499505
0.012499506
0.012499507
0.012499508
0.012499509
0.012499509
0.012499503
0.012499503
0.012499503
0.012499504
0.012499504
0.012499504
0.012499504
0.012499505
0.012499504
0.012499504
0.012499504
0.012499503
0.012499502
0.012499502
0.012499502
0.012499503
0.012499505
0.012499506
0.012499508
0.012499509
0.012499502
0.012499502
0.012499502
0.012499503
0.012499503
0.012499503
0.012499503
0.012499503
0.012499502
0.012499502
0.012499501
0.0124995
0.012499498
0.012499498
0.012499498
0.0124995
0.012499502
0.012499505
0.012499507
0.012499508
0.012499502
0.012499502
0.012499502
0.012499502
0.012499502
0.012499502
0.012499502
0.012499501
0.012499501
0.0124995
0.012499499
0.012499497
0.012499496
0.012499495
0.012499496
0.012499497
0.0124995
0.012499503
0.012499506
0.012499508
0.012499502
0.012499502
0.012499502
0.012499503
0.012499503
0.012499502
0.012499502
0.012499501
0.0124995
0.012499499
0.012499498
0.012499497
0.012499495
0.012499494
0.012499494
0.012499496
0.012499499
0.012499503
0.012499506
0.012499508
0.012499502
0.012499502
0.012499503
0.012499503
0.012499504
0.012499503
0.012499502
0.012499501
0.0124995
0.012499499
0.012499498
0.012499497
0.012499496
0.012499495
0.012499495
0.012499497
0.012499499
0.012499503
0.012499506
0.012499508
0.012499502
0.012499502
0.012499503
0.012499504
0.012499505
0.012499505
0.012499504
0.012499503
0.012499501
0.0124995
0.012499499
0.012499498
0.012499497
0.012499497
0.012499497
0.012499498
0.012499501
0.012499504
0.012499506
0.012499508
0.012499502
0.012499503
0.012499504
0.012499505
0.012499506
0.012499506
0.012499506
0.012499505
0.012499503
0.012499502
0.012499501
0.0124995
0.012499499
0.012499499
0.012499499
0.0124995
0.012499502
0.012499505
0.012499507
0.012499508
0.012499502
0.012499503
0.012499505
0.012499506
0.012499507
0.012499507
0.012499507
0.012499506
0.012499505
0.012499504
0.012499502
0.012499502
0.012499501
0.012499501
0.012499501
0.012499502
0.012499504
0.012499506
0.012499508
0.012499508
0.012499502
0.012499503
0.012499505
0.012499507
0.012499508
0.012499508
0.012499508
0.012499507
0.012499506
0.012499505
0.012499504
0.012499504
0.012499503
0.012499503
0.012499503
0.012499504
0.012499506
0.012499507
0.012499508
0.012499508
0.012499502
0.012499504
0.012499506
0.012499508
0.012499509
0.012499509
0.012499509
0.012499508
0.012499508
0.012499507
0.012499507
0.012499506
0.012499505
0.012499504
0.012499504
0.012499505
0.012499507
0.012499508
0.012499508
0.012499508
0.012499502
0.012499504
0.012499506
0.012499508
0.01249951
0.01249951
0.01249951
0.012499509
0.012499509
0.012499509
0.012499509
0.012499508
0.012499507
0.012499506
0.012499506
0.012499506
0.012499507
0.012499508
0.012499509
0.012499508
0.012499502
0.012499504
0.012499507
0.012499509
0.01249951
0.012499511
0.01249951
0.01249951
0.01249951
0.01249951
0.01249951
0.01249951
0.012499509
0.012499508
0.012499507
0.012499507
0.012499508
0.012499508
0.012499508
0.012499508
0.012499501
0.012499504
0.012499506
0.012499509
0.01249951
0.012499511
0.012499511
0.012499511
0.01249951
0.012499511
0.012499511
0.012499511
0.01249951
0.012499509
0.012499508
0.012499507
0.012499507
0.012499508
0.012499508
0.012499507
0.012499501
0.012499503
0.012499506
0.012499508
0.012499509
0.01249951
0.01249951
0.01249951
0.01249951
0.01249951
0.01249951
0.01249951
0.012499509
0.012499508
0.012499507
0.012499507
0.012499507
0.012499507
0.012499507
0.012499507
0.012499501
0.012499502
0.012499504
0.012499506
0.012499507
0.012499508
0.012499509
0.012499509
0.012499509
0.012499509
0.012499509
0.012499508
0.012499508
0.012499507
0.012499506
0.012499505
0.012499506
0.012499506
0.012499506
0.012499506
0.012499501
0.012499502
0.012499503
0.012499504
0.012499505
0.012499506
0.012499506
0.012499506
0.012499506
0.012499506
0.012499506
0.012499506
0.012499506
0.012499505
0.012499504
0.012499504
0.012499504
0.012499505
0.012499505
0.012499506
0.0124995
0.012499501
0.012499501
0.012499502
0.012499503
0.012499503
0.012499504
0.012499504
0.012499504
0.012499504
0.012499504
0.012499504
0.012499504
0.012499503
0.012499503
0.012499503
0.012499503
0.012499504
0.012499505
0.012499505
0.0124995
0.0124995
0.012499501
0.012499501
0.012499501
0.012499502
0.012499502
0.012499502
0.012499502
0.012499503
0.012499503
0.012499503
0.012499503
0.012499503
0.012499503
0.012499503
0.012499503
0.012499504
0.012499504
0.012499505
)
;
    }
    domain2_to_solid_wall
    {
        type            compressible::turbulentTemperatureCoupledBaffleMixed;
        refValue        nonuniform List<scalar> 
4800
(
0.012498738
0.012498734
0.01249873
0.012498726
0.012498721
0.012498717
0.012498714
0.01249871
0.012498708
0.012498706
0.012498705
0.012498705
0.012498705
0.012498706
0.012498707
0.012498709
0.012498711
0.012498713
0.012498715
0.012498716
0.012498971
0.01249897
0.01249897
0.01249897
0.012498969
0.012498968
0.012498967
0.012498967
0.012498966
0.012498965
0.012498964
0.012498963
0.012498962
0.012498961
0.01249896
0.012498959
0.012498958
0.012498957
0.012498955
0.012498954
0.012499141
0.01249914
0.01249914
0.012499139
0.012499139
0.012499138
0.012499138
0.012499137
0.012499137
0.012499136
0.012499135
0.012499135
0.012499134
0.012499133
0.012499133
0.012499132
0.012499131
0.01249913
0.012499129
0.012499129
0.012499263
0.012499262
0.012499262
0.012499262
0.012499261
0.012499261
0.012499261
0.01249926
0.01249926
0.012499259
0.012499259
0.012499259
0.012499258
0.012499258
0.012499257
0.012499257
0.012499256
0.012499256
0.012499255
0.012499255
0.012499349
0.012499349
0.012499349
0.012499348
0.012499348
0.012499348
0.012499348
0.012499347
0.012499347
0.012499347
0.012499346
0.012499346
0.012499346
0.012499346
0.012499345
0.012499345
0.012499345
0.012499344
0.012499344
0.012499344
0.012499408
0.012499408
0.012499408
0.012499408
0.012499407
0.012499407
0.012499407
0.012499407
0.012499406
0.012499406
0.012499406
0.012499406
0.012499406
0.012499405
0.012499405
0.012499405
0.012499405
0.012499404
0.012499404
0.012499404
0.012499447
0.012499447
0.012499446
0.012499446
0.012499446
0.012499446
0.012499446
0.012499445
0.012499445
0.012499445
0.012499445
0.012499445
0.012499445
0.012499444
0.012499444
0.012499444
0.012499444
0.012499444
0.012499444
0.012499443
0.012499471
0.012499471
0.012499471
0.012499471
0.01249947
0.01249947
0.01249947
0.01249947
0.01249947
0.012499469
0.012499469
0.012499469
0.012499469
0.012499469
0.012499469
0.012499468
0.012499468
0.012499468
0.012499468
0.012499468
0.012499486
0.012499486
0.012499485
0.012499485
0.012499485
0.012499485
0.012499484
0.012499484
0.012499484
0.012499484
0.012499484
0.012499484
0.012499483
0.012499483
0.012499483
0.012499483
0.012499483
0.012499483
0.012499483
0.012499483
0.012499494
0.012499494
0.012499494
0.012499493
0.012499493
0.012499493
0.012499493
0.012499493
0.012499492
0.012499492
0.012499492
0.012499492
0.012499492
0.012499492
0.012499492
0.012499491
0.012499491
0.012499491
0.012499491
0.012499491
0.012499499
0.012499499
0.012499498
0.012499498
0.012499498
0.012499498
0.012499497
0.012499497
0.012499497
0.012499497
0.012499497
0.012499496
0.012499496
0.012499496
0.012499496
0.012499496
0.012499496
0.012499496
0.012499496
0.012499496
0.012499501
0.012499501
0.012499501
0.0124995
0.0124995
0.0124995
0.0124995
0.0124995
0.012499499
0.012499499
0.012499499
0.012499499
0.012499499
0.012499499
0.012499498
0.012499498
0.012499498
0.012499498
0.012499498
0.012499498
0.012499503
0.012499502
0.012499502
0.012499502
0.012499501
0.012499501
0.012499501
0.012499501
0.012499501
0.0124995
0.0124995
0.0124995
0.0124995
0.0124995
0.0124995
0.0124995
0.012499499
0.012499499
0.012499499
0.012499499
0.012499503
0.012499503
0.012499502
0.012499502
0.012499502
0.012499502
0.012499502
0.012499501
0.012499501
0.012499501
0.012499501
0.012499501
0.012499501
0.0124995
0.0124995
0.0124995
0.0124995
0.0124995
0.0124995
0.0124995
0.012499503
0.012499503
0.012499503
0.012499502
0.012499502
0.012499502
0.012499502
0.012499502
0.012499501
0.012499501
0.012499501
0.012499501
0.012499501
0.012499501
0.012499501
0.0124995
0.0124995
0.0124995
0.0124995
0.0124995
0.012499504
0.012499503
0.012499503
0.012499503
0.012499502
0.012499502
0.012499502
0.012499502
0.012499502
0.012499501
0.012499501
0.012499501
0.012499501
0.012499501
0.012499501
0.012499501
0.0124995
0.0124995
0.0124995
0.0124995
0.012499504
0.012499503
0.012499503
0.012499503
0.012499502
0.012499502
0.012499502
0.012499502
0.012499502
0.012499501
0.012499501
0.012499501
0.012499501
0.012499501
0.012499501
0.012499501
0.012499501
0.0124995
0.0124995
0.0124995
0.012499504
0.012499503
0.012499503
0.012499503
0.012499502
0.012499502
0.012499502
0.012499502
0.012499502
0.012499501
0.012499501
0.012499501
0.012499501
0.012499501
0.012499501
0.012499501
0.012499501
0.0124995
0.0124995
0.0124995
0.012499504
0.012499503
0.012499503
0.012499503
0.012499502
0.012499502
0.012499502
0.012499502
0.012499502
0.012499501
0.012499501
0.012499501
0.012499501
0.012499501
0.012499501
0.012499501
0.012499501
0.0124995
0.0124995
0.0124995
0.012499504
0.012499503
0.012499503
0.012499503
0.012499502
0.012499502
0.012499502
0.012499502
0.012499502
0.012499501
0.012499501
0.012499501
0.012499501
0.012499501
0.012499501
0.012499501
0.012499501
0.0124995
0.0124995
0.0124995
0.012499504
0.012499503
0.012499503
0.012499503
0.012499502
0.012499502
0.012499502
0.012499502
0.012499502
0.012499501
0.012499501
0.012499501
0.012499501
0.012499501
0.012499501
0.012499501
0.012499501
0.0124995
0.0124995
0.0124995
0.012499504
0.012499503
0.012499503
0.012499503
0.012499502
0.012499502
0.012499502
0.012499502
0.012499502
0.012499501
0.012499501
0.012499501
0.012499501
0.012499501
0.012499501
0.012499501
0.012499501
0.0124995
0.0124995
0.0124995
0.012499504
0.012499503
0.012499503
0.012499503
0.012499502
0.012499502
0.012499502
0.012499502
0.012499502
0.012499501
0.012499501
0.012499501
0.012499501
0.012499501
0.012499501
0.012499501
0.012499501
0.0124995
0.0124995
0.0124995
0.012499504
0.012499503
0.012499503
0.012499503
0.012499502
0.012499502
0.012499502
0.012499502
0.012499502
0.012499501
0.012499501
0.012499501
0.012499501
0.012499501
0.012499501
0.012499501
0.012499501
0.0124995
0.0124995
0.0124995
0.012499504
0.012499503
0.012499503
0.012499503
0.012499502
0.012499502
0.012499502
0.012499502
0.012499502
0.012499501
0.012499501
0.012499501
0.012499501
0.012499501
0.012499501
0.012499501
0.012499501
0.0124995
0.0124995
0.0124995
0.012499504
0.012499503
0.012499503
0.012499503
0.012499502
0.012499502
0.012499502
0.012499502
0.012499502
0.012499501
0.012499501
0.012499501
0.012499501
0.012499501
0.012499501
0.012499501
0.012499501
0.0124995
0.0124995
0.0124995
0.012499504
0.012499503
0.012499503
0.012499503
0.012499502
0.012499502
0.012499502
0.012499502
0.012499502
0.012499501
0.012499501
0.012499501
0.012499501
0.012499501
0.012499501
0.012499501
0.012499501
0.0124995
0.0124995
0.0124995
0.012499504
0.012499503
0.012499503
0.012499503
0.012499502
0.012499502
0.012499502
0.012499502
0.012499502
0.012499501
0.012499501
0.012499501
0.012499501
0.012499501
0.012499501
0.012499501
0.012499501
0.0124995
0.0124995
0.0124995
0.012499504
0.012499503
0.012499503
0.012499503
0.012499502
0.012499502
0.012499502
0.012499502
0.012499502
0.012499501
0.012499501
0.012499501
0.012499501
0.012499501
0.012499501
0.012499501
0.012499501
0.0124995
0.0124995
0.0124995
0.012499504
0.012499503
0.012499503
0.012499503
0.012499502
0.012499502
0.012499502
0.012499502
0.012499502
0.012499501
0.012499501
0.012499501
0.012499501
0.012499501
0.012499501
0.012499501
0.012499501
0.0124995
0.0124995
0.0124995
0.012499504
0.012499503
0.012499503
0.012499503
0.012499502
0.012499502
0.012499502
0.012499502
0.012499502
0.012499501
0.012499501
0.012499501
0.012499501
0.012499501
0.012499501
0.012499501
0.012499501
0.0124995
0.0124995
0.0124995
0.012499504
0.012499503
0.012499503
0.012499503
0.012499502
0.012499502
0.012499502
0.012499502
0.012499502
0.012499501
0.012499501
0.012499501
0.012499501
0.012499501
0.012499501
0.012499501
0.012499501
0.0124995
0.0124995
0.0124995
0.012499504
0.012499503
0.012499503
0.012499503
0.012499502
0.012499502
0.012499502
0.012499502
0.012499502
0.012499501
0.012499501
0.012499501
0.012499501
0.012499501
0.012499501
0.012499501
0.012499501
0.0124995
0.0124995
0.0124995
0.012499504
0.012499503
0.012499503
0.012499503
0.012499502
0.012499502
0.012499502
0.012499502
0.012499502
0.012499501
0.012499501
0.012499501
0.012499501
0.012499501
0.012499501
0.012499501
0.012499501
0.0124995
0.0124995
0.0124995
0.012499504
0.012499503
0.012499503
0.012499503
0.012499502
0.012499502
0.012499502
0.012499502
0.012499502
0.012499501
0.012499501
0.012499501
0.012499501
0.012499501
0.012499501
0.012499501
0.012499501
0.0124995
0.0124995
0.0124995
0.012499504
0.012499503
0.012499503
0.012499503
0.012499502
0.012499502
0.012499502
0.012499502
0.012499502
0.012499501
0.012499501
0.012499501
0.012499501
0.012499501
0.012499501
0.012499501
0.012499501
0.0124995
0.0124995
0.0124995
0.012499504
0.012499503
0.012499503
0.012499503
0.012499502
0.012499502
0.012499502
0.012499502
0.012499502
0.012499501
0.012499501
0.012499501
0.012499501
0.012499501
0.012499501
0.012499501
0.012499501
0.0124995
0.0124995
0.0124995
0.012499504
0.012499503
0.012499503
0.012499503
0.012499502
0.012499502
0.012499502
0.012499502
0.012499502
0.012499501
0.012499501
0.012499501
0.012499501
0.012499501
0.012499501
0.012499501
0.012499501
0.0124995
0.0124995
0.0124995
0.012499504
0.012499503
0.012499503
0.012499503
0.012499502
0.012499502
0.012499502
0.012499502
0.012499502
0.012499501
0.012499501
0.012499501
0.012499501
0.012499501
0.012499501
0.012499501
0.012499501
0.0124995
0.0124995
0.0124995
0.012499504
0.012499503
0.012499503
0.012499503
0.012499502
0.012499502
0.012499502
0.012499502
0.012499502
0.012499501
0.012499501
0.012499501
0.012499501
0.012499501
0.012499501
0.012499501
0.012499501
0.0124995
0.0124995
0.0124995
0.012499504
0.012499503
0.012499503
0.012499503
0.012499502
0.012499502
0.012499502
0.012499502
0.012499502
0.012499501
0.012499501
0.012499501
0.012499501
0.012499501
0.012499501
0.012499501
0.012499501
0.0124995
0.0124995
0.0124995
0.012499504
0.012499503
0.012499503
0.012499503
0.012499502
0.012499502
0.012499502
0.012499502
0.012499502
0.012499501
0.012499501
0.012499501
0.012499501
0.012499501
0.012499501
0.012499501
0.012499501
0.0124995
0.0124995
0.0124995
0.012499504
0.012499503
0.012499503
0.012499503
0.012499502
0.012499502
0.012499502
0.012499502
0.012499502
0.012499501
0.012499501
0.012499501
0.012499501
0.012499501
0.012499501
0.012499501
0.012499501
0.0124995
0.0124995
0.0124995
0.012499504
0.012499503
0.012499503
0.012499503
0.012499502
0.012499502
0.012499502
0.012499502
0.012499502
0.012499501
0.012499501
0.012499501
0.012499501
0.012499501
0.012499501
0.012499501
0.012499501
0.0124995
0.0124995
0.0124995
0.012499504
0.012499503
0.012499503
0.012499503
0.012499502
0.012499502
0.012499502
0.012499502
0.012499502
0.012499501
0.012499501
0.012499501
0.012499501
0.012499501
0.012499501
0.012499501
0.012499501
0.0124995
0.0124995
0.0124995
0.012499504
0.012499503
0.012499503
0.012499503
0.012499502
0.012499502
0.012499502
0.012499502
0.012499502
0.012499501
0.012499501
0.012499501
0.012499501
0.012499501
0.012499501
0.012499501
0.012499501
0.0124995
0.0124995
0.0124995
0.012499504
0.012499503
0.012499503
0.012499503
0.012499502
0.012499502
0.012499502
0.012499502
0.012499502
0.012499501
0.012499501
0.012499501
0.012499501
0.012499501
0.012499501
0.012499501
0.012499501
0.0124995
0.0124995
0.0124995
0.012499504
0.012499503
0.012499503
0.012499503
0.012499502
0.012499502
0.012499502
0.012499502
0.012499502
0.012499501
0.012499501
0.012499501
0.012499501
0.012499501
0.012499501
0.012499501
0.012499501
0.0124995
0.0124995
0.0124995
0.012499504
0.012499503
0.012499503
0.012499503
0.012499502
0.012499502
0.012499502
0.012499502
0.012499502
0.012499501
0.012499501
0.012499501
0.012499501
0.012499501
0.012499501
0.012499501
0.012499501
0.0124995
0.0124995
0.0124995
0.012499504
0.012499503
0.012499503
0.012499503
0.012499502
0.012499502
0.012499502
0.012499502
0.012499502
0.012499501
0.012499501
0.012499501
0.012499501
0.012499501
0.012499501
0.012499501
0.012499501
0.0124995
0.0124995
0.0124995
0.012499504
0.012499503
0.012499503
0.012499503
0.012499502
0.012499502
0.012499502
0.012499502
0.012499502
0.012499501
0.012499501
0.012499501
0.012499501
0.012499501
0.012499501
0.012499501
0.012499501
0.0124995
0.0124995
0.0124995
0.012499504
0.012499503
0.012499503
0.012499503
0.012499502
0.012499502
0.012499502
0.012499502
0.012499502
0.012499501
0.012499501
0.012499501
0.012499501
0.012499501
0.012499501
0.012499501
0.0124995
0.0124995
0.0124995
0.0124995
0.012499504
0.012499503
0.012499503
0.012499503
0.012499502
0.012499502
0.012499502
0.012499502
0.012499502
0.012499501
0.012499501
0.012499501
0.012499501
0.012499501
0.012499501
0.012499501
0.0124995
0.0124995
0.0124995
0.0124995
0.012499504
0.012499503
0.012499503
0.012499503
0.012499502
0.012499502
0.012499502
0.012499502
0.012499502
0.012499501
0.012499501
0.012499501
0.012499501
0.012499501
0.012499501
0.012499501
0.0124995
0.0124995
0.0124995
0.0124995
0.012499504
0.012499503
0.012499503
0.012499503
0.012499502
0.012499502
0.012499502
0.012499502
0.012499502
0.012499501
0.012499501
0.012499501
0.012499501
0.012499501
0.012499501
0.012499501
0.0124995
0.0124995
0.0124995
0.0124995
0.012499503
0.012499503
0.012499503
0.012499503
0.012499502
0.012499502
0.012499502
0.012499502
0.012499502
0.012499501
0.012499501
0.012499501
0.012499501
0.012499501
0.012499501
0.012499501
0.0124995
0.0124995
0.0124995
0.0124995
0.012499503
0.012499503
0.012499503
0.012499503
0.012499502
0.012499502
0.012499502
0.012499502
0.012499502
0.012499501
0.012499501
0.012499501
0.012499501
0.012499501
0.012499501
0.012499501
0.0124995
0.0124995
0.0124995
0.0124995
0.012499503
0.012499503
0.012499503
0.012499503
0.012499502
0.012499502
0.012499502
0.012499502
0.012499501
0.012499501
0.012499501
0.012499501
0.012499501
0.012499501
0.012499501
0.012499501
0.0124995
0.0124995
0.0124995
0.0124995
0.012499503
0.012499503
0.012499503
0.012499503
0.012499502
0.012499502
0.012499502
0.012499502
0.012499501
0.012499501
0.012499501
0.012499501
0.012499501
0.012499501
0.012499501
0.0124995
0.0124995
0.0124995
0.0124995
0.0124995
0.012499503
0.012499503
0.012499503
0.012499503
0.012499502
0.012499502
0.012499502
0.012499502
0.012499501
0.012499501
0.012499501
0.012499501
0.012499501
0.012499501
0.012499501
0.0124995
0.0124995
0.0124995
0.0124995
0.0124995
0.012498724
0.012498714
0.012498705
0.012498695
0.012498687
0.01249868
0.012498674
0.012498669
0.012498666
0.012498665
0.012498665
0.012498667
0.01249867
0.012498675
0.012498681
0.012498689
0.012498698
0.012498707
0.012498718
0.012498728
0.012498972
0.012498972
0.012498972
0.012498972
0.012498971
0.012498971
0.012498971
0.012498971
0.012498971
0.012498971
0.012498971
0.012498972
0.012498972
0.012498972
0.012498973
0.012498974
0.012498974
0.012498975
0.012498975
0.012498976
0.012499143
0.012499144
0.012499145
0.012499146
0.012499146
0.012499147
0.012499147
0.012499147
0.012499148
0.012499148
0.012499148
0.012499148
0.012499148
0.012499148
0.012499148
0.012499148
0.012499148
0.012499148
0.012499148
0.012499147
0.012499265
0.012499266
0.012499266
0.012499267
0.012499268
0.012499268
0.012499268
0.012499269
0.012499269
0.012499269
0.01249927
0.01249927
0.01249927
0.01249927
0.01249927
0.01249927
0.01249927
0.012499269
0.012499269
0.012499269
0.012499351
0.012499352
0.012499352
0.012499353
0.012499353
0.012499354
0.012499354
0.012499354
0.012499355
0.012499355
0.012499355
0.012499355
0.012499355
0.012499355
0.012499355
0.012499355
0.012499355
0.012499355
0.012499355
0.012499355
0.01249941
0.01249941
0.012499411
0.012499411
0.012499412
0.012499412
0.012499412
0.012499413
0.012499413
0.012499413
0.012499413
0.012499414
0.012499414
0.012499414
0.012499414
0.012499414
0.012499414
0.012499414
0.012499414
0.012499414
0.012499448
0.012499449
0.012499449
0.01249945
0.01249945
0.01249945
0.012499451
0.012499451
0.012499451
0.012499451
0.012499452
0.012499452
0.012499452
0.012499452
0.012499452
0.012499452
0.012499452
0.012499452
0.012499452
0.012499452
0.012499473
0.012499473
0.012499473
0.012499474
0.012499474
0.012499474
0.012499475
0.012499475
0.012499475
0.012499475
0.012499476
0.012499476
0.012499476
0.012499476
0.012499476
0.012499476
0.012499476
0.012499476
0.012499477
0.012499477
0.012499487
0.012499488
0.012499488
0.012499488
0.012499489
0.012499489
0.012499489
0.012499489
0.01249949
0.01249949
0.01249949
0.01249949
0.01249949
0.012499491
0.012499491
0.012499491
0.012499491
0.012499491
0.012499491
0.012499491
0.012499496
0.012499496
0.012499496
0.012499497
0.012499497
0.012499497
0.012499497
0.012499498
0.012499498
0.012499498
0.012499498
0.012499499
0.012499499
0.012499499
0.012499499
0.012499499
0.012499499
0.012499499
0.012499499
0.012499499
0.0124995
0.012499501
0.012499501
0.012499501
0.012499502
0.012499502
0.012499502
0.012499502
0.012499502
0.012499503
0.012499503
0.012499503
0.012499503
0.012499503
0.012499504
0.012499504
0.012499504
0.012499504
0.012499504
0.012499504
0.012499503
0.012499503
0.012499503
0.012499504
0.012499504
0.012499504
0.012499504
0.012499505
0.012499505
0.012499505
0.012499505
0.012499505
0.012499506
0.012499506
0.012499506
0.012499506
0.012499506
0.012499506
0.012499506
0.012499507
0.012499504
0.012499504
0.012499505
0.012499505
0.012499505
0.012499505
0.012499506
0.012499506
0.012499506
0.012499506
0.012499507
0.012499507
0.012499507
0.012499507
0.012499507
0.012499507
0.012499507
0.012499508
0.012499508
0.012499508
0.012499504
0.012499505
0.012499505
0.012499505
0.012499506
0.012499506
0.012499506
0.012499506
0.012499507
0.012499507
0.012499507
0.012499507
0.012499507
0.012499508
0.012499508
0.012499508
0.012499508
0.012499508
0.012499508
0.012499508
0.012499505
0.012499505
0.012499505
0.012499506
0.012499506
0.012499506
0.012499507
0.012499507
0.012499507
0.012499507
0.012499507
0.012499508
0.012499508
0.012499508
0.012499508
0.012499508
0.012499508
0.012499508
0.012499509
0.012499509
0.012499505
0.012499505
0.012499506
0.012499506
0.012499506
0.012499506
0.012499507
0.012499507
0.012499507
0.012499507
0.012499507
0.012499508
0.012499508
0.012499508
0.012499508
0.012499508
0.012499508
0.012499509
0.012499509
0.012499509
0.012499505
0.012499505
0.012499506
0.012499506
0.012499506
0.012499506
0.012499507
0.012499507
0.012499507
0.012499507
0.012499508
0.012499508
0.012499508
0.012499508
0.012499508
0.012499508
0.012499508
0.012499509
0.012499509
0.012499509
0.012499505
0.012499505
0.012499506
0.012499506
0.012499506
0.012499506
0.012499507
0.012499507
0.012499507
0.012499507
0.012499508
0.012499508
0.012499508
0.012499508
0.012499508
0.012499508
0.012499509
0.012499509
0.012499509
0.012499509
0.012499505
0.012499505
0.012499506
0.012499506
0.012499506
0.012499506
0.012499507
0.012499507
0.012499507
0.012499507
0.012499508
0.012499508
0.012499508
0.012499508
0.012499508
0.012499508
0.012499509
0.012499509
0.012499509
0.012499509
0.012499505
0.012499505
0.012499506
0.012499506
0.012499506
0.012499506
0.012499507
0.012499507
0.012499507
0.012499507
0.012499508
0.012499508
0.012499508
0.012499508
0.012499508
0.012499508
0.012499509
0.012499509
0.012499509
0.012499509
0.012499505
0.012499505
0.012499506
0.012499506
0.012499506
0.012499506
0.012499507
0.012499507
0.012499507
0.012499507
0.012499508
0.012499508
0.012499508
0.012499508
0.012499508
0.012499508
0.012499509
0.012499509
0.012499509
0.012499509
0.012499505
0.012499505
0.012499506
0.012499506
0.012499506
0.012499506
0.012499507
0.012499507
0.012499507
0.012499507
0.012499508
0.012499508
0.012499508
0.012499508
0.012499508
0.012499508
0.012499509
0.012499509
0.012499509
0.012499509
0.012499505
0.012499505
0.012499506
0.012499506
0.012499506
0.012499506
0.012499507
0.012499507
0.012499507
0.012499507
0.012499508
0.012499508
0.012499508
0.012499508
0.012499508
0.012499508
0.012499509
0.012499509
0.012499509
0.012499509
0.012499505
0.012499505
0.012499506
0.012499506
0.012499506
0.012499506
0.012499507
0.012499507
0.012499507
0.012499507
0.012499508
0.012499508
0.012499508
0.012499508
0.012499508
0.012499508
0.012499509
0.012499509
0.012499509
0.012499509
0.012499505
0.012499505
0.012499506
0.012499506
0.012499506
0.012499506
0.012499507
0.012499507
0.012499507
0.012499507
0.012499508
0.012499508
0.012499508
0.012499508
0.012499508
0.012499508
0.012499509
0.012499509
0.012499509
0.012499509
0.012499505
0.012499505
0.012499506
0.012499506
0.012499506
0.012499506
0.012499507
0.012499507
0.012499507
0.012499507
0.012499508
0.012499508
0.012499508
0.012499508
0.012499508
0.012499508
0.012499509
0.012499509
0.012499509
0.012499509
0.012499505
0.012499505
0.012499506
0.012499506
0.012499506
0.012499506
0.012499507
0.012499507
0.012499507
0.012499507
0.012499508
0.012499508
0.012499508
0.012499508
0.012499508
0.012499508
0.012499509
0.012499509
0.012499509
0.012499509
0.012499505
0.012499505
0.012499506
0.012499506
0.012499506
0.012499506
0.012499507
0.012499507
0.012499507
0.012499507
0.012499508
0.012499508
0.012499508
0.012499508
0.012499508
0.012499508
0.012499509
0.012499509
0.012499509
0.012499509
0.012499505
0.012499505
0.012499506
0.012499506
0.012499506
0.012499506
0.012499507
0.012499507
0.012499507
0.012499507
0.012499508
0.012499508
0.012499508
0.012499508
0.012499508
0.012499508
0.012499508
0.012499509
0.012499509
0.012499509
0.012499505
0.012499505
0.012499506
0.012499506
0.012499506
0.012499506
0.012499507
0.012499507
0.012499507
0.012499507
0.012499508
0.012499508
0.012499508
0.012499508
0.012499508
0.012499508
0.012499509
0.012499509
0.012499509
0.012499509
0.012499505
0.012499505
0.012499506
0.012499506
0.012499506
0.012499506
0.012499507
0.012499507
0.012499507
0.012499507
0.012499508
0.012499508
0.012499508
0.012499508
0.012499508
0.012499508
0.012499509
0.012499509
0.012499509
0.012499509
0.012499505
0.012499505
0.012499506
0.012499506
0.012499506
0.012499506
0.012499507
0.012499507
0.012499507
0.012499507
0.012499508
0.012499508
0.012499508
0.012499508
0.012499508
0.012499508
0.012499509
0.012499509
0.012499509
0.012499509
0.012499505
0.012499505
0.012499506
0.012499506
0.012499506
0.012499506
0.012499507
0.012499507
0.012499507
0.012499507
0.012499508
0.012499508
0.012499508
0.012499508
0.012499508
0.012499508
0.012499509
0.012499509
0.012499509
0.012499509
0.012499505
0.012499505
0.012499506
0.012499506
0.012499506
0.012499506
0.012499507
0.012499507
0.012499507
0.012499507
0.012499508
0.012499508
0.012499508
0.012499508
0.012499508
0.012499508
0.012499509
0.012499509
0.012499509
0.012499509
0.012499505
0.012499505
0.012499506
0.012499506
0.012499506
0.012499506
0.012499507
0.012499507
0.012499507
0.012499507
0.012499508
0.012499508
0.012499508
0.012499508
0.012499508
0.012499508
0.012499508
0.012499509
0.012499509
0.012499509
0.012499505
0.012499505
0.012499506
0.012499506
0.012499506
0.012499506
0.012499507
0.012499507
0.012499507
0.012499507
0.012499508
0.012499508
0.012499508
0.012499508
0.012499508
0.012499508
0.012499509
0.012499509
0.012499509
0.012499509
0.012499505
0.012499505
0.012499506
0.012499506
0.012499506
0.012499506
0.012499507
0.012499507
0.012499507
0.012499507
0.012499508
0.012499508
0.012499508
0.012499508
0.012499508
0.012499508
0.012499509
0.012499509
0.012499509
0.012499509
0.012499505
0.012499505
0.012499506
0.012499506
0.012499506
0.012499506
0.012499507
0.012499507
0.012499507
0.012499507
0.012499508
0.012499508
0.012499508
0.012499508
0.012499508
0.012499508
0.012499508
0.012499509
0.012499509
0.012499509
0.012499505
0.012499505
0.012499506
0.012499506
0.012499506
0.012499506
0.012499507
0.012499507
0.012499507
0.012499507
0.012499508
0.012499508
0.012499508
0.012499508
0.012499508
0.012499508
0.012499509
0.012499509
0.012499509
0.012499509
0.012499505
0.012499505
0.012499506
0.012499506
0.012499506
0.012499506
0.012499507
0.012499507
0.012499507
0.012499507
0.012499508
0.012499508
0.012499508
0.012499508
0.012499508
0.012499508
0.012499509
0.012499509
0.012499509
0.012499509
0.012499505
0.012499505
0.012499506
0.012499506
0.012499506
0.012499506
0.012499507
0.012499507
0.012499507
0.012499507
0.012499508
0.012499508
0.012499508
0.012499508
0.012499508
0.012499508
0.012499508
0.012499509
0.012499509
0.012499509
0.012499505
0.012499505
0.012499506
0.012499506
0.012499506
0.012499506
0.012499507
0.012499507
0.012499507
0.012499507
0.012499508
0.012499508
0.012499508
0.012499508
0.012499508
0.012499508
0.012499509
0.012499509
0.012499509
0.012499509
0.012499505
0.012499505
0.012499506
0.012499506
0.012499506
0.012499506
0.012499507
0.012499507
0.012499507
0.012499507
0.012499508
0.012499508
0.012499508
0.012499508
0.012499508
0.012499508
0.012499508
0.012499509
0.012499509
0.012499509
0.012499505
0.012499505
0.012499506
0.012499506
0.012499506
0.012499506
0.012499507
0.012499507
0.012499507
0.012499507
0.012499508
0.012499508
0.012499508
0.012499508
0.012499508
0.012499508
0.012499508
0.012499509
0.012499509
0.012499509
0.012499505
0.012499505
0.012499506
0.012499506
0.012499506
0.012499506
0.012499507
0.012499507
0.012499507
0.012499507
0.012499508
0.012499508
0.012499508
0.012499508
0.012499508
0.012499508
0.012499509
0.012499509
0.012499509
0.012499509
0.012499505
0.012499505
0.012499506
0.012499506
0.012499506
0.012499506
0.012499507
0.012499507
0.012499507
0.012499507
0.012499508
0.012499508
0.012499508
0.012499508
0.012499508
0.012499508
0.012499509
0.012499509
0.012499509
0.012499509
0.012499505
0.012499505
0.012499506
0.012499506
0.012499506
0.012499506
0.012499507
0.012499507
0.012499507
0.012499507
0.012499508
0.012499508
0.012499508
0.012499508
0.012499508
0.012499508
0.012499508
0.012499509
0.012499509
0.012499509
0.012499505
0.012499505
0.012499506
0.012499506
0.012499506
0.012499506
0.012499507
0.012499507
0.012499507
0.012499507
0.012499508
0.012499508
0.012499508
0.012499508
0.012499508
0.012499508
0.012499509
0.012499509
0.012499509
0.012499509
0.012499505
0.012499505
0.012499506
0.012499506
0.012499506
0.012499506
0.012499507
0.012499507
0.012499507
0.012499507
0.012499508
0.012499508
0.012499508
0.012499508
0.012499508
0.012499508
0.012499508
0.012499509
0.012499509
0.012499509
0.012499505
0.012499505
0.012499506
0.012499506
0.012499506
0.012499506
0.012499507
0.012499507
0.012499507
0.012499507
0.012499508
0.012499508
0.012499508
0.012499508
0.012499508
0.012499508
0.012499508
0.012499509
0.012499509
0.012499509
0.012499505
0.012499505
0.012499506
0.012499506
0.012499506
0.012499506
0.012499507
0.012499507
0.012499507
0.012499507
0.012499508
0.012499508
0.012499508
0.012499508
0.012499508
0.012499508
0.012499508
0.012499509
0.012499509
0.012499509
0.012499505
0.012499505
0.012499506
0.012499506
0.012499506
0.012499506
0.012499507
0.012499507
0.012499507
0.012499507
0.012499508
0.012499508
0.012499508
0.012499508
0.012499508
0.012499508
0.012499508
0.012499509
0.012499509
0.012499509
0.012499505
0.012499505
0.012499506
0.012499506
0.012499506
0.012499506
0.012499507
0.012499507
0.012499507
0.012499507
0.012499508
0.012499508
0.012499508
0.012499508
0.012499508
0.012499508
0.012499508
0.012499509
0.012499509
0.012499509
0.012499505
0.012499505
0.012499506
0.012499506
0.012499506
0.012499506
0.012499507
0.012499507
0.012499507
0.012499507
0.012499508
0.012499508
0.012499508
0.012499508
0.012499508
0.012499508
0.012499508
0.012499509
0.012499509
0.012499509
0.012499505
0.012499505
0.012499506
0.012499506
0.012499506
0.012499506
0.012499507
0.012499507
0.012499507
0.012499507
0.012499507
0.012499508
0.012499508
0.012499508
0.012499508
0.012499508
0.012499508
0.012499509
0.012499509
0.012499509
0.012499505
0.012499505
0.012499506
0.012499506
0.012499506
0.012499506
0.012499507
0.012499507
0.012499507
0.012499507
0.012499507
0.012499508
0.012499508
0.012499508
0.012499508
0.012499508
0.012499508
0.012499509
0.012499509
0.012499509
0.012499505
0.012499505
0.012499506
0.012499506
0.012499506
0.012499506
0.012499507
0.012499507
0.012499507
0.012499507
0.012499507
0.012499508
0.012499508
0.012499508
0.012499508
0.012499508
0.012499508
0.012499509
0.012499509
0.012499509
0.012499505
0.012499505
0.012499505
0.012499506
0.012499506
0.012499506
0.012499507
0.012499507
0.012499507
0.012499507
0.012499507
0.012499508
0.012499508
0.012499508
0.012499508
0.012499508
0.012499508
0.012499509
0.012499509
0.012499509
0.012499505
0.012499505
0.012499505
0.012499506
0.012499506
0.012499506
0.012499507
0.012499507
0.012499507
0.012499507
0.012499507
0.012499508
0.012499508
0.012499508
0.012499508
0.012499508
0.012499508
0.012499508
0.012499509
0.012499509
0.012499505
0.012499505
0.012499505
0.012499506
0.012499506
0.012499506
0.012499507
0.012499507
0.012499507
0.012499507
0.012499507
0.012499508
0.012499508
0.012499508
0.012499508
0.012499508
0.012499508
0.012499508
0.012499509
0.012499509
0.012498696
0.012498686
0.012498675
0.012498665
0.012498657
0.012498649
0.012498643
0.012498639
0.012498636
0.012498634
0.012498634
0.012498636
0.01249864
0.012498645
0.012498651
0.012498659
0.012498668
0.012498678
0.012498689
0.012498743
0.01249874
0.012498736
0.012498731
0.012498727
0.012498723
0.012498719
0.012498717
0.012498714
0.012498712
0.012498711
0.012498711
0.012498711
0.012498712
0.012498713
0.012498715
0.012498717
0.012498719
0.012498721
0.0124987
0.012498721
0.01249895
0.012498949
0.012498948
0.012498948
0.012498947
0.012498947
0.012498947
0.012498946
0.012498946
0.012498946
0.012498947
0.012498947
0.012498947
0.012498948
0.012498949
0.01249895
0.01249895
0.012498951
0.012498952
0.012498976
0.012498976
0.012498976
0.012498975
0.012498975
0.012498974
0.012498973
0.012498973
0.012498972
0.012498971
0.01249897
0.012498969
0.012498968
0.012498967
0.012498966
0.012498965
0.012498964
0.012498962
0.012498961
0.012498953
0.012498959
0.012499128
0.012499128
0.012499128
0.012499129
0.012499129
0.012499129
0.01249913
0.01249913
0.01249913
0.01249913
0.012499131
0.012499131
0.012499131
0.012499131
0.012499131
0.012499131
0.012499131
0.012499131
0.012499131
0.012499146
0.012499145
0.012499145
0.012499145
0.012499144
0.012499144
0.012499144
0.012499143
0.012499143
0.012499142
0.012499142
0.012499141
0.01249914
0.012499139
0.012499139
0.012499138
0.012499137
0.012499136
0.012499135
0.012499132
0.012499134
0.012499254
0.012499255
0.012499255
0.012499255
0.012499256
0.012499256
0.012499256
0.012499257
0.012499257
0.012499257
0.012499257
0.012499258
0.012499258
0.012499258
0.012499258
0.012499258
0.012499258
0.012499258
0.012499258
0.012499268
0.012499268
0.012499268
0.012499267
0.012499267
0.012499267
0.012499267
0.012499266
0.012499266
0.012499265
0.012499265
0.012499265
0.012499264
0.012499264
0.012499263
0.012499263
0.012499262
0.012499261
0.012499261
0.012499258
0.01249926
0.012499344
0.012499344
0.012499344
0.012499345
0.012499345
0.012499345
0.012499345
0.012499346
0.012499346
0.012499346
0.012499346
0.012499347
0.012499347
0.012499347
0.012499347
0.012499347
0.012499347
0.012499347
0.012499348
0.012499354
0.012499354
0.012499354
0.012499354
0.012499354
0.012499354
0.012499354
0.012499353
0.012499353
0.012499353
0.012499353
0.012499352
0.012499352
0.012499352
0.012499351
0.012499351
0.01249935
0.01249935
0.012499349
0.012499348
0.012499349
0.012499404
0.012499405
0.012499405
0.012499405
0.012499405
0.012499406
0.012499406
0.012499406
0.012499406
0.012499407
0.012499407
0.012499407
0.012499407
0.012499407
0.012499408
0.012499408
0.012499408
0.012499408
0.012499408
0.012499413
0.012499413
0.012499413
0.012499413
0.012499413
0.012499413
0.012499413
0.012499413
0.012499413
0.012499412
0.012499412
0.012499412
0.012499412
0.012499411
0.012499411
0.012499411
0.01249941
0.01249941
0.01249941
0.012499408
0.012499409
0.012499444
0.012499444
0.012499444
0.012499445
0.012499445
0.012499445
0.012499445
0.012499446
0.012499446
0.012499446
0.012499446
0.012499446
0.012499447
0.012499447
0.012499447
0.012499447
0.012499447
0.012499447
0.012499448
0.012499452
0.012499452
0.012499452
0.012499452
0.012499452
0.012499452
0.012499452
0.012499452
0.012499451
0.012499451
0.012499451
0.012499451
0.012499451
0.01249945
0.01249945
0.01249945
0.01249945
0.012499449
0.012499449
0.012499448
0.012499449
0.012499468
0.012499469
0.012499469
0.012499469
0.012499469
0.01249947
0.01249947
0.01249947
0.01249947
0.01249947
0.012499471
0.012499471
0.012499471
0.012499471
0.012499471
0.012499472
0.012499472
0.012499472
0.012499472
0.012499476
0.012499476
0.012499476
0.012499476
0.012499476
0.012499476
0.012499476
0.012499476
0.012499476
0.012499476
0.012499475
0.012499475
0.012499475
0.012499475
0.012499475
0.012499474
0.012499474
0.012499474
0.012499474
0.012499472
0.012499473
0.012499483
0.012499483
0.012499484
0.012499484
0.012499484
0.012499484
0.012499484
0.012499485
0.012499485
0.012499485
0.012499485
0.012499486
0.012499486
0.012499486
0.012499486
0.012499486
0.012499486
0.012499487
0.012499487
0.012499491
0.012499491
0.012499491
0.012499491
0.012499491
0.012499491
0.01249949
0.01249949
0.01249949
0.01249949
0.01249949
0.01249949
0.01249949
0.012499489
0.012499489
0.012499489
0.012499489
0.012499489
0.012499488
0.012499487
0.012499488
0.012499491
0.012499492
0.012499492
0.012499492
0.012499492
0.012499493
0.012499493
0.012499493
0.012499493
0.012499493
0.012499494
0.012499494
0.012499494
0.012499494
0.012499494
0.012499495
0.012499495
0.012499495
0.012499495
0.012499499
0.012499499
0.012499499
0.012499499
0.012499499
0.012499499
0.012499499
0.012499499
0.012499499
0.012499498
0.012499498
0.012499498
0.012499498
0.012499498
0.012499498
0.012499497
0.012499497
0.012499497
0.012499497
0.012499495
0.012499496
0.012499496
0.012499496
0.012499496
0.012499497
0.012499497
0.012499497
0.012499497
0.012499498
0.012499498
0.012499498
0.012499498
0.012499498
0.012499499
0.012499499
0.012499499
0.012499499
0.012499499
0.0124995
0.0124995
0.012499504
0.012499504
0.012499504
0.012499504
0.012499504
0.012499504
0.012499503
0.012499503
0.012499503
0.012499503
0.012499503
0.012499503
0.012499502
0.012499502
0.012499502
0.012499502
0.012499502
0.012499501
0.012499501
0.0124995
0.012499501
0.012499498
0.012499499
0.012499499
0.012499499
0.012499499
0.012499499
0.0124995
0.0124995
0.0124995
0.0124995
0.012499501
0.012499501
0.012499501
0.012499501
0.012499501
0.012499502
0.012499502
0.012499502
0.012499502
0.012499506
0.012499506
0.012499506
0.012499506
0.012499506
0.012499506
0.012499506
0.012499506
0.012499506
0.012499505
0.012499505
0.012499505
0.012499505
0.012499505
0.012499505
0.012499504
0.012499504
0.012499504
0.012499504
0.012499502
0.012499503
0.0124995
0.0124995
0.0124995
0.0124995
0.0124995
0.012499501
0.012499501
0.012499501
0.012499501
0.012499502
0.012499502
0.012499502
0.012499502
0.012499502
0.012499503
0.012499503
0.012499503
0.012499503
0.012499503
0.012499508
0.012499508
0.012499507
0.012499507
0.012499507
0.012499507
0.012499507
0.012499507
0.012499507
0.012499507
0.012499506
0.012499506
0.012499506
0.012499506
0.012499506
0.012499506
0.012499505
0.012499505
0.012499505
0.012499504
0.012499505
0.0124995
0.0124995
0.012499501
0.012499501
0.012499501
0.012499501
0.012499501
0.012499502
0.012499502
0.012499502
0.012499502
0.012499502
0.012499503
0.012499503
0.012499503
0.012499503
0.012499504
0.012499504
0.012499504
0.012499508
0.012499508
0.012499508
0.012499508
0.012499508
0.012499508
0.012499508
0.012499507
0.012499507
0.012499507
0.012499507
0.012499507
0.012499507
0.012499506
0.012499506
0.012499506
0.012499506
0.012499506
0.012499505
0.012499504
0.012499505
0.012499501
0.012499501
0.012499501
0.012499501
0.012499501
0.012499502
0.012499502
0.012499502
0.012499502
0.012499502
0.012499503
0.012499503
0.012499503
0.012499503
0.012499503
0.012499504
0.012499504
0.012499504
0.012499504
0.012499509
0.012499508
0.012499508
0.012499508
0.012499508
0.012499508
0.012499508
0.012499508
0.012499508
0.012499507
0.012499507
0.012499507
0.012499507
0.012499507
0.012499507
0.012499506
0.012499506
0.012499506
0.012499506
0.012499505
0.012499505
0.012499501
0.012499501
0.012499501
0.012499501
0.012499501
0.012499502
0.012499502
0.012499502
0.012499502
0.012499502
0.012499503
0.012499503
0.012499503
0.012499503
0.012499504
0.012499504
0.012499504
0.012499504
0.012499504
0.012499509
0.012499509
0.012499508
0.012499508
0.012499508
0.012499508
0.012499508
0.012499508
0.012499508
0.012499508
0.012499507
0.012499507
0.012499507
0.012499507
0.012499507
0.012499506
0.012499506
0.012499506
0.012499506
0.012499505
0.012499506
0.012499501
0.012499501
0.012499501
0.012499501
0.012499501
0.012499502
0.012499502
0.012499502
0.012499502
0.012499502
0.012499503
0.012499503
0.012499503
0.012499503
0.012499504
0.012499504
0.012499504
0.012499504
0.012499504
0.012499509
0.012499509
0.012499509
0.012499508
0.012499508
0.012499508
0.012499508
0.012499508
0.012499508
0.012499508
0.012499507
0.012499507
0.012499507
0.012499507
0.012499507
0.012499507
0.012499506
0.012499506
0.012499506
0.012499505
0.012499506
0.012499501
0.012499501
0.012499501
0.012499501
0.012499501
0.012499502
0.012499502
0.012499502
0.012499502
0.012499503
0.012499503
0.012499503
0.012499503
0.012499503
0.012499504
0.012499504
0.012499504
0.012499504
0.012499504
0.012499509
0.012499509
0.012499509
0.012499508
0.012499508
0.012499508
0.012499508
0.012499508
0.012499508
0.012499508
0.012499507
0.012499507
0.012499507
0.012499507
0.012499507
0.012499507
0.012499506
0.012499506
0.012499506
0.012499505
0.012499506
0.012499501
0.012499501
0.012499501
0.012499501
0.012499501
0.012499502
0.012499502
0.012499502
0.012499502
0.012499503
0.012499503
0.012499503
0.012499503
0.012499503
0.012499504
0.012499504
0.012499504
0.012499504
0.012499504
0.012499509
0.012499509
0.012499509
0.012499508
0.012499508
0.012499508
0.012499508
0.012499508
0.012499508
0.012499508
0.012499507
0.012499507
0.012499507
0.012499507
0.012499507
0.012499507
0.012499506
0.012499506
0.012499506
0.012499505
0.012499506
0.012499501
0.012499501
0.012499501
0.012499501
0.012499501
0.012499502
0.012499502
0.012499502
0.012499502
0.012499503
0.012499503
0.012499503
0.012499503
0.012499503
0.012499504
0.012499504
0.012499504
0.012499504
0.012499504
0.012499509
0.012499509
0.012499509
0.012499508
0.012499508
0.012499508
0.012499508
0.012499508
0.012499508
0.012499508
0.012499507
0.012499507
0.012499507
0.012499507
0.012499507
0.012499507
0.012499506
0.012499506
0.012499506
0.012499505
0.012499506
0.012499501
0.012499501
0.012499501
0.012499501
0.012499501
0.012499502
0.012499502
0.012499502
0.012499502
0.012499503
0.012499503
0.012499503
0.012499503
0.012499503
0.012499504
0.012499504
0.012499504
0.012499504
0.012499504
0.012499509
0.012499509
0.012499509
0.012499508
0.012499508
0.012499508
0.012499508
0.012499508
0.012499508
0.012499508
0.012499507
0.012499507
0.012499507
0.012499507
0.012499507
0.012499507
0.012499506
0.012499506
0.012499506
0.012499505
0.012499506
0.012499501
0.012499501
0.012499501
0.012499501
0.012499501
0.012499502
0.012499502
0.012499502
0.012499502
0.012499503
0.012499503
0.012499503
0.012499503
0.012499503
0.012499504
0.012499504
0.012499504
0.012499504
0.012499504
0.012499509
0.012499509
0.012499509
0.012499508
0.012499508
0.012499508
0.012499508
0.012499508
0.012499508
0.012499508
0.012499507
0.012499507
0.012499507
0.012499507
0.012499507
0.012499507
0.012499506
0.012499506
0.012499506
0.012499505
0.012499506
0.012499501
0.012499501
0.012499501
0.012499501
0.012499501
0.012499502
0.012499502
0.012499502
0.012499502
0.012499503
0.012499503
0.012499503
0.012499503
0.012499503
0.012499504
0.012499504
0.012499504
0.012499504
0.012499504
0.012499509
0.012499509
0.012499509
0.012499508
0.012499508
0.012499508
0.012499508
0.012499508
0.012499508
0.012499508
0.012499507
0.012499507
0.012499507
0.012499507
0.012499507
0.012499507
0.012499506
0.012499506
0.012499506
0.012499505
0.012499506
0.012499501
0.012499501
0.012499501
0.012499501
0.012499501
0.012499502
0.012499502
0.012499502
0.012499502
0.012499503
0.012499503
0.012499503
0.012499503
0.012499503
0.012499504
0.012499504
0.012499504
0.012499504
0.012499504
0.012499509
0.012499509
0.012499509
0.012499508
0.012499508
0.012499508
0.012499508
0.012499508
0.012499508
0.012499508
0.012499507
0.012499507
0.012499507
0.012499507
0.012499507
0.012499507
0.012499506
0.012499506
0.012499506
0.012499505
0.012499506
0.012499501
0.012499501
0.012499501
0.012499501
0.012499501
0.012499502
0.012499502
0.012499502
0.012499502
0.012499503
0.012499503
0.012499503
0.012499503
0.012499503
0.012499504
0.012499504
0.012499504
0.012499504
0.012499504
0.012499509
0.012499509
0.012499509
0.012499508
0.012499508
0.012499508
0.012499508
0.012499508
0.012499508
0.012499508
0.012499507
0.012499507
0.012499507
0.012499507
0.012499507
0.012499507
0.012499506
0.012499506
0.012499506
0.012499505
0.012499506
0.012499501
0.012499501
0.012499501
0.012499501
0.012499501
0.012499502
0.012499502
0.012499502
0.012499502
0.012499503
0.012499503
0.012499503
0.012499503
0.012499503
0.012499504
0.012499504
0.012499504
0.012499504
0.012499504
0.012499509
0.012499509
0.012499509
0.012499508
0.012499508
0.012499508
0.012499508
0.012499508
0.012499508
0.012499508
0.012499507
0.012499507
0.012499507
0.012499507
0.012499507
0.012499507
0.012499506
0.012499506
0.012499506
0.012499505
0.012499506
0.012499501
0.012499501
0.012499501
0.012499501
0.012499501
0.012499502
0.012499502
0.012499502
0.012499502
0.012499503
0.012499503
0.012499503
0.012499503
0.012499503
0.012499504
0.012499504
0.012499504
0.012499504
0.012499504
0.012499509
0.012499509
0.012499509
0.012499508
0.012499508
0.012499508
0.012499508
0.012499508
0.012499508
0.012499508
0.012499507
0.012499507
0.012499507
0.012499507
0.012499507
0.012499507
0.012499506
0.012499506
0.012499506
0.012499505
0.012499506
0.012499501
0.012499501
0.012499501
0.012499501
0.012499501
0.012499502
0.012499502
0.012499502
0.012499502
0.012499503
0.012499503
0.012499503
0.012499503
0.012499503
0.012499504
0.012499504
0.012499504
0.012499504
0.012499504
0.012499509
0.012499509
0.012499509
0.012499508
0.012499508
0.012499508
0.012499508
0.012499508
0.012499508
0.012499508
0.012499507
0.012499507
0.012499507
0.012499507
0.012499507
0.012499507
0.012499506
0.012499506
0.012499506
0.012499505
0.012499506
0.012499501
0.012499501
0.012499501
0.012499501
0.012499501
0.012499502
0.012499502
0.012499502
0.012499502
0.012499503
0.012499503
0.012499503
0.012499503
0.012499503
0.012499504
0.012499504
0.012499504
0.012499504
0.012499504
0.012499509
0.012499509
0.012499509
0.012499508
0.012499508
0.012499508
0.012499508
0.012499508
0.012499508
0.012499508
0.012499507
0.012499507
0.012499507
0.012499507
0.012499507
0.012499507
0.012499506
0.012499506
0.012499506
0.012499505
0.012499506
0.012499501
0.012499501
0.012499501
0.012499501
0.012499501
0.012499502
0.012499502
0.012499502
0.012499502
0.012499503
0.012499503
0.012499503
0.012499503
0.012499503
0.012499504
0.012499504
0.012499504
0.012499504
0.012499504
0.012499509
0.012499509
0.012499509
0.012499508
0.012499508
0.012499508
0.012499508
0.012499508
0.012499508
0.012499508
0.012499507
0.012499507
0.012499507
0.012499507
0.012499507
0.012499507
0.012499506
0.012499506
0.012499506
0.012499505
0.012499506
0.012499501
0.012499501
0.012499501
0.012499501
0.012499501
0.012499502
0.012499502
0.012499502
0.012499502
0.012499503
0.012499503
0.012499503
0.012499503
0.012499503
0.012499504
0.012499504
0.012499504
0.012499504
0.012499504
0.012499509
0.012499509
0.012499509
0.012499508
0.012499508
0.012499508
0.012499508
0.012499508
0.012499508
0.012499508
0.012499507
0.012499507
0.012499507
0.012499507
0.012499507
0.012499507
0.012499506
0.012499506
0.012499506
0.012499505
0.012499506
0.012499501
0.012499501
0.012499501
0.012499501
0.012499501
0.012499502
0.012499502
0.012499502
0.012499502
0.012499503
0.012499503
0.012499503
0.012499503
0.012499503
0.012499504
0.012499504
0.012499504
0.012499504
0.012499504
0.012499509
0.012499509
0.012499509
0.012499508
0.012499508
0.012499508
0.012499508
0.012499508
0.012499508
0.012499508
0.012499507
0.012499507
0.012499507
0.012499507
0.012499507
0.012499507
0.012499506
0.012499506
0.012499506
0.012499505
0.012499506
0.012499501
0.012499501
0.012499501
0.012499501
0.012499501
0.012499502
0.012499502
0.012499502
0.012499502
0.012499503
0.012499503
0.012499503
0.012499503
0.012499503
0.012499504
0.012499504
0.012499504
0.012499504
0.012499504
0.012499509
0.012499509
0.012499509
0.012499508
0.012499508
0.012499508
0.012499508
0.012499508
0.012499508
0.012499508
0.012499507
0.012499507
0.012499507
0.012499507
0.012499507
0.012499507
0.012499506
0.012499506
0.012499506
0.012499505
0.012499506
0.012499501
0.012499501
0.012499501
0.012499501
0.012499501
0.012499502
0.012499502
0.012499502
0.012499502
0.012499503
0.012499503
0.012499503
0.012499503
0.012499503
0.012499504
0.012499504
0.012499504
0.012499504
0.012499504
0.012499509
0.012499509
0.012499509
0.012499508
0.012499508
0.012499508
0.012499508
0.012499508
0.012499508
0.012499508
0.012499507
0.012499507
0.012499507
0.012499507
0.012499507
0.012499507
0.012499506
0.012499506
0.012499506
0.012499505
0.012499506
0.012499501
0.012499501
0.012499501
0.012499501
0.012499501
0.012499502
0.012499502
0.012499502
0.012499502
0.012499503
0.012499503
0.012499503
0.012499503
0.012499503
0.012499504
0.012499504
0.012499504
0.012499504
0.012499504
0.012499509
0.012499509
0.012499509
0.012499508
0.012499508
0.012499508
0.012499508
0.012499508
0.012499508
0.012499508
0.012499507
0.012499507
0.012499507
0.012499507
0.012499507
0.012499507
0.012499506
0.012499506
0.012499506
0.012499505
0.012499506
0.012499501
0.012499501
0.012499501
0.012499501
0.012499501
0.012499502
0.012499502
0.012499502
0.012499502
0.012499503
0.012499503
0.012499503
0.012499503
0.012499503
0.012499504
0.012499504
0.012499504
0.012499504
0.012499504
0.012499509
0.012499509
0.012499509
0.012499508
0.012499508
0.012499508
0.012499508
0.012499508
0.012499508
0.012499508
0.012499507
0.012499507
0.012499507
0.012499507
0.012499507
0.012499507
0.012499506
0.012499506
0.012499506
0.012499505
0.012499506
0.012499501
0.012499501
0.012499501
0.012499501
0.012499501
0.012499502
0.012499502
0.012499502
0.012499502
0.012499503
0.012499503
0.012499503
0.012499503
0.012499503
0.012499504
0.012499504
0.012499504
0.012499504
0.012499504
0.012499509
0.012499509
0.012499509
0.012499508
0.012499508
0.012499508
0.012499508
0.012499508
0.012499508
0.012499508
0.012499507
0.012499507
0.012499507
0.012499507
0.012499507
0.012499507
0.012499506
0.012499506
0.012499506
0.012499505
0.012499506
0.012499501
0.012499501
0.012499501
0.012499501
0.012499501
0.012499502
0.012499502
0.012499502
0.012499502
0.012499503
0.012499503
0.012499503
0.012499503
0.012499503
0.012499504
0.012499504
0.012499504
0.012499504
0.012499504
0.012499509
0.012499509
0.012499509
0.012499508
0.012499508
0.012499508
0.012499508
0.012499508
0.012499508
0.012499508
0.012499507
0.012499507
0.012499507
0.012499507
0.012499507
0.012499507
0.012499506
0.012499506
0.012499506
0.012499505
0.012499506
0.012499501
0.012499501
0.012499501
0.012499501
0.012499501
0.012499502
0.012499502
0.012499502
0.012499502
0.012499503
0.012499503
0.012499503
0.012499503
0.012499503
0.012499504
0.012499504
0.012499504
0.012499504
0.012499504
0.012499509
0.012499509
0.012499509
0.012499508
0.012499508
0.012499508
0.012499508
0.012499508
0.012499508
0.012499508
0.012499507
0.012499507
0.012499507
0.012499507
0.012499507
0.012499507
0.012499506
0.012499506
0.012499506
0.012499505
0.012499506
0.012499501
0.012499501
0.012499501
0.012499501
0.012499501
0.012499502
0.012499502
0.012499502
0.012499502
0.012499503
0.012499503
0.012499503
0.012499503
0.012499503
0.012499504
0.012499504
0.012499504
0.012499504
0.012499504
0.012499509
0.012499509
0.012499509
0.012499508
0.012499508
0.012499508
0.012499508
0.012499508
0.012499508
0.012499508
0.012499507
0.012499507
0.012499507
0.012499507
0.012499507
0.012499507
0.012499506
0.012499506
0.012499506
0.012499505
0.012499506
0.012499501
0.012499501
0.012499501
0.012499501
0.012499501
0.012499502
0.012499502
0.012499502
0.012499502
0.012499503
0.012499503
0.012499503
0.012499503
0.012499503
0.012499504
0.012499504
0.012499504
0.012499504
0.012499504
0.012499509
0.012499509
0.012499509
0.012499508
0.012499508
0.012499508
0.012499508
0.012499508
0.012499508
0.012499508
0.012499507
0.012499507
0.012499507
0.012499507
0.012499507
0.012499507
0.012499506
0.012499506
0.012499506
0.012499505
0.012499506
0.012499501
0.012499501
0.012499501
0.012499501
0.012499501
0.012499502
0.012499502
0.012499502
0.012499502
0.012499503
0.012499503
0.012499503
0.012499503
0.012499503
0.012499504
0.012499504
0.012499504
0.012499504
0.012499504
0.012499509
0.012499509
0.012499509
0.012499508
0.012499508
0.012499508
0.012499508
0.012499508
0.012499508
0.012499508
0.012499507
0.012499507
0.012499507
0.012499507
0.012499507
0.012499507
0.012499506
0.012499506
0.012499506
0.012499505
0.012499506
0.012499501
0.012499501
0.012499501
0.012499501
0.012499501
0.012499502
0.012499502
0.012499502
0.012499502
0.012499503
0.012499503
0.012499503
0.012499503
0.012499503
0.012499504
0.012499504
0.012499504
0.012499504
0.012499504
0.012499509
0.012499509
0.012499509
0.012499508
0.012499508
0.012499508
0.012499508
0.012499508
0.012499508
0.012499508
0.012499507
0.012499507
0.012499507
0.012499507
0.012499507
0.012499507
0.012499506
0.012499506
0.012499506
0.012499505
0.012499506
0.012499501
0.012499501
0.012499501
0.012499501
0.012499501
0.012499502
0.012499502
0.012499502
0.012499502
0.012499503
0.012499503
0.012499503
0.012499503
0.012499503
0.012499504
0.012499504
0.012499504
0.012499504
0.012499504
0.012499509
0.012499509
0.012499509
0.012499508
0.012499508
0.012499508
0.012499508
0.012499508
0.012499508
0.012499508
0.012499507
0.012499507
0.012499507
0.012499507
0.012499507
0.012499507
0.012499506
0.012499506
0.012499506
0.012499505
0.012499506
0.012499501
0.012499501
0.012499501
0.012499501
0.012499501
0.012499502
0.012499502
0.012499502
0.012499502
0.012499503
0.012499503
0.012499503
0.012499503
0.012499503
0.012499504
0.012499504
0.012499504
0.012499504
0.012499504
0.012499509
0.012499509
0.012499509
0.012499508
0.012499508
0.012499508
0.012499508
0.012499508
0.012499508
0.012499508
0.012499507
0.012499507
0.012499507
0.012499507
0.012499507
0.012499507
0.012499506
0.012499506
0.012499506
0.012499505
0.012499506
0.012499501
0.012499501
0.012499501
0.012499501
0.012499501
0.012499502
0.012499502
0.012499502
0.012499502
0.012499503
0.012499503
0.012499503
0.012499503
0.012499503
0.012499504
0.012499504
0.012499504
0.012499504
0.012499504
0.012499509
0.012499509
0.012499509
0.012499508
0.012499508
0.012499508
0.012499508
0.012499508
0.012499508
0.012499508
0.012499507
0.012499507
0.012499507
0.012499507
0.012499507
0.012499507
0.012499506
0.012499506
0.012499506
0.012499505
0.012499506
0.012499501
0.012499501
0.012499501
0.012499501
0.012499501
0.012499502
0.012499502
0.012499502
0.012499502
0.012499503
0.012499503
0.012499503
0.012499503
0.012499503
0.012499504
0.012499504
0.012499504
0.012499504
0.012499504
0.012499509
0.012499509
0.012499509
0.012499508
0.012499508
0.012499508
0.012499508
0.012499508
0.012499508
0.012499508
0.012499507
0.012499507
0.012499507
0.012499507
0.012499507
0.012499507
0.012499506
0.012499506
0.012499506
0.012499505
0.012499506
0.012499501
0.012499501
0.012499501
0.012499501
0.012499501
0.012499502
0.012499502
0.012499502
0.012499502
0.012499503
0.012499503
0.012499503
0.012499503
0.012499503
0.012499504
0.012499504
0.012499504
0.012499504
0.012499504
0.012499509
0.012499509
0.012499509
0.012499508
0.012499508
0.012499508
0.012499508
0.012499508
0.012499508
0.012499508
0.012499507
0.012499507
0.012499507
0.012499507
0.012499507
0.012499507
0.012499506
0.012499506
0.012499506
0.012499505
0.012499506
0.012499501
0.012499501
0.012499501
0.012499501
0.012499501
0.012499502
0.012499502
0.012499502
0.012499502
0.012499503
0.012499503
0.012499503
0.012499503
0.012499503
0.012499504
0.012499504
0.012499504
0.012499504
0.012499504
0.012499509
0.012499509
0.012499509
0.012499508
0.012499508
0.012499508
0.012499508
0.012499508
0.012499508
0.012499508
0.012499507
0.012499507
0.012499507
0.012499507
0.012499507
0.012499507
0.012499506
0.012499506
0.012499506
0.012499505
0.012499506
0.012499501
0.012499501
0.012499501
0.012499501
0.012499501
0.012499502
0.012499502
0.012499502
0.012499502
0.012499503
0.012499503
0.012499503
0.012499503
0.012499503
0.012499504
0.012499504
0.012499504
0.012499504
0.012499504
0.012499509
0.012499509
0.012499509
0.012499508
0.012499508
0.012499508
0.012499508
0.012499508
0.012499508
0.012499508
0.012499507
0.012499507
0.012499507
0.012499507
0.012499507
0.012499507
0.012499506
0.012499506
0.012499506
0.012499505
0.012499506
0.012499501
0.012499501
0.012499501
0.012499501
0.012499501
0.012499502
0.012499502
0.012499502
0.012499502
0.012499503
0.012499503
0.012499503
0.012499503
0.012499503
0.012499504
0.012499504
0.012499504
0.012499504
0.012499504
0.012499509
0.012499509
0.012499509
0.012499508
0.012499508
0.012499508
0.012499508
0.012499508
0.012499508
0.012499508
0.012499507
0.012499507
0.012499507
0.012499507
0.012499507
0.012499507
0.012499506
0.012499506
0.012499506
0.012499505
0.012499506
0.012499501
0.012499501
0.012499501
0.012499501
0.012499501
0.012499502
0.012499502
0.012499502
0.012499502
0.012499502
0.012499503
0.012499503
0.012499503
0.012499503
0.012499504
0.012499504
0.012499504
0.012499504
0.012499504
0.012499509
0.012499509
0.012499508
0.012499508
0.012499508
0.012499508
0.012499508
0.012499508
0.012499508
0.012499508
0.012499507
0.012499507
0.012499507
0.012499507
0.012499507
0.012499507
0.012499506
0.012499506
0.012499506
0.012499505
0.012499506
0.012499501
0.012499501
0.012499501
0.012499501
0.012499501
0.012499502
0.012499502
0.012499502
0.012499502
0.012499502
0.012499503
0.012499503
0.012499503
0.012499503
0.012499504
0.012499504
0.012499504
0.012499504
0.012499504
0.012499509
0.012499509
0.012499508
0.012499508
0.012499508
0.012499508
0.012499508
0.012499508
0.012499508
0.012499508
0.012499507
0.012499507
0.012499507
0.012499507
0.012499507
0.012499507
0.012499506
0.012499506
0.012499506
0.012499505
0.012499506
0.012499501
0.012499501
0.012499501
0.012499501
0.012499501
0.012499502
0.012499502
0.012499502
0.012499502
0.012499502
0.012499503
0.012499503
0.012499503
0.012499503
0.012499504
0.012499504
0.012499504
0.012499504
0.012499504
0.012499509
0.012499509
0.012499508
0.012499508
0.012499508
0.012499508
0.012499508
0.012499508
0.012499508
0.012499508
0.012499507
0.012499507
0.012499507
0.012499507
0.012499507
0.012499507
0.012499506
0.012499506
0.012499506
0.012499505
0.012499506
0.012499501
0.012499501
0.012499501
0.012499501
0.012499501
0.012499502
0.012499502
0.012499502
0.012499502
0.012499502
0.012499503
0.012499503
0.012499503
0.012499503
0.012499504
0.012499504
0.012499504
0.012499504
0.012499504
0.012499509
0.012499509
0.012499508
0.012499508
0.012499508
0.012499508
0.012499508
0.012499508
0.012499508
0.012499508
0.012499507
0.012499507
0.012499507
0.012499507
0.012499507
0.012499506
0.012499506
0.012499506
0.012499506
0.012499505
0.012499506
0.012499501
0.012499501
0.012499501
0.012499501
0.012499501
0.012499502
0.012499502
0.012499502
0.012499502
0.012499502
0.012499503
0.012499503
0.012499503
0.012499503
0.012499503
0.012499504
0.012499504
0.012499504
0.012499504
0.012499509
0.012499509
0.012499508
0.012499508
0.012499508
0.012499508
0.012499508
0.012499508
0.012499508
0.012499508
0.012499507
0.012499507
0.012499507
0.012499507
0.012499507
0.012499506
0.012499506
0.012499506
0.012499506
0.012499505
0.012499506
0.012499501
0.012499501
0.012499501
0.012499501
0.012499501
0.012499502
0.012499502
0.012499502
0.012499502
0.012499502
0.012499503
0.012499503
0.012499503
0.012499503
0.012499503
0.012499504
0.012499504
0.012499504
0.012499504
0.012499509
0.012499509
0.012499508
0.012499508
0.012499508
0.012499508
0.012499508
0.012499508
0.012499508
0.012499507
0.012499507
0.012499507
0.012499507
0.012499507
0.012499507
0.012499506
0.012499506
0.012499506
0.012499506
0.012499505
0.012499506
0.012499501
0.012499501
0.012499501
0.012499501
0.012499501
0.012499502
0.012499502
0.012499502
0.012499502
0.012499502
0.012499503
0.012499503
0.012499503
0.012499503
0.012499503
0.012499504
0.012499504
0.012499504
0.012499504
0.012499509
0.012499509
0.012499508
0.012499508
0.012499508
0.012499508
0.012499508
0.012499508
0.012499508
0.012499507
0.012499507
0.012499507
0.012499507
0.012499507
0.012499507
0.012499506
0.012499506
0.012499506
0.012499506
0.012499505
0.012499506
0.012499501
0.012499501
0.012499501
0.012499501
0.012499501
0.012499502
0.012499502
0.012499502
0.012499502
0.012499502
0.012499503
0.012499503
0.012499503
0.012499503
0.012499503
0.012499504
0.012499504
0.012499504
0.012499504
0.012499509
0.012499509
0.012499508
0.012499508
0.012499508
0.012499508
0.012499508
0.012499508
0.012499508
0.012499507
0.012499507
0.012499507
0.012499507
0.012499507
0.012499507
0.012499506
0.012499506
0.012499506
0.012499506
0.012499505
0.012499506
0.012499501
0.012499501
0.012499501
0.012499501
0.012499501
0.012499502
0.012499502
0.012499502
0.012499502
0.012499502
0.012499503
0.012499503
0.012499503
0.012499503
0.012499503
0.012499504
0.012499504
0.012499504
0.012499504
0.012499509
0.012499509
0.012499508
0.012499508
0.012499508
0.012499508
0.012499508
0.012499508
0.012499508
0.012499507
0.012499507
0.012499507
0.012499507
0.012499507
0.012499507
0.012499506
0.012499506
0.012499506
0.012499506
0.012499505
0.012499506
)
;
        refGradient     uniform 0;
        valueFraction   uniform 0.99980891;
        source          uniform 0;
        value           nonuniform List<scalar> 
4800
(
0.012498734
0.012498727
0.012498719
0.012498713
0.012498707
0.012498702
0.012498697
0.012498693
0.012498691
0.012498689
0.012498688
0.012498687
0.012498688
0.012498689
0.012498692
0.012498695
0.012498698
0.012498703
0.012498708
0.012498713
0.012498971
0.012498971
0.012498971
0.01249897
0.01249897
0.012498969
0.012498968
0.012498967
0.012498966
0.012498965
0.012498965
0.012498964
0.012498963
0.012498962
0.012498961
0.01249896
0.012498959
0.012498957
0.012498956
0.012498954
0.012499141
0.01249914
0.01249914
0.012499139
0.012499139
0.012499138
0.012499138
0.012499137
0.012499137
0.012499136
0.012499136
0.012499135
0.012499134
0.012499134
0.012499133
0.012499132
0.012499131
0.01249913
0.012499129
0.012499129
0.012499263
0.012499262
0.012499262
0.012499262
0.012499261
0.012499261
0.012499261
0.01249926
0.01249926
0.012499259
0.012499259
0.012499259
0.012499258
0.012499258
0.012499257
0.012499257
0.012499256
0.012499256
0.012499255
0.012499255
0.012499349
0.012499349
0.012499349
0.012499348
0.012499348
0.012499348
0.012499348
0.012499347
0.012499347
0.012499347
0.012499346
0.012499346
0.012499346
0.012499346
0.012499345
0.012499345
0.012499345
0.012499344
0.012499344
0.012499344
0.012499408
0.012499408
0.012499408
0.012499408
0.012499407
0.012499407
0.012499407
0.012499407
0.012499406
0.012499406
0.012499406
0.012499406
0.012499406
0.012499405
0.012499405
0.012499405
0.012499405
0.012499404
0.012499404
0.012499404
0.012499447
0.012499447
0.012499446
0.012499446
0.012499446
0.012499446
0.012499446
0.012499445
0.012499445
0.012499445
0.012499445
0.012499445
0.012499445
0.012499444
0.012499444
0.012499444
0.012499444
0.012499444
0.012499444
0.012499443
0.012499471
0.012499471
0.012499471
0.012499471
0.01249947
0.01249947
0.01249947
0.01249947
0.01249947
0.012499469
0.012499469
0.012499469
0.012499469
0.012499469
0.012499469
0.012499468
0.012499468
0.012499468
0.012499468
0.012499468
0.012499486
0.012499486
0.012499485
0.012499485
0.012499485
0.012499485
0.012499484
0.012499484
0.012499484
0.012499484
0.012499484
0.012499484
0.012499483
0.012499483
0.012499483
0.012499483
0.012499483
0.012499483
0.012499483
0.012499483
0.012499494
0.012499494
0.012499494
0.012499493
0.012499493
0.012499493
0.012499493
0.012499493
0.012499492
0.012499492
0.012499492
0.012499492
0.012499492
0.012499492
0.012499492
0.012499491
0.012499491
0.012499491
0.012499491
0.012499491
0.012499499
0.012499499
0.012499498
0.012499498
0.012499498
0.012499498
0.012499497
0.012499497
0.012499497
0.012499497
0.012499497
0.012499496
0.012499496
0.012499496
0.012499496
0.012499496
0.012499496
0.012499496
0.012499496
0.012499496
0.012499501
0.012499501
0.012499501
0.0124995
0.0124995
0.0124995
0.0124995
0.0124995
0.012499499
0.012499499
0.012499499
0.012499499
0.012499499
0.012499499
0.012499498
0.012499498
0.012499498
0.012499498
0.012499498
0.012499498
0.012499503
0.012499502
0.012499502
0.012499502
0.012499501
0.012499501
0.012499501
0.012499501
0.012499501
0.0124995
0.0124995
0.0124995
0.0124995
0.0124995
0.0124995
0.0124995
0.012499499
0.012499499
0.012499499
0.012499499
0.012499503
0.012499503
0.012499502
0.012499502
0.012499502
0.012499502
0.012499502
0.012499501
0.012499501
0.012499501
0.012499501
0.012499501
0.012499501
0.0124995
0.0124995
0.0124995
0.0124995
0.0124995
0.0124995
0.0124995
0.012499503
0.012499503
0.012499503
0.012499502
0.012499502
0.012499502
0.012499502
0.012499502
0.012499501
0.012499501
0.012499501
0.012499501
0.012499501
0.012499501
0.012499501
0.0124995
0.0124995
0.0124995
0.0124995
0.0124995
0.012499504
0.012499503
0.012499503
0.012499503
0.012499502
0.012499502
0.012499502
0.012499502
0.012499502
0.012499501
0.012499501
0.012499501
0.012499501
0.012499501
0.012499501
0.012499501
0.0124995
0.0124995
0.0124995
0.0124995
0.012499504
0.012499503
0.012499503
0.012499503
0.012499502
0.012499502
0.012499502
0.012499502
0.012499502
0.012499501
0.012499501
0.012499501
0.012499501
0.012499501
0.012499501
0.012499501
0.012499501
0.0124995
0.0124995
0.0124995
0.012499504
0.012499503
0.012499503
0.012499503
0.012499502
0.012499502
0.012499502
0.012499502
0.012499502
0.012499501
0.012499501
0.012499501
0.012499501
0.012499501
0.012499501
0.012499501
0.012499501
0.0124995
0.0124995
0.0124995
0.012499504
0.012499503
0.012499503
0.012499503
0.012499502
0.012499502
0.012499502
0.012499502
0.012499502
0.012499501
0.012499501
0.012499501
0.012499501
0.012499501
0.012499501
0.012499501
0.012499501
0.0124995
0.0124995
0.0124995
0.012499504
0.012499503
0.012499503
0.012499503
0.012499502
0.012499502
0.012499502
0.012499502
0.012499502
0.012499501
0.012499501
0.012499501
0.012499501
0.012499501
0.012499501
0.012499501
0.012499501
0.0124995
0.0124995
0.0124995
0.012499504
0.012499503
0.012499503
0.012499503
0.012499502
0.012499502
0.012499502
0.012499502
0.012499502
0.012499501
0.012499501
0.012499501
0.012499501
0.012499501
0.012499501
0.012499501
0.012499501
0.0124995
0.0124995
0.0124995
0.012499504
0.012499503
0.012499503
0.012499503
0.012499502
0.012499502
0.012499502
0.012499502
0.012499502
0.012499501
0.012499501
0.012499501
0.012499501
0.012499501
0.012499501
0.012499501
0.012499501
0.0124995
0.0124995
0.0124995
0.012499504
0.012499503
0.012499503
0.012499503
0.012499502
0.012499502
0.012499502
0.012499502
0.012499502
0.012499501
0.012499501
0.012499501
0.012499501
0.012499501
0.012499501
0.012499501
0.012499501
0.0124995
0.0124995
0.0124995
0.012499504
0.012499503
0.012499503
0.012499503
0.012499502
0.012499502
0.012499502
0.012499502
0.012499502
0.012499501
0.012499501
0.012499501
0.012499501
0.012499501
0.012499501
0.012499501
0.012499501
0.0124995
0.0124995
0.0124995
0.012499504
0.012499503
0.012499503
0.012499503
0.012499502
0.012499502
0.012499502
0.012499502
0.012499502
0.012499501
0.012499501
0.012499501
0.012499501
0.012499501
0.012499501
0.012499501
0.012499501
0.0124995
0.0124995
0.0124995
0.012499504
0.012499503
0.012499503
0.012499503
0.012499502
0.012499502
0.012499502
0.012499502
0.012499502
0.012499501
0.012499501
0.012499501
0.012499501
0.012499501
0.012499501
0.012499501
0.012499501
0.0124995
0.0124995
0.0124995
0.012499504
0.012499503
0.012499503
0.012499503
0.012499502
0.012499502
0.012499502
0.012499502
0.012499502
0.012499501
0.012499501
0.012499501
0.012499501
0.012499501
0.012499501
0.012499501
0.012499501
0.0124995
0.0124995
0.0124995
0.012499504
0.012499503
0.012499503
0.012499503
0.012499502
0.012499502
0.012499502
0.012499502
0.012499502
0.012499501
0.012499501
0.012499501
0.012499501
0.012499501
0.012499501
0.012499501
0.012499501
0.0124995
0.0124995
0.0124995
0.012499504
0.012499503
0.012499503
0.012499503
0.012499502
0.012499502
0.012499502
0.012499502
0.012499502
0.012499501
0.012499501
0.012499501
0.012499501
0.012499501
0.012499501
0.012499501
0.012499501
0.0124995
0.0124995
0.0124995
0.012499504
0.012499503
0.012499503
0.012499503
0.012499502
0.012499502
0.012499502
0.012499502
0.012499502
0.012499501
0.012499501
0.012499501
0.012499501
0.012499501
0.012499501
0.012499501
0.012499501
0.0124995
0.0124995
0.0124995
0.012499504
0.012499503
0.012499503
0.012499503
0.012499502
0.012499502
0.012499502
0.012499502
0.012499502
0.012499501
0.012499501
0.012499501
0.012499501
0.012499501
0.012499501
0.012499501
0.012499501
0.0124995
0.0124995
0.0124995
0.012499504
0.012499503
0.012499503
0.012499503
0.012499502
0.012499502
0.012499502
0.012499502
0.012499502
0.012499501
0.012499501
0.012499501
0.012499501
0.012499501
0.012499501
0.012499501
0.012499501
0.0124995
0.0124995
0.0124995
0.012499504
0.012499503
0.012499503
0.012499503
0.012499502
0.012499502
0.012499502
0.012499502
0.012499502
0.012499501
0.012499501
0.012499501
0.012499501
0.012499501
0.012499501
0.012499501
0.012499501
0.0124995
0.0124995
0.0124995
0.012499504
0.012499503
0.012499503
0.012499503
0.012499502
0.012499502
0.012499502
0.012499502
0.012499502
0.012499501
0.012499501
0.012499501
0.012499501
0.012499501
0.012499501
0.012499501
0.012499501
0.0124995
0.0124995
0.0124995
0.012499504
0.012499503
0.012499503
0.012499503
0.012499502
0.012499502
0.012499502
0.012499502
0.012499502
0.012499501
0.012499501
0.012499501
0.012499501
0.012499501
0.012499501
0.012499501
0.012499501
0.0124995
0.0124995
0.0124995
0.012499504
0.012499503
0.012499503
0.012499503
0.012499502
0.012499502
0.012499502
0.012499502
0.012499502
0.012499501
0.012499501
0.012499501
0.012499501
0.012499501
0.012499501
0.012499501
0.012499501
0.0124995
0.0124995
0.0124995
0.012499504
0.012499503
0.012499503
0.012499503
0.012499502
0.012499502
0.012499502
0.012499502
0.012499502
0.012499501
0.012499501
0.012499501
0.012499501
0.012499501
0.012499501
0.012499501
0.012499501
0.0124995
0.0124995
0.0124995
0.012499504
0.012499503
0.012499503
0.012499503
0.012499502
0.012499502
0.012499502
0.012499502
0.012499502
0.012499501
0.012499501
0.012499501
0.012499501
0.012499501
0.012499501
0.012499501
0.012499501
0.0124995
0.0124995
0.0124995
0.012499504
0.012499503
0.012499503
0.012499503
0.012499502
0.012499502
0.012499502
0.012499502
0.012499502
0.012499501
0.012499501
0.012499501
0.012499501
0.012499501
0.012499501
0.012499501
0.012499501
0.0124995
0.0124995
0.0124995
0.012499504
0.012499503
0.012499503
0.012499503
0.012499502
0.012499502
0.012499502
0.012499502
0.012499502
0.012499501
0.012499501
0.012499501
0.012499501
0.012499501
0.012499501
0.012499501
0.012499501
0.0124995
0.0124995
0.0124995
0.012499504
0.012499503
0.012499503
0.012499503
0.012499502
0.012499502
0.012499502
0.012499502
0.012499502
0.012499501
0.012499501
0.012499501
0.012499501
0.012499501
0.012499501
0.012499501
0.012499501
0.0124995
0.0124995
0.0124995
0.012499504
0.012499503
0.012499503
0.012499503
0.012499502
0.012499502
0.012499502
0.012499502
0.012499502
0.012499501
0.012499501
0.012499501
0.012499501
0.012499501
0.012499501
0.012499501
0.012499501
0.0124995
0.0124995
0.0124995
0.012499504
0.012499503
0.012499503
0.012499503
0.012499502
0.012499502
0.012499502
0.012499502
0.012499502
0.012499501
0.012499501
0.012499501
0.012499501
0.012499501
0.012499501
0.012499501
0.012499501
0.0124995
0.0124995
0.0124995
0.012499504
0.012499503
0.012499503
0.012499503
0.012499502
0.012499502
0.012499502
0.012499502
0.012499502
0.012499501
0.012499501
0.012499501
0.012499501
0.012499501
0.012499501
0.012499501
0.012499501
0.0124995
0.0124995
0.0124995
0.012499504
0.012499503
0.012499503
0.012499503
0.012499502
0.012499502
0.012499502
0.012499502
0.012499502
0.012499501
0.012499501
0.012499501
0.012499501
0.012499501
0.012499501
0.012499501
0.012499501
0.0124995
0.0124995
0.0124995
0.012499504
0.012499503
0.012499503
0.012499503
0.012499502
0.012499502
0.012499502
0.012499502
0.012499502
0.012499501
0.012499501
0.012499501
0.012499501
0.012499501
0.012499501
0.012499501
0.012499501
0.0124995
0.0124995
0.0124995
0.012499504
0.012499503
0.012499503
0.012499503
0.012499502
0.012499502
0.012499502
0.012499502
0.012499502
0.012499501
0.012499501
0.012499501
0.012499501
0.012499501
0.012499501
0.012499501
0.012499501
0.0124995
0.0124995
0.0124995
0.012499504
0.012499503
0.012499503
0.012499503
0.012499502
0.012499502
0.012499502
0.012499502
0.012499502
0.012499501
0.012499501
0.012499501
0.012499501
0.012499501
0.012499501
0.012499501
0.012499501
0.0124995
0.0124995
0.0124995
0.012499504
0.012499503
0.012499503
0.012499503
0.012499502
0.012499502
0.012499502
0.012499502
0.012499502
0.012499501
0.012499501
0.012499501
0.012499501
0.012499501
0.012499501
0.012499501
0.012499501
0.0124995
0.0124995
0.0124995
0.012499504
0.012499503
0.012499503
0.012499503
0.012499502
0.012499502
0.012499502
0.012499502
0.012499502
0.012499501
0.012499501
0.012499501
0.012499501
0.012499501
0.012499501
0.012499501
0.012499501
0.0124995
0.0124995
0.0124995
0.012499504
0.012499503
0.012499503
0.012499503
0.012499502
0.012499502
0.012499502
0.012499502
0.012499502
0.012499501
0.012499501
0.012499501
0.012499501
0.012499501
0.012499501
0.012499501
0.012499501
0.0124995
0.0124995
0.0124995
0.012499504
0.012499503
0.012499503
0.012499503
0.012499502
0.012499502
0.012499502
0.012499502
0.012499502
0.012499501
0.012499501
0.012499501
0.012499501
0.012499501
0.012499501
0.012499501
0.0124995
0.0124995
0.0124995
0.0124995
0.012499504
0.012499503
0.012499503
0.012499503
0.012499502
0.012499502
0.012499502
0.012499502
0.012499502
0.012499501
0.012499501
0.012499501
0.012499501
0.012499501
0.012499501
0.012499501
0.0124995
0.0124995
0.0124995
0.0124995
0.012499504
0.012499503
0.012499503
0.012499503
0.012499502
0.012499502
0.012499502
0.012499502
0.012499502
0.012499501
0.012499501
0.012499501
0.012499501
0.012499501
0.012499501
0.012499501
0.0124995
0.0124995
0.0124995
0.0124995
0.012499504
0.012499503
0.012499503
0.012499503
0.012499502
0.012499502
0.012499502
0.012499502
0.012499502
0.012499501
0.012499501
0.012499501
0.012499501
0.012499501
0.012499501
0.012499501
0.0124995
0.0124995
0.0124995
0.0124995
0.012499503
0.012499503
0.012499503
0.012499503
0.012499502
0.012499502
0.012499502
0.012499502
0.012499502
0.012499501
0.012499501
0.012499501
0.012499501
0.012499501
0.012499501
0.012499501
0.0124995
0.0124995
0.0124995
0.0124995
0.012499503
0.012499503
0.012499503
0.012499503
0.012499502
0.012499502
0.012499502
0.012499502
0.012499502
0.012499501
0.012499501
0.012499501
0.012499501
0.012499501
0.012499501
0.012499501
0.0124995
0.0124995
0.0124995
0.0124995
0.012499503
0.012499503
0.012499503
0.012499503
0.012499502
0.012499502
0.012499502
0.012499502
0.012499501
0.012499501
0.012499501
0.012499501
0.012499501
0.012499501
0.012499501
0.012499501
0.0124995
0.0124995
0.0124995
0.0124995
0.012499503
0.012499503
0.012499503
0.012499503
0.012499502
0.012499502
0.012499502
0.012499502
0.012499501
0.012499501
0.012499501
0.012499501
0.012499501
0.012499501
0.012499501
0.0124995
0.0124995
0.0124995
0.0124995
0.0124995
0.012499503
0.012499503
0.012499503
0.012499503
0.012499502
0.012499502
0.012499502
0.012499502
0.012499501
0.012499501
0.012499501
0.012499501
0.012499501
0.012499501
0.012499501
0.0124995
0.0124995
0.0124995
0.0124995
0.0124995
0.012498721
0.012498707
0.012498694
0.012498682
0.012498672
0.012498664
0.012498657
0.012498652
0.012498649
0.012498647
0.012498647
0.012498649
0.012498653
0.012498659
0.012498666
0.012498675
0.012498685
0.012498697
0.01249871
0.012498724
0.012498972
0.012498972
0.012498972
0.012498972
0.012498972
0.012498972
0.012498972
0.012498972
0.012498972
0.012498972
0.012498972
0.012498972
0.012498973
0.012498973
0.012498974
0.012498974
0.012498975
0.012498975
0.012498976
0.012498976
0.012499143
0.012499144
0.012499145
0.012499146
0.012499146
0.012499147
0.012499147
0.012499148
0.012499148
0.012499148
0.012499149
0.012499149
0.012499149
0.012499149
0.012499149
0.012499149
0.012499148
0.012499148
0.012499148
0.012499147
0.012499265
0.012499266
0.012499266
0.012499267
0.012499268
0.012499268
0.012499268
0.012499269
0.012499269
0.012499269
0.01249927
0.01249927
0.01249927
0.01249927
0.01249927
0.01249927
0.01249927
0.012499269
0.012499269
0.012499269
0.012499351
0.012499352
0.012499352
0.012499353
0.012499353
0.012499354
0.012499354
0.012499354
0.012499355
0.012499355
0.012499355
0.012499355
0.012499355
0.012499355
0.012499355
0.012499355
0.012499355
0.012499355
0.012499355
0.012499355
0.01249941
0.01249941
0.012499411
0.012499411
0.012499412
0.012499412
0.012499412
0.012499413
0.012499413
0.012499413
0.012499413
0.012499414
0.012499414
0.012499414
0.012499414
0.012499414
0.012499414
0.012499414
0.012499414
0.012499414
0.012499448
0.012499449
0.012499449
0.01249945
0.01249945
0.01249945
0.012499451
0.012499451
0.012499451
0.012499451
0.012499452
0.012499452
0.012499452
0.012499452
0.012499452
0.012499452
0.012499452
0.012499452
0.012499452
0.012499452
0.012499473
0.012499473
0.012499473
0.012499474
0.012499474
0.012499474
0.012499475
0.012499475
0.012499475
0.012499475
0.012499476
0.012499476
0.012499476
0.012499476
0.012499476
0.012499476
0.012499476
0.012499476
0.012499477
0.012499477
0.012499487
0.012499488
0.012499488
0.012499488
0.012499489
0.012499489
0.012499489
0.012499489
0.01249949
0.01249949
0.01249949
0.01249949
0.01249949
0.012499491
0.012499491
0.012499491
0.012499491
0.012499491
0.012499491
0.012499491
0.012499496
0.012499496
0.012499496
0.012499497
0.012499497
0.012499497
0.012499497
0.012499498
0.012499498
0.012499498
0.012499498
0.012499499
0.012499499
0.012499499
0.012499499
0.012499499
0.012499499
0.012499499
0.012499499
0.012499499
0.0124995
0.012499501
0.012499501
0.012499501
0.012499502
0.012499502
0.012499502
0.012499502
0.012499502
0.012499503
0.012499503
0.012499503
0.012499503
0.012499503
0.012499504
0.012499504
0.012499504
0.012499504
0.012499504
0.012499504
0.012499503
0.012499503
0.012499503
0.012499504
0.012499504
0.012499504
0.012499504
0.012499505
0.012499505
0.012499505
0.012499505
0.012499505
0.012499506
0.012499506
0.012499506
0.012499506
0.012499506
0.012499506
0.012499506
0.012499507
0.012499504
0.012499504
0.012499505
0.012499505
0.012499505
0.012499505
0.012499506
0.012499506
0.012499506
0.012499506
0.012499507
0.012499507
0.012499507
0.012499507
0.012499507
0.012499507
0.012499507
0.012499508
0.012499508
0.012499508
0.012499504
0.012499505
0.012499505
0.012499505
0.012499506
0.012499506
0.012499506
0.012499506
0.012499507
0.012499507
0.012499507
0.012499507
0.012499507
0.012499508
0.012499508
0.012499508
0.012499508
0.012499508
0.012499508
0.012499508
0.012499505
0.012499505
0.012499505
0.012499506
0.012499506
0.012499506
0.012499507
0.012499507
0.012499507
0.012499507
0.012499507
0.012499508
0.012499508
0.012499508
0.012499508
0.012499508
0.012499508
0.012499508
0.012499509
0.012499509
0.012499505
0.012499505
0.012499506
0.012499506
0.012499506
0.012499506
0.012499507
0.012499507
0.012499507
0.012499507
0.012499507
0.012499508
0.012499508
0.012499508
0.012499508
0.012499508
0.012499508
0.012499509
0.012499509
0.012499509
0.012499505
0.012499505
0.012499506
0.012499506
0.012499506
0.012499506
0.012499507
0.012499507
0.012499507
0.012499507
0.012499508
0.012499508
0.012499508
0.012499508
0.012499508
0.012499508
0.012499508
0.012499509
0.012499509
0.012499509
0.012499505
0.012499505
0.012499506
0.012499506
0.012499506
0.012499506
0.012499507
0.012499507
0.012499507
0.012499507
0.012499508
0.012499508
0.012499508
0.012499508
0.012499508
0.012499508
0.012499509
0.012499509
0.012499509
0.012499509
0.012499505
0.012499505
0.012499506
0.012499506
0.012499506
0.012499506
0.012499507
0.012499507
0.012499507
0.012499507
0.012499508
0.012499508
0.012499508
0.012499508
0.012499508
0.012499508
0.012499509
0.012499509
0.012499509
0.012499509
0.012499505
0.012499505
0.012499506
0.012499506
0.012499506
0.012499506
0.012499507
0.012499507
0.012499507
0.012499507
0.012499508
0.012499508
0.012499508
0.012499508
0.012499508
0.012499508
0.012499509
0.012499509
0.012499509
0.012499509
0.012499505
0.012499505
0.012499506
0.012499506
0.012499506
0.012499506
0.012499507
0.012499507
0.012499507
0.012499507
0.012499508
0.012499508
0.012499508
0.012499508
0.012499508
0.012499508
0.012499509
0.012499509
0.012499509
0.012499509
0.012499505
0.012499505
0.012499506
0.012499506
0.012499506
0.012499506
0.012499507
0.012499507
0.012499507
0.012499507
0.012499508
0.012499508
0.012499508
0.012499508
0.012499508
0.012499508
0.012499509
0.012499509
0.012499509
0.012499509
0.012499505
0.012499505
0.012499506
0.012499506
0.012499506
0.012499506
0.012499507
0.012499507
0.012499507
0.012499507
0.012499508
0.012499508
0.012499508
0.012499508
0.012499508
0.012499508
0.012499509
0.012499509
0.012499509
0.012499509
0.012499505
0.012499505
0.012499506
0.012499506
0.012499506
0.012499506
0.012499507
0.012499507
0.012499507
0.012499507
0.012499508
0.012499508
0.012499508
0.012499508
0.012499508
0.012499508
0.012499509
0.012499509
0.012499509
0.012499509
0.012499505
0.012499505
0.012499506
0.012499506
0.012499506
0.012499506
0.012499507
0.012499507
0.012499507
0.012499507
0.012499508
0.012499508
0.012499508
0.012499508
0.012499508
0.012499508
0.012499509
0.012499509
0.012499509
0.012499509
0.012499505
0.012499505
0.012499506
0.012499506
0.012499506
0.012499506
0.012499507
0.012499507
0.012499507
0.012499507
0.012499508
0.012499508
0.012499508
0.012499508
0.012499508
0.012499508
0.012499509
0.012499509
0.012499509
0.012499509
0.012499505
0.012499505
0.012499506
0.012499506
0.012499506
0.012499506
0.012499507
0.012499507
0.012499507
0.012499507
0.012499508
0.012499508
0.012499508
0.012499508
0.012499508
0.012499508
0.012499509
0.012499509
0.012499509
0.012499509
0.012499505
0.012499505
0.012499506
0.012499506
0.012499506
0.012499506
0.012499507
0.012499507
0.012499507
0.012499507
0.012499508
0.012499508
0.012499508
0.012499508
0.012499508
0.012499508
0.012499509
0.012499509
0.012499509
0.012499509
0.012499505
0.012499505
0.012499506
0.012499506
0.012499506
0.012499506
0.012499507
0.012499507
0.012499507
0.012499507
0.012499508
0.012499508
0.012499508
0.012499508
0.012499508
0.012499508
0.012499508
0.012499509
0.012499509
0.012499509
0.012499505
0.012499505
0.012499506
0.012499506
0.012499506
0.012499506
0.012499507
0.012499507
0.012499507
0.012499507
0.012499508
0.012499508
0.012499508
0.012499508
0.012499508
0.012499508
0.012499509
0.012499509
0.012499509
0.012499509
0.012499505
0.012499505
0.012499506
0.012499506
0.012499506
0.012499506
0.012499507
0.012499507
0.012499507
0.012499507
0.012499508
0.012499508
0.012499508
0.012499508
0.012499508
0.012499508
0.012499509
0.012499509
0.012499509
0.012499509
0.012499505
0.012499505
0.012499506
0.012499506
0.012499506
0.012499506
0.012499507
0.012499507
0.012499507
0.012499507
0.012499508
0.012499508
0.012499508
0.012499508
0.012499508
0.012499508
0.012499509
0.012499509
0.012499509
0.012499509
0.012499505
0.012499505
0.012499506
0.012499506
0.012499506
0.012499506
0.012499507
0.012499507
0.012499507
0.012499507
0.012499508
0.012499508
0.012499508
0.012499508
0.012499508
0.012499508
0.012499509
0.012499509
0.012499509
0.012499509
0.012499505
0.012499505
0.012499506
0.012499506
0.012499506
0.012499506
0.012499507
0.012499507
0.012499507
0.012499507
0.012499508
0.012499508
0.012499508
0.012499508
0.012499508
0.012499508
0.012499509
0.012499509
0.012499509
0.012499509
0.012499505
0.012499505
0.012499506
0.012499506
0.012499506
0.012499506
0.012499507
0.012499507
0.012499507
0.012499507
0.012499508
0.012499508
0.012499508
0.012499508
0.012499508
0.012499508
0.012499508
0.012499509
0.012499509
0.012499509
0.012499505
0.012499505
0.012499506
0.012499506
0.012499506
0.012499506
0.012499507
0.012499507
0.012499507
0.012499507
0.012499508
0.012499508
0.012499508
0.012499508
0.012499508
0.012499508
0.012499509
0.012499509
0.012499509
0.012499509
0.012499505
0.012499505
0.012499506
0.012499506
0.012499506
0.012499506
0.012499507
0.012499507
0.012499507
0.012499507
0.012499508
0.012499508
0.012499508
0.012499508
0.012499508
0.012499508
0.012499509
0.012499509
0.012499509
0.012499509
0.012499505
0.012499505
0.012499506
0.012499506
0.012499506
0.012499506
0.012499507
0.012499507
0.012499507
0.012499507
0.012499508
0.012499508
0.012499508
0.012499508
0.012499508
0.012499508
0.012499508
0.012499509
0.012499509
0.012499509
0.012499505
0.012499505
0.012499506
0.012499506
0.012499506
0.012499506
0.012499507
0.012499507
0.012499507
0.012499507
0.012499508
0.012499508
0.012499508
0.012499508
0.012499508
0.012499508
0.012499509
0.012499509
0.012499509
0.012499509
0.012499505
0.012499505
0.012499506
0.012499506
0.012499506
0.012499506
0.012499507
0.012499507
0.012499507
0.012499507
0.012499508
0.012499508
0.012499508
0.012499508
0.012499508
0.012499508
0.012499509
0.012499509
0.012499509
0.012499509
0.012499505
0.012499505
0.012499506
0.012499506
0.012499506
0.012499506
0.012499507
0.012499507
0.012499507
0.012499507
0.012499508
0.012499508
0.012499508
0.012499508
0.012499508
0.012499508
0.012499508
0.012499509
0.012499509
0.012499509
0.012499505
0.012499505
0.012499506
0.012499506
0.012499506
0.012499506
0.012499507
0.012499507
0.012499507
0.012499507
0.012499508
0.012499508
0.012499508
0.012499508
0.012499508
0.012499508
0.012499509
0.012499509
0.012499509
0.012499509
0.012499505
0.012499505
0.012499506
0.012499506
0.012499506
0.012499506
0.012499507
0.012499507
0.012499507
0.012499507
0.012499508
0.012499508
0.012499508
0.012499508
0.012499508
0.012499508
0.012499508
0.012499509
0.012499509
0.012499509
0.012499505
0.012499505
0.012499506
0.012499506
0.012499506
0.012499506
0.012499507
0.012499507
0.012499507
0.012499507
0.012499508
0.012499508
0.012499508
0.012499508
0.012499508
0.012499508
0.012499508
0.012499509
0.012499509
0.012499509
0.012499505
0.012499505
0.012499506
0.012499506
0.012499506
0.012499506
0.012499507
0.012499507
0.012499507
0.012499507
0.012499508
0.012499508
0.012499508
0.012499508
0.012499508
0.012499508
0.012499509
0.012499509
0.012499509
0.012499509
0.012499505
0.012499505
0.012499506
0.012499506
0.012499506
0.012499506
0.012499507
0.012499507
0.012499507
0.012499507
0.012499508
0.012499508
0.012499508
0.012499508
0.012499508
0.012499508
0.012499509
0.012499509
0.012499509
0.012499509
0.012499505
0.012499505
0.012499506
0.012499506
0.012499506
0.012499506
0.012499507
0.012499507
0.012499507
0.012499507
0.012499508
0.012499508
0.012499508
0.012499508
0.012499508
0.012499508
0.012499508
0.012499509
0.012499509
0.012499509
0.012499505
0.012499505
0.012499506
0.012499506
0.012499506
0.012499506
0.012499507
0.012499507
0.012499507
0.012499507
0.012499508
0.012499508
0.012499508
0.012499508
0.012499508
0.012499508
0.012499509
0.012499509
0.012499509
0.012499509
0.012499505
0.012499505
0.012499506
0.012499506
0.012499506
0.012499506
0.012499507
0.012499507
0.012499507
0.012499507
0.012499508
0.012499508
0.012499508
0.012499508
0.012499508
0.012499508
0.012499508
0.012499509
0.012499509
0.012499509
0.012499505
0.012499505
0.012499506
0.012499506
0.012499506
0.012499506
0.012499507
0.012499507
0.012499507
0.012499507
0.012499508
0.012499508
0.012499508
0.012499508
0.012499508
0.012499508
0.012499508
0.012499509
0.012499509
0.012499509
0.012499505
0.012499505
0.012499506
0.012499506
0.012499506
0.012499506
0.012499507
0.012499507
0.012499507
0.012499507
0.012499508
0.012499508
0.012499508
0.012499508
0.012499508
0.012499508
0.012499508
0.012499509
0.012499509
0.012499509
0.012499505
0.012499505
0.012499506
0.012499506
0.012499506
0.012499506
0.012499507
0.012499507
0.012499507
0.012499507
0.012499508
0.012499508
0.012499508
0.012499508
0.012499508
0.012499508
0.012499508
0.012499509
0.012499509
0.012499509
0.012499505
0.012499505
0.012499506
0.012499506
0.012499506
0.012499506
0.012499507
0.012499507
0.012499507
0.012499507
0.012499508
0.012499508
0.012499508
0.012499508
0.012499508
0.012499508
0.012499508
0.012499509
0.012499509
0.012499509
0.012499505
0.012499505
0.012499506
0.012499506
0.012499506
0.012499506
0.012499507
0.012499507
0.012499507
0.012499507
0.012499508
0.012499508
0.012499508
0.012499508
0.012499508
0.012499508
0.012499508
0.012499509
0.012499509
0.012499509
0.012499505
0.012499505
0.012499506
0.012499506
0.012499506
0.012499506
0.012499507
0.012499507
0.012499507
0.012499507
0.012499507
0.012499508
0.012499508
0.012499508
0.012499508
0.012499508
0.012499508
0.012499509
0.012499509
0.012499509
0.012499505
0.012499505
0.012499506
0.012499506
0.012499506
0.012499506
0.012499507
0.012499507
0.012499507
0.012499507
0.012499507
0.012499508
0.012499508
0.012499508
0.012499508
0.012499508
0.012499508
0.012499509
0.012499509
0.012499509
0.012499505
0.012499505
0.012499506
0.012499506
0.012499506
0.012499506
0.012499507
0.012499507
0.012499507
0.012499507
0.012499507
0.012499508
0.012499508
0.012499508
0.012499508
0.012499508
0.012499508
0.012499509
0.012499509
0.012499509
0.012499505
0.012499505
0.012499505
0.012499506
0.012499506
0.012499506
0.012499507
0.012499507
0.012499507
0.012499507
0.012499507
0.012499508
0.012499508
0.012499508
0.012499508
0.012499508
0.012499508
0.012499509
0.012499509
0.012499509
0.012499505
0.012499505
0.012499505
0.012499506
0.012499506
0.012499506
0.012499507
0.012499507
0.012499507
0.012499507
0.012499507
0.012499508
0.012499508
0.012499508
0.012499508
0.012499508
0.012499508
0.012499508
0.012499509
0.012499509
0.012499505
0.012499505
0.012499505
0.012499506
0.012499506
0.012499506
0.012499507
0.012499507
0.012499507
0.012499507
0.012499507
0.012499508
0.012499508
0.012499508
0.012499508
0.012499508
0.012499508
0.012499508
0.012499509
0.012499509
0.012498693
0.012498678
0.012498665
0.012498653
0.012498642
0.012498634
0.012498627
0.012498622
0.012498618
0.012498617
0.012498617
0.012498619
0.012498623
0.012498628
0.012498636
0.012498645
0.012498655
0.012498668
0.012498681
0.012498739
0.012498732
0.012498725
0.012498718
0.012498713
0.012498707
0.012498703
0.0124987
0.012498697
0.012498695
0.012498694
0.012498693
0.012498694
0.012498695
0.012498698
0.012498701
0.012498704
0.012498708
0.012498713
0.012498697
0.012498718
0.01249895
0.012498949
0.012498949
0.012498948
0.012498948
0.012498948
0.012498947
0.012498947
0.012498947
0.012498947
0.012498947
0.012498948
0.012498948
0.012498949
0.012498949
0.01249895
0.012498951
0.012498952
0.012498953
0.012498976
0.012498976
0.012498976
0.012498976
0.012498975
0.012498975
0.012498974
0.012498973
0.012498972
0.012498972
0.012498971
0.01249897
0.012498969
0.012498968
0.012498967
0.012498966
0.012498964
0.012498963
0.012498961
0.012498954
0.012498959
0.012499128
0.012499128
0.012499128
0.012499129
0.012499129
0.01249913
0.01249913
0.01249913
0.01249913
0.012499131
0.012499131
0.012499131
0.012499131
0.012499131
0.012499131
0.012499131
0.012499131
0.012499131
0.012499132
0.012499146
0.012499145
0.012499145
0.012499145
0.012499145
0.012499144
0.012499144
0.012499144
0.012499143
0.012499142
0.012499142
0.012499141
0.01249914
0.01249914
0.012499139
0.012499138
0.012499137
0.012499136
0.012499135
0.012499132
0.012499134
0.012499254
0.012499255
0.012499255
0.012499256
0.012499256
0.012499256
0.012499256
0.012499257
0.012499257
0.012499257
0.012499257
0.012499258
0.012499258
0.012499258
0.012499258
0.012499258
0.012499258
0.012499258
0.012499258
0.012499268
0.012499268
0.012499268
0.012499267
0.012499267
0.012499267
0.012499267
0.012499266
0.012499266
0.012499266
0.012499265
0.012499265
0.012499264
0.012499264
0.012499263
0.012499263
0.012499262
0.012499261
0.012499261
0.012499258
0.01249926
0.012499344
0.012499344
0.012499344
0.012499345
0.012499345
0.012499345
0.012499345
0.012499346
0.012499346
0.012499346
0.012499346
0.012499347
0.012499347
0.012499347
0.012499347
0.012499347
0.012499347
0.012499347
0.012499348
0.012499354
0.012499354
0.012499354
0.012499354
0.012499354
0.012499354
0.012499354
0.012499353
0.012499353
0.012499353
0.012499353
0.012499352
0.012499352
0.012499352
0.012499351
0.012499351
0.01249935
0.01249935
0.012499349
0.012499348
0.012499349
0.012499404
0.012499405
0.012499405
0.012499405
0.012499405
0.012499406
0.012499406
0.012499406
0.012499406
0.012499407
0.012499407
0.012499407
0.012499407
0.012499407
0.012499408
0.012499408
0.012499408
0.012499408
0.012499408
0.012499413
0.012499413
0.012499413
0.012499413
0.012499413
0.012499413
0.012499413
0.012499413
0.012499413
0.012499412
0.012499412
0.012499412
0.012499412
0.012499411
0.012499411
0.012499411
0.01249941
0.01249941
0.01249941
0.012499408
0.012499409
0.012499444
0.012499444
0.012499444
0.012499445
0.012499445
0.012499445
0.012499445
0.012499446
0.012499446
0.012499446
0.012499446
0.012499446
0.012499447
0.012499447
0.012499447
0.012499447
0.012499447
0.012499447
0.012499448
0.012499452
0.012499452
0.012499452
0.012499452
0.012499452
0.012499452
0.012499452
0.012499452
0.012499451
0.012499451
0.012499451
0.012499451
0.012499451
0.01249945
0.01249945
0.01249945
0.01249945
0.012499449
0.012499449
0.012499448
0.012499449
0.012499468
0.012499469
0.012499469
0.012499469
0.012499469
0.01249947
0.01249947
0.01249947
0.01249947
0.01249947
0.012499471
0.012499471
0.012499471
0.012499471
0.012499471
0.012499472
0.012499472
0.012499472
0.012499472
0.012499476
0.012499476
0.012499476
0.012499476
0.012499476
0.012499476
0.012499476
0.012499476
0.012499476
0.012499476
0.012499475
0.012499475
0.012499475
0.012499475
0.012499475
0.012499474
0.012499474
0.012499474
0.012499474
0.012499472
0.012499473
0.012499483
0.012499483
0.012499484
0.012499484
0.012499484
0.012499484
0.012499484
0.012499485
0.012499485
0.012499485
0.012499485
0.012499486
0.012499486
0.012499486
0.012499486
0.012499486
0.012499486
0.012499487
0.012499487
0.012499491
0.012499491
0.012499491
0.012499491
0.012499491
0.012499491
0.01249949
0.01249949
0.01249949
0.01249949
0.01249949
0.01249949
0.01249949
0.012499489
0.012499489
0.012499489
0.012499489
0.012499489
0.012499488
0.012499487
0.012499488
0.012499491
0.012499492
0.012499492
0.012499492
0.012499492
0.012499493
0.012499493
0.012499493
0.012499493
0.012499493
0.012499494
0.012499494
0.012499494
0.012499494
0.012499494
0.012499495
0.012499495
0.012499495
0.012499495
0.012499499
0.012499499
0.012499499
0.012499499
0.012499499
0.012499499
0.012499499
0.012499499
0.012499499
0.012499498
0.012499498
0.012499498
0.012499498
0.012499498
0.012499498
0.012499497
0.012499497
0.012499497
0.012499497
0.012499495
0.012499496
0.012499496
0.012499496
0.012499496
0.012499497
0.012499497
0.012499497
0.012499497
0.012499498
0.012499498
0.012499498
0.012499498
0.012499498
0.012499499
0.012499499
0.012499499
0.012499499
0.012499499
0.0124995
0.0124995
0.012499504
0.012499504
0.012499504
0.012499504
0.012499504
0.012499504
0.012499503
0.012499503
0.012499503
0.012499503
0.012499503
0.012499503
0.012499502
0.012499502
0.012499502
0.012499502
0.012499502
0.012499501
0.012499501
0.0124995
0.012499501
0.012499498
0.012499499
0.012499499
0.012499499
0.012499499
0.012499499
0.0124995
0.0124995
0.0124995
0.0124995
0.012499501
0.012499501
0.012499501
0.012499501
0.012499501
0.012499502
0.012499502
0.012499502
0.012499502
0.012499506
0.012499506
0.012499506
0.012499506
0.012499506
0.012499506
0.012499506
0.012499506
0.012499506
0.012499505
0.012499505
0.012499505
0.012499505
0.012499505
0.012499505
0.012499504
0.012499504
0.012499504
0.012499504
0.012499502
0.012499503
0.0124995
0.0124995
0.0124995
0.0124995
0.0124995
0.012499501
0.012499501
0.012499501
0.012499501
0.012499502
0.012499502
0.012499502
0.012499502
0.012499502
0.012499503
0.012499503
0.012499503
0.012499503
0.012499503
0.012499508
0.012499508
0.012499507
0.012499507
0.012499507
0.012499507
0.012499507
0.012499507
0.012499507
0.012499507
0.012499506
0.012499506
0.012499506
0.012499506
0.012499506
0.012499506
0.012499505
0.012499505
0.012499505
0.012499504
0.012499505
0.0124995
0.0124995
0.012499501
0.012499501
0.012499501
0.012499501
0.012499501
0.012499502
0.012499502
0.012499502
0.012499502
0.012499502
0.012499503
0.012499503
0.012499503
0.012499503
0.012499504
0.012499504
0.012499504
0.012499508
0.012499508
0.012499508
0.012499508
0.012499508
0.012499508
0.012499508
0.012499507
0.012499507
0.012499507
0.012499507
0.012499507
0.012499507
0.012499506
0.012499506
0.012499506
0.012499506
0.012499506
0.012499505
0.012499504
0.012499505
0.012499501
0.012499501
0.012499501
0.012499501
0.012499501
0.012499502
0.012499502
0.012499502
0.012499502
0.012499502
0.012499503
0.012499503
0.012499503
0.012499503
0.012499503
0.012499504
0.012499504
0.012499504
0.012499504
0.012499509
0.012499508
0.012499508
0.012499508
0.012499508
0.012499508
0.012499508
0.012499508
0.012499508
0.012499507
0.012499507
0.012499507
0.012499507
0.012499507
0.012499507
0.012499506
0.012499506
0.012499506
0.012499506
0.012499505
0.012499505
0.012499501
0.012499501
0.012499501
0.012499501
0.012499501
0.012499502
0.012499502
0.012499502
0.012499502
0.012499502
0.012499503
0.012499503
0.012499503
0.012499503
0.012499504
0.012499504
0.012499504
0.012499504
0.012499504
0.012499509
0.012499509
0.012499508
0.012499508
0.012499508
0.012499508
0.012499508
0.012499508
0.012499508
0.012499508
0.012499507
0.012499507
0.012499507
0.012499507
0.012499507
0.012499506
0.012499506
0.012499506
0.012499506
0.012499505
0.012499506
0.012499501
0.012499501
0.012499501
0.012499501
0.012499501
0.012499502
0.012499502
0.012499502
0.012499502
0.012499502
0.012499503
0.012499503
0.012499503
0.012499503
0.012499504
0.012499504
0.012499504
0.012499504
0.012499504
0.012499509
0.012499509
0.012499509
0.012499508
0.012499508
0.012499508
0.012499508
0.012499508
0.012499508
0.012499508
0.012499507
0.012499507
0.012499507
0.012499507
0.012499507
0.012499507
0.012499506
0.012499506
0.012499506
0.012499505
0.012499506
0.012499501
0.012499501
0.012499501
0.012499501
0.012499501
0.012499502
0.012499502
0.012499502
0.012499502
0.012499503
0.012499503
0.012499503
0.012499503
0.012499503
0.012499504
0.012499504
0.012499504
0.012499504
0.012499504
0.012499509
0.012499509
0.012499509
0.012499508
0.012499508
0.012499508
0.012499508
0.012499508
0.012499508
0.012499508
0.012499507
0.012499507
0.012499507
0.012499507
0.012499507
0.012499507
0.012499506
0.012499506
0.012499506
0.012499505
0.012499506
0.012499501
0.012499501
0.012499501
0.012499501
0.012499501
0.012499502
0.012499502
0.012499502
0.012499502
0.012499503
0.012499503
0.012499503
0.012499503
0.012499503
0.012499504
0.012499504
0.012499504
0.012499504
0.012499504
0.012499509
0.012499509
0.012499509
0.012499508
0.012499508
0.012499508
0.012499508
0.012499508
0.012499508
0.012499508
0.012499507
0.012499507
0.012499507
0.012499507
0.012499507
0.012499507
0.012499506
0.012499506
0.012499506
0.012499505
0.012499506
0.012499501
0.012499501
0.012499501
0.012499501
0.012499501
0.012499502
0.012499502
0.012499502
0.012499502
0.012499503
0.012499503
0.012499503
0.012499503
0.012499503
0.012499504
0.012499504
0.012499504
0.012499504
0.012499504
0.012499509
0.012499509
0.012499509
0.012499508
0.012499508
0.012499508
0.012499508
0.012499508
0.012499508
0.012499508
0.012499507
0.012499507
0.012499507
0.012499507
0.012499507
0.012499507
0.012499506
0.012499506
0.012499506
0.012499505
0.012499506
0.012499501
0.012499501
0.012499501
0.012499501
0.012499501
0.012499502
0.012499502
0.012499502
0.012499502
0.012499503
0.012499503
0.012499503
0.012499503
0.012499503
0.012499504
0.012499504
0.012499504
0.012499504
0.012499504
0.012499509
0.012499509
0.012499509
0.012499508
0.012499508
0.012499508
0.012499508
0.012499508
0.012499508
0.012499508
0.012499507
0.012499507
0.012499507
0.012499507
0.012499507
0.012499507
0.012499506
0.012499506
0.012499506
0.012499505
0.012499506
0.012499501
0.012499501
0.012499501
0.012499501
0.012499501
0.012499502
0.012499502
0.012499502
0.012499502
0.012499503
0.012499503
0.012499503
0.012499503
0.012499503
0.012499504
0.012499504
0.012499504
0.012499504
0.012499504
0.012499509
0.012499509
0.012499509
0.012499508
0.012499508
0.012499508
0.012499508
0.012499508
0.012499508
0.012499508
0.012499507
0.012499507
0.012499507
0.012499507
0.012499507
0.012499507
0.012499506
0.012499506
0.012499506
0.012499505
0.012499506
0.012499501
0.012499501
0.012499501
0.012499501
0.012499501
0.012499502
0.012499502
0.012499502
0.012499502
0.012499503
0.012499503
0.012499503
0.012499503
0.012499503
0.012499504
0.012499504
0.012499504
0.012499504
0.012499504
0.012499509
0.012499509
0.012499509
0.012499508
0.012499508
0.012499508
0.012499508
0.012499508
0.012499508
0.012499508
0.012499507
0.012499507
0.012499507
0.012499507
0.012499507
0.012499507
0.012499506
0.012499506
0.012499506
0.012499505
0.012499506
0.012499501
0.012499501
0.012499501
0.012499501
0.012499501
0.012499502
0.012499502
0.012499502
0.012499502
0.012499503
0.012499503
0.012499503
0.012499503
0.012499503
0.012499504
0.012499504
0.012499504
0.012499504
0.012499504
0.012499509
0.012499509
0.012499509
0.012499508
0.012499508
0.012499508
0.012499508
0.012499508
0.012499508
0.012499508
0.012499507
0.012499507
0.012499507
0.012499507
0.012499507
0.012499507
0.012499506
0.012499506
0.012499506
0.012499505
0.012499506
0.012499501
0.012499501
0.012499501
0.012499501
0.012499501
0.012499502
0.012499502
0.012499502
0.012499502
0.012499503
0.012499503
0.012499503
0.012499503
0.012499503
0.012499504
0.012499504
0.012499504
0.012499504
0.012499504
0.012499509
0.012499509
0.012499509
0.012499508
0.012499508
0.012499508
0.012499508
0.012499508
0.012499508
0.012499508
0.012499507
0.012499507
0.012499507
0.012499507
0.012499507
0.012499507
0.012499506
0.012499506
0.012499506
0.012499505
0.012499506
0.012499501
0.012499501
0.012499501
0.012499501
0.012499501
0.012499502
0.012499502
0.012499502
0.012499502
0.012499503
0.012499503
0.012499503
0.012499503
0.012499503
0.012499504
0.012499504
0.012499504
0.012499504
0.012499504
0.012499509
0.012499509
0.012499509
0.012499508
0.012499508
0.012499508
0.012499508
0.012499508
0.012499508
0.012499508
0.012499507
0.012499507
0.012499507
0.012499507
0.012499507
0.012499507
0.012499506
0.012499506
0.012499506
0.012499505
0.012499506
0.012499501
0.012499501
0.012499501
0.012499501
0.012499501
0.012499502
0.012499502
0.012499502
0.012499502
0.012499503
0.012499503
0.012499503
0.012499503
0.012499503
0.012499504
0.012499504
0.012499504
0.012499504
0.012499504
0.012499509
0.012499509
0.012499509
0.012499508
0.012499508
0.012499508
0.012499508
0.012499508
0.012499508
0.012499508
0.012499507
0.012499507
0.012499507
0.012499507
0.012499507
0.012499507
0.012499506
0.012499506
0.012499506
0.012499505
0.012499506
0.012499501
0.012499501
0.012499501
0.012499501
0.012499501
0.012499502
0.012499502
0.012499502
0.012499502
0.012499503
0.012499503
0.012499503
0.012499503
0.012499503
0.012499504
0.012499504
0.012499504
0.012499504
0.012499504
0.012499509
0.012499509
0.012499509
0.012499508
0.012499508
0.012499508
0.012499508
0.012499508
0.012499508
0.012499508
0.012499507
0.012499507
0.012499507
0.012499507
0.012499507
0.012499507
0.012499506
0.012499506
0.012499506
0.012499505
0.012499506
0.012499501
0.012499501
0.012499501
0.012499501
0.012499501
0.012499502
0.012499502
0.012499502
0.012499502
0.012499503
0.012499503
0.012499503
0.012499503
0.012499503
0.012499504
0.012499504
0.012499504
0.012499504
0.012499504
0.012499509
0.012499509
0.012499509
0.012499508
0.012499508
0.012499508
0.012499508
0.012499508
0.012499508
0.012499508
0.012499507
0.012499507
0.012499507
0.012499507
0.012499507
0.012499507
0.012499506
0.012499506
0.012499506
0.012499505
0.012499506
0.012499501
0.012499501
0.012499501
0.012499501
0.012499501
0.012499502
0.012499502
0.012499502
0.012499502
0.012499503
0.012499503
0.012499503
0.012499503
0.012499503
0.012499504
0.012499504
0.012499504
0.012499504
0.012499504
0.012499509
0.012499509
0.012499509
0.012499508
0.012499508
0.012499508
0.012499508
0.012499508
0.012499508
0.012499508
0.012499507
0.012499507
0.012499507
0.012499507
0.012499507
0.012499507
0.012499506
0.012499506
0.012499506
0.012499505
0.012499506
0.012499501
0.012499501
0.012499501
0.012499501
0.012499501
0.012499502
0.012499502
0.012499502
0.012499502
0.012499503
0.012499503
0.012499503
0.012499503
0.012499503
0.012499504
0.012499504
0.012499504
0.012499504
0.012499504
0.012499509
0.012499509
0.012499509
0.012499508
0.012499508
0.012499508
0.012499508
0.012499508
0.012499508
0.012499508
0.012499507
0.012499507
0.012499507
0.012499507
0.012499507
0.012499507
0.012499506
0.012499506
0.012499506
0.012499505
0.012499506
0.012499501
0.012499501
0.012499501
0.012499501
0.012499501
0.012499502
0.012499502
0.012499502
0.012499502
0.012499503
0.012499503
0.012499503
0.012499503
0.012499503
0.012499504
0.012499504
0.012499504
0.012499504
0.012499504
0.012499509
0.012499509
0.012499509
0.012499508
0.012499508
0.012499508
0.012499508
0.012499508
0.012499508
0.012499508
0.012499507
0.012499507
0.012499507
0.012499507
0.012499507
0.012499507
0.012499506
0.012499506
0.012499506
0.012499505
0.012499506
0.012499501
0.012499501
0.012499501
0.012499501
0.012499501
0.012499502
0.012499502
0.012499502
0.012499502
0.012499503
0.012499503
0.012499503
0.012499503
0.012499503
0.012499504
0.012499504
0.012499504
0.012499504
0.012499504
0.012499509
0.012499509
0.012499509
0.012499508
0.012499508
0.012499508
0.012499508
0.012499508
0.012499508
0.012499508
0.012499507
0.012499507
0.012499507
0.012499507
0.012499507
0.012499507
0.012499506
0.012499506
0.012499506
0.012499505
0.012499506
0.012499501
0.012499501
0.012499501
0.012499501
0.012499501
0.012499502
0.012499502
0.012499502
0.012499502
0.012499503
0.012499503
0.012499503
0.012499503
0.012499503
0.012499504
0.012499504
0.012499504
0.012499504
0.012499504
0.012499509
0.012499509
0.012499509
0.012499508
0.012499508
0.012499508
0.012499508
0.012499508
0.012499508
0.012499508
0.012499507
0.012499507
0.012499507
0.012499507
0.012499507
0.012499507
0.012499506
0.012499506
0.012499506
0.012499505
0.012499506
0.012499501
0.012499501
0.012499501
0.012499501
0.012499501
0.012499502
0.012499502
0.012499502
0.012499502
0.012499503
0.012499503
0.012499503
0.012499503
0.012499503
0.012499504
0.012499504
0.012499504
0.012499504
0.012499504
0.012499509
0.012499509
0.012499509
0.012499508
0.012499508
0.012499508
0.012499508
0.012499508
0.012499508
0.012499508
0.012499507
0.012499507
0.012499507
0.012499507
0.012499507
0.012499507
0.012499506
0.012499506
0.012499506
0.012499505
0.012499506
0.012499501
0.012499501
0.012499501
0.012499501
0.012499501
0.012499502
0.012499502
0.012499502
0.012499502
0.012499503
0.012499503
0.012499503
0.012499503
0.012499503
0.012499504
0.012499504
0.012499504
0.012499504
0.012499504
0.012499509
0.012499509
0.012499509
0.012499508
0.012499508
0.012499508
0.012499508
0.012499508
0.012499508
0.012499508
0.012499507
0.012499507
0.012499507
0.012499507
0.012499507
0.012499507
0.012499506
0.012499506
0.012499506
0.012499505
0.012499506
0.012499501
0.012499501
0.012499501
0.012499501
0.012499501
0.012499502
0.012499502
0.012499502
0.012499502
0.012499503
0.012499503
0.012499503
0.012499503
0.012499503
0.012499504
0.012499504
0.012499504
0.012499504
0.012499504
0.012499509
0.012499509
0.012499509
0.012499508
0.012499508
0.012499508
0.012499508
0.012499508
0.012499508
0.012499508
0.012499507
0.012499507
0.012499507
0.012499507
0.012499507
0.012499507
0.012499506
0.012499506
0.012499506
0.012499505
0.012499506
0.012499501
0.012499501
0.012499501
0.012499501
0.012499501
0.012499502
0.012499502
0.012499502
0.012499502
0.012499503
0.012499503
0.012499503
0.012499503
0.012499503
0.012499504
0.012499504
0.012499504
0.012499504
0.012499504
0.012499509
0.012499509
0.012499509
0.012499508
0.012499508
0.012499508
0.012499508
0.012499508
0.012499508
0.012499508
0.012499507
0.012499507
0.012499507
0.012499507
0.012499507
0.012499507
0.012499506
0.012499506
0.012499506
0.012499505
0.012499506
0.012499501
0.012499501
0.012499501
0.012499501
0.012499501
0.012499502
0.012499502
0.012499502
0.012499502
0.012499503
0.012499503
0.012499503
0.012499503
0.012499503
0.012499504
0.012499504
0.012499504
0.012499504
0.012499504
0.012499509
0.012499509
0.012499509
0.012499508
0.012499508
0.012499508
0.012499508
0.012499508
0.012499508
0.012499508
0.012499507
0.012499507
0.012499507
0.012499507
0.012499507
0.012499507
0.012499506
0.012499506
0.012499506
0.012499505
0.012499506
0.012499501
0.012499501
0.012499501
0.012499501
0.012499501
0.012499502
0.012499502
0.012499502
0.012499502
0.012499503
0.012499503
0.012499503
0.012499503
0.012499503
0.012499504
0.012499504
0.012499504
0.012499504
0.012499504
0.012499509
0.012499509
0.012499509
0.012499508
0.012499508
0.012499508
0.012499508
0.012499508
0.012499508
0.012499508
0.012499507
0.012499507
0.012499507
0.012499507
0.012499507
0.012499507
0.012499506
0.012499506
0.012499506
0.012499505
0.012499506
0.012499501
0.012499501
0.012499501
0.012499501
0.012499501
0.012499502
0.012499502
0.012499502
0.012499502
0.012499503
0.012499503
0.012499503
0.012499503
0.012499503
0.012499504
0.012499504
0.012499504
0.012499504
0.012499504
0.012499509
0.012499509
0.012499509
0.012499508
0.012499508
0.012499508
0.012499508
0.012499508
0.012499508
0.012499508
0.012499507
0.012499507
0.012499507
0.012499507
0.012499507
0.012499507
0.012499506
0.012499506
0.012499506
0.012499505
0.012499506
0.012499501
0.012499501
0.012499501
0.012499501
0.012499501
0.012499502
0.012499502
0.012499502
0.012499502
0.012499503
0.012499503
0.012499503
0.012499503
0.012499503
0.012499504
0.012499504
0.012499504
0.012499504
0.012499504
0.012499509
0.012499509
0.012499509
0.012499508
0.012499508
0.012499508
0.012499508
0.012499508
0.012499508
0.012499508
0.012499507
0.012499507
0.012499507
0.012499507
0.012499507
0.012499507
0.012499506
0.012499506
0.012499506
0.012499505
0.012499506
0.012499501
0.012499501
0.012499501
0.012499501
0.012499501
0.012499502
0.012499502
0.012499502
0.012499502
0.012499503
0.012499503
0.012499503
0.012499503
0.012499503
0.012499504
0.012499504
0.012499504
0.012499504
0.012499504
0.012499509
0.012499509
0.012499509
0.012499508
0.012499508
0.012499508
0.012499508
0.012499508
0.012499508
0.012499508
0.012499507
0.012499507
0.012499507
0.012499507
0.012499507
0.012499507
0.012499506
0.012499506
0.012499506
0.012499505
0.012499506
0.012499501
0.012499501
0.012499501
0.012499501
0.012499501
0.012499502
0.012499502
0.012499502
0.012499502
0.012499503
0.012499503
0.012499503
0.012499503
0.012499503
0.012499504
0.012499504
0.012499504
0.012499504
0.012499504
0.012499509
0.012499509
0.012499509
0.012499508
0.012499508
0.012499508
0.012499508
0.012499508
0.012499508
0.012499508
0.012499507
0.012499507
0.012499507
0.012499507
0.012499507
0.012499507
0.012499506
0.012499506
0.012499506
0.012499505
0.012499506
0.012499501
0.012499501
0.012499501
0.012499501
0.012499501
0.012499502
0.012499502
0.012499502
0.012499502
0.012499503
0.012499503
0.012499503
0.012499503
0.012499503
0.012499504
0.012499504
0.012499504
0.012499504
0.012499504
0.012499509
0.012499509
0.012499509
0.012499508
0.012499508
0.012499508
0.012499508
0.012499508
0.012499508
0.012499508
0.012499507
0.012499507
0.012499507
0.012499507
0.012499507
0.012499507
0.012499506
0.012499506
0.012499506
0.012499505
0.012499506
0.012499501
0.012499501
0.012499501
0.012499501
0.012499501
0.012499502
0.012499502
0.012499502
0.012499502
0.012499503
0.012499503
0.012499503
0.012499503
0.012499503
0.012499504
0.012499504
0.012499504
0.012499504
0.012499504
0.012499509
0.012499509
0.012499509
0.012499508
0.012499508
0.012499508
0.012499508
0.012499508
0.012499508
0.012499508
0.012499507
0.012499507
0.012499507
0.012499507
0.012499507
0.012499507
0.012499506
0.012499506
0.012499506
0.012499505
0.012499506
0.012499501
0.012499501
0.012499501
0.012499501
0.012499501
0.012499502
0.012499502
0.012499502
0.012499502
0.012499503
0.012499503
0.012499503
0.012499503
0.012499503
0.012499504
0.012499504
0.012499504
0.012499504
0.012499504
0.012499509
0.012499509
0.012499509
0.012499508
0.012499508
0.012499508
0.012499508
0.012499508
0.012499508
0.012499508
0.012499507
0.012499507
0.012499507
0.012499507
0.012499507
0.012499507
0.012499506
0.012499506
0.012499506
0.012499505
0.012499506
0.012499501
0.012499501
0.012499501
0.012499501
0.012499501
0.012499502
0.012499502
0.012499502
0.012499502
0.012499503
0.012499503
0.012499503
0.012499503
0.012499503
0.012499504
0.012499504
0.012499504
0.012499504
0.012499504
0.012499509
0.012499509
0.012499509
0.012499508
0.012499508
0.012499508
0.012499508
0.012499508
0.012499508
0.012499508
0.012499507
0.012499507
0.012499507
0.012499507
0.012499507
0.012499507
0.012499506
0.012499506
0.012499506
0.012499505
0.012499506
0.012499501
0.012499501
0.012499501
0.012499501
0.012499501
0.012499502
0.012499502
0.012499502
0.012499502
0.012499503
0.012499503
0.012499503
0.012499503
0.012499503
0.012499504
0.012499504
0.012499504
0.012499504
0.012499504
0.012499509
0.012499509
0.012499509
0.012499508
0.012499508
0.012499508
0.012499508
0.012499508
0.012499508
0.012499508
0.012499507
0.012499507
0.012499507
0.012499507
0.012499507
0.012499507
0.012499506
0.012499506
0.012499506
0.012499505
0.012499506
0.012499501
0.012499501
0.012499501
0.012499501
0.012499501
0.012499502
0.012499502
0.012499502
0.012499502
0.012499503
0.012499503
0.012499503
0.012499503
0.012499503
0.012499504
0.012499504
0.012499504
0.012499504
0.012499504
0.012499509
0.012499509
0.012499509
0.012499508
0.012499508
0.012499508
0.012499508
0.012499508
0.012499508
0.012499508
0.012499507
0.012499507
0.012499507
0.012499507
0.012499507
0.012499507
0.012499506
0.012499506
0.012499506
0.012499505
0.012499506
0.012499501
0.012499501
0.012499501
0.012499501
0.012499501
0.012499502
0.012499502
0.012499502
0.012499502
0.012499503
0.012499503
0.012499503
0.012499503
0.012499503
0.012499504
0.012499504
0.012499504
0.012499504
0.012499504
0.012499509
0.012499509
0.012499509
0.012499508
0.012499508
0.012499508
0.012499508
0.012499508
0.012499508
0.012499508
0.012499507
0.012499507
0.012499507
0.012499507
0.012499507
0.012499507
0.012499506
0.012499506
0.012499506
0.012499505
0.012499506
0.012499501
0.012499501
0.012499501
0.012499501
0.012499501
0.012499502
0.012499502
0.012499502
0.012499502
0.012499502
0.012499503
0.012499503
0.012499503
0.012499503
0.012499504
0.012499504
0.012499504
0.012499504
0.012499504
0.012499509
0.012499509
0.012499508
0.012499508
0.012499508
0.012499508
0.012499508
0.012499508
0.012499508
0.012499508
0.012499507
0.012499507
0.012499507
0.012499507
0.012499507
0.012499507
0.012499506
0.012499506
0.012499506
0.012499505
0.012499506
0.012499501
0.012499501
0.012499501
0.012499501
0.012499501
0.012499502
0.012499502
0.012499502
0.012499502
0.012499502
0.012499503
0.012499503
0.012499503
0.012499503
0.012499504
0.012499504
0.012499504
0.012499504
0.012499504
0.012499509
0.012499509
0.012499508
0.012499508
0.012499508
0.012499508
0.012499508
0.012499508
0.012499508
0.012499508
0.012499507
0.012499507
0.012499507
0.012499507
0.012499507
0.012499507
0.012499506
0.012499506
0.012499506
0.012499505
0.012499506
0.012499501
0.012499501
0.012499501
0.012499501
0.012499501
0.012499502
0.012499502
0.012499502
0.012499502
0.012499502
0.012499503
0.012499503
0.012499503
0.012499503
0.012499504
0.012499504
0.012499504
0.012499504
0.012499504
0.012499509
0.012499509
0.012499508
0.012499508
0.012499508
0.012499508
0.012499508
0.012499508
0.012499508
0.012499508
0.012499507
0.012499507
0.012499507
0.012499507
0.012499507
0.012499507
0.012499506
0.012499506
0.012499506
0.012499505
0.012499506
0.012499501
0.012499501
0.012499501
0.012499501
0.012499501
0.012499502
0.012499502
0.012499502
0.012499502
0.012499502
0.012499503
0.012499503
0.012499503
0.012499503
0.012499504
0.012499504
0.012499504
0.012499504
0.012499504
0.012499509
0.012499509
0.012499508
0.012499508
0.012499508
0.012499508
0.012499508
0.012499508
0.012499508
0.012499508
0.012499507
0.012499507
0.012499507
0.012499507
0.012499507
0.012499506
0.012499506
0.012499506
0.012499506
0.012499505
0.012499506
0.012499501
0.012499501
0.012499501
0.012499501
0.012499501
0.012499502
0.012499502
0.012499502
0.012499502
0.012499502
0.012499503
0.012499503
0.012499503
0.012499503
0.012499503
0.012499504
0.012499504
0.012499504
0.012499504
0.012499509
0.012499509
0.012499508
0.012499508
0.012499508
0.012499508
0.012499508
0.012499508
0.012499508
0.012499508
0.012499507
0.012499507
0.012499507
0.012499507
0.012499507
0.012499506
0.012499506
0.012499506
0.012499506
0.012499505
0.012499506
0.012499501
0.012499501
0.012499501
0.012499501
0.012499501
0.012499502
0.012499502
0.012499502
0.012499502
0.012499502
0.012499503
0.012499503
0.012499503
0.012499503
0.012499503
0.012499504
0.012499504
0.012499504
0.012499504
0.012499509
0.012499509
0.012499508
0.012499508
0.012499508
0.012499508
0.012499508
0.012499508
0.012499508
0.012499507
0.012499507
0.012499507
0.012499507
0.012499507
0.012499507
0.012499506
0.012499506
0.012499506
0.012499506
0.012499505
0.012499506
0.012499501
0.012499501
0.012499501
0.012499501
0.012499501
0.012499502
0.012499502
0.012499502
0.012499502
0.012499502
0.012499503
0.012499503
0.012499503
0.012499503
0.012499503
0.012499504
0.012499504
0.012499504
0.012499504
0.012499509
0.012499509
0.012499508
0.012499508
0.012499508
0.012499508
0.012499508
0.012499508
0.012499508
0.012499507
0.012499507
0.012499507
0.012499507
0.012499507
0.012499507
0.012499506
0.012499506
0.012499506
0.012499506
0.012499505
0.012499506
0.012499501
0.012499501
0.012499501
0.012499501
0.012499501
0.012499502
0.012499502
0.012499502
0.012499502
0.012499502
0.012499503
0.012499503
0.012499503
0.012499503
0.012499503
0.012499504
0.012499504
0.012499504
0.012499504
0.012499509
0.012499509
0.012499508
0.012499508
0.012499508
0.012499508
0.012499508
0.012499508
0.012499508
0.012499507
0.012499507
0.012499507
0.012499507
0.012499507
0.012499507
0.012499506
0.012499506
0.012499506
0.012499506
0.012499505
0.012499506
0.012499501
0.012499501
0.012499501
0.012499501
0.012499501
0.012499502
0.012499502
0.012499502
0.012499502
0.012499502
0.012499503
0.012499503
0.012499503
0.012499503
0.012499503
0.012499504
0.012499504
0.012499504
0.012499504
0.012499509
0.012499509
0.012499508
0.012499508
0.012499508
0.012499508
0.012499508
0.012499508
0.012499508
0.012499507
0.012499507
0.012499507
0.012499507
0.012499507
0.012499507
0.012499506
0.012499506
0.012499506
0.012499506
0.012499505
0.012499506
)
;
        Tnbr            T;
        kappaMethod     fluidThermo;
    }
}


// ************************************************************************* //
