/*--------------------------------*- C++ -*----------------------------------*\
| =========                 |                                                 |
| \\      /  F ield         | OpenFOAM: The Open Source CFD Toolbox           |
|  \\    /   O peration     | Version:  2412                                  |
|   \\  /    A nd           | Website:  www.openfoam.com                      |
|    \\/     M anipulation  |                                                 |
\*---------------------------------------------------------------------------*/
FoamFile
{
    version     2.0;
    format      ascii;
    arch        "LSB;label=32;scalar=64";
    class       volScalarField;
    location    "2000/domain5";
    object      T;
}
// * * * * * * * * * * * * * * * * * * * * * * * * * * * * * * * * * * * * * //

dimensions      [0 0 0 1 0 0 0];

internalField   nonuniform List<scalar> 
24000
(
0.01247973
0.012457649
0.012442484
0.012431415
0.012423152
0.012416975
0.012412438
0.012409249
0.012407218
0.012406232
0.012406237
0.012407233
0.012409273
0.012412473
0.01241702
0.012423208
0.012431484
0.012442566
0.012457746
0.012479852
0.012457617
0.012399644
0.012356983
0.01232499
0.012300822
0.012282651
0.012269259
0.012259825
0.012253809
0.012250881
0.012250886
0.012253825
0.012259851
0.012269297
0.012282701
0.012300885
0.012325067
0.012357076
0.012399757
0.012457757
0.012442432
0.01235696
0.012291416
0.012241096
0.012202565
0.012173356
0.012151716
0.012136422
0.012126649
0.012121886
0.012121892
0.012126666
0.012136451
0.012151757
0.01217341
0.012202633
0.012241181
0.012291518
0.012357085
0.012442584
0.012431347
0.012324948
0.012241077
0.012175457
0.012124562
0.012085644
0.012056643
0.012036067
0.012022885
0.012016452
0.012016458
0.012022903
0.012036098
0.012056687
0.012085702
0.012124635
0.012175548
0.012241188
0.012325081
0.012431507
0.01242307
0.012300765
0.01220253
0.012124546
0.012063399
0.012016269
0.01198095
0.011955792
0.011939633
0.011931735
0.011931742
0.011939652
0.011955824
0.011980996
0.01201633
0.012063476
0.012124641
0.012202647
0.012300905
0.012423237
0.012416882
0.012282582
0.012173308
0.012085614
0.012016256
0.011962438
0.011921904
0.011892928
0.011874273
0.011865143
0.011865149
0.011874293
0.011892962
0.011921952
0.011962501
0.012016336
0.012085714
0.012173429
0.012282727
0.012417054
0.012412334
0.012269179
0.012151657
0.012056602
0.011980925
0.011921892
0.011877249
0.011845241
0.011824592
0.011814474
0.011814481
0.011824613
0.011845276
0.011877299
0.011921958
0.011981008
0.012056705
0.012151782
0.012269328
0.012412512
0.012409137
0.012259736
0.012136354
0.012036016
0.011955757
0.011892906
0.011845231
0.011810971
0.011788835
0.011777978
0.011777985
0.011788856
0.011811007
0.011845282
0.011892974
0.011955842
0.012036121
0.012136481
0.012259888
0.012409317
0.012407099
0.012253712
0.012126573
0.012022826
0.011939589
0.011874243
0.011824573
0.011788826
0.011765704
0.011754356
0.011754363
0.011765725
0.011788862
0.011824625
0.011874311
0.011939676
0.012022932
0.012126702
0.012253867
0.012407282
0.012406108
0.012250779
0.012121803
0.012016386
0.011931684
0.011865105
0.011814448
0.011777961
0.011754349
0.011742757
0.011742764
0.01175437
0.011777998
0.0118145
0.011865174
0.011931772
0.012016493
0.012121933
0.012250934
0.012406291
0.012406108
0.012250779
0.012121804
0.012016386
0.011931685
0.011865105
0.011814448
0.011777962
0.011754349
0.011742757
0.011742764
0.01175437
0.011777998
0.0118145
0.011865174
0.011931772
0.012016493
0.012121934
0.012250934
0.012406292
0.0124071
0.012253713
0.012126573
0.012022827
0.01193959
0.011874243
0.011824574
0.011788827
0.011765705
0.011754357
0.011754364
0.011765726
0.011788863
0.011824626
0.011874312
0.011939677
0.012022933
0.012126702
0.012253867
0.012407283
0.012409138
0.012259737
0.012136355
0.012036018
0.011955758
0.011892908
0.011845233
0.011810973
0.011788836
0.011777979
0.011777986
0.011788857
0.011811008
0.011845283
0.011892975
0.011955843
0.012036123
0.012136483
0.012259889
0.012409318
0.012412336
0.012269181
0.012151659
0.012056604
0.011980927
0.011921894
0.011877252
0.011845243
0.011824594
0.011814476
0.011814483
0.011824615
0.011845278
0.011877301
0.01192196
0.01198101
0.012056707
0.012151784
0.01226933
0.012412513
0.012416884
0.012282585
0.01217331
0.012085617
0.012016258
0.011962441
0.011921907
0.011892931
0.011874276
0.011865146
0.011865152
0.011874296
0.011892965
0.011921955
0.011962504
0.012016339
0.012085716
0.012173431
0.012282729
0.012417056
0.012423073
0.012300769
0.012202534
0.012124549
0.012063402
0.012016273
0.011980954
0.011955795
0.011939637
0.011931739
0.011931745
0.011939656
0.011955828
0.011980999
0.012016334
0.012063479
0.012124644
0.01220265
0.012300908
0.01242324
0.012431351
0.012324952
0.012241081
0.012175461
0.012124566
0.012085648
0.012056648
0.012036071
0.012022889
0.012016456
0.012016462
0.012022907
0.012036102
0.012056691
0.012085706
0.012124639
0.012175551
0.012241191
0.012325085
0.01243151
0.012442437
0.012356964
0.01229142
0.012241101
0.01220257
0.012173361
0.012151721
0.012136428
0.012126654
0.012121892
0.012121897
0.012126671
0.012136456
0.012151762
0.012173415
0.012202638
0.012241185
0.012291523
0.012357089
0.012442587
0.012457622
0.012399649
0.012356989
0.012324996
0.012300828
0.012282657
0.012269265
0.012259831
0.012253815
0.012250887
0.012250893
0.012253831
0.012259858
0.012269303
0.012282707
0.01230089
0.012325072
0.012357082
0.012399762
0.012457761
0.012479736
0.012457655
0.012442491
0.012431422
0.012423159
0.012416982
0.012412445
0.012409256
0.012407226
0.01240624
0.012406245
0.01240724
0.01240928
0.01241248
0.012417027
0.012423215
0.01243149
0.012442572
0.012457752
0.012479857
0.012499497
0.012500839
0.012501615
0.012501971
0.012502053
0.012501979
0.012501836
0.012501685
0.012501566
0.012501502
0.012501505
0.012501574
0.012501698
0.012501854
0.012502002
0.012502082
0.012502005
0.012501655
0.012500885
0.012499553
0.01250083
0.012504251
0.012506258
0.01250714
0.012507272
0.01250698
0.012506507
0.012506027
0.012505652
0.01250545
0.012505453
0.012505661
0.012506042
0.012506528
0.012507006
0.012507305
0.012507179
0.012506304
0.012504304
0.012500892
0.0125016
0.012506251
0.012508943
0.012510018
0.012510004
0.012509379
0.012508515
0.012507672
0.012507024
0.012506678
0.012506681
0.012507034
0.012507688
0.012508538
0.012509409
0.01251004
0.012510061
0.012508993
0.012506309
0.012501666
0.012501951
0.012507127
0.012510012
0.012510973
0.012510637
0.012509589
0.012508288
0.012507065
0.01250614
0.012505648
0.012505651
0.012506151
0.012507083
0.012508313
0.012509621
0.012510676
0.01251102
0.012510066
0.012507189
0.01250202
0.012502029
0.012507255
0.012509992
0.012510631
0.012509863
0.012508345
0.012506598
0.012505
0.012503807
0.012503175
0.012503179
0.012503818
0.012505019
0.012506624
0.012508379
0.012509904
0.01251068
0.012510049
0.012507319
0.0125021
0.012501951
0.012506957
0.012509363
0.012509578
0.012508339
0.012506353
0.012504182
0.012502236
0.012500798
0.012500039
0.012500043
0.01250081
0.012502256
0.012504209
0.012506388
0.012508383
0.012509629
0.012509422
0.012507024
0.012502024
0.012501804
0.012506481
0.012508494
0.012508273
0.012506588
0.012504177
0.012501631
0.012499384
0.012497734
0.012496867
0.012496871
0.012497746
0.012499404
0.012501659
0.012504213
0.012506633
0.012508326
0.012508554
0.012506549
0.012501879
0.01250165
0.012505997
0.012507647
0.012507045
0.012504985
0.012502227
0.012499379
0.012496892
0.012495075
0.012494123
0.012494127
0.012495088
0.012496913
0.012499408
0.012502264
0.012505031
0.012507099
0.012507708
0.012506066
0.012501726
0.012501528
0.012505619
0.012506996
0.012506116
0.012503788
0.012500784
0.012497725
0.012495071
0.012493139
0.012492128
0.012492132
0.012493152
0.012495092
0.012497755
0.012500822
0.012503834
0.012506171
0.012507058
0.012505688
0.012501605
0.012501462
0.012505414
0.012506646
0.01250562
0.012503152
0.012500022
0.012496854
0.012494115
0.012492123
0.012491082
0.012491086
0.012492136
0.012494136
0.012496884
0.01250006
0.012503199
0.012505675
0.012506708
0.012505484
0.012501539
0.012501462
0.012505414
0.012506646
0.012505621
0.012503153
0.012500022
0.012496855
0.012494115
0.012492124
0.012491082
0.012491087
0.012492137
0.012494136
0.012496885
0.01250006
0.0125032
0.012505676
0.012506709
0.012505484
0.012501539
0.012501529
0.01250562
0.012506997
0.012506117
0.012503789
0.012500785
0.012497726
0.012495072
0.01249314
0.012492129
0.012492133
0.012493153
0.012495093
0.012497756
0.012500823
0.012503835
0.012506172
0.012507059
0.012505689
0.012501605
0.012501652
0.012505999
0.012507648
0.012507047
0.012504987
0.012502229
0.012499381
0.012496894
0.012495077
0.012494125
0.012494129
0.01249509
0.012496915
0.01249941
0.012502266
0.012505033
0.012507101
0.01250771
0.012506067
0.012501727
0.012501806
0.012506483
0.012508496
0.012508275
0.01250659
0.012504179
0.012501633
0.012499386
0.012497737
0.01249687
0.012496874
0.012497749
0.012499407
0.012501662
0.012504216
0.012506635
0.012508328
0.012508556
0.012506551
0.012501881
0.012501953
0.01250696
0.012509366
0.012509581
0.012508343
0.012506356
0.012504185
0.01250224
0.012500801
0.012500043
0.012500047
0.012500813
0.012502259
0.012504212
0.012506392
0.012508386
0.012509632
0.012509424
0.012507026
0.012502026
0.012502032
0.012507258
0.012509996
0.012510635
0.012509867
0.012508349
0.012506602
0.012505004
0.012503811
0.012503179
0.012503183
0.012503822
0.012505023
0.012506628
0.012508382
0.012509908
0.012510684
0.012510052
0.012507322
0.012502103
0.012501955
0.012507131
0.012510016
0.012510978
0.012510641
0.012509594
0.012508293
0.01250707
0.012506145
0.012505653
0.012505656
0.012506155
0.012507088
0.012508318
0.012509625
0.01251068
0.012511024
0.01251007
0.012507192
0.012502023
0.012501604
0.012506256
0.012508948
0.012510023
0.012510009
0.012509385
0.012508521
0.012507677
0.01250703
0.012506684
0.012506687
0.01250704
0.012507694
0.012508543
0.012509414
0.012510045
0.012510066
0.012508998
0.012506313
0.01250167
0.012500835
0.012504257
0.012506264
0.012507146
0.012507279
0.012506986
0.012506514
0.012506034
0.012505659
0.012505457
0.01250546
0.012505667
0.012506048
0.012506534
0.012507013
0.012507311
0.012507185
0.012506309
0.012504309
0.012500897
0.012499504
0.012500846
0.012501622
0.012501978
0.01250206
0.012501986
0.012501844
0.012501693
0.012501573
0.01250151
0.012501512
0.012501581
0.012501705
0.012501861
0.012502009
0.012502088
0.012502012
0.012501661
0.012500891
0.012499558
0.012498935
0.012499226
0.012499505
0.012499759
0.01249998
0.012500164
0.012500309
0.012500416
0.012500487
0.012500523
0.012500524
0.012500491
0.012500422
0.012500317
0.012500174
0.012499993
0.012499774
0.012499523
0.012499247
0.012498959
0.012499224
0.012500094
0.012500929
0.01250169
0.012502352
0.0125029
0.012503331
0.01250365
0.012503859
0.012503963
0.012503964
0.012503863
0.012503656
0.01250334
0.012502911
0.012502366
0.012501707
0.012500948
0.012500117
0.012499251
0.012499501
0.012500927
0.0125023
0.012503555
0.012504644
0.012505544
0.012506253
0.012506774
0.012507116
0.012507285
0.012507287
0.01250712
0.012506781
0.012506262
0.012505557
0.012504659
0.012503573
0.012502322
0.012500951
0.012499529
0.012499753
0.012501687
0.012503553
0.01250526
0.012506742
0.012507966
0.012508929
0.012509637
0.012510102
0.012510332
0.012510333
0.012510106
0.012509645
0.01250894
0.01250798
0.012506758
0.01250528
0.012503576
0.012501713
0.012499783
0.012499973
0.012502347
0.01250464
0.01250674
0.012508563
0.012510072
0.012511258
0.01251213
0.012512703
0.012512986
0.012512988
0.012512707
0.012512138
0.012511269
0.012510086
0.01250858
0.01250676
0.012504664
0.012502374
0.012500003
0.012500156
0.012502893
0.01250554
0.012507963
0.01251007
0.012511815
0.012513188
0.012514199
0.012514863
0.012515192
0.012515194
0.012514868
0.012514208
0.0125132
0.012511829
0.012510088
0.012507984
0.012505564
0.012502921
0.012500187
0.0125003
0.012503324
0.012506247
0.012508925
0.012511255
0.012513187
0.012514709
0.012515831
0.012516568
0.012516934
0.012516935
0.012516573
0.01251584
0.012514721
0.012513202
0.012511273
0.012508946
0.012506271
0.012503352
0.012500331
0.012500406
0.012503641
0.012506766
0.012509631
0.012512126
0.012514196
0.01251583
0.012517035
0.012517827
0.012518219
0.012518221
0.012517832
0.012517043
0.012515842
0.012514212
0.012512145
0.012509653
0.012506792
0.012503669
0.012500438
0.012500476
0.012503849
0.012507107
0.012510095
0.012512697
0.012514859
0.012516565
0.012517825
0.012518653
0.012519064
0.012519066
0.012518659
0.012517834
0.012516578
0.012514874
0.012512716
0.012510117
0.012507133
0.012503878
0.012500508
0.012500511
0.012503952
0.012507276
0.012510324
0.012512979
0.012515186
0.012516929
0.012518217
0.012519063
0.012519483
0.012519485
0.012519068
0.012518225
0.012516942
0.012515202
0.012512999
0.012510346
0.012507301
0.012503981
0.012500543
0.012500511
0.012503952
0.012507276
0.012510324
0.01251298
0.012515187
0.01251693
0.012518217
0.012519063
0.012519484
0.012519485
0.012519069
0.012518226
0.012516942
0.012515202
0.012512999
0.012510346
0.012507302
0.012503981
0.012500543
0.012500477
0.01250385
0.012507108
0.012510095
0.012512698
0.01251486
0.012516566
0.012517826
0.012518655
0.012519066
0.012519067
0.01251866
0.012517835
0.012516579
0.012514875
0.012512717
0.012510118
0.012507134
0.012503878
0.012500509
0.012500408
0.012503642
0.012506768
0.012509633
0.012512128
0.012514198
0.012515832
0.012517037
0.012517828
0.012518221
0.012518223
0.012517834
0.012517045
0.012515844
0.012514214
0.012512146
0.012509655
0.012506793
0.012503671
0.012500439
0.012500302
0.012503326
0.012506249
0.012508927
0.012511257
0.012513189
0.012514712
0.012515834
0.012516571
0.012516936
0.012516938
0.012516576
0.012515842
0.012514724
0.012513204
0.012511276
0.012508949
0.012506273
0.012503354
0.012500333
0.012500158
0.012502896
0.012505542
0.012507966
0.012510073
0.012511818
0.012513191
0.012514203
0.012514866
0.012515195
0.012515197
0.012514871
0.012514211
0.012513203
0.012511833
0.012510091
0.012507987
0.012505567
0.012502923
0.012500189
0.012499976
0.01250235
0.012504644
0.012506744
0.012508567
0.012510076
0.012511262
0.012512135
0.012512707
0.012512991
0.012512992
0.012512712
0.012512142
0.012511273
0.01251009
0.012508584
0.012506764
0.012504667
0.012502376
0.012500006
0.012499757
0.012501691
0.012503558
0.012505265
0.012506746
0.012507971
0.012508934
0.012509642
0.012510107
0.012510337
0.012510338
0.012510111
0.01250965
0.012508944
0.012507984
0.012506762
0.012505284
0.01250358
0.012501716
0.012499786
0.012499505
0.012500932
0.012502306
0.01250356
0.012504649
0.01250555
0.012506258
0.012506779
0.012507121
0.012507291
0.012507292
0.012507125
0.012506786
0.012506268
0.012505562
0.012504664
0.012503578
0.012502327
0.012500956
0.012499533
0.012499229
0.0125001
0.012500935
0.012501696
0.012502358
0.012502906
0.012503338
0.012503656
0.012503865
0.012503969
0.012503971
0.012503869
0.012503662
0.012503347
0.012502917
0.012502372
0.012501713
0.012500954
0.012500122
0.012499255
0.012498941
0.012499233
0.012499512
0.012499766
0.012499987
0.012500171
0.012500316
0.012500424
0.012500495
0.01250053
0.012500531
0.012500498
0.012500429
0.012500324
0.012500181
0.0125
0.012499781
0.012499529
0.012499253
0.012498964
0.012498981
0.012499024
0.012499066
0.012499107
0.012499145
0.012499179
0.012499208
0.012499231
0.012499247
0.012499255
0.012499256
0.012499249
0.012499234
0.012499212
0.012499184
0.012499151
0.012499114
0.012499075
0.012499034
0.012498992
0.012499023
0.012499151
0.012499277
0.012499398
0.012499511
0.012499613
0.012499699
0.012499766
0.012499812
0.012499836
0.012499837
0.012499814
0.012499769
0.012499703
0.012499618
0.012499518
0.012499406
0.012499286
0.012499162
0.012499036
0.012499065
0.012499276
0.012499484
0.012499686
0.012499875
0.012500043
0.012500186
0.012500298
0.012500375
0.012500414
0.012500415
0.012500377
0.012500301
0.012500191
0.012500049
0.012499882
0.012499695
0.012499494
0.012499288
0.012499079
0.012499106
0.012499397
0.012499685
0.012499965
0.012500227
0.012500462
0.01250066
0.012500815
0.012500921
0.012500975
0.012500976
0.012500923
0.012500818
0.012500665
0.012500468
0.012500235
0.012499974
0.012499696
0.012499409
0.01249912
0.012499144
0.01249951
0.012499874
0.012500227
0.012500558
0.012500854
0.012501103
0.012501298
0.012501432
0.0125015
0.0125015
0.012501434
0.012501302
0.012501108
0.01250086
0.012500566
0.012500236
0.012499885
0.012499523
0.012499158
0.012499178
0.012499611
0.012500042
0.012500461
0.012500853
0.012501204
0.012501499
0.012501729
0.012501887
0.012501967
0.012501968
0.012501889
0.012501733
0.012501504
0.01250121
0.012500861
0.012500471
0.012500054
0.012499624
0.012499192
0.012499206
0.012499697
0.012500185
0.012500659
0.012501103
0.012501499
0.012501832
0.012502092
0.012502269
0.01250236
0.012502361
0.012502272
0.012502096
0.012501838
0.012501506
0.012501111
0.012500669
0.012500197
0.01249971
0.012499221
0.012499229
0.012499764
0.012500296
0.012500813
0.012501297
0.012501728
0.012502091
0.012502374
0.012502567
0.012502665
0.012502666
0.01250257
0.012502378
0.012502097
0.012501735
0.012501306
0.012500824
0.012500308
0.012499777
0.012499244
0.012499244
0.01249981
0.012500373
0.012500919
0.01250143
0.012501886
0.012502269
0.012502567
0.01250277
0.012502874
0.012502875
0.012502773
0.012502571
0.012502274
0.012501893
0.012501439
0.01250093
0.012500385
0.012499823
0.012499259
0.012499252
0.012499833
0.012500412
0.012500973
0.012501498
0.012501965
0.012502359
0.012502665
0.012502874
0.01250298
0.012502981
0.012502876
0.012502669
0.012502364
0.012501973
0.012501507
0.012500983
0.012500424
0.012499847
0.012499267
0.012499253
0.012499834
0.012500412
0.012500974
0.012501498
0.012501966
0.012502359
0.012502665
0.012502874
0.012502981
0.012502981
0.012502877
0.012502669
0.012502365
0.012501973
0.012501507
0.012500984
0.012500424
0.012499847
0.012499267
0.012499245
0.012499811
0.012500374
0.01250092
0.012501431
0.012501887
0.01250227
0.012502568
0.012502772
0.012502875
0.012502876
0.012502774
0.012502572
0.012502275
0.012501894
0.01250144
0.01250093
0.012500385
0.012499824
0.01249926
0.01249923
0.012499765
0.012500298
0.012500815
0.012501299
0.01250173
0.012502093
0.012502376
0.012502569
0.012502667
0.012502668
0.012502571
0.01250238
0.012502099
0.012501737
0.012501307
0.012500825
0.012500309
0.012499778
0.012499245
0.012499208
0.012499699
0.012500187
0.012500661
0.012501105
0.012501501
0.012501835
0.012502094
0.012502272
0.012502363
0.012502363
0.012502274
0.012502098
0.01250184
0.012501508
0.012501113
0.012500671
0.012500199
0.012499712
0.012499223
0.01249918
0.012499614
0.012500045
0.012500464
0.012500856
0.012501207
0.012501502
0.012501732
0.01250189
0.01250197
0.012501971
0.012501892
0.012501736
0.012501507
0.012501213
0.012500864
0.012500474
0.012500056
0.012499627
0.012499194
0.012499147
0.012499513
0.012499877
0.012500231
0.012500562
0.012500858
0.012501107
0.012501302
0.012501436
0.012501504
0.012501505
0.012501438
0.012501306
0.012501112
0.012500864
0.012500569
0.01250024
0.012499888
0.012499526
0.012499161
0.01249911
0.012499401
0.01249969
0.01249997
0.012500232
0.012500467
0.012500665
0.01250082
0.012500926
0.01250098
0.012500981
0.012500928
0.012500823
0.01250067
0.012500473
0.012500239
0.012499978
0.0124997
0.012499413
0.012499123
0.01249907
0.012499281
0.012499489
0.012499691
0.01249988
0.012500049
0.012500192
0.012500304
0.012500381
0.01250042
0.012500421
0.012500383
0.012500307
0.012500196
0.012500055
0.012499887
0.012499699
0.012499499
0.012499292
0.012499083
0.012499028
0.012499157
0.012499283
0.012499404
0.012499518
0.012499619
0.012499705
0.012499773
0.012499819
0.012499843
0.012499843
0.012499821
0.012499775
0.012499709
0.012499624
0.012499524
0.012499412
0.012499291
0.012499167
0.01249904
0.012498987
0.012499031
0.012499073
0.012499114
0.012499153
0.012499187
0.012499216
0.012499239
0.012499255
0.012499263
0.012499263
0.012499256
0.012499241
0.01249922
0.012499192
0.012499158
0.012499121
0.012499081
0.01249904
0.012498997
0.012499081
0.012499084
0.012499086
0.012499089
0.012499091
0.012499093
0.012499094
0.012499096
0.012499097
0.012499098
0.012499098
0.012499098
0.012499097
0.012499097
0.012499095
0.012499094
0.012499093
0.012499091
0.012499089
0.012499087
0.012499084
0.012499091
0.012499097
0.012499103
0.012499109
0.012499113
0.012499118
0.012499121
0.012499124
0.012499126
0.012499126
0.012499125
0.012499123
0.01249912
0.012499117
0.012499112
0.012499107
0.012499102
0.012499097
0.012499091
0.012499086
0.012499097
0.012499107
0.012499117
0.012499125
0.012499133
0.01249914
0.012499146
0.01249915
0.012499152
0.012499153
0.012499151
0.012499148
0.012499143
0.012499136
0.012499129
0.012499121
0.012499113
0.012499104
0.012499094
0.012499089
0.012499103
0.012499117
0.012499129
0.012499141
0.012499152
0.012499161
0.012499169
0.012499174
0.012499177
0.012499178
0.012499176
0.012499171
0.012499164
0.012499155
0.012499145
0.012499134
0.012499122
0.01249911
0.012499096
0.012499091
0.012499109
0.012499125
0.012499141
0.012499156
0.012499169
0.012499181
0.012499191
0.012499198
0.012499201
0.012499202
0.012499199
0.012499193
0.012499184
0.012499173
0.01249916
0.012499146
0.012499131
0.012499116
0.012499099
0.012499093
0.012499114
0.012499133
0.012499152
0.012499169
0.012499185
0.012499199
0.012499211
0.012499219
0.012499223
0.012499224
0.01249922
0.012499213
0.012499202
0.012499189
0.012499174
0.012499157
0.01249914
0.012499121
0.012499101
0.012499095
0.012499118
0.01249914
0.012499161
0.012499181
0.012499199
0.012499215
0.012499228
0.012499238
0.012499243
0.012499243
0.012499239
0.01249923
0.012499218
0.012499203
0.012499186
0.012499167
0.012499147
0.012499125
0.012499103
0.012499096
0.012499122
0.012499146
0.012499169
0.012499191
0.012499211
0.012499228
0.012499243
0.012499253
0.012499258
0.012499259
0.012499254
0.012499245
0.012499231
0.012499215
0.012499195
0.012499175
0.012499152
0.012499129
0.012499104
0.012499097
0.012499124
0.01249915
0.012499174
0.012499198
0.012499219
0.012499238
0.012499253
0.012499263
0.012499269
0.01249927
0.012499265
0.012499255
0.012499241
0.012499223
0.012499202
0.01249918
0.012499156
0.012499131
0.012499105
0.012499098
0.012499126
0.012499152
0.012499177
0.012499201
0.012499223
0.012499242
0.012499258
0.012499269
0.012499275
0.012499276
0.012499271
0.01249926
0.012499246
0.012499227
0.012499206
0.012499183
0.012499159
0.012499133
0.012499106
0.012499098
0.012499126
0.012499153
0.012499178
0.012499202
0.012499224
0.012499243
0.012499258
0.01249927
0.012499276
0.012499276
0.012499271
0.012499261
0.012499246
0.012499227
0.012499206
0.012499183
0.012499159
0.012499133
0.012499106
0.012499098
0.012499125
0.012499151
0.012499175
0.012499199
0.01249922
0.012499239
0.012499254
0.012499265
0.01249927
0.012499271
0.012499266
0.012499256
0.012499242
0.012499224
0.012499203
0.012499181
0.012499157
0.012499132
0.012499106
0.012499098
0.012499123
0.012499148
0.012499171
0.012499192
0.012499213
0.01249923
0.012499244
0.012499255
0.01249926
0.01249926
0.012499256
0.012499246
0.012499233
0.012499216
0.012499197
0.012499176
0.012499154
0.01249913
0.012499105
0.012499097
0.01249912
0.012499143
0.012499164
0.012499184
0.012499202
0.012499218
0.012499231
0.01249924
0.012499245
0.012499246
0.012499241
0.012499233
0.012499221
0.012499205
0.012499188
0.012499169
0.012499149
0.012499127
0.012499104
0.012499096
0.012499117
0.012499136
0.012499155
0.012499172
0.012499189
0.012499203
0.012499214
0.012499222
0.012499227
0.012499227
0.012499223
0.012499216
0.012499205
0.012499192
0.012499177
0.01249916
0.012499142
0.012499123
0.012499103
0.012499094
0.012499112
0.012499129
0.012499145
0.01249916
0.012499173
0.012499185
0.012499195
0.012499202
0.012499206
0.012499206
0.012499203
0.012499197
0.012499188
0.012499177
0.012499164
0.01249915
0.012499135
0.012499119
0.012499101
0.012499093
0.012499107
0.012499121
0.012499134
0.012499146
0.012499157
0.012499166
0.012499174
0.012499179
0.012499182
0.012499183
0.01249918
0.012499176
0.012499169
0.01249916
0.01249915
0.012499138
0.012499126
0.012499113
0.0124991
0.012499091
0.012499102
0.012499112
0.012499122
0.012499131
0.012499139
0.012499146
0.012499152
0.012499156
0.012499158
0.012499158
0.012499157
0.012499153
0.012499148
0.012499142
0.012499134
0.012499126
0.012499117
0.012499108
0.012499098
0.012499089
0.012499096
0.012499103
0.012499109
0.012499115
0.01249912
0.012499124
0.012499128
0.012499131
0.012499132
0.012499132
0.012499132
0.01249913
0.012499126
0.012499123
0.012499118
0.012499113
0.012499108
0.012499102
0.012499095
0.012499087
0.01249909
0.012499093
0.012499096
0.012499098
0.0124991
0.012499102
0.012499103
0.012499104
0.012499105
0.012499105
0.012499105
0.012499105
0.012499104
0.012499102
0.012499101
0.012499099
0.012499097
0.012499095
0.012499093
0.012499163
0.012499162
0.012499162
0.012499162
0.012499161
0.012499161
0.012499161
0.012499161
0.012499161
0.012499161
0.012499161
0.012499161
0.012499162
0.012499162
0.012499163
0.012499164
0.012499164
0.012499165
0.012499166
0.012499167
0.012499163
0.012499161
0.01249916
0.012499158
0.012499156
0.012499155
0.012499154
0.012499153
0.012499152
0.012499152
0.012499152
0.012499153
0.012499154
0.012499155
0.012499157
0.012499159
0.012499161
0.012499163
0.012499165
0.012499167
0.012499163
0.01249916
0.012499157
0.012499154
0.012499151
0.012499148
0.012499146
0.012499144
0.012499143
0.012499143
0.012499143
0.012499144
0.012499146
0.012499148
0.012499151
0.012499154
0.012499157
0.012499161
0.012499164
0.012499168
0.012499163
0.012499159
0.012499154
0.01249915
0.012499146
0.012499142
0.012499138
0.012499136
0.012499134
0.012499133
0.012499134
0.012499135
0.012499137
0.01249914
0.012499144
0.012499148
0.012499153
0.012499158
0.012499163
0.012499168
0.012499162
0.012499157
0.012499152
0.012499146
0.01249914
0.012499135
0.012499131
0.012499127
0.012499125
0.012499124
0.012499125
0.012499126
0.012499129
0.012499133
0.012499138
0.012499143
0.012499149
0.012499156
0.012499162
0.012499168
0.012499162
0.012499156
0.012499149
0.012499142
0.012499135
0.012499129
0.012499124
0.01249912
0.012499117
0.012499116
0.012499116
0.012499118
0.012499121
0.012499126
0.012499132
0.012499138
0.012499146
0.012499153
0.012499161
0.012499167
0.012499162
0.012499155
0.012499147
0.012499139
0.012499131
0.012499124
0.012499118
0.012499113
0.01249911
0.012499109
0.012499109
0.012499111
0.012499115
0.01249912
0.012499127
0.012499134
0.012499143
0.012499151
0.012499159
0.012499167
0.012499162
0.012499154
0.012499145
0.012499136
0.012499128
0.01249912
0.012499114
0.012499108
0.012499105
0.012499103
0.012499104
0.012499106
0.01249911
0.012499116
0.012499123
0.012499131
0.01249914
0.012499149
0.012499159
0.012499167
0.012499162
0.012499154
0.012499144
0.012499135
0.012499126
0.012499118
0.012499111
0.012499105
0.012499102
0.0124991
0.0124991
0.012499102
0.012499107
0.012499113
0.01249912
0.012499129
0.012499139
0.012499148
0.012499158
0.012499167
0.012499162
0.012499153
0.012499144
0.012499134
0.012499125
0.012499116
0.012499109
0.012499104
0.0124991
0.012499098
0.012499098
0.012499101
0.012499105
0.012499111
0.012499119
0.012499128
0.012499138
0.012499148
0.012499158
0.012499168
0.012499163
0.012499154
0.012499144
0.012499135
0.012499125
0.012499117
0.01249911
0.012499104
0.0124991
0.012499099
0.012499099
0.012499101
0.012499105
0.012499112
0.012499119
0.012499128
0.012499138
0.012499148
0.012499158
0.012499168
0.012499163
0.012499154
0.012499145
0.012499136
0.012499127
0.012499119
0.012499112
0.012499106
0.012499103
0.012499101
0.012499101
0.012499103
0.012499108
0.012499114
0.012499121
0.01249913
0.012499139
0.012499149
0.012499159
0.012499168
0.012499164
0.012499156
0.012499147
0.012499138
0.01249913
0.012499122
0.012499115
0.01249911
0.012499107
0.012499105
0.012499106
0.012499108
0.012499112
0.012499117
0.012499124
0.012499133
0.012499142
0.012499151
0.01249916
0.012499169
0.012499164
0.012499157
0.012499149
0.012499141
0.012499134
0.012499127
0.012499121
0.012499116
0.012499113
0.012499111
0.012499112
0.012499114
0.012499117
0.012499122
0.012499129
0.012499136
0.012499145
0.012499153
0.012499161
0.012499169
0.012499165
0.012499159
0.012499152
0.012499145
0.012499139
0.012499132
0.012499127
0.012499123
0.012499121
0.012499119
0.012499119
0.012499121
0.012499124
0.012499129
0.012499135
0.012499141
0.012499148
0.012499156
0.012499163
0.01249917
0.012499166
0.012499161
0.012499155
0.01249915
0.012499144
0.012499139
0.012499135
0.012499132
0.012499129
0.012499128
0.012499129
0.01249913
0.012499133
0.012499137
0.012499141
0.012499147
0.012499153
0.012499159
0.012499165
0.01249917
0.012499166
0.012499163
0.012499159
0.012499155
0.01249915
0.012499147
0.012499143
0.012499141
0.012499139
0.012499138
0.012499138
0.01249914
0.012499142
0.012499145
0.012499148
0.012499153
0.012499157
0.012499162
0.012499167
0.012499171
0.012499167
0.012499165
0.012499162
0.012499159
0.012499157
0.012499154
0.012499152
0.01249915
0.012499149
0.012499149
0.012499149
0.01249915
0.012499151
0.012499153
0.012499156
0.012499159
0.012499162
0.012499165
0.012499168
0.012499171
0.012499168
0.012499167
0.012499166
0.012499164
0.012499163
0.012499161
0.01249916
0.012499159
0.012499159
0.012499159
0.012499159
0.012499159
0.01249916
0.012499162
0.012499163
0.012499165
0.012499167
0.012499169
0.01249917
0.012499172
0.012499169
0.012499169
0.012499169
0.012499169
0.012499169
0.012499168
0.012499168
0.012499168
0.012499168
0.012499168
0.012499168
0.012499169
0.012499169
0.012499169
0.01249917
0.01249917
0.012499171
0.012499171
0.012499172
0.012499172
0.012499217
0.012499218
0.012499218
0.012499218
0.012499218
0.012499218
0.012499218
0.012499218
0.012499218
0.012499218
0.012499218
0.012499219
0.012499219
0.012499219
0.012499219
0.01249922
0.01249922
0.01249922
0.012499221
0.012499221
0.012499218
0.012499218
0.012499218
0.012499218
0.012499218
0.012499217
0.012499217
0.012499217
0.012499217
0.012499217
0.012499217
0.012499218
0.012499218
0.012499219
0.012499219
0.01249922
0.01249922
0.012499221
0.012499221
0.012499222
0.012499219
0.012499218
0.012499218
0.012499218
0.012499217
0.012499217
0.012499216
0.012499216
0.012499216
0.012499216
0.012499216
0.012499216
0.012499217
0.012499218
0.012499218
0.012499219
0.01249922
0.012499221
0.012499222
0.012499223
0.012499219
0.012499219
0.012499218
0.012499217
0.012499217
0.012499216
0.012499215
0.012499215
0.012499214
0.012499214
0.012499214
0.012499215
0.012499216
0.012499216
0.012499218
0.012499219
0.01249922
0.012499221
0.012499222
0.012499223
0.012499219
0.012499219
0.012499218
0.012499217
0.012499216
0.012499215
0.012499214
0.012499213
0.012499213
0.012499213
0.012499213
0.012499213
0.012499214
0.012499215
0.012499216
0.012499218
0.012499219
0.012499221
0.012499222
0.012499223
0.012499219
0.012499219
0.012499218
0.012499216
0.012499215
0.012499214
0.012499213
0.012499212
0.012499211
0.012499211
0.012499211
0.012499212
0.012499213
0.012499214
0.012499216
0.012499217
0.012499219
0.012499221
0.012499222
0.012499224
0.01249922
0.012499219
0.012499217
0.012499216
0.012499214
0.012499213
0.012499211
0.01249921
0.01249921
0.01249921
0.01249921
0.01249921
0.012499211
0.012499213
0.012499215
0.012499217
0.012499219
0.012499221
0.012499222
0.012499224
0.01249922
0.012499219
0.012499217
0.012499216
0.012499214
0.012499212
0.012499211
0.012499209
0.012499209
0.012499208
0.012499209
0.012499209
0.01249921
0.012499212
0.012499214
0.012499216
0.012499218
0.012499221
0.012499223
0.012499224
0.01249922
0.012499219
0.012499217
0.012499215
0.012499214
0.012499212
0.01249921
0.012499209
0.012499208
0.012499208
0.012499208
0.012499209
0.01249921
0.012499212
0.012499214
0.012499216
0.012499218
0.012499221
0.012499223
0.012499224
0.012499221
0.012499219
0.012499217
0.012499215
0.012499214
0.012499212
0.01249921
0.012499209
0.012499208
0.012499208
0.012499208
0.012499209
0.01249921
0.012499212
0.012499214
0.012499216
0.012499218
0.012499221
0.012499223
0.012499225
0.012499221
0.012499219
0.012499218
0.012499216
0.012499214
0.012499212
0.01249921
0.012499209
0.012499208
0.012499208
0.012499208
0.012499209
0.01249921
0.012499212
0.012499214
0.012499216
0.012499219
0.012499221
0.012499223
0.012499225
0.012499221
0.01249922
0.012499218
0.012499216
0.012499214
0.012499213
0.012499211
0.01249921
0.012499209
0.012499209
0.012499209
0.01249921
0.012499211
0.012499213
0.012499215
0.012499217
0.012499219
0.012499221
0.012499223
0.012499225
0.012499221
0.01249922
0.012499219
0.012499217
0.012499215
0.012499214
0.012499212
0.012499211
0.01249921
0.01249921
0.01249921
0.012499211
0.012499212
0.012499214
0.012499216
0.012499218
0.01249922
0.012499222
0.012499224
0.012499225
0.012499222
0.012499221
0.01249922
0.012499218
0.012499217
0.012499215
0.012499214
0.012499213
0.012499212
0.012499212
0.012499212
0.012499213
0.012499214
0.012499215
0.012499217
0.012499219
0.012499221
0.012499223
0.012499224
0.012499226
0.012499222
0.012499221
0.01249922
0.012499219
0.012499218
0.012499217
0.012499216
0.012499215
0.012499214
0.012499214
0.012499214
0.012499215
0.012499216
0.012499217
0.012499219
0.01249922
0.012499222
0.012499223
0.012499225
0.012499226
0.012499222
0.012499222
0.012499221
0.01249922
0.01249922
0.012499219
0.012499218
0.012499217
0.012499217
0.012499217
0.012499217
0.012499217
0.012499218
0.012499219
0.01249922
0.012499222
0.012499223
0.012499224
0.012499225
0.012499226
0.012499223
0.012499223
0.012499222
0.012499222
0.012499221
0.01249922
0.01249922
0.012499219
0.012499219
0.012499219
0.012499219
0.01249922
0.01249922
0.012499221
0.012499222
0.012499223
0.012499224
0.012499225
0.012499226
0.012499226
0.012499223
0.012499223
0.012499223
0.012499223
0.012499223
0.012499222
0.012499222
0.012499222
0.012499222
0.012499222
0.012499222
0.012499222
0.012499222
0.012499223
0.012499224
0.012499224
0.012499225
0.012499226
0.012499226
0.012499226
0.012499223
0.012499224
0.012499224
0.012499224
0.012499224
0.012499224
0.012499224
0.012499224
0.012499224
0.012499224
0.012499224
0.012499224
0.012499224
0.012499225
0.012499225
0.012499226
0.012499226
0.012499226
0.012499226
0.012499226
0.012499224
0.012499224
0.012499225
0.012499225
0.012499225
0.012499225
0.012499225
0.012499226
0.012499226
0.012499226
0.012499226
0.012499226
0.012499226
0.012499226
0.012499226
0.012499227
0.012499227
0.012499227
0.012499227
0.012499226
0.012499252
0.012499252
0.012499252
0.012499253
0.012499253
0.012499253
0.012499253
0.012499253
0.012499253
0.012499254
0.012499254
0.012499254
0.012499254
0.012499254
0.012499254
0.012499254
0.012499255
0.012499255
0.012499255
0.012499255
0.012499253
0.012499253
0.012499254
0.012499254
0.012499254
0.012499254
0.012499254
0.012499255
0.012499255
0.012499255
0.012499255
0.012499255
0.012499255
0.012499256
0.012499256
0.012499256
0.012499256
0.012499256
0.012499256
0.012499256
0.012499253
0.012499254
0.012499254
0.012499255
0.012499255
0.012499255
0.012499256
0.012499256
0.012499256
0.012499256
0.012499256
0.012499256
0.012499257
0.012499257
0.012499257
0.012499257
0.012499257
0.012499257
0.012499257
0.012499257
0.012499254
0.012499255
0.012499255
0.012499256
0.012499256
0.012499256
0.012499256
0.012499257
0.012499257
0.012499257
0.012499257
0.012499257
0.012499257
0.012499258
0.012499258
0.012499258
0.012499258
0.012499258
0.012499258
0.012499258
0.012499254
0.012499255
0.012499256
0.012499256
0.012499257
0.012499257
0.012499257
0.012499257
0.012499257
0.012499258
0.012499258
0.012499258
0.012499258
0.012499258
0.012499258
0.012499259
0.012499259
0.012499259
0.012499259
0.012499258
0.012499254
0.012499256
0.012499256
0.012499257
0.012499257
0.012499257
0.012499258
0.012499258
0.012499258
0.012499258
0.012499258
0.012499258
0.012499259
0.012499259
0.012499259
0.012499259
0.012499259
0.012499259
0.012499259
0.012499259
0.012499255
0.012499256
0.012499257
0.012499257
0.012499258
0.012499258
0.012499258
0.012499258
0.012499258
0.012499258
0.012499259
0.012499259
0.012499259
0.012499259
0.012499259
0.01249926
0.01249926
0.01249926
0.012499259
0.012499259
0.012499255
0.012499256
0.012499257
0.012499258
0.012499258
0.012499258
0.012499258
0.012499258
0.012499259
0.012499259
0.012499259
0.012499259
0.012499259
0.01249926
0.01249926
0.01249926
0.01249926
0.01249926
0.01249926
0.012499259
0.012499256
0.012499257
0.012499257
0.012499258
0.012499258
0.012499258
0.012499259
0.012499259
0.012499259
0.012499259
0.012499259
0.012499259
0.01249926
0.01249926
0.01249926
0.01249926
0.012499261
0.01249926
0.01249926
0.01249926
0.012499256
0.012499257
0.012499258
0.012499258
0.012499259
0.012499259
0.012499259
0.012499259
0.012499259
0.012499259
0.01249926
0.01249926
0.01249926
0.01249926
0.012499261
0.012499261
0.012499261
0.012499261
0.01249926
0.01249926
0.012499256
0.012499257
0.012499258
0.012499259
0.012499259
0.012499259
0.012499259
0.012499259
0.01249926
0.01249926
0.01249926
0.01249926
0.01249926
0.012499261
0.012499261
0.012499261
0.012499261
0.012499261
0.012499261
0.01249926
0.012499256
0.012499257
0.012499258
0.012499259
0.012499259
0.012499259
0.01249926
0.01249926
0.01249926
0.01249926
0.01249926
0.012499261
0.012499261
0.012499261
0.012499261
0.012499261
0.012499261
0.012499261
0.012499261
0.01249926
0.012499257
0.012499258
0.012499259
0.012499259
0.01249926
0.01249926
0.01249926
0.01249926
0.01249926
0.01249926
0.012499261
0.012499261
0.012499261
0.012499261
0.012499262
0.012499262
0.012499262
0.012499262
0.012499261
0.012499261
0.012499257
0.012499258
0.012499259
0.012499259
0.01249926
0.01249926
0.01249926
0.012499261
0.012499261
0.012499261
0.012499261
0.012499261
0.012499262
0.012499262
0.012499262
0.012499262
0.012499262
0.012499262
0.012499261
0.012499261
0.012499257
0.012499258
0.012499259
0.01249926
0.01249926
0.01249926
0.012499261
0.012499261
0.012499261
0.012499261
0.012499261
0.012499262
0.012499262
0.012499262
0.012499262
0.012499262
0.012499262
0.012499262
0.012499262
0.012499261
0.012499257
0.012499258
0.012499259
0.01249926
0.01249926
0.012499261
0.012499261
0.012499261
0.012499261
0.012499262
0.012499262
0.012499262
0.012499262
0.012499262
0.012499262
0.012499262
0.012499262
0.012499262
0.012499262
0.012499261
0.012499257
0.012499259
0.012499259
0.01249926
0.01249926
0.012499261
0.012499261
0.012499261
0.012499262
0.012499262
0.012499262
0.012499262
0.012499262
0.012499262
0.012499262
0.012499262
0.012499262
0.012499262
0.012499262
0.012499261
0.012499258
0.012499259
0.012499259
0.01249926
0.01249926
0.012499261
0.012499261
0.012499261
0.012499262
0.012499262
0.012499262
0.012499262
0.012499262
0.012499262
0.012499262
0.012499262
0.012499262
0.012499262
0.012499262
0.012499261
0.012499258
0.012499259
0.012499259
0.01249926
0.01249926
0.012499261
0.012499261
0.012499261
0.012499261
0.012499262
0.012499262
0.012499262
0.012499262
0.012499262
0.012499262
0.012499262
0.012499262
0.012499262
0.012499261
0.012499261
0.012499258
0.012499259
0.012499259
0.01249926
0.01249926
0.01249926
0.012499261
0.012499261
0.012499261
0.012499261
0.012499261
0.012499261
0.012499261
0.012499261
0.012499261
0.012499261
0.012499261
0.012499261
0.012499261
0.012499261
0.012499272
0.012499273
0.012499273
0.012499273
0.012499273
0.012499273
0.012499274
0.012499274
0.012499274
0.012499274
0.012499274
0.012499274
0.012499275
0.012499275
0.012499275
0.012499275
0.012499275
0.012499276
0.012499276
0.012499276
0.012499273
0.012499274
0.012499274
0.012499274
0.012499274
0.012499275
0.012499275
0.012499275
0.012499275
0.012499276
0.012499276
0.012499276
0.012499276
0.012499276
0.012499276
0.012499277
0.012499277
0.012499277
0.012499277
0.012499277
0.012499274
0.012499274
0.012499275
0.012499275
0.012499275
0.012499276
0.012499276
0.012499276
0.012499276
0.012499277
0.012499277
0.012499277
0.012499277
0.012499277
0.012499278
0.012499278
0.012499278
0.012499278
0.012499278
0.012499278
0.012499274
0.012499275
0.012499275
0.012499276
0.012499276
0.012499277
0.012499277
0.012499277
0.012499277
0.012499278
0.012499278
0.012499278
0.012499278
0.012499278
0.012499279
0.012499279
0.012499279
0.012499279
0.012499279
0.012499278
0.012499274
0.012499275
0.012499276
0.012499277
0.012499277
0.012499277
0.012499278
0.012499278
0.012499278
0.012499278
0.012499279
0.012499279
0.012499279
0.012499279
0.012499279
0.012499279
0.012499279
0.012499279
0.012499279
0.012499279
0.012499275
0.012499276
0.012499277
0.012499277
0.012499278
0.012499278
0.012499278
0.012499279
0.012499279
0.012499279
0.012499279
0.01249928
0.01249928
0.01249928
0.01249928
0.01249928
0.01249928
0.01249928
0.01249928
0.012499279
0.012499275
0.012499276
0.012499277
0.012499278
0.012499278
0.012499279
0.012499279
0.012499279
0.012499279
0.01249928
0.01249928
0.01249928
0.01249928
0.012499281
0.012499281
0.012499281
0.012499281
0.012499281
0.01249928
0.01249928
0.012499276
0.012499277
0.012499277
0.012499278
0.012499279
0.012499279
0.012499279
0.01249928
0.01249928
0.01249928
0.01249928
0.012499281
0.012499281
0.012499281
0.012499281
0.012499281
0.012499281
0.012499281
0.012499281
0.01249928
0.012499276
0.012499277
0.012499278
0.012499278
0.012499279
0.012499279
0.01249928
0.01249928
0.01249928
0.012499281
0.012499281
0.012499281
0.012499281
0.012499281
0.012499282
0.012499282
0.012499282
0.012499281
0.012499281
0.01249928
0.012499276
0.012499277
0.012499278
0.012499279
0.012499279
0.01249928
0.01249928
0.01249928
0.012499281
0.012499281
0.012499281
0.012499281
0.012499282
0.012499282
0.012499282
0.012499282
0.012499282
0.012499282
0.012499281
0.012499281
0.012499277
0.012499278
0.012499278
0.012499279
0.01249928
0.01249928
0.012499281
0.012499281
0.012499281
0.012499281
0.012499282
0.012499282
0.012499282
0.012499282
0.012499282
0.012499282
0.012499282
0.012499282
0.012499282
0.012499281
0.012499277
0.012499278
0.012499279
0.01249928
0.01249928
0.012499281
0.012499281
0.012499281
0.012499282
0.012499282
0.012499282
0.012499282
0.012499282
0.012499283
0.012499283
0.012499283
0.012499283
0.012499282
0.012499282
0.012499281
0.012499277
0.012499278
0.012499279
0.01249928
0.01249928
0.012499281
0.012499281
0.012499282
0.012499282
0.012499282
0.012499282
0.012499283
0.012499283
0.012499283
0.012499283
0.012499283
0.012499283
0.012499282
0.012499282
0.012499281
0.012499277
0.012499278
0.012499279
0.01249928
0.012499281
0.012499281
0.012499282
0.012499282
0.012499282
0.012499282
0.012499283
0.012499283
0.012499283
0.012499283
0.012499283
0.012499283
0.012499283
0.012499283
0.012499282
0.012499281
0.012499278
0.012499279
0.01249928
0.01249928
0.012499281
0.012499281
0.012499282
0.012499282
0.012499282
0.012499283
0.012499283
0.012499283
0.012499283
0.012499283
0.012499283
0.012499283
0.012499283
0.012499283
0.012499282
0.012499282
0.012499278
0.012499279
0.01249928
0.01249928
0.012499281
0.012499281
0.012499282
0.012499282
0.012499282
0.012499283
0.012499283
0.012499283
0.012499283
0.012499283
0.012499283
0.012499283
0.012499283
0.012499283
0.012499282
0.012499282
0.012499278
0.012499279
0.01249928
0.012499281
0.012499281
0.012499282
0.012499282
0.012499282
0.012499283
0.012499283
0.012499283
0.012499283
0.012499283
0.012499283
0.012499283
0.012499283
0.012499283
0.012499283
0.012499282
0.012499282
0.012499278
0.012499279
0.01249928
0.012499281
0.012499281
0.012499281
0.012499282
0.012499282
0.012499282
0.012499283
0.012499283
0.012499283
0.012499283
0.012499283
0.012499283
0.012499283
0.012499283
0.012499283
0.012499282
0.012499282
0.012499278
0.012499279
0.01249928
0.01249928
0.012499281
0.012499281
0.012499282
0.012499282
0.012499282
0.012499282
0.012499282
0.012499283
0.012499283
0.012499283
0.012499283
0.012499283
0.012499283
0.012499282
0.012499282
0.012499282
0.012499279
0.012499279
0.01249928
0.01249928
0.012499281
0.012499281
0.012499281
0.012499281
0.012499282
0.012499282
0.012499282
0.012499282
0.012499282
0.012499282
0.012499282
0.012499282
0.012499282
0.012499282
0.012499282
0.012499282
0.012499284
0.012499284
0.012499284
0.012499285
0.012499285
0.012499285
0.012499285
0.012499285
0.012499286
0.012499286
0.012499286
0.012499286
0.012499286
0.012499287
0.012499287
0.012499287
0.012499287
0.012499288
0.012499288
0.012499288
0.012499285
0.012499285
0.012499285
0.012499285
0.012499286
0.012499286
0.012499286
0.012499286
0.012499287
0.012499287
0.012499287
0.012499287
0.012499288
0.012499288
0.012499288
0.012499288
0.012499288
0.012499289
0.012499289
0.012499289
0.012499285
0.012499286
0.012499286
0.012499286
0.012499286
0.012499287
0.012499287
0.012499287
0.012499287
0.012499288
0.012499288
0.012499288
0.012499288
0.012499289
0.012499289
0.012499289
0.012499289
0.01249929
0.01249929
0.01249929
0.012499286
0.012499286
0.012499286
0.012499287
0.012499287
0.012499287
0.012499288
0.012499288
0.012499288
0.012499288
0.012499289
0.012499289
0.012499289
0.01249929
0.01249929
0.01249929
0.01249929
0.01249929
0.01249929
0.01249929
0.012499286
0.012499286
0.012499287
0.012499287
0.012499288
0.012499288
0.012499288
0.012499289
0.012499289
0.012499289
0.012499289
0.01249929
0.01249929
0.01249929
0.012499291
0.012499291
0.012499291
0.012499291
0.012499291
0.012499291
0.012499286
0.012499287
0.012499287
0.012499288
0.012499288
0.012499288
0.012499289
0.012499289
0.012499289
0.01249929
0.01249929
0.01249929
0.012499291
0.012499291
0.012499291
0.012499291
0.012499292
0.012499292
0.012499291
0.012499291
0.012499287
0.012499287
0.012499288
0.012499288
0.012499289
0.012499289
0.012499289
0.01249929
0.01249929
0.01249929
0.012499291
0.012499291
0.012499291
0.012499292
0.012499292
0.012499292
0.012499292
0.012499292
0.012499292
0.012499292
0.012499287
0.012499288
0.012499288
0.012499289
0.012499289
0.012499289
0.01249929
0.01249929
0.012499291
0.012499291
0.012499291
0.012499292
0.012499292
0.012499292
0.012499292
0.012499292
0.012499292
0.012499292
0.012499292
0.012499292
0.012499287
0.012499288
0.012499289
0.012499289
0.01249929
0.01249929
0.01249929
0.012499291
0.012499291
0.012499291
0.012499292
0.012499292
0.012499292
0.012499293
0.012499293
0.012499293
0.012499293
0.012499293
0.012499293
0.012499292
0.012499288
0.012499288
0.012499289
0.012499289
0.01249929
0.01249929
0.012499291
0.012499291
0.012499291
0.012499292
0.012499292
0.012499292
0.012499293
0.012499293
0.012499293
0.012499293
0.012499293
0.012499293
0.012499293
0.012499292
0.012499288
0.012499289
0.012499289
0.01249929
0.01249929
0.012499291
0.012499291
0.012499292
0.012499292
0.012499292
0.012499293
0.012499293
0.012499293
0.012499293
0.012499293
0.012499293
0.012499293
0.012499293
0.012499293
0.012499293
0.012499288
0.012499289
0.01249929
0.01249929
0.012499291
0.012499291
0.012499292
0.012499292
0.012499292
0.012499293
0.012499293
0.012499293
0.012499293
0.012499294
0.012499294
0.012499294
0.012499294
0.012499294
0.012499293
0.012499293
0.012499289
0.012499289
0.01249929
0.012499291
0.012499291
0.012499292
0.012499292
0.012499292
0.012499293
0.012499293
0.012499293
0.012499293
0.012499294
0.012499294
0.012499294
0.012499294
0.012499294
0.012499294
0.012499294
0.012499293
0.012499289
0.01249929
0.01249929
0.012499291
0.012499291
0.012499292
0.012499292
0.012499293
0.012499293
0.012499293
0.012499293
0.012499294
0.012499294
0.012499294
0.012499294
0.012499294
0.012499294
0.012499294
0.012499294
0.012499293
0.012499289
0.01249929
0.012499291
0.012499291
0.012499292
0.012499292
0.012499293
0.012499293
0.012499293
0.012499293
0.012499294
0.012499294
0.012499294
0.012499294
0.012499294
0.012499294
0.012499294
0.012499294
0.012499294
0.012499293
0.012499289
0.01249929
0.012499291
0.012499291
0.012499292
0.012499292
0.012499293
0.012499293
0.012499293
0.012499294
0.012499294
0.012499294
0.012499294
0.012499294
0.012499294
0.012499294
0.012499294
0.012499294
0.012499294
0.012499294
0.01249929
0.01249929
0.012499291
0.012499292
0.012499292
0.012499293
0.012499293
0.012499293
0.012499294
0.012499294
0.012499294
0.012499294
0.012499294
0.012499294
0.012499294
0.012499294
0.012499294
0.012499294
0.012499294
0.012499294
0.01249929
0.012499291
0.012499291
0.012499292
0.012499292
0.012499293
0.012499293
0.012499293
0.012499294
0.012499294
0.012499294
0.012499294
0.012499294
0.012499294
0.012499294
0.012499294
0.012499294
0.012499294
0.012499294
0.012499294
0.01249929
0.012499291
0.012499291
0.012499292
0.012499292
0.012499293
0.012499293
0.012499293
0.012499293
0.012499294
0.012499294
0.012499294
0.012499294
0.012499294
0.012499294
0.012499294
0.012499294
0.012499294
0.012499294
0.012499294
0.01249929
0.012499291
0.012499292
0.012499292
0.012499292
0.012499293
0.012499293
0.012499293
0.012499293
0.012499293
0.012499294
0.012499294
0.012499294
0.012499294
0.012499294
0.012499294
0.012499294
0.012499294
0.012499294
0.012499294
0.012499291
0.012499291
0.012499291
0.012499291
0.012499291
0.012499291
0.012499292
0.012499292
0.012499292
0.012499292
0.012499292
0.012499293
0.012499293
0.012499293
0.012499293
0.012499294
0.012499294
0.012499294
0.012499294
0.012499295
0.012499291
0.012499291
0.012499291
0.012499292
0.012499292
0.012499292
0.012499292
0.012499293
0.012499293
0.012499293
0.012499293
0.012499294
0.012499294
0.012499294
0.012499294
0.012499295
0.012499295
0.012499295
0.012499295
0.012499296
0.012499292
0.012499292
0.012499292
0.012499292
0.012499292
0.012499293
0.012499293
0.012499293
0.012499294
0.012499294
0.012499294
0.012499294
0.012499295
0.012499295
0.012499295
0.012499295
0.012499296
0.012499296
0.012499296
0.012499297
0.012499292
0.012499292
0.012499292
0.012499293
0.012499293
0.012499293
0.012499294
0.012499294
0.012499294
0.012499295
0.012499295
0.012499295
0.012499295
0.012499296
0.012499296
0.012499296
0.012499296
0.012499297
0.012499297
0.012499297
0.012499292
0.012499293
0.012499293
0.012499293
0.012499294
0.012499294
0.012499294
0.012499295
0.012499295
0.012499295
0.012499296
0.012499296
0.012499296
0.012499296
0.012499297
0.012499297
0.012499297
0.012499297
0.012499297
0.012499297
0.012499293
0.012499293
0.012499293
0.012499294
0.012499294
0.012499294
0.012499295
0.012499295
0.012499295
0.012499296
0.012499296
0.012499296
0.012499297
0.012499297
0.012499297
0.012499298
0.012499298
0.012499298
0.012499298
0.012499298
0.012499293
0.012499293
0.012499294
0.012499294
0.012499295
0.012499295
0.012499295
0.012499296
0.012499296
0.012499296
0.012499297
0.012499297
0.012499297
0.012499298
0.012499298
0.012499298
0.012499298
0.012499298
0.012499298
0.012499298
0.012499293
0.012499294
0.012499294
0.012499295
0.012499295
0.012499295
0.012499296
0.012499296
0.012499297
0.012499297
0.012499297
0.012499297
0.012499298
0.012499298
0.012499298
0.012499298
0.012499299
0.012499299
0.012499299
0.012499298
0.012499294
0.012499294
0.012499295
0.012499295
0.012499295
0.012499296
0.012499296
0.012499297
0.012499297
0.012499297
0.012499298
0.012499298
0.012499298
0.012499298
0.012499299
0.012499299
0.012499299
0.012499299
0.012499299
0.012499299
0.012499294
0.012499295
0.012499295
0.012499295
0.012499296
0.012499296
0.012499297
0.012499297
0.012499297
0.012499298
0.012499298
0.012499298
0.012499299
0.012499299
0.012499299
0.012499299
0.012499299
0.012499299
0.012499299
0.012499299
0.012499294
0.012499295
0.012499295
0.012499296
0.012499296
0.012499297
0.012499297
0.012499297
0.012499298
0.012499298
0.012499298
0.012499299
0.012499299
0.012499299
0.012499299
0.012499299
0.0124993
0.012499299
0.012499299
0.012499299
0.012499295
0.012499295
0.012499296
0.012499296
0.012499297
0.012499297
0.012499297
0.012499298
0.012499298
0.012499298
0.012499299
0.012499299
0.012499299
0.012499299
0.0124993
0.0124993
0.0124993
0.0124993
0.0124993
0.012499299
0.012499295
0.012499295
0.012499296
0.012499297
0.012499297
0.012499297
0.012499298
0.012499298
0.012499298
0.012499299
0.012499299
0.012499299
0.0124993
0.0124993
0.0124993
0.0124993
0.0124993
0.0124993
0.0124993
0.0124993
0.012499295
0.012499296
0.012499296
0.012499297
0.012499297
0.012499298
0.012499298
0.012499298
0.012499299
0.012499299
0.012499299
0.0124993
0.0124993
0.0124993
0.0124993
0.0124993
0.0124993
0.0124993
0.0124993
0.0124993
0.012499295
0.012499296
0.012499297
0.012499297
0.012499298
0.012499298
0.012499298
0.012499299
0.012499299
0.012499299
0.0124993
0.0124993
0.0124993
0.0124993
0.0124993
0.0124993
0.0124993
0.0124993
0.0124993
0.0124993
0.012499296
0.012499296
0.012499297
0.012499297
0.012499298
0.012499298
0.012499299
0.012499299
0.012499299
0.0124993
0.0124993
0.0124993
0.0124993
0.0124993
0.0124993
0.0124993
0.0124993
0.0124993
0.0124993
0.0124993
0.012499296
0.012499297
0.012499297
0.012499298
0.012499298
0.012499299
0.012499299
0.012499299
0.012499299
0.0124993
0.0124993
0.0124993
0.0124993
0.0124993
0.0124993
0.0124993
0.0124993
0.0124993
0.0124993
0.0124993
0.012499296
0.012499297
0.012499297
0.012499298
0.012499298
0.012499299
0.012499299
0.012499299
0.0124993
0.0124993
0.0124993
0.0124993
0.0124993
0.0124993
0.0124993
0.012499301
0.012499301
0.0124993
0.0124993
0.0124993
0.012499297
0.012499297
0.012499298
0.012499298
0.012499299
0.012499299
0.012499299
0.012499299
0.0124993
0.0124993
0.0124993
0.0124993
0.0124993
0.0124993
0.0124993
0.012499301
0.012499301
0.0124993
0.0124993
0.0124993
0.012499297
0.012499298
0.012499298
0.012499298
0.012499299
0.012499299
0.012499299
0.012499299
0.0124993
0.0124993
0.0124993
0.0124993
0.0124993
0.0124993
0.0124993
0.0124993
0.0124993
0.0124993
0.0124993
0.0124993
0.012499294
0.012499294
0.012499295
0.012499295
0.012499295
0.012499295
0.012499295
0.012499295
0.012499296
0.012499296
0.012499296
0.012499296
0.012499296
0.012499297
0.012499297
0.012499297
0.012499297
0.012499298
0.012499298
0.012499299
0.012499295
0.012499295
0.012499295
0.012499295
0.012499296
0.012499296
0.012499296
0.012499296
0.012499297
0.012499297
0.012499297
0.012499297
0.012499297
0.012499298
0.012499298
0.012499298
0.012499298
0.012499299
0.012499299
0.012499299
0.012499295
0.012499296
0.012499296
0.012499296
0.012499296
0.012499297
0.012499297
0.012499297
0.012499297
0.012499298
0.012499298
0.012499298
0.012499298
0.012499298
0.012499299
0.012499299
0.012499299
0.012499299
0.0124993
0.0124993
0.012499296
0.012499296
0.012499296
0.012499297
0.012499297
0.012499297
0.012499298
0.012499298
0.012499298
0.012499298
0.012499298
0.012499299
0.012499299
0.012499299
0.012499299
0.0124993
0.0124993
0.0124993
0.0124993
0.012499301
0.012499296
0.012499296
0.012499297
0.012499297
0.012499298
0.012499298
0.012499298
0.012499298
0.012499299
0.012499299
0.012499299
0.012499299
0.0124993
0.0124993
0.0124993
0.0124993
0.0124993
0.012499301
0.012499301
0.012499301
0.012499296
0.012499297
0.012499297
0.012499298
0.012499298
0.012499298
0.012499299
0.012499299
0.012499299
0.012499299
0.0124993
0.0124993
0.0124993
0.0124993
0.012499301
0.012499301
0.012499301
0.012499301
0.012499301
0.012499301
0.012499297
0.012499297
0.012499298
0.012499298
0.012499299
0.012499299
0.012499299
0.0124993
0.0124993
0.0124993
0.0124993
0.0124993
0.012499301
0.012499301
0.012499301
0.012499301
0.012499301
0.012499301
0.012499302
0.012499302
0.012499297
0.012499298
0.012499298
0.012499299
0.012499299
0.012499299
0.0124993
0.0124993
0.0124993
0.0124993
0.012499301
0.012499301
0.012499301
0.012499301
0.012499301
0.012499302
0.012499302
0.012499302
0.012499302
0.012499302
0.012499297
0.012499298
0.012499298
0.012499299
0.012499299
0.0124993
0.0124993
0.0124993
0.012499301
0.012499301
0.012499301
0.012499301
0.012499301
0.012499302
0.012499302
0.012499302
0.012499302
0.012499302
0.012499302
0.012499302
0.012499298
0.012499298
0.012499299
0.012499299
0.0124993
0.0124993
0.0124993
0.012499301
0.012499301
0.012499301
0.012499301
0.012499301
0.012499302
0.012499302
0.012499302
0.012499302
0.012499302
0.012499302
0.012499303
0.012499303
0.012499298
0.012499298
0.012499299
0.012499299
0.0124993
0.0124993
0.012499301
0.012499301
0.012499301
0.012499301
0.012499302
0.012499302
0.012499302
0.012499302
0.012499302
0.012499303
0.012499303
0.012499303
0.012499303
0.012499303
0.012499298
0.012499299
0.012499299
0.0124993
0.0124993
0.012499301
0.012499301
0.012499301
0.012499301
0.012499302
0.012499302
0.012499302
0.012499302
0.012499303
0.012499303
0.012499303
0.012499303
0.012499303
0.012499303
0.012499303
0.012499298
0.012499299
0.0124993
0.0124993
0.012499301
0.012499301
0.012499301
0.012499301
0.012499302
0.012499302
0.012499302
0.012499302
0.012499303
0.012499303
0.012499303
0.012499303
0.012499303
0.012499303
0.012499303
0.012499303
0.012499299
0.012499299
0.0124993
0.0124993
0.012499301
0.012499301
0.012499301
0.012499302
0.012499302
0.012499302
0.012499302
0.012499303
0.012499303
0.012499303
0.012499303
0.012499303
0.012499303
0.012499303
0.012499303
0.012499303
0.012499299
0.0124993
0.0124993
0.012499301
0.012499301
0.012499301
0.012499302
0.012499302
0.012499302
0.012499302
0.012499303
0.012499303
0.012499303
0.012499303
0.012499303
0.012499303
0.012499304
0.012499304
0.012499304
0.012499303
0.012499299
0.0124993
0.0124993
0.012499301
0.012499301
0.012499302
0.012499302
0.012499302
0.012499302
0.012499303
0.012499303
0.012499303
0.012499303
0.012499303
0.012499304
0.012499304
0.012499304
0.012499304
0.012499304
0.012499304
0.012499299
0.0124993
0.012499301
0.012499301
0.012499302
0.012499302
0.012499302
0.012499302
0.012499303
0.012499303
0.012499303
0.012499303
0.012499303
0.012499304
0.012499304
0.012499304
0.012499304
0.012499304
0.012499304
0.012499304
0.0124993
0.0124993
0.012499301
0.012499301
0.012499302
0.012499302
0.012499302
0.012499303
0.012499303
0.012499303
0.012499303
0.012499303
0.012499304
0.012499304
0.012499304
0.012499304
0.012499304
0.012499304
0.012499304
0.012499304
0.0124993
0.012499301
0.012499301
0.012499302
0.012499302
0.012499302
0.012499303
0.012499303
0.012499303
0.012499303
0.012499303
0.012499304
0.012499304
0.012499304
0.012499304
0.012499304
0.012499304
0.012499304
0.012499304
0.012499304
0.0124993
0.012499301
0.012499301
0.012499302
0.012499302
0.012499302
0.012499303
0.012499303
0.012499303
0.012499303
0.012499303
0.012499304
0.012499304
0.012499304
0.012499304
0.012499304
0.012499304
0.012499304
0.012499304
0.012499304
0.012499296
0.012499296
0.012499296
0.012499297
0.012499297
0.012499297
0.012499297
0.012499297
0.012499297
0.012499298
0.012499298
0.012499298
0.012499298
0.012499298
0.012499299
0.012499299
0.012499299
0.012499299
0.0124993
0.0124993
0.012499297
0.012499297
0.012499297
0.012499298
0.012499298
0.012499298
0.012499298
0.012499298
0.012499299
0.012499299
0.012499299
0.012499299
0.012499299
0.012499299
0.0124993
0.0124993
0.0124993
0.0124993
0.012499301
0.012499301
0.012499297
0.012499298
0.012499298
0.012499298
0.012499299
0.012499299
0.012499299
0.012499299
0.012499299
0.0124993
0.0124993
0.0124993
0.0124993
0.0124993
0.0124993
0.012499301
0.012499301
0.012499301
0.012499302
0.012499302
0.012499297
0.012499298
0.012499299
0.012499299
0.012499299
0.0124993
0.0124993
0.0124993
0.0124993
0.0124993
0.0124993
0.012499301
0.012499301
0.012499301
0.012499301
0.012499301
0.012499302
0.012499302
0.012499302
0.012499302
0.012499298
0.012499299
0.012499299
0.0124993
0.0124993
0.0124993
0.0124993
0.012499301
0.012499301
0.012499301
0.012499301
0.012499301
0.012499301
0.012499301
0.012499302
0.012499302
0.012499302
0.012499302
0.012499303
0.012499303
0.012499298
0.012499299
0.0124993
0.0124993
0.0124993
0.012499301
0.012499301
0.012499301
0.012499301
0.012499301
0.012499302
0.012499302
0.012499302
0.012499302
0.012499302
0.012499302
0.012499303
0.012499303
0.012499303
0.012499303
0.012499298
0.012499299
0.0124993
0.0124993
0.012499301
0.012499301
0.012499301
0.012499301
0.012499302
0.012499302
0.012499302
0.012499302
0.012499302
0.012499302
0.012499303
0.012499303
0.012499303
0.012499303
0.012499303
0.012499304
0.012499299
0.0124993
0.0124993
0.012499301
0.012499301
0.012499301
0.012499302
0.012499302
0.012499302
0.012499302
0.012499302
0.012499303
0.012499303
0.012499303
0.012499303
0.012499303
0.012499303
0.012499304
0.012499304
0.012499304
0.012499299
0.0124993
0.012499301
0.012499301
0.012499301
0.012499302
0.012499302
0.012499302
0.012499302
0.012499302
0.012499303
0.012499303
0.012499303
0.012499303
0.012499303
0.012499304
0.012499304
0.012499304
0.012499304
0.012499304
0.012499299
0.0124993
0.012499301
0.012499301
0.012499302
0.012499302
0.012499302
0.012499302
0.012499303
0.012499303
0.012499303
0.012499303
0.012499303
0.012499304
0.012499304
0.012499304
0.012499304
0.012499304
0.012499304
0.012499304
0.0124993
0.0124993
0.012499301
0.012499302
0.012499302
0.012499302
0.012499303
0.012499303
0.012499303
0.012499303
0.012499303
0.012499303
0.012499304
0.012499304
0.012499304
0.012499304
0.012499304
0.012499305
0.012499305
0.012499305
0.0124993
0.012499301
0.012499301
0.012499302
0.012499302
0.012499302
0.012499303
0.012499303
0.012499303
0.012499303
0.012499303
0.012499304
0.012499304
0.012499304
0.012499304
0.012499305
0.012499305
0.012499305
0.012499305
0.012499305
0.0124993
0.012499301
0.012499302
0.012499302
0.012499302
0.012499303
0.012499303
0.012499303
0.012499303
0.012499304
0.012499304
0.012499304
0.012499304
0.012499304
0.012499305
0.012499305
0.012499305
0.012499305
0.012499305
0.012499305
0.0124993
0.012499301
0.012499302
0.012499302
0.012499303
0.012499303
0.012499303
0.012499304
0.012499304
0.012499304
0.012499304
0.012499304
0.012499304
0.012499305
0.012499305
0.012499305
0.012499305
0.012499305
0.012499305
0.012499305
0.012499301
0.012499301
0.012499302
0.012499302
0.012499303
0.012499303
0.012499304
0.012499304
0.012499304
0.012499304
0.012499304
0.012499305
0.012499305
0.012499305
0.012499305
0.012499305
0.012499305
0.012499305
0.012499305
0.012499305
0.012499301
0.012499302
0.012499302
0.012499303
0.012499303
0.012499303
0.012499304
0.012499304
0.012499304
0.012499305
0.012499305
0.012499305
0.012499305
0.012499305
0.012499305
0.012499305
0.012499306
0.012499306
0.012499306
0.012499305
0.012499301
0.012499302
0.012499302
0.012499303
0.012499303
0.012499304
0.012499304
0.012499304
0.012499305
0.012499305
0.012499305
0.012499305
0.012499305
0.012499305
0.012499306
0.012499306
0.012499306
0.012499306
0.012499306
0.012499306
0.012499301
0.012499302
0.012499303
0.012499303
0.012499304
0.012499304
0.012499304
0.012499304
0.012499305
0.012499305
0.012499305
0.012499305
0.012499305
0.012499306
0.012499306
0.012499306
0.012499306
0.012499306
0.012499306
0.012499306
0.012499302
0.012499302
0.012499303
0.012499303
0.012499304
0.012499304
0.012499304
0.012499305
0.012499305
0.012499305
0.012499305
0.012499305
0.012499305
0.012499306
0.012499306
0.012499306
0.012499306
0.012499306
0.012499306
0.012499306
0.012499302
0.012499303
0.012499303
0.012499304
0.012499304
0.012499304
0.012499304
0.012499305
0.012499305
0.012499305
0.012499305
0.012499305
0.012499306
0.012499306
0.012499306
0.012499306
0.012499306
0.012499306
0.012499306
0.012499306
0.012499297
0.012499297
0.012499297
0.012499297
0.012499298
0.012499298
0.012499298
0.012499298
0.012499298
0.012499298
0.012499299
0.012499299
0.012499299
0.012499299
0.0124993
0.0124993
0.0124993
0.0124993
0.012499301
0.012499301
0.012499297
0.012499298
0.012499298
0.012499298
0.012499298
0.012499299
0.012499299
0.012499299
0.012499299
0.012499299
0.0124993
0.0124993
0.0124993
0.0124993
0.012499301
0.012499301
0.012499301
0.012499301
0.012499302
0.012499302
0.012499298
0.012499298
0.012499299
0.012499299
0.012499299
0.012499299
0.0124993
0.0124993
0.0124993
0.0124993
0.0124993
0.012499301
0.012499301
0.012499301
0.012499301
0.012499302
0.012499302
0.012499302
0.012499303
0.012499303
0.012499298
0.012499299
0.012499299
0.012499299
0.0124993
0.0124993
0.0124993
0.0124993
0.012499301
0.012499301
0.012499301
0.012499301
0.012499302
0.012499302
0.012499302
0.012499302
0.012499303
0.012499303
0.012499303
0.012499303
0.012499299
0.012499299
0.0124993
0.0124993
0.0124993
0.0124993
0.012499301
0.012499301
0.012499301
0.012499301
0.012499302
0.012499302
0.012499302
0.012499302
0.012499303
0.012499303
0.012499303
0.012499303
0.012499304
0.012499304
0.012499299
0.0124993
0.0124993
0.0124993
0.012499301
0.012499301
0.012499301
0.012499301
0.012499302
0.012499302
0.012499302
0.012499302
0.012499303
0.012499303
0.012499303
0.012499303
0.012499304
0.012499304
0.012499304
0.012499304
0.012499299
0.0124993
0.0124993
0.012499301
0.012499301
0.012499301
0.012499301
0.012499302
0.012499302
0.012499302
0.012499303
0.012499303
0.012499303
0.012499303
0.012499304
0.012499304
0.012499304
0.012499304
0.012499304
0.012499304
0.0124993
0.0124993
0.012499301
0.012499301
0.012499301
0.012499302
0.012499302
0.012499302
0.012499302
0.012499303
0.012499303
0.012499303
0.012499304
0.012499304
0.012499304
0.012499304
0.012499305
0.012499305
0.012499305
0.012499305
0.0124993
0.012499301
0.012499301
0.012499301
0.012499302
0.012499302
0.012499302
0.012499302
0.012499303
0.012499303
0.012499303
0.012499304
0.012499304
0.012499304
0.012499305
0.012499305
0.012499305
0.012499305
0.012499305
0.012499305
0.0124993
0.012499301
0.012499301
0.012499302
0.012499302
0.012499302
0.012499303
0.012499303
0.012499303
0.012499303
0.012499304
0.012499304
0.012499304
0.012499305
0.012499305
0.012499305
0.012499305
0.012499305
0.012499305
0.012499305
0.0124993
0.012499301
0.012499302
0.012499302
0.012499302
0.012499303
0.012499303
0.012499303
0.012499303
0.012499304
0.012499304
0.012499304
0.012499305
0.012499305
0.012499305
0.012499305
0.012499306
0.012499306
0.012499306
0.012499306
0.012499301
0.012499301
0.012499302
0.012499302
0.012499303
0.012499303
0.012499303
0.012499304
0.012499304
0.012499304
0.012499304
0.012499305
0.012499305
0.012499305
0.012499305
0.012499306
0.012499306
0.012499306
0.012499306
0.012499306
0.012499301
0.012499302
0.012499302
0.012499303
0.012499303
0.012499303
0.012499304
0.012499304
0.012499304
0.012499305
0.012499305
0.012499305
0.012499305
0.012499305
0.012499306
0.012499306
0.012499306
0.012499306
0.012499306
0.012499306
0.012499301
0.012499302
0.012499302
0.012499303
0.012499303
0.012499304
0.012499304
0.012499304
0.012499305
0.012499305
0.012499305
0.012499305
0.012499305
0.012499306
0.012499306
0.012499306
0.012499306
0.012499306
0.012499306
0.012499306
0.012499301
0.012499302
0.012499303
0.012499303
0.012499303
0.012499304
0.012499304
0.012499305
0.012499305
0.012499305
0.012499305
0.012499306
0.012499306
0.012499306
0.012499306
0.012499306
0.012499306
0.012499307
0.012499306
0.012499306
0.012499302
0.012499302
0.012499303
0.012499303
0.012499304
0.012499304
0.012499304
0.012499305
0.012499305
0.012499305
0.012499306
0.012499306
0.012499306
0.012499306
0.012499306
0.012499307
0.012499307
0.012499307
0.012499307
0.012499306
0.012499302
0.012499303
0.012499303
0.012499304
0.012499304
0.012499304
0.012499305
0.012499305
0.012499305
0.012499306
0.012499306
0.012499306
0.012499306
0.012499306
0.012499307
0.012499307
0.012499307
0.012499307
0.012499307
0.012499307
0.012499302
0.012499303
0.012499304
0.012499304
0.012499304
0.012499305
0.012499305
0.012499305
0.012499306
0.012499306
0.012499306
0.012499306
0.012499306
0.012499307
0.012499307
0.012499307
0.012499307
0.012499307
0.012499307
0.012499307
0.012499303
0.012499303
0.012499304
0.012499304
0.012499305
0.012499305
0.012499305
0.012499306
0.012499306
0.012499306
0.012499306
0.012499306
0.012499306
0.012499307
0.012499307
0.012499307
0.012499307
0.012499307
0.012499307
0.012499307
0.012499303
0.012499304
0.012499304
0.012499305
0.012499305
0.012499305
0.012499305
0.012499306
0.012499306
0.012499306
0.012499306
0.012499306
0.012499306
0.012499307
0.012499307
0.012499307
0.012499307
0.012499307
0.012499307
0.012499307
0.012499297
0.012499297
0.012499297
0.012499298
0.012499298
0.012499298
0.012499298
0.012499298
0.012499298
0.012499299
0.012499299
0.012499299
0.012499299
0.0124993
0.0124993
0.0124993
0.012499301
0.012499301
0.012499301
0.012499302
0.012499298
0.012499298
0.012499298
0.012499298
0.012499298
0.012499299
0.012499299
0.012499299
0.012499299
0.0124993
0.0124993
0.0124993
0.0124993
0.012499301
0.012499301
0.012499301
0.012499302
0.012499302
0.012499302
0.012499303
0.012499298
0.012499298
0.012499298
0.012499299
0.012499299
0.012499299
0.012499299
0.0124993
0.0124993
0.0124993
0.012499301
0.012499301
0.012499301
0.012499302
0.012499302
0.012499302
0.012499302
0.012499303
0.012499303
0.012499303
0.012499298
0.012499299
0.012499299
0.012499299
0.012499299
0.0124993
0.0124993
0.0124993
0.0124993
0.012499301
0.012499301
0.012499302
0.012499302
0.012499302
0.012499303
0.012499303
0.012499303
0.012499303
0.012499304
0.012499304
0.012499299
0.012499299
0.012499299
0.0124993
0.0124993
0.0124993
0.0124993
0.012499301
0.012499301
0.012499301
0.012499302
0.012499302
0.012499303
0.012499303
0.012499303
0.012499304
0.012499304
0.012499304
0.012499304
0.012499304
0.012499299
0.012499299
0.0124993
0.0124993
0.0124993
0.012499301
0.012499301
0.012499301
0.012499301
0.012499302
0.012499302
0.012499303
0.012499303
0.012499304
0.012499304
0.012499304
0.012499304
0.012499304
0.012499305
0.012499305
0.012499299
0.0124993
0.0124993
0.0124993
0.012499301
0.012499301
0.012499301
0.012499302
0.012499302
0.012499302
0.012499303
0.012499303
0.012499304
0.012499304
0.012499304
0.012499305
0.012499305
0.012499305
0.012499305
0.012499305
0.0124993
0.0124993
0.0124993
0.012499301
0.012499301
0.012499301
0.012499302
0.012499302
0.012499302
0.012499303
0.012499303
0.012499304
0.012499304
0.012499305
0.012499305
0.012499305
0.012499305
0.012499305
0.012499305
0.012499305
0.0124993
0.0124993
0.012499301
0.012499301
0.012499301
0.012499302
0.012499302
0.012499303
0.012499303
0.012499303
0.012499304
0.012499304
0.012499305
0.012499305
0.012499305
0.012499306
0.012499306
0.012499306
0.012499306
0.012499306
0.0124993
0.012499301
0.012499301
0.012499302
0.012499302
0.012499302
0.012499303
0.012499303
0.012499303
0.012499304
0.012499304
0.012499305
0.012499305
0.012499305
0.012499306
0.012499306
0.012499306
0.012499306
0.012499306
0.012499306
0.012499301
0.012499301
0.012499302
0.012499302
0.012499302
0.012499303
0.012499303
0.012499304
0.012499304
0.012499304
0.012499305
0.012499305
0.012499305
0.012499306
0.012499306
0.012499306
0.012499306
0.012499306
0.012499306
0.012499306
0.012499301
0.012499301
0.012499302
0.012499302
0.012499303
0.012499303
0.012499304
0.012499304
0.012499304
0.012499305
0.012499305
0.012499305
0.012499306
0.012499306
0.012499306
0.012499306
0.012499307
0.012499307
0.012499306
0.012499306
0.012499301
0.012499302
0.012499302
0.012499303
0.012499303
0.012499304
0.012499304
0.012499304
0.012499305
0.012499305
0.012499305
0.012499306
0.012499306
0.012499306
0.012499307
0.012499307
0.012499307
0.012499307
0.012499307
0.012499306
0.012499302
0.012499302
0.012499303
0.012499303
0.012499304
0.012499304
0.012499304
0.012499305
0.012499305
0.012499306
0.012499306
0.012499306
0.012499306
0.012499307
0.012499307
0.012499307
0.012499307
0.012499307
0.012499307
0.012499307
0.012499302
0.012499302
0.012499303
0.012499303
0.012499304
0.012499304
0.012499305
0.012499305
0.012499306
0.012499306
0.012499306
0.012499306
0.012499307
0.012499307
0.012499307
0.012499307
0.012499307
0.012499307
0.012499307
0.012499307
0.012499302
0.012499303
0.012499303
0.012499304
0.012499304
0.012499305
0.012499305
0.012499305
0.012499306
0.012499306
0.012499306
0.012499307
0.012499307
0.012499307
0.012499307
0.012499307
0.012499307
0.012499307
0.012499307
0.012499307
0.012499302
0.012499303
0.012499304
0.012499304
0.012499304
0.012499305
0.012499305
0.012499306
0.012499306
0.012499306
0.012499307
0.012499307
0.012499307
0.012499307
0.012499307
0.012499307
0.012499307
0.012499307
0.012499307
0.012499307
0.012499303
0.012499303
0.012499304
0.012499304
0.012499305
0.012499305
0.012499305
0.012499306
0.012499306
0.012499306
0.012499307
0.012499307
0.012499307
0.012499307
0.012499307
0.012499307
0.012499307
0.012499307
0.012499307
0.012499307
0.012499303
0.012499304
0.012499304
0.012499305
0.012499305
0.012499305
0.012499306
0.012499306
0.012499306
0.012499306
0.012499307
0.012499307
0.012499307
0.012499307
0.012499307
0.012499307
0.012499307
0.012499307
0.012499307
0.012499307
0.012499303
0.012499304
0.012499305
0.012499305
0.012499305
0.012499305
0.012499306
0.012499306
0.012499306
0.012499306
0.012499307
0.012499307
0.012499307
0.012499307
0.012499307
0.012499307
0.012499307
0.012499307
0.012499307
0.012499307
0.012499297
0.012499297
0.012499298
0.012499298
0.012499298
0.012499298
0.012499298
0.012499298
0.012499299
0.012499299
0.012499299
0.012499299
0.0124993
0.0124993
0.0124993
0.0124993
0.012499301
0.012499301
0.012499301
0.012499302
0.012499298
0.012499298
0.012499298
0.012499298
0.012499299
0.012499299
0.012499299
0.012499299
0.012499299
0.0124993
0.0124993
0.0124993
0.012499301
0.012499301
0.012499301
0.012499301
0.012499302
0.012499302
0.012499302
0.012499303
0.012499298
0.012499298
0.012499299
0.012499299
0.012499299
0.012499299
0.0124993
0.0124993
0.0124993
0.012499301
0.012499301
0.012499301
0.012499302
0.012499302
0.012499302
0.012499302
0.012499303
0.012499303
0.012499303
0.012499303
0.012499299
0.012499299
0.012499299
0.012499299
0.0124993
0.0124993
0.0124993
0.012499301
0.012499301
0.012499301
0.012499302
0.012499302
0.012499303
0.012499303
0.012499303
0.012499303
0.012499304
0.012499304
0.012499304
0.012499304
0.012499299
0.012499299
0.0124993
0.0124993
0.0124993
0.012499301
0.012499301
0.012499301
0.012499302
0.012499302
0.012499302
0.012499303
0.012499303
0.012499304
0.012499304
0.012499304
0.012499304
0.012499304
0.012499304
0.012499304
0.012499299
0.0124993
0.0124993
0.0124993
0.012499301
0.012499301
0.012499302
0.012499302
0.012499302
0.012499303
0.012499303
0.012499303
0.012499304
0.012499304
0.012499305
0.012499305
0.012499305
0.012499305
0.012499305
0.012499305
0.0124993
0.0124993
0.0124993
0.012499301
0.012499301
0.012499302
0.012499302
0.012499303
0.012499303
0.012499303
0.012499304
0.012499304
0.012499304
0.012499305
0.012499305
0.012499305
0.012499305
0.012499305
0.012499305
0.012499305
0.0124993
0.0124993
0.012499301
0.012499301
0.012499302
0.012499302
0.012499303
0.012499303
0.012499304
0.012499304
0.012499304
0.012499304
0.012499305
0.012499305
0.012499306
0.012499306
0.012499306
0.012499306
0.012499306
0.012499305
0.0124993
0.012499301
0.012499301
0.012499302
0.012499302
0.012499303
0.012499303
0.012499304
0.012499304
0.012499305
0.012499305
0.012499305
0.012499305
0.012499306
0.012499306
0.012499306
0.012499306
0.012499306
0.012499306
0.012499306
0.012499301
0.012499301
0.012499302
0.012499302
0.012499303
0.012499303
0.012499304
0.012499304
0.012499305
0.012499305
0.012499305
0.012499306
0.012499306
0.012499306
0.012499306
0.012499306
0.012499306
0.012499306
0.012499306
0.012499306
0.012499301
0.012499301
0.012499302
0.012499303
0.012499303
0.012499304
0.012499304
0.012499304
0.012499305
0.012499305
0.012499306
0.012499306
0.012499306
0.012499306
0.012499307
0.012499307
0.012499307
0.012499307
0.012499306
0.012499306
0.012499301
0.012499302
0.012499302
0.012499303
0.012499304
0.012499304
0.012499305
0.012499305
0.012499305
0.012499306
0.012499306
0.012499307
0.012499307
0.012499307
0.012499307
0.012499307
0.012499307
0.012499307
0.012499307
0.012499306
0.012499301
0.012499302
0.012499303
0.012499304
0.012499304
0.012499305
0.012499305
0.012499305
0.012499306
0.012499306
0.012499306
0.012499307
0.012499307
0.012499307
0.012499307
0.012499307
0.012499307
0.012499307
0.012499307
0.012499307
0.012499302
0.012499302
0.012499303
0.012499304
0.012499305
0.012499305
0.012499305
0.012499306
0.012499306
0.012499306
0.012499307
0.012499307
0.012499307
0.012499308
0.012499308
0.012499308
0.012499308
0.012499307
0.012499307
0.012499307
0.012499302
0.012499303
0.012499303
0.012499304
0.012499305
0.012499305
0.012499306
0.012499306
0.012499306
0.012499307
0.012499307
0.012499307
0.012499307
0.012499308
0.012499308
0.012499308
0.012499308
0.012499308
0.012499307
0.012499307
0.012499302
0.012499303
0.012499304
0.012499304
0.012499305
0.012499306
0.012499306
0.012499306
0.012499307
0.012499307
0.012499307
0.012499307
0.012499308
0.012499308
0.012499308
0.012499308
0.012499308
0.012499308
0.012499307
0.012499307
0.012499303
0.012499303
0.012499304
0.012499305
0.012499305
0.012499306
0.012499306
0.012499306
0.012499307
0.012499307
0.012499307
0.012499307
0.012499307
0.012499308
0.012499308
0.012499308
0.012499308
0.012499308
0.012499307
0.012499307
0.012499303
0.012499304
0.012499304
0.012499305
0.012499305
0.012499306
0.012499306
0.012499306
0.012499307
0.012499307
0.012499307
0.012499307
0.012499307
0.012499308
0.012499308
0.012499308
0.012499308
0.012499308
0.012499308
0.012499307
0.012499303
0.012499304
0.012499304
0.012499305
0.012499305
0.012499306
0.012499306
0.012499306
0.012499307
0.012499307
0.012499307
0.012499307
0.012499307
0.012499307
0.012499308
0.012499308
0.012499308
0.012499308
0.012499307
0.012499307
0.012499304
0.012499304
0.012499305
0.012499305
0.012499305
0.012499306
0.012499306
0.012499306
0.012499306
0.012499307
0.012499307
0.012499307
0.012499307
0.012499307
0.012499307
0.012499307
0.012499307
0.012499307
0.012499307
0.012499307
0.012499298
0.012499298
0.012499298
0.012499298
0.012499298
0.012499298
0.012499299
0.012499299
0.012499299
0.012499299
0.012499299
0.0124993
0.0124993
0.0124993
0.0124993
0.0124993
0.012499301
0.012499301
0.012499301
0.012499302
0.012499298
0.012499298
0.012499299
0.012499299
0.012499299
0.012499299
0.0124993
0.0124993
0.0124993
0.0124993
0.0124993
0.012499301
0.012499301
0.012499301
0.012499301
0.012499302
0.012499302
0.012499302
0.012499302
0.012499303
0.012499298
0.012499299
0.012499299
0.0124993
0.0124993
0.0124993
0.012499301
0.012499301
0.012499301
0.012499301
0.012499301
0.012499302
0.012499302
0.012499302
0.012499302
0.012499303
0.012499303
0.012499303
0.012499303
0.012499303
0.012499299
0.012499299
0.0124993
0.0124993
0.012499301
0.012499301
0.012499301
0.012499302
0.012499302
0.012499302
0.012499302
0.012499303
0.012499303
0.012499303
0.012499303
0.012499303
0.012499304
0.012499304
0.012499304
0.012499304
0.012499299
0.0124993
0.0124993
0.012499301
0.012499301
0.012499302
0.012499302
0.012499303
0.012499303
0.012499303
0.012499303
0.012499303
0.012499304
0.012499304
0.012499304
0.012499304
0.012499304
0.012499304
0.012499304
0.012499304
0.0124993
0.0124993
0.012499301
0.012499301
0.012499302
0.012499303
0.012499303
0.012499304
0.012499304
0.012499304
0.012499304
0.012499304
0.012499304
0.012499305
0.012499305
0.012499305
0.012499305
0.012499305
0.012499305
0.012499305
0.0124993
0.012499301
0.012499301
0.012499302
0.012499303
0.012499303
0.012499304
0.012499304
0.012499305
0.012499305
0.012499305
0.012499305
0.012499305
0.012499305
0.012499305
0.012499305
0.012499305
0.012499305
0.012499305
0.012499305
0.0124993
0.012499301
0.012499302
0.012499303
0.012499303
0.012499304
0.012499304
0.012499305
0.012499305
0.012499305
0.012499305
0.012499305
0.012499305
0.012499306
0.012499306
0.012499306
0.012499306
0.012499306
0.012499306
0.012499306
0.0124993
0.012499301
0.012499302
0.012499303
0.012499304
0.012499304
0.012499305
0.012499305
0.012499306
0.012499306
0.012499306
0.012499306
0.012499306
0.012499306
0.012499306
0.012499306
0.012499306
0.012499306
0.012499306
0.012499306
0.012499301
0.012499302
0.012499302
0.012499303
0.012499304
0.012499305
0.012499305
0.012499306
0.012499306
0.012499306
0.012499306
0.012499306
0.012499306
0.012499306
0.012499307
0.012499307
0.012499306
0.012499306
0.012499306
0.012499306
0.012499301
0.012499302
0.012499303
0.012499304
0.012499304
0.012499305
0.012499305
0.012499306
0.012499306
0.012499306
0.012499307
0.012499307
0.012499307
0.012499307
0.012499307
0.012499307
0.012499307
0.012499307
0.012499306
0.012499306
0.012499301
0.012499302
0.012499303
0.012499304
0.012499305
0.012499305
0.012499306
0.012499306
0.012499306
0.012499307
0.012499307
0.012499307
0.012499307
0.012499307
0.012499307
0.012499307
0.012499307
0.012499307
0.012499307
0.012499306
0.012499302
0.012499303
0.012499303
0.012499304
0.012499305
0.012499306
0.012499306
0.012499306
0.012499306
0.012499307
0.012499307
0.012499307
0.012499308
0.012499308
0.012499308
0.012499308
0.012499307
0.012499307
0.012499307
0.012499307
0.012499302
0.012499303
0.012499304
0.012499305
0.012499305
0.012499306
0.012499306
0.012499306
0.012499307
0.012499307
0.012499307
0.012499308
0.012499308
0.012499308
0.012499308
0.012499308
0.012499308
0.012499307
0.012499307
0.012499307
0.012499302
0.012499303
0.012499304
0.012499305
0.012499306
0.012499306
0.012499306
0.012499307
0.012499307
0.012499307
0.012499307
0.012499308
0.012499308
0.012499308
0.012499308
0.012499308
0.012499308
0.012499307
0.012499307
0.012499307
0.012499302
0.012499303
0.012499304
0.012499305
0.012499306
0.012499306
0.012499307
0.012499307
0.012499307
0.012499307
0.012499307
0.012499308
0.012499308
0.012499308
0.012499308
0.012499308
0.012499308
0.012499308
0.012499307
0.012499307
0.012499303
0.012499303
0.012499304
0.012499305
0.012499306
0.012499306
0.012499307
0.012499307
0.012499307
0.012499307
0.012499307
0.012499308
0.012499308
0.012499308
0.012499308
0.012499308
0.012499308
0.012499308
0.012499307
0.012499307
0.012499303
0.012499304
0.012499304
0.012499305
0.012499306
0.012499306
0.012499306
0.012499307
0.012499307
0.012499307
0.012499307
0.012499307
0.012499308
0.012499308
0.012499308
0.012499308
0.012499308
0.012499308
0.012499307
0.012499307
0.012499303
0.012499304
0.012499305
0.012499305
0.012499306
0.012499306
0.012499306
0.012499307
0.012499307
0.012499307
0.012499307
0.012499307
0.012499307
0.012499307
0.012499308
0.012499308
0.012499308
0.012499308
0.012499307
0.012499307
0.012499304
0.012499304
0.012499305
0.012499305
0.012499306
0.012499306
0.012499306
0.012499306
0.012499307
0.012499307
0.012499307
0.012499307
0.012499307
0.012499307
0.012499307
0.012499307
0.012499307
0.012499307
0.012499307
0.012499307
0.012499298
0.012499298
0.012499298
0.012499298
0.012499298
0.012499298
0.012499299
0.012499299
0.012499299
0.012499299
0.012499299
0.0124993
0.0124993
0.0124993
0.0124993
0.012499301
0.012499301
0.012499301
0.012499301
0.012499302
0.012499298
0.012499298
0.012499299
0.012499299
0.012499299
0.012499299
0.0124993
0.0124993
0.0124993
0.0124993
0.0124993
0.012499301
0.012499301
0.012499301
0.012499301
0.012499301
0.012499302
0.012499302
0.012499302
0.012499303
0.012499298
0.012499299
0.012499299
0.0124993
0.0124993
0.0124993
0.012499301
0.012499301
0.012499301
0.012499301
0.012499301
0.012499301
0.012499302
0.012499302
0.012499302
0.012499302
0.012499302
0.012499303
0.012499303
0.012499304
0.012499299
0.012499299
0.0124993
0.0124993
0.012499301
0.012499301
0.012499301
0.012499302
0.012499302
0.012499302
0.012499302
0.012499302
0.012499302
0.012499302
0.012499303
0.012499303
0.012499303
0.012499303
0.012499304
0.012499304
0.012499299
0.0124993
0.0124993
0.012499301
0.012499301
0.012499302
0.012499302
0.012499303
0.012499303
0.012499303
0.012499303
0.012499303
0.012499303
0.012499303
0.012499303
0.012499303
0.012499304
0.012499304
0.012499304
0.012499304
0.0124993
0.0124993
0.012499301
0.012499302
0.012499302
0.012499302
0.012499303
0.012499303
0.012499304
0.012499304
0.012499304
0.012499304
0.012499304
0.012499304
0.012499304
0.012499304
0.012499304
0.012499304
0.012499305
0.012499305
0.0124993
0.012499301
0.012499301
0.012499302
0.012499303
0.012499303
0.012499303
0.012499304
0.012499304
0.012499305
0.012499305
0.012499305
0.012499305
0.012499304
0.012499304
0.012499305
0.012499305
0.012499305
0.012499305
0.012499305
0.0124993
0.012499301
0.012499302
0.012499303
0.012499303
0.012499304
0.012499304
0.012499304
0.012499305
0.012499305
0.012499305
0.012499305
0.012499305
0.012499305
0.012499305
0.012499305
0.012499305
0.012499305
0.012499305
0.012499305
0.012499301
0.012499301
0.012499302
0.012499303
0.012499304
0.012499304
0.012499304
0.012499305
0.012499305
0.012499305
0.012499306
0.012499306
0.012499306
0.012499306
0.012499306
0.012499306
0.012499306
0.012499306
0.012499306
0.012499306
0.012499301
0.012499302
0.012499302
0.012499303
0.012499304
0.012499304
0.012499305
0.012499305
0.012499306
0.012499306
0.012499306
0.012499306
0.012499306
0.012499306
0.012499306
0.012499306
0.012499306
0.012499306
0.012499306
0.012499306
0.012499301
0.012499302
0.012499303
0.012499303
0.012499304
0.012499305
0.012499305
0.012499306
0.012499306
0.012499306
0.012499306
0.012499306
0.012499306
0.012499307
0.012499307
0.012499307
0.012499307
0.012499306
0.012499306
0.012499306
0.012499301
0.012499302
0.012499303
0.012499304
0.012499304
0.012499305
0.012499305
0.012499306
0.012499306
0.012499306
0.012499306
0.012499306
0.012499307
0.012499307
0.012499307
0.012499307
0.012499307
0.012499307
0.012499307
0.012499306
0.012499302
0.012499302
0.012499303
0.012499304
0.012499304
0.012499305
0.012499305
0.012499306
0.012499306
0.012499306
0.012499307
0.012499307
0.012499307
0.012499307
0.012499307
0.012499307
0.012499307
0.012499307
0.012499307
0.012499307
0.012499302
0.012499303
0.012499303
0.012499304
0.012499304
0.012499305
0.012499305
0.012499306
0.012499306
0.012499307
0.012499307
0.012499307
0.012499307
0.012499307
0.012499307
0.012499307
0.012499307
0.012499307
0.012499307
0.012499307
0.012499302
0.012499303
0.012499304
0.012499304
0.012499305
0.012499305
0.012499306
0.012499306
0.012499306
0.012499307
0.012499307
0.012499307
0.012499307
0.012499307
0.012499307
0.012499307
0.012499307
0.012499307
0.012499307
0.012499307
0.012499302
0.012499303
0.012499304
0.012499304
0.012499305
0.012499305
0.012499306
0.012499306
0.012499306
0.012499307
0.012499307
0.012499307
0.012499307
0.012499307
0.012499307
0.012499307
0.012499307
0.012499307
0.012499307
0.012499307
0.012499303
0.012499303
0.012499304
0.012499305
0.012499305
0.012499306
0.012499306
0.012499306
0.012499306
0.012499307
0.012499307
0.012499307
0.012499307
0.012499307
0.012499307
0.012499307
0.012499307
0.012499307
0.012499307
0.012499307
0.012499303
0.012499304
0.012499304
0.012499305
0.012499305
0.012499306
0.012499306
0.012499306
0.012499306
0.012499307
0.012499307
0.012499307
0.012499307
0.012499307
0.012499307
0.012499307
0.012499307
0.012499307
0.012499307
0.012499307
0.012499303
0.012499304
0.012499304
0.012499305
0.012499305
0.012499306
0.012499306
0.012499306
0.012499307
0.012499307
0.012499307
0.012499307
0.012499307
0.012499307
0.012499307
0.012499307
0.012499307
0.012499307
0.012499307
0.012499307
0.012499304
0.012499304
0.012499305
0.012499305
0.012499306
0.012499306
0.012499306
0.012499306
0.012499306
0.012499307
0.012499307
0.012499307
0.012499307
0.012499307
0.012499307
0.012499307
0.012499307
0.012499307
0.012499307
0.012499307
0.012499298
0.012499298
0.012499298
0.012499298
0.012499298
0.012499298
0.012499298
0.012499299
0.012499299
0.012499299
0.012499299
0.012499299
0.0124993
0.0124993
0.0124993
0.0124993
0.012499301
0.012499301
0.012499302
0.012499302
0.012499298
0.012499298
0.012499298
0.012499298
0.012499299
0.012499299
0.012499299
0.012499299
0.0124993
0.0124993
0.0124993
0.0124993
0.0124993
0.012499301
0.012499301
0.012499301
0.012499302
0.012499302
0.012499302
0.012499303
0.012499298
0.012499299
0.012499299
0.012499299
0.012499299
0.012499299
0.0124993
0.0124993
0.0124993
0.0124993
0.012499301
0.012499301
0.012499301
0.012499301
0.012499301
0.012499302
0.012499302
0.012499303
0.012499303
0.012499304
0.012499299
0.012499299
0.012499299
0.0124993
0.0124993
0.0124993
0.0124993
0.0124993
0.012499301
0.012499301
0.012499301
0.012499301
0.012499301
0.012499302
0.012499302
0.012499302
0.012499303
0.012499303
0.012499304
0.012499304
0.012499299
0.012499299
0.0124993
0.0124993
0.0124993
0.0124993
0.012499301
0.012499301
0.012499301
0.012499302
0.012499302
0.012499302
0.012499302
0.012499302
0.012499302
0.012499302
0.012499303
0.012499304
0.012499304
0.012499304
0.012499299
0.0124993
0.0124993
0.0124993
0.012499301
0.012499301
0.012499301
0.012499301
0.012499302
0.012499302
0.012499302
0.012499303
0.012499303
0.012499302
0.012499303
0.012499303
0.012499303
0.012499304
0.012499304
0.012499305
0.0124993
0.0124993
0.0124993
0.012499301
0.012499301
0.012499301
0.012499301
0.012499301
0.012499302
0.012499302
0.012499303
0.012499303
0.012499303
0.012499303
0.012499303
0.012499304
0.012499304
0.012499304
0.012499305
0.012499305
0.0124993
0.0124993
0.012499301
0.012499301
0.012499301
0.012499302
0.012499302
0.012499302
0.012499302
0.012499303
0.012499303
0.012499304
0.012499304
0.012499304
0.012499304
0.012499304
0.012499304
0.012499305
0.012499305
0.012499305
0.0124993
0.012499301
0.012499301
0.012499302
0.012499302
0.012499302
0.012499302
0.012499302
0.012499303
0.012499303
0.012499304
0.012499304
0.012499304
0.012499305
0.012499305
0.012499305
0.012499305
0.012499305
0.012499306
0.012499306
0.012499301
0.012499301
0.012499302
0.012499302
0.012499302
0.012499303
0.012499303
0.012499303
0.012499303
0.012499303
0.012499304
0.012499304
0.012499305
0.012499305
0.012499305
0.012499305
0.012499306
0.012499306
0.012499306
0.012499306
0.012499301
0.012499301
0.012499302
0.012499302
0.012499303
0.012499303
0.012499303
0.012499304
0.012499304
0.012499304
0.012499304
0.012499304
0.012499305
0.012499305
0.012499306
0.012499306
0.012499306
0.012499306
0.012499306
0.012499306
0.012499301
0.012499302
0.012499302
0.012499302
0.012499303
0.012499303
0.012499304
0.012499304
0.012499304
0.012499305
0.012499305
0.012499305
0.012499305
0.012499305
0.012499306
0.012499306
0.012499306
0.012499306
0.012499306
0.012499306
0.012499301
0.012499302
0.012499302
0.012499302
0.012499303
0.012499303
0.012499304
0.012499304
0.012499305
0.012499305
0.012499305
0.012499305
0.012499305
0.012499305
0.012499306
0.012499306
0.012499306
0.012499306
0.012499306
0.012499307
0.012499302
0.012499302
0.012499302
0.012499303
0.012499303
0.012499303
0.012499304
0.012499304
0.012499305
0.012499305
0.012499305
0.012499305
0.012499305
0.012499306
0.012499306
0.012499306
0.012499306
0.012499307
0.012499307
0.012499307
0.012499302
0.012499302
0.012499303
0.012499303
0.012499303
0.012499303
0.012499304
0.012499304
0.012499305
0.012499305
0.012499306
0.012499306
0.012499306
0.012499306
0.012499306
0.012499306
0.012499307
0.012499307
0.012499307
0.012499307
0.012499302
0.012499303
0.012499303
0.012499303
0.012499303
0.012499304
0.012499304
0.012499305
0.012499305
0.012499306
0.012499306
0.012499306
0.012499306
0.012499306
0.012499306
0.012499307
0.012499307
0.012499307
0.012499307
0.012499307
0.012499303
0.012499303
0.012499303
0.012499304
0.012499304
0.012499304
0.012499305
0.012499305
0.012499305
0.012499306
0.012499306
0.012499306
0.012499306
0.012499307
0.012499307
0.012499307
0.012499307
0.012499307
0.012499307
0.012499307
0.012499303
0.012499303
0.012499304
0.012499304
0.012499304
0.012499305
0.012499305
0.012499305
0.012499306
0.012499306
0.012499306
0.012499307
0.012499307
0.012499307
0.012499307
0.012499307
0.012499307
0.012499307
0.012499307
0.012499307
0.012499303
0.012499304
0.012499304
0.012499305
0.012499305
0.012499305
0.012499306
0.012499306
0.012499306
0.012499306
0.012499307
0.012499307
0.012499307
0.012499307
0.012499307
0.012499307
0.012499307
0.012499307
0.012499307
0.012499307
0.012499304
0.012499304
0.012499305
0.012499305
0.012499305
0.012499306
0.012499306
0.012499306
0.012499306
0.012499307
0.012499307
0.012499307
0.012499307
0.012499307
0.012499307
0.012499307
0.012499307
0.012499307
0.012499307
0.012499307
0.012499298
0.012499298
0.012499298
0.012499298
0.012499298
0.012499298
0.012499298
0.012499298
0.012499299
0.012499299
0.012499299
0.012499299
0.0124993
0.0124993
0.0124993
0.0124993
0.012499301
0.012499301
0.012499301
0.012499302
0.012499298
0.012499298
0.012499298
0.012499298
0.012499298
0.012499298
0.012499299
0.012499299
0.012499299
0.012499299
0.0124993
0.0124993
0.0124993
0.0124993
0.012499301
0.012499301
0.012499302
0.012499302
0.012499302
0.012499303
0.012499298
0.012499298
0.012499298
0.012499299
0.012499299
0.012499299
0.012499299
0.012499299
0.012499299
0.0124993
0.0124993
0.0124993
0.012499301
0.012499301
0.012499301
0.012499302
0.012499302
0.012499303
0.012499303
0.012499304
0.012499299
0.012499299
0.012499299
0.012499299
0.012499299
0.012499299
0.012499299
0.012499299
0.0124993
0.0124993
0.0124993
0.012499301
0.012499301
0.012499301
0.012499302
0.012499302
0.012499303
0.012499303
0.012499304
0.012499304
0.012499299
0.012499299
0.012499299
0.012499299
0.012499299
0.012499299
0.012499299
0.0124993
0.0124993
0.0124993
0.012499301
0.012499301
0.012499302
0.012499302
0.012499302
0.012499303
0.012499303
0.012499303
0.012499304
0.012499304
0.012499299
0.012499299
0.012499299
0.012499299
0.0124993
0.0124993
0.0124993
0.0124993
0.0124993
0.0124993
0.012499301
0.012499302
0.012499302
0.012499302
0.012499303
0.012499303
0.012499303
0.012499304
0.012499304
0.012499305
0.0124993
0.0124993
0.0124993
0.0124993
0.0124993
0.0124993
0.0124993
0.0124993
0.0124993
0.012499301
0.012499301
0.012499302
0.012499302
0.012499303
0.012499303
0.012499304
0.012499304
0.012499304
0.012499305
0.012499305
0.0124993
0.0124993
0.0124993
0.0124993
0.0124993
0.0124993
0.0124993
0.0124993
0.0124993
0.012499301
0.012499301
0.012499302
0.012499303
0.012499303
0.012499304
0.012499304
0.012499304
0.012499305
0.012499305
0.012499305
0.0124993
0.0124993
0.0124993
0.0124993
0.0124993
0.0124993
0.012499301
0.012499301
0.012499301
0.012499301
0.012499302
0.012499302
0.012499303
0.012499304
0.012499304
0.012499304
0.012499305
0.012499305
0.012499305
0.012499306
0.012499301
0.012499301
0.012499301
0.012499301
0.012499301
0.012499301
0.012499301
0.012499301
0.012499301
0.012499302
0.012499302
0.012499303
0.012499303
0.012499304
0.012499304
0.012499305
0.012499305
0.012499305
0.012499306
0.012499306
0.012499301
0.012499301
0.012499301
0.012499301
0.012499301
0.012499302
0.012499302
0.012499302
0.012499302
0.012499302
0.012499302
0.012499303
0.012499304
0.012499304
0.012499305
0.012499305
0.012499305
0.012499306
0.012499306
0.012499306
0.012499301
0.012499301
0.012499302
0.012499302
0.012499302
0.012499302
0.012499302
0.012499303
0.012499303
0.012499303
0.012499303
0.012499303
0.012499304
0.012499304
0.012499305
0.012499305
0.012499306
0.012499306
0.012499306
0.012499306
0.012499301
0.012499302
0.012499302
0.012499302
0.012499302
0.012499302
0.012499303
0.012499303
0.012499303
0.012499304
0.012499304
0.012499304
0.012499304
0.012499305
0.012499305
0.012499306
0.012499306
0.012499306
0.012499306
0.012499307
0.012499302
0.012499302
0.012499302
0.012499302
0.012499302
0.012499303
0.012499303
0.012499303
0.012499304
0.012499304
0.012499304
0.012499305
0.012499305
0.012499305
0.012499306
0.012499306
0.012499306
0.012499306
0.012499307
0.012499307
0.012499302
0.012499302
0.012499302
0.012499303
0.012499303
0.012499303
0.012499303
0.012499304
0.012499304
0.012499305
0.012499305
0.012499305
0.012499305
0.012499306
0.012499306
0.012499306
0.012499306
0.012499307
0.012499307
0.012499307
0.012499302
0.012499303
0.012499303
0.012499303
0.012499303
0.012499303
0.012499304
0.012499304
0.012499305
0.012499305
0.012499305
0.012499305
0.012499306
0.012499306
0.012499306
0.012499307
0.012499307
0.012499307
0.012499307
0.012499307
0.012499303
0.012499303
0.012499303
0.012499303
0.012499304
0.012499304
0.012499304
0.012499305
0.012499305
0.012499305
0.012499306
0.012499306
0.012499306
0.012499306
0.012499306
0.012499307
0.012499307
0.012499307
0.012499307
0.012499307
0.012499303
0.012499303
0.012499304
0.012499304
0.012499304
0.012499304
0.012499305
0.012499305
0.012499306
0.012499306
0.012499306
0.012499306
0.012499306
0.012499306
0.012499307
0.012499307
0.012499307
0.012499307
0.012499307
0.012499307
0.012499303
0.012499304
0.012499304
0.012499305
0.012499305
0.012499305
0.012499305
0.012499306
0.012499306
0.012499306
0.012499306
0.012499306
0.012499307
0.012499307
0.012499307
0.012499307
0.012499307
0.012499307
0.012499307
0.012499307
0.012499304
0.012499304
0.012499305
0.012499305
0.012499305
0.012499306
0.012499306
0.012499306
0.012499306
0.012499306
0.012499307
0.012499307
0.012499307
0.012499307
0.012499307
0.012499307
0.012499307
0.012499307
0.012499307
0.012499307
0.012499298
0.012499298
0.012499298
0.012499298
0.012499298
0.012499298
0.012499298
0.012499298
0.012499299
0.012499299
0.012499299
0.012499299
0.0124993
0.0124993
0.0124993
0.0124993
0.012499301
0.012499301
0.012499301
0.012499302
0.012499298
0.012499298
0.012499298
0.012499298
0.012499299
0.012499299
0.012499299
0.012499299
0.012499299
0.012499299
0.0124993
0.0124993
0.0124993
0.012499301
0.012499301
0.012499301
0.012499302
0.012499302
0.012499302
0.012499303
0.012499298
0.012499299
0.012499299
0.012499299
0.012499299
0.012499299
0.012499299
0.012499299
0.0124993
0.0124993
0.0124993
0.012499301
0.012499301
0.012499302
0.012499302
0.012499302
0.012499302
0.012499303
0.012499303
0.012499303
0.012499299
0.012499299
0.012499299
0.012499299
0.012499299
0.0124993
0.0124993
0.0124993
0.0124993
0.0124993
0.012499301
0.012499301
0.012499302
0.012499302
0.012499303
0.012499303
0.012499303
0.012499303
0.012499304
0.012499304
0.012499299
0.012499299
0.012499299
0.0124993
0.0124993
0.0124993
0.0124993
0.0124993
0.0124993
0.0124993
0.012499301
0.012499302
0.012499302
0.012499303
0.012499303
0.012499304
0.012499304
0.012499304
0.012499304
0.012499304
0.012499299
0.0124993
0.0124993
0.0124993
0.0124993
0.0124993
0.012499301
0.012499301
0.012499301
0.012499301
0.012499301
0.012499302
0.012499303
0.012499303
0.012499304
0.012499304
0.012499304
0.012499304
0.012499304
0.012499305
0.0124993
0.0124993
0.0124993
0.0124993
0.0124993
0.012499301
0.012499301
0.012499301
0.012499301
0.012499301
0.012499301
0.012499302
0.012499303
0.012499304
0.012499304
0.012499305
0.012499305
0.012499305
0.012499305
0.012499305
0.0124993
0.0124993
0.0124993
0.0124993
0.012499301
0.012499301
0.012499301
0.012499302
0.012499302
0.012499302
0.012499302
0.012499302
0.012499303
0.012499304
0.012499304
0.012499305
0.012499305
0.012499305
0.012499305
0.012499305
0.0124993
0.0124993
0.012499301
0.012499301
0.012499301
0.012499301
0.012499301
0.012499302
0.012499302
0.012499302
0.012499302
0.012499302
0.012499303
0.012499304
0.012499304
0.012499305
0.012499305
0.012499305
0.012499305
0.012499306
0.012499301
0.012499301
0.012499301
0.012499301
0.012499301
0.012499301
0.012499302
0.012499302
0.012499302
0.012499302
0.012499303
0.012499303
0.012499303
0.012499304
0.012499304
0.012499305
0.012499305
0.012499305
0.012499306
0.012499306
0.012499301
0.012499301
0.012499302
0.012499302
0.012499302
0.012499302
0.012499302
0.012499302
0.012499302
0.012499303
0.012499303
0.012499304
0.012499304
0.012499304
0.012499305
0.012499305
0.012499305
0.012499306
0.012499306
0.012499306
0.012499301
0.012499302
0.012499302
0.012499302
0.012499303
0.012499303
0.012499303
0.012499303
0.012499303
0.012499303
0.012499304
0.012499304
0.012499305
0.012499305
0.012499305
0.012499305
0.012499306
0.012499306
0.012499306
0.012499306
0.012499301
0.012499302
0.012499302
0.012499303
0.012499303
0.012499303
0.012499304
0.012499303
0.012499303
0.012499304
0.012499304
0.012499305
0.012499305
0.012499306
0.012499306
0.012499306
0.012499306
0.012499306
0.012499306
0.012499307
0.012499302
0.012499302
0.012499303
0.012499303
0.012499304
0.012499304
0.012499304
0.012499304
0.012499304
0.012499304
0.012499304
0.012499305
0.012499306
0.012499306
0.012499306
0.012499306
0.012499306
0.012499306
0.012499307
0.012499307
0.012499302
0.012499303
0.012499303
0.012499304
0.012499304
0.012499305
0.012499305
0.012499305
0.012499305
0.012499305
0.012499305
0.012499305
0.012499306
0.012499306
0.012499306
0.012499307
0.012499307
0.012499307
0.012499307
0.012499307
0.012499302
0.012499303
0.012499303
0.012499304
0.012499304
0.012499305
0.012499305
0.012499305
0.012499305
0.012499305
0.012499305
0.012499306
0.012499306
0.012499306
0.012499307
0.012499307
0.012499307
0.012499307
0.012499307
0.012499307
0.012499303
0.012499303
0.012499304
0.012499304
0.012499305
0.012499305
0.012499305
0.012499306
0.012499306
0.012499306
0.012499306
0.012499306
0.012499306
0.012499306
0.012499307
0.012499307
0.012499307
0.012499307
0.012499307
0.012499307
0.012499303
0.012499304
0.012499304
0.012499305
0.012499305
0.012499305
0.012499305
0.012499306
0.012499306
0.012499306
0.012499306
0.012499306
0.012499306
0.012499307
0.012499307
0.012499307
0.012499307
0.012499307
0.012499307
0.012499307
0.012499303
0.012499304
0.012499304
0.012499305
0.012499305
0.012499305
0.012499306
0.012499306
0.012499306
0.012499306
0.012499306
0.012499307
0.012499307
0.012499307
0.012499307
0.012499307
0.012499307
0.012499307
0.012499307
0.012499307
0.012499304
0.012499304
0.012499305
0.012499305
0.012499305
0.012499306
0.012499306
0.012499306
0.012499306
0.012499306
0.012499307
0.012499307
0.012499307
0.012499307
0.012499307
0.012499307
0.012499307
0.012499307
0.012499307
0.012499307
0.012499298
0.012499298
0.012499298
0.012499298
0.012499298
0.012499298
0.012499298
0.012499299
0.012499299
0.012499299
0.012499299
0.012499299
0.0124993
0.0124993
0.0124993
0.0124993
0.012499301
0.012499301
0.012499301
0.012499302
0.012499298
0.012499298
0.012499299
0.012499299
0.012499299
0.012499299
0.012499299
0.0124993
0.0124993
0.0124993
0.0124993
0.0124993
0.012499301
0.012499301
0.012499301
0.012499301
0.012499302
0.012499302
0.012499302
0.012499303
0.012499298
0.012499299
0.012499299
0.0124993
0.0124993
0.0124993
0.0124993
0.0124993
0.012499301
0.012499301
0.012499301
0.012499301
0.012499302
0.012499302
0.012499302
0.012499302
0.012499302
0.012499303
0.012499303
0.012499303
0.012499299
0.012499299
0.0124993
0.0124993
0.0124993
0.012499301
0.012499301
0.012499301
0.012499301
0.012499301
0.012499302
0.012499302
0.012499303
0.012499303
0.012499303
0.012499303
0.012499303
0.012499303
0.012499304
0.012499304
0.012499299
0.0124993
0.0124993
0.012499301
0.012499301
0.012499301
0.012499302
0.012499302
0.012499302
0.012499302
0.012499302
0.012499303
0.012499303
0.012499304
0.012499304
0.012499304
0.012499304
0.012499304
0.012499304
0.012499304
0.0124993
0.0124993
0.012499301
0.012499301
0.012499302
0.012499302
0.012499303
0.012499303
0.012499303
0.012499303
0.012499303
0.012499303
0.012499304
0.012499304
0.012499305
0.012499305
0.012499305
0.012499305
0.012499305
0.012499305
0.0124993
0.0124993
0.012499301
0.012499302
0.012499302
0.012499303
0.012499303
0.012499304
0.012499304
0.012499303
0.012499303
0.012499303
0.012499304
0.012499305
0.012499305
0.012499305
0.012499305
0.012499305
0.012499305
0.012499305
0.0124993
0.012499301
0.012499301
0.012499302
0.012499302
0.012499303
0.012499304
0.012499304
0.012499304
0.012499304
0.012499304
0.012499304
0.012499304
0.012499305
0.012499305
0.012499305
0.012499305
0.012499305
0.012499305
0.012499305
0.0124993
0.012499301
0.012499302
0.012499302
0.012499303
0.012499303
0.012499304
0.012499304
0.012499305
0.012499305
0.012499305
0.012499304
0.012499304
0.012499305
0.012499305
0.012499305
0.012499305
0.012499305
0.012499306
0.012499306
0.012499301
0.012499301
0.012499302
0.012499302
0.012499303
0.012499303
0.012499304
0.012499304
0.012499305
0.012499305
0.012499305
0.012499305
0.012499305
0.012499305
0.012499305
0.012499305
0.012499306
0.012499306
0.012499306
0.012499306
0.012499301
0.012499302
0.012499302
0.012499303
0.012499303
0.012499304
0.012499304
0.012499304
0.012499305
0.012499305
0.012499306
0.012499306
0.012499306
0.012499305
0.012499305
0.012499306
0.012499306
0.012499306
0.012499306
0.012499306
0.012499301
0.012499302
0.012499303
0.012499303
0.012499304
0.012499304
0.012499304
0.012499304
0.012499304
0.012499305
0.012499306
0.012499306
0.012499306
0.012499306
0.012499306
0.012499306
0.012499306
0.012499306
0.012499306
0.012499306
0.012499302
0.012499302
0.012499303
0.012499304
0.012499305
0.012499305
0.012499305
0.012499305
0.012499305
0.012499305
0.012499306
0.012499306
0.012499307
0.012499307
0.012499306
0.012499306
0.012499306
0.012499306
0.012499307
0.012499307
0.012499302
0.012499303
0.012499304
0.012499304
0.012499305
0.012499305
0.012499306
0.012499305
0.012499305
0.012499305
0.012499306
0.012499306
0.012499307
0.012499307
0.012499307
0.012499307
0.012499307
0.012499307
0.012499307
0.012499307
0.012499302
0.012499303
0.012499304
0.012499305
0.012499305
0.012499306
0.012499306
0.012499306
0.012499306
0.012499306
0.012499306
0.012499306
0.012499307
0.012499307
0.012499307
0.012499307
0.012499307
0.012499307
0.012499307
0.012499307
0.012499302
0.012499303
0.012499304
0.012499305
0.012499305
0.012499306
0.012499306
0.012499306
0.012499306
0.012499306
0.012499306
0.012499306
0.012499307
0.012499307
0.012499307
0.012499307
0.012499307
0.012499307
0.012499307
0.012499307
0.012499303
0.012499303
0.012499304
0.012499305
0.012499305
0.012499306
0.012499306
0.012499306
0.012499306
0.012499306
0.012499306
0.012499306
0.012499307
0.012499307
0.012499307
0.012499307
0.012499307
0.012499307
0.012499307
0.012499307
0.012499303
0.012499303
0.012499304
0.012499305
0.012499305
0.012499306
0.012499306
0.012499306
0.012499306
0.012499306
0.012499306
0.012499307
0.012499307
0.012499307
0.012499307
0.012499307
0.012499307
0.012499307
0.012499307
0.012499307
0.012499303
0.012499304
0.012499304
0.012499305
0.012499305
0.012499306
0.012499306
0.012499306
0.012499306
0.012499306
0.012499307
0.012499307
0.012499307
0.012499307
0.012499307
0.012499307
0.012499307
0.012499307
0.012499307
0.012499307
0.012499304
0.012499304
0.012499305
0.012499305
0.012499305
0.012499306
0.012499306
0.012499306
0.012499306
0.012499307
0.012499307
0.012499307
0.012499307
0.012499307
0.012499307
0.012499307
0.012499307
0.012499307
0.012499307
0.012499307
0.012499298
0.012499298
0.012499298
0.012499298
0.012499298
0.012499298
0.012499299
0.012499299
0.012499299
0.012499299
0.012499299
0.0124993
0.0124993
0.0124993
0.0124993
0.0124993
0.012499301
0.012499301
0.012499301
0.012499302
0.012499298
0.012499298
0.012499299
0.012499299
0.012499299
0.012499299
0.0124993
0.0124993
0.0124993
0.0124993
0.0124993
0.0124993
0.012499301
0.012499301
0.012499301
0.012499301
0.012499301
0.012499302
0.012499302
0.012499303
0.012499299
0.012499299
0.012499299
0.0124993
0.0124993
0.0124993
0.012499301
0.012499301
0.012499301
0.012499301
0.012499301
0.012499301
0.012499302
0.012499302
0.012499302
0.012499302
0.012499302
0.012499302
0.012499303
0.012499303
0.012499299
0.012499299
0.0124993
0.0124993
0.012499301
0.012499301
0.012499302
0.012499302
0.012499302
0.012499302
0.012499302
0.012499302
0.012499302
0.012499303
0.012499303
0.012499303
0.012499303
0.012499303
0.012499304
0.012499304
0.012499299
0.0124993
0.012499301
0.012499301
0.012499302
0.012499302
0.012499302
0.012499303
0.012499303
0.012499303
0.012499303
0.012499303
0.012499303
0.012499303
0.012499303
0.012499304
0.012499304
0.012499304
0.012499304
0.012499304
0.0124993
0.0124993
0.012499301
0.012499302
0.012499302
0.012499303
0.012499303
0.012499304
0.012499304
0.012499304
0.012499304
0.012499304
0.012499304
0.012499304
0.012499304
0.012499304
0.012499304
0.012499304
0.012499305
0.012499305
0.0124993
0.012499301
0.012499302
0.012499302
0.012499303
0.012499303
0.012499304
0.012499304
0.012499305
0.012499305
0.012499305
0.012499305
0.012499304
0.012499304
0.012499304
0.012499305
0.012499305
0.012499305
0.012499305
0.012499305
0.0124993
0.012499301
0.012499302
0.012499303
0.012499303
0.012499304
0.012499305
0.012499305
0.012499306
0.012499306
0.012499306
0.012499305
0.012499305
0.012499305
0.012499305
0.012499305
0.012499305
0.012499305
0.012499305
0.012499305
0.012499301
0.012499301
0.012499302
0.012499303
0.012499304
0.012499304
0.012499305
0.012499306
0.012499306
0.012499306
0.012499306
0.012499306
0.012499306
0.012499305
0.012499305
0.012499305
0.012499305
0.012499305
0.012499306
0.012499306
0.012499301
0.012499302
0.012499302
0.012499303
0.012499304
0.012499305
0.012499305
0.012499306
0.012499306
0.012499307
0.012499307
0.012499307
0.012499306
0.012499306
0.012499306
0.012499306
0.012499306
0.012499306
0.012499306
0.012499306
0.012499301
0.012499302
0.012499303
0.012499303
0.012499304
0.012499305
0.012499305
0.012499306
0.012499306
0.012499307
0.012499307
0.012499307
0.012499307
0.012499306
0.012499306
0.012499306
0.012499306
0.012499306
0.012499306
0.012499306
0.012499301
0.012499302
0.012499303
0.012499303
0.012499304
0.012499305
0.012499305
0.012499305
0.012499306
0.012499307
0.012499307
0.012499307
0.012499307
0.012499307
0.012499307
0.012499307
0.012499306
0.012499306
0.012499306
0.012499306
0.012499302
0.012499302
0.012499303
0.012499304
0.012499304
0.012499305
0.012499305
0.012499305
0.012499306
0.012499306
0.012499307
0.012499307
0.012499307
0.012499307
0.012499307
0.012499307
0.012499307
0.012499307
0.012499307
0.012499307
0.012499302
0.012499303
0.012499303
0.012499304
0.012499304
0.012499305
0.012499305
0.012499306
0.012499306
0.012499306
0.012499307
0.012499307
0.012499307
0.012499307
0.012499307
0.012499307
0.012499307
0.012499307
0.012499307
0.012499307
0.012499302
0.012499303
0.012499304
0.012499304
0.012499305
0.012499305
0.012499305
0.012499306
0.012499306
0.012499306
0.012499306
0.012499307
0.012499307
0.012499307
0.012499307
0.012499307
0.012499307
0.012499307
0.012499307
0.012499307
0.012499302
0.012499303
0.012499304
0.012499304
0.012499305
0.012499305
0.012499306
0.012499306
0.012499306
0.012499306
0.012499307
0.012499307
0.012499307
0.012499307
0.012499307
0.012499307
0.012499307
0.012499307
0.012499307
0.012499307
0.012499303
0.012499303
0.012499304
0.012499304
0.012499305
0.012499305
0.012499306
0.012499306
0.012499306
0.012499306
0.012499307
0.012499307
0.012499307
0.012499307
0.012499307
0.012499307
0.012499307
0.012499307
0.012499307
0.012499307
0.012499303
0.012499303
0.012499304
0.012499305
0.012499305
0.012499306
0.012499306
0.012499306
0.012499306
0.012499306
0.012499307
0.012499307
0.012499307
0.012499307
0.012499307
0.012499307
0.012499307
0.012499307
0.012499307
0.012499307
0.012499303
0.012499304
0.012499304
0.012499305
0.012499305
0.012499306
0.012499306
0.012499306
0.012499306
0.012499306
0.012499307
0.012499307
0.012499307
0.012499307
0.012499307
0.012499307
0.012499307
0.012499307
0.012499307
0.012499307
0.012499304
0.012499304
0.012499305
0.012499305
0.012499305
0.012499306
0.012499306
0.012499306
0.012499306
0.012499307
0.012499307
0.012499307
0.012499307
0.012499307
0.012499307
0.012499307
0.012499307
0.012499307
0.012499307
0.012499307
0.012499298
0.012499298
0.012499298
0.012499298
0.012499298
0.012499298
0.012499299
0.012499299
0.012499299
0.012499299
0.012499299
0.012499299
0.0124993
0.0124993
0.0124993
0.0124993
0.012499301
0.012499301
0.012499301
0.012499302
0.012499298
0.012499298
0.012499298
0.012499299
0.012499299
0.012499299
0.012499299
0.0124993
0.0124993
0.0124993
0.0124993
0.0124993
0.0124993
0.012499301
0.012499301
0.012499301
0.012499301
0.012499302
0.012499302
0.012499303
0.012499298
0.012499299
0.012499299
0.012499299
0.0124993
0.0124993
0.0124993
0.012499301
0.012499301
0.012499301
0.012499301
0.012499301
0.012499301
0.012499301
0.012499301
0.012499302
0.012499302
0.012499302
0.012499303
0.012499304
0.012499299
0.012499299
0.0124993
0.0124993
0.0124993
0.012499301
0.012499301
0.012499301
0.012499302
0.012499302
0.012499302
0.012499302
0.012499302
0.012499302
0.012499302
0.012499302
0.012499303
0.012499303
0.012499304
0.012499304
0.012499299
0.0124993
0.0124993
0.012499301
0.012499301
0.012499301
0.012499302
0.012499302
0.012499303
0.012499303
0.012499303
0.012499303
0.012499302
0.012499302
0.012499302
0.012499302
0.012499303
0.012499304
0.012499304
0.012499304
0.012499299
0.0124993
0.012499301
0.012499301
0.012499301
0.012499302
0.012499302
0.012499303
0.012499303
0.012499304
0.012499304
0.012499303
0.012499303
0.012499303
0.012499303
0.012499303
0.012499303
0.012499304
0.012499304
0.012499305
0.0124993
0.0124993
0.012499301
0.012499302
0.012499302
0.012499302
0.012499302
0.012499303
0.012499304
0.012499304
0.012499304
0.012499304
0.012499304
0.012499303
0.012499303
0.012499303
0.012499304
0.012499304
0.012499305
0.012499305
0.0124993
0.012499301
0.012499301
0.012499302
0.012499303
0.012499303
0.012499303
0.012499303
0.012499304
0.012499305
0.012499305
0.012499305
0.012499305
0.012499304
0.012499304
0.012499304
0.012499304
0.012499305
0.012499305
0.012499305
0.0124993
0.012499301
0.012499302
0.012499303
0.012499303
0.012499304
0.012499304
0.012499304
0.012499304
0.012499305
0.012499305
0.012499306
0.012499306
0.012499305
0.012499305
0.012499305
0.012499305
0.012499305
0.012499305
0.012499306
0.012499301
0.012499301
0.012499302
0.012499303
0.012499304
0.012499304
0.012499305
0.012499305
0.012499305
0.012499305
0.012499306
0.012499306
0.012499306
0.012499306
0.012499306
0.012499306
0.012499306
0.012499306
0.012499306
0.012499306
0.012499301
0.012499302
0.012499302
0.012499303
0.012499303
0.012499304
0.012499305
0.012499305
0.012499306
0.012499306
0.012499306
0.012499306
0.012499306
0.012499306
0.012499306
0.012499306
0.012499306
0.012499306
0.012499306
0.012499306
0.012499301
0.012499302
0.012499302
0.012499303
0.012499303
0.012499304
0.012499305
0.012499305
0.012499306
0.012499306
0.012499306
0.012499306
0.012499306
0.012499306
0.012499306
0.012499306
0.012499306
0.012499306
0.012499306
0.012499306
0.012499301
0.012499302
0.012499302
0.012499303
0.012499303
0.012499303
0.012499304
0.012499305
0.012499306
0.012499306
0.012499306
0.012499306
0.012499306
0.012499306
0.012499306
0.012499306
0.012499307
0.012499307
0.012499307
0.012499307
0.012499302
0.012499302
0.012499303
0.012499303
0.012499303
0.012499303
0.012499304
0.012499305
0.012499306
0.012499306
0.012499306
0.012499306
0.012499306
0.012499306
0.012499306
0.012499306
0.012499307
0.012499307
0.012499307
0.012499307
0.012499302
0.012499302
0.012499303
0.012499303
0.012499303
0.012499303
0.012499304
0.012499304
0.012499305
0.012499306
0.012499306
0.012499307
0.012499306
0.012499306
0.012499306
0.012499306
0.012499307
0.012499307
0.012499307
0.012499307
0.012499302
0.012499303
0.012499303
0.012499303
0.012499304
0.012499304
0.012499304
0.012499305
0.012499305
0.012499306
0.012499306
0.012499307
0.012499307
0.012499307
0.012499307
0.012499307
0.012499307
0.012499307
0.012499307
0.012499307
0.012499303
0.012499303
0.012499303
0.012499304
0.012499304
0.012499304
0.012499305
0.012499305
0.012499305
0.012499306
0.012499306
0.012499307
0.012499307
0.012499307
0.012499307
0.012499307
0.012499307
0.012499307
0.012499307
0.012499307
0.012499303
0.012499303
0.012499304
0.012499304
0.012499305
0.012499305
0.012499305
0.012499305
0.012499306
0.012499306
0.012499306
0.012499307
0.012499307
0.012499307
0.012499307
0.012499307
0.012499307
0.012499307
0.012499307
0.012499307
0.012499303
0.012499304
0.012499304
0.012499305
0.012499305
0.012499305
0.012499306
0.012499306
0.012499306
0.012499306
0.012499307
0.012499307
0.012499307
0.012499307
0.012499307
0.012499307
0.012499307
0.012499307
0.012499307
0.012499307
0.012499304
0.012499304
0.012499305
0.012499305
0.012499305
0.012499306
0.012499306
0.012499306
0.012499306
0.012499307
0.012499307
0.012499307
0.012499307
0.012499307
0.012499307
0.012499307
0.012499307
0.012499307
0.012499307
0.012499307
0.012499298
0.012499298
0.012499298
0.012499298
0.012499298
0.012499298
0.012499298
0.012499299
0.012499299
0.012499299
0.012499299
0.012499299
0.0124993
0.0124993
0.0124993
0.0124993
0.012499301
0.012499301
0.012499302
0.012499302
0.012499298
0.012499298
0.012499298
0.012499298
0.012499299
0.012499299
0.012499299
0.012499299
0.0124993
0.0124993
0.0124993
0.0124993
0.0124993
0.012499301
0.012499301
0.012499301
0.012499302
0.012499302
0.012499303
0.012499303
0.012499298
0.012499298
0.012499299
0.012499299
0.012499299
0.012499299
0.0124993
0.0124993
0.0124993
0.0124993
0.012499301
0.012499301
0.012499301
0.012499301
0.012499301
0.012499302
0.012499302
0.012499303
0.012499303
0.012499304
0.012499299
0.012499299
0.012499299
0.012499299
0.0124993
0.0124993
0.0124993
0.0124993
0.012499301
0.012499301
0.012499301
0.012499301
0.012499301
0.012499301
0.012499302
0.012499302
0.012499303
0.012499303
0.012499304
0.012499304
0.012499299
0.012499299
0.0124993
0.0124993
0.0124993
0.0124993
0.012499301
0.012499301
0.012499301
0.012499302
0.012499302
0.012499302
0.012499302
0.012499302
0.012499302
0.012499302
0.012499303
0.012499304
0.012499304
0.012499304
0.012499299
0.0124993
0.0124993
0.0124993
0.012499301
0.012499301
0.012499301
0.012499301
0.012499302
0.012499302
0.012499303
0.012499303
0.012499303
0.012499302
0.012499302
0.012499303
0.012499303
0.012499304
0.012499304
0.012499305
0.0124993
0.0124993
0.0124993
0.012499301
0.012499301
0.012499301
0.012499301
0.012499301
0.012499302
0.012499302
0.012499303
0.012499304
0.012499303
0.012499303
0.012499303
0.012499303
0.012499304
0.012499304
0.012499305
0.012499305
0.0124993
0.0124993
0.012499301
0.012499301
0.012499301
0.012499301
0.012499301
0.012499301
0.012499302
0.012499302
0.012499303
0.012499304
0.012499304
0.012499304
0.012499304
0.012499304
0.012499304
0.012499305
0.012499305
0.012499305
0.0124993
0.012499301
0.012499301
0.012499301
0.012499302
0.012499302
0.012499302
0.012499302
0.012499302
0.012499302
0.012499303
0.012499304
0.012499305
0.012499305
0.012499305
0.012499305
0.012499305
0.012499305
0.012499306
0.012499306
0.012499301
0.012499301
0.012499301
0.012499302
0.012499302
0.012499303
0.012499303
0.012499303
0.012499303
0.012499303
0.012499303
0.012499304
0.012499305
0.012499305
0.012499306
0.012499306
0.012499306
0.012499306
0.012499306
0.012499306
0.012499301
0.012499301
0.012499302
0.012499302
0.012499303
0.012499303
0.012499304
0.012499304
0.012499304
0.012499303
0.012499304
0.012499304
0.012499305
0.012499305
0.012499306
0.012499306
0.012499306
0.012499306
0.012499306
0.012499306
0.012499301
0.012499302
0.012499302
0.012499302
0.012499303
0.012499303
0.012499304
0.012499304
0.012499304
0.012499304
0.012499304
0.012499304
0.012499304
0.012499305
0.012499306
0.012499306
0.012499306
0.012499306
0.012499306
0.012499306
0.012499301
0.012499302
0.012499302
0.012499302
0.012499302
0.012499303
0.012499304
0.012499304
0.012499305
0.012499305
0.012499305
0.012499305
0.012499305
0.012499305
0.012499306
0.012499306
0.012499306
0.012499306
0.012499307
0.012499307
0.012499302
0.012499302
0.012499302
0.012499302
0.012499302
0.012499303
0.012499303
0.012499304
0.012499305
0.012499305
0.012499305
0.012499305
0.012499305
0.012499305
0.012499306
0.012499306
0.012499306
0.012499307
0.012499307
0.012499307
0.012499302
0.012499302
0.012499303
0.012499303
0.012499303
0.012499303
0.012499303
0.012499304
0.012499305
0.012499306
0.012499306
0.012499306
0.012499306
0.012499306
0.012499306
0.012499306
0.012499307
0.012499307
0.012499307
0.012499307
0.012499302
0.012499303
0.012499303
0.012499303
0.012499303
0.012499303
0.012499304
0.012499304
0.012499305
0.012499306
0.012499306
0.012499306
0.012499306
0.012499306
0.012499307
0.012499307
0.012499307
0.012499307
0.012499307
0.012499307
0.012499303
0.012499303
0.012499303
0.012499304
0.012499304
0.012499304
0.012499304
0.012499305
0.012499305
0.012499306
0.012499306
0.012499306
0.012499306
0.012499307
0.012499307
0.012499307
0.012499307
0.012499307
0.012499307
0.012499307
0.012499303
0.012499304
0.012499304
0.012499304
0.012499304
0.012499305
0.012499305
0.012499305
0.012499306
0.012499306
0.012499306
0.012499307
0.012499307
0.012499307
0.012499307
0.012499307
0.012499307
0.012499307
0.012499307
0.012499307
0.012499303
0.012499304
0.012499305
0.012499305
0.012499305
0.012499305
0.012499306
0.012499306
0.012499306
0.012499306
0.012499307
0.012499307
0.012499307
0.012499307
0.012499307
0.012499307
0.012499307
0.012499307
0.012499307
0.012499307
0.012499304
0.012499304
0.012499305
0.012499305
0.012499305
0.012499306
0.012499306
0.012499306
0.012499306
0.012499307
0.012499307
0.012499307
0.012499307
0.012499307
0.012499307
0.012499307
0.012499307
0.012499307
0.012499307
0.012499307
0.012499298
0.012499298
0.012499298
0.012499298
0.012499298
0.012499298
0.012499298
0.012499299
0.012499299
0.012499299
0.012499299
0.012499299
0.0124993
0.0124993
0.0124993
0.0124993
0.012499301
0.012499301
0.012499302
0.012499302
0.012499298
0.012499298
0.012499298
0.012499298
0.012499299
0.012499299
0.012499299
0.012499299
0.0124993
0.0124993
0.0124993
0.0124993
0.012499301
0.012499301
0.012499301
0.012499302
0.012499302
0.012499302
0.012499303
0.012499303
0.012499298
0.012499299
0.012499299
0.012499299
0.012499299
0.012499299
0.0124993
0.0124993
0.0124993
0.0124993
0.012499301
0.012499301
0.012499302
0.012499302
0.012499302
0.012499302
0.012499303
0.012499303
0.012499304
0.012499304
0.012499299
0.012499299
0.012499299
0.012499299
0.0124993
0.0124993
0.0124993
0.0124993
0.0124993
0.012499301
0.012499301
0.012499302
0.012499302
0.012499303
0.012499303
0.012499303
0.012499303
0.012499304
0.012499304
0.012499304
0.012499299
0.012499299
0.0124993
0.0124993
0.0124993
0.0124993
0.012499301
0.012499301
0.012499301
0.012499301
0.012499302
0.012499303
0.012499303
0.012499303
0.012499303
0.012499304
0.012499304
0.012499304
0.012499304
0.012499304
0.012499299
0.0124993
0.0124993
0.0124993
0.012499301
0.012499301
0.012499301
0.012499301
0.012499301
0.012499302
0.012499302
0.012499303
0.012499304
0.012499304
0.012499304
0.012499304
0.012499305
0.012499305
0.012499305
0.012499305
0.0124993
0.0124993
0.0124993
0.012499301
0.012499301
0.012499301
0.012499301
0.012499301
0.012499302
0.012499302
0.012499303
0.012499304
0.012499304
0.012499305
0.012499305
0.012499305
0.012499305
0.012499305
0.012499305
0.012499305
0.0124993
0.0124993
0.012499301
0.012499301
0.012499301
0.012499301
0.012499302
0.012499302
0.012499302
0.012499302
0.012499303
0.012499304
0.012499304
0.012499305
0.012499305
0.012499306
0.012499306
0.012499306
0.012499306
0.012499305
0.0124993
0.012499301
0.012499301
0.012499301
0.012499301
0.012499302
0.012499302
0.012499302
0.012499302
0.012499302
0.012499303
0.012499304
0.012499305
0.012499305
0.012499306
0.012499306
0.012499306
0.012499306
0.012499306
0.012499306
0.012499301
0.012499301
0.012499301
0.012499302
0.012499302
0.012499302
0.012499302
0.012499302
0.012499302
0.012499302
0.012499303
0.012499304
0.012499305
0.012499305
0.012499306
0.012499306
0.012499306
0.012499306
0.012499306
0.012499306
0.012499301
0.012499301
0.012499302
0.012499302
0.012499303
0.012499303
0.012499303
0.012499303
0.012499303
0.012499303
0.012499303
0.012499304
0.012499305
0.012499305
0.012499306
0.012499306
0.012499306
0.012499306
0.012499306
0.012499306
0.012499301
0.012499302
0.012499302
0.012499303
0.012499303
0.012499304
0.012499304
0.012499304
0.012499304
0.012499304
0.012499304
0.012499304
0.012499305
0.012499305
0.012499306
0.012499306
0.012499306
0.012499307
0.012499307
0.012499307
0.012499301
0.012499302
0.012499303
0.012499303
0.012499304
0.012499304
0.012499304
0.012499305
0.012499305
0.012499305
0.012499305
0.012499305
0.012499305
0.012499306
0.012499306
0.012499306
0.012499307
0.012499307
0.012499307
0.012499307
0.012499302
0.012499302
0.012499303
0.012499304
0.012499304
0.012499305
0.012499305
0.012499305
0.012499305
0.012499305
0.012499305
0.012499306
0.012499306
0.012499306
0.012499307
0.012499307
0.012499307
0.012499307
0.012499307
0.012499307
0.012499302
0.012499303
0.012499303
0.012499304
0.012499304
0.012499305
0.012499305
0.012499306
0.012499306
0.012499306
0.012499306
0.012499306
0.012499306
0.012499307
0.012499307
0.012499307
0.012499307
0.012499307
0.012499307
0.012499307
0.012499302
0.012499303
0.012499304
0.012499304
0.012499305
0.012499305
0.012499306
0.012499306
0.012499306
0.012499306
0.012499306
0.012499306
0.012499307
0.012499307
0.012499307
0.012499307
0.012499307
0.012499307
0.012499307
0.012499307
0.012499303
0.012499303
0.012499304
0.012499305
0.012499305
0.012499305
0.012499306
0.012499306
0.012499306
0.012499307
0.012499307
0.012499307
0.012499307
0.012499307
0.012499307
0.012499307
0.012499307
0.012499307
0.012499307
0.012499307
0.012499303
0.012499304
0.012499304
0.012499305
0.012499305
0.012499305
0.012499306
0.012499306
0.012499306
0.012499307
0.012499307
0.012499307
0.012499307
0.012499307
0.012499307
0.012499307
0.012499308
0.012499308
0.012499307
0.012499307
0.012499303
0.012499304
0.012499305
0.012499305
0.012499305
0.012499306
0.012499306
0.012499306
0.012499306
0.012499307
0.012499307
0.012499307
0.012499307
0.012499307
0.012499307
0.012499307
0.012499308
0.012499308
0.012499307
0.012499307
0.012499304
0.012499304
0.012499305
0.012499305
0.012499305
0.012499306
0.012499306
0.012499306
0.012499306
0.012499307
0.012499307
0.012499307
0.012499307
0.012499307
0.012499307
0.012499307
0.012499307
0.012499307
0.012499307
0.012499307
0.012499298
0.012499298
0.012499298
0.012499298
0.012499298
0.012499298
0.012499299
0.012499299
0.012499299
0.012499299
0.012499299
0.0124993
0.0124993
0.0124993
0.0124993
0.012499301
0.012499301
0.012499301
0.012499301
0.012499302
0.012499298
0.012499298
0.012499299
0.012499299
0.012499299
0.012499299
0.012499299
0.0124993
0.0124993
0.0124993
0.0124993
0.012499301
0.012499301
0.012499301
0.012499302
0.012499302
0.012499302
0.012499302
0.012499303
0.012499303
0.012499298
0.012499299
0.012499299
0.012499299
0.0124993
0.0124993
0.0124993
0.0124993
0.012499301
0.012499301
0.012499301
0.012499302
0.012499302
0.012499303
0.012499303
0.012499303
0.012499303
0.012499303
0.012499303
0.012499304
0.012499299
0.012499299
0.0124993
0.0124993
0.0124993
0.012499301
0.012499301
0.012499301
0.012499301
0.012499302
0.012499302
0.012499303
0.012499304
0.012499304
0.012499304
0.012499304
0.012499304
0.012499304
0.012499304
0.012499304
0.012499299
0.0124993
0.0124993
0.012499301
0.012499301
0.012499301
0.012499302
0.012499302
0.012499302
0.012499302
0.012499303
0.012499304
0.012499305
0.012499305
0.012499305
0.012499305
0.012499305
0.012499305
0.012499305
0.012499304
0.0124993
0.0124993
0.012499301
0.012499301
0.012499302
0.012499302
0.012499303
0.012499303
0.012499303
0.012499303
0.012499303
0.012499304
0.012499305
0.012499306
0.012499306
0.012499306
0.012499306
0.012499306
0.012499305
0.012499305
0.0124993
0.0124993
0.012499301
0.012499301
0.012499302
0.012499303
0.012499303
0.012499304
0.012499303
0.012499303
0.012499304
0.012499304
0.012499305
0.012499306
0.012499307
0.012499307
0.012499307
0.012499306
0.012499306
0.012499305
0.0124993
0.012499301
0.012499301
0.012499302
0.012499302
0.012499303
0.012499304
0.012499304
0.012499304
0.012499304
0.012499304
0.012499305
0.012499305
0.012499306
0.012499307
0.012499307
0.012499307
0.012499306
0.012499306
0.012499306
0.0124993
0.012499301
0.012499302
0.012499302
0.012499303
0.012499303
0.012499304
0.012499304
0.012499305
0.012499305
0.012499305
0.012499305
0.012499305
0.012499306
0.012499307
0.012499307
0.012499307
0.012499307
0.012499306
0.012499306
0.012499301
0.012499302
0.012499302
0.012499303
0.012499303
0.012499303
0.012499304
0.012499304
0.012499305
0.012499305
0.012499305
0.012499305
0.012499306
0.012499306
0.012499306
0.012499307
0.012499307
0.012499307
0.012499307
0.012499306
0.012499301
0.012499302
0.012499303
0.012499303
0.012499304
0.012499304
0.012499304
0.012499305
0.012499305
0.012499305
0.012499306
0.012499306
0.012499306
0.012499306
0.012499307
0.012499307
0.012499307
0.012499307
0.012499307
0.012499306
0.012499301
0.012499302
0.012499303
0.012499304
0.012499305
0.012499305
0.012499305
0.012499305
0.012499305
0.012499306
0.012499306
0.012499307
0.012499307
0.012499307
0.012499307
0.012499307
0.012499307
0.012499307
0.012499307
0.012499307
0.012499302
0.012499303
0.012499304
0.012499305
0.012499305
0.012499306
0.012499306
0.012499306
0.012499306
0.012499306
0.012499307
0.012499307
0.012499308
0.012499308
0.012499308
0.012499308
0.012499307
0.012499307
0.012499307
0.012499307
0.012499302
0.012499303
0.012499304
0.012499305
0.012499306
0.012499307
0.012499307
0.012499307
0.012499307
0.012499307
0.012499307
0.012499307
0.012499308
0.012499308
0.012499308
0.012499308
0.012499308
0.012499308
0.012499307
0.012499307
0.012499302
0.012499303
0.012499304
0.012499305
0.012499306
0.012499307
0.012499307
0.012499307
0.012499307
0.012499307
0.012499307
0.012499307
0.012499308
0.012499308
0.012499308
0.012499308
0.012499308
0.012499308
0.012499308
0.012499307
0.012499302
0.012499303
0.012499304
0.012499305
0.012499306
0.012499307
0.012499307
0.012499308
0.012499307
0.012499307
0.012499307
0.012499307
0.012499308
0.012499308
0.012499308
0.012499308
0.012499308
0.012499308
0.012499308
0.012499307
0.012499303
0.012499304
0.012499305
0.012499305
0.012499306
0.012499307
0.012499307
0.012499307
0.012499307
0.012499307
0.012499307
0.012499307
0.012499308
0.012499308
0.012499308
0.012499308
0.012499308
0.012499308
0.012499308
0.012499307
0.012499303
0.012499304
0.012499305
0.012499305
0.012499306
0.012499306
0.012499307
0.012499307
0.012499307
0.012499307
0.012499307
0.012499308
0.012499308
0.012499308
0.012499308
0.012499308
0.012499308
0.012499308
0.012499308
0.012499307
0.012499303
0.012499304
0.012499305
0.012499305
0.012499306
0.012499306
0.012499306
0.012499307
0.012499307
0.012499307
0.012499307
0.012499307
0.012499308
0.012499308
0.012499308
0.012499308
0.012499308
0.012499308
0.012499308
0.012499307
0.012499304
0.012499304
0.012499305
0.012499305
0.012499306
0.012499306
0.012499306
0.012499306
0.012499307
0.012499307
0.012499307
0.012499307
0.012499307
0.012499307
0.012499307
0.012499308
0.012499308
0.012499308
0.012499308
0.012499307
0.012499298
0.012499298
0.012499298
0.012499298
0.012499298
0.012499298
0.012499299
0.012499299
0.012499299
0.012499299
0.012499299
0.0124993
0.0124993
0.0124993
0.0124993
0.012499301
0.012499301
0.012499301
0.012499301
0.012499302
0.012499298
0.012499298
0.012499299
0.012499299
0.012499299
0.012499299
0.0124993
0.0124993
0.0124993
0.0124993
0.012499301
0.012499301
0.012499301
0.012499301
0.012499302
0.012499302
0.012499302
0.012499302
0.012499302
0.012499303
0.012499299
0.012499299
0.012499299
0.0124993
0.0124993
0.0124993
0.012499301
0.012499301
0.012499301
0.012499301
0.012499302
0.012499302
0.012499302
0.012499303
0.012499303
0.012499303
0.012499303
0.012499303
0.012499303
0.012499303
0.012499299
0.012499299
0.0124993
0.0124993
0.012499301
0.012499301
0.012499302
0.012499302
0.012499302
0.012499302
0.012499302
0.012499303
0.012499303
0.012499304
0.012499304
0.012499304
0.012499304
0.012499304
0.012499304
0.012499304
0.012499299
0.0124993
0.0124993
0.012499301
0.012499301
0.012499302
0.012499302
0.012499303
0.012499303
0.012499303
0.012499303
0.012499304
0.012499304
0.012499305
0.012499305
0.012499305
0.012499305
0.012499305
0.012499305
0.012499304
0.0124993
0.0124993
0.012499301
0.012499301
0.012499302
0.012499303
0.012499303
0.012499304
0.012499304
0.012499304
0.012499304
0.012499304
0.012499305
0.012499306
0.012499306
0.012499306
0.012499306
0.012499305
0.012499305
0.012499305
0.0124993
0.012499301
0.012499301
0.012499302
0.012499303
0.012499303
0.012499304
0.012499305
0.012499305
0.012499305
0.012499304
0.012499305
0.012499305
0.012499306
0.012499306
0.012499307
0.012499306
0.012499306
0.012499306
0.012499305
0.0124993
0.012499301
0.012499302
0.012499303
0.012499303
0.012499304
0.012499305
0.012499305
0.012499306
0.012499306
0.012499305
0.012499305
0.012499305
0.012499306
0.012499306
0.012499307
0.012499307
0.012499306
0.012499306
0.012499306
0.0124993
0.012499301
0.012499302
0.012499303
0.012499304
0.012499304
0.012499305
0.012499306
0.012499306
0.012499307
0.012499306
0.012499306
0.012499306
0.012499306
0.012499306
0.012499307
0.012499307
0.012499307
0.012499306
0.012499306
0.012499301
0.012499302
0.012499303
0.012499303
0.012499304
0.012499304
0.012499305
0.012499306
0.012499307
0.012499307
0.012499307
0.012499307
0.012499307
0.012499306
0.012499307
0.012499307
0.012499307
0.012499307
0.012499307
0.012499306
0.012499301
0.012499302
0.012499303
0.012499304
0.012499304
0.012499305
0.012499305
0.012499306
0.012499307
0.012499307
0.012499308
0.012499308
0.012499308
0.012499307
0.012499307
0.012499307
0.012499307
0.012499307
0.012499307
0.012499306
0.012499301
0.012499302
0.012499303
0.012499304
0.012499305
0.012499305
0.012499305
0.012499306
0.012499306
0.012499307
0.012499308
0.012499309
0.012499309
0.012499308
0.012499308
0.012499308
0.012499308
0.012499307
0.012499307
0.012499307
0.012499302
0.012499303
0.012499304
0.012499305
0.012499305
0.012499306
0.012499306
0.012499306
0.012499306
0.012499307
0.012499308
0.012499309
0.012499309
0.012499309
0.012499308
0.012499308
0.012499308
0.012499308
0.012499307
0.012499307
0.012499302
0.012499303
0.012499304
0.012499305
0.012499306
0.012499306
0.012499307
0.012499307
0.012499307
0.012499307
0.012499308
0.012499308
0.012499309
0.012499309
0.012499309
0.012499308
0.012499308
0.012499308
0.012499308
0.012499307
0.012499302
0.012499303
0.012499304
0.012499305
0.012499306
0.012499307
0.012499307
0.012499307
0.012499307
0.012499307
0.012499308
0.012499308
0.012499308
0.012499309
0.012499309
0.012499308
0.012499308
0.012499308
0.012499308
0.012499307
0.012499302
0.012499303
0.012499304
0.012499305
0.012499306
0.012499307
0.012499307
0.012499307
0.012499307
0.012499308
0.012499308
0.012499308
0.012499308
0.012499308
0.012499308
0.012499308
0.012499308
0.012499308
0.012499308
0.012499307
0.012499303
0.012499304
0.012499304
0.012499305
0.012499306
0.012499307
0.012499307
0.012499307
0.012499307
0.012499308
0.012499308
0.012499308
0.012499308
0.012499308
0.012499308
0.012499308
0.012499308
0.012499308
0.012499308
0.012499307
0.012499303
0.012499304
0.012499304
0.012499305
0.012499306
0.012499306
0.012499307
0.012499307
0.012499307
0.012499307
0.012499308
0.012499308
0.012499308
0.012499308
0.012499308
0.012499308
0.012499308
0.012499308
0.012499308
0.012499307
0.012499303
0.012499304
0.012499305
0.012499305
0.012499306
0.012499306
0.012499306
0.012499307
0.012499307
0.012499307
0.012499307
0.012499307
0.012499308
0.012499308
0.012499308
0.012499308
0.012499308
0.012499308
0.012499308
0.012499307
0.012499304
0.012499304
0.012499305
0.012499305
0.012499306
0.012499306
0.012499306
0.012499306
0.012499307
0.012499307
0.012499307
0.012499307
0.012499307
0.012499307
0.012499307
0.012499308
0.012499308
0.012499308
0.012499308
0.012499307
0.012499298
0.012499298
0.012499298
0.012499298
0.012499298
0.012499298
0.012499298
0.012499299
0.012499299
0.012499299
0.012499299
0.012499299
0.0124993
0.0124993
0.0124993
0.0124993
0.012499301
0.012499301
0.012499301
0.012499302
0.012499298
0.012499298
0.012499298
0.012499298
0.012499299
0.012499299
0.012499299
0.012499299
0.012499299
0.0124993
0.0124993
0.0124993
0.0124993
0.012499301
0.012499301
0.012499301
0.012499301
0.012499302
0.012499302
0.012499303
0.012499298
0.012499299
0.012499299
0.012499299
0.012499299
0.012499299
0.0124993
0.0124993
0.0124993
0.0124993
0.0124993
0.012499301
0.012499301
0.012499301
0.012499301
0.012499302
0.012499302
0.012499302
0.012499303
0.012499303
0.012499299
0.012499299
0.012499299
0.012499299
0.0124993
0.0124993
0.0124993
0.012499301
0.012499301
0.012499301
0.012499301
0.012499301
0.012499301
0.012499302
0.012499302
0.012499302
0.012499303
0.012499303
0.012499303
0.012499304
0.012499299
0.012499299
0.0124993
0.0124993
0.0124993
0.012499301
0.012499301
0.012499301
0.012499302
0.012499302
0.012499302
0.012499302
0.012499302
0.012499302
0.012499303
0.012499303
0.012499303
0.012499303
0.012499304
0.012499304
0.012499299
0.0124993
0.0124993
0.0124993
0.012499301
0.012499301
0.012499301
0.012499302
0.012499302
0.012499302
0.012499302
0.012499302
0.012499302
0.012499303
0.012499303
0.012499303
0.012499304
0.012499304
0.012499304
0.012499305
0.0124993
0.0124993
0.012499301
0.012499301
0.012499301
0.012499302
0.012499302
0.012499303
0.012499303
0.012499303
0.012499303
0.012499303
0.012499303
0.012499303
0.012499303
0.012499304
0.012499304
0.012499304
0.012499305
0.012499305
0.0124993
0.0124993
0.012499301
0.012499301
0.012499302
0.012499302
0.012499303
0.012499303
0.012499304
0.012499304
0.012499304
0.012499304
0.012499303
0.012499303
0.012499304
0.012499304
0.012499304
0.012499305
0.012499305
0.012499305
0.0124993
0.012499301
0.012499301
0.012499302
0.012499302
0.012499303
0.012499303
0.012499304
0.012499305
0.012499305
0.012499305
0.012499305
0.012499304
0.012499304
0.012499304
0.012499305
0.012499305
0.012499305
0.012499305
0.012499306
0.012499301
0.012499301
0.012499302
0.012499302
0.012499303
0.012499303
0.012499303
0.012499304
0.012499305
0.012499306
0.012499306
0.012499306
0.012499305
0.012499305
0.012499305
0.012499305
0.012499305
0.012499306
0.012499306
0.012499306
0.012499301
0.012499301
0.012499302
0.012499302
0.012499303
0.012499303
0.012499304
0.012499304
0.012499305
0.012499306
0.012499306
0.012499306
0.012499306
0.012499306
0.012499306
0.012499306
0.012499306
0.012499306
0.012499306
0.012499306
0.012499301
0.012499302
0.012499302
0.012499303
0.012499303
0.012499303
0.012499304
0.012499304
0.012499305
0.012499306
0.012499306
0.012499307
0.012499307
0.012499307
0.012499306
0.012499306
0.012499307
0.012499307
0.012499306
0.012499306
0.012499301
0.012499302
0.012499302
0.012499303
0.012499303
0.012499303
0.012499304
0.012499304
0.012499305
0.012499305
0.012499306
0.012499307
0.012499307
0.012499307
0.012499307
0.012499307
0.012499307
0.012499307
0.012499307
0.012499307
0.012499302
0.012499302
0.012499303
0.012499303
0.012499303
0.012499304
0.012499304
0.012499304
0.012499305
0.012499305
0.012499306
0.012499306
0.012499307
0.012499307
0.012499307
0.012499307
0.012499307
0.012499307
0.012499307
0.012499307
0.012499302
0.012499302
0.012499303
0.012499303
0.012499304
0.012499304
0.012499304
0.012499305
0.012499305
0.012499306
0.012499306
0.012499307
0.012499307
0.012499307
0.012499307
0.012499307
0.012499307
0.012499307
0.012499307
0.012499307
0.012499302
0.012499303
0.012499303
0.012499304
0.012499304
0.012499304
0.012499305
0.012499305
0.012499306
0.012499306
0.012499306
0.012499307
0.012499307
0.012499307
0.012499307
0.012499307
0.012499307
0.012499307
0.012499307
0.012499307
0.012499303
0.012499303
0.012499303
0.012499304
0.012499304
0.012499305
0.012499305
0.012499305
0.012499306
0.012499306
0.012499307
0.012499307
0.012499307
0.012499307
0.012499307
0.012499307
0.012499307
0.012499307
0.012499307
0.012499307
0.012499303
0.012499303
0.012499304
0.012499304
0.012499305
0.012499305
0.012499305
0.012499306
0.012499306
0.012499306
0.012499307
0.012499307
0.012499307
0.012499307
0.012499307
0.012499307
0.012499307
0.012499308
0.012499307
0.012499307
0.012499303
0.012499304
0.012499304
0.012499305
0.012499305
0.012499305
0.012499306
0.012499306
0.012499306
0.012499306
0.012499307
0.012499307
0.012499307
0.012499307
0.012499307
0.012499307
0.012499308
0.012499308
0.012499307
0.012499307
0.012499304
0.012499304
0.012499305
0.012499305
0.012499305
0.012499306
0.012499306
0.012499306
0.012499306
0.012499307
0.012499307
0.012499307
0.012499307
0.012499307
0.012499307
0.012499307
0.012499307
0.012499307
0.012499307
0.012499307
0.012499298
0.012499297
0.012499297
0.012499298
0.012499298
0.012499298
0.012499298
0.012499298
0.012499298
0.012499299
0.012499299
0.012499299
0.012499299
0.0124993
0.0124993
0.0124993
0.012499301
0.012499301
0.012499301
0.012499302
0.012499298
0.012499298
0.012499298
0.012499298
0.012499298
0.012499298
0.012499298
0.012499298
0.012499298
0.012499299
0.012499299
0.012499299
0.012499299
0.0124993
0.0124993
0.0124993
0.012499301
0.012499301
0.012499302
0.012499303
0.012499298
0.012499298
0.012499298
0.012499298
0.012499298
0.012499298
0.012499298
0.012499298
0.012499299
0.012499299
0.012499299
0.012499299
0.012499299
0.0124993
0.0124993
0.012499301
0.012499301
0.012499302
0.012499303
0.012499303
0.012499298
0.012499298
0.012499298
0.012499298
0.012499298
0.012499298
0.012499298
0.012499299
0.012499299
0.012499299
0.012499299
0.012499299
0.012499299
0.012499299
0.0124993
0.012499301
0.012499301
0.012499302
0.012499303
0.012499304
0.012499299
0.012499298
0.012499298
0.012499298
0.012499298
0.012499298
0.012499299
0.012499299
0.012499299
0.0124993
0.0124993
0.0124993
0.012499299
0.012499299
0.0124993
0.012499301
0.012499301
0.012499302
0.012499303
0.012499304
0.012499299
0.012499299
0.012499299
0.012499299
0.012499299
0.012499299
0.012499299
0.012499299
0.012499299
0.0124993
0.0124993
0.0124993
0.0124993
0.0124993
0.0124993
0.012499301
0.012499302
0.012499303
0.012499304
0.012499305
0.012499299
0.012499299
0.012499299
0.012499299
0.012499299
0.012499299
0.012499299
0.012499299
0.0124993
0.0124993
0.012499301
0.012499301
0.0124993
0.0124993
0.012499301
0.012499301
0.012499302
0.012499303
0.012499304
0.012499305
0.0124993
0.012499299
0.012499299
0.012499299
0.012499299
0.012499299
0.012499299
0.012499299
0.0124993
0.012499301
0.012499301
0.012499301
0.012499301
0.012499301
0.012499301
0.012499302
0.012499302
0.012499303
0.012499304
0.012499305
0.0124993
0.0124993
0.0124993
0.0124993
0.0124993
0.0124993
0.0124993
0.0124993
0.0124993
0.012499301
0.012499302
0.012499302
0.012499302
0.012499302
0.012499302
0.012499303
0.012499303
0.012499304
0.012499305
0.012499305
0.0124993
0.0124993
0.0124993
0.0124993
0.0124993
0.0124993
0.0124993
0.0124993
0.012499301
0.012499301
0.012499302
0.012499303
0.012499303
0.012499303
0.012499303
0.012499303
0.012499304
0.012499304
0.012499305
0.012499306
0.012499301
0.0124993
0.0124993
0.0124993
0.0124993
0.012499301
0.012499301
0.012499301
0.012499301
0.012499302
0.012499302
0.012499303
0.012499303
0.012499303
0.012499304
0.012499304
0.012499304
0.012499305
0.012499305
0.012499306
0.012499301
0.012499301
0.0124993
0.0124993
0.012499301
0.012499301
0.012499301
0.012499301
0.012499302
0.012499302
0.012499302
0.012499303
0.012499303
0.012499303
0.012499304
0.012499304
0.012499305
0.012499305
0.012499306
0.012499306
0.012499301
0.012499301
0.012499301
0.012499301
0.012499301
0.012499301
0.012499301
0.012499302
0.012499302
0.012499302
0.012499303
0.012499303
0.012499303
0.012499304
0.012499304
0.012499305
0.012499305
0.012499306
0.012499306
0.012499306
0.012499301
0.012499301
0.012499301
0.012499301
0.012499301
0.012499301
0.012499301
0.012499302
0.012499302
0.012499303
0.012499303
0.012499303
0.012499303
0.012499304
0.012499304
0.012499305
0.012499305
0.012499306
0.012499306
0.012499307
0.012499302
0.012499302
0.012499302
0.012499301
0.012499301
0.012499301
0.012499302
0.012499302
0.012499303
0.012499303
0.012499304
0.012499304
0.012499304
0.012499304
0.012499305
0.012499305
0.012499306
0.012499306
0.012499306
0.012499307
0.012499302
0.012499302
0.012499302
0.012499302
0.012499302
0.012499302
0.012499302
0.012499303
0.012499303
0.012499304
0.012499304
0.012499305
0.012499305
0.012499305
0.012499305
0.012499306
0.012499306
0.012499306
0.012499307
0.012499307
0.012499302
0.012499303
0.012499303
0.012499303
0.012499303
0.012499303
0.012499303
0.012499303
0.012499304
0.012499304
0.012499305
0.012499305
0.012499305
0.012499306
0.012499306
0.012499306
0.012499306
0.012499307
0.012499307
0.012499307
0.012499303
0.012499303
0.012499303
0.012499303
0.012499304
0.012499304
0.012499304
0.012499304
0.012499304
0.012499305
0.012499305
0.012499306
0.012499306
0.012499306
0.012499306
0.012499306
0.012499307
0.012499307
0.012499307
0.012499307
0.012499303
0.012499304
0.012499304
0.012499304
0.012499304
0.012499305
0.012499305
0.012499305
0.012499305
0.012499306
0.012499306
0.012499306
0.012499306
0.012499306
0.012499307
0.012499307
0.012499307
0.012499307
0.012499307
0.012499307
0.012499304
0.012499304
0.012499305
0.012499305
0.012499305
0.012499305
0.012499306
0.012499306
0.012499306
0.012499306
0.012499306
0.012499307
0.012499307
0.012499307
0.012499307
0.012499307
0.012499307
0.012499307
0.012499307
0.012499307
0.012499297
0.012499297
0.012499297
0.012499297
0.012499298
0.012499298
0.012499298
0.012499298
0.012499298
0.012499299
0.012499299
0.012499299
0.012499299
0.0124993
0.0124993
0.0124993
0.012499301
0.012499301
0.012499301
0.012499302
0.012499298
0.012499297
0.012499297
0.012499297
0.012499297
0.012499297
0.012499298
0.012499298
0.012499298
0.012499298
0.012499299
0.012499299
0.012499299
0.0124993
0.0124993
0.012499301
0.012499301
0.012499302
0.012499302
0.012499303
0.012499298
0.012499298
0.012499297
0.012499297
0.012499297
0.012499297
0.012499298
0.012499298
0.012499298
0.012499298
0.012499299
0.012499299
0.012499299
0.0124993
0.0124993
0.012499301
0.012499301
0.012499302
0.012499303
0.012499303
0.012499298
0.012499298
0.012499297
0.012499297
0.012499297
0.012499297
0.012499298
0.012499298
0.012499298
0.012499299
0.012499299
0.012499299
0.012499299
0.0124993
0.0124993
0.012499301
0.012499302
0.012499302
0.012499303
0.012499304
0.012499299
0.012499298
0.012499298
0.012499298
0.012499298
0.012499298
0.012499298
0.012499298
0.012499298
0.012499299
0.012499299
0.012499299
0.0124993
0.0124993
0.0124993
0.012499301
0.012499302
0.012499303
0.012499303
0.012499304
0.012499299
0.012499298
0.012499298
0.012499298
0.012499298
0.012499298
0.012499298
0.012499298
0.012499298
0.012499299
0.0124993
0.0124993
0.0124993
0.0124993
0.0124993
0.012499301
0.012499302
0.012499303
0.012499304
0.012499304
0.012499299
0.012499299
0.012499298
0.012499298
0.012499298
0.012499298
0.012499298
0.012499298
0.012499298
0.012499299
0.0124993
0.0124993
0.012499301
0.012499301
0.012499301
0.012499301
0.012499302
0.012499303
0.012499304
0.012499305
0.012499299
0.012499299
0.012499299
0.012499298
0.012499298
0.012499298
0.012499298
0.012499298
0.012499298
0.012499299
0.0124993
0.012499301
0.012499301
0.012499302
0.012499302
0.012499302
0.012499303
0.012499304
0.012499304
0.012499305
0.0124993
0.012499299
0.012499299
0.012499299
0.012499299
0.012499299
0.012499299
0.012499298
0.012499299
0.012499299
0.0124993
0.012499301
0.012499302
0.012499302
0.012499302
0.012499303
0.012499303
0.012499304
0.012499305
0.012499305
0.0124993
0.0124993
0.012499299
0.012499299
0.012499299
0.012499299
0.012499299
0.012499299
0.012499299
0.012499299
0.0124993
0.012499301
0.012499302
0.012499302
0.012499303
0.012499303
0.012499304
0.012499304
0.012499305
0.012499306
0.0124993
0.0124993
0.0124993
0.012499299
0.0124993
0.0124993
0.0124993
0.0124993
0.0124993
0.0124993
0.0124993
0.012499301
0.012499301
0.012499302
0.012499303
0.012499304
0.012499304
0.012499305
0.012499305
0.012499306
0.012499301
0.0124993
0.0124993
0.0124993
0.0124993
0.0124993
0.012499301
0.012499301
0.012499301
0.012499301
0.012499301
0.012499301
0.012499301
0.012499302
0.012499303
0.012499304
0.012499304
0.012499305
0.012499306
0.012499306
0.012499301
0.012499301
0.0124993
0.0124993
0.0124993
0.012499301
0.012499301
0.012499302
0.012499302
0.012499302
0.012499302
0.012499302
0.012499302
0.012499303
0.012499303
0.012499304
0.012499305
0.012499305
0.012499306
0.012499306
0.012499301
0.012499301
0.012499301
0.012499301
0.012499301
0.012499301
0.012499301
0.012499302
0.012499302
0.012499302
0.012499302
0.012499302
0.012499303
0.012499303
0.012499304
0.012499304
0.012499305
0.012499306
0.012499306
0.012499307
0.012499302
0.012499301
0.012499301
0.012499301
0.012499301
0.012499301
0.012499302
0.012499302
0.012499303
0.012499303
0.012499303
0.012499303
0.012499304
0.012499304
0.012499304
0.012499305
0.012499305
0.012499306
0.012499306
0.012499307
0.012499302
0.012499302
0.012499302
0.012499302
0.012499302
0.012499302
0.012499302
0.012499303
0.012499303
0.012499303
0.012499304
0.012499304
0.012499304
0.012499305
0.012499305
0.012499305
0.012499306
0.012499306
0.012499306
0.012499307
0.012499302
0.012499302
0.012499303
0.012499303
0.012499303
0.012499303
0.012499303
0.012499303
0.012499304
0.012499304
0.012499304
0.012499305
0.012499305
0.012499305
0.012499305
0.012499306
0.012499306
0.012499306
0.012499307
0.012499307
0.012499303
0.012499303
0.012499303
0.012499303
0.012499304
0.012499304
0.012499304
0.012499304
0.012499304
0.012499305
0.012499305
0.012499305
0.012499305
0.012499306
0.012499306
0.012499306
0.012499306
0.012499307
0.012499307
0.012499307
0.012499303
0.012499303
0.012499304
0.012499304
0.012499304
0.012499305
0.012499305
0.012499305
0.012499305
0.012499305
0.012499306
0.012499306
0.012499306
0.012499306
0.012499306
0.012499307
0.012499307
0.012499307
0.012499307
0.012499307
0.012499304
0.012499304
0.012499305
0.012499305
0.012499305
0.012499305
0.012499306
0.012499306
0.012499306
0.012499306
0.012499306
0.012499307
0.012499307
0.012499307
0.012499307
0.012499307
0.012499307
0.012499307
0.012499307
0.012499307
0.012499298
0.012499297
0.012499297
0.012499298
0.012499298
0.012499298
0.012499298
0.012499298
0.012499299
0.012499299
0.012499299
0.012499299
0.012499299
0.0124993
0.0124993
0.0124993
0.012499301
0.012499301
0.012499301
0.012499302
0.012499298
0.012499298
0.012499298
0.012499298
0.012499298
0.012499298
0.012499298
0.012499299
0.012499299
0.012499299
0.012499299
0.0124993
0.0124993
0.0124993
0.012499301
0.012499301
0.012499302
0.012499302
0.012499302
0.012499303
0.012499298
0.012499298
0.012499298
0.012499298
0.012499298
0.012499298
0.012499299
0.012499299
0.012499299
0.012499299
0.0124993
0.0124993
0.012499301
0.012499301
0.012499302
0.012499302
0.012499302
0.012499303
0.012499303
0.012499303
0.012499298
0.012499298
0.012499298
0.012499298
0.012499298
0.012499299
0.012499299
0.012499299
0.012499299
0.0124993
0.0124993
0.012499301
0.012499301
0.012499302
0.012499302
0.012499303
0.012499303
0.012499303
0.012499304
0.012499304
0.012499299
0.012499299
0.012499299
0.012499299
0.012499299
0.012499299
0.012499299
0.0124993
0.0124993
0.0124993
0.012499301
0.012499301
0.012499302
0.012499302
0.012499303
0.012499303
0.012499304
0.012499304
0.012499304
0.012499304
0.012499299
0.012499299
0.012499299
0.012499299
0.012499299
0.012499299
0.0124993
0.0124993
0.0124993
0.012499301
0.012499301
0.012499302
0.012499303
0.012499303
0.012499303
0.012499304
0.012499304
0.012499304
0.012499305
0.012499305
0.012499299
0.012499299
0.012499299
0.012499299
0.0124993
0.0124993
0.0124993
0.0124993
0.012499301
0.012499301
0.012499302
0.012499302
0.012499303
0.012499304
0.012499304
0.012499304
0.012499305
0.012499305
0.012499305
0.012499305
0.0124993
0.0124993
0.0124993
0.0124993
0.0124993
0.0124993
0.012499301
0.012499301
0.012499301
0.012499301
0.012499302
0.012499303
0.012499303
0.012499304
0.012499304
0.012499305
0.012499305
0.012499305
0.012499305
0.012499305
0.0124993
0.0124993
0.0124993
0.0124993
0.0124993
0.012499301
0.012499301
0.012499301
0.012499301
0.012499301
0.012499302
0.012499303
0.012499304
0.012499304
0.012499305
0.012499305
0.012499305
0.012499305
0.012499305
0.012499306
0.0124993
0.0124993
0.0124993
0.0124993
0.012499301
0.012499301
0.012499302
0.012499302
0.012499302
0.012499302
0.012499302
0.012499303
0.012499303
0.012499304
0.012499305
0.012499305
0.012499305
0.012499305
0.012499306
0.012499306
0.012499301
0.012499301
0.012499301
0.012499301
0.012499301
0.012499302
0.012499302
0.012499303
0.012499303
0.012499302
0.012499302
0.012499303
0.012499303
0.012499304
0.012499305
0.012499305
0.012499305
0.012499306
0.012499306
0.012499306
0.012499301
0.012499301
0.012499301
0.012499301
0.012499302
0.012499302
0.012499303
0.012499303
0.012499303
0.012499303
0.012499303
0.012499303
0.012499304
0.012499304
0.012499305
0.012499305
0.012499306
0.012499306
0.012499306
0.012499306
0.012499301
0.012499301
0.012499302
0.012499302
0.012499302
0.012499303
0.012499303
0.012499304
0.012499304
0.012499304
0.012499304
0.012499304
0.012499304
0.012499305
0.012499305
0.012499306
0.012499306
0.012499306
0.012499306
0.012499307
0.012499301
0.012499302
0.012499302
0.012499303
0.012499303
0.012499303
0.012499304
0.012499304
0.012499305
0.012499305
0.012499305
0.012499305
0.012499305
0.012499305
0.012499306
0.012499306
0.012499306
0.012499306
0.012499307
0.012499307
0.012499302
0.012499302
0.012499302
0.012499303
0.012499304
0.012499304
0.012499304
0.012499305
0.012499305
0.012499305
0.012499305
0.012499305
0.012499306
0.012499306
0.012499306
0.012499306
0.012499307
0.012499307
0.012499307
0.012499307
0.012499302
0.012499302
0.012499303
0.012499303
0.012499304
0.012499304
0.012499305
0.012499305
0.012499305
0.012499305
0.012499305
0.012499306
0.012499306
0.012499306
0.012499306
0.012499307
0.012499307
0.012499307
0.012499307
0.012499307
0.012499302
0.012499303
0.012499303
0.012499304
0.012499304
0.012499305
0.012499305
0.012499305
0.012499305
0.012499305
0.012499306
0.012499306
0.012499306
0.012499306
0.012499307
0.012499307
0.012499307
0.012499307
0.012499307
0.012499307
0.012499303
0.012499303
0.012499303
0.012499304
0.012499304
0.012499305
0.012499305
0.012499305
0.012499305
0.012499306
0.012499306
0.012499306
0.012499306
0.012499307
0.012499307
0.012499307
0.012499307
0.012499307
0.012499307
0.012499307
0.012499303
0.012499304
0.012499304
0.012499304
0.012499305
0.012499305
0.012499305
0.012499306
0.012499306
0.012499306
0.012499306
0.012499306
0.012499307
0.012499307
0.012499307
0.012499307
0.012499307
0.012499307
0.012499307
0.012499307
0.012499304
0.012499304
0.012499305
0.012499305
0.012499305
0.012499305
0.012499306
0.012499306
0.012499306
0.012499306
0.012499307
0.012499307
0.012499307
0.012499307
0.012499307
0.012499307
0.012499307
0.012499307
0.012499307
0.012499307
0.012499298
0.012499298
0.012499298
0.012499298
0.012499298
0.012499298
0.012499298
0.012499299
0.012499299
0.012499299
0.012499299
0.012499299
0.0124993
0.0124993
0.0124993
0.0124993
0.012499301
0.012499301
0.012499301
0.012499302
0.012499298
0.012499298
0.012499298
0.012499299
0.012499299
0.012499299
0.012499299
0.012499299
0.0124993
0.0124993
0.0124993
0.0124993
0.012499301
0.012499301
0.012499301
0.012499301
0.012499302
0.012499302
0.012499302
0.012499303
0.012499298
0.012499299
0.012499299
0.012499299
0.012499299
0.0124993
0.0124993
0.0124993
0.012499301
0.012499301
0.012499301
0.012499302
0.012499302
0.012499302
0.012499302
0.012499303
0.012499303
0.012499303
0.012499303
0.012499303
0.012499299
0.012499299
0.012499299
0.0124993
0.0124993
0.0124993
0.012499301
0.012499301
0.012499301
0.012499302
0.012499302
0.012499302
0.012499303
0.012499303
0.012499304
0.012499304
0.012499304
0.012499304
0.012499304
0.012499304
0.012499299
0.012499299
0.0124993
0.0124993
0.012499301
0.012499301
0.012499302
0.012499302
0.012499302
0.012499303
0.012499303
0.012499303
0.012499304
0.012499304
0.012499305
0.012499305
0.012499305
0.012499305
0.012499304
0.012499304
0.012499299
0.0124993
0.0124993
0.012499301
0.012499301
0.012499302
0.012499302
0.012499303
0.012499303
0.012499303
0.012499304
0.012499304
0.012499305
0.012499305
0.012499306
0.012499306
0.012499305
0.012499305
0.012499305
0.012499305
0.0124993
0.0124993
0.012499301
0.012499301
0.012499302
0.012499303
0.012499303
0.012499304
0.012499304
0.012499304
0.012499304
0.012499305
0.012499305
0.012499306
0.012499306
0.012499306
0.012499306
0.012499306
0.012499305
0.012499305
0.0124993
0.012499301
0.012499301
0.012499302
0.012499302
0.012499303
0.012499304
0.012499305
0.012499305
0.012499305
0.012499305
0.012499305
0.012499306
0.012499306
0.012499306
0.012499306
0.012499306
0.012499306
0.012499306
0.012499306
0.0124993
0.012499301
0.012499302
0.012499302
0.012499303
0.012499304
0.012499305
0.012499305
0.012499305
0.012499305
0.012499305
0.012499305
0.012499306
0.012499306
0.012499306
0.012499307
0.012499307
0.012499306
0.012499306
0.012499306
0.012499301
0.012499301
0.012499302
0.012499303
0.012499303
0.012499304
0.012499305
0.012499306
0.012499306
0.012499306
0.012499306
0.012499306
0.012499306
0.012499306
0.012499307
0.012499307
0.012499307
0.012499307
0.012499306
0.012499306
0.012499301
0.012499302
0.012499302
0.012499303
0.012499304
0.012499305
0.012499305
0.012499306
0.012499306
0.012499306
0.012499306
0.012499306
0.012499307
0.012499307
0.012499307
0.012499307
0.012499307
0.012499307
0.012499307
0.012499306
0.012499301
0.012499302
0.012499303
0.012499303
0.012499304
0.012499305
0.012499305
0.012499306
0.012499306
0.012499307
0.012499307
0.012499307
0.012499307
0.012499307
0.012499307
0.012499307
0.012499307
0.012499307
0.012499307
0.012499307
0.012499301
0.012499302
0.012499303
0.012499304
0.012499305
0.012499305
0.012499306
0.012499306
0.012499307
0.012499307
0.012499307
0.012499308
0.012499308
0.012499308
0.012499308
0.012499308
0.012499307
0.012499307
0.012499307
0.012499307
0.012499302
0.012499302
0.012499303
0.012499304
0.012499305
0.012499306
0.012499306
0.012499306
0.012499307
0.012499307
0.012499308
0.012499308
0.012499308
0.012499308
0.012499308
0.012499308
0.012499308
0.012499308
0.012499307
0.012499307
0.012499302
0.012499303
0.012499303
0.012499304
0.012499305
0.012499306
0.012499306
0.012499307
0.012499307
0.012499307
0.012499308
0.012499308
0.012499308
0.012499308
0.012499308
0.012499308
0.012499308
0.012499308
0.012499307
0.012499307
0.012499302
0.012499303
0.012499304
0.012499304
0.012499305
0.012499306
0.012499306
0.012499307
0.012499307
0.012499307
0.012499307
0.012499308
0.012499308
0.012499308
0.012499308
0.012499308
0.012499308
0.012499308
0.012499307
0.012499307
0.012499302
0.012499303
0.012499304
0.012499304
0.012499305
0.012499306
0.012499306
0.012499307
0.012499307
0.012499307
0.012499307
0.012499307
0.012499308
0.012499308
0.012499308
0.012499308
0.012499308
0.012499308
0.012499308
0.012499307
0.012499303
0.012499303
0.012499304
0.012499305
0.012499305
0.012499306
0.012499306
0.012499307
0.012499307
0.012499307
0.012499307
0.012499307
0.012499307
0.012499308
0.012499308
0.012499308
0.012499308
0.012499308
0.012499308
0.012499307
0.012499303
0.012499304
0.012499304
0.012499305
0.012499305
0.012499306
0.012499306
0.012499306
0.012499307
0.012499307
0.012499307
0.012499307
0.012499307
0.012499307
0.012499308
0.012499308
0.012499308
0.012499308
0.012499308
0.012499307
0.012499304
0.012499304
0.012499305
0.012499305
0.012499305
0.012499306
0.012499306
0.012499306
0.012499306
0.012499307
0.012499307
0.012499307
0.012499307
0.012499307
0.012499307
0.012499307
0.012499307
0.012499308
0.012499307
0.012499307
0.012499298
0.012499298
0.012499298
0.012499298
0.012499298
0.012499298
0.012499299
0.012499299
0.012499299
0.012499299
0.012499299
0.0124993
0.0124993
0.0124993
0.0124993
0.0124993
0.012499301
0.012499301
0.012499301
0.012499302
0.012499298
0.012499298
0.012499299
0.012499299
0.012499299
0.012499299
0.0124993
0.0124993
0.0124993
0.0124993
0.0124993
0.012499301
0.012499301
0.012499301
0.012499301
0.012499301
0.012499301
0.012499302
0.012499302
0.012499303
0.012499298
0.012499299
0.012499299
0.012499299
0.0124993
0.0124993
0.0124993
0.012499301
0.012499301
0.012499301
0.012499302
0.012499302
0.012499302
0.012499302
0.012499302
0.012499302
0.012499302
0.012499303
0.012499303
0.012499303
0.012499299
0.012499299
0.0124993
0.0124993
0.012499301
0.012499301
0.012499301
0.012499302
0.012499302
0.012499302
0.012499303
0.012499303
0.012499303
0.012499303
0.012499303
0.012499303
0.012499303
0.012499303
0.012499304
0.012499304
0.012499299
0.0124993
0.0124993
0.012499301
0.012499301
0.012499302
0.012499302
0.012499303
0.012499303
0.012499303
0.012499303
0.012499304
0.012499304
0.012499304
0.012499304
0.012499304
0.012499304
0.012499304
0.012499304
0.012499304
0.012499299
0.0124993
0.012499301
0.012499301
0.012499302
0.012499303
0.012499303
0.012499304
0.012499304
0.012499304
0.012499304
0.012499304
0.012499304
0.012499305
0.012499305
0.012499305
0.012499305
0.012499305
0.012499305
0.012499305
0.0124993
0.0124993
0.012499301
0.012499302
0.012499303
0.012499303
0.012499304
0.012499305
0.012499305
0.012499305
0.012499305
0.012499305
0.012499305
0.012499305
0.012499305
0.012499306
0.012499306
0.012499305
0.012499305
0.012499305
0.0124993
0.012499301
0.012499302
0.012499302
0.012499303
0.012499304
0.012499305
0.012499305
0.012499306
0.012499306
0.012499306
0.012499306
0.012499306
0.012499306
0.012499306
0.012499306
0.012499306
0.012499306
0.012499306
0.012499306
0.0124993
0.012499301
0.012499302
0.012499303
0.012499304
0.012499304
0.012499305
0.012499306
0.012499307
0.012499307
0.012499307
0.012499307
0.012499307
0.012499306
0.012499306
0.012499307
0.012499307
0.012499306
0.012499306
0.012499306
0.012499301
0.012499302
0.012499302
0.012499303
0.012499304
0.012499305
0.012499305
0.012499306
0.012499307
0.012499307
0.012499308
0.012499308
0.012499307
0.012499307
0.012499307
0.012499307
0.012499307
0.012499307
0.012499307
0.012499306
0.012499301
0.012499302
0.012499303
0.012499304
0.012499304
0.012499305
0.012499306
0.012499306
0.012499307
0.012499307
0.012499308
0.012499308
0.012499308
0.012499308
0.012499308
0.012499307
0.012499307
0.012499307
0.012499307
0.012499306
0.012499301
0.012499302
0.012499303
0.012499304
0.012499305
0.012499305
0.012499306
0.012499306
0.012499307
0.012499307
0.012499308
0.012499308
0.012499308
0.012499308
0.012499308
0.012499308
0.012499308
0.012499307
0.012499307
0.012499307
0.012499302
0.012499302
0.012499303
0.012499304
0.012499305
0.012499305
0.012499306
0.012499306
0.012499307
0.012499307
0.012499308
0.012499308
0.012499308
0.012499308
0.012499308
0.012499308
0.012499308
0.012499308
0.012499307
0.012499307
0.012499302
0.012499302
0.012499303
0.012499304
0.012499305
0.012499305
0.012499306
0.012499306
0.012499307
0.012499307
0.012499308
0.012499308
0.012499308
0.012499308
0.012499308
0.012499308
0.012499308
0.012499308
0.012499307
0.012499307
0.012499302
0.012499303
0.012499303
0.012499304
0.012499305
0.012499306
0.012499306
0.012499307
0.012499307
0.012499307
0.012499308
0.012499308
0.012499308
0.012499308
0.012499308
0.012499308
0.012499308
0.012499308
0.012499307
0.012499307
0.012499302
0.012499303
0.012499304
0.012499304
0.012499305
0.012499306
0.012499306
0.012499307
0.012499307
0.012499307
0.012499308
0.012499308
0.012499308
0.012499308
0.012499308
0.012499308
0.012499308
0.012499308
0.012499308
0.012499307
0.012499303
0.012499303
0.012499304
0.012499304
0.012499305
0.012499306
0.012499306
0.012499307
0.012499307
0.012499308
0.012499308
0.012499308
0.012499308
0.012499308
0.012499308
0.012499308
0.012499308
0.012499308
0.012499308
0.012499307
0.012499303
0.012499303
0.012499304
0.012499305
0.012499305
0.012499306
0.012499306
0.012499307
0.012499307
0.012499307
0.012499308
0.012499308
0.012499308
0.012499308
0.012499308
0.012499308
0.012499308
0.012499308
0.012499308
0.012499307
0.012499303
0.012499304
0.012499304
0.012499305
0.012499305
0.012499306
0.012499306
0.012499306
0.012499307
0.012499307
0.012499307
0.012499307
0.012499308
0.012499308
0.012499308
0.012499308
0.012499308
0.012499308
0.012499308
0.012499307
0.012499304
0.012499304
0.012499305
0.012499305
0.012499305
0.012499306
0.012499306
0.012499306
0.012499307
0.012499307
0.012499307
0.012499307
0.012499307
0.012499307
0.012499307
0.012499307
0.012499308
0.012499308
0.012499308
0.012499307
0.012499298
0.012499298
0.012499298
0.012499298
0.012499298
0.012499298
0.012499298
0.012499299
0.012499299
0.012499299
0.012499299
0.012499299
0.0124993
0.0124993
0.0124993
0.0124993
0.012499301
0.012499301
0.012499302
0.012499302
0.012499298
0.012499298
0.012499298
0.012499298
0.012499299
0.012499299
0.012499299
0.012499299
0.0124993
0.0124993
0.0124993
0.0124993
0.0124993
0.012499301
0.012499301
0.012499301
0.012499302
0.012499302
0.012499302
0.012499303
0.012499298
0.012499299
0.012499299
0.012499299
0.012499299
0.0124993
0.0124993
0.0124993
0.012499301
0.012499301
0.012499301
0.012499301
0.012499301
0.012499301
0.012499301
0.012499302
0.012499302
0.012499303
0.012499303
0.012499304
0.012499299
0.012499299
0.012499299
0.0124993
0.0124993
0.0124993
0.0124993
0.012499301
0.012499301
0.012499302
0.012499302
0.012499302
0.012499302
0.012499302
0.012499302
0.012499302
0.012499303
0.012499303
0.012499304
0.012499304
0.012499299
0.012499299
0.0124993
0.0124993
0.0124993
0.012499301
0.012499301
0.012499302
0.012499302
0.012499302
0.012499303
0.012499303
0.012499302
0.012499302
0.012499302
0.012499303
0.012499303
0.012499304
0.012499304
0.012499304
0.012499299
0.0124993
0.0124993
0.012499301
0.012499301
0.012499301
0.012499302
0.012499302
0.012499303
0.012499303
0.012499303
0.012499303
0.012499303
0.012499303
0.012499303
0.012499303
0.012499304
0.012499304
0.012499305
0.012499305
0.0124993
0.0124993
0.012499301
0.012499301
0.012499301
0.012499302
0.012499302
0.012499303
0.012499303
0.012499304
0.012499304
0.012499304
0.012499304
0.012499304
0.012499304
0.012499304
0.012499304
0.012499305
0.012499305
0.012499305
0.0124993
0.012499301
0.012499301
0.012499301
0.012499302
0.012499302
0.012499303
0.012499303
0.012499304
0.012499304
0.012499305
0.012499305
0.012499305
0.012499305
0.012499305
0.012499305
0.012499305
0.012499305
0.012499305
0.012499305
0.0124993
0.012499301
0.012499301
0.012499302
0.012499302
0.012499303
0.012499303
0.012499304
0.012499304
0.012499305
0.012499305
0.012499306
0.012499306
0.012499305
0.012499305
0.012499306
0.012499306
0.012499306
0.012499306
0.012499306
0.012499301
0.012499301
0.012499302
0.012499302
0.012499303
0.012499303
0.012499303
0.012499304
0.012499305
0.012499305
0.012499306
0.012499306
0.012499306
0.012499306
0.012499306
0.012499306
0.012499306
0.012499306
0.012499306
0.012499306
0.012499301
0.012499301
0.012499302
0.012499302
0.012499303
0.012499303
0.012499304
0.012499304
0.012499305
0.012499306
0.012499306
0.012499307
0.012499307
0.012499307
0.012499307
0.012499307
0.012499307
0.012499307
0.012499307
0.012499306
0.012499301
0.012499302
0.012499302
0.012499303
0.012499303
0.012499303
0.012499304
0.012499304
0.012499305
0.012499305
0.012499306
0.012499307
0.012499307
0.012499307
0.012499307
0.012499307
0.012499307
0.012499307
0.012499307
0.012499307
0.012499301
0.012499302
0.012499302
0.012499303
0.012499303
0.012499304
0.012499304
0.012499304
0.012499305
0.012499305
0.012499306
0.012499306
0.012499307
0.012499307
0.012499307
0.012499307
0.012499307
0.012499307
0.012499307
0.012499307
0.012499302
0.012499302
0.012499303
0.012499303
0.012499303
0.012499304
0.012499304
0.012499305
0.012499305
0.012499306
0.012499306
0.012499306
0.012499307
0.012499307
0.012499307
0.012499307
0.012499307
0.012499307
0.012499307
0.012499307
0.012499302
0.012499302
0.012499303
0.012499303
0.012499304
0.012499304
0.012499304
0.012499305
0.012499305
0.012499306
0.012499306
0.012499307
0.012499307
0.012499307
0.012499307
0.012499307
0.012499307
0.012499307
0.012499307
0.012499307
0.012499302
0.012499303
0.012499303
0.012499303
0.012499304
0.012499304
0.012499305
0.012499305
0.012499306
0.012499306
0.012499307
0.012499307
0.012499307
0.012499307
0.012499308
0.012499308
0.012499308
0.012499307
0.012499307
0.012499307
0.012499303
0.012499303
0.012499303
0.012499304
0.012499304
0.012499305
0.012499305
0.012499306
0.012499306
0.012499307
0.012499307
0.012499307
0.012499307
0.012499307
0.012499308
0.012499308
0.012499308
0.012499307
0.012499307
0.012499307
0.012499303
0.012499303
0.012499304
0.012499304
0.012499305
0.012499305
0.012499305
0.012499306
0.012499306
0.012499307
0.012499307
0.012499307
0.012499307
0.012499307
0.012499308
0.012499308
0.012499308
0.012499308
0.012499307
0.012499307
0.012499303
0.012499304
0.012499304
0.012499305
0.012499305
0.012499305
0.012499306
0.012499306
0.012499306
0.012499307
0.012499307
0.012499307
0.012499307
0.012499307
0.012499307
0.012499308
0.012499308
0.012499308
0.012499307
0.012499307
0.012499304
0.012499304
0.012499305
0.012499305
0.012499305
0.012499306
0.012499306
0.012499306
0.012499306
0.012499307
0.012499307
0.012499307
0.012499307
0.012499307
0.012499307
0.012499307
0.012499307
0.012499307
0.012499307
0.012499307
0.012499298
0.012499298
0.012499298
0.012499298
0.012499298
0.012499298
0.012499298
0.012499299
0.012499299
0.012499299
0.012499299
0.012499299
0.0124993
0.0124993
0.0124993
0.012499301
0.012499301
0.012499301
0.012499302
0.012499302
0.012499298
0.012499298
0.012499298
0.012499298
0.012499298
0.012499299
0.012499299
0.012499299
0.012499299
0.0124993
0.0124993
0.0124993
0.0124993
0.012499301
0.012499301
0.012499301
0.012499302
0.012499302
0.012499303
0.012499303
0.012499298
0.012499298
0.012499299
0.012499299
0.012499299
0.012499299
0.012499299
0.012499299
0.0124993
0.0124993
0.012499301
0.012499301
0.012499301
0.012499301
0.012499302
0.012499302
0.012499303
0.012499303
0.012499303
0.012499304
0.012499299
0.012499299
0.012499299
0.012499299
0.012499299
0.012499299
0.0124993
0.0124993
0.0124993
0.012499301
0.012499301
0.012499301
0.012499302
0.012499302
0.012499302
0.012499302
0.012499303
0.012499303
0.012499304
0.012499304
0.012499299
0.012499299
0.012499299
0.012499299
0.0124993
0.0124993
0.0124993
0.0124993
0.0124993
0.012499301
0.012499302
0.012499302
0.012499302
0.012499302
0.012499302
0.012499303
0.012499303
0.012499304
0.012499304
0.012499304
0.012499299
0.0124993
0.0124993
0.0124993
0.0124993
0.0124993
0.0124993
0.0124993
0.012499301
0.012499301
0.012499302
0.012499302
0.012499303
0.012499303
0.012499303
0.012499303
0.012499304
0.012499304
0.012499305
0.012499305
0.0124993
0.0124993
0.0124993
0.0124993
0.0124993
0.0124993
0.0124993
0.012499301
0.012499301
0.012499301
0.012499302
0.012499303
0.012499303
0.012499303
0.012499304
0.012499304
0.012499304
0.012499305
0.012499305
0.012499305
0.0124993
0.0124993
0.0124993
0.0124993
0.012499301
0.012499301
0.012499301
0.012499301
0.012499301
0.012499302
0.012499302
0.012499303
0.012499304
0.012499304
0.012499304
0.012499305
0.012499305
0.012499305
0.012499305
0.012499305
0.0124993
0.012499301
0.012499301
0.012499301
0.012499301
0.012499301
0.012499301
0.012499301
0.012499302
0.012499302
0.012499303
0.012499303
0.012499304
0.012499304
0.012499305
0.012499305
0.012499305
0.012499306
0.012499306
0.012499306
0.012499301
0.012499301
0.012499301
0.012499301
0.012499301
0.012499301
0.012499301
0.012499302
0.012499302
0.012499303
0.012499303
0.012499304
0.012499304
0.012499305
0.012499305
0.012499306
0.012499306
0.012499306
0.012499306
0.012499306
0.012499301
0.012499301
0.012499301
0.012499301
0.012499301
0.012499302
0.012499302
0.012499302
0.012499303
0.012499303
0.012499303
0.012499304
0.012499304
0.012499305
0.012499305
0.012499306
0.012499306
0.012499306
0.012499306
0.012499306
0.012499301
0.012499301
0.012499302
0.012499302
0.012499302
0.012499302
0.012499302
0.012499303
0.012499303
0.012499303
0.012499304
0.012499304
0.012499305
0.012499305
0.012499305
0.012499306
0.012499306
0.012499306
0.012499306
0.012499306
0.012499301
0.012499302
0.012499302
0.012499302
0.012499302
0.012499303
0.012499303
0.012499303
0.012499303
0.012499304
0.012499304
0.012499305
0.012499305
0.012499305
0.012499306
0.012499306
0.012499306
0.012499307
0.012499307
0.012499307
0.012499302
0.012499302
0.012499302
0.012499302
0.012499303
0.012499303
0.012499303
0.012499304
0.012499304
0.012499304
0.012499305
0.012499305
0.012499305
0.012499306
0.012499306
0.012499307
0.012499307
0.012499307
0.012499307
0.012499307
0.012499302
0.012499302
0.012499303
0.012499303
0.012499303
0.012499303
0.012499304
0.012499304
0.012499304
0.012499305
0.012499305
0.012499305
0.012499306
0.012499306
0.012499307
0.012499307
0.012499307
0.012499307
0.012499307
0.012499307
0.012499302
0.012499303
0.012499303
0.012499303
0.012499303
0.012499304
0.012499304
0.012499304
0.012499305
0.012499305
0.012499306
0.012499306
0.012499306
0.012499307
0.012499307
0.012499307
0.012499307
0.012499307
0.012499307
0.012499307
0.012499303
0.012499303
0.012499304
0.012499304
0.012499304
0.012499304
0.012499304
0.012499305
0.012499305
0.012499306
0.012499306
0.012499306
0.012499307
0.012499307
0.012499307
0.012499307
0.012499307
0.012499307
0.012499307
0.012499307
0.012499303
0.012499304
0.012499304
0.012499304
0.012499304
0.012499305
0.012499305
0.012499305
0.012499306
0.012499306
0.012499306
0.012499307
0.012499307
0.012499307
0.012499307
0.012499307
0.012499307
0.012499307
0.012499307
0.012499307
0.012499303
0.012499304
0.012499304
0.012499305
0.012499305
0.012499305
0.012499305
0.012499306
0.012499306
0.012499306
0.012499307
0.012499307
0.012499307
0.012499307
0.012499307
0.012499307
0.012499307
0.012499307
0.012499307
0.012499307
0.012499304
0.012499304
0.012499305
0.012499305
0.012499305
0.012499306
0.012499306
0.012499306
0.012499306
0.012499306
0.012499307
0.012499307
0.012499307
0.012499307
0.012499307
0.012499307
0.012499307
0.012499307
0.012499307
0.012499307
0.012499298
0.012499298
0.012499298
0.012499298
0.012499298
0.012499298
0.012499298
0.012499299
0.012499299
0.012499299
0.012499299
0.0124993
0.0124993
0.0124993
0.0124993
0.012499301
0.012499301
0.012499301
0.012499302
0.012499302
0.012499298
0.012499298
0.012499298
0.012499299
0.012499299
0.012499299
0.012499299
0.012499299
0.012499299
0.0124993
0.0124993
0.0124993
0.012499301
0.012499301
0.012499301
0.012499302
0.012499302
0.012499302
0.012499303
0.012499303
0.012499298
0.012499299
0.012499299
0.012499299
0.012499299
0.012499299
0.012499299
0.0124993
0.0124993
0.0124993
0.012499301
0.012499301
0.012499302
0.012499302
0.012499302
0.012499303
0.012499303
0.012499303
0.012499303
0.012499304
0.012499299
0.012499299
0.012499299
0.012499299
0.012499299
0.0124993
0.0124993
0.0124993
0.0124993
0.0124993
0.012499301
0.012499302
0.012499302
0.012499303
0.012499303
0.012499303
0.012499304
0.012499304
0.012499304
0.012499304
0.012499299
0.012499299
0.012499299
0.0124993
0.0124993
0.0124993
0.0124993
0.0124993
0.0124993
0.0124993
0.012499301
0.012499302
0.012499303
0.012499303
0.012499304
0.012499304
0.012499304
0.012499304
0.012499304
0.012499304
0.012499299
0.0124993
0.0124993
0.0124993
0.0124993
0.0124993
0.0124993
0.0124993
0.0124993
0.0124993
0.012499301
0.012499302
0.012499303
0.012499304
0.012499304
0.012499304
0.012499305
0.012499305
0.012499305
0.012499305
0.0124993
0.0124993
0.0124993
0.0124993
0.0124993
0.0124993
0.012499301
0.0124993
0.0124993
0.0124993
0.012499301
0.012499302
0.012499303
0.012499304
0.012499305
0.012499305
0.012499305
0.012499305
0.012499305
0.012499305
0.0124993
0.0124993
0.0124993
0.0124993
0.012499301
0.012499301
0.012499301
0.012499301
0.012499301
0.012499301
0.012499301
0.012499302
0.012499303
0.012499304
0.012499305
0.012499305
0.012499305
0.012499305
0.012499305
0.012499305
0.0124993
0.012499301
0.012499301
0.012499301
0.012499301
0.012499301
0.012499301
0.012499301
0.012499301
0.012499301
0.012499301
0.012499302
0.012499303
0.012499304
0.012499305
0.012499305
0.012499305
0.012499305
0.012499306
0.012499306
0.012499301
0.012499301
0.012499301
0.012499301
0.012499301
0.012499301
0.012499302
0.012499302
0.012499302
0.012499302
0.012499302
0.012499302
0.012499303
0.012499304
0.012499305
0.012499305
0.012499305
0.012499306
0.012499306
0.012499306
0.012499301
0.012499301
0.012499302
0.012499302
0.012499302
0.012499302
0.012499302
0.012499302
0.012499302
0.012499302
0.012499303
0.012499303
0.012499303
0.012499304
0.012499305
0.012499305
0.012499306
0.012499306
0.012499306
0.012499306
0.012499301
0.012499302
0.012499302
0.012499302
0.012499302
0.012499302
0.012499303
0.012499303
0.012499303
0.012499303
0.012499303
0.012499304
0.012499304
0.012499305
0.012499305
0.012499306
0.012499306
0.012499306
0.012499306
0.012499306
0.012499302
0.012499302
0.012499302
0.012499303
0.012499303
0.012499303
0.012499303
0.012499304
0.012499304
0.012499304
0.012499304
0.012499305
0.012499305
0.012499306
0.012499306
0.012499306
0.012499306
0.012499306
0.012499307
0.012499307
0.012499302
0.012499302
0.012499303
0.012499303
0.012499303
0.012499303
0.012499304
0.012499304
0.012499304
0.012499305
0.012499305
0.012499305
0.012499306
0.012499306
0.012499307
0.012499307
0.012499307
0.012499307
0.012499307
0.012499307
0.012499302
0.012499303
0.012499303
0.012499303
0.012499304
0.012499304
0.012499304
0.012499304
0.012499305
0.012499305
0.012499305
0.012499306
0.012499306
0.012499307
0.012499307
0.012499307
0.012499307
0.012499307
0.012499307
0.012499307
0.012499302
0.012499303
0.012499303
0.012499304
0.012499304
0.012499304
0.012499304
0.012499305
0.012499305
0.012499305
0.012499306
0.012499306
0.012499306
0.012499307
0.012499307
0.012499307
0.012499307
0.012499307
0.012499307
0.012499307
0.012499303
0.012499303
0.012499304
0.012499304
0.012499304
0.012499305
0.012499305
0.012499305
0.012499305
0.012499306
0.012499306
0.012499306
0.012499307
0.012499307
0.012499307
0.012499307
0.012499307
0.012499307
0.012499307
0.012499307
0.012499303
0.012499304
0.012499304
0.012499304
0.012499305
0.012499305
0.012499305
0.012499305
0.012499306
0.012499306
0.012499306
0.012499306
0.012499307
0.012499307
0.012499307
0.012499307
0.012499307
0.012499307
0.012499307
0.012499307
0.012499303
0.012499304
0.012499304
0.012499305
0.012499305
0.012499305
0.012499305
0.012499306
0.012499306
0.012499306
0.012499306
0.012499307
0.012499307
0.012499307
0.012499307
0.012499307
0.012499307
0.012499307
0.012499307
0.012499307
0.012499304
0.012499304
0.012499305
0.012499305
0.012499305
0.012499306
0.012499306
0.012499306
0.012499306
0.012499306
0.012499307
0.012499307
0.012499307
0.012499307
0.012499307
0.012499307
0.012499307
0.012499307
0.012499307
0.012499307
0.012499298
0.012499298
0.012499298
0.012499298
0.012499298
0.012499298
0.012499299
0.012499299
0.012499299
0.012499299
0.012499299
0.0124993
0.0124993
0.0124993
0.0124993
0.012499301
0.012499301
0.012499301
0.012499301
0.012499302
0.012499298
0.012499299
0.012499299
0.012499299
0.012499299
0.012499299
0.012499299
0.0124993
0.0124993
0.0124993
0.0124993
0.012499301
0.012499301
0.012499301
0.012499302
0.012499302
0.012499302
0.012499302
0.012499302
0.012499303
0.012499299
0.012499299
0.012499299
0.0124993
0.0124993
0.0124993
0.0124993
0.0124993
0.0124993
0.0124993
0.012499301
0.012499301
0.012499302
0.012499302
0.012499303
0.012499303
0.012499303
0.012499303
0.012499303
0.012499303
0.012499299
0.012499299
0.0124993
0.0124993
0.0124993
0.0124993
0.0124993
0.012499301
0.012499301
0.012499301
0.012499301
0.012499302
0.012499302
0.012499303
0.012499304
0.012499304
0.012499304
0.012499304
0.012499304
0.012499304
0.012499299
0.0124993
0.0124993
0.0124993
0.0124993
0.012499301
0.012499301
0.012499301
0.012499301
0.012499301
0.012499301
0.012499302
0.012499303
0.012499304
0.012499304
0.012499304
0.012499304
0.012499304
0.012499304
0.012499304
0.0124993
0.0124993
0.0124993
0.012499301
0.012499301
0.012499301
0.012499301
0.012499301
0.012499301
0.012499301
0.012499302
0.012499302
0.012499303
0.012499304
0.012499305
0.012499305
0.012499305
0.012499305
0.012499305
0.012499305
0.0124993
0.0124993
0.012499301
0.012499301
0.012499301
0.012499301
0.012499302
0.012499302
0.012499302
0.012499302
0.012499302
0.012499302
0.012499303
0.012499304
0.012499305
0.012499305
0.012499305
0.012499305
0.012499305
0.012499305
0.0124993
0.012499301
0.012499301
0.012499301
0.012499301
0.012499302
0.012499302
0.012499302
0.012499302
0.012499302
0.012499302
0.012499303
0.012499303
0.012499304
0.012499305
0.012499305
0.012499305
0.012499305
0.012499305
0.012499305
0.0124993
0.012499301
0.012499301
0.012499302
0.012499302
0.012499302
0.012499302
0.012499303
0.012499303
0.012499303
0.012499303
0.012499303
0.012499304
0.012499304
0.012499305
0.012499305
0.012499305
0.012499305
0.012499305
0.012499306
0.012499301
0.012499301
0.012499302
0.012499302
0.012499302
0.012499303
0.012499303
0.012499303
0.012499303
0.012499303
0.012499303
0.012499304
0.012499304
0.012499305
0.012499305
0.012499305
0.012499305
0.012499306
0.012499306
0.012499306
0.012499301
0.012499302
0.012499302
0.012499303
0.012499303
0.012499303
0.012499303
0.012499303
0.012499304
0.012499304
0.012499304
0.012499304
0.012499305
0.012499305
0.012499306
0.012499306
0.012499306
0.012499306
0.012499306
0.012499306
0.012499301
0.012499302
0.012499303
0.012499303
0.012499303
0.012499304
0.012499304
0.012499304
0.012499304
0.012499305
0.012499305
0.012499305
0.012499306
0.012499306
0.012499306
0.012499306
0.012499306
0.012499306
0.012499306
0.012499306
0.012499302
0.012499302
0.012499303
0.012499303
0.012499304
0.012499304
0.012499304
0.012499305
0.012499305
0.012499305
0.012499306
0.012499306
0.012499307
0.012499307
0.012499307
0.012499307
0.012499307
0.012499307
0.012499307
0.012499307
0.012499302
0.012499303
0.012499303
0.012499304
0.012499304
0.012499305
0.012499305
0.012499305
0.012499306
0.012499306
0.012499306
0.012499307
0.012499307
0.012499307
0.012499307
0.012499307
0.012499307
0.012499307
0.012499307
0.012499307
0.012499302
0.012499303
0.012499304
0.012499304
0.012499305
0.012499305
0.012499305
0.012499306
0.012499306
0.012499306
0.012499307
0.012499307
0.012499307
0.012499307
0.012499307
0.012499307
0.012499307
0.012499307
0.012499307
0.012499307
0.012499302
0.012499303
0.012499304
0.012499304
0.012499305
0.012499305
0.012499305
0.012499306
0.012499306
0.012499306
0.012499307
0.012499307
0.012499307
0.012499307
0.012499307
0.012499307
0.012499307
0.012499307
0.012499307
0.012499307
0.012499303
0.012499304
0.012499304
0.012499305
0.012499305
0.012499305
0.012499305
0.012499306
0.012499306
0.012499306
0.012499307
0.012499307
0.012499307
0.012499307
0.012499307
0.012499307
0.012499307
0.012499307
0.012499307
0.012499307
0.012499303
0.012499304
0.012499304
0.012499305
0.012499305
0.012499305
0.012499306
0.012499306
0.012499306
0.012499306
0.012499307
0.012499307
0.012499307
0.012499307
0.012499307
0.012499307
0.012499307
0.012499307
0.012499307
0.012499307
0.012499303
0.012499304
0.012499305
0.012499305
0.012499305
0.012499305
0.012499306
0.012499306
0.012499306
0.012499306
0.012499307
0.012499307
0.012499307
0.012499307
0.012499307
0.012499307
0.012499307
0.012499307
0.012499307
0.012499307
0.012499304
0.012499304
0.012499305
0.012499305
0.012499305
0.012499306
0.012499306
0.012499306
0.012499306
0.012499306
0.012499307
0.012499307
0.012499307
0.012499307
0.012499307
0.012499307
0.012499307
0.012499307
0.012499307
0.012499307
0.012499298
0.012499298
0.012499298
0.012499298
0.012499298
0.012499298
0.012499299
0.012499299
0.012499299
0.012499299
0.012499299
0.0124993
0.0124993
0.0124993
0.0124993
0.012499301
0.012499301
0.012499301
0.012499301
0.012499302
0.012499298
0.012499299
0.012499299
0.012499299
0.012499299
0.012499299
0.0124993
0.0124993
0.0124993
0.0124993
0.0124993
0.012499301
0.012499301
0.012499301
0.012499301
0.012499301
0.012499302
0.012499302
0.012499302
0.012499303
0.012499299
0.012499299
0.0124993
0.0124993
0.0124993
0.0124993
0.0124993
0.012499301
0.012499301
0.012499301
0.012499301
0.012499301
0.012499302
0.012499302
0.012499302
0.012499302
0.012499302
0.012499302
0.012499303
0.012499303
0.012499299
0.0124993
0.0124993
0.0124993
0.0124993
0.012499301
0.012499301
0.012499301
0.012499301
0.012499302
0.012499302
0.012499302
0.012499302
0.012499302
0.012499303
0.012499303
0.012499303
0.012499303
0.012499303
0.012499304
0.012499299
0.0124993
0.0124993
0.012499301
0.012499301
0.012499301
0.012499301
0.012499302
0.012499302
0.012499302
0.012499302
0.012499302
0.012499302
0.012499303
0.012499303
0.012499303
0.012499303
0.012499304
0.012499304
0.012499304
0.0124993
0.0124993
0.012499301
0.012499301
0.012499301
0.012499301
0.012499302
0.012499302
0.012499303
0.012499303
0.012499303
0.012499303
0.012499303
0.012499303
0.012499303
0.012499304
0.012499304
0.012499304
0.012499304
0.012499305
0.0124993
0.012499301
0.012499301
0.012499301
0.012499301
0.012499302
0.012499302
0.012499303
0.012499303
0.012499303
0.012499303
0.012499303
0.012499303
0.012499304
0.012499304
0.012499304
0.012499304
0.012499304
0.012499305
0.012499305
0.0124993
0.012499301
0.012499301
0.012499302
0.012499302
0.012499302
0.012499302
0.012499303
0.012499304
0.012499304
0.012499304
0.012499304
0.012499304
0.012499304
0.012499304
0.012499304
0.012499305
0.012499305
0.012499305
0.012499305
0.012499301
0.012499301
0.012499302
0.012499302
0.012499302
0.012499302
0.012499303
0.012499303
0.012499304
0.012499305
0.012499305
0.012499305
0.012499305
0.012499305
0.012499305
0.012499305
0.012499305
0.012499305
0.012499305
0.012499305
0.012499301
0.012499302
0.012499302
0.012499303
0.012499303
0.012499303
0.012499303
0.012499304
0.012499304
0.012499305
0.012499306
0.012499306
0.012499306
0.012499306
0.012499306
0.012499306
0.012499306
0.012499306
0.012499306
0.012499306
0.012499301
0.012499302
0.012499303
0.012499303
0.012499303
0.012499304
0.012499304
0.012499304
0.012499305
0.012499305
0.012499306
0.012499307
0.012499307
0.012499307
0.012499307
0.012499307
0.012499306
0.012499306
0.012499306
0.012499306
0.012499302
0.012499302
0.012499303
0.012499304
0.012499304
0.012499304
0.012499304
0.012499305
0.012499305
0.012499306
0.012499307
0.012499307
0.012499308
0.012499308
0.012499308
0.012499307
0.012499307
0.012499307
0.012499306
0.012499306
0.012499302
0.012499303
0.012499303
0.012499304
0.012499304
0.012499305
0.012499305
0.012499305
0.012499306
0.012499306
0.012499307
0.012499307
0.012499308
0.012499308
0.012499308
0.012499308
0.012499307
0.012499307
0.012499307
0.012499307
0.012499302
0.012499303
0.012499304
0.012499304
0.012499305
0.012499305
0.012499305
0.012499306
0.012499306
0.012499307
0.012499307
0.012499307
0.012499308
0.012499308
0.012499308
0.012499308
0.012499307
0.012499307
0.012499307
0.012499307
0.012499302
0.012499303
0.012499304
0.012499304
0.012499305
0.012499305
0.012499306
0.012499306
0.012499306
0.012499307
0.012499307
0.012499307
0.012499308
0.012499308
0.012499308
0.012499308
0.012499307
0.012499307
0.012499307
0.012499307
0.012499303
0.012499303
0.012499304
0.012499305
0.012499305
0.012499305
0.012499306
0.012499306
0.012499307
0.012499307
0.012499307
0.012499307
0.012499308
0.012499308
0.012499308
0.012499308
0.012499308
0.012499307
0.012499307
0.012499307
0.012499303
0.012499304
0.012499304
0.012499305
0.012499305
0.012499305
0.012499306
0.012499306
0.012499307
0.012499307
0.012499307
0.012499307
0.012499307
0.012499308
0.012499308
0.012499308
0.012499308
0.012499307
0.012499307
0.012499307
0.012499303
0.012499304
0.012499304
0.012499305
0.012499305
0.012499305
0.012499306
0.012499306
0.012499306
0.012499307
0.012499307
0.012499307
0.012499307
0.012499307
0.012499308
0.012499308
0.012499308
0.012499307
0.012499307
0.012499307
0.012499303
0.012499304
0.012499305
0.012499305
0.012499305
0.012499305
0.012499306
0.012499306
0.012499306
0.012499307
0.012499307
0.012499307
0.012499307
0.012499307
0.012499307
0.012499307
0.012499307
0.012499307
0.012499307
0.012499307
0.012499304
0.012499304
0.012499305
0.012499305
0.012499305
0.012499306
0.012499306
0.012499306
0.012499306
0.012499307
0.012499307
0.012499307
0.012499307
0.012499307
0.012499307
0.012499307
0.012499307
0.012499307
0.012499307
0.012499307
0.012499298
0.012499298
0.012499298
0.012499298
0.012499298
0.012499298
0.012499299
0.012499299
0.012499299
0.012499299
0.012499299
0.0124993
0.0124993
0.0124993
0.0124993
0.012499301
0.012499301
0.012499301
0.012499302
0.012499302
0.012499298
0.012499298
0.012499299
0.012499299
0.012499299
0.012499299
0.012499299
0.0124993
0.0124993
0.0124993
0.012499301
0.012499301
0.012499301
0.012499301
0.012499301
0.012499301
0.012499302
0.012499302
0.012499303
0.012499303
0.012499299
0.012499299
0.012499299
0.0124993
0.0124993
0.0124993
0.0124993
0.0124993
0.012499301
0.012499301
0.012499301
0.012499302
0.012499302
0.012499302
0.012499302
0.012499302
0.012499302
0.012499303
0.012499303
0.012499304
0.012499299
0.012499299
0.0124993
0.0124993
0.0124993
0.0124993
0.0124993
0.012499301
0.012499301
0.012499302
0.012499302
0.012499302
0.012499302
0.012499302
0.012499302
0.012499302
0.012499303
0.012499303
0.012499303
0.012499304
0.012499299
0.0124993
0.0124993
0.012499301
0.012499301
0.012499301
0.012499301
0.012499301
0.012499302
0.012499302
0.012499303
0.012499303
0.012499303
0.012499302
0.012499302
0.012499302
0.012499303
0.012499303
0.012499304
0.012499304
0.0124993
0.0124993
0.012499301
0.012499301
0.012499301
0.012499301
0.012499301
0.012499302
0.012499302
0.012499303
0.012499303
0.012499303
0.012499303
0.012499303
0.012499303
0.012499303
0.012499303
0.012499304
0.012499304
0.012499305
0.0124993
0.012499301
0.012499301
0.012499301
0.012499301
0.012499301
0.012499301
0.012499302
0.012499303
0.012499304
0.012499304
0.012499304
0.012499304
0.012499304
0.012499303
0.012499304
0.012499304
0.012499304
0.012499304
0.012499305
0.0124993
0.012499301
0.012499301
0.012499301
0.012499302
0.012499302
0.012499302
0.012499302
0.012499304
0.012499305
0.012499305
0.012499306
0.012499305
0.012499305
0.012499305
0.012499304
0.012499305
0.012499305
0.012499305
0.012499305
0.012499301
0.012499301
0.012499302
0.012499302
0.012499302
0.012499302
0.012499302
0.012499303
0.012499304
0.012499305
0.012499307
0.012499307
0.012499307
0.012499306
0.012499306
0.012499306
0.012499305
0.012499305
0.012499305
0.012499305
0.012499301
0.012499302
0.012499302
0.012499302
0.012499302
0.012499303
0.012499303
0.012499303
0.012499305
0.012499306
0.012499307
0.012499308
0.012499308
0.012499307
0.012499307
0.012499306
0.012499306
0.012499306
0.012499306
0.012499306
0.012499301
0.012499302
0.012499303
0.012499303
0.012499303
0.012499303
0.012499303
0.012499304
0.012499305
0.012499306
0.012499307
0.012499308
0.012499308
0.012499308
0.012499307
0.012499307
0.012499307
0.012499306
0.012499306
0.012499306
0.012499302
0.012499302
0.012499303
0.012499303
0.012499304
0.012499304
0.012499304
0.012499305
0.012499305
0.012499306
0.012499307
0.012499308
0.012499308
0.012499308
0.012499308
0.012499307
0.012499307
0.012499307
0.012499306
0.012499306
0.012499302
0.012499303
0.012499303
0.012499304
0.012499304
0.012499304
0.012499305
0.012499305
0.012499306
0.012499306
0.012499307
0.012499308
0.012499308
0.012499308
0.012499308
0.012499307
0.012499307
0.012499307
0.012499306
0.012499306
0.012499302
0.012499303
0.012499304
0.012499304
0.012499304
0.012499305
0.012499305
0.012499305
0.012499306
0.012499306
0.012499307
0.012499307
0.012499308
0.012499308
0.012499307
0.012499307
0.012499307
0.012499307
0.012499307
0.012499307
0.012499302
0.012499303
0.012499304
0.012499304
0.012499305
0.012499305
0.012499305
0.012499306
0.012499306
0.012499306
0.012499307
0.012499307
0.012499308
0.012499308
0.012499308
0.012499307
0.012499307
0.012499307
0.012499307
0.012499307
0.012499302
0.012499303
0.012499304
0.012499304
0.012499305
0.012499305
0.012499305
0.012499306
0.012499306
0.012499306
0.012499307
0.012499307
0.012499307
0.012499308
0.012499308
0.012499307
0.012499307
0.012499307
0.012499307
0.012499307
0.012499303
0.012499303
0.012499304
0.012499304
0.012499305
0.012499305
0.012499305
0.012499306
0.012499306
0.012499306
0.012499307
0.012499307
0.012499307
0.012499307
0.012499307
0.012499307
0.012499307
0.012499307
0.012499307
0.012499307
0.012499303
0.012499304
0.012499304
0.012499305
0.012499305
0.012499305
0.012499305
0.012499306
0.012499306
0.012499306
0.012499307
0.012499307
0.012499307
0.012499307
0.012499307
0.012499307
0.012499307
0.012499307
0.012499307
0.012499307
0.012499303
0.012499304
0.012499304
0.012499305
0.012499305
0.012499305
0.012499306
0.012499306
0.012499306
0.012499306
0.012499307
0.012499307
0.012499307
0.012499307
0.012499307
0.012499307
0.012499307
0.012499307
0.012499307
0.012499307
0.012499304
0.012499304
0.012499305
0.012499305
0.012499305
0.012499306
0.012499306
0.012499306
0.012499306
0.012499306
0.012499307
0.012499307
0.012499307
0.012499307
0.012499307
0.012499307
0.012499307
0.012499307
0.012499307
0.012499307
0.012499298
0.012499298
0.012499298
0.012499298
0.012499298
0.012499298
0.012499298
0.012499299
0.012499299
0.012499299
0.012499299
0.0124993
0.0124993
0.0124993
0.0124993
0.0124993
0.012499301
0.012499301
0.012499302
0.012499302
0.012499298
0.012499298
0.012499299
0.012499299
0.012499299
0.012499299
0.012499299
0.0124993
0.0124993
0.0124993
0.012499301
0.012499301
0.012499301
0.012499301
0.012499301
0.012499302
0.012499302
0.012499302
0.012499303
0.012499303
0.012499298
0.012499299
0.012499299
0.012499299
0.0124993
0.0124993
0.0124993
0.0124993
0.012499301
0.012499301
0.012499302
0.012499302
0.012499302
0.012499302
0.012499302
0.012499302
0.012499303
0.012499303
0.012499303
0.012499304
0.012499299
0.012499299
0.0124993
0.0124993
0.0124993
0.0124993
0.0124993
0.012499301
0.012499301
0.012499302
0.012499302
0.012499303
0.012499303
0.012499303
0.012499303
0.012499303
0.012499303
0.012499303
0.012499304
0.012499304
0.012499299
0.0124993
0.0124993
0.0124993
0.012499301
0.012499301
0.012499301
0.012499301
0.012499301
0.012499302
0.012499303
0.012499304
0.012499304
0.012499304
0.012499303
0.012499303
0.012499303
0.012499304
0.012499304
0.012499304
0.0124993
0.0124993
0.012499301
0.012499301
0.012499301
0.012499301
0.012499301
0.012499301
0.012499302
0.012499302
0.012499303
0.012499304
0.012499305
0.012499304
0.012499304
0.012499304
0.012499304
0.012499304
0.012499304
0.012499304
0.0124993
0.0124993
0.012499301
0.012499301
0.012499301
0.012499302
0.012499302
0.012499302
0.012499302
0.012499303
0.012499304
0.012499305
0.012499305
0.012499305
0.012499305
0.012499305
0.012499305
0.012499304
0.012499304
0.012499305
0.0124993
0.012499301
0.012499301
0.012499301
0.012499302
0.012499302
0.012499302
0.012499302
0.012499303
0.012499304
0.012499305
0.012499305
0.012499306
0.012499306
0.012499306
0.012499306
0.012499305
0.012499305
0.012499305
0.012499305
0.0124993
0.012499301
0.012499301
0.012499302
0.012499302
0.012499302
0.012499302
0.012499303
0.012499304
0.012499304
0.012499305
0.012499306
0.012499306
0.012499307
0.012499307
0.012499306
0.012499306
0.012499305
0.012499305
0.012499305
0.012499301
0.012499301
0.012499302
0.012499302
0.012499302
0.012499302
0.012499303
0.012499304
0.012499304
0.012499305
0.012499306
0.012499307
0.012499307
0.012499307
0.012499307
0.012499307
0.012499306
0.012499306
0.012499306
0.012499306
0.012499301
0.012499302
0.012499302
0.012499302
0.012499303
0.012499303
0.012499303
0.012499304
0.012499305
0.012499306
0.012499307
0.012499307
0.012499307
0.012499307
0.012499307
0.012499307
0.012499306
0.012499306
0.012499306
0.012499306
0.012499301
0.012499302
0.012499303
0.012499303
0.012499303
0.012499303
0.012499304
0.012499304
0.012499305
0.012499306
0.012499307
0.012499307
0.012499307
0.012499307
0.012499307
0.012499307
0.012499306
0.012499306
0.012499306
0.012499306
0.012499302
0.012499303
0.012499303
0.012499304
0.012499304
0.012499304
0.012499304
0.012499305
0.012499306
0.012499306
0.012499307
0.012499307
0.012499307
0.012499307
0.012499307
0.012499307
0.012499306
0.012499306
0.012499306
0.012499306
0.012499302
0.012499303
0.012499303
0.012499304
0.012499304
0.012499305
0.012499305
0.012499305
0.012499306
0.012499306
0.012499307
0.012499307
0.012499308
0.012499307
0.012499307
0.012499307
0.012499307
0.012499306
0.012499306
0.012499307
0.012499302
0.012499303
0.012499304
0.012499304
0.012499305
0.012499305
0.012499305
0.012499305
0.012499306
0.012499306
0.012499307
0.012499307
0.012499307
0.012499307
0.012499307
0.012499307
0.012499307
0.012499307
0.012499307
0.012499307
0.012499302
0.012499303
0.012499304
0.012499304
0.012499305
0.012499305
0.012499305
0.012499306
0.012499306
0.012499306
0.012499306
0.012499307
0.012499307
0.012499307
0.012499307
0.012499307
0.012499307
0.012499307
0.012499307
0.012499307
0.012499303
0.012499303
0.012499304
0.012499304
0.012499305
0.012499305
0.012499305
0.012499305
0.012499306
0.012499306
0.012499306
0.012499307
0.012499307
0.012499307
0.012499307
0.012499307
0.012499307
0.012499307
0.012499307
0.012499307
0.012499303
0.012499303
0.012499304
0.012499304
0.012499305
0.012499305
0.012499305
0.012499305
0.012499306
0.012499306
0.012499306
0.012499306
0.012499307
0.012499307
0.012499307
0.012499307
0.012499307
0.012499307
0.012499307
0.012499307
0.012499303
0.012499304
0.012499304
0.012499305
0.012499305
0.012499305
0.012499305
0.012499306
0.012499306
0.012499306
0.012499306
0.012499306
0.012499307
0.012499307
0.012499307
0.012499307
0.012499307
0.012499307
0.012499307
0.012499307
0.012499304
0.012499304
0.012499305
0.012499305
0.012499305
0.012499306
0.012499306
0.012499306
0.012499306
0.012499306
0.012499307
0.012499307
0.012499307
0.012499307
0.012499307
0.012499307
0.012499307
0.012499307
0.012499307
0.012499307
0.012499298
0.012499298
0.012499298
0.012499298
0.012499298
0.012499298
0.012499299
0.012499299
0.012499299
0.012499299
0.012499299
0.0124993
0.0124993
0.0124993
0.0124993
0.0124993
0.012499301
0.012499301
0.012499301
0.012499302
0.012499298
0.012499298
0.012499299
0.012499299
0.012499299
0.012499299
0.0124993
0.0124993
0.0124993
0.0124993
0.012499301
0.012499301
0.012499301
0.012499302
0.012499302
0.012499302
0.012499302
0.012499302
0.012499302
0.012499303
0.012499299
0.012499299
0.012499299
0.0124993
0.0124993
0.0124993
0.0124993
0.012499301
0.012499301
0.012499301
0.012499301
0.012499302
0.012499303
0.012499303
0.012499303
0.012499303
0.012499303
0.012499303
0.012499303
0.012499303
0.012499299
0.012499299
0.0124993
0.0124993
0.012499301
0.012499301
0.012499301
0.012499301
0.012499301
0.012499302
0.012499302
0.012499303
0.012499304
0.012499304
0.012499305
0.012499304
0.012499304
0.012499304
0.012499304
0.012499304
0.012499299
0.0124993
0.0124993
0.012499301
0.012499301
0.012499301
0.012499302
0.012499302
0.012499302
0.012499302
0.012499303
0.012499304
0.012499305
0.012499306
0.012499306
0.012499305
0.012499305
0.012499304
0.012499304
0.012499304
0.0124993
0.0124993
0.012499301
0.012499301
0.012499302
0.012499302
0.012499302
0.012499302
0.012499302
0.012499302
0.012499303
0.012499305
0.012499306
0.012499307
0.012499307
0.012499306
0.012499306
0.012499305
0.012499305
0.012499305
0.0124993
0.012499301
0.012499301
0.012499302
0.012499302
0.012499302
0.012499303
0.012499303
0.012499302
0.012499303
0.012499303
0.012499305
0.012499306
0.012499307
0.012499307
0.012499307
0.012499306
0.012499305
0.012499305
0.012499305
0.0124993
0.012499301
0.012499302
0.012499302
0.012499302
0.012499303
0.012499303
0.012499303
0.012499303
0.012499303
0.012499304
0.012499305
0.012499306
0.012499307
0.012499307
0.012499307
0.012499306
0.012499306
0.012499305
0.012499305
0.012499301
0.012499301
0.012499302
0.012499302
0.012499303
0.012499303
0.012499304
0.012499304
0.012499304
0.012499304
0.012499304
0.012499305
0.012499306
0.012499306
0.012499307
0.012499307
0.012499306
0.012499306
0.012499305
0.012499306
0.012499301
0.012499302
0.012499302
0.012499303
0.012499303
0.012499303
0.012499304
0.012499305
0.012499305
0.012499305
0.012499305
0.012499305
0.012499306
0.012499306
0.012499306
0.012499306
0.012499306
0.012499306
0.012499305
0.012499306
0.012499301
0.012499302
0.012499303
0.012499303
0.012499303
0.012499304
0.012499304
0.012499305
0.012499306
0.012499306
0.012499306
0.012499306
0.012499306
0.012499306
0.012499306
0.012499306
0.012499306
0.012499306
0.012499306
0.012499306
0.012499301
0.012499302
0.012499303
0.012499303
0.012499304
0.012499304
0.012499305
0.012499305
0.012499306
0.012499307
0.012499307
0.012499307
0.012499307
0.012499307
0.012499307
0.012499306
0.012499306
0.012499306
0.012499306
0.012499306
0.012499302
0.012499303
0.012499303
0.012499304
0.012499304
0.012499305
0.012499305
0.012499305
0.012499306
0.012499307
0.012499308
0.012499308
0.012499308
0.012499308
0.012499307
0.012499307
0.012499306
0.012499306
0.012499306
0.012499306
0.012499302
0.012499303
0.012499304
0.012499304
0.012499305
0.012499305
0.012499305
0.012499306
0.012499306
0.012499307
0.012499308
0.012499308
0.012499308
0.012499308
0.012499307
0.012499307
0.012499307
0.012499306
0.012499306
0.012499306
0.012499302
0.012499303
0.012499304
0.012499305
0.012499305
0.012499306
0.012499306
0.012499306
0.012499306
0.012499307
0.012499307
0.012499308
0.012499308
0.012499308
0.012499307
0.012499307
0.012499307
0.012499306
0.012499306
0.012499307
0.012499302
0.012499303
0.012499304
0.012499305
0.012499305
0.012499306
0.012499306
0.012499306
0.012499306
0.012499306
0.012499307
0.012499307
0.012499307
0.012499307
0.012499307
0.012499307
0.012499306
0.012499306
0.012499306
0.012499307
0.012499302
0.012499303
0.012499304
0.012499305
0.012499305
0.012499305
0.012499306
0.012499306
0.012499306
0.012499306
0.012499306
0.012499307
0.012499307
0.012499307
0.012499307
0.012499306
0.012499306
0.012499306
0.012499307
0.012499307
0.012499303
0.012499303
0.012499304
0.012499305
0.012499305
0.012499305
0.012499306
0.012499306
0.012499306
0.012499306
0.012499306
0.012499306
0.012499307
0.012499307
0.012499307
0.012499306
0.012499306
0.012499307
0.012499307
0.012499307
0.012499303
0.012499304
0.012499304
0.012499305
0.012499305
0.012499305
0.012499306
0.012499306
0.012499306
0.012499306
0.012499306
0.012499306
0.012499307
0.012499307
0.012499307
0.012499307
0.012499307
0.012499307
0.012499307
0.012499307
0.012499304
0.012499304
0.012499305
0.012499305
0.012499305
0.012499306
0.012499306
0.012499306
0.012499306
0.012499306
0.012499306
0.012499307
0.012499307
0.012499307
0.012499307
0.012499307
0.012499307
0.012499307
0.012499307
0.012499307
0.012499298
0.012499298
0.012499298
0.012499298
0.012499298
0.012499298
0.012499299
0.012499299
0.012499299
0.012499299
0.012499299
0.0124993
0.0124993
0.0124993
0.0124993
0.0124993
0.0124993
0.0124993
0.012499301
0.012499302
0.012499298
0.012499299
0.012499299
0.012499299
0.012499299
0.0124993
0.0124993
0.0124993
0.0124993
0.0124993
0.0124993
0.012499301
0.012499301
0.012499302
0.012499302
0.012499301
0.012499301
0.012499301
0.012499301
0.012499302
0.012499299
0.012499299
0.0124993
0.0124993
0.0124993
0.012499301
0.012499301
0.012499301
0.012499301
0.012499301
0.012499301
0.012499302
0.012499302
0.012499303
0.012499303
0.012499303
0.012499302
0.012499302
0.012499302
0.012499303
0.012499299
0.0124993
0.0124993
0.012499301
0.012499301
0.012499302
0.012499302
0.012499302
0.012499302
0.012499302
0.012499302
0.012499303
0.012499303
0.012499304
0.012499305
0.012499305
0.012499304
0.012499303
0.012499303
0.012499304
0.012499299
0.0124993
0.012499301
0.012499301
0.012499302
0.012499302
0.012499303
0.012499303
0.012499303
0.012499303
0.012499303
0.012499303
0.012499304
0.012499305
0.012499306
0.012499306
0.012499305
0.012499304
0.012499304
0.012499304
0.0124993
0.012499301
0.012499301
0.012499302
0.012499302
0.012499303
0.012499303
0.012499304
0.012499304
0.012499304
0.012499303
0.012499304
0.012499305
0.012499306
0.012499307
0.012499307
0.012499306
0.012499305
0.012499305
0.012499305
0.0124993
0.012499301
0.012499302
0.012499303
0.012499303
0.012499303
0.012499304
0.012499304
0.012499304
0.012499304
0.012499304
0.012499304
0.012499305
0.012499306
0.012499307
0.012499307
0.012499306
0.012499306
0.012499305
0.012499305
0.0124993
0.012499302
0.012499303
0.012499303
0.012499304
0.012499304
0.012499305
0.012499305
0.012499305
0.012499305
0.012499304
0.012499305
0.012499305
0.012499306
0.012499306
0.012499306
0.012499306
0.012499306
0.012499305
0.012499305
0.012499301
0.012499302
0.012499303
0.012499304
0.012499304
0.012499305
0.012499305
0.012499306
0.012499306
0.012499305
0.012499305
0.012499305
0.012499305
0.012499306
0.012499306
0.012499306
0.012499305
0.012499305
0.012499305
0.012499306
0.012499301
0.012499302
0.012499303
0.012499304
0.012499304
0.012499305
0.012499305
0.012499306
0.012499306
0.012499306
0.012499306
0.012499306
0.012499306
0.012499306
0.012499306
0.012499306
0.012499305
0.012499305
0.012499305
0.012499306
0.012499301
0.012499302
0.012499303
0.012499304
0.012499305
0.012499305
0.012499306
0.012499306
0.012499307
0.012499307
0.012499307
0.012499307
0.012499307
0.012499307
0.012499307
0.012499306
0.012499306
0.012499306
0.012499306
0.012499306
0.012499302
0.012499303
0.012499303
0.012499304
0.012499305
0.012499305
0.012499306
0.012499306
0.012499307
0.012499307
0.012499308
0.012499308
0.012499308
0.012499308
0.012499307
0.012499307
0.012499306
0.012499306
0.012499306
0.012499306
0.012499302
0.012499303
0.012499304
0.012499304
0.012499305
0.012499305
0.012499306
0.012499306
0.012499307
0.012499308
0.012499308
0.012499308
0.012499308
0.012499308
0.012499308
0.012499307
0.012499307
0.012499306
0.012499306
0.012499306
0.012499302
0.012499303
0.012499304
0.012499304
0.012499305
0.012499305
0.012499306
0.012499306
0.012499307
0.012499307
0.012499308
0.012499308
0.012499308
0.012499308
0.012499307
0.012499307
0.012499307
0.012499306
0.012499306
0.012499307
0.012499302
0.012499303
0.012499304
0.012499305
0.012499305
0.012499306
0.012499306
0.012499306
0.012499307
0.012499307
0.012499308
0.012499308
0.012499308
0.012499307
0.012499307
0.012499307
0.012499307
0.012499306
0.012499306
0.012499307
0.012499302
0.012499303
0.012499304
0.012499305
0.012499305
0.012499306
0.012499306
0.012499306
0.012499307
0.012499307
0.012499307
0.012499308
0.012499307
0.012499307
0.012499307
0.012499306
0.012499306
0.012499306
0.012499307
0.012499307
0.012499302
0.012499303
0.012499304
0.012499305
0.012499305
0.012499306
0.012499306
0.012499306
0.012499306
0.012499307
0.012499307
0.012499307
0.012499307
0.012499307
0.012499307
0.012499306
0.012499306
0.012499306
0.012499307
0.012499307
0.012499303
0.012499303
0.012499304
0.012499305
0.012499305
0.012499306
0.012499306
0.012499306
0.012499306
0.012499306
0.012499307
0.012499307
0.012499307
0.012499307
0.012499307
0.012499307
0.012499307
0.012499307
0.012499307
0.012499307
0.012499303
0.012499304
0.012499304
0.012499305
0.012499305
0.012499306
0.012499306
0.012499306
0.012499306
0.012499306
0.012499307
0.012499307
0.012499307
0.012499307
0.012499307
0.012499307
0.012499307
0.012499307
0.012499307
0.012499307
0.012499304
0.012499304
0.012499305
0.012499305
0.012499305
0.012499306
0.012499306
0.012499306
0.012499306
0.012499307
0.012499307
0.012499307
0.012499307
0.012499307
0.012499307
0.012499307
0.012499307
0.012499307
0.012499307
0.012499307
0.012499298
0.012499298
0.012499298
0.012499298
0.012499298
0.012499298
0.012499299
0.012499299
0.012499299
0.012499299
0.012499299
0.012499299
0.0124993
0.0124993
0.0124993
0.0124993
0.0124993
0.012499301
0.012499301
0.012499302
0.012499298
0.012499298
0.012499299
0.012499299
0.012499299
0.0124993
0.0124993
0.0124993
0.0124993
0.0124993
0.0124993
0.0124993
0.0124993
0.012499301
0.012499301
0.012499301
0.012499301
0.012499301
0.012499301
0.012499303
0.012499298
0.012499299
0.0124993
0.0124993
0.0124993
0.012499301
0.012499301
0.012499301
0.012499301
0.012499301
0.012499301
0.012499301
0.012499301
0.012499301
0.012499301
0.012499301
0.012499301
0.012499301
0.012499302
0.012499303
0.012499299
0.0124993
0.0124993
0.012499301
0.012499301
0.012499302
0.012499302
0.012499303
0.012499303
0.012499302
0.012499302
0.012499301
0.012499301
0.012499302
0.012499302
0.012499302
0.012499302
0.012499302
0.012499303
0.012499304
0.012499299
0.0124993
0.012499301
0.012499301
0.012499302
0.012499302
0.012499303
0.012499304
0.012499304
0.012499304
0.012499303
0.012499302
0.012499302
0.012499302
0.012499303
0.012499303
0.012499303
0.012499303
0.012499304
0.012499304
0.0124993
0.012499301
0.012499302
0.012499302
0.012499302
0.012499303
0.012499303
0.012499304
0.012499305
0.012499305
0.012499304
0.012499303
0.012499302
0.012499302
0.012499303
0.012499303
0.012499304
0.012499304
0.012499304
0.012499305
0.0124993
0.012499301
0.012499302
0.012499303
0.012499303
0.012499303
0.012499304
0.012499304
0.012499305
0.012499305
0.012499305
0.012499304
0.012499303
0.012499303
0.012499303
0.012499303
0.012499304
0.012499304
0.012499305
0.012499305
0.0124993
0.012499302
0.012499303
0.012499303
0.012499304
0.012499304
0.012499304
0.012499304
0.012499305
0.012499306
0.012499306
0.012499305
0.012499304
0.012499304
0.012499303
0.012499303
0.012499304
0.012499304
0.012499305
0.012499305
0.012499301
0.012499302
0.012499303
0.012499304
0.012499304
0.012499305
0.012499304
0.012499305
0.012499305
0.012499306
0.012499306
0.012499306
0.012499306
0.012499305
0.012499304
0.012499304
0.012499304
0.012499305
0.012499305
0.012499306
0.012499301
0.012499302
0.012499303
0.012499304
0.012499305
0.012499305
0.012499305
0.012499305
0.012499305
0.012499306
0.012499306
0.012499307
0.012499307
0.012499306
0.012499306
0.012499305
0.012499305
0.012499305
0.012499305
0.012499306
0.012499301
0.012499302
0.012499303
0.012499304
0.012499305
0.012499305
0.012499305
0.012499305
0.012499306
0.012499306
0.012499306
0.012499307
0.012499307
0.012499307
0.012499307
0.012499306
0.012499306
0.012499306
0.012499306
0.012499306
0.012499301
0.012499302
0.012499303
0.012499304
0.012499304
0.012499305
0.012499305
0.012499306
0.012499306
0.012499306
0.012499306
0.012499307
0.012499307
0.012499307
0.012499307
0.012499307
0.012499306
0.012499306
0.012499306
0.012499306
0.012499302
0.012499302
0.012499303
0.012499303
0.012499304
0.012499304
0.012499305
0.012499306
0.012499306
0.012499306
0.012499306
0.012499306
0.012499307
0.012499307
0.012499307
0.012499307
0.012499306
0.012499306
0.012499306
0.012499306
0.012499302
0.012499303
0.012499303
0.012499303
0.012499304
0.012499304
0.012499305
0.012499306
0.012499306
0.012499307
0.012499307
0.012499306
0.012499306
0.012499306
0.012499306
0.012499306
0.012499306
0.012499306
0.012499306
0.012499307
0.012499302
0.012499303
0.012499303
0.012499304
0.012499304
0.012499304
0.012499305
0.012499305
0.012499306
0.012499307
0.012499307
0.012499307
0.012499306
0.012499306
0.012499306
0.012499306
0.012499306
0.012499306
0.012499306
0.012499307
0.012499302
0.012499303
0.012499303
0.012499304
0.012499304
0.012499304
0.012499305
0.012499305
0.012499306
0.012499307
0.012499307
0.012499307
0.012499306
0.012499306
0.012499306
0.012499306
0.012499306
0.012499306
0.012499306
0.012499307
0.012499303
0.012499303
0.012499304
0.012499304
0.012499305
0.012499305
0.012499305
0.012499305
0.012499306
0.012499306
0.012499307
0.012499307
0.012499307
0.012499306
0.012499306
0.012499306
0.012499306
0.012499306
0.012499307
0.012499307
0.012499303
0.012499303
0.012499304
0.012499304
0.012499305
0.012499305
0.012499306
0.012499306
0.012499306
0.012499306
0.012499307
0.012499307
0.012499307
0.012499307
0.012499306
0.012499306
0.012499306
0.012499307
0.012499307
0.012499307
0.012499303
0.012499304
0.012499304
0.012499305
0.012499305
0.012499306
0.012499306
0.012499306
0.012499306
0.012499306
0.012499307
0.012499307
0.012499307
0.012499307
0.012499307
0.012499307
0.012499307
0.012499307
0.012499307
0.012499307
0.012499304
0.012499304
0.012499305
0.012499305
0.012499306
0.012499306
0.012499306
0.012499306
0.012499306
0.012499307
0.012499307
0.012499307
0.012499307
0.012499307
0.012499307
0.012499307
0.012499307
0.012499307
0.012499307
0.012499307
0.012499298
0.012499298
0.012499298
0.012499298
0.012499298
0.012499298
0.012499298
0.012499299
0.012499299
0.012499299
0.012499299
0.012499299
0.012499299
0.012499299
0.0124993
0.0124993
0.012499301
0.012499301
0.012499301
0.012499302
0.012499298
0.012499298
0.012499298
0.012499299
0.012499299
0.012499299
0.012499299
0.0124993
0.0124993
0.0124993
0.0124993
0.012499299
0.012499299
0.012499299
0.0124993
0.0124993
0.012499301
0.012499301
0.012499302
0.012499303
0.012499298
0.012499299
0.012499299
0.012499299
0.0124993
0.0124993
0.0124993
0.0124993
0.012499301
0.012499301
0.0124993
0.0124993
0.012499299
0.012499299
0.012499299
0.0124993
0.0124993
0.012499301
0.012499303
0.012499304
0.012499299
0.012499299
0.0124993
0.0124993
0.0124993
0.012499301
0.012499301
0.012499301
0.012499302
0.012499302
0.012499301
0.0124993
0.012499299
0.012499299
0.012499299
0.012499299
0.0124993
0.012499302
0.012499303
0.012499304
0.012499299
0.0124993
0.0124993
0.012499301
0.012499301
0.012499301
0.012499301
0.012499302
0.012499303
0.012499303
0.012499302
0.0124993
0.012499299
0.012499298
0.012499298
0.012499299
0.0124993
0.012499302
0.012499303
0.012499304
0.012499299
0.0124993
0.012499301
0.012499301
0.012499302
0.012499302
0.012499302
0.012499302
0.012499303
0.012499304
0.012499303
0.012499301
0.0124993
0.012499298
0.012499298
0.012499299
0.012499301
0.012499302
0.012499304
0.012499305
0.0124993
0.012499301
0.012499301
0.012499302
0.012499302
0.012499302
0.012499301
0.012499302
0.012499303
0.012499304
0.012499304
0.012499303
0.012499301
0.0124993
0.012499299
0.0124993
0.012499301
0.012499303
0.012499304
0.012499305
0.0124993
0.012499301
0.012499302
0.012499302
0.012499303
0.012499302
0.012499302
0.012499302
0.012499303
0.012499304
0.012499305
0.012499304
0.012499303
0.012499301
0.012499301
0.012499301
0.012499302
0.012499303
0.012499304
0.012499305
0.0124993
0.012499301
0.012499302
0.012499303
0.012499303
0.012499303
0.012499302
0.012499302
0.012499302
0.012499303
0.012499304
0.012499305
0.012499305
0.012499303
0.012499302
0.012499302
0.012499303
0.012499304
0.012499305
0.012499305
0.012499301
0.012499301
0.012499302
0.012499303
0.012499303
0.012499303
0.012499303
0.012499302
0.012499302
0.012499302
0.012499304
0.012499305
0.012499305
0.012499305
0.012499304
0.012499304
0.012499304
0.012499304
0.012499305
0.012499306
0.012499301
0.012499302
0.012499302
0.012499303
0.012499303
0.012499304
0.012499304
0.012499303
0.012499302
0.012499302
0.012499303
0.012499303
0.012499304
0.012499305
0.012499305
0.012499305
0.012499305
0.012499305
0.012499305
0.012499306
0.012499301
0.012499302
0.012499302
0.012499302
0.012499303
0.012499303
0.012499304
0.012499304
0.012499303
0.012499302
0.012499302
0.012499302
0.012499303
0.012499304
0.012499304
0.012499305
0.012499305
0.012499305
0.012499306
0.012499306
0.012499301
0.012499302
0.012499302
0.012499302
0.012499302
0.012499303
0.012499303
0.012499304
0.012499304
0.012499303
0.012499303
0.012499302
0.012499302
0.012499303
0.012499303
0.012499304
0.012499304
0.012499305
0.012499306
0.012499306
0.012499302
0.012499302
0.012499302
0.012499302
0.012499302
0.012499302
0.012499303
0.012499304
0.012499304
0.012499304
0.012499303
0.012499303
0.012499302
0.012499302
0.012499303
0.012499304
0.012499304
0.012499305
0.012499306
0.012499306
0.012499302
0.012499302
0.012499302
0.012499302
0.012499302
0.012499302
0.012499303
0.012499303
0.012499304
0.012499305
0.012499304
0.012499304
0.012499303
0.012499303
0.012499303
0.012499304
0.012499304
0.012499305
0.012499306
0.012499307
0.012499302
0.012499302
0.012499303
0.012499303
0.012499303
0.012499303
0.012499303
0.012499303
0.012499304
0.012499305
0.012499305
0.012499305
0.012499304
0.012499304
0.012499304
0.012499304
0.012499305
0.012499305
0.012499306
0.012499307
0.012499303
0.012499303
0.012499303
0.012499303
0.012499303
0.012499304
0.012499304
0.012499304
0.012499305
0.012499305
0.012499305
0.012499305
0.012499305
0.012499305
0.012499305
0.012499305
0.012499305
0.012499306
0.012499306
0.012499307
0.012499303
0.012499303
0.012499304
0.012499304
0.012499304
0.012499305
0.012499305
0.012499305
0.012499305
0.012499305
0.012499306
0.012499305
0.012499305
0.012499305
0.012499305
0.012499306
0.012499306
0.012499306
0.012499307
0.012499307
0.012499303
0.012499304
0.012499304
0.012499305
0.012499305
0.012499305
0.012499306
0.012499306
0.012499306
0.012499306
0.012499306
0.012499306
0.012499306
0.012499306
0.012499306
0.012499306
0.012499306
0.012499307
0.012499307
0.012499307
0.012499304
0.012499305
0.012499305
0.012499305
0.012499306
0.012499306
0.012499306
0.012499306
0.012499306
0.012499307
0.012499307
0.012499307
0.012499307
0.012499307
0.012499307
0.012499307
0.012499307
0.012499307
0.012499307
0.012499307
0.012499298
0.012499298
0.012499298
0.012499298
0.012499298
0.012499298
0.012499298
0.012499298
0.012499299
0.012499299
0.012499299
0.012499299
0.012499299
0.012499299
0.0124993
0.0124993
0.012499301
0.012499301
0.012499302
0.012499302
0.012499298
0.012499298
0.012499298
0.012499298
0.012499299
0.012499299
0.012499299
0.012499299
0.012499299
0.012499299
0.012499299
0.012499299
0.012499299
0.012499299
0.012499299
0.0124993
0.012499301
0.012499302
0.012499303
0.012499303
0.012499298
0.012499299
0.012499299
0.012499299
0.012499299
0.012499299
0.012499299
0.012499299
0.0124993
0.0124993
0.0124993
0.0124993
0.012499299
0.012499299
0.012499299
0.0124993
0.012499301
0.012499302
0.012499304
0.012499304
0.012499299
0.012499299
0.012499299
0.0124993
0.0124993
0.0124993
0.0124993
0.0124993
0.0124993
0.012499301
0.012499301
0.0124993
0.012499299
0.012499298
0.012499298
0.012499299
0.0124993
0.012499302
0.012499304
0.012499304
0.012499299
0.012499299
0.0124993
0.0124993
0.012499301
0.012499301
0.0124993
0.0124993
0.012499301
0.012499301
0.012499301
0.0124993
0.012499299
0.012499298
0.012499298
0.012499299
0.0124993
0.012499302
0.012499304
0.012499305
0.012499299
0.0124993
0.0124993
0.012499301
0.012499301
0.012499301
0.012499301
0.0124993
0.012499301
0.012499302
0.012499302
0.012499301
0.0124993
0.012499299
0.012499298
0.012499299
0.0124993
0.012499302
0.012499304
0.012499305
0.0124993
0.0124993
0.0124993
0.012499301
0.012499301
0.012499301
0.012499301
0.0124993
0.0124993
0.012499301
0.012499302
0.012499302
0.012499301
0.0124993
0.012499299
0.0124993
0.012499301
0.012499302
0.012499304
0.012499305
0.0124993
0.0124993
0.012499301
0.012499301
0.012499302
0.012499301
0.0124993
0.0124993
0.012499299
0.0124993
0.012499302
0.012499302
0.012499302
0.012499301
0.012499301
0.012499301
0.012499302
0.012499303
0.012499304
0.012499305
0.0124993
0.012499301
0.012499301
0.012499301
0.012499302
0.012499302
0.012499301
0.012499299
0.012499299
0.012499299
0.0124993
0.012499302
0.012499302
0.012499302
0.012499302
0.012499302
0.012499303
0.012499304
0.012499305
0.012499305
0.0124993
0.012499301
0.012499301
0.012499301
0.012499302
0.012499302
0.012499301
0.0124993
0.012499299
0.012499298
0.012499299
0.0124993
0.012499301
0.012499302
0.012499302
0.012499303
0.012499303
0.012499304
0.012499305
0.012499306
0.012499301
0.012499301
0.012499301
0.012499301
0.012499302
0.012499302
0.012499302
0.012499301
0.0124993
0.012499298
0.012499298
0.012499299
0.0124993
0.012499301
0.012499302
0.012499302
0.012499303
0.012499304
0.012499305
0.012499306
0.012499301
0.012499301
0.012499301
0.012499301
0.012499301
0.012499302
0.012499302
0.012499302
0.012499301
0.012499299
0.012499298
0.012499298
0.012499298
0.012499299
0.012499301
0.012499302
0.012499303
0.012499304
0.012499305
0.012499306
0.012499301
0.012499301
0.012499301
0.012499301
0.012499301
0.012499301
0.012499302
0.012499302
0.012499302
0.012499301
0.012499299
0.012499298
0.012499298
0.012499299
0.0124993
0.012499301
0.012499302
0.012499304
0.012499305
0.012499306
0.012499301
0.012499301
0.012499301
0.012499301
0.012499301
0.012499301
0.012499302
0.012499302
0.012499302
0.012499301
0.012499301
0.0124993
0.012499299
0.0124993
0.0124993
0.012499301
0.012499302
0.012499304
0.012499305
0.012499306
0.012499302
0.012499302
0.012499302
0.012499302
0.012499302
0.012499302
0.012499302
0.012499302
0.012499302
0.012499302
0.012499301
0.012499301
0.012499301
0.012499301
0.012499301
0.012499302
0.012499303
0.012499304
0.012499305
0.012499306
0.012499302
0.012499302
0.012499302
0.012499302
0.012499302
0.012499302
0.012499302
0.012499302
0.012499303
0.012499302
0.012499302
0.012499302
0.012499302
0.012499302
0.012499302
0.012499303
0.012499304
0.012499305
0.012499306
0.012499307
0.012499302
0.012499303
0.012499303
0.012499303
0.012499303
0.012499303
0.012499303
0.012499303
0.012499303
0.012499303
0.012499303
0.012499303
0.012499303
0.012499303
0.012499303
0.012499304
0.012499305
0.012499305
0.012499306
0.012499307
0.012499303
0.012499303
0.012499304
0.012499304
0.012499304
0.012499304
0.012499304
0.012499305
0.012499305
0.012499304
0.012499304
0.012499304
0.012499304
0.012499304
0.012499304
0.012499305
0.012499305
0.012499306
0.012499307
0.012499307
0.012499303
0.012499304
0.012499305
0.012499305
0.012499305
0.012499305
0.012499305
0.012499305
0.012499306
0.012499306
0.012499306
0.012499305
0.012499305
0.012499305
0.012499306
0.012499306
0.012499306
0.012499307
0.012499307
0.012499307
0.012499304
0.012499305
0.012499305
0.012499305
0.012499306
0.012499306
0.012499306
0.012499306
0.012499306
0.012499306
0.012499307
0.012499307
0.012499307
0.012499307
0.012499307
0.012499307
0.012499307
0.012499307
0.012499307
0.012499307
0.012499298
0.012499298
0.012499298
0.012499298
0.012499298
0.012499298
0.012499298
0.012499299
0.012499299
0.012499299
0.012499299
0.012499299
0.012499299
0.012499299
0.0124993
0.0124993
0.012499301
0.012499301
0.012499302
0.012499302
0.012499298
0.012499298
0.012499299
0.012499299
0.012499299
0.012499299
0.012499299
0.012499299
0.012499299
0.012499299
0.0124993
0.0124993
0.012499299
0.0124993
0.0124993
0.012499301
0.012499302
0.012499303
0.012499303
0.012499303
0.012499298
0.012499299
0.012499299
0.0124993
0.0124993
0.0124993
0.0124993
0.0124993
0.0124993
0.0124993
0.0124993
0.012499301
0.0124993
0.0124993
0.0124993
0.012499301
0.012499302
0.012499303
0.012499304
0.012499304
0.012499299
0.012499299
0.0124993
0.0124993
0.012499301
0.012499301
0.012499301
0.0124993
0.0124993
0.012499301
0.012499301
0.012499302
0.012499301
0.012499301
0.012499301
0.012499301
0.012499302
0.012499304
0.012499304
0.012499304
0.012499299
0.0124993
0.0124993
0.012499301
0.012499302
0.012499302
0.012499302
0.012499301
0.012499301
0.012499301
0.012499302
0.012499302
0.012499302
0.012499302
0.012499302
0.012499302
0.012499303
0.012499304
0.012499304
0.012499305
0.012499299
0.0124993
0.012499301
0.012499302
0.012499302
0.012499303
0.012499302
0.012499301
0.012499301
0.012499301
0.012499302
0.012499303
0.012499303
0.012499303
0.012499302
0.012499302
0.012499303
0.012499304
0.012499305
0.012499305
0.0124993
0.0124993
0.012499301
0.012499302
0.012499303
0.012499303
0.012499303
0.012499302
0.012499301
0.012499301
0.012499301
0.012499302
0.012499303
0.012499303
0.012499303
0.012499303
0.012499304
0.012499304
0.012499305
0.012499305
0.0124993
0.0124993
0.012499301
0.012499301
0.012499302
0.012499303
0.012499303
0.012499302
0.0124993
0.0124993
0.0124993
0.012499301
0.012499302
0.012499303
0.012499303
0.012499304
0.012499304
0.012499305
0.012499305
0.012499305
0.0124993
0.012499301
0.012499301
0.012499301
0.012499302
0.012499303
0.012499303
0.012499302
0.0124993
0.012499299
0.012499299
0.0124993
0.012499301
0.012499302
0.012499303
0.012499304
0.012499304
0.012499305
0.012499305
0.012499306
0.0124993
0.012499301
0.012499301
0.012499302
0.012499302
0.012499302
0.012499302
0.012499302
0.0124993
0.012499299
0.012499298
0.012499298
0.012499299
0.0124993
0.012499301
0.012499303
0.012499304
0.012499305
0.012499306
0.012499306
0.012499301
0.012499301
0.012499301
0.012499302
0.012499302
0.012499302
0.012499302
0.012499302
0.012499301
0.012499299
0.012499298
0.012499297
0.012499298
0.012499299
0.0124993
0.012499301
0.012499303
0.012499304
0.012499305
0.012499306
0.012499301
0.012499301
0.012499302
0.012499302
0.012499302
0.012499302
0.012499302
0.012499302
0.012499301
0.0124993
0.012499299
0.012499298
0.012499298
0.012499298
0.012499299
0.0124993
0.012499302
0.012499304
0.012499305
0.012499306
0.012499301
0.012499301
0.012499302
0.012499302
0.012499302
0.012499302
0.012499302
0.012499302
0.012499302
0.012499301
0.0124993
0.012499299
0.012499299
0.012499299
0.012499299
0.0124993
0.012499302
0.012499304
0.012499305
0.012499306
0.012499301
0.012499301
0.012499302
0.012499302
0.012499303
0.012499303
0.012499303
0.012499302
0.012499302
0.012499301
0.0124993
0.0124993
0.0124993
0.0124993
0.012499301
0.012499301
0.012499303
0.012499304
0.012499305
0.012499307
0.012499302
0.012499302
0.012499302
0.012499303
0.012499303
0.012499303
0.012499303
0.012499303
0.012499302
0.012499301
0.012499301
0.012499301
0.012499301
0.012499301
0.012499302
0.012499302
0.012499303
0.012499305
0.012499306
0.012499307
0.012499302
0.012499302
0.012499303
0.012499303
0.012499303
0.012499304
0.012499304
0.012499304
0.012499303
0.012499302
0.012499301
0.012499301
0.012499301
0.012499302
0.012499303
0.012499303
0.012499304
0.012499305
0.012499306
0.012499307
0.012499302
0.012499303
0.012499303
0.012499304
0.012499304
0.012499304
0.012499305
0.012499305
0.012499304
0.012499303
0.012499303
0.012499302
0.012499302
0.012499303
0.012499303
0.012499304
0.012499305
0.012499306
0.012499307
0.012499307
0.012499303
0.012499304
0.012499304
0.012499305
0.012499305
0.012499305
0.012499305
0.012499305
0.012499305
0.012499305
0.012499304
0.012499304
0.012499304
0.012499304
0.012499305
0.012499305
0.012499306
0.012499306
0.012499307
0.012499307
0.012499303
0.012499304
0.012499305
0.012499305
0.012499305
0.012499306
0.012499306
0.012499306
0.012499306
0.012499306
0.012499306
0.012499305
0.012499305
0.012499306
0.012499306
0.012499306
0.012499307
0.012499307
0.012499307
0.012499307
0.012499304
0.012499305
0.012499305
0.012499305
0.012499306
0.012499306
0.012499306
0.012499306
0.012499306
0.012499306
0.012499307
0.012499307
0.012499307
0.012499307
0.012499307
0.012499307
0.012499307
0.012499307
0.012499307
0.012499307
0.012499298
0.012499298
0.012499298
0.012499298
0.012499298
0.012499298
0.012499299
0.012499299
0.012499299
0.012499299
0.012499299
0.012499299
0.012499299
0.0124993
0.0124993
0.0124993
0.012499301
0.012499301
0.012499302
0.012499302
0.012499298
0.012499299
0.012499299
0.012499299
0.0124993
0.0124993
0.0124993
0.0124993
0.0124993
0.0124993
0.0124993
0.0124993
0.0124993
0.012499301
0.012499301
0.012499301
0.012499302
0.012499302
0.012499303
0.012499303
0.012499299
0.012499299
0.0124993
0.0124993
0.012499301
0.012499301
0.012499301
0.012499301
0.012499301
0.012499301
0.012499301
0.012499302
0.012499302
0.012499302
0.012499302
0.012499303
0.012499303
0.012499304
0.012499304
0.012499304
0.012499299
0.0124993
0.012499301
0.012499301
0.012499302
0.012499303
0.012499303
0.012499302
0.012499302
0.012499302
0.012499302
0.012499303
0.012499304
0.012499304
0.012499304
0.012499304
0.012499305
0.012499305
0.012499305
0.012499304
0.012499299
0.0124993
0.012499301
0.012499302
0.012499303
0.012499304
0.012499304
0.012499304
0.012499303
0.012499302
0.012499303
0.012499304
0.012499305
0.012499305
0.012499306
0.012499306
0.012499306
0.012499306
0.012499305
0.012499305
0.0124993
0.012499301
0.012499302
0.012499303
0.012499304
0.012499305
0.012499306
0.012499305
0.012499304
0.012499303
0.012499303
0.012499304
0.012499305
0.012499306
0.012499307
0.012499307
0.012499306
0.012499306
0.012499306
0.012499305
0.0124993
0.012499301
0.012499302
0.012499303
0.012499305
0.012499306
0.012499307
0.012499306
0.012499305
0.012499303
0.012499302
0.012499303
0.012499304
0.012499306
0.012499307
0.012499307
0.012499307
0.012499307
0.012499306
0.012499306
0.0124993
0.012499301
0.012499302
0.012499303
0.012499304
0.012499306
0.012499307
0.012499307
0.012499305
0.012499303
0.012499302
0.012499302
0.012499303
0.012499304
0.012499306
0.012499306
0.012499307
0.012499307
0.012499306
0.012499306
0.0124993
0.012499301
0.012499302
0.012499303
0.012499304
0.012499305
0.012499307
0.012499307
0.012499306
0.012499304
0.012499302
0.012499301
0.012499301
0.012499302
0.012499304
0.012499305
0.012499306
0.012499307
0.012499307
0.012499306
0.012499301
0.012499302
0.012499303
0.012499303
0.012499304
0.012499305
0.012499306
0.012499306
0.012499306
0.012499304
0.012499302
0.012499301
0.0124993
0.0124993
0.012499302
0.012499303
0.012499305
0.012499306
0.012499306
0.012499306
0.012499301
0.012499302
0.012499303
0.012499304
0.012499304
0.012499305
0.012499305
0.012499305
0.012499305
0.012499304
0.012499303
0.012499301
0.0124993
0.0124993
0.012499301
0.012499302
0.012499304
0.012499305
0.012499306
0.012499307
0.012499301
0.012499302
0.012499303
0.012499304
0.012499305
0.012499305
0.012499305
0.012499304
0.012499304
0.012499304
0.012499303
0.012499302
0.012499301
0.012499301
0.012499301
0.012499302
0.012499303
0.012499305
0.012499306
0.012499307
0.012499301
0.012499302
0.012499303
0.012499304
0.012499305
0.012499305
0.012499305
0.012499304
0.012499304
0.012499303
0.012499303
0.012499303
0.012499302
0.012499302
0.012499302
0.012499302
0.012499304
0.012499305
0.012499306
0.012499307
0.012499301
0.012499302
0.012499303
0.012499305
0.012499306
0.012499306
0.012499305
0.012499304
0.012499303
0.012499303
0.012499302
0.012499302
0.012499303
0.012499303
0.012499303
0.012499303
0.012499304
0.012499306
0.012499307
0.012499307
0.012499302
0.012499302
0.012499303
0.012499305
0.012499306
0.012499306
0.012499306
0.012499305
0.012499304
0.012499303
0.012499302
0.012499302
0.012499303
0.012499303
0.012499304
0.012499304
0.012499305
0.012499306
0.012499307
0.012499307
0.012499302
0.012499303
0.012499304
0.012499305
0.012499306
0.012499307
0.012499307
0.012499306
0.012499305
0.012499304
0.012499303
0.012499303
0.012499303
0.012499303
0.012499304
0.012499305
0.012499306
0.012499307
0.012499307
0.012499307
0.012499302
0.012499303
0.012499304
0.012499305
0.012499306
0.012499307
0.012499307
0.012499307
0.012499306
0.012499305
0.012499304
0.012499304
0.012499304
0.012499304
0.012499305
0.012499306
0.012499306
0.012499307
0.012499307
0.012499307
0.012499303
0.012499304
0.012499305
0.012499306
0.012499306
0.012499307
0.012499307
0.012499307
0.012499307
0.012499306
0.012499306
0.012499305
0.012499305
0.012499305
0.012499306
0.012499306
0.012499307
0.012499307
0.012499308
0.012499307
0.012499303
0.012499304
0.012499305
0.012499306
0.012499306
0.012499307
0.012499307
0.012499307
0.012499307
0.012499307
0.012499307
0.012499306
0.012499306
0.012499306
0.012499307
0.012499307
0.012499307
0.012499308
0.012499308
0.012499308
0.012499304
0.012499305
0.012499305
0.012499305
0.012499306
0.012499306
0.012499306
0.012499307
0.012499307
0.012499307
0.012499307
0.012499307
0.012499307
0.012499307
0.012499307
0.012499307
0.012499307
0.012499308
0.012499308
0.012499307
0.012499298
0.012499298
0.012499298
0.012499298
0.012499298
0.012499298
0.012499299
0.012499299
0.012499299
0.012499299
0.012499299
0.012499299
0.012499299
0.0124993
0.0124993
0.0124993
0.0124993
0.012499301
0.012499301
0.012499302
0.012499298
0.012499298
0.012499299
0.012499299
0.0124993
0.0124993
0.0124993
0.0124993
0.0124993
0.0124993
0.0124993
0.0124993
0.0124993
0.012499301
0.012499301
0.012499301
0.012499301
0.012499302
0.012499302
0.012499303
0.012499298
0.012499299
0.0124993
0.0124993
0.012499301
0.012499302
0.012499302
0.012499302
0.012499301
0.012499301
0.012499301
0.012499301
0.012499302
0.012499302
0.012499303
0.012499303
0.012499303
0.012499303
0.012499303
0.012499303
0.012499299
0.0124993
0.012499301
0.012499301
0.012499302
0.012499303
0.012499304
0.012499304
0.012499303
0.012499302
0.012499302
0.012499303
0.012499303
0.012499304
0.012499304
0.012499305
0.012499305
0.012499305
0.012499304
0.012499304
0.012499299
0.0124993
0.012499301
0.012499303
0.012499304
0.012499305
0.012499306
0.012499305
0.012499305
0.012499304
0.012499303
0.012499304
0.012499305
0.012499306
0.012499306
0.012499306
0.012499306
0.012499306
0.012499305
0.012499305
0.0124993
0.012499301
0.012499302
0.012499304
0.012499305
0.012499307
0.012499308
0.012499307
0.012499306
0.012499305
0.012499303
0.012499304
0.012499305
0.012499306
0.012499307
0.012499307
0.012499307
0.012499307
0.012499306
0.012499305
0.0124993
0.012499301
0.012499303
0.012499304
0.012499306
0.012499307
0.012499309
0.012499309
0.012499308
0.012499306
0.012499304
0.012499303
0.012499304
0.012499305
0.012499307
0.012499307
0.012499307
0.012499307
0.012499307
0.012499306
0.0124993
0.012499301
0.012499303
0.012499304
0.012499306
0.012499308
0.01249931
0.012499311
0.01249931
0.012499308
0.012499305
0.012499303
0.012499303
0.012499304
0.012499305
0.012499306
0.012499307
0.012499307
0.012499307
0.012499306
0.0124993
0.012499302
0.012499303
0.012499305
0.012499306
0.012499307
0.012499309
0.01249931
0.012499311
0.012499309
0.012499306
0.012499303
0.012499302
0.012499302
0.012499303
0.012499305
0.012499306
0.012499307
0.012499307
0.012499307
0.012499301
0.012499302
0.012499303
0.012499305
0.012499306
0.012499307
0.012499308
0.012499309
0.01249931
0.012499309
0.012499307
0.012499305
0.012499302
0.012499302
0.012499302
0.012499304
0.012499305
0.012499306
0.012499307
0.012499307
0.012499301
0.012499302
0.012499304
0.012499305
0.012499306
0.012499306
0.012499307
0.012499307
0.012499308
0.012499309
0.012499308
0.012499306
0.012499304
0.012499302
0.012499302
0.012499303
0.012499305
0.012499306
0.012499307
0.012499307
0.012499301
0.012499302
0.012499304
0.012499306
0.012499307
0.012499307
0.012499306
0.012499306
0.012499306
0.012499307
0.012499307
0.012499306
0.012499305
0.012499303
0.012499303
0.012499304
0.012499305
0.012499306
0.012499307
0.012499307
0.012499301
0.012499302
0.012499304
0.012499306
0.012499307
0.012499308
0.012499307
0.012499306
0.012499305
0.012499305
0.012499305
0.012499305
0.012499305
0.012499304
0.012499304
0.012499304
0.012499306
0.012499307
0.012499307
0.012499307
0.012499302
0.012499302
0.012499304
0.012499306
0.012499307
0.012499308
0.012499308
0.012499307
0.012499305
0.012499304
0.012499304
0.012499304
0.012499304
0.012499305
0.012499305
0.012499305
0.012499306
0.012499307
0.012499307
0.012499307
0.012499302
0.012499303
0.012499304
0.012499306
0.012499307
0.012499309
0.012499309
0.012499308
0.012499306
0.012499305
0.012499304
0.012499304
0.012499304
0.012499304
0.012499305
0.012499306
0.012499307
0.012499307
0.012499308
0.012499307
0.012499302
0.012499303
0.012499305
0.012499306
0.012499307
0.012499308
0.012499309
0.012499309
0.012499307
0.012499306
0.012499305
0.012499304
0.012499304
0.012499305
0.012499305
0.012499306
0.012499307
0.012499308
0.012499308
0.012499308
0.012499302
0.012499304
0.012499305
0.012499306
0.012499307
0.012499308
0.012499309
0.012499309
0.012499308
0.012499307
0.012499306
0.012499306
0.012499306
0.012499306
0.012499306
0.012499307
0.012499307
0.012499308
0.012499308
0.012499308
0.012499303
0.012499304
0.012499305
0.012499306
0.012499307
0.012499308
0.012499308
0.012499308
0.012499308
0.012499308
0.012499307
0.012499307
0.012499307
0.012499307
0.012499307
0.012499307
0.012499308
0.012499308
0.012499308
0.012499308
0.012499303
0.012499304
0.012499305
0.012499306
0.012499307
0.012499307
0.012499308
0.012499308
0.012499308
0.012499308
0.012499307
0.012499307
0.012499307
0.012499307
0.012499308
0.012499308
0.012499308
0.012499308
0.012499308
0.012499308
0.012499304
0.012499304
0.012499305
0.012499306
0.012499306
0.012499306
0.012499307
0.012499307
0.012499307
0.012499307
0.012499307
0.012499307
0.012499307
0.012499307
0.012499307
0.012499308
0.012499308
0.012499308
0.012499308
0.012499308
0.012499298
0.012499298
0.012499298
0.012499298
0.012499298
0.012499298
0.012499298
0.012499298
0.012499298
0.012499299
0.012499299
0.012499299
0.012499299
0.0124993
0.0124993
0.0124993
0.0124993
0.012499301
0.012499301
0.012499302
0.012499298
0.012499298
0.012499298
0.012499299
0.012499299
0.012499299
0.0124993
0.0124993
0.012499299
0.012499299
0.012499299
0.012499299
0.0124993
0.0124993
0.0124993
0.012499301
0.012499301
0.012499301
0.012499302
0.012499303
0.012499298
0.012499298
0.012499299
0.012499299
0.0124993
0.012499301
0.012499301
0.012499301
0.012499301
0.012499301
0.0124993
0.0124993
0.0124993
0.012499301
0.012499301
0.012499302
0.012499302
0.012499302
0.012499303
0.012499303
0.012499299
0.012499299
0.0124993
0.0124993
0.012499301
0.012499302
0.012499303
0.012499303
0.012499303
0.012499302
0.012499301
0.012499301
0.012499301
0.012499302
0.012499302
0.012499303
0.012499303
0.012499304
0.012499304
0.012499304
0.012499299
0.012499299
0.0124993
0.012499302
0.012499303
0.012499304
0.012499305
0.012499305
0.012499305
0.012499304
0.012499302
0.012499302
0.012499302
0.012499303
0.012499303
0.012499304
0.012499305
0.012499305
0.012499305
0.012499305
0.012499299
0.0124993
0.012499301
0.012499303
0.012499304
0.012499305
0.012499307
0.012499307
0.012499307
0.012499305
0.012499303
0.012499302
0.012499302
0.012499303
0.012499304
0.012499305
0.012499305
0.012499306
0.012499306
0.012499305
0.0124993
0.0124993
0.012499302
0.012499304
0.012499305
0.012499306
0.012499308
0.012499309
0.012499308
0.012499307
0.012499304
0.012499302
0.012499302
0.012499302
0.012499303
0.012499305
0.012499306
0.012499306
0.012499306
0.012499306
0.0124993
0.012499301
0.012499302
0.012499304
0.012499306
0.012499307
0.012499309
0.01249931
0.01249931
0.012499308
0.012499306
0.012499303
0.012499302
0.012499302
0.012499303
0.012499304
0.012499305
0.012499306
0.012499307
0.012499306
0.0124993
0.012499301
0.012499303
0.012499304
0.012499306
0.012499307
0.012499308
0.01249931
0.01249931
0.01249931
0.012499307
0.012499304
0.012499302
0.012499301
0.012499302
0.012499303
0.012499305
0.012499306
0.012499307
0.012499306
0.0124993
0.012499301
0.012499303
0.012499305
0.012499306
0.012499307
0.012499307
0.012499308
0.012499309
0.01249931
0.012499308
0.012499306
0.012499303
0.012499302
0.012499302
0.012499303
0.012499305
0.012499306
0.012499307
0.012499307
0.012499301
0.012499301
0.012499303
0.012499305
0.012499306
0.012499307
0.012499307
0.012499307
0.012499307
0.012499308
0.012499308
0.012499306
0.012499304
0.012499303
0.012499303
0.012499304
0.012499305
0.012499306
0.012499307
0.012499307
0.012499301
0.012499301
0.012499303
0.012499305
0.012499306
0.012499307
0.012499307
0.012499306
0.012499306
0.012499306
0.012499306
0.012499306
0.012499305
0.012499304
0.012499304
0.012499304
0.012499306
0.012499307
0.012499307
0.012499307
0.012499301
0.012499302
0.012499303
0.012499305
0.012499307
0.012499308
0.012499307
0.012499306
0.012499305
0.012499304
0.012499304
0.012499304
0.012499304
0.012499304
0.012499304
0.012499305
0.012499306
0.012499307
0.012499307
0.012499307
0.012499301
0.012499302
0.012499304
0.012499305
0.012499307
0.012499308
0.012499308
0.012499307
0.012499305
0.012499304
0.012499303
0.012499303
0.012499303
0.012499304
0.012499304
0.012499305
0.012499306
0.012499307
0.012499308
0.012499307
0.012499302
0.012499303
0.012499304
0.012499306
0.012499307
0.012499309
0.012499309
0.012499308
0.012499306
0.012499305
0.012499304
0.012499303
0.012499303
0.012499304
0.012499305
0.012499306
0.012499307
0.012499308
0.012499308
0.012499307
0.012499302
0.012499303
0.012499304
0.012499306
0.012499307
0.012499308
0.012499309
0.012499308
0.012499307
0.012499306
0.012499305
0.012499305
0.012499305
0.012499305
0.012499305
0.012499306
0.012499307
0.012499308
0.012499308
0.012499308
0.012499302
0.012499303
0.012499304
0.012499306
0.012499307
0.012499308
0.012499309
0.012499309
0.012499308
0.012499307
0.012499307
0.012499306
0.012499306
0.012499306
0.012499307
0.012499307
0.012499308
0.012499308
0.012499308
0.012499308
0.012499303
0.012499303
0.012499305
0.012499306
0.012499307
0.012499308
0.012499308
0.012499308
0.012499308
0.012499308
0.012499307
0.012499307
0.012499307
0.012499307
0.012499307
0.012499308
0.012499308
0.012499308
0.012499308
0.012499308
0.012499303
0.012499304
0.012499305
0.012499306
0.012499307
0.012499307
0.012499308
0.012499308
0.012499308
0.012499308
0.012499307
0.012499307
0.012499307
0.012499308
0.012499308
0.012499308
0.012499308
0.012499308
0.012499308
0.012499308
0.012499304
0.012499304
0.012499305
0.012499305
0.012499306
0.012499306
0.012499307
0.012499307
0.012499307
0.012499307
0.012499307
0.012499307
0.012499307
0.012499307
0.012499307
0.012499308
0.012499308
0.012499308
0.012499308
0.012499308
0.012499297
0.012499297
0.012499298
0.012499298
0.012499298
0.012499298
0.012499298
0.012499298
0.012499298
0.012499299
0.012499299
0.012499299
0.012499299
0.0124993
0.0124993
0.0124993
0.0124993
0.012499301
0.012499301
0.012499302
0.012499298
0.012499298
0.012499298
0.012499298
0.012499298
0.012499299
0.012499299
0.012499299
0.012499299
0.012499299
0.012499299
0.012499299
0.012499299
0.0124993
0.0124993
0.0124993
0.012499301
0.012499301
0.012499302
0.012499303
0.012499298
0.012499298
0.012499298
0.012499299
0.012499299
0.0124993
0.012499301
0.012499301
0.012499301
0.0124993
0.0124993
0.012499299
0.012499299
0.0124993
0.0124993
0.012499301
0.012499301
0.012499302
0.012499303
0.012499303
0.012499298
0.012499299
0.012499299
0.0124993
0.012499301
0.012499301
0.012499302
0.012499303
0.012499303
0.012499302
0.012499301
0.0124993
0.0124993
0.0124993
0.012499301
0.012499302
0.012499302
0.012499303
0.012499304
0.012499304
0.012499299
0.012499299
0.0124993
0.012499301
0.012499302
0.012499303
0.012499304
0.012499305
0.012499305
0.012499304
0.012499303
0.012499301
0.0124993
0.0124993
0.012499301
0.012499302
0.012499303
0.012499304
0.012499305
0.012499305
0.012499299
0.012499299
0.0124993
0.012499302
0.012499303
0.012499304
0.012499305
0.012499306
0.012499306
0.012499306
0.012499304
0.012499302
0.012499301
0.012499301
0.012499301
0.012499302
0.012499304
0.012499305
0.012499305
0.012499305
0.012499299
0.0124993
0.012499301
0.012499303
0.012499304
0.012499305
0.012499306
0.012499307
0.012499307
0.012499307
0.012499305
0.012499303
0.012499302
0.012499301
0.012499302
0.012499303
0.012499304
0.012499305
0.012499306
0.012499306
0.0124993
0.0124993
0.012499302
0.012499304
0.012499305
0.012499306
0.012499307
0.012499308
0.012499308
0.012499307
0.012499306
0.012499304
0.012499302
0.012499302
0.012499302
0.012499303
0.012499304
0.012499305
0.012499306
0.012499306
0.0124993
0.0124993
0.012499302
0.012499304
0.012499306
0.012499307
0.012499307
0.012499308
0.012499308
0.012499308
0.012499306
0.012499305
0.012499303
0.012499302
0.012499302
0.012499303
0.012499304
0.012499306
0.012499306
0.012499306
0.0124993
0.0124993
0.012499302
0.012499304
0.012499306
0.012499307
0.012499307
0.012499307
0.012499307
0.012499307
0.012499306
0.012499305
0.012499303
0.012499303
0.012499303
0.012499304
0.012499305
0.012499306
0.012499307
0.012499306
0.0124993
0.012499301
0.012499302
0.012499304
0.012499306
0.012499307
0.012499307
0.012499307
0.012499306
0.012499306
0.012499305
0.012499304
0.012499303
0.012499303
0.012499303
0.012499304
0.012499305
0.012499306
0.012499307
0.012499307
0.012499301
0.012499301
0.012499302
0.012499304
0.012499305
0.012499307
0.012499307
0.012499306
0.012499305
0.012499304
0.012499304
0.012499303
0.012499303
0.012499303
0.012499303
0.012499305
0.012499306
0.012499307
0.012499307
0.012499307
0.012499301
0.012499301
0.012499302
0.012499304
0.012499306
0.012499307
0.012499307
0.012499307
0.012499305
0.012499304
0.012499303
0.012499302
0.012499302
0.012499302
0.012499303
0.012499305
0.012499306
0.012499307
0.012499307
0.012499307
0.012499301
0.012499302
0.012499303
0.012499304
0.012499306
0.012499307
0.012499308
0.012499307
0.012499306
0.012499304
0.012499303
0.012499302
0.012499302
0.012499302
0.012499303
0.012499305
0.012499306
0.012499307
0.012499308
0.012499307
0.012499302
0.012499302
0.012499303
0.012499305
0.012499306
0.012499307
0.012499308
0.012499307
0.012499306
0.012499305
0.012499304
0.012499304
0.012499303
0.012499303
0.012499304
0.012499305
0.012499306
0.012499307
0.012499308
0.012499307
0.012499302
0.012499302
0.012499304
0.012499305
0.012499307
0.012499307
0.012499308
0.012499307
0.012499307
0.012499306
0.012499306
0.012499305
0.012499305
0.012499305
0.012499305
0.012499306
0.012499307
0.012499308
0.012499308
0.012499307
0.012499302
0.012499303
0.012499304
0.012499305
0.012499307
0.012499308
0.012499308
0.012499307
0.012499307
0.012499306
0.012499306
0.012499306
0.012499306
0.012499306
0.012499306
0.012499307
0.012499307
0.012499308
0.012499308
0.012499308
0.012499302
0.012499303
0.012499304
0.012499305
0.012499306
0.012499307
0.012499308
0.012499307
0.012499307
0.012499307
0.012499307
0.012499307
0.012499307
0.012499307
0.012499307
0.012499308
0.012499308
0.012499308
0.012499308
0.012499308
0.012499303
0.012499303
0.012499304
0.012499305
0.012499306
0.012499307
0.012499307
0.012499307
0.012499307
0.012499307
0.012499307
0.012499307
0.012499307
0.012499307
0.012499308
0.012499308
0.012499308
0.012499308
0.012499308
0.012499308
0.012499304
0.012499304
0.012499304
0.012499305
0.012499306
0.012499306
0.012499307
0.012499307
0.012499307
0.012499307
0.012499307
0.012499307
0.012499307
0.012499307
0.012499307
0.012499308
0.012499308
0.012499308
0.012499308
0.012499307
0.012499298
0.012499298
0.012499298
0.012499298
0.012499298
0.012499298
0.012499298
0.012499299
0.012499299
0.012499299
0.012499299
0.012499299
0.012499299
0.0124993
0.0124993
0.0124993
0.012499301
0.012499301
0.012499302
0.012499302
0.012499298
0.012499298
0.012499298
0.012499298
0.012499299
0.012499299
0.012499299
0.0124993
0.0124993
0.0124993
0.0124993
0.0124993
0.0124993
0.0124993
0.0124993
0.012499301
0.012499301
0.012499302
0.012499303
0.012499303
0.012499298
0.012499298
0.012499299
0.012499299
0.0124993
0.0124993
0.012499301
0.012499302
0.012499302
0.012499301
0.012499301
0.0124993
0.0124993
0.0124993
0.012499301
0.012499301
0.012499302
0.012499303
0.012499303
0.012499304
0.012499298
0.012499299
0.012499299
0.0124993
0.012499301
0.012499302
0.012499303
0.012499304
0.012499304
0.012499304
0.012499303
0.012499302
0.012499301
0.012499301
0.012499301
0.012499302
0.012499303
0.012499304
0.012499304
0.012499304
0.012499299
0.012499299
0.0124993
0.012499301
0.012499302
0.012499303
0.012499304
0.012499305
0.012499306
0.012499306
0.012499305
0.012499303
0.012499302
0.012499301
0.012499302
0.012499302
0.012499303
0.012499304
0.012499305
0.012499305
0.012499299
0.0124993
0.012499301
0.012499302
0.012499304
0.012499305
0.012499306
0.012499307
0.012499307
0.012499308
0.012499307
0.012499305
0.012499303
0.012499302
0.012499302
0.012499303
0.012499304
0.012499305
0.012499306
0.012499305
0.012499299
0.0124993
0.012499301
0.012499303
0.012499305
0.012499306
0.012499307
0.012499308
0.012499308
0.012499308
0.012499308
0.012499307
0.012499305
0.012499303
0.012499303
0.012499303
0.012499304
0.012499306
0.012499306
0.012499306
0.0124993
0.0124993
0.012499302
0.012499304
0.012499307
0.012499308
0.012499308
0.012499308
0.012499308
0.012499308
0.012499308
0.012499307
0.012499306
0.012499305
0.012499304
0.012499304
0.012499305
0.012499306
0.012499307
0.012499306
0.0124993
0.012499301
0.012499302
0.012499305
0.012499307
0.012499309
0.01249931
0.012499309
0.012499308
0.012499308
0.012499307
0.012499307
0.012499306
0.012499306
0.012499305
0.012499305
0.012499306
0.012499306
0.012499307
0.012499306
0.0124993
0.012499301
0.012499302
0.012499305
0.012499308
0.01249931
0.01249931
0.01249931
0.012499308
0.012499307
0.012499306
0.012499306
0.012499305
0.012499306
0.012499306
0.012499306
0.012499306
0.012499307
0.012499307
0.012499307
0.0124993
0.012499301
0.012499302
0.012499304
0.012499307
0.012499309
0.012499311
0.01249931
0.012499309
0.012499307
0.012499305
0.012499304
0.012499304
0.012499305
0.012499306
0.012499306
0.012499307
0.012499307
0.012499307
0.012499307
0.012499301
0.012499301
0.012499302
0.012499304
0.012499306
0.012499308
0.01249931
0.01249931
0.012499309
0.012499307
0.012499305
0.012499303
0.012499303
0.012499304
0.012499305
0.012499306
0.012499307
0.012499308
0.012499308
0.012499307
0.012499301
0.012499301
0.012499302
0.012499304
0.012499305
0.012499307
0.012499309
0.012499309
0.012499309
0.012499307
0.012499305
0.012499304
0.012499303
0.012499303
0.012499304
0.012499306
0.012499307
0.012499308
0.012499308
0.012499307
0.012499301
0.012499302
0.012499303
0.012499304
0.012499305
0.012499307
0.012499308
0.012499309
0.012499309
0.012499308
0.012499306
0.012499305
0.012499304
0.012499304
0.012499305
0.012499306
0.012499307
0.012499308
0.012499308
0.012499307
0.012499302
0.012499302
0.012499303
0.012499304
0.012499306
0.012499307
0.012499307
0.012499308
0.012499308
0.012499308
0.012499307
0.012499306
0.012499305
0.012499305
0.012499305
0.012499306
0.012499307
0.012499308
0.012499308
0.012499307
0.012499302
0.012499302
0.012499303
0.012499305
0.012499306
0.012499307
0.012499307
0.012499307
0.012499307
0.012499307
0.012499307
0.012499307
0.012499307
0.012499306
0.012499306
0.012499307
0.012499308
0.012499308
0.012499308
0.012499308
0.012499302
0.012499303
0.012499303
0.012499305
0.012499306
0.012499307
0.012499307
0.012499307
0.012499307
0.012499307
0.012499307
0.012499307
0.012499307
0.012499307
0.012499307
0.012499308
0.012499308
0.012499308
0.012499308
0.012499308
0.012499302
0.012499303
0.012499304
0.012499305
0.012499306
0.012499307
0.012499307
0.012499307
0.012499307
0.012499307
0.012499307
0.012499307
0.012499307
0.012499308
0.012499308
0.012499308
0.012499308
0.012499308
0.012499308
0.012499308
0.012499303
0.012499303
0.012499304
0.012499305
0.012499306
0.012499307
0.012499307
0.012499307
0.012499307
0.012499307
0.012499307
0.012499307
0.012499308
0.012499308
0.012499308
0.012499308
0.012499308
0.012499308
0.012499308
0.012499308
0.012499304
0.012499304
0.012499305
0.012499305
0.012499306
0.012499306
0.012499307
0.012499307
0.012499307
0.012499307
0.012499307
0.012499307
0.012499307
0.012499307
0.012499307
0.012499308
0.012499308
0.012499308
0.012499308
0.012499307
0.012499298
0.012499298
0.012499298
0.012499298
0.012499298
0.012499298
0.012499299
0.012499299
0.012499299
0.012499299
0.012499299
0.012499299
0.0124993
0.0124993
0.0124993
0.012499301
0.012499301
0.012499301
0.012499302
0.012499302
0.012499298
0.012499298
0.012499298
0.012499299
0.012499299
0.012499299
0.0124993
0.0124993
0.012499301
0.012499301
0.012499301
0.012499301
0.012499301
0.012499301
0.012499301
0.012499302
0.012499302
0.012499303
0.012499303
0.012499303
0.012499298
0.012499299
0.012499299
0.0124993
0.0124993
0.012499301
0.012499302
0.012499302
0.012499303
0.012499303
0.012499303
0.012499302
0.012499302
0.012499302
0.012499302
0.012499302
0.012499303
0.012499303
0.012499304
0.012499304
0.012499299
0.012499299
0.0124993
0.012499301
0.012499302
0.012499303
0.012499304
0.012499304
0.012499305
0.012499305
0.012499305
0.012499304
0.012499303
0.012499302
0.012499302
0.012499303
0.012499303
0.012499304
0.012499305
0.012499304
0.012499299
0.012499299
0.0124993
0.012499302
0.012499303
0.012499304
0.012499306
0.012499307
0.012499307
0.012499308
0.012499307
0.012499306
0.012499304
0.012499303
0.012499303
0.012499304
0.012499304
0.012499305
0.012499305
0.012499305
0.012499299
0.0124993
0.012499301
0.012499303
0.012499305
0.012499306
0.012499307
0.012499308
0.012499309
0.01249931
0.01249931
0.012499308
0.012499306
0.012499305
0.012499304
0.012499304
0.012499305
0.012499306
0.012499306
0.012499305
0.0124993
0.0124993
0.012499302
0.012499304
0.012499306
0.012499308
0.012499309
0.01249931
0.01249931
0.012499311
0.012499311
0.01249931
0.012499309
0.012499307
0.012499305
0.012499305
0.012499306
0.012499306
0.012499306
0.012499306
0.0124993
0.012499301
0.012499303
0.012499305
0.012499308
0.01249931
0.012499311
0.012499311
0.012499311
0.012499311
0.012499311
0.012499311
0.01249931
0.012499308
0.012499307
0.012499307
0.012499307
0.012499307
0.012499307
0.012499306
0.0124993
0.012499301
0.012499303
0.012499306
0.012499309
0.012499312
0.012499313
0.012499312
0.012499311
0.01249931
0.01249931
0.01249931
0.01249931
0.012499309
0.012499308
0.012499308
0.012499308
0.012499308
0.012499308
0.012499306
0.012499301
0.012499302
0.012499304
0.012499306
0.01249931
0.012499313
0.012499314
0.012499314
0.012499312
0.01249931
0.012499309
0.012499309
0.012499309
0.012499309
0.012499309
0.012499309
0.012499309
0.012499308
0.012499308
0.012499307
0.012499301
0.012499302
0.012499304
0.012499306
0.012499309
0.012499312
0.012499315
0.012499315
0.012499313
0.012499311
0.012499308
0.012499307
0.012499308
0.012499308
0.012499309
0.012499309
0.012499309
0.012499309
0.012499308
0.012499307
0.012499301
0.012499302
0.012499303
0.012499305
0.012499308
0.012499311
0.012499313
0.012499315
0.012499314
0.012499312
0.012499309
0.012499307
0.012499306
0.012499307
0.012499308
0.012499309
0.012499309
0.012499309
0.012499308
0.012499307
0.012499301
0.012499302
0.012499303
0.012499305
0.012499307
0.012499309
0.012499311
0.012499313
0.012499314
0.012499313
0.01249931
0.012499308
0.012499307
0.012499307
0.012499307
0.012499308
0.012499309
0.012499309
0.012499309
0.012499307
0.012499302
0.012499302
0.012499303
0.012499305
0.012499306
0.012499307
0.012499309
0.012499311
0.012499312
0.012499312
0.012499311
0.012499309
0.012499307
0.012499307
0.012499307
0.012499308
0.012499309
0.012499309
0.012499309
0.012499308
0.012499302
0.012499302
0.012499303
0.012499304
0.012499306
0.012499307
0.012499308
0.012499309
0.012499311
0.012499311
0.012499311
0.01249931
0.012499308
0.012499308
0.012499308
0.012499309
0.012499309
0.012499309
0.012499309
0.012499308
0.012499302
0.012499303
0.012499303
0.012499304
0.012499306
0.012499307
0.012499307
0.012499308
0.012499309
0.01249931
0.01249931
0.01249931
0.012499309
0.012499308
0.012499309
0.012499309
0.012499309
0.012499309
0.012499308
0.012499308
0.012499303
0.012499303
0.012499304
0.012499305
0.012499306
0.012499307
0.012499307
0.012499308
0.012499309
0.012499309
0.012499309
0.012499309
0.012499309
0.012499309
0.012499309
0.012499309
0.012499309
0.012499309
0.012499308
0.012499308
0.012499303
0.012499303
0.012499304
0.012499305
0.012499306
0.012499307
0.012499307
0.012499308
0.012499308
0.012499309
0.012499309
0.012499309
0.012499309
0.012499308
0.012499309
0.012499309
0.012499309
0.012499309
0.012499308
0.012499308
0.012499303
0.012499304
0.012499304
0.012499305
0.012499306
0.012499306
0.012499307
0.012499307
0.012499308
0.012499308
0.012499308
0.012499308
0.012499308
0.012499308
0.012499308
0.012499308
0.012499308
0.012499308
0.012499308
0.012499308
0.012499304
0.012499304
0.012499305
0.012499305
0.012499306
0.012499306
0.012499306
0.012499307
0.012499307
0.012499307
0.012499307
0.012499307
0.012499308
0.012499308
0.012499308
0.012499308
0.012499308
0.012499308
0.012499308
0.012499307
0.012499297
0.012499297
0.012499298
0.012499298
0.012499298
0.012499298
0.012499298
0.012499299
0.012499299
0.012499299
0.012499299
0.0124993
0.0124993
0.0124993
0.0124993
0.012499301
0.012499301
0.012499302
0.012499302
0.012499302
0.012499298
0.012499298
0.012499298
0.012499298
0.012499299
0.012499299
0.0124993
0.0124993
0.012499301
0.012499301
0.012499301
0.012499301
0.012499301
0.012499301
0.012499301
0.012499302
0.012499302
0.012499303
0.012499303
0.012499303
0.012499298
0.012499298
0.012499298
0.012499299
0.0124993
0.0124993
0.012499301
0.012499302
0.012499302
0.012499303
0.012499303
0.012499303
0.012499302
0.012499302
0.012499302
0.012499302
0.012499303
0.012499304
0.012499304
0.012499304
0.012499298
0.012499299
0.012499299
0.0124993
0.012499301
0.012499302
0.012499303
0.012499304
0.012499304
0.012499305
0.012499305
0.012499304
0.012499304
0.012499303
0.012499303
0.012499303
0.012499303
0.012499304
0.012499304
0.012499304
0.012499299
0.012499299
0.0124993
0.012499301
0.012499303
0.012499304
0.012499305
0.012499306
0.012499306
0.012499307
0.012499307
0.012499306
0.012499305
0.012499304
0.012499304
0.012499304
0.012499304
0.012499305
0.012499305
0.012499305
0.012499299
0.012499299
0.0124993
0.012499302
0.012499304
0.012499306
0.012499307
0.012499308
0.012499309
0.012499309
0.012499309
0.012499308
0.012499307
0.012499306
0.012499305
0.012499305
0.012499305
0.012499305
0.012499305
0.012499305
0.0124993
0.0124993
0.012499301
0.012499303
0.012499305
0.012499307
0.012499309
0.012499309
0.01249931
0.012499311
0.012499311
0.01249931
0.012499309
0.012499307
0.012499306
0.012499306
0.012499306
0.012499306
0.012499306
0.012499305
0.0124993
0.012499301
0.012499302
0.012499304
0.012499306
0.012499309
0.01249931
0.012499311
0.012499311
0.012499311
0.012499311
0.012499311
0.01249931
0.012499309
0.012499308
0.012499307
0.012499308
0.012499307
0.012499307
0.012499306
0.0124993
0.012499301
0.012499303
0.012499305
0.012499308
0.01249931
0.012499312
0.012499312
0.012499312
0.012499311
0.012499311
0.012499311
0.012499311
0.01249931
0.012499309
0.012499309
0.012499309
0.012499308
0.012499308
0.012499306
0.012499301
0.012499302
0.012499304
0.012499306
0.012499309
0.012499311
0.012499313
0.012499314
0.012499313
0.012499311
0.01249931
0.01249931
0.01249931
0.01249931
0.01249931
0.012499309
0.012499309
0.012499309
0.012499308
0.012499307
0.012499301
0.012499302
0.012499304
0.012499306
0.012499309
0.012499312
0.012499314
0.012499315
0.012499314
0.012499312
0.01249931
0.012499309
0.012499309
0.012499309
0.01249931
0.01249931
0.012499309
0.012499309
0.012499309
0.012499307
0.012499301
0.012499302
0.012499304
0.012499306
0.012499308
0.012499311
0.012499313
0.012499315
0.012499315
0.012499313
0.012499311
0.012499309
0.012499309
0.012499309
0.012499309
0.012499309
0.012499309
0.012499309
0.012499309
0.012499307
0.012499301
0.012499302
0.012499304
0.012499305
0.012499307
0.012499309
0.012499312
0.012499314
0.012499314
0.012499314
0.012499312
0.01249931
0.012499309
0.012499309
0.012499309
0.012499309
0.012499309
0.012499309
0.012499309
0.012499307
0.012499302
0.012499302
0.012499303
0.012499305
0.012499306
0.012499308
0.01249931
0.012499312
0.012499313
0.012499313
0.012499312
0.01249931
0.012499309
0.012499309
0.012499309
0.01249931
0.01249931
0.012499309
0.012499309
0.012499307
0.012499302
0.012499302
0.012499303
0.012499304
0.012499306
0.012499307
0.012499308
0.01249931
0.012499311
0.012499312
0.012499311
0.01249931
0.01249931
0.012499309
0.01249931
0.01249931
0.01249931
0.012499309
0.012499309
0.012499308
0.012499302
0.012499303
0.012499303
0.012499304
0.012499305
0.012499306
0.012499308
0.012499309
0.01249931
0.012499311
0.012499311
0.01249931
0.01249931
0.01249931
0.01249931
0.01249931
0.01249931
0.012499309
0.012499309
0.012499308
0.012499303
0.012499303
0.012499304
0.012499304
0.012499305
0.012499306
0.012499308
0.012499309
0.01249931
0.01249931
0.01249931
0.01249931
0.012499309
0.012499309
0.012499309
0.01249931
0.012499309
0.012499309
0.012499308
0.012499308
0.012499303
0.012499304
0.012499304
0.012499305
0.012499305
0.012499306
0.012499307
0.012499308
0.012499309
0.012499309
0.012499309
0.012499309
0.012499309
0.012499309
0.012499309
0.012499309
0.012499309
0.012499309
0.012499308
0.012499308
0.012499303
0.012499304
0.012499305
0.012499305
0.012499305
0.012499306
0.012499307
0.012499307
0.012499308
0.012499308
0.012499309
0.012499309
0.012499308
0.012499308
0.012499308
0.012499308
0.012499308
0.012499308
0.012499308
0.012499307
0.012499304
0.012499305
0.012499305
0.012499305
0.012499306
0.012499306
0.012499306
0.012499306
0.012499307
0.012499307
0.012499307
0.012499308
0.012499308
0.012499308
0.012499308
0.012499308
0.012499308
0.012499308
0.012499308
0.012499307
0.012499297
0.012499297
0.012499297
0.012499297
0.012499298
0.012499298
0.012499298
0.012499298
0.012499299
0.012499299
0.012499299
0.012499299
0.0124993
0.0124993
0.0124993
0.012499301
0.012499301
0.012499301
0.012499302
0.012499302
0.012499298
0.012499297
0.012499297
0.012499297
0.012499298
0.012499298
0.012499299
0.012499299
0.0124993
0.0124993
0.0124993
0.0124993
0.012499301
0.012499301
0.012499301
0.012499301
0.012499302
0.012499303
0.012499303
0.012499303
0.012499298
0.012499297
0.012499297
0.012499298
0.012499298
0.012499299
0.012499299
0.0124993
0.0124993
0.012499301
0.012499301
0.012499302
0.012499302
0.012499301
0.012499302
0.012499302
0.012499303
0.012499303
0.012499304
0.012499304
0.012499298
0.012499298
0.012499298
0.012499298
0.012499299
0.0124993
0.0124993
0.0124993
0.012499301
0.012499302
0.012499302
0.012499303
0.012499303
0.012499302
0.012499302
0.012499302
0.012499303
0.012499304
0.012499304
0.012499304
0.012499298
0.012499298
0.012499298
0.012499299
0.0124993
0.012499301
0.012499302
0.012499302
0.012499302
0.012499303
0.012499303
0.012499303
0.012499303
0.012499303
0.012499303
0.012499303
0.012499303
0.012499304
0.012499304
0.012499304
0.012499299
0.012499299
0.012499299
0.012499299
0.012499301
0.012499302
0.012499303
0.012499304
0.012499304
0.012499304
0.012499304
0.012499304
0.012499304
0.012499304
0.012499304
0.012499304
0.012499304
0.012499305
0.012499305
0.012499305
0.012499299
0.012499299
0.012499299
0.0124993
0.012499302
0.012499303
0.012499305
0.012499305
0.012499305
0.012499305
0.012499305
0.012499305
0.012499305
0.012499305
0.012499305
0.012499305
0.012499305
0.012499305
0.012499305
0.012499305
0.0124993
0.0124993
0.0124993
0.012499301
0.012499302
0.012499304
0.012499306
0.012499306
0.012499306
0.012499306
0.012499306
0.012499306
0.012499305
0.012499305
0.012499306
0.012499306
0.012499306
0.012499306
0.012499306
0.012499306
0.0124993
0.0124993
0.012499301
0.012499301
0.012499303
0.012499305
0.012499306
0.012499307
0.012499307
0.012499307
0.012499306
0.012499306
0.012499306
0.012499306
0.012499306
0.012499307
0.012499307
0.012499307
0.012499307
0.012499306
0.0124993
0.012499301
0.012499302
0.012499303
0.012499304
0.012499305
0.012499307
0.012499308
0.012499308
0.012499307
0.012499306
0.012499306
0.012499306
0.012499306
0.012499306
0.012499307
0.012499307
0.012499308
0.012499307
0.012499306
0.012499301
0.012499301
0.012499302
0.012499304
0.012499305
0.012499306
0.012499307
0.012499308
0.012499308
0.012499308
0.012499307
0.012499306
0.012499306
0.012499306
0.012499306
0.012499307
0.012499308
0.012499308
0.012499308
0.012499307
0.012499301
0.012499302
0.012499303
0.012499304
0.012499306
0.012499307
0.012499308
0.012499309
0.012499309
0.012499308
0.012499307
0.012499307
0.012499306
0.012499307
0.012499307
0.012499307
0.012499308
0.012499308
0.012499308
0.012499307
0.012499301
0.012499302
0.012499303
0.012499304
0.012499306
0.012499307
0.012499308
0.012499308
0.012499309
0.012499308
0.012499307
0.012499307
0.012499307
0.012499307
0.012499308
0.012499308
0.012499308
0.012499308
0.012499308
0.012499307
0.012499301
0.012499302
0.012499303
0.012499304
0.012499305
0.012499307
0.012499308
0.012499308
0.012499308
0.012499308
0.012499308
0.012499307
0.012499308
0.012499308
0.012499309
0.012499309
0.012499309
0.012499308
0.012499308
0.012499307
0.012499302
0.012499302
0.012499303
0.012499304
0.012499305
0.012499306
0.012499307
0.012499308
0.012499308
0.012499308
0.012499307
0.012499307
0.012499308
0.012499309
0.012499309
0.012499309
0.012499309
0.012499309
0.012499308
0.012499307
0.012499302
0.012499303
0.012499303
0.012499303
0.012499304
0.012499306
0.012499307
0.012499308
0.012499308
0.012499308
0.012499308
0.012499307
0.012499308
0.012499309
0.012499309
0.012499309
0.012499309
0.012499309
0.012499308
0.012499307
0.012499303
0.012499303
0.012499303
0.012499304
0.012499304
0.012499305
0.012499307
0.012499308
0.012499308
0.012499308
0.012499308
0.012499308
0.012499308
0.012499308
0.012499309
0.012499309
0.012499309
0.012499308
0.012499308
0.012499307
0.012499303
0.012499304
0.012499304
0.012499304
0.012499304
0.012499305
0.012499306
0.012499307
0.012499308
0.012499308
0.012499308
0.012499308
0.012499308
0.012499308
0.012499308
0.012499309
0.012499308
0.012499308
0.012499308
0.012499307
0.012499303
0.012499304
0.012499304
0.012499305
0.012499305
0.012499305
0.012499306
0.012499306
0.012499307
0.012499308
0.012499308
0.012499308
0.012499308
0.012499308
0.012499308
0.012499308
0.012499308
0.012499308
0.012499308
0.012499307
0.012499304
0.012499304
0.012499305
0.012499305
0.012499305
0.012499305
0.012499306
0.012499306
0.012499306
0.012499307
0.012499307
0.012499307
0.012499307
0.012499307
0.012499307
0.012499308
0.012499308
0.012499308
0.012499307
0.012499307
0.012499297
0.012499297
0.012499297
0.012499297
0.012499297
0.012499298
0.012499298
0.012499298
0.012499298
0.012499299
0.012499299
0.012499299
0.0124993
0.0124993
0.0124993
0.0124993
0.012499301
0.012499301
0.012499302
0.012499302
0.012499298
0.012499297
0.012499297
0.012499297
0.012499297
0.012499297
0.012499298
0.012499298
0.012499298
0.012499299
0.012499299
0.0124993
0.0124993
0.0124993
0.012499301
0.012499301
0.012499302
0.012499302
0.012499303
0.012499303
0.012499298
0.012499297
0.012499297
0.012499297
0.012499297
0.012499297
0.012499297
0.012499297
0.012499298
0.012499298
0.012499299
0.0124993
0.0124993
0.012499301
0.012499301
0.012499302
0.012499302
0.012499303
0.012499303
0.012499303
0.012499298
0.012499297
0.012499297
0.012499296
0.012499297
0.012499297
0.012499297
0.012499297
0.012499297
0.012499298
0.012499299
0.0124993
0.012499301
0.012499301
0.012499302
0.012499302
0.012499303
0.012499303
0.012499304
0.012499304
0.012499298
0.012499297
0.012499297
0.012499297
0.012499297
0.012499297
0.012499297
0.012499297
0.012499297
0.012499297
0.012499298
0.012499299
0.012499301
0.012499302
0.012499302
0.012499303
0.012499303
0.012499303
0.012499304
0.012499304
0.012499299
0.012499298
0.012499297
0.012499297
0.012499297
0.012499298
0.012499298
0.012499298
0.012499297
0.012499297
0.012499298
0.012499299
0.0124993
0.012499302
0.012499303
0.012499303
0.012499304
0.012499304
0.012499304
0.012499304
0.012499299
0.012499298
0.012499297
0.012499297
0.012499297
0.012499298
0.012499299
0.012499299
0.012499299
0.012499298
0.012499297
0.012499298
0.012499299
0.012499301
0.012499303
0.012499304
0.012499304
0.012499304
0.012499305
0.012499305
0.012499299
0.012499299
0.012499298
0.012499297
0.012499297
0.012499298
0.012499299
0.0124993
0.0124993
0.012499299
0.012499298
0.012499298
0.012499299
0.0124993
0.012499302
0.012499304
0.012499305
0.012499305
0.012499305
0.012499305
0.0124993
0.012499299
0.012499298
0.012499298
0.012499297
0.012499298
0.012499299
0.0124993
0.0124993
0.0124993
0.012499299
0.012499298
0.012499299
0.0124993
0.012499302
0.012499303
0.012499305
0.012499305
0.012499306
0.012499306
0.0124993
0.0124993
0.012499299
0.012499299
0.012499298
0.012499298
0.012499298
0.012499299
0.0124993
0.0124993
0.0124993
0.012499299
0.012499299
0.0124993
0.012499301
0.012499303
0.012499305
0.012499306
0.012499306
0.012499306
0.012499301
0.0124993
0.0124993
0.0124993
0.012499299
0.012499299
0.012499299
0.012499299
0.0124993
0.0124993
0.012499301
0.012499301
0.012499301
0.012499301
0.012499302
0.012499303
0.012499305
0.012499306
0.012499306
0.012499306
0.012499301
0.012499301
0.012499301
0.012499301
0.012499301
0.012499301
0.0124993
0.0124993
0.0124993
0.0124993
0.012499301
0.012499302
0.012499302
0.012499303
0.012499303
0.012499304
0.012499305
0.012499306
0.012499307
0.012499307
0.012499301
0.012499301
0.012499301
0.012499302
0.012499303
0.012499303
0.012499302
0.012499301
0.0124993
0.0124993
0.012499301
0.012499302
0.012499304
0.012499304
0.012499305
0.012499306
0.012499306
0.012499307
0.012499307
0.012499307
0.012499301
0.012499301
0.012499302
0.012499302
0.012499303
0.012499304
0.012499304
0.012499303
0.012499302
0.012499301
0.012499301
0.012499303
0.012499304
0.012499306
0.012499307
0.012499307
0.012499307
0.012499307
0.012499307
0.012499307
0.012499302
0.012499302
0.012499302
0.012499303
0.012499304
0.012499305
0.012499305
0.012499305
0.012499303
0.012499303
0.012499302
0.012499303
0.012499305
0.012499306
0.012499307
0.012499308
0.012499308
0.012499308
0.012499308
0.012499307
0.012499302
0.012499302
0.012499303
0.012499303
0.012499304
0.012499304
0.012499305
0.012499305
0.012499305
0.012499304
0.012499304
0.012499304
0.012499305
0.012499307
0.012499308
0.012499308
0.012499308
0.012499308
0.012499308
0.012499307
0.012499302
0.012499303
0.012499303
0.012499303
0.012499304
0.012499304
0.012499305
0.012499306
0.012499306
0.012499305
0.012499305
0.012499305
0.012499306
0.012499307
0.012499308
0.012499308
0.012499308
0.012499308
0.012499308
0.012499307
0.012499303
0.012499303
0.012499304
0.012499304
0.012499304
0.012499304
0.012499305
0.012499305
0.012499306
0.012499306
0.012499306
0.012499306
0.012499307
0.012499307
0.012499308
0.012499308
0.012499308
0.012499308
0.012499308
0.012499307
0.012499303
0.012499304
0.012499304
0.012499304
0.012499304
0.012499305
0.012499305
0.012499305
0.012499306
0.012499306
0.012499307
0.012499307
0.012499307
0.012499307
0.012499308
0.012499308
0.012499308
0.012499308
0.012499307
0.012499307
0.012499304
0.012499304
0.012499304
0.012499305
0.012499305
0.012499305
0.012499305
0.012499306
0.012499306
0.012499306
0.012499307
0.012499307
0.012499307
0.012499307
0.012499307
0.012499307
0.012499307
0.012499307
0.012499307
0.012499307
0.012499297
0.012499297
0.012499297
0.012499297
0.012499298
0.012499298
0.012499298
0.012499298
0.012499298
0.012499299
0.012499299
0.012499299
0.0124993
0.0124993
0.0124993
0.012499301
0.012499301
0.012499301
0.012499301
0.012499302
0.012499298
0.012499298
0.012499297
0.012499297
0.012499297
0.012499297
0.012499297
0.012499298
0.012499298
0.012499298
0.012499299
0.012499299
0.0124993
0.012499301
0.012499301
0.012499302
0.012499302
0.012499302
0.012499302
0.012499303
0.012499298
0.012499298
0.012499297
0.012499297
0.012499297
0.012499296
0.012499297
0.012499297
0.012499297
0.012499297
0.012499298
0.012499299
0.0124993
0.012499301
0.012499302
0.012499302
0.012499303
0.012499303
0.012499303
0.012499303
0.012499298
0.012499298
0.012499297
0.012499296
0.012499296
0.012499296
0.012499296
0.012499296
0.012499296
0.012499296
0.012499297
0.012499298
0.0124993
0.012499301
0.012499302
0.012499303
0.012499303
0.012499303
0.012499303
0.012499304
0.012499299
0.012499298
0.012499297
0.012499296
0.012499295
0.012499295
0.012499295
0.012499295
0.012499294
0.012499295
0.012499296
0.012499297
0.012499299
0.012499301
0.012499302
0.012499303
0.012499303
0.012499304
0.012499304
0.012499304
0.012499299
0.012499298
0.012499297
0.012499296
0.012499295
0.012499295
0.012499295
0.012499295
0.012499294
0.012499294
0.012499294
0.012499296
0.012499298
0.0124993
0.012499302
0.012499303
0.012499304
0.012499304
0.012499304
0.012499304
0.012499299
0.012499298
0.012499297
0.012499296
0.012499295
0.012499295
0.012499295
0.012499295
0.012499294
0.012499294
0.012499293
0.012499294
0.012499297
0.012499299
0.012499302
0.012499303
0.012499304
0.012499304
0.012499304
0.012499305
0.012499299
0.012499298
0.012499297
0.012499296
0.012499295
0.012499295
0.012499295
0.012499296
0.012499295
0.012499294
0.012499294
0.012499294
0.012499295
0.012499298
0.012499301
0.012499303
0.012499304
0.012499304
0.012499305
0.012499305
0.0124993
0.012499299
0.012499297
0.012499296
0.012499295
0.012499294
0.012499295
0.012499295
0.012499296
0.012499296
0.012499295
0.012499295
0.012499295
0.012499297
0.0124993
0.012499302
0.012499303
0.012499304
0.012499305
0.012499305
0.0124993
0.012499299
0.012499298
0.012499297
0.012499295
0.012499294
0.012499294
0.012499295
0.012499296
0.012499297
0.012499297
0.012499296
0.012499296
0.012499297
0.012499299
0.012499302
0.012499304
0.012499305
0.012499305
0.012499306
0.0124993
0.0124993
0.012499299
0.012499298
0.012499296
0.012499295
0.012499294
0.012499294
0.012499295
0.012499297
0.012499298
0.012499298
0.012499298
0.012499299
0.0124993
0.012499302
0.012499304
0.012499305
0.012499306
0.012499306
0.012499301
0.0124993
0.0124993
0.012499299
0.012499298
0.012499297
0.012499296
0.012499295
0.012499295
0.012499296
0.012499298
0.0124993
0.012499301
0.012499301
0.012499302
0.012499304
0.012499305
0.012499306
0.012499306
0.012499306
0.012499301
0.012499301
0.012499301
0.0124993
0.0124993
0.012499299
0.012499298
0.012499297
0.012499296
0.012499297
0.012499299
0.012499301
0.012499303
0.012499304
0.012499304
0.012499305
0.012499306
0.012499307
0.012499307
0.012499306
0.012499302
0.012499302
0.012499301
0.012499301
0.012499302
0.012499301
0.012499301
0.012499299
0.012499298
0.012499298
0.012499299
0.012499301
0.012499304
0.012499305
0.012499306
0.012499306
0.012499307
0.012499307
0.012499307
0.012499307
0.012499302
0.012499302
0.012499302
0.012499302
0.012499303
0.012499303
0.012499302
0.012499302
0.012499301
0.0124993
0.012499301
0.012499302
0.012499304
0.012499306
0.012499307
0.012499307
0.012499308
0.012499308
0.012499307
0.012499307
0.012499302
0.012499303
0.012499303
0.012499303
0.012499303
0.012499303
0.012499303
0.012499303
0.012499303
0.012499302
0.012499303
0.012499304
0.012499305
0.012499306
0.012499307
0.012499308
0.012499308
0.012499308
0.012499308
0.012499307
0.012499302
0.012499303
0.012499303
0.012499303
0.012499303
0.012499304
0.012499304
0.012499304
0.012499304
0.012499304
0.012499304
0.012499305
0.012499306
0.012499307
0.012499308
0.012499308
0.012499308
0.012499308
0.012499308
0.012499307
0.012499303
0.012499303
0.012499303
0.012499304
0.012499304
0.012499304
0.012499304
0.012499304
0.012499304
0.012499305
0.012499305
0.012499306
0.012499307
0.012499307
0.012499308
0.012499308
0.012499308
0.012499308
0.012499308
0.012499307
0.012499303
0.012499303
0.012499304
0.012499304
0.012499304
0.012499304
0.012499305
0.012499305
0.012499305
0.012499305
0.012499306
0.012499306
0.012499307
0.012499307
0.012499308
0.012499308
0.012499308
0.012499308
0.012499308
0.012499307
0.012499304
0.012499304
0.012499304
0.012499305
0.012499305
0.012499305
0.012499305
0.012499306
0.012499306
0.012499306
0.012499306
0.012499307
0.012499307
0.012499307
0.012499307
0.012499307
0.012499307
0.012499307
0.012499307
0.012499307
0.012499297
0.012499298
0.012499298
0.012499298
0.012499298
0.012499298
0.012499298
0.012499298
0.012499298
0.012499299
0.012499299
0.0124993
0.0124993
0.0124993
0.012499301
0.012499301
0.012499301
0.012499301
0.012499301
0.012499302
0.012499298
0.012499298
0.012499298
0.012499298
0.012499298
0.012499298
0.012499298
0.012499298
0.012499298
0.012499299
0.012499299
0.0124993
0.012499301
0.012499301
0.012499302
0.012499302
0.012499302
0.012499302
0.012499302
0.012499303
0.012499298
0.012499298
0.012499298
0.012499297
0.012499297
0.012499297
0.012499297
0.012499297
0.012499297
0.012499298
0.012499299
0.012499299
0.012499301
0.012499301
0.012499302
0.012499303
0.012499303
0.012499303
0.012499303
0.012499303
0.012499299
0.012499298
0.012499298
0.012499297
0.012499296
0.012499296
0.012499296
0.012499296
0.012499296
0.012499297
0.012499298
0.012499299
0.0124993
0.012499301
0.012499302
0.012499303
0.012499303
0.012499303
0.012499303
0.012499304
0.012499299
0.012499298
0.012499297
0.012499296
0.012499295
0.012499295
0.012499295
0.012499295
0.012499295
0.012499296
0.012499296
0.012499298
0.0124993
0.012499301
0.012499302
0.012499303
0.012499303
0.012499304
0.012499304
0.012499304
0.012499299
0.012499298
0.012499297
0.012499296
0.012499295
0.012499294
0.012499294
0.012499294
0.012499294
0.012499295
0.012499295
0.012499297
0.012499299
0.012499301
0.012499302
0.012499303
0.012499304
0.012499304
0.012499304
0.012499304
0.012499299
0.012499299
0.012499297
0.012499296
0.012499295
0.012499294
0.012499294
0.012499294
0.012499294
0.012499294
0.012499295
0.012499296
0.012499298
0.0124993
0.012499302
0.012499303
0.012499304
0.012499304
0.012499304
0.012499305
0.0124993
0.012499299
0.012499298
0.012499296
0.012499295
0.012499294
0.012499294
0.012499295
0.012499295
0.012499295
0.012499295
0.012499296
0.012499298
0.0124993
0.012499301
0.012499303
0.012499304
0.012499304
0.012499304
0.012499305
0.0124993
0.012499299
0.012499298
0.012499297
0.012499295
0.012499294
0.012499294
0.012499295
0.012499296
0.012499297
0.012499297
0.012499297
0.012499298
0.0124993
0.012499302
0.012499303
0.012499304
0.012499304
0.012499305
0.012499305
0.0124993
0.0124993
0.012499298
0.012499297
0.012499296
0.012499295
0.012499295
0.012499295
0.012499297
0.012499298
0.012499299
0.012499299
0.0124993
0.012499301
0.012499302
0.012499304
0.012499305
0.012499305
0.012499305
0.012499305
0.012499301
0.0124993
0.012499299
0.012499298
0.012499297
0.012499296
0.012499295
0.012499295
0.012499297
0.012499299
0.0124993
0.012499301
0.012499302
0.012499303
0.012499304
0.012499305
0.012499305
0.012499306
0.012499306
0.012499306
0.012499301
0.012499301
0.0124993
0.012499299
0.012499298
0.012499297
0.012499296
0.012499296
0.012499297
0.012499299
0.012499301
0.012499303
0.012499304
0.012499305
0.012499305
0.012499306
0.012499307
0.012499307
0.012499306
0.012499306
0.012499302
0.012499301
0.012499301
0.0124993
0.012499299
0.012499299
0.012499298
0.012499298
0.012499298
0.0124993
0.012499302
0.012499304
0.012499306
0.012499306
0.012499307
0.012499307
0.012499308
0.012499307
0.012499307
0.012499306
0.012499302
0.012499302
0.012499302
0.012499301
0.012499301
0.0124993
0.0124993
0.0124993
0.0124993
0.012499301
0.012499303
0.012499305
0.012499306
0.012499307
0.012499308
0.012499308
0.012499308
0.012499308
0.012499307
0.012499307
0.012499302
0.012499303
0.012499303
0.012499302
0.012499302
0.012499301
0.012499301
0.012499301
0.012499302
0.012499303
0.012499304
0.012499306
0.012499307
0.012499308
0.012499308
0.012499309
0.012499309
0.012499308
0.012499308
0.012499307
0.012499302
0.012499303
0.012499303
0.012499303
0.012499303
0.012499302
0.012499302
0.012499302
0.012499303
0.012499304
0.012499305
0.012499306
0.012499307
0.012499308
0.012499309
0.012499309
0.012499309
0.012499308
0.012499308
0.012499307
0.012499303
0.012499303
0.012499303
0.012499303
0.012499303
0.012499303
0.012499303
0.012499303
0.012499304
0.012499305
0.012499306
0.012499307
0.012499308
0.012499308
0.012499309
0.012499309
0.012499309
0.012499308
0.012499308
0.012499307
0.012499303
0.012499303
0.012499304
0.012499304
0.012499304
0.012499304
0.012499304
0.012499304
0.012499304
0.012499305
0.012499306
0.012499307
0.012499308
0.012499308
0.012499309
0.012499309
0.012499308
0.012499308
0.012499308
0.012499307
0.012499303
0.012499304
0.012499304
0.012499304
0.012499304
0.012499304
0.012499304
0.012499305
0.012499305
0.012499305
0.012499306
0.012499307
0.012499307
0.012499308
0.012499308
0.012499308
0.012499308
0.012499308
0.012499308
0.012499307
0.012499304
0.012499304
0.012499304
0.012499305
0.012499305
0.012499305
0.012499305
0.012499306
0.012499306
0.012499306
0.012499306
0.012499307
0.012499307
0.012499307
0.012499307
0.012499307
0.012499308
0.012499308
0.012499307
0.012499307
0.012499297
0.012499298
0.012499298
0.012499298
0.012499298
0.012499298
0.012499298
0.012499298
0.012499298
0.012499299
0.012499299
0.0124993
0.0124993
0.0124993
0.012499301
0.012499301
0.012499301
0.012499301
0.012499301
0.012499302
0.012499298
0.012499298
0.012499298
0.012499298
0.012499298
0.012499298
0.012499298
0.012499298
0.012499298
0.012499299
0.0124993
0.0124993
0.012499301
0.012499302
0.012499302
0.012499302
0.012499303
0.012499302
0.012499302
0.012499303
0.012499298
0.012499298
0.012499298
0.012499298
0.012499297
0.012499297
0.012499297
0.012499298
0.012499298
0.012499299
0.012499299
0.0124993
0.012499301
0.012499302
0.012499303
0.012499303
0.012499303
0.012499303
0.012499303
0.012499303
0.012499299
0.012499298
0.012499298
0.012499297
0.012499297
0.012499296
0.012499296
0.012499297
0.012499297
0.012499298
0.012499299
0.0124993
0.012499301
0.012499302
0.012499303
0.012499304
0.012499304
0.012499304
0.012499303
0.012499304
0.012499299
0.012499298
0.012499298
0.012499297
0.012499296
0.012499295
0.012499295
0.012499296
0.012499297
0.012499298
0.012499299
0.012499299
0.012499301
0.012499302
0.012499303
0.012499303
0.012499304
0.012499304
0.012499304
0.012499304
0.012499299
0.012499299
0.012499298
0.012499297
0.012499295
0.012499295
0.012499295
0.012499295
0.012499296
0.012499297
0.012499298
0.012499299
0.0124993
0.012499301
0.012499303
0.012499303
0.012499304
0.012499304
0.012499304
0.012499304
0.012499299
0.012499299
0.012499298
0.012499297
0.012499295
0.012499295
0.012499295
0.012499295
0.012499297
0.012499298
0.012499299
0.0124993
0.012499301
0.012499302
0.012499303
0.012499303
0.012499304
0.012499304
0.012499304
0.012499305
0.0124993
0.012499299
0.012499298
0.012499297
0.012499296
0.012499295
0.012499295
0.012499296
0.012499298
0.012499299
0.0124993
0.0124993
0.012499301
0.012499303
0.012499304
0.012499304
0.012499304
0.012499305
0.012499305
0.012499305
0.0124993
0.012499299
0.012499298
0.012499297
0.012499297
0.012499296
0.012499296
0.012499297
0.012499299
0.0124993
0.012499301
0.012499302
0.012499303
0.012499304
0.012499305
0.012499305
0.012499305
0.012499305
0.012499305
0.012499305
0.0124993
0.0124993
0.012499299
0.012499298
0.012499298
0.012499297
0.012499298
0.012499299
0.0124993
0.012499302
0.012499303
0.012499304
0.012499305
0.012499306
0.012499306
0.012499307
0.012499306
0.012499306
0.012499305
0.012499305
0.012499301
0.012499301
0.0124993
0.012499299
0.012499298
0.012499298
0.012499299
0.0124993
0.012499301
0.012499303
0.012499305
0.012499306
0.012499307
0.012499308
0.012499308
0.012499308
0.012499308
0.012499307
0.012499306
0.012499306
0.012499301
0.012499301
0.012499301
0.0124993
0.012499299
0.012499299
0.0124993
0.012499301
0.012499302
0.012499304
0.012499306
0.012499308
0.012499308
0.012499309
0.012499309
0.012499309
0.012499309
0.012499308
0.012499307
0.012499306
0.012499302
0.012499302
0.012499301
0.012499301
0.0124993
0.0124993
0.0124993
0.012499301
0.012499303
0.012499305
0.012499307
0.012499308
0.012499309
0.01249931
0.01249931
0.01249931
0.01249931
0.012499309
0.012499307
0.012499306
0.012499302
0.012499303
0.012499302
0.012499302
0.012499301
0.012499301
0.012499301
0.012499302
0.012499304
0.012499306
0.012499307
0.012499309
0.01249931
0.01249931
0.012499311
0.012499311
0.01249931
0.012499309
0.012499308
0.012499307
0.012499302
0.012499303
0.012499303
0.012499303
0.012499302
0.012499302
0.012499302
0.012499303
0.012499305
0.012499306
0.012499308
0.012499309
0.01249931
0.012499311
0.012499311
0.012499311
0.01249931
0.012499309
0.012499308
0.012499307
0.012499303
0.012499303
0.012499304
0.012499303
0.012499303
0.012499302
0.012499303
0.012499304
0.012499305
0.012499307
0.012499308
0.012499309
0.01249931
0.012499311
0.012499311
0.012499311
0.01249931
0.012499309
0.012499308
0.012499307
0.012499303
0.012499304
0.012499304
0.012499304
0.012499303
0.012499303
0.012499303
0.012499304
0.012499305
0.012499306
0.012499308
0.012499309
0.01249931
0.01249931
0.012499311
0.01249931
0.01249931
0.012499309
0.012499308
0.012499307
0.012499303
0.012499304
0.012499304
0.012499304
0.012499304
0.012499304
0.012499304
0.012499304
0.012499305
0.012499306
0.012499307
0.012499308
0.012499309
0.01249931
0.01249931
0.01249931
0.012499309
0.012499309
0.012499308
0.012499307
0.012499303
0.012499304
0.012499304
0.012499304
0.012499304
0.012499304
0.012499305
0.012499305
0.012499305
0.012499306
0.012499307
0.012499307
0.012499308
0.012499308
0.012499309
0.012499309
0.012499308
0.012499308
0.012499308
0.012499307
0.012499304
0.012499304
0.012499304
0.012499305
0.012499305
0.012499305
0.012499305
0.012499306
0.012499306
0.012499306
0.012499306
0.012499307
0.012499307
0.012499307
0.012499307
0.012499308
0.012499308
0.012499308
0.012499307
0.012499307
0.012499297
0.012499297
0.012499298
0.012499298
0.012499298
0.012499298
0.012499298
0.012499298
0.012499299
0.012499299
0.012499299
0.0124993
0.0124993
0.012499301
0.012499301
0.012499301
0.012499301
0.012499301
0.012499301
0.012499302
0.012499298
0.012499298
0.012499298
0.012499298
0.012499298
0.012499298
0.012499298
0.012499299
0.012499299
0.0124993
0.0124993
0.012499301
0.012499302
0.012499302
0.012499303
0.012499302
0.012499302
0.012499302
0.012499302
0.012499303
0.012499298
0.012499298
0.012499298
0.012499298
0.012499298
0.012499298
0.012499298
0.012499299
0.012499299
0.0124993
0.012499301
0.012499302
0.012499303
0.012499303
0.012499304
0.012499304
0.012499303
0.012499303
0.012499303
0.012499303
0.012499299
0.012499299
0.012499298
0.012499298
0.012499298
0.012499297
0.012499298
0.012499298
0.012499299
0.0124993
0.012499301
0.012499302
0.012499303
0.012499304
0.012499304
0.012499304
0.012499304
0.012499303
0.012499303
0.012499303
0.012499299
0.012499299
0.012499299
0.012499298
0.012499297
0.012499297
0.012499297
0.012499298
0.012499299
0.0124993
0.012499301
0.012499303
0.012499303
0.012499304
0.012499305
0.012499305
0.012499304
0.012499304
0.012499303
0.012499304
0.012499299
0.012499299
0.012499299
0.012499298
0.012499297
0.012499296
0.012499296
0.012499297
0.012499299
0.0124993
0.012499302
0.012499304
0.012499304
0.012499305
0.012499305
0.012499305
0.012499304
0.012499304
0.012499304
0.012499304
0.0124993
0.0124993
0.012499299
0.012499298
0.012499297
0.012499296
0.012499296
0.012499297
0.012499299
0.012499301
0.012499303
0.012499305
0.012499306
0.012499306
0.012499306
0.012499306
0.012499305
0.012499304
0.012499304
0.012499304
0.0124993
0.0124993
0.0124993
0.012499299
0.012499298
0.012499297
0.012499297
0.012499298
0.0124993
0.012499302
0.012499305
0.012499307
0.012499308
0.012499308
0.012499308
0.012499307
0.012499306
0.012499305
0.012499304
0.012499305
0.0124993
0.012499301
0.0124993
0.012499299
0.012499299
0.012499298
0.012499298
0.012499299
0.012499301
0.012499304
0.012499306
0.012499309
0.01249931
0.012499311
0.01249931
0.012499309
0.012499307
0.012499305
0.012499305
0.012499305
0.012499301
0.012499301
0.012499301
0.0124993
0.0124993
0.0124993
0.0124993
0.012499301
0.012499303
0.012499306
0.012499308
0.01249931
0.012499312
0.012499313
0.012499312
0.01249931
0.012499308
0.012499306
0.012499305
0.012499305
0.012499301
0.012499302
0.012499301
0.012499301
0.012499301
0.012499301
0.012499302
0.012499304
0.012499305
0.012499308
0.01249931
0.012499312
0.012499314
0.012499314
0.012499314
0.012499312
0.01249931
0.012499308
0.012499306
0.012499306
0.012499302
0.012499302
0.012499302
0.012499302
0.012499302
0.012499302
0.012499304
0.012499305
0.012499308
0.01249931
0.012499312
0.012499313
0.012499314
0.012499315
0.012499314
0.012499313
0.012499311
0.012499308
0.012499307
0.012499306
0.012499302
0.012499303
0.012499303
0.012499303
0.012499303
0.012499303
0.012499304
0.012499306
0.012499309
0.012499311
0.012499313
0.012499314
0.012499315
0.012499315
0.012499315
0.012499313
0.012499311
0.012499309
0.012499307
0.012499306
0.012499302
0.012499304
0.012499304
0.012499304
0.012499303
0.012499304
0.012499305
0.012499307
0.012499309
0.012499311
0.012499313
0.012499315
0.012499315
0.012499315
0.012499315
0.012499313
0.012499311
0.012499309
0.012499308
0.012499307
0.012499303
0.012499304
0.012499304
0.012499304
0.012499304
0.012499304
0.012499305
0.012499306
0.012499309
0.012499311
0.012499313
0.012499314
0.012499315
0.012499315
0.012499314
0.012499313
0.012499311
0.012499309
0.012499308
0.012499307
0.012499303
0.012499304
0.012499304
0.012499304
0.012499304
0.012499304
0.012499305
0.012499306
0.012499308
0.01249931
0.012499312
0.012499313
0.012499314
0.012499313
0.012499313
0.012499312
0.01249931
0.012499309
0.012499308
0.012499307
0.012499303
0.012499304
0.012499304
0.012499304
0.012499304
0.012499304
0.012499305
0.012499305
0.012499307
0.012499308
0.01249931
0.012499311
0.012499312
0.012499312
0.012499311
0.01249931
0.012499309
0.012499308
0.012499307
0.012499307
0.012499303
0.012499304
0.012499304
0.012499304
0.012499304
0.012499304
0.012499304
0.012499305
0.012499306
0.012499307
0.012499308
0.012499309
0.01249931
0.01249931
0.01249931
0.012499309
0.012499309
0.012499308
0.012499307
0.012499307
0.012499303
0.012499304
0.012499304
0.012499304
0.012499304
0.012499304
0.012499305
0.012499305
0.012499305
0.012499306
0.012499307
0.012499308
0.012499308
0.012499308
0.012499308
0.012499308
0.012499308
0.012499308
0.012499307
0.012499307
0.012499304
0.012499304
0.012499304
0.012499305
0.012499305
0.012499305
0.012499305
0.012499305
0.012499306
0.012499306
0.012499306
0.012499307
0.012499307
0.012499307
0.012499307
0.012499307
0.012499307
0.012499307
0.012499307
0.012499307
)
;

boundaryField
{
    inlet
    {
        type            fixedValue;
        value           uniform 0.01;
    }
    outlet
    {
        type            inletOutlet;
        inletValue      uniform 0.01;
        value           nonuniform List<scalar> 
400
(
0.012499297
0.012499298
0.012499298
0.012499299
0.012499299
0.012499299
0.0124993
0.0124993
0.0124993
0.012499301
0.012499301
0.012499302
0.012499302
0.012499302
0.012499303
0.012499303
0.012499303
0.012499303
0.012499303
0.012499304
0.012499298
0.012499298
0.012499298
0.012499299
0.012499299
0.012499299
0.0124993
0.0124993
0.012499301
0.012499301
0.012499302
0.012499302
0.012499303
0.012499304
0.012499304
0.012499304
0.012499304
0.012499304
0.012499304
0.012499304
0.012499298
0.012499298
0.012499298
0.012499298
0.012499299
0.012499299
0.012499299
0.0124993
0.0124993
0.012499301
0.012499301
0.012499302
0.012499303
0.012499304
0.012499304
0.012499304
0.012499304
0.012499304
0.012499304
0.012499304
0.012499298
0.012499298
0.012499298
0.012499298
0.012499298
0.012499298
0.012499298
0.012499299
0.012499299
0.0124993
0.012499301
0.012499302
0.012499303
0.012499304
0.012499304
0.012499304
0.012499304
0.012499304
0.012499304
0.012499305
0.012499298
0.012499298
0.012499298
0.012499298
0.012499297
0.012499297
0.012499297
0.012499298
0.012499299
0.0124993
0.012499301
0.012499302
0.012499303
0.012499303
0.012499304
0.012499304
0.012499304
0.012499304
0.012499304
0.012499305
0.012499298
0.012499298
0.012499298
0.012499297
0.012499297
0.012499296
0.012499296
0.012499297
0.012499298
0.0124993
0.012499301
0.012499302
0.012499303
0.012499304
0.012499304
0.012499304
0.012499304
0.012499304
0.012499304
0.012499305
0.012499298
0.012499298
0.012499298
0.012499298
0.012499297
0.012499296
0.012499296
0.012499297
0.012499298
0.0124993
0.012499302
0.012499304
0.012499304
0.012499305
0.012499305
0.012499305
0.012499305
0.012499304
0.012499305
0.012499305
0.012499298
0.012499299
0.012499299
0.012499298
0.012499298
0.012499297
0.012499297
0.012499298
0.012499299
0.012499301
0.012499304
0.012499305
0.012499307
0.012499307
0.012499307
0.012499306
0.012499305
0.012499305
0.012499305
0.012499305
0.012499299
0.012499299
0.012499299
0.012499299
0.012499299
0.012499299
0.012499299
0.0124993
0.012499301
0.012499303
0.012499306
0.012499308
0.012499309
0.012499309
0.012499309
0.012499308
0.012499307
0.012499306
0.012499305
0.012499306
0.012499299
0.0124993
0.0124993
0.0124993
0.0124993
0.0124993
0.012499301
0.012499302
0.012499304
0.012499306
0.012499308
0.01249931
0.012499311
0.012499311
0.012499311
0.01249931
0.012499308
0.012499307
0.012499306
0.012499306
0.0124993
0.0124993
0.012499301
0.012499301
0.012499301
0.012499302
0.012499303
0.012499305
0.012499306
0.012499308
0.01249931
0.012499312
0.012499313
0.012499313
0.012499313
0.012499312
0.01249931
0.012499308
0.012499307
0.012499306
0.0124993
0.012499301
0.012499302
0.012499302
0.012499303
0.012499304
0.012499305
0.012499307
0.012499309
0.012499311
0.012499312
0.012499313
0.012499314
0.012499315
0.012499314
0.012499313
0.012499311
0.012499309
0.012499308
0.012499307
0.0124993
0.012499302
0.012499303
0.012499303
0.012499303
0.012499304
0.012499306
0.012499308
0.01249931
0.012499312
0.012499314
0.012499314
0.012499315
0.012499315
0.012499315
0.012499314
0.012499312
0.01249931
0.012499308
0.012499307
0.012499301
0.012499302
0.012499303
0.012499304
0.012499304
0.012499305
0.012499306
0.012499308
0.012499311
0.012499313
0.012499314
0.012499315
0.012499315
0.012499315
0.012499315
0.012499314
0.012499312
0.01249931
0.012499308
0.012499307
0.012499301
0.012499303
0.012499304
0.012499304
0.012499305
0.012499305
0.012499306
0.012499308
0.01249931
0.012499312
0.012499314
0.012499315
0.012499315
0.012499315
0.012499314
0.012499313
0.012499311
0.01249931
0.012499308
0.012499307
0.012499301
0.012499302
0.012499304
0.012499304
0.012499305
0.012499305
0.012499306
0.012499307
0.012499309
0.01249931
0.012499312
0.012499313
0.012499313
0.012499313
0.012499313
0.012499312
0.012499311
0.012499309
0.012499308
0.012499307
0.012499301
0.012499302
0.012499303
0.012499304
0.012499304
0.012499304
0.012499305
0.012499306
0.012499307
0.012499308
0.01249931
0.012499311
0.012499311
0.012499311
0.012499311
0.01249931
0.012499309
0.012499309
0.012499308
0.012499307
0.012499301
0.012499302
0.012499303
0.012499303
0.012499304
0.012499304
0.012499304
0.012499305
0.012499306
0.012499306
0.012499308
0.012499309
0.012499309
0.012499309
0.012499309
0.012499309
0.012499308
0.012499308
0.012499308
0.012499307
0.012499301
0.012499302
0.012499303
0.012499303
0.012499303
0.012499304
0.012499304
0.012499304
0.012499305
0.012499305
0.012499306
0.012499307
0.012499307
0.012499308
0.012499308
0.012499308
0.012499308
0.012499307
0.012499307
0.012499307
0.012499302
0.012499303
0.012499303
0.012499303
0.012499304
0.012499304
0.012499304
0.012499305
0.012499305
0.012499305
0.012499306
0.012499306
0.012499306
0.012499307
0.012499307
0.012499307
0.012499307
0.012499307
0.012499307
0.012499307
)
;
    }
    domain5_to_solid_wall
    {
        type            compressible::turbulentTemperatureCoupledBaffleMixed;
        refValue        nonuniform List<scalar> 
4800
(
0.012498233
0.012498234
0.012498234
0.012498233
0.012498233
0.012498233
0.012498234
0.012498236
0.012498238
0.012498242
0.012498247
0.012498253
0.01249826
0.012498268
0.012498277
0.012498287
0.012498297
0.012498309
0.012498321
0.012498332
0.012498556
0.012498559
0.012498562
0.012498566
0.012498569
0.012498571
0.012498574
0.012498577
0.012498579
0.012498581
0.012498584
0.012498586
0.012498589
0.012498591
0.012498593
0.012498595
0.012498597
0.012498599
0.012498601
0.012498602
0.01249879
0.012498791
0.012498793
0.012498794
0.012498796
0.012498797
0.012498799
0.0124988
0.012498802
0.012498803
0.012498804
0.012498805
0.012498806
0.012498807
0.012498807
0.012498808
0.012498809
0.012498809
0.01249881
0.012498811
0.012498959
0.01249896
0.012498961
0.012498961
0.012498962
0.012498963
0.012498964
0.012498964
0.012498965
0.012498965
0.012498966
0.012498966
0.012498967
0.012498967
0.012498968
0.012498968
0.012498968
0.012498968
0.012498969
0.012498969
0.012499079
0.01249908
0.01249908
0.012499081
0.012499081
0.012499082
0.012499082
0.012499082
0.012499083
0.012499083
0.012499083
0.012499084
0.012499084
0.012499084
0.012499084
0.012499084
0.012499085
0.012499085
0.012499085
0.012499085
0.012499162
0.012499163
0.012499163
0.012499163
0.012499163
0.012499164
0.012499164
0.012499164
0.012499164
0.012499165
0.012499165
0.012499165
0.012499165
0.012499165
0.012499165
0.012499166
0.012499166
0.012499166
0.012499166
0.012499166
0.012499217
0.012499217
0.012499217
0.012499217
0.012499218
0.012499218
0.012499218
0.012499218
0.012499218
0.012499219
0.012499219
0.012499219
0.012499219
0.012499219
0.012499219
0.012499219
0.01249922
0.01249922
0.01249922
0.01249922
0.012499251
0.012499251
0.012499251
0.012499252
0.012499252
0.012499252
0.012499252
0.012499252
0.012499253
0.012499253
0.012499253
0.012499253
0.012499253
0.012499253
0.012499253
0.012499254
0.012499254
0.012499254
0.012499254
0.012499254
0.012499272
0.012499272
0.012499272
0.012499272
0.012499272
0.012499273
0.012499273
0.012499273
0.012499273
0.012499273
0.012499273
0.012499274
0.012499274
0.012499274
0.012499274
0.012499274
0.012499275
0.012499275
0.012499275
0.012499275
0.012499284
0.012499284
0.012499284
0.012499284
0.012499284
0.012499284
0.012499285
0.012499285
0.012499285
0.012499285
0.012499285
0.012499286
0.012499286
0.012499286
0.012499286
0.012499286
0.012499287
0.012499287
0.012499287
0.012499287
0.01249929
0.012499291
0.012499291
0.012499291
0.012499291
0.012499291
0.012499291
0.012499291
0.012499292
0.012499292
0.012499292
0.012499292
0.012499292
0.012499293
0.012499293
0.012499293
0.012499293
0.012499294
0.012499294
0.012499294
0.012499294
0.012499294
0.012499294
0.012499294
0.012499294
0.012499295
0.012499295
0.012499295
0.012499295
0.012499295
0.012499295
0.012499296
0.012499296
0.012499296
0.012499296
0.012499297
0.012499297
0.012499297
0.012499297
0.012499298
0.012499296
0.012499296
0.012499296
0.012499296
0.012499296
0.012499296
0.012499296
0.012499297
0.012499297
0.012499297
0.012499297
0.012499297
0.012499298
0.012499298
0.012499298
0.012499298
0.012499299
0.012499299
0.012499299
0.0124993
0.012499297
0.012499297
0.012499297
0.012499297
0.012499297
0.012499297
0.012499297
0.012499298
0.012499298
0.012499298
0.012499298
0.012499298
0.012499299
0.012499299
0.012499299
0.012499299
0.0124993
0.0124993
0.0124993
0.0124993
0.012499297
0.012499297
0.012499297
0.012499297
0.012499297
0.012499298
0.012499298
0.012499298
0.012499298
0.012499298
0.012499299
0.012499299
0.012499299
0.012499299
0.012499299
0.0124993
0.0124993
0.0124993
0.012499301
0.012499301
0.012499297
0.012499297
0.012499297
0.012499297
0.012499298
0.012499298
0.012499298
0.012499298
0.012499298
0.012499298
0.012499299
0.012499299
0.012499299
0.012499299
0.0124993
0.0124993
0.0124993
0.0124993
0.012499301
0.012499301
0.012499297
0.012499297
0.012499297
0.012499298
0.012499298
0.012499298
0.012499298
0.012499298
0.012499298
0.012499299
0.012499299
0.012499299
0.012499299
0.012499299
0.0124993
0.0124993
0.0124993
0.0124993
0.012499301
0.012499301
0.012499297
0.012499297
0.012499297
0.012499298
0.012499298
0.012499298
0.012499298
0.012499298
0.012499298
0.012499299
0.012499299
0.012499299
0.012499299
0.012499299
0.0124993
0.0124993
0.0124993
0.012499301
0.012499301
0.012499301
0.012499297
0.012499297
0.012499297
0.012499298
0.012499298
0.012499298
0.012499298
0.012499298
0.012499298
0.012499299
0.012499299
0.012499299
0.012499299
0.012499299
0.0124993
0.0124993
0.0124993
0.012499301
0.012499301
0.012499301
0.012499297
0.012499297
0.012499297
0.012499298
0.012499298
0.012499298
0.012499298
0.012499298
0.012499298
0.012499299
0.012499299
0.012499299
0.012499299
0.012499299
0.0124993
0.0124993
0.0124993
0.012499301
0.012499301
0.012499301
0.012499297
0.012499297
0.012499297
0.012499298
0.012499298
0.012499298
0.012499298
0.012499298
0.012499298
0.012499299
0.012499299
0.012499299
0.012499299
0.012499299
0.0124993
0.0124993
0.0124993
0.012499301
0.012499301
0.012499301
0.012499297
0.012499297
0.012499297
0.012499298
0.012499298
0.012499298
0.012499298
0.012499298
0.012499298
0.012499299
0.012499299
0.012499299
0.012499299
0.012499299
0.0124993
0.0124993
0.0124993
0.012499301
0.012499301
0.012499301
0.012499297
0.012499297
0.012499297
0.012499298
0.012499298
0.012499298
0.012499298
0.012499298
0.012499298
0.012499299
0.012499299
0.012499299
0.012499299
0.012499299
0.0124993
0.0124993
0.0124993
0.012499301
0.012499301
0.012499301
0.012499297
0.012499297
0.012499297
0.012499298
0.012499298
0.012499298
0.012499298
0.012499298
0.012499298
0.012499299
0.012499299
0.012499299
0.012499299
0.012499299
0.0124993
0.0124993
0.0124993
0.012499301
0.012499301
0.012499301
0.012499297
0.012499297
0.012499297
0.012499298
0.012499298
0.012499298
0.012499298
0.012499298
0.012499298
0.012499299
0.012499299
0.012499299
0.012499299
0.012499299
0.0124993
0.0124993
0.0124993
0.012499301
0.012499301
0.012499301
0.012499297
0.012499297
0.012499297
0.012499298
0.012499298
0.012499298
0.012499298
0.012499298
0.012499298
0.012499299
0.012499299
0.012499299
0.012499299
0.012499299
0.0124993
0.0124993
0.0124993
0.012499301
0.012499301
0.012499301
0.012499297
0.012499297
0.012499297
0.012499298
0.012499298
0.012499298
0.012499298
0.012499298
0.012499298
0.012499299
0.012499299
0.012499299
0.012499299
0.012499299
0.0124993
0.0124993
0.0124993
0.012499301
0.012499301
0.012499301
0.012499297
0.012499297
0.012499297
0.012499298
0.012499298
0.012499298
0.012499298
0.012499298
0.012499298
0.012499299
0.012499299
0.012499299
0.012499299
0.012499299
0.0124993
0.0124993
0.0124993
0.012499301
0.012499301
0.012499301
0.012499297
0.012499297
0.012499297
0.012499298
0.012499298
0.012499298
0.012499298
0.012499298
0.012499298
0.012499299
0.012499299
0.012499299
0.012499299
0.012499299
0.0124993
0.0124993
0.0124993
0.012499301
0.012499301
0.012499301
0.012499297
0.012499297
0.012499297
0.012499298
0.012499298
0.012499298
0.012499298
0.012499298
0.012499298
0.012499299
0.012499299
0.012499299
0.012499299
0.012499299
0.0124993
0.0124993
0.0124993
0.012499301
0.012499301
0.012499301
0.012499297
0.012499297
0.012499297
0.012499298
0.012499298
0.012499298
0.012499298
0.012499298
0.012499298
0.012499299
0.012499299
0.012499299
0.012499299
0.012499299
0.0124993
0.0124993
0.0124993
0.012499301
0.012499301
0.012499301
0.012499297
0.012499297
0.012499297
0.012499298
0.012499298
0.012499298
0.012499298
0.012499298
0.012499298
0.012499299
0.012499299
0.012499299
0.012499299
0.012499299
0.0124993
0.0124993
0.0124993
0.012499301
0.012499301
0.012499301
0.012499297
0.012499297
0.012499297
0.012499298
0.012499298
0.012499298
0.012499298
0.012499298
0.012499298
0.012499299
0.012499299
0.012499299
0.012499299
0.012499299
0.0124993
0.0124993
0.0124993
0.012499301
0.012499301
0.012499301
0.012499297
0.012499297
0.012499297
0.012499298
0.012499298
0.012499298
0.012499298
0.012499298
0.012499298
0.012499299
0.012499299
0.012499299
0.012499299
0.012499299
0.0124993
0.0124993
0.0124993
0.012499301
0.012499301
0.012499301
0.012499297
0.012499297
0.012499297
0.012499298
0.012499298
0.012499298
0.012499298
0.012499298
0.012499298
0.012499299
0.012499299
0.012499299
0.012499299
0.012499299
0.0124993
0.0124993
0.0124993
0.012499301
0.012499301
0.012499301
0.012499297
0.012499297
0.012499297
0.012499298
0.012499298
0.012499298
0.012499298
0.012499298
0.012499298
0.012499299
0.012499299
0.012499299
0.012499299
0.012499299
0.0124993
0.0124993
0.0124993
0.012499301
0.012499301
0.012499301
0.012499297
0.012499297
0.012499297
0.012499298
0.012499298
0.012499298
0.012499298
0.012499298
0.012499298
0.012499299
0.012499299
0.012499299
0.012499299
0.012499299
0.0124993
0.0124993
0.0124993
0.012499301
0.012499301
0.012499301
0.012499297
0.012499297
0.012499297
0.012499298
0.012499298
0.012499298
0.012499298
0.012499298
0.012499298
0.012499299
0.012499299
0.012499299
0.012499299
0.012499299
0.0124993
0.0124993
0.0124993
0.012499301
0.012499301
0.012499301
0.012499297
0.012499297
0.012499297
0.012499298
0.012499298
0.012499298
0.012499298
0.012499298
0.012499298
0.012499299
0.012499299
0.012499299
0.012499299
0.012499299
0.0124993
0.0124993
0.0124993
0.012499301
0.012499301
0.012499301
0.012499297
0.012499297
0.012499297
0.012499298
0.012499298
0.012499298
0.012499298
0.012499298
0.012499298
0.012499299
0.012499299
0.012499299
0.012499299
0.012499299
0.0124993
0.0124993
0.0124993
0.012499301
0.012499301
0.012499301
0.012499297
0.012499297
0.012499297
0.012499298
0.012499298
0.012499298
0.012499298
0.012499298
0.012499298
0.012499299
0.012499299
0.012499299
0.012499299
0.012499299
0.0124993
0.0124993
0.0124993
0.012499301
0.012499301
0.012499301
0.012499297
0.012499297
0.012499297
0.012499298
0.012499298
0.012499298
0.012499298
0.012499298
0.012499298
0.012499299
0.012499299
0.012499299
0.012499299
0.012499299
0.0124993
0.0124993
0.0124993
0.012499301
0.012499301
0.012499301
0.012499297
0.012499297
0.012499297
0.012499298
0.012499298
0.012499298
0.012499298
0.012499298
0.012499298
0.012499299
0.012499299
0.012499299
0.012499299
0.012499299
0.0124993
0.0124993
0.0124993
0.012499301
0.012499301
0.012499301
0.012499297
0.012499297
0.012499297
0.012499298
0.012499298
0.012499298
0.012499298
0.012499298
0.012499298
0.012499299
0.012499299
0.012499299
0.012499299
0.012499299
0.0124993
0.0124993
0.0124993
0.012499301
0.012499301
0.012499301
0.012499297
0.012499297
0.012499297
0.012499298
0.012499298
0.012499298
0.012499298
0.012499298
0.012499298
0.012499299
0.012499299
0.012499299
0.012499299
0.012499299
0.0124993
0.0124993
0.0124993
0.012499301
0.012499301
0.012499301
0.012499297
0.012499297
0.012499297
0.012499298
0.012499298
0.012499298
0.012499298
0.012499298
0.012499298
0.012499299
0.012499299
0.012499299
0.012499299
0.012499299
0.0124993
0.0124993
0.0124993
0.012499301
0.012499301
0.012499301
0.012499297
0.012499297
0.012499297
0.012499298
0.012499298
0.012499298
0.012499298
0.012499298
0.012499298
0.012499299
0.012499299
0.012499299
0.012499299
0.012499299
0.0124993
0.0124993
0.0124993
0.012499301
0.012499301
0.012499301
0.012499297
0.012499297
0.012499297
0.012499298
0.012499298
0.012499298
0.012499298
0.012499298
0.012499298
0.012499299
0.012499299
0.012499299
0.012499299
0.012499299
0.0124993
0.0124993
0.0124993
0.012499301
0.012499301
0.012499301
0.012499297
0.012499297
0.012499297
0.012499298
0.012499298
0.012499298
0.012499298
0.012499298
0.012499298
0.012499299
0.012499299
0.012499299
0.012499299
0.012499299
0.0124993
0.0124993
0.0124993
0.012499301
0.012499301
0.012499301
0.012499297
0.012499297
0.012499297
0.012499298
0.012499298
0.012499298
0.012499298
0.012499298
0.012499298
0.012499299
0.012499299
0.012499299
0.012499299
0.012499299
0.0124993
0.0124993
0.0124993
0.012499301
0.012499301
0.012499301
0.012499297
0.012499297
0.012499297
0.012499298
0.012499298
0.012499298
0.012499298
0.012499298
0.012499298
0.012499299
0.012499299
0.012499299
0.012499299
0.012499299
0.0124993
0.0124993
0.0124993
0.0124993
0.012499301
0.012499301
0.012499297
0.012499297
0.012499297
0.012499298
0.012499298
0.012499298
0.012499298
0.012499298
0.012499298
0.012499299
0.012499299
0.012499299
0.012499299
0.012499299
0.0124993
0.0124993
0.0124993
0.0124993
0.012499301
0.012499301
0.012499297
0.012499297
0.012499297
0.012499297
0.012499298
0.012499298
0.012499298
0.012499298
0.012499298
0.012499299
0.012499299
0.012499299
0.012499299
0.012499299
0.0124993
0.0124993
0.0124993
0.0124993
0.012499301
0.012499301
0.012499297
0.012499297
0.012499297
0.012499297
0.012499298
0.012499298
0.012499298
0.012499298
0.012499298
0.012499299
0.012499299
0.012499299
0.012499299
0.012499299
0.0124993
0.0124993
0.0124993
0.0124993
0.012499301
0.012499301
0.012499297
0.012499297
0.012499297
0.012499297
0.012499298
0.012499298
0.012499298
0.012499298
0.012499298
0.012499299
0.012499299
0.012499299
0.012499299
0.012499299
0.0124993
0.0124993
0.0124993
0.0124993
0.012499301
0.012499301
0.012499297
0.012499297
0.012499297
0.012499297
0.012499298
0.012499298
0.012499298
0.012499298
0.012499298
0.012499298
0.012499299
0.012499299
0.012499299
0.012499299
0.0124993
0.0124993
0.0124993
0.0124993
0.012499301
0.012499301
0.012499297
0.012499297
0.012499297
0.012499297
0.012499298
0.012499298
0.012499298
0.012499298
0.012499298
0.012499298
0.012499299
0.012499299
0.012499299
0.012499299
0.0124993
0.0124993
0.0124993
0.0124993
0.012499301
0.012499301
0.012499297
0.012499297
0.012499297
0.012499297
0.012499298
0.012499298
0.012499298
0.012499298
0.012499298
0.012499298
0.012499299
0.012499299
0.012499299
0.012499299
0.0124993
0.0124993
0.0124993
0.0124993
0.012499301
0.012499301
0.012499297
0.012499297
0.012499297
0.012499297
0.012499298
0.012499298
0.012499298
0.012499298
0.012499298
0.012499298
0.012499299
0.012499299
0.012499299
0.012499299
0.0124993
0.0124993
0.0124993
0.0124993
0.012499301
0.012499301
0.012499297
0.012499297
0.012499297
0.012499297
0.012499298
0.012499298
0.012499298
0.012499298
0.012499298
0.012499298
0.012499299
0.012499299
0.012499299
0.012499299
0.0124993
0.0124993
0.0124993
0.0124993
0.012499301
0.012499301
0.012498197
0.012498181
0.012498165
0.01249815
0.012498138
0.012498127
0.012498118
0.012498111
0.012498107
0.012498105
0.012498105
0.012498107
0.012498112
0.01249812
0.012498129
0.012498141
0.012498154
0.012498169
0.012498185
0.012498202
0.012498546
0.012498544
0.012498543
0.012498542
0.012498541
0.01249854
0.01249854
0.012498539
0.012498539
0.012498539
0.012498539
0.01249854
0.012498541
0.012498542
0.012498543
0.012498544
0.012498546
0.012498547
0.012498549
0.012498551
0.012498787
0.012498787
0.012498787
0.012498788
0.012498788
0.012498789
0.012498789
0.01249879
0.01249879
0.01249879
0.012498791
0.012498791
0.012498791
0.012498791
0.012498791
0.012498791
0.012498791
0.012498792
0.012498792
0.012498792
0.012498958
0.012498959
0.012498959
0.01249896
0.01249896
0.012498961
0.012498961
0.012498962
0.012498962
0.012498962
0.012498963
0.012498963
0.012498963
0.012498963
0.012498963
0.012498963
0.012498963
0.012498963
0.012498964
0.012498964
0.01249908
0.01249908
0.012499081
0.012499081
0.012499082
0.012499082
0.012499083
0.012499083
0.012499083
0.012499084
0.012499084
0.012499084
0.012499084
0.012499085
0.012499085
0.012499085
0.012499085
0.012499085
0.012499085
0.012499085
0.012499163
0.012499163
0.012499164
0.012499164
0.012499165
0.012499165
0.012499166
0.012499166
0.012499166
0.012499167
0.012499167
0.012499167
0.012499167
0.012499168
0.012499168
0.012499168
0.012499168
0.012499168
0.012499168
0.012499168
0.012499217
0.012499218
0.012499218
0.012499219
0.012499219
0.01249922
0.01249922
0.01249922
0.012499221
0.012499221
0.012499221
0.012499222
0.012499222
0.012499222
0.012499222
0.012499222
0.012499222
0.012499223
0.012499223
0.012499223
0.012499252
0.012499252
0.012499253
0.012499253
0.012499253
0.012499254
0.012499254
0.012499254
0.012499255
0.012499255
0.012499255
0.012499256
0.012499256
0.012499256
0.012499256
0.012499256
0.012499257
0.012499257
0.012499257
0.012499257
0.012499272
0.012499273
0.012499273
0.012499274
0.012499274
0.012499274
0.012499275
0.012499275
0.012499275
0.012499276
0.012499276
0.012499276
0.012499276
0.012499277
0.012499277
0.012499277
0.012499277
0.012499277
0.012499278
0.012499278
0.012499284
0.012499285
0.012499285
0.012499285
0.012499286
0.012499286
0.012499286
0.012499287
0.012499287
0.012499287
0.012499288
0.012499288
0.012499288
0.012499288
0.012499289
0.012499289
0.012499289
0.012499289
0.01249929
0.01249929
0.012499291
0.012499291
0.012499292
0.012499292
0.012499292
0.012499293
0.012499293
0.012499293
0.012499293
0.012499294
0.012499294
0.012499294
0.012499295
0.012499295
0.012499295
0.012499295
0.012499296
0.012499296
0.012499296
0.012499296
0.012499294
0.012499295
0.012499295
0.012499295
0.012499296
0.012499296
0.012499296
0.012499297
0.012499297
0.012499297
0.012499297
0.012499298
0.012499298
0.012499298
0.012499299
0.012499299
0.012499299
0.012499299
0.0124993
0.0124993
0.012499296
0.012499296
0.012499297
0.012499297
0.012499297
0.012499298
0.012499298
0.012499298
0.012499299
0.012499299
0.012499299
0.012499299
0.0124993
0.0124993
0.0124993
0.0124993
0.012499301
0.012499301
0.012499301
0.012499302
0.012499297
0.012499297
0.012499298
0.012499298
0.012499298
0.012499299
0.012499299
0.012499299
0.012499299
0.0124993
0.0124993
0.0124993
0.012499301
0.012499301
0.012499301
0.012499301
0.012499302
0.012499302
0.012499302
0.012499302
0.012499297
0.012499298
0.012499298
0.012499298
0.012499299
0.012499299
0.012499299
0.0124993
0.0124993
0.0124993
0.0124993
0.012499301
0.012499301
0.012499301
0.012499301
0.012499302
0.012499302
0.012499302
0.012499303
0.012499303
0.012499298
0.012499298
0.012499298
0.012499298
0.012499299
0.012499299
0.012499299
0.0124993
0.0124993
0.0124993
0.012499301
0.012499301
0.012499301
0.012499301
0.012499302
0.012499302
0.012499302
0.012499302
0.012499303
0.012499303
0.012499298
0.012499298
0.012499298
0.012499299
0.012499299
0.012499299
0.012499299
0.0124993
0.0124993
0.0124993
0.012499301
0.012499301
0.012499301
0.012499301
0.012499302
0.012499302
0.012499302
0.012499302
0.012499303
0.012499303
0.012499298
0.012499298
0.012499298
0.012499299
0.012499299
0.012499299
0.012499299
0.0124993
0.0124993
0.0124993
0.012499301
0.012499301
0.012499301
0.012499301
0.012499302
0.012499302
0.012499302
0.012499302
0.012499303
0.012499303
0.012499298
0.012499298
0.012499298
0.012499299
0.012499299
0.012499299
0.012499299
0.0124993
0.0124993
0.0124993
0.012499301
0.012499301
0.012499301
0.012499301
0.012499302
0.012499302
0.012499302
0.012499303
0.012499303
0.012499303
0.012499298
0.012499298
0.012499298
0.012499299
0.012499299
0.012499299
0.012499299
0.0124993
0.0124993
0.0124993
0.012499301
0.012499301
0.012499301
0.012499301
0.012499302
0.012499302
0.012499302
0.012499302
0.012499303
0.012499303
0.012499298
0.012499298
0.012499298
0.012499299
0.012499299
0.012499299
0.012499299
0.0124993
0.0124993
0.0124993
0.012499301
0.012499301
0.012499301
0.012499301
0.012499302
0.012499302
0.012499302
0.012499303
0.012499303
0.012499303
0.012499298
0.012499298
0.012499298
0.012499299
0.012499299
0.012499299
0.012499299
0.0124993
0.0124993
0.0124993
0.012499301
0.012499301
0.012499301
0.012499301
0.012499302
0.012499302
0.012499302
0.012499302
0.012499303
0.012499303
0.012499298
0.012499298
0.012499298
0.012499299
0.012499299
0.012499299
0.012499299
0.0124993
0.0124993
0.0124993
0.012499301
0.012499301
0.012499301
0.012499301
0.012499302
0.012499302
0.012499302
0.012499302
0.012499303
0.012499303
0.012499298
0.012499298
0.012499298
0.012499299
0.012499299
0.012499299
0.012499299
0.0124993
0.0124993
0.0124993
0.012499301
0.012499301
0.012499301
0.012499301
0.012499302
0.012499302
0.012499302
0.012499302
0.012499303
0.012499303
0.012499298
0.012499298
0.012499298
0.012499299
0.012499299
0.012499299
0.012499299
0.0124993
0.0124993
0.0124993
0.012499301
0.012499301
0.012499301
0.012499301
0.012499302
0.012499302
0.012499302
0.012499302
0.012499303
0.012499303
0.012499298
0.012499298
0.012499298
0.012499299
0.012499299
0.012499299
0.012499299
0.0124993
0.0124993
0.0124993
0.012499301
0.012499301
0.012499301
0.012499301
0.012499302
0.012499302
0.012499302
0.012499302
0.012499303
0.012499303
0.012499298
0.012499298
0.012499298
0.012499299
0.012499299
0.012499299
0.012499299
0.0124993
0.0124993
0.0124993
0.012499301
0.012499301
0.012499301
0.012499301
0.012499302
0.012499302
0.012499302
0.012499302
0.012499303
0.012499303
0.012499298
0.012499298
0.012499298
0.012499299
0.012499299
0.012499299
0.012499299
0.0124993
0.0124993
0.0124993
0.012499301
0.012499301
0.012499301
0.012499301
0.012499302
0.012499302
0.012499302
0.012499302
0.012499303
0.012499303
0.012499298
0.012499298
0.012499298
0.012499299
0.012499299
0.012499299
0.012499299
0.0124993
0.0124993
0.0124993
0.012499301
0.012499301
0.012499301
0.012499301
0.012499302
0.012499302
0.012499302
0.012499302
0.012499303
0.012499303
0.012499298
0.012499298
0.012499298
0.012499299
0.012499299
0.012499299
0.012499299
0.0124993
0.0124993
0.0124993
0.012499301
0.012499301
0.012499301
0.012499301
0.012499302
0.012499302
0.012499302
0.012499302
0.012499303
0.012499303
0.012499298
0.012499298
0.012499298
0.012499299
0.012499299
0.012499299
0.012499299
0.0124993
0.0124993
0.0124993
0.012499301
0.012499301
0.012499301
0.012499301
0.012499302
0.012499302
0.012499302
0.012499302
0.012499303
0.012499303
0.012499298
0.012499298
0.012499298
0.012499299
0.012499299
0.012499299
0.012499299
0.0124993
0.0124993
0.0124993
0.012499301
0.012499301
0.012499301
0.012499301
0.012499302
0.012499302
0.012499302
0.012499302
0.012499303
0.012499303
0.012499298
0.012499298
0.012499298
0.012499299
0.012499299
0.012499299
0.012499299
0.0124993
0.0124993
0.0124993
0.012499301
0.012499301
0.012499301
0.012499301
0.012499302
0.012499302
0.012499302
0.012499302
0.012499303
0.012499303
0.012499298
0.012499298
0.012499298
0.012499299
0.012499299
0.012499299
0.012499299
0.0124993
0.0124993
0.0124993
0.012499301
0.012499301
0.012499301
0.012499301
0.012499302
0.012499302
0.012499302
0.012499302
0.012499303
0.012499303
0.012499298
0.012499298
0.012499298
0.012499299
0.012499299
0.012499299
0.012499299
0.0124993
0.0124993
0.0124993
0.012499301
0.012499301
0.012499301
0.012499301
0.012499302
0.012499302
0.012499302
0.012499302
0.012499303
0.012499303
0.012499298
0.012499298
0.012499298
0.012499299
0.012499299
0.012499299
0.012499299
0.0124993
0.0124993
0.0124993
0.012499301
0.012499301
0.012499301
0.012499301
0.012499302
0.012499302
0.012499302
0.012499302
0.012499303
0.012499303
0.012499298
0.012499298
0.012499298
0.012499299
0.012499299
0.012499299
0.012499299
0.0124993
0.0124993
0.0124993
0.012499301
0.012499301
0.012499301
0.012499301
0.012499302
0.012499302
0.012499302
0.012499302
0.012499303
0.012499303
0.012499298
0.012499298
0.012499298
0.012499299
0.012499299
0.012499299
0.012499299
0.0124993
0.0124993
0.0124993
0.012499301
0.012499301
0.012499301
0.012499301
0.012499302
0.012499302
0.012499302
0.012499302
0.012499303
0.012499303
0.012499298
0.012499298
0.012499298
0.012499299
0.012499299
0.012499299
0.012499299
0.0124993
0.0124993
0.0124993
0.012499301
0.012499301
0.012499301
0.012499301
0.012499302
0.012499302
0.012499302
0.012499302
0.012499303
0.012499303
0.012499298
0.012499298
0.012499298
0.012499299
0.012499299
0.012499299
0.012499299
0.0124993
0.0124993
0.0124993
0.012499301
0.012499301
0.012499301
0.012499301
0.012499302
0.012499302
0.012499302
0.012499302
0.012499303
0.012499303
0.012499298
0.012499298
0.012499298
0.012499299
0.012499299
0.012499299
0.012499299
0.0124993
0.0124993
0.0124993
0.012499301
0.012499301
0.012499301
0.012499301
0.012499302
0.012499302
0.012499302
0.012499302
0.012499303
0.012499303
0.012499298
0.012499298
0.012499298
0.012499299
0.012499299
0.012499299
0.012499299
0.0124993
0.0124993
0.0124993
0.012499301
0.012499301
0.012499301
0.012499301
0.012499302
0.012499302
0.012499302
0.012499302
0.012499303
0.012499303
0.012499298
0.012499298
0.012499298
0.012499299
0.012499299
0.012499299
0.012499299
0.0124993
0.0124993
0.0124993
0.012499301
0.012499301
0.012499301
0.012499301
0.012499302
0.012499302
0.012499302
0.012499302
0.012499303
0.012499303
0.012499298
0.012499298
0.012499298
0.012499299
0.012499299
0.012499299
0.012499299
0.0124993
0.0124993
0.0124993
0.012499301
0.012499301
0.012499301
0.012499301
0.012499302
0.012499302
0.012499302
0.012499302
0.012499303
0.012499303
0.012499298
0.012499298
0.012499298
0.012499299
0.012499299
0.012499299
0.012499299
0.0124993
0.0124993
0.0124993
0.012499301
0.012499301
0.012499301
0.012499301
0.012499302
0.012499302
0.012499302
0.012499302
0.012499303
0.012499303
0.012499298
0.012499298
0.012499298
0.012499299
0.012499299
0.012499299
0.012499299
0.0124993
0.0124993
0.0124993
0.012499301
0.012499301
0.012499301
0.012499301
0.012499302
0.012499302
0.012499302
0.012499302
0.012499303
0.012499303
0.012499298
0.012499298
0.012499298
0.012499299
0.012499299
0.012499299
0.012499299
0.0124993
0.0124993
0.0124993
0.012499301
0.012499301
0.012499301
0.012499301
0.012499302
0.012499302
0.012499302
0.012499302
0.012499303
0.012499303
0.012499298
0.012499298
0.012499298
0.012499299
0.012499299
0.012499299
0.012499299
0.0124993
0.0124993
0.0124993
0.012499301
0.012499301
0.012499301
0.012499301
0.012499302
0.012499302
0.012499302
0.012499302
0.012499303
0.012499303
0.012499298
0.012499298
0.012499298
0.012499299
0.012499299
0.012499299
0.012499299
0.0124993
0.0124993
0.0124993
0.012499301
0.012499301
0.012499301
0.012499301
0.012499302
0.012499302
0.012499302
0.012499302
0.012499303
0.012499303
0.012499298
0.012499298
0.012499298
0.012499299
0.012499299
0.012499299
0.012499299
0.0124993
0.0124993
0.0124993
0.012499301
0.012499301
0.012499301
0.012499301
0.012499302
0.012499302
0.012499302
0.012499302
0.012499303
0.012499303
0.012499298
0.012499298
0.012499298
0.012499299
0.012499299
0.012499299
0.012499299
0.0124993
0.0124993
0.0124993
0.012499301
0.012499301
0.012499301
0.012499301
0.012499302
0.012499302
0.012499302
0.012499302
0.012499303
0.012499303
0.012499298
0.012499298
0.012499298
0.012499299
0.012499299
0.012499299
0.012499299
0.0124993
0.0124993
0.0124993
0.012499301
0.012499301
0.012499301
0.012499301
0.012499302
0.012499302
0.012499302
0.012499302
0.012499303
0.012499303
0.012499298
0.012499298
0.012499298
0.012499299
0.012499299
0.012499299
0.012499299
0.0124993
0.0124993
0.0124993
0.012499301
0.012499301
0.012499301
0.012499301
0.012499302
0.012499302
0.012499302
0.012499302
0.012499303
0.012499303
0.012499298
0.012499298
0.012499298
0.012499299
0.012499299
0.012499299
0.012499299
0.0124993
0.0124993
0.0124993
0.012499301
0.012499301
0.012499301
0.012499301
0.012499302
0.012499302
0.012499302
0.012499302
0.012499303
0.012499303
0.012499298
0.012499298
0.012499298
0.012499298
0.012499299
0.012499299
0.012499299
0.0124993
0.0124993
0.0124993
0.012499301
0.012499301
0.012499301
0.012499301
0.012499302
0.012499302
0.012499302
0.012499302
0.012499303
0.012499303
0.012499298
0.012499298
0.012499298
0.012499298
0.012499299
0.012499299
0.012499299
0.0124993
0.0124993
0.0124993
0.012499301
0.012499301
0.012499301
0.012499301
0.012499302
0.012499302
0.012499302
0.012499302
0.012499303
0.012499303
0.012499298
0.012499298
0.012499298
0.012499298
0.012499299
0.012499299
0.012499299
0.0124993
0.0124993
0.0124993
0.012499301
0.012499301
0.012499301
0.012499301
0.012499302
0.012499302
0.012499302
0.012499302
0.012499303
0.012499303
0.012499298
0.012499298
0.012499298
0.012499298
0.012499299
0.012499299
0.012499299
0.0124993
0.0124993
0.0124993
0.012499301
0.012499301
0.012499301
0.012499301
0.012499302
0.012499302
0.012499302
0.012499302
0.012499303
0.012499303
0.012499297
0.012499298
0.012499298
0.012499298
0.012499299
0.012499299
0.012499299
0.0124993
0.0124993
0.0124993
0.0124993
0.012499301
0.012499301
0.012499301
0.012499302
0.012499302
0.012499302
0.012499302
0.012499303
0.012499303
0.012499297
0.012499298
0.012499298
0.012499298
0.012499299
0.012499299
0.012499299
0.0124993
0.0124993
0.0124993
0.0124993
0.012499301
0.012499301
0.012499301
0.012499302
0.012499302
0.012499302
0.012499302
0.012499303
0.012499303
0.012498343
0.012498338
0.012498332
0.012498326
0.01249832
0.012498315
0.012498311
0.012498307
0.012498305
0.012498304
0.012498305
0.012498306
0.012498309
0.012498312
0.012498317
0.012498322
0.012498329
0.012498335
0.012498342
0.01249824
0.012498241
0.012498241
0.012498241
0.012498241
0.012498241
0.012498242
0.012498244
0.012498246
0.01249825
0.012498255
0.01249826
0.012498267
0.012498275
0.012498284
0.012498294
0.012498305
0.012498316
0.012498327
0.012498348
0.012498338
0.01249861
0.012498612
0.012498614
0.012498615
0.012498616
0.012498617
0.012498618
0.012498618
0.012498619
0.012498619
0.012498619
0.01249862
0.01249862
0.012498619
0.012498619
0.012498619
0.012498618
0.012498617
0.012498616
0.012498563
0.012498566
0.01249857
0.012498573
0.012498576
0.012498579
0.012498582
0.012498584
0.012498587
0.012498589
0.012498592
0.012498594
0.012498596
0.012498598
0.012498601
0.012498602
0.012498604
0.012498606
0.012498607
0.012498614
0.012498609
0.012498815
0.012498816
0.012498818
0.012498819
0.01249882
0.012498821
0.012498822
0.012498823
0.012498823
0.012498824
0.012498824
0.012498824
0.012498824
0.012498824
0.012498823
0.012498823
0.012498822
0.012498821
0.01249882
0.012498797
0.012498798
0.0124988
0.012498802
0.012498804
0.012498805
0.012498807
0.012498808
0.01249881
0.012498811
0.012498812
0.012498813
0.012498814
0.012498814
0.012498815
0.012498815
0.012498816
0.012498816
0.012498816
0.012498819
0.012498817
0.012498972
0.012498973
0.012498974
0.012498975
0.012498975
0.012498976
0.012498977
0.012498977
0.012498978
0.012498978
0.012498978
0.012498978
0.012498978
0.012498978
0.012498978
0.012498978
0.012498978
0.012498977
0.012498977
0.012498966
0.012498967
0.012498968
0.012498969
0.01249897
0.012498971
0.012498972
0.012498972
0.012498973
0.012498973
0.012498974
0.012498974
0.012498975
0.012498975
0.012498975
0.012498975
0.012498975
0.012498975
0.012498975
0.012498976
0.012498975
0.012499087
0.012499088
0.012499088
0.012499089
0.01249909
0.01249909
0.012499091
0.012499091
0.012499092
0.012499092
0.012499092
0.012499092
0.012499092
0.012499092
0.012499092
0.012499092
0.012499092
0.012499092
0.012499092
0.012499087
0.012499087
0.012499088
0.012499089
0.012499089
0.01249909
0.01249909
0.01249909
0.012499091
0.012499091
0.012499091
0.012499092
0.012499092
0.012499092
0.012499092
0.012499092
0.012499092
0.012499092
0.012499091
0.012499091
0.012499091
0.012499168
0.012499168
0.012499169
0.01249917
0.01249917
0.012499171
0.012499171
0.012499171
0.012499172
0.012499172
0.012499172
0.012499172
0.012499173
0.012499173
0.012499173
0.012499173
0.012499173
0.012499172
0.012499172
0.012499169
0.01249917
0.01249917
0.012499171
0.012499171
0.012499172
0.012499172
0.012499172
0.012499172
0.012499173
0.012499173
0.012499173
0.012499173
0.012499173
0.012499173
0.012499173
0.012499173
0.012499173
0.012499172
0.012499172
0.012499172
0.012499221
0.012499222
0.012499223
0.012499223
0.012499224
0.012499224
0.012499224
0.012499225
0.012499225
0.012499225
0.012499226
0.012499226
0.012499226
0.012499226
0.012499226
0.012499226
0.012499226
0.012499226
0.012499226
0.012499224
0.012499224
0.012499225
0.012499225
0.012499225
0.012499226
0.012499226
0.012499226
0.012499226
0.012499227
0.012499227
0.012499227
0.012499227
0.012499227
0.012499227
0.012499227
0.012499227
0.012499227
0.012499226
0.012499226
0.012499226
0.012499256
0.012499256
0.012499257
0.012499257
0.012499258
0.012499258
0.012499259
0.012499259
0.012499259
0.012499259
0.01249926
0.01249926
0.01249926
0.01249926
0.01249926
0.01249926
0.01249926
0.01249926
0.01249926
0.012499258
0.012499259
0.012499259
0.012499259
0.01249926
0.01249926
0.01249926
0.01249926
0.012499261
0.012499261
0.012499261
0.012499261
0.012499261
0.012499261
0.012499261
0.012499261
0.012499261
0.012499261
0.012499261
0.01249926
0.012499261
0.012499277
0.012499277
0.012499278
0.012499278
0.012499279
0.012499279
0.012499279
0.01249928
0.01249928
0.01249928
0.01249928
0.012499281
0.012499281
0.012499281
0.012499281
0.012499281
0.012499281
0.012499281
0.012499281
0.012499279
0.012499279
0.01249928
0.01249928
0.01249928
0.012499281
0.012499281
0.012499281
0.012499281
0.012499281
0.012499281
0.012499281
0.012499282
0.012499282
0.012499282
0.012499282
0.012499282
0.012499282
0.012499282
0.012499281
0.012499281
0.012499289
0.012499289
0.01249929
0.01249929
0.012499291
0.012499291
0.012499291
0.012499292
0.012499292
0.012499292
0.012499292
0.012499293
0.012499293
0.012499293
0.012499293
0.012499293
0.012499293
0.012499293
0.012499293
0.012499291
0.012499291
0.012499292
0.012499292
0.012499292
0.012499292
0.012499293
0.012499293
0.012499293
0.012499293
0.012499293
0.012499293
0.012499294
0.012499294
0.012499294
0.012499294
0.012499294
0.012499294
0.012499294
0.012499293
0.012499294
0.012499296
0.012499296
0.012499297
0.012499297
0.012499297
0.012499298
0.012499298
0.012499298
0.012499299
0.012499299
0.012499299
0.012499299
0.0124993
0.0124993
0.0124993
0.0124993
0.0124993
0.0124993
0.0124993
0.012499298
0.012499298
0.012499298
0.012499298
0.012499299
0.012499299
0.012499299
0.012499299
0.0124993
0.0124993
0.0124993
0.0124993
0.0124993
0.0124993
0.0124993
0.0124993
0.0124993
0.0124993
0.0124993
0.0124993
0.0124993
0.012499299
0.0124993
0.0124993
0.012499301
0.012499301
0.012499301
0.012499302
0.012499302
0.012499302
0.012499303
0.012499303
0.012499303
0.012499303
0.012499303
0.012499303
0.012499304
0.012499304
0.012499304
0.012499304
0.012499301
0.012499301
0.012499302
0.012499302
0.012499302
0.012499302
0.012499303
0.012499303
0.012499303
0.012499303
0.012499303
0.012499304
0.012499304
0.012499304
0.012499304
0.012499304
0.012499304
0.012499304
0.012499304
0.012499304
0.012499304
0.012499301
0.012499302
0.012499302
0.012499302
0.012499303
0.012499303
0.012499304
0.012499304
0.012499304
0.012499304
0.012499305
0.012499305
0.012499305
0.012499305
0.012499305
0.012499305
0.012499305
0.012499306
0.012499306
0.012499303
0.012499303
0.012499303
0.012499304
0.012499304
0.012499304
0.012499304
0.012499305
0.012499305
0.012499305
0.012499305
0.012499305
0.012499305
0.012499306
0.012499306
0.012499306
0.012499306
0.012499306
0.012499306
0.012499306
0.012499306
0.012499302
0.012499303
0.012499303
0.012499303
0.012499304
0.012499304
0.012499304
0.012499305
0.012499305
0.012499305
0.012499305
0.012499306
0.012499306
0.012499306
0.012499306
0.012499306
0.012499306
0.012499306
0.012499307
0.012499304
0.012499304
0.012499304
0.012499305
0.012499305
0.012499305
0.012499305
0.012499306
0.012499306
0.012499306
0.012499306
0.012499306
0.012499306
0.012499306
0.012499307
0.012499307
0.012499307
0.012499307
0.012499307
0.012499307
0.012499307
0.012499303
0.012499303
0.012499303
0.012499304
0.012499304
0.012499305
0.012499305
0.012499305
0.012499305
0.012499306
0.012499306
0.012499306
0.012499306
0.012499306
0.012499307
0.012499307
0.012499307
0.012499307
0.012499307
0.012499304
0.012499304
0.012499305
0.012499305
0.012499305
0.012499305
0.012499306
0.012499306
0.012499306
0.012499306
0.012499306
0.012499307
0.012499307
0.012499307
0.012499307
0.012499307
0.012499307
0.012499307
0.012499307
0.012499307
0.012499307
0.012499303
0.012499303
0.012499304
0.012499304
0.012499304
0.012499305
0.012499305
0.012499305
0.012499306
0.012499306
0.012499306
0.012499306
0.012499306
0.012499307
0.012499307
0.012499307
0.012499307
0.012499307
0.012499307
0.012499304
0.012499305
0.012499305
0.012499305
0.012499305
0.012499306
0.012499306
0.012499306
0.012499306
0.012499306
0.012499307
0.012499307
0.012499307
0.012499307
0.012499307
0.012499307
0.012499307
0.012499307
0.012499307
0.012499307
0.012499307
0.012499303
0.012499303
0.012499304
0.012499304
0.012499304
0.012499305
0.012499305
0.012499305
0.012499306
0.012499306
0.012499306
0.012499306
0.012499307
0.012499307
0.012499307
0.012499307
0.012499307
0.012499307
0.012499307
0.012499304
0.012499305
0.012499305
0.012499305
0.012499305
0.012499306
0.012499306
0.012499306
0.012499306
0.012499307
0.012499307
0.012499307
0.012499307
0.012499307
0.012499307
0.012499307
0.012499307
0.012499307
0.012499307
0.012499307
0.012499307
0.012499303
0.012499303
0.012499304
0.012499304
0.012499304
0.012499305
0.012499305
0.012499305
0.012499306
0.012499306
0.012499306
0.012499306
0.012499307
0.012499307
0.012499307
0.012499307
0.012499307
0.012499307
0.012499307
0.012499304
0.012499305
0.012499305
0.012499305
0.012499306
0.012499306
0.012499306
0.012499306
0.012499306
0.012499307
0.012499307
0.012499307
0.012499307
0.012499307
0.012499307
0.012499307
0.012499307
0.012499307
0.012499307
0.012499307
0.012499307
0.012499303
0.012499303
0.012499304
0.012499304
0.012499304
0.012499305
0.012499305
0.012499305
0.012499306
0.012499306
0.012499306
0.012499306
0.012499307
0.012499307
0.012499307
0.012499307
0.012499307
0.012499307
0.012499307
0.012499304
0.012499305
0.012499305
0.012499305
0.012499306
0.012499306
0.012499306
0.012499306
0.012499306
0.012499307
0.012499307
0.012499307
0.012499307
0.012499307
0.012499307
0.012499307
0.012499307
0.012499307
0.012499307
0.012499307
0.012499307
0.012499303
0.012499303
0.012499304
0.012499304
0.012499304
0.012499305
0.012499305
0.012499305
0.012499306
0.012499306
0.012499306
0.012499306
0.012499307
0.012499307
0.012499307
0.012499307
0.012499307
0.012499307
0.012499307
0.012499304
0.012499305
0.012499305
0.012499305
0.012499306
0.012499306
0.012499306
0.012499306
0.012499306
0.012499307
0.012499307
0.012499307
0.012499307
0.012499307
0.012499307
0.012499307
0.012499307
0.012499307
0.012499307
0.012499307
0.012499307
0.012499303
0.012499303
0.012499304
0.012499304
0.012499304
0.012499305
0.012499305
0.012499305
0.012499306
0.012499306
0.012499306
0.012499306
0.012499307
0.012499307
0.012499307
0.012499307
0.012499307
0.012499307
0.012499307
0.012499304
0.012499305
0.012499305
0.012499305
0.012499306
0.012499306
0.012499306
0.012499306
0.012499306
0.012499307
0.012499307
0.012499307
0.012499307
0.012499307
0.012499307
0.012499307
0.012499307
0.012499307
0.012499307
0.012499307
0.012499307
0.012499303
0.012499303
0.012499304
0.012499304
0.012499304
0.012499305
0.012499305
0.012499305
0.012499306
0.012499306
0.012499306
0.012499306
0.012499307
0.012499307
0.012499307
0.012499307
0.012499307
0.012499307
0.012499307
0.012499304
0.012499305
0.012499305
0.012499305
0.012499306
0.012499306
0.012499306
0.012499306
0.012499306
0.012499307
0.012499307
0.012499307
0.012499307
0.012499307
0.012499307
0.012499307
0.012499307
0.012499307
0.012499307
0.012499307
0.012499307
0.012499303
0.012499303
0.012499304
0.012499304
0.012499304
0.012499305
0.012499305
0.012499305
0.012499306
0.012499306
0.012499306
0.012499306
0.012499307
0.012499307
0.012499307
0.012499307
0.012499307
0.012499307
0.012499307
0.012499304
0.012499305
0.012499305
0.012499305
0.012499306
0.012499306
0.012499306
0.012499306
0.012499306
0.012499307
0.012499307
0.012499307
0.012499307
0.012499307
0.012499307
0.012499307
0.012499307
0.012499307
0.012499307
0.012499307
0.012499307
0.012499303
0.012499303
0.012499304
0.012499304
0.012499304
0.012499305
0.012499305
0.012499305
0.012499306
0.012499306
0.012499306
0.012499306
0.012499307
0.012499307
0.012499307
0.012499307
0.012499307
0.012499307
0.012499307
0.012499304
0.012499305
0.012499305
0.012499305
0.012499306
0.012499306
0.012499306
0.012499306
0.012499306
0.012499307
0.012499307
0.012499307
0.012499307
0.012499307
0.012499307
0.012499307
0.012499307
0.012499307
0.012499307
0.012499307
0.012499307
0.012499303
0.012499303
0.012499304
0.012499304
0.012499304
0.012499305
0.012499305
0.012499305
0.012499306
0.012499306
0.012499306
0.012499306
0.012499307
0.012499307
0.012499307
0.012499307
0.012499307
0.012499307
0.012499307
0.012499304
0.012499305
0.012499305
0.012499305
0.012499306
0.012499306
0.012499306
0.012499306
0.012499306
0.012499307
0.012499307
0.012499307
0.012499307
0.012499307
0.012499307
0.012499307
0.012499307
0.012499307
0.012499307
0.012499307
0.012499307
0.012499303
0.012499303
0.012499304
0.012499304
0.012499304
0.012499305
0.012499305
0.012499305
0.012499306
0.012499306
0.012499306
0.012499306
0.012499307
0.012499307
0.012499307
0.012499307
0.012499307
0.012499307
0.012499307
0.012499304
0.012499305
0.012499305
0.012499305
0.012499306
0.012499306
0.012499306
0.012499306
0.012499306
0.012499307
0.012499307
0.012499307
0.012499307
0.012499307
0.012499307
0.012499307
0.012499307
0.012499307
0.012499307
0.012499307
0.012499307
0.012499303
0.012499303
0.012499304
0.012499304
0.012499304
0.012499305
0.012499305
0.012499305
0.012499306
0.012499306
0.012499306
0.012499306
0.012499307
0.012499307
0.012499307
0.012499307
0.012499307
0.012499307
0.012499307
0.012499304
0.012499305
0.012499305
0.012499305
0.012499306
0.012499306
0.012499306
0.012499306
0.012499306
0.012499307
0.012499307
0.012499307
0.012499307
0.012499307
0.012499307
0.012499307
0.012499307
0.012499307
0.012499307
0.012499307
0.012499307
0.012499303
0.012499303
0.012499304
0.012499304
0.012499304
0.012499305
0.012499305
0.012499305
0.012499306
0.012499306
0.012499306
0.012499306
0.012499307
0.012499307
0.012499307
0.012499307
0.012499307
0.012499307
0.012499307
0.012499304
0.012499305
0.012499305
0.012499305
0.012499306
0.012499306
0.012499306
0.012499306
0.012499306
0.012499307
0.012499307
0.012499307
0.012499307
0.012499307
0.012499307
0.012499307
0.012499307
0.012499307
0.012499307
0.012499307
0.012499307
0.012499303
0.012499303
0.012499304
0.012499304
0.012499304
0.012499305
0.012499305
0.012499305
0.012499306
0.012499306
0.012499306
0.012499306
0.012499307
0.012499307
0.012499307
0.012499307
0.012499307
0.012499307
0.012499307
0.012499304
0.012499305
0.012499305
0.012499305
0.012499306
0.012499306
0.012499306
0.012499306
0.012499306
0.012499307
0.012499307
0.012499307
0.012499307
0.012499307
0.012499307
0.012499307
0.012499307
0.012499307
0.012499307
0.012499307
0.012499307
0.012499303
0.012499303
0.012499304
0.012499304
0.012499304
0.012499305
0.012499305
0.012499305
0.012499306
0.012499306
0.012499306
0.012499306
0.012499307
0.012499307
0.012499307
0.012499307
0.012499307
0.012499307
0.012499307
0.012499304
0.012499305
0.012499305
0.012499305
0.012499306
0.012499306
0.012499306
0.012499306
0.012499306
0.012499307
0.012499307
0.012499307
0.012499307
0.012499307
0.012499307
0.012499307
0.012499307
0.012499307
0.012499307
0.012499307
0.012499307
0.012499303
0.012499303
0.012499304
0.012499304
0.012499304
0.012499305
0.012499305
0.012499305
0.012499306
0.012499306
0.012499306
0.012499306
0.012499307
0.012499307
0.012499307
0.012499307
0.012499307
0.012499307
0.012499307
0.012499304
0.012499305
0.012499305
0.012499305
0.012499306
0.012499306
0.012499306
0.012499306
0.012499306
0.012499307
0.012499307
0.012499307
0.012499307
0.012499307
0.012499307
0.012499307
0.012499307
0.012499307
0.012499307
0.012499307
0.012499307
0.012499303
0.012499303
0.012499304
0.012499304
0.012499304
0.012499305
0.012499305
0.012499305
0.012499306
0.012499306
0.012499306
0.012499306
0.012499307
0.012499307
0.012499307
0.012499307
0.012499307
0.012499307
0.012499307
0.012499304
0.012499305
0.012499305
0.012499305
0.012499305
0.012499306
0.012499306
0.012499306
0.012499306
0.012499307
0.012499307
0.012499307
0.012499307
0.012499307
0.012499307
0.012499307
0.012499307
0.012499307
0.012499307
0.012499307
0.012499307
0.012499303
0.012499303
0.012499304
0.012499304
0.012499304
0.012499305
0.012499305
0.012499305
0.012499306
0.012499306
0.012499306
0.012499306
0.012499307
0.012499307
0.012499307
0.012499307
0.012499307
0.012499307
0.012499307
0.012499304
0.012499305
0.012499305
0.012499305
0.012499306
0.012499306
0.012499306
0.012499306
0.012499306
0.012499307
0.012499307
0.012499307
0.012499307
0.012499307
0.012499307
0.012499307
0.012499307
0.012499307
0.012499307
0.012499307
0.012499307
0.012499303
0.012499303
0.012499304
0.012499304
0.012499304
0.012499305
0.012499305
0.012499305
0.012499306
0.012499306
0.012499306
0.012499306
0.012499307
0.012499307
0.012499307
0.012499307
0.012499307
0.012499307
0.012499307
0.012499304
0.012499305
0.012499305
0.012499305
0.012499306
0.012499306
0.012499306
0.012499306
0.012499306
0.012499307
0.012499307
0.012499307
0.012499307
0.012499307
0.012499307
0.012499307
0.012499307
0.012499307
0.012499307
0.012499307
0.012499307
0.012499303
0.012499303
0.012499304
0.012499304
0.012499304
0.012499305
0.012499305
0.012499305
0.012499306
0.012499306
0.012499306
0.012499306
0.012499307
0.012499307
0.012499307
0.012499307
0.012499307
0.012499307
0.012499307
0.012499304
0.012499305
0.012499305
0.012499305
0.012499306
0.012499306
0.012499306
0.012499306
0.012499306
0.012499307
0.012499307
0.012499307
0.012499307
0.012499307
0.012499307
0.012499307
0.012499307
0.012499307
0.012499307
0.012499307
0.012499307
0.012499303
0.012499303
0.012499304
0.012499304
0.012499304
0.012499305
0.012499305
0.012499305
0.012499306
0.012499306
0.012499306
0.012499306
0.012499307
0.012499307
0.012499307
0.012499307
0.012499307
0.012499307
0.012499307
0.012499304
0.012499305
0.012499305
0.012499305
0.012499306
0.012499306
0.012499306
0.012499306
0.012499306
0.012499307
0.012499307
0.012499307
0.012499307
0.012499307
0.012499307
0.012499307
0.012499307
0.012499307
0.012499307
0.012499307
0.012499307
0.012499303
0.012499303
0.012499304
0.012499304
0.012499304
0.012499305
0.012499305
0.012499305
0.012499306
0.012499306
0.012499306
0.012499306
0.012499307
0.012499307
0.012499307
0.012499307
0.012499307
0.012499307
0.012499307
0.012499304
0.012499305
0.012499305
0.012499305
0.012499306
0.012499306
0.012499306
0.012499306
0.012499306
0.012499307
0.012499307
0.012499307
0.012499307
0.012499307
0.012499307
0.012499307
0.012499307
0.012499307
0.012499307
0.012499307
0.012499307
0.012499303
0.012499303
0.012499304
0.012499304
0.012499304
0.012499305
0.012499305
0.012499305
0.012499306
0.012499306
0.012499306
0.012499306
0.012499307
0.012499307
0.012499307
0.012499307
0.012499307
0.012499307
0.012499307
0.012499304
0.012499305
0.012499305
0.012499305
0.012499306
0.012499306
0.012499306
0.012499306
0.012499306
0.012499307
0.012499307
0.012499307
0.012499307
0.012499307
0.012499307
0.012499307
0.012499307
0.012499307
0.012499307
0.012499307
0.012499307
0.012499303
0.012499303
0.012499304
0.012499304
0.012499304
0.012499305
0.012499305
0.012499305
0.012499306
0.012499306
0.012499306
0.012499306
0.012499307
0.012499307
0.012499307
0.012499307
0.012499307
0.012499307
0.012499307
0.012499304
0.012499305
0.012499305
0.012499305
0.012499306
0.012499306
0.012499306
0.012499306
0.012499306
0.012499307
0.012499307
0.012499307
0.012499307
0.012499307
0.012499307
0.012499307
0.012499307
0.012499307
0.012499307
0.012499307
0.012499307
0.012499303
0.012499303
0.012499304
0.012499304
0.012499304
0.012499305
0.012499305
0.012499305
0.012499306
0.012499306
0.012499306
0.012499306
0.012499307
0.012499307
0.012499307
0.012499307
0.012499307
0.012499307
0.012499307
0.012499304
0.012499305
0.012499305
0.012499305
0.012499306
0.012499306
0.012499306
0.012499306
0.012499306
0.012499307
0.012499307
0.012499307
0.012499307
0.012499307
0.012499307
0.012499307
0.012499307
0.012499307
0.012499307
0.012499307
0.012499307
0.012499303
0.012499303
0.012499304
0.012499304
0.012499304
0.012499305
0.012499305
0.012499305
0.012499306
0.012499306
0.012499306
0.012499306
0.012499307
0.012499307
0.012499307
0.012499307
0.012499307
0.012499307
0.012499307
0.012499304
0.012499305
0.012499305
0.012499305
0.012499306
0.012499306
0.012499306
0.012499306
0.012499306
0.012499307
0.012499307
0.012499307
0.012499307
0.012499307
0.012499307
0.012499307
0.012499307
0.012499307
0.012499307
0.012499307
0.012499307
0.012499303
0.012499303
0.012499304
0.012499304
0.012499304
0.012499305
0.012499305
0.012499305
0.012499306
0.012499306
0.012499306
0.012499306
0.012499307
0.012499307
0.012499307
0.012499307
0.012499307
0.012499307
0.012499307
0.012499304
0.012499305
0.012499305
0.012499305
0.012499306
0.012499306
0.012499306
0.012499306
0.012499306
0.012499307
0.012499307
0.012499307
0.012499307
0.012499307
0.012499307
0.012499307
0.012499307
0.012499307
0.012499307
0.012499307
0.012499307
0.012499303
0.012499303
0.012499304
0.012499304
0.012499304
0.012499305
0.012499305
0.012499305
0.012499306
0.012499306
0.012499306
0.012499306
0.012499307
0.012499307
0.012499307
0.012499307
0.012499307
0.012499307
0.012499307
0.012499304
0.012499305
0.012499305
0.012499305
0.012499306
0.012499306
0.012499306
0.012499306
0.012499306
0.012499307
0.012499307
0.012499307
0.012499307
0.012499307
0.012499307
0.012499307
0.012499307
0.012499307
0.012499307
0.012499307
0.012499307
0.012499303
0.012499303
0.012499304
0.012499304
0.012499304
0.012499305
0.012499305
0.012499305
0.012499306
0.012499306
0.012499306
0.012499306
0.012499307
0.012499307
0.012499307
0.012499307
0.012499307
0.012499307
0.012499307
0.012499304
0.012499305
0.012499305
0.012499305
0.012499306
0.012499306
0.012499306
0.012499306
0.012499306
0.012499307
0.012499307
0.012499307
0.012499307
0.012499307
0.012499307
0.012499307
0.012499307
0.012499307
0.012499307
0.012499307
0.012499307
0.012499303
0.012499303
0.012499304
0.012499304
0.012499304
0.012499305
0.012499305
0.012499305
0.012499306
0.012499306
0.012499306
0.012499306
0.012499307
0.012499307
0.012499307
0.012499307
0.012499307
0.012499307
0.012499307
0.012499304
0.012499305
0.012499305
0.012499305
0.012499306
0.012499306
0.012499306
0.012499306
0.012499306
0.012499307
0.012499307
0.012499307
0.012499307
0.012499307
0.012499307
0.012499307
0.012499307
0.012499307
0.012499307
0.012499307
0.012499307
0.012499303
0.012499303
0.012499304
0.012499304
0.012499304
0.012499305
0.012499305
0.012499305
0.012499306
0.012499306
0.012499306
0.012499306
0.012499307
0.012499307
0.012499307
0.012499307
0.012499307
0.012499307
0.012499307
0.012499304
0.012499305
0.012499305
0.012499305
0.012499306
0.012499306
0.012499306
0.012499306
0.012499306
0.012499307
0.012499307
0.012499307
0.012499307
0.012499307
0.012499307
0.012499307
0.012499307
0.012499307
0.012499307
0.012499307
0.012499307
0.012499303
0.012499303
0.012499304
0.012499304
0.012499304
0.012499305
0.012499305
0.012499305
0.012499306
0.012499306
0.012499306
0.012499306
0.012499307
0.012499307
0.012499307
0.012499307
0.012499307
0.012499307
0.012499307
0.012499304
0.012499305
0.012499305
0.012499305
0.012499306
0.012499306
0.012499306
0.012499306
0.012499306
0.012499307
0.012499307
0.012499307
0.012499307
0.012499307
0.012499307
0.012499307
0.012499307
0.012499307
0.012499307
0.012499307
0.012499307
0.012499303
0.012499303
0.012499304
0.012499304
0.012499304
0.012499305
0.012499305
0.012499305
0.012499306
0.012499306
0.012499306
0.012499306
0.012499307
0.012499307
0.012499307
0.012499307
0.012499307
0.012499307
0.012499307
0.012499304
0.012499305
0.012499305
0.012499305
0.012499306
0.012499306
0.012499306
0.012499306
0.012499306
0.012499307
0.012499307
0.012499307
0.012499307
0.012499307
0.012499307
0.012499307
0.012499307
0.012499307
0.012499307
0.012499307
0.012499307
0.012499303
0.012499303
0.012499304
0.012499304
0.012499304
0.012499305
0.012499305
0.012499305
0.012499306
0.012499306
0.012499306
0.012499306
0.012499307
0.012499307
0.012499307
0.012499307
0.012499307
0.012499307
0.012499307
0.012499304
0.012499305
0.012499305
0.012499305
0.012499306
0.012499306
0.012499306
0.012499306
0.012499306
0.012499307
0.012499307
0.012499307
0.012499307
0.012499307
0.012499307
0.012499307
0.012499307
0.012499307
0.012499307
0.012499307
0.012499307
0.012499303
0.012499303
0.012499304
0.012499304
0.012499304
0.012499305
0.012499305
0.012499305
0.012499306
0.012499306
0.012499306
0.012499306
0.012499307
0.012499307
0.012499307
0.012499307
0.012499307
0.012499307
0.012499307
0.012499304
0.012499305
0.012499305
0.012499305
0.012499305
0.012499306
0.012499306
0.012499306
0.012499306
0.012499307
0.012499307
0.012499307
0.012499307
0.012499307
0.012499307
0.012499307
0.012499307
0.012499307
0.012499307
0.012499307
0.012499307
0.012499303
0.012499303
0.012499304
0.012499304
0.012499304
0.012499305
0.012499305
0.012499305
0.012499306
0.012499306
0.012499306
0.012499306
0.012499307
0.012499307
0.012499307
0.012499307
0.012499307
0.012499307
0.012499307
0.012499304
0.012499305
0.012499305
0.012499305
0.012499305
0.012499306
0.012499306
0.012499306
0.012499306
0.012499307
0.012499307
0.012499307
0.012499307
0.012499307
0.012499307
0.012499307
0.012499307
0.012499307
0.012499307
0.012499307
0.012499307
0.012499303
0.012499303
0.012499304
0.012499304
0.012499304
0.012499305
0.012499305
0.012499305
0.012499306
0.012499306
0.012499306
0.012499306
0.012499307
0.012499307
0.012499307
0.012499307
0.012499307
0.012499307
0.012499307
0.012499304
0.012499305
0.012499305
0.012499305
0.012499305
0.012499306
0.012499306
0.012499306
0.012499306
0.012499307
0.012499307
0.012499307
0.012499307
0.012499307
0.012499307
0.012499307
0.012499307
0.012499307
0.012499307
0.012499307
0.012499307
0.012499303
0.012499303
0.012499304
0.012499304
0.012499304
0.012499305
0.012499305
0.012499305
0.012499306
0.012499306
0.012499306
0.012499306
0.012499307
0.012499307
0.012499307
0.012499307
0.012499307
0.012499307
0.012499307
0.012499304
0.012499305
0.012499305
0.012499305
0.012499305
0.012499306
0.012499306
0.012499306
0.012499306
0.012499307
0.012499307
0.012499307
0.012499307
0.012499307
0.012499307
0.012499307
0.012499307
0.012499307
0.012499307
0.012499307
0.012499307
0.012499303
0.012499303
0.012499304
0.012499304
0.012499304
0.012499305
0.012499305
0.012499305
0.012499306
0.012499306
0.012499306
0.012499306
0.012499307
0.012499307
0.012499307
0.012499307
0.012499307
0.012499307
0.012499307
0.012499304
0.012499305
0.012499305
0.012499305
0.012499305
0.012499306
0.012499306
0.012499306
0.012499306
0.012499307
0.012499307
0.012499307
0.012499307
0.012499307
0.012499307
0.012499307
0.012499307
0.012499307
0.012499307
0.012499307
0.012499307
0.012499303
0.012499303
0.012499304
0.012499304
0.012499304
0.012499305
0.012499305
0.012499305
0.012499306
0.012499306
0.012499306
0.012499306
0.012499306
0.012499307
0.012499307
0.012499307
0.012499307
0.012499307
0.012499307
0.012499304
0.012499305
0.012499305
0.012499305
0.012499305
0.012499306
0.012499306
0.012499306
0.012499306
0.012499307
0.012499307
0.012499307
0.012499307
0.012499307
0.012499307
0.012499307
0.012499307
0.012499307
0.012499307
0.012499307
0.012499307
0.012499303
0.012499303
0.012499304
0.012499304
0.012499304
0.012499305
0.012499305
0.012499305
0.012499306
0.012499306
0.012499306
0.012499306
0.012499306
0.012499307
0.012499307
0.012499307
0.012499307
0.012499307
0.012499307
0.012499304
0.012499305
0.012499305
0.012499305
0.012499305
0.012499306
0.012499306
0.012499306
0.012499306
0.012499306
0.012499307
0.012499307
0.012499307
0.012499307
0.012499307
0.012499307
0.012499307
0.012499307
0.012499307
0.012499307
0.012499307
0.012499303
0.012499303
0.012499304
0.012499304
0.012499304
0.012499305
0.012499305
0.012499305
0.012499306
0.012499306
0.012499306
0.012499306
0.012499306
0.012499307
0.012499307
0.012499307
0.012499307
0.012499307
0.012499307
0.012499304
0.012499305
0.012499305
0.012499305
0.012499305
0.012499306
0.012499306
0.012499306
0.012499306
0.012499306
0.012499307
0.012499307
0.012499307
0.012499307
0.012499307
0.012499307
0.012499307
0.012499307
0.012499307
0.012499307
0.012499307
0.012499303
0.012499303
0.012499304
0.012499304
0.012499304
0.012499305
0.012499305
0.012499305
0.012499306
0.012499306
0.012499306
0.012499306
0.012499306
0.012499307
0.012499307
0.012499307
0.012499307
0.012499307
0.012499307
0.012499304
0.012499305
0.012499305
0.012499305
0.012499305
0.012499306
0.012499306
0.012499306
0.012499306
0.012499306
0.012499307
0.012499307
0.012499307
0.012499307
0.012499307
0.012499307
0.012499307
0.012499307
0.012499307
0.012499307
0.012499307
0.012499303
0.012499303
0.012499304
0.012499304
0.012499304
0.012499305
0.012499305
0.012499305
0.012499306
0.012499306
0.012499306
0.012499306
0.012499306
0.012499307
0.012499307
0.012499307
0.012499307
0.012499307
0.012499307
0.012499304
0.012499304
0.012499305
0.012499305
0.012499305
0.012499306
0.012499306
0.012499306
0.012499306
0.012499306
0.012499307
0.012499307
0.012499307
0.012499307
0.012499307
0.012499307
0.012499307
0.012499307
0.012499307
0.012499307
0.012499307
0.012499303
0.012499303
0.012499304
0.012499304
0.012499304
0.012499305
0.012499305
0.012499305
0.012499306
0.012499306
0.012499306
0.012499306
0.012499306
0.012499307
0.012499307
0.012499307
0.012499307
0.012499307
0.012499307
0.012499304
0.012499304
0.012499305
0.012499305
0.012499305
0.012499306
0.012499306
0.012499306
0.012499306
0.012499306
0.012499307
0.012499307
0.012499307
0.012499307
0.012499307
0.012499307
0.012499307
0.012499307
0.012499307
0.012499307
0.012499307
)
;
        refGradient     uniform 0;
        valueFraction   nonuniform List<scalar> 
4800
(
0.99972863
0.99972863
0.99972863
0.99972863
0.99972863
0.99972863
0.99972863
0.99972863
0.99972863
0.99972863
0.99972863
0.99972863
0.99972863
0.99972863
0.99972863
0.99972863
0.99972863
0.99972863
0.99972863
0.99972863
0.99972863
0.99972863
0.99972863
0.99972863
0.99972863
0.99972863
0.99972863
0.99972863
0.99972863
0.99972863
0.99972863
0.99972863
0.99972863
0.99972863
0.99972863
0.99972863
0.99972863
0.99972863
0.99972863
0.99972863
0.99972863
0.99972863
0.99972863
0.99972863
0.99972863
0.99972863
0.99972863
0.99972863
0.99972863
0.99972863
0.99972863
0.99972863
0.99972863
0.99972863
0.99972863
0.99972863
0.99972863
0.99972863
0.99972863
0.99972863
0.99972863
0.99972863
0.99972863
0.99972863
0.99972863
0.99972863
0.99972863
0.99972863
0.99972863
0.99972863
0.99972863
0.99972863
0.99972863
0.99972863
0.99972863
0.99972863
0.99972863
0.99972863
0.99972863
0.99972863
0.99972863
0.99972863
0.99972863
0.99972863
0.99972863
0.99972863
0.99972863
0.99972863
0.99972863
0.99972863
0.99972863
0.99972863
0.99972863
0.99972863
0.99972863
0.99972863
0.99972863
0.99972863
0.99972863
0.99972863
0.99972863
0.99972863
0.99972863
0.99972863
0.99972863
0.99972863
0.99972863
0.99972863
0.99972863
0.99972863
0.99972863
0.99972863
0.99972863
0.99972863
0.99972863
0.99972863
0.99972863
0.99972863
0.99972863
0.99972863
0.99972863
0.99972863
0.99972863
0.99972863
0.99972863
0.99972863
0.99972863
0.99972863
0.99972863
0.99972863
0.99972863
0.99972863
0.99972863
0.99972863
0.99972863
0.99972863
0.99972863
0.99972863
0.99972863
0.99972863
0.99972863
0.99972863
0.99972863
0.99972863
0.99972863
0.99972863
0.99972863
0.99972863
0.99972863
0.99972863
0.99972863
0.99972863
0.99972863
0.99972863
0.99972863
0.99972863
0.99972863
0.99972863
0.99972863
0.99972863
0.99972863
0.99972863
0.99972863
0.99972863
0.99972863
0.99972863
0.99972863
0.99972863
0.99972863
0.99972863
0.99972863
0.99972863
0.99972863
0.99972863
0.99972863
0.99972863
0.99972863
0.99972863
0.99972863
0.99972863
0.99972863
0.99972863
0.99972863
0.99972863
0.99972863
0.99972863
0.99972863
0.99972863
0.99972863
0.99972863
0.99972863
0.99972863
0.99972863
0.99972863
0.99972863
0.99972863
0.99972863
0.99972863
0.99972863
0.99972863
0.99972863
0.99972863
0.99972863
0.99972863
0.99972863
0.99972863
0.99972863
0.99972863
0.99972863
0.99972863
0.99972863
0.99972863
0.99972863
0.99972863
0.99972863
0.99972863
0.99972863
0.99972863
0.99972863
0.99972863
0.99972863
0.99972863
0.99972863
0.99972863
0.99972863
0.99972863
0.99972863
0.99972863
0.99972863
0.99972863
0.99972863
0.99972863
0.99972863
0.99972863
0.99972863
0.99972863
0.99972863
0.99972863
0.99972863
0.99972863
0.99972863
0.99972863
0.99972863
0.99972863
0.99972863
0.99972863
0.99972863
0.99972863
0.99972863
0.99972863
0.99972863
0.99972863
0.99972863
0.99972863
0.99972863
0.99972863
0.99972863
0.99972863
0.99972863
0.99972863
0.99972863
0.99972863
0.99972863
0.99972863
0.99972863
0.99972863
0.99972863
0.99972863
0.99972863
0.99972863
0.99972863
0.99972863
0.99972863
0.99972863
0.99972863
0.99972863
0.99972863
0.99972863
0.99972863
0.99972863
0.99972863
0.99972863
0.99972863
0.99972863
0.99972863
0.99972863
0.99972863
0.99972863
0.99972863
0.99972863
0.99972863
0.99972863
0.99972863
0.99972863
0.99972863
0.99972863
0.99972863
0.99972863
0.99972863
0.99972863
0.99972863
0.99972863
0.99972863
0.99972863
0.99972863
0.99972863
0.99972863
0.99972863
0.99972863
0.99972863
0.99972863
0.99972863
0.99972863
0.99972863
0.99972863
0.99972863
0.99972863
0.99972863
0.99972863
0.99972863
0.99972863
0.99972863
0.99972863
0.99972863
0.99972863
0.99972863
0.99972863
0.99972863
0.99972863
0.99972863
0.99972863
0.99972863
0.99972863
0.99972863
0.99972863
0.99972863
0.99972863
0.99972863
0.99972863
0.99972863
0.99972863
0.99972863
0.99972863
0.99972863
0.99972863
0.99972863
0.99972863
0.99972863
0.99972863
0.99972863
0.99972863
0.99972863
0.99972863
0.99972863
0.99972863
0.99972863
0.99972863
0.99972863
0.99972863
0.99972863
0.99972863
0.99972863
0.99972863
0.99972863
0.99972863
0.99972863
0.99972863
0.99972863
0.99972863
0.99972863
0.99972863
0.99972863
0.99972863
0.99972863
0.99972863
0.99972863
0.99972863
0.99972863
0.99972863
0.99972863
0.99972863
0.99972863
0.99972863
0.99972863
0.99972863
0.99972863
0.99972863
0.99972863
0.99972863
0.99972863
0.99972863
0.99972863
0.99972863
0.99972863
0.99972863
0.99972863
0.99972863
0.99972863
0.99972863
0.99972863
0.99972863
0.99972863
0.99972863
0.99972863
0.99972863
0.99972863
0.99972863
0.99972863
0.99972863
0.99972863
0.99972863
0.99972863
0.99972863
0.99972863
0.99972863
0.99972863
0.99972863
0.99972863
0.99972863
0.99972863
0.99972863
0.99972863
0.99972863
0.99972863
0.99972863
0.99972863
0.99972863
0.99972863
0.99972863
0.99972863
0.99972863
0.99972863
0.99972863
0.99972863
0.99972863
0.99972863
0.99972863
0.99972863
0.99972863
0.99972863
0.99972863
0.99972863
0.99972863
0.99972863
0.99972863
0.99972863
0.99972863
0.99972863
0.99972863
0.99972863
0.99972863
0.99972863
0.99972863
0.99972863
0.99972863
0.99972863
0.99972863
0.99972863
0.99972863
0.99972863
0.99972863
0.99972863
0.99972863
0.99972863
0.99972863
0.99972863
0.99972863
0.99972863
0.99972863
0.99972863
0.99972863
0.99972863
0.99972863
0.99972863
0.99972863
0.99972863
0.99972863
0.99972863
0.99972863
0.99972863
0.99972863
0.99972863
0.99972863
0.99972863
0.99972863
0.99972863
0.99972863
0.99972863
0.99972863
0.99972863
0.99972863
0.99972863
0.99972863
0.99972863
0.99972863
0.99972863
0.99972863
0.99972863
0.99972863
0.99972863
0.99972863
0.99972863
0.99972863
0.99972863
0.99972863
0.99972863
0.99972863
0.99972863
0.99972863
0.99972863
0.99972863
0.99972863
0.99972863
0.99972863
0.99972863
0.99972863
0.99972863
0.99972863
0.99972863
0.99972863
0.99972863
0.99972863
0.99972863
0.99972863
0.99972863
0.99972863
0.99972863
0.99972863
0.99972863
0.99972863
0.99972863
0.99972863
0.99972863
0.99972863
0.99972863
0.99972863
0.99972863
0.99972863
0.99972863
0.99972863
0.99972863
0.99972863
0.99972863
0.99972863
0.99972863
0.99972863
0.99972863
0.99972863
0.99972863
0.99972863
0.99972863
0.99972863
0.99972863
0.99972863
0.99972863
0.99972863
0.99972863
0.99972863
0.99972863
0.99972863
0.99972863
0.99972863
0.99972863
0.99972863
0.99972863
0.99972863
0.99972863
0.99972863
0.99972863
0.99972863
0.99972863
0.99972863
0.99972863
0.99972863
0.99972863
0.99972863
0.99972863
0.99972863
0.99972863
0.99972863
0.99972863
0.99972863
0.99972863
0.99972863
0.99972863
0.99972863
0.99972863
0.99972863
0.99972863
0.99972863
0.99972863
0.99972863
0.99972863
0.99972863
0.99972863
0.99972863
0.99972863
0.99972863
0.99972863
0.99972863
0.99972863
0.99972863
0.99972863
0.99972863
0.99972863
0.99972863
0.99972863
0.99972863
0.99972863
0.99972863
0.99972863
0.99972863
0.99972863
0.99972863
0.99972863
0.99972863
0.99972863
0.99972863
0.99972863
0.99972863
0.99972863
0.99972863
0.99972863
0.99972863
0.99972863
0.99972863
0.99972863
0.99972863
0.99972863
0.99972863
0.99972863
0.99972863
0.99972863
0.99972863
0.99972863
0.99972863
0.99972863
0.99972863
0.99972863
0.99972863
0.99972863
0.99972863
0.99972863
0.99972863
0.99972863
0.99972863
0.99972863
0.99972863
0.99972863
0.99972863
0.99972863
0.99972863
0.99972863
0.99972863
0.99972863
0.99972863
0.99972863
0.99972863
0.99972863
0.99972863
0.99972863
0.99972863
0.99972863
0.99972863
0.99972863
0.99972863
0.99972863
0.99972863
0.99972863
0.99972863
0.99972863
0.99972863
0.99972863
0.99972863
0.99972863
0.99972863
0.99972863
0.99972863
0.99972863
0.99972863
0.99972863
0.99972863
0.99972863
0.99972863
0.99972863
0.99972863
0.99972863
0.99972863
0.99972863
0.99972863
0.99972863
0.99972863
0.99972863
0.99972863
0.99972863
0.99972863
0.99972863
0.99972863
0.99972863
0.99972863
0.99972863
0.99972863
0.99972863
0.99972863
0.99972863
0.99972863
0.99972863
0.99972863
0.99972863
0.99972863
0.99972863
0.99972863
0.99972863
0.99972863
0.99972863
0.99972863
0.99972863
0.99972863
0.99972863
0.99972863
0.99972863
0.99972863
0.99972863
0.99972863
0.99972863
0.99972863
0.99972863
0.99972863
0.99972863
0.99972863
0.99972863
0.99972863
0.99972863
0.99972863
0.99972863
0.99972863
0.99972863
0.99972863
0.99972863
0.99972863
0.99972863
0.99972863
0.99972863
0.99972863
0.99972863
0.99972863
0.99972863
0.99972863
0.99972863
0.99972863
0.99972863
0.99972863
0.99972863
0.99972863
0.99972863
0.99972863
0.99972863
0.99972863
0.99972863
0.99972863
0.99972863
0.99972863
0.99972863
0.99972863
0.99972863
0.99972863
0.99972863
0.99972863
0.99972863
0.99972863
0.99972863
0.99972863
0.99972863
0.99972863
0.99972863
0.99972863
0.99972863
0.99972863
0.99972863
0.99972863
0.99972863
0.99972863
0.99972863
0.99972863
0.99972863
0.99972863
0.99972863
0.99972863
0.99972863
0.99972863
0.99972863
0.99972863
0.99972863
0.99972863
0.99972863
0.99972863
0.99972863
0.99972863
0.99972863
0.99972863
0.99972863
0.99972863
0.99972863
0.99972863
0.99972863
0.99972863
0.99972863
0.99972863
0.99972863
0.99972863
0.99972863
0.99972863
0.99972863
0.99972863
0.99972863
0.99972863
0.99972863
0.99972863
0.99972863
0.99972863
0.99972863
0.99972863
0.99972863
0.99972863
0.99972863
0.99972863
0.99972863
0.99972863
0.99972863
0.99972863
0.99972863
0.99972863
0.99972863
0.99972863
0.99972863
0.99972863
0.99972863
0.99972863
0.99972863
0.99972863
0.99972863
0.99972863
0.99972863
0.99972863
0.99972863
0.99972863
0.99972863
0.99972863
0.99972863
0.99972863
0.99972863
0.99972863
0.99972863
0.99972863
0.99972863
0.99972863
0.99972863
0.99972863
0.99972863
0.99972863
0.99972863
0.99972863
0.99972863
0.99972863
0.99972863
0.99972863
0.99972863
0.99972863
0.99972863
0.99972863
0.99972863
0.99972863
0.99972863
0.99972863
0.99972863
0.99972863
0.99972863
0.99972863
0.99972863
0.99972863
0.99972863
0.99972863
0.99972863
0.99972863
0.99972863
0.99972863
0.99972863
0.99972863
0.99972863
0.99972863
0.99972863
0.99972863
0.99972863
0.99972863
0.99972863
0.99972863
0.99972863
0.99972863
0.99972863
0.99972863
0.99972863
0.99972863
0.99972863
0.99972863
0.99972863
0.99972863
0.99972863
0.99972863
0.99972863
0.99972863
0.99972863
0.99972863
0.99972863
0.99972863
0.99972863
0.99972863
0.99972863
0.99972863
0.99972863
0.99972863
0.99972863
0.99972863
0.99972863
0.99972863
0.99972863
0.99972863
0.99972863
0.99972863
0.99972863
0.99972863
0.99972863
0.99972863
0.99972863
0.99972863
0.99972863
0.99972863
0.99972863
0.99972863
0.99972863
0.99972863
0.99972863
0.99972863
0.99972863
0.99972863
0.99972863
0.99972863
0.99972863
0.99972863
0.99972863
0.99972863
0.99972863
0.99972863
0.99972863
0.99972863
0.99972863
0.99972863
0.99972863
0.99972863
0.99972863
0.99972863
0.99972863
0.99972863
0.99972863
0.99972863
0.99972863
0.99972863
0.99972863
0.99972863
0.99972863
0.99972863
0.99972863
0.99972863
0.99972863
0.99972863
0.99972863
0.99972863
0.99972863
0.99972863
0.99972863
0.99972863
0.99972863
0.99972863
0.99972863
0.99972863
0.99972863
0.99972863
0.99972863
0.99972863
0.99972863
0.99972863
0.99972863
0.99972863
0.99972863
0.99972863
0.99972863
0.99972863
0.99972863
0.99972863
0.99972863
0.99972863
0.99972863
0.99972863
0.99972863
0.99972863
0.99972863
0.99972863
0.99972863
0.99972863
0.99972863
0.99972863
0.99972863
0.99972863
0.99972863
0.99972863
0.99972863
0.99972863
0.99972863
0.99972863
0.99972863
0.99972863
0.99972863
0.99972863
0.99972863
0.99972863
0.99972863
0.99972863
0.99972863
0.99972863
0.99972863
0.99972863
0.99972863
0.99972863
0.99972863
0.99972863
0.99972863
0.99972863
0.99972863
0.99972863
0.99972863
0.99972863
0.99972863
0.99972863
0.99972863
0.99972863
0.99972863
0.99972863
0.99972863
0.99972863
0.99972863
0.99972863
0.99972863
0.99972863
0.99972863
0.99972863
0.99972863
0.99972863
0.99972863
0.99972863
0.99972863
0.99972863
0.99972863
0.99972863
0.99972863
0.99972863
0.99972863
0.99972863
0.99972863
0.99972863
0.99972863
0.99972863
0.99972863
0.99972863
0.99972863
0.99972863
0.99972863
0.99972863
0.99972863
0.99972863
0.99972863
0.99972863
0.99972863
0.99972863
0.99972863
0.99972863
0.99972863
0.99972863
0.99972863
0.99972863
0.99972863
0.99972863
0.99972863
0.99972863
0.99972863
0.99972863
0.99972863
0.99972863
0.99972863
0.99972863
0.99972863
0.99972863
0.99972863
0.99972863
0.99972863
0.99972863
0.99972863
0.99972863
0.99972863
0.99972863
0.99972863
0.99972863
0.99972863
0.99972863
0.99972863
0.99972863
0.99972863
0.99972863
0.99972863
0.99972863
0.99972863
0.99972863
0.99972863
0.99972863
0.99972863
0.99972863
0.99972863
0.99972863
0.99972863
0.99972863
0.99972863
0.99972863
0.99972863
0.99972863
0.99972863
0.99972863
0.99972863
0.99972863
0.99972863
0.99972863
0.99972863
0.99972863
0.99972863
0.99972863
0.99972863
0.99972863
0.99972863
0.99972863
0.99972863
0.99972863
0.99972863
0.99972863
0.99972863
0.99972863
0.99972863
0.99972863
0.99972863
0.99972863
0.99972863
0.99972863
0.99972863
0.99972863
0.99972863
0.99972863
0.99972863
0.99972863
0.99972863
0.99972863
0.99972863
0.99972863
0.99972863
0.99972863
0.99972863
0.99972863
0.99972863
0.99972863
0.99972863
0.99972863
0.99972863
0.99972863
0.99972863
0.99972863
0.99972863
0.99972863
0.99972863
0.99972863
0.99972863
0.99972863
0.99972863
0.99972863
0.99972863
0.99972863
0.99972863
0.99972863
0.99972863
0.99972863
0.99972863
0.99972863
0.99972863
0.99972863
0.99972863
0.99972863
0.99972863
0.99972863
0.99972863
0.99972863
0.99972863
0.99972863
0.99972863
0.99972863
0.99972863
0.99972863
0.99972863
0.99972863
0.99972863
0.99972863
0.99972863
0.99972863
0.99972863
0.99972863
0.99972863
0.99972863
0.99972863
0.99972863
0.99972863
0.99972863
0.99972863
0.99972863
0.99972863
0.99972863
0.99972863
0.99972863
0.99972863
0.99972863
0.99972863
0.99972863
0.99972863
0.99972863
0.99972863
0.99972863
0.99972863
0.99972863
0.99972863
0.99972863
0.99972863
0.99972863
0.99972863
0.99972863
0.99972863
0.99972863
0.99972863
0.99972863
0.99972863
0.99972863
0.99972863
0.99972863
0.99972863
0.99972863
0.99972863
0.99972863
0.99972863
0.99972863
0.99972863
0.99972863
0.99972863
0.99972863
0.99972863
0.99972863
0.99972863
0.99972863
0.99972863
0.99972863
0.99972863
0.99972863
0.99972863
0.99972863
0.99972863
0.99972863
0.99972863
0.99972863
0.99972863
0.99972863
0.99972863
0.99972863
0.99972863
0.99972863
0.99972863
0.99972863
0.99972863
0.99972863
0.99972863
0.99972863
0.99972863
0.99972863
0.99972863
0.99972863
0.99972863
0.99972863
0.99972863
0.99972863
0.99972863
0.99972863
0.99972863
0.99972863
0.99972863
0.99972863
0.99972863
0.99972863
0.99972863
0.99972863
0.99972863
0.99972863
0.99972863
0.99972863
0.99972863
0.99972863
0.99972863
0.99972863
0.99972863
0.99972863
0.99972863
0.99972863
0.99972863
0.99972863
0.99972863
0.99972863
0.99972863
0.99972863
0.99972863
0.99972863
0.99972863
0.99972863
0.99972863
0.99972863
0.99972863
0.99972863
0.99972863
0.99972863
0.99972863
0.99972863
0.99972863
0.99972863
0.99972863
0.99972863
0.99972863
0.99972863
0.99972863
0.99972863
0.99972863
0.99972863
0.99972863
0.99972863
0.99972863
0.99972863
0.99972863
0.99972863
0.99972863
0.99972863
0.99972863
0.99972863
0.99972863
0.99972863
0.99972863
0.99972863
0.99972863
0.99972863
0.99972863
0.99972863
0.99972863
0.99972863
0.99972863
0.99972863
0.99972863
0.99972863
0.99972863
0.99972863
0.99972863
0.99972863
0.99972863
0.99972863
0.99972863
0.99972863
0.99972863
0.99972863
0.99972863
0.99972863
0.99972863
0.99972863
0.99972863
0.99972863
0.99972863
0.99972863
0.99972863
0.99972863
0.99972863
0.99972863
0.99972863
0.99972863
0.99972863
0.99972863
0.99972863
0.99972863
0.99972863
0.99972863
0.99972863
0.99972863
0.99972863
0.99972863
0.99972863
0.99972863
0.99972863
0.99972863
0.99972863
0.99972863
0.99972863
0.99972863
0.99972863
0.99972863
0.99972863
0.99972863
0.99972863
0.99972863
0.99972863
0.99972863
0.99972863
0.99972863
0.99972863
0.99972863
0.99972863
0.99972863
0.99972863
0.99972863
0.99972863
0.99972863
0.99972863
0.99972863
0.99972863
0.99972863
0.99972863
0.99972863
0.99972863
0.99972863
0.99972863
0.99972863
0.99972863
0.99972863
0.99972863
0.99972863
0.99972863
0.99972863
0.99972863
0.99972863
0.99972863
0.99972863
0.99972863
0.99972863
0.99972863
0.99972863
0.99972863
0.99972863
0.99972863
0.99972863
0.99972863
0.99972863
0.99972863
0.99972863
0.99972863
0.99972863
0.99972863
0.99972863
0.99972863
0.99972863
0.99972863
0.99972863
0.99972863
0.99972863
0.99972863
0.99972863
0.99972863
0.99972863
0.99972863
0.99972863
0.99972863
0.99972863
0.99972863
0.99972863
0.99972863
0.99972863
0.99972863
0.99972863
0.99972863
0.99972863
0.99972863
0.99972863
0.99972863
0.99972863
0.99972863
0.99972863
0.99972863
0.99972863
0.99972863
0.99972863
0.99972863
0.99972863
0.99972863
0.99972863
0.99972863
0.99972863
0.99972863
0.99972863
0.99972863
0.99972863
0.99972863
0.99972863
0.99972863
0.99972863
0.99972863
0.99972863
0.99972863
0.99972863
0.99972863
0.99972863
0.99972863
0.99972863
0.99972863
0.99972863
0.99972863
0.99972863
0.99972863
0.99972863
0.99972863
0.99972863
0.99972863
0.99972863
0.99972863
0.99972863
0.99972863
0.99972863
0.99972863
0.99972863
0.99972863
0.99972863
0.99972863
0.99972863
0.99972863
0.99972863
0.99972863
0.99972863
0.99972863
0.99972863
0.99972863
0.99972863
0.99972863
0.99972863
0.99972863
0.99972863
0.99972863
0.99972863
0.99972863
0.99972863
0.99972863
0.99972863
0.99972863
0.99972863
0.99972863
0.99972863
0.99972863
0.99972863
0.99972863
0.99972863
0.99972863
0.99972863
0.99972863
0.99972863
0.99972863
0.99972863
0.99972863
0.99972863
0.99972863
0.99972863
0.99972863
0.99972863
0.99972863
0.99972863
0.99972863
0.99972863
0.99972863
0.99972863
0.99972863
0.99972863
0.99972863
0.99972863
0.99972863
0.99972863
0.99972863
0.99972863
0.99972863
0.99972863
0.99972863
0.99972863
0.99972863
0.99972863
0.99972863
0.99972863
0.99972863
0.99972863
0.99972863
0.99972863
0.99972863
0.99972863
0.99972863
0.99972863
0.99972863
0.99972863
0.99972863
0.99972863
0.99972863
0.99972863
0.99972863
0.99972863
0.99972863
0.99972863
0.99972863
0.99972863
0.99972863
0.99972863
0.99972863
0.99972863
0.99972863
0.99972863
0.99972863
0.99972863
0.99972863
0.99972863
0.99972863
0.99972863
0.99972863
0.99972863
0.99972863
0.99972863
0.99972863
0.99972863
0.99972863
0.99972863
0.99972863
0.99972863
0.99972863
0.99972863
0.99972863
0.99972863
0.99972863
0.99972863
0.99972863
0.99972863
0.99972863
0.99972863
0.99972863
0.99972863
0.99972863
0.99972863
0.99972863
0.99972863
0.99972863
0.99972863
0.99972863
0.99972863
0.99972863
0.99972863
0.99972863
0.99972863
0.99972863
0.99972863
0.99972863
0.99972863
0.99972863
0.99972863
0.99972863
0.99972863
0.99972863
0.99972863
0.99972863
0.99972863
0.99972863
0.99972863
0.99972863
0.99972863
0.99972863
0.99972863
0.99972863
0.99972863
0.99972863
0.99972863
0.99972863
0.99972863
0.99972863
0.99972863
0.99972863
0.99972863
0.99972863
0.99972863
0.99972863
0.99972863
0.99972863
0.99972863
0.99972863
0.99972863
0.99972863
0.99972863
0.99972863
0.99972863
0.99972863
0.99972863
0.99972863
0.99972863
0.99972863
0.99972863
0.99972863
0.99972863
0.99972863
0.99972863
0.99972863
0.99972863
0.99972863
0.99972863
0.99972863
0.99972863
0.99972863
0.99972863
0.99972863
0.99972863
0.99972863
0.99972863
0.99972863
0.99972863
0.99972863
0.99972863
0.99972863
0.99972863
0.99972863
0.99972863
0.99972863
0.99972863
0.99972863
0.99972863
0.99972863
0.99972863
0.99972863
0.99972863
0.99972863
0.99972863
0.99972863
0.99972863
0.99972863
0.99972863
0.99972863
0.99972863
0.99972863
0.99972863
0.99972863
0.99972863
0.99972863
0.99972863
0.99972863
0.99972863
0.99972863
0.99972863
0.99972863
0.99972863
0.99972863
0.99972863
0.99972863
0.99972863
0.99972863
0.99972863
0.99972863
0.99972863
0.99972863
0.99972863
0.99972863
0.99972863
0.99972863
0.99972863
0.99972863
0.99972863
0.99972863
0.99972863
0.99972863
0.99972863
0.99972863
0.99972863
0.99972863
0.99972863
0.99972863
0.99972863
0.99972863
0.99972863
0.99972863
0.99972863
0.99972863
0.99972863
0.99972863
0.99972863
0.99972863
0.99972863
0.99972863
0.99972863
0.99972863
0.99972863
0.99972863
0.99972863
0.99972863
0.99972863
0.99972863
0.99972863
0.99972863
0.99972863
0.99972863
0.99972863
0.99972863
0.99972863
0.99972863
0.99972863
0.99972863
0.99972863
0.99972863
0.99972863
0.99972863
0.99972863
0.99972863
0.99972863
0.99972863
0.99972863
0.99972863
0.99972863
0.99972863
0.99972863
0.99972863
0.99972863
0.99972863
0.99972863
0.99972863
0.99972863
0.99972863
0.99972863
0.99972863
0.99972863
0.99972863
0.99972863
0.99972863
0.99972863
0.99972863
0.99972863
0.99972863
0.99972863
0.99972863
0.99972863
0.99972863
0.99972863
0.99972863
0.99972863
0.99972863
0.99972863
0.99972863
0.99972863
0.99972863
0.99972863
0.99972863
0.99972863
0.99972863
0.99972863
0.99972863
0.99972863
0.99972863
0.99972863
0.99972863
0.99972863
0.99972863
0.99972863
0.99972863
0.99972863
0.99972863
0.99972863
0.99972863
0.99972863
0.99972863
0.99972863
0.99972863
0.99972863
0.99972863
0.99972863
0.99972863
0.99972863
0.99972863
0.99972863
0.99972863
0.99972863
0.99972863
0.99972863
0.99972863
0.99972863
0.99972863
0.99972863
0.99972863
0.99972863
0.99972863
0.99972863
0.99972863
0.99972863
0.99972863
0.99972863
0.99972863
0.99972863
0.99972863
0.99972863
0.99972863
0.99972863
0.99972863
0.99972863
0.99972863
0.99972863
0.99972863
0.99972863
0.99972863
0.99972863
0.99972863
0.99972863
0.99972863
0.99972863
0.99972863
0.99972863
0.99972863
0.99972863
0.99972863
0.99972863
0.99972863
0.99972863
0.99972863
0.99972863
0.99972863
0.99972863
0.99972863
0.99972863
0.99972863
0.99972863
0.99972863
0.99972863
0.99972863
0.99972863
0.99972863
0.99972863
0.99972863
0.99972863
0.99972863
0.99972863
0.99972863
0.99972863
0.99972863
0.99972863
0.99972863
0.99972863
0.99972863
0.99972863
0.99972863
0.99972863
0.99972863
0.99972863
0.99972863
0.99972863
0.99972863
0.99972863
0.99972863
0.99972863
0.99972863
0.99972863
0.99972863
0.99972863
0.99972863
0.99972863
0.99972863
0.99972863
0.99972863
0.99972863
0.99972863
0.99972863
0.99972863
0.99972863
0.99972863
0.99972863
0.99972863
0.99972863
0.99972863
0.99972863
0.99972863
0.99972863
0.99972863
0.99972863
0.99972863
0.99972863
0.99972863
0.99972863
0.99972863
0.99972863
0.99972863
0.99972863
0.99972863
0.99972863
0.99972863
0.99972863
0.99972863
0.99972863
0.99972863
0.99972863
0.99972863
0.99972863
0.99972863
0.99972863
0.99972863
0.99972863
0.99972863
0.99972863
0.99972863
0.99972863
0.99972863
0.99972863
0.99972863
0.99972863
0.99972863
0.99972863
0.99972863
0.99972863
0.99972863
0.99972863
0.99972863
0.99972863
0.99972863
0.99972863
0.99972863
0.99972863
0.99972863
0.99972863
0.99972863
0.99972863
0.99972863
0.99972863
0.99972863
0.99972863
0.99972863
0.99972863
0.99972863
0.99972863
0.99972863
0.99972863
0.99972863
0.99972863
0.99972863
0.99972863
0.99972863
0.99972863
0.99972863
0.99972863
0.99972863
0.99972863
0.99972863
0.99972863
0.99972863
0.99972863
0.99972863
0.99972863
0.99972863
0.99972863
0.99972863
0.99972863
0.99972863
0.99972863
0.99972863
0.99972863
0.99972863
0.99972863
0.99972863
0.99972863
0.99972863
0.99972863
0.99972863
0.99972863
0.99972863
0.99972863
0.99972863
0.99972863
0.99972863
0.99972863
0.99972863
0.99972863
0.99972863
0.99972863
0.99972863
0.99972863
0.99972863
0.99972863
0.99972863
0.99972863
0.99972863
0.99972863
0.99972863
0.99972863
0.99972863
0.99972863
0.99972863
0.99972863
0.99972863
0.99972863
0.99972863
0.99972863
0.99972863
0.99972863
0.99972863
0.99972863
0.99972863
0.99972863
0.99972863
0.99972863
0.99972863
0.99972863
0.99972863
0.99972863
0.99972863
0.99972863
0.99972863
0.99972863
0.99972863
0.99972863
0.99972863
0.99972863
0.99972863
0.99972863
0.99972863
0.99972863
0.99972863
0.99972863
0.99972863
0.99972863
0.99972863
0.99972863
0.99972863
0.99972863
0.99972863
0.99972863
0.99972863
0.99972863
0.99972863
0.99972863
0.99972863
0.99972863
0.99972863
0.99972863
0.99972863
0.99972863
0.99972863
0.99972863
0.99972863
0.99972863
0.99972863
0.99972863
0.99972863
0.99972863
0.99972863
0.99972863
0.99972863
0.99972863
0.99972863
0.99972863
0.99972863
0.99972863
0.99972863
0.99972863
0.99972863
0.99972863
0.99972863
0.99972863
0.99972863
0.99972863
0.99972863
0.99972863
0.99972863
0.99972863
0.99972863
0.99972863
0.99972863
0.99972863
0.99972863
0.99972863
0.99972863
0.99972863
0.99972863
0.99972863
0.99972863
0.99972863
0.99972863
0.99972863
0.99972863
0.99972863
0.99972863
0.99972863
0.99972863
0.99972863
0.99972863
0.99972863
0.99972863
0.99972863
0.99972863
0.99972863
0.99972863
0.99972863
0.99972863
0.99972863
0.99972863
0.99972863
0.99972863
0.99972863
0.99972863
0.99972863
0.99972863
0.99972863
0.99972863
0.99972863
0.99972863
0.99972863
0.99972863
0.99972863
0.99972863
0.99972863
0.99972863
0.99972863
0.99972863
0.99972863
0.99972863
0.99972863
0.99972863
0.99972863
0.99972863
0.99972863
0.99972863
0.99972863
0.99972863
0.99972863
0.99972863
0.99972863
0.99972863
0.99972863
0.99972863
0.99972863
0.99972863
0.99972863
0.99972863
0.99972863
0.99972863
0.99972863
0.99972863
0.99972863
0.99972863
0.99972863
0.99972863
0.99972863
0.99972863
0.99972863
0.99972863
0.99972863
0.99972863
0.99972863
0.99972863
0.99972863
0.99972863
0.99972863
0.99972863
0.99972863
0.99972863
0.99972863
0.99972863
0.99972863
0.99972863
0.99972863
0.99972863
0.99972863
0.99972863
0.99972863
0.99972863
0.99972863
0.99972863
0.99972863
0.99972863
0.99972863
0.99972863
0.99972863
0.99972863
0.99972863
0.99972863
0.99972863
0.99972863
0.99972863
0.99972863
0.99972863
0.99972863
0.99972863
0.99972863
0.99972863
0.99972863
0.99972863
0.99972863
0.99972863
0.99972863
0.99972863
0.99972863
0.99972863
0.99972863
0.99972863
0.99972863
0.99972863
0.99972863
0.99972863
0.99972863
0.99972863
0.99972863
0.99972863
0.99972863
0.99972863
0.99972863
0.99972863
0.99972863
0.99972863
0.99972863
0.99972863
0.99972863
0.99972863
0.99972863
0.99972863
0.99972863
0.99972863
0.99972863
0.99972863
0.99972863
0.99972863
0.99972863
0.99972863
0.99972863
0.99972863
0.99972863
0.99972863
0.99972863
0.99972863
0.99972863
0.99972863
0.99972863
0.99972863
0.99972863
0.99972863
0.99972863
0.99972863
0.99972863
0.99972863
0.99972863
0.99972863
0.99972863
0.99972863
0.99972863
0.99972863
0.99972863
0.99972863
0.99972863
0.99972863
0.99972863
0.99972863
0.99972863
0.99972863
0.99972863
0.99972863
0.99972863
0.99972863
0.99972863
0.99972863
0.99972863
0.99972863
0.99972863
0.99972863
0.99972863
0.99972863
0.99972863
0.99972863
0.99972863
0.99972863
0.99972863
0.99972863
0.99972863
0.99972863
0.99972863
0.99972863
0.99972863
0.99972863
0.99972863
0.99972863
0.99972863
0.99972863
0.99972863
0.99972863
0.99972863
0.99972863
0.99972863
0.99972863
0.99972863
0.99972863
0.99972863
0.99972863
0.99972863
0.99972863
0.99972863
0.99972863
0.99972863
0.99972863
0.99972863
0.99972863
0.99972863
0.99972863
0.99972863
0.99972863
0.99972863
0.99972863
0.99972863
0.99972863
0.99972863
0.99972863
0.99972863
0.99972863
0.99972863
0.99972863
0.99972863
0.99972863
0.99972863
0.99972863
0.99972863
0.99972863
0.99972863
0.99972863
0.99972863
0.99972863
0.99972863
0.99972863
0.99972863
0.99972863
0.99972863
0.99972863
0.99972863
0.99972863
0.99972863
0.99972863
0.99972863
0.99972863
0.99972863
0.99972863
0.99972863
0.99972863
0.99972863
0.99972863
0.99972863
0.99972863
0.99972863
0.99972863
0.99972863
0.99972863
0.99972863
0.99972863
0.99972863
0.99972863
0.99972863
0.99972863
0.99972863
0.99972863
0.99972863
0.99972863
0.99972863
0.99972863
0.99972863
0.99972863
0.99972863
0.99972863
0.99972863
0.99972863
0.99972863
0.99972863
0.99972863
0.99972863
0.99972863
0.99972863
0.99972863
0.99972863
0.99972863
0.99972863
0.99972863
0.99972863
0.99972863
0.99972863
0.99972863
0.99972863
0.99972863
0.99972863
0.99972863
0.99972863
0.99972863
0.99972863
0.99972863
0.99972863
0.99972863
0.99972863
0.99972863
0.99972863
0.99972863
0.99972863
0.99972863
0.99972863
0.99972863
0.99972863
0.99972863
0.99972863
0.99972863
0.99972863
0.99972863
0.99972863
0.99972863
0.99972863
0.99972863
0.99972863
0.99972863
0.99972863
0.99972863
0.99972863
0.99972863
0.99972863
0.99972863
0.99972863
0.99972863
0.99972863
0.99972863
0.99972863
0.99972863
0.99972863
0.99972863
0.99972863
0.99972863
0.99972863
0.99972863
0.99972863
0.99972863
0.99972863
0.99972863
0.99972863
0.99972863
0.99972863
0.99972863
0.99972863
0.99972863
0.99972863
0.99972863
0.99972863
0.99972863
0.99972863
0.99972863
0.99972863
0.99972863
0.99972863
0.99972863
0.99972863
0.99972863
0.99972863
0.99972863
0.99972863
0.99972863
0.99972863
0.99972863
0.99972863
0.99972863
0.99972863
0.99972863
0.99972863
0.99972863
0.99972863
0.99972863
0.99972863
0.99972863
0.99972863
0.99972863
0.99972863
0.99972863
0.99972863
0.99972863
0.99972863
0.99972863
0.99972863
0.99972863
0.99972863
0.99972863
0.99972863
0.99972863
0.99972863
0.99972863
0.99972863
0.99972863
0.99972863
0.99972863
0.99972863
0.99972863
0.99972863
0.99972863
0.99972863
0.99972863
0.99972863
0.99972863
0.99972863
0.99972863
0.99972863
0.99972863
0.99972863
0.99972863
0.99972863
0.99972863
0.99972863
0.99972863
0.99972863
0.99972863
0.99972863
0.99972863
0.99972863
0.99972863
0.99972863
0.99972863
0.99972863
0.99972863
0.99972863
0.99972863
0.99972863
0.99972863
0.99972863
0.99972863
0.99972863
0.99972863
0.99972863
0.99972863
0.99972863
0.99972863
0.99972863
0.99972863
0.99972863
0.99972863
0.99972863
0.99972863
0.99972863
0.99972863
0.99972863
0.99972863
0.99972863
0.99972863
0.99972863
0.99972863
0.99972863
0.99972863
0.99972863
0.99972863
0.99972863
0.99972863
0.99972863
0.99972863
0.99972863
0.99972863
0.99972863
0.99972863
0.99972863
0.99972863
0.99972863
0.99972863
0.99972863
0.99972863
0.99972863
0.99972863
0.99972863
0.99972863
0.99972863
0.99972863
0.99972863
0.99972863
0.99972863
0.99972863
0.99972863
0.99972863
0.99972863
0.99972863
0.99972863
0.99972863
0.99972863
0.99972863
0.99972863
0.99972863
0.99972863
0.99972863
0.99972863
0.99972863
0.99972863
0.99972863
0.99972863
0.99972863
0.99972863
0.99972863
0.99972863
0.99972863
0.99972863
0.99972863
0.99972863
0.99972863
0.99972863
0.99972863
0.99972863
0.99972863
0.99972863
0.99972863
0.99972863
0.99972863
0.99972863
0.99972863
0.99972863
0.99972863
0.99972863
0.99972863
0.99972863
0.99972863
0.99972863
0.99972863
0.99972863
0.99972863
0.99972863
0.99972863
0.99972863
0.99972863
0.99972863
0.99972863
0.99972863
0.99972863
0.99972863
0.99972863
0.99972863
0.99972863
0.99972863
0.99972863
0.99972863
0.99972863
0.99972863
0.99972863
0.99972863
0.99972863
0.99972863
0.99972863
0.99972863
0.99972863
0.99972863
0.99972863
0.99972863
0.99972863
0.99972863
0.99972863
0.99972863
0.99972863
0.99972863
0.99972863
0.99972863
0.99972863
0.99972863
0.99972863
0.99972863
0.99972863
0.99972863
0.99972863
0.99972863
0.99972863
0.99972863
0.99972863
0.99972863
0.99972863
0.99972863
0.99972863
0.99972863
0.99972863
0.99972863
0.99972863
0.99972863
0.99972863
0.99972863
0.99972863
0.99972863
0.99972863
0.99972863
0.99972863
0.99972863
0.99972863
0.99972863
0.99972863
0.99972863
0.99972863
0.99972863
0.99972863
0.99972863
0.99972863
0.99972863
0.99972863
0.99972863
0.99972863
0.99972863
0.99972863
0.99972863
0.99972863
0.99972863
0.99972863
0.99972863
0.99972863
0.99972863
0.99972863
0.99972863
0.99972863
0.99972863
0.99972863
0.99972863
0.99972863
0.99972863
0.99972863
0.99972863
0.99972863
0.99972863
0.99972863
0.99972863
0.99972863
0.99972863
0.99972863
0.99972863
0.99972863
0.99972863
0.99972863
0.99972863
0.99972863
0.99972863
0.99972863
0.99972863
0.99972863
0.99972863
0.99972863
0.99972863
0.99972863
0.99972863
0.99972863
0.99972863
0.99972863
0.99972863
0.99972863
0.99972863
0.99972863
0.99972863
0.99972863
0.99972863
0.99972863
0.99972863
0.99972863
0.99972863
0.99972863
0.99972863
0.99972863
0.99972863
0.99972863
0.99972863
0.99972863
0.99972863
0.99972863
0.99972863
0.99972863
0.99972863
0.99972863
0.99972863
0.99972863
0.99972863
0.99972863
0.99972863
0.99972863
0.99972863
0.99972863
0.99972863
0.99972863
0.99972863
0.99972863
0.99972863
0.99972863
0.99972863
0.99972863
0.99972863
0.99972863
0.99972863
0.99972863
0.99972863
0.99972863
0.99972863
0.99972863
0.99972863
0.99972863
0.99972863
0.99972863
0.99972863
0.99972863
0.99972863
0.99972863
0.99972863
0.99972863
0.99972863
0.99972863
0.99972863
0.99972863
0.99972863
0.99972863
0.99972863
0.99972863
0.99972863
0.99972863
0.99972863
0.99972863
0.99972863
0.99972863
0.99972863
0.99972863
0.99972863
0.99972863
0.99972863
0.99972863
0.99972863
0.99972863
0.99972863
0.99972863
0.99972863
0.99972863
0.99972863
0.99972863
0.99972863
0.99972863
0.99972863
0.99972863
0.99972863
0.99972863
0.99972863
0.99972863
0.99972863
0.99972863
0.99972863
0.99972863
0.99972863
0.99972863
0.99972863
0.99972863
0.99972863
0.99972863
0.99972863
0.99972863
0.99972863
0.99972863
0.99972863
0.99972863
0.99972863
0.99972863
0.99972863
0.99972863
0.99972863
0.99972863
0.99972863
0.99972863
0.99972863
0.99972863
0.99972863
0.99972863
0.99972863
0.99972863
0.99972863
0.99972863
0.99972863
0.99972863
0.99972863
0.99972863
0.99972863
0.99972863
0.99972863
0.99972863
0.99972863
0.99972863
0.99972863
0.99972863
0.99972863
0.99972863
0.99972863
0.99972863
0.99972863
0.99972863
0.99972863
0.99972863
0.99972863
0.99972863
0.99972863
0.99972863
0.99972863
0.99972863
0.99972863
0.99972863
0.99972863
0.99972863
0.99972863
0.99972863
0.99972863
0.99972863
0.99972863
0.99972863
0.99972863
0.99972863
0.99972863
0.99972863
0.99972863
0.99972863
0.99972863
0.99972863
0.99972863
0.99972863
0.99972863
0.99972863
0.99972863
0.99972863
0.99972863
0.99972863
0.99972863
0.99972863
0.99972863
0.99972863
0.99972863
0.99972863
0.99972863
0.99972863
0.99972863
0.99972863
0.99972863
0.99972863
0.99972863
0.99972863
0.99972863
0.99972863
0.99972863
0.99972863
0.99972863
0.99972863
0.99972863
0.99972863
0.99972863
0.99972863
0.99972863
0.99972863
0.99972863
0.99972863
0.99972863
0.99972863
0.99972863
0.99972863
0.99972863
0.99972863
0.99972863
0.99972863
0.99972863
0.99972863
0.99972863
0.99972863
0.99972863
0.99972863
0.99972863
0.99972863
0.99972863
0.99972863
0.99972863
0.99972863
0.99972863
0.99972863
0.99972863
0.99972863
0.99972863
0.99972863
0.99972863
0.99972863
0.99972863
0.99972863
0.99972863
0.99972863
0.99972863
0.99972863
0.99972863
0.99972863
0.99972863
0.99972863
0.99972863
0.99972863
0.99972863
0.99972863
0.99972863
0.99972863
0.99972863
0.99972863
0.99972863
0.99972863
0.99972863
0.99972863
0.99972863
0.99972863
0.99972863
0.99972863
0.99972863
0.99972863
0.99972863
0.99972863
0.99972863
0.99972863
0.99972863
0.99972863
0.99972863
0.99972863
0.99972863
0.99972863
0.99972863
0.99972863
0.99972863
0.99972863
0.99972863
0.99972863
0.99972863
0.99972863
0.99972863
0.99972863
0.99972863
0.99972863
0.99972863
0.99972863
0.99972863
0.99972863
0.99972863
0.99972863
0.99972863
0.99972863
0.99972863
0.99972863
0.99972863
0.99972863
0.99972863
0.99972863
0.99972863
0.99972863
0.99972863
0.99972863
0.99972863
0.99972863
0.99972863
0.99972863
0.99972863
0.99972863
0.99972863
0.99972863
0.99972863
0.99972863
0.99972863
0.99972863
0.99972863
0.99972863
0.99972863
0.99972863
0.99972863
0.99972863
0.99972863
0.99972863
0.99972863
0.99972863
0.99972863
0.99972863
0.99972863
0.99972863
0.99972863
0.99972863
0.99972863
0.99972863
0.99972863
0.99972863
0.99972863
0.99972863
0.99972863
0.99972863
0.99972863
0.99972863
0.99972863
0.99972863
0.99972863
0.99972863
0.99972863
0.99972863
0.99972863
0.99972863
0.99972863
0.99972863
0.99972863
0.99972863
0.99972863
0.99972863
0.99972863
0.99972863
0.99972863
0.99972863
0.99972863
0.99972863
0.99972863
0.99972863
0.99972863
0.99972863
0.99972863
0.99972863
0.99972863
0.99972863
0.99972863
0.99972863
0.99972863
0.99972863
0.99972863
0.99972863
0.99972863
0.99972863
0.99972863
0.99972863
0.99972863
0.99972863
0.99972863
0.99972863
0.99972863
0.99972863
0.99972863
0.99972863
0.99972863
0.99972863
0.99972863
0.99972863
0.99972863
0.99972863
0.99972863
0.99972863
0.99972863
0.99972863
0.99972863
0.99972863
0.99972863
0.99972863
0.99972863
0.99972863
0.99972863
0.99972863
0.99972863
0.99972863
0.99972863
0.99972863
0.99972863
0.99972863
0.99972863
0.99972863
0.99972863
0.99972863
0.99972863
0.99972863
0.99972863
0.99972863
0.99972863
0.99972863
0.99972863
0.99972863
0.99972863
0.99972863
0.99972863
0.99972863
0.99972863
0.99972863
0.99972863
0.99972863
0.99972863
0.99972863
0.99972863
0.99972863
0.99972863
0.99972863
0.99972863
0.99972863
0.99972863
0.99972863
0.99972863
0.99972863
0.99972863
0.99972863
0.99972863
0.99972863
0.99972863
0.99972863
0.99972863
0.99972863
0.99972863
0.99972863
0.99972863
0.99972863
0.99972863
0.99972863
0.99972863
0.99972863
0.99972863
0.99972863
0.99972863
0.99972863
0.99972863
0.99972863
0.99972863
0.99972863
0.99972863
0.99972863
0.99972863
0.99972863
0.99972863
0.99972863
0.99972863
0.99972863
0.99972863
0.99972863
0.99972863
0.99972863
0.99972863
0.99972863
0.99972863
0.99972863
0.99972863
0.99972863
0.99972863
0.99972863
0.99972863
0.99972863
0.99972863
0.99972863
0.99972863
0.99972863
0.99972863
0.99972863
0.99972863
0.99972863
0.99972863
0.99972863
0.99972863
0.99972863
0.99972863
0.99972863
0.99972863
0.99972863
0.99972863
0.99972863
0.99972863
0.99972863
0.99972863
0.99972863
0.99972863
0.99972863
0.99972863
0.99972863
0.99972863
0.99972863
0.99972863
0.99972863
0.99972863
0.99972863
0.99972863
0.99972863
0.99972863
0.99972863
0.99972863
0.99972863
0.99972863
0.99972863
0.99972863
0.99972863
0.99972863
0.99972863
0.99972863
0.99972863
0.99972863
0.99972863
0.99972863
0.99972863
0.99972863
0.99972863
0.99972863
0.99972863
0.99972863
0.99972863
0.99972863
0.99972863
0.99972863
0.99972863
0.99972863
0.99972863
0.99972863
0.99972863
0.99972863
0.99972863
0.99972863
0.99972863
0.99972863
0.99972863
0.99972863
0.99972863
0.99972863
0.99972863
0.99972863
0.99972863
0.99972863
0.99972863
0.99972863
0.99972863
0.99972863
0.99972863
0.99972863
0.99972863
0.99972863
0.99972863
0.99972863
0.99972863
0.99972863
0.99972863
0.99972863
0.99972863
0.99972863
0.99972863
0.99972863
0.99972863
0.99972863
0.99972863
0.99972863
0.99972863
0.99972863
0.99972863
0.99972863
0.99972863
0.99972863
0.99972863
0.99972863
0.99972863
0.99972863
0.99972863
0.99972863
0.99972863
0.99972863
0.99972863
0.99972863
0.99972863
0.99972863
0.99972863
0.99972863
0.99972863
0.99972863
0.99972863
0.99972863
0.99972863
0.99972863
0.99972863
0.99972863
0.99972863
0.99972863
0.99972863
0.99972863
0.99972863
0.99972863
0.99972863
0.99972863
0.99972863
0.99972863
0.99972863
0.99972863
0.99972863
0.99972863
0.99972863
0.99972863
0.99972863
0.99972863
0.99972863
0.99972863
0.99972863
0.99972863
0.99972863
0.99972863
0.99972863
0.99972863
0.99972863
0.99972863
0.99972863
0.99972863
0.99972863
0.99972863
0.99972863
0.99972863
0.99972863
0.99972863
0.99972863
0.99972863
0.99972863
0.99972863
0.99972863
0.99972863
0.99972863
0.99972863
0.99972863
0.99972863
0.99972863
0.99972863
0.99972863
0.99972863
0.99972863
0.99972863
0.99972863
0.99972863
0.99972863
0.99972863
0.99972863
0.99972863
0.99972863
0.99972863
0.99972863
0.99972863
0.99972863
0.99972863
0.99972863
0.99972863
0.99972863
0.99972863
0.99972863
0.99972863
0.99972863
0.99972863
0.99972863
0.99972863
0.99972863
0.99972863
0.99972863
0.99972863
0.99972863
0.99972863
0.99972863
0.99972863
0.99972863
0.99972863
0.99972863
0.99972863
0.99972863
0.99972863
0.99972863
0.99972863
0.99972863
0.99972863
0.99972863
0.99972863
0.99972863
0.99972863
0.99972863
0.99972863
0.99972863
0.99972863
0.99972863
0.99972863
0.99972863
0.99972863
0.99972863
0.99972863
0.99972863
0.99972863
0.99972863
0.99972863
0.99972863
0.99972863
0.99972863
0.99972863
0.99972863
0.99972863
0.99972863
0.99972863
0.99972863
0.99972863
0.99972863
0.99972863
0.99972863
0.99972863
0.99972863
0.99972863
0.99972863
0.99972863
0.99972863
0.99972863
0.99972863
0.99972863
0.99972863
0.99972863
0.99972863
0.99972863
0.99972863
0.99972863
0.99972863
0.99972863
0.99972863
0.99972863
0.99972863
0.99972863
0.99972863
0.99972863
0.99972863
0.99972863
0.99972863
0.99972863
0.99972863
0.99972863
0.99972863
0.99972863
0.99972863
0.99972863
0.99972863
0.99972863
0.99972863
0.99972863
0.99972863
0.99972863
0.99972863
0.99972863
0.99972863
0.99972863
0.99972863
0.99972863
0.99972863
0.99972863
0.99972863
0.99972863
0.99972863
0.99972863
0.99972863
0.99972863
0.99972863
0.99972863
0.99972863
0.99972863
0.99972863
0.99972863
0.99972863
0.99972863
0.99972863
0.99972863
0.99972863
0.99972863
0.99972863
0.99972863
0.99972863
0.99972863
0.99972863
0.99972863
0.99972863
0.99972863
0.99972863
0.99972863
0.99972863
0.99972863
0.99972863
0.99972863
0.99972863
0.99972863
0.99972863
0.99972863
0.99972863
0.99972863
0.99972863
0.99972863
0.99972863
0.99972863
0.99972863
0.99972863
0.99972863
0.99972863
0.99972863
0.99972863
0.99972863
0.99972863
0.99972863
0.99972863
0.99972863
0.99972863
0.99972863
0.99972863
0.99972863
0.99972863
0.99972863
0.99972863
0.99972863
0.99972863
0.99972863
0.99972863
0.99972863
0.99972863
0.99972863
0.99972863
0.99972863
0.99972863
0.99972863
0.99972863
0.99972863
0.99972863
0.99972863
0.99972863
0.99972863
0.99972863
0.99972863
0.99972863
0.99972863
0.99972863
0.99972863
0.99972863
0.99972863
0.99972863
0.99972863
0.99972863
0.99972863
0.99972863
0.99972863
0.99972863
0.99972863
0.99972863
0.99972863
0.99972863
0.99972863
0.99972863
0.99972863
0.99972863
0.99972863
0.99972863
0.99972863
0.99972863
0.99972863
0.99972863
0.99972863
0.99972863
0.99972863
0.99972863
0.99972863
0.99972863
0.99972863
0.99972863
0.99972863
0.99972863
0.99972863
0.99972863
0.99972863
0.99972863
0.99972863
0.99972863
0.99972863
0.99972863
0.99972863
0.99972863
0.99972863
0.99972863
0.99972863
0.99972863
0.99972863
0.99972863
0.99972863
0.99972863
0.99972863
0.99972863
0.99972863
0.99972863
0.99972863
0.99972863
0.99972863
0.99972863
0.99972863
0.99972863
0.99972863
0.99972863
0.99972863
0.99972863
0.99972863
0.99972863
0.99972863
0.99972863
0.99972863
0.99972863
0.99972863
0.99972863
0.99972863
0.99972863
0.99972863
0.99972863
0.99972863
0.99972863
0.99972863
0.99972863
0.99972863
0.99972863
0.99972863
0.99972863
0.99972863
0.99972863
0.99972863
0.99972863
0.99972863
0.99972863
0.99972863
0.99972863
0.99972863
0.99972863
0.99972863
0.99972863
0.99972863
0.99972863
0.99972863
0.99972863
0.99972863
0.99972863
0.99972863
0.99972863
0.99972863
0.99972863
0.99972863
0.99972863
0.99972863
0.99972863
0.99972863
0.99972863
0.99972863
0.99972863
0.99972863
0.99972863
0.99972863
0.99972863
0.99972863
0.99972863
0.99972863
0.99972863
0.99972863
0.99972863
0.99972863
0.99972863
0.99972863
0.99972863
0.99972863
0.99972863
0.99972863
0.99972863
0.99972863
0.99972863
0.99972863
0.99972863
0.99972863
0.99972863
0.99972863
0.99972863
0.99972863
0.99972863
0.99972863
0.99972863
0.99972863
0.99972863
0.99972863
0.99972863
0.99972863
0.99972863
0.99972863
0.99972863
0.99972863
0.99972863
0.99972863
0.99972863
0.99972863
0.99972863
0.99972863
0.99972863
0.99972863
0.99972863
0.99972863
0.99972863
0.99972863
0.99972863
0.99972863
0.99972863
0.99972863
0.99972863
0.99972863
0.99972863
0.99972863
0.99972863
0.99972863
0.99972863
0.99972863
0.99972863
0.99972863
0.99972863
0.99972863
0.99972863
0.99972863
0.99972863
0.99972863
0.99972863
0.99972863
0.99972863
0.99972863
0.99972863
0.99972863
0.99972863
0.99972863
0.99972863
0.99972863
0.99972863
0.99972863
0.99972863
0.99972863
0.99972863
0.99972863
0.99972863
0.99972863
0.99972863
0.99972863
0.99972863
0.99972863
0.99972863
0.99972863
0.99972863
0.99972863
0.99972863
0.99972863
0.99972863
0.99972863
0.99972863
0.99972863
0.99972863
0.99972863
0.99972863
0.99972863
0.99972863
0.99972863
0.99972863
0.99972863
0.99972863
0.99972863
0.99972863
0.99972863
0.99972863
0.99972863
0.99972863
0.99972863
0.99972863
0.99972863
0.99972863
0.99972863
0.99972863
0.99972863
0.99972863
0.99972863
0.99972863
0.99972863
0.99972863
0.99972863
0.99972863
0.99972863
0.99972863
0.99972863
0.99972863
0.99972863
0.99972863
0.99972863
0.99972863
0.99972863
0.99972863
0.99972863
0.99972863
0.99972863
0.99972863
0.99972863
0.99972863
0.99972863
0.99972863
0.99972863
0.99972863
0.99972863
0.99972863
0.99972863
0.99972863
0.99972863
0.99972863
0.99972863
0.99972863
0.99972863
0.99972863
0.99972863
0.99972863
0.99972863
0.99972863
0.99972863
0.99972863
0.99972863
0.99972863
0.99972863
0.99972863
0.99972863
0.99972863
0.99972863
0.99972863
0.99972863
0.99972863
0.99972863
0.99972863
0.99972863
0.99972863
0.99972863
0.99972863
0.99972863
0.99972863
0.99972863
0.99972863
0.99972863
0.99972863
0.99972863
0.99972863
0.99972863
0.99972863
0.99972863
0.99972863
0.99972863
0.99972863
0.99972863
0.99972863
0.99972863
0.99972863
0.99972863
0.99972863
0.99972863
0.99972863
0.99972863
0.99972863
0.99972863
0.99972863
0.99972863
0.99972863
0.99972863
0.99972863
0.99972863
0.99972863
0.99972863
0.99972863
0.99972863
0.99972863
0.99972863
0.99972863
0.99972863
0.99972863
0.99972863
0.99972863
0.99972863
0.99972863
0.99972863
0.99972863
0.99972863
0.99972863
0.99972863
0.99972863
0.99972863
0.99972863
0.99972863
0.99972863
0.99972863
0.99972863
0.99972863
0.99972863
0.99972863
0.99972863
0.99972863
0.99972863
0.99972863
0.99972863
0.99972863
0.99972863
0.99972863
0.99972863
0.99972863
0.99972863
0.99972863
0.99972863
0.99972863
0.99972863
0.99972863
0.99972863
0.99972863
0.99972863
0.99972863
0.99972863
0.99972863
0.99972863
0.99972863
0.99972863
0.99972863
0.99972863
0.99972863
0.99972863
0.99972863
0.99972863
0.99972863
0.99972863
0.99972863
0.99972863
0.99972863
0.99972863
0.99972863
0.99972863
0.99972863
0.99972863
0.99972863
0.99972863
0.99972863
0.99972863
0.99972863
0.99972863
0.99972863
0.99972863
0.99972863
0.99972863
0.99972863
0.99972863
0.99972863
0.99972863
0.99972863
0.99972863
0.99972863
0.99972863
0.99972863
0.99972863
0.99972863
0.99972863
0.99972863
0.99972863
0.99972863
0.99972863
0.99972863
0.99972863
0.99972863
0.99972863
0.99972863
0.99972863
0.99972863
0.99972863
0.99972863
0.99972863
0.99972863
0.99972863
0.99972863
0.99972863
0.99972863
0.99972863
0.99972863
0.99972863
0.99972863
0.99972863
0.99972863
0.99972863
0.99972863
0.99972863
0.99972863
0.99972863
0.99972863
0.99972863
0.99972863
0.99972863
0.99972863
0.99972863
0.99972863
0.99972863
0.99972863
0.99972863
0.99972863
0.99972863
0.99972863
0.99972863
0.99972863
0.99972863
0.99972863
0.99972863
0.99972863
0.99972863
0.99972863
0.99972863
0.99972863
0.99972863
0.99972863
0.99972863
0.99972863
0.99972863
0.99972863
0.99972863
0.99972863
0.99972863
0.99972863
0.99972863
0.99972863
0.99972863
0.99972863
0.99972863
0.99972863
0.99972863
0.99972863
0.99972863
0.99972863
0.99972863
0.99972863
0.99972863
0.99972863
0.99972863
0.99972863
0.99972863
0.99972863
0.99972863
0.99972863
0.99972863
0.99972863
0.99972863
0.99972863
0.99972863
0.99972863
0.99972863
0.99972863
0.99972863
0.99972863
0.99972863
0.99972863
0.99972863
0.99972863
0.99972863
0.99972863
0.99972863
0.99972863
0.99972863
0.99972863
0.99972863
0.99972863
0.99972863
0.99972863
0.99972863
0.99972863
0.99972863
0.99972863
0.99972863
0.99972863
0.99972863
0.99972863
0.99972863
0.99972863
0.99972863
0.99972863
0.99972863
0.99972863
0.99972863
0.99972863
0.99972863
0.99972863
0.99972863
0.99972863
0.99972863
0.99972863
0.99972863
0.99972863
0.99972863
0.99972863
0.99972863
0.99972863
0.99972863
0.99972863
0.99972863
0.99972863
0.99972863
0.99972863
0.99972863
0.99972863
0.99972863
0.99972863
0.99972863
0.99972863
0.99972863
0.99972863
0.99972863
0.99972863
0.99972863
0.99972863
0.99972863
0.99972863
0.99972863
0.99972863
0.99972863
0.99972863
0.99972863
0.99972863
0.99972863
0.99972863
0.99972863
0.99972863
0.99972863
0.99972863
0.99972863
0.99972863
0.99972863
0.99972863
0.99972863
0.99972863
0.99972863
0.99972863
0.99972863
0.99972863
0.99972863
0.99972863
0.99972863
0.99972863
0.99972863
0.99972863
0.99972863
0.99972863
0.99972863
0.99972863
0.99972863
0.99972863
0.99972863
0.99972863
0.99972863
0.99972863
0.99972863
0.99972863
0.99972863
0.99972863
0.99972863
0.99972863
0.99972863
0.99972863
0.99972863
0.99972863
0.99972863
0.99972863
0.99972863
0.99972863
0.99972863
0.99972863
0.99972863
0.99972863
0.99972863
0.99972863
0.99972863
0.99972863
0.99972863
0.99972863
0.99972863
0.99972863
0.99972863
0.99972863
0.99972863
0.99972863
0.99972863
0.99972863
0.99972863
0.99972863
0.99972863
0.99972863
0.99972863
0.99972863
0.99972863
0.99972863
0.99972863
0.99972863
0.99972863
0.99972863
0.99972863
0.99972863
0.99972863
0.99972863
0.99972863
0.99972863
0.99972863
0.99972863
0.99972863
0.99972863
0.99972863
0.99972863
0.99972863
0.99972863
0.99972863
0.99972863
0.99972863
0.99972863
0.99972863
0.99972863
0.99972863
0.99972863
0.99972863
0.99972863
0.99972863
0.99972863
0.99972863
0.99972863
0.99972863
0.99972863
0.99972863
0.99972863
0.99972863
0.99972863
0.99972863
0.99972863
0.99972863
0.99972863
0.99972863
0.99972863
0.99972863
0.99972863
0.99972863
0.99972863
0.99972863
0.99972863
0.99972863
0.99972863
0.99972863
0.99972863
0.99972863
0.99972863
0.99972863
0.99972863
0.99972863
0.99972863
0.99972863
0.99972863
0.99972863
0.99972863
0.99972863
0.99972863
0.99972863
0.99972863
0.99972863
0.99972863
0.99972863
0.99972863
0.99972863
0.99972863
0.99972863
0.99972863
0.99972863
0.99972863
0.99972863
0.99972863
0.99972863
0.99972863
0.99972863
0.99972863
0.99972863
0.99972863
0.99972863
0.99972863
0.99972863
0.99972863
0.99972863
0.99972863
0.99972863
0.99972863
0.99972863
0.99972863
0.99972863
0.99972863
0.99972863
0.99972863
0.99972863
0.99972863
0.99972863
0.99972863
0.99972863
0.99972863
0.99972863
0.99972863
0.99972863
0.99972863
0.99972863
0.99972863
0.99972863
0.99972863
0.99972863
0.99972863
0.99972863
0.99972863
0.99972863
0.99972863
0.99972863
0.99972863
0.99972863
0.99972863
0.99972863
0.99972863
0.99972863
0.99972863
0.99972863
0.99972863
0.99972863
0.99972863
0.99972863
0.99972863
0.99972863
0.99972863
0.99972863
0.99972863
0.99972863
0.99972863
0.99972863
0.99972863
0.99972863
0.99972863
0.99972863
0.99972863
0.99972863
0.99972863
0.99972863
0.99972863
0.99972863
0.99972863
0.99972863
0.99972863
0.99972863
0.99972863
0.99972863
0.99972863
0.99972863
0.99972863
0.99972863
0.99972863
0.99972863
0.99972863
0.99972863
0.99972863
0.99972863
0.99972863
0.99972863
0.99972863
0.99972863
0.99972863
0.99972863
0.99972863
0.99972863
0.99972863
0.99972863
0.99972863
0.99972863
0.99972863
0.99972863
0.99972863
0.99972863
0.99972863
0.99972863
0.99972863
0.99972863
0.99972863
0.99972863
0.99972863
0.99972863
0.99972863
0.99972863
0.99972863
0.99972863
0.99972863
0.99972863
0.99972863
0.99972863
0.99972863
0.99972863
0.99972863
0.99972863
0.99972863
0.99972863
0.99972863
0.99972863
0.99972863
0.99972863
0.99972863
0.99972863
0.99972863
0.99972863
0.99972863
0.99972863
0.99972863
0.99972863
0.99972863
0.99972863
0.99972863
0.99972863
0.99972863
0.99972863
0.99972863
0.99972863
0.99972863
0.99972863
0.99972863
0.99972863
0.99972863
0.99972863
0.99972863
0.99972863
0.99972863
0.99972863
0.99972863
0.99972863
0.99972863
0.99972863
0.99972863
0.99972863
0.99972863
0.99972863
0.99972863
0.99972863
0.99972863
0.99972863
0.99972863
0.99972863
0.99972863
0.99972863
0.99972863
0.99972863
0.99972863
0.99972863
0.99972863
0.99972863
0.99972863
0.99972863
0.99972863
0.99972863
0.99972863
0.99972863
0.99972863
0.99972863
0.99972863
0.99972863
0.99972863
0.99972863
0.99972863
0.99972863
0.99972863
0.99972863
0.99972863
0.99972863
0.99972863
0.99972863
0.99972863
0.99972863
0.99972863
0.99972863
0.99972863
0.99972863
0.99972863
0.99972863
0.99972863
0.99972863
0.99972863
0.99972863
0.99972863
0.99972863
0.99972863
0.99972863
0.99972863
0.99972863
0.99972863
0.99972863
0.99972863
0.99972863
0.99972863
0.99972863
0.99972863
0.99972863
0.99972863
0.99972863
0.99972863
0.99972863
0.99972863
0.99972863
0.99972863
0.99972863
0.99972863
0.99972863
0.99972863
0.99972863
0.99972863
0.99972863
0.99972863
0.99972863
0.99972863
0.99972863
0.99972863
0.99972863
0.99972863
0.99972863
0.99972863
0.99972863
0.99972863
0.99972863
0.99972863
0.99972863
0.99972863
0.99972863
0.99972863
0.99972863
0.99972863
0.99972863
0.99972863
0.99972863
0.99972863
0.99972863
0.99972863
0.99972863
0.99972863
0.99972863
0.99972863
0.99972863
0.99972863
0.99972863
0.99972863
0.99972863
0.99972863
0.99972863
0.99972863
0.99972863
0.99972863
0.99972863
0.99972863
0.99972863
0.99972863
0.99972863
0.99972863
0.99972863
0.99972863
0.99972863
0.99972863
0.99972863
0.99972863
0.99972863
0.99972863
0.99972863
0.99972863
0.99972863
0.99972863
0.99972863
0.99972863
0.99972863
0.99972863
0.99972863
0.99972863
0.99972863
0.99972863
0.99972863
0.99972863
0.99972863
0.99972863
0.99972863
0.99972863
0.99972863
0.99972863
0.99972863
0.99972863
0.99972863
0.99972863
0.99972863
0.99972863
0.99972863
0.99972863
0.99972863
0.99972863
0.99972863
0.99972863
0.99972863
0.99972863
0.99972863
0.99972863
0.99972863
0.99972863
0.99972863
0.99972863
0.99972863
0.99972863
0.99972863
0.99972863
0.99972863
0.99972863
0.99972863
0.99972863
0.99972863
0.99972863
0.99972863
0.99972863
0.99972863
0.99972863
0.99972863
0.99972863
0.99972863
)
;
        source          uniform 0;
        value           nonuniform List<scalar> 
4800
(
0.012498227
0.012498223
0.012498219
0.012498215
0.012498213
0.012498211
0.012498211
0.012498212
0.012498214
0.012498217
0.012498222
0.012498228
0.012498235
0.012498244
0.012498255
0.012498266
0.012498279
0.012498294
0.01249831
0.012498327
0.012498556
0.01249856
0.012498563
0.012498567
0.012498569
0.012498572
0.012498575
0.012498577
0.01249858
0.012498582
0.012498585
0.012498587
0.012498589
0.012498592
0.012498594
0.012498596
0.012498598
0.0124986
0.012498601
0.012498603
0.01249879
0.012498791
0.012498793
0.012498795
0.012498796
0.012498798
0.012498799
0.012498801
0.012498802
0.012498803
0.012498804
0.012498805
0.012498806
0.012498807
0.012498808
0.012498808
0.012498809
0.01249881
0.01249881
0.012498811
0.012498959
0.01249896
0.012498961
0.012498961
0.012498962
0.012498963
0.012498964
0.012498964
0.012498965
0.012498966
0.012498966
0.012498967
0.012498967
0.012498967
0.012498968
0.012498968
0.012498968
0.012498968
0.012498969
0.012498969
0.012499079
0.01249908
0.01249908
0.012499081
0.012499081
0.012499082
0.012499082
0.012499082
0.012499083
0.012499083
0.012499083
0.012499084
0.012499084
0.012499084
0.012499084
0.012499084
0.012499085
0.012499085
0.012499085
0.012499085
0.012499162
0.012499163
0.012499163
0.012499163
0.012499163
0.012499164
0.012499164
0.012499164
0.012499164
0.012499165
0.012499165
0.012499165
0.012499165
0.012499165
0.012499165
0.012499166
0.012499166
0.012499166
0.012499166
0.012499166
0.012499217
0.012499217
0.012499217
0.012499217
0.012499218
0.012499218
0.012499218
0.012499218
0.012499218
0.012499219
0.012499219
0.012499219
0.012499219
0.012499219
0.012499219
0.012499219
0.01249922
0.01249922
0.01249922
0.01249922
0.012499251
0.012499251
0.012499251
0.012499252
0.012499252
0.012499252
0.012499252
0.012499252
0.012499253
0.012499253
0.012499253
0.012499253
0.012499253
0.012499253
0.012499253
0.012499254
0.012499254
0.012499254
0.012499254
0.012499254
0.012499272
0.012499272
0.012499272
0.012499272
0.012499272
0.012499273
0.012499273
0.012499273
0.012499273
0.012499273
0.012499273
0.012499274
0.012499274
0.012499274
0.012499274
0.012499274
0.012499275
0.012499275
0.012499275
0.012499275
0.012499284
0.012499284
0.012499284
0.012499284
0.012499284
0.012499284
0.012499285
0.012499285
0.012499285
0.012499285
0.012499285
0.012499286
0.012499286
0.012499286
0.012499286
0.012499286
0.012499287
0.012499287
0.012499287
0.012499287
0.01249929
0.012499291
0.012499291
0.012499291
0.012499291
0.012499291
0.012499291
0.012499291
0.012499292
0.012499292
0.012499292
0.012499292
0.012499292
0.012499293
0.012499293
0.012499293
0.012499293
0.012499294
0.012499294
0.012499294
0.012499294
0.012499294
0.012499294
0.012499294
0.012499294
0.012499295
0.012499295
0.012499295
0.012499295
0.012499295
0.012499295
0.012499296
0.012499296
0.012499296
0.012499296
0.012499297
0.012499297
0.012499297
0.012499297
0.012499298
0.012499296
0.012499296
0.012499296
0.012499296
0.012499296
0.012499296
0.012499296
0.012499297
0.012499297
0.012499297
0.012499297
0.012499297
0.012499298
0.012499298
0.012499298
0.012499298
0.012499299
0.012499299
0.012499299
0.0124993
0.012499297
0.012499297
0.012499297
0.012499297
0.012499297
0.012499297
0.012499297
0.012499298
0.012499298
0.012499298
0.012499298
0.012499298
0.012499299
0.012499299
0.012499299
0.012499299
0.0124993
0.0124993
0.0124993
0.0124993
0.012499297
0.012499297
0.012499297
0.012499297
0.012499297
0.012499298
0.012499298
0.012499298
0.012499298
0.012499298
0.012499299
0.012499299
0.012499299
0.012499299
0.012499299
0.0124993
0.0124993
0.0124993
0.012499301
0.012499301
0.012499297
0.012499297
0.012499297
0.012499297
0.012499298
0.012499298
0.012499298
0.012499298
0.012499298
0.012499298
0.012499299
0.012499299
0.012499299
0.012499299
0.0124993
0.0124993
0.0124993
0.0124993
0.012499301
0.012499301
0.012499297
0.012499297
0.012499297
0.012499298
0.012499298
0.012499298
0.012499298
0.012499298
0.012499298
0.012499299
0.012499299
0.012499299
0.012499299
0.012499299
0.0124993
0.0124993
0.0124993
0.0124993
0.012499301
0.012499301
0.012499297
0.012499297
0.012499297
0.012499298
0.012499298
0.012499298
0.012499298
0.012499298
0.012499298
0.012499299
0.012499299
0.012499299
0.012499299
0.012499299
0.0124993
0.0124993
0.0124993
0.012499301
0.012499301
0.012499301
0.012499297
0.012499297
0.012499297
0.012499298
0.012499298
0.012499298
0.012499298
0.012499298
0.012499298
0.012499299
0.012499299
0.012499299
0.012499299
0.012499299
0.0124993
0.0124993
0.0124993
0.012499301
0.012499301
0.012499301
0.012499297
0.012499297
0.012499297
0.012499298
0.012499298
0.012499298
0.012499298
0.012499298
0.012499298
0.012499299
0.012499299
0.012499299
0.012499299
0.012499299
0.0124993
0.0124993
0.0124993
0.012499301
0.012499301
0.012499301
0.012499297
0.012499297
0.012499297
0.012499298
0.012499298
0.012499298
0.012499298
0.012499298
0.012499298
0.012499299
0.012499299
0.012499299
0.012499299
0.012499299
0.0124993
0.0124993
0.0124993
0.012499301
0.012499301
0.012499301
0.012499297
0.012499297
0.012499297
0.012499298
0.012499298
0.012499298
0.012499298
0.012499298
0.012499298
0.012499299
0.012499299
0.012499299
0.012499299
0.012499299
0.0124993
0.0124993
0.0124993
0.012499301
0.012499301
0.012499301
0.012499297
0.012499297
0.012499297
0.012499298
0.012499298
0.012499298
0.012499298
0.012499298
0.012499298
0.012499299
0.012499299
0.012499299
0.012499299
0.012499299
0.0124993
0.0124993
0.0124993
0.012499301
0.012499301
0.012499301
0.012499297
0.012499297
0.012499297
0.012499298
0.012499298
0.012499298
0.012499298
0.012499298
0.012499298
0.012499299
0.012499299
0.012499299
0.012499299
0.012499299
0.0124993
0.0124993
0.0124993
0.012499301
0.012499301
0.012499301
0.012499297
0.012499297
0.012499297
0.012499298
0.012499298
0.012499298
0.012499298
0.012499298
0.012499298
0.012499299
0.012499299
0.012499299
0.012499299
0.012499299
0.0124993
0.0124993
0.0124993
0.012499301
0.012499301
0.012499301
0.012499297
0.012499297
0.012499297
0.012499298
0.012499298
0.012499298
0.012499298
0.012499298
0.012499298
0.012499299
0.012499299
0.012499299
0.012499299
0.012499299
0.0124993
0.0124993
0.0124993
0.012499301
0.012499301
0.012499301
0.012499297
0.012499297
0.012499297
0.012499298
0.012499298
0.012499298
0.012499298
0.012499298
0.012499298
0.012499299
0.012499299
0.012499299
0.012499299
0.012499299
0.0124993
0.0124993
0.0124993
0.012499301
0.012499301
0.012499301
0.012499297
0.012499297
0.012499297
0.012499298
0.012499298
0.012499298
0.012499298
0.012499298
0.012499298
0.012499299
0.012499299
0.012499299
0.012499299
0.012499299
0.0124993
0.0124993
0.0124993
0.012499301
0.012499301
0.012499301
0.012499297
0.012499297
0.012499297
0.012499298
0.012499298
0.012499298
0.012499298
0.012499298
0.012499298
0.012499299
0.012499299
0.012499299
0.012499299
0.012499299
0.0124993
0.0124993
0.0124993
0.012499301
0.012499301
0.012499301
0.012499297
0.012499297
0.012499297
0.012499298
0.012499298
0.012499298
0.012499298
0.012499298
0.012499298
0.012499299
0.012499299
0.012499299
0.012499299
0.012499299
0.0124993
0.0124993
0.0124993
0.012499301
0.012499301
0.012499301
0.012499297
0.012499297
0.012499297
0.012499298
0.012499298
0.012499298
0.012499298
0.012499298
0.012499298
0.012499299
0.012499299
0.012499299
0.012499299
0.012499299
0.0124993
0.0124993
0.0124993
0.012499301
0.012499301
0.012499301
0.012499297
0.012499297
0.012499297
0.012499298
0.012499298
0.012499298
0.012499298
0.012499298
0.012499298
0.012499299
0.012499299
0.012499299
0.012499299
0.012499299
0.0124993
0.0124993
0.0124993
0.012499301
0.012499301
0.012499301
0.012499297
0.012499297
0.012499297
0.012499298
0.012499298
0.012499298
0.012499298
0.012499298
0.012499298
0.012499299
0.012499299
0.012499299
0.012499299
0.012499299
0.0124993
0.0124993
0.0124993
0.012499301
0.012499301
0.012499301
0.012499297
0.012499297
0.012499297
0.012499298
0.012499298
0.012499298
0.012499298
0.012499298
0.012499298
0.012499299
0.012499299
0.012499299
0.012499299
0.012499299
0.0124993
0.0124993
0.0124993
0.012499301
0.012499301
0.012499301
0.012499297
0.012499297
0.012499297
0.012499298
0.012499298
0.012499298
0.012499298
0.012499298
0.012499298
0.012499299
0.012499299
0.012499299
0.012499299
0.012499299
0.0124993
0.0124993
0.0124993
0.012499301
0.012499301
0.012499301
0.012499297
0.012499297
0.012499297
0.012499298
0.012499298
0.012499298
0.012499298
0.012499298
0.012499298
0.012499299
0.012499299
0.012499299
0.012499299
0.012499299
0.0124993
0.0124993
0.0124993
0.012499301
0.012499301
0.012499301
0.012499297
0.012499297
0.012499297
0.012499298
0.012499298
0.012499298
0.012499298
0.012499298
0.012499298
0.012499299
0.012499299
0.012499299
0.012499299
0.012499299
0.0124993
0.0124993
0.0124993
0.012499301
0.012499301
0.012499301
0.012499297
0.012499297
0.012499297
0.012499298
0.012499298
0.012499298
0.012499298
0.012499298
0.012499298
0.012499299
0.012499299
0.012499299
0.012499299
0.012499299
0.0124993
0.0124993
0.0124993
0.012499301
0.012499301
0.012499301
0.012499297
0.012499297
0.012499297
0.012499298
0.012499298
0.012499298
0.012499298
0.012499298
0.012499298
0.012499299
0.012499299
0.012499299
0.012499299
0.012499299
0.0124993
0.0124993
0.0124993
0.012499301
0.012499301
0.012499301
0.012499297
0.012499297
0.012499297
0.012499298
0.012499298
0.012499298
0.012499298
0.012499298
0.012499298
0.012499299
0.012499299
0.012499299
0.012499299
0.012499299
0.0124993
0.0124993
0.0124993
0.012499301
0.012499301
0.012499301
0.012499297
0.012499297
0.012499297
0.012499298
0.012499298
0.012499298
0.012499298
0.012499298
0.012499298
0.012499299
0.012499299
0.012499299
0.012499299
0.012499299
0.0124993
0.0124993
0.0124993
0.012499301
0.012499301
0.012499301
0.012499297
0.012499297
0.012499297
0.012499298
0.012499298
0.012499298
0.012499298
0.012499298
0.012499298
0.012499299
0.012499299
0.012499299
0.012499299
0.012499299
0.0124993
0.0124993
0.0124993
0.012499301
0.012499301
0.012499301
0.012499297
0.012499297
0.012499297
0.012499298
0.012499298
0.012499298
0.012499298
0.012499298
0.012499298
0.012499299
0.012499299
0.012499299
0.012499299
0.012499299
0.0124993
0.0124993
0.0124993
0.012499301
0.012499301
0.012499301
0.012499297
0.012499297
0.012499297
0.012499298
0.012499298
0.012499298
0.012499298
0.012499298
0.012499298
0.012499299
0.012499299
0.012499299
0.012499299
0.012499299
0.0124993
0.0124993
0.0124993
0.012499301
0.012499301
0.012499301
0.012499297
0.012499297
0.012499297
0.012499298
0.012499298
0.012499298
0.012499298
0.012499298
0.012499298
0.012499299
0.012499299
0.012499299
0.012499299
0.012499299
0.0124993
0.0124993
0.0124993
0.012499301
0.012499301
0.012499301
0.012499297
0.012499297
0.012499297
0.012499298
0.012499298
0.012499298
0.012499298
0.012499298
0.012499298
0.012499299
0.012499299
0.012499299
0.012499299
0.012499299
0.0124993
0.0124993
0.0124993
0.012499301
0.012499301
0.012499301
0.012499297
0.012499297
0.012499297
0.012499298
0.012499298
0.012499298
0.012499298
0.012499298
0.012499298
0.012499299
0.012499299
0.012499299
0.012499299
0.012499299
0.0124993
0.0124993
0.0124993
0.012499301
0.012499301
0.012499301
0.012499297
0.012499297
0.012499297
0.012499298
0.012499298
0.012499298
0.012499298
0.012499298
0.012499298
0.012499299
0.012499299
0.012499299
0.012499299
0.012499299
0.0124993
0.0124993
0.0124993
0.012499301
0.012499301
0.012499301
0.012499297
0.012499297
0.012499297
0.012499298
0.012499298
0.012499298
0.012499298
0.012499298
0.012499298
0.012499299
0.012499299
0.012499299
0.012499299
0.012499299
0.0124993
0.0124993
0.0124993
0.012499301
0.012499301
0.012499301
0.012499297
0.012499297
0.012499297
0.012499298
0.012499298
0.012499298
0.012499298
0.012499298
0.012499298
0.012499299
0.012499299
0.012499299
0.012499299
0.012499299
0.0124993
0.0124993
0.0124993
0.012499301
0.012499301
0.012499301
0.012499297
0.012499297
0.012499297
0.012499298
0.012499298
0.012499298
0.012499298
0.012499298
0.012499298
0.012499299
0.012499299
0.012499299
0.012499299
0.012499299
0.0124993
0.0124993
0.0124993
0.0124993
0.012499301
0.012499301
0.012499297
0.012499297
0.012499297
0.012499298
0.012499298
0.012499298
0.012499298
0.012499298
0.012499298
0.012499299
0.012499299
0.012499299
0.012499299
0.012499299
0.0124993
0.0124993
0.0124993
0.0124993
0.012499301
0.012499301
0.012499297
0.012499297
0.012499297
0.012499297
0.012499298
0.012499298
0.012499298
0.012499298
0.012499298
0.012499299
0.012499299
0.012499299
0.012499299
0.012499299
0.0124993
0.0124993
0.0124993
0.0124993
0.012499301
0.012499301
0.012499297
0.012499297
0.012499297
0.012499297
0.012499298
0.012499298
0.012499298
0.012499298
0.012499298
0.012499299
0.012499299
0.012499299
0.012499299
0.012499299
0.0124993
0.0124993
0.0124993
0.0124993
0.012499301
0.012499301
0.012499297
0.012499297
0.012499297
0.012499297
0.012499298
0.012499298
0.012499298
0.012499298
0.012499298
0.012499299
0.012499299
0.012499299
0.012499299
0.012499299
0.0124993
0.0124993
0.0124993
0.0124993
0.012499301
0.012499301
0.012499297
0.012499297
0.012499297
0.012499297
0.012499298
0.012499298
0.012499298
0.012499298
0.012499298
0.012499298
0.012499299
0.012499299
0.012499299
0.012499299
0.0124993
0.0124993
0.0124993
0.0124993
0.012499301
0.012499301
0.012499297
0.012499297
0.012499297
0.012499297
0.012499298
0.012499298
0.012499298
0.012499298
0.012499298
0.012499298
0.012499299
0.012499299
0.012499299
0.012499299
0.0124993
0.0124993
0.0124993
0.0124993
0.012499301
0.012499301
0.012499297
0.012499297
0.012499297
0.012499297
0.012499298
0.012499298
0.012499298
0.012499298
0.012499298
0.012499298
0.012499299
0.012499299
0.012499299
0.012499299
0.0124993
0.0124993
0.0124993
0.0124993
0.012499301
0.012499301
0.012499297
0.012499297
0.012499297
0.012499297
0.012499298
0.012499298
0.012499298
0.012499298
0.012499298
0.012499298
0.012499299
0.012499299
0.012499299
0.012499299
0.0124993
0.0124993
0.0124993
0.0124993
0.012499301
0.012499301
0.012499297
0.012499297
0.012499297
0.012499297
0.012499298
0.012499298
0.012499298
0.012499298
0.012499298
0.012499298
0.012499299
0.012499299
0.012499299
0.012499299
0.0124993
0.0124993
0.0124993
0.0124993
0.012499301
0.012499301
0.012498192
0.01249817
0.01249815
0.012498132
0.012498117
0.012498105
0.012498094
0.012498087
0.012498082
0.01249808
0.01249808
0.012498083
0.012498088
0.012498096
0.012498107
0.01249812
0.012498136
0.012498154
0.012498174
0.012498197
0.012498546
0.012498545
0.012498544
0.012498543
0.012498542
0.012498541
0.012498541
0.01249854
0.01249854
0.01249854
0.01249854
0.012498541
0.012498542
0.012498543
0.012498544
0.012498545
0.012498546
0.012498548
0.01249855
0.012498551
0.012498787
0.012498787
0.012498788
0.012498788
0.012498789
0.012498789
0.01249879
0.01249879
0.01249879
0.012498791
0.012498791
0.012498791
0.012498791
0.012498792
0.012498792
0.012498792
0.012498792
0.012498792
0.012498792
0.012498792
0.012498958
0.012498959
0.012498959
0.01249896
0.01249896
0.012498961
0.012498961
0.012498962
0.012498962
0.012498962
0.012498963
0.012498963
0.012498963
0.012498963
0.012498963
0.012498963
0.012498963
0.012498964
0.012498964
0.012498964
0.01249908
0.01249908
0.012499081
0.012499081
0.012499082
0.012499082
0.012499083
0.012499083
0.012499083
0.012499084
0.012499084
0.012499084
0.012499084
0.012499085
0.012499085
0.012499085
0.012499085
0.012499085
0.012499085
0.012499085
0.012499163
0.012499163
0.012499164
0.012499164
0.012499165
0.012499165
0.012499166
0.012499166
0.012499166
0.012499167
0.012499167
0.012499167
0.012499167
0.012499168
0.012499168
0.012499168
0.012499168
0.012499168
0.012499168
0.012499168
0.012499217
0.012499218
0.012499218
0.012499219
0.012499219
0.01249922
0.01249922
0.01249922
0.012499221
0.012499221
0.012499221
0.012499222
0.012499222
0.012499222
0.012499222
0.012499222
0.012499222
0.012499223
0.012499223
0.012499223
0.012499252
0.012499252
0.012499253
0.012499253
0.012499253
0.012499254
0.012499254
0.012499254
0.012499255
0.012499255
0.012499255
0.012499256
0.012499256
0.012499256
0.012499256
0.012499256
0.012499257
0.012499257
0.012499257
0.012499257
0.012499272
0.012499273
0.012499273
0.012499274
0.012499274
0.012499274
0.012499275
0.012499275
0.012499275
0.012499276
0.012499276
0.012499276
0.012499276
0.012499277
0.012499277
0.012499277
0.012499277
0.012499277
0.012499278
0.012499278
0.012499284
0.012499285
0.012499285
0.012499285
0.012499286
0.012499286
0.012499286
0.012499287
0.012499287
0.012499287
0.012499288
0.012499288
0.012499288
0.012499288
0.012499289
0.012499289
0.012499289
0.012499289
0.01249929
0.01249929
0.012499291
0.012499291
0.012499292
0.012499292
0.012499292
0.012499293
0.012499293
0.012499293
0.012499293
0.012499294
0.012499294
0.012499294
0.012499295
0.012499295
0.012499295
0.012499295
0.012499296
0.012499296
0.012499296
0.012499296
0.012499294
0.012499295
0.012499295
0.012499295
0.012499296
0.012499296
0.012499296
0.012499297
0.012499297
0.012499297
0.012499297
0.012499298
0.012499298
0.012499298
0.012499299
0.012499299
0.012499299
0.012499299
0.0124993
0.0124993
0.012499296
0.012499296
0.012499297
0.012499297
0.012499297
0.012499298
0.012499298
0.012499298
0.012499299
0.012499299
0.012499299
0.012499299
0.0124993
0.0124993
0.0124993
0.0124993
0.012499301
0.012499301
0.012499301
0.012499302
0.012499297
0.012499297
0.012499298
0.012499298
0.012499298
0.012499299
0.012499299
0.012499299
0.012499299
0.0124993
0.0124993
0.0124993
0.012499301
0.012499301
0.012499301
0.012499301
0.012499302
0.012499302
0.012499302
0.012499302
0.012499297
0.012499298
0.012499298
0.012499298
0.012499299
0.012499299
0.012499299
0.0124993
0.0124993
0.0124993
0.0124993
0.012499301
0.012499301
0.012499301
0.012499301
0.012499302
0.012499302
0.012499302
0.012499303
0.012499303
0.012499298
0.012499298
0.012499298
0.012499298
0.012499299
0.012499299
0.012499299
0.0124993
0.0124993
0.0124993
0.012499301
0.012499301
0.012499301
0.012499301
0.012499302
0.012499302
0.012499302
0.012499302
0.012499303
0.012499303
0.012499298
0.012499298
0.012499298
0.012499299
0.012499299
0.012499299
0.012499299
0.0124993
0.0124993
0.0124993
0.012499301
0.012499301
0.012499301
0.012499301
0.012499302
0.012499302
0.012499302
0.012499302
0.012499303
0.012499303
0.012499298
0.012499298
0.012499298
0.012499299
0.012499299
0.012499299
0.012499299
0.0124993
0.0124993
0.0124993
0.012499301
0.012499301
0.012499301
0.012499301
0.012499302
0.012499302
0.012499302
0.012499302
0.012499303
0.012499303
0.012499298
0.012499298
0.012499298
0.012499299
0.012499299
0.012499299
0.012499299
0.0124993
0.0124993
0.0124993
0.012499301
0.012499301
0.012499301
0.012499301
0.012499302
0.012499302
0.012499302
0.012499303
0.012499303
0.012499303
0.012499298
0.012499298
0.012499298
0.012499299
0.012499299
0.012499299
0.012499299
0.0124993
0.0124993
0.0124993
0.012499301
0.012499301
0.012499301
0.012499301
0.012499302
0.012499302
0.012499302
0.012499302
0.012499303
0.012499303
0.012499298
0.012499298
0.012499298
0.012499299
0.012499299
0.012499299
0.012499299
0.0124993
0.0124993
0.0124993
0.012499301
0.012499301
0.012499301
0.012499301
0.012499302
0.012499302
0.012499302
0.012499303
0.012499303
0.012499303
0.012499298
0.012499298
0.012499298
0.012499299
0.012499299
0.012499299
0.012499299
0.0124993
0.0124993
0.0124993
0.012499301
0.012499301
0.012499301
0.012499301
0.012499302
0.012499302
0.012499302
0.012499302
0.012499303
0.012499303
0.012499298
0.012499298
0.012499298
0.012499299
0.012499299
0.012499299
0.012499299
0.0124993
0.0124993
0.0124993
0.012499301
0.012499301
0.012499301
0.012499301
0.012499302
0.012499302
0.012499302
0.012499302
0.012499303
0.012499303
0.012499298
0.012499298
0.012499298
0.012499299
0.012499299
0.012499299
0.012499299
0.0124993
0.0124993
0.0124993
0.012499301
0.012499301
0.012499301
0.012499301
0.012499302
0.012499302
0.012499302
0.012499302
0.012499303
0.012499303
0.012499298
0.012499298
0.012499298
0.012499299
0.012499299
0.012499299
0.012499299
0.0124993
0.0124993
0.0124993
0.012499301
0.012499301
0.012499301
0.012499301
0.012499302
0.012499302
0.012499302
0.012499302
0.012499303
0.012499303
0.012499298
0.012499298
0.012499298
0.012499299
0.012499299
0.012499299
0.012499299
0.0124993
0.0124993
0.0124993
0.012499301
0.012499301
0.012499301
0.012499301
0.012499302
0.012499302
0.012499302
0.012499302
0.012499303
0.012499303
0.012499298
0.012499298
0.012499298
0.012499299
0.012499299
0.012499299
0.012499299
0.0124993
0.0124993
0.0124993
0.012499301
0.012499301
0.012499301
0.012499301
0.012499302
0.012499302
0.012499302
0.012499302
0.012499303
0.012499303
0.012499298
0.012499298
0.012499298
0.012499299
0.012499299
0.012499299
0.012499299
0.0124993
0.0124993
0.0124993
0.012499301
0.012499301
0.012499301
0.012499301
0.012499302
0.012499302
0.012499302
0.012499302
0.012499303
0.012499303
0.012499298
0.012499298
0.012499298
0.012499299
0.012499299
0.012499299
0.012499299
0.0124993
0.0124993
0.0124993
0.012499301
0.012499301
0.012499301
0.012499301
0.012499302
0.012499302
0.012499302
0.012499302
0.012499303
0.012499303
0.012499298
0.012499298
0.012499298
0.012499299
0.012499299
0.012499299
0.012499299
0.0124993
0.0124993
0.0124993
0.012499301
0.012499301
0.012499301
0.012499301
0.012499302
0.012499302
0.012499302
0.012499302
0.012499303
0.012499303
0.012499298
0.012499298
0.012499298
0.012499299
0.012499299
0.012499299
0.012499299
0.0124993
0.0124993
0.0124993
0.012499301
0.012499301
0.012499301
0.012499301
0.012499302
0.012499302
0.012499302
0.012499302
0.012499303
0.012499303
0.012499298
0.012499298
0.012499298
0.012499299
0.012499299
0.012499299
0.012499299
0.0124993
0.0124993
0.0124993
0.012499301
0.012499301
0.012499301
0.012499301
0.012499302
0.012499302
0.012499302
0.012499302
0.012499303
0.012499303
0.012499298
0.012499298
0.012499298
0.012499299
0.012499299
0.012499299
0.012499299
0.0124993
0.0124993
0.0124993
0.012499301
0.012499301
0.012499301
0.012499301
0.012499302
0.012499302
0.012499302
0.012499302
0.012499303
0.012499303
0.012499298
0.012499298
0.012499298
0.012499299
0.012499299
0.012499299
0.012499299
0.0124993
0.0124993
0.0124993
0.012499301
0.012499301
0.012499301
0.012499301
0.012499302
0.012499302
0.012499302
0.012499302
0.012499303
0.012499303
0.012499298
0.012499298
0.012499298
0.012499299
0.012499299
0.012499299
0.012499299
0.0124993
0.0124993
0.0124993
0.012499301
0.012499301
0.012499301
0.012499301
0.012499302
0.012499302
0.012499302
0.012499302
0.012499303
0.012499303
0.012499298
0.012499298
0.012499298
0.012499299
0.012499299
0.012499299
0.012499299
0.0124993
0.0124993
0.0124993
0.012499301
0.012499301
0.012499301
0.012499301
0.012499302
0.012499302
0.012499302
0.012499302
0.012499303
0.012499303
0.012499298
0.012499298
0.012499298
0.012499299
0.012499299
0.012499299
0.012499299
0.0124993
0.0124993
0.0124993
0.012499301
0.012499301
0.012499301
0.012499301
0.012499302
0.012499302
0.012499302
0.012499302
0.012499303
0.012499303
0.012499298
0.012499298
0.012499298
0.012499299
0.012499299
0.012499299
0.012499299
0.0124993
0.0124993
0.0124993
0.012499301
0.012499301
0.012499301
0.012499301
0.012499302
0.012499302
0.012499302
0.012499302
0.012499303
0.012499303
0.012499298
0.012499298
0.012499298
0.012499299
0.012499299
0.012499299
0.012499299
0.0124993
0.0124993
0.0124993
0.012499301
0.012499301
0.012499301
0.012499301
0.012499302
0.012499302
0.012499302
0.012499302
0.012499303
0.012499303
0.012499298
0.012499298
0.012499298
0.012499299
0.012499299
0.012499299
0.012499299
0.0124993
0.0124993
0.0124993
0.012499301
0.012499301
0.012499301
0.012499301
0.012499302
0.012499302
0.012499302
0.012499302
0.012499303
0.012499303
0.012499298
0.012499298
0.012499298
0.012499299
0.012499299
0.012499299
0.012499299
0.0124993
0.0124993
0.0124993
0.012499301
0.012499301
0.012499301
0.012499301
0.012499302
0.012499302
0.012499302
0.012499302
0.012499303
0.012499303
0.012499298
0.012499298
0.012499298
0.012499299
0.012499299
0.012499299
0.012499299
0.0124993
0.0124993
0.0124993
0.012499301
0.012499301
0.012499301
0.012499301
0.012499302
0.012499302
0.012499302
0.012499302
0.012499303
0.012499303
0.012499298
0.012499298
0.012499298
0.012499299
0.012499299
0.012499299
0.012499299
0.0124993
0.0124993
0.0124993
0.012499301
0.012499301
0.012499301
0.012499301
0.012499302
0.012499302
0.012499302
0.012499302
0.012499303
0.012499303
0.012499298
0.012499298
0.012499298
0.012499299
0.012499299
0.012499299
0.012499299
0.0124993
0.0124993
0.0124993
0.012499301
0.012499301
0.012499301
0.012499301
0.012499302
0.012499302
0.012499302
0.012499302
0.012499303
0.012499303
0.012499298
0.012499298
0.012499298
0.012499299
0.012499299
0.012499299
0.012499299
0.0124993
0.0124993
0.0124993
0.012499301
0.012499301
0.012499301
0.012499301
0.012499302
0.012499302
0.012499302
0.012499302
0.012499303
0.012499303
0.012499298
0.012499298
0.012499298
0.012499299
0.012499299
0.012499299
0.012499299
0.0124993
0.0124993
0.0124993
0.012499301
0.012499301
0.012499301
0.012499301
0.012499302
0.012499302
0.012499302
0.012499302
0.012499303
0.012499303
0.012499298
0.012499298
0.012499298
0.012499299
0.012499299
0.012499299
0.012499299
0.0124993
0.0124993
0.0124993
0.012499301
0.012499301
0.012499301
0.012499301
0.012499302
0.012499302
0.012499302
0.012499302
0.012499303
0.012499303
0.012499298
0.012499298
0.012499298
0.012499299
0.012499299
0.012499299
0.012499299
0.0124993
0.0124993
0.0124993
0.012499301
0.012499301
0.012499301
0.012499301
0.012499302
0.012499302
0.012499302
0.012499302
0.012499303
0.012499303
0.012499298
0.012499298
0.012499298
0.012499299
0.012499299
0.012499299
0.012499299
0.0124993
0.0124993
0.0124993
0.012499301
0.012499301
0.012499301
0.012499301
0.012499302
0.012499302
0.012499302
0.012499302
0.012499303
0.012499303
0.012499298
0.012499298
0.012499298
0.012499299
0.012499299
0.012499299
0.012499299
0.0124993
0.0124993
0.0124993
0.012499301
0.012499301
0.012499301
0.012499301
0.012499302
0.012499302
0.012499302
0.012499302
0.012499303
0.012499303
0.012499298
0.012499298
0.012499298
0.012499299
0.012499299
0.012499299
0.012499299
0.0124993
0.0124993
0.0124993
0.012499301
0.012499301
0.012499301
0.012499301
0.012499302
0.012499302
0.012499302
0.012499302
0.012499303
0.012499303
0.012499298
0.012499298
0.012499298
0.012499299
0.012499299
0.012499299
0.012499299
0.0124993
0.0124993
0.0124993
0.012499301
0.012499301
0.012499301
0.012499301
0.012499302
0.012499302
0.012499302
0.012499302
0.012499303
0.012499303
0.012499298
0.012499298
0.012499298
0.012499299
0.012499299
0.012499299
0.012499299
0.0124993
0.0124993
0.0124993
0.012499301
0.012499301
0.012499301
0.012499301
0.012499302
0.012499302
0.012499302
0.012499302
0.012499303
0.012499303
0.012499298
0.012499298
0.012499298
0.012499299
0.012499299
0.012499299
0.012499299
0.0124993
0.0124993
0.0124993
0.012499301
0.012499301
0.012499301
0.012499301
0.012499302
0.012499302
0.012499302
0.012499302
0.012499303
0.012499303
0.012499298
0.012499298
0.012499298
0.012499298
0.012499299
0.012499299
0.012499299
0.0124993
0.0124993
0.0124993
0.012499301
0.012499301
0.012499301
0.012499301
0.012499302
0.012499302
0.012499302
0.012499302
0.012499303
0.012499303
0.012499298
0.012499298
0.012499298
0.012499298
0.012499299
0.012499299
0.012499299
0.0124993
0.0124993
0.0124993
0.012499301
0.012499301
0.012499301
0.012499301
0.012499302
0.012499302
0.012499302
0.012499302
0.012499303
0.012499303
0.012499298
0.012499298
0.012499298
0.012499298
0.012499299
0.012499299
0.012499299
0.0124993
0.0124993
0.0124993
0.012499301
0.012499301
0.012499301
0.012499301
0.012499302
0.012499302
0.012499302
0.012499302
0.012499303
0.012499303
0.012499298
0.012499298
0.012499298
0.012499298
0.012499299
0.012499299
0.012499299
0.0124993
0.0124993
0.0124993
0.012499301
0.012499301
0.012499301
0.012499301
0.012499302
0.012499302
0.012499302
0.012499302
0.012499303
0.012499303
0.012499297
0.012499298
0.012499298
0.012499298
0.012499299
0.012499299
0.012499299
0.0124993
0.0124993
0.0124993
0.0124993
0.012499301
0.012499301
0.012499301
0.012499302
0.012499302
0.012499302
0.012499302
0.012499303
0.012499303
0.012499297
0.012499298
0.012499298
0.012499298
0.012499299
0.012499299
0.012499299
0.0124993
0.0124993
0.0124993
0.0124993
0.012499301
0.012499301
0.012499301
0.012499302
0.012499302
0.012499302
0.012499302
0.012499303
0.012499303
0.012498338
0.012498327
0.012498317
0.012498307
0.012498299
0.012498293
0.012498287
0.012498283
0.012498281
0.012498279
0.01249828
0.012498281
0.012498284
0.012498289
0.012498295
0.012498302
0.01249831
0.01249832
0.012498331
0.012498234
0.01249823
0.012498226
0.012498223
0.01249822
0.012498219
0.012498219
0.012498219
0.012498222
0.012498225
0.01249823
0.012498236
0.012498243
0.012498252
0.012498262
0.012498273
0.012498286
0.012498301
0.012498316
0.012498343
0.012498333
0.01249861
0.012498613
0.012498614
0.012498616
0.012498617
0.012498618
0.012498619
0.012498619
0.01249862
0.01249862
0.01249862
0.01249862
0.01249862
0.01249862
0.01249862
0.01249862
0.012498619
0.012498618
0.012498616
0.012498563
0.012498567
0.012498571
0.012498574
0.012498577
0.01249858
0.012498583
0.012498585
0.012498588
0.01249859
0.012498593
0.012498595
0.012498597
0.012498599
0.012498601
0.012498603
0.012498605
0.012498607
0.012498608
0.012498615
0.012498609
0.012498815
0.012498816
0.012498818
0.012498819
0.01249882
0.012498822
0.012498822
0.012498823
0.012498824
0.012498824
0.012498824
0.012498824
0.012498824
0.012498824
0.012498824
0.012498823
0.012498822
0.012498821
0.01249882
0.012498797
0.012498799
0.0124988
0.012498802
0.012498804
0.012498806
0.012498807
0.012498809
0.01249881
0.012498811
0.012498812
0.012498813
0.012498814
0.012498815
0.012498815
0.012498816
0.012498816
0.012498816
0.012498817
0.012498819
0.012498817
0.012498972
0.012498973
0.012498974
0.012498975
0.012498975
0.012498976
0.012498977
0.012498977
0.012498978
0.012498978
0.012498978
0.012498978
0.012498978
0.012498978
0.012498978
0.012498978
0.012498978
0.012498977
0.012498977
0.012498966
0.012498967
0.012498968
0.012498969
0.01249897
0.012498971
0.012498972
0.012498972
0.012498973
0.012498974
0.012498974
0.012498974
0.012498975
0.012498975
0.012498975
0.012498975
0.012498975
0.012498975
0.012498975
0.012498976
0.012498975
0.012499087
0.012499088
0.012499088
0.012499089
0.01249909
0.01249909
0.012499091
0.012499091
0.012499092
0.012499092
0.012499092
0.012499092
0.012499092
0.012499092
0.012499092
0.012499092
0.012499092
0.012499092
0.012499092
0.012499087
0.012499087
0.012499088
0.012499089
0.012499089
0.01249909
0.01249909
0.01249909
0.012499091
0.012499091
0.012499091
0.012499092
0.012499092
0.012499092
0.012499092
0.012499092
0.012499092
0.012499092
0.012499091
0.012499091
0.012499091
0.012499168
0.012499168
0.012499169
0.01249917
0.01249917
0.012499171
0.012499171
0.012499171
0.012499172
0.012499172
0.012499172
0.012499172
0.012499173
0.012499173
0.012499173
0.012499173
0.012499173
0.012499172
0.012499172
0.012499169
0.01249917
0.01249917
0.012499171
0.012499171
0.012499172
0.012499172
0.012499172
0.012499172
0.012499173
0.012499173
0.012499173
0.012499173
0.012499173
0.012499173
0.012499173
0.012499173
0.012499173
0.012499172
0.012499172
0.012499172
0.012499221
0.012499222
0.012499223
0.012499223
0.012499224
0.012499224
0.012499224
0.012499225
0.012499225
0.012499225
0.012499226
0.012499226
0.012499226
0.012499226
0.012499226
0.012499226
0.012499226
0.012499226
0.012499226
0.012499224
0.012499224
0.012499225
0.012499225
0.012499225
0.012499226
0.012499226
0.012499226
0.012499226
0.012499227
0.012499227
0.012499227
0.012499227
0.012499227
0.012499227
0.012499227
0.012499227
0.012499227
0.012499226
0.012499226
0.012499226
0.012499256
0.012499256
0.012499257
0.012499257
0.012499258
0.012499258
0.012499259
0.012499259
0.012499259
0.012499259
0.01249926
0.01249926
0.01249926
0.01249926
0.01249926
0.01249926
0.01249926
0.01249926
0.01249926
0.012499258
0.012499259
0.012499259
0.012499259
0.01249926
0.01249926
0.01249926
0.01249926
0.012499261
0.012499261
0.012499261
0.012499261
0.012499261
0.012499261
0.012499261
0.012499261
0.012499261
0.012499261
0.012499261
0.01249926
0.012499261
0.012499277
0.012499277
0.012499278
0.012499278
0.012499279
0.012499279
0.012499279
0.01249928
0.01249928
0.01249928
0.01249928
0.012499281
0.012499281
0.012499281
0.012499281
0.012499281
0.012499281
0.012499281
0.012499281
0.012499279
0.012499279
0.01249928
0.01249928
0.01249928
0.012499281
0.012499281
0.012499281
0.012499281
0.012499281
0.012499281
0.012499281
0.012499282
0.012499282
0.012499282
0.012499282
0.012499282
0.012499282
0.012499282
0.012499281
0.012499281
0.012499289
0.012499289
0.01249929
0.01249929
0.012499291
0.012499291
0.012499291
0.012499292
0.012499292
0.012499292
0.012499292
0.012499293
0.012499293
0.012499293
0.012499293
0.012499293
0.012499293
0.012499293
0.012499293
0.012499291
0.012499291
0.012499292
0.012499292
0.012499292
0.012499292
0.012499293
0.012499293
0.012499293
0.012499293
0.012499293
0.012499293
0.012499294
0.012499294
0.012499294
0.012499294
0.012499294
0.012499294
0.012499294
0.012499293
0.012499294
0.012499296
0.012499296
0.012499297
0.012499297
0.012499297
0.012499298
0.012499298
0.012499298
0.012499299
0.012499299
0.012499299
0.012499299
0.0124993
0.0124993
0.0124993
0.0124993
0.0124993
0.0124993
0.0124993
0.012499298
0.012499298
0.012499298
0.012499298
0.012499299
0.012499299
0.012499299
0.012499299
0.0124993
0.0124993
0.0124993
0.0124993
0.0124993
0.0124993
0.0124993
0.0124993
0.0124993
0.0124993
0.0124993
0.0124993
0.0124993
0.012499299
0.0124993
0.0124993
0.012499301
0.012499301
0.012499301
0.012499302
0.012499302
0.012499302
0.012499303
0.012499303
0.012499303
0.012499303
0.012499303
0.012499303
0.012499304
0.012499304
0.012499304
0.012499304
0.012499301
0.012499301
0.012499302
0.012499302
0.012499302
0.012499302
0.012499303
0.012499303
0.012499303
0.012499303
0.012499303
0.012499304
0.012499304
0.012499304
0.012499304
0.012499304
0.012499304
0.012499304
0.012499304
0.012499304
0.012499304
0.012499301
0.012499302
0.012499302
0.012499302
0.012499303
0.012499303
0.012499304
0.012499304
0.012499304
0.012499304
0.012499305
0.012499305
0.012499305
0.012499305
0.012499305
0.012499305
0.012499305
0.012499306
0.012499306
0.012499303
0.012499303
0.012499303
0.012499304
0.012499304
0.012499304
0.012499304
0.012499305
0.012499305
0.012499305
0.012499305
0.012499305
0.012499305
0.012499306
0.012499306
0.012499306
0.012499306
0.012499306
0.012499306
0.012499306
0.012499306
0.012499302
0.012499303
0.012499303
0.012499303
0.012499304
0.012499304
0.012499304
0.012499305
0.012499305
0.012499305
0.012499305
0.012499306
0.012499306
0.012499306
0.012499306
0.012499306
0.012499306
0.012499306
0.012499307
0.012499304
0.012499304
0.012499304
0.012499305
0.012499305
0.012499305
0.012499305
0.012499306
0.012499306
0.012499306
0.012499306
0.012499306
0.012499306
0.012499306
0.012499307
0.012499307
0.012499307
0.012499307
0.012499307
0.012499307
0.012499307
0.012499303
0.012499303
0.012499303
0.012499304
0.012499304
0.012499305
0.012499305
0.012499305
0.012499305
0.012499306
0.012499306
0.012499306
0.012499306
0.012499306
0.012499307
0.012499307
0.012499307
0.012499307
0.012499307
0.012499304
0.012499304
0.012499305
0.012499305
0.012499305
0.012499305
0.012499306
0.012499306
0.012499306
0.012499306
0.012499306
0.012499307
0.012499307
0.012499307
0.012499307
0.012499307
0.012499307
0.012499307
0.012499307
0.012499307
0.012499307
0.012499303
0.012499303
0.012499304
0.012499304
0.012499304
0.012499305
0.012499305
0.012499305
0.012499306
0.012499306
0.012499306
0.012499306
0.012499306
0.012499307
0.012499307
0.012499307
0.012499307
0.012499307
0.012499307
0.012499304
0.012499305
0.012499305
0.012499305
0.012499305
0.012499306
0.012499306
0.012499306
0.012499306
0.012499306
0.012499307
0.012499307
0.012499307
0.012499307
0.012499307
0.012499307
0.012499307
0.012499307
0.012499307
0.012499307
0.012499307
0.012499303
0.012499303
0.012499304
0.012499304
0.012499304
0.012499305
0.012499305
0.012499305
0.012499306
0.012499306
0.012499306
0.012499306
0.012499307
0.012499307
0.012499307
0.012499307
0.012499307
0.012499307
0.012499307
0.012499304
0.012499305
0.012499305
0.012499305
0.012499305
0.012499306
0.012499306
0.012499306
0.012499306
0.012499307
0.012499307
0.012499307
0.012499307
0.012499307
0.012499307
0.012499307
0.012499307
0.012499307
0.012499307
0.012499307
0.012499307
0.012499303
0.012499303
0.012499304
0.012499304
0.012499304
0.012499305
0.012499305
0.012499305
0.012499306
0.012499306
0.012499306
0.012499306
0.012499307
0.012499307
0.012499307
0.012499307
0.012499307
0.012499307
0.012499307
0.012499304
0.012499305
0.012499305
0.012499305
0.012499306
0.012499306
0.012499306
0.012499306
0.012499306
0.012499307
0.012499307
0.012499307
0.012499307
0.012499307
0.012499307
0.012499307
0.012499307
0.012499307
0.012499307
0.012499307
0.012499307
0.012499303
0.012499303
0.012499304
0.012499304
0.012499304
0.012499305
0.012499305
0.012499305
0.012499306
0.012499306
0.012499306
0.012499306
0.012499307
0.012499307
0.012499307
0.012499307
0.012499307
0.012499307
0.012499307
0.012499304
0.012499305
0.012499305
0.012499305
0.012499306
0.012499306
0.012499306
0.012499306
0.012499306
0.012499307
0.012499307
0.012499307
0.012499307
0.012499307
0.012499307
0.012499307
0.012499307
0.012499307
0.012499307
0.012499307
0.012499307
0.012499303
0.012499303
0.012499304
0.012499304
0.012499304
0.012499305
0.012499305
0.012499305
0.012499306
0.012499306
0.012499306
0.012499306
0.012499307
0.012499307
0.012499307
0.012499307
0.012499307
0.012499307
0.012499307
0.012499304
0.012499305
0.012499305
0.012499305
0.012499306
0.012499306
0.012499306
0.012499306
0.012499306
0.012499307
0.012499307
0.012499307
0.012499307
0.012499307
0.012499307
0.012499307
0.012499307
0.012499307
0.012499307
0.012499307
0.012499307
0.012499303
0.012499303
0.012499304
0.012499304
0.012499304
0.012499305
0.012499305
0.012499305
0.012499306
0.012499306
0.012499306
0.012499306
0.012499307
0.012499307
0.012499307
0.012499307
0.012499307
0.012499307
0.012499307
0.012499304
0.012499305
0.012499305
0.012499305
0.012499306
0.012499306
0.012499306
0.012499306
0.012499306
0.012499307
0.012499307
0.012499307
0.012499307
0.012499307
0.012499307
0.012499307
0.012499307
0.012499307
0.012499307
0.012499307
0.012499307
0.012499303
0.012499303
0.012499304
0.012499304
0.012499304
0.012499305
0.012499305
0.012499305
0.012499306
0.012499306
0.012499306
0.012499306
0.012499307
0.012499307
0.012499307
0.012499307
0.012499307
0.012499307
0.012499307
0.012499304
0.012499305
0.012499305
0.012499305
0.012499306
0.012499306
0.012499306
0.012499306
0.012499306
0.012499307
0.012499307
0.012499307
0.012499307
0.012499307
0.012499307
0.012499307
0.012499307
0.012499307
0.012499307
0.012499307
0.012499307
0.012499303
0.012499303
0.012499304
0.012499304
0.012499304
0.012499305
0.012499305
0.012499305
0.012499306
0.012499306
0.012499306
0.012499306
0.012499307
0.012499307
0.012499307
0.012499307
0.012499307
0.012499307
0.012499307
0.012499304
0.012499305
0.012499305
0.012499305
0.012499306
0.012499306
0.012499306
0.012499306
0.012499306
0.012499307
0.012499307
0.012499307
0.012499307
0.012499307
0.012499307
0.012499307
0.012499307
0.012499307
0.012499307
0.012499307
0.012499307
0.012499303
0.012499303
0.012499304
0.012499304
0.012499304
0.012499305
0.012499305
0.012499305
0.012499306
0.012499306
0.012499306
0.012499306
0.012499307
0.012499307
0.012499307
0.012499307
0.012499307
0.012499307
0.012499307
0.012499304
0.012499305
0.012499305
0.012499305
0.012499306
0.012499306
0.012499306
0.012499306
0.012499306
0.012499307
0.012499307
0.012499307
0.012499307
0.012499307
0.012499307
0.012499307
0.012499307
0.012499307
0.012499307
0.012499307
0.012499307
0.012499303
0.012499303
0.012499304
0.012499304
0.012499304
0.012499305
0.012499305
0.012499305
0.012499306
0.012499306
0.012499306
0.012499306
0.012499307
0.012499307
0.012499307
0.012499307
0.012499307
0.012499307
0.012499307
0.012499304
0.012499305
0.012499305
0.012499305
0.012499306
0.012499306
0.012499306
0.012499306
0.012499306
0.012499307
0.012499307
0.012499307
0.012499307
0.012499307
0.012499307
0.012499307
0.012499307
0.012499307
0.012499307
0.012499307
0.012499307
0.012499303
0.012499303
0.012499304
0.012499304
0.012499304
0.012499305
0.012499305
0.012499305
0.012499306
0.012499306
0.012499306
0.012499306
0.012499307
0.012499307
0.012499307
0.012499307
0.012499307
0.012499307
0.012499307
0.012499304
0.012499305
0.012499305
0.012499305
0.012499306
0.012499306
0.012499306
0.012499306
0.012499306
0.012499307
0.012499307
0.012499307
0.012499307
0.012499307
0.012499307
0.012499307
0.012499307
0.012499307
0.012499307
0.012499307
0.012499307
0.012499303
0.012499303
0.012499304
0.012499304
0.012499304
0.012499305
0.012499305
0.012499305
0.012499306
0.012499306
0.012499306
0.012499306
0.012499307
0.012499307
0.012499307
0.012499307
0.012499307
0.012499307
0.012499307
0.012499304
0.012499305
0.012499305
0.012499305
0.012499306
0.012499306
0.012499306
0.012499306
0.012499306
0.012499307
0.012499307
0.012499307
0.012499307
0.012499307
0.012499307
0.012499307
0.012499307
0.012499307
0.012499307
0.012499307
0.012499307
0.012499303
0.012499303
0.012499304
0.012499304
0.012499304
0.012499305
0.012499305
0.012499305
0.012499306
0.012499306
0.012499306
0.012499306
0.012499307
0.012499307
0.012499307
0.012499307
0.012499307
0.012499307
0.012499307
0.012499304
0.012499305
0.012499305
0.012499305
0.012499306
0.012499306
0.012499306
0.012499306
0.012499306
0.012499307
0.012499307
0.012499307
0.012499307
0.012499307
0.012499307
0.012499307
0.012499307
0.012499307
0.012499307
0.012499307
0.012499307
0.012499303
0.012499303
0.012499304
0.012499304
0.012499304
0.012499305
0.012499305
0.012499305
0.012499306
0.012499306
0.012499306
0.012499306
0.012499307
0.012499307
0.012499307
0.012499307
0.012499307
0.012499307
0.012499307
0.012499304
0.012499305
0.012499305
0.012499305
0.012499306
0.012499306
0.012499306
0.012499306
0.012499306
0.012499307
0.012499307
0.012499307
0.012499307
0.012499307
0.012499307
0.012499307
0.012499307
0.012499307
0.012499307
0.012499307
0.012499307
0.012499303
0.012499303
0.012499304
0.012499304
0.012499304
0.012499305
0.012499305
0.012499305
0.012499306
0.012499306
0.012499306
0.012499306
0.012499307
0.012499307
0.012499307
0.012499307
0.012499307
0.012499307
0.012499307
0.012499304
0.012499305
0.012499305
0.012499305
0.012499306
0.012499306
0.012499306
0.012499306
0.012499306
0.012499307
0.012499307
0.012499307
0.012499307
0.012499307
0.012499307
0.012499307
0.012499307
0.012499307
0.012499307
0.012499307
0.012499307
0.012499303
0.012499303
0.012499304
0.012499304
0.012499304
0.012499305
0.012499305
0.012499305
0.012499306
0.012499306
0.012499306
0.012499306
0.012499307
0.012499307
0.012499307
0.012499307
0.012499307
0.012499307
0.012499307
0.012499304
0.012499305
0.012499305
0.012499305
0.012499306
0.012499306
0.012499306
0.012499306
0.012499306
0.012499307
0.012499307
0.012499307
0.012499307
0.012499307
0.012499307
0.012499307
0.012499307
0.012499307
0.012499307
0.012499307
0.012499307
0.012499303
0.012499303
0.012499304
0.012499304
0.012499304
0.012499305
0.012499305
0.012499305
0.012499306
0.012499306
0.012499306
0.012499306
0.012499307
0.012499307
0.012499307
0.012499307
0.012499307
0.012499307
0.012499307
0.012499304
0.012499305
0.012499305
0.012499305
0.012499305
0.012499306
0.012499306
0.012499306
0.012499306
0.012499307
0.012499307
0.012499307
0.012499307
0.012499307
0.012499307
0.012499307
0.012499307
0.012499307
0.012499307
0.012499307
0.012499307
0.012499303
0.012499303
0.012499304
0.012499304
0.012499304
0.012499305
0.012499305
0.012499305
0.012499306
0.012499306
0.012499306
0.012499306
0.012499307
0.012499307
0.012499307
0.012499307
0.012499307
0.012499307
0.012499307
0.012499304
0.012499305
0.012499305
0.012499305
0.012499306
0.012499306
0.012499306
0.012499306
0.012499306
0.012499307
0.012499307
0.012499307
0.012499307
0.012499307
0.012499307
0.012499307
0.012499307
0.012499307
0.012499307
0.012499307
0.012499307
0.012499303
0.012499303
0.012499304
0.012499304
0.012499304
0.012499305
0.012499305
0.012499305
0.012499306
0.012499306
0.012499306
0.012499306
0.012499307
0.012499307
0.012499307
0.012499307
0.012499307
0.012499307
0.012499307
0.012499304
0.012499305
0.012499305
0.012499305
0.012499306
0.012499306
0.012499306
0.012499306
0.012499306
0.012499307
0.012499307
0.012499307
0.012499307
0.012499307
0.012499307
0.012499307
0.012499307
0.012499307
0.012499307
0.012499307
0.012499307
0.012499303
0.012499303
0.012499304
0.012499304
0.012499304
0.012499305
0.012499305
0.012499305
0.012499306
0.012499306
0.012499306
0.012499306
0.012499307
0.012499307
0.012499307
0.012499307
0.012499307
0.012499307
0.012499307
0.012499304
0.012499305
0.012499305
0.012499305
0.012499306
0.012499306
0.012499306
0.012499306
0.012499306
0.012499307
0.012499307
0.012499307
0.012499307
0.012499307
0.012499307
0.012499307
0.012499307
0.012499307
0.012499307
0.012499307
0.012499307
0.012499303
0.012499303
0.012499304
0.012499304
0.012499304
0.012499305
0.012499305
0.012499305
0.012499306
0.012499306
0.012499306
0.012499306
0.012499307
0.012499307
0.012499307
0.012499307
0.012499307
0.012499307
0.012499307
0.012499304
0.012499305
0.012499305
0.012499305
0.012499306
0.012499306
0.012499306
0.012499306
0.012499306
0.012499307
0.012499307
0.012499307
0.012499307
0.012499307
0.012499307
0.012499307
0.012499307
0.012499307
0.012499307
0.012499307
0.012499307
0.012499303
0.012499303
0.012499304
0.012499304
0.012499304
0.012499305
0.012499305
0.012499305
0.012499306
0.012499306
0.012499306
0.012499306
0.012499307
0.012499307
0.012499307
0.012499307
0.012499307
0.012499307
0.012499307
0.012499304
0.012499305
0.012499305
0.012499305
0.012499306
0.012499306
0.012499306
0.012499306
0.012499306
0.012499307
0.012499307
0.012499307
0.012499307
0.012499307
0.012499307
0.012499307
0.012499307
0.012499307
0.012499307
0.012499307
0.012499307
0.012499303
0.012499303
0.012499304
0.012499304
0.012499304
0.012499305
0.012499305
0.012499305
0.012499306
0.012499306
0.012499306
0.012499306
0.012499307
0.012499307
0.012499307
0.012499307
0.012499307
0.012499307
0.012499307
0.012499304
0.012499305
0.012499305
0.012499305
0.012499306
0.012499306
0.012499306
0.012499306
0.012499306
0.012499307
0.012499307
0.012499307
0.012499307
0.012499307
0.012499307
0.012499307
0.012499307
0.012499307
0.012499307
0.012499307
0.012499307
0.012499303
0.012499303
0.012499304
0.012499304
0.012499304
0.012499305
0.012499305
0.012499305
0.012499306
0.012499306
0.012499306
0.012499306
0.012499307
0.012499307
0.012499307
0.012499307
0.012499307
0.012499307
0.012499307
0.012499304
0.012499305
0.012499305
0.012499305
0.012499306
0.012499306
0.012499306
0.012499306
0.012499306
0.012499307
0.012499307
0.012499307
0.012499307
0.012499307
0.012499307
0.012499307
0.012499307
0.012499307
0.012499307
0.012499307
0.012499307
0.012499303
0.012499303
0.012499304
0.012499304
0.012499304
0.012499305
0.012499305
0.012499305
0.012499306
0.012499306
0.012499306
0.012499306
0.012499307
0.012499307
0.012499307
0.012499307
0.012499307
0.012499307
0.012499307
0.012499304
0.012499305
0.012499305
0.012499305
0.012499306
0.012499306
0.012499306
0.012499306
0.012499306
0.012499307
0.012499307
0.012499307
0.012499307
0.012499307
0.012499307
0.012499307
0.012499307
0.012499307
0.012499307
0.012499307
0.012499307
0.012499303
0.012499303
0.012499304
0.012499304
0.012499304
0.012499305
0.012499305
0.012499305
0.012499306
0.012499306
0.012499306
0.012499306
0.012499307
0.012499307
0.012499307
0.012499307
0.012499307
0.012499307
0.012499307
0.012499304
0.012499305
0.012499305
0.012499305
0.012499305
0.012499306
0.012499306
0.012499306
0.012499306
0.012499307
0.012499307
0.012499307
0.012499307
0.012499307
0.012499307
0.012499307
0.012499307
0.012499307
0.012499307
0.012499307
0.012499307
0.012499303
0.012499303
0.012499304
0.012499304
0.012499304
0.012499305
0.012499305
0.012499305
0.012499306
0.012499306
0.012499306
0.012499306
0.012499307
0.012499307
0.012499307
0.012499307
0.012499307
0.012499307
0.012499307
0.012499304
0.012499305
0.012499305
0.012499305
0.012499306
0.012499306
0.012499306
0.012499306
0.012499306
0.012499307
0.012499307
0.012499307
0.012499307
0.012499307
0.012499307
0.012499307
0.012499307
0.012499307
0.012499307
0.012499307
0.012499307
0.012499303
0.012499303
0.012499304
0.012499304
0.012499304
0.012499305
0.012499305
0.012499305
0.012499306
0.012499306
0.012499306
0.012499306
0.012499307
0.012499307
0.012499307
0.012499307
0.012499307
0.012499307
0.012499307
0.012499304
0.012499305
0.012499305
0.012499305
0.012499306
0.012499306
0.012499306
0.012499306
0.012499306
0.012499307
0.012499307
0.012499307
0.012499307
0.012499307
0.012499307
0.012499307
0.012499307
0.012499307
0.012499307
0.012499307
0.012499307
0.012499303
0.012499303
0.012499304
0.012499304
0.012499304
0.012499305
0.012499305
0.012499305
0.012499306
0.012499306
0.012499306
0.012499306
0.012499307
0.012499307
0.012499307
0.012499307
0.012499307
0.012499307
0.012499307
0.012499304
0.012499305
0.012499305
0.012499305
0.012499306
0.012499306
0.012499306
0.012499306
0.012499306
0.012499307
0.012499307
0.012499307
0.012499307
0.012499307
0.012499307
0.012499307
0.012499307
0.012499307
0.012499307
0.012499307
0.012499307
0.012499303
0.012499303
0.012499304
0.012499304
0.012499304
0.012499305
0.012499305
0.012499305
0.012499306
0.012499306
0.012499306
0.012499306
0.012499307
0.012499307
0.012499307
0.012499307
0.012499307
0.012499307
0.012499307
0.012499304
0.012499305
0.012499305
0.012499305
0.012499306
0.012499306
0.012499306
0.012499306
0.012499306
0.012499307
0.012499307
0.012499307
0.012499307
0.012499307
0.012499307
0.012499307
0.012499307
0.012499307
0.012499307
0.012499307
0.012499307
0.012499303
0.012499303
0.012499304
0.012499304
0.012499304
0.012499305
0.012499305
0.012499305
0.012499306
0.012499306
0.012499306
0.012499306
0.012499307
0.012499307
0.012499307
0.012499307
0.012499307
0.012499307
0.012499307
0.012499304
0.012499305
0.012499305
0.012499305
0.012499306
0.012499306
0.012499306
0.012499306
0.012499306
0.012499307
0.012499307
0.012499307
0.012499307
0.012499307
0.012499307
0.012499307
0.012499307
0.012499307
0.012499307
0.012499307
0.012499307
0.012499303
0.012499303
0.012499304
0.012499304
0.012499304
0.012499305
0.012499305
0.012499305
0.012499306
0.012499306
0.012499306
0.012499306
0.012499307
0.012499307
0.012499307
0.012499307
0.012499307
0.012499307
0.012499307
0.012499304
0.012499305
0.012499305
0.012499305
0.012499306
0.012499306
0.012499306
0.012499306
0.012499306
0.012499307
0.012499307
0.012499307
0.012499307
0.012499307
0.012499307
0.012499307
0.012499307
0.012499307
0.012499307
0.012499307
0.012499307
0.012499303
0.012499303
0.012499304
0.012499304
0.012499304
0.012499305
0.012499305
0.012499305
0.012499306
0.012499306
0.012499306
0.012499306
0.012499307
0.012499307
0.012499307
0.012499307
0.012499307
0.012499307
0.012499307
0.012499304
0.012499305
0.012499305
0.012499305
0.012499306
0.012499306
0.012499306
0.012499306
0.012499306
0.012499307
0.012499307
0.012499307
0.012499307
0.012499307
0.012499307
0.012499307
0.012499307
0.012499307
0.012499307
0.012499307
0.012499307
0.012499303
0.012499303
0.012499304
0.012499304
0.012499304
0.012499305
0.012499305
0.012499305
0.012499306
0.012499306
0.012499306
0.012499306
0.012499307
0.012499307
0.012499307
0.012499307
0.012499307
0.012499307
0.012499307
0.012499304
0.012499305
0.012499305
0.012499305
0.012499306
0.012499306
0.012499306
0.012499306
0.012499306
0.012499307
0.012499307
0.012499307
0.012499307
0.012499307
0.012499307
0.012499307
0.012499307
0.012499307
0.012499307
0.012499307
0.012499307
0.012499303
0.012499303
0.012499304
0.012499304
0.012499304
0.012499305
0.012499305
0.012499305
0.012499306
0.012499306
0.012499306
0.012499306
0.012499307
0.012499307
0.012499307
0.012499307
0.012499307
0.012499307
0.012499307
0.012499304
0.012499305
0.012499305
0.012499305
0.012499305
0.012499306
0.012499306
0.012499306
0.012499306
0.012499307
0.012499307
0.012499307
0.012499307
0.012499307
0.012499307
0.012499307
0.012499307
0.012499307
0.012499307
0.012499307
0.012499307
0.012499303
0.012499303
0.012499304
0.012499304
0.012499304
0.012499305
0.012499305
0.012499305
0.012499306
0.012499306
0.012499306
0.012499306
0.012499307
0.012499307
0.012499307
0.012499307
0.012499307
0.012499307
0.012499307
0.012499304
0.012499305
0.012499305
0.012499305
0.012499305
0.012499306
0.012499306
0.012499306
0.012499306
0.012499307
0.012499307
0.012499307
0.012499307
0.012499307
0.012499307
0.012499307
0.012499307
0.012499307
0.012499307
0.012499307
0.012499307
0.012499303
0.012499303
0.012499304
0.012499304
0.012499304
0.012499305
0.012499305
0.012499305
0.012499306
0.012499306
0.012499306
0.012499306
0.012499307
0.012499307
0.012499307
0.012499307
0.012499307
0.012499307
0.012499307
0.012499304
0.012499305
0.012499305
0.012499305
0.012499305
0.012499306
0.012499306
0.012499306
0.012499306
0.012499307
0.012499307
0.012499307
0.012499307
0.012499307
0.012499307
0.012499307
0.012499307
0.012499307
0.012499307
0.012499307
0.012499307
0.012499303
0.012499303
0.012499304
0.012499304
0.012499304
0.012499305
0.012499305
0.012499305
0.012499306
0.012499306
0.012499306
0.012499306
0.012499307
0.012499307
0.012499307
0.012499307
0.012499307
0.012499307
0.012499307
0.012499304
0.012499305
0.012499305
0.012499305
0.012499305
0.012499306
0.012499306
0.012499306
0.012499306
0.012499307
0.012499307
0.012499307
0.012499307
0.012499307
0.012499307
0.012499307
0.012499307
0.012499307
0.012499307
0.012499307
0.012499307
0.012499303
0.012499303
0.012499304
0.012499304
0.012499304
0.012499305
0.012499305
0.012499305
0.012499306
0.012499306
0.012499306
0.012499306
0.012499307
0.012499307
0.012499307
0.012499307
0.012499307
0.012499307
0.012499307
0.012499304
0.012499305
0.012499305
0.012499305
0.012499305
0.012499306
0.012499306
0.012499306
0.012499306
0.012499307
0.012499307
0.012499307
0.012499307
0.012499307
0.012499307
0.012499307
0.012499307
0.012499307
0.012499307
0.012499307
0.012499307
0.012499303
0.012499303
0.012499304
0.012499304
0.012499304
0.012499305
0.012499305
0.012499305
0.012499306
0.012499306
0.012499306
0.012499306
0.012499306
0.012499307
0.012499307
0.012499307
0.012499307
0.012499307
0.012499307
0.012499304
0.012499305
0.012499305
0.012499305
0.012499305
0.012499306
0.012499306
0.012499306
0.012499306
0.012499307
0.012499307
0.012499307
0.012499307
0.012499307
0.012499307
0.012499307
0.012499307
0.012499307
0.012499307
0.012499307
0.012499307
0.012499303
0.012499303
0.012499304
0.012499304
0.012499304
0.012499305
0.012499305
0.012499305
0.012499306
0.012499306
0.012499306
0.012499306
0.012499306
0.012499307
0.012499307
0.012499307
0.012499307
0.012499307
0.012499307
0.012499304
0.012499305
0.012499305
0.012499305
0.012499305
0.012499306
0.012499306
0.012499306
0.012499306
0.012499306
0.012499307
0.012499307
0.012499307
0.012499307
0.012499307
0.012499307
0.012499307
0.012499307
0.012499307
0.012499307
0.012499307
0.012499303
0.012499303
0.012499304
0.012499304
0.012499304
0.012499305
0.012499305
0.012499305
0.012499306
0.012499306
0.012499306
0.012499306
0.012499306
0.012499307
0.012499307
0.012499307
0.012499307
0.012499307
0.012499307
0.012499304
0.012499305
0.012499305
0.012499305
0.012499305
0.012499306
0.012499306
0.012499306
0.012499306
0.012499306
0.012499307
0.012499307
0.012499307
0.012499307
0.012499307
0.012499307
0.012499307
0.012499307
0.012499307
0.012499307
0.012499307
0.012499303
0.012499303
0.012499304
0.012499304
0.012499304
0.012499305
0.012499305
0.012499305
0.012499306
0.012499306
0.012499306
0.012499306
0.012499306
0.012499307
0.012499307
0.012499307
0.012499307
0.012499307
0.012499307
0.012499304
0.012499305
0.012499305
0.012499305
0.012499305
0.012499306
0.012499306
0.012499306
0.012499306
0.012499306
0.012499307
0.012499307
0.012499307
0.012499307
0.012499307
0.012499307
0.012499307
0.012499307
0.012499307
0.012499307
0.012499307
0.012499303
0.012499303
0.012499304
0.012499304
0.012499304
0.012499305
0.012499305
0.012499305
0.012499306
0.012499306
0.012499306
0.012499306
0.012499306
0.012499307
0.012499307
0.012499307
0.012499307
0.012499307
0.012499307
0.012499304
0.012499304
0.012499305
0.012499305
0.012499305
0.012499306
0.012499306
0.012499306
0.012499306
0.012499306
0.012499307
0.012499307
0.012499307
0.012499307
0.012499307
0.012499307
0.012499307
0.012499307
0.012499307
0.012499307
0.012499307
0.012499303
0.012499303
0.012499304
0.012499304
0.012499304
0.012499305
0.012499305
0.012499305
0.012499306
0.012499306
0.012499306
0.012499306
0.012499306
0.012499307
0.012499307
0.012499307
0.012499307
0.012499307
0.012499307
0.012499304
0.012499304
0.012499305
0.012499305
0.012499305
0.012499306
0.012499306
0.012499306
0.012499306
0.012499306
0.012499307
0.012499307
0.012499307
0.012499307
0.012499307
0.012499307
0.012499307
0.012499307
0.012499307
0.012499307
0.012499307
)
;
        Tnbr            T;
        kappaMethod     fluidThermo;
    }
}


// ************************************************************************* //
