/*--------------------------------*- C++ -*----------------------------------*\
| =========                 |                                                 |
| \\      /  F ield         | OpenFOAM: The Open Source CFD Toolbox           |
|  \\    /   O peration     | Version:  2412                                  |
|   \\  /    A nd           | Website:  www.openfoam.com                      |
|    \\/     M anipulation  |                                                 |
\*---------------------------------------------------------------------------*/
FoamFile
{
    version     2.0;
    format      ascii;
    arch        "LSB;label=32;scalar=64";
    class       volScalarField;
    location    "6000/domain3";
    object      T;
}
// * * * * * * * * * * * * * * * * * * * * * * * * * * * * * * * * * * * * * //

dimensions      [0 0 0 1 0 0 0];

internalField   nonuniform List<scalar> 
24000
(
0.02495986
0.02492284
0.024896163
0.024875811
0.024860014
0.02484781
0.024838601
0.024831991
0.024827718
0.024825621
0.024825621
0.024827718
0.024831991
0.024838601
0.02484781
0.024860014
0.024875811
0.024896163
0.02492284
0.02495986
0.024922799
0.024824055
0.02474834
0.024689218
0.024642881
0.024606919
0.024579715
0.024560162
0.024547512
0.024541299
0.024541299
0.024547512
0.024560162
0.024579715
0.024606919
0.024642881
0.024689218
0.02474834
0.024824055
0.024922799
0.024896097
0.024748311
0.024630708
0.024537004
0.024462733
0.024404713
0.024360651
0.024328904
0.024308336
0.024298226
0.024298226
0.024308336
0.024328904
0.024360651
0.024404713
0.024462733
0.024537004
0.024630708
0.02474831
0.024896096
0.024875725
0.024689166
0.02453698
0.024413727
0.024314998
0.024237341
0.024178103
0.024135299
0.024107516
0.024093847
0.024093846
0.024107516
0.024135299
0.024178103
0.024237341
0.024314998
0.024413726
0.02453698
0.024689166
0.024875725
0.024859913
0.024642811
0.024462691
0.024314979
0.024195599
0.024101107
0.024028713
0.02397625
0.023942134
0.023925331
0.023925331
0.023942134
0.02397625
0.024028713
0.024101107
0.024195598
0.024314979
0.024462691
0.024642811
0.024859912
0.024847696
0.024606834
0.024404655
0.024237307
0.024101091
0.023992704
0.023909346
0.023848775
0.023809317
0.023789863
0.023789863
0.023809317
0.023848775
0.023909346
0.023992704
0.024101091
0.024237307
0.024404655
0.024606834
0.024847696
0.024838477
0.02457962
0.024360582
0.024178057
0.024028686
0.023909334
0.023817256
0.023750198
0.023706448
0.02368486
0.02368486
0.023706448
0.023750198
0.023817256
0.023909334
0.024028686
0.024178056
0.024360582
0.02457962
0.024838477
0.02483186
0.024560059
0.024328827
0.024135244
0.023976215
0.023848754
0.023750189
0.023678282
0.023631314
0.023608122
0.023608122
0.023631314
0.023678282
0.023750189
0.023848754
0.023976214
0.024135244
0.024328827
0.024560059
0.02483186
0.024827582
0.024547405
0.024308254
0.024107456
0.023942093
0.023809291
0.023706434
0.023631309
0.023582199
0.023557938
0.023557938
0.023582199
0.023631309
0.023706434
0.023809291
0.023942093
0.024107456
0.024308254
0.024547404
0.024827582
0.024825483
0.02454119
0.024298142
0.024093785
0.023925288
0.023789836
0.023684844
0.023608115
0.023557936
0.023533142
0.023533142
0.023557936
0.023608115
0.023684844
0.023789836
0.023925288
0.024093785
0.024298142
0.02454119
0.024825483
0.024825484
0.024541191
0.024298144
0.024093786
0.02392529
0.023789837
0.023684846
0.023608116
0.023557938
0.023533143
0.023533143
0.023557938
0.023608116
0.023684846
0.023789837
0.02392529
0.024093786
0.024298143
0.024541191
0.024825484
0.024827586
0.024547408
0.024308258
0.02410746
0.023942097
0.023809296
0.023706438
0.023631313
0.023582203
0.023557943
0.023557943
0.023582203
0.023631313
0.023706438
0.023809295
0.023942097
0.02410746
0.024308258
0.024547408
0.024827586
0.024831865
0.024560065
0.024328834
0.024135251
0.023976221
0.023848761
0.023750196
0.02367829
0.023631321
0.023608129
0.023608129
0.023631321
0.02367829
0.023750196
0.023848761
0.023976221
0.024135251
0.024328834
0.024560065
0.024831865
0.024838485
0.024579628
0.024360591
0.024178066
0.024028696
0.023909344
0.023817266
0.023750208
0.023706458
0.02368487
0.02368487
0.023706458
0.023750208
0.023817266
0.023909344
0.024028696
0.024178066
0.024360591
0.024579628
0.024838485
0.024847706
0.024606845
0.024404667
0.024237319
0.024101104
0.023992717
0.023909359
0.023848788
0.02380933
0.023789877
0.023789877
0.02380933
0.023848788
0.023909359
0.023992717
0.024101104
0.024237319
0.024404667
0.024606845
0.024847706
0.024859925
0.024642825
0.024462705
0.024314994
0.024195614
0.024101123
0.02402873
0.023976267
0.023942151
0.023925348
0.023925348
0.023942151
0.023976267
0.02402873
0.024101123
0.024195614
0.024314994
0.024462705
0.024642825
0.024859925
0.02487574
0.024689182
0.024536997
0.024413745
0.024315017
0.024237361
0.024178122
0.024135319
0.024107536
0.024093867
0.024093867
0.024107536
0.024135319
0.024178122
0.024237361
0.024315017
0.024413745
0.024536997
0.024689182
0.02487574
0.024896114
0.02474833
0.024630729
0.024537025
0.024462756
0.024404736
0.024360674
0.024328928
0.024308359
0.024298249
0.024298249
0.024308359
0.024328928
0.024360674
0.024404736
0.024462755
0.024537025
0.024630728
0.02474833
0.024896114
0.02492282
0.024824078
0.024748364
0.024689243
0.024642907
0.024606945
0.024579741
0.024560189
0.024547539
0.024541326
0.024541326
0.024547539
0.024560189
0.024579741
0.024606945
0.024642907
0.024689243
0.024748364
0.024824077
0.02492282
0.024959884
0.024922867
0.024896191
0.02487584
0.024860044
0.024847841
0.024838632
0.024832022
0.02482775
0.024825652
0.024825652
0.02482775
0.024832022
0.024838632
0.02484784
0.024860044
0.02487584
0.024896191
0.024922866
0.024959884
0.024994069
0.024998285
0.025001878
0.025004847
0.025007237
0.025009106
0.025010516
0.025011522
0.025012167
0.025012483
0.025012483
0.025012167
0.025011522
0.025010516
0.025009106
0.025007237
0.025004847
0.025001878
0.024998284
0.024994069
0.024998292
0.025010369
0.025020796
0.025029465
0.025036461
0.025041942
0.02504608
0.025049034
0.02505093
0.025051856
0.025051856
0.02505093
0.025049034
0.02504608
0.025041942
0.025036461
0.025029465
0.025020796
0.025010369
0.024998292
0.025001889
0.025020801
0.025037291
0.02505109
0.02506227
0.02507105
0.02507769
0.025082435
0.025085482
0.025086971
0.025086971
0.025085482
0.025082435
0.02507769
0.02507105
0.02506227
0.02505109
0.025037291
0.025020801
0.025001889
0.025004863
0.025029475
0.025051094
0.025069289
0.025084091
0.025095748
0.025104582
0.025110902
0.025114966
0.025116952
0.025116952
0.025114966
0.025110902
0.025104582
0.025095748
0.025084091
0.025069289
0.025051094
0.025029474
0.025004862
0.025007255
0.025036474
0.025062278
0.025084094
0.025101908
0.025115976
0.025126658
0.025134313
0.02513924
0.025141649
0.025141649
0.02513924
0.025134313
0.025126658
0.025115976
0.025101907
0.025084094
0.025062278
0.025036474
0.025007255
0.025009127
0.025041958
0.025071061
0.025095755
0.025115979
0.025131991
0.025144172
0.025152915
0.025158548
0.025161304
0.025161304
0.025158548
0.025152915
0.025144172
0.02513199
0.025115979
0.025095755
0.025071061
0.025041957
0.025009127
0.025010539
0.025046098
0.025077704
0.025104591
0.025126664
0.025144175
0.025157521
0.025167111
0.025173296
0.025176324
0.025176324
0.025173296
0.025167111
0.025157521
0.025144175
0.025126664
0.025104591
0.025077703
0.025046098
0.025010539
0.025011547
0.025049054
0.02508245
0.025110914
0.025134321
0.02515292
0.025167113
0.025177324
0.025183914
0.025187142
0.025187142
0.025183914
0.025177324
0.025167113
0.02515292
0.025134321
0.025110914
0.02508245
0.025049054
0.025011547
0.025012194
0.025050952
0.0250855
0.025114979
0.02513925
0.025158555
0.0251733
0.025183916
0.025190772
0.025194131
0.025194131
0.025190771
0.025183916
0.0251733
0.025158555
0.02513925
0.025114979
0.0250855
0.025050952
0.025012194
0.025012511
0.025051879
0.02508699
0.025116967
0.025141661
0.025161313
0.02517633
0.025187146
0.025194133
0.025197558
0.025197558
0.025194133
0.025187146
0.02517633
0.025161313
0.025141661
0.025116967
0.02508699
0.025051879
0.025012511
0.025012512
0.025051881
0.025086992
0.025116969
0.025141663
0.025161314
0.025176332
0.025187148
0.025194135
0.025197559
0.025197559
0.025194135
0.025187148
0.025176332
0.025161314
0.025141662
0.025116969
0.025086991
0.02505188
0.025012512
0.025012198
0.025050956
0.025085504
0.025114984
0.025139254
0.025158559
0.025173305
0.025183921
0.025190776
0.025194136
0.025194136
0.025190776
0.02518392
0.025173305
0.025158559
0.025139254
0.025114983
0.025085504
0.025050955
0.025012198
0.025011553
0.02504906
0.025082457
0.025110921
0.025134328
0.025152927
0.025167121
0.025177331
0.025183922
0.02518715
0.02518715
0.025183922
0.025177331
0.025167121
0.025152927
0.025134328
0.02511092
0.025082457
0.02504906
0.025011553
0.025010547
0.025046107
0.025077713
0.025104601
0.025126674
0.025144186
0.025157531
0.025167122
0.025173307
0.025176335
0.025176335
0.025173307
0.025167122
0.025157531
0.025144185
0.025126674
0.025104601
0.025077713
0.025046107
0.025010547
0.025009137
0.025041969
0.025071073
0.025095767
0.025115992
0.025132004
0.025144186
0.025152929
0.025158562
0.025161318
0.025161318
0.025158562
0.025152929
0.025144186
0.025132004
0.025115992
0.025095767
0.025071073
0.025041969
0.025009137
0.025007268
0.025036488
0.025062292
0.02508411
0.025101924
0.025115992
0.025126675
0.02513433
0.025139257
0.025141667
0.025141667
0.025139257
0.02513433
0.025126675
0.025115992
0.025101924
0.02508411
0.025062292
0.025036488
0.025007268
0.025004878
0.025029491
0.025051112
0.025069307
0.02508411
0.025095768
0.025104602
0.025110923
0.025114987
0.025116973
0.025116973
0.025114987
0.025110923
0.025104602
0.025095768
0.02508411
0.025069307
0.025051112
0.025029491
0.025004878
0.025001907
0.025020821
0.025037312
0.025051112
0.025062293
0.025071073
0.025077714
0.025082459
0.025085507
0.025086996
0.025086996
0.025085507
0.025082459
0.025077714
0.025071073
0.025062292
0.025051112
0.025037312
0.025020821
0.025001907
0.024998312
0.025010392
0.02502082
0.025029491
0.025036487
0.025041969
0.025046107
0.025049062
0.025050958
0.025051884
0.025051884
0.025050958
0.025049061
0.025046107
0.025041969
0.025036487
0.02502949
0.02502082
0.025010392
0.024998312
0.024994094
0.024998311
0.025001906
0.025004876
0.025007267
0.025009136
0.025010547
0.025011553
0.025012199
0.025012514
0.025012514
0.025012199
0.025011553
0.025010547
0.025009136
0.025007267
0.025004876
0.025001906
0.024998311
0.024994094
0.024993287
0.024993576
0.024993859
0.024994129
0.024994376
0.024994594
0.024994776
0.024994916
0.024995012
0.02499506
0.02499506
0.024995012
0.024994916
0.024994776
0.024994594
0.024994376
0.024994129
0.024993859
0.024993576
0.024993287
0.024993581
0.02499445
0.024995302
0.024996113
0.024996859
0.024997516
0.024998063
0.024998486
0.024998773
0.024998918
0.024998918
0.024998773
0.024998486
0.024998063
0.024997516
0.024996859
0.024996113
0.024995301
0.024994449
0.024993581
0.024993868
0.024995305
0.024996719
0.02499807
0.024999313
0.025000407
0.025001319
0.025002023
0.025002501
0.025002743
0.025002743
0.025002501
0.025002022
0.025001319
0.025000407
0.024999313
0.02499807
0.024996719
0.024995305
0.024993867
0.02499414
0.02499612
0.024998073
0.024999943
0.025001665
0.025003183
0.025004447
0.025005423
0.025006086
0.025006421
0.025006421
0.025006086
0.025005423
0.025004447
0.025003183
0.025001665
0.024999942
0.024998073
0.02499612
0.02499414
0.02499439
0.024996869
0.024999319
0.025001668
0.025003835
0.025005746
0.025007339
0.025008568
0.025009402
0.025009824
0.025009824
0.025009402
0.025008567
0.025007338
0.025005746
0.025003835
0.025001668
0.024999319
0.024996869
0.024994389
0.02499461
0.024997528
0.025000415
0.025003188
0.025005749
0.025008007
0.02500989
0.025011342
0.025012329
0.025012827
0.025012827
0.025012329
0.025011342
0.025009889
0.025008007
0.025005748
0.025003188
0.025000415
0.024997527
0.024994609
0.024994793
0.024998077
0.025001329
0.025004455
0.025007343
0.025009892
0.025012017
0.025013656
0.02501477
0.025015332
0.025015332
0.02501477
0.025013656
0.025012017
0.025009892
0.025007343
0.025004455
0.025001329
0.024998077
0.024994793
0.024994935
0.024998501
0.025002035
0.025005433
0.025008574
0.025011347
0.025013658
0.025015442
0.025016654
0.025017265
0.025017265
0.025016654
0.025015442
0.025013658
0.025011347
0.025008574
0.025005433
0.025002035
0.024998501
0.024994935
0.024995032
0.02499879
0.025002515
0.025006098
0.025009411
0.025012335
0.025014774
0.025016655
0.025017933
0.025018578
0.025018578
0.025017933
0.025016655
0.025014774
0.025012335
0.025009411
0.025006098
0.025002515
0.02499879
0.024995032
0.024995082
0.024998937
0.025002758
0.025006434
0.025009834
0.025012835
0.025015338
0.025017269
0.02501858
0.025019242
0.025019242
0.02501858
0.025017269
0.025015338
0.025012835
0.025009834
0.025006434
0.025002758
0.024998937
0.024995081
0.024995083
0.024998938
0.025002759
0.025006436
0.025009835
0.025012836
0.025015339
0.02501727
0.025018582
0.025019244
0.025019244
0.025018582
0.02501727
0.025015339
0.025012836
0.025009835
0.025006436
0.025002759
0.024998938
0.024995083
0.024995035
0.024998794
0.025002519
0.025006102
0.025009415
0.025012339
0.025014778
0.02501666
0.025017938
0.025018583
0.025018583
0.025017938
0.02501666
0.025014778
0.025012339
0.025009415
0.025006102
0.025002519
0.024998794
0.024995035
0.024994941
0.024998507
0.025002041
0.02500544
0.025008581
0.025011354
0.025013666
0.02501545
0.025016661
0.025017273
0.025017273
0.025016661
0.02501545
0.025013666
0.025011354
0.025008581
0.02500544
0.025002041
0.024998507
0.024994941
0.024994801
0.024998085
0.025001338
0.025004464
0.025007353
0.025009902
0.025012027
0.025013667
0.02501478
0.025015343
0.025015343
0.02501478
0.025013667
0.025012027
0.025009902
0.025007353
0.025004464
0.025001338
0.024998085
0.024994801
0.02499462
0.024997539
0.025000427
0.0250032
0.025005762
0.02500802
0.025009903
0.025011356
0.025012343
0.025012841
0.025012841
0.025012343
0.025011356
0.025009903
0.02500802
0.025005761
0.0250032
0.025000427
0.024997539
0.02499462
0.024994402
0.024996883
0.024999333
0.025001683
0.025003851
0.025005763
0.025007355
0.025008585
0.025009419
0.025009841
0.025009841
0.025009419
0.025008585
0.025007355
0.025005762
0.025003851
0.025001683
0.024999333
0.024996882
0.024994402
0.024994155
0.024996137
0.024998091
0.024999961
0.025001684
0.025003202
0.025004467
0.025005444
0.025006107
0.025006442
0.025006442
0.025006107
0.025005444
0.025004467
0.025003202
0.025001684
0.024999961
0.024998091
0.024996137
0.024994155
0.024993885
0.024995325
0.02499674
0.024998092
0.024999335
0.02500043
0.025001342
0.025002046
0.025002525
0.025002767
0.025002767
0.025002525
0.025002046
0.025001342
0.02500043
0.024999335
0.024998092
0.02499674
0.024995325
0.024993885
0.024993602
0.024994472
0.024995326
0.024996139
0.024996886
0.024997543
0.02499809
0.024998513
0.024998801
0.024998946
0.024998946
0.024998801
0.024998513
0.02499809
0.024997543
0.024996885
0.024996139
0.024995326
0.024994472
0.024993601
0.024993311
0.024993603
0.024993887
0.024994158
0.024994406
0.024994625
0.024994807
0.024994948
0.024995043
0.024995092
0.024995092
0.024995043
0.024994948
0.024994807
0.024994625
0.024994406
0.024994158
0.024993887
0.024993603
0.024993311
0.024994107
0.024994103
0.024994099
0.024994095
0.024994092
0.024994089
0.024994086
0.024994085
0.024994083
0.024994083
0.024994083
0.024994083
0.024994085
0.024994086
0.024994089
0.024994092
0.024994095
0.024994099
0.024994103
0.024994107
0.024994107
0.024994096
0.024994085
0.024994074
0.024994063
0.024994054
0.024994047
0.024994042
0.024994038
0.024994036
0.024994036
0.024994038
0.024994042
0.024994047
0.024994054
0.024994063
0.024994074
0.024994085
0.024994096
0.024994107
0.024994106
0.024994088
0.024994069
0.02499405
0.024994033
0.024994018
0.024994006
0.024993996
0.02499399
0.024993987
0.024993987
0.02499399
0.024993996
0.024994006
0.024994018
0.024994033
0.02499405
0.024994069
0.024994088
0.024994106
0.024994104
0.024994079
0.024994053
0.024994027
0.024994003
0.024993982
0.024993964
0.024993952
0.024993943
0.024993939
0.024993939
0.024993943
0.024993952
0.024993964
0.024993982
0.024994003
0.024994027
0.024994053
0.024994079
0.024994104
0.024994103
0.024994071
0.024994038
0.024994005
0.024993975
0.024993948
0.024993926
0.02499391
0.024993899
0.024993894
0.024993894
0.024993899
0.02499391
0.024993926
0.024993948
0.024993974
0.024994005
0.024994038
0.024994071
0.024994103
0.024994102
0.024994064
0.024994025
0.024993986
0.02499395
0.024993919
0.024993893
0.024993874
0.024993862
0.024993856
0.024993856
0.024993862
0.024993874
0.024993893
0.024993919
0.02499395
0.024993986
0.024994025
0.024994064
0.024994102
0.024994101
0.024994059
0.024994015
0.024993971
0.02499393
0.024993895
0.024993867
0.024993846
0.024993832
0.024993826
0.024993826
0.024993832
0.024993846
0.024993867
0.024993895
0.02499393
0.024993971
0.024994015
0.024994059
0.024994101
0.024994101
0.024994055
0.024994007
0.02499396
0.024993916
0.024993878
0.024993848
0.024993825
0.024993811
0.024993804
0.024993804
0.024993811
0.024993825
0.024993848
0.024993878
0.024993916
0.02499396
0.024994007
0.024994055
0.024994101
0.024994101
0.024994053
0.024994003
0.024993953
0.024993907
0.024993868
0.024993836
0.024993813
0.024993797
0.02499379
0.02499379
0.024993797
0.024993813
0.024993836
0.024993868
0.024993907
0.024993953
0.024994003
0.024994053
0.024994101
0.024994102
0.024994052
0.024994001
0.02499395
0.024993903
0.024993863
0.024993831
0.024993807
0.024993791
0.024993784
0.024993784
0.024993791
0.024993807
0.024993831
0.024993863
0.024993903
0.02499395
0.024994001
0.024994052
0.024994101
0.024994103
0.024994054
0.024994002
0.024993952
0.024993905
0.024993865
0.024993832
0.024993809
0.024993793
0.024993785
0.024993785
0.024993793
0.024993808
0.024993832
0.024993864
0.024993905
0.024993951
0.024994002
0.024994053
0.024994103
0.024994104
0.024994057
0.024994007
0.024993957
0.024993911
0.024993872
0.02499384
0.024993817
0.024993802
0.024993794
0.024993794
0.024993802
0.024993817
0.02499384
0.024993872
0.024993911
0.024993957
0.024994006
0.024994056
0.024994104
0.024994106
0.024994061
0.024994014
0.024993967
0.024993923
0.024993886
0.024993855
0.024993833
0.024993819
0.024993811
0.024993811
0.024993819
0.024993833
0.024993855
0.024993885
0.024993923
0.024993967
0.024994014
0.024994061
0.024994106
0.024994109
0.024994068
0.024994024
0.024993981
0.02499394
0.024993906
0.024993878
0.024993857
0.024993843
0.024993836
0.024993836
0.024993843
0.024993857
0.024993877
0.024993905
0.02499394
0.02499398
0.024994024
0.024994067
0.024994109
0.024994112
0.024994076
0.024994037
0.024993999
0.024993963
0.024993932
0.024993907
0.024993888
0.024993876
0.02499387
0.02499387
0.024993876
0.024993888
0.024993907
0.024993932
0.024993963
0.024993999
0.024994037
0.024994075
0.024994112
0.024994116
0.024994085
0.024994053
0.024994021
0.024993991
0.024993964
0.024993943
0.024993927
0.024993917
0.024993912
0.024993912
0.024993917
0.024993927
0.024993943
0.024993964
0.02499399
0.024994021
0.024994053
0.024994085
0.024994116
0.02499412
0.024994096
0.024994071
0.024994046
0.024994022
0.024994001
0.024993985
0.024993972
0.024993964
0.02499396
0.02499396
0.024993964
0.024993972
0.024993985
0.024994001
0.024994022
0.024994046
0.024994071
0.024994096
0.024994119
0.024994123
0.024994107
0.02499409
0.024994072
0.024994056
0.024994041
0.024994029
0.02499402
0.024994014
0.024994012
0.024994012
0.024994014
0.02499402
0.024994029
0.024994041
0.024994056
0.024994072
0.02499409
0.024994107
0.024994123
0.024994127
0.024994119
0.024994109
0.024994099
0.02499409
0.024994081
0.024994074
0.024994069
0.024994066
0.024994064
0.024994064
0.024994066
0.024994069
0.024994074
0.024994081
0.02499409
0.024994099
0.024994109
0.024994119
0.024994127
0.024994131
0.02499413
0.024994127
0.024994124
0.024994122
0.024994119
0.024994117
0.024994116
0.024994115
0.024994114
0.024994114
0.024994115
0.024994116
0.024994117
0.024994119
0.024994122
0.024994124
0.024994127
0.024994129
0.024994131
0.024994751
0.024994747
0.024994745
0.024994742
0.02499474
0.024994738
0.024994736
0.024994735
0.024994734
0.024994733
0.024994733
0.024994734
0.024994735
0.024994736
0.024994738
0.02499474
0.024994742
0.024994745
0.024994747
0.02499475
0.024994752
0.024994744
0.024994737
0.02499473
0.024994723
0.024994717
0.024994712
0.024994708
0.024994705
0.024994703
0.024994703
0.024994705
0.024994708
0.024994712
0.024994717
0.024994723
0.02499473
0.024994737
0.024994744
0.024994751
0.024994752
0.02499474
0.024994728
0.024994717
0.024994705
0.024994695
0.024994687
0.02499468
0.024994675
0.024994672
0.024994672
0.024994675
0.02499468
0.024994687
0.024994695
0.024994705
0.024994716
0.024994728
0.02499474
0.024994751
0.024994751
0.024994735
0.024994719
0.024994703
0.024994688
0.024994673
0.024994661
0.024994651
0.024994645
0.024994641
0.024994641
0.024994645
0.024994651
0.024994661
0.024994673
0.024994687
0.024994703
0.024994719
0.024994735
0.024994751
0.024994751
0.024994731
0.02499471
0.02499469
0.02499467
0.024994652
0.024994636
0.024994624
0.024994615
0.024994611
0.024994611
0.024994615
0.024994624
0.024994636
0.024994652
0.02499467
0.02499469
0.02499471
0.024994731
0.024994751
0.02499475
0.024994727
0.024994702
0.024994678
0.024994654
0.024994632
0.024994614
0.024994599
0.024994588
0.024994583
0.024994583
0.024994588
0.024994598
0.024994613
0.024994632
0.024994654
0.024994678
0.024994702
0.024994727
0.02499475
0.02499475
0.024994723
0.024994695
0.024994667
0.02499464
0.024994615
0.024994594
0.024994577
0.024994565
0.024994559
0.024994559
0.024994565
0.024994577
0.024994594
0.024994615
0.02499464
0.024994667
0.024994695
0.024994723
0.02499475
0.02499475
0.024994721
0.02499469
0.024994659
0.02499463
0.024994602
0.024994579
0.02499456
0.024994547
0.02499454
0.02499454
0.024994546
0.02499456
0.024994579
0.024994602
0.02499463
0.024994659
0.02499469
0.024994721
0.02499475
0.024994751
0.024994719
0.024994687
0.024994654
0.024994623
0.024994594
0.024994568
0.024994548
0.024994534
0.024994527
0.024994527
0.024994534
0.024994548
0.024994568
0.024994594
0.024994623
0.024994654
0.024994687
0.024994719
0.024994751
0.024994752
0.024994719
0.024994686
0.024994652
0.02499462
0.02499459
0.024994564
0.024994543
0.024994529
0.024994521
0.024994521
0.024994529
0.024994543
0.024994564
0.02499459
0.02499462
0.024994652
0.024994686
0.024994719
0.024994751
0.024994753
0.02499472
0.024994687
0.024994654
0.024994621
0.024994591
0.024994565
0.024994545
0.02499453
0.024994523
0.024994523
0.02499453
0.024994545
0.024994565
0.024994591
0.024994621
0.024994654
0.024994687
0.02499472
0.024994753
0.024994754
0.024994723
0.024994691
0.024994658
0.024994627
0.024994598
0.024994573
0.024994553
0.024994539
0.024994532
0.024994532
0.024994539
0.024994553
0.024994573
0.024994598
0.024994627
0.024994658
0.024994691
0.024994723
0.024994754
0.024994756
0.024994727
0.024994697
0.024994666
0.024994637
0.02499461
0.024994586
0.024994567
0.024994554
0.024994548
0.024994548
0.024994554
0.024994567
0.024994586
0.02499461
0.024994637
0.024994666
0.024994697
0.024994727
0.024994756
0.024994758
0.024994732
0.024994705
0.024994677
0.02499465
0.024994626
0.024994604
0.024994587
0.024994576
0.02499457
0.02499457
0.024994576
0.024994587
0.024994604
0.024994626
0.02499465
0.024994677
0.024994704
0.024994732
0.024994758
0.024994761
0.024994738
0.024994714
0.02499469
0.024994667
0.024994646
0.024994627
0.024994612
0.024994602
0.024994597
0.024994597
0.024994602
0.024994612
0.024994627
0.024994646
0.024994667
0.02499469
0.024994714
0.024994738
0.024994761
0.024994764
0.024994745
0.024994725
0.024994705
0.024994686
0.024994669
0.024994653
0.024994641
0.024994632
0.024994628
0.024994628
0.024994632
0.024994641
0.024994653
0.024994668
0.024994686
0.024994705
0.024994725
0.024994745
0.024994763
0.024994766
0.024994752
0.024994737
0.024994722
0.024994707
0.024994693
0.024994681
0.024994672
0.024994665
0.024994662
0.024994662
0.024994665
0.024994672
0.024994681
0.024994693
0.024994707
0.024994722
0.024994737
0.024994752
0.024994766
0.024994769
0.024994759
0.024994749
0.024994738
0.024994728
0.024994719
0.02499471
0.024994704
0.024994699
0.024994697
0.024994697
0.024994699
0.024994704
0.02499471
0.024994718
0.024994728
0.024994738
0.024994749
0.024994759
0.024994769
0.024994772
0.024994767
0.024994761
0.024994755
0.024994749
0.024994744
0.024994739
0.024994735
0.024994733
0.024994731
0.024994731
0.024994733
0.024994735
0.024994739
0.024994744
0.024994749
0.024994755
0.024994761
0.024994767
0.024994772
0.024994775
0.024994774
0.024994773
0.024994771
0.02499477
0.024994768
0.024994767
0.024994766
0.024994765
0.024994765
0.024994765
0.024994765
0.024994766
0.024994767
0.024994768
0.02499477
0.024994771
0.024994773
0.024994774
0.024994775
0.024995157
0.024995156
0.024995155
0.024995155
0.024995155
0.024995155
0.024995154
0.024995154
0.024995154
0.024995154
0.024995154
0.024995154
0.024995154
0.024995154
0.024995155
0.024995155
0.024995155
0.024995155
0.024995156
0.024995157
0.02499516
0.024995159
0.024995159
0.024995158
0.024995158
0.024995157
0.024995157
0.024995157
0.024995157
0.024995156
0.024995156
0.024995156
0.024995157
0.024995157
0.024995157
0.024995158
0.024995158
0.024995159
0.024995159
0.02499516
0.024995162
0.024995162
0.024995161
0.024995161
0.02499516
0.024995159
0.024995159
0.024995159
0.024995158
0.024995158
0.024995158
0.024995158
0.024995159
0.024995159
0.024995159
0.02499516
0.024995161
0.024995161
0.024995162
0.024995162
0.024995164
0.024995164
0.024995163
0.024995163
0.024995162
0.024995161
0.024995161
0.02499516
0.02499516
0.024995159
0.024995159
0.02499516
0.02499516
0.02499516
0.024995161
0.024995162
0.024995163
0.024995163
0.024995164
0.024995164
0.024995166
0.024995165
0.024995165
0.024995164
0.024995163
0.024995163
0.024995162
0.024995161
0.024995161
0.02499516
0.02499516
0.024995161
0.024995161
0.024995162
0.024995162
0.024995163
0.024995164
0.024995165
0.024995165
0.024995165
0.024995167
0.024995167
0.024995166
0.024995166
0.024995165
0.024995164
0.024995163
0.024995162
0.024995162
0.024995161
0.024995161
0.024995162
0.024995162
0.024995163
0.024995164
0.024995165
0.024995166
0.024995166
0.024995167
0.024995167
0.024995168
0.024995168
0.024995168
0.024995167
0.024995166
0.024995165
0.024995164
0.024995163
0.024995162
0.024995162
0.024995162
0.024995162
0.024995163
0.024995164
0.024995165
0.024995166
0.024995167
0.024995168
0.024995168
0.024995168
0.02499517
0.02499517
0.024995169
0.024995168
0.024995167
0.024995166
0.024995165
0.024995164
0.024995163
0.024995163
0.024995163
0.024995163
0.024995164
0.024995165
0.024995166
0.024995167
0.024995168
0.024995169
0.024995169
0.02499517
0.024995171
0.024995171
0.02499517
0.024995169
0.024995168
0.024995167
0.024995166
0.024995165
0.024995164
0.024995164
0.024995164
0.024995164
0.024995165
0.024995166
0.024995167
0.024995168
0.024995169
0.02499517
0.024995171
0.024995171
0.024995172
0.024995172
0.024995171
0.024995171
0.024995169
0.024995168
0.024995167
0.024995166
0.024995166
0.024995165
0.024995165
0.024995166
0.024995166
0.024995167
0.024995168
0.024995169
0.024995171
0.024995171
0.024995172
0.024995172
0.024995173
0.024995173
0.024995173
0.024995172
0.024995171
0.02499517
0.024995169
0.024995168
0.024995167
0.024995167
0.024995167
0.024995167
0.024995168
0.024995169
0.02499517
0.024995171
0.024995172
0.024995173
0.024995173
0.024995173
0.024995174
0.024995175
0.024995174
0.024995173
0.024995172
0.024995171
0.02499517
0.02499517
0.024995169
0.024995169
0.024995169
0.024995169
0.02499517
0.02499517
0.024995171
0.024995172
0.024995173
0.024995174
0.024995174
0.024995174
0.024995175
0.024995176
0.024995175
0.024995175
0.024995174
0.024995173
0.024995172
0.024995172
0.024995171
0.024995171
0.024995171
0.024995171
0.024995172
0.024995172
0.024995173
0.024995174
0.024995175
0.024995175
0.024995176
0.024995175
0.024995176
0.024995177
0.024995177
0.024995176
0.024995176
0.024995175
0.024995174
0.024995174
0.024995173
0.024995173
0.024995173
0.024995173
0.024995174
0.024995174
0.024995175
0.024995176
0.024995176
0.024995177
0.024995177
0.024995176
0.024995177
0.024995178
0.024995178
0.024995178
0.024995178
0.024995177
0.024995177
0.024995176
0.024995176
0.024995175
0.024995175
0.024995176
0.024995176
0.024995177
0.024995177
0.024995178
0.024995178
0.024995178
0.024995178
0.024995177
0.024995178
0.024995179
0.02499518
0.02499518
0.024995179
0.024995179
0.024995179
0.024995178
0.024995178
0.024995178
0.024995178
0.024995178
0.024995178
0.024995179
0.024995179
0.024995179
0.02499518
0.02499518
0.024995179
0.024995178
0.024995179
0.02499518
0.024995181
0.024995181
0.024995181
0.024995181
0.024995181
0.024995181
0.02499518
0.02499518
0.02499518
0.02499518
0.024995181
0.024995181
0.024995181
0.024995181
0.024995181
0.024995181
0.02499518
0.024995179
0.02499518
0.024995181
0.024995182
0.024995182
0.024995183
0.024995183
0.024995183
0.024995183
0.024995182
0.024995182
0.024995182
0.024995182
0.024995183
0.024995183
0.024995183
0.024995183
0.024995182
0.024995182
0.024995181
0.02499518
0.024995181
0.024995182
0.024995183
0.024995184
0.024995184
0.024995184
0.024995184
0.024995184
0.024995184
0.024995184
0.024995184
0.024995184
0.024995184
0.024995184
0.024995184
0.024995184
0.024995184
0.024995183
0.024995182
0.024995181
0.024995182
0.024995183
0.024995184
0.024995184
0.024995185
0.024995185
0.024995185
0.024995185
0.024995186
0.024995186
0.024995186
0.024995186
0.024995185
0.024995185
0.024995185
0.024995185
0.024995184
0.024995184
0.024995183
0.024995181
0.024995399
0.024995398
0.024995397
0.024995397
0.024995397
0.024995396
0.024995396
0.024995396
0.024995396
0.024995396
0.024995396
0.024995396
0.024995396
0.024995396
0.024995396
0.024995397
0.024995397
0.024995397
0.024995398
0.024995399
0.024995402
0.024995401
0.024995401
0.024995401
0.0249954
0.0249954
0.0249954
0.0249954
0.0249954
0.0249954
0.0249954
0.0249954
0.0249954
0.0249954
0.0249954
0.0249954
0.024995401
0.024995401
0.024995401
0.024995402
0.024995404
0.024995404
0.024995404
0.024995404
0.024995404
0.024995404
0.024995404
0.024995404
0.024995404
0.024995404
0.024995404
0.024995404
0.024995404
0.024995404
0.024995404
0.024995404
0.024995404
0.024995404
0.024995404
0.024995404
0.024995406
0.024995406
0.024995406
0.024995407
0.024995407
0.024995407
0.024995407
0.024995407
0.024995407
0.024995407
0.024995407
0.024995407
0.024995407
0.024995407
0.024995407
0.024995407
0.024995406
0.024995406
0.024995406
0.024995406
0.024995407
0.024995408
0.024995409
0.024995409
0.024995409
0.024995409
0.024995409
0.02499541
0.02499541
0.02499541
0.02499541
0.02499541
0.02499541
0.024995409
0.024995409
0.024995409
0.024995409
0.024995409
0.024995408
0.024995407
0.024995409
0.02499541
0.024995411
0.024995411
0.024995411
0.024995412
0.024995412
0.024995412
0.024995412
0.024995412
0.024995412
0.024995412
0.024995412
0.024995412
0.024995412
0.024995411
0.024995411
0.024995411
0.02499541
0.024995409
0.02499541
0.024995412
0.024995412
0.024995413
0.024995414
0.024995414
0.024995414
0.024995414
0.024995414
0.024995414
0.024995414
0.024995414
0.024995414
0.024995414
0.024995414
0.024995413
0.024995413
0.024995412
0.024995411
0.02499541
0.024995412
0.024995413
0.024995414
0.024995415
0.024995415
0.024995416
0.024995416
0.024995416
0.024995416
0.024995416
0.024995416
0.024995416
0.024995416
0.024995416
0.024995416
0.024995415
0.024995415
0.024995414
0.024995413
0.024995412
0.024995413
0.024995414
0.024995416
0.024995416
0.024995417
0.024995418
0.024995418
0.024995418
0.024995418
0.024995418
0.024995418
0.024995418
0.024995418
0.024995418
0.024995417
0.024995417
0.024995416
0.024995415
0.024995414
0.024995413
0.024995414
0.024995416
0.024995417
0.024995418
0.024995419
0.024995419
0.02499542
0.02499542
0.02499542
0.02499542
0.02499542
0.02499542
0.02499542
0.024995419
0.024995419
0.024995419
0.024995418
0.024995417
0.024995416
0.024995414
0.024995415
0.024995417
0.024995418
0.024995419
0.02499542
0.024995421
0.024995421
0.024995421
0.024995422
0.024995422
0.024995422
0.024995421
0.024995421
0.024995421
0.024995421
0.02499542
0.024995419
0.024995418
0.024995417
0.024995415
0.024995416
0.024995418
0.024995419
0.02499542
0.024995421
0.024995422
0.024995422
0.024995423
0.024995423
0.024995423
0.024995423
0.024995423
0.024995423
0.024995422
0.024995422
0.024995421
0.02499542
0.024995419
0.024995418
0.024995416
0.024995417
0.024995419
0.024995421
0.024995422
0.024995422
0.024995423
0.024995424
0.024995424
0.024995424
0.024995424
0.024995424
0.024995424
0.024995424
0.024995424
0.024995423
0.024995422
0.024995422
0.02499542
0.024995419
0.024995417
0.024995418
0.02499542
0.024995422
0.024995423
0.024995424
0.024995424
0.024995425
0.024995425
0.024995425
0.024995425
0.024995425
0.024995425
0.024995425
0.024995425
0.024995424
0.024995423
0.024995423
0.024995421
0.02499542
0.024995418
0.024995419
0.024995421
0.024995422
0.024995424
0.024995424
0.024995425
0.024995426
0.024995426
0.024995426
0.024995426
0.024995426
0.024995426
0.024995426
0.024995426
0.024995425
0.024995424
0.024995424
0.024995422
0.024995421
0.024995419
0.02499542
0.024995422
0.024995423
0.024995424
0.024995425
0.024995426
0.024995426
0.024995427
0.024995427
0.024995427
0.024995427
0.024995427
0.024995427
0.024995426
0.024995426
0.024995425
0.024995424
0.024995423
0.024995422
0.02499542
0.024995421
0.024995423
0.024995424
0.024995425
0.024995426
0.024995427
0.024995427
0.024995427
0.024995428
0.024995428
0.024995428
0.024995428
0.024995427
0.024995427
0.024995427
0.024995426
0.024995425
0.024995424
0.024995423
0.024995421
0.024995422
0.024995423
0.024995425
0.024995426
0.024995426
0.024995427
0.024995427
0.024995428
0.024995428
0.024995428
0.024995428
0.024995428
0.024995428
0.024995427
0.024995427
0.024995426
0.024995426
0.024995425
0.024995423
0.024995422
0.024995422
0.024995424
0.024995425
0.024995426
0.024995427
0.024995427
0.024995428
0.024995428
0.024995428
0.024995428
0.024995428
0.024995428
0.024995428
0.024995427
0.024995427
0.024995427
0.024995426
0.024995425
0.024995424
0.024995422
0.024995423
0.024995425
0.024995426
0.024995426
0.024995427
0.024995427
0.024995427
0.024995428
0.024995428
0.024995428
0.024995428
0.024995428
0.024995427
0.024995427
0.024995427
0.024995427
0.024995426
0.024995425
0.024995425
0.024995423
0.024995535
0.024995534
0.024995533
0.024995533
0.024995532
0.024995532
0.024995532
0.024995532
0.024995532
0.024995532
0.024995532
0.024995532
0.024995532
0.024995532
0.024995532
0.024995532
0.024995533
0.024995533
0.024995534
0.024995535
0.024995538
0.024995537
0.024995537
0.024995536
0.024995536
0.024995536
0.024995536
0.024995536
0.024995535
0.024995535
0.024995535
0.024995535
0.024995536
0.024995536
0.024995536
0.024995536
0.024995536
0.024995536
0.024995537
0.024995538
0.02499554
0.02499554
0.024995539
0.024995539
0.024995539
0.024995539
0.024995539
0.024995539
0.024995539
0.024995539
0.024995539
0.024995539
0.024995539
0.024995539
0.024995539
0.024995539
0.024995539
0.024995539
0.024995539
0.02499554
0.024995542
0.024995542
0.024995542
0.024995542
0.024995542
0.024995542
0.024995542
0.024995542
0.024995542
0.024995542
0.024995542
0.024995542
0.024995542
0.024995542
0.024995542
0.024995542
0.024995542
0.024995542
0.024995542
0.024995541
0.024995543
0.024995544
0.024995544
0.024995544
0.024995544
0.024995544
0.024995544
0.024995544
0.024995544
0.024995544
0.024995544
0.024995544
0.024995544
0.024995544
0.024995544
0.024995544
0.024995544
0.024995544
0.024995543
0.024995543
0.024995545
0.024995545
0.024995546
0.024995546
0.024995546
0.024995546
0.024995546
0.024995547
0.024995547
0.024995547
0.024995547
0.024995547
0.024995547
0.024995546
0.024995546
0.024995546
0.024995546
0.024995546
0.024995545
0.024995545
0.024995546
0.024995547
0.024995547
0.024995548
0.024995548
0.024995548
0.024995549
0.024995549
0.024995549
0.024995549
0.024995549
0.024995549
0.024995549
0.024995549
0.024995548
0.024995548
0.024995548
0.024995547
0.024995547
0.024995546
0.024995547
0.024995548
0.024995549
0.02499555
0.02499555
0.02499555
0.02499555
0.024995551
0.024995551
0.024995551
0.024995551
0.024995551
0.024995551
0.02499555
0.02499555
0.02499555
0.02499555
0.024995549
0.024995548
0.024995547
0.024995549
0.02499555
0.024995551
0.024995551
0.024995552
0.024995552
0.024995552
0.024995552
0.024995553
0.024995553
0.024995553
0.024995553
0.024995552
0.024995552
0.024995552
0.024995552
0.024995551
0.02499555
0.02499555
0.024995549
0.02499555
0.024995551
0.024995552
0.024995553
0.024995553
0.024995554
0.024995554
0.024995554
0.024995554
0.024995554
0.024995554
0.024995554
0.024995554
0.024995554
0.024995554
0.024995553
0.024995553
0.024995552
0.024995551
0.02499555
0.024995551
0.024995552
0.024995553
0.024995554
0.024995555
0.024995555
0.024995555
0.024995556
0.024995556
0.024995556
0.024995556
0.024995556
0.024995556
0.024995555
0.024995555
0.024995555
0.024995554
0.024995553
0.024995552
0.024995551
0.024995552
0.024995553
0.024995554
0.024995555
0.024995556
0.024995556
0.024995557
0.024995557
0.024995557
0.024995557
0.024995557
0.024995557
0.024995557
0.024995557
0.024995556
0.024995556
0.024995555
0.024995554
0.024995553
0.024995552
0.024995553
0.024995554
0.024995556
0.024995556
0.024995557
0.024995558
0.024995558
0.024995558
0.024995558
0.024995559
0.024995559
0.024995558
0.024995558
0.024995558
0.024995558
0.024995557
0.024995556
0.024995556
0.024995554
0.024995553
0.024995554
0.024995556
0.024995557
0.024995558
0.024995558
0.024995559
0.024995559
0.024995559
0.02499556
0.02499556
0.02499556
0.02499556
0.024995559
0.024995559
0.024995559
0.024995558
0.024995557
0.024995557
0.024995555
0.024995554
0.024995555
0.024995556
0.024995558
0.024995559
0.024995559
0.02499556
0.02499556
0.02499556
0.024995561
0.024995561
0.024995561
0.024995561
0.02499556
0.02499556
0.02499556
0.024995559
0.024995558
0.024995558
0.024995556
0.024995555
0.024995556
0.024995557
0.024995559
0.024995559
0.02499556
0.024995561
0.024995561
0.024995561
0.024995562
0.024995562
0.024995562
0.024995562
0.024995561
0.024995561
0.024995561
0.02499556
0.024995559
0.024995558
0.024995557
0.024995556
0.024995557
0.024995558
0.024995559
0.02499556
0.024995561
0.024995562
0.024995562
0.024995562
0.024995562
0.024995562
0.024995562
0.024995562
0.024995562
0.024995562
0.024995561
0.024995561
0.02499556
0.024995559
0.024995558
0.024995557
0.024995558
0.024995559
0.02499556
0.024995561
0.024995562
0.024995562
0.024995563
0.024995563
0.024995563
0.024995563
0.024995563
0.024995563
0.024995563
0.024995562
0.024995562
0.024995562
0.024995561
0.02499556
0.024995559
0.024995558
0.024995558
0.02499556
0.024995561
0.024995562
0.024995562
0.024995563
0.024995563
0.024995563
0.024995563
0.024995563
0.024995563
0.024995563
0.024995563
0.024995563
0.024995563
0.024995562
0.024995562
0.024995561
0.02499556
0.024995558
0.02499556
0.024995561
0.024995562
0.024995562
0.024995562
0.024995563
0.024995563
0.024995563
0.024995563
0.024995563
0.024995563
0.024995563
0.024995563
0.024995563
0.024995563
0.024995562
0.024995562
0.024995561
0.024995561
0.024995559
0.024995608
0.024995606
0.024995606
0.024995605
0.024995605
0.024995605
0.024995604
0.024995604
0.024995604
0.024995604
0.024995604
0.024995604
0.024995604
0.024995604
0.024995605
0.024995605
0.024995605
0.024995606
0.024995606
0.024995608
0.02499561
0.024995609
0.024995609
0.024995608
0.024995608
0.024995608
0.024995608
0.024995608
0.024995608
0.024995607
0.024995607
0.024995608
0.024995608
0.024995608
0.024995608
0.024995608
0.024995608
0.024995609
0.024995609
0.02499561
0.024995612
0.024995612
0.024995611
0.024995611
0.024995611
0.024995611
0.024995611
0.024995611
0.024995611
0.024995611
0.024995611
0.024995611
0.024995611
0.024995611
0.024995611
0.024995611
0.024995611
0.024995611
0.024995612
0.024995612
0.024995614
0.024995614
0.024995614
0.024995614
0.024995614
0.024995613
0.024995613
0.024995613
0.024995613
0.024995613
0.024995613
0.024995613
0.024995613
0.024995613
0.024995613
0.024995613
0.024995614
0.024995614
0.024995614
0.024995614
0.024995616
0.024995616
0.024995616
0.024995616
0.024995616
0.024995616
0.024995616
0.024995616
0.024995616
0.024995616
0.024995616
0.024995616
0.024995616
0.024995616
0.024995616
0.024995616
0.024995616
0.024995616
0.024995616
0.024995615
0.024995617
0.024995617
0.024995618
0.024995618
0.024995618
0.024995618
0.024995618
0.024995618
0.024995618
0.024995618
0.024995618
0.024995618
0.024995618
0.024995618
0.024995618
0.024995618
0.024995618
0.024995618
0.024995617
0.024995617
0.024995618
0.024995619
0.024995619
0.02499562
0.02499562
0.02499562
0.02499562
0.02499562
0.02499562
0.02499562
0.02499562
0.02499562
0.02499562
0.02499562
0.02499562
0.02499562
0.02499562
0.024995619
0.024995619
0.024995618
0.02499562
0.02499562
0.024995621
0.024995621
0.024995622
0.024995622
0.024995622
0.024995622
0.024995622
0.024995622
0.024995622
0.024995622
0.024995622
0.024995622
0.024995622
0.024995622
0.024995621
0.024995621
0.02499562
0.02499562
0.024995621
0.024995622
0.024995622
0.024995623
0.024995623
0.024995624
0.024995624
0.024995624
0.024995624
0.024995624
0.024995624
0.024995624
0.024995624
0.024995624
0.024995623
0.024995623
0.024995623
0.024995622
0.024995622
0.024995621
0.024995622
0.024995623
0.024995624
0.024995624
0.024995625
0.024995625
0.024995625
0.024995626
0.024995626
0.024995626
0.024995626
0.024995626
0.024995626
0.024995625
0.024995625
0.024995625
0.024995624
0.024995624
0.024995623
0.024995622
0.024995623
0.024995624
0.024995625
0.024995626
0.024995626
0.024995627
0.024995627
0.024995627
0.024995627
0.024995627
0.024995627
0.024995627
0.024995627
0.024995627
0.024995627
0.024995626
0.024995626
0.024995625
0.024995624
0.024995623
0.024995624
0.024995625
0.024995626
0.024995627
0.024995627
0.024995628
0.024995628
0.024995628
0.024995629
0.024995629
0.024995629
0.024995629
0.024995628
0.024995628
0.024995628
0.024995627
0.024995627
0.024995626
0.024995625
0.024995624
0.024995625
0.024995627
0.024995627
0.024995628
0.024995629
0.024995629
0.02499563
0.02499563
0.02499563
0.02499563
0.02499563
0.02499563
0.02499563
0.024995629
0.024995629
0.024995629
0.024995628
0.024995627
0.024995626
0.024995625
0.024995626
0.024995628
0.024995629
0.024995629
0.02499563
0.02499563
0.024995631
0.024995631
0.024995631
0.024995631
0.024995631
0.024995631
0.024995631
0.024995631
0.02499563
0.02499563
0.024995629
0.024995628
0.024995627
0.024995626
0.024995627
0.024995629
0.02499563
0.02499563
0.024995631
0.024995631
0.024995632
0.024995632
0.024995632
0.024995632
0.024995632
0.024995632
0.024995632
0.024995632
0.024995631
0.024995631
0.02499563
0.024995629
0.024995628
0.024995627
0.024995628
0.02499563
0.024995631
0.024995631
0.024995632
0.024995632
0.024995633
0.024995633
0.024995633
0.024995633
0.024995633
0.024995633
0.024995633
0.024995633
0.024995632
0.024995632
0.024995631
0.02499563
0.024995629
0.024995628
0.024995629
0.02499563
0.024995631
0.024995632
0.024995633
0.024995633
0.024995634
0.024995634
0.024995634
0.024995634
0.024995634
0.024995634
0.024995634
0.024995634
0.024995633
0.024995633
0.024995632
0.024995631
0.02499563
0.024995629
0.02499563
0.024995631
0.024995632
0.024995633
0.024995634
0.024995634
0.024995634
0.024995635
0.024995635
0.024995635
0.024995635
0.024995635
0.024995635
0.024995634
0.024995634
0.024995634
0.024995633
0.024995632
0.024995631
0.02499563
0.024995631
0.024995632
0.024995633
0.024995634
0.024995634
0.024995635
0.024995635
0.024995635
0.024995635
0.024995635
0.024995635
0.024995635
0.024995635
0.024995635
0.024995635
0.024995634
0.024995634
0.024995633
0.024995632
0.024995631
0.024995632
0.024995633
0.024995634
0.024995635
0.024995635
0.024995635
0.024995635
0.024995636
0.024995636
0.024995636
0.024995636
0.024995636
0.024995636
0.024995635
0.024995635
0.024995635
0.024995634
0.024995634
0.024995633
0.024995632
0.024995644
0.024995643
0.024995642
0.024995642
0.024995641
0.024995641
0.024995641
0.024995641
0.024995641
0.024995641
0.024995641
0.024995641
0.024995641
0.024995641
0.024995641
0.024995641
0.024995642
0.024995642
0.024995643
0.024995644
0.024995647
0.024995646
0.024995645
0.024995645
0.024995644
0.024995644
0.024995644
0.024995644
0.024995644
0.024995644
0.024995644
0.024995644
0.024995644
0.024995644
0.024995644
0.024995644
0.024995645
0.024995645
0.024995646
0.024995647
0.024995649
0.024995648
0.024995648
0.024995647
0.024995647
0.024995647
0.024995647
0.024995647
0.024995647
0.024995647
0.024995647
0.024995647
0.024995647
0.024995647
0.024995647
0.024995647
0.024995647
0.024995648
0.024995648
0.024995649
0.02499565
0.02499565
0.02499565
0.02499565
0.02499565
0.024995649
0.024995649
0.024995649
0.024995649
0.024995649
0.024995649
0.024995649
0.024995649
0.024995649
0.024995649
0.02499565
0.02499565
0.02499565
0.02499565
0.02499565
0.024995652
0.024995652
0.024995652
0.024995652
0.024995652
0.024995652
0.024995652
0.024995652
0.024995652
0.024995652
0.024995652
0.024995652
0.024995652
0.024995652
0.024995652
0.024995652
0.024995652
0.024995652
0.024995652
0.024995652
0.024995653
0.024995654
0.024995654
0.024995654
0.024995654
0.024995654
0.024995654
0.024995654
0.024995654
0.024995654
0.024995654
0.024995654
0.024995654
0.024995654
0.024995654
0.024995654
0.024995654
0.024995654
0.024995654
0.024995653
0.024995655
0.024995655
0.024995655
0.024995656
0.024995656
0.024995656
0.024995656
0.024995656
0.024995656
0.024995656
0.024995656
0.024995656
0.024995656
0.024995656
0.024995656
0.024995656
0.024995656
0.024995655
0.024995655
0.024995655
0.024995656
0.024995657
0.024995657
0.024995657
0.024995657
0.024995658
0.024995658
0.024995658
0.024995658
0.024995658
0.024995658
0.024995658
0.024995658
0.024995658
0.024995658
0.024995657
0.024995657
0.024995657
0.024995656
0.024995656
0.024995657
0.024995658
0.024995658
0.024995659
0.024995659
0.024995659
0.024995659
0.02499566
0.02499566
0.02499566
0.02499566
0.02499566
0.02499566
0.024995659
0.024995659
0.024995659
0.024995659
0.024995658
0.024995658
0.024995657
0.024995658
0.024995659
0.02499566
0.02499566
0.024995661
0.024995661
0.024995661
0.024995661
0.024995661
0.024995661
0.024995661
0.024995661
0.024995661
0.024995661
0.024995661
0.024995661
0.02499566
0.02499566
0.024995659
0.024995658
0.02499566
0.02499566
0.024995661
0.024995662
0.024995662
0.024995662
0.024995663
0.024995663
0.024995663
0.024995663
0.024995663
0.024995663
0.024995663
0.024995663
0.024995662
0.024995662
0.024995662
0.024995661
0.02499566
0.02499566
0.024995661
0.024995662
0.024995662
0.024995663
0.024995663
0.024995664
0.024995664
0.024995664
0.024995664
0.024995664
0.024995664
0.024995664
0.024995664
0.024995664
0.024995664
0.024995663
0.024995663
0.024995662
0.024995662
0.024995661
0.024995662
0.024995663
0.024995663
0.024995664
0.024995665
0.024995665
0.024995665
0.024995665
0.024995666
0.024995666
0.024995666
0.024995666
0.024995665
0.024995665
0.024995665
0.024995665
0.024995664
0.024995663
0.024995663
0.024995662
0.024995663
0.024995664
0.024995665
0.024995665
0.024995666
0.024995666
0.024995666
0.024995667
0.024995667
0.024995667
0.024995667
0.024995667
0.024995667
0.024995666
0.024995666
0.024995666
0.024995665
0.024995665
0.024995664
0.024995663
0.024995664
0.024995665
0.024995666
0.024995666
0.024995667
0.024995667
0.024995668
0.024995668
0.024995668
0.024995668
0.024995668
0.024995668
0.024995668
0.024995668
0.024995667
0.024995667
0.024995666
0.024995666
0.024995665
0.024995664
0.024995665
0.024995666
0.024995667
0.024995667
0.024995668
0.024995668
0.024995669
0.024995669
0.024995669
0.024995669
0.024995669
0.024995669
0.024995669
0.024995669
0.024995668
0.024995668
0.024995667
0.024995667
0.024995666
0.024995665
0.024995666
0.024995667
0.024995668
0.024995668
0.024995669
0.024995669
0.02499567
0.02499567
0.02499567
0.02499567
0.02499567
0.02499567
0.02499567
0.02499567
0.024995669
0.024995669
0.024995668
0.024995668
0.024995667
0.024995666
0.024995667
0.024995668
0.024995669
0.024995669
0.02499567
0.02499567
0.02499567
0.024995671
0.024995671
0.024995671
0.024995671
0.024995671
0.024995671
0.02499567
0.02499567
0.02499567
0.024995669
0.024995669
0.024995668
0.024995667
0.024995668
0.024995669
0.02499567
0.02499567
0.024995671
0.024995671
0.024995671
0.024995671
0.024995672
0.024995672
0.024995672
0.024995672
0.024995671
0.024995671
0.024995671
0.024995671
0.02499567
0.02499567
0.024995669
0.024995667
0.024995669
0.02499567
0.024995671
0.024995671
0.024995671
0.024995672
0.024995672
0.024995672
0.024995672
0.024995672
0.024995672
0.024995672
0.024995672
0.024995672
0.024995672
0.024995671
0.024995671
0.02499567
0.02499567
0.024995669
0.024995662
0.02499566
0.02499566
0.024995659
0.024995659
0.024995658
0.024995658
0.024995658
0.024995658
0.024995658
0.024995658
0.024995658
0.024995658
0.024995658
0.024995658
0.024995659
0.024995659
0.02499566
0.02499566
0.024995662
0.024995664
0.024995663
0.024995663
0.024995662
0.024995662
0.024995661
0.024995661
0.024995661
0.024995661
0.024995661
0.024995661
0.024995661
0.024995661
0.024995661
0.024995661
0.024995662
0.024995662
0.024995662
0.024995663
0.024995664
0.024995666
0.024995666
0.024995665
0.024995665
0.024995664
0.024995664
0.024995664
0.024995664
0.024995664
0.024995664
0.024995664
0.024995664
0.024995664
0.024995664
0.024995664
0.024995664
0.024995665
0.024995665
0.024995665
0.024995666
0.024995668
0.024995668
0.024995667
0.024995667
0.024995667
0.024995667
0.024995666
0.024995666
0.024995666
0.024995666
0.024995666
0.024995666
0.024995666
0.024995666
0.024995667
0.024995667
0.024995667
0.024995667
0.024995667
0.024995668
0.024995669
0.024995669
0.024995669
0.024995669
0.024995669
0.024995669
0.024995669
0.024995669
0.024995669
0.024995669
0.024995669
0.024995669
0.024995669
0.024995669
0.024995669
0.024995669
0.024995669
0.024995669
0.024995669
0.024995669
0.024995671
0.024995671
0.024995671
0.024995671
0.024995671
0.024995671
0.024995671
0.024995671
0.024995671
0.024995671
0.024995671
0.024995671
0.024995671
0.024995671
0.024995671
0.024995671
0.024995671
0.024995671
0.024995671
0.024995671
0.024995672
0.024995672
0.024995673
0.024995673
0.024995673
0.024995673
0.024995673
0.024995673
0.024995673
0.024995673
0.024995673
0.024995673
0.024995673
0.024995673
0.024995673
0.024995673
0.024995673
0.024995673
0.024995672
0.024995672
0.024995673
0.024995674
0.024995674
0.024995674
0.024995675
0.024995675
0.024995675
0.024995675
0.024995675
0.024995675
0.024995675
0.024995675
0.024995675
0.024995675
0.024995675
0.024995674
0.024995674
0.024995674
0.024995674
0.024995673
0.024995675
0.024995675
0.024995676
0.024995676
0.024995676
0.024995676
0.024995676
0.024995677
0.024995677
0.024995677
0.024995677
0.024995677
0.024995677
0.024995676
0.024995676
0.024995676
0.024995676
0.024995675
0.024995675
0.024995675
0.024995676
0.024995676
0.024995677
0.024995677
0.024995678
0.024995678
0.024995678
0.024995678
0.024995678
0.024995678
0.024995678
0.024995678
0.024995678
0.024995678
0.024995678
0.024995678
0.024995677
0.024995677
0.024995676
0.024995676
0.024995677
0.024995678
0.024995678
0.024995679
0.024995679
0.024995679
0.02499568
0.02499568
0.02499568
0.02499568
0.02499568
0.02499568
0.02499568
0.02499568
0.024995679
0.024995679
0.024995679
0.024995678
0.024995678
0.024995677
0.024995678
0.024995679
0.024995679
0.02499568
0.02499568
0.024995681
0.024995681
0.024995681
0.024995681
0.024995681
0.024995681
0.024995681
0.024995681
0.024995681
0.024995681
0.02499568
0.02499568
0.024995679
0.024995679
0.024995678
0.024995679
0.02499568
0.024995681
0.024995681
0.024995682
0.024995682
0.024995682
0.024995682
0.024995683
0.024995683
0.024995683
0.024995683
0.024995682
0.024995682
0.024995682
0.024995682
0.024995681
0.024995681
0.02499568
0.024995679
0.02499568
0.024995681
0.024995682
0.024995682
0.024995683
0.024995683
0.024995683
0.024995684
0.024995684
0.024995684
0.024995684
0.024995684
0.024995684
0.024995683
0.024995683
0.024995683
0.024995682
0.024995682
0.024995681
0.02499568
0.024995681
0.024995682
0.024995683
0.024995683
0.024995684
0.024995684
0.024995685
0.024995685
0.024995685
0.024995685
0.024995685
0.024995685
0.024995685
0.024995685
0.024995684
0.024995684
0.024995683
0.024995683
0.024995682
0.024995681
0.024995682
0.024995683
0.024995684
0.024995685
0.024995685
0.024995685
0.024995686
0.024995686
0.024995686
0.024995686
0.024995686
0.024995686
0.024995686
0.024995686
0.024995685
0.024995685
0.024995684
0.024995684
0.024995683
0.024995682
0.024995683
0.024995684
0.024995685
0.024995686
0.024995686
0.024995686
0.024995687
0.024995687
0.024995687
0.024995687
0.024995687
0.024995687
0.024995687
0.024995687
0.024995686
0.024995686
0.024995685
0.024995685
0.024995684
0.024995683
0.024995684
0.024995685
0.024995686
0.024995687
0.024995687
0.024995687
0.024995688
0.024995688
0.024995688
0.024995688
0.024995688
0.024995688
0.024995688
0.024995688
0.024995687
0.024995687
0.024995686
0.024995686
0.024995685
0.024995684
0.024995685
0.024995686
0.024995687
0.024995687
0.024995688
0.024995688
0.024995689
0.024995689
0.024995689
0.024995689
0.024995689
0.024995689
0.024995689
0.024995688
0.024995688
0.024995688
0.024995687
0.024995687
0.024995686
0.024995685
0.024995686
0.024995687
0.024995688
0.024995688
0.024995689
0.024995689
0.024995689
0.024995689
0.024995689
0.02499569
0.02499569
0.024995689
0.024995689
0.024995689
0.024995689
0.024995689
0.024995688
0.024995688
0.024995687
0.024995686
0.02499567
0.024995668
0.024995668
0.024995667
0.024995667
0.024995666
0.024995666
0.024995666
0.024995666
0.024995666
0.024995666
0.024995666
0.024995666
0.024995666
0.024995666
0.024995667
0.024995667
0.024995668
0.024995668
0.02499567
0.024995672
0.024995671
0.02499567
0.02499567
0.02499567
0.024995669
0.024995669
0.024995669
0.024995669
0.024995669
0.024995669
0.024995669
0.024995669
0.024995669
0.024995669
0.02499567
0.02499567
0.02499567
0.024995671
0.024995672
0.024995674
0.024995673
0.024995673
0.024995672
0.024995672
0.024995672
0.024995672
0.024995672
0.024995672
0.024995672
0.024995672
0.024995672
0.024995672
0.024995672
0.024995672
0.024995672
0.024995672
0.024995673
0.024995673
0.024995674
0.024995676
0.024995675
0.024995675
0.024995675
0.024995675
0.024995674
0.024995674
0.024995674
0.024995674
0.024995674
0.024995674
0.024995674
0.024995674
0.024995674
0.024995674
0.024995675
0.024995675
0.024995675
0.024995675
0.024995676
0.024995677
0.024995677
0.024995677
0.024995677
0.024995677
0.024995677
0.024995677
0.024995677
0.024995676
0.024995676
0.024995676
0.024995676
0.024995676
0.024995677
0.024995677
0.024995677
0.024995677
0.024995677
0.024995677
0.024995677
0.024995679
0.024995679
0.024995679
0.024995679
0.024995679
0.024995679
0.024995679
0.024995679
0.024995679
0.024995679
0.024995679
0.024995679
0.024995679
0.024995679
0.024995679
0.024995679
0.024995679
0.024995679
0.024995679
0.024995679
0.02499568
0.02499568
0.02499568
0.02499568
0.024995681
0.024995681
0.024995681
0.024995681
0.024995681
0.024995681
0.024995681
0.024995681
0.024995681
0.024995681
0.024995681
0.024995681
0.02499568
0.02499568
0.02499568
0.02499568
0.024995681
0.024995682
0.024995682
0.024995682
0.024995682
0.024995682
0.024995682
0.024995683
0.024995683
0.024995683
0.024995683
0.024995683
0.024995683
0.024995682
0.024995682
0.024995682
0.024995682
0.024995682
0.024995682
0.024995681
0.024995683
0.024995683
0.024995683
0.024995684
0.024995684
0.024995684
0.024995684
0.024995684
0.024995684
0.024995684
0.024995684
0.024995684
0.024995684
0.024995684
0.024995684
0.024995684
0.024995684
0.024995683
0.024995683
0.024995682
0.024995684
0.024995684
0.024995685
0.024995685
0.024995685
0.024995686
0.024995686
0.024995686
0.024995686
0.024995686
0.024995686
0.024995686
0.024995686
0.024995686
0.024995686
0.024995685
0.024995685
0.024995685
0.024995684
0.024995684
0.024995685
0.024995686
0.024995686
0.024995686
0.024995687
0.024995687
0.024995687
0.024995687
0.024995688
0.024995688
0.024995688
0.024995688
0.024995687
0.024995687
0.024995687
0.024995687
0.024995686
0.024995686
0.024995685
0.024995685
0.024995686
0.024995687
0.024995687
0.024995688
0.024995688
0.024995688
0.024995689
0.024995689
0.024995689
0.024995689
0.024995689
0.024995689
0.024995689
0.024995689
0.024995688
0.024995688
0.024995688
0.024995687
0.024995687
0.024995686
0.024995687
0.024995688
0.024995688
0.024995689
0.024995689
0.02499569
0.02499569
0.02499569
0.02499569
0.02499569
0.02499569
0.02499569
0.02499569
0.02499569
0.02499569
0.024995689
0.024995689
0.024995688
0.024995688
0.024995687
0.024995688
0.024995689
0.02499569
0.02499569
0.024995691
0.024995691
0.024995691
0.024995691
0.024995692
0.024995692
0.024995692
0.024995692
0.024995691
0.024995691
0.024995691
0.024995691
0.02499569
0.02499569
0.024995689
0.024995688
0.024995689
0.02499569
0.024995691
0.024995691
0.024995692
0.024995692
0.024995692
0.024995693
0.024995693
0.024995693
0.024995693
0.024995693
0.024995693
0.024995692
0.024995692
0.024995692
0.024995691
0.024995691
0.02499569
0.024995689
0.02499569
0.024995691
0.024995692
0.024995692
0.024995693
0.024995693
0.024995694
0.024995694
0.024995694
0.024995694
0.024995694
0.024995694
0.024995694
0.024995693
0.024995693
0.024995693
0.024995692
0.024995692
0.024995691
0.02499569
0.024995691
0.024995692
0.024995693
0.024995693
0.024995694
0.024995694
0.024995695
0.024995695
0.024995695
0.024995695
0.024995695
0.024995695
0.024995695
0.024995695
0.024995694
0.024995694
0.024995693
0.024995693
0.024995692
0.024995691
0.024995692
0.024995693
0.024995694
0.024995694
0.024995695
0.024995695
0.024995695
0.024995696
0.024995696
0.024995696
0.024995696
0.024995696
0.024995696
0.024995695
0.024995695
0.024995695
0.024995694
0.024995694
0.024995693
0.024995692
0.024995693
0.024995694
0.024995695
0.024995695
0.024995696
0.024995696
0.024995696
0.024995697
0.024995697
0.024995697
0.024995697
0.024995697
0.024995697
0.024995696
0.024995696
0.024995696
0.024995695
0.024995695
0.024995694
0.024995693
0.024995694
0.024995695
0.024995696
0.024995696
0.024995697
0.024995697
0.024995697
0.024995697
0.024995697
0.024995697
0.024995697
0.024995697
0.024995697
0.024995697
0.024995697
0.024995697
0.024995696
0.024995696
0.024995695
0.024995694
0.024995673
0.024995672
0.024995671
0.02499567
0.02499567
0.02499567
0.02499567
0.024995669
0.024995669
0.024995669
0.024995669
0.024995669
0.024995669
0.02499567
0.02499567
0.02499567
0.02499567
0.024995671
0.024995672
0.024995673
0.024995676
0.024995675
0.024995674
0.024995673
0.024995673
0.024995673
0.024995672
0.024995672
0.024995672
0.024995672
0.024995672
0.024995672
0.024995672
0.024995672
0.024995673
0.024995673
0.024995673
0.024995674
0.024995674
0.024995676
0.024995678
0.024995677
0.024995676
0.024995676
0.024995675
0.024995675
0.024995675
0.024995675
0.024995675
0.024995675
0.024995675
0.024995675
0.024995675
0.024995675
0.024995675
0.024995675
0.024995676
0.024995676
0.024995677
0.024995677
0.024995679
0.024995679
0.024995678
0.024995678
0.024995678
0.024995678
0.024995678
0.024995677
0.024995677
0.024995677
0.024995677
0.024995677
0.024995677
0.024995678
0.024995678
0.024995678
0.024995678
0.024995678
0.024995679
0.024995679
0.024995681
0.02499568
0.02499568
0.02499568
0.02499568
0.02499568
0.02499568
0.02499568
0.02499568
0.02499568
0.02499568
0.02499568
0.02499568
0.02499568
0.02499568
0.02499568
0.02499568
0.02499568
0.02499568
0.024995681
0.024995682
0.024995682
0.024995682
0.024995682
0.024995682
0.024995682
0.024995682
0.024995682
0.024995682
0.024995682
0.024995682
0.024995682
0.024995682
0.024995682
0.024995682
0.024995682
0.024995682
0.024995682
0.024995682
0.024995682
0.024995683
0.024995684
0.024995684
0.024995684
0.024995684
0.024995684
0.024995684
0.024995684
0.024995684
0.024995684
0.024995684
0.024995684
0.024995684
0.024995684
0.024995684
0.024995684
0.024995684
0.024995684
0.024995684
0.024995683
0.024995685
0.024995685
0.024995685
0.024995685
0.024995686
0.024995686
0.024995686
0.024995686
0.024995686
0.024995686
0.024995686
0.024995686
0.024995686
0.024995686
0.024995686
0.024995686
0.024995685
0.024995685
0.024995685
0.024995685
0.024995686
0.024995686
0.024995687
0.024995687
0.024995687
0.024995687
0.024995687
0.024995688
0.024995688
0.024995688
0.024995688
0.024995688
0.024995688
0.024995687
0.024995687
0.024995687
0.024995687
0.024995687
0.024995686
0.024995686
0.024995687
0.024995688
0.024995688
0.024995688
0.024995689
0.024995689
0.024995689
0.024995689
0.024995689
0.024995689
0.024995689
0.024995689
0.024995689
0.024995689
0.024995689
0.024995689
0.024995688
0.024995688
0.024995688
0.024995687
0.024995688
0.024995689
0.024995689
0.02499569
0.02499569
0.02499569
0.024995691
0.024995691
0.024995691
0.024995691
0.024995691
0.024995691
0.024995691
0.024995691
0.02499569
0.02499569
0.02499569
0.024995689
0.024995689
0.024995688
0.024995689
0.02499569
0.024995691
0.024995691
0.024995691
0.024995692
0.024995692
0.024995692
0.024995692
0.024995692
0.024995692
0.024995692
0.024995692
0.024995692
0.024995692
0.024995691
0.024995691
0.024995691
0.02499569
0.024995689
0.02499569
0.024995691
0.024995692
0.024995692
0.024995693
0.024995693
0.024995693
0.024995693
0.024995694
0.024995694
0.024995694
0.024995694
0.024995693
0.024995693
0.024995693
0.024995693
0.024995692
0.024995692
0.024995691
0.02499569
0.024995691
0.024995692
0.024995693
0.024995693
0.024995694
0.024995694
0.024995695
0.024995695
0.024995695
0.024995695
0.024995695
0.024995695
0.024995695
0.024995694
0.024995694
0.024995694
0.024995693
0.024995693
0.024995692
0.024995691
0.024995692
0.024995693
0.024995694
0.024995695
0.024995695
0.024995695
0.024995696
0.024995696
0.024995696
0.024995696
0.024995696
0.024995696
0.024995696
0.024995696
0.024995695
0.024995695
0.024995695
0.024995694
0.024995693
0.024995692
0.024995693
0.024995694
0.024995695
0.024995696
0.024995696
0.024995697
0.024995697
0.024995697
0.024995697
0.024995697
0.024995697
0.024995697
0.024995697
0.024995697
0.024995696
0.024995696
0.024995696
0.024995695
0.024995694
0.024995693
0.024995694
0.024995695
0.024995696
0.024995697
0.024995697
0.024995698
0.024995698
0.024995698
0.024995698
0.024995698
0.024995698
0.024995698
0.024995698
0.024995698
0.024995698
0.024995697
0.024995697
0.024995696
0.024995695
0.024995694
0.024995695
0.024995696
0.024995697
0.024995698
0.024995698
0.024995699
0.024995699
0.024995699
0.024995699
0.024995699
0.024995699
0.024995699
0.024995699
0.024995699
0.024995699
0.024995698
0.024995698
0.024995697
0.024995696
0.024995695
0.024995696
0.024995697
0.024995698
0.024995699
0.024995699
0.024995699
0.0249957
0.0249957
0.0249957
0.0249957
0.0249957
0.0249957
0.0249957
0.0249957
0.024995699
0.024995699
0.024995699
0.024995698
0.024995697
0.024995696
0.024995698
0.024995699
0.024995699
0.0249957
0.0249957
0.0249957
0.024995701
0.024995701
0.024995701
0.024995701
0.024995701
0.024995701
0.024995701
0.024995701
0.0249957
0.0249957
0.0249957
0.024995699
0.024995699
0.024995698
0.024995675
0.024995673
0.024995672
0.024995672
0.024995671
0.024995671
0.024995671
0.024995671
0.024995671
0.024995671
0.024995671
0.024995671
0.024995671
0.024995671
0.024995671
0.024995671
0.024995672
0.024995672
0.024995673
0.024995674
0.024995677
0.024995676
0.024995675
0.024995675
0.024995674
0.024995674
0.024995674
0.024995674
0.024995674
0.024995673
0.024995673
0.024995673
0.024995674
0.024995674
0.024995674
0.024995674
0.024995675
0.024995675
0.024995676
0.024995677
0.024995679
0.024995678
0.024995678
0.024995677
0.024995677
0.024995677
0.024995676
0.024995676
0.024995676
0.024995676
0.024995676
0.024995676
0.024995676
0.024995676
0.024995677
0.024995677
0.024995677
0.024995678
0.024995678
0.024995679
0.024995681
0.02499568
0.02499568
0.024995679
0.024995679
0.024995679
0.024995679
0.024995679
0.024995679
0.024995679
0.024995679
0.024995679
0.024995679
0.024995679
0.024995679
0.024995679
0.024995679
0.02499568
0.02499568
0.02499568
0.024995682
0.024995682
0.024995682
0.024995681
0.024995681
0.024995681
0.024995681
0.024995681
0.024995681
0.024995681
0.024995681
0.024995681
0.024995681
0.024995681
0.024995681
0.024995681
0.024995681
0.024995682
0.024995682
0.024995682
0.024995683
0.024995683
0.024995683
0.024995683
0.024995683
0.024995683
0.024995683
0.024995683
0.024995683
0.024995683
0.024995683
0.024995683
0.024995683
0.024995683
0.024995683
0.024995683
0.024995683
0.024995683
0.024995683
0.024995683
0.024995685
0.024995685
0.024995685
0.024995685
0.024995685
0.024995685
0.024995685
0.024995685
0.024995685
0.024995685
0.024995685
0.024995685
0.024995685
0.024995685
0.024995685
0.024995685
0.024995685
0.024995685
0.024995685
0.024995685
0.024995686
0.024995686
0.024995687
0.024995687
0.024995687
0.024995687
0.024995687
0.024995687
0.024995687
0.024995687
0.024995687
0.024995687
0.024995687
0.024995687
0.024995687
0.024995687
0.024995687
0.024995686
0.024995686
0.024995686
0.024995687
0.024995688
0.024995688
0.024995688
0.024995688
0.024995689
0.024995689
0.024995689
0.024995689
0.024995689
0.024995689
0.024995689
0.024995689
0.024995689
0.024995689
0.024995688
0.024995688
0.024995688
0.024995688
0.024995687
0.024995688
0.024995689
0.024995689
0.02499569
0.02499569
0.02499569
0.02499569
0.02499569
0.02499569
0.02499569
0.02499569
0.02499569
0.02499569
0.02499569
0.02499569
0.02499569
0.02499569
0.024995689
0.024995689
0.024995688
0.02499569
0.02499569
0.024995691
0.024995691
0.024995691
0.024995692
0.024995692
0.024995692
0.024995692
0.024995692
0.024995692
0.024995692
0.024995692
0.024995692
0.024995692
0.024995691
0.024995691
0.024995691
0.02499569
0.02499569
0.024995691
0.024995691
0.024995692
0.024995692
0.024995693
0.024995693
0.024995693
0.024995693
0.024995693
0.024995693
0.024995693
0.024995693
0.024995693
0.024995693
0.024995693
0.024995693
0.024995692
0.024995692
0.024995691
0.024995691
0.024995692
0.024995692
0.024995693
0.024995694
0.024995694
0.024995694
0.024995694
0.024995695
0.024995695
0.024995695
0.024995695
0.024995695
0.024995695
0.024995694
0.024995694
0.024995694
0.024995693
0.024995693
0.024995692
0.024995692
0.024995693
0.024995694
0.024995694
0.024995695
0.024995695
0.024995695
0.024995696
0.024995696
0.024995696
0.024995696
0.024995696
0.024995696
0.024995696
0.024995696
0.024995695
0.024995695
0.024995695
0.024995694
0.024995694
0.024995693
0.024995694
0.024995695
0.024995695
0.024995696
0.024995696
0.024995697
0.024995697
0.024995697
0.024995697
0.024995697
0.024995697
0.024995697
0.024995697
0.024995697
0.024995697
0.024995696
0.024995696
0.024995695
0.024995695
0.024995694
0.024995695
0.024995696
0.024995696
0.024995697
0.024995697
0.024995698
0.024995698
0.024995698
0.024995698
0.024995698
0.024995698
0.024995698
0.024995698
0.024995698
0.024995698
0.024995697
0.024995697
0.024995696
0.024995696
0.024995695
0.024995696
0.024995697
0.024995697
0.024995698
0.024995698
0.024995699
0.024995699
0.024995699
0.024995699
0.024995699
0.024995699
0.024995699
0.024995699
0.024995699
0.024995699
0.024995698
0.024995698
0.024995697
0.024995697
0.024995696
0.024995697
0.024995698
0.024995698
0.024995699
0.0249957
0.0249957
0.0249957
0.0249957
0.0249957
0.0249957
0.0249957
0.0249957
0.0249957
0.0249957
0.0249957
0.024995699
0.024995699
0.024995698
0.024995698
0.024995697
0.024995698
0.024995699
0.0249957
0.0249957
0.0249957
0.024995701
0.024995701
0.024995701
0.024995701
0.024995701
0.024995701
0.024995701
0.024995701
0.024995701
0.024995701
0.0249957
0.0249957
0.0249957
0.024995699
0.024995698
0.024995699
0.0249957
0.024995701
0.024995701
0.024995701
0.024995702
0.024995702
0.024995702
0.024995702
0.024995702
0.024995702
0.024995702
0.024995702
0.024995702
0.024995702
0.024995701
0.024995701
0.024995701
0.0249957
0.024995699
0.024995675
0.024995674
0.024995673
0.024995672
0.024995672
0.024995672
0.024995671
0.024995671
0.024995671
0.024995671
0.024995671
0.024995671
0.024995671
0.024995671
0.024995672
0.024995672
0.024995672
0.024995673
0.024995674
0.024995675
0.024995678
0.024995676
0.024995676
0.024995675
0.024995675
0.024995675
0.024995674
0.024995674
0.024995674
0.024995674
0.024995674
0.024995674
0.024995674
0.024995674
0.024995674
0.024995675
0.024995675
0.024995676
0.024995676
0.024995678
0.024995679
0.024995679
0.024995678
0.024995678
0.024995677
0.024995677
0.024995677
0.024995677
0.024995677
0.024995677
0.024995677
0.024995677
0.024995677
0.024995677
0.024995677
0.024995677
0.024995678
0.024995678
0.024995679
0.024995679
0.024995681
0.024995681
0.02499568
0.02499568
0.02499568
0.02499568
0.024995679
0.024995679
0.024995679
0.024995679
0.024995679
0.024995679
0.024995679
0.024995679
0.024995679
0.02499568
0.02499568
0.02499568
0.024995681
0.024995681
0.024995683
0.024995682
0.024995682
0.024995682
0.024995682
0.024995682
0.024995682
0.024995682
0.024995682
0.024995681
0.024995681
0.024995682
0.024995682
0.024995682
0.024995682
0.024995682
0.024995682
0.024995682
0.024995682
0.024995683
0.024995684
0.024995684
0.024995684
0.024995684
0.024995684
0.024995684
0.024995684
0.024995684
0.024995684
0.024995684
0.024995684
0.024995684
0.024995684
0.024995684
0.024995684
0.024995684
0.024995684
0.024995684
0.024995684
0.024995684
0.024995685
0.024995685
0.024995686
0.024995686
0.024995686
0.024995686
0.024995686
0.024995686
0.024995686
0.024995686
0.024995686
0.024995686
0.024995686
0.024995686
0.024995686
0.024995686
0.024995686
0.024995685
0.024995685
0.024995685
0.024995687
0.024995687
0.024995687
0.024995687
0.024995687
0.024995687
0.024995687
0.024995688
0.024995688
0.024995688
0.024995688
0.024995688
0.024995688
0.024995687
0.024995687
0.024995687
0.024995687
0.024995687
0.024995687
0.024995687
0.024995688
0.024995688
0.024995689
0.024995689
0.024995689
0.024995689
0.024995689
0.024995689
0.024995689
0.024995689
0.024995689
0.024995689
0.024995689
0.024995689
0.024995689
0.024995689
0.024995689
0.024995688
0.024995688
0.024995688
0.024995689
0.024995689
0.02499569
0.02499569
0.02499569
0.024995691
0.024995691
0.024995691
0.024995691
0.024995691
0.024995691
0.024995691
0.024995691
0.024995691
0.024995691
0.02499569
0.02499569
0.02499569
0.024995689
0.024995689
0.02499569
0.024995691
0.024995691
0.024995692
0.024995692
0.024995692
0.024995692
0.024995692
0.024995692
0.024995693
0.024995693
0.024995692
0.024995692
0.024995692
0.024995692
0.024995692
0.024995691
0.024995691
0.024995691
0.02499569
0.024995691
0.024995692
0.024995692
0.024995693
0.024995693
0.024995693
0.024995694
0.024995694
0.024995694
0.024995694
0.024995694
0.024995694
0.024995694
0.024995694
0.024995693
0.024995693
0.024995693
0.024995692
0.024995692
0.024995691
0.024995692
0.024995693
0.024995694
0.024995694
0.024995694
0.024995695
0.024995695
0.024995695
0.024995695
0.024995695
0.024995695
0.024995695
0.024995695
0.024995695
0.024995695
0.024995694
0.024995694
0.024995694
0.024995693
0.024995692
0.024995693
0.024995694
0.024995695
0.024995695
0.024995696
0.024995696
0.024995696
0.024995696
0.024995697
0.024995697
0.024995697
0.024995697
0.024995696
0.024995696
0.024995696
0.024995696
0.024995695
0.024995695
0.024995694
0.024995693
0.024995694
0.024995695
0.024995696
0.024995696
0.024995697
0.024995697
0.024995697
0.024995698
0.024995698
0.024995698
0.024995698
0.024995698
0.024995698
0.024995697
0.024995697
0.024995697
0.024995696
0.024995696
0.024995695
0.024995694
0.024995695
0.024995696
0.024995697
0.024995697
0.024995698
0.024995698
0.024995699
0.024995699
0.024995699
0.024995699
0.024995699
0.024995699
0.024995699
0.024995699
0.024995698
0.024995698
0.024995697
0.024995697
0.024995696
0.024995695
0.024995696
0.024995697
0.024995698
0.024995699
0.024995699
0.024995699
0.0249957
0.0249957
0.0249957
0.0249957
0.0249957
0.0249957
0.0249957
0.0249957
0.024995699
0.024995699
0.024995698
0.024995698
0.024995697
0.024995696
0.024995697
0.024995698
0.024995699
0.0249957
0.0249957
0.0249957
0.024995701
0.024995701
0.024995701
0.024995701
0.024995701
0.024995701
0.024995701
0.024995701
0.0249957
0.0249957
0.0249957
0.024995699
0.024995698
0.024995697
0.024995698
0.024995699
0.0249957
0.024995701
0.024995701
0.024995701
0.024995702
0.024995702
0.024995702
0.024995702
0.024995702
0.024995702
0.024995702
0.024995702
0.024995701
0.024995701
0.024995701
0.0249957
0.024995699
0.024995698
0.0249957
0.024995701
0.024995701
0.024995702
0.024995702
0.024995702
0.024995702
0.024995703
0.024995703
0.024995703
0.024995703
0.024995703
0.024995703
0.024995702
0.024995702
0.024995702
0.024995702
0.024995701
0.024995701
0.0249957
0.024995675
0.024995674
0.024995673
0.024995673
0.024995672
0.024995672
0.024995672
0.024995672
0.024995671
0.024995671
0.024995671
0.024995671
0.024995671
0.024995672
0.024995672
0.024995672
0.024995673
0.024995673
0.024995674
0.024995675
0.024995678
0.024995677
0.024995676
0.024995675
0.024995675
0.024995675
0.024995675
0.024995674
0.024995674
0.024995674
0.024995674
0.024995674
0.024995674
0.024995675
0.024995675
0.024995675
0.024995675
0.024995676
0.024995677
0.024995678
0.02499568
0.024995679
0.024995678
0.024995678
0.024995678
0.024995677
0.024995677
0.024995677
0.024995677
0.024995677
0.024995677
0.024995677
0.024995677
0.024995677
0.024995677
0.024995678
0.024995678
0.024995678
0.024995679
0.02499568
0.024995681
0.024995681
0.02499568
0.02499568
0.02499568
0.02499568
0.02499568
0.02499568
0.024995679
0.024995679
0.024995679
0.024995679
0.02499568
0.02499568
0.02499568
0.02499568
0.02499568
0.02499568
0.024995681
0.024995681
0.024995683
0.024995683
0.024995682
0.024995682
0.024995682
0.024995682
0.024995682
0.024995682
0.024995682
0.024995682
0.024995682
0.024995682
0.024995682
0.024995682
0.024995682
0.024995682
0.024995682
0.024995682
0.024995683
0.024995683
0.024995684
0.024995684
0.024995684
0.024995684
0.024995684
0.024995684
0.024995684
0.024995684
0.024995684
0.024995684
0.024995684
0.024995684
0.024995684
0.024995684
0.024995684
0.024995684
0.024995684
0.024995684
0.024995684
0.024995684
0.024995686
0.024995686
0.024995686
0.024995686
0.024995686
0.024995686
0.024995686
0.024995686
0.024995686
0.024995686
0.024995686
0.024995686
0.024995686
0.024995686
0.024995686
0.024995686
0.024995686
0.024995686
0.024995686
0.024995685
0.024995687
0.024995687
0.024995687
0.024995687
0.024995688
0.024995688
0.024995688
0.024995688
0.024995688
0.024995688
0.024995688
0.024995688
0.024995688
0.024995688
0.024995688
0.024995688
0.024995687
0.024995687
0.024995687
0.024995687
0.024995688
0.024995688
0.024995689
0.024995689
0.024995689
0.024995689
0.024995689
0.02499569
0.02499569
0.02499569
0.02499569
0.02499569
0.02499569
0.024995689
0.024995689
0.024995689
0.024995689
0.024995689
0.024995688
0.024995688
0.024995689
0.02499569
0.02499569
0.02499569
0.024995691
0.024995691
0.024995691
0.024995691
0.024995691
0.024995691
0.024995691
0.024995691
0.024995691
0.024995691
0.024995691
0.024995691
0.02499569
0.02499569
0.02499569
0.024995689
0.02499569
0.024995691
0.024995691
0.024995692
0.024995692
0.024995692
0.024995693
0.024995693
0.024995693
0.024995693
0.024995693
0.024995693
0.024995693
0.024995693
0.024995692
0.024995692
0.024995692
0.024995691
0.024995691
0.02499569
0.024995691
0.024995692
0.024995693
0.024995693
0.024995693
0.024995694
0.024995694
0.024995694
0.024995694
0.024995694
0.024995694
0.024995694
0.024995694
0.024995694
0.024995694
0.024995693
0.024995693
0.024995693
0.024995692
0.024995691
0.024995693
0.024995693
0.024995694
0.024995694
0.024995695
0.024995695
0.024995695
0.024995695
0.024995696
0.024995696
0.024995696
0.024995696
0.024995695
0.024995695
0.024995695
0.024995695
0.024995694
0.024995694
0.024995693
0.024995692
0.024995694
0.024995694
0.024995695
0.024995696
0.024995696
0.024995696
0.024995697
0.024995697
0.024995697
0.024995697
0.024995697
0.024995697
0.024995697
0.024995697
0.024995696
0.024995696
0.024995695
0.024995695
0.024995694
0.024995694
0.024995695
0.024995695
0.024995696
0.024995697
0.024995697
0.024995697
0.024995698
0.024995698
0.024995698
0.024995698
0.024995698
0.024995698
0.024995698
0.024995698
0.024995697
0.024995697
0.024995697
0.024995696
0.024995695
0.024995695
0.024995696
0.024995696
0.024995697
0.024995698
0.024995698
0.024995699
0.024995699
0.024995699
0.024995699
0.024995699
0.024995699
0.024995699
0.024995699
0.024995699
0.024995699
0.024995698
0.024995698
0.024995697
0.024995696
0.024995695
0.024995697
0.024995697
0.024995698
0.024995699
0.024995699
0.0249957
0.0249957
0.0249957
0.0249957
0.0249957
0.0249957
0.0249957
0.0249957
0.0249957
0.0249957
0.024995699
0.024995699
0.024995698
0.024995697
0.024995696
0.024995697
0.024995698
0.024995699
0.0249957
0.0249957
0.024995701
0.024995701
0.024995701
0.024995701
0.024995701
0.024995701
0.024995701
0.024995701
0.024995701
0.024995701
0.0249957
0.0249957
0.024995699
0.024995698
0.024995697
0.024995698
0.0249957
0.0249957
0.024995701
0.024995701
0.024995702
0.024995702
0.024995702
0.024995702
0.024995702
0.024995702
0.024995702
0.024995702
0.024995702
0.024995702
0.024995701
0.024995701
0.0249957
0.0249957
0.024995698
0.0249957
0.024995701
0.024995701
0.024995702
0.024995702
0.024995702
0.024995703
0.024995703
0.024995703
0.024995703
0.024995703
0.024995703
0.024995703
0.024995703
0.024995702
0.024995702
0.024995702
0.024995701
0.024995701
0.0249957
0.024995675
0.024995674
0.024995673
0.024995673
0.024995672
0.024995672
0.024995672
0.024995672
0.024995671
0.024995671
0.024995671
0.024995671
0.024995672
0.024995672
0.024995672
0.024995672
0.024995673
0.024995673
0.024995674
0.024995675
0.024995678
0.024995677
0.024995676
0.024995675
0.024995675
0.024995675
0.024995675
0.024995674
0.024995674
0.024995674
0.024995674
0.024995674
0.024995674
0.024995675
0.024995675
0.024995675
0.024995675
0.024995676
0.024995677
0.024995678
0.02499568
0.024995679
0.024995678
0.024995678
0.024995678
0.024995677
0.024995677
0.024995677
0.024995677
0.024995677
0.024995677
0.024995677
0.024995677
0.024995677
0.024995677
0.024995678
0.024995678
0.024995678
0.024995679
0.02499568
0.024995681
0.024995681
0.024995681
0.02499568
0.02499568
0.02499568
0.02499568
0.02499568
0.02499568
0.02499568
0.02499568
0.02499568
0.02499568
0.02499568
0.02499568
0.02499568
0.02499568
0.024995681
0.024995681
0.024995681
0.024995683
0.024995683
0.024995682
0.024995682
0.024995682
0.024995682
0.024995682
0.024995682
0.024995682
0.024995682
0.024995682
0.024995682
0.024995682
0.024995682
0.024995682
0.024995682
0.024995682
0.024995682
0.024995683
0.024995683
0.024995684
0.024995684
0.024995684
0.024995684
0.024995684
0.024995684
0.024995684
0.024995684
0.024995684
0.024995684
0.024995684
0.024995684
0.024995684
0.024995684
0.024995684
0.024995684
0.024995684
0.024995684
0.024995684
0.024995684
0.024995686
0.024995686
0.024995686
0.024995686
0.024995686
0.024995686
0.024995686
0.024995686
0.024995686
0.024995686
0.024995686
0.024995686
0.024995686
0.024995686
0.024995686
0.024995686
0.024995686
0.024995686
0.024995686
0.024995686
0.024995687
0.024995687
0.024995687
0.024995688
0.024995688
0.024995688
0.024995688
0.024995688
0.024995688
0.024995688
0.024995688
0.024995688
0.024995688
0.024995688
0.024995688
0.024995688
0.024995688
0.024995687
0.024995687
0.024995687
0.024995688
0.024995689
0.024995689
0.024995689
0.024995689
0.024995689
0.02499569
0.02499569
0.02499569
0.02499569
0.02499569
0.02499569
0.02499569
0.02499569
0.024995689
0.024995689
0.024995689
0.024995689
0.024995688
0.024995688
0.024995689
0.02499569
0.02499569
0.024995691
0.024995691
0.024995691
0.024995691
0.024995691
0.024995691
0.024995691
0.024995691
0.024995691
0.024995691
0.024995691
0.024995691
0.024995691
0.024995691
0.02499569
0.02499569
0.024995689
0.02499569
0.024995691
0.024995692
0.024995692
0.024995692
0.024995693
0.024995693
0.024995693
0.024995693
0.024995693
0.024995693
0.024995693
0.024995693
0.024995693
0.024995692
0.024995692
0.024995692
0.024995691
0.024995691
0.02499569
0.024995692
0.024995692
0.024995693
0.024995693
0.024995694
0.024995694
0.024995694
0.024995694
0.024995694
0.024995694
0.024995694
0.024995694
0.024995694
0.024995694
0.024995694
0.024995694
0.024995693
0.024995693
0.024995692
0.024995691
0.024995693
0.024995693
0.024995694
0.024995694
0.024995695
0.024995695
0.024995695
0.024995696
0.024995696
0.024995696
0.024995696
0.024995696
0.024995696
0.024995695
0.024995695
0.024995695
0.024995694
0.024995694
0.024995693
0.024995693
0.024995694
0.024995694
0.024995695
0.024995696
0.024995696
0.024995696
0.024995697
0.024995697
0.024995697
0.024995697
0.024995697
0.024995697
0.024995697
0.024995697
0.024995696
0.024995696
0.024995696
0.024995695
0.024995694
0.024995694
0.024995695
0.024995695
0.024995696
0.024995697
0.024995697
0.024995698
0.024995698
0.024995698
0.024995698
0.024995698
0.024995698
0.024995698
0.024995698
0.024995698
0.024995698
0.024995697
0.024995697
0.024995696
0.024995695
0.024995695
0.024995696
0.024995696
0.024995697
0.024995698
0.024995698
0.024995699
0.024995699
0.024995699
0.024995699
0.024995699
0.024995699
0.024995699
0.024995699
0.024995699
0.024995699
0.024995698
0.024995698
0.024995697
0.024995696
0.024995696
0.024995697
0.024995698
0.024995698
0.024995699
0.024995699
0.0249957
0.0249957
0.0249957
0.0249957
0.0249957
0.0249957
0.0249957
0.0249957
0.0249957
0.0249957
0.024995699
0.024995699
0.024995698
0.024995697
0.024995697
0.024995698
0.024995699
0.024995699
0.0249957
0.0249957
0.024995701
0.024995701
0.024995701
0.024995701
0.024995701
0.024995701
0.024995701
0.024995701
0.024995701
0.024995701
0.0249957
0.0249957
0.024995699
0.024995698
0.024995697
0.024995699
0.0249957
0.0249957
0.024995701
0.024995701
0.024995702
0.024995702
0.024995702
0.024995702
0.024995702
0.024995702
0.024995702
0.024995702
0.024995702
0.024995702
0.024995701
0.024995701
0.0249957
0.0249957
0.024995699
0.0249957
0.024995701
0.024995702
0.024995702
0.024995702
0.024995703
0.024995703
0.024995703
0.024995703
0.024995703
0.024995703
0.024995703
0.024995703
0.024995703
0.024995703
0.024995702
0.024995702
0.024995701
0.024995701
0.0249957
0.024995675
0.024995674
0.024995673
0.024995673
0.024995672
0.024995672
0.024995672
0.024995672
0.024995672
0.024995671
0.024995671
0.024995671
0.024995672
0.024995672
0.024995672
0.024995672
0.024995673
0.024995673
0.024995674
0.024995675
0.024995678
0.024995677
0.024995676
0.024995675
0.024995675
0.024995675
0.024995675
0.024995674
0.024995674
0.024995674
0.024995674
0.024995674
0.024995674
0.024995675
0.024995675
0.024995675
0.024995675
0.024995676
0.024995677
0.024995678
0.02499568
0.024995679
0.024995678
0.024995678
0.024995678
0.024995677
0.024995677
0.024995677
0.024995677
0.024995677
0.024995677
0.024995677
0.024995677
0.024995677
0.024995677
0.024995678
0.024995678
0.024995678
0.024995679
0.02499568
0.024995681
0.024995681
0.024995681
0.02499568
0.02499568
0.02499568
0.02499568
0.02499568
0.02499568
0.02499568
0.02499568
0.02499568
0.02499568
0.02499568
0.02499568
0.02499568
0.02499568
0.024995681
0.024995681
0.024995681
0.024995683
0.024995683
0.024995682
0.024995682
0.024995682
0.024995682
0.024995682
0.024995682
0.024995682
0.024995682
0.024995682
0.024995682
0.024995682
0.024995682
0.024995682
0.024995682
0.024995682
0.024995682
0.024995683
0.024995683
0.024995684
0.024995684
0.024995684
0.024995684
0.024995684
0.024995684
0.024995684
0.024995684
0.024995684
0.024995684
0.024995684
0.024995684
0.024995684
0.024995684
0.024995684
0.024995684
0.024995684
0.024995684
0.024995684
0.024995684
0.024995686
0.024995686
0.024995686
0.024995686
0.024995686
0.024995686
0.024995686
0.024995686
0.024995686
0.024995686
0.024995686
0.024995686
0.024995686
0.024995686
0.024995686
0.024995686
0.024995686
0.024995686
0.024995686
0.024995686
0.024995687
0.024995687
0.024995687
0.024995688
0.024995688
0.024995688
0.024995688
0.024995688
0.024995688
0.024995688
0.024995688
0.024995688
0.024995688
0.024995688
0.024995688
0.024995688
0.024995688
0.024995687
0.024995687
0.024995687
0.024995688
0.024995689
0.024995689
0.024995689
0.024995689
0.024995689
0.02499569
0.02499569
0.02499569
0.02499569
0.02499569
0.02499569
0.02499569
0.02499569
0.024995689
0.024995689
0.024995689
0.024995689
0.024995688
0.024995688
0.024995689
0.02499569
0.02499569
0.024995691
0.024995691
0.024995691
0.024995691
0.024995691
0.024995691
0.024995691
0.024995691
0.024995691
0.024995691
0.024995691
0.024995691
0.024995691
0.02499569
0.02499569
0.02499569
0.024995689
0.02499569
0.024995691
0.024995692
0.024995692
0.024995692
0.024995692
0.024995693
0.024995693
0.024995693
0.024995693
0.024995693
0.024995693
0.024995693
0.024995693
0.024995692
0.024995692
0.024995692
0.024995691
0.024995691
0.02499569
0.024995692
0.024995692
0.024995693
0.024995693
0.024995694
0.024995694
0.024995694
0.024995694
0.024995694
0.024995694
0.024995694
0.024995694
0.024995694
0.024995694
0.024995694
0.024995694
0.024995693
0.024995693
0.024995692
0.024995692
0.024995693
0.024995693
0.024995694
0.024995694
0.024995695
0.024995695
0.024995695
0.024995696
0.024995696
0.024995696
0.024995696
0.024995696
0.024995696
0.024995695
0.024995695
0.024995695
0.024995694
0.024995694
0.024995693
0.024995693
0.024995694
0.024995694
0.024995695
0.024995696
0.024995696
0.024995696
0.024995697
0.024995697
0.024995697
0.024995697
0.024995697
0.024995697
0.024995697
0.024995697
0.024995696
0.024995696
0.024995696
0.024995695
0.024995694
0.024995694
0.024995695
0.024995695
0.024995696
0.024995697
0.024995697
0.024995698
0.024995698
0.024995698
0.024995698
0.024995698
0.024995698
0.024995698
0.024995698
0.024995698
0.024995698
0.024995697
0.024995697
0.024995696
0.024995695
0.024995695
0.024995696
0.024995697
0.024995697
0.024995698
0.024995698
0.024995699
0.024995699
0.024995699
0.024995699
0.024995699
0.024995699
0.024995699
0.024995699
0.024995699
0.024995699
0.024995698
0.024995698
0.024995697
0.024995696
0.024995696
0.024995697
0.024995698
0.024995698
0.024995699
0.024995699
0.0249957
0.0249957
0.0249957
0.0249957
0.0249957
0.0249957
0.0249957
0.0249957
0.0249957
0.0249957
0.024995699
0.024995699
0.024995698
0.024995697
0.024995697
0.024995698
0.024995699
0.024995699
0.0249957
0.0249957
0.024995701
0.024995701
0.024995701
0.024995701
0.024995701
0.024995701
0.024995701
0.024995701
0.024995701
0.024995701
0.0249957
0.0249957
0.024995699
0.024995699
0.024995698
0.024995699
0.0249957
0.0249957
0.024995701
0.024995701
0.024995702
0.024995702
0.024995702
0.024995702
0.024995702
0.024995702
0.024995702
0.024995702
0.024995702
0.024995702
0.024995701
0.024995701
0.0249957
0.0249957
0.024995699
0.0249957
0.024995701
0.024995702
0.024995702
0.024995702
0.024995703
0.024995703
0.024995703
0.024995703
0.024995703
0.024995703
0.024995703
0.024995703
0.024995703
0.024995703
0.024995702
0.024995702
0.024995702
0.024995701
0.0249957
0.024995675
0.024995674
0.024995673
0.024995673
0.024995672
0.024995672
0.024995672
0.024995672
0.024995671
0.024995671
0.024995671
0.024995671
0.024995672
0.024995672
0.024995672
0.024995672
0.024995673
0.024995673
0.024995674
0.024995675
0.024995678
0.024995677
0.024995676
0.024995675
0.024995675
0.024995675
0.024995675
0.024995674
0.024995674
0.024995674
0.024995674
0.024995674
0.024995674
0.024995675
0.024995675
0.024995675
0.024995675
0.024995676
0.024995677
0.024995678
0.02499568
0.024995679
0.024995678
0.024995678
0.024995678
0.024995677
0.024995677
0.024995677
0.024995677
0.024995677
0.024995677
0.024995677
0.024995677
0.024995677
0.024995677
0.024995678
0.024995678
0.024995678
0.024995679
0.02499568
0.024995681
0.024995681
0.024995681
0.02499568
0.02499568
0.02499568
0.02499568
0.02499568
0.02499568
0.024995679
0.024995679
0.024995679
0.02499568
0.02499568
0.02499568
0.02499568
0.02499568
0.024995681
0.024995681
0.024995681
0.024995683
0.024995683
0.024995682
0.024995682
0.024995682
0.024995682
0.024995682
0.024995682
0.024995682
0.024995682
0.024995682
0.024995682
0.024995682
0.024995682
0.024995682
0.024995682
0.024995682
0.024995682
0.024995683
0.024995683
0.024995684
0.024995684
0.024995684
0.024995684
0.024995684
0.024995684
0.024995684
0.024995684
0.024995684
0.024995684
0.024995684
0.024995684
0.024995684
0.024995684
0.024995684
0.024995684
0.024995684
0.024995684
0.024995684
0.024995684
0.024995686
0.024995686
0.024995686
0.024995686
0.024995686
0.024995686
0.024995686
0.024995686
0.024995686
0.024995686
0.024995686
0.024995686
0.024995686
0.024995686
0.024995686
0.024995686
0.024995686
0.024995686
0.024995686
0.024995686
0.024995687
0.024995687
0.024995687
0.024995688
0.024995688
0.024995688
0.024995688
0.024995688
0.024995688
0.024995688
0.024995688
0.024995688
0.024995688
0.024995688
0.024995688
0.024995688
0.024995687
0.024995687
0.024995687
0.024995687
0.024995688
0.024995689
0.024995689
0.024995689
0.024995689
0.024995689
0.024995689
0.02499569
0.02499569
0.02499569
0.02499569
0.02499569
0.02499569
0.024995689
0.024995689
0.024995689
0.024995689
0.024995689
0.024995688
0.024995688
0.024995689
0.02499569
0.02499569
0.02499569
0.024995691
0.024995691
0.024995691
0.024995691
0.024995691
0.024995691
0.024995691
0.024995691
0.024995691
0.024995691
0.024995691
0.024995691
0.02499569
0.02499569
0.02499569
0.024995689
0.02499569
0.024995691
0.024995691
0.024995692
0.024995692
0.024995692
0.024995693
0.024995693
0.024995693
0.024995693
0.024995693
0.024995693
0.024995693
0.024995693
0.024995692
0.024995692
0.024995692
0.024995691
0.024995691
0.02499569
0.024995692
0.024995692
0.024995693
0.024995693
0.024995693
0.024995694
0.024995694
0.024995694
0.024995694
0.024995694
0.024995694
0.024995694
0.024995694
0.024995694
0.024995694
0.024995693
0.024995693
0.024995693
0.024995692
0.024995692
0.024995693
0.024995693
0.024995694
0.024995694
0.024995695
0.024995695
0.024995695
0.024995695
0.024995696
0.024995696
0.024995696
0.024995696
0.024995695
0.024995695
0.024995695
0.024995695
0.024995694
0.024995694
0.024995693
0.024995693
0.024995694
0.024995694
0.024995695
0.024995696
0.024995696
0.024995696
0.024995697
0.024995697
0.024995697
0.024995697
0.024995697
0.024995697
0.024995697
0.024995697
0.024995696
0.024995696
0.024995695
0.024995695
0.024995694
0.024995694
0.024995695
0.024995695
0.024995696
0.024995697
0.024995697
0.024995697
0.024995698
0.024995698
0.024995698
0.024995698
0.024995698
0.024995698
0.024995698
0.024995698
0.024995697
0.024995697
0.024995697
0.024995696
0.024995695
0.024995695
0.024995696
0.024995696
0.024995697
0.024995698
0.024995698
0.024995699
0.024995699
0.024995699
0.024995699
0.024995699
0.024995699
0.024995699
0.024995699
0.024995699
0.024995699
0.024995698
0.024995698
0.024995697
0.024995696
0.024995696
0.024995697
0.024995698
0.024995698
0.024995699
0.024995699
0.0249957
0.0249957
0.0249957
0.0249957
0.0249957
0.0249957
0.0249957
0.0249957
0.0249957
0.0249957
0.024995699
0.024995699
0.024995698
0.024995697
0.024995697
0.024995698
0.024995699
0.024995699
0.0249957
0.0249957
0.024995701
0.024995701
0.024995701
0.024995701
0.024995701
0.024995701
0.024995701
0.024995701
0.024995701
0.024995701
0.0249957
0.0249957
0.024995699
0.024995698
0.024995698
0.024995699
0.0249957
0.0249957
0.024995701
0.024995701
0.024995702
0.024995702
0.024995702
0.024995702
0.024995702
0.024995702
0.024995702
0.024995702
0.024995702
0.024995702
0.024995701
0.024995701
0.0249957
0.0249957
0.024995699
0.0249957
0.024995701
0.024995702
0.024995702
0.024995702
0.024995703
0.024995703
0.024995703
0.024995703
0.024995703
0.024995703
0.024995703
0.024995703
0.024995703
0.024995703
0.024995702
0.024995702
0.024995702
0.024995701
0.0249957
0.024995675
0.024995674
0.024995673
0.024995673
0.024995672
0.024995672
0.024995672
0.024995672
0.024995672
0.024995671
0.024995671
0.024995671
0.024995672
0.024995672
0.024995672
0.024995672
0.024995673
0.024995673
0.024995674
0.024995675
0.024995678
0.024995677
0.024995676
0.024995675
0.024995675
0.024995675
0.024995675
0.024995674
0.024995674
0.024995674
0.024995674
0.024995674
0.024995674
0.024995675
0.024995675
0.024995675
0.024995675
0.024995676
0.024995677
0.024995678
0.02499568
0.024995679
0.024995678
0.024995678
0.024995678
0.024995677
0.024995677
0.024995677
0.024995677
0.024995677
0.024995677
0.024995677
0.024995677
0.024995677
0.024995677
0.024995678
0.024995678
0.024995678
0.024995679
0.02499568
0.024995681
0.024995681
0.024995681
0.02499568
0.02499568
0.02499568
0.02499568
0.02499568
0.02499568
0.02499568
0.02499568
0.02499568
0.02499568
0.02499568
0.02499568
0.02499568
0.02499568
0.024995681
0.024995681
0.024995681
0.024995683
0.024995683
0.024995682
0.024995682
0.024995682
0.024995682
0.024995682
0.024995682
0.024995682
0.024995682
0.024995682
0.024995682
0.024995682
0.024995682
0.024995682
0.024995682
0.024995682
0.024995682
0.024995683
0.024995683
0.024995684
0.024995684
0.024995684
0.024995684
0.024995684
0.024995684
0.024995684
0.024995684
0.024995684
0.024995684
0.024995684
0.024995684
0.024995684
0.024995684
0.024995684
0.024995684
0.024995684
0.024995684
0.024995684
0.024995684
0.024995686
0.024995686
0.024995686
0.024995686
0.024995686
0.024995686
0.024995686
0.024995686
0.024995686
0.024995686
0.024995686
0.024995686
0.024995686
0.024995686
0.024995686
0.024995686
0.024995686
0.024995686
0.024995686
0.024995686
0.024995687
0.024995687
0.024995687
0.024995688
0.024995688
0.024995688
0.024995688
0.024995688
0.024995688
0.024995688
0.024995688
0.024995688
0.024995688
0.024995688
0.024995688
0.024995688
0.024995688
0.024995687
0.024995687
0.024995687
0.024995688
0.024995689
0.024995689
0.024995689
0.024995689
0.024995689
0.02499569
0.02499569
0.02499569
0.02499569
0.02499569
0.02499569
0.02499569
0.02499569
0.024995689
0.024995689
0.024995689
0.024995689
0.024995688
0.024995688
0.024995689
0.02499569
0.02499569
0.024995691
0.024995691
0.024995691
0.024995691
0.024995691
0.024995691
0.024995691
0.024995691
0.024995691
0.024995691
0.024995691
0.024995691
0.024995691
0.02499569
0.02499569
0.02499569
0.024995689
0.02499569
0.024995691
0.024995692
0.024995692
0.024995692
0.024995692
0.024995693
0.024995693
0.024995693
0.024995693
0.024995693
0.024995693
0.024995693
0.024995693
0.024995692
0.024995692
0.024995692
0.024995691
0.024995691
0.02499569
0.024995692
0.024995692
0.024995693
0.024995693
0.024995694
0.024995694
0.024995694
0.024995694
0.024995694
0.024995694
0.024995694
0.024995694
0.024995694
0.024995694
0.024995694
0.024995693
0.024995693
0.024995693
0.024995692
0.024995692
0.024995693
0.024995693
0.024995694
0.024995694
0.024995695
0.024995695
0.024995695
0.024995696
0.024995696
0.024995696
0.024995696
0.024995696
0.024995696
0.024995695
0.024995695
0.024995695
0.024995694
0.024995694
0.024995693
0.024995693
0.024995694
0.024995694
0.024995695
0.024995696
0.024995696
0.024995696
0.024995697
0.024995697
0.024995697
0.024995697
0.024995697
0.024995697
0.024995697
0.024995697
0.024995696
0.024995696
0.024995696
0.024995695
0.024995694
0.024995694
0.024995695
0.024995695
0.024995696
0.024995697
0.024995697
0.024995698
0.024995698
0.024995698
0.024995698
0.024995698
0.024995698
0.024995698
0.024995698
0.024995698
0.024995697
0.024995697
0.024995697
0.024995696
0.024995695
0.024995695
0.024995696
0.024995697
0.024995697
0.024995698
0.024995698
0.024995699
0.024995699
0.024995699
0.024995699
0.024995699
0.024995699
0.024995699
0.024995699
0.024995699
0.024995699
0.024995698
0.024995698
0.024995697
0.024995696
0.024995696
0.024995697
0.024995698
0.024995698
0.024995699
0.024995699
0.0249957
0.0249957
0.0249957
0.0249957
0.0249957
0.0249957
0.0249957
0.0249957
0.0249957
0.0249957
0.024995699
0.024995699
0.024995698
0.024995697
0.024995697
0.024995698
0.024995699
0.024995699
0.0249957
0.0249957
0.024995701
0.024995701
0.024995701
0.024995701
0.024995701
0.024995701
0.024995701
0.024995701
0.024995701
0.024995701
0.0249957
0.0249957
0.024995699
0.024995698
0.024995698
0.024995699
0.0249957
0.0249957
0.024995701
0.024995701
0.024995702
0.024995702
0.024995702
0.024995702
0.024995702
0.024995702
0.024995702
0.024995702
0.024995702
0.024995702
0.024995701
0.024995701
0.0249957
0.0249957
0.024995699
0.0249957
0.024995701
0.024995702
0.024995702
0.024995702
0.024995703
0.024995703
0.024995703
0.024995703
0.024995703
0.024995703
0.024995703
0.024995703
0.024995703
0.024995703
0.024995702
0.024995702
0.024995702
0.024995701
0.0249957
0.024995675
0.024995674
0.024995673
0.024995673
0.024995672
0.024995672
0.024995672
0.024995672
0.024995672
0.024995671
0.024995671
0.024995672
0.024995672
0.024995672
0.024995672
0.024995672
0.024995673
0.024995673
0.024995674
0.024995675
0.024995678
0.024995677
0.024995676
0.024995676
0.024995675
0.024995675
0.024995675
0.024995675
0.024995674
0.024995674
0.024995674
0.024995674
0.024995674
0.024995675
0.024995675
0.024995675
0.024995675
0.024995676
0.024995677
0.024995678
0.02499568
0.024995679
0.024995678
0.024995678
0.024995678
0.024995677
0.024995677
0.024995677
0.024995677
0.024995677
0.024995677
0.024995677
0.024995677
0.024995677
0.024995677
0.024995678
0.024995678
0.024995678
0.024995679
0.02499568
0.024995681
0.024995681
0.024995681
0.02499568
0.02499568
0.02499568
0.02499568
0.02499568
0.02499568
0.02499568
0.02499568
0.02499568
0.02499568
0.02499568
0.02499568
0.02499568
0.02499568
0.024995681
0.024995681
0.024995681
0.024995683
0.024995683
0.024995683
0.024995682
0.024995682
0.024995682
0.024995682
0.024995682
0.024995682
0.024995682
0.024995682
0.024995682
0.024995682
0.024995682
0.024995682
0.024995682
0.024995682
0.024995682
0.024995683
0.024995683
0.024995684
0.024995684
0.024995684
0.024995684
0.024995684
0.024995684
0.024995684
0.024995684
0.024995684
0.024995684
0.024995684
0.024995684
0.024995684
0.024995684
0.024995684
0.024995684
0.024995684
0.024995684
0.024995684
0.024995684
0.024995686
0.024995686
0.024995686
0.024995686
0.024995686
0.024995686
0.024995686
0.024995686
0.024995686
0.024995686
0.024995686
0.024995686
0.024995686
0.024995686
0.024995686
0.024995686
0.024995686
0.024995686
0.024995686
0.024995686
0.024995687
0.024995687
0.024995687
0.024995688
0.024995688
0.024995688
0.024995688
0.024995688
0.024995688
0.024995688
0.024995688
0.024995688
0.024995688
0.024995688
0.024995688
0.024995688
0.024995688
0.024995687
0.024995687
0.024995687
0.024995688
0.024995689
0.024995689
0.024995689
0.024995689
0.02499569
0.02499569
0.02499569
0.02499569
0.02499569
0.02499569
0.02499569
0.02499569
0.02499569
0.024995689
0.024995689
0.024995689
0.024995689
0.024995688
0.024995688
0.024995689
0.02499569
0.02499569
0.024995691
0.024995691
0.024995691
0.024995691
0.024995691
0.024995691
0.024995691
0.024995691
0.024995691
0.024995691
0.024995691
0.024995691
0.024995691
0.024995691
0.02499569
0.02499569
0.024995689
0.02499569
0.024995691
0.024995692
0.024995692
0.024995692
0.024995693
0.024995693
0.024995693
0.024995693
0.024995693
0.024995693
0.024995693
0.024995693
0.024995693
0.024995693
0.024995692
0.024995692
0.024995691
0.024995691
0.02499569
0.024995692
0.024995692
0.024995693
0.024995693
0.024995694
0.024995694
0.024995694
0.024995694
0.024995694
0.024995694
0.024995694
0.024995694
0.024995694
0.024995694
0.024995694
0.024995694
0.024995693
0.024995693
0.024995692
0.024995692
0.024995693
0.024995693
0.024995694
0.024995694
0.024995695
0.024995695
0.024995695
0.024995696
0.024995696
0.024995696
0.024995696
0.024995696
0.024995696
0.024995695
0.024995695
0.024995695
0.024995694
0.024995694
0.024995693
0.024995693
0.024995694
0.024995694
0.024995695
0.024995696
0.024995696
0.024995696
0.024995697
0.024995697
0.024995697
0.024995697
0.024995697
0.024995697
0.024995697
0.024995697
0.024995696
0.024995696
0.024995696
0.024995695
0.024995694
0.024995694
0.024995695
0.024995696
0.024995696
0.024995697
0.024995697
0.024995698
0.024995698
0.024995698
0.024995698
0.024995698
0.024995698
0.024995698
0.024995698
0.024995698
0.024995698
0.024995697
0.024995697
0.024995696
0.024995695
0.024995695
0.024995696
0.024995697
0.024995697
0.024995698
0.024995698
0.024995699
0.024995699
0.024995699
0.024995699
0.024995699
0.024995699
0.024995699
0.024995699
0.024995699
0.024995699
0.024995698
0.024995698
0.024995697
0.024995696
0.024995696
0.024995697
0.024995698
0.024995698
0.024995699
0.024995699
0.0249957
0.0249957
0.0249957
0.0249957
0.0249957
0.0249957
0.0249957
0.0249957
0.0249957
0.0249957
0.024995699
0.024995699
0.024995698
0.024995697
0.024995697
0.024995698
0.024995699
0.024995699
0.0249957
0.0249957
0.024995701
0.024995701
0.024995701
0.024995701
0.024995701
0.024995701
0.024995701
0.024995701
0.024995701
0.024995701
0.0249957
0.0249957
0.024995699
0.024995699
0.024995698
0.024995699
0.0249957
0.0249957
0.024995701
0.024995701
0.024995702
0.024995702
0.024995702
0.024995702
0.024995702
0.024995702
0.024995702
0.024995702
0.024995702
0.024995702
0.024995701
0.024995701
0.0249957
0.0249957
0.024995699
0.0249957
0.024995701
0.024995702
0.024995702
0.024995702
0.024995703
0.024995703
0.024995703
0.024995703
0.024995703
0.024995703
0.024995703
0.024995703
0.024995703
0.024995703
0.024995702
0.024995702
0.024995702
0.024995701
0.0249957
0.024995675
0.024995674
0.024995673
0.024995673
0.024995672
0.024995672
0.024995672
0.024995672
0.024995672
0.024995671
0.024995671
0.024995672
0.024995672
0.024995672
0.024995672
0.024995672
0.024995673
0.024995673
0.024995674
0.024995675
0.024995678
0.024995677
0.024995676
0.024995675
0.024995675
0.024995675
0.024995675
0.024995674
0.024995674
0.024995674
0.024995674
0.024995674
0.024995674
0.024995675
0.024995675
0.024995675
0.024995675
0.024995676
0.024995677
0.024995678
0.02499568
0.024995679
0.024995678
0.024995678
0.024995678
0.024995677
0.024995677
0.024995677
0.024995677
0.024995677
0.024995677
0.024995677
0.024995677
0.024995677
0.024995677
0.024995678
0.024995678
0.024995678
0.024995679
0.02499568
0.024995681
0.024995681
0.024995681
0.02499568
0.02499568
0.02499568
0.02499568
0.02499568
0.02499568
0.02499568
0.02499568
0.02499568
0.02499568
0.02499568
0.02499568
0.02499568
0.02499568
0.024995681
0.024995681
0.024995681
0.024995683
0.024995683
0.024995683
0.024995682
0.024995682
0.024995682
0.024995682
0.024995682
0.024995682
0.024995682
0.024995682
0.024995682
0.024995682
0.024995682
0.024995682
0.024995682
0.024995682
0.024995682
0.024995683
0.024995683
0.024995684
0.024995684
0.024995684
0.024995684
0.024995684
0.024995684
0.024995684
0.024995684
0.024995684
0.024995684
0.024995684
0.024995684
0.024995684
0.024995684
0.024995684
0.024995684
0.024995684
0.024995684
0.024995684
0.024995684
0.024995686
0.024995686
0.024995686
0.024995686
0.024995686
0.024995686
0.024995686
0.024995686
0.024995686
0.024995686
0.024995686
0.024995686
0.024995686
0.024995686
0.024995686
0.024995686
0.024995686
0.024995686
0.024995686
0.024995686
0.024995687
0.024995687
0.024995687
0.024995688
0.024995688
0.024995688
0.024995688
0.024995688
0.024995688
0.024995688
0.024995688
0.024995688
0.024995688
0.024995688
0.024995688
0.024995688
0.024995688
0.024995687
0.024995687
0.024995687
0.024995688
0.024995689
0.024995689
0.024995689
0.024995689
0.02499569
0.02499569
0.02499569
0.02499569
0.02499569
0.02499569
0.02499569
0.02499569
0.02499569
0.024995689
0.024995689
0.024995689
0.024995689
0.024995688
0.024995688
0.024995689
0.02499569
0.02499569
0.024995691
0.024995691
0.024995691
0.024995691
0.024995691
0.024995691
0.024995691
0.024995691
0.024995691
0.024995691
0.024995691
0.024995691
0.024995691
0.024995691
0.02499569
0.02499569
0.024995689
0.02499569
0.024995691
0.024995692
0.024995692
0.024995692
0.024995693
0.024995693
0.024995693
0.024995693
0.024995693
0.024995693
0.024995693
0.024995693
0.024995693
0.024995692
0.024995692
0.024995692
0.024995691
0.024995691
0.02499569
0.024995692
0.024995692
0.024995693
0.024995693
0.024995694
0.024995694
0.024995694
0.024995694
0.024995694
0.024995694
0.024995694
0.024995694
0.024995694
0.024995694
0.024995694
0.024995694
0.024995693
0.024995693
0.024995692
0.024995692
0.024995693
0.024995693
0.024995694
0.024995694
0.024995695
0.024995695
0.024995695
0.024995696
0.024995696
0.024995696
0.024995696
0.024995696
0.024995696
0.024995695
0.024995695
0.024995695
0.024995694
0.024995694
0.024995693
0.024995693
0.024995694
0.024995694
0.024995695
0.024995696
0.024995696
0.024995696
0.024995697
0.024995697
0.024995697
0.024995697
0.024995697
0.024995697
0.024995697
0.024995697
0.024995696
0.024995696
0.024995696
0.024995695
0.024995694
0.024995694
0.024995695
0.024995696
0.024995696
0.024995697
0.024995697
0.024995698
0.024995698
0.024995698
0.024995698
0.024995698
0.024995698
0.024995698
0.024995698
0.024995698
0.024995698
0.024995697
0.024995697
0.024995696
0.024995695
0.024995695
0.024995696
0.024995697
0.024995697
0.024995698
0.024995698
0.024995699
0.024995699
0.024995699
0.024995699
0.024995699
0.024995699
0.024995699
0.024995699
0.024995699
0.024995699
0.024995698
0.024995698
0.024995697
0.024995696
0.024995696
0.024995697
0.024995698
0.024995698
0.024995699
0.024995699
0.0249957
0.0249957
0.0249957
0.0249957
0.0249957
0.0249957
0.0249957
0.0249957
0.0249957
0.0249957
0.024995699
0.024995699
0.024995698
0.024995697
0.024995697
0.024995698
0.024995699
0.024995699
0.0249957
0.0249957
0.024995701
0.024995701
0.024995701
0.024995701
0.024995701
0.024995701
0.024995701
0.024995701
0.024995701
0.024995701
0.0249957
0.0249957
0.024995699
0.024995699
0.024995698
0.024995699
0.0249957
0.0249957
0.024995701
0.024995701
0.024995702
0.024995702
0.024995702
0.024995702
0.024995702
0.024995702
0.024995702
0.024995702
0.024995702
0.024995702
0.024995701
0.024995701
0.0249957
0.0249957
0.024995699
0.0249957
0.024995701
0.024995702
0.024995702
0.024995702
0.024995703
0.024995703
0.024995703
0.024995703
0.024995703
0.024995703
0.024995703
0.024995703
0.024995703
0.024995703
0.024995702
0.024995702
0.024995702
0.024995701
0.0249957
0.024995675
0.024995674
0.024995673
0.024995673
0.024995672
0.024995672
0.024995672
0.024995672
0.024995672
0.024995671
0.024995671
0.024995671
0.024995672
0.024995672
0.024995672
0.024995672
0.024995673
0.024995673
0.024995674
0.024995675
0.024995678
0.024995677
0.024995676
0.024995675
0.024995675
0.024995675
0.024995675
0.024995674
0.024995674
0.024995674
0.024995674
0.024995674
0.024995674
0.024995675
0.024995675
0.024995675
0.024995675
0.024995676
0.024995677
0.024995678
0.02499568
0.024995679
0.024995678
0.024995678
0.024995678
0.024995677
0.024995677
0.024995677
0.024995677
0.024995677
0.024995677
0.024995677
0.024995677
0.024995677
0.024995677
0.024995678
0.024995678
0.024995678
0.024995679
0.02499568
0.024995681
0.024995681
0.024995681
0.02499568
0.02499568
0.02499568
0.02499568
0.02499568
0.02499568
0.02499568
0.02499568
0.02499568
0.02499568
0.02499568
0.02499568
0.02499568
0.02499568
0.024995681
0.024995681
0.024995681
0.024995683
0.024995683
0.024995683
0.024995682
0.024995682
0.024995682
0.024995682
0.024995682
0.024995682
0.024995682
0.024995682
0.024995682
0.024995682
0.024995682
0.024995682
0.024995682
0.024995682
0.024995682
0.024995683
0.024995683
0.024995684
0.024995684
0.024995684
0.024995684
0.024995684
0.024995684
0.024995684
0.024995684
0.024995684
0.024995684
0.024995684
0.024995684
0.024995684
0.024995684
0.024995684
0.024995684
0.024995684
0.024995684
0.024995684
0.024995684
0.024995686
0.024995686
0.024995686
0.024995686
0.024995686
0.024995686
0.024995686
0.024995686
0.024995686
0.024995686
0.024995686
0.024995686
0.024995686
0.024995686
0.024995686
0.024995686
0.024995686
0.024995686
0.024995686
0.024995686
0.024995687
0.024995687
0.024995687
0.024995688
0.024995688
0.024995688
0.024995688
0.024995688
0.024995688
0.024995688
0.024995688
0.024995688
0.024995688
0.024995688
0.024995688
0.024995688
0.024995688
0.024995687
0.024995687
0.024995687
0.024995688
0.024995689
0.024995689
0.024995689
0.024995689
0.02499569
0.02499569
0.02499569
0.02499569
0.02499569
0.02499569
0.02499569
0.02499569
0.02499569
0.024995689
0.024995689
0.024995689
0.024995689
0.024995688
0.024995688
0.024995689
0.02499569
0.02499569
0.024995691
0.024995691
0.024995691
0.024995691
0.024995691
0.024995691
0.024995691
0.024995691
0.024995691
0.024995691
0.024995691
0.024995691
0.024995691
0.024995691
0.02499569
0.02499569
0.024995689
0.02499569
0.024995691
0.024995692
0.024995692
0.024995692
0.024995693
0.024995693
0.024995693
0.024995693
0.024995693
0.024995693
0.024995693
0.024995693
0.024995693
0.024995692
0.024995692
0.024995692
0.024995691
0.024995691
0.02499569
0.024995692
0.024995692
0.024995693
0.024995693
0.024995694
0.024995694
0.024995694
0.024995694
0.024995694
0.024995694
0.024995694
0.024995694
0.024995694
0.024995694
0.024995694
0.024995694
0.024995693
0.024995693
0.024995692
0.024995692
0.024995693
0.024995693
0.024995694
0.024995694
0.024995695
0.024995695
0.024995695
0.024995696
0.024995696
0.024995696
0.024995696
0.024995696
0.024995696
0.024995695
0.024995695
0.024995695
0.024995694
0.024995694
0.024995693
0.024995693
0.024995694
0.024995694
0.024995695
0.024995696
0.024995696
0.024995696
0.024995697
0.024995697
0.024995697
0.024995697
0.024995697
0.024995697
0.024995697
0.024995697
0.024995696
0.024995696
0.024995696
0.024995695
0.024995694
0.024995694
0.024995695
0.024995696
0.024995696
0.024995697
0.024995697
0.024995698
0.024995698
0.024995698
0.024995698
0.024995698
0.024995698
0.024995698
0.024995698
0.024995698
0.024995698
0.024995697
0.024995697
0.024995696
0.024995695
0.024995695
0.024995696
0.024995697
0.024995697
0.024995698
0.024995698
0.024995699
0.024995699
0.024995699
0.024995699
0.024995699
0.024995699
0.024995699
0.024995699
0.024995699
0.024995699
0.024995698
0.024995698
0.024995697
0.024995696
0.024995696
0.024995697
0.024995698
0.024995698
0.024995699
0.024995699
0.0249957
0.0249957
0.0249957
0.0249957
0.0249957
0.0249957
0.0249957
0.0249957
0.0249957
0.0249957
0.024995699
0.024995699
0.024995698
0.024995697
0.024995697
0.024995698
0.024995699
0.024995699
0.0249957
0.0249957
0.024995701
0.024995701
0.024995701
0.024995701
0.024995701
0.024995701
0.024995701
0.024995701
0.024995701
0.024995701
0.0249957
0.0249957
0.024995699
0.024995699
0.024995698
0.024995699
0.0249957
0.0249957
0.024995701
0.024995701
0.024995702
0.024995702
0.024995702
0.024995702
0.024995702
0.024995702
0.024995702
0.024995702
0.024995702
0.024995702
0.024995701
0.024995701
0.0249957
0.0249957
0.024995699
0.0249957
0.024995701
0.024995702
0.024995702
0.024995702
0.024995703
0.024995703
0.024995703
0.024995703
0.024995703
0.024995703
0.024995703
0.024995703
0.024995703
0.024995703
0.024995702
0.024995702
0.024995702
0.024995701
0.0249957
0.024995675
0.024995674
0.024995673
0.024995673
0.024995672
0.024995672
0.024995672
0.024995672
0.024995672
0.024995671
0.024995671
0.024995672
0.024995672
0.024995672
0.024995672
0.024995672
0.024995673
0.024995673
0.024995674
0.024995675
0.024995678
0.024995677
0.024995676
0.024995676
0.024995675
0.024995675
0.024995675
0.024995675
0.024995674
0.024995674
0.024995674
0.024995674
0.024995675
0.024995675
0.024995675
0.024995675
0.024995675
0.024995676
0.024995677
0.024995678
0.02499568
0.024995679
0.024995678
0.024995678
0.024995678
0.024995678
0.024995677
0.024995677
0.024995677
0.024995677
0.024995677
0.024995677
0.024995677
0.024995677
0.024995677
0.024995678
0.024995678
0.024995678
0.024995679
0.02499568
0.024995681
0.024995681
0.024995681
0.02499568
0.02499568
0.02499568
0.02499568
0.02499568
0.02499568
0.02499568
0.02499568
0.02499568
0.02499568
0.02499568
0.02499568
0.02499568
0.02499568
0.024995681
0.024995681
0.024995681
0.024995683
0.024995683
0.024995683
0.024995682
0.024995682
0.024995682
0.024995682
0.024995682
0.024995682
0.024995682
0.024995682
0.024995682
0.024995682
0.024995682
0.024995682
0.024995682
0.024995682
0.024995683
0.024995683
0.024995683
0.024995684
0.024995684
0.024995684
0.024995684
0.024995684
0.024995684
0.024995684
0.024995684
0.024995684
0.024995684
0.024995684
0.024995684
0.024995684
0.024995684
0.024995684
0.024995684
0.024995684
0.024995684
0.024995684
0.024995684
0.024995686
0.024995686
0.024995686
0.024995686
0.024995686
0.024995686
0.024995686
0.024995686
0.024995686
0.024995686
0.024995686
0.024995686
0.024995686
0.024995686
0.024995686
0.024995686
0.024995686
0.024995686
0.024995686
0.024995686
0.024995687
0.024995687
0.024995688
0.024995688
0.024995688
0.024995688
0.024995688
0.024995688
0.024995688
0.024995688
0.024995688
0.024995688
0.024995688
0.024995688
0.024995688
0.024995688
0.024995688
0.024995687
0.024995687
0.024995687
0.024995688
0.024995689
0.024995689
0.024995689
0.024995689
0.02499569
0.02499569
0.02499569
0.02499569
0.02499569
0.02499569
0.02499569
0.02499569
0.02499569
0.02499569
0.024995689
0.024995689
0.024995689
0.024995689
0.024995688
0.024995689
0.02499569
0.02499569
0.024995691
0.024995691
0.024995691
0.024995691
0.024995691
0.024995692
0.024995692
0.024995692
0.024995692
0.024995691
0.024995691
0.024995691
0.024995691
0.024995691
0.02499569
0.02499569
0.024995689
0.024995691
0.024995691
0.024995692
0.024995692
0.024995692
0.024995693
0.024995693
0.024995693
0.024995693
0.024995693
0.024995693
0.024995693
0.024995693
0.024995693
0.024995693
0.024995692
0.024995692
0.024995692
0.024995691
0.02499569
0.024995692
0.024995692
0.024995693
0.024995693
0.024995694
0.024995694
0.024995694
0.024995694
0.024995695
0.024995695
0.024995695
0.024995694
0.024995694
0.024995694
0.024995694
0.024995694
0.024995693
0.024995693
0.024995692
0.024995692
0.024995693
0.024995693
0.024995694
0.024995695
0.024995695
0.024995695
0.024995696
0.024995696
0.024995696
0.024995696
0.024995696
0.024995696
0.024995696
0.024995696
0.024995695
0.024995695
0.024995694
0.024995694
0.024995693
0.024995693
0.024995694
0.024995694
0.024995695
0.024995696
0.024995696
0.024995697
0.024995697
0.024995697
0.024995697
0.024995697
0.024995697
0.024995697
0.024995697
0.024995697
0.024995696
0.024995696
0.024995696
0.024995695
0.024995694
0.024995694
0.024995695
0.024995696
0.024995696
0.024995697
0.024995697
0.024995698
0.024995698
0.024995698
0.024995698
0.024995698
0.024995698
0.024995698
0.024995698
0.024995698
0.024995698
0.024995697
0.024995697
0.024995696
0.024995695
0.024995695
0.024995696
0.024995697
0.024995697
0.024995698
0.024995698
0.024995699
0.024995699
0.024995699
0.024995699
0.024995699
0.024995699
0.024995699
0.024995699
0.024995699
0.024995699
0.024995698
0.024995698
0.024995697
0.024995696
0.024995696
0.024995697
0.024995698
0.024995698
0.024995699
0.024995699
0.0249957
0.0249957
0.0249957
0.0249957
0.0249957
0.0249957
0.0249957
0.0249957
0.0249957
0.0249957
0.024995699
0.024995699
0.024995698
0.024995698
0.024995697
0.024995698
0.024995699
0.024995699
0.0249957
0.0249957
0.024995701
0.024995701
0.024995701
0.024995701
0.024995701
0.024995701
0.024995701
0.024995701
0.024995701
0.024995701
0.0249957
0.0249957
0.024995699
0.024995699
0.024995698
0.024995699
0.0249957
0.0249957
0.024995701
0.024995701
0.024995702
0.024995702
0.024995702
0.024995702
0.024995702
0.024995702
0.024995702
0.024995702
0.024995702
0.024995702
0.024995701
0.024995701
0.0249957
0.0249957
0.024995699
0.0249957
0.024995701
0.024995702
0.024995702
0.024995702
0.024995703
0.024995703
0.024995703
0.024995703
0.024995703
0.024995703
0.024995703
0.024995703
0.024995703
0.024995703
0.024995702
0.024995702
0.024995702
0.024995701
0.0249957
0.024995675
0.024995674
0.024995673
0.024995673
0.024995672
0.024995672
0.024995672
0.024995672
0.024995672
0.024995671
0.024995671
0.024995672
0.024995672
0.024995672
0.024995672
0.024995672
0.024995673
0.024995673
0.024995674
0.024995675
0.024995678
0.024995677
0.024995676
0.024995676
0.024995675
0.024995675
0.024995675
0.024995675
0.024995674
0.024995674
0.024995674
0.024995674
0.024995675
0.024995675
0.024995675
0.024995675
0.024995675
0.024995676
0.024995677
0.024995678
0.02499568
0.024995679
0.024995679
0.024995678
0.024995678
0.024995678
0.024995677
0.024995677
0.024995677
0.024995677
0.024995677
0.024995677
0.024995677
0.024995677
0.024995678
0.024995678
0.024995678
0.024995678
0.024995679
0.02499568
0.024995681
0.024995681
0.024995681
0.02499568
0.02499568
0.02499568
0.02499568
0.02499568
0.02499568
0.02499568
0.02499568
0.02499568
0.02499568
0.02499568
0.02499568
0.02499568
0.02499568
0.024995681
0.024995681
0.024995681
0.024995683
0.024995683
0.024995683
0.024995682
0.024995682
0.024995682
0.024995682
0.024995682
0.024995682
0.024995682
0.024995682
0.024995682
0.024995682
0.024995682
0.024995682
0.024995682
0.024995682
0.024995683
0.024995683
0.024995683
0.024995684
0.024995684
0.024995684
0.024995684
0.024995684
0.024995684
0.024995684
0.024995684
0.024995684
0.024995684
0.024995684
0.024995684
0.024995684
0.024995684
0.024995684
0.024995684
0.024995684
0.024995684
0.024995684
0.024995684
0.024995686
0.024995686
0.024995686
0.024995686
0.024995686
0.024995686
0.024995686
0.024995686
0.024995686
0.024995686
0.024995686
0.024995686
0.024995686
0.024995686
0.024995686
0.024995686
0.024995686
0.024995686
0.024995686
0.024995686
0.024995687
0.024995687
0.024995688
0.024995688
0.024995688
0.024995688
0.024995688
0.024995688
0.024995688
0.024995688
0.024995688
0.024995688
0.024995688
0.024995688
0.024995688
0.024995688
0.024995688
0.024995687
0.024995687
0.024995687
0.024995688
0.024995689
0.024995689
0.024995689
0.024995689
0.02499569
0.02499569
0.02499569
0.02499569
0.02499569
0.02499569
0.02499569
0.02499569
0.02499569
0.02499569
0.024995689
0.024995689
0.024995689
0.024995689
0.024995688
0.024995689
0.02499569
0.02499569
0.024995691
0.024995691
0.024995691
0.024995691
0.024995692
0.024995692
0.024995692
0.024995692
0.024995692
0.024995691
0.024995691
0.024995691
0.024995691
0.024995691
0.02499569
0.02499569
0.024995689
0.024995691
0.024995691
0.024995692
0.024995692
0.024995692
0.024995693
0.024995693
0.024995693
0.024995693
0.024995693
0.024995693
0.024995693
0.024995693
0.024995693
0.024995693
0.024995692
0.024995692
0.024995692
0.024995691
0.02499569
0.024995692
0.024995692
0.024995693
0.024995693
0.024995694
0.024995694
0.024995694
0.024995694
0.024995695
0.024995695
0.024995695
0.024995695
0.024995694
0.024995694
0.024995694
0.024995694
0.024995693
0.024995693
0.024995692
0.024995692
0.024995693
0.024995693
0.024995694
0.024995695
0.024995695
0.024995695
0.024995696
0.024995696
0.024995696
0.024995696
0.024995696
0.024995696
0.024995696
0.024995696
0.024995695
0.024995695
0.024995695
0.024995694
0.024995693
0.024995693
0.024995694
0.024995695
0.024995695
0.024995696
0.024995696
0.024995697
0.024995697
0.024995697
0.024995697
0.024995697
0.024995697
0.024995697
0.024995697
0.024995697
0.024995697
0.024995696
0.024995696
0.024995695
0.024995694
0.024995694
0.024995695
0.024995696
0.024995696
0.024995697
0.024995697
0.024995698
0.024995698
0.024995698
0.024995698
0.024995698
0.024995698
0.024995698
0.024995698
0.024995698
0.024995698
0.024995697
0.024995697
0.024995696
0.024995695
0.024995695
0.024995696
0.024995697
0.024995697
0.024995698
0.024995698
0.024995699
0.024995699
0.024995699
0.024995699
0.0249957
0.0249957
0.024995699
0.024995699
0.024995699
0.024995699
0.024995698
0.024995698
0.024995697
0.024995697
0.024995696
0.024995697
0.024995698
0.024995698
0.024995699
0.024995699
0.0249957
0.0249957
0.0249957
0.0249957
0.024995701
0.024995701
0.0249957
0.0249957
0.0249957
0.0249957
0.024995699
0.024995699
0.024995698
0.024995698
0.024995697
0.024995698
0.024995699
0.024995699
0.0249957
0.0249957
0.024995701
0.024995701
0.024995701
0.024995701
0.024995701
0.024995701
0.024995701
0.024995701
0.024995701
0.024995701
0.0249957
0.0249957
0.024995699
0.024995699
0.024995698
0.024995699
0.0249957
0.0249957
0.024995701
0.024995701
0.024995702
0.024995702
0.024995702
0.024995702
0.024995702
0.024995702
0.024995702
0.024995702
0.024995702
0.024995702
0.024995701
0.024995701
0.0249957
0.0249957
0.024995699
0.0249957
0.024995701
0.024995702
0.024995702
0.024995702
0.024995703
0.024995703
0.024995703
0.024995703
0.024995703
0.024995703
0.024995703
0.024995703
0.024995703
0.024995703
0.024995702
0.024995702
0.024995702
0.024995701
0.0249957
0.024995675
0.024995674
0.024995673
0.024995673
0.024995672
0.024995672
0.024995672
0.024995672
0.024995672
0.024995671
0.024995671
0.024995672
0.024995672
0.024995672
0.024995672
0.024995672
0.024995673
0.024995673
0.024995674
0.024995675
0.024995678
0.024995677
0.024995676
0.024995676
0.024995675
0.024995675
0.024995675
0.024995675
0.024995674
0.024995674
0.024995674
0.024995674
0.024995675
0.024995675
0.024995675
0.024995675
0.024995675
0.024995676
0.024995677
0.024995678
0.02499568
0.024995679
0.024995678
0.024995678
0.024995678
0.024995678
0.024995677
0.024995677
0.024995677
0.024995677
0.024995677
0.024995677
0.024995677
0.024995677
0.024995677
0.024995678
0.024995678
0.024995678
0.024995679
0.02499568
0.024995681
0.024995681
0.024995681
0.02499568
0.02499568
0.02499568
0.02499568
0.02499568
0.02499568
0.02499568
0.02499568
0.02499568
0.02499568
0.02499568
0.02499568
0.02499568
0.02499568
0.024995681
0.024995681
0.024995681
0.024995683
0.024995683
0.024995683
0.024995682
0.024995682
0.024995682
0.024995682
0.024995682
0.024995682
0.024995682
0.024995682
0.024995682
0.024995682
0.024995682
0.024995682
0.024995682
0.024995682
0.024995683
0.024995683
0.024995683
0.024995684
0.024995684
0.024995684
0.024995684
0.024995684
0.024995684
0.024995684
0.024995684
0.024995684
0.024995684
0.024995684
0.024995684
0.024995684
0.024995684
0.024995684
0.024995684
0.024995684
0.024995684
0.024995684
0.024995684
0.024995686
0.024995686
0.024995686
0.024995686
0.024995686
0.024995686
0.024995686
0.024995686
0.024995686
0.024995686
0.024995686
0.024995686
0.024995686
0.024995686
0.024995686
0.024995686
0.024995686
0.024995686
0.024995686
0.024995686
0.024995687
0.024995687
0.024995688
0.024995688
0.024995688
0.024995688
0.024995688
0.024995688
0.024995688
0.024995688
0.024995688
0.024995688
0.024995688
0.024995688
0.024995688
0.024995688
0.024995688
0.024995687
0.024995687
0.024995687
0.024995688
0.024995689
0.024995689
0.024995689
0.024995689
0.02499569
0.02499569
0.02499569
0.02499569
0.02499569
0.02499569
0.02499569
0.02499569
0.02499569
0.02499569
0.024995689
0.024995689
0.024995689
0.024995689
0.024995688
0.024995689
0.02499569
0.02499569
0.024995691
0.024995691
0.024995691
0.024995691
0.024995691
0.024995692
0.024995692
0.024995692
0.024995692
0.024995691
0.024995691
0.024995691
0.024995691
0.024995691
0.02499569
0.02499569
0.024995689
0.02499569
0.024995691
0.024995692
0.024995692
0.024995692
0.024995693
0.024995693
0.024995693
0.024995693
0.024995693
0.024995693
0.024995693
0.024995693
0.024995693
0.024995693
0.024995692
0.024995692
0.024995692
0.024995691
0.02499569
0.024995692
0.024995692
0.024995693
0.024995693
0.024995694
0.024995694
0.024995694
0.024995694
0.024995695
0.024995695
0.024995695
0.024995695
0.024995694
0.024995694
0.024995694
0.024995694
0.024995693
0.024995693
0.024995692
0.024995692
0.024995693
0.024995693
0.024995694
0.024995695
0.024995695
0.024995695
0.024995696
0.024995696
0.024995696
0.024995696
0.024995696
0.024995696
0.024995696
0.024995696
0.024995695
0.024995695
0.024995694
0.024995694
0.024995693
0.024995693
0.024995694
0.024995694
0.024995695
0.024995696
0.024995696
0.024995697
0.024995697
0.024995697
0.024995697
0.024995697
0.024995697
0.024995697
0.024995697
0.024995697
0.024995696
0.024995696
0.024995696
0.024995695
0.024995694
0.024995694
0.024995695
0.024995696
0.024995696
0.024995697
0.024995697
0.024995698
0.024995698
0.024995698
0.024995698
0.024995698
0.024995698
0.024995698
0.024995698
0.024995698
0.024995698
0.024995697
0.024995697
0.024995696
0.024995695
0.024995695
0.024995696
0.024995697
0.024995697
0.024995698
0.024995698
0.024995699
0.024995699
0.024995699
0.024995699
0.024995699
0.024995699
0.024995699
0.024995699
0.024995699
0.024995699
0.024995698
0.024995698
0.024995697
0.024995696
0.024995696
0.024995697
0.024995698
0.024995698
0.024995699
0.024995699
0.0249957
0.0249957
0.0249957
0.0249957
0.0249957
0.0249957
0.0249957
0.0249957
0.0249957
0.0249957
0.024995699
0.024995699
0.024995698
0.024995698
0.024995697
0.024995698
0.024995699
0.024995699
0.0249957
0.0249957
0.024995701
0.024995701
0.024995701
0.024995701
0.024995701
0.024995701
0.024995701
0.024995701
0.024995701
0.024995701
0.0249957
0.0249957
0.024995699
0.024995699
0.024995698
0.024995699
0.0249957
0.0249957
0.024995701
0.024995701
0.024995702
0.024995702
0.024995702
0.024995702
0.024995702
0.024995702
0.024995702
0.024995702
0.024995702
0.024995702
0.024995701
0.024995701
0.0249957
0.0249957
0.024995699
0.0249957
0.024995701
0.024995702
0.024995702
0.024995702
0.024995703
0.024995703
0.024995703
0.024995703
0.024995703
0.024995703
0.024995703
0.024995703
0.024995703
0.024995703
0.024995702
0.024995702
0.024995702
0.024995701
0.0249957
0.024995675
0.024995674
0.024995673
0.024995673
0.024995672
0.024995672
0.024995672
0.024995672
0.024995672
0.024995671
0.024995671
0.024995672
0.024995672
0.024995672
0.024995672
0.024995672
0.024995673
0.024995673
0.024995674
0.024995675
0.024995678
0.024995677
0.024995676
0.024995676
0.024995675
0.024995675
0.024995675
0.024995675
0.024995674
0.024995674
0.024995674
0.024995674
0.024995674
0.024995675
0.024995675
0.024995675
0.024995675
0.024995676
0.024995677
0.024995678
0.02499568
0.024995679
0.024995678
0.024995678
0.024995678
0.024995677
0.024995677
0.024995677
0.024995677
0.024995677
0.024995677
0.024995677
0.024995677
0.024995677
0.024995677
0.024995678
0.024995678
0.024995678
0.024995679
0.02499568
0.024995681
0.024995681
0.024995681
0.02499568
0.02499568
0.02499568
0.02499568
0.02499568
0.02499568
0.02499568
0.02499568
0.02499568
0.02499568
0.02499568
0.02499568
0.02499568
0.02499568
0.024995681
0.024995681
0.024995681
0.024995683
0.024995683
0.024995683
0.024995682
0.024995682
0.024995682
0.024995682
0.024995682
0.024995682
0.024995682
0.024995682
0.024995682
0.024995682
0.024995682
0.024995682
0.024995682
0.024995682
0.024995682
0.024995683
0.024995683
0.024995684
0.024995684
0.024995684
0.024995684
0.024995684
0.024995684
0.024995684
0.024995684
0.024995684
0.024995684
0.024995684
0.024995684
0.024995684
0.024995684
0.024995684
0.024995684
0.024995684
0.024995684
0.024995684
0.024995684
0.024995686
0.024995686
0.024995686
0.024995686
0.024995686
0.024995686
0.024995686
0.024995686
0.024995686
0.024995686
0.024995686
0.024995686
0.024995686
0.024995686
0.024995686
0.024995686
0.024995686
0.024995686
0.024995686
0.024995686
0.024995687
0.024995687
0.024995687
0.024995688
0.024995688
0.024995688
0.024995688
0.024995688
0.024995688
0.024995688
0.024995688
0.024995688
0.024995688
0.024995688
0.024995688
0.024995688
0.024995688
0.024995687
0.024995687
0.024995687
0.024995688
0.024995689
0.024995689
0.024995689
0.024995689
0.02499569
0.02499569
0.02499569
0.02499569
0.02499569
0.02499569
0.02499569
0.02499569
0.02499569
0.02499569
0.024995689
0.024995689
0.024995689
0.024995689
0.024995688
0.024995689
0.02499569
0.02499569
0.024995691
0.024995691
0.024995691
0.024995691
0.024995691
0.024995691
0.024995691
0.024995691
0.024995691
0.024995691
0.024995691
0.024995691
0.024995691
0.024995691
0.02499569
0.02499569
0.024995689
0.02499569
0.024995691
0.024995692
0.024995692
0.024995692
0.024995693
0.024995693
0.024995693
0.024995693
0.024995693
0.024995693
0.024995693
0.024995693
0.024995693
0.024995693
0.024995692
0.024995692
0.024995692
0.024995691
0.02499569
0.024995692
0.024995692
0.024995693
0.024995693
0.024995694
0.024995694
0.024995694
0.024995694
0.024995694
0.024995694
0.024995694
0.024995694
0.024995694
0.024995694
0.024995694
0.024995694
0.024995693
0.024995693
0.024995692
0.024995692
0.024995693
0.024995693
0.024995694
0.024995694
0.024995695
0.024995695
0.024995695
0.024995696
0.024995696
0.024995696
0.024995696
0.024995696
0.024995696
0.024995695
0.024995695
0.024995695
0.024995694
0.024995694
0.024995693
0.024995693
0.024995694
0.024995694
0.024995695
0.024995696
0.024995696
0.024995696
0.024995697
0.024995697
0.024995697
0.024995697
0.024995697
0.024995697
0.024995697
0.024995697
0.024995696
0.024995696
0.024995696
0.024995695
0.024995694
0.024995694
0.024995695
0.024995696
0.024995696
0.024995697
0.024995697
0.024995698
0.024995698
0.024995698
0.024995698
0.024995698
0.024995698
0.024995698
0.024995698
0.024995698
0.024995698
0.024995697
0.024995697
0.024995696
0.024995695
0.024995695
0.024995696
0.024995697
0.024995697
0.024995698
0.024995698
0.024995699
0.024995699
0.024995699
0.024995699
0.024995699
0.024995699
0.024995699
0.024995699
0.024995699
0.024995699
0.024995698
0.024995698
0.024995697
0.024995696
0.024995696
0.024995697
0.024995698
0.024995698
0.024995699
0.024995699
0.0249957
0.0249957
0.0249957
0.0249957
0.0249957
0.0249957
0.0249957
0.0249957
0.0249957
0.0249957
0.024995699
0.024995699
0.024995698
0.024995697
0.024995697
0.024995698
0.024995699
0.024995699
0.0249957
0.0249957
0.024995701
0.024995701
0.024995701
0.024995701
0.024995701
0.024995701
0.024995701
0.024995701
0.024995701
0.024995701
0.0249957
0.0249957
0.024995699
0.024995699
0.024995698
0.024995699
0.0249957
0.0249957
0.024995701
0.024995701
0.024995702
0.024995702
0.024995702
0.024995702
0.024995702
0.024995702
0.024995702
0.024995702
0.024995702
0.024995702
0.024995701
0.024995701
0.0249957
0.0249957
0.024995699
0.0249957
0.024995701
0.024995702
0.024995702
0.024995702
0.024995703
0.024995703
0.024995703
0.024995703
0.024995703
0.024995703
0.024995703
0.024995703
0.024995703
0.024995703
0.024995702
0.024995702
0.024995702
0.024995701
0.0249957
0.024995675
0.024995674
0.024995673
0.024995673
0.024995672
0.024995672
0.024995672
0.024995672
0.024995672
0.024995671
0.024995671
0.024995671
0.024995672
0.024995672
0.024995672
0.024995672
0.024995673
0.024995673
0.024995674
0.024995675
0.024995678
0.024995677
0.024995676
0.024995675
0.024995675
0.024995675
0.024995675
0.024995674
0.024995674
0.024995674
0.024995674
0.024995674
0.024995674
0.024995675
0.024995675
0.024995675
0.024995675
0.024995676
0.024995677
0.024995678
0.02499568
0.024995679
0.024995678
0.024995678
0.024995678
0.024995677
0.024995677
0.024995677
0.024995677
0.024995677
0.024995677
0.024995677
0.024995677
0.024995677
0.024995677
0.024995678
0.024995678
0.024995678
0.024995679
0.02499568
0.024995681
0.024995681
0.024995681
0.02499568
0.02499568
0.02499568
0.02499568
0.02499568
0.02499568
0.02499568
0.02499568
0.02499568
0.02499568
0.02499568
0.02499568
0.02499568
0.02499568
0.024995681
0.024995681
0.024995681
0.024995683
0.024995683
0.024995683
0.024995682
0.024995682
0.024995682
0.024995682
0.024995682
0.024995682
0.024995682
0.024995682
0.024995682
0.024995682
0.024995682
0.024995682
0.024995682
0.024995682
0.024995682
0.024995683
0.024995683
0.024995684
0.024995684
0.024995684
0.024995684
0.024995684
0.024995684
0.024995684
0.024995684
0.024995684
0.024995684
0.024995684
0.024995684
0.024995684
0.024995684
0.024995684
0.024995684
0.024995684
0.024995684
0.024995684
0.024995684
0.024995686
0.024995686
0.024995686
0.024995686
0.024995686
0.024995686
0.024995686
0.024995686
0.024995686
0.024995686
0.024995686
0.024995686
0.024995686
0.024995686
0.024995686
0.024995686
0.024995686
0.024995686
0.024995686
0.024995686
0.024995687
0.024995687
0.024995687
0.024995688
0.024995688
0.024995688
0.024995688
0.024995688
0.024995688
0.024995688
0.024995688
0.024995688
0.024995688
0.024995688
0.024995688
0.024995688
0.024995688
0.024995687
0.024995687
0.024995687
0.024995688
0.024995689
0.024995689
0.024995689
0.024995689
0.024995689
0.02499569
0.02499569
0.02499569
0.02499569
0.02499569
0.02499569
0.02499569
0.02499569
0.024995689
0.024995689
0.024995689
0.024995689
0.024995688
0.024995688
0.024995689
0.02499569
0.02499569
0.024995691
0.024995691
0.024995691
0.024995691
0.024995691
0.024995691
0.024995691
0.024995691
0.024995691
0.024995691
0.024995691
0.024995691
0.024995691
0.02499569
0.02499569
0.02499569
0.024995689
0.02499569
0.024995691
0.024995692
0.024995692
0.024995692
0.024995692
0.024995693
0.024995693
0.024995693
0.024995693
0.024995693
0.024995693
0.024995693
0.024995693
0.024995692
0.024995692
0.024995692
0.024995691
0.024995691
0.02499569
0.024995692
0.024995692
0.024995693
0.024995693
0.024995694
0.024995694
0.024995694
0.024995694
0.024995694
0.024995694
0.024995694
0.024995694
0.024995694
0.024995694
0.024995694
0.024995694
0.024995693
0.024995693
0.024995692
0.024995692
0.024995693
0.024995693
0.024995694
0.024995694
0.024995695
0.024995695
0.024995695
0.024995696
0.024995696
0.024995696
0.024995696
0.024995696
0.024995696
0.024995695
0.024995695
0.024995695
0.024995694
0.024995694
0.024995693
0.024995693
0.024995694
0.024995694
0.024995695
0.024995696
0.024995696
0.024995696
0.024995697
0.024995697
0.024995697
0.024995697
0.024995697
0.024995697
0.024995697
0.024995697
0.024995696
0.024995696
0.024995696
0.024995695
0.024995694
0.024995694
0.024995695
0.024995695
0.024995696
0.024995697
0.024995697
0.024995698
0.024995698
0.024995698
0.024995698
0.024995698
0.024995698
0.024995698
0.024995698
0.024995698
0.024995698
0.024995697
0.024995697
0.024995696
0.024995695
0.024995695
0.024995696
0.024995697
0.024995697
0.024995698
0.024995698
0.024995699
0.024995699
0.024995699
0.024995699
0.024995699
0.024995699
0.024995699
0.024995699
0.024995699
0.024995699
0.024995698
0.024995698
0.024995697
0.024995696
0.024995696
0.024995697
0.024995698
0.024995698
0.024995699
0.024995699
0.0249957
0.0249957
0.0249957
0.0249957
0.0249957
0.0249957
0.0249957
0.0249957
0.0249957
0.0249957
0.024995699
0.024995699
0.024995698
0.024995697
0.024995697
0.024995698
0.024995699
0.024995699
0.0249957
0.0249957
0.024995701
0.024995701
0.024995701
0.024995701
0.024995701
0.024995701
0.024995701
0.024995701
0.024995701
0.024995701
0.0249957
0.0249957
0.024995699
0.024995699
0.024995698
0.024995699
0.0249957
0.0249957
0.024995701
0.024995701
0.024995702
0.024995702
0.024995702
0.024995702
0.024995702
0.024995702
0.024995702
0.024995702
0.024995702
0.024995702
0.024995701
0.024995701
0.0249957
0.0249957
0.024995699
0.0249957
0.024995701
0.024995702
0.024995702
0.024995702
0.024995703
0.024995703
0.024995703
0.024995703
0.024995703
0.024995703
0.024995703
0.024995703
0.024995703
0.024995703
0.024995702
0.024995702
0.024995702
0.024995701
0.0249957
0.024995675
0.024995674
0.024995673
0.024995673
0.024995672
0.024995672
0.024995672
0.024995672
0.024995671
0.024995671
0.024995671
0.024995671
0.024995672
0.024995672
0.024995672
0.024995672
0.024995673
0.024995673
0.024995674
0.024995675
0.024995678
0.024995677
0.024995676
0.024995675
0.024995675
0.024995675
0.024995675
0.024995674
0.024995674
0.024995674
0.024995674
0.024995674
0.024995674
0.024995675
0.024995675
0.024995675
0.024995675
0.024995676
0.024995677
0.024995678
0.02499568
0.024995679
0.024995678
0.024995678
0.024995678
0.024995677
0.024995677
0.024995677
0.024995677
0.024995677
0.024995677
0.024995677
0.024995677
0.024995677
0.024995677
0.024995678
0.024995678
0.024995678
0.024995679
0.02499568
0.024995681
0.024995681
0.024995681
0.02499568
0.02499568
0.02499568
0.02499568
0.02499568
0.02499568
0.024995679
0.024995679
0.02499568
0.02499568
0.02499568
0.02499568
0.02499568
0.02499568
0.024995681
0.024995681
0.024995681
0.024995683
0.024995683
0.024995682
0.024995682
0.024995682
0.024995682
0.024995682
0.024995682
0.024995682
0.024995682
0.024995682
0.024995682
0.024995682
0.024995682
0.024995682
0.024995682
0.024995682
0.024995682
0.024995683
0.024995683
0.024995684
0.024995684
0.024995684
0.024995684
0.024995684
0.024995684
0.024995684
0.024995684
0.024995684
0.024995684
0.024995684
0.024995684
0.024995684
0.024995684
0.024995684
0.024995684
0.024995684
0.024995684
0.024995684
0.024995684
0.024995686
0.024995686
0.024995686
0.024995686
0.024995686
0.024995686
0.024995686
0.024995686
0.024995686
0.024995686
0.024995686
0.024995686
0.024995686
0.024995686
0.024995686
0.024995686
0.024995686
0.024995686
0.024995686
0.024995686
0.024995687
0.024995687
0.024995687
0.024995688
0.024995688
0.024995688
0.024995688
0.024995688
0.024995688
0.024995688
0.024995688
0.024995688
0.024995688
0.024995688
0.024995688
0.024995688
0.024995688
0.024995687
0.024995687
0.024995687
0.024995688
0.024995689
0.024995689
0.024995689
0.024995689
0.024995689
0.02499569
0.02499569
0.02499569
0.02499569
0.02499569
0.02499569
0.02499569
0.024995689
0.024995689
0.024995689
0.024995689
0.024995689
0.024995688
0.024995688
0.024995689
0.02499569
0.02499569
0.024995691
0.024995691
0.024995691
0.024995691
0.024995691
0.024995691
0.024995691
0.024995691
0.024995691
0.024995691
0.024995691
0.024995691
0.024995691
0.02499569
0.02499569
0.02499569
0.024995689
0.02499569
0.024995691
0.024995691
0.024995692
0.024995692
0.024995692
0.024995693
0.024995693
0.024995693
0.024995693
0.024995693
0.024995693
0.024995693
0.024995693
0.024995692
0.024995692
0.024995692
0.024995691
0.024995691
0.02499569
0.024995692
0.024995692
0.024995693
0.024995693
0.024995694
0.024995694
0.024995694
0.024995694
0.024995694
0.024995694
0.024995694
0.024995694
0.024995694
0.024995694
0.024995694
0.024995693
0.024995693
0.024995693
0.024995692
0.024995691
0.024995693
0.024995693
0.024995694
0.024995694
0.024995695
0.024995695
0.024995695
0.024995696
0.024995696
0.024995696
0.024995696
0.024995696
0.024995696
0.024995695
0.024995695
0.024995695
0.024995694
0.024995694
0.024995693
0.024995693
0.024995694
0.024995694
0.024995695
0.024995696
0.024995696
0.024995696
0.024995697
0.024995697
0.024995697
0.024995697
0.024995697
0.024995697
0.024995697
0.024995697
0.024995696
0.024995696
0.024995696
0.024995695
0.024995694
0.024995694
0.024995695
0.024995695
0.024995696
0.024995697
0.024995697
0.024995698
0.024995698
0.024995698
0.024995698
0.024995698
0.024995698
0.024995698
0.024995698
0.024995698
0.024995697
0.024995697
0.024995697
0.024995696
0.024995695
0.024995695
0.024995696
0.024995696
0.024995697
0.024995698
0.024995698
0.024995699
0.024995699
0.024995699
0.024995699
0.024995699
0.024995699
0.024995699
0.024995699
0.024995699
0.024995699
0.024995698
0.024995698
0.024995697
0.024995696
0.024995696
0.024995697
0.024995698
0.024995698
0.024995699
0.024995699
0.0249957
0.0249957
0.0249957
0.0249957
0.0249957
0.0249957
0.0249957
0.0249957
0.0249957
0.0249957
0.024995699
0.024995699
0.024995698
0.024995697
0.024995697
0.024995698
0.024995699
0.024995699
0.0249957
0.0249957
0.024995701
0.024995701
0.024995701
0.024995701
0.024995701
0.024995701
0.024995701
0.024995701
0.024995701
0.024995701
0.0249957
0.0249957
0.024995699
0.024995698
0.024995697
0.024995699
0.0249957
0.0249957
0.024995701
0.024995701
0.024995702
0.024995702
0.024995702
0.024995702
0.024995702
0.024995702
0.024995702
0.024995702
0.024995702
0.024995702
0.024995701
0.024995701
0.0249957
0.0249957
0.024995699
0.0249957
0.024995701
0.024995702
0.024995702
0.024995702
0.024995703
0.024995703
0.024995703
0.024995703
0.024995703
0.024995703
0.024995703
0.024995703
0.024995703
0.024995703
0.024995702
0.024995702
0.024995702
0.024995701
0.0249957
0.024995675
0.024995674
0.024995673
0.024995673
0.024995672
0.024995672
0.024995672
0.024995672
0.024995672
0.024995671
0.024995671
0.024995672
0.024995672
0.024995672
0.024995672
0.024995672
0.024995673
0.024995673
0.024995674
0.024995675
0.024995678
0.024995677
0.024995676
0.024995675
0.024995675
0.024995675
0.024995675
0.024995674
0.024995674
0.024995674
0.024995674
0.024995674
0.024995674
0.024995675
0.024995675
0.024995675
0.024995675
0.024995676
0.024995677
0.024995678
0.02499568
0.024995679
0.024995678
0.024995678
0.024995678
0.024995677
0.024995677
0.024995677
0.024995677
0.024995677
0.024995677
0.024995677
0.024995677
0.024995677
0.024995677
0.024995678
0.024995678
0.024995678
0.024995679
0.02499568
0.024995681
0.024995681
0.024995681
0.02499568
0.02499568
0.02499568
0.02499568
0.02499568
0.02499568
0.02499568
0.02499568
0.02499568
0.02499568
0.02499568
0.02499568
0.02499568
0.02499568
0.024995681
0.024995681
0.024995681
0.024995683
0.024995683
0.024995683
0.024995682
0.024995682
0.024995682
0.024995682
0.024995682
0.024995682
0.024995682
0.024995682
0.024995682
0.024995682
0.024995682
0.024995682
0.024995682
0.024995682
0.024995682
0.024995683
0.024995683
0.024995684
0.024995684
0.024995684
0.024995684
0.024995684
0.024995684
0.024995684
0.024995684
0.024995684
0.024995684
0.024995684
0.024995684
0.024995684
0.024995684
0.024995684
0.024995684
0.024995684
0.024995684
0.024995684
0.024995684
0.024995686
0.024995686
0.024995686
0.024995686
0.024995686
0.024995686
0.024995686
0.024995686
0.024995686
0.024995686
0.024995686
0.024995686
0.024995686
0.024995686
0.024995686
0.024995686
0.024995686
0.024995686
0.024995686
0.024995686
0.024995687
0.024995687
0.024995687
0.024995688
0.024995688
0.024995688
0.024995688
0.024995688
0.024995688
0.024995688
0.024995688
0.024995688
0.024995688
0.024995688
0.024995688
0.024995688
0.024995688
0.024995687
0.024995687
0.024995687
0.024995688
0.024995689
0.024995689
0.024995689
0.024995689
0.024995689
0.02499569
0.02499569
0.02499569
0.02499569
0.02499569
0.02499569
0.02499569
0.02499569
0.024995689
0.024995689
0.024995689
0.024995689
0.024995688
0.024995688
0.024995689
0.02499569
0.02499569
0.024995691
0.024995691
0.024995691
0.024995691
0.024995691
0.024995691
0.024995691
0.024995691
0.024995691
0.024995691
0.024995691
0.024995691
0.024995691
0.02499569
0.02499569
0.02499569
0.024995689
0.02499569
0.024995691
0.024995692
0.024995692
0.024995692
0.024995692
0.024995693
0.024995693
0.024995693
0.024995693
0.024995693
0.024995693
0.024995693
0.024995693
0.024995692
0.024995692
0.024995692
0.024995691
0.024995691
0.02499569
0.024995692
0.024995692
0.024995693
0.024995693
0.024995694
0.024995694
0.024995694
0.024995694
0.024995694
0.024995694
0.024995694
0.024995694
0.024995694
0.024995694
0.024995694
0.024995694
0.024995693
0.024995693
0.024995692
0.024995692
0.024995693
0.024995693
0.024995694
0.024995694
0.024995695
0.024995695
0.024995695
0.024995696
0.024995696
0.024995696
0.024995696
0.024995696
0.024995696
0.024995695
0.024995695
0.024995695
0.024995694
0.024995694
0.024995693
0.024995693
0.024995694
0.024995694
0.024995695
0.024995696
0.024995696
0.024995696
0.024995697
0.024995697
0.024995697
0.024995697
0.024995697
0.024995697
0.024995697
0.024995697
0.024995696
0.024995696
0.024995696
0.024995695
0.024995694
0.024995694
0.024995695
0.024995695
0.024995696
0.024995697
0.024995697
0.024995698
0.024995698
0.024995698
0.024995698
0.024995698
0.024995698
0.024995698
0.024995698
0.024995698
0.024995698
0.024995697
0.024995697
0.024995696
0.024995695
0.024995695
0.024995696
0.024995697
0.024995697
0.024995698
0.024995698
0.024995699
0.024995699
0.024995699
0.024995699
0.024995699
0.024995699
0.024995699
0.024995699
0.024995699
0.024995699
0.024995698
0.024995698
0.024995697
0.024995696
0.024995696
0.024995697
0.024995698
0.024995698
0.024995699
0.024995699
0.0249957
0.0249957
0.0249957
0.0249957
0.0249957
0.0249957
0.0249957
0.0249957
0.0249957
0.0249957
0.024995699
0.024995699
0.024995698
0.024995697
0.024995697
0.024995698
0.024995699
0.024995699
0.0249957
0.0249957
0.024995701
0.024995701
0.024995701
0.024995701
0.024995701
0.024995701
0.024995701
0.024995701
0.024995701
0.024995701
0.0249957
0.0249957
0.024995699
0.024995699
0.024995698
0.024995699
0.0249957
0.0249957
0.024995701
0.024995701
0.024995702
0.024995702
0.024995702
0.024995702
0.024995702
0.024995702
0.024995702
0.024995702
0.024995702
0.024995702
0.024995701
0.024995701
0.0249957
0.0249957
0.024995699
0.0249957
0.024995701
0.024995702
0.024995702
0.024995702
0.024995703
0.024995703
0.024995703
0.024995703
0.024995703
0.024995703
0.024995703
0.024995703
0.024995703
0.024995703
0.024995702
0.024995702
0.024995702
0.024995701
0.0249957
0.024995675
0.024995674
0.024995673
0.024995673
0.024995672
0.024995672
0.024995672
0.024995672
0.024995672
0.024995671
0.024995671
0.024995671
0.024995672
0.024995672
0.024995672
0.024995672
0.024995673
0.024995673
0.024995674
0.024995675
0.024995678
0.024995677
0.024995676
0.024995675
0.024995675
0.024995675
0.024995675
0.024995674
0.024995674
0.024995674
0.024995674
0.024995674
0.024995674
0.024995675
0.024995675
0.024995675
0.024995675
0.024995676
0.024995677
0.024995678
0.02499568
0.024995679
0.024995678
0.024995678
0.024995678
0.024995677
0.024995677
0.024995677
0.024995677
0.024995677
0.024995677
0.024995677
0.024995677
0.024995677
0.024995677
0.024995678
0.024995678
0.024995678
0.024995679
0.02499568
0.024995681
0.024995681
0.024995681
0.02499568
0.02499568
0.02499568
0.02499568
0.02499568
0.02499568
0.02499568
0.02499568
0.02499568
0.02499568
0.02499568
0.02499568
0.02499568
0.02499568
0.024995681
0.024995681
0.024995681
0.024995683
0.024995683
0.024995683
0.024995682
0.024995682
0.024995682
0.024995682
0.024995682
0.024995682
0.024995682
0.024995682
0.024995682
0.024995682
0.024995682
0.024995682
0.024995682
0.024995682
0.024995682
0.024995683
0.024995683
0.024995684
0.024995684
0.024995684
0.024995684
0.024995684
0.024995684
0.024995684
0.024995684
0.024995684
0.024995684
0.024995684
0.024995684
0.024995684
0.024995684
0.024995684
0.024995684
0.024995684
0.024995684
0.024995684
0.024995684
0.024995686
0.024995686
0.024995686
0.024995686
0.024995686
0.024995686
0.024995686
0.024995686
0.024995686
0.024995686
0.024995686
0.024995686
0.024995686
0.024995686
0.024995686
0.024995686
0.024995686
0.024995686
0.024995686
0.024995686
0.024995687
0.024995687
0.024995687
0.024995688
0.024995688
0.024995688
0.024995688
0.024995688
0.024995688
0.024995688
0.024995688
0.024995688
0.024995688
0.024995688
0.024995688
0.024995688
0.024995688
0.024995687
0.024995687
0.024995687
0.024995688
0.024995689
0.024995689
0.024995689
0.024995689
0.02499569
0.02499569
0.02499569
0.02499569
0.02499569
0.02499569
0.02499569
0.02499569
0.02499569
0.024995689
0.024995689
0.024995689
0.024995689
0.024995688
0.024995688
0.024995689
0.02499569
0.02499569
0.024995691
0.024995691
0.024995691
0.024995691
0.024995691
0.024995691
0.024995691
0.024995691
0.024995691
0.024995691
0.024995691
0.024995691
0.024995691
0.024995691
0.02499569
0.02499569
0.024995689
0.02499569
0.024995691
0.024995692
0.024995692
0.024995692
0.024995693
0.024995693
0.024995693
0.024995693
0.024995693
0.024995693
0.024995693
0.024995693
0.024995693
0.024995692
0.024995692
0.024995692
0.024995691
0.024995691
0.02499569
0.024995692
0.024995692
0.024995693
0.024995693
0.024995694
0.024995694
0.024995694
0.024995694
0.024995694
0.024995694
0.024995694
0.024995694
0.024995694
0.024995694
0.024995694
0.024995694
0.024995693
0.024995693
0.024995692
0.024995692
0.024995693
0.024995693
0.024995694
0.024995694
0.024995695
0.024995695
0.024995695
0.024995696
0.024995696
0.024995696
0.024995696
0.024995696
0.024995696
0.024995695
0.024995695
0.024995695
0.024995694
0.024995694
0.024995693
0.024995693
0.024995694
0.024995694
0.024995695
0.024995696
0.024995696
0.024995696
0.024995697
0.024995697
0.024995697
0.024995697
0.024995697
0.024995697
0.024995697
0.024995697
0.024995696
0.024995696
0.024995696
0.024995695
0.024995694
0.024995694
0.024995695
0.024995696
0.024995696
0.024995697
0.024995697
0.024995698
0.024995698
0.024995698
0.024995698
0.024995698
0.024995698
0.024995698
0.024995698
0.024995698
0.024995698
0.024995697
0.024995697
0.024995696
0.024995695
0.024995695
0.024995696
0.024995697
0.024995697
0.024995698
0.024995698
0.024995699
0.024995699
0.024995699
0.024995699
0.024995699
0.024995699
0.024995699
0.024995699
0.024995699
0.024995699
0.024995698
0.024995698
0.024995697
0.024995696
0.024995696
0.024995697
0.024995698
0.024995698
0.024995699
0.024995699
0.0249957
0.0249957
0.0249957
0.0249957
0.0249957
0.0249957
0.0249957
0.0249957
0.0249957
0.0249957
0.024995699
0.024995699
0.024995698
0.024995697
0.024995697
0.024995698
0.024995699
0.024995699
0.0249957
0.0249957
0.024995701
0.024995701
0.024995701
0.024995701
0.024995701
0.024995701
0.024995701
0.024995701
0.024995701
0.024995701
0.0249957
0.0249957
0.024995699
0.024995699
0.024995698
0.024995699
0.0249957
0.0249957
0.024995701
0.024995701
0.024995702
0.024995702
0.024995702
0.024995702
0.024995702
0.024995702
0.024995702
0.024995702
0.024995702
0.024995702
0.024995701
0.024995701
0.0249957
0.0249957
0.024995699
0.0249957
0.024995701
0.024995702
0.024995702
0.024995702
0.024995703
0.024995703
0.024995703
0.024995703
0.024995703
0.024995703
0.024995703
0.024995703
0.024995703
0.024995703
0.024995702
0.024995702
0.024995702
0.024995701
0.0249957
0.024995675
0.024995674
0.024995673
0.024995673
0.024995672
0.024995672
0.024995672
0.024995672
0.024995672
0.024995671
0.024995671
0.024995671
0.024995672
0.024995672
0.024995672
0.024995672
0.024995673
0.024995673
0.024995674
0.024995675
0.024995678
0.024995677
0.024995676
0.024995675
0.024995675
0.024995675
0.024995675
0.024995674
0.024995674
0.024995674
0.024995674
0.024995674
0.024995674
0.024995675
0.024995675
0.024995675
0.024995675
0.024995676
0.024995677
0.024995678
0.02499568
0.024995679
0.024995678
0.024995678
0.024995678
0.024995677
0.024995677
0.024995677
0.024995677
0.024995677
0.024995677
0.024995677
0.024995677
0.024995677
0.024995677
0.024995678
0.024995678
0.024995678
0.024995679
0.02499568
0.024995681
0.024995681
0.024995681
0.02499568
0.02499568
0.02499568
0.02499568
0.02499568
0.02499568
0.02499568
0.02499568
0.02499568
0.02499568
0.02499568
0.02499568
0.02499568
0.02499568
0.024995681
0.024995681
0.024995681
0.024995683
0.024995683
0.024995683
0.024995682
0.024995682
0.024995682
0.024995682
0.024995682
0.024995682
0.024995682
0.024995682
0.024995682
0.024995682
0.024995682
0.024995682
0.024995682
0.024995682
0.024995682
0.024995683
0.024995683
0.024995684
0.024995684
0.024995684
0.024995684
0.024995684
0.024995684
0.024995684
0.024995684
0.024995684
0.024995684
0.024995684
0.024995684
0.024995684
0.024995684
0.024995684
0.024995684
0.024995684
0.024995684
0.024995684
0.024995684
0.024995686
0.024995686
0.024995686
0.024995686
0.024995686
0.024995686
0.024995686
0.024995686
0.024995686
0.024995686
0.024995686
0.024995686
0.024995686
0.024995686
0.024995686
0.024995686
0.024995686
0.024995686
0.024995686
0.024995686
0.024995687
0.024995687
0.024995687
0.024995688
0.024995688
0.024995688
0.024995688
0.024995688
0.024995688
0.024995688
0.024995688
0.024995688
0.024995688
0.024995688
0.024995688
0.024995688
0.024995688
0.024995687
0.024995687
0.024995687
0.024995688
0.024995689
0.024995689
0.024995689
0.024995689
0.02499569
0.02499569
0.02499569
0.02499569
0.02499569
0.02499569
0.02499569
0.02499569
0.02499569
0.024995689
0.024995689
0.024995689
0.024995689
0.024995688
0.024995688
0.024995689
0.02499569
0.02499569
0.024995691
0.024995691
0.024995691
0.024995691
0.024995691
0.024995691
0.024995691
0.024995691
0.024995691
0.024995691
0.024995691
0.024995691
0.024995691
0.024995691
0.02499569
0.02499569
0.024995689
0.02499569
0.024995691
0.024995692
0.024995692
0.024995692
0.024995693
0.024995693
0.024995693
0.024995693
0.024995693
0.024995693
0.024995693
0.024995693
0.024995693
0.024995692
0.024995692
0.024995692
0.024995691
0.024995691
0.02499569
0.024995692
0.024995692
0.024995693
0.024995693
0.024995694
0.024995694
0.024995694
0.024995694
0.024995694
0.024995694
0.024995694
0.024995694
0.024995694
0.024995694
0.024995694
0.024995694
0.024995693
0.024995693
0.024995692
0.024995692
0.024995693
0.024995693
0.024995694
0.024995694
0.024995695
0.024995695
0.024995695
0.024995696
0.024995696
0.024995696
0.024995696
0.024995696
0.024995696
0.024995695
0.024995695
0.024995695
0.024995694
0.024995694
0.024995693
0.024995693
0.024995694
0.024995694
0.024995695
0.024995696
0.024995696
0.024995696
0.024995697
0.024995697
0.024995697
0.024995697
0.024995697
0.024995697
0.024995697
0.024995697
0.024995696
0.024995696
0.024995696
0.024995695
0.024995694
0.024995694
0.024995695
0.024995696
0.024995696
0.024995697
0.024995697
0.024995698
0.024995698
0.024995698
0.024995698
0.024995698
0.024995698
0.024995698
0.024995698
0.024995698
0.024995698
0.024995697
0.024995697
0.024995696
0.024995695
0.024995695
0.024995696
0.024995697
0.024995697
0.024995698
0.024995698
0.024995699
0.024995699
0.024995699
0.024995699
0.024995699
0.024995699
0.024995699
0.024995699
0.024995699
0.024995699
0.024995698
0.024995698
0.024995697
0.024995696
0.024995696
0.024995697
0.024995698
0.024995698
0.024995699
0.024995699
0.0249957
0.0249957
0.0249957
0.0249957
0.0249957
0.0249957
0.0249957
0.0249957
0.0249957
0.0249957
0.024995699
0.024995699
0.024995698
0.024995697
0.024995697
0.024995698
0.024995699
0.024995699
0.0249957
0.0249957
0.024995701
0.024995701
0.024995701
0.024995701
0.024995701
0.024995701
0.024995701
0.024995701
0.024995701
0.024995701
0.0249957
0.0249957
0.024995699
0.024995699
0.024995698
0.024995699
0.0249957
0.0249957
0.024995701
0.024995701
0.024995702
0.024995702
0.024995702
0.024995702
0.024995702
0.024995702
0.024995702
0.024995702
0.024995702
0.024995702
0.024995701
0.024995701
0.0249957
0.0249957
0.024995699
0.0249957
0.024995701
0.024995702
0.024995702
0.024995702
0.024995703
0.024995703
0.024995703
0.024995703
0.024995703
0.024995703
0.024995703
0.024995703
0.024995703
0.024995703
0.024995702
0.024995702
0.024995702
0.024995701
0.0249957
0.024995675
0.024995674
0.024995673
0.024995673
0.024995672
0.024995672
0.024995672
0.024995672
0.024995672
0.024995671
0.024995671
0.024995672
0.024995672
0.024995672
0.024995672
0.024995672
0.024995673
0.024995673
0.024995674
0.024995675
0.024995678
0.024995677
0.024995676
0.024995676
0.024995675
0.024995675
0.024995675
0.024995674
0.024995674
0.024995674
0.024995674
0.024995674
0.024995674
0.024995675
0.024995675
0.024995675
0.024995675
0.024995676
0.024995677
0.024995678
0.02499568
0.024995679
0.024995678
0.024995678
0.024995678
0.024995677
0.024995677
0.024995677
0.024995677
0.024995677
0.024995677
0.024995677
0.024995677
0.024995677
0.024995677
0.024995678
0.024995678
0.024995678
0.024995679
0.02499568
0.024995681
0.024995681
0.024995681
0.02499568
0.02499568
0.02499568
0.02499568
0.02499568
0.02499568
0.02499568
0.02499568
0.02499568
0.02499568
0.02499568
0.02499568
0.02499568
0.02499568
0.024995681
0.024995681
0.024995681
0.024995683
0.024995683
0.024995683
0.024995682
0.024995682
0.024995682
0.024995682
0.024995682
0.024995682
0.024995682
0.024995682
0.024995682
0.024995682
0.024995682
0.024995682
0.024995682
0.024995682
0.024995682
0.024995683
0.024995683
0.024995684
0.024995684
0.024995684
0.024995684
0.024995684
0.024995684
0.024995684
0.024995684
0.024995684
0.024995684
0.024995684
0.024995684
0.024995684
0.024995684
0.024995684
0.024995684
0.024995684
0.024995684
0.024995684
0.024995684
0.024995686
0.024995686
0.024995686
0.024995686
0.024995686
0.024995686
0.024995686
0.024995686
0.024995686
0.024995686
0.024995686
0.024995686
0.024995686
0.024995686
0.024995686
0.024995686
0.024995686
0.024995686
0.024995686
0.024995686
0.024995687
0.024995687
0.024995687
0.024995688
0.024995688
0.024995688
0.024995688
0.024995688
0.024995688
0.024995688
0.024995688
0.024995688
0.024995688
0.024995688
0.024995688
0.024995688
0.024995688
0.024995687
0.024995687
0.024995687
0.024995688
0.024995689
0.024995689
0.024995689
0.024995689
0.02499569
0.02499569
0.02499569
0.02499569
0.02499569
0.02499569
0.02499569
0.02499569
0.02499569
0.024995689
0.024995689
0.024995689
0.024995689
0.024995688
0.024995688
0.024995689
0.02499569
0.02499569
0.024995691
0.024995691
0.024995691
0.024995691
0.024995691
0.024995691
0.024995691
0.024995691
0.024995691
0.024995691
0.024995691
0.024995691
0.024995691
0.024995691
0.02499569
0.02499569
0.024995689
0.02499569
0.024995691
0.024995692
0.024995692
0.024995692
0.024995693
0.024995693
0.024995693
0.024995693
0.024995693
0.024995693
0.024995693
0.024995693
0.024995693
0.024995692
0.024995692
0.024995692
0.024995691
0.024995691
0.02499569
0.024995692
0.024995692
0.024995693
0.024995693
0.024995694
0.024995694
0.024995694
0.024995694
0.024995694
0.024995694
0.024995694
0.024995694
0.024995694
0.024995694
0.024995694
0.024995694
0.024995693
0.024995693
0.024995692
0.024995692
0.024995693
0.024995693
0.024995694
0.024995694
0.024995695
0.024995695
0.024995695
0.024995696
0.024995696
0.024995696
0.024995696
0.024995696
0.024995696
0.024995695
0.024995695
0.024995695
0.024995694
0.024995694
0.024995693
0.024995693
0.024995694
0.024995694
0.024995695
0.024995696
0.024995696
0.024995696
0.024995697
0.024995697
0.024995697
0.024995697
0.024995697
0.024995697
0.024995697
0.024995697
0.024995696
0.024995696
0.024995696
0.024995695
0.024995694
0.024995694
0.024995695
0.024995696
0.024995696
0.024995697
0.024995697
0.024995698
0.024995698
0.024995698
0.024995698
0.024995698
0.024995698
0.024995698
0.024995698
0.024995698
0.024995698
0.024995697
0.024995697
0.024995696
0.024995695
0.024995695
0.024995696
0.024995697
0.024995697
0.024995698
0.024995698
0.024995699
0.024995699
0.024995699
0.024995699
0.024995699
0.024995699
0.024995699
0.024995699
0.024995699
0.024995699
0.024995698
0.024995698
0.024995697
0.024995696
0.024995696
0.024995697
0.024995698
0.024995698
0.024995699
0.024995699
0.0249957
0.0249957
0.0249957
0.0249957
0.0249957
0.0249957
0.0249957
0.0249957
0.0249957
0.0249957
0.024995699
0.024995699
0.024995698
0.024995697
0.024995697
0.024995698
0.024995699
0.024995699
0.0249957
0.0249957
0.024995701
0.024995701
0.024995701
0.024995701
0.024995701
0.024995701
0.024995701
0.024995701
0.024995701
0.024995701
0.0249957
0.0249957
0.024995699
0.024995699
0.024995698
0.024995699
0.0249957
0.0249957
0.024995701
0.024995701
0.024995702
0.024995702
0.024995702
0.024995702
0.024995702
0.024995702
0.024995702
0.024995702
0.024995702
0.024995702
0.024995701
0.024995701
0.0249957
0.0249957
0.024995699
0.0249957
0.024995701
0.024995702
0.024995702
0.024995702
0.024995703
0.024995703
0.024995703
0.024995703
0.024995703
0.024995703
0.024995703
0.024995703
0.024995703
0.024995703
0.024995702
0.024995702
0.024995702
0.024995701
0.0249957
0.024995675
0.024995674
0.024995673
0.024995673
0.024995672
0.024995672
0.024995672
0.024995672
0.024995671
0.024995671
0.024995671
0.024995671
0.024995672
0.024995672
0.024995672
0.024995672
0.024995673
0.024995673
0.024995674
0.024995675
0.024995678
0.024995677
0.024995676
0.024995675
0.024995675
0.024995675
0.024995675
0.024995674
0.024995674
0.024995674
0.024995674
0.024995674
0.024995674
0.024995675
0.024995675
0.024995675
0.024995675
0.024995676
0.024995677
0.024995678
0.02499568
0.024995679
0.024995678
0.024995678
0.024995678
0.024995677
0.024995677
0.024995677
0.024995677
0.024995677
0.024995677
0.024995677
0.024995677
0.024995677
0.024995677
0.024995678
0.024995678
0.024995678
0.024995679
0.02499568
0.024995681
0.024995681
0.024995681
0.02499568
0.02499568
0.02499568
0.02499568
0.02499568
0.02499568
0.02499568
0.02499568
0.02499568
0.02499568
0.02499568
0.02499568
0.02499568
0.02499568
0.024995681
0.024995681
0.024995681
0.024995683
0.024995683
0.024995683
0.024995682
0.024995682
0.024995682
0.024995682
0.024995682
0.024995682
0.024995682
0.024995682
0.024995682
0.024995682
0.024995682
0.024995682
0.024995682
0.024995682
0.024995682
0.024995683
0.024995683
0.024995684
0.024995684
0.024995684
0.024995684
0.024995684
0.024995684
0.024995684
0.024995684
0.024995684
0.024995684
0.024995684
0.024995684
0.024995684
0.024995684
0.024995684
0.024995684
0.024995684
0.024995684
0.024995684
0.024995684
0.024995686
0.024995686
0.024995686
0.024995686
0.024995686
0.024995686
0.024995686
0.024995686
0.024995686
0.024995686
0.024995686
0.024995686
0.024995686
0.024995686
0.024995686
0.024995686
0.024995686
0.024995686
0.024995686
0.024995686
0.024995687
0.024995687
0.024995687
0.024995688
0.024995688
0.024995688
0.024995688
0.024995688
0.024995688
0.024995688
0.024995688
0.024995688
0.024995688
0.024995688
0.024995688
0.024995688
0.024995688
0.024995687
0.024995687
0.024995687
0.024995688
0.024995689
0.024995689
0.024995689
0.024995689
0.024995689
0.02499569
0.02499569
0.02499569
0.02499569
0.02499569
0.02499569
0.02499569
0.02499569
0.024995689
0.024995689
0.024995689
0.024995689
0.024995688
0.024995688
0.024995689
0.02499569
0.02499569
0.024995691
0.024995691
0.024995691
0.024995691
0.024995691
0.024995691
0.024995691
0.024995691
0.024995691
0.024995691
0.024995691
0.024995691
0.024995691
0.02499569
0.02499569
0.02499569
0.024995689
0.02499569
0.024995691
0.024995692
0.024995692
0.024995692
0.024995692
0.024995693
0.024995693
0.024995693
0.024995693
0.024995693
0.024995693
0.024995693
0.024995693
0.024995692
0.024995692
0.024995692
0.024995691
0.024995691
0.02499569
0.024995692
0.024995692
0.024995693
0.024995693
0.024995694
0.024995694
0.024995694
0.024995694
0.024995694
0.024995694
0.024995694
0.024995694
0.024995694
0.024995694
0.024995694
0.024995694
0.024995693
0.024995693
0.024995692
0.024995692
0.024995693
0.024995693
0.024995694
0.024995694
0.024995695
0.024995695
0.024995695
0.024995696
0.024995696
0.024995696
0.024995696
0.024995696
0.024995696
0.024995695
0.024995695
0.024995695
0.024995694
0.024995694
0.024995693
0.024995693
0.024995694
0.024995694
0.024995695
0.024995696
0.024995696
0.024995696
0.024995697
0.024995697
0.024995697
0.024995697
0.024995697
0.024995697
0.024995697
0.024995697
0.024995696
0.024995696
0.024995696
0.024995695
0.024995694
0.024995694
0.024995695
0.024995695
0.024995696
0.024995697
0.024995697
0.024995698
0.024995698
0.024995698
0.024995698
0.024995698
0.024995698
0.024995698
0.024995698
0.024995698
0.024995698
0.024995697
0.024995697
0.024995696
0.024995695
0.024995695
0.024995696
0.024995697
0.024995697
0.024995698
0.024995698
0.024995699
0.024995699
0.024995699
0.024995699
0.024995699
0.024995699
0.024995699
0.024995699
0.024995699
0.024995699
0.024995698
0.024995698
0.024995697
0.024995696
0.024995696
0.024995697
0.024995698
0.024995698
0.024995699
0.024995699
0.0249957
0.0249957
0.0249957
0.0249957
0.0249957
0.0249957
0.0249957
0.0249957
0.0249957
0.0249957
0.024995699
0.024995699
0.024995698
0.024995697
0.024995697
0.024995698
0.024995699
0.024995699
0.0249957
0.0249957
0.024995701
0.024995701
0.024995701
0.024995701
0.024995701
0.024995701
0.024995701
0.024995701
0.024995701
0.024995701
0.0249957
0.0249957
0.024995699
0.024995698
0.024995698
0.024995699
0.0249957
0.0249957
0.024995701
0.024995701
0.024995702
0.024995702
0.024995702
0.024995702
0.024995702
0.024995702
0.024995702
0.024995702
0.024995702
0.024995702
0.024995701
0.024995701
0.0249957
0.0249957
0.024995699
0.0249957
0.024995701
0.024995702
0.024995702
0.024995702
0.024995703
0.024995703
0.024995703
0.024995703
0.024995703
0.024995703
0.024995703
0.024995703
0.024995703
0.024995703
0.024995702
0.024995702
0.024995702
0.024995701
0.0249957
0.024995675
0.024995674
0.024995673
0.024995673
0.024995672
0.024995672
0.024995672
0.024995672
0.024995671
0.024995671
0.024995671
0.024995671
0.024995672
0.024995672
0.024995672
0.024995672
0.024995673
0.024995673
0.024995674
0.024995675
0.024995678
0.024995677
0.024995676
0.024995675
0.024995675
0.024995675
0.024995675
0.024995674
0.024995674
0.024995674
0.024995674
0.024995674
0.024995674
0.024995675
0.024995675
0.024995675
0.024995675
0.024995676
0.024995677
0.024995678
0.02499568
0.024995679
0.024995678
0.024995678
0.024995678
0.024995677
0.024995677
0.024995677
0.024995677
0.024995677
0.024995677
0.024995677
0.024995677
0.024995677
0.024995677
0.024995678
0.024995678
0.024995678
0.024995679
0.02499568
0.024995681
0.024995681
0.024995681
0.02499568
0.02499568
0.02499568
0.02499568
0.02499568
0.02499568
0.024995679
0.024995679
0.02499568
0.02499568
0.02499568
0.02499568
0.02499568
0.02499568
0.024995681
0.024995681
0.024995681
0.024995683
0.024995683
0.024995682
0.024995682
0.024995682
0.024995682
0.024995682
0.024995682
0.024995682
0.024995682
0.024995682
0.024995682
0.024995682
0.024995682
0.024995682
0.024995682
0.024995682
0.024995682
0.024995683
0.024995683
0.024995684
0.024995684
0.024995684
0.024995684
0.024995684
0.024995684
0.024995684
0.024995684
0.024995684
0.024995684
0.024995684
0.024995684
0.024995684
0.024995684
0.024995684
0.024995684
0.024995684
0.024995684
0.024995684
0.024995684
0.024995686
0.024995686
0.024995686
0.024995686
0.024995686
0.024995686
0.024995686
0.024995686
0.024995686
0.024995686
0.024995686
0.024995686
0.024995686
0.024995686
0.024995686
0.024995686
0.024995686
0.024995686
0.024995686
0.024995686
0.024995687
0.024995687
0.024995687
0.024995688
0.024995688
0.024995688
0.024995688
0.024995688
0.024995688
0.024995688
0.024995688
0.024995688
0.024995688
0.024995688
0.024995688
0.024995688
0.024995688
0.024995687
0.024995687
0.024995687
0.024995688
0.024995689
0.024995689
0.024995689
0.024995689
0.024995689
0.02499569
0.02499569
0.02499569
0.02499569
0.02499569
0.02499569
0.02499569
0.024995689
0.024995689
0.024995689
0.024995689
0.024995689
0.024995688
0.024995688
0.024995689
0.02499569
0.02499569
0.02499569
0.024995691
0.024995691
0.024995691
0.024995691
0.024995691
0.024995691
0.024995691
0.024995691
0.024995691
0.024995691
0.024995691
0.024995691
0.02499569
0.02499569
0.02499569
0.024995689
0.02499569
0.024995691
0.024995691
0.024995692
0.024995692
0.024995692
0.024995693
0.024995693
0.024995693
0.024995693
0.024995693
0.024995693
0.024995693
0.024995693
0.024995692
0.024995692
0.024995692
0.024995691
0.024995691
0.02499569
0.024995692
0.024995692
0.024995693
0.024995693
0.024995694
0.024995694
0.024995694
0.024995694
0.024995694
0.024995694
0.024995694
0.024995694
0.024995694
0.024995694
0.024995694
0.024995693
0.024995693
0.024995693
0.024995692
0.024995691
0.024995693
0.024995693
0.024995694
0.024995694
0.024995695
0.024995695
0.024995695
0.024995696
0.024995696
0.024995696
0.024995696
0.024995696
0.024995696
0.024995695
0.024995695
0.024995695
0.024995694
0.024995694
0.024995693
0.024995693
0.024995694
0.024995694
0.024995695
0.024995696
0.024995696
0.024995696
0.024995697
0.024995697
0.024995697
0.024995697
0.024995697
0.024995697
0.024995697
0.024995697
0.024995696
0.024995696
0.024995696
0.024995695
0.024995694
0.024995694
0.024995695
0.024995695
0.024995696
0.024995697
0.024995697
0.024995698
0.024995698
0.024995698
0.024995698
0.024995698
0.024995698
0.024995698
0.024995698
0.024995698
0.024995697
0.024995697
0.024995697
0.024995696
0.024995695
0.024995695
0.024995696
0.024995696
0.024995697
0.024995698
0.024995698
0.024995699
0.024995699
0.024995699
0.024995699
0.024995699
0.024995699
0.024995699
0.024995699
0.024995699
0.024995699
0.024995698
0.024995698
0.024995697
0.024995696
0.024995696
0.024995697
0.024995698
0.024995698
0.024995699
0.024995699
0.0249957
0.0249957
0.0249957
0.0249957
0.0249957
0.0249957
0.0249957
0.0249957
0.0249957
0.0249957
0.024995699
0.024995699
0.024995698
0.024995697
0.024995697
0.024995698
0.024995699
0.024995699
0.0249957
0.0249957
0.024995701
0.024995701
0.024995701
0.024995701
0.024995701
0.024995701
0.024995701
0.024995701
0.024995701
0.024995701
0.0249957
0.0249957
0.024995699
0.024995698
0.024995697
0.024995699
0.0249957
0.0249957
0.024995701
0.024995701
0.024995702
0.024995702
0.024995702
0.024995702
0.024995702
0.024995702
0.024995702
0.024995702
0.024995702
0.024995702
0.024995701
0.024995701
0.0249957
0.0249957
0.024995699
0.0249957
0.024995701
0.024995702
0.024995702
0.024995702
0.024995703
0.024995703
0.024995703
0.024995703
0.024995703
0.024995703
0.024995703
0.024995703
0.024995703
0.024995703
0.024995702
0.024995702
0.024995702
0.024995701
0.0249957
0.024995675
0.024995674
0.024995673
0.024995673
0.024995672
0.024995672
0.024995672
0.024995672
0.024995672
0.024995671
0.024995671
0.024995671
0.024995672
0.024995672
0.024995672
0.024995672
0.024995673
0.024995673
0.024995674
0.024995675
0.024995678
0.024995677
0.024995676
0.024995675
0.024995675
0.024995675
0.024995675
0.024995674
0.024995674
0.024995674
0.024995674
0.024995674
0.024995674
0.024995675
0.024995675
0.024995675
0.024995675
0.024995676
0.024995677
0.024995678
0.02499568
0.024995679
0.024995678
0.024995678
0.024995678
0.024995677
0.024995677
0.024995677
0.024995677
0.024995677
0.024995677
0.024995677
0.024995677
0.024995677
0.024995677
0.024995678
0.024995678
0.024995678
0.024995679
0.02499568
0.024995681
0.024995681
0.024995681
0.02499568
0.02499568
0.02499568
0.02499568
0.02499568
0.02499568
0.024995679
0.024995679
0.02499568
0.02499568
0.02499568
0.02499568
0.02499568
0.02499568
0.024995681
0.024995681
0.024995681
0.024995683
0.024995683
0.024995682
0.024995682
0.024995682
0.024995682
0.024995682
0.024995682
0.024995682
0.024995682
0.024995682
0.024995682
0.024995682
0.024995682
0.024995682
0.024995682
0.024995682
0.024995682
0.024995683
0.024995683
0.024995684
0.024995684
0.024995684
0.024995684
0.024995684
0.024995684
0.024995684
0.024995684
0.024995684
0.024995684
0.024995684
0.024995684
0.024995684
0.024995684
0.024995684
0.024995684
0.024995684
0.024995684
0.024995684
0.024995684
0.024995686
0.024995686
0.024995686
0.024995686
0.024995686
0.024995686
0.024995686
0.024995686
0.024995686
0.024995686
0.024995686
0.024995686
0.024995686
0.024995686
0.024995686
0.024995686
0.024995686
0.024995686
0.024995686
0.024995686
0.024995687
0.024995687
0.024995687
0.024995688
0.024995688
0.024995688
0.024995688
0.024995688
0.024995688
0.024995688
0.024995688
0.024995688
0.024995688
0.024995688
0.024995688
0.024995688
0.024995688
0.024995687
0.024995687
0.024995687
0.024995688
0.024995689
0.024995689
0.024995689
0.024995689
0.024995689
0.02499569
0.02499569
0.02499569
0.02499569
0.02499569
0.02499569
0.02499569
0.024995689
0.024995689
0.024995689
0.024995689
0.024995689
0.024995688
0.024995688
0.024995689
0.02499569
0.02499569
0.024995691
0.024995691
0.024995691
0.024995691
0.024995691
0.024995691
0.024995691
0.024995691
0.024995691
0.024995691
0.024995691
0.024995691
0.024995691
0.02499569
0.02499569
0.02499569
0.024995689
0.02499569
0.024995691
0.024995691
0.024995692
0.024995692
0.024995692
0.024995693
0.024995693
0.024995693
0.024995693
0.024995693
0.024995693
0.024995693
0.024995693
0.024995692
0.024995692
0.024995692
0.024995691
0.024995691
0.02499569
0.024995692
0.024995692
0.024995693
0.024995693
0.024995694
0.024995694
0.024995694
0.024995694
0.024995694
0.024995694
0.024995694
0.024995694
0.024995694
0.024995694
0.024995694
0.024995693
0.024995693
0.024995693
0.024995692
0.024995692
0.024995693
0.024995693
0.024995694
0.024995694
0.024995695
0.024995695
0.024995695
0.024995696
0.024995696
0.024995696
0.024995696
0.024995696
0.024995696
0.024995695
0.024995695
0.024995695
0.024995694
0.024995694
0.024995693
0.024995693
0.024995694
0.024995694
0.024995695
0.024995696
0.024995696
0.024995696
0.024995697
0.024995697
0.024995697
0.024995697
0.024995697
0.024995697
0.024995697
0.024995697
0.024995696
0.024995696
0.024995696
0.024995695
0.024995694
0.024995694
0.024995695
0.024995695
0.024995696
0.024995697
0.024995697
0.024995698
0.024995698
0.024995698
0.024995698
0.024995698
0.024995698
0.024995698
0.024995698
0.024995698
0.024995698
0.024995697
0.024995697
0.024995696
0.024995695
0.024995695
0.024995696
0.024995697
0.024995697
0.024995698
0.024995698
0.024995699
0.024995699
0.024995699
0.024995699
0.024995699
0.024995699
0.024995699
0.024995699
0.024995699
0.024995699
0.024995698
0.024995698
0.024995697
0.024995696
0.024995696
0.024995697
0.024995698
0.024995698
0.024995699
0.024995699
0.0249957
0.0249957
0.0249957
0.0249957
0.0249957
0.0249957
0.0249957
0.0249957
0.0249957
0.0249957
0.024995699
0.024995699
0.024995698
0.024995697
0.024995697
0.024995698
0.024995699
0.024995699
0.0249957
0.0249957
0.024995701
0.024995701
0.024995701
0.024995701
0.024995701
0.024995701
0.024995701
0.024995701
0.024995701
0.024995701
0.0249957
0.0249957
0.024995699
0.024995698
0.024995698
0.024995699
0.0249957
0.0249957
0.024995701
0.024995701
0.024995702
0.024995702
0.024995702
0.024995702
0.024995702
0.024995702
0.024995702
0.024995702
0.024995702
0.024995702
0.024995701
0.024995701
0.0249957
0.0249957
0.024995699
0.0249957
0.024995701
0.024995702
0.024995702
0.024995702
0.024995703
0.024995703
0.024995703
0.024995703
0.024995703
0.024995703
0.024995703
0.024995703
0.024995703
0.024995703
0.024995702
0.024995702
0.024995702
0.024995701
0.0249957
0.024995675
0.024995674
0.024995673
0.024995673
0.024995672
0.024995672
0.024995672
0.024995672
0.024995672
0.024995671
0.024995671
0.024995672
0.024995672
0.024995672
0.024995672
0.024995672
0.024995673
0.024995673
0.024995674
0.024995675
0.024995678
0.024995677
0.024995676
0.024995675
0.024995675
0.024995675
0.024995675
0.024995674
0.024995674
0.024995674
0.024995674
0.024995674
0.024995674
0.024995675
0.024995675
0.024995675
0.024995675
0.024995676
0.024995677
0.024995678
0.02499568
0.024995679
0.024995678
0.024995678
0.024995678
0.024995677
0.024995677
0.024995677
0.024995677
0.024995677
0.024995677
0.024995677
0.024995677
0.024995677
0.024995677
0.024995678
0.024995678
0.024995678
0.024995679
0.02499568
0.024995681
0.024995681
0.024995681
0.02499568
0.02499568
0.02499568
0.02499568
0.02499568
0.02499568
0.02499568
0.02499568
0.02499568
0.02499568
0.02499568
0.02499568
0.02499568
0.02499568
0.024995681
0.024995681
0.024995681
0.024995683
0.024995683
0.024995683
0.024995682
0.024995682
0.024995682
0.024995682
0.024995682
0.024995682
0.024995682
0.024995682
0.024995682
0.024995682
0.024995682
0.024995682
0.024995682
0.024995682
0.024995682
0.024995683
0.024995683
0.024995684
0.024995684
0.024995684
0.024995684
0.024995684
0.024995684
0.024995684
0.024995684
0.024995684
0.024995684
0.024995684
0.024995684
0.024995684
0.024995684
0.024995684
0.024995684
0.024995684
0.024995684
0.024995684
0.024995684
0.024995686
0.024995686
0.024995686
0.024995686
0.024995686
0.024995686
0.024995686
0.024995686
0.024995686
0.024995686
0.024995686
0.024995686
0.024995686
0.024995686
0.024995686
0.024995686
0.024995686
0.024995686
0.024995686
0.024995686
0.024995687
0.024995687
0.024995687
0.024995688
0.024995688
0.024995688
0.024995688
0.024995688
0.024995688
0.024995688
0.024995688
0.024995688
0.024995688
0.024995688
0.024995688
0.024995688
0.024995688
0.024995687
0.024995687
0.024995687
0.024995688
0.024995689
0.024995689
0.024995689
0.024995689
0.02499569
0.02499569
0.02499569
0.02499569
0.02499569
0.02499569
0.02499569
0.02499569
0.02499569
0.024995689
0.024995689
0.024995689
0.024995689
0.024995688
0.024995688
0.024995689
0.02499569
0.02499569
0.024995691
0.024995691
0.024995691
0.024995691
0.024995691
0.024995691
0.024995691
0.024995691
0.024995691
0.024995691
0.024995691
0.024995691
0.024995691
0.024995691
0.02499569
0.02499569
0.024995689
0.02499569
0.024995691
0.024995692
0.024995692
0.024995692
0.024995692
0.024995693
0.024995693
0.024995693
0.024995693
0.024995693
0.024995693
0.024995693
0.024995693
0.024995692
0.024995692
0.024995692
0.024995691
0.024995691
0.02499569
0.024995692
0.024995692
0.024995693
0.024995693
0.024995694
0.024995694
0.024995694
0.024995694
0.024995694
0.024995694
0.024995694
0.024995694
0.024995694
0.024995694
0.024995694
0.024995694
0.024995693
0.024995693
0.024995692
0.024995692
0.024995693
0.024995693
0.024995694
0.024995694
0.024995695
0.024995695
0.024995695
0.024995696
0.024995696
0.024995696
0.024995696
0.024995696
0.024995696
0.024995695
0.024995695
0.024995695
0.024995694
0.024995694
0.024995693
0.024995693
0.024995694
0.024995694
0.024995695
0.024995696
0.024995696
0.024995696
0.024995697
0.024995697
0.024995697
0.024995697
0.024995697
0.024995697
0.024995697
0.024995697
0.024995696
0.024995696
0.024995696
0.024995695
0.024995694
0.024995694
0.024995695
0.024995696
0.024995696
0.024995697
0.024995697
0.024995698
0.024995698
0.024995698
0.024995698
0.024995698
0.024995698
0.024995698
0.024995698
0.024995698
0.024995698
0.024995697
0.024995697
0.024995696
0.024995695
0.024995695
0.024995696
0.024995697
0.024995697
0.024995698
0.024995698
0.024995699
0.024995699
0.024995699
0.024995699
0.024995699
0.024995699
0.024995699
0.024995699
0.024995699
0.024995699
0.024995698
0.024995698
0.024995697
0.024995696
0.024995696
0.024995697
0.024995698
0.024995698
0.024995699
0.024995699
0.0249957
0.0249957
0.0249957
0.0249957
0.0249957
0.0249957
0.0249957
0.0249957
0.0249957
0.0249957
0.024995699
0.024995699
0.024995698
0.024995697
0.024995697
0.024995698
0.024995699
0.024995699
0.0249957
0.0249957
0.024995701
0.024995701
0.024995701
0.024995701
0.024995701
0.024995701
0.024995701
0.024995701
0.024995701
0.024995701
0.0249957
0.0249957
0.024995699
0.024995699
0.024995698
0.024995699
0.0249957
0.0249957
0.024995701
0.024995701
0.024995702
0.024995702
0.024995702
0.024995702
0.024995702
0.024995702
0.024995702
0.024995702
0.024995702
0.024995702
0.024995701
0.024995701
0.0249957
0.0249957
0.024995699
0.0249957
0.024995701
0.024995702
0.024995702
0.024995702
0.024995703
0.024995703
0.024995703
0.024995703
0.024995703
0.024995703
0.024995703
0.024995703
0.024995703
0.024995703
0.024995702
0.024995702
0.024995702
0.024995701
0.0249957
0.024995675
0.024995674
0.024995673
0.024995673
0.024995672
0.024995672
0.024995672
0.024995672
0.024995672
0.024995671
0.024995671
0.024995672
0.024995672
0.024995672
0.024995672
0.024995672
0.024995673
0.024995673
0.024995674
0.024995675
0.024995678
0.024995677
0.024995676
0.024995676
0.024995675
0.024995675
0.024995675
0.024995675
0.024995674
0.024995674
0.024995674
0.024995674
0.024995675
0.024995675
0.024995675
0.024995675
0.024995675
0.024995676
0.024995677
0.024995678
0.02499568
0.024995679
0.024995678
0.024995678
0.024995678
0.024995678
0.024995677
0.024995677
0.024995677
0.024995677
0.024995677
0.024995677
0.024995677
0.024995677
0.024995677
0.024995678
0.024995678
0.024995678
0.024995679
0.02499568
0.024995681
0.024995681
0.024995681
0.02499568
0.02499568
0.02499568
0.02499568
0.02499568
0.02499568
0.02499568
0.02499568
0.02499568
0.02499568
0.02499568
0.02499568
0.02499568
0.02499568
0.024995681
0.024995681
0.024995681
0.024995683
0.024995683
0.024995683
0.024995682
0.024995682
0.024995682
0.024995682
0.024995682
0.024995682
0.024995682
0.024995682
0.024995682
0.024995682
0.024995682
0.024995682
0.024995682
0.024995682
0.024995683
0.024995683
0.024995683
0.024995684
0.024995684
0.024995684
0.024995684
0.024995684
0.024995684
0.024995684
0.024995684
0.024995684
0.024995684
0.024995684
0.024995684
0.024995684
0.024995684
0.024995684
0.024995684
0.024995684
0.024995684
0.024995684
0.024995684
0.024995686
0.024995686
0.024995686
0.024995686
0.024995686
0.024995686
0.024995686
0.024995686
0.024995686
0.024995686
0.024995686
0.024995686
0.024995686
0.024995686
0.024995686
0.024995686
0.024995686
0.024995686
0.024995686
0.024995686
0.024995687
0.024995687
0.024995687
0.024995688
0.024995688
0.024995688
0.024995688
0.024995688
0.024995688
0.024995688
0.024995688
0.024995688
0.024995688
0.024995688
0.024995688
0.024995688
0.024995688
0.024995687
0.024995687
0.024995687
0.024995688
0.024995689
0.024995689
0.024995689
0.024995689
0.02499569
0.02499569
0.02499569
0.02499569
0.02499569
0.02499569
0.02499569
0.02499569
0.02499569
0.02499569
0.024995689
0.024995689
0.024995689
0.024995689
0.024995688
0.024995689
0.02499569
0.02499569
0.024995691
0.024995691
0.024995691
0.024995691
0.024995691
0.024995692
0.024995692
0.024995692
0.024995692
0.024995691
0.024995691
0.024995691
0.024995691
0.024995691
0.02499569
0.02499569
0.024995689
0.02499569
0.024995691
0.024995692
0.024995692
0.024995692
0.024995693
0.024995693
0.024995693
0.024995693
0.024995693
0.024995693
0.024995693
0.024995693
0.024995693
0.024995693
0.024995692
0.024995692
0.024995692
0.024995691
0.02499569
0.024995692
0.024995692
0.024995693
0.024995693
0.024995694
0.024995694
0.024995694
0.024995694
0.024995695
0.024995695
0.024995695
0.024995695
0.024995694
0.024995694
0.024995694
0.024995694
0.024995693
0.024995693
0.024995692
0.024995692
0.024995693
0.024995693
0.024995694
0.024995695
0.024995695
0.024995695
0.024995696
0.024995696
0.024995696
0.024995696
0.024995696
0.024995696
0.024995696
0.024995696
0.024995695
0.024995695
0.024995694
0.024995694
0.024995693
0.024995693
0.024995694
0.024995694
0.024995695
0.024995696
0.024995696
0.024995696
0.024995697
0.024995697
0.024995697
0.024995697
0.024995697
0.024995697
0.024995697
0.024995697
0.024995696
0.024995696
0.024995696
0.024995695
0.024995694
0.024995694
0.024995695
0.024995696
0.024995696
0.024995697
0.024995697
0.024995698
0.024995698
0.024995698
0.024995698
0.024995698
0.024995698
0.024995698
0.024995698
0.024995698
0.024995698
0.024995697
0.024995697
0.024995696
0.024995695
0.024995695
0.024995696
0.024995697
0.024995697
0.024995698
0.024995698
0.024995699
0.024995699
0.024995699
0.024995699
0.024995699
0.024995699
0.024995699
0.024995699
0.024995699
0.024995699
0.024995698
0.024995698
0.024995697
0.024995696
0.024995696
0.024995697
0.024995698
0.024995698
0.024995699
0.024995699
0.0249957
0.0249957
0.0249957
0.0249957
0.0249957
0.0249957
0.0249957
0.0249957
0.0249957
0.0249957
0.024995699
0.024995699
0.024995698
0.024995697
0.024995697
0.024995698
0.024995699
0.024995699
0.0249957
0.0249957
0.024995701
0.024995701
0.024995701
0.024995701
0.024995701
0.024995701
0.024995701
0.024995701
0.024995701
0.024995701
0.0249957
0.0249957
0.024995699
0.024995699
0.024995698
0.024995699
0.0249957
0.0249957
0.024995701
0.024995701
0.024995702
0.024995702
0.024995702
0.024995702
0.024995702
0.024995702
0.024995702
0.024995702
0.024995702
0.024995702
0.024995701
0.024995701
0.0249957
0.0249957
0.024995699
0.0249957
0.024995701
0.024995702
0.024995702
0.024995702
0.024995703
0.024995703
0.024995703
0.024995703
0.024995703
0.024995703
0.024995703
0.024995703
0.024995703
0.024995703
0.024995702
0.024995702
0.024995702
0.024995701
0.0249957
0.024995675
0.024995674
0.024995673
0.024995673
0.024995672
0.024995672
0.024995672
0.024995672
0.024995672
0.024995671
0.024995671
0.024995672
0.024995672
0.024995672
0.024995672
0.024995672
0.024995673
0.024995673
0.024995674
0.024995675
0.024995678
0.024995677
0.024995676
0.024995676
0.024995675
0.024995675
0.024995675
0.024995674
0.024995674
0.024995674
0.024995674
0.024995674
0.024995674
0.024995675
0.024995675
0.024995675
0.024995675
0.024995676
0.024995677
0.024995678
0.02499568
0.024995679
0.024995678
0.024995678
0.024995678
0.024995677
0.024995677
0.024995677
0.024995677
0.024995677
0.024995677
0.024995677
0.024995677
0.024995677
0.024995677
0.024995678
0.024995678
0.024995678
0.024995679
0.02499568
0.024995681
0.024995681
0.024995681
0.02499568
0.02499568
0.02499568
0.02499568
0.02499568
0.02499568
0.02499568
0.02499568
0.02499568
0.02499568
0.02499568
0.02499568
0.02499568
0.02499568
0.024995681
0.024995681
0.024995681
0.024995683
0.024995683
0.024995683
0.024995682
0.024995682
0.024995682
0.024995682
0.024995682
0.024995682
0.024995682
0.024995682
0.024995682
0.024995682
0.024995682
0.024995682
0.024995682
0.024995682
0.024995682
0.024995683
0.024995683
0.024995684
0.024995684
0.024995684
0.024995684
0.024995684
0.024995684
0.024995684
0.024995684
0.024995684
0.024995684
0.024995684
0.024995684
0.024995684
0.024995684
0.024995684
0.024995684
0.024995684
0.024995684
0.024995684
0.024995684
0.024995686
0.024995686
0.024995686
0.024995686
0.024995686
0.024995686
0.024995686
0.024995686
0.024995686
0.024995686
0.024995686
0.024995686
0.024995686
0.024995686
0.024995686
0.024995686
0.024995686
0.024995686
0.024995686
0.024995686
0.024995687
0.024995687
0.024995687
0.024995688
0.024995688
0.024995688
0.024995688
0.024995688
0.024995688
0.024995688
0.024995688
0.024995688
0.024995688
0.024995688
0.024995688
0.024995688
0.024995688
0.024995687
0.024995687
0.024995687
0.024995688
0.024995689
0.024995689
0.024995689
0.024995689
0.02499569
0.02499569
0.02499569
0.02499569
0.02499569
0.02499569
0.02499569
0.02499569
0.02499569
0.024995689
0.024995689
0.024995689
0.024995689
0.024995689
0.024995688
0.024995689
0.02499569
0.02499569
0.024995691
0.024995691
0.024995691
0.024995691
0.024995691
0.024995691
0.024995692
0.024995692
0.024995691
0.024995691
0.024995691
0.024995691
0.024995691
0.024995691
0.02499569
0.02499569
0.024995689
0.02499569
0.024995691
0.024995692
0.024995692
0.024995692
0.024995693
0.024995693
0.024995693
0.024995693
0.024995693
0.024995693
0.024995693
0.024995693
0.024995693
0.024995693
0.024995692
0.024995692
0.024995691
0.024995691
0.02499569
0.024995692
0.024995692
0.024995693
0.024995693
0.024995694
0.024995694
0.024995694
0.024995694
0.024995694
0.024995695
0.024995695
0.024995694
0.024995694
0.024995694
0.024995694
0.024995694
0.024995693
0.024995693
0.024995692
0.024995692
0.024995693
0.024995693
0.024995694
0.024995694
0.024995695
0.024995695
0.024995695
0.024995696
0.024995696
0.024995696
0.024995696
0.024995696
0.024995696
0.024995695
0.024995695
0.024995695
0.024995694
0.024995694
0.024995693
0.024995693
0.024995694
0.024995694
0.024995695
0.024995696
0.024995696
0.024995696
0.024995697
0.024995697
0.024995697
0.024995697
0.024995697
0.024995697
0.024995697
0.024995697
0.024995696
0.024995696
0.024995696
0.024995695
0.024995694
0.024995694
0.024995695
0.024995696
0.024995696
0.024995697
0.024995697
0.024995698
0.024995698
0.024995698
0.024995698
0.024995698
0.024995698
0.024995698
0.024995698
0.024995698
0.024995698
0.024995697
0.024995697
0.024995696
0.024995695
0.024995695
0.024995696
0.024995697
0.024995697
0.024995698
0.024995698
0.024995699
0.024995699
0.024995699
0.024995699
0.024995699
0.024995699
0.024995699
0.024995699
0.024995699
0.024995699
0.024995698
0.024995698
0.024995697
0.024995696
0.024995696
0.024995697
0.024995698
0.024995698
0.024995699
0.024995699
0.0249957
0.0249957
0.0249957
0.0249957
0.0249957
0.0249957
0.0249957
0.0249957
0.0249957
0.0249957
0.024995699
0.024995699
0.024995698
0.024995697
0.024995697
0.024995698
0.024995699
0.024995699
0.0249957
0.0249957
0.024995701
0.024995701
0.024995701
0.024995701
0.024995701
0.024995701
0.024995701
0.024995701
0.024995701
0.024995701
0.0249957
0.0249957
0.024995699
0.024995699
0.024995698
0.024995699
0.0249957
0.0249957
0.024995701
0.024995701
0.024995702
0.024995702
0.024995702
0.024995702
0.024995702
0.024995702
0.024995702
0.024995702
0.024995702
0.024995702
0.024995701
0.024995701
0.0249957
0.0249957
0.024995699
0.0249957
0.024995701
0.024995702
0.024995702
0.024995702
0.024995703
0.024995703
0.024995703
0.024995703
0.024995703
0.024995703
0.024995703
0.024995703
0.024995703
0.024995703
0.024995702
0.024995702
0.024995702
0.024995701
0.0249957
0.024995675
0.024995674
0.024995673
0.024995673
0.024995672
0.024995672
0.024995672
0.024995672
0.024995671
0.024995671
0.024995671
0.024995671
0.024995672
0.024995672
0.024995672
0.024995672
0.024995673
0.024995673
0.024995674
0.024995675
0.024995678
0.024995677
0.024995676
0.024995675
0.024995675
0.024995675
0.024995675
0.024995674
0.024995674
0.024995674
0.024995674
0.024995674
0.024995674
0.024995675
0.024995675
0.024995675
0.024995675
0.024995676
0.024995677
0.024995678
0.02499568
0.024995679
0.024995678
0.024995678
0.024995678
0.024995677
0.024995677
0.024995677
0.024995677
0.024995677
0.024995677
0.024995677
0.024995677
0.024995677
0.024995677
0.024995678
0.024995678
0.024995678
0.024995679
0.02499568
0.024995681
0.024995681
0.024995681
0.02499568
0.02499568
0.02499568
0.02499568
0.02499568
0.024995679
0.024995679
0.024995679
0.024995679
0.02499568
0.02499568
0.02499568
0.02499568
0.02499568
0.02499568
0.024995681
0.024995681
0.024995683
0.024995683
0.024995682
0.024995682
0.024995682
0.024995682
0.024995682
0.024995682
0.024995682
0.024995682
0.024995682
0.024995682
0.024995682
0.024995682
0.024995682
0.024995682
0.024995682
0.024995682
0.024995683
0.024995683
0.024995684
0.024995684
0.024995684
0.024995684
0.024995684
0.024995684
0.024995684
0.024995684
0.024995684
0.024995684
0.024995684
0.024995684
0.024995684
0.024995684
0.024995684
0.024995684
0.024995684
0.024995684
0.024995684
0.024995684
0.024995686
0.024995686
0.024995686
0.024995686
0.024995686
0.024995686
0.024995686
0.024995686
0.024995686
0.024995686
0.024995686
0.024995686
0.024995686
0.024995686
0.024995686
0.024995686
0.024995686
0.024995686
0.024995686
0.024995686
0.024995687
0.024995687
0.024995687
0.024995688
0.024995688
0.024995688
0.024995688
0.024995688
0.024995688
0.024995688
0.024995688
0.024995688
0.024995688
0.024995688
0.024995688
0.024995688
0.024995687
0.024995687
0.024995687
0.024995687
0.024995688
0.024995688
0.024995689
0.024995689
0.024995689
0.024995689
0.024995689
0.02499569
0.02499569
0.02499569
0.02499569
0.02499569
0.02499569
0.024995689
0.024995689
0.024995689
0.024995689
0.024995689
0.024995688
0.024995688
0.024995689
0.02499569
0.02499569
0.02499569
0.024995691
0.024995691
0.024995691
0.024995691
0.024995691
0.024995691
0.024995691
0.024995691
0.024995691
0.024995691
0.024995691
0.024995691
0.02499569
0.02499569
0.02499569
0.024995689
0.02499569
0.024995691
0.024995691
0.024995692
0.024995692
0.024995692
0.024995693
0.024995693
0.024995693
0.024995693
0.024995693
0.024995693
0.024995693
0.024995693
0.024995692
0.024995692
0.024995692
0.024995691
0.024995691
0.02499569
0.024995692
0.024995692
0.024995693
0.024995693
0.024995693
0.024995694
0.024995694
0.024995694
0.024995694
0.024995694
0.024995694
0.024995694
0.024995694
0.024995694
0.024995694
0.024995693
0.024995693
0.024995693
0.024995692
0.024995691
0.024995693
0.024995693
0.024995694
0.024995694
0.024995695
0.024995695
0.024995695
0.024995695
0.024995696
0.024995696
0.024995696
0.024995696
0.024995695
0.024995695
0.024995695
0.024995695
0.024995694
0.024995694
0.024995693
0.024995693
0.024995694
0.024995694
0.024995695
0.024995696
0.024995696
0.024995696
0.024995697
0.024995697
0.024995697
0.024995697
0.024995697
0.024995697
0.024995697
0.024995697
0.024995696
0.024995696
0.024995695
0.024995695
0.024995694
0.024995694
0.024995695
0.024995695
0.024995696
0.024995697
0.024995697
0.024995697
0.024995698
0.024995698
0.024995698
0.024995698
0.024995698
0.024995698
0.024995698
0.024995698
0.024995697
0.024995697
0.024995697
0.024995696
0.024995695
0.024995695
0.024995696
0.024995696
0.024995697
0.024995698
0.024995698
0.024995699
0.024995699
0.024995699
0.024995699
0.024995699
0.024995699
0.024995699
0.024995699
0.024995699
0.024995699
0.024995698
0.024995698
0.024995697
0.024995696
0.024995696
0.024995697
0.024995697
0.024995698
0.024995699
0.024995699
0.0249957
0.0249957
0.0249957
0.0249957
0.0249957
0.0249957
0.0249957
0.0249957
0.0249957
0.0249957
0.024995699
0.024995699
0.024995698
0.024995697
0.024995697
0.024995698
0.024995699
0.024995699
0.0249957
0.0249957
0.024995701
0.024995701
0.024995701
0.024995701
0.024995701
0.024995701
0.024995701
0.024995701
0.024995701
0.024995701
0.0249957
0.0249957
0.024995699
0.024995698
0.024995697
0.024995699
0.0249957
0.0249957
0.024995701
0.024995701
0.024995702
0.024995702
0.024995702
0.024995702
0.024995702
0.024995702
0.024995702
0.024995702
0.024995702
0.024995702
0.024995701
0.024995701
0.0249957
0.0249957
0.024995699
0.0249957
0.024995701
0.024995702
0.024995702
0.024995702
0.024995703
0.024995703
0.024995703
0.024995703
0.024995703
0.024995703
0.024995703
0.024995703
0.024995703
0.024995703
0.024995702
0.024995702
0.024995701
0.024995701
0.0249957
0.024995675
0.024995674
0.024995673
0.024995673
0.024995672
0.024995672
0.024995672
0.024995672
0.024995671
0.024995671
0.024995671
0.024995671
0.024995672
0.024995672
0.024995672
0.024995672
0.024995673
0.024995673
0.024995674
0.024995675
0.024995678
0.024995677
0.024995676
0.024995675
0.024995675
0.024995675
0.024995675
0.024995674
0.024995674
0.024995674
0.024995674
0.024995674
0.024995674
0.024995675
0.024995675
0.024995675
0.024995675
0.024995676
0.024995677
0.024995678
0.02499568
0.024995679
0.024995678
0.024995678
0.024995678
0.024995677
0.024995677
0.024995677
0.024995677
0.024995677
0.024995677
0.024995677
0.024995677
0.024995677
0.024995677
0.024995678
0.024995678
0.024995678
0.024995679
0.02499568
0.024995681
0.024995681
0.024995681
0.02499568
0.02499568
0.02499568
0.02499568
0.02499568
0.024995679
0.024995679
0.024995679
0.024995679
0.02499568
0.02499568
0.02499568
0.02499568
0.02499568
0.02499568
0.024995681
0.024995681
0.024995683
0.024995683
0.024995682
0.024995682
0.024995682
0.024995682
0.024995682
0.024995682
0.024995682
0.024995682
0.024995682
0.024995682
0.024995682
0.024995682
0.024995682
0.024995682
0.024995682
0.024995682
0.024995683
0.024995683
0.024995684
0.024995684
0.024995684
0.024995684
0.024995684
0.024995684
0.024995684
0.024995684
0.024995684
0.024995684
0.024995684
0.024995684
0.024995684
0.024995684
0.024995684
0.024995684
0.024995684
0.024995684
0.024995684
0.024995684
0.024995686
0.024995686
0.024995686
0.024995686
0.024995686
0.024995686
0.024995686
0.024995686
0.024995686
0.024995686
0.024995686
0.024995686
0.024995686
0.024995686
0.024995686
0.024995686
0.024995686
0.024995686
0.024995686
0.024995686
0.024995687
0.024995687
0.024995687
0.024995687
0.024995688
0.024995688
0.024995688
0.024995688
0.024995688
0.024995688
0.024995688
0.024995688
0.024995688
0.024995688
0.024995688
0.024995688
0.024995687
0.024995687
0.024995687
0.024995687
0.024995688
0.024995688
0.024995689
0.024995689
0.024995689
0.024995689
0.024995689
0.02499569
0.02499569
0.02499569
0.02499569
0.02499569
0.024995689
0.024995689
0.024995689
0.024995689
0.024995689
0.024995689
0.024995688
0.024995688
0.024995689
0.02499569
0.02499569
0.02499569
0.024995691
0.024995691
0.024995691
0.024995691
0.024995691
0.024995691
0.024995691
0.024995691
0.024995691
0.024995691
0.024995691
0.024995691
0.02499569
0.02499569
0.02499569
0.024995689
0.02499569
0.024995691
0.024995691
0.024995692
0.024995692
0.024995692
0.024995693
0.024995693
0.024995693
0.024995693
0.024995693
0.024995693
0.024995693
0.024995693
0.024995692
0.024995692
0.024995692
0.024995691
0.024995691
0.02499569
0.024995692
0.024995692
0.024995693
0.024995693
0.024995693
0.024995694
0.024995694
0.024995694
0.024995694
0.024995694
0.024995694
0.024995694
0.024995694
0.024995694
0.024995694
0.024995693
0.024995693
0.024995693
0.024995692
0.024995691
0.024995693
0.024995693
0.024995694
0.024995694
0.024995695
0.024995695
0.024995695
0.024995695
0.024995696
0.024995696
0.024995696
0.024995696
0.024995695
0.024995695
0.024995695
0.024995695
0.024995694
0.024995694
0.024995693
0.024995693
0.024995694
0.024995694
0.024995695
0.024995696
0.024995696
0.024995696
0.024995697
0.024995697
0.024995697
0.024995697
0.024995697
0.024995697
0.024995697
0.024995697
0.024995696
0.024995696
0.024995695
0.024995695
0.024995694
0.024995694
0.024995695
0.024995695
0.024995696
0.024995697
0.024995697
0.024995697
0.024995698
0.024995698
0.024995698
0.024995698
0.024995698
0.024995698
0.024995698
0.024995698
0.024995697
0.024995697
0.024995697
0.024995696
0.024995695
0.024995695
0.024995696
0.024995696
0.024995697
0.024995698
0.024995698
0.024995699
0.024995699
0.024995699
0.024995699
0.024995699
0.024995699
0.024995699
0.024995699
0.024995699
0.024995699
0.024995698
0.024995698
0.024995697
0.024995696
0.024995696
0.024995697
0.024995697
0.024995698
0.024995699
0.024995699
0.0249957
0.0249957
0.0249957
0.0249957
0.0249957
0.0249957
0.0249957
0.0249957
0.0249957
0.0249957
0.024995699
0.024995699
0.024995698
0.024995697
0.024995697
0.024995698
0.024995699
0.024995699
0.0249957
0.0249957
0.024995701
0.024995701
0.024995701
0.024995701
0.024995701
0.024995701
0.024995701
0.024995701
0.024995701
0.024995701
0.0249957
0.0249957
0.024995699
0.024995698
0.024995697
0.024995699
0.0249957
0.0249957
0.024995701
0.024995701
0.024995702
0.024995702
0.024995702
0.024995702
0.024995702
0.024995702
0.024995702
0.024995702
0.024995702
0.024995702
0.024995701
0.024995701
0.0249957
0.0249957
0.024995699
0.0249957
0.024995701
0.024995702
0.024995702
0.024995702
0.024995703
0.024995703
0.024995703
0.024995703
0.024995703
0.024995703
0.024995703
0.024995703
0.024995703
0.024995703
0.024995702
0.024995702
0.024995701
0.024995701
0.0249957
0.024995675
0.024995674
0.024995673
0.024995673
0.024995672
0.024995672
0.024995672
0.024995672
0.024995672
0.024995671
0.024995671
0.024995671
0.024995672
0.024995672
0.024995672
0.024995672
0.024995673
0.024995673
0.024995674
0.024995675
0.024995678
0.024995677
0.024995676
0.024995675
0.024995675
0.024995675
0.024995675
0.024995674
0.024995674
0.024995674
0.024995674
0.024995674
0.024995674
0.024995675
0.024995675
0.024995675
0.024995675
0.024995676
0.024995677
0.024995678
0.02499568
0.024995679
0.024995678
0.024995678
0.024995678
0.024995677
0.024995677
0.024995677
0.024995677
0.024995677
0.024995677
0.024995677
0.024995677
0.024995677
0.024995677
0.024995678
0.024995678
0.024995678
0.024995679
0.02499568
0.024995681
0.024995681
0.024995681
0.02499568
0.02499568
0.02499568
0.02499568
0.02499568
0.02499568
0.02499568
0.02499568
0.02499568
0.02499568
0.02499568
0.02499568
0.02499568
0.02499568
0.024995681
0.024995681
0.024995681
0.024995683
0.024995683
0.024995682
0.024995682
0.024995682
0.024995682
0.024995682
0.024995682
0.024995682
0.024995682
0.024995682
0.024995682
0.024995682
0.024995682
0.024995682
0.024995682
0.024995682
0.024995682
0.024995683
0.024995683
0.024995684
0.024995684
0.024995684
0.024995684
0.024995684
0.024995684
0.024995684
0.024995684
0.024995684
0.024995684
0.024995684
0.024995684
0.024995684
0.024995684
0.024995684
0.024995684
0.024995684
0.024995684
0.024995684
0.024995684
0.024995686
0.024995686
0.024995686
0.024995686
0.024995686
0.024995686
0.024995686
0.024995686
0.024995686
0.024995686
0.024995686
0.024995686
0.024995686
0.024995686
0.024995686
0.024995686
0.024995686
0.024995686
0.024995686
0.024995686
0.024995687
0.024995687
0.024995687
0.024995688
0.024995688
0.024995688
0.024995688
0.024995688
0.024995688
0.024995688
0.024995688
0.024995688
0.024995688
0.024995688
0.024995688
0.024995688
0.024995688
0.024995687
0.024995687
0.024995687
0.024995688
0.024995689
0.024995689
0.024995689
0.024995689
0.024995689
0.02499569
0.02499569
0.02499569
0.02499569
0.02499569
0.02499569
0.02499569
0.02499569
0.024995689
0.024995689
0.024995689
0.024995689
0.024995688
0.024995688
0.024995689
0.02499569
0.02499569
0.024995691
0.024995691
0.024995691
0.024995691
0.024995691
0.024995691
0.024995691
0.024995691
0.024995691
0.024995691
0.024995691
0.024995691
0.024995691
0.02499569
0.02499569
0.02499569
0.024995689
0.02499569
0.024995691
0.024995692
0.024995692
0.024995692
0.024995692
0.024995693
0.024995693
0.024995693
0.024995693
0.024995693
0.024995693
0.024995693
0.024995693
0.024995692
0.024995692
0.024995692
0.024995691
0.024995691
0.02499569
0.024995692
0.024995692
0.024995693
0.024995693
0.024995694
0.024995694
0.024995694
0.024995694
0.024995694
0.024995694
0.024995694
0.024995694
0.024995694
0.024995694
0.024995694
0.024995694
0.024995693
0.024995693
0.024995692
0.024995692
0.024995693
0.024995693
0.024995694
0.024995694
0.024995695
0.024995695
0.024995695
0.024995696
0.024995696
0.024995696
0.024995696
0.024995696
0.024995696
0.024995695
0.024995695
0.024995695
0.024995694
0.024995694
0.024995693
0.024995693
0.024995694
0.024995694
0.024995695
0.024995696
0.024995696
0.024995696
0.024995697
0.024995697
0.024995697
0.024995697
0.024995697
0.024995697
0.024995697
0.024995697
0.024995696
0.024995696
0.024995696
0.024995695
0.024995694
0.024995694
0.024995695
0.024995695
0.024995696
0.024995697
0.024995697
0.024995698
0.024995698
0.024995698
0.024995698
0.024995698
0.024995698
0.024995698
0.024995698
0.024995698
0.024995698
0.024995697
0.024995697
0.024995696
0.024995695
0.024995695
0.024995696
0.024995697
0.024995697
0.024995698
0.024995698
0.024995699
0.024995699
0.024995699
0.024995699
0.024995699
0.024995699
0.024995699
0.024995699
0.024995699
0.024995699
0.024995698
0.024995698
0.024995697
0.024995696
0.024995696
0.024995697
0.024995698
0.024995698
0.024995699
0.024995699
0.0249957
0.0249957
0.0249957
0.0249957
0.0249957
0.0249957
0.0249957
0.0249957
0.0249957
0.0249957
0.024995699
0.024995699
0.024995698
0.024995697
0.024995697
0.024995698
0.024995699
0.024995699
0.0249957
0.0249957
0.024995701
0.024995701
0.024995701
0.024995701
0.024995701
0.024995701
0.024995701
0.024995701
0.024995701
0.024995701
0.0249957
0.0249957
0.024995699
0.024995699
0.024995698
0.024995699
0.0249957
0.0249957
0.024995701
0.024995701
0.024995702
0.024995702
0.024995702
0.024995702
0.024995702
0.024995702
0.024995702
0.024995702
0.024995702
0.024995702
0.024995701
0.024995701
0.0249957
0.0249957
0.024995699
0.0249957
0.024995701
0.024995702
0.024995702
0.024995702
0.024995703
0.024995703
0.024995703
0.024995703
0.024995703
0.024995703
0.024995703
0.024995703
0.024995703
0.024995703
0.024995702
0.024995702
0.024995702
0.024995701
0.0249957
0.024995675
0.024995674
0.024995673
0.024995673
0.024995672
0.024995672
0.024995672
0.024995672
0.024995671
0.024995671
0.024995671
0.024995671
0.024995672
0.024995672
0.024995672
0.024995672
0.024995673
0.024995673
0.024995674
0.024995675
0.024995678
0.024995677
0.024995676
0.024995675
0.024995675
0.024995675
0.024995675
0.024995674
0.024995674
0.024995674
0.024995674
0.024995674
0.024995674
0.024995675
0.024995675
0.024995675
0.024995675
0.024995676
0.024995677
0.024995678
0.02499568
0.024995679
0.024995678
0.024995678
0.024995678
0.024995677
0.024995677
0.024995677
0.024995677
0.024995677
0.024995677
0.024995677
0.024995677
0.024995677
0.024995677
0.024995678
0.024995678
0.024995678
0.024995679
0.02499568
0.024995681
0.024995681
0.024995681
0.02499568
0.02499568
0.02499568
0.02499568
0.02499568
0.02499568
0.02499568
0.02499568
0.02499568
0.02499568
0.02499568
0.02499568
0.02499568
0.02499568
0.024995681
0.024995681
0.024995681
0.024995683
0.024995683
0.024995682
0.024995682
0.024995682
0.024995682
0.024995682
0.024995682
0.024995682
0.024995682
0.024995682
0.024995682
0.024995682
0.024995682
0.024995682
0.024995682
0.024995682
0.024995682
0.024995683
0.024995683
0.024995684
0.024995684
0.024995684
0.024995684
0.024995684
0.024995684
0.024995684
0.024995684
0.024995684
0.024995684
0.024995684
0.024995684
0.024995684
0.024995684
0.024995684
0.024995684
0.024995684
0.024995684
0.024995684
0.024995684
0.024995686
0.024995686
0.024995686
0.024995686
0.024995686
0.024995686
0.024995686
0.024995686
0.024995686
0.024995686
0.024995686
0.024995686
0.024995686
0.024995686
0.024995686
0.024995686
0.024995686
0.024995686
0.024995686
0.024995686
0.024995687
0.024995687
0.024995687
0.024995688
0.024995688
0.024995688
0.024995688
0.024995688
0.024995688
0.024995688
0.024995688
0.024995688
0.024995688
0.024995688
0.024995688
0.024995688
0.024995687
0.024995687
0.024995687
0.024995687
0.024995688
0.024995689
0.024995689
0.024995689
0.024995689
0.024995689
0.02499569
0.02499569
0.02499569
0.02499569
0.02499569
0.02499569
0.02499569
0.02499569
0.024995689
0.024995689
0.024995689
0.024995689
0.024995688
0.024995688
0.024995689
0.02499569
0.02499569
0.024995691
0.024995691
0.024995691
0.024995691
0.024995691
0.024995691
0.024995691
0.024995691
0.024995691
0.024995691
0.024995691
0.024995691
0.024995691
0.02499569
0.02499569
0.02499569
0.024995689
0.02499569
0.024995691
0.024995692
0.024995692
0.024995692
0.024995692
0.024995693
0.024995693
0.024995693
0.024995693
0.024995693
0.024995693
0.024995693
0.024995693
0.024995692
0.024995692
0.024995692
0.024995691
0.024995691
0.02499569
0.024995692
0.024995692
0.024995693
0.024995693
0.024995694
0.024995694
0.024995694
0.024995694
0.024995694
0.024995694
0.024995694
0.024995694
0.024995694
0.024995694
0.024995694
0.024995694
0.024995693
0.024995693
0.024995692
0.024995691
0.024995693
0.024995693
0.024995694
0.024995694
0.024995695
0.024995695
0.024995695
0.024995696
0.024995696
0.024995696
0.024995696
0.024995696
0.024995696
0.024995695
0.024995695
0.024995695
0.024995694
0.024995694
0.024995693
0.024995693
0.024995694
0.024995694
0.024995695
0.024995696
0.024995696
0.024995696
0.024995697
0.024995697
0.024995697
0.024995697
0.024995697
0.024995697
0.024995697
0.024995697
0.024995696
0.024995696
0.024995696
0.024995695
0.024995694
0.024995694
0.024995695
0.024995695
0.024995696
0.024995697
0.024995697
0.024995698
0.024995698
0.024995698
0.024995698
0.024995698
0.024995698
0.024995698
0.024995698
0.024995698
0.024995698
0.024995697
0.024995697
0.024995696
0.024995695
0.024995695
0.024995696
0.024995696
0.024995697
0.024995698
0.024995698
0.024995699
0.024995699
0.024995699
0.024995699
0.024995699
0.024995699
0.024995699
0.024995699
0.024995699
0.024995699
0.024995698
0.024995698
0.024995697
0.024995696
0.024995696
0.024995697
0.024995698
0.024995698
0.024995699
0.024995699
0.0249957
0.0249957
0.0249957
0.0249957
0.0249957
0.0249957
0.0249957
0.0249957
0.0249957
0.0249957
0.024995699
0.024995699
0.024995698
0.024995697
0.024995697
0.024995698
0.024995699
0.024995699
0.0249957
0.0249957
0.024995701
0.024995701
0.024995701
0.024995701
0.024995701
0.024995701
0.024995701
0.024995701
0.024995701
0.024995701
0.0249957
0.0249957
0.024995699
0.024995699
0.024995698
0.024995699
0.0249957
0.0249957
0.024995701
0.024995701
0.024995702
0.024995702
0.024995702
0.024995702
0.024995702
0.024995702
0.024995702
0.024995702
0.024995702
0.024995702
0.024995701
0.024995701
0.0249957
0.0249957
0.024995699
0.0249957
0.024995701
0.024995702
0.024995702
0.024995702
0.024995703
0.024995703
0.024995703
0.024995703
0.024995703
0.024995703
0.024995703
0.024995703
0.024995703
0.024995703
0.024995702
0.024995702
0.024995702
0.024995701
0.0249957
0.024995675
0.024995674
0.024995673
0.024995673
0.024995672
0.024995672
0.024995672
0.024995672
0.024995671
0.024995671
0.024995671
0.024995671
0.024995672
0.024995672
0.024995672
0.024995672
0.024995673
0.024995673
0.024995674
0.024995675
0.024995678
0.024995677
0.024995676
0.024995675
0.024995675
0.024995675
0.024995675
0.024995674
0.024995674
0.024995674
0.024995674
0.024995674
0.024995674
0.024995675
0.024995675
0.024995675
0.024995675
0.024995676
0.024995677
0.024995678
0.02499568
0.024995679
0.024995678
0.024995678
0.024995678
0.024995677
0.024995677
0.024995677
0.024995677
0.024995677
0.024995677
0.024995677
0.024995677
0.024995677
0.024995677
0.024995678
0.024995678
0.024995678
0.024995679
0.02499568
0.024995681
0.024995681
0.024995681
0.02499568
0.02499568
0.02499568
0.02499568
0.02499568
0.024995679
0.024995679
0.024995679
0.024995679
0.024995679
0.02499568
0.02499568
0.02499568
0.02499568
0.024995681
0.024995681
0.024995681
0.024995683
0.024995683
0.024995682
0.024995682
0.024995682
0.024995682
0.024995682
0.024995682
0.024995682
0.024995682
0.024995682
0.024995682
0.024995682
0.024995682
0.024995682
0.024995682
0.024995682
0.024995682
0.024995683
0.024995683
0.024995684
0.024995684
0.024995684
0.024995684
0.024995684
0.024995684
0.024995684
0.024995684
0.024995684
0.024995684
0.024995684
0.024995684
0.024995684
0.024995684
0.024995684
0.024995684
0.024995684
0.024995684
0.024995684
0.024995684
0.024995686
0.024995686
0.024995686
0.024995686
0.024995686
0.024995686
0.024995686
0.024995686
0.024995686
0.024995686
0.024995686
0.024995686
0.024995686
0.024995686
0.024995686
0.024995686
0.024995686
0.024995686
0.024995686
0.024995686
0.024995687
0.024995687
0.024995687
0.024995687
0.024995688
0.024995688
0.024995688
0.024995688
0.024995688
0.024995688
0.024995688
0.024995688
0.024995688
0.024995688
0.024995688
0.024995687
0.024995687
0.024995687
0.024995687
0.024995687
0.024995688
0.024995688
0.024995689
0.024995689
0.024995689
0.024995689
0.024995689
0.024995689
0.02499569
0.02499569
0.02499569
0.02499569
0.02499569
0.024995689
0.024995689
0.024995689
0.024995689
0.024995689
0.024995688
0.024995688
0.024995689
0.02499569
0.02499569
0.02499569
0.024995691
0.024995691
0.024995691
0.024995691
0.024995691
0.024995691
0.024995691
0.024995691
0.024995691
0.024995691
0.024995691
0.024995691
0.02499569
0.02499569
0.02499569
0.024995689
0.02499569
0.024995691
0.024995691
0.024995692
0.024995692
0.024995692
0.024995692
0.024995693
0.024995693
0.024995693
0.024995693
0.024995693
0.024995693
0.024995693
0.024995692
0.024995692
0.024995692
0.024995691
0.024995691
0.02499569
0.024995692
0.024995692
0.024995693
0.024995693
0.024995693
0.024995694
0.024995694
0.024995694
0.024995694
0.024995694
0.024995694
0.024995694
0.024995694
0.024995694
0.024995694
0.024995693
0.024995693
0.024995693
0.024995692
0.024995691
0.024995693
0.024995693
0.024995694
0.024995694
0.024995695
0.024995695
0.024995695
0.024995695
0.024995695
0.024995696
0.024995696
0.024995695
0.024995695
0.024995695
0.024995695
0.024995695
0.024995694
0.024995694
0.024995693
0.024995693
0.024995694
0.024995694
0.024995695
0.024995696
0.024995696
0.024995696
0.024995697
0.024995697
0.024995697
0.024995697
0.024995697
0.024995697
0.024995697
0.024995696
0.024995696
0.024995696
0.024995696
0.024995695
0.024995694
0.024995694
0.024995695
0.024995695
0.024995696
0.024995697
0.024995697
0.024995697
0.024995698
0.024995698
0.024995698
0.024995698
0.024995698
0.024995698
0.024995698
0.024995698
0.024995697
0.024995697
0.024995697
0.024995696
0.024995695
0.024995695
0.024995696
0.024995696
0.024995697
0.024995698
0.024995698
0.024995699
0.024995699
0.024995699
0.024995699
0.024995699
0.024995699
0.024995699
0.024995699
0.024995699
0.024995698
0.024995698
0.024995698
0.024995697
0.024995696
0.024995696
0.024995697
0.024995697
0.024995698
0.024995699
0.024995699
0.0249957
0.0249957
0.0249957
0.0249957
0.0249957
0.0249957
0.0249957
0.0249957
0.0249957
0.0249957
0.024995699
0.024995699
0.024995698
0.024995697
0.024995697
0.024995698
0.024995699
0.024995699
0.0249957
0.0249957
0.024995701
0.024995701
0.024995701
0.024995701
0.024995701
0.024995701
0.024995701
0.024995701
0.024995701
0.024995701
0.0249957
0.0249957
0.024995699
0.024995698
0.024995697
0.024995699
0.0249957
0.0249957
0.024995701
0.024995701
0.024995702
0.024995702
0.024995702
0.024995702
0.024995702
0.024995702
0.024995702
0.024995702
0.024995702
0.024995702
0.024995701
0.024995701
0.0249957
0.0249957
0.024995699
0.0249957
0.024995701
0.024995702
0.024995702
0.024995702
0.024995703
0.024995703
0.024995703
0.024995703
0.024995703
0.024995703
0.024995703
0.024995703
0.024995703
0.024995703
0.024995702
0.024995702
0.024995701
0.024995701
0.0249957
0.024995675
0.024995674
0.024995673
0.024995673
0.024995672
0.024995672
0.024995672
0.024995672
0.024995671
0.024995671
0.024995671
0.024995671
0.024995672
0.024995672
0.024995672
0.024995672
0.024995673
0.024995673
0.024995674
0.024995675
0.024995678
0.024995677
0.024995676
0.024995675
0.024995675
0.024995675
0.024995675
0.024995674
0.024995674
0.024995674
0.024995674
0.024995674
0.024995674
0.024995675
0.024995675
0.024995675
0.024995675
0.024995676
0.024995677
0.024995678
0.02499568
0.024995679
0.024995678
0.024995678
0.024995678
0.024995677
0.024995677
0.024995677
0.024995677
0.024995677
0.024995677
0.024995677
0.024995677
0.024995677
0.024995677
0.024995678
0.024995678
0.024995678
0.024995679
0.02499568
0.024995681
0.024995681
0.024995681
0.02499568
0.02499568
0.02499568
0.02499568
0.02499568
0.02499568
0.024995679
0.024995679
0.024995679
0.024995679
0.02499568
0.02499568
0.02499568
0.02499568
0.024995681
0.024995681
0.024995681
0.024995683
0.024995683
0.024995682
0.024995682
0.024995682
0.024995682
0.024995682
0.024995682
0.024995682
0.024995682
0.024995682
0.024995682
0.024995682
0.024995682
0.024995682
0.024995682
0.024995682
0.024995682
0.024995683
0.024995683
0.024995684
0.024995684
0.024995684
0.024995684
0.024995684
0.024995684
0.024995684
0.024995684
0.024995684
0.024995684
0.024995684
0.024995684
0.024995684
0.024995684
0.024995684
0.024995684
0.024995684
0.024995684
0.024995684
0.024995684
0.024995686
0.024995686
0.024995686
0.024995686
0.024995686
0.024995686
0.024995686
0.024995686
0.024995686
0.024995686
0.024995686
0.024995686
0.024995686
0.024995686
0.024995686
0.024995686
0.024995686
0.024995686
0.024995686
0.024995686
0.024995687
0.024995687
0.024995687
0.024995687
0.024995688
0.024995688
0.024995688
0.024995688
0.024995688
0.024995688
0.024995688
0.024995688
0.024995688
0.024995688
0.024995688
0.024995687
0.024995687
0.024995687
0.024995687
0.024995687
0.024995688
0.024995689
0.024995689
0.024995689
0.024995689
0.024995689
0.024995689
0.024995689
0.02499569
0.02499569
0.02499569
0.02499569
0.02499569
0.024995689
0.024995689
0.024995689
0.024995689
0.024995689
0.024995688
0.024995688
0.024995689
0.02499569
0.02499569
0.02499569
0.024995691
0.024995691
0.024995691
0.024995691
0.024995691
0.024995691
0.024995691
0.024995691
0.024995691
0.024995691
0.024995691
0.024995691
0.02499569
0.02499569
0.02499569
0.024995689
0.02499569
0.024995691
0.024995692
0.024995692
0.024995692
0.024995692
0.024995692
0.024995693
0.024995693
0.024995693
0.024995693
0.024995693
0.024995693
0.024995693
0.024995692
0.024995692
0.024995692
0.024995691
0.024995691
0.02499569
0.024995692
0.024995692
0.024995693
0.024995693
0.024995694
0.024995694
0.024995694
0.024995694
0.024995694
0.024995694
0.024995694
0.024995694
0.024995694
0.024995694
0.024995694
0.024995693
0.024995693
0.024995693
0.024995692
0.024995691
0.024995693
0.024995693
0.024995694
0.024995694
0.024995695
0.024995695
0.024995695
0.024995695
0.024995696
0.024995696
0.024995696
0.024995695
0.024995695
0.024995695
0.024995695
0.024995695
0.024995694
0.024995694
0.024995693
0.024995693
0.024995694
0.024995694
0.024995695
0.024995696
0.024995696
0.024995696
0.024995697
0.024995697
0.024995697
0.024995697
0.024995697
0.024995697
0.024995697
0.024995697
0.024995696
0.024995696
0.024995696
0.024995695
0.024995694
0.024995694
0.024995695
0.024995695
0.024995696
0.024995697
0.024995697
0.024995698
0.024995698
0.024995698
0.024995698
0.024995698
0.024995698
0.024995698
0.024995698
0.024995698
0.024995697
0.024995697
0.024995697
0.024995696
0.024995695
0.024995695
0.024995696
0.024995696
0.024995697
0.024995698
0.024995698
0.024995699
0.024995699
0.024995699
0.024995699
0.024995699
0.024995699
0.024995699
0.024995699
0.024995699
0.024995699
0.024995698
0.024995698
0.024995697
0.024995696
0.024995696
0.024995697
0.024995697
0.024995698
0.024995699
0.024995699
0.0249957
0.0249957
0.0249957
0.0249957
0.0249957
0.0249957
0.0249957
0.0249957
0.0249957
0.0249957
0.024995699
0.024995699
0.024995698
0.024995697
0.024995697
0.024995698
0.024995699
0.024995699
0.0249957
0.0249957
0.024995701
0.024995701
0.024995701
0.024995701
0.024995701
0.024995701
0.024995701
0.024995701
0.024995701
0.024995701
0.0249957
0.0249957
0.024995699
0.024995698
0.024995698
0.024995699
0.0249957
0.0249957
0.024995701
0.024995701
0.024995702
0.024995702
0.024995702
0.024995702
0.024995702
0.024995702
0.024995702
0.024995702
0.024995702
0.024995702
0.024995701
0.024995701
0.0249957
0.0249957
0.024995699
0.0249957
0.024995701
0.024995702
0.024995702
0.024995702
0.024995703
0.024995703
0.024995703
0.024995703
0.024995703
0.024995703
0.024995703
0.024995703
0.024995703
0.024995703
0.024995702
0.024995702
0.024995702
0.024995701
0.0249957
0.024995675
0.024995674
0.024995673
0.024995673
0.024995672
0.024995672
0.024995672
0.024995672
0.024995671
0.024995671
0.024995671
0.024995672
0.024995672
0.024995672
0.024995672
0.024995672
0.024995673
0.024995673
0.024995674
0.024995675
0.024995678
0.024995677
0.024995676
0.024995676
0.024995675
0.024995675
0.024995675
0.024995674
0.024995674
0.024995674
0.024995674
0.024995674
0.024995675
0.024995675
0.024995675
0.024995675
0.024995676
0.024995676
0.024995677
0.024995678
0.02499568
0.024995679
0.024995678
0.024995678
0.024995678
0.024995678
0.024995677
0.024995677
0.024995677
0.024995677
0.024995677
0.024995677
0.024995677
0.024995677
0.024995678
0.024995678
0.024995678
0.024995678
0.024995679
0.02499568
0.024995681
0.024995681
0.024995681
0.02499568
0.02499568
0.02499568
0.02499568
0.02499568
0.02499568
0.02499568
0.02499568
0.02499568
0.02499568
0.02499568
0.02499568
0.02499568
0.02499568
0.024995681
0.024995681
0.024995681
0.024995683
0.024995683
0.024995683
0.024995682
0.024995682
0.024995682
0.024995682
0.024995682
0.024995682
0.024995682
0.024995682
0.024995682
0.024995682
0.024995682
0.024995682
0.024995682
0.024995682
0.024995683
0.024995683
0.024995683
0.024995684
0.024995684
0.024995684
0.024995684
0.024995684
0.024995684
0.024995684
0.024995684
0.024995684
0.024995684
0.024995684
0.024995684
0.024995684
0.024995684
0.024995684
0.024995684
0.024995684
0.024995684
0.024995684
0.024995684
0.024995686
0.024995686
0.024995686
0.024995686
0.024995686
0.024995686
0.024995686
0.024995686
0.024995686
0.024995686
0.024995686
0.024995686
0.024995686
0.024995686
0.024995686
0.024995686
0.024995686
0.024995686
0.024995686
0.024995686
0.024995687
0.024995687
0.024995687
0.024995688
0.024995688
0.024995688
0.024995688
0.024995688
0.024995688
0.024995688
0.024995688
0.024995688
0.024995688
0.024995688
0.024995688
0.024995688
0.024995687
0.024995687
0.024995687
0.024995687
0.024995688
0.024995689
0.024995689
0.024995689
0.024995689
0.024995689
0.02499569
0.02499569
0.02499569
0.02499569
0.02499569
0.02499569
0.02499569
0.02499569
0.024995689
0.024995689
0.024995689
0.024995689
0.024995688
0.024995688
0.024995689
0.02499569
0.02499569
0.024995691
0.024995691
0.024995691
0.024995691
0.024995691
0.024995691
0.024995692
0.024995692
0.024995692
0.024995692
0.024995691
0.024995691
0.024995691
0.02499569
0.02499569
0.02499569
0.024995689
0.02499569
0.024995691
0.024995692
0.024995692
0.024995692
0.024995693
0.024995693
0.024995693
0.024995693
0.024995693
0.024995693
0.024995693
0.024995693
0.024995693
0.024995693
0.024995692
0.024995692
0.024995691
0.024995691
0.02499569
0.024995692
0.024995692
0.024995693
0.024995693
0.024995694
0.024995694
0.024995694
0.024995694
0.024995694
0.024995694
0.024995694
0.024995694
0.024995694
0.024995694
0.024995694
0.024995694
0.024995693
0.024995693
0.024995692
0.024995691
0.024995693
0.024995693
0.024995694
0.024995695
0.024995695
0.024995695
0.024995696
0.024995696
0.024995696
0.024995696
0.024995696
0.024995696
0.024995696
0.024995696
0.024995695
0.024995695
0.024995695
0.024995694
0.024995693
0.024995693
0.024995694
0.024995694
0.024995695
0.024995696
0.024995696
0.024995697
0.024995697
0.024995697
0.024995697
0.024995697
0.024995697
0.024995697
0.024995697
0.024995697
0.024995697
0.024995696
0.024995696
0.024995695
0.024995694
0.024995694
0.024995695
0.024995695
0.024995696
0.024995697
0.024995697
0.024995698
0.024995698
0.024995698
0.024995698
0.024995698
0.024995698
0.024995698
0.024995698
0.024995698
0.024995698
0.024995697
0.024995697
0.024995696
0.024995695
0.024995695
0.024995696
0.024995696
0.024995697
0.024995698
0.024995698
0.024995699
0.024995699
0.024995699
0.024995699
0.024995699
0.024995699
0.024995699
0.024995699
0.024995699
0.024995699
0.024995698
0.024995698
0.024995697
0.024995696
0.024995696
0.024995697
0.024995698
0.024995698
0.024995699
0.024995699
0.0249957
0.0249957
0.0249957
0.024995701
0.024995701
0.0249957
0.0249957
0.0249957
0.0249957
0.0249957
0.024995699
0.024995699
0.024995698
0.024995698
0.024995697
0.024995698
0.024995699
0.024995699
0.0249957
0.0249957
0.024995701
0.024995701
0.024995701
0.024995701
0.024995701
0.024995701
0.024995701
0.024995701
0.024995701
0.024995701
0.0249957
0.0249957
0.024995699
0.024995699
0.024995698
0.024995699
0.0249957
0.0249957
0.024995701
0.024995701
0.024995702
0.024995702
0.024995702
0.024995702
0.024995702
0.024995702
0.024995702
0.024995702
0.024995702
0.024995702
0.024995701
0.024995701
0.0249957
0.0249957
0.024995699
0.0249957
0.024995701
0.024995702
0.024995702
0.024995702
0.024995703
0.024995703
0.024995703
0.024995703
0.024995703
0.024995703
0.024995703
0.024995703
0.024995703
0.024995703
0.024995702
0.024995702
0.024995702
0.024995701
0.0249957
0.024995675
0.024995674
0.024995673
0.024995673
0.024995672
0.024995672
0.024995672
0.024995672
0.024995671
0.024995671
0.024995671
0.024995672
0.024995672
0.024995672
0.024995672
0.024995672
0.024995673
0.024995673
0.024995674
0.024995675
0.024995678
0.024995677
0.024995676
0.024995676
0.024995675
0.024995675
0.024995675
0.024995675
0.024995674
0.024995674
0.024995674
0.024995674
0.024995675
0.024995675
0.024995675
0.024995675
0.024995676
0.024995676
0.024995677
0.024995678
0.02499568
0.024995679
0.024995679
0.024995678
0.024995678
0.024995678
0.024995677
0.024995677
0.024995677
0.024995677
0.024995677
0.024995677
0.024995677
0.024995677
0.024995678
0.024995678
0.024995678
0.024995679
0.024995679
0.02499568
0.024995681
0.024995681
0.024995681
0.02499568
0.02499568
0.02499568
0.02499568
0.02499568
0.02499568
0.02499568
0.02499568
0.02499568
0.02499568
0.02499568
0.02499568
0.02499568
0.02499568
0.024995681
0.024995681
0.024995681
0.024995683
0.024995683
0.024995683
0.024995682
0.024995682
0.024995682
0.024995682
0.024995682
0.024995682
0.024995682
0.024995682
0.024995682
0.024995682
0.024995682
0.024995682
0.024995682
0.024995682
0.024995683
0.024995683
0.024995683
0.024995684
0.024995684
0.024995684
0.024995684
0.024995684
0.024995684
0.024995684
0.024995684
0.024995684
0.024995684
0.024995684
0.024995684
0.024995684
0.024995684
0.024995684
0.024995684
0.024995684
0.024995684
0.024995684
0.024995684
0.024995686
0.024995686
0.024995686
0.024995686
0.024995686
0.024995686
0.024995686
0.024995686
0.024995686
0.024995686
0.024995686
0.024995686
0.024995686
0.024995686
0.024995686
0.024995686
0.024995686
0.024995686
0.024995686
0.024995686
0.024995687
0.024995687
0.024995687
0.024995688
0.024995688
0.024995688
0.024995688
0.024995688
0.024995688
0.024995688
0.024995688
0.024995688
0.024995688
0.024995688
0.024995688
0.024995688
0.024995688
0.024995687
0.024995687
0.024995687
0.024995688
0.024995689
0.024995689
0.024995689
0.024995689
0.02499569
0.02499569
0.02499569
0.02499569
0.02499569
0.02499569
0.02499569
0.02499569
0.02499569
0.02499569
0.024995689
0.024995689
0.024995689
0.024995689
0.024995688
0.024995689
0.02499569
0.02499569
0.024995691
0.024995691
0.024995691
0.024995691
0.024995691
0.024995691
0.024995692
0.024995692
0.024995692
0.024995692
0.024995691
0.024995691
0.024995691
0.02499569
0.02499569
0.02499569
0.024995689
0.024995691
0.024995691
0.024995692
0.024995692
0.024995692
0.024995693
0.024995693
0.024995693
0.024995693
0.024995693
0.024995693
0.024995693
0.024995693
0.024995693
0.024995693
0.024995692
0.024995692
0.024995691
0.024995691
0.02499569
0.024995692
0.024995692
0.024995693
0.024995693
0.024995694
0.024995694
0.024995694
0.024995694
0.024995694
0.024995694
0.024995695
0.024995695
0.024995695
0.024995694
0.024995694
0.024995694
0.024995693
0.024995693
0.024995692
0.024995691
0.024995693
0.024995693
0.024995694
0.024995695
0.024995695
0.024995695
0.024995696
0.024995696
0.024995696
0.024995696
0.024995696
0.024995696
0.024995696
0.024995696
0.024995695
0.024995695
0.024995695
0.024995694
0.024995693
0.024995693
0.024995694
0.024995694
0.024995695
0.024995696
0.024995696
0.024995697
0.024995697
0.024995697
0.024995697
0.024995697
0.024995697
0.024995697
0.024995697
0.024995697
0.024995697
0.024995696
0.024995696
0.024995695
0.024995694
0.024995694
0.024995695
0.024995695
0.024995696
0.024995697
0.024995697
0.024995698
0.024995698
0.024995698
0.024995698
0.024995698
0.024995698
0.024995698
0.024995698
0.024995698
0.024995698
0.024995697
0.024995697
0.024995696
0.024995695
0.024995695
0.024995696
0.024995696
0.024995697
0.024995698
0.024995698
0.024995699
0.024995699
0.024995699
0.0249957
0.0249957
0.024995699
0.024995699
0.024995699
0.024995699
0.024995699
0.024995698
0.024995698
0.024995697
0.024995697
0.024995696
0.024995697
0.024995698
0.024995698
0.024995699
0.024995699
0.0249957
0.0249957
0.0249957
0.024995701
0.024995701
0.024995701
0.0249957
0.0249957
0.0249957
0.0249957
0.024995699
0.024995699
0.024995698
0.024995698
0.024995697
0.024995698
0.024995699
0.024995699
0.0249957
0.0249957
0.024995701
0.024995701
0.024995701
0.024995702
0.024995702
0.024995702
0.024995701
0.024995701
0.024995701
0.024995701
0.0249957
0.0249957
0.024995699
0.024995699
0.024995698
0.024995699
0.0249957
0.0249957
0.024995701
0.024995701
0.024995702
0.024995702
0.024995702
0.024995702
0.024995702
0.024995702
0.024995702
0.024995702
0.024995702
0.024995702
0.024995701
0.024995701
0.0249957
0.0249957
0.024995699
0.0249957
0.024995701
0.024995702
0.024995702
0.024995702
0.024995703
0.024995703
0.024995703
0.024995703
0.024995703
0.024995703
0.024995703
0.024995703
0.024995703
0.024995703
0.024995702
0.024995702
0.024995702
0.024995701
0.0249957
0.024995675
0.024995674
0.024995673
0.024995673
0.024995672
0.024995672
0.024995672
0.024995672
0.024995671
0.024995671
0.024995671
0.024995672
0.024995672
0.024995672
0.024995672
0.024995672
0.024995673
0.024995673
0.024995674
0.024995675
0.024995678
0.024995677
0.024995676
0.024995675
0.024995675
0.024995675
0.024995675
0.024995674
0.024995674
0.024995674
0.024995674
0.024995674
0.024995674
0.024995675
0.024995675
0.024995675
0.024995675
0.024995676
0.024995677
0.024995678
0.02499568
0.024995679
0.024995678
0.024995678
0.024995678
0.024995677
0.024995677
0.024995677
0.024995677
0.024995677
0.024995677
0.024995677
0.024995677
0.024995677
0.024995677
0.024995678
0.024995678
0.024995678
0.024995679
0.02499568
0.024995681
0.024995681
0.024995681
0.02499568
0.02499568
0.02499568
0.02499568
0.02499568
0.02499568
0.024995679
0.024995679
0.024995679
0.024995679
0.02499568
0.02499568
0.02499568
0.02499568
0.024995681
0.024995681
0.024995681
0.024995683
0.024995683
0.024995682
0.024995682
0.024995682
0.024995682
0.024995682
0.024995682
0.024995682
0.024995682
0.024995682
0.024995682
0.024995682
0.024995682
0.024995682
0.024995682
0.024995682
0.024995683
0.024995683
0.024995683
0.024995684
0.024995684
0.024995684
0.024995684
0.024995684
0.024995684
0.024995684
0.024995684
0.024995684
0.024995684
0.024995684
0.024995684
0.024995684
0.024995684
0.024995684
0.024995684
0.024995684
0.024995684
0.024995684
0.024995684
0.024995686
0.024995686
0.024995686
0.024995686
0.024995686
0.024995686
0.024995686
0.024995686
0.024995686
0.024995686
0.024995686
0.024995686
0.024995686
0.024995686
0.024995686
0.024995686
0.024995686
0.024995686
0.024995686
0.024995686
0.024995687
0.024995687
0.024995687
0.024995687
0.024995688
0.024995688
0.024995688
0.024995688
0.024995688
0.024995688
0.024995688
0.024995688
0.024995688
0.024995688
0.024995688
0.024995687
0.024995687
0.024995687
0.024995687
0.024995687
0.024995688
0.024995689
0.024995689
0.024995689
0.024995689
0.024995689
0.024995689
0.02499569
0.02499569
0.02499569
0.02499569
0.02499569
0.02499569
0.02499569
0.024995689
0.024995689
0.024995689
0.024995689
0.024995688
0.024995688
0.024995689
0.02499569
0.02499569
0.02499569
0.024995691
0.024995691
0.024995691
0.024995691
0.024995691
0.024995691
0.024995691
0.024995692
0.024995691
0.024995691
0.024995691
0.024995691
0.02499569
0.02499569
0.02499569
0.024995689
0.02499569
0.024995691
0.024995692
0.024995692
0.024995692
0.024995692
0.024995692
0.024995693
0.024995693
0.024995693
0.024995693
0.024995693
0.024995693
0.024995693
0.024995692
0.024995692
0.024995692
0.024995691
0.024995691
0.02499569
0.024995692
0.024995692
0.024995693
0.024995693
0.024995694
0.024995694
0.024995694
0.024995694
0.024995694
0.024995694
0.024995694
0.024995694
0.024995694
0.024995694
0.024995694
0.024995694
0.024995693
0.024995693
0.024995692
0.024995691
0.024995693
0.024995693
0.024995694
0.024995695
0.024995695
0.024995695
0.024995695
0.024995695
0.024995695
0.024995695
0.024995695
0.024995696
0.024995696
0.024995695
0.024995695
0.024995695
0.024995694
0.024995694
0.024995693
0.024995693
0.024995694
0.024995694
0.024995695
0.024995696
0.024995696
0.024995697
0.024995697
0.024995697
0.024995697
0.024995697
0.024995697
0.024995697
0.024995697
0.024995697
0.024995696
0.024995696
0.024995696
0.024995695
0.024995694
0.024995694
0.024995695
0.024995695
0.024995696
0.024995697
0.024995697
0.024995698
0.024995698
0.024995698
0.024995698
0.024995698
0.024995698
0.024995698
0.024995698
0.024995698
0.024995698
0.024995697
0.024995697
0.024995696
0.024995695
0.024995695
0.024995696
0.024995696
0.024995697
0.024995698
0.024995698
0.024995699
0.024995699
0.024995699
0.024995699
0.024995699
0.024995699
0.024995699
0.024995699
0.024995699
0.024995699
0.024995698
0.024995698
0.024995697
0.024995696
0.024995696
0.024995697
0.024995697
0.024995698
0.024995699
0.024995699
0.0249957
0.0249957
0.0249957
0.0249957
0.0249957
0.0249957
0.0249957
0.0249957
0.0249957
0.0249957
0.024995699
0.024995699
0.024995698
0.024995697
0.024995697
0.024995698
0.024995699
0.024995699
0.0249957
0.0249957
0.024995701
0.024995701
0.024995701
0.024995701
0.024995701
0.024995701
0.024995701
0.024995701
0.024995701
0.024995701
0.0249957
0.0249957
0.024995699
0.024995699
0.024995698
0.024995699
0.0249957
0.0249957
0.024995701
0.024995701
0.024995702
0.024995702
0.024995702
0.024995702
0.024995702
0.024995702
0.024995702
0.024995702
0.024995702
0.024995702
0.024995701
0.024995701
0.0249957
0.0249957
0.024995699
0.0249957
0.024995701
0.024995702
0.024995702
0.024995702
0.024995702
0.024995703
0.024995703
0.024995703
0.024995703
0.024995703
0.024995703
0.024995703
0.024995703
0.024995703
0.024995702
0.024995702
0.024995702
0.024995701
0.0249957
0.024995675
0.024995674
0.024995673
0.024995673
0.024995672
0.024995672
0.024995672
0.024995672
0.024995671
0.024995671
0.024995671
0.024995671
0.024995672
0.024995672
0.024995672
0.024995672
0.024995673
0.024995673
0.024995674
0.024995675
0.024995678
0.024995677
0.024995676
0.024995675
0.024995675
0.024995675
0.024995674
0.024995674
0.024995674
0.024995674
0.024995674
0.024995674
0.024995674
0.024995675
0.024995675
0.024995675
0.024995675
0.024995676
0.024995677
0.024995678
0.02499568
0.024995679
0.024995678
0.024995678
0.024995678
0.024995677
0.024995677
0.024995677
0.024995677
0.024995677
0.024995677
0.024995677
0.024995677
0.024995677
0.024995677
0.024995678
0.024995678
0.024995678
0.024995679
0.02499568
0.024995681
0.024995681
0.02499568
0.02499568
0.02499568
0.02499568
0.02499568
0.024995679
0.024995679
0.024995679
0.024995679
0.024995679
0.024995679
0.024995679
0.02499568
0.02499568
0.02499568
0.024995681
0.024995681
0.024995681
0.024995683
0.024995683
0.024995682
0.024995682
0.024995682
0.024995682
0.024995682
0.024995682
0.024995682
0.024995682
0.024995681
0.024995681
0.024995681
0.024995682
0.024995682
0.024995682
0.024995682
0.024995682
0.024995683
0.024995683
0.024995684
0.024995684
0.024995684
0.024995684
0.024995684
0.024995684
0.024995684
0.024995684
0.024995684
0.024995684
0.024995684
0.024995684
0.024995684
0.024995684
0.024995684
0.024995684
0.024995684
0.024995684
0.024995684
0.024995684
0.024995686
0.024995686
0.024995686
0.024995686
0.024995686
0.024995686
0.024995686
0.024995686
0.024995686
0.024995686
0.024995686
0.024995686
0.024995686
0.024995685
0.024995685
0.024995686
0.024995686
0.024995686
0.024995686
0.024995686
0.024995687
0.024995687
0.024995687
0.024995687
0.024995687
0.024995687
0.024995687
0.024995688
0.024995688
0.024995688
0.024995688
0.024995688
0.024995688
0.024995687
0.024995687
0.024995687
0.024995687
0.024995687
0.024995687
0.024995687
0.024995688
0.024995688
0.024995689
0.024995689
0.024995689
0.024995689
0.024995689
0.024995689
0.024995689
0.02499569
0.02499569
0.02499569
0.024995689
0.024995689
0.024995689
0.024995689
0.024995689
0.024995688
0.024995688
0.024995688
0.024995689
0.02499569
0.02499569
0.02499569
0.02499569
0.02499569
0.024995691
0.024995691
0.024995691
0.024995691
0.024995691
0.024995691
0.024995691
0.024995691
0.024995691
0.02499569
0.02499569
0.02499569
0.02499569
0.024995689
0.02499569
0.024995691
0.024995691
0.024995692
0.024995692
0.024995692
0.024995692
0.024995692
0.024995692
0.024995692
0.024995693
0.024995693
0.024995693
0.024995693
0.024995692
0.024995692
0.024995691
0.024995691
0.024995691
0.02499569
0.024995692
0.024995692
0.024995693
0.024995693
0.024995693
0.024995694
0.024995694
0.024995694
0.024995694
0.024995694
0.024995694
0.024995694
0.024995694
0.024995694
0.024995694
0.024995693
0.024995693
0.024995692
0.024995692
0.024995691
0.024995693
0.024995693
0.024995694
0.024995694
0.024995695
0.024995695
0.024995695
0.024995695
0.024995695
0.024995695
0.024995695
0.024995695
0.024995695
0.024995695
0.024995695
0.024995695
0.024995694
0.024995694
0.024995693
0.024995692
0.024995694
0.024995694
0.024995695
0.024995696
0.024995696
0.024995696
0.024995696
0.024995697
0.024995696
0.024995696
0.024995696
0.024995696
0.024995696
0.024995696
0.024995696
0.024995696
0.024995695
0.024995695
0.024995694
0.024995694
0.024995695
0.024995695
0.024995696
0.024995697
0.024995697
0.024995698
0.024995698
0.024995698
0.024995698
0.024995698
0.024995698
0.024995698
0.024995698
0.024995697
0.024995697
0.024995697
0.024995697
0.024995696
0.024995695
0.024995695
0.024995696
0.024995696
0.024995697
0.024995698
0.024995698
0.024995699
0.024995699
0.024995699
0.024995699
0.024995699
0.024995699
0.024995699
0.024995699
0.024995699
0.024995698
0.024995698
0.024995698
0.024995697
0.024995696
0.024995696
0.024995697
0.024995697
0.024995698
0.024995699
0.024995699
0.0249957
0.0249957
0.0249957
0.0249957
0.0249957
0.0249957
0.0249957
0.0249957
0.0249957
0.024995699
0.024995699
0.024995699
0.024995698
0.024995697
0.024995697
0.024995698
0.024995698
0.024995699
0.0249957
0.0249957
0.024995701
0.024995701
0.024995701
0.024995701
0.024995701
0.024995701
0.024995701
0.024995701
0.024995701
0.0249957
0.0249957
0.0249957
0.024995699
0.024995698
0.024995697
0.024995699
0.0249957
0.0249957
0.024995701
0.024995701
0.024995701
0.024995702
0.024995702
0.024995702
0.024995702
0.024995702
0.024995702
0.024995702
0.024995702
0.024995701
0.024995701
0.024995701
0.0249957
0.0249957
0.024995699
0.0249957
0.024995701
0.024995702
0.024995702
0.024995702
0.024995702
0.024995703
0.024995703
0.024995703
0.024995703
0.024995703
0.024995703
0.024995703
0.024995703
0.024995702
0.024995702
0.024995702
0.024995701
0.024995701
0.0249957
0.024995675
0.024995674
0.024995673
0.024995673
0.024995672
0.024995672
0.024995672
0.024995672
0.024995671
0.024995671
0.024995671
0.024995671
0.024995672
0.024995672
0.024995672
0.024995672
0.024995673
0.024995673
0.024995674
0.024995675
0.024995678
0.024995677
0.024995676
0.024995675
0.024995675
0.024995675
0.024995675
0.024995674
0.024995674
0.024995674
0.024995674
0.024995674
0.024995674
0.024995675
0.024995675
0.024995675
0.024995675
0.024995676
0.024995677
0.024995678
0.02499568
0.024995679
0.024995678
0.024995678
0.024995678
0.024995677
0.024995677
0.024995677
0.024995677
0.024995677
0.024995677
0.024995677
0.024995677
0.024995677
0.024995677
0.024995678
0.024995678
0.024995678
0.024995679
0.02499568
0.024995681
0.024995681
0.024995681
0.02499568
0.02499568
0.02499568
0.02499568
0.02499568
0.024995679
0.024995679
0.024995679
0.024995679
0.024995679
0.02499568
0.02499568
0.02499568
0.02499568
0.024995681
0.024995681
0.024995681
0.024995683
0.024995683
0.024995682
0.024995682
0.024995682
0.024995682
0.024995682
0.024995682
0.024995682
0.024995682
0.024995682
0.024995681
0.024995682
0.024995682
0.024995682
0.024995682
0.024995682
0.024995683
0.024995683
0.024995683
0.024995684
0.024995684
0.024995684
0.024995684
0.024995684
0.024995684
0.024995684
0.024995684
0.024995684
0.024995684
0.024995684
0.024995684
0.024995684
0.024995684
0.024995684
0.024995684
0.024995684
0.024995684
0.024995684
0.024995684
0.024995686
0.024995686
0.024995686
0.024995686
0.024995686
0.024995686
0.024995686
0.024995686
0.024995686
0.024995686
0.024995686
0.024995686
0.024995686
0.024995686
0.024995686
0.024995686
0.024995686
0.024995686
0.024995686
0.024995686
0.024995687
0.024995687
0.024995687
0.024995687
0.024995687
0.024995688
0.024995688
0.024995688
0.024995688
0.024995688
0.024995688
0.024995688
0.024995688
0.024995688
0.024995687
0.024995687
0.024995687
0.024995687
0.024995687
0.024995687
0.024995688
0.024995689
0.024995689
0.024995689
0.024995689
0.024995689
0.024995689
0.024995689
0.02499569
0.02499569
0.02499569
0.02499569
0.02499569
0.024995689
0.024995689
0.024995689
0.024995689
0.024995689
0.024995688
0.024995688
0.024995689
0.02499569
0.02499569
0.02499569
0.024995691
0.024995691
0.024995691
0.024995691
0.024995691
0.024995691
0.024995691
0.024995691
0.024995691
0.024995691
0.024995691
0.02499569
0.02499569
0.02499569
0.02499569
0.024995689
0.02499569
0.024995691
0.024995692
0.024995692
0.024995692
0.024995692
0.024995692
0.024995692
0.024995693
0.024995693
0.024995693
0.024995693
0.024995693
0.024995693
0.024995692
0.024995692
0.024995692
0.024995691
0.024995691
0.02499569
0.024995692
0.024995692
0.024995693
0.024995693
0.024995694
0.024995694
0.024995694
0.024995694
0.024995694
0.024995694
0.024995694
0.024995694
0.024995694
0.024995694
0.024995694
0.024995693
0.024995693
0.024995693
0.024995692
0.024995691
0.024995693
0.024995693
0.024995694
0.024995695
0.024995695
0.024995695
0.024995695
0.024995695
0.024995695
0.024995695
0.024995695
0.024995695
0.024995696
0.024995695
0.024995695
0.024995695
0.024995694
0.024995694
0.024995693
0.024995693
0.024995694
0.024995694
0.024995695
0.024995696
0.024995696
0.024995697
0.024995697
0.024995697
0.024995697
0.024995697
0.024995697
0.024995697
0.024995697
0.024995697
0.024995696
0.024995696
0.024995696
0.024995695
0.024995694
0.024995694
0.024995695
0.024995695
0.024995696
0.024995697
0.024995697
0.024995698
0.024995698
0.024995698
0.024995698
0.024995698
0.024995698
0.024995698
0.024995698
0.024995698
0.024995697
0.024995697
0.024995697
0.024995696
0.024995695
0.024995695
0.024995696
0.024995696
0.024995697
0.024995698
0.024995698
0.024995699
0.024995699
0.024995699
0.024995699
0.024995699
0.024995699
0.024995699
0.024995699
0.024995699
0.024995698
0.024995698
0.024995698
0.024995697
0.024995696
0.024995696
0.024995697
0.024995697
0.024995698
0.024995699
0.024995699
0.0249957
0.0249957
0.0249957
0.0249957
0.0249957
0.0249957
0.0249957
0.0249957
0.0249957
0.024995699
0.024995699
0.024995699
0.024995698
0.024995697
0.024995697
0.024995698
0.024995698
0.024995699
0.0249957
0.0249957
0.024995701
0.024995701
0.024995701
0.024995701
0.024995701
0.024995701
0.024995701
0.024995701
0.024995701
0.024995701
0.0249957
0.0249957
0.024995699
0.024995698
0.024995697
0.024995699
0.0249957
0.0249957
0.024995701
0.024995701
0.024995702
0.024995702
0.024995702
0.024995702
0.024995702
0.024995702
0.024995702
0.024995702
0.024995702
0.024995702
0.024995701
0.024995701
0.0249957
0.0249957
0.024995699
0.0249957
0.024995701
0.024995702
0.024995702
0.024995702
0.024995702
0.024995703
0.024995703
0.024995703
0.024995703
0.024995703
0.024995703
0.024995703
0.024995703
0.024995702
0.024995702
0.024995702
0.024995701
0.024995701
0.0249957
0.024995675
0.024995674
0.024995673
0.024995673
0.024995672
0.024995672
0.024995672
0.024995672
0.024995671
0.024995671
0.024995671
0.024995672
0.024995672
0.024995672
0.024995672
0.024995672
0.024995673
0.024995673
0.024995674
0.024995675
0.024995678
0.024995677
0.024995676
0.024995676
0.024995675
0.024995675
0.024995675
0.024995674
0.024995674
0.024995674
0.024995674
0.024995674
0.024995675
0.024995675
0.024995675
0.024995675
0.024995676
0.024995676
0.024995677
0.024995678
0.02499568
0.024995679
0.024995679
0.024995678
0.024995678
0.024995678
0.024995677
0.024995677
0.024995677
0.024995677
0.024995677
0.024995677
0.024995677
0.024995677
0.024995678
0.024995678
0.024995678
0.024995679
0.024995679
0.02499568
0.024995681
0.024995681
0.024995681
0.02499568
0.02499568
0.02499568
0.02499568
0.02499568
0.02499568
0.02499568
0.024995679
0.024995679
0.02499568
0.02499568
0.02499568
0.02499568
0.024995681
0.024995681
0.024995681
0.024995681
0.024995683
0.024995683
0.024995683
0.024995682
0.024995682
0.024995682
0.024995682
0.024995682
0.024995682
0.024995682
0.024995682
0.024995682
0.024995682
0.024995682
0.024995682
0.024995682
0.024995683
0.024995683
0.024995683
0.024995683
0.024995684
0.024995684
0.024995684
0.024995684
0.024995684
0.024995684
0.024995684
0.024995685
0.024995684
0.024995684
0.024995684
0.024995684
0.024995684
0.024995684
0.024995684
0.024995684
0.024995684
0.024995684
0.024995684
0.024995684
0.024995686
0.024995686
0.024995686
0.024995686
0.024995686
0.024995686
0.024995686
0.024995687
0.024995687
0.024995687
0.024995686
0.024995686
0.024995686
0.024995686
0.024995686
0.024995686
0.024995686
0.024995686
0.024995686
0.024995686
0.024995687
0.024995687
0.024995687
0.024995688
0.024995688
0.024995688
0.024995688
0.024995688
0.024995688
0.024995689
0.024995688
0.024995688
0.024995688
0.024995688
0.024995688
0.024995688
0.024995687
0.024995687
0.024995687
0.024995687
0.024995688
0.024995689
0.024995689
0.024995689
0.024995689
0.024995689
0.02499569
0.02499569
0.02499569
0.02499569
0.02499569
0.02499569
0.02499569
0.02499569
0.024995689
0.024995689
0.024995689
0.024995689
0.024995689
0.024995688
0.024995689
0.02499569
0.02499569
0.024995691
0.024995691
0.024995691
0.024995691
0.024995691
0.024995692
0.024995692
0.024995692
0.024995692
0.024995692
0.024995691
0.024995691
0.024995691
0.02499569
0.02499569
0.02499569
0.024995689
0.024995691
0.024995691
0.024995692
0.024995692
0.024995692
0.024995692
0.024995693
0.024995693
0.024995693
0.024995693
0.024995693
0.024995693
0.024995693
0.024995693
0.024995693
0.024995692
0.024995692
0.024995691
0.024995691
0.02499569
0.024995692
0.024995692
0.024995693
0.024995694
0.024995694
0.024995694
0.024995694
0.024995694
0.024995694
0.024995694
0.024995695
0.024995695
0.024995695
0.024995695
0.024995694
0.024995694
0.024995693
0.024995693
0.024995692
0.024995691
0.024995693
0.024995693
0.024995694
0.024995695
0.024995695
0.024995695
0.024995696
0.024995696
0.024995696
0.024995696
0.024995696
0.024995696
0.024995696
0.024995696
0.024995696
0.024995695
0.024995695
0.024995694
0.024995693
0.024995693
0.024995694
0.024995694
0.024995695
0.024995696
0.024995697
0.024995697
0.024995697
0.024995697
0.024995697
0.024995697
0.024995697
0.024995697
0.024995697
0.024995697
0.024995697
0.024995696
0.024995696
0.024995695
0.024995694
0.024995694
0.024995695
0.024995695
0.024995696
0.024995697
0.024995698
0.024995698
0.024995698
0.024995698
0.024995698
0.024995698
0.024995698
0.024995698
0.024995698
0.024995698
0.024995698
0.024995697
0.024995697
0.024995696
0.024995696
0.024995695
0.024995696
0.024995696
0.024995697
0.024995698
0.024995699
0.024995699
0.024995699
0.0249957
0.0249957
0.024995699
0.024995699
0.024995699
0.024995699
0.024995699
0.024995699
0.024995698
0.024995698
0.024995697
0.024995697
0.024995696
0.024995697
0.024995697
0.024995698
0.024995699
0.0249957
0.0249957
0.0249957
0.024995701
0.024995701
0.024995701
0.0249957
0.0249957
0.0249957
0.0249957
0.0249957
0.024995699
0.024995699
0.024995698
0.024995698
0.024995697
0.024995698
0.024995699
0.024995699
0.0249957
0.0249957
0.024995701
0.024995701
0.024995701
0.024995702
0.024995702
0.024995702
0.024995701
0.024995701
0.024995701
0.024995701
0.0249957
0.0249957
0.024995699
0.024995699
0.024995698
0.024995699
0.0249957
0.0249957
0.024995701
0.024995701
0.024995702
0.024995702
0.024995702
0.024995702
0.024995702
0.024995702
0.024995702
0.024995702
0.024995702
0.024995702
0.024995701
0.024995701
0.0249957
0.0249957
0.024995699
0.0249957
0.024995701
0.024995702
0.024995702
0.024995702
0.024995702
0.024995703
0.024995703
0.024995703
0.024995703
0.024995703
0.024995703
0.024995703
0.024995703
0.024995703
0.024995702
0.024995702
0.024995702
0.024995701
0.0249957
0.024995675
0.024995674
0.024995673
0.024995673
0.024995672
0.024995672
0.024995672
0.024995672
0.024995671
0.024995671
0.024995671
0.024995672
0.024995672
0.024995672
0.024995672
0.024995672
0.024995673
0.024995673
0.024995674
0.024995675
0.024995678
0.024995677
0.024995676
0.024995676
0.024995675
0.024995675
0.024995675
0.024995674
0.024995674
0.024995674
0.024995674
0.024995674
0.024995675
0.024995675
0.024995675
0.024995675
0.024995676
0.024995676
0.024995677
0.024995678
0.02499568
0.024995679
0.024995678
0.024995678
0.024995678
0.024995678
0.024995677
0.024995677
0.024995677
0.024995677
0.024995677
0.024995677
0.024995677
0.024995677
0.024995678
0.024995678
0.024995678
0.024995679
0.024995679
0.02499568
0.024995681
0.024995681
0.024995681
0.02499568
0.02499568
0.02499568
0.02499568
0.02499568
0.02499568
0.024995679
0.024995679
0.024995679
0.02499568
0.02499568
0.02499568
0.02499568
0.024995681
0.024995681
0.024995681
0.024995681
0.024995683
0.024995683
0.024995682
0.024995682
0.024995682
0.024995682
0.024995682
0.024995682
0.024995682
0.024995682
0.024995682
0.024995682
0.024995682
0.024995682
0.024995682
0.024995682
0.024995683
0.024995683
0.024995683
0.024995683
0.024995684
0.024995684
0.024995684
0.024995684
0.024995684
0.024995684
0.024995684
0.024995684
0.024995684
0.024995684
0.024995684
0.024995684
0.024995684
0.024995684
0.024995684
0.024995684
0.024995684
0.024995684
0.024995684
0.024995684
0.024995686
0.024995686
0.024995686
0.024995686
0.024995686
0.024995686
0.024995686
0.024995686
0.024995687
0.024995686
0.024995686
0.024995686
0.024995686
0.024995686
0.024995686
0.024995686
0.024995686
0.024995686
0.024995686
0.024995686
0.024995687
0.024995687
0.024995687
0.024995687
0.024995688
0.024995688
0.024995688
0.024995688
0.024995688
0.024995688
0.024995688
0.024995688
0.024995688
0.024995688
0.024995688
0.024995687
0.024995687
0.024995687
0.024995687
0.024995687
0.024995688
0.024995689
0.024995689
0.024995689
0.024995689
0.024995689
0.02499569
0.02499569
0.02499569
0.02499569
0.02499569
0.02499569
0.02499569
0.02499569
0.024995689
0.024995689
0.024995689
0.024995689
0.024995689
0.024995688
0.024995689
0.02499569
0.02499569
0.024995691
0.024995691
0.024995691
0.024995691
0.024995691
0.024995691
0.024995692
0.024995692
0.024995692
0.024995692
0.024995691
0.024995691
0.024995691
0.02499569
0.02499569
0.02499569
0.024995689
0.024995691
0.024995691
0.024995692
0.024995692
0.024995692
0.024995692
0.024995692
0.024995693
0.024995693
0.024995693
0.024995693
0.024995693
0.024995693
0.024995693
0.024995693
0.024995692
0.024995692
0.024995691
0.024995691
0.02499569
0.024995692
0.024995692
0.024995693
0.024995693
0.024995694
0.024995694
0.024995694
0.024995694
0.024995694
0.024995694
0.024995695
0.024995695
0.024995695
0.024995695
0.024995694
0.024995694
0.024995693
0.024995693
0.024995692
0.024995691
0.024995693
0.024995693
0.024995694
0.024995695
0.024995695
0.024995695
0.024995695
0.024995695
0.024995695
0.024995696
0.024995696
0.024995696
0.024995696
0.024995696
0.024995696
0.024995695
0.024995695
0.024995694
0.024995693
0.024995693
0.024995694
0.024995694
0.024995695
0.024995696
0.024995696
0.024995697
0.024995697
0.024995697
0.024995697
0.024995697
0.024995697
0.024995697
0.024995697
0.024995697
0.024995697
0.024995696
0.024995696
0.024995695
0.024995694
0.024995694
0.024995695
0.024995695
0.024995696
0.024995697
0.024995698
0.024995698
0.024995698
0.024995698
0.024995698
0.024995698
0.024995698
0.024995698
0.024995698
0.024995698
0.024995698
0.024995697
0.024995697
0.024995696
0.024995695
0.024995695
0.024995696
0.024995696
0.024995697
0.024995698
0.024995699
0.024995699
0.024995699
0.0249957
0.024995699
0.024995699
0.024995699
0.024995699
0.024995699
0.024995699
0.024995699
0.024995698
0.024995698
0.024995697
0.024995697
0.024995696
0.024995697
0.024995697
0.024995698
0.024995699
0.024995699
0.0249957
0.0249957
0.024995701
0.024995701
0.024995701
0.0249957
0.0249957
0.0249957
0.0249957
0.0249957
0.024995699
0.024995699
0.024995698
0.024995698
0.024995697
0.024995698
0.024995699
0.024995699
0.0249957
0.0249957
0.024995701
0.024995701
0.024995701
0.024995702
0.024995702
0.024995701
0.024995701
0.024995701
0.024995701
0.024995701
0.0249957
0.0249957
0.024995699
0.024995699
0.024995698
0.024995699
0.0249957
0.0249957
0.024995701
0.024995701
0.024995702
0.024995702
0.024995702
0.024995702
0.024995702
0.024995702
0.024995702
0.024995702
0.024995702
0.024995702
0.024995701
0.024995701
0.0249957
0.0249957
0.024995699
0.0249957
0.024995701
0.024995702
0.024995702
0.024995702
0.024995702
0.024995703
0.024995703
0.024995703
0.024995703
0.024995703
0.024995703
0.024995703
0.024995703
0.024995703
0.024995702
0.024995702
0.024995701
0.024995701
0.0249957
0.024995675
0.024995674
0.024995673
0.024995673
0.024995672
0.024995672
0.024995672
0.024995671
0.024995671
0.024995671
0.024995671
0.024995671
0.024995672
0.024995672
0.024995672
0.024995672
0.024995673
0.024995673
0.024995674
0.024995675
0.024995678
0.024995677
0.024995676
0.024995675
0.024995675
0.024995675
0.024995674
0.024995674
0.024995674
0.024995674
0.024995674
0.024995674
0.024995674
0.024995675
0.024995675
0.024995675
0.024995675
0.024995676
0.024995677
0.024995678
0.02499568
0.024995679
0.024995678
0.024995678
0.024995678
0.024995677
0.024995677
0.024995677
0.024995677
0.024995677
0.024995677
0.024995677
0.024995677
0.024995677
0.024995677
0.024995678
0.024995678
0.024995678
0.024995679
0.02499568
0.024995681
0.024995681
0.02499568
0.02499568
0.02499568
0.02499568
0.02499568
0.024995679
0.024995679
0.024995679
0.024995679
0.024995679
0.024995679
0.024995679
0.02499568
0.02499568
0.02499568
0.024995681
0.024995681
0.024995681
0.024995683
0.024995683
0.024995682
0.024995682
0.024995682
0.024995682
0.024995682
0.024995682
0.024995682
0.024995682
0.024995681
0.024995681
0.024995681
0.024995682
0.024995682
0.024995682
0.024995682
0.024995683
0.024995683
0.024995683
0.024995684
0.024995684
0.024995684
0.024995684
0.024995684
0.024995684
0.024995684
0.024995684
0.024995684
0.024995684
0.024995684
0.024995683
0.024995683
0.024995683
0.024995684
0.024995684
0.024995684
0.024995684
0.024995684
0.024995684
0.024995686
0.024995686
0.024995686
0.024995686
0.024995686
0.024995686
0.024995686
0.024995686
0.024995686
0.024995686
0.024995686
0.024995686
0.024995685
0.024995685
0.024995685
0.024995685
0.024995686
0.024995686
0.024995686
0.024995686
0.024995687
0.024995687
0.024995687
0.024995687
0.024995687
0.024995687
0.024995688
0.024995688
0.024995688
0.024995688
0.024995688
0.024995688
0.024995688
0.024995687
0.024995687
0.024995687
0.024995687
0.024995687
0.024995687
0.024995687
0.024995688
0.024995688
0.024995689
0.024995689
0.024995689
0.024995689
0.024995689
0.024995689
0.02499569
0.02499569
0.02499569
0.02499569
0.024995689
0.024995689
0.024995689
0.024995689
0.024995688
0.024995688
0.024995688
0.024995688
0.024995689
0.02499569
0.02499569
0.02499569
0.02499569
0.02499569
0.024995691
0.024995691
0.024995691
0.024995691
0.024995691
0.024995691
0.024995691
0.024995691
0.024995691
0.02499569
0.02499569
0.02499569
0.02499569
0.024995689
0.02499569
0.024995691
0.024995691
0.024995692
0.024995692
0.024995692
0.024995692
0.024995692
0.024995692
0.024995693
0.024995693
0.024995693
0.024995693
0.024995693
0.024995692
0.024995692
0.024995691
0.024995691
0.024995691
0.02499569
0.024995692
0.024995692
0.024995693
0.024995693
0.024995693
0.024995693
0.024995693
0.024995694
0.024995694
0.024995694
0.024995694
0.024995694
0.024995694
0.024995694
0.024995694
0.024995693
0.024995693
0.024995692
0.024995692
0.024995691
0.024995693
0.024995693
0.024995694
0.024995695
0.024995695
0.024995695
0.024995695
0.024995695
0.024995695
0.024995695
0.024995695
0.024995695
0.024995695
0.024995695
0.024995695
0.024995695
0.024995694
0.024995694
0.024995693
0.024995692
0.024995694
0.024995694
0.024995695
0.024995696
0.024995696
0.024995696
0.024995697
0.024995696
0.024995696
0.024995696
0.024995696
0.024995696
0.024995696
0.024995696
0.024995696
0.024995696
0.024995696
0.024995695
0.024995694
0.024995694
0.024995695
0.024995695
0.024995696
0.024995697
0.024995697
0.024995698
0.024995698
0.024995698
0.024995698
0.024995698
0.024995698
0.024995697
0.024995697
0.024995697
0.024995697
0.024995697
0.024995697
0.024995696
0.024995695
0.024995695
0.024995696
0.024995696
0.024995697
0.024995698
0.024995698
0.024995699
0.024995699
0.024995699
0.024995699
0.024995699
0.024995699
0.024995699
0.024995699
0.024995698
0.024995698
0.024995698
0.024995698
0.024995697
0.024995696
0.024995696
0.024995697
0.024995697
0.024995698
0.024995699
0.024995699
0.0249957
0.0249957
0.0249957
0.0249957
0.0249957
0.0249957
0.0249957
0.0249957
0.0249957
0.024995699
0.024995699
0.024995699
0.024995698
0.024995697
0.024995697
0.024995698
0.024995698
0.024995699
0.0249957
0.0249957
0.024995701
0.024995701
0.024995701
0.024995701
0.024995701
0.024995701
0.024995701
0.024995701
0.024995701
0.0249957
0.0249957
0.0249957
0.024995699
0.024995698
0.024995697
0.024995699
0.0249957
0.0249957
0.024995701
0.024995701
0.024995701
0.024995702
0.024995702
0.024995702
0.024995702
0.024995702
0.024995702
0.024995702
0.024995702
0.024995701
0.024995701
0.024995701
0.0249957
0.0249957
0.024995698
0.0249957
0.024995701
0.024995701
0.024995702
0.024995702
0.024995702
0.024995703
0.024995703
0.024995703
0.024995703
0.024995703
0.024995703
0.024995703
0.024995703
0.024995702
0.024995702
0.024995702
0.024995701
0.024995701
0.0249957
0.024995675
0.024995674
0.024995673
0.024995673
0.024995672
0.024995672
0.024995672
0.024995671
0.024995671
0.024995671
0.024995671
0.024995671
0.024995672
0.024995672
0.024995672
0.024995672
0.024995673
0.024995673
0.024995674
0.024995675
0.024995678
0.024995677
0.024995676
0.024995675
0.024995675
0.024995675
0.024995674
0.024995674
0.024995674
0.024995674
0.024995674
0.024995674
0.024995674
0.024995675
0.024995675
0.024995675
0.024995675
0.024995676
0.024995677
0.024995678
0.02499568
0.024995679
0.024995678
0.024995678
0.024995678
0.024995677
0.024995677
0.024995677
0.024995677
0.024995677
0.024995677
0.024995677
0.024995677
0.024995677
0.024995677
0.024995678
0.024995678
0.024995678
0.024995679
0.02499568
0.024995681
0.024995681
0.02499568
0.02499568
0.02499568
0.02499568
0.02499568
0.02499568
0.024995679
0.024995679
0.024995679
0.024995679
0.024995679
0.024995679
0.02499568
0.02499568
0.02499568
0.024995681
0.024995681
0.024995681
0.024995683
0.024995683
0.024995682
0.024995682
0.024995682
0.024995682
0.024995682
0.024995682
0.024995682
0.024995682
0.024995681
0.024995681
0.024995681
0.024995682
0.024995682
0.024995682
0.024995682
0.024995683
0.024995683
0.024995683
0.024995684
0.024995684
0.024995684
0.024995684
0.024995684
0.024995684
0.024995684
0.024995684
0.024995684
0.024995684
0.024995684
0.024995684
0.024995683
0.024995683
0.024995684
0.024995684
0.024995684
0.024995684
0.024995684
0.024995684
0.024995686
0.024995686
0.024995686
0.024995686
0.024995686
0.024995686
0.024995686
0.024995686
0.024995686
0.024995686
0.024995686
0.024995686
0.024995686
0.024995685
0.024995685
0.024995685
0.024995686
0.024995686
0.024995686
0.024995686
0.024995687
0.024995687
0.024995687
0.024995687
0.024995687
0.024995687
0.024995688
0.024995688
0.024995688
0.024995688
0.024995688
0.024995688
0.024995688
0.024995687
0.024995687
0.024995687
0.024995687
0.024995687
0.024995687
0.024995687
0.024995688
0.024995688
0.024995689
0.024995689
0.024995689
0.024995689
0.024995689
0.024995689
0.02499569
0.02499569
0.02499569
0.02499569
0.02499569
0.024995689
0.024995689
0.024995689
0.024995688
0.024995688
0.024995688
0.024995688
0.024995689
0.02499569
0.02499569
0.02499569
0.02499569
0.02499569
0.024995691
0.024995691
0.024995691
0.024995691
0.024995692
0.024995692
0.024995691
0.024995691
0.024995691
0.02499569
0.02499569
0.02499569
0.02499569
0.024995689
0.02499569
0.024995691
0.024995692
0.024995692
0.024995692
0.024995692
0.024995692
0.024995692
0.024995692
0.024995693
0.024995693
0.024995693
0.024995693
0.024995693
0.024995692
0.024995692
0.024995691
0.024995691
0.024995691
0.02499569
0.024995692
0.024995692
0.024995693
0.024995693
0.024995693
0.024995694
0.024995694
0.024995694
0.024995694
0.024995694
0.024995694
0.024995694
0.024995694
0.024995694
0.024995694
0.024995693
0.024995693
0.024995692
0.024995692
0.024995691
0.024995693
0.024995693
0.024995694
0.024995695
0.024995695
0.024995695
0.024995695
0.024995695
0.024995695
0.024995695
0.024995695
0.024995695
0.024995695
0.024995695
0.024995695
0.024995695
0.024995694
0.024995694
0.024995693
0.024995692
0.024995694
0.024995694
0.024995695
0.024995696
0.024995696
0.024995697
0.024995697
0.024995697
0.024995696
0.024995696
0.024995696
0.024995696
0.024995697
0.024995697
0.024995696
0.024995696
0.024995696
0.024995695
0.024995694
0.024995694
0.024995695
0.024995695
0.024995696
0.024995697
0.024995697
0.024995698
0.024995698
0.024995698
0.024995698
0.024995698
0.024995698
0.024995698
0.024995698
0.024995697
0.024995697
0.024995697
0.024995697
0.024995696
0.024995695
0.024995695
0.024995696
0.024995696
0.024995697
0.024995698
0.024995698
0.024995699
0.024995699
0.024995699
0.024995699
0.024995699
0.024995699
0.024995699
0.024995699
0.024995698
0.024995698
0.024995698
0.024995698
0.024995697
0.024995696
0.024995696
0.024995697
0.024995697
0.024995698
0.024995699
0.024995699
0.0249957
0.0249957
0.0249957
0.0249957
0.0249957
0.0249957
0.0249957
0.0249957
0.0249957
0.024995699
0.024995699
0.024995699
0.024995698
0.024995697
0.024995697
0.024995698
0.024995698
0.024995699
0.0249957
0.0249957
0.024995701
0.024995701
0.024995701
0.024995701
0.024995701
0.024995701
0.024995701
0.024995701
0.024995701
0.0249957
0.0249957
0.0249957
0.024995699
0.024995698
0.024995697
0.024995699
0.0249957
0.0249957
0.024995701
0.024995701
0.024995701
0.024995702
0.024995702
0.024995702
0.024995702
0.024995702
0.024995702
0.024995702
0.024995702
0.024995701
0.024995701
0.024995701
0.0249957
0.0249957
0.024995698
0.0249957
0.024995701
0.024995701
0.024995702
0.024995702
0.024995702
0.024995703
0.024995703
0.024995703
0.024995703
0.024995703
0.024995703
0.024995703
0.024995703
0.024995702
0.024995702
0.024995702
0.024995701
0.024995701
0.0249957
0.024995675
0.024995674
0.024995673
0.024995673
0.024995672
0.024995672
0.024995672
0.024995671
0.024995671
0.024995671
0.024995671
0.024995671
0.024995672
0.024995672
0.024995672
0.024995672
0.024995673
0.024995673
0.024995674
0.024995675
0.024995678
0.024995677
0.024995676
0.024995676
0.024995675
0.024995675
0.024995675
0.024995674
0.024995674
0.024995674
0.024995674
0.024995674
0.024995675
0.024995675
0.024995675
0.024995675
0.024995676
0.024995676
0.024995677
0.024995678
0.02499568
0.024995679
0.024995678
0.024995678
0.024995678
0.024995678
0.024995677
0.024995677
0.024995677
0.024995677
0.024995677
0.024995677
0.024995677
0.024995677
0.024995678
0.024995678
0.024995678
0.024995679
0.024995679
0.02499568
0.024995681
0.024995681
0.024995681
0.02499568
0.02499568
0.02499568
0.02499568
0.02499568
0.02499568
0.024995679
0.024995679
0.024995679
0.024995679
0.02499568
0.02499568
0.02499568
0.024995681
0.024995681
0.024995681
0.024995681
0.024995683
0.024995683
0.024995682
0.024995682
0.024995682
0.024995682
0.024995682
0.024995682
0.024995682
0.024995682
0.024995682
0.024995682
0.024995682
0.024995682
0.024995682
0.024995682
0.024995683
0.024995683
0.024995683
0.024995683
0.024995684
0.024995684
0.024995684
0.024995684
0.024995684
0.024995684
0.024995684
0.024995685
0.024995685
0.024995684
0.024995684
0.024995684
0.024995684
0.024995684
0.024995684
0.024995684
0.024995684
0.024995684
0.024995684
0.024995684
0.024995686
0.024995686
0.024995686
0.024995686
0.024995686
0.024995686
0.024995686
0.024995687
0.024995687
0.024995687
0.024995686
0.024995686
0.024995686
0.024995686
0.024995686
0.024995686
0.024995686
0.024995686
0.024995686
0.024995686
0.024995687
0.024995687
0.024995687
0.024995687
0.024995688
0.024995688
0.024995688
0.024995688
0.024995689
0.024995689
0.024995689
0.024995688
0.024995688
0.024995688
0.024995687
0.024995687
0.024995687
0.024995687
0.024995687
0.024995687
0.024995688
0.024995689
0.024995689
0.024995689
0.024995689
0.024995689
0.024995689
0.02499569
0.02499569
0.02499569
0.02499569
0.02499569
0.02499569
0.02499569
0.024995689
0.024995689
0.024995689
0.024995689
0.024995688
0.024995688
0.024995689
0.02499569
0.02499569
0.024995691
0.024995691
0.024995691
0.024995691
0.024995691
0.024995691
0.024995692
0.024995692
0.024995692
0.024995692
0.024995692
0.024995691
0.024995691
0.02499569
0.02499569
0.02499569
0.024995689
0.02499569
0.024995691
0.024995692
0.024995692
0.024995692
0.024995692
0.024995692
0.024995693
0.024995693
0.024995693
0.024995693
0.024995693
0.024995693
0.024995693
0.024995693
0.024995692
0.024995692
0.024995691
0.024995691
0.02499569
0.024995692
0.024995692
0.024995693
0.024995694
0.024995694
0.024995694
0.024995694
0.024995694
0.024995694
0.024995694
0.024995694
0.024995695
0.024995695
0.024995695
0.024995694
0.024995694
0.024995693
0.024995693
0.024995692
0.024995691
0.024995693
0.024995693
0.024995694
0.024995695
0.024995695
0.024995696
0.024995696
0.024995695
0.024995695
0.024995695
0.024995696
0.024995696
0.024995696
0.024995696
0.024995696
0.024995695
0.024995695
0.024995694
0.024995693
0.024995692
0.024995694
0.024995694
0.024995695
0.024995696
0.024995697
0.024995697
0.024995697
0.024995697
0.024995697
0.024995697
0.024995697
0.024995697
0.024995697
0.024995697
0.024995697
0.024995696
0.024995696
0.024995695
0.024995694
0.024995694
0.024995695
0.024995695
0.024995696
0.024995697
0.024995698
0.024995698
0.024995698
0.024995698
0.024995698
0.024995698
0.024995698
0.024995698
0.024995698
0.024995698
0.024995698
0.024995697
0.024995697
0.024995696
0.024995695
0.024995695
0.024995696
0.024995696
0.024995697
0.024995698
0.024995699
0.024995699
0.0249957
0.0249957
0.0249957
0.024995699
0.024995699
0.024995699
0.024995699
0.024995699
0.024995699
0.024995698
0.024995698
0.024995697
0.024995697
0.024995696
0.024995697
0.024995697
0.024995698
0.024995699
0.024995699
0.0249957
0.0249957
0.024995701
0.024995701
0.024995701
0.0249957
0.0249957
0.0249957
0.0249957
0.0249957
0.024995699
0.024995699
0.024995698
0.024995698
0.024995697
0.024995698
0.024995698
0.024995699
0.0249957
0.0249957
0.024995701
0.024995701
0.024995701
0.024995702
0.024995702
0.024995702
0.024995701
0.024995701
0.024995701
0.024995701
0.0249957
0.0249957
0.024995699
0.024995698
0.024995697
0.024995699
0.0249957
0.0249957
0.024995701
0.024995701
0.024995701
0.024995702
0.024995702
0.024995702
0.024995702
0.024995702
0.024995702
0.024995702
0.024995702
0.024995702
0.024995701
0.024995701
0.0249957
0.0249957
0.024995698
0.0249957
0.024995701
0.024995701
0.024995702
0.024995702
0.024995702
0.024995703
0.024995703
0.024995703
0.024995703
0.024995703
0.024995703
0.024995703
0.024995703
0.024995702
0.024995702
0.024995702
0.024995701
0.024995701
0.0249957
0.024995675
0.024995674
0.024995673
0.024995673
0.024995672
0.024995672
0.024995672
0.024995671
0.024995671
0.024995671
0.024995671
0.024995671
0.024995672
0.024995672
0.024995672
0.024995672
0.024995673
0.024995673
0.024995674
0.024995675
0.024995678
0.024995677
0.024995676
0.024995675
0.024995675
0.024995675
0.024995675
0.024995674
0.024995674
0.024995674
0.024995674
0.024995674
0.024995674
0.024995675
0.024995675
0.024995675
0.024995676
0.024995676
0.024995677
0.024995678
0.02499568
0.024995679
0.024995678
0.024995678
0.024995678
0.024995678
0.024995677
0.024995677
0.024995677
0.024995677
0.024995677
0.024995677
0.024995677
0.024995677
0.024995678
0.024995678
0.024995678
0.024995679
0.024995679
0.02499568
0.024995681
0.024995681
0.02499568
0.02499568
0.02499568
0.02499568
0.02499568
0.02499568
0.02499568
0.024995679
0.024995679
0.024995679
0.024995679
0.02499568
0.02499568
0.02499568
0.024995681
0.024995681
0.024995681
0.024995681
0.024995683
0.024995683
0.024995682
0.024995682
0.024995682
0.024995682
0.024995682
0.024995682
0.024995682
0.024995682
0.024995682
0.024995682
0.024995682
0.024995682
0.024995682
0.024995682
0.024995682
0.024995683
0.024995683
0.024995683
0.024995684
0.024995684
0.024995684
0.024995684
0.024995684
0.024995684
0.024995684
0.024995685
0.024995685
0.024995684
0.024995684
0.024995684
0.024995684
0.024995684
0.024995684
0.024995684
0.024995684
0.024995684
0.024995684
0.024995684
0.024995686
0.024995686
0.024995686
0.024995686
0.024995686
0.024995686
0.024995686
0.024995687
0.024995687
0.024995687
0.024995686
0.024995686
0.024995686
0.024995686
0.024995686
0.024995686
0.024995686
0.024995686
0.024995686
0.024995686
0.024995687
0.024995687
0.024995687
0.024995687
0.024995687
0.024995688
0.024995688
0.024995688
0.024995688
0.024995689
0.024995689
0.024995688
0.024995688
0.024995688
0.024995687
0.024995687
0.024995687
0.024995687
0.024995687
0.024995687
0.024995688
0.024995689
0.024995689
0.024995689
0.024995689
0.024995689
0.024995689
0.02499569
0.02499569
0.02499569
0.02499569
0.02499569
0.02499569
0.02499569
0.024995689
0.024995689
0.024995689
0.024995688
0.024995688
0.024995688
0.024995689
0.02499569
0.02499569
0.024995691
0.024995691
0.024995691
0.024995691
0.024995691
0.024995691
0.024995692
0.024995692
0.024995692
0.024995692
0.024995692
0.024995691
0.024995691
0.02499569
0.02499569
0.02499569
0.024995689
0.02499569
0.024995691
0.024995692
0.024995692
0.024995692
0.024995692
0.024995692
0.024995692
0.024995693
0.024995693
0.024995693
0.024995693
0.024995694
0.024995693
0.024995693
0.024995692
0.024995692
0.024995691
0.024995691
0.02499569
0.024995691
0.024995692
0.024995693
0.024995694
0.024995694
0.024995694
0.024995694
0.024995694
0.024995694
0.024995694
0.024995694
0.024995695
0.024995695
0.024995695
0.024995694
0.024995694
0.024995693
0.024995693
0.024995692
0.024995691
0.024995692
0.024995693
0.024995694
0.024995695
0.024995695
0.024995696
0.024995696
0.024995695
0.024995695
0.024995695
0.024995695
0.024995696
0.024995696
0.024995696
0.024995696
0.024995695
0.024995695
0.024995694
0.024995693
0.024995692
0.024995693
0.024995694
0.024995695
0.024995696
0.024995697
0.024995697
0.024995697
0.024995697
0.024995697
0.024995697
0.024995697
0.024995697
0.024995697
0.024995697
0.024995697
0.024995696
0.024995696
0.024995695
0.024995694
0.024995693
0.024995694
0.024995695
0.024995696
0.024995697
0.024995698
0.024995698
0.024995698
0.024995698
0.024995698
0.024995698
0.024995698
0.024995698
0.024995698
0.024995698
0.024995698
0.024995697
0.024995697
0.024995696
0.024995695
0.024995695
0.024995695
0.024995696
0.024995697
0.024995698
0.024995698
0.024995699
0.0249957
0.0249957
0.0249957
0.024995699
0.024995699
0.024995699
0.024995699
0.024995699
0.024995698
0.024995698
0.024995698
0.024995697
0.024995696
0.024995696
0.024995696
0.024995697
0.024995698
0.024995699
0.024995699
0.0249957
0.0249957
0.024995701
0.024995701
0.024995701
0.0249957
0.0249957
0.0249957
0.0249957
0.024995699
0.024995699
0.024995699
0.024995698
0.024995697
0.024995696
0.024995697
0.024995698
0.024995699
0.0249957
0.0249957
0.024995701
0.024995701
0.024995701
0.024995702
0.024995702
0.024995702
0.024995701
0.024995701
0.024995701
0.0249957
0.0249957
0.0249957
0.024995699
0.024995698
0.024995697
0.024995699
0.0249957
0.0249957
0.024995701
0.024995701
0.024995701
0.024995702
0.024995702
0.024995702
0.024995702
0.024995702
0.024995702
0.024995702
0.024995702
0.024995702
0.024995701
0.024995701
0.0249957
0.0249957
0.024995698
0.0249957
0.024995701
0.024995701
0.024995702
0.024995702
0.024995702
0.024995702
0.024995703
0.024995703
0.024995703
0.024995703
0.024995703
0.024995703
0.024995703
0.024995702
0.024995702
0.024995702
0.024995701
0.024995701
0.0249957
0.024995675
0.024995674
0.024995673
0.024995673
0.024995672
0.024995672
0.024995672
0.024995671
0.024995671
0.024995671
0.024995671
0.024995671
0.024995672
0.024995672
0.024995672
0.024995672
0.024995673
0.024995673
0.024995674
0.024995675
0.024995678
0.024995677
0.024995676
0.024995675
0.024995675
0.024995675
0.024995674
0.024995674
0.024995674
0.024995674
0.024995674
0.024995674
0.024995674
0.024995675
0.024995675
0.024995675
0.024995675
0.024995676
0.024995676
0.024995678
0.02499568
0.024995679
0.024995678
0.024995678
0.024995678
0.024995677
0.024995677
0.024995677
0.024995677
0.024995677
0.024995676
0.024995677
0.024995677
0.024995677
0.024995677
0.024995678
0.024995678
0.024995678
0.024995679
0.02499568
0.024995681
0.024995681
0.02499568
0.02499568
0.02499568
0.02499568
0.02499568
0.02499568
0.024995679
0.024995679
0.024995679
0.024995679
0.024995679
0.024995679
0.02499568
0.02499568
0.02499568
0.024995681
0.024995681
0.024995681
0.024995683
0.024995682
0.024995682
0.024995682
0.024995682
0.024995682
0.024995682
0.024995682
0.024995682
0.024995682
0.024995681
0.024995681
0.024995681
0.024995681
0.024995681
0.024995682
0.024995682
0.024995683
0.024995683
0.024995683
0.024995684
0.024995684
0.024995684
0.024995684
0.024995684
0.024995684
0.024995684
0.024995684
0.024995684
0.024995684
0.024995684
0.024995684
0.024995683
0.024995683
0.024995683
0.024995684
0.024995684
0.024995684
0.024995684
0.024995684
0.024995685
0.024995686
0.024995685
0.024995685
0.024995685
0.024995686
0.024995686
0.024995686
0.024995686
0.024995686
0.024995686
0.024995686
0.024995686
0.024995685
0.024995685
0.024995685
0.024995685
0.024995686
0.024995686
0.024995686
0.024995687
0.024995687
0.024995687
0.024995687
0.024995687
0.024995687
0.024995687
0.024995688
0.024995688
0.024995688
0.024995688
0.024995688
0.024995688
0.024995687
0.024995687
0.024995687
0.024995687
0.024995687
0.024995687
0.024995687
0.024995688
0.024995688
0.024995689
0.024995689
0.024995689
0.024995689
0.024995689
0.024995689
0.02499569
0.02499569
0.02499569
0.02499569
0.02499569
0.024995689
0.024995689
0.024995688
0.024995688
0.024995688
0.024995688
0.024995688
0.024995689
0.02499569
0.02499569
0.02499569
0.02499569
0.02499569
0.02499569
0.024995691
0.024995691
0.024995691
0.024995692
0.024995692
0.024995692
0.024995691
0.024995691
0.02499569
0.02499569
0.02499569
0.024995689
0.024995689
0.02499569
0.024995691
0.024995692
0.024995692
0.024995692
0.024995692
0.024995692
0.024995692
0.024995692
0.024995692
0.024995693
0.024995693
0.024995693
0.024995693
0.024995693
0.024995692
0.024995692
0.024995691
0.024995691
0.02499569
0.024995691
0.024995692
0.024995693
0.024995693
0.024995694
0.024995694
0.024995694
0.024995693
0.024995693
0.024995694
0.024995694
0.024995694
0.024995694
0.024995694
0.024995694
0.024995694
0.024995693
0.024995692
0.024995692
0.024995691
0.024995692
0.024995693
0.024995694
0.024995695
0.024995695
0.024995695
0.024995695
0.024995695
0.024995695
0.024995695
0.024995695
0.024995695
0.024995695
0.024995695
0.024995695
0.024995695
0.024995695
0.024995694
0.024995693
0.024995692
0.024995693
0.024995694
0.024995695
0.024995696
0.024995696
0.024995697
0.024995697
0.024995697
0.024995696
0.024995696
0.024995696
0.024995696
0.024995696
0.024995696
0.024995696
0.024995696
0.024995696
0.024995695
0.024995694
0.024995693
0.024995694
0.024995695
0.024995696
0.024995697
0.024995697
0.024995698
0.024995698
0.024995698
0.024995698
0.024995698
0.024995697
0.024995697
0.024995697
0.024995697
0.024995697
0.024995697
0.024995697
0.024995696
0.024995695
0.024995694
0.024995695
0.024995696
0.024995697
0.024995697
0.024995698
0.024995699
0.024995699
0.0249957
0.0249957
0.024995699
0.024995699
0.024995699
0.024995698
0.024995698
0.024995698
0.024995698
0.024995698
0.024995697
0.024995696
0.024995695
0.024995696
0.024995697
0.024995698
0.024995698
0.024995699
0.0249957
0.0249957
0.024995701
0.024995701
0.024995701
0.0249957
0.0249957
0.0249957
0.024995699
0.024995699
0.024995699
0.024995699
0.024995698
0.024995697
0.024995696
0.024995697
0.024995698
0.024995699
0.024995699
0.0249957
0.0249957
0.024995701
0.024995701
0.024995701
0.024995702
0.024995701
0.024995701
0.024995701
0.0249957
0.0249957
0.0249957
0.0249957
0.024995699
0.024995698
0.024995697
0.024995699
0.0249957
0.0249957
0.024995701
0.024995701
0.024995701
0.024995702
0.024995702
0.024995702
0.024995702
0.024995702
0.024995702
0.024995702
0.024995702
0.024995701
0.024995701
0.024995701
0.0249957
0.024995699
0.024995698
0.0249957
0.024995701
0.024995701
0.024995702
0.024995702
0.024995702
0.024995702
0.024995703
0.024995703
0.024995703
0.024995703
0.024995703
0.024995703
0.024995703
0.024995702
0.024995702
0.024995702
0.024995701
0.024995701
0.0249957
0.024995675
0.024995674
0.024995673
0.024995672
0.024995672
0.024995672
0.024995671
0.024995671
0.024995671
0.024995671
0.024995671
0.024995671
0.024995672
0.024995672
0.024995672
0.024995672
0.024995673
0.024995673
0.024995674
0.024995675
0.024995678
0.024995677
0.024995676
0.024995675
0.024995675
0.024995675
0.024995674
0.024995674
0.024995674
0.024995674
0.024995674
0.024995674
0.024995674
0.024995675
0.024995675
0.024995675
0.024995675
0.024995676
0.024995676
0.024995678
0.02499568
0.024995679
0.024995678
0.024995678
0.024995678
0.024995677
0.024995677
0.024995677
0.024995677
0.024995677
0.024995676
0.024995676
0.024995677
0.024995677
0.024995677
0.024995678
0.024995678
0.024995678
0.024995679
0.02499568
0.024995681
0.024995681
0.02499568
0.02499568
0.02499568
0.02499568
0.02499568
0.02499568
0.02499568
0.024995679
0.024995679
0.024995679
0.024995679
0.024995679
0.024995679
0.02499568
0.02499568
0.024995681
0.024995681
0.024995681
0.024995683
0.024995682
0.024995682
0.024995682
0.024995682
0.024995682
0.024995682
0.024995682
0.024995682
0.024995682
0.024995681
0.024995681
0.024995681
0.024995681
0.024995681
0.024995682
0.024995682
0.024995683
0.024995683
0.024995683
0.024995684
0.024995684
0.024995684
0.024995684
0.024995684
0.024995684
0.024995684
0.024995684
0.024995684
0.024995684
0.024995684
0.024995684
0.024995683
0.024995683
0.024995683
0.024995683
0.024995684
0.024995684
0.024995684
0.024995684
0.024995685
0.024995686
0.024995685
0.024995685
0.024995685
0.024995685
0.024995686
0.024995686
0.024995686
0.024995687
0.024995686
0.024995686
0.024995686
0.024995685
0.024995685
0.024995685
0.024995685
0.024995686
0.024995686
0.024995686
0.024995687
0.024995687
0.024995687
0.024995687
0.024995687
0.024995687
0.024995687
0.024995688
0.024995688
0.024995688
0.024995689
0.024995688
0.024995688
0.024995687
0.024995687
0.024995687
0.024995687
0.024995687
0.024995687
0.024995687
0.024995688
0.024995689
0.024995689
0.024995689
0.024995689
0.024995689
0.024995689
0.024995689
0.024995689
0.02499569
0.02499569
0.02499569
0.02499569
0.02499569
0.024995689
0.024995688
0.024995688
0.024995688
0.024995688
0.024995688
0.024995689
0.02499569
0.02499569
0.02499569
0.02499569
0.02499569
0.02499569
0.02499569
0.024995691
0.024995691
0.024995692
0.024995692
0.024995692
0.024995691
0.024995691
0.02499569
0.02499569
0.024995689
0.024995689
0.024995689
0.02499569
0.024995691
0.024995692
0.024995692
0.024995692
0.024995692
0.024995692
0.024995692
0.024995692
0.024995692
0.024995693
0.024995693
0.024995693
0.024995693
0.024995693
0.024995692
0.024995692
0.024995691
0.02499569
0.02499569
0.024995691
0.024995692
0.024995693
0.024995694
0.024995694
0.024995694
0.024995694
0.024995693
0.024995693
0.024995693
0.024995694
0.024995694
0.024995694
0.024995695
0.024995694
0.024995694
0.024995693
0.024995692
0.024995692
0.024995691
0.024995692
0.024995693
0.024995694
0.024995695
0.024995695
0.024995695
0.024995695
0.024995695
0.024995695
0.024995695
0.024995695
0.024995695
0.024995695
0.024995696
0.024995696
0.024995695
0.024995695
0.024995694
0.024995693
0.024995692
0.024995693
0.024995694
0.024995695
0.024995696
0.024995696
0.024995697
0.024995697
0.024995697
0.024995697
0.024995696
0.024995696
0.024995696
0.024995696
0.024995696
0.024995696
0.024995696
0.024995696
0.024995695
0.024995694
0.024995693
0.024995694
0.024995695
0.024995696
0.024995697
0.024995697
0.024995698
0.024995698
0.024995698
0.024995698
0.024995698
0.024995697
0.024995697
0.024995697
0.024995697
0.024995697
0.024995697
0.024995697
0.024995696
0.024995695
0.024995694
0.024995695
0.024995696
0.024995697
0.024995697
0.024995698
0.024995699
0.024995699
0.0249957
0.0249957
0.024995699
0.024995699
0.024995698
0.024995698
0.024995698
0.024995698
0.024995698
0.024995698
0.024995697
0.024995696
0.024995695
0.024995696
0.024995697
0.024995698
0.024995698
0.024995699
0.0249957
0.0249957
0.024995701
0.024995701
0.024995701
0.0249957
0.0249957
0.024995699
0.024995699
0.024995699
0.024995699
0.024995699
0.024995698
0.024995697
0.024995696
0.024995697
0.024995698
0.024995699
0.024995699
0.0249957
0.0249957
0.024995701
0.024995701
0.024995702
0.024995702
0.024995701
0.024995701
0.024995701
0.0249957
0.0249957
0.0249957
0.0249957
0.024995699
0.024995698
0.024995697
0.024995698
0.0249957
0.0249957
0.0249957
0.024995701
0.024995701
0.024995701
0.024995702
0.024995702
0.024995702
0.024995702
0.024995702
0.024995702
0.024995702
0.024995701
0.024995701
0.024995701
0.0249957
0.024995699
0.024995698
0.0249957
0.024995701
0.024995701
0.024995702
0.024995702
0.024995702
0.024995702
0.024995702
0.024995703
0.024995703
0.024995703
0.024995703
0.024995703
0.024995703
0.024995702
0.024995702
0.024995702
0.024995701
0.024995701
0.0249957
0.024995675
0.024995674
0.024995673
0.024995672
0.024995672
0.024995672
0.024995671
0.024995671
0.024995671
0.024995671
0.024995671
0.024995671
0.024995672
0.024995672
0.024995672
0.024995672
0.024995673
0.024995673
0.024995674
0.024995675
0.024995678
0.024995677
0.024995676
0.024995675
0.024995675
0.024995675
0.024995674
0.024995674
0.024995674
0.024995674
0.024995674
0.024995674
0.024995674
0.024995675
0.024995675
0.024995675
0.024995676
0.024995676
0.024995676
0.024995678
0.02499568
0.024995679
0.024995678
0.024995678
0.024995678
0.024995678
0.024995677
0.024995677
0.024995677
0.024995677
0.024995676
0.024995676
0.024995677
0.024995677
0.024995677
0.024995678
0.024995678
0.024995679
0.024995679
0.02499568
0.024995681
0.024995681
0.02499568
0.02499568
0.02499568
0.02499568
0.02499568
0.02499568
0.02499568
0.024995679
0.024995679
0.024995679
0.024995679
0.024995679
0.024995679
0.02499568
0.02499568
0.024995681
0.024995681
0.024995681
0.024995683
0.024995682
0.024995682
0.024995682
0.024995682
0.024995682
0.024995682
0.024995683
0.024995682
0.024995682
0.024995682
0.024995681
0.024995681
0.024995681
0.024995681
0.024995682
0.024995682
0.024995683
0.024995683
0.024995683
0.024995684
0.024995684
0.024995684
0.024995684
0.024995684
0.024995684
0.024995684
0.024995685
0.024995685
0.024995685
0.024995684
0.024995684
0.024995683
0.024995683
0.024995683
0.024995683
0.024995684
0.024995684
0.024995684
0.024995684
0.024995685
0.024995686
0.024995685
0.024995685
0.024995685
0.024995686
0.024995686
0.024995686
0.024995687
0.024995687
0.024995687
0.024995686
0.024995686
0.024995685
0.024995685
0.024995685
0.024995685
0.024995686
0.024995686
0.024995686
0.024995687
0.024995687
0.024995687
0.024995687
0.024995687
0.024995687
0.024995687
0.024995688
0.024995688
0.024995689
0.024995689
0.024995689
0.024995688
0.024995688
0.024995687
0.024995687
0.024995687
0.024995687
0.024995687
0.024995687
0.024995688
0.024995689
0.024995689
0.024995689
0.024995689
0.024995689
0.024995689
0.024995689
0.02499569
0.02499569
0.024995691
0.024995691
0.02499569
0.02499569
0.024995689
0.024995689
0.024995688
0.024995688
0.024995688
0.024995688
0.024995689
0.02499569
0.02499569
0.024995691
0.024995691
0.02499569
0.02499569
0.02499569
0.024995691
0.024995691
0.024995692
0.024995692
0.024995692
0.024995692
0.024995691
0.024995691
0.02499569
0.024995689
0.024995689
0.024995689
0.02499569
0.024995691
0.024995692
0.024995692
0.024995692
0.024995692
0.024995692
0.024995692
0.024995692
0.024995692
0.024995693
0.024995693
0.024995694
0.024995694
0.024995693
0.024995692
0.024995692
0.024995691
0.02499569
0.02499569
0.024995691
0.024995692
0.024995693
0.024995694
0.024995694
0.024995694
0.024995694
0.024995694
0.024995693
0.024995693
0.024995694
0.024995694
0.024995695
0.024995695
0.024995695
0.024995694
0.024995693
0.024995693
0.024995692
0.024995691
0.024995692
0.024995693
0.024995694
0.024995695
0.024995696
0.024995696
0.024995696
0.024995695
0.024995695
0.024995695
0.024995695
0.024995695
0.024995695
0.024995696
0.024995696
0.024995696
0.024995695
0.024995694
0.024995693
0.024995692
0.024995693
0.024995694
0.024995695
0.024995696
0.024995697
0.024995697
0.024995697
0.024995697
0.024995697
0.024995696
0.024995696
0.024995696
0.024995696
0.024995696
0.024995697
0.024995697
0.024995696
0.024995695
0.024995694
0.024995693
0.024995694
0.024995695
0.024995696
0.024995697
0.024995697
0.024995698
0.024995699
0.024995699
0.024995698
0.024995698
0.024995698
0.024995697
0.024995697
0.024995697
0.024995697
0.024995697
0.024995697
0.024995696
0.024995695
0.024995694
0.024995695
0.024995696
0.024995697
0.024995697
0.024995698
0.024995699
0.0249957
0.0249957
0.0249957
0.0249957
0.024995699
0.024995699
0.024995698
0.024995698
0.024995698
0.024995698
0.024995698
0.024995697
0.024995696
0.024995695
0.024995696
0.024995697
0.024995698
0.024995698
0.024995699
0.0249957
0.0249957
0.024995701
0.024995701
0.024995701
0.024995701
0.0249957
0.0249957
0.024995699
0.024995699
0.024995699
0.024995699
0.024995698
0.024995697
0.024995696
0.024995697
0.024995698
0.024995699
0.024995699
0.0249957
0.0249957
0.024995701
0.024995701
0.024995702
0.024995702
0.024995702
0.024995701
0.024995701
0.0249957
0.0249957
0.0249957
0.0249957
0.024995699
0.024995698
0.024995697
0.024995698
0.0249957
0.0249957
0.0249957
0.024995701
0.024995701
0.024995701
0.024995702
0.024995702
0.024995702
0.024995702
0.024995702
0.024995702
0.024995702
0.024995701
0.024995701
0.024995701
0.0249957
0.024995699
0.024995698
0.0249957
0.024995701
0.024995701
0.024995702
0.024995702
0.024995702
0.024995702
0.024995702
0.024995703
0.024995703
0.024995703
0.024995703
0.024995703
0.024995703
0.024995702
0.024995702
0.024995702
0.024995701
0.024995701
0.0249957
0.024995675
0.024995674
0.024995673
0.024995672
0.024995672
0.024995672
0.024995671
0.024995671
0.024995671
0.024995671
0.024995671
0.024995671
0.024995672
0.024995672
0.024995672
0.024995672
0.024995673
0.024995673
0.024995674
0.024995675
0.024995678
0.024995677
0.024995676
0.024995675
0.024995675
0.024995675
0.024995674
0.024995674
0.024995674
0.024995674
0.024995674
0.024995674
0.024995674
0.024995675
0.024995675
0.024995675
0.024995676
0.024995676
0.024995676
0.024995678
0.02499568
0.024995679
0.024995678
0.024995678
0.024995678
0.024995678
0.024995677
0.024995677
0.024995677
0.024995676
0.024995676
0.024995676
0.024995676
0.024995677
0.024995677
0.024995678
0.024995678
0.024995679
0.024995679
0.024995679
0.024995681
0.024995681
0.02499568
0.02499568
0.02499568
0.02499568
0.02499568
0.02499568
0.02499568
0.024995679
0.024995679
0.024995679
0.024995678
0.024995679
0.024995679
0.02499568
0.024995681
0.024995681
0.024995681
0.024995681
0.024995683
0.024995682
0.024995682
0.024995682
0.024995682
0.024995682
0.024995683
0.024995683
0.024995683
0.024995682
0.024995682
0.024995681
0.024995681
0.024995681
0.024995681
0.024995682
0.024995682
0.024995683
0.024995683
0.024995683
0.024995684
0.024995684
0.024995684
0.024995683
0.024995684
0.024995684
0.024995684
0.024995685
0.024995685
0.024995685
0.024995684
0.024995684
0.024995683
0.024995683
0.024995683
0.024995683
0.024995684
0.024995684
0.024995685
0.024995684
0.024995685
0.024995686
0.024995685
0.024995685
0.024995685
0.024995685
0.024995686
0.024995686
0.024995687
0.024995687
0.024995687
0.024995686
0.024995686
0.024995685
0.024995685
0.024995685
0.024995685
0.024995685
0.024995686
0.024995686
0.024995687
0.024995687
0.024995687
0.024995687
0.024995687
0.024995687
0.024995687
0.024995688
0.024995688
0.024995689
0.024995689
0.024995689
0.024995688
0.024995687
0.024995687
0.024995686
0.024995686
0.024995687
0.024995687
0.024995687
0.024995688
0.024995689
0.024995689
0.024995689
0.024995689
0.024995688
0.024995688
0.024995689
0.024995689
0.02499569
0.024995691
0.024995691
0.024995691
0.02499569
0.024995689
0.024995688
0.024995688
0.024995688
0.024995688
0.024995688
0.024995689
0.02499569
0.024995691
0.024995691
0.024995691
0.02499569
0.02499569
0.02499569
0.02499569
0.024995691
0.024995692
0.024995692
0.024995692
0.024995692
0.024995691
0.02499569
0.02499569
0.024995689
0.024995689
0.024995689
0.02499569
0.024995691
0.024995692
0.024995692
0.024995693
0.024995692
0.024995692
0.024995692
0.024995692
0.024995692
0.024995693
0.024995693
0.024995694
0.024995694
0.024995693
0.024995692
0.024995692
0.024995691
0.02499569
0.02499569
0.024995691
0.024995692
0.024995693
0.024995694
0.024995694
0.024995694
0.024995694
0.024995693
0.024995693
0.024995693
0.024995693
0.024995694
0.024995695
0.024995695
0.024995695
0.024995694
0.024995693
0.024995692
0.024995692
0.024995691
0.024995692
0.024995693
0.024995694
0.024995695
0.024995696
0.024995696
0.024995696
0.024995695
0.024995695
0.024995694
0.024995694
0.024995695
0.024995695
0.024995696
0.024995696
0.024995696
0.024995695
0.024995694
0.024995693
0.024995692
0.024995693
0.024995694
0.024995695
0.024995696
0.024995697
0.024995697
0.024995698
0.024995697
0.024995697
0.024995696
0.024995696
0.024995696
0.024995696
0.024995696
0.024995697
0.024995697
0.024995696
0.024995695
0.024995694
0.024995693
0.024995694
0.024995695
0.024995696
0.024995697
0.024995698
0.024995698
0.024995699
0.024995699
0.024995699
0.024995698
0.024995697
0.024995697
0.024995697
0.024995697
0.024995697
0.024995697
0.024995697
0.024995696
0.024995695
0.024995694
0.024995695
0.024995696
0.024995696
0.024995697
0.024995698
0.024995699
0.0249957
0.0249957
0.0249957
0.0249957
0.024995699
0.024995698
0.024995698
0.024995698
0.024995698
0.024995698
0.024995698
0.024995697
0.024995696
0.024995695
0.024995696
0.024995697
0.024995697
0.024995698
0.024995699
0.0249957
0.0249957
0.024995701
0.024995701
0.024995701
0.024995701
0.0249957
0.024995699
0.024995699
0.024995699
0.024995699
0.024995699
0.024995698
0.024995697
0.024995696
0.024995697
0.024995698
0.024995699
0.024995699
0.0249957
0.0249957
0.024995701
0.024995701
0.024995702
0.024995702
0.024995702
0.024995701
0.024995701
0.0249957
0.0249957
0.0249957
0.0249957
0.024995699
0.024995698
0.024995697
0.024995698
0.0249957
0.0249957
0.0249957
0.024995701
0.024995701
0.024995701
0.024995702
0.024995702
0.024995702
0.024995702
0.024995702
0.024995702
0.024995702
0.024995701
0.024995701
0.024995701
0.0249957
0.024995699
0.024995698
0.0249957
0.024995701
0.024995701
0.024995702
0.024995702
0.024995702
0.024995702
0.024995702
0.024995703
0.024995703
0.024995703
0.024995703
0.024995703
0.024995703
0.024995702
0.024995702
0.024995702
0.024995701
0.024995701
0.0249957
)
;

boundaryField
{
    inlet
    {
        type            fixedValue;
        value           uniform 0.01;
    }
    outlet
    {
        type            inletOutlet;
        inletValue      uniform 0.01;
        value           nonuniform List<scalar> 
400
(
0.024995675
0.024995678
0.02499568
0.024995681
0.024995683
0.024995684
0.024995686
0.024995687
0.024995688
0.024995689
0.02499569
0.024995691
0.024995692
0.024995693
0.024995694
0.024995695
0.024995696
0.024995698
0.024995699
0.0249957
0.024995674
0.024995677
0.024995679
0.024995681
0.024995682
0.024995684
0.024995686
0.024995687
0.024995689
0.02499569
0.024995691
0.024995692
0.024995693
0.024995694
0.024995695
0.024995696
0.024995697
0.024995698
0.0249957
0.024995701
0.024995673
0.024995676
0.024995678
0.02499568
0.024995682
0.024995684
0.024995685
0.024995687
0.024995689
0.024995691
0.024995692
0.024995693
0.024995694
0.024995695
0.024995695
0.024995696
0.024995697
0.024995699
0.0249957
0.024995701
0.024995673
0.024995675
0.024995678
0.02499568
0.024995682
0.024995683
0.024995685
0.024995687
0.024995689
0.024995691
0.024995693
0.024995694
0.024995695
0.024995696
0.024995696
0.024995697
0.024995698
0.024995699
0.0249957
0.024995702
0.024995672
0.024995675
0.024995678
0.02499568
0.024995682
0.024995683
0.024995685
0.024995687
0.024995689
0.024995691
0.024995693
0.024995695
0.024995696
0.024995697
0.024995698
0.024995698
0.024995699
0.024995699
0.0249957
0.024995702
0.024995672
0.024995675
0.024995678
0.02499568
0.024995682
0.024995684
0.024995685
0.024995687
0.024995688
0.02499569
0.024995692
0.024995694
0.024995696
0.024995698
0.024995699
0.024995699
0.0249957
0.0249957
0.024995701
0.024995702
0.024995671
0.024995674
0.024995678
0.02499568
0.024995683
0.024995684
0.024995686
0.024995687
0.024995688
0.02499569
0.024995692
0.024995694
0.024995696
0.024995698
0.024995699
0.0249957
0.0249957
0.024995701
0.024995701
0.024995702
0.024995671
0.024995674
0.024995677
0.02499568
0.024995683
0.024995685
0.024995686
0.024995688
0.024995689
0.02499569
0.024995691
0.024995693
0.024995695
0.024995697
0.024995699
0.0249957
0.024995701
0.024995701
0.024995702
0.024995702
0.024995671
0.024995674
0.024995677
0.02499568
0.024995683
0.024995685
0.024995687
0.024995688
0.024995689
0.02499569
0.024995691
0.024995693
0.024995695
0.024995697
0.024995699
0.0249957
0.024995701
0.024995702
0.024995702
0.024995702
0.024995671
0.024995674
0.024995676
0.024995679
0.024995682
0.024995685
0.024995687
0.024995689
0.02499569
0.024995691
0.024995692
0.024995693
0.024995694
0.024995696
0.024995698
0.0249957
0.024995701
0.024995702
0.024995702
0.024995703
0.024995671
0.024995674
0.024995676
0.024995679
0.024995682
0.024995684
0.024995687
0.024995689
0.024995691
0.024995692
0.024995693
0.024995693
0.024995694
0.024995696
0.024995697
0.024995699
0.024995701
0.024995702
0.024995703
0.024995703
0.024995671
0.024995674
0.024995676
0.024995678
0.024995681
0.024995684
0.024995687
0.024995689
0.024995691
0.024995693
0.024995693
0.024995694
0.024995695
0.024995695
0.024995697
0.024995698
0.0249957
0.024995701
0.024995702
0.024995703
0.024995672
0.024995674
0.024995676
0.024995678
0.024995681
0.024995683
0.024995686
0.024995688
0.024995691
0.024995693
0.024995694
0.024995695
0.024995695
0.024995696
0.024995697
0.024995698
0.024995699
0.024995701
0.024995702
0.024995703
0.024995672
0.024995675
0.024995677
0.024995679
0.024995681
0.024995683
0.024995685
0.024995687
0.02499569
0.024995692
0.024995694
0.024995695
0.024995696
0.024995696
0.024995697
0.024995698
0.024995699
0.0249957
0.024995702
0.024995703
0.024995672
0.024995675
0.024995678
0.024995679
0.024995681
0.024995683
0.024995684
0.024995687
0.024995689
0.024995691
0.024995693
0.024995695
0.024995696
0.024995697
0.024995697
0.024995698
0.024995699
0.0249957
0.024995701
0.024995702
0.024995672
0.024995676
0.024995678
0.02499568
0.024995682
0.024995683
0.024995684
0.024995686
0.024995688
0.02499569
0.024995693
0.024995694
0.024995696
0.024995697
0.024995698
0.024995698
0.024995699
0.0249957
0.024995701
0.024995702
0.024995672
0.024995676
0.024995678
0.024995681
0.024995682
0.024995684
0.024995685
0.024995686
0.024995688
0.02499569
0.024995692
0.024995694
0.024995695
0.024995696
0.024995697
0.024995698
0.024995699
0.024995699
0.024995701
0.024995702
0.024995673
0.024995676
0.024995679
0.024995681
0.024995683
0.024995684
0.024995685
0.024995687
0.024995688
0.024995689
0.024995691
0.024995692
0.024995694
0.024995695
0.024995697
0.024995697
0.024995698
0.024995699
0.0249957
0.024995701
0.024995673
0.024995676
0.024995679
0.024995681
0.024995683
0.024995685
0.024995686
0.024995687
0.024995688
0.024995689
0.02499569
0.024995692
0.024995693
0.024995694
0.024995695
0.024995697
0.024995697
0.024995698
0.024995699
0.024995701
0.024995675
0.024995677
0.024995679
0.024995681
0.024995683
0.024995685
0.024995686
0.024995687
0.024995688
0.024995689
0.02499569
0.024995691
0.024995692
0.024995693
0.024995694
0.024995695
0.024995696
0.024995697
0.024995698
0.0249957
)
;
    }
    domain3_to_solid_wall
    {
        type            compressible::turbulentTemperatureCoupledBaffleMixed;
        refValue        nonuniform List<scalar> 
4800
(
0.02498944
0.024989435
0.024989428
0.024989419
0.024989411
0.024989403
0.024989396
0.024989391
0.024989387
0.024989386
0.024989386
0.024989387
0.024989391
0.024989396
0.024989403
0.024989411
0.024989419
0.024989428
0.024989435
0.024989439
0.024991719
0.02499172
0.024991721
0.024991722
0.024991723
0.024991725
0.024991726
0.024991726
0.024991727
0.024991727
0.024991727
0.024991727
0.024991726
0.024991726
0.024991725
0.024991723
0.024991722
0.024991721
0.02499172
0.024991719
0.024993137
0.024993137
0.024993137
0.024993137
0.024993137
0.024993137
0.024993137
0.024993137
0.024993137
0.024993137
0.024993137
0.024993137
0.024993137
0.024993137
0.024993137
0.024993137
0.024993137
0.024993137
0.024993137
0.024993137
0.024994105
0.024994105
0.024994105
0.024994105
0.024994105
0.024994105
0.024994105
0.024994105
0.024994105
0.024994105
0.024994105
0.024994105
0.024994105
0.024994105
0.024994104
0.024994104
0.024994104
0.024994105
0.024994105
0.024994105
0.024994748
0.024994748
0.024994748
0.024994748
0.024994748
0.024994748
0.024994748
0.024994747
0.024994747
0.024994747
0.024994747
0.024994747
0.024994747
0.024994747
0.024994748
0.024994748
0.024994748
0.024994748
0.024994748
0.024994748
0.024995154
0.024995154
0.024995153
0.024995153
0.024995153
0.024995153
0.024995153
0.024995153
0.024995152
0.024995152
0.024995152
0.024995152
0.024995153
0.024995153
0.024995153
0.024995153
0.024995153
0.024995153
0.024995153
0.024995154
0.024995396
0.024995395
0.024995395
0.024995395
0.024995394
0.024995394
0.024995394
0.024995394
0.024995394
0.024995394
0.024995394
0.024995394
0.024995394
0.024995394
0.024995394
0.024995394
0.024995395
0.024995395
0.024995395
0.024995396
0.024995532
0.024995532
0.024995531
0.024995531
0.02499553
0.02499553
0.02499553
0.02499553
0.02499553
0.02499553
0.02499553
0.02499553
0.02499553
0.02499553
0.02499553
0.02499553
0.024995531
0.024995531
0.024995532
0.024995532
0.024995605
0.024995604
0.024995604
0.024995603
0.024995603
0.024995603
0.024995603
0.024995602
0.024995602
0.024995602
0.024995602
0.024995602
0.024995602
0.024995603
0.024995603
0.024995603
0.024995603
0.024995604
0.024995604
0.024995605
0.024995642
0.024995641
0.02499564
0.02499564
0.02499564
0.024995639
0.024995639
0.024995639
0.024995639
0.024995639
0.024995639
0.024995639
0.024995639
0.024995639
0.024995639
0.02499564
0.02499564
0.02499564
0.024995641
0.024995642
0.024995659
0.024995659
0.024995658
0.024995657
0.024995657
0.024995657
0.024995657
0.024995656
0.024995656
0.024995656
0.024995656
0.024995656
0.024995656
0.024995657
0.024995657
0.024995657
0.024995657
0.024995658
0.024995658
0.024995659
0.024995667
0.024995666
0.024995666
0.024995665
0.024995665
0.024995665
0.024995665
0.024995664
0.024995664
0.024995664
0.024995664
0.024995664
0.024995664
0.024995665
0.024995665
0.024995665
0.024995665
0.024995666
0.024995666
0.024995667
0.024995671
0.02499567
0.024995669
0.024995669
0.024995668
0.024995668
0.024995668
0.024995668
0.024995668
0.024995668
0.024995668
0.024995668
0.024995668
0.024995668
0.024995668
0.024995668
0.024995669
0.024995669
0.02499567
0.024995671
0.024995672
0.024995671
0.024995671
0.02499567
0.02499567
0.02499567
0.024995669
0.024995669
0.024995669
0.024995669
0.024995669
0.024995669
0.024995669
0.024995669
0.02499567
0.02499567
0.02499567
0.024995671
0.024995671
0.024995672
0.024995673
0.024995672
0.024995671
0.024995671
0.02499567
0.02499567
0.02499567
0.02499567
0.02499567
0.02499567
0.02499567
0.02499567
0.02499567
0.02499567
0.02499567
0.02499567
0.024995671
0.024995671
0.024995672
0.024995673
0.024995673
0.024995672
0.024995671
0.024995671
0.024995671
0.02499567
0.02499567
0.02499567
0.02499567
0.02499567
0.02499567
0.02499567
0.02499567
0.02499567
0.02499567
0.024995671
0.024995671
0.024995671
0.024995672
0.024995673
0.024995673
0.024995672
0.024995672
0.024995671
0.024995671
0.02499567
0.02499567
0.02499567
0.02499567
0.02499567
0.02499567
0.02499567
0.02499567
0.02499567
0.02499567
0.024995671
0.024995671
0.024995671
0.024995672
0.024995673
0.024995673
0.024995672
0.024995672
0.024995671
0.024995671
0.02499567
0.02499567
0.02499567
0.02499567
0.02499567
0.02499567
0.02499567
0.02499567
0.02499567
0.02499567
0.024995671
0.024995671
0.024995672
0.024995672
0.024995673
0.024995673
0.024995672
0.024995672
0.024995671
0.024995671
0.02499567
0.02499567
0.02499567
0.02499567
0.02499567
0.02499567
0.02499567
0.02499567
0.02499567
0.02499567
0.024995671
0.024995671
0.024995672
0.024995672
0.024995673
0.024995673
0.024995672
0.024995672
0.024995671
0.024995671
0.02499567
0.02499567
0.02499567
0.02499567
0.02499567
0.02499567
0.02499567
0.02499567
0.02499567
0.02499567
0.024995671
0.024995671
0.024995672
0.024995672
0.024995673
0.024995673
0.024995672
0.024995672
0.024995671
0.024995671
0.02499567
0.02499567
0.02499567
0.02499567
0.02499567
0.02499567
0.02499567
0.02499567
0.02499567
0.02499567
0.024995671
0.024995671
0.024995672
0.024995672
0.024995673
0.024995673
0.024995672
0.024995672
0.024995671
0.024995671
0.02499567
0.02499567
0.02499567
0.02499567
0.02499567
0.02499567
0.02499567
0.02499567
0.02499567
0.02499567
0.024995671
0.024995671
0.024995672
0.024995672
0.024995673
0.024995673
0.024995672
0.024995672
0.024995671
0.024995671
0.02499567
0.02499567
0.02499567
0.02499567
0.02499567
0.02499567
0.02499567
0.02499567
0.02499567
0.02499567
0.024995671
0.024995671
0.024995672
0.024995672
0.024995673
0.024995673
0.024995672
0.024995672
0.024995671
0.024995671
0.02499567
0.02499567
0.02499567
0.02499567
0.02499567
0.02499567
0.02499567
0.02499567
0.02499567
0.02499567
0.024995671
0.024995671
0.024995672
0.024995672
0.024995673
0.024995673
0.024995672
0.024995672
0.024995671
0.024995671
0.02499567
0.02499567
0.02499567
0.02499567
0.02499567
0.02499567
0.02499567
0.02499567
0.02499567
0.02499567
0.024995671
0.024995671
0.024995672
0.024995672
0.024995673
0.024995673
0.024995672
0.024995672
0.024995671
0.024995671
0.02499567
0.02499567
0.02499567
0.02499567
0.02499567
0.02499567
0.02499567
0.02499567
0.02499567
0.02499567
0.024995671
0.024995671
0.024995672
0.024995672
0.024995673
0.024995673
0.024995672
0.024995672
0.024995671
0.024995671
0.02499567
0.02499567
0.02499567
0.02499567
0.02499567
0.02499567
0.02499567
0.02499567
0.02499567
0.02499567
0.024995671
0.024995671
0.024995672
0.024995672
0.024995673
0.024995673
0.024995672
0.024995672
0.024995671
0.024995671
0.02499567
0.02499567
0.02499567
0.02499567
0.02499567
0.02499567
0.02499567
0.02499567
0.02499567
0.02499567
0.024995671
0.024995671
0.024995672
0.024995672
0.024995673
0.024995673
0.024995672
0.024995672
0.024995671
0.024995671
0.02499567
0.02499567
0.02499567
0.02499567
0.02499567
0.02499567
0.02499567
0.02499567
0.02499567
0.02499567
0.024995671
0.024995671
0.024995672
0.024995672
0.024995673
0.024995673
0.024995672
0.024995672
0.024995671
0.024995671
0.02499567
0.02499567
0.02499567
0.02499567
0.02499567
0.02499567
0.02499567
0.02499567
0.02499567
0.02499567
0.024995671
0.024995671
0.024995672
0.024995672
0.024995673
0.024995673
0.024995672
0.024995672
0.024995671
0.024995671
0.02499567
0.02499567
0.02499567
0.02499567
0.02499567
0.02499567
0.02499567
0.02499567
0.02499567
0.02499567
0.024995671
0.024995671
0.024995672
0.024995672
0.024995673
0.024995673
0.024995672
0.024995672
0.024995671
0.024995671
0.02499567
0.02499567
0.02499567
0.02499567
0.02499567
0.02499567
0.02499567
0.02499567
0.02499567
0.02499567
0.024995671
0.024995671
0.024995672
0.024995672
0.024995673
0.024995673
0.024995672
0.024995672
0.024995671
0.024995671
0.02499567
0.02499567
0.02499567
0.02499567
0.02499567
0.02499567
0.02499567
0.02499567
0.02499567
0.02499567
0.024995671
0.024995671
0.024995672
0.024995672
0.024995673
0.024995673
0.024995672
0.024995672
0.024995671
0.024995671
0.02499567
0.02499567
0.02499567
0.02499567
0.02499567
0.02499567
0.02499567
0.02499567
0.02499567
0.02499567
0.024995671
0.024995671
0.024995672
0.024995672
0.024995673
0.024995673
0.024995672
0.024995672
0.024995671
0.024995671
0.02499567
0.02499567
0.02499567
0.02499567
0.02499567
0.02499567
0.02499567
0.02499567
0.02499567
0.02499567
0.024995671
0.024995671
0.024995672
0.024995672
0.024995673
0.024995673
0.024995672
0.024995672
0.024995671
0.024995671
0.02499567
0.02499567
0.02499567
0.02499567
0.02499567
0.02499567
0.02499567
0.02499567
0.02499567
0.02499567
0.024995671
0.024995671
0.024995672
0.024995672
0.024995673
0.024995673
0.024995672
0.024995672
0.024995671
0.024995671
0.02499567
0.02499567
0.02499567
0.02499567
0.02499567
0.02499567
0.02499567
0.02499567
0.02499567
0.02499567
0.024995671
0.024995671
0.024995672
0.024995672
0.024995673
0.024995673
0.024995672
0.024995672
0.024995671
0.024995671
0.02499567
0.02499567
0.02499567
0.02499567
0.02499567
0.02499567
0.02499567
0.02499567
0.02499567
0.02499567
0.024995671
0.024995671
0.024995672
0.024995672
0.024995673
0.024995673
0.024995672
0.024995672
0.024995671
0.024995671
0.02499567
0.02499567
0.02499567
0.02499567
0.02499567
0.02499567
0.02499567
0.02499567
0.02499567
0.02499567
0.024995671
0.024995671
0.024995672
0.024995672
0.024995673
0.024995673
0.024995672
0.024995672
0.024995671
0.024995671
0.02499567
0.02499567
0.02499567
0.02499567
0.02499567
0.02499567
0.02499567
0.02499567
0.02499567
0.02499567
0.024995671
0.024995671
0.024995672
0.024995672
0.024995673
0.024995673
0.024995672
0.024995672
0.024995671
0.024995671
0.02499567
0.02499567
0.02499567
0.02499567
0.02499567
0.02499567
0.02499567
0.02499567
0.02499567
0.02499567
0.024995671
0.024995671
0.024995672
0.024995672
0.024995673
0.024995673
0.024995672
0.024995672
0.024995671
0.024995671
0.02499567
0.02499567
0.02499567
0.02499567
0.02499567
0.02499567
0.02499567
0.02499567
0.02499567
0.02499567
0.024995671
0.024995671
0.024995672
0.024995672
0.024995673
0.024995673
0.024995672
0.024995672
0.024995671
0.024995671
0.02499567
0.02499567
0.02499567
0.02499567
0.02499567
0.02499567
0.02499567
0.02499567
0.02499567
0.02499567
0.024995671
0.024995671
0.024995672
0.024995672
0.024995673
0.024995673
0.024995672
0.024995672
0.024995671
0.024995671
0.02499567
0.02499567
0.02499567
0.02499567
0.02499567
0.02499567
0.02499567
0.02499567
0.02499567
0.02499567
0.024995671
0.024995671
0.024995672
0.024995672
0.024995673
0.024995673
0.024995672
0.024995672
0.024995671
0.024995671
0.02499567
0.02499567
0.02499567
0.02499567
0.02499567
0.02499567
0.02499567
0.02499567
0.02499567
0.02499567
0.024995671
0.024995671
0.024995672
0.024995672
0.024995673
0.024995673
0.024995672
0.024995672
0.024995671
0.024995671
0.02499567
0.02499567
0.02499567
0.02499567
0.02499567
0.02499567
0.02499567
0.02499567
0.02499567
0.02499567
0.024995671
0.024995671
0.024995672
0.024995672
0.024995673
0.024995673
0.024995672
0.024995672
0.024995671
0.024995671
0.02499567
0.02499567
0.02499567
0.02499567
0.02499567
0.02499567
0.02499567
0.02499567
0.02499567
0.02499567
0.024995671
0.024995671
0.024995672
0.024995672
0.024995673
0.024995673
0.024995672
0.024995672
0.024995671
0.024995671
0.02499567
0.02499567
0.02499567
0.02499567
0.02499567
0.02499567
0.02499567
0.02499567
0.02499567
0.02499567
0.024995671
0.024995671
0.024995672
0.024995672
0.024995673
0.024995673
0.024995672
0.024995672
0.024995671
0.024995671
0.02499567
0.02499567
0.02499567
0.02499567
0.02499567
0.02499567
0.02499567
0.02499567
0.02499567
0.02499567
0.024995671
0.024995671
0.024995672
0.024995672
0.024995673
0.024995673
0.024995672
0.024995672
0.024995671
0.024995671
0.02499567
0.02499567
0.02499567
0.02499567
0.02499567
0.02499567
0.02499567
0.02499567
0.02499567
0.02499567
0.024995671
0.024995671
0.024995672
0.024995672
0.024995673
0.024995673
0.024995672
0.024995672
0.024995671
0.024995671
0.02499567
0.02499567
0.02499567
0.02499567
0.02499567
0.02499567
0.02499567
0.02499567
0.02499567
0.02499567
0.024995671
0.024995671
0.024995672
0.024995672
0.024995673
0.024995673
0.024995672
0.024995672
0.024995671
0.024995671
0.02499567
0.02499567
0.02499567
0.02499567
0.02499567
0.02499567
0.02499567
0.02499567
0.02499567
0.02499567
0.024995671
0.024995671
0.024995672
0.024995672
0.024995673
0.024995673
0.024995672
0.024995672
0.024995671
0.024995671
0.02499567
0.02499567
0.02499567
0.02499567
0.02499567
0.02499567
0.02499567
0.02499567
0.02499567
0.02499567
0.024995671
0.024995671
0.024995671
0.024995672
0.024995673
0.024995673
0.024995672
0.024995672
0.024995671
0.024995671
0.02499567
0.02499567
0.02499567
0.02499567
0.02499567
0.02499567
0.02499567
0.02499567
0.02499567
0.02499567
0.024995671
0.024995671
0.024995671
0.024995672
0.024995673
0.024995673
0.024995672
0.024995671
0.024995671
0.024995671
0.02499567
0.02499567
0.02499567
0.02499567
0.02499567
0.02499567
0.02499567
0.02499567
0.02499567
0.02499567
0.024995671
0.024995671
0.024995671
0.024995672
0.024995673
0.024995673
0.024995672
0.024995671
0.024995671
0.024995671
0.02499567
0.02499567
0.02499567
0.02499567
0.02499567
0.02499567
0.02499567
0.02499567
0.02499567
0.02499567
0.024995671
0.024995671
0.024995671
0.024995672
0.024995673
0.024995673
0.024995672
0.024995671
0.024995671
0.024995671
0.02499567
0.02499567
0.02499567
0.02499567
0.02499567
0.02499567
0.02499567
0.02499567
0.02499567
0.02499567
0.024995671
0.024995671
0.024995671
0.024995672
0.024995673
0.024995673
0.024995672
0.024995671
0.024995671
0.024995671
0.02499567
0.02499567
0.02499567
0.02499567
0.02499567
0.02499567
0.02499567
0.02499567
0.02499567
0.02499567
0.02499567
0.024995671
0.024995671
0.024995672
0.024995673
0.024995673
0.024995672
0.024995671
0.024995671
0.02499567
0.02499567
0.02499567
0.02499567
0.02499567
0.02499567
0.02499567
0.02499567
0.02499567
0.02499567
0.02499567
0.02499567
0.024995671
0.024995671
0.024995672
0.024995673
0.024995673
0.024995672
0.024995671
0.024995671
0.02499567
0.02499567
0.02499567
0.02499567
0.02499567
0.02499567
0.02499567
0.02499567
0.02499567
0.02499567
0.02499567
0.02499567
0.024995671
0.024995671
0.024995672
0.024995673
0.024989394
0.024989367
0.02498934
0.024989314
0.024989291
0.024989272
0.024989255
0.024989243
0.024989235
0.024989232
0.024989233
0.024989239
0.024989249
0.024989263
0.024989282
0.024989304
0.024989329
0.024989357
0.024989386
0.024989415
0.024991728
0.024991732
0.024991737
0.024991741
0.024991745
0.024991748
0.024991752
0.024991754
0.024991756
0.024991758
0.024991759
0.02499176
0.02499176
0.024991759
0.024991758
0.024991757
0.024991755
0.024991753
0.024991751
0.024991749
0.024993143
0.024993145
0.024993148
0.02499315
0.024993152
0.024993154
0.024993156
0.024993158
0.024993159
0.02499316
0.024993161
0.024993162
0.024993163
0.024993164
0.024993164
0.024993164
0.024993164
0.024993164
0.024993164
0.024993164
0.02499411
0.024994112
0.024994114
0.024994116
0.024994117
0.024994119
0.024994121
0.024994122
0.024994123
0.024994125
0.024994126
0.024994127
0.024994128
0.024994128
0.024994129
0.02499413
0.02499413
0.024994131
0.024994131
0.024994131
0.024994753
0.024994755
0.024994757
0.024994759
0.02499476
0.024994762
0.024994763
0.024994765
0.024994766
0.024994767
0.024994768
0.024994769
0.02499477
0.024994771
0.024994772
0.024994772
0.024994773
0.024994774
0.024994774
0.024994774
0.024995159
0.02499516
0.024995162
0.024995164
0.024995165
0.024995167
0.024995168
0.024995169
0.024995171
0.024995172
0.024995173
0.024995174
0.024995175
0.024995176
0.024995177
0.024995177
0.024995178
0.024995179
0.024995179
0.02499518
0.0249954
0.024995402
0.024995404
0.024995405
0.024995407
0.024995408
0.024995409
0.024995411
0.024995412
0.024995413
0.024995414
0.024995415
0.024995416
0.024995417
0.024995418
0.024995419
0.02499542
0.02499542
0.024995421
0.024995422
0.024995537
0.024995538
0.02499554
0.024995541
0.024995543
0.024995544
0.024995545
0.024995547
0.024995548
0.024995549
0.02499555
0.024995551
0.024995552
0.024995553
0.024995554
0.024995555
0.024995556
0.024995557
0.024995557
0.024995558
0.024995609
0.024995611
0.024995612
0.024995614
0.024995615
0.024995617
0.024995618
0.024995619
0.02499562
0.024995621
0.024995623
0.024995624
0.024995625
0.024995626
0.024995627
0.024995628
0.024995628
0.024995629
0.02499563
0.024995631
0.024995646
0.024995648
0.024995649
0.02499565
0.024995652
0.024995653
0.024995654
0.024995656
0.024995657
0.024995658
0.024995659
0.02499566
0.024995661
0.024995662
0.024995663
0.024995664
0.024995665
0.024995666
0.024995667
0.024995667
0.024995664
0.024995665
0.024995667
0.024995668
0.024995669
0.024995671
0.024995672
0.024995673
0.024995674
0.024995675
0.024995677
0.024995678
0.024995679
0.02499568
0.024995681
0.024995682
0.024995682
0.024995683
0.024995684
0.024995685
0.024995672
0.024995673
0.024995675
0.024995676
0.024995677
0.024995679
0.02499568
0.024995681
0.024995682
0.024995683
0.024995684
0.024995686
0.024995687
0.024995688
0.024995689
0.02499569
0.02499569
0.024995691
0.024995692
0.024995693
0.024995675
0.024995677
0.024995678
0.024995679
0.024995681
0.024995682
0.024995683
0.024995684
0.024995686
0.024995687
0.024995688
0.024995689
0.02499569
0.024995691
0.024995692
0.024995693
0.024995694
0.024995695
0.024995696
0.024995696
0.024995676
0.024995678
0.024995679
0.024995681
0.024995682
0.024995683
0.024995685
0.024995686
0.024995687
0.024995688
0.024995689
0.02499569
0.024995691
0.024995692
0.024995693
0.024995694
0.024995695
0.024995696
0.024995697
0.024995698
0.024995677
0.024995678
0.02499568
0.024995681
0.024995683
0.024995684
0.024995685
0.024995686
0.024995688
0.024995689
0.02499569
0.024995691
0.024995692
0.024995693
0.024995694
0.024995695
0.024995696
0.024995697
0.024995698
0.024995698
0.024995677
0.024995679
0.02499568
0.024995681
0.024995683
0.024995684
0.024995685
0.024995687
0.024995688
0.024995689
0.02499569
0.024995691
0.024995692
0.024995693
0.024995694
0.024995695
0.024995696
0.024995697
0.024995698
0.024995699
0.024995677
0.024995679
0.02499568
0.024995682
0.024995683
0.024995684
0.024995685
0.024995687
0.024995688
0.024995689
0.02499569
0.024995691
0.024995692
0.024995693
0.024995694
0.024995695
0.024995696
0.024995697
0.024995698
0.024995699
0.024995677
0.024995679
0.02499568
0.024995682
0.024995683
0.024995684
0.024995685
0.024995687
0.024995688
0.024995689
0.02499569
0.024995691
0.024995692
0.024995693
0.024995694
0.024995695
0.024995696
0.024995697
0.024995698
0.024995699
0.024995677
0.024995679
0.02499568
0.024995682
0.024995683
0.024995684
0.024995685
0.024995687
0.024995688
0.024995689
0.02499569
0.024995691
0.024995692
0.024995693
0.024995694
0.024995695
0.024995696
0.024995697
0.024995698
0.024995699
0.024995677
0.024995679
0.02499568
0.024995682
0.024995683
0.024995684
0.024995685
0.024995687
0.024995688
0.024995689
0.02499569
0.024995691
0.024995692
0.024995693
0.024995694
0.024995695
0.024995696
0.024995697
0.024995698
0.024995699
0.024995677
0.024995679
0.02499568
0.024995682
0.024995683
0.024995684
0.024995685
0.024995687
0.024995688
0.024995689
0.02499569
0.024995691
0.024995692
0.024995693
0.024995694
0.024995695
0.024995696
0.024995697
0.024995698
0.024995699
0.024995677
0.024995679
0.02499568
0.024995682
0.024995683
0.024995684
0.024995685
0.024995687
0.024995688
0.024995689
0.02499569
0.024995691
0.024995692
0.024995693
0.024995694
0.024995695
0.024995696
0.024995697
0.024995698
0.024995699
0.024995677
0.024995679
0.02499568
0.024995682
0.024995683
0.024995684
0.024995685
0.024995687
0.024995688
0.024995689
0.02499569
0.024995691
0.024995692
0.024995693
0.024995694
0.024995695
0.024995696
0.024995697
0.024995698
0.024995699
0.024995677
0.024995679
0.02499568
0.024995682
0.024995683
0.024995684
0.024995685
0.024995687
0.024995688
0.024995689
0.02499569
0.024995691
0.024995692
0.024995693
0.024995694
0.024995695
0.024995696
0.024995697
0.024995698
0.024995699
0.024995677
0.024995679
0.02499568
0.024995682
0.024995683
0.024995684
0.024995685
0.024995687
0.024995688
0.024995689
0.02499569
0.024995691
0.024995692
0.024995693
0.024995694
0.024995695
0.024995696
0.024995697
0.024995698
0.024995699
0.024995677
0.024995679
0.02499568
0.024995682
0.024995683
0.024995684
0.024995685
0.024995687
0.024995688
0.024995689
0.02499569
0.024995691
0.024995692
0.024995693
0.024995694
0.024995695
0.024995696
0.024995697
0.024995698
0.024995699
0.024995677
0.024995679
0.02499568
0.024995682
0.024995683
0.024995684
0.024995685
0.024995687
0.024995688
0.024995689
0.02499569
0.024995691
0.024995692
0.024995693
0.024995694
0.024995695
0.024995696
0.024995697
0.024995698
0.024995699
0.024995677
0.024995679
0.02499568
0.024995682
0.024995683
0.024995684
0.024995685
0.024995687
0.024995688
0.024995689
0.02499569
0.024995691
0.024995692
0.024995693
0.024995694
0.024995695
0.024995696
0.024995697
0.024995698
0.024995699
0.024995677
0.024995679
0.02499568
0.024995682
0.024995683
0.024995684
0.024995685
0.024995687
0.024995688
0.024995689
0.02499569
0.024995691
0.024995692
0.024995693
0.024995694
0.024995695
0.024995696
0.024995697
0.024995698
0.024995699
0.024995677
0.024995679
0.02499568
0.024995682
0.024995683
0.024995684
0.024995685
0.024995687
0.024995688
0.024995689
0.02499569
0.024995691
0.024995692
0.024995693
0.024995694
0.024995695
0.024995696
0.024995697
0.024995698
0.024995699
0.024995677
0.024995679
0.02499568
0.024995682
0.024995683
0.024995684
0.024995685
0.024995687
0.024995688
0.024995689
0.02499569
0.024995691
0.024995692
0.024995693
0.024995694
0.024995695
0.024995696
0.024995697
0.024995698
0.024995699
0.024995677
0.024995679
0.02499568
0.024995682
0.024995683
0.024995684
0.024995685
0.024995687
0.024995688
0.024995689
0.02499569
0.024995691
0.024995692
0.024995693
0.024995694
0.024995695
0.024995696
0.024995697
0.024995698
0.024995699
0.024995677
0.024995679
0.02499568
0.024995682
0.024995683
0.024995684
0.024995685
0.024995687
0.024995688
0.024995689
0.02499569
0.024995691
0.024995692
0.024995693
0.024995694
0.024995695
0.024995696
0.024995697
0.024995698
0.024995699
0.024995677
0.024995679
0.02499568
0.024995682
0.024995683
0.024995684
0.024995685
0.024995687
0.024995688
0.024995689
0.02499569
0.024995691
0.024995692
0.024995693
0.024995694
0.024995695
0.024995696
0.024995697
0.024995698
0.024995699
0.024995677
0.024995679
0.02499568
0.024995682
0.024995683
0.024995684
0.024995685
0.024995687
0.024995688
0.024995689
0.02499569
0.024995691
0.024995692
0.024995693
0.024995694
0.024995695
0.024995696
0.024995697
0.024995698
0.024995699
0.024995677
0.024995679
0.02499568
0.024995682
0.024995683
0.024995684
0.024995685
0.024995687
0.024995688
0.024995689
0.02499569
0.024995691
0.024995692
0.024995693
0.024995694
0.024995695
0.024995696
0.024995697
0.024995698
0.024995699
0.024995677
0.024995679
0.02499568
0.024995682
0.024995683
0.024995684
0.024995685
0.024995687
0.024995688
0.024995689
0.02499569
0.024995691
0.024995692
0.024995693
0.024995694
0.024995695
0.024995696
0.024995697
0.024995698
0.024995699
0.024995677
0.024995679
0.02499568
0.024995682
0.024995683
0.024995684
0.024995685
0.024995687
0.024995688
0.024995689
0.02499569
0.024995691
0.024995692
0.024995693
0.024995694
0.024995695
0.024995696
0.024995697
0.024995698
0.024995699
0.024995677
0.024995679
0.02499568
0.024995682
0.024995683
0.024995684
0.024995685
0.024995687
0.024995688
0.024995689
0.02499569
0.024995691
0.024995692
0.024995693
0.024995694
0.024995695
0.024995696
0.024995697
0.024995698
0.024995699
0.024995677
0.024995679
0.02499568
0.024995682
0.024995683
0.024995684
0.024995685
0.024995687
0.024995688
0.024995689
0.02499569
0.024995691
0.024995692
0.024995693
0.024995694
0.024995695
0.024995696
0.024995697
0.024995698
0.024995699
0.024995677
0.024995679
0.02499568
0.024995682
0.024995683
0.024995684
0.024995685
0.024995687
0.024995688
0.024995689
0.02499569
0.024995691
0.024995692
0.024995693
0.024995694
0.024995695
0.024995696
0.024995697
0.024995698
0.024995699
0.024995677
0.024995679
0.02499568
0.024995682
0.024995683
0.024995684
0.024995685
0.024995687
0.024995688
0.024995689
0.02499569
0.024995691
0.024995692
0.024995693
0.024995694
0.024995695
0.024995696
0.024995697
0.024995698
0.024995699
0.024995677
0.024995679
0.02499568
0.024995682
0.024995683
0.024995684
0.024995685
0.024995687
0.024995688
0.024995689
0.02499569
0.024995691
0.024995692
0.024995693
0.024995694
0.024995695
0.024995696
0.024995697
0.024995698
0.024995699
0.024995677
0.024995679
0.02499568
0.024995682
0.024995683
0.024995684
0.024995685
0.024995687
0.024995688
0.024995689
0.02499569
0.024995691
0.024995692
0.024995693
0.024995694
0.024995695
0.024995696
0.024995697
0.024995698
0.024995699
0.024995677
0.024995679
0.02499568
0.024995682
0.024995683
0.024995684
0.024995685
0.024995687
0.024995688
0.024995689
0.02499569
0.024995691
0.024995692
0.024995693
0.024995694
0.024995695
0.024995696
0.024995697
0.024995698
0.024995699
0.024995677
0.024995679
0.02499568
0.024995682
0.024995683
0.024995684
0.024995685
0.024995687
0.024995688
0.024995689
0.02499569
0.024995691
0.024995692
0.024995693
0.024995694
0.024995695
0.024995696
0.024995697
0.024995698
0.024995699
0.024995677
0.024995679
0.02499568
0.024995682
0.024995683
0.024995684
0.024995685
0.024995687
0.024995688
0.024995689
0.02499569
0.024995691
0.024995692
0.024995693
0.024995694
0.024995695
0.024995696
0.024995697
0.024995698
0.024995699
0.024995677
0.024995679
0.02499568
0.024995682
0.024995683
0.024995684
0.024995685
0.024995687
0.024995688
0.024995689
0.02499569
0.024995691
0.024995692
0.024995693
0.024995694
0.024995695
0.024995696
0.024995697
0.024995698
0.024995699
0.024995677
0.024995679
0.02499568
0.024995682
0.024995683
0.024995684
0.024995685
0.024995687
0.024995688
0.024995689
0.02499569
0.024995691
0.024995692
0.024995693
0.024995694
0.024995695
0.024995696
0.024995697
0.024995698
0.024995699
0.024995677
0.024995679
0.02499568
0.024995682
0.024995683
0.024995684
0.024995685
0.024995687
0.024995688
0.024995689
0.02499569
0.024995691
0.024995692
0.024995693
0.024995694
0.024995695
0.024995696
0.024995697
0.024995698
0.024995699
0.024995677
0.024995679
0.02499568
0.024995682
0.024995683
0.024995684
0.024995685
0.024995687
0.024995688
0.024995689
0.02499569
0.024995691
0.024995692
0.024995693
0.024995694
0.024995695
0.024995696
0.024995697
0.024995698
0.024995699
0.024995677
0.024995679
0.02499568
0.024995682
0.024995683
0.024995684
0.024995685
0.024995687
0.024995688
0.024995689
0.02499569
0.024995691
0.024995692
0.024995693
0.024995694
0.024995695
0.024995696
0.024995697
0.024995698
0.024995699
0.024995677
0.024995679
0.02499568
0.024995682
0.024995683
0.024995684
0.024995685
0.024995687
0.024995688
0.024995689
0.02499569
0.024995691
0.024995692
0.024995693
0.024995694
0.024995695
0.024995696
0.024995697
0.024995698
0.024995699
0.024995677
0.024995679
0.02499568
0.024995682
0.024995683
0.024995684
0.024995685
0.024995687
0.024995688
0.024995689
0.02499569
0.024995691
0.024995692
0.024995693
0.024995694
0.024995695
0.024995696
0.024995697
0.024995698
0.024995699
0.024995677
0.024995679
0.02499568
0.024995681
0.024995683
0.024995684
0.024995685
0.024995687
0.024995688
0.024995689
0.02499569
0.024995691
0.024995692
0.024995693
0.024995694
0.024995695
0.024995696
0.024995697
0.024995698
0.024995699
0.024995677
0.024995679
0.02499568
0.024995681
0.024995683
0.024995684
0.024995685
0.024995687
0.024995688
0.024995689
0.02499569
0.024995691
0.024995692
0.024995693
0.024995694
0.024995695
0.024995696
0.024995697
0.024995698
0.024995699
0.024995677
0.024995679
0.02499568
0.024995681
0.024995683
0.024995684
0.024995685
0.024995687
0.024995688
0.024995689
0.02499569
0.024995691
0.024995692
0.024995693
0.024995694
0.024995695
0.024995696
0.024995697
0.024995698
0.024995699
0.024995677
0.024995679
0.02499568
0.024995681
0.024995683
0.024995684
0.024995685
0.024995686
0.024995688
0.024995689
0.02499569
0.024995691
0.024995692
0.024995693
0.024995694
0.024995695
0.024995696
0.024995697
0.024995698
0.024995698
0.024995677
0.024995679
0.02499568
0.024995681
0.024995683
0.024995684
0.024995685
0.024995686
0.024995688
0.024995689
0.02499569
0.024995691
0.024995692
0.024995693
0.024995694
0.024995695
0.024995696
0.024995697
0.024995698
0.024995698
0.024995677
0.024995679
0.02499568
0.024995681
0.024995683
0.024995684
0.024995685
0.024995686
0.024995688
0.024995689
0.02499569
0.024995691
0.024995692
0.024995693
0.024995694
0.024995695
0.024995696
0.024995697
0.024995698
0.024995698
0.024989394
0.024989367
0.02498934
0.024989314
0.024989291
0.024989271
0.024989255
0.024989243
0.024989235
0.024989232
0.024989233
0.024989238
0.024989249
0.024989263
0.024989281
0.024989303
0.024989329
0.024989356
0.024989386
0.024989468
0.024989464
0.024989458
0.02498945
0.024989443
0.024989435
0.024989429
0.024989424
0.024989421
0.024989419
0.024989419
0.024989421
0.024989424
0.024989429
0.024989435
0.024989442
0.02498945
0.024989458
0.024989464
0.024989415
0.024989468
0.024991727
0.024991732
0.024991736
0.024991741
0.024991745
0.024991748
0.024991751
0.024991754
0.024991756
0.024991758
0.024991759
0.02499176
0.02499176
0.024991759
0.024991758
0.024991757
0.024991755
0.024991753
0.024991751
0.024991748
0.024991749
0.024991751
0.024991753
0.024991755
0.024991757
0.024991758
0.024991759
0.02499176
0.024991761
0.024991761
0.02499176
0.024991759
0.024991758
0.024991757
0.024991755
0.024991753
0.024991751
0.024991749
0.024991749
0.024991747
0.024993143
0.024993145
0.024993148
0.02499315
0.024993152
0.024993154
0.024993156
0.024993157
0.024993159
0.02499316
0.024993161
0.024993162
0.024993163
0.024993164
0.024993164
0.024993164
0.024993164
0.024993164
0.024993164
0.024993165
0.024993166
0.024993167
0.024993168
0.024993169
0.024993169
0.02499317
0.02499317
0.024993171
0.024993171
0.024993171
0.024993171
0.02499317
0.02499317
0.024993169
0.024993169
0.024993168
0.024993167
0.024993166
0.024993164
0.024993165
0.02499411
0.024994112
0.024994114
0.024994116
0.024994117
0.024994119
0.02499412
0.024994122
0.024994123
0.024994124
0.024994126
0.024994127
0.024994127
0.024994128
0.024994129
0.02499413
0.02499413
0.02499413
0.024994131
0.024994133
0.024994134
0.024994135
0.024994136
0.024994136
0.024994137
0.024994137
0.024994138
0.024994138
0.024994138
0.024994138
0.024994138
0.024994138
0.024994137
0.024994137
0.024994136
0.024994136
0.024994135
0.024994134
0.024994131
0.024994133
0.024994753
0.024994755
0.024994757
0.024994758
0.02499476
0.024994762
0.024994763
0.024994764
0.024994766
0.024994767
0.024994768
0.024994769
0.02499477
0.024994771
0.024994772
0.024994772
0.024994773
0.024994773
0.024994774
0.024994777
0.024994778
0.024994778
0.024994779
0.02499478
0.02499478
0.02499478
0.024994781
0.024994781
0.024994781
0.024994781
0.024994781
0.024994781
0.02499478
0.02499478
0.024994779
0.024994779
0.024994778
0.024994778
0.024994774
0.024994777
0.024995158
0.02499516
0.024995162
0.024995164
0.024995165
0.024995167
0.024995168
0.024995169
0.024995171
0.024995172
0.024995173
0.024995174
0.024995175
0.024995176
0.024995177
0.024995177
0.024995178
0.024995179
0.024995179
0.024995182
0.024995183
0.024995184
0.024995184
0.024995185
0.024995185
0.024995185
0.024995186
0.024995186
0.024995186
0.024995186
0.024995186
0.024995186
0.024995185
0.024995185
0.024995185
0.024995184
0.024995184
0.024995183
0.02499518
0.024995182
0.0249954
0.024995402
0.024995404
0.024995405
0.024995407
0.024995408
0.024995409
0.024995411
0.024995412
0.024995413
0.024995414
0.024995415
0.024995416
0.024995417
0.024995418
0.024995419
0.02499542
0.02499542
0.024995421
0.024995424
0.024995425
0.024995425
0.024995426
0.024995426
0.024995427
0.024995427
0.024995427
0.024995427
0.024995427
0.024995427
0.024995427
0.024995427
0.024995427
0.024995427
0.024995426
0.024995426
0.024995425
0.024995425
0.024995422
0.024995424
0.024995537
0.024995538
0.02499554
0.024995541
0.024995543
0.024995544
0.024995545
0.024995547
0.024995548
0.024995549
0.02499555
0.024995551
0.024995552
0.024995553
0.024995554
0.024995555
0.024995556
0.024995557
0.024995557
0.024995561
0.024995561
0.024995562
0.024995562
0.024995562
0.024995563
0.024995563
0.024995563
0.024995563
0.024995563
0.024995563
0.024995563
0.024995563
0.024995563
0.024995563
0.024995562
0.024995562
0.024995562
0.024995561
0.024995558
0.024995561
0.024995609
0.024995611
0.024995612
0.024995614
0.024995615
0.024995617
0.024995618
0.024995619
0.02499562
0.024995621
0.024995623
0.024995624
0.024995625
0.024995626
0.024995627
0.024995627
0.024995628
0.024995629
0.02499563
0.024995633
0.024995634
0.024995634
0.024995635
0.024995635
0.024995635
0.024995635
0.024995636
0.024995636
0.024995636
0.024995636
0.024995636
0.024995636
0.024995635
0.024995635
0.024995635
0.024995635
0.024995634
0.024995634
0.024995631
0.024995633
0.024995646
0.024995648
0.024995649
0.02499565
0.024995652
0.024995653
0.024995654
0.024995656
0.024995657
0.024995658
0.024995659
0.02499566
0.024995661
0.024995662
0.024995663
0.024995664
0.024995665
0.024995666
0.024995667
0.02499567
0.024995671
0.024995671
0.024995671
0.024995672
0.024995672
0.024995672
0.024995672
0.024995672
0.024995672
0.024995672
0.024995672
0.024995672
0.024995672
0.024995672
0.024995672
0.024995671
0.024995671
0.024995671
0.024995667
0.02499567
0.024995664
0.024995665
0.024995667
0.024995668
0.024995669
0.024995671
0.024995672
0.024995673
0.024995674
0.024995675
0.024995676
0.024995678
0.024995679
0.02499568
0.024995681
0.024995681
0.024995682
0.024995683
0.024995684
0.024995688
0.024995688
0.024995689
0.024995689
0.024995689
0.024995689
0.02499569
0.02499569
0.02499569
0.02499569
0.02499569
0.02499569
0.02499569
0.02499569
0.024995689
0.024995689
0.024995689
0.024995688
0.024995688
0.024995685
0.024995688
0.024995672
0.024995673
0.024995674
0.024995676
0.024995677
0.024995678
0.02499568
0.024995681
0.024995682
0.024995683
0.024995684
0.024995685
0.024995687
0.024995688
0.024995688
0.024995689
0.02499569
0.024995691
0.024995692
0.024995696
0.024995696
0.024995696
0.024995697
0.024995697
0.024995697
0.024995697
0.024995698
0.024995698
0.024995698
0.024995698
0.024995698
0.024995698
0.024995697
0.024995697
0.024995697
0.024995697
0.024995696
0.024995696
0.024995693
0.024995695
0.024995675
0.024995676
0.024995678
0.024995679
0.024995681
0.024995682
0.024995683
0.024995684
0.024995686
0.024995687
0.024995688
0.024995689
0.02499569
0.024995691
0.024995692
0.024995693
0.024995694
0.024995695
0.024995695
0.024995699
0.024995699
0.0249957
0.0249957
0.0249957
0.024995701
0.024995701
0.024995701
0.024995701
0.024995701
0.024995701
0.024995701
0.024995701
0.024995701
0.024995701
0.0249957
0.0249957
0.0249957
0.024995699
0.024995696
0.024995699
0.024995676
0.024995678
0.024995679
0.024995681
0.024995682
0.024995683
0.024995685
0.024995686
0.024995687
0.024995688
0.024995689
0.02499569
0.024995691
0.024995692
0.024995693
0.024995694
0.024995695
0.024995696
0.024995697
0.0249957
0.024995701
0.024995701
0.024995702
0.024995702
0.024995702
0.024995702
0.024995702
0.024995702
0.024995702
0.024995702
0.024995702
0.024995702
0.024995702
0.024995702
0.024995702
0.024995702
0.024995701
0.024995701
0.024995698
0.0249957
0.024995677
0.024995678
0.02499568
0.024995681
0.024995683
0.024995684
0.024995685
0.024995686
0.024995687
0.024995689
0.02499569
0.024995691
0.024995692
0.024995693
0.024995694
0.024995695
0.024995696
0.024995697
0.024995697
0.024995701
0.024995701
0.024995702
0.024995702
0.024995702
0.024995703
0.024995703
0.024995703
0.024995703
0.024995703
0.024995703
0.024995703
0.024995703
0.024995703
0.024995703
0.024995702
0.024995702
0.024995702
0.024995701
0.024995698
0.024995701
0.024995677
0.024995679
0.02499568
0.024995681
0.024995683
0.024995684
0.024995685
0.024995687
0.024995688
0.024995689
0.02499569
0.024995691
0.024995692
0.024995693
0.024995694
0.024995695
0.024995696
0.024995697
0.024995698
0.024995701
0.024995702
0.024995702
0.024995702
0.024995703
0.024995703
0.024995703
0.024995703
0.024995703
0.024995703
0.024995703
0.024995703
0.024995703
0.024995703
0.024995703
0.024995703
0.024995702
0.024995702
0.024995702
0.024995698
0.024995701
0.024995677
0.024995679
0.02499568
0.024995681
0.024995683
0.024995684
0.024995685
0.024995687
0.024995688
0.024995689
0.02499569
0.024995691
0.024995692
0.024995693
0.024995694
0.024995695
0.024995696
0.024995697
0.024995698
0.024995701
0.024995702
0.024995702
0.024995702
0.024995703
0.024995703
0.024995703
0.024995703
0.024995703
0.024995703
0.024995703
0.024995703
0.024995703
0.024995703
0.024995703
0.024995703
0.024995702
0.024995702
0.024995702
0.024995699
0.024995701
0.024995677
0.024995679
0.02499568
0.024995682
0.024995683
0.024995684
0.024995685
0.024995687
0.024995688
0.024995689
0.02499569
0.024995691
0.024995692
0.024995693
0.024995694
0.024995695
0.024995696
0.024995697
0.024995698
0.024995701
0.024995702
0.024995702
0.024995702
0.024995703
0.024995703
0.024995703
0.024995703
0.024995703
0.024995703
0.024995703
0.024995703
0.024995703
0.024995703
0.024995703
0.024995703
0.024995702
0.024995702
0.024995702
0.024995699
0.024995701
0.024995677
0.024995679
0.02499568
0.024995682
0.024995683
0.024995684
0.024995685
0.024995687
0.024995688
0.024995689
0.02499569
0.024995691
0.024995692
0.024995693
0.024995694
0.024995695
0.024995696
0.024995697
0.024995698
0.024995701
0.024995702
0.024995702
0.024995702
0.024995703
0.024995703
0.024995703
0.024995703
0.024995703
0.024995703
0.024995703
0.024995703
0.024995703
0.024995703
0.024995703
0.024995703
0.024995702
0.024995702
0.024995702
0.024995699
0.024995701
0.024995677
0.024995679
0.02499568
0.024995682
0.024995683
0.024995684
0.024995685
0.024995687
0.024995688
0.024995689
0.02499569
0.024995691
0.024995692
0.024995693
0.024995694
0.024995695
0.024995696
0.024995697
0.024995698
0.024995701
0.024995702
0.024995702
0.024995702
0.024995703
0.024995703
0.024995703
0.024995703
0.024995703
0.024995703
0.024995703
0.024995703
0.024995703
0.024995703
0.024995703
0.024995703
0.024995702
0.024995702
0.024995702
0.024995699
0.024995701
0.024995677
0.024995679
0.02499568
0.024995682
0.024995683
0.024995684
0.024995685
0.024995687
0.024995688
0.024995689
0.02499569
0.024995691
0.024995692
0.024995693
0.024995694
0.024995695
0.024995696
0.024995697
0.024995698
0.024995701
0.024995702
0.024995702
0.024995702
0.024995703
0.024995703
0.024995703
0.024995703
0.024995703
0.024995703
0.024995703
0.024995703
0.024995703
0.024995703
0.024995703
0.024995703
0.024995702
0.024995702
0.024995702
0.024995699
0.024995701
0.024995677
0.024995679
0.02499568
0.024995682
0.024995683
0.024995684
0.024995685
0.024995687
0.024995688
0.024995689
0.02499569
0.024995691
0.024995692
0.024995693
0.024995694
0.024995695
0.024995696
0.024995697
0.024995698
0.024995701
0.024995702
0.024995702
0.024995702
0.024995703
0.024995703
0.024995703
0.024995703
0.024995703
0.024995703
0.024995703
0.024995703
0.024995703
0.024995703
0.024995703
0.024995703
0.024995702
0.024995702
0.024995702
0.024995699
0.024995701
0.024995677
0.024995679
0.02499568
0.024995682
0.024995683
0.024995684
0.024995685
0.024995687
0.024995688
0.024995689
0.02499569
0.024995691
0.024995692
0.024995693
0.024995694
0.024995695
0.024995696
0.024995697
0.024995698
0.024995701
0.024995702
0.024995702
0.024995702
0.024995703
0.024995703
0.024995703
0.024995703
0.024995703
0.024995703
0.024995703
0.024995703
0.024995703
0.024995703
0.024995703
0.024995703
0.024995702
0.024995702
0.024995702
0.024995699
0.024995701
0.024995677
0.024995679
0.02499568
0.024995682
0.024995683
0.024995684
0.024995685
0.024995687
0.024995688
0.024995689
0.02499569
0.024995691
0.024995692
0.024995693
0.024995694
0.024995695
0.024995696
0.024995697
0.024995698
0.024995701
0.024995702
0.024995702
0.024995702
0.024995703
0.024995703
0.024995703
0.024995703
0.024995703
0.024995703
0.024995703
0.024995703
0.024995703
0.024995703
0.024995703
0.024995703
0.024995702
0.024995702
0.024995702
0.024995699
0.024995701
0.024995677
0.024995679
0.02499568
0.024995682
0.024995683
0.024995684
0.024995685
0.024995687
0.024995688
0.024995689
0.02499569
0.024995691
0.024995692
0.024995693
0.024995694
0.024995695
0.024995696
0.024995697
0.024995698
0.024995701
0.024995702
0.024995702
0.024995702
0.024995703
0.024995703
0.024995703
0.024995703
0.024995703
0.024995703
0.024995703
0.024995703
0.024995703
0.024995703
0.024995703
0.024995703
0.024995702
0.024995702
0.024995702
0.024995699
0.024995701
0.024995677
0.024995679
0.02499568
0.024995682
0.024995683
0.024995684
0.024995685
0.024995687
0.024995688
0.024995689
0.02499569
0.024995691
0.024995692
0.024995693
0.024995694
0.024995695
0.024995696
0.024995697
0.024995698
0.024995701
0.024995702
0.024995702
0.024995702
0.024995703
0.024995703
0.024995703
0.024995703
0.024995703
0.024995703
0.024995703
0.024995703
0.024995703
0.024995703
0.024995703
0.024995703
0.024995702
0.024995702
0.024995702
0.024995699
0.024995701
0.024995677
0.024995679
0.02499568
0.024995682
0.024995683
0.024995684
0.024995685
0.024995687
0.024995688
0.024995689
0.02499569
0.024995691
0.024995692
0.024995693
0.024995694
0.024995695
0.024995696
0.024995697
0.024995698
0.024995701
0.024995702
0.024995702
0.024995702
0.024995703
0.024995703
0.024995703
0.024995703
0.024995703
0.024995703
0.024995703
0.024995703
0.024995703
0.024995703
0.024995703
0.024995703
0.024995702
0.024995702
0.024995702
0.024995699
0.024995701
0.024995677
0.024995679
0.02499568
0.024995682
0.024995683
0.024995684
0.024995685
0.024995687
0.024995688
0.024995689
0.02499569
0.024995691
0.024995692
0.024995693
0.024995694
0.024995695
0.024995696
0.024995697
0.024995698
0.024995701
0.024995702
0.024995702
0.024995702
0.024995703
0.024995703
0.024995703
0.024995703
0.024995703
0.024995703
0.024995703
0.024995703
0.024995703
0.024995703
0.024995703
0.024995703
0.024995702
0.024995702
0.024995702
0.024995699
0.024995701
0.024995677
0.024995679
0.02499568
0.024995682
0.024995683
0.024995684
0.024995685
0.024995687
0.024995688
0.024995689
0.02499569
0.024995691
0.024995692
0.024995693
0.024995694
0.024995695
0.024995696
0.024995697
0.024995698
0.024995701
0.024995702
0.024995702
0.024995702
0.024995703
0.024995703
0.024995703
0.024995703
0.024995703
0.024995703
0.024995703
0.024995703
0.024995703
0.024995703
0.024995703
0.024995703
0.024995702
0.024995702
0.024995702
0.024995699
0.024995701
0.024995677
0.024995679
0.02499568
0.024995682
0.024995683
0.024995684
0.024995685
0.024995687
0.024995688
0.024995689
0.02499569
0.024995691
0.024995692
0.024995693
0.024995694
0.024995695
0.024995696
0.024995697
0.024995698
0.024995701
0.024995702
0.024995702
0.024995702
0.024995703
0.024995703
0.024995703
0.024995703
0.024995703
0.024995703
0.024995703
0.024995703
0.024995703
0.024995703
0.024995703
0.024995703
0.024995702
0.024995702
0.024995702
0.024995699
0.024995701
0.024995677
0.024995679
0.02499568
0.024995682
0.024995683
0.024995684
0.024995685
0.024995687
0.024995688
0.024995689
0.02499569
0.024995691
0.024995692
0.024995693
0.024995694
0.024995695
0.024995696
0.024995697
0.024995698
0.024995701
0.024995702
0.024995702
0.024995702
0.024995703
0.024995703
0.024995703
0.024995703
0.024995703
0.024995703
0.024995703
0.024995703
0.024995703
0.024995703
0.024995703
0.024995703
0.024995702
0.024995702
0.024995702
0.024995699
0.024995701
0.024995677
0.024995679
0.02499568
0.024995682
0.024995683
0.024995684
0.024995685
0.024995687
0.024995688
0.024995689
0.02499569
0.024995691
0.024995692
0.024995693
0.024995694
0.024995695
0.024995696
0.024995697
0.024995698
0.024995701
0.024995702
0.024995702
0.024995702
0.024995703
0.024995703
0.024995703
0.024995703
0.024995703
0.024995703
0.024995703
0.024995703
0.024995703
0.024995703
0.024995703
0.024995703
0.024995702
0.024995702
0.024995702
0.024995699
0.024995701
0.024995677
0.024995679
0.02499568
0.024995682
0.024995683
0.024995684
0.024995685
0.024995687
0.024995688
0.024995689
0.02499569
0.024995691
0.024995692
0.024995693
0.024995694
0.024995695
0.024995696
0.024995697
0.024995698
0.024995701
0.024995702
0.024995702
0.024995702
0.024995703
0.024995703
0.024995703
0.024995703
0.024995703
0.024995703
0.024995703
0.024995703
0.024995703
0.024995703
0.024995703
0.024995703
0.024995702
0.024995702
0.024995702
0.024995699
0.024995701
0.024995677
0.024995679
0.02499568
0.024995682
0.024995683
0.024995684
0.024995685
0.024995687
0.024995688
0.024995689
0.02499569
0.024995691
0.024995692
0.024995693
0.024995694
0.024995695
0.024995696
0.024995697
0.024995698
0.024995701
0.024995702
0.024995702
0.024995702
0.024995703
0.024995703
0.024995703
0.024995703
0.024995703
0.024995703
0.024995703
0.024995703
0.024995703
0.024995703
0.024995703
0.024995703
0.024995702
0.024995702
0.024995702
0.024995699
0.024995701
0.024995677
0.024995679
0.02499568
0.024995681
0.024995683
0.024995684
0.024995685
0.024995687
0.024995688
0.024995689
0.02499569
0.024995691
0.024995692
0.024995693
0.024995694
0.024995695
0.024995696
0.024995697
0.024995698
0.024995701
0.024995702
0.024995702
0.024995702
0.024995703
0.024995703
0.024995703
0.024995703
0.024995703
0.024995703
0.024995703
0.024995703
0.024995703
0.024995703
0.024995703
0.024995703
0.024995702
0.024995702
0.024995702
0.024995699
0.024995701
0.024995677
0.024995679
0.02499568
0.024995682
0.024995683
0.024995684
0.024995685
0.024995687
0.024995688
0.024995689
0.02499569
0.024995691
0.024995692
0.024995693
0.024995694
0.024995695
0.024995696
0.024995697
0.024995698
0.024995701
0.024995702
0.024995702
0.024995702
0.024995703
0.024995703
0.024995703
0.024995703
0.024995703
0.024995703
0.024995703
0.024995703
0.024995703
0.024995703
0.024995703
0.024995703
0.024995702
0.024995702
0.024995702
0.024995699
0.024995701
0.024995677
0.024995679
0.02499568
0.024995682
0.024995683
0.024995684
0.024995685
0.024995687
0.024995688
0.024995689
0.02499569
0.024995691
0.024995692
0.024995693
0.024995694
0.024995695
0.024995696
0.024995697
0.024995698
0.024995701
0.024995702
0.024995702
0.024995702
0.024995703
0.024995703
0.024995703
0.024995703
0.024995703
0.024995703
0.024995703
0.024995703
0.024995703
0.024995703
0.024995703
0.024995703
0.024995702
0.024995702
0.024995702
0.024995699
0.024995701
0.024995677
0.024995679
0.02499568
0.024995681
0.024995683
0.024995684
0.024995685
0.024995687
0.024995688
0.024995689
0.02499569
0.024995691
0.024995692
0.024995693
0.024995694
0.024995695
0.024995696
0.024995697
0.024995698
0.024995701
0.024995702
0.024995702
0.024995702
0.024995703
0.024995703
0.024995703
0.024995703
0.024995703
0.024995703
0.024995703
0.024995703
0.024995703
0.024995703
0.024995703
0.024995703
0.024995702
0.024995702
0.024995702
0.024995699
0.024995701
0.024995677
0.024995679
0.02499568
0.024995682
0.024995683
0.024995684
0.024995685
0.024995687
0.024995688
0.024995689
0.02499569
0.024995691
0.024995692
0.024995693
0.024995694
0.024995695
0.024995696
0.024995697
0.024995698
0.024995701
0.024995702
0.024995702
0.024995702
0.024995703
0.024995703
0.024995703
0.024995703
0.024995703
0.024995703
0.024995703
0.024995703
0.024995703
0.024995703
0.024995703
0.024995703
0.024995702
0.024995702
0.024995702
0.024995699
0.024995701
0.024995677
0.024995679
0.02499568
0.024995682
0.024995683
0.024995684
0.024995685
0.024995687
0.024995688
0.024995689
0.02499569
0.024995691
0.024995692
0.024995693
0.024995694
0.024995695
0.024995696
0.024995697
0.024995698
0.024995701
0.024995702
0.024995702
0.024995702
0.024995703
0.024995703
0.024995703
0.024995703
0.024995703
0.024995703
0.024995703
0.024995703
0.024995703
0.024995703
0.024995703
0.024995703
0.024995702
0.024995702
0.024995702
0.024995699
0.024995701
0.024995677
0.024995679
0.02499568
0.024995681
0.024995683
0.024995684
0.024995685
0.024995687
0.024995688
0.024995689
0.02499569
0.024995691
0.024995692
0.024995693
0.024995694
0.024995695
0.024995696
0.024995697
0.024995698
0.024995701
0.024995702
0.024995702
0.024995702
0.024995703
0.024995703
0.024995703
0.024995703
0.024995703
0.024995703
0.024995703
0.024995703
0.024995703
0.024995703
0.024995703
0.024995703
0.024995702
0.024995702
0.024995702
0.024995699
0.024995701
0.024995677
0.024995679
0.02499568
0.024995682
0.024995683
0.024995684
0.024995685
0.024995687
0.024995688
0.024995689
0.02499569
0.024995691
0.024995692
0.024995693
0.024995694
0.024995695
0.024995696
0.024995697
0.024995698
0.024995701
0.024995702
0.024995702
0.024995702
0.024995703
0.024995703
0.024995703
0.024995703
0.024995703
0.024995703
0.024995703
0.024995703
0.024995703
0.024995703
0.024995703
0.024995703
0.024995702
0.024995702
0.024995702
0.024995699
0.024995701
0.024995677
0.024995679
0.02499568
0.024995682
0.024995683
0.024995684
0.024995685
0.024995687
0.024995688
0.024995689
0.02499569
0.024995691
0.024995692
0.024995693
0.024995694
0.024995695
0.024995696
0.024995697
0.024995698
0.024995701
0.024995702
0.024995702
0.024995702
0.024995703
0.024995703
0.024995703
0.024995703
0.024995703
0.024995703
0.024995703
0.024995703
0.024995703
0.024995703
0.024995703
0.024995703
0.024995702
0.024995702
0.024995702
0.024995699
0.024995701
0.024995677
0.024995679
0.02499568
0.024995681
0.024995683
0.024995684
0.024995685
0.024995687
0.024995688
0.024995689
0.02499569
0.024995691
0.024995692
0.024995693
0.024995694
0.024995695
0.024995696
0.024995697
0.024995698
0.024995701
0.024995702
0.024995702
0.024995702
0.024995703
0.024995703
0.024995703
0.024995703
0.024995703
0.024995703
0.024995703
0.024995703
0.024995703
0.024995703
0.024995703
0.024995703
0.024995702
0.024995702
0.024995702
0.024995699
0.024995701
0.024995677
0.024995679
0.02499568
0.024995682
0.024995683
0.024995684
0.024995685
0.024995687
0.024995688
0.024995689
0.02499569
0.024995691
0.024995692
0.024995693
0.024995694
0.024995695
0.024995696
0.024995697
0.024995698
0.024995701
0.024995702
0.024995702
0.024995702
0.024995703
0.024995703
0.024995703
0.024995703
0.024995703
0.024995703
0.024995703
0.024995703
0.024995703
0.024995703
0.024995703
0.024995703
0.024995702
0.024995702
0.024995702
0.024995699
0.024995701
0.024995677
0.024995679
0.02499568
0.024995682
0.024995683
0.024995684
0.024995685
0.024995687
0.024995688
0.024995689
0.02499569
0.024995691
0.024995692
0.024995693
0.024995694
0.024995695
0.024995696
0.024995697
0.024995698
0.024995701
0.024995702
0.024995702
0.024995702
0.024995703
0.024995703
0.024995703
0.024995703
0.024995703
0.024995703
0.024995703
0.024995703
0.024995703
0.024995703
0.024995703
0.024995703
0.024995702
0.024995702
0.024995702
0.024995699
0.024995701
0.024995677
0.024995679
0.02499568
0.024995681
0.024995683
0.024995684
0.024995685
0.024995687
0.024995688
0.024995689
0.02499569
0.024995691
0.024995692
0.024995693
0.024995694
0.024995695
0.024995696
0.024995697
0.024995698
0.024995701
0.024995702
0.024995702
0.024995702
0.024995703
0.024995703
0.024995703
0.024995703
0.024995703
0.024995703
0.024995703
0.024995703
0.024995703
0.024995703
0.024995703
0.024995703
0.024995702
0.024995702
0.024995702
0.024995699
0.024995701
0.024995677
0.024995679
0.02499568
0.024995682
0.024995683
0.024995684
0.024995685
0.024995687
0.024995688
0.024995689
0.02499569
0.024995691
0.024995692
0.024995693
0.024995694
0.024995695
0.024995696
0.024995697
0.024995698
0.024995701
0.024995702
0.024995702
0.024995702
0.024995703
0.024995703
0.024995703
0.024995703
0.024995703
0.024995703
0.024995703
0.024995703
0.024995703
0.024995703
0.024995703
0.024995703
0.024995702
0.024995702
0.024995702
0.024995699
0.024995701
0.024995677
0.024995679
0.02499568
0.024995682
0.024995683
0.024995684
0.024995685
0.024995687
0.024995688
0.024995689
0.02499569
0.024995691
0.024995692
0.024995693
0.024995694
0.024995695
0.024995696
0.024995697
0.024995698
0.024995701
0.024995702
0.024995702
0.024995702
0.024995703
0.024995703
0.024995703
0.024995703
0.024995703
0.024995703
0.024995703
0.024995703
0.024995703
0.024995703
0.024995703
0.024995703
0.024995702
0.024995702
0.024995702
0.024995699
0.024995701
0.024995677
0.024995679
0.02499568
0.024995681
0.024995683
0.024995684
0.024995685
0.024995687
0.024995688
0.024995689
0.02499569
0.024995691
0.024995692
0.024995693
0.024995694
0.024995695
0.024995696
0.024995697
0.024995698
0.024995701
0.024995702
0.024995702
0.024995702
0.024995703
0.024995703
0.024995703
0.024995703
0.024995703
0.024995703
0.024995703
0.024995703
0.024995703
0.024995703
0.024995703
0.024995703
0.024995702
0.024995702
0.024995702
0.024995699
0.024995701
0.024995677
0.024995679
0.02499568
0.024995682
0.024995683
0.024995684
0.024995685
0.024995687
0.024995688
0.024995689
0.02499569
0.024995691
0.024995692
0.024995693
0.024995694
0.024995695
0.024995696
0.024995697
0.024995698
0.024995701
0.024995702
0.024995702
0.024995702
0.024995703
0.024995703
0.024995703
0.024995703
0.024995703
0.024995703
0.024995703
0.024995703
0.024995703
0.024995703
0.024995703
0.024995703
0.024995702
0.024995702
0.024995702
0.024995699
0.024995701
0.024995677
0.024995679
0.02499568
0.024995681
0.024995683
0.024995684
0.024995685
0.024995687
0.024995688
0.024995689
0.02499569
0.024995691
0.024995692
0.024995693
0.024995694
0.024995695
0.024995696
0.024995697
0.024995698
0.024995701
0.024995702
0.024995702
0.024995702
0.024995703
0.024995703
0.024995703
0.024995703
0.024995703
0.024995703
0.024995703
0.024995703
0.024995703
0.024995703
0.024995703
0.024995703
0.024995702
0.024995702
0.024995702
0.024995699
0.024995701
0.024995677
0.024995679
0.02499568
0.024995681
0.024995683
0.024995684
0.024995685
0.024995687
0.024995688
0.024995689
0.02499569
0.024995691
0.024995692
0.024995693
0.024995694
0.024995695
0.024995696
0.024995697
0.024995698
0.024995701
0.024995702
0.024995702
0.024995702
0.024995703
0.024995703
0.024995703
0.024995703
0.024995703
0.024995703
0.024995703
0.024995703
0.024995703
0.024995703
0.024995703
0.024995703
0.024995702
0.024995702
0.024995702
0.024995699
0.024995701
0.024995677
0.024995679
0.02499568
0.024995681
0.024995683
0.024995684
0.024995685
0.024995687
0.024995688
0.024995689
0.02499569
0.024995691
0.024995692
0.024995693
0.024995694
0.024995695
0.024995696
0.024995697
0.024995698
0.024995701
0.024995702
0.024995702
0.024995702
0.024995703
0.024995703
0.024995703
0.024995703
0.024995703
0.024995703
0.024995703
0.024995703
0.024995703
0.024995703
0.024995703
0.024995703
0.024995702
0.024995702
0.024995702
0.024995699
0.024995701
0.024995677
0.024995679
0.02499568
0.024995681
0.024995683
0.024995684
0.024995685
0.024995687
0.024995688
0.024995689
0.02499569
0.024995691
0.024995692
0.024995693
0.024995694
0.024995695
0.024995696
0.024995697
0.024995698
0.024995701
0.024995702
0.024995702
0.024995702
0.024995703
0.024995703
0.024995703
0.024995703
0.024995703
0.024995703
0.024995703
0.024995703
0.024995703
0.024995703
0.024995703
0.024995703
0.024995702
0.024995702
0.024995702
0.024995699
0.024995701
0.024995677
0.024995679
0.02499568
0.024995681
0.024995683
0.024995684
0.024995685
0.024995686
0.024995688
0.024995689
0.02499569
0.024995691
0.024995692
0.024995693
0.024995694
0.024995695
0.024995696
0.024995697
0.024995698
0.024995701
0.024995702
0.024995702
0.024995702
0.024995703
0.024995703
0.024995703
0.024995703
0.024995703
0.024995703
0.024995703
0.024995703
0.024995703
0.024995703
0.024995703
0.024995703
0.024995702
0.024995702
0.024995702
0.024995698
0.024995701
0.024995677
0.024995679
0.02499568
0.024995681
0.024995683
0.024995684
0.024995685
0.024995686
0.024995688
0.024995689
0.02499569
0.024995691
0.024995692
0.024995693
0.024995694
0.024995695
0.024995696
0.024995697
0.024995698
0.024995701
0.024995702
0.024995702
0.024995702
0.024995703
0.024995703
0.024995703
0.024995703
0.024995703
0.024995703
0.024995703
0.024995703
0.024995703
0.024995703
0.024995703
0.024995703
0.024995702
0.024995702
0.024995702
0.024995698
0.024995701
0.024995677
0.024995678
0.02499568
0.024995681
0.024995683
0.024995684
0.024995685
0.024995686
0.024995688
0.024995689
0.02499569
0.024995691
0.024995692
0.024995693
0.024995694
0.024995695
0.024995696
0.024995697
0.024995698
0.024995701
0.024995702
0.024995702
0.024995702
0.024995703
0.024995703
0.024995703
0.024995703
0.024995703
0.024995703
0.024995703
0.024995703
0.024995703
0.024995703
0.024995703
0.024995702
0.024995702
0.024995702
0.024995701
0.024995698
0.024995701
0.024995677
0.024995678
0.02499568
0.024995681
0.024995683
0.024995684
0.024995685
0.024995686
0.024995688
0.024995689
0.02499569
0.024995691
0.024995692
0.024995693
0.024995694
0.024995695
0.024995696
0.024995697
0.024995697
0.024995701
0.024995701
0.024995702
0.024995702
0.024995702
0.024995703
0.024995703
0.024995703
0.024995703
0.024995703
0.024995703
0.024995703
0.024995703
0.024995703
0.024995703
0.024995702
0.024995702
0.024995702
0.024995701
0.024995698
0.024995701
0.024995677
0.024995678
0.02499568
0.024995681
0.024995683
0.024995684
0.024995685
0.024995686
0.024995688
0.024995689
0.02499569
0.024995691
0.024995692
0.024995693
0.024995694
0.024995695
0.024995696
0.024995697
0.024995697
0.024995701
0.024995701
0.024995702
0.024995702
0.024995702
0.024995703
0.024995703
0.024995703
0.024995703
0.024995703
0.024995703
0.024995703
0.024995703
0.024995703
0.024995703
0.024995702
0.024995702
0.024995702
0.024995701
0.024995698
0.024995701
)
;
        refGradient     uniform 0;
        valueFraction   uniform 0.99972863;
        source          uniform 0;
        value           nonuniform List<scalar> 
4800
(
0.024989432
0.024989417
0.024989402
0.024989388
0.024989376
0.024989364
0.024989355
0.024989348
0.024989343
0.024989341
0.024989341
0.024989343
0.024989348
0.024989355
0.024989364
0.024989376
0.024989388
0.024989402
0.024989417
0.024989431
0.02499172
0.024991722
0.024991724
0.024991726
0.024991728
0.024991729
0.024991731
0.024991732
0.024991732
0.024991733
0.024991733
0.024991732
0.024991732
0.024991731
0.024991729
0.024991728
0.024991726
0.024991724
0.024991722
0.02499172
0.024993137
0.024993137
0.024993137
0.024993137
0.024993137
0.024993137
0.024993138
0.024993138
0.024993138
0.024993138
0.024993138
0.024993138
0.024993138
0.024993138
0.024993137
0.024993137
0.024993137
0.024993137
0.024993137
0.024993137
0.024994105
0.024994105
0.024994105
0.024994105
0.024994105
0.024994105
0.024994105
0.024994105
0.024994105
0.024994105
0.024994105
0.024994105
0.024994105
0.024994104
0.024994104
0.024994104
0.024994104
0.024994105
0.024994105
0.024994105
0.024994748
0.024994748
0.024994748
0.024994748
0.024994748
0.024994748
0.024994748
0.024994747
0.024994747
0.024994747
0.024994747
0.024994747
0.024994747
0.024994747
0.024994748
0.024994748
0.024994748
0.024994748
0.024994748
0.024994748
0.024995154
0.024995154
0.024995153
0.024995153
0.024995153
0.024995153
0.024995153
0.024995153
0.024995152
0.024995152
0.024995152
0.024995152
0.024995153
0.024995153
0.024995153
0.024995153
0.024995153
0.024995153
0.024995153
0.024995154
0.024995396
0.024995395
0.024995395
0.024995395
0.024995394
0.024995394
0.024995394
0.024995394
0.024995394
0.024995394
0.024995394
0.024995394
0.024995394
0.024995394
0.024995394
0.024995394
0.024995395
0.024995395
0.024995395
0.024995396
0.024995532
0.024995532
0.024995531
0.024995531
0.02499553
0.02499553
0.02499553
0.02499553
0.02499553
0.02499553
0.02499553
0.02499553
0.02499553
0.02499553
0.02499553
0.02499553
0.024995531
0.024995531
0.024995532
0.024995532
0.024995605
0.024995604
0.024995604
0.024995603
0.024995603
0.024995603
0.024995603
0.024995602
0.024995602
0.024995602
0.024995602
0.024995602
0.024995602
0.024995603
0.024995603
0.024995603
0.024995603
0.024995604
0.024995604
0.024995605
0.024995642
0.024995641
0.02499564
0.02499564
0.02499564
0.024995639
0.024995639
0.024995639
0.024995639
0.024995639
0.024995639
0.024995639
0.024995639
0.024995639
0.024995639
0.02499564
0.02499564
0.02499564
0.024995641
0.024995642
0.024995659
0.024995659
0.024995658
0.024995658
0.024995657
0.024995657
0.024995657
0.024995656
0.024995656
0.024995656
0.024995656
0.024995656
0.024995656
0.024995657
0.024995657
0.024995657
0.024995657
0.024995658
0.024995658
0.024995659
0.024995667
0.024995666
0.024995666
0.024995665
0.024995665
0.024995665
0.024995665
0.024995664
0.024995664
0.024995664
0.024995664
0.024995664
0.024995664
0.024995665
0.024995665
0.024995665
0.024995665
0.024995666
0.024995666
0.024995667
0.024995671
0.02499567
0.024995669
0.024995669
0.024995668
0.024995668
0.024995668
0.024995668
0.024995668
0.024995668
0.024995668
0.024995668
0.024995668
0.024995668
0.024995668
0.024995668
0.024995669
0.024995669
0.02499567
0.024995671
0.024995672
0.024995671
0.024995671
0.02499567
0.02499567
0.02499567
0.024995669
0.024995669
0.024995669
0.024995669
0.024995669
0.024995669
0.024995669
0.024995669
0.02499567
0.02499567
0.02499567
0.024995671
0.024995671
0.024995672
0.024995673
0.024995672
0.024995671
0.024995671
0.02499567
0.02499567
0.02499567
0.02499567
0.02499567
0.02499567
0.02499567
0.02499567
0.02499567
0.02499567
0.02499567
0.02499567
0.024995671
0.024995671
0.024995672
0.024995673
0.024995673
0.024995672
0.024995671
0.024995671
0.024995671
0.02499567
0.02499567
0.02499567
0.02499567
0.02499567
0.02499567
0.02499567
0.02499567
0.02499567
0.02499567
0.024995671
0.024995671
0.024995671
0.024995672
0.024995673
0.024995673
0.024995672
0.024995672
0.024995671
0.024995671
0.02499567
0.02499567
0.02499567
0.02499567
0.02499567
0.02499567
0.02499567
0.02499567
0.02499567
0.02499567
0.024995671
0.024995671
0.024995672
0.024995672
0.024995673
0.024995673
0.024995672
0.024995672
0.024995671
0.024995671
0.02499567
0.02499567
0.02499567
0.02499567
0.02499567
0.02499567
0.02499567
0.02499567
0.02499567
0.02499567
0.024995671
0.024995671
0.024995672
0.024995672
0.024995673
0.024995673
0.024995672
0.024995672
0.024995671
0.024995671
0.02499567
0.02499567
0.02499567
0.02499567
0.02499567
0.02499567
0.02499567
0.02499567
0.02499567
0.02499567
0.024995671
0.024995671
0.024995672
0.024995672
0.024995673
0.024995673
0.024995672
0.024995672
0.024995671
0.024995671
0.02499567
0.02499567
0.02499567
0.02499567
0.02499567
0.02499567
0.02499567
0.02499567
0.02499567
0.02499567
0.024995671
0.024995671
0.024995672
0.024995672
0.024995673
0.024995673
0.024995672
0.024995672
0.024995671
0.024995671
0.02499567
0.02499567
0.02499567
0.02499567
0.02499567
0.02499567
0.02499567
0.02499567
0.02499567
0.02499567
0.024995671
0.024995671
0.024995672
0.024995672
0.024995673
0.024995673
0.024995672
0.024995672
0.024995671
0.024995671
0.02499567
0.02499567
0.02499567
0.02499567
0.02499567
0.02499567
0.02499567
0.02499567
0.02499567
0.02499567
0.024995671
0.024995671
0.024995672
0.024995672
0.024995673
0.024995673
0.024995672
0.024995672
0.024995671
0.024995671
0.02499567
0.02499567
0.02499567
0.02499567
0.02499567
0.02499567
0.02499567
0.02499567
0.02499567
0.02499567
0.024995671
0.024995671
0.024995672
0.024995672
0.024995673
0.024995673
0.024995672
0.024995672
0.024995671
0.024995671
0.02499567
0.02499567
0.02499567
0.02499567
0.02499567
0.02499567
0.02499567
0.02499567
0.02499567
0.02499567
0.024995671
0.024995671
0.024995672
0.024995672
0.024995673
0.024995673
0.024995672
0.024995672
0.024995671
0.024995671
0.02499567
0.02499567
0.02499567
0.02499567
0.02499567
0.02499567
0.02499567
0.02499567
0.02499567
0.02499567
0.024995671
0.024995671
0.024995672
0.024995672
0.024995673
0.024995673
0.024995672
0.024995672
0.024995671
0.024995671
0.02499567
0.02499567
0.02499567
0.02499567
0.02499567
0.02499567
0.02499567
0.02499567
0.02499567
0.02499567
0.024995671
0.024995671
0.024995672
0.024995672
0.024995673
0.024995673
0.024995672
0.024995672
0.024995671
0.024995671
0.02499567
0.02499567
0.02499567
0.02499567
0.02499567
0.02499567
0.02499567
0.02499567
0.02499567
0.02499567
0.024995671
0.024995671
0.024995672
0.024995672
0.024995673
0.024995673
0.024995672
0.024995672
0.024995671
0.024995671
0.02499567
0.02499567
0.02499567
0.02499567
0.02499567
0.02499567
0.02499567
0.02499567
0.02499567
0.02499567
0.024995671
0.024995671
0.024995672
0.024995672
0.024995673
0.024995673
0.024995672
0.024995672
0.024995671
0.024995671
0.02499567
0.02499567
0.02499567
0.02499567
0.02499567
0.02499567
0.02499567
0.02499567
0.02499567
0.02499567
0.024995671
0.024995671
0.024995672
0.024995672
0.024995673
0.024995673
0.024995672
0.024995672
0.024995671
0.024995671
0.02499567
0.02499567
0.02499567
0.02499567
0.02499567
0.02499567
0.02499567
0.02499567
0.02499567
0.02499567
0.024995671
0.024995671
0.024995672
0.024995672
0.024995673
0.024995673
0.024995672
0.024995672
0.024995671
0.024995671
0.02499567
0.02499567
0.02499567
0.02499567
0.02499567
0.02499567
0.02499567
0.02499567
0.02499567
0.02499567
0.024995671
0.024995671
0.024995672
0.024995672
0.024995673
0.024995673
0.024995672
0.024995672
0.024995671
0.024995671
0.02499567
0.02499567
0.02499567
0.02499567
0.02499567
0.02499567
0.02499567
0.02499567
0.02499567
0.02499567
0.024995671
0.024995671
0.024995672
0.024995672
0.024995673
0.024995673
0.024995672
0.024995672
0.024995671
0.024995671
0.02499567
0.02499567
0.02499567
0.02499567
0.02499567
0.02499567
0.02499567
0.02499567
0.02499567
0.02499567
0.024995671
0.024995671
0.024995672
0.024995672
0.024995673
0.024995673
0.024995672
0.024995672
0.024995671
0.024995671
0.02499567
0.02499567
0.02499567
0.02499567
0.02499567
0.02499567
0.02499567
0.02499567
0.02499567
0.02499567
0.024995671
0.024995671
0.024995672
0.024995672
0.024995673
0.024995673
0.024995672
0.024995672
0.024995671
0.024995671
0.02499567
0.02499567
0.02499567
0.02499567
0.02499567
0.02499567
0.02499567
0.02499567
0.02499567
0.02499567
0.024995671
0.024995671
0.024995672
0.024995672
0.024995673
0.024995673
0.024995672
0.024995672
0.024995671
0.024995671
0.02499567
0.02499567
0.02499567
0.02499567
0.02499567
0.02499567
0.02499567
0.02499567
0.02499567
0.02499567
0.024995671
0.024995671
0.024995672
0.024995672
0.024995673
0.024995673
0.024995672
0.024995672
0.024995671
0.024995671
0.02499567
0.02499567
0.02499567
0.02499567
0.02499567
0.02499567
0.02499567
0.02499567
0.02499567
0.02499567
0.024995671
0.024995671
0.024995672
0.024995672
0.024995673
0.024995673
0.024995672
0.024995672
0.024995671
0.024995671
0.02499567
0.02499567
0.02499567
0.02499567
0.02499567
0.02499567
0.02499567
0.02499567
0.02499567
0.02499567
0.024995671
0.024995671
0.024995672
0.024995672
0.024995673
0.024995673
0.024995672
0.024995672
0.024995671
0.024995671
0.02499567
0.02499567
0.02499567
0.02499567
0.02499567
0.02499567
0.02499567
0.02499567
0.02499567
0.02499567
0.024995671
0.024995671
0.024995672
0.024995672
0.024995673
0.024995673
0.024995672
0.024995672
0.024995671
0.024995671
0.02499567
0.02499567
0.02499567
0.02499567
0.02499567
0.02499567
0.02499567
0.02499567
0.02499567
0.02499567
0.024995671
0.024995671
0.024995672
0.024995672
0.024995673
0.024995673
0.024995672
0.024995672
0.024995671
0.024995671
0.02499567
0.02499567
0.02499567
0.02499567
0.02499567
0.02499567
0.02499567
0.02499567
0.02499567
0.02499567
0.024995671
0.024995671
0.024995672
0.024995672
0.024995673
0.024995673
0.024995672
0.024995672
0.024995671
0.024995671
0.02499567
0.02499567
0.02499567
0.02499567
0.02499567
0.02499567
0.02499567
0.02499567
0.02499567
0.02499567
0.024995671
0.024995671
0.024995672
0.024995672
0.024995673
0.024995673
0.024995672
0.024995672
0.024995671
0.024995671
0.02499567
0.02499567
0.02499567
0.02499567
0.02499567
0.02499567
0.02499567
0.02499567
0.02499567
0.02499567
0.024995671
0.024995671
0.024995672
0.024995672
0.024995673
0.024995673
0.024995672
0.024995672
0.024995671
0.024995671
0.02499567
0.02499567
0.02499567
0.02499567
0.02499567
0.02499567
0.02499567
0.02499567
0.02499567
0.02499567
0.024995671
0.024995671
0.024995672
0.024995672
0.024995673
0.024995673
0.024995672
0.024995672
0.024995671
0.024995671
0.02499567
0.02499567
0.02499567
0.02499567
0.02499567
0.02499567
0.02499567
0.02499567
0.02499567
0.02499567
0.024995671
0.024995671
0.024995672
0.024995672
0.024995673
0.024995673
0.024995672
0.024995672
0.024995671
0.024995671
0.02499567
0.02499567
0.02499567
0.02499567
0.02499567
0.02499567
0.02499567
0.02499567
0.02499567
0.02499567
0.024995671
0.024995671
0.024995672
0.024995672
0.024995673
0.024995673
0.024995672
0.024995672
0.024995671
0.024995671
0.02499567
0.02499567
0.02499567
0.02499567
0.02499567
0.02499567
0.02499567
0.02499567
0.02499567
0.02499567
0.024995671
0.024995671
0.024995672
0.024995672
0.024995673
0.024995673
0.024995672
0.024995672
0.024995671
0.024995671
0.02499567
0.02499567
0.02499567
0.02499567
0.02499567
0.02499567
0.02499567
0.02499567
0.02499567
0.02499567
0.024995671
0.024995671
0.024995672
0.024995672
0.024995673
0.024995673
0.024995672
0.024995672
0.024995671
0.024995671
0.02499567
0.02499567
0.02499567
0.02499567
0.02499567
0.02499567
0.02499567
0.02499567
0.02499567
0.02499567
0.024995671
0.024995671
0.024995672
0.024995672
0.024995673
0.024995673
0.024995672
0.024995672
0.024995671
0.024995671
0.02499567
0.02499567
0.02499567
0.02499567
0.02499567
0.02499567
0.02499567
0.02499567
0.02499567
0.02499567
0.024995671
0.024995671
0.024995672
0.024995672
0.024995673
0.024995673
0.024995672
0.024995672
0.024995671
0.024995671
0.02499567
0.02499567
0.02499567
0.02499567
0.02499567
0.02499567
0.02499567
0.02499567
0.02499567
0.02499567
0.024995671
0.024995671
0.024995672
0.024995672
0.024995673
0.024995673
0.024995672
0.024995672
0.024995671
0.024995671
0.02499567
0.02499567
0.02499567
0.02499567
0.02499567
0.02499567
0.02499567
0.02499567
0.02499567
0.02499567
0.024995671
0.024995671
0.024995672
0.024995672
0.024995673
0.024995673
0.024995672
0.024995672
0.024995671
0.024995671
0.02499567
0.02499567
0.02499567
0.02499567
0.02499567
0.02499567
0.02499567
0.02499567
0.02499567
0.02499567
0.024995671
0.024995671
0.024995671
0.024995672
0.024995673
0.024995673
0.024995672
0.024995672
0.024995671
0.024995671
0.02499567
0.02499567
0.02499567
0.02499567
0.02499567
0.02499567
0.02499567
0.02499567
0.02499567
0.02499567
0.024995671
0.024995671
0.024995671
0.024995672
0.024995673
0.024995673
0.024995672
0.024995671
0.024995671
0.024995671
0.02499567
0.02499567
0.02499567
0.02499567
0.02499567
0.02499567
0.02499567
0.02499567
0.02499567
0.02499567
0.024995671
0.024995671
0.024995671
0.024995672
0.024995673
0.024995673
0.024995672
0.024995671
0.024995671
0.024995671
0.02499567
0.02499567
0.02499567
0.02499567
0.02499567
0.02499567
0.02499567
0.02499567
0.02499567
0.02499567
0.024995671
0.024995671
0.024995671
0.024995672
0.024995673
0.024995673
0.024995672
0.024995671
0.024995671
0.024995671
0.02499567
0.02499567
0.02499567
0.02499567
0.02499567
0.02499567
0.02499567
0.02499567
0.02499567
0.02499567
0.024995671
0.024995671
0.024995671
0.024995672
0.024995673
0.024995673
0.024995672
0.024995671
0.024995671
0.024995671
0.02499567
0.02499567
0.02499567
0.02499567
0.02499567
0.02499567
0.02499567
0.02499567
0.02499567
0.02499567
0.02499567
0.024995671
0.024995671
0.024995672
0.024995673
0.024995673
0.024995672
0.024995671
0.024995671
0.02499567
0.02499567
0.02499567
0.02499567
0.02499567
0.02499567
0.02499567
0.02499567
0.02499567
0.02499567
0.02499567
0.02499567
0.024995671
0.024995671
0.024995672
0.024995673
0.024995673
0.024995672
0.024995671
0.024995671
0.02499567
0.02499567
0.02499567
0.02499567
0.02499567
0.02499567
0.02499567
0.02499567
0.02499567
0.02499567
0.02499567
0.02499567
0.024995671
0.024995671
0.024995672
0.024995673
0.024989386
0.024989349
0.024989315
0.024989284
0.024989256
0.024989233
0.024989214
0.0249892
0.024989191
0.024989187
0.024989189
0.024989195
0.024989206
0.024989222
0.024989243
0.024989269
0.024989298
0.024989331
0.024989368
0.024989407
0.024991728
0.024991734
0.024991739
0.024991744
0.024991749
0.024991753
0.024991757
0.02499176
0.024991762
0.024991764
0.024991765
0.024991765
0.024991765
0.024991764
0.024991763
0.024991761
0.024991759
0.024991756
0.024991753
0.024991749
0.024993143
0.024993145
0.024993148
0.02499315
0.024993152
0.024993155
0.024993156
0.024993158
0.02499316
0.024993161
0.024993162
0.024993163
0.024993164
0.024993164
0.024993164
0.024993165
0.024993165
0.024993165
0.024993164
0.024993164
0.02499411
0.024994112
0.024994114
0.024994116
0.024994117
0.024994119
0.024994121
0.024994122
0.024994123
0.024994125
0.024994126
0.024994127
0.024994128
0.024994128
0.024994129
0.02499413
0.02499413
0.024994131
0.024994131
0.024994131
0.024994753
0.024994755
0.024994757
0.024994759
0.02499476
0.024994762
0.024994763
0.024994765
0.024994766
0.024994767
0.024994768
0.024994769
0.02499477
0.024994771
0.024994772
0.024994772
0.024994773
0.024994774
0.024994774
0.024994774
0.024995159
0.02499516
0.024995162
0.024995164
0.024995165
0.024995167
0.024995168
0.024995169
0.024995171
0.024995172
0.024995173
0.024995174
0.024995175
0.024995176
0.024995177
0.024995177
0.024995178
0.024995179
0.024995179
0.02499518
0.0249954
0.024995402
0.024995404
0.024995405
0.024995407
0.024995408
0.024995409
0.024995411
0.024995412
0.024995413
0.024995414
0.024995415
0.024995416
0.024995417
0.024995418
0.024995419
0.02499542
0.02499542
0.024995421
0.024995422
0.024995537
0.024995538
0.02499554
0.024995541
0.024995543
0.024995544
0.024995545
0.024995547
0.024995548
0.024995549
0.02499555
0.024995551
0.024995552
0.024995553
0.024995554
0.024995555
0.024995556
0.024995557
0.024995557
0.024995558
0.024995609
0.024995611
0.024995612
0.024995614
0.024995615
0.024995617
0.024995618
0.024995619
0.02499562
0.024995621
0.024995623
0.024995624
0.024995625
0.024995626
0.024995627
0.024995628
0.024995628
0.024995629
0.02499563
0.024995631
0.024995646
0.024995648
0.024995649
0.02499565
0.024995652
0.024995653
0.024995654
0.024995656
0.024995657
0.024995658
0.024995659
0.02499566
0.024995661
0.024995662
0.024995663
0.024995664
0.024995665
0.024995666
0.024995667
0.024995667
0.024995664
0.024995665
0.024995667
0.024995668
0.024995669
0.024995671
0.024995672
0.024995673
0.024995674
0.024995675
0.024995677
0.024995678
0.024995679
0.02499568
0.024995681
0.024995682
0.024995682
0.024995683
0.024995684
0.024995685
0.024995672
0.024995673
0.024995675
0.024995676
0.024995677
0.024995679
0.02499568
0.024995681
0.024995682
0.024995683
0.024995684
0.024995686
0.024995687
0.024995688
0.024995689
0.02499569
0.02499569
0.024995691
0.024995692
0.024995693
0.024995675
0.024995677
0.024995678
0.024995679
0.024995681
0.024995682
0.024995683
0.024995684
0.024995686
0.024995687
0.024995688
0.024995689
0.02499569
0.024995691
0.024995692
0.024995693
0.024995694
0.024995695
0.024995696
0.024995696
0.024995676
0.024995678
0.024995679
0.024995681
0.024995682
0.024995683
0.024995685
0.024995686
0.024995687
0.024995688
0.024995689
0.02499569
0.024995691
0.024995692
0.024995693
0.024995694
0.024995695
0.024995696
0.024995697
0.024995698
0.024995677
0.024995678
0.02499568
0.024995681
0.024995683
0.024995684
0.024995685
0.024995686
0.024995688
0.024995689
0.02499569
0.024995691
0.024995692
0.024995693
0.024995694
0.024995695
0.024995696
0.024995697
0.024995698
0.024995698
0.024995677
0.024995679
0.02499568
0.024995681
0.024995683
0.024995684
0.024995685
0.024995687
0.024995688
0.024995689
0.02499569
0.024995691
0.024995692
0.024995693
0.024995694
0.024995695
0.024995696
0.024995697
0.024995698
0.024995699
0.024995677
0.024995679
0.02499568
0.024995682
0.024995683
0.024995684
0.024995685
0.024995687
0.024995688
0.024995689
0.02499569
0.024995691
0.024995692
0.024995693
0.024995694
0.024995695
0.024995696
0.024995697
0.024995698
0.024995699
0.024995677
0.024995679
0.02499568
0.024995682
0.024995683
0.024995684
0.024995685
0.024995687
0.024995688
0.024995689
0.02499569
0.024995691
0.024995692
0.024995693
0.024995694
0.024995695
0.024995696
0.024995697
0.024995698
0.024995699
0.024995677
0.024995679
0.02499568
0.024995682
0.024995683
0.024995684
0.024995685
0.024995687
0.024995688
0.024995689
0.02499569
0.024995691
0.024995692
0.024995693
0.024995694
0.024995695
0.024995696
0.024995697
0.024995698
0.024995699
0.024995677
0.024995679
0.02499568
0.024995682
0.024995683
0.024995684
0.024995685
0.024995687
0.024995688
0.024995689
0.02499569
0.024995691
0.024995692
0.024995693
0.024995694
0.024995695
0.024995696
0.024995697
0.024995698
0.024995699
0.024995677
0.024995679
0.02499568
0.024995682
0.024995683
0.024995684
0.024995685
0.024995687
0.024995688
0.024995689
0.02499569
0.024995691
0.024995692
0.024995693
0.024995694
0.024995695
0.024995696
0.024995697
0.024995698
0.024995699
0.024995677
0.024995679
0.02499568
0.024995682
0.024995683
0.024995684
0.024995685
0.024995687
0.024995688
0.024995689
0.02499569
0.024995691
0.024995692
0.024995693
0.024995694
0.024995695
0.024995696
0.024995697
0.024995698
0.024995699
0.024995677
0.024995679
0.02499568
0.024995682
0.024995683
0.024995684
0.024995685
0.024995687
0.024995688
0.024995689
0.02499569
0.024995691
0.024995692
0.024995693
0.024995694
0.024995695
0.024995696
0.024995697
0.024995698
0.024995699
0.024995677
0.024995679
0.02499568
0.024995682
0.024995683
0.024995684
0.024995685
0.024995687
0.024995688
0.024995689
0.02499569
0.024995691
0.024995692
0.024995693
0.024995694
0.024995695
0.024995696
0.024995697
0.024995698
0.024995699
0.024995677
0.024995679
0.02499568
0.024995682
0.024995683
0.024995684
0.024995685
0.024995687
0.024995688
0.024995689
0.02499569
0.024995691
0.024995692
0.024995693
0.024995694
0.024995695
0.024995696
0.024995697
0.024995698
0.024995699
0.024995677
0.024995679
0.02499568
0.024995682
0.024995683
0.024995684
0.024995685
0.024995687
0.024995688
0.024995689
0.02499569
0.024995691
0.024995692
0.024995693
0.024995694
0.024995695
0.024995696
0.024995697
0.024995698
0.024995699
0.024995677
0.024995679
0.02499568
0.024995682
0.024995683
0.024995684
0.024995685
0.024995687
0.024995688
0.024995689
0.02499569
0.024995691
0.024995692
0.024995693
0.024995694
0.024995695
0.024995696
0.024995697
0.024995698
0.024995699
0.024995677
0.024995679
0.02499568
0.024995682
0.024995683
0.024995684
0.024995685
0.024995687
0.024995688
0.024995689
0.02499569
0.024995691
0.024995692
0.024995693
0.024995694
0.024995695
0.024995696
0.024995697
0.024995698
0.024995699
0.024995677
0.024995679
0.02499568
0.024995682
0.024995683
0.024995684
0.024995685
0.024995687
0.024995688
0.024995689
0.02499569
0.024995691
0.024995692
0.024995693
0.024995694
0.024995695
0.024995696
0.024995697
0.024995698
0.024995699
0.024995677
0.024995679
0.02499568
0.024995682
0.024995683
0.024995684
0.024995685
0.024995687
0.024995688
0.024995689
0.02499569
0.024995691
0.024995692
0.024995693
0.024995694
0.024995695
0.024995696
0.024995697
0.024995698
0.024995699
0.024995677
0.024995679
0.02499568
0.024995682
0.024995683
0.024995684
0.024995685
0.024995687
0.024995688
0.024995689
0.02499569
0.024995691
0.024995692
0.024995693
0.024995694
0.024995695
0.024995696
0.024995697
0.024995698
0.024995699
0.024995677
0.024995679
0.02499568
0.024995682
0.024995683
0.024995684
0.024995685
0.024995687
0.024995688
0.024995689
0.02499569
0.024995691
0.024995692
0.024995693
0.024995694
0.024995695
0.024995696
0.024995697
0.024995698
0.024995699
0.024995677
0.024995679
0.02499568
0.024995682
0.024995683
0.024995684
0.024995685
0.024995687
0.024995688
0.024995689
0.02499569
0.024995691
0.024995692
0.024995693
0.024995694
0.024995695
0.024995696
0.024995697
0.024995698
0.024995699
0.024995677
0.024995679
0.02499568
0.024995682
0.024995683
0.024995684
0.024995685
0.024995687
0.024995688
0.024995689
0.02499569
0.024995691
0.024995692
0.024995693
0.024995694
0.024995695
0.024995696
0.024995697
0.024995698
0.024995699
0.024995677
0.024995679
0.02499568
0.024995682
0.024995683
0.024995684
0.024995685
0.024995687
0.024995688
0.024995689
0.02499569
0.024995691
0.024995692
0.024995693
0.024995694
0.024995695
0.024995696
0.024995697
0.024995698
0.024995699
0.024995677
0.024995679
0.02499568
0.024995682
0.024995683
0.024995684
0.024995685
0.024995687
0.024995688
0.024995689
0.02499569
0.024995691
0.024995692
0.024995693
0.024995694
0.024995695
0.024995696
0.024995697
0.024995698
0.024995699
0.024995677
0.024995679
0.02499568
0.024995682
0.024995683
0.024995684
0.024995685
0.024995687
0.024995688
0.024995689
0.02499569
0.024995691
0.024995692
0.024995693
0.024995694
0.024995695
0.024995696
0.024995697
0.024995698
0.024995699
0.024995677
0.024995679
0.02499568
0.024995682
0.024995683
0.024995684
0.024995685
0.024995687
0.024995688
0.024995689
0.02499569
0.024995691
0.024995692
0.024995693
0.024995694
0.024995695
0.024995696
0.024995697
0.024995698
0.024995699
0.024995677
0.024995679
0.02499568
0.024995682
0.024995683
0.024995684
0.024995685
0.024995687
0.024995688
0.024995689
0.02499569
0.024995691
0.024995692
0.024995693
0.024995694
0.024995695
0.024995696
0.024995697
0.024995698
0.024995699
0.024995677
0.024995679
0.02499568
0.024995682
0.024995683
0.024995684
0.024995685
0.024995687
0.024995688
0.024995689
0.02499569
0.024995691
0.024995692
0.024995693
0.024995694
0.024995695
0.024995696
0.024995697
0.024995698
0.024995699
0.024995677
0.024995679
0.02499568
0.024995682
0.024995683
0.024995684
0.024995685
0.024995687
0.024995688
0.024995689
0.02499569
0.024995691
0.024995692
0.024995693
0.024995694
0.024995695
0.024995696
0.024995697
0.024995698
0.024995699
0.024995677
0.024995679
0.02499568
0.024995682
0.024995683
0.024995684
0.024995685
0.024995687
0.024995688
0.024995689
0.02499569
0.024995691
0.024995692
0.024995693
0.024995694
0.024995695
0.024995696
0.024995697
0.024995698
0.024995699
0.024995677
0.024995679
0.02499568
0.024995682
0.024995683
0.024995684
0.024995685
0.024995687
0.024995688
0.024995689
0.02499569
0.024995691
0.024995692
0.024995693
0.024995694
0.024995695
0.024995696
0.024995697
0.024995698
0.024995699
0.024995677
0.024995679
0.02499568
0.024995682
0.024995683
0.024995684
0.024995685
0.024995687
0.024995688
0.024995689
0.02499569
0.024995691
0.024995692
0.024995693
0.024995694
0.024995695
0.024995696
0.024995697
0.024995698
0.024995699
0.024995677
0.024995679
0.02499568
0.024995682
0.024995683
0.024995684
0.024995685
0.024995687
0.024995688
0.024995689
0.02499569
0.024995691
0.024995692
0.024995693
0.024995694
0.024995695
0.024995696
0.024995697
0.024995698
0.024995699
0.024995677
0.024995679
0.02499568
0.024995682
0.024995683
0.024995684
0.024995685
0.024995687
0.024995688
0.024995689
0.02499569
0.024995691
0.024995692
0.024995693
0.024995694
0.024995695
0.024995696
0.024995697
0.024995698
0.024995699
0.024995677
0.024995679
0.02499568
0.024995682
0.024995683
0.024995684
0.024995685
0.024995687
0.024995688
0.024995689
0.02499569
0.024995691
0.024995692
0.024995693
0.024995694
0.024995695
0.024995696
0.024995697
0.024995698
0.024995699
0.024995677
0.024995679
0.02499568
0.024995682
0.024995683
0.024995684
0.024995685
0.024995687
0.024995688
0.024995689
0.02499569
0.024995691
0.024995692
0.024995693
0.024995694
0.024995695
0.024995696
0.024995697
0.024995698
0.024995699
0.024995677
0.024995679
0.02499568
0.024995682
0.024995683
0.024995684
0.024995685
0.024995687
0.024995688
0.024995689
0.02499569
0.024995691
0.024995692
0.024995693
0.024995694
0.024995695
0.024995696
0.024995697
0.024995698
0.024995699
0.024995677
0.024995679
0.02499568
0.024995682
0.024995683
0.024995684
0.024995685
0.024995687
0.024995688
0.024995689
0.02499569
0.024995691
0.024995692
0.024995693
0.024995694
0.024995695
0.024995696
0.024995697
0.024995698
0.024995699
0.024995677
0.024995679
0.02499568
0.024995682
0.024995683
0.024995684
0.024995685
0.024995687
0.024995688
0.024995689
0.02499569
0.024995691
0.024995692
0.024995693
0.024995694
0.024995695
0.024995696
0.024995697
0.024995698
0.024995699
0.024995677
0.024995679
0.02499568
0.024995682
0.024995683
0.024995684
0.024995685
0.024995687
0.024995688
0.024995689
0.02499569
0.024995691
0.024995692
0.024995693
0.024995694
0.024995695
0.024995696
0.024995697
0.024995698
0.024995699
0.024995677
0.024995679
0.02499568
0.024995682
0.024995683
0.024995684
0.024995685
0.024995687
0.024995688
0.024995689
0.02499569
0.024995691
0.024995692
0.024995693
0.024995694
0.024995695
0.024995696
0.024995697
0.024995698
0.024995699
0.024995677
0.024995679
0.02499568
0.024995682
0.024995683
0.024995684
0.024995685
0.024995687
0.024995688
0.024995689
0.02499569
0.024995691
0.024995692
0.024995693
0.024995694
0.024995695
0.024995696
0.024995697
0.024995698
0.024995699
0.024995677
0.024995679
0.02499568
0.024995681
0.024995683
0.024995684
0.024995685
0.024995687
0.024995688
0.024995689
0.02499569
0.024995691
0.024995692
0.024995693
0.024995694
0.024995695
0.024995696
0.024995697
0.024995698
0.024995699
0.024995677
0.024995679
0.02499568
0.024995681
0.024995683
0.024995684
0.024995685
0.024995687
0.024995688
0.024995689
0.02499569
0.024995691
0.024995692
0.024995693
0.024995694
0.024995695
0.024995696
0.024995697
0.024995698
0.024995699
0.024995677
0.024995679
0.02499568
0.024995681
0.024995683
0.024995684
0.024995685
0.024995687
0.024995688
0.024995689
0.02499569
0.024995691
0.024995692
0.024995693
0.024995694
0.024995695
0.024995696
0.024995697
0.024995698
0.024995699
0.024995677
0.024995679
0.02499568
0.024995681
0.024995683
0.024995684
0.024995685
0.024995686
0.024995688
0.024995689
0.02499569
0.024995691
0.024995692
0.024995693
0.024995694
0.024995695
0.024995696
0.024995697
0.024995698
0.024995698
0.024995677
0.024995679
0.02499568
0.024995681
0.024995683
0.024995684
0.024995685
0.024995686
0.024995688
0.024995689
0.02499569
0.024995691
0.024995692
0.024995693
0.024995694
0.024995695
0.024995696
0.024995697
0.024995698
0.024995698
0.024995677
0.024995679
0.02499568
0.024995681
0.024995683
0.024995684
0.024995685
0.024995686
0.024995688
0.024995689
0.02499569
0.024995691
0.024995692
0.024995693
0.024995694
0.024995695
0.024995696
0.024995697
0.024995698
0.024995698
0.024989386
0.024989349
0.024989314
0.024989283
0.024989256
0.024989233
0.024989214
0.0249892
0.024989191
0.024989187
0.024989188
0.024989195
0.024989206
0.024989222
0.024989243
0.024989268
0.024989298
0.024989331
0.024989368
0.02498946
0.024989446
0.024989433
0.02498942
0.024989407
0.024989397
0.024989388
0.024989381
0.024989377
0.024989374
0.024989374
0.024989377
0.024989381
0.024989388
0.024989397
0.024989407
0.02498942
0.024989433
0.024989446
0.024989407
0.02498946
0.024991728
0.024991734
0.024991739
0.024991744
0.024991749
0.024991753
0.024991757
0.024991759
0.024991762
0.024991764
0.024991765
0.024991765
0.024991765
0.024991764
0.024991763
0.024991761
0.024991759
0.024991756
0.024991753
0.024991748
0.024991751
0.024991754
0.024991757
0.024991759
0.024991762
0.024991763
0.024991765
0.024991766
0.024991766
0.024991766
0.024991766
0.024991765
0.024991763
0.024991762
0.024991759
0.024991757
0.024991754
0.024991751
0.024991749
0.024991748
0.024993143
0.024993145
0.024993148
0.02499315
0.024993152
0.024993154
0.024993156
0.024993158
0.024993159
0.024993161
0.024993162
0.024993163
0.024993163
0.024993164
0.024993164
0.024993165
0.024993165
0.024993164
0.024993164
0.024993165
0.024993166
0.024993167
0.024993168
0.024993169
0.02499317
0.02499317
0.024993171
0.024993171
0.024993171
0.024993171
0.024993171
0.024993171
0.02499317
0.02499317
0.024993169
0.024993168
0.024993167
0.024993166
0.024993164
0.024993165
0.02499411
0.024994112
0.024994114
0.024994116
0.024994117
0.024994119
0.02499412
0.024994122
0.024994123
0.024994124
0.024994126
0.024994127
0.024994127
0.024994128
0.024994129
0.02499413
0.02499413
0.02499413
0.024994131
0.024994133
0.024994134
0.024994135
0.024994136
0.024994136
0.024994137
0.024994137
0.024994138
0.024994138
0.024994138
0.024994138
0.024994138
0.024994138
0.024994137
0.024994137
0.024994136
0.024994136
0.024994135
0.024994134
0.024994131
0.024994133
0.024994753
0.024994755
0.024994757
0.024994758
0.02499476
0.024994762
0.024994763
0.024994764
0.024994766
0.024994767
0.024994768
0.024994769
0.02499477
0.024994771
0.024994772
0.024994772
0.024994773
0.024994773
0.024994774
0.024994777
0.024994778
0.024994778
0.024994779
0.02499478
0.02499478
0.02499478
0.024994781
0.024994781
0.024994781
0.024994781
0.024994781
0.024994781
0.02499478
0.02499478
0.024994779
0.024994779
0.024994778
0.024994778
0.024994774
0.024994777
0.024995158
0.02499516
0.024995162
0.024995164
0.024995165
0.024995167
0.024995168
0.024995169
0.024995171
0.024995172
0.024995173
0.024995174
0.024995175
0.024995176
0.024995177
0.024995177
0.024995178
0.024995179
0.024995179
0.024995182
0.024995183
0.024995184
0.024995184
0.024995185
0.024995185
0.024995185
0.024995186
0.024995186
0.024995186
0.024995186
0.024995186
0.024995186
0.024995185
0.024995185
0.024995185
0.024995184
0.024995184
0.024995183
0.02499518
0.024995182
0.0249954
0.024995402
0.024995404
0.024995405
0.024995407
0.024995408
0.024995409
0.024995411
0.024995412
0.024995413
0.024995414
0.024995415
0.024995416
0.024995417
0.024995418
0.024995419
0.02499542
0.02499542
0.024995421
0.024995424
0.024995425
0.024995425
0.024995426
0.024995426
0.024995427
0.024995427
0.024995427
0.024995427
0.024995427
0.024995427
0.024995427
0.024995427
0.024995427
0.024995427
0.024995426
0.024995426
0.024995425
0.024995425
0.024995422
0.024995424
0.024995537
0.024995538
0.02499554
0.024995541
0.024995543
0.024995544
0.024995545
0.024995547
0.024995548
0.024995549
0.02499555
0.024995551
0.024995552
0.024995553
0.024995554
0.024995555
0.024995556
0.024995557
0.024995557
0.024995561
0.024995561
0.024995562
0.024995562
0.024995562
0.024995563
0.024995563
0.024995563
0.024995563
0.024995563
0.024995563
0.024995563
0.024995563
0.024995563
0.024995563
0.024995562
0.024995562
0.024995562
0.024995561
0.024995558
0.024995561
0.024995609
0.024995611
0.024995612
0.024995614
0.024995615
0.024995617
0.024995618
0.024995619
0.02499562
0.024995621
0.024995623
0.024995624
0.024995625
0.024995626
0.024995627
0.024995627
0.024995628
0.024995629
0.02499563
0.024995633
0.024995634
0.024995634
0.024995635
0.024995635
0.024995635
0.024995635
0.024995636
0.024995636
0.024995636
0.024995636
0.024995636
0.024995636
0.024995635
0.024995635
0.024995635
0.024995635
0.024995634
0.024995634
0.024995631
0.024995633
0.024995646
0.024995648
0.024995649
0.02499565
0.024995652
0.024995653
0.024995654
0.024995656
0.024995657
0.024995658
0.024995659
0.02499566
0.024995661
0.024995662
0.024995663
0.024995664
0.024995665
0.024995666
0.024995667
0.02499567
0.024995671
0.024995671
0.024995671
0.024995672
0.024995672
0.024995672
0.024995672
0.024995672
0.024995672
0.024995672
0.024995672
0.024995672
0.024995672
0.024995672
0.024995672
0.024995671
0.024995671
0.024995671
0.024995667
0.02499567
0.024995664
0.024995665
0.024995667
0.024995668
0.024995669
0.024995671
0.024995672
0.024995673
0.024995674
0.024995675
0.024995676
0.024995678
0.024995679
0.02499568
0.024995681
0.024995681
0.024995682
0.024995683
0.024995684
0.024995688
0.024995688
0.024995689
0.024995689
0.024995689
0.024995689
0.02499569
0.02499569
0.02499569
0.02499569
0.02499569
0.02499569
0.02499569
0.02499569
0.024995689
0.024995689
0.024995689
0.024995688
0.024995688
0.024995685
0.024995688
0.024995672
0.024995673
0.024995674
0.024995676
0.024995677
0.024995678
0.02499568
0.024995681
0.024995682
0.024995683
0.024995684
0.024995685
0.024995687
0.024995688
0.024995689
0.024995689
0.02499569
0.024995691
0.024995692
0.024995696
0.024995696
0.024995696
0.024995697
0.024995697
0.024995697
0.024995697
0.024995698
0.024995698
0.024995698
0.024995698
0.024995698
0.024995698
0.024995697
0.024995697
0.024995697
0.024995697
0.024995696
0.024995696
0.024995693
0.024995695
0.024995675
0.024995676
0.024995678
0.024995679
0.024995681
0.024995682
0.024995683
0.024995684
0.024995686
0.024995687
0.024995688
0.024995689
0.02499569
0.024995691
0.024995692
0.024995693
0.024995694
0.024995695
0.024995695
0.024995699
0.024995699
0.0249957
0.0249957
0.0249957
0.024995701
0.024995701
0.024995701
0.024995701
0.024995701
0.024995701
0.024995701
0.024995701
0.024995701
0.024995701
0.0249957
0.0249957
0.0249957
0.024995699
0.024995696
0.024995699
0.024995676
0.024995678
0.024995679
0.024995681
0.024995682
0.024995683
0.024995685
0.024995686
0.024995687
0.024995688
0.024995689
0.02499569
0.024995691
0.024995692
0.024995693
0.024995694
0.024995695
0.024995696
0.024995697
0.0249957
0.024995701
0.024995701
0.024995702
0.024995702
0.024995702
0.024995702
0.024995702
0.024995702
0.024995702
0.024995702
0.024995702
0.024995702
0.024995702
0.024995702
0.024995702
0.024995702
0.024995701
0.024995701
0.024995698
0.0249957
0.024995677
0.024995678
0.02499568
0.024995681
0.024995683
0.024995684
0.024995685
0.024995686
0.024995687
0.024995689
0.02499569
0.024995691
0.024995692
0.024995693
0.024995694
0.024995695
0.024995696
0.024995697
0.024995697
0.024995701
0.024995701
0.024995702
0.024995702
0.024995702
0.024995703
0.024995703
0.024995703
0.024995703
0.024995703
0.024995703
0.024995703
0.024995703
0.024995703
0.024995703
0.024995702
0.024995702
0.024995702
0.024995701
0.024995698
0.024995701
0.024995677
0.024995679
0.02499568
0.024995681
0.024995683
0.024995684
0.024995685
0.024995687
0.024995688
0.024995689
0.02499569
0.024995691
0.024995692
0.024995693
0.024995694
0.024995695
0.024995696
0.024995697
0.024995698
0.024995701
0.024995702
0.024995702
0.024995702
0.024995703
0.024995703
0.024995703
0.024995703
0.024995703
0.024995703
0.024995703
0.024995703
0.024995703
0.024995703
0.024995703
0.024995703
0.024995702
0.024995702
0.024995702
0.024995698
0.024995701
0.024995677
0.024995679
0.02499568
0.024995681
0.024995683
0.024995684
0.024995685
0.024995687
0.024995688
0.024995689
0.02499569
0.024995691
0.024995692
0.024995693
0.024995694
0.024995695
0.024995696
0.024995697
0.024995698
0.024995701
0.024995702
0.024995702
0.024995702
0.024995703
0.024995703
0.024995703
0.024995703
0.024995703
0.024995703
0.024995703
0.024995703
0.024995703
0.024995703
0.024995703
0.024995703
0.024995702
0.024995702
0.024995702
0.024995699
0.024995701
0.024995677
0.024995679
0.02499568
0.024995682
0.024995683
0.024995684
0.024995685
0.024995687
0.024995688
0.024995689
0.02499569
0.024995691
0.024995692
0.024995693
0.024995694
0.024995695
0.024995696
0.024995697
0.024995698
0.024995701
0.024995702
0.024995702
0.024995702
0.024995703
0.024995703
0.024995703
0.024995703
0.024995703
0.024995703
0.024995703
0.024995703
0.024995703
0.024995703
0.024995703
0.024995703
0.024995702
0.024995702
0.024995702
0.024995699
0.024995701
0.024995677
0.024995679
0.02499568
0.024995682
0.024995683
0.024995684
0.024995685
0.024995687
0.024995688
0.024995689
0.02499569
0.024995691
0.024995692
0.024995693
0.024995694
0.024995695
0.024995696
0.024995697
0.024995698
0.024995701
0.024995702
0.024995702
0.024995702
0.024995703
0.024995703
0.024995703
0.024995703
0.024995703
0.024995703
0.024995703
0.024995703
0.024995703
0.024995703
0.024995703
0.024995703
0.024995702
0.024995702
0.024995702
0.024995699
0.024995701
0.024995677
0.024995679
0.02499568
0.024995682
0.024995683
0.024995684
0.024995685
0.024995687
0.024995688
0.024995689
0.02499569
0.024995691
0.024995692
0.024995693
0.024995694
0.024995695
0.024995696
0.024995697
0.024995698
0.024995701
0.024995702
0.024995702
0.024995702
0.024995703
0.024995703
0.024995703
0.024995703
0.024995703
0.024995703
0.024995703
0.024995703
0.024995703
0.024995703
0.024995703
0.024995703
0.024995702
0.024995702
0.024995702
0.024995699
0.024995701
0.024995677
0.024995679
0.02499568
0.024995682
0.024995683
0.024995684
0.024995685
0.024995687
0.024995688
0.024995689
0.02499569
0.024995691
0.024995692
0.024995693
0.024995694
0.024995695
0.024995696
0.024995697
0.024995698
0.024995701
0.024995702
0.024995702
0.024995702
0.024995703
0.024995703
0.024995703
0.024995703
0.024995703
0.024995703
0.024995703
0.024995703
0.024995703
0.024995703
0.024995703
0.024995703
0.024995702
0.024995702
0.024995702
0.024995699
0.024995701
0.024995677
0.024995679
0.02499568
0.024995682
0.024995683
0.024995684
0.024995685
0.024995687
0.024995688
0.024995689
0.02499569
0.024995691
0.024995692
0.024995693
0.024995694
0.024995695
0.024995696
0.024995697
0.024995698
0.024995701
0.024995702
0.024995702
0.024995702
0.024995703
0.024995703
0.024995703
0.024995703
0.024995703
0.024995703
0.024995703
0.024995703
0.024995703
0.024995703
0.024995703
0.024995703
0.024995702
0.024995702
0.024995702
0.024995699
0.024995701
0.024995677
0.024995679
0.02499568
0.024995682
0.024995683
0.024995684
0.024995685
0.024995687
0.024995688
0.024995689
0.02499569
0.024995691
0.024995692
0.024995693
0.024995694
0.024995695
0.024995696
0.024995697
0.024995698
0.024995701
0.024995702
0.024995702
0.024995702
0.024995703
0.024995703
0.024995703
0.024995703
0.024995703
0.024995703
0.024995703
0.024995703
0.024995703
0.024995703
0.024995703
0.024995703
0.024995702
0.024995702
0.024995702
0.024995699
0.024995701
0.024995677
0.024995679
0.02499568
0.024995682
0.024995683
0.024995684
0.024995685
0.024995687
0.024995688
0.024995689
0.02499569
0.024995691
0.024995692
0.024995693
0.024995694
0.024995695
0.024995696
0.024995697
0.024995698
0.024995701
0.024995702
0.024995702
0.024995702
0.024995703
0.024995703
0.024995703
0.024995703
0.024995703
0.024995703
0.024995703
0.024995703
0.024995703
0.024995703
0.024995703
0.024995703
0.024995702
0.024995702
0.024995702
0.024995699
0.024995701
0.024995677
0.024995679
0.02499568
0.024995682
0.024995683
0.024995684
0.024995685
0.024995687
0.024995688
0.024995689
0.02499569
0.024995691
0.024995692
0.024995693
0.024995694
0.024995695
0.024995696
0.024995697
0.024995698
0.024995701
0.024995702
0.024995702
0.024995702
0.024995703
0.024995703
0.024995703
0.024995703
0.024995703
0.024995703
0.024995703
0.024995703
0.024995703
0.024995703
0.024995703
0.024995703
0.024995702
0.024995702
0.024995702
0.024995699
0.024995701
0.024995677
0.024995679
0.02499568
0.024995682
0.024995683
0.024995684
0.024995685
0.024995687
0.024995688
0.024995689
0.02499569
0.024995691
0.024995692
0.024995693
0.024995694
0.024995695
0.024995696
0.024995697
0.024995698
0.024995701
0.024995702
0.024995702
0.024995702
0.024995703
0.024995703
0.024995703
0.024995703
0.024995703
0.024995703
0.024995703
0.024995703
0.024995703
0.024995703
0.024995703
0.024995703
0.024995702
0.024995702
0.024995702
0.024995699
0.024995701
0.024995677
0.024995679
0.02499568
0.024995682
0.024995683
0.024995684
0.024995685
0.024995687
0.024995688
0.024995689
0.02499569
0.024995691
0.024995692
0.024995693
0.024995694
0.024995695
0.024995696
0.024995697
0.024995698
0.024995701
0.024995702
0.024995702
0.024995702
0.024995703
0.024995703
0.024995703
0.024995703
0.024995703
0.024995703
0.024995703
0.024995703
0.024995703
0.024995703
0.024995703
0.024995703
0.024995702
0.024995702
0.024995702
0.024995699
0.024995701
0.024995677
0.024995679
0.02499568
0.024995682
0.024995683
0.024995684
0.024995685
0.024995687
0.024995688
0.024995689
0.02499569
0.024995691
0.024995692
0.024995693
0.024995694
0.024995695
0.024995696
0.024995697
0.024995698
0.024995701
0.024995702
0.024995702
0.024995702
0.024995703
0.024995703
0.024995703
0.024995703
0.024995703
0.024995703
0.024995703
0.024995703
0.024995703
0.024995703
0.024995703
0.024995703
0.024995702
0.024995702
0.024995702
0.024995699
0.024995701
0.024995677
0.024995679
0.02499568
0.024995682
0.024995683
0.024995684
0.024995685
0.024995687
0.024995688
0.024995689
0.02499569
0.024995691
0.024995692
0.024995693
0.024995694
0.024995695
0.024995696
0.024995697
0.024995698
0.024995701
0.024995702
0.024995702
0.024995702
0.024995703
0.024995703
0.024995703
0.024995703
0.024995703
0.024995703
0.024995703
0.024995703
0.024995703
0.024995703
0.024995703
0.024995703
0.024995702
0.024995702
0.024995702
0.024995699
0.024995701
0.024995677
0.024995679
0.02499568
0.024995682
0.024995683
0.024995684
0.024995685
0.024995687
0.024995688
0.024995689
0.02499569
0.024995691
0.024995692
0.024995693
0.024995694
0.024995695
0.024995696
0.024995697
0.024995698
0.024995701
0.024995702
0.024995702
0.024995702
0.024995703
0.024995703
0.024995703
0.024995703
0.024995703
0.024995703
0.024995703
0.024995703
0.024995703
0.024995703
0.024995703
0.024995703
0.024995702
0.024995702
0.024995702
0.024995699
0.024995701
0.024995677
0.024995679
0.02499568
0.024995682
0.024995683
0.024995684
0.024995685
0.024995687
0.024995688
0.024995689
0.02499569
0.024995691
0.024995692
0.024995693
0.024995694
0.024995695
0.024995696
0.024995697
0.024995698
0.024995701
0.024995702
0.024995702
0.024995702
0.024995703
0.024995703
0.024995703
0.024995703
0.024995703
0.024995703
0.024995703
0.024995703
0.024995703
0.024995703
0.024995703
0.024995703
0.024995702
0.024995702
0.024995702
0.024995699
0.024995701
0.024995677
0.024995679
0.02499568
0.024995682
0.024995683
0.024995684
0.024995685
0.024995687
0.024995688
0.024995689
0.02499569
0.024995691
0.024995692
0.024995693
0.024995694
0.024995695
0.024995696
0.024995697
0.024995698
0.024995701
0.024995702
0.024995702
0.024995702
0.024995703
0.024995703
0.024995703
0.024995703
0.024995703
0.024995703
0.024995703
0.024995703
0.024995703
0.024995703
0.024995703
0.024995703
0.024995702
0.024995702
0.024995702
0.024995699
0.024995701
0.024995677
0.024995679
0.02499568
0.024995682
0.024995683
0.024995684
0.024995685
0.024995687
0.024995688
0.024995689
0.02499569
0.024995691
0.024995692
0.024995693
0.024995694
0.024995695
0.024995696
0.024995697
0.024995698
0.024995701
0.024995702
0.024995702
0.024995702
0.024995703
0.024995703
0.024995703
0.024995703
0.024995703
0.024995703
0.024995703
0.024995703
0.024995703
0.024995703
0.024995703
0.024995703
0.024995702
0.024995702
0.024995702
0.024995699
0.024995701
0.024995677
0.024995679
0.02499568
0.024995682
0.024995683
0.024995684
0.024995685
0.024995687
0.024995688
0.024995689
0.02499569
0.024995691
0.024995692
0.024995693
0.024995694
0.024995695
0.024995696
0.024995697
0.024995698
0.024995701
0.024995702
0.024995702
0.024995702
0.024995703
0.024995703
0.024995703
0.024995703
0.024995703
0.024995703
0.024995703
0.024995703
0.024995703
0.024995703
0.024995703
0.024995703
0.024995702
0.024995702
0.024995702
0.024995699
0.024995701
0.024995677
0.024995679
0.02499568
0.024995681
0.024995683
0.024995684
0.024995685
0.024995687
0.024995688
0.024995689
0.02499569
0.024995691
0.024995692
0.024995693
0.024995694
0.024995695
0.024995696
0.024995697
0.024995698
0.024995701
0.024995702
0.024995702
0.024995702
0.024995703
0.024995703
0.024995703
0.024995703
0.024995703
0.024995703
0.024995703
0.024995703
0.024995703
0.024995703
0.024995703
0.024995703
0.024995702
0.024995702
0.024995702
0.024995699
0.024995701
0.024995677
0.024995679
0.02499568
0.024995682
0.024995683
0.024995684
0.024995685
0.024995687
0.024995688
0.024995689
0.02499569
0.024995691
0.024995692
0.024995693
0.024995694
0.024995695
0.024995696
0.024995697
0.024995698
0.024995701
0.024995702
0.024995702
0.024995702
0.024995703
0.024995703
0.024995703
0.024995703
0.024995703
0.024995703
0.024995703
0.024995703
0.024995703
0.024995703
0.024995703
0.024995703
0.024995702
0.024995702
0.024995702
0.024995699
0.024995701
0.024995677
0.024995679
0.02499568
0.024995682
0.024995683
0.024995684
0.024995685
0.024995687
0.024995688
0.024995689
0.02499569
0.024995691
0.024995692
0.024995693
0.024995694
0.024995695
0.024995696
0.024995697
0.024995698
0.024995701
0.024995702
0.024995702
0.024995702
0.024995703
0.024995703
0.024995703
0.024995703
0.024995703
0.024995703
0.024995703
0.024995703
0.024995703
0.024995703
0.024995703
0.024995703
0.024995702
0.024995702
0.024995702
0.024995699
0.024995701
0.024995677
0.024995679
0.02499568
0.024995681
0.024995683
0.024995684
0.024995685
0.024995687
0.024995688
0.024995689
0.02499569
0.024995691
0.024995692
0.024995693
0.024995694
0.024995695
0.024995696
0.024995697
0.024995698
0.024995701
0.024995702
0.024995702
0.024995702
0.024995703
0.024995703
0.024995703
0.024995703
0.024995703
0.024995703
0.024995703
0.024995703
0.024995703
0.024995703
0.024995703
0.024995703
0.024995702
0.024995702
0.024995702
0.024995699
0.024995701
0.024995677
0.024995679
0.02499568
0.024995682
0.024995683
0.024995684
0.024995685
0.024995687
0.024995688
0.024995689
0.02499569
0.024995691
0.024995692
0.024995693
0.024995694
0.024995695
0.024995696
0.024995697
0.024995698
0.024995701
0.024995702
0.024995702
0.024995702
0.024995703
0.024995703
0.024995703
0.024995703
0.024995703
0.024995703
0.024995703
0.024995703
0.024995703
0.024995703
0.024995703
0.024995703
0.024995702
0.024995702
0.024995702
0.024995699
0.024995701
0.024995677
0.024995679
0.02499568
0.024995682
0.024995683
0.024995684
0.024995685
0.024995687
0.024995688
0.024995689
0.02499569
0.024995691
0.024995692
0.024995693
0.024995694
0.024995695
0.024995696
0.024995697
0.024995698
0.024995701
0.024995702
0.024995702
0.024995702
0.024995703
0.024995703
0.024995703
0.024995703
0.024995703
0.024995703
0.024995703
0.024995703
0.024995703
0.024995703
0.024995703
0.024995703
0.024995702
0.024995702
0.024995702
0.024995699
0.024995701
0.024995677
0.024995679
0.02499568
0.024995681
0.024995683
0.024995684
0.024995685
0.024995687
0.024995688
0.024995689
0.02499569
0.024995691
0.024995692
0.024995693
0.024995694
0.024995695
0.024995696
0.024995697
0.024995698
0.024995701
0.024995702
0.024995702
0.024995702
0.024995703
0.024995703
0.024995703
0.024995703
0.024995703
0.024995703
0.024995703
0.024995703
0.024995703
0.024995703
0.024995703
0.024995703
0.024995702
0.024995702
0.024995702
0.024995699
0.024995701
0.024995677
0.024995679
0.02499568
0.024995682
0.024995683
0.024995684
0.024995685
0.024995687
0.024995688
0.024995689
0.02499569
0.024995691
0.024995692
0.024995693
0.024995694
0.024995695
0.024995696
0.024995697
0.024995698
0.024995701
0.024995702
0.024995702
0.024995702
0.024995703
0.024995703
0.024995703
0.024995703
0.024995703
0.024995703
0.024995703
0.024995703
0.024995703
0.024995703
0.024995703
0.024995703
0.024995702
0.024995702
0.024995702
0.024995699
0.024995701
0.024995677
0.024995679
0.02499568
0.024995682
0.024995683
0.024995684
0.024995685
0.024995687
0.024995688
0.024995689
0.02499569
0.024995691
0.024995692
0.024995693
0.024995694
0.024995695
0.024995696
0.024995697
0.024995698
0.024995701
0.024995702
0.024995702
0.024995702
0.024995703
0.024995703
0.024995703
0.024995703
0.024995703
0.024995703
0.024995703
0.024995703
0.024995703
0.024995703
0.024995703
0.024995703
0.024995702
0.024995702
0.024995702
0.024995699
0.024995701
0.024995677
0.024995679
0.02499568
0.024995681
0.024995683
0.024995684
0.024995685
0.024995687
0.024995688
0.024995689
0.02499569
0.024995691
0.024995692
0.024995693
0.024995694
0.024995695
0.024995696
0.024995697
0.024995698
0.024995701
0.024995702
0.024995702
0.024995702
0.024995703
0.024995703
0.024995703
0.024995703
0.024995703
0.024995703
0.024995703
0.024995703
0.024995703
0.024995703
0.024995703
0.024995703
0.024995702
0.024995702
0.024995702
0.024995699
0.024995701
0.024995677
0.024995679
0.02499568
0.024995682
0.024995683
0.024995684
0.024995685
0.024995687
0.024995688
0.024995689
0.02499569
0.024995691
0.024995692
0.024995693
0.024995694
0.024995695
0.024995696
0.024995697
0.024995698
0.024995701
0.024995702
0.024995702
0.024995702
0.024995703
0.024995703
0.024995703
0.024995703
0.024995703
0.024995703
0.024995703
0.024995703
0.024995703
0.024995703
0.024995703
0.024995703
0.024995702
0.024995702
0.024995702
0.024995699
0.024995701
0.024995677
0.024995679
0.02499568
0.024995682
0.024995683
0.024995684
0.024995685
0.024995687
0.024995688
0.024995689
0.02499569
0.024995691
0.024995692
0.024995693
0.024995694
0.024995695
0.024995696
0.024995697
0.024995698
0.024995701
0.024995702
0.024995702
0.024995702
0.024995703
0.024995703
0.024995703
0.024995703
0.024995703
0.024995703
0.024995703
0.024995703
0.024995703
0.024995703
0.024995703
0.024995703
0.024995702
0.024995702
0.024995702
0.024995699
0.024995701
0.024995677
0.024995679
0.02499568
0.024995681
0.024995683
0.024995684
0.024995685
0.024995687
0.024995688
0.024995689
0.02499569
0.024995691
0.024995692
0.024995693
0.024995694
0.024995695
0.024995696
0.024995697
0.024995698
0.024995701
0.024995702
0.024995702
0.024995702
0.024995703
0.024995703
0.024995703
0.024995703
0.024995703
0.024995703
0.024995703
0.024995703
0.024995703
0.024995703
0.024995703
0.024995703
0.024995702
0.024995702
0.024995702
0.024995699
0.024995701
0.024995677
0.024995679
0.02499568
0.024995682
0.024995683
0.024995684
0.024995685
0.024995687
0.024995688
0.024995689
0.02499569
0.024995691
0.024995692
0.024995693
0.024995694
0.024995695
0.024995696
0.024995697
0.024995698
0.024995701
0.024995702
0.024995702
0.024995702
0.024995703
0.024995703
0.024995703
0.024995703
0.024995703
0.024995703
0.024995703
0.024995703
0.024995703
0.024995703
0.024995703
0.024995703
0.024995702
0.024995702
0.024995702
0.024995699
0.024995701
0.024995677
0.024995679
0.02499568
0.024995682
0.024995683
0.024995684
0.024995685
0.024995687
0.024995688
0.024995689
0.02499569
0.024995691
0.024995692
0.024995693
0.024995694
0.024995695
0.024995696
0.024995697
0.024995698
0.024995701
0.024995702
0.024995702
0.024995702
0.024995703
0.024995703
0.024995703
0.024995703
0.024995703
0.024995703
0.024995703
0.024995703
0.024995703
0.024995703
0.024995703
0.024995703
0.024995702
0.024995702
0.024995702
0.024995699
0.024995701
0.024995677
0.024995679
0.02499568
0.024995681
0.024995683
0.024995684
0.024995685
0.024995687
0.024995688
0.024995689
0.02499569
0.024995691
0.024995692
0.024995693
0.024995694
0.024995695
0.024995696
0.024995697
0.024995698
0.024995701
0.024995702
0.024995702
0.024995702
0.024995703
0.024995703
0.024995703
0.024995703
0.024995703
0.024995703
0.024995703
0.024995703
0.024995703
0.024995703
0.024995703
0.024995703
0.024995702
0.024995702
0.024995702
0.024995699
0.024995701
0.024995677
0.024995679
0.02499568
0.024995682
0.024995683
0.024995684
0.024995685
0.024995687
0.024995688
0.024995689
0.02499569
0.024995691
0.024995692
0.024995693
0.024995694
0.024995695
0.024995696
0.024995697
0.024995698
0.024995701
0.024995702
0.024995702
0.024995702
0.024995703
0.024995703
0.024995703
0.024995703
0.024995703
0.024995703
0.024995703
0.024995703
0.024995703
0.024995703
0.024995703
0.024995703
0.024995702
0.024995702
0.024995702
0.024995699
0.024995701
0.024995677
0.024995679
0.02499568
0.024995681
0.024995683
0.024995684
0.024995685
0.024995687
0.024995688
0.024995689
0.02499569
0.024995691
0.024995692
0.024995693
0.024995694
0.024995695
0.024995696
0.024995697
0.024995698
0.024995701
0.024995702
0.024995702
0.024995702
0.024995703
0.024995703
0.024995703
0.024995703
0.024995703
0.024995703
0.024995703
0.024995703
0.024995703
0.024995703
0.024995703
0.024995703
0.024995702
0.024995702
0.024995702
0.024995699
0.024995701
0.024995677
0.024995679
0.02499568
0.024995681
0.024995683
0.024995684
0.024995685
0.024995687
0.024995688
0.024995689
0.02499569
0.024995691
0.024995692
0.024995693
0.024995694
0.024995695
0.024995696
0.024995697
0.024995698
0.024995701
0.024995702
0.024995702
0.024995702
0.024995703
0.024995703
0.024995703
0.024995703
0.024995703
0.024995703
0.024995703
0.024995703
0.024995703
0.024995703
0.024995703
0.024995703
0.024995702
0.024995702
0.024995702
0.024995699
0.024995701
0.024995677
0.024995679
0.02499568
0.024995681
0.024995683
0.024995684
0.024995685
0.024995687
0.024995688
0.024995689
0.02499569
0.024995691
0.024995692
0.024995693
0.024995694
0.024995695
0.024995696
0.024995697
0.024995698
0.024995701
0.024995702
0.024995702
0.024995702
0.024995703
0.024995703
0.024995703
0.024995703
0.024995703
0.024995703
0.024995703
0.024995703
0.024995703
0.024995703
0.024995703
0.024995703
0.024995702
0.024995702
0.024995702
0.024995699
0.024995701
0.024995677
0.024995679
0.02499568
0.024995681
0.024995683
0.024995684
0.024995685
0.024995687
0.024995688
0.024995689
0.02499569
0.024995691
0.024995692
0.024995693
0.024995694
0.024995695
0.024995696
0.024995697
0.024995698
0.024995701
0.024995702
0.024995702
0.024995702
0.024995703
0.024995703
0.024995703
0.024995703
0.024995703
0.024995703
0.024995703
0.024995703
0.024995703
0.024995703
0.024995703
0.024995703
0.024995702
0.024995702
0.024995702
0.024995699
0.024995701
0.024995677
0.024995679
0.02499568
0.024995681
0.024995683
0.024995684
0.024995685
0.024995686
0.024995688
0.024995689
0.02499569
0.024995691
0.024995692
0.024995693
0.024995694
0.024995695
0.024995696
0.024995697
0.024995698
0.024995701
0.024995702
0.024995702
0.024995702
0.024995703
0.024995703
0.024995703
0.024995703
0.024995703
0.024995703
0.024995703
0.024995703
0.024995703
0.024995703
0.024995703
0.024995703
0.024995702
0.024995702
0.024995702
0.024995698
0.024995701
0.024995677
0.024995679
0.02499568
0.024995681
0.024995683
0.024995684
0.024995685
0.024995686
0.024995688
0.024995689
0.02499569
0.024995691
0.024995692
0.024995693
0.024995694
0.024995695
0.024995696
0.024995697
0.024995698
0.024995701
0.024995702
0.024995702
0.024995702
0.024995703
0.024995703
0.024995703
0.024995703
0.024995703
0.024995703
0.024995703
0.024995703
0.024995703
0.024995703
0.024995703
0.024995703
0.024995702
0.024995702
0.024995702
0.024995698
0.024995701
0.024995677
0.024995678
0.02499568
0.024995681
0.024995683
0.024995684
0.024995685
0.024995686
0.024995688
0.024995689
0.02499569
0.024995691
0.024995692
0.024995693
0.024995694
0.024995695
0.024995696
0.024995697
0.024995698
0.024995701
0.024995702
0.024995702
0.024995702
0.024995703
0.024995703
0.024995703
0.024995703
0.024995703
0.024995703
0.024995703
0.024995703
0.024995703
0.024995703
0.024995703
0.024995702
0.024995702
0.024995702
0.024995701
0.024995698
0.024995701
0.024995677
0.024995678
0.02499568
0.024995681
0.024995683
0.024995684
0.024995685
0.024995686
0.024995688
0.024995689
0.02499569
0.024995691
0.024995692
0.024995693
0.024995694
0.024995695
0.024995696
0.024995697
0.024995697
0.024995701
0.024995701
0.024995702
0.024995702
0.024995702
0.024995703
0.024995703
0.024995703
0.024995703
0.024995703
0.024995703
0.024995703
0.024995703
0.024995703
0.024995703
0.024995702
0.024995702
0.024995702
0.024995701
0.024995698
0.024995701
0.024995677
0.024995678
0.02499568
0.024995681
0.024995683
0.024995684
0.024995685
0.024995686
0.024995688
0.024995689
0.02499569
0.024995691
0.024995692
0.024995693
0.024995694
0.024995695
0.024995696
0.024995697
0.024995697
0.024995701
0.024995701
0.024995702
0.024995702
0.024995702
0.024995703
0.024995703
0.024995703
0.024995703
0.024995703
0.024995703
0.024995703
0.024995703
0.024995703
0.024995703
0.024995702
0.024995702
0.024995702
0.024995701
0.024995698
0.024995701
)
;
        Tnbr            T;
        kappaMethod     fluidThermo;
    }
}


// ************************************************************************* //
