/*--------------------------------*- C++ -*----------------------------------*\
| =========                 |                                                 |
| \\      /  F ield         | OpenFOAM: The Open Source CFD Toolbox           |
|  \\    /   O peration     | Version:  2412                                  |
|   \\  /    A nd           | Website:  www.openfoam.com                      |
|    \\/     M anipulation  |                                                 |
\*---------------------------------------------------------------------------*/
FoamFile
{
    version     2.0;
    format      ascii;
    arch        "LSB;label=32;scalar=64";
    class       volScalarField;
    location    "2000/domain1";
    object      T;
}
// * * * * * * * * * * * * * * * * * * * * * * * * * * * * * * * * * * * * * //

dimensions      [0 0 0 1 0 0 0];

internalField   nonuniform List<scalar> 
24000
(
0.012494262
0.012488086
0.012483636
0.012480241
0.012477605
0.012475569
0.012474032
0.012472929
0.012472215
0.012471864
0.012471862
0.01247221
0.012472921
0.012474021
0.012475555
0.012477588
0.012480219
0.01248361
0.012488056
0.012494226
0.012488089
0.012471621
0.012458993
0.012449133
0.012441405
0.012435407
0.01243087
0.012427608
0.012425497
0.012424459
0.012424458
0.012425492
0.012427599
0.012430857
0.012435391
0.012441385
0.012449109
0.012458964
0.012471586
0.012488047
0.012483641
0.012458996
0.012439384
0.012423757
0.012411371
0.012401695
0.012394346
0.012389051
0.01238562
0.012383932
0.01238393
0.012385614
0.012389042
0.012394333
0.012401678
0.012411349
0.012423731
0.012439352
0.012458958
0.012483596
0.012480248
0.012449138
0.01242376
0.012403206
0.012386742
0.012373791
0.012363911
0.012356772
0.012352138
0.012349856
0.012349854
0.012352132
0.012356762
0.012363897
0.012373772
0.012386718
0.012403177
0.012423725
0.012449097
0.012480201
0.012477615
0.012441412
0.012411376
0.012386744
0.012366836
0.012351078
0.012339005
0.012330255
0.012324564
0.01232176
0.012321758
0.012324558
0.012330244
0.012338989
0.012351058
0.012366811
0.012386713
0.012411339
0.012441369
0.012477565
0.01247558
0.012435416
0.012401701
0.012373795
0.01235108
0.012333005
0.012319103
0.012309001
0.01230242
0.012299174
0.012299172
0.012302413
0.01230899
0.012319087
0.012332984
0.012351054
0.012373763
0.012401664
0.012435372
0.012475529
0.012474045
0.01243088
0.012394355
0.012363917
0.012339009
0.012319105
0.01230375
0.012292566
0.012285269
0.012281667
0.012281665
0.012285262
0.012292554
0.012303733
0.012319084
0.012338982
0.012363885
0.012394316
0.012430835
0.012473993
0.012472943
0.01242762
0.012389061
0.01235678
0.012330261
0.012309006
0.012292568
0.012280576
0.012272742
0.012268873
0.01226887
0.012272735
0.012280564
0.012292551
0.012308983
0.012330233
0.012356747
0.012389022
0.012427574
0.01247289
0.012472231
0.012425511
0.012385632
0.012352148
0.012324572
0.012302426
0.012285273
0.012272744
0.012264553
0.012260506
0.012260503
0.012264546
0.012272732
0.012285256
0.012302404
0.012324544
0.012352114
0.012385591
0.012425464
0.012472177
0.012471881
0.012424475
0.012383946
0.012349869
0.012321771
0.012299183
0.012281674
0.012268877
0.012260508
0.012256371
0.012256369
0.012260501
0.012268865
0.012281656
0.01229916
0.012321742
0.012349834
0.012383905
0.012424428
0.012471827
0.012471881
0.012424475
0.012383946
0.012349869
0.012321771
0.012299183
0.012281674
0.012268877
0.012260508
0.012256371
0.012256369
0.012260501
0.012268865
0.012281656
0.01229916
0.012321742
0.012349834
0.012383906
0.012424428
0.012471827
0.012472231
0.012425511
0.012385632
0.012352148
0.012324572
0.012302426
0.012285273
0.012272745
0.012264554
0.012260506
0.012260503
0.012264546
0.012272732
0.012285256
0.012302404
0.012324544
0.012352114
0.012385592
0.012425464
0.012472177
0.012472943
0.01242762
0.012389061
0.012356781
0.012330261
0.012309006
0.012292569
0.012280576
0.012272743
0.012268873
0.012268871
0.012272735
0.012280564
0.012292552
0.012308984
0.012330233
0.012356747
0.012389022
0.012427574
0.01247289
0.012474045
0.01243088
0.012394355
0.012363918
0.012339009
0.012319106
0.01230375
0.012292567
0.012285269
0.012281668
0.012281665
0.012285262
0.012292555
0.012303734
0.012319084
0.012338982
0.012363885
0.012394316
0.012430835
0.012473993
0.012475581
0.012435416
0.012401702
0.012373795
0.01235108
0.012333005
0.012319104
0.012309002
0.012302421
0.012299175
0.012299172
0.012302414
0.012308991
0.012319088
0.012332984
0.012351054
0.012373764
0.012401664
0.012435372
0.012475529
0.012477615
0.012441413
0.012411376
0.012386744
0.012366836
0.012351078
0.012339005
0.012330255
0.012324565
0.012321761
0.012321759
0.012324558
0.012330245
0.01233899
0.012351058
0.012366811
0.012386714
0.01241134
0.01244137
0.012477566
0.012480249
0.012449139
0.01242376
0.012403207
0.012386742
0.012373792
0.012363912
0.012356773
0.012352139
0.012349857
0.012349855
0.012352132
0.012356763
0.012363898
0.012373773
0.012386719
0.012403178
0.012423726
0.012449098
0.012480201
0.012483642
0.012458997
0.012439385
0.012423758
0.012411372
0.012401696
0.012394347
0.012389052
0.012385621
0.012383933
0.012383931
0.012385615
0.012389043
0.012394334
0.012401678
0.01241135
0.012423732
0.012439353
0.012458959
0.012483597
0.01248809
0.012471622
0.012458994
0.012449134
0.012441406
0.012435408
0.012430871
0.012427609
0.012425498
0.01242446
0.012424459
0.012425493
0.0124276
0.012430858
0.012435392
0.012441386
0.01244911
0.012458965
0.012471587
0.012488048
0.012494263
0.012488087
0.012483637
0.012480242
0.012477607
0.01247557
0.012474034
0.01247293
0.012472216
0.012471865
0.012471864
0.012472212
0.012472922
0.012474023
0.012475556
0.012477589
0.012480221
0.012483612
0.012488057
0.012494227
0.012499764
0.012500467
0.012501066
0.012501561
0.012501959
0.012502271
0.012502506
0.012502673
0.012502781
0.012502833
0.012502833
0.01250278
0.012502672
0.012502504
0.012502268
0.012501956
0.012501557
0.012501061
0.012500461
0.012499758
0.012500468
0.012502482
0.012504221
0.012505666
0.012506833
0.012507747
0.012508437
0.012508929
0.012509245
0.012509399
0.012509399
0.012509244
0.012508927
0.012508434
0.012507744
0.012506829
0.012505662
0.012504216
0.012502476
0.012500461
0.012501068
0.012504222
0.012506972
0.012509273
0.012511137
0.012512601
0.012513708
0.012514499
0.012515007
0.012515255
0.012515255
0.012515006
0.012514497
0.012513705
0.012512598
0.012511133
0.012509268
0.012506966
0.012504215
0.01250106
0.012501563
0.012505668
0.012509273
0.012512307
0.012514776
0.01251672
0.012518193
0.012519246
0.012519924
0.012520255
0.012520254
0.012519922
0.012519244
0.01251819
0.012516716
0.012514771
0.012512302
0.012509267
0.012505661
0.012501556
0.012501962
0.012506835
0.012511138
0.012514776
0.012517747
0.012520093
0.012521874
0.01252315
0.012523972
0.012524373
0.012524373
0.01252397
0.012523148
0.012521871
0.012520089
0.012517742
0.012514771
0.012511132
0.012506828
0.012501954
0.012502274
0.012507749
0.012512603
0.012516721
0.012520094
0.012522764
0.012524795
0.012526252
0.012527191
0.012527651
0.01252765
0.01252719
0.01252625
0.012524792
0.012522759
0.012520089
0.012516715
0.012512596
0.012507742
0.012502266
0.01250251
0.01250844
0.012513711
0.012518194
0.012521875
0.012524795
0.012527021
0.01252862
0.012529651
0.012530155
0.012530155
0.012529649
0.012528617
0.012527017
0.012524791
0.01252187
0.012518189
0.012513704
0.012508432
0.012502502
0.012502677
0.012508932
0.012514502
0.012519249
0.012523152
0.012526254
0.01252862
0.012530323
0.012531421
0.012531959
0.012531959
0.01253142
0.01253032
0.012528617
0.012526249
0.012523147
0.012519243
0.012514495
0.012508925
0.012502669
0.012502785
0.012509249
0.01251501
0.012519927
0.012523974
0.012527193
0.012529652
0.012531422
0.012532565
0.012533125
0.012533124
0.012532563
0.01253142
0.012529649
0.012527189
0.012523969
0.012519921
0.012515004
0.012509241
0.012502777
0.012502838
0.012509403
0.012515259
0.012520258
0.012524376
0.012527653
0.012530157
0.01253196
0.012533125
0.012533696
0.012533695
0.012533124
0.012531958
0.012530154
0.012527649
0.012524371
0.012520252
0.012515252
0.012509396
0.01250283
0.012502838
0.012509403
0.012515259
0.012520258
0.012524376
0.012527653
0.012530157
0.012531961
0.012533125
0.012533696
0.012533695
0.012533124
0.012531958
0.012530154
0.012527649
0.012524371
0.012520252
0.012515252
0.012509396
0.01250283
0.012502785
0.012509249
0.012515011
0.012519927
0.012523974
0.012527193
0.012529652
0.012531422
0.012532565
0.012533125
0.012533124
0.012532564
0.01253142
0.012529649
0.012527189
0.012523969
0.012519921
0.012515004
0.012509242
0.012502777
0.012502678
0.012508933
0.012514502
0.012519249
0.012523152
0.012526254
0.012528621
0.012530323
0.012531422
0.01253196
0.012531959
0.01253142
0.012530321
0.012528617
0.01252625
0.012523147
0.012519243
0.012514496
0.012508925
0.01250267
0.01250251
0.01250844
0.012513711
0.012518195
0.012521876
0.012524796
0.012527021
0.01252862
0.012529651
0.012530156
0.012530155
0.01252965
0.012528618
0.012527018
0.012524792
0.012521871
0.012518189
0.012513704
0.012508433
0.012502502
0.012502275
0.01250775
0.012512603
0.012516721
0.012520094
0.012522764
0.012524795
0.012526253
0.012527192
0.012527651
0.012527651
0.012527191
0.012526251
0.012524792
0.01252276
0.012520089
0.012516716
0.012512597
0.012507743
0.012502267
0.012501963
0.012506836
0.012511139
0.012514777
0.012517748
0.012520094
0.012521875
0.012523151
0.012523972
0.012524374
0.012524373
0.012523971
0.012523149
0.012521872
0.01252009
0.012517743
0.012514772
0.012511133
0.012506829
0.012501955
0.012501564
0.012505669
0.012509274
0.012512308
0.012514777
0.012516721
0.012518193
0.012519247
0.012519925
0.012520255
0.012520255
0.012519923
0.012519245
0.012518191
0.012516717
0.012514772
0.012512303
0.012509268
0.012505662
0.012501556
0.012501068
0.012504222
0.012506972
0.012509273
0.012511138
0.012512602
0.012513709
0.0125145
0.012515008
0.012515256
0.012515256
0.012515007
0.012514498
0.012513706
0.012512598
0.012511134
0.012509269
0.012506967
0.012504216
0.012501061
0.012500469
0.012502483
0.012504222
0.012505667
0.012506834
0.012507748
0.012508438
0.01250893
0.012509246
0.0125094
0.0125094
0.012509245
0.012508928
0.012508435
0.012507745
0.01250683
0.012505663
0.012504217
0.012502477
0.012500462
0.012499765
0.012500468
0.012501067
0.012501562
0.012501961
0.012502272
0.012502507
0.012502675
0.012502782
0.012502834
0.012502834
0.012502781
0.012502673
0.012502505
0.012502269
0.012501957
0.012501558
0.012501062
0.012500463
0.012499759
0.012499484
0.012499532
0.012499579
0.012499624
0.012499666
0.012499702
0.012499732
0.012499756
0.012499771
0.012499779
0.012499779
0.012499771
0.012499755
0.012499731
0.012499701
0.012499664
0.012499623
0.012499577
0.01249953
0.012499481
0.012499533
0.012499678
0.01249982
0.012499955
0.01250008
0.012500189
0.012500281
0.012500351
0.012500399
0.012500423
0.012500423
0.012500398
0.01250035
0.01250028
0.012500188
0.012500078
0.012499953
0.012499818
0.012499675
0.01249953
0.01249958
0.01249982
0.012500056
0.012500282
0.012500489
0.012500672
0.012500824
0.012500941
0.012501021
0.012501061
0.012501061
0.01250102
0.01250094
0.012500823
0.01250067
0.012500487
0.01250028
0.012500054
0.012499818
0.012499577
0.012499625
0.012499956
0.012500282
0.012500594
0.012500881
0.012501135
0.012501346
0.012501508
0.012501619
0.012501675
0.012501675
0.012501618
0.012501508
0.012501344
0.012501133
0.01250088
0.012500592
0.01250028
0.012499953
0.012499622
0.012499667
0.012500081
0.01250049
0.012500882
0.012501243
0.012501562
0.012501828
0.012502033
0.012502172
0.012502242
0.012502242
0.012502172
0.012502032
0.012501827
0.012501561
0.012501242
0.01250088
0.012500487
0.012500078
0.012499664
0.012499704
0.012500191
0.012500673
0.012501135
0.012501563
0.012501939
0.012502253
0.012502496
0.01250266
0.012502743
0.012502743
0.01250266
0.012502495
0.012502252
0.012501938
0.012501561
0.012501133
0.01250067
0.012500188
0.0124997
0.012499734
0.012500282
0.012500825
0.012501346
0.012501828
0.012502254
0.012502608
0.012502882
0.012503067
0.012503161
0.012503161
0.012503067
0.012502881
0.012502607
0.012502252
0.012501827
0.012501344
0.012500822
0.012500279
0.012499731
0.012499758
0.012500353
0.012500942
0.01250151
0.012502034
0.012502496
0.012502882
0.012503179
0.012503381
0.012503483
0.012503483
0.012503381
0.012503178
0.012502881
0.012502495
0.012502032
0.012501507
0.01250094
0.01250035
0.012499754
0.012499774
0.012500401
0.012501022
0.01250162
0.012502173
0.012502661
0.012503068
0.012503382
0.012503595
0.012503702
0.012503702
0.012503594
0.012503381
0.012503066
0.012502659
0.012502171
0.012501618
0.01250102
0.012500398
0.01249977
0.012499782
0.012500425
0.012501063
0.012501676
0.012502244
0.012502744
0.012503162
0.012503484
0.012503702
0.012503813
0.012503812
0.012503702
0.012503483
0.01250316
0.012502743
0.012502242
0.012501674
0.01250106
0.012500422
0.012499778
0.012499782
0.012500425
0.012501063
0.012501676
0.012502244
0.012502744
0.012503162
0.012503484
0.012503702
0.012503813
0.012503813
0.012503702
0.012503483
0.01250316
0.012502743
0.012502242
0.012501674
0.01250106
0.012500422
0.012499778
0.012499774
0.012500401
0.012501023
0.01250162
0.012502173
0.012502661
0.012503068
0.012503382
0.012503595
0.012503702
0.012503702
0.012503594
0.012503381
0.012503067
0.01250266
0.012502171
0.012501618
0.01250102
0.012500398
0.01249977
0.012499758
0.012500353
0.012500943
0.01250151
0.012502034
0.012502497
0.012502882
0.01250318
0.012503382
0.012503484
0.012503483
0.012503381
0.012503179
0.012502881
0.012502495
0.012502032
0.012501507
0.01250094
0.01250035
0.012499754
0.012499734
0.012500282
0.012500825
0.012501347
0.012501829
0.012502254
0.012502609
0.012502882
0.012503068
0.012503161
0.012503161
0.012503067
0.012502881
0.012502607
0.012502253
0.012501827
0.012501345
0.012500823
0.012500279
0.012499731
0.012499704
0.012500191
0.012500673
0.012501136
0.012501563
0.01250194
0.012502254
0.012502496
0.012502661
0.012502744
0.012502744
0.01250266
0.012502495
0.012502253
0.012501938
0.012501561
0.012501134
0.01250067
0.012500188
0.012499701
0.012499667
0.012500081
0.01250049
0.012500882
0.012501244
0.012501563
0.012501829
0.012502034
0.012502173
0.012502243
0.012502243
0.012502172
0.012502033
0.012501827
0.012501561
0.012501242
0.01250088
0.012500488
0.012500079
0.012499664
0.012499626
0.012499957
0.012500283
0.012500595
0.012500882
0.012501135
0.012501346
0.012501509
0.01250162
0.012501676
0.012501675
0.012501619
0.012501508
0.012501345
0.012501134
0.012500881
0.012500593
0.01250028
0.012499954
0.012499623
0.012499581
0.012499821
0.012500057
0.012500283
0.01250049
0.012500673
0.012500825
0.012500942
0.012501022
0.012501062
0.012501062
0.012501021
0.012500941
0.012500824
0.012500671
0.012500488
0.012500281
0.012500055
0.012499818
0.012499578
0.012499533
0.012499679
0.012499821
0.012499956
0.012500081
0.01250019
0.012500282
0.012500352
0.0125004
0.012500424
0.012500424
0.0125004
0.012500351
0.012500281
0.012500189
0.012500079
0.012499955
0.012499819
0.012499676
0.012499531
0.012499485
0.012499533
0.01249958
0.012499626
0.012499667
0.012499703
0.012499733
0.012499757
0.012499773
0.012499781
0.01249978
0.012499772
0.012499756
0.012499733
0.012499702
0.012499665
0.012499624
0.012499579
0.012499531
0.012499482
0.012499497
0.012499497
0.012499496
0.012499495
0.012499495
0.012499494
0.012499494
0.012499493
0.012499493
0.012499493
0.012499493
0.012499493
0.012499493
0.012499493
0.012499493
0.012499494
0.012499494
0.012499494
0.012499495
0.012499495
0.012499497
0.012499495
0.012499494
0.012499492
0.01249949
0.012499488
0.012499487
0.012499486
0.012499485
0.012499485
0.012499485
0.012499485
0.012499486
0.012499486
0.012499487
0.012499489
0.01249949
0.012499491
0.012499493
0.012499494
0.012499497
0.012499494
0.012499491
0.012499488
0.012499485
0.012499482
0.01249948
0.012499479
0.012499477
0.012499477
0.012499477
0.012499477
0.012499478
0.012499479
0.012499481
0.012499483
0.012499486
0.012499489
0.012499491
0.012499494
0.012499496
0.012499492
0.012499488
0.012499484
0.01249948
0.012499476
0.012499473
0.012499471
0.01249947
0.012499469
0.012499469
0.012499469
0.01249947
0.012499472
0.012499475
0.012499478
0.012499482
0.012499486
0.01249949
0.012499493
0.012499496
0.012499491
0.012499485
0.01249948
0.012499475
0.01249947
0.012499467
0.012499464
0.012499462
0.012499461
0.012499461
0.012499462
0.012499463
0.012499466
0.012499469
0.012499473
0.012499478
0.012499483
0.012499488
0.012499493
0.012499496
0.01249949
0.012499483
0.012499477
0.012499471
0.012499466
0.012499461
0.012499458
0.012499456
0.012499455
0.012499455
0.012499456
0.012499457
0.01249946
0.012499464
0.012499469
0.012499475
0.012499481
0.012499487
0.012499493
0.012499495
0.012499489
0.012499481
0.012499474
0.012499467
0.012499462
0.012499457
0.012499453
0.012499451
0.01249945
0.01249945
0.012499451
0.012499453
0.012499456
0.01249946
0.012499466
0.012499472
0.012499479
0.012499486
0.012499492
0.012499495
0.012499488
0.01249948
0.012499472
0.012499465
0.012499459
0.012499454
0.01249945
0.012499447
0.012499446
0.012499446
0.012499447
0.012499449
0.012499452
0.012499457
0.012499463
0.01249947
0.012499477
0.012499485
0.012499492
0.012499495
0.012499487
0.012499479
0.012499471
0.012499463
0.012499457
0.012499451
0.012499448
0.012499445
0.012499444
0.012499443
0.012499444
0.012499447
0.01249945
0.012499455
0.012499461
0.012499469
0.012499476
0.012499484
0.012499492
0.012499495
0.012499487
0.012499479
0.01249947
0.012499463
0.012499456
0.01249945
0.012499446
0.012499444
0.012499442
0.012499442
0.012499443
0.012499446
0.012499449
0.012499454
0.012499461
0.012499468
0.012499476
0.012499484
0.012499492
0.012499495
0.012499487
0.012499479
0.01249947
0.012499463
0.012499456
0.012499451
0.012499447
0.012499444
0.012499442
0.012499442
0.012499443
0.012499446
0.012499449
0.012499454
0.012499461
0.012499468
0.012499476
0.012499484
0.012499492
0.012499495
0.012499487
0.012499479
0.012499471
0.012499463
0.012499457
0.012499452
0.012499448
0.012499445
0.012499444
0.012499444
0.012499445
0.012499447
0.012499451
0.012499455
0.012499462
0.012499469
0.012499477
0.012499485
0.012499492
0.012499495
0.012499488
0.01249948
0.012499472
0.012499465
0.012499459
0.012499454
0.01249945
0.012499448
0.012499446
0.012499446
0.012499447
0.012499449
0.012499453
0.012499457
0.012499463
0.01249947
0.012499478
0.012499485
0.012499492
0.012499496
0.012499489
0.012499482
0.012499474
0.012499468
0.012499462
0.012499457
0.012499454
0.012499451
0.01249945
0.01249945
0.012499451
0.012499453
0.012499456
0.012499461
0.012499466
0.012499472
0.012499479
0.012499486
0.012499493
0.012499496
0.01249949
0.012499484
0.012499477
0.012499471
0.012499466
0.012499462
0.012499459
0.012499457
0.012499455
0.012499455
0.012499456
0.012499458
0.012499461
0.012499465
0.01249947
0.012499475
0.012499481
0.012499487
0.012499493
0.012499497
0.012499491
0.012499486
0.012499481
0.012499476
0.012499471
0.012499468
0.012499465
0.012499463
0.012499462
0.012499462
0.012499463
0.012499464
0.012499467
0.01249947
0.012499474
0.012499479
0.012499484
0.012499489
0.012499494
0.012499497
0.012499493
0.012499489
0.012499484
0.01249948
0.012499477
0.012499474
0.012499472
0.01249947
0.01249947
0.012499469
0.01249947
0.012499471
0.012499473
0.012499476
0.012499479
0.012499483
0.012499486
0.01249949
0.012499494
0.012499498
0.012499495
0.012499492
0.012499489
0.012499486
0.012499483
0.012499481
0.01249948
0.012499478
0.012499478
0.012499478
0.012499478
0.012499479
0.01249948
0.012499482
0.012499484
0.012499487
0.012499489
0.012499492
0.012499495
0.012499498
0.012499496
0.012499494
0.012499493
0.012499491
0.01249949
0.012499488
0.012499487
0.012499487
0.012499486
0.012499486
0.012499486
0.012499487
0.012499487
0.012499488
0.01249949
0.012499491
0.012499493
0.012499494
0.012499495
0.012499498
0.012499498
0.012499497
0.012499497
0.012499496
0.012499496
0.012499495
0.012499495
0.012499494
0.012499494
0.012499494
0.012499494
0.012499494
0.012499494
0.012499495
0.012499495
0.012499495
0.012499496
0.012499496
0.012499496
0.012499512
0.012499512
0.012499511
0.012499511
0.01249951
0.01249951
0.01249951
0.012499509
0.012499509
0.012499509
0.012499509
0.012499509
0.012499509
0.012499509
0.012499509
0.012499509
0.012499509
0.012499509
0.01249951
0.01249951
0.012499512
0.012499511
0.01249951
0.012499508
0.012499507
0.012499506
0.012499505
0.012499504
0.012499504
0.012499504
0.012499503
0.012499503
0.012499504
0.012499504
0.012499505
0.012499506
0.012499507
0.012499508
0.012499509
0.012499509
0.012499512
0.01249951
0.012499508
0.012499506
0.012499504
0.012499502
0.012499501
0.0124995
0.012499499
0.012499498
0.012499498
0.012499498
0.012499499
0.0124995
0.012499501
0.012499502
0.012499504
0.012499506
0.012499507
0.012499509
0.012499512
0.012499509
0.012499506
0.012499504
0.012499501
0.012499499
0.012499496
0.012499495
0.012499493
0.012499493
0.012499493
0.012499493
0.012499494
0.012499495
0.012499497
0.012499499
0.012499502
0.012499504
0.012499506
0.012499509
0.012499512
0.012499508
0.012499505
0.012499501
0.012499498
0.012499495
0.012499492
0.01249949
0.012499488
0.012499488
0.012499487
0.012499488
0.012499489
0.012499491
0.012499493
0.012499496
0.012499499
0.012499502
0.012499505
0.012499508
0.012499511
0.012499507
0.012499503
0.012499499
0.012499495
0.012499491
0.012499488
0.012499486
0.012499484
0.012499483
0.012499483
0.012499483
0.012499485
0.012499487
0.01249949
0.012499493
0.012499497
0.012499501
0.012499504
0.012499508
0.012499511
0.012499507
0.012499502
0.012499497
0.012499493
0.012499488
0.012499485
0.012499482
0.01249948
0.012499479
0.012499478
0.012499479
0.012499481
0.012499484
0.012499487
0.012499491
0.012499495
0.012499499
0.012499504
0.012499508
0.012499511
0.012499506
0.012499501
0.012499496
0.012499491
0.012499486
0.012499482
0.012499479
0.012499477
0.012499475
0.012499475
0.012499476
0.012499478
0.012499481
0.012499485
0.012499489
0.012499493
0.012499498
0.012499503
0.012499508
0.012499511
0.012499506
0.0124995
0.012499495
0.012499489
0.012499485
0.01249948
0.012499477
0.012499474
0.012499473
0.012499473
0.012499474
0.012499476
0.012499479
0.012499483
0.012499487
0.012499492
0.012499498
0.012499503
0.012499508
0.012499511
0.012499506
0.0124995
0.012499494
0.012499489
0.012499484
0.012499479
0.012499476
0.012499473
0.012499472
0.012499472
0.012499473
0.012499475
0.012499478
0.012499482
0.012499487
0.012499492
0.012499497
0.012499502
0.012499508
0.012499511
0.012499506
0.0124995
0.012499494
0.012499489
0.012499484
0.012499479
0.012499476
0.012499473
0.012499472
0.012499472
0.012499473
0.012499475
0.012499478
0.012499482
0.012499487
0.012499492
0.012499497
0.012499503
0.012499508
0.012499511
0.012499506
0.0124995
0.012499495
0.01249949
0.012499485
0.01249948
0.012499477
0.012499474
0.012499473
0.012499473
0.012499474
0.012499476
0.012499479
0.012499483
0.012499488
0.012499493
0.012499498
0.012499503
0.012499508
0.012499511
0.012499506
0.012499501
0.012499496
0.012499491
0.012499486
0.012499482
0.012499479
0.012499477
0.012499476
0.012499475
0.012499476
0.012499478
0.012499481
0.012499485
0.012499489
0.012499494
0.012499499
0.012499503
0.012499508
0.012499512
0.012499507
0.012499502
0.012499498
0.012499493
0.012499489
0.012499485
0.012499482
0.01249948
0.012499479
0.012499479
0.01249948
0.012499481
0.012499484
0.012499487
0.012499491
0.012499495
0.0124995
0.012499504
0.012499508
0.012499512
0.012499508
0.012499504
0.0124995
0.012499496
0.012499492
0.012499489
0.012499486
0.012499484
0.012499483
0.012499483
0.012499484
0.012499485
0.012499488
0.01249949
0.012499494
0.012499497
0.012499501
0.012499505
0.012499509
0.012499512
0.012499509
0.012499505
0.012499502
0.012499499
0.012499495
0.012499493
0.012499491
0.012499489
0.012499488
0.012499488
0.012499489
0.01249949
0.012499492
0.012499494
0.012499497
0.0124995
0.012499503
0.012499506
0.012499509
0.012499512
0.01249951
0.012499507
0.012499504
0.012499502
0.012499499
0.012499497
0.012499496
0.012499494
0.012499494
0.012499493
0.012499494
0.012499495
0.012499496
0.012499498
0.0124995
0.012499502
0.012499505
0.012499507
0.012499509
0.012499513
0.012499511
0.012499509
0.012499507
0.012499505
0.012499503
0.012499502
0.012499501
0.0124995
0.012499499
0.012499499
0.012499499
0.0124995
0.012499501
0.012499502
0.012499503
0.012499505
0.012499507
0.012499508
0.01249951
0.012499513
0.012499512
0.012499511
0.01249951
0.012499508
0.012499507
0.012499506
0.012499506
0.012499505
0.012499505
0.012499505
0.012499505
0.012499505
0.012499505
0.012499506
0.012499507
0.012499508
0.012499509
0.01249951
0.01249951
0.012499513
0.012499513
0.012499512
0.012499512
0.012499512
0.012499511
0.012499511
0.012499511
0.01249951
0.01249951
0.01249951
0.01249951
0.01249951
0.01249951
0.01249951
0.01249951
0.01249951
0.012499511
0.012499511
0.012499511
0.012499518
0.012499517
0.012499517
0.012499517
0.012499517
0.012499517
0.012499517
0.012499517
0.012499516
0.012499516
0.012499516
0.012499516
0.012499516
0.012499516
0.012499516
0.012499516
0.012499515
0.012499515
0.012499515
0.012499515
0.012499518
0.012499518
0.012499518
0.012499517
0.012499517
0.012499517
0.012499517
0.012499517
0.012499517
0.012499516
0.012499516
0.012499516
0.012499516
0.012499516
0.012499516
0.012499516
0.012499515
0.012499515
0.012499515
0.012499515
0.012499518
0.012499518
0.012499518
0.012499517
0.012499517
0.012499517
0.012499517
0.012499517
0.012499517
0.012499516
0.012499516
0.012499516
0.012499516
0.012499516
0.012499516
0.012499516
0.012499515
0.012499515
0.012499515
0.012499515
0.012499518
0.012499518
0.012499518
0.012499518
0.012499517
0.012499517
0.012499517
0.012499517
0.012499517
0.012499516
0.012499516
0.012499516
0.012499516
0.012499516
0.012499516
0.012499516
0.012499515
0.012499515
0.012499515
0.012499515
0.012499518
0.012499518
0.012499518
0.012499518
0.012499517
0.012499517
0.012499517
0.012499517
0.012499517
0.012499516
0.012499516
0.012499516
0.012499516
0.012499516
0.012499516
0.012499516
0.012499515
0.012499515
0.012499515
0.012499515
0.012499518
0.012499518
0.012499518
0.012499518
0.012499517
0.012499517
0.012499517
0.012499517
0.012499516
0.012499516
0.012499516
0.012499516
0.012499516
0.012499516
0.012499516
0.012499516
0.012499515
0.012499515
0.012499515
0.012499515
0.012499518
0.012499518
0.012499518
0.012499518
0.012499518
0.012499517
0.012499517
0.012499517
0.012499516
0.012499516
0.012499516
0.012499516
0.012499516
0.012499516
0.012499516
0.012499516
0.012499515
0.012499515
0.012499515
0.012499515
0.012499519
0.012499518
0.012499518
0.012499518
0.012499518
0.012499517
0.012499517
0.012499517
0.012499516
0.012499516
0.012499516
0.012499516
0.012499516
0.012499516
0.012499516
0.012499516
0.012499515
0.012499515
0.012499515
0.012499515
0.012499519
0.012499518
0.012499518
0.012499518
0.012499518
0.012499517
0.012499517
0.012499517
0.012499516
0.012499516
0.012499516
0.012499516
0.012499516
0.012499516
0.012499516
0.012499516
0.012499515
0.012499515
0.012499515
0.012499515
0.012499519
0.012499518
0.012499518
0.012499518
0.012499518
0.012499517
0.012499517
0.012499517
0.012499516
0.012499516
0.012499516
0.012499516
0.012499516
0.012499516
0.012499516
0.012499516
0.012499515
0.012499515
0.012499515
0.012499515
0.012499519
0.012499519
0.012499518
0.012499518
0.012499518
0.012499517
0.012499517
0.012499517
0.012499516
0.012499516
0.012499516
0.012499516
0.012499516
0.012499516
0.012499516
0.012499516
0.012499516
0.012499515
0.012499515
0.012499515
0.012499519
0.012499519
0.012499518
0.012499518
0.012499518
0.012499517
0.012499517
0.012499517
0.012499517
0.012499516
0.012499516
0.012499516
0.012499516
0.012499516
0.012499516
0.012499516
0.012499516
0.012499516
0.012499515
0.012499515
0.012499519
0.012499519
0.012499518
0.012499518
0.012499518
0.012499518
0.012499517
0.012499517
0.012499517
0.012499517
0.012499516
0.012499516
0.012499516
0.012499516
0.012499516
0.012499516
0.012499516
0.012499516
0.012499515
0.012499515
0.012499519
0.012499519
0.012499518
0.012499518
0.012499518
0.012499518
0.012499517
0.012499517
0.012499517
0.012499517
0.012499516
0.012499516
0.012499516
0.012499516
0.012499516
0.012499516
0.012499516
0.012499516
0.012499516
0.012499515
0.012499519
0.012499519
0.012499518
0.012499518
0.012499518
0.012499518
0.012499518
0.012499517
0.012499517
0.012499517
0.012499517
0.012499517
0.012499516
0.012499516
0.012499516
0.012499516
0.012499516
0.012499516
0.012499516
0.012499515
0.012499519
0.012499519
0.012499519
0.012499518
0.012499518
0.012499518
0.012499518
0.012499517
0.012499517
0.012499517
0.012499517
0.012499517
0.012499517
0.012499516
0.012499516
0.012499516
0.012499516
0.012499516
0.012499516
0.012499515
0.012499519
0.012499519
0.012499519
0.012499518
0.012499518
0.012499518
0.012499518
0.012499518
0.012499517
0.012499517
0.012499517
0.012499517
0.012499517
0.012499517
0.012499517
0.012499516
0.012499516
0.012499516
0.012499516
0.012499516
0.012499519
0.012499519
0.012499519
0.012499518
0.012499518
0.012499518
0.012499518
0.012499518
0.012499518
0.012499517
0.012499517
0.012499517
0.012499517
0.012499517
0.012499517
0.012499517
0.012499516
0.012499516
0.012499516
0.012499516
0.012499519
0.012499519
0.012499518
0.012499518
0.012499518
0.012499518
0.012499518
0.012499518
0.012499518
0.012499518
0.012499517
0.012499517
0.012499517
0.012499517
0.012499517
0.012499517
0.012499517
0.012499516
0.012499516
0.012499516
0.012499519
0.012499518
0.012499518
0.012499518
0.012499518
0.012499518
0.012499518
0.012499518
0.012499518
0.012499518
0.012499518
0.012499517
0.012499517
0.012499517
0.012499517
0.012499517
0.012499517
0.012499516
0.012499516
0.012499516
0.012499519
0.012499519
0.012499519
0.012499519
0.012499518
0.012499518
0.012499518
0.012499518
0.012499518
0.012499518
0.012499518
0.012499518
0.012499517
0.012499517
0.012499517
0.012499517
0.012499517
0.012499517
0.012499516
0.012499516
0.012499519
0.012499519
0.012499519
0.012499519
0.012499519
0.012499519
0.012499518
0.012499518
0.012499518
0.012499518
0.012499518
0.012499518
0.012499518
0.012499517
0.012499517
0.012499517
0.012499517
0.012499517
0.012499516
0.012499516
0.01249952
0.012499519
0.012499519
0.012499519
0.012499519
0.012499519
0.012499519
0.012499519
0.012499518
0.012499518
0.012499518
0.012499518
0.012499518
0.012499518
0.012499517
0.012499517
0.012499517
0.012499517
0.012499517
0.012499516
0.01249952
0.01249952
0.012499519
0.012499519
0.012499519
0.012499519
0.012499519
0.012499519
0.012499519
0.012499519
0.012499518
0.012499518
0.012499518
0.012499518
0.012499518
0.012499517
0.012499517
0.012499517
0.012499517
0.012499516
0.01249952
0.01249952
0.01249952
0.01249952
0.012499519
0.012499519
0.012499519
0.012499519
0.012499519
0.012499519
0.012499519
0.012499518
0.012499518
0.012499518
0.012499518
0.012499517
0.012499517
0.012499517
0.012499517
0.012499516
0.01249952
0.01249952
0.01249952
0.01249952
0.01249952
0.012499519
0.012499519
0.012499519
0.012499519
0.012499519
0.012499519
0.012499519
0.012499518
0.012499518
0.012499518
0.012499518
0.012499517
0.012499517
0.012499517
0.012499516
0.01249952
0.01249952
0.01249952
0.01249952
0.01249952
0.01249952
0.012499519
0.012499519
0.012499519
0.012499519
0.012499519
0.012499519
0.012499518
0.012499518
0.012499518
0.012499518
0.012499517
0.012499517
0.012499517
0.012499516
0.01249952
0.01249952
0.01249952
0.01249952
0.01249952
0.01249952
0.01249952
0.012499519
0.012499519
0.012499519
0.012499519
0.012499519
0.012499519
0.012499518
0.012499518
0.012499518
0.012499517
0.012499517
0.012499517
0.012499516
0.01249952
0.01249952
0.01249952
0.01249952
0.01249952
0.01249952
0.01249952
0.01249952
0.012499519
0.012499519
0.012499519
0.012499519
0.012499519
0.012499518
0.012499518
0.012499518
0.012499518
0.012499517
0.012499517
0.012499517
0.01249952
0.01249952
0.01249952
0.01249952
0.01249952
0.01249952
0.01249952
0.01249952
0.01249952
0.012499519
0.012499519
0.012499519
0.012499519
0.012499518
0.012499518
0.012499518
0.012499518
0.012499517
0.012499517
0.012499517
0.01249952
0.01249952
0.01249952
0.01249952
0.01249952
0.01249952
0.01249952
0.01249952
0.01249952
0.012499519
0.012499519
0.012499519
0.012499519
0.012499519
0.012499518
0.012499518
0.012499518
0.012499517
0.012499517
0.012499517
0.01249952
0.01249952
0.01249952
0.01249952
0.01249952
0.01249952
0.01249952
0.01249952
0.01249952
0.012499519
0.012499519
0.012499519
0.012499519
0.012499519
0.012499518
0.012499518
0.012499518
0.012499517
0.012499517
0.012499517
0.01249952
0.01249952
0.01249952
0.01249952
0.01249952
0.01249952
0.01249952
0.01249952
0.01249952
0.012499519
0.012499519
0.012499519
0.012499519
0.012499519
0.012499518
0.012499518
0.012499518
0.012499517
0.012499517
0.012499517
0.01249952
0.01249952
0.01249952
0.01249952
0.01249952
0.01249952
0.01249952
0.01249952
0.01249952
0.012499519
0.012499519
0.012499519
0.012499519
0.012499519
0.012499518
0.012499518
0.012499518
0.012499517
0.012499517
0.012499517
0.01249952
0.01249952
0.01249952
0.01249952
0.01249952
0.01249952
0.01249952
0.01249952
0.01249952
0.012499519
0.012499519
0.012499519
0.012499519
0.012499519
0.012499518
0.012499518
0.012499518
0.012499518
0.012499517
0.012499517
0.01249952
0.01249952
0.01249952
0.01249952
0.01249952
0.01249952
0.01249952
0.01249952
0.01249952
0.012499519
0.012499519
0.012499519
0.012499519
0.012499519
0.012499518
0.012499518
0.012499518
0.012499518
0.012499517
0.012499517
0.01249952
0.01249952
0.01249952
0.01249952
0.01249952
0.01249952
0.01249952
0.01249952
0.01249952
0.012499519
0.012499519
0.012499519
0.012499519
0.012499519
0.012499518
0.012499518
0.012499518
0.012499518
0.012499517
0.012499517
0.01249952
0.01249952
0.01249952
0.01249952
0.01249952
0.01249952
0.01249952
0.01249952
0.012499519
0.012499519
0.012499519
0.012499519
0.012499519
0.012499519
0.012499518
0.012499518
0.012499518
0.012499518
0.012499517
0.012499517
0.01249952
0.01249952
0.01249952
0.01249952
0.01249952
0.01249952
0.01249952
0.012499519
0.012499519
0.012499519
0.012499519
0.012499519
0.012499519
0.012499519
0.012499518
0.012499518
0.012499518
0.012499518
0.012499517
0.012499517
0.01249952
0.01249952
0.01249952
0.01249952
0.01249952
0.01249952
0.012499519
0.012499519
0.012499519
0.012499519
0.012499519
0.012499519
0.012499519
0.012499519
0.012499518
0.012499518
0.012499518
0.012499518
0.012499518
0.012499517
0.012499519
0.012499519
0.012499519
0.012499519
0.012499519
0.012499519
0.012499518
0.012499518
0.012499518
0.012499518
0.012499518
0.012499518
0.012499518
0.012499518
0.012499517
0.012499517
0.012499517
0.012499517
0.012499517
0.012499517
0.01249952
0.012499519
0.012499519
0.012499519
0.012499519
0.012499519
0.012499519
0.012499519
0.012499518
0.012499518
0.012499518
0.012499518
0.012499518
0.012499518
0.012499517
0.012499517
0.012499517
0.012499517
0.012499517
0.012499517
0.01249952
0.01249952
0.012499519
0.012499519
0.012499519
0.012499519
0.012499519
0.012499519
0.012499518
0.012499518
0.012499518
0.012499518
0.012499518
0.012499518
0.012499518
0.012499517
0.012499517
0.012499517
0.012499517
0.012499517
0.01249952
0.01249952
0.01249952
0.012499519
0.012499519
0.012499519
0.012499519
0.012499519
0.012499519
0.012499518
0.012499518
0.012499518
0.012499518
0.012499518
0.012499518
0.012499517
0.012499517
0.012499517
0.012499517
0.012499517
0.01249952
0.01249952
0.01249952
0.01249952
0.012499519
0.012499519
0.012499519
0.012499519
0.012499519
0.012499519
0.012499518
0.012499518
0.012499518
0.012499518
0.012499518
0.012499517
0.012499517
0.012499517
0.012499517
0.012499517
0.01249952
0.01249952
0.01249952
0.01249952
0.01249952
0.012499519
0.012499519
0.012499519
0.012499519
0.012499519
0.012499518
0.012499518
0.012499518
0.012499518
0.012499518
0.012499517
0.012499517
0.012499517
0.012499517
0.012499517
0.01249952
0.01249952
0.01249952
0.01249952
0.01249952
0.012499519
0.012499519
0.012499519
0.012499519
0.012499519
0.012499519
0.012499518
0.012499518
0.012499518
0.012499518
0.012499518
0.012499517
0.012499517
0.012499517
0.012499517
0.01249952
0.01249952
0.01249952
0.01249952
0.01249952
0.01249952
0.012499519
0.012499519
0.012499519
0.012499519
0.012499519
0.012499518
0.012499518
0.012499518
0.012499518
0.012499518
0.012499517
0.012499517
0.012499517
0.012499517
0.01249952
0.01249952
0.01249952
0.01249952
0.01249952
0.01249952
0.012499519
0.012499519
0.012499519
0.012499519
0.012499519
0.012499518
0.012499518
0.012499518
0.012499518
0.012499518
0.012499517
0.012499517
0.012499517
0.012499517
0.01249952
0.01249952
0.01249952
0.01249952
0.01249952
0.01249952
0.012499519
0.012499519
0.012499519
0.012499519
0.012499519
0.012499519
0.012499518
0.012499518
0.012499518
0.012499518
0.012499518
0.012499517
0.012499517
0.012499517
0.012499521
0.01249952
0.01249952
0.01249952
0.01249952
0.01249952
0.01249952
0.012499519
0.012499519
0.012499519
0.012499519
0.012499519
0.012499518
0.012499518
0.012499518
0.012499518
0.012499518
0.012499517
0.012499517
0.012499517
0.012499521
0.01249952
0.01249952
0.01249952
0.01249952
0.01249952
0.01249952
0.012499519
0.012499519
0.012499519
0.012499519
0.012499519
0.012499518
0.012499518
0.012499518
0.012499518
0.012499518
0.012499517
0.012499517
0.012499517
0.012499521
0.01249952
0.01249952
0.01249952
0.01249952
0.01249952
0.01249952
0.012499519
0.012499519
0.012499519
0.012499519
0.012499519
0.012499519
0.012499518
0.012499518
0.012499518
0.012499518
0.012499517
0.012499517
0.012499517
0.012499521
0.01249952
0.01249952
0.01249952
0.01249952
0.01249952
0.01249952
0.01249952
0.012499519
0.012499519
0.012499519
0.012499519
0.012499519
0.012499518
0.012499518
0.012499518
0.012499518
0.012499518
0.012499517
0.012499517
0.012499521
0.01249952
0.01249952
0.01249952
0.01249952
0.01249952
0.01249952
0.01249952
0.012499519
0.012499519
0.012499519
0.012499519
0.012499519
0.012499518
0.012499518
0.012499518
0.012499518
0.012499518
0.012499517
0.012499517
0.012499521
0.01249952
0.01249952
0.01249952
0.01249952
0.01249952
0.01249952
0.01249952
0.012499519
0.012499519
0.012499519
0.012499519
0.012499519
0.012499519
0.012499518
0.012499518
0.012499518
0.012499518
0.012499517
0.012499517
0.012499521
0.01249952
0.01249952
0.01249952
0.01249952
0.01249952
0.01249952
0.01249952
0.012499519
0.012499519
0.012499519
0.012499519
0.012499519
0.012499519
0.012499518
0.012499518
0.012499518
0.012499518
0.012499518
0.012499517
0.012499521
0.01249952
0.01249952
0.01249952
0.01249952
0.01249952
0.01249952
0.01249952
0.012499519
0.012499519
0.012499519
0.012499519
0.012499519
0.012499519
0.012499519
0.012499518
0.012499518
0.012499518
0.012499518
0.012499517
0.012499521
0.01249952
0.01249952
0.01249952
0.01249952
0.01249952
0.01249952
0.01249952
0.01249952
0.012499519
0.012499519
0.012499519
0.012499519
0.012499519
0.012499519
0.012499518
0.012499518
0.012499518
0.012499518
0.012499517
0.01249952
0.01249952
0.01249952
0.01249952
0.01249952
0.01249952
0.01249952
0.01249952
0.01249952
0.012499519
0.012499519
0.012499519
0.012499519
0.012499519
0.012499519
0.012499519
0.012499518
0.012499518
0.012499518
0.012499518
0.01249952
0.012499519
0.012499519
0.012499519
0.012499519
0.012499519
0.012499519
0.012499518
0.012499518
0.012499518
0.012499518
0.012499518
0.012499518
0.012499518
0.012499517
0.012499517
0.012499517
0.012499517
0.012499517
0.012499517
0.01249952
0.01249952
0.012499519
0.012499519
0.012499519
0.012499519
0.012499519
0.012499519
0.012499519
0.012499518
0.012499518
0.012499518
0.012499518
0.012499518
0.012499518
0.012499517
0.012499517
0.012499517
0.012499517
0.012499517
0.01249952
0.01249952
0.01249952
0.012499519
0.012499519
0.012499519
0.012499519
0.012499519
0.012499519
0.012499519
0.012499518
0.012499518
0.012499518
0.012499518
0.012499518
0.012499518
0.012499517
0.012499517
0.012499517
0.012499517
0.01249952
0.01249952
0.01249952
0.01249952
0.01249952
0.012499519
0.012499519
0.012499519
0.012499519
0.012499519
0.012499519
0.012499518
0.012499518
0.012499518
0.012499518
0.012499518
0.012499517
0.012499517
0.012499517
0.012499517
0.01249952
0.01249952
0.01249952
0.01249952
0.01249952
0.01249952
0.012499519
0.012499519
0.012499519
0.012499519
0.012499519
0.012499518
0.012499518
0.012499518
0.012499518
0.012499518
0.012499517
0.012499517
0.012499517
0.012499517
0.01249952
0.01249952
0.01249952
0.01249952
0.01249952
0.01249952
0.012499519
0.012499519
0.012499519
0.012499519
0.012499519
0.012499519
0.012499518
0.012499518
0.012499518
0.012499518
0.012499518
0.012499517
0.012499517
0.012499517
0.01249952
0.01249952
0.01249952
0.01249952
0.01249952
0.01249952
0.01249952
0.012499519
0.012499519
0.012499519
0.012499519
0.012499519
0.012499518
0.012499518
0.012499518
0.012499518
0.012499518
0.012499517
0.012499517
0.012499517
0.01249952
0.01249952
0.01249952
0.01249952
0.01249952
0.01249952
0.01249952
0.01249952
0.012499519
0.012499519
0.012499519
0.012499519
0.012499519
0.012499518
0.012499518
0.012499518
0.012499518
0.012499517
0.012499517
0.012499517
0.012499521
0.01249952
0.01249952
0.01249952
0.01249952
0.01249952
0.01249952
0.01249952
0.012499519
0.012499519
0.012499519
0.012499519
0.012499519
0.012499518
0.012499518
0.012499518
0.012499518
0.012499517
0.012499517
0.012499517
0.012499521
0.012499521
0.01249952
0.01249952
0.01249952
0.01249952
0.01249952
0.01249952
0.012499519
0.012499519
0.012499519
0.012499519
0.012499519
0.012499518
0.012499518
0.012499518
0.012499518
0.012499518
0.012499517
0.012499517
0.012499521
0.012499521
0.01249952
0.01249952
0.01249952
0.01249952
0.01249952
0.01249952
0.01249952
0.012499519
0.012499519
0.012499519
0.012499519
0.012499519
0.012499518
0.012499518
0.012499518
0.012499518
0.012499517
0.012499517
0.012499521
0.012499521
0.012499521
0.01249952
0.01249952
0.01249952
0.01249952
0.01249952
0.01249952
0.012499519
0.012499519
0.012499519
0.012499519
0.012499519
0.012499518
0.012499518
0.012499518
0.012499518
0.012499517
0.012499517
0.012499521
0.012499521
0.012499521
0.01249952
0.01249952
0.01249952
0.01249952
0.01249952
0.01249952
0.012499519
0.012499519
0.012499519
0.012499519
0.012499519
0.012499518
0.012499518
0.012499518
0.012499518
0.012499517
0.012499517
0.012499521
0.012499521
0.012499521
0.01249952
0.01249952
0.01249952
0.01249952
0.01249952
0.01249952
0.01249952
0.012499519
0.012499519
0.012499519
0.012499519
0.012499519
0.012499518
0.012499518
0.012499518
0.012499517
0.012499517
0.012499521
0.012499521
0.012499521
0.01249952
0.01249952
0.01249952
0.01249952
0.01249952
0.01249952
0.01249952
0.012499519
0.012499519
0.012499519
0.012499519
0.012499519
0.012499518
0.012499518
0.012499518
0.012499518
0.012499517
0.012499521
0.012499521
0.012499521
0.01249952
0.01249952
0.01249952
0.01249952
0.01249952
0.01249952
0.01249952
0.012499519
0.012499519
0.012499519
0.012499519
0.012499519
0.012499518
0.012499518
0.012499518
0.012499518
0.012499517
0.012499521
0.012499521
0.012499521
0.01249952
0.01249952
0.01249952
0.01249952
0.01249952
0.01249952
0.01249952
0.012499519
0.012499519
0.012499519
0.012499519
0.012499519
0.012499518
0.012499518
0.012499518
0.012499518
0.012499517
0.012499521
0.012499521
0.01249952
0.01249952
0.01249952
0.01249952
0.01249952
0.01249952
0.01249952
0.01249952
0.012499519
0.012499519
0.012499519
0.012499519
0.012499519
0.012499519
0.012499518
0.012499518
0.012499518
0.012499517
0.012499521
0.01249952
0.01249952
0.01249952
0.01249952
0.01249952
0.01249952
0.01249952
0.01249952
0.01249952
0.012499519
0.012499519
0.012499519
0.012499519
0.012499519
0.012499519
0.012499518
0.012499518
0.012499518
0.012499518
0.01249952
0.01249952
0.01249952
0.01249952
0.01249952
0.01249952
0.01249952
0.01249952
0.01249952
0.01249952
0.012499519
0.012499519
0.012499519
0.012499519
0.012499519
0.012499519
0.012499518
0.012499518
0.012499518
0.012499518
0.01249952
0.012499519
0.012499519
0.012499519
0.012499519
0.012499519
0.012499519
0.012499519
0.012499518
0.012499518
0.012499518
0.012499518
0.012499518
0.012499518
0.012499518
0.012499517
0.012499517
0.012499517
0.012499517
0.012499517
0.01249952
0.01249952
0.01249952
0.012499519
0.012499519
0.012499519
0.012499519
0.012499519
0.012499519
0.012499519
0.012499518
0.012499518
0.012499518
0.012499518
0.012499518
0.012499518
0.012499517
0.012499517
0.012499517
0.012499517
0.01249952
0.01249952
0.01249952
0.01249952
0.01249952
0.012499519
0.012499519
0.012499519
0.012499519
0.012499519
0.012499519
0.012499519
0.012499518
0.012499518
0.012499518
0.012499518
0.012499518
0.012499517
0.012499517
0.012499517
0.01249952
0.01249952
0.01249952
0.01249952
0.01249952
0.01249952
0.01249952
0.012499519
0.012499519
0.012499519
0.012499519
0.012499519
0.012499519
0.012499518
0.012499518
0.012499518
0.012499518
0.012499517
0.012499517
0.012499517
0.01249952
0.01249952
0.01249952
0.01249952
0.01249952
0.01249952
0.01249952
0.01249952
0.01249952
0.012499519
0.012499519
0.012499519
0.012499519
0.012499519
0.012499518
0.012499518
0.012499518
0.012499517
0.012499517
0.012499517
0.01249952
0.01249952
0.01249952
0.01249952
0.01249952
0.01249952
0.01249952
0.01249952
0.01249952
0.01249952
0.012499519
0.012499519
0.012499519
0.012499519
0.012499518
0.012499518
0.012499518
0.012499518
0.012499517
0.012499517
0.012499521
0.012499521
0.012499521
0.01249952
0.01249952
0.01249952
0.01249952
0.01249952
0.01249952
0.01249952
0.01249952
0.012499519
0.012499519
0.012499519
0.012499519
0.012499518
0.012499518
0.012499518
0.012499517
0.012499517
0.012499521
0.012499521
0.012499521
0.012499521
0.012499521
0.01249952
0.01249952
0.01249952
0.01249952
0.01249952
0.01249952
0.012499519
0.012499519
0.012499519
0.012499519
0.012499518
0.012499518
0.012499518
0.012499517
0.012499517
0.012499521
0.012499521
0.012499521
0.012499521
0.012499521
0.012499521
0.01249952
0.01249952
0.01249952
0.01249952
0.01249952
0.01249952
0.012499519
0.012499519
0.012499519
0.012499518
0.012499518
0.012499518
0.012499517
0.012499517
0.012499521
0.012499521
0.012499521
0.012499521
0.012499521
0.012499521
0.012499521
0.01249952
0.01249952
0.01249952
0.01249952
0.01249952
0.012499519
0.012499519
0.012499519
0.012499519
0.012499518
0.012499518
0.012499517
0.012499517
0.012499521
0.012499521
0.012499521
0.012499521
0.012499521
0.012499521
0.012499521
0.01249952
0.01249952
0.01249952
0.01249952
0.01249952
0.012499519
0.012499519
0.012499519
0.012499519
0.012499518
0.012499518
0.012499518
0.012499517
0.012499521
0.012499521
0.012499521
0.012499521
0.012499521
0.012499521
0.012499521
0.01249952
0.01249952
0.01249952
0.01249952
0.01249952
0.01249952
0.012499519
0.012499519
0.012499519
0.012499518
0.012499518
0.012499518
0.012499517
0.012499521
0.012499521
0.012499521
0.012499521
0.012499521
0.012499521
0.012499521
0.01249952
0.01249952
0.01249952
0.01249952
0.01249952
0.01249952
0.012499519
0.012499519
0.012499519
0.012499518
0.012499518
0.012499518
0.012499517
0.012499521
0.012499521
0.012499521
0.012499521
0.012499521
0.012499521
0.012499521
0.01249952
0.01249952
0.01249952
0.01249952
0.01249952
0.01249952
0.012499519
0.012499519
0.012499519
0.012499518
0.012499518
0.012499518
0.012499517
0.012499521
0.012499521
0.012499521
0.012499521
0.012499521
0.012499521
0.012499521
0.01249952
0.01249952
0.01249952
0.01249952
0.01249952
0.01249952
0.012499519
0.012499519
0.012499519
0.012499518
0.012499518
0.012499518
0.012499517
0.012499521
0.012499521
0.012499521
0.012499521
0.012499521
0.012499521
0.012499521
0.01249952
0.01249952
0.01249952
0.01249952
0.01249952
0.01249952
0.012499519
0.012499519
0.012499519
0.012499518
0.012499518
0.012499518
0.012499517
0.012499521
0.012499521
0.012499521
0.012499521
0.012499521
0.012499521
0.01249952
0.01249952
0.01249952
0.01249952
0.01249952
0.01249952
0.01249952
0.012499519
0.012499519
0.012499519
0.012499518
0.012499518
0.012499518
0.012499517
0.012499521
0.012499521
0.012499521
0.012499521
0.01249952
0.01249952
0.01249952
0.01249952
0.01249952
0.01249952
0.01249952
0.01249952
0.012499519
0.012499519
0.012499519
0.012499519
0.012499519
0.012499518
0.012499518
0.012499517
0.012499521
0.012499521
0.012499521
0.01249952
0.01249952
0.01249952
0.01249952
0.01249952
0.01249952
0.01249952
0.01249952
0.012499519
0.012499519
0.012499519
0.012499519
0.012499519
0.012499519
0.012499518
0.012499518
0.012499518
0.012499521
0.01249952
0.01249952
0.01249952
0.01249952
0.01249952
0.01249952
0.01249952
0.01249952
0.01249952
0.012499519
0.012499519
0.012499519
0.012499519
0.012499519
0.012499519
0.012499519
0.012499518
0.012499518
0.012499518
0.01249952
0.012499519
0.012499519
0.012499519
0.012499519
0.012499519
0.012499519
0.012499519
0.012499518
0.012499518
0.012499518
0.012499518
0.012499518
0.012499518
0.012499518
0.012499517
0.012499517
0.012499517
0.012499517
0.012499517
0.01249952
0.01249952
0.012499519
0.012499519
0.012499519
0.012499519
0.012499519
0.012499519
0.012499519
0.012499519
0.012499518
0.012499518
0.012499518
0.012499518
0.012499518
0.012499518
0.012499517
0.012499517
0.012499517
0.012499517
0.01249952
0.01249952
0.01249952
0.01249952
0.012499519
0.012499519
0.012499519
0.012499519
0.012499519
0.012499519
0.012499519
0.012499518
0.012499518
0.012499518
0.012499518
0.012499518
0.012499517
0.012499517
0.012499517
0.012499517
0.01249952
0.01249952
0.01249952
0.01249952
0.01249952
0.01249952
0.012499519
0.012499519
0.012499519
0.012499519
0.012499519
0.012499519
0.012499518
0.012499518
0.012499518
0.012499518
0.012499518
0.012499517
0.012499517
0.012499517
0.01249952
0.01249952
0.01249952
0.01249952
0.01249952
0.01249952
0.01249952
0.01249952
0.012499519
0.012499519
0.012499519
0.012499519
0.012499519
0.012499518
0.012499518
0.012499518
0.012499518
0.012499517
0.012499517
0.012499517
0.01249952
0.01249952
0.01249952
0.01249952
0.01249952
0.01249952
0.01249952
0.01249952
0.01249952
0.012499519
0.012499519
0.012499519
0.012499519
0.012499519
0.012499518
0.012499518
0.012499518
0.012499517
0.012499517
0.012499517
0.01249952
0.01249952
0.01249952
0.01249952
0.01249952
0.01249952
0.01249952
0.01249952
0.01249952
0.01249952
0.012499519
0.012499519
0.012499519
0.012499519
0.012499518
0.012499518
0.012499518
0.012499518
0.012499517
0.012499517
0.012499521
0.012499521
0.01249952
0.01249952
0.01249952
0.01249952
0.01249952
0.01249952
0.01249952
0.01249952
0.012499519
0.012499519
0.012499519
0.012499519
0.012499518
0.012499518
0.012499518
0.012499518
0.012499517
0.012499517
0.012499521
0.012499521
0.012499521
0.01249952
0.01249952
0.01249952
0.01249952
0.01249952
0.01249952
0.01249952
0.01249952
0.012499519
0.012499519
0.012499519
0.012499519
0.012499518
0.012499518
0.012499518
0.012499517
0.012499517
0.012499521
0.012499521
0.012499521
0.012499521
0.01249952
0.01249952
0.01249952
0.01249952
0.01249952
0.01249952
0.01249952
0.012499519
0.012499519
0.012499519
0.012499519
0.012499518
0.012499518
0.012499518
0.012499517
0.012499517
0.012499521
0.012499521
0.012499521
0.012499521
0.012499521
0.01249952
0.01249952
0.01249952
0.01249952
0.01249952
0.01249952
0.012499519
0.012499519
0.012499519
0.012499519
0.012499518
0.012499518
0.012499518
0.012499517
0.012499517
0.012499521
0.012499521
0.012499521
0.012499521
0.012499521
0.01249952
0.01249952
0.01249952
0.01249952
0.01249952
0.01249952
0.012499519
0.012499519
0.012499519
0.012499519
0.012499518
0.012499518
0.012499518
0.012499517
0.012499517
0.012499521
0.012499521
0.012499521
0.012499521
0.012499521
0.012499521
0.01249952
0.01249952
0.01249952
0.01249952
0.01249952
0.01249952
0.012499519
0.012499519
0.012499519
0.012499518
0.012499518
0.012499518
0.012499518
0.012499517
0.012499521
0.012499521
0.012499521
0.012499521
0.012499521
0.012499521
0.01249952
0.01249952
0.01249952
0.01249952
0.01249952
0.01249952
0.012499519
0.012499519
0.012499519
0.012499519
0.012499518
0.012499518
0.012499518
0.012499517
0.012499521
0.012499521
0.012499521
0.012499521
0.012499521
0.01249952
0.01249952
0.01249952
0.01249952
0.01249952
0.01249952
0.01249952
0.012499519
0.012499519
0.012499519
0.012499519
0.012499518
0.012499518
0.012499518
0.012499517
0.012499521
0.012499521
0.012499521
0.012499521
0.012499521
0.01249952
0.01249952
0.01249952
0.01249952
0.01249952
0.01249952
0.01249952
0.012499519
0.012499519
0.012499519
0.012499519
0.012499518
0.012499518
0.012499518
0.012499517
0.012499521
0.012499521
0.012499521
0.012499521
0.01249952
0.01249952
0.01249952
0.01249952
0.01249952
0.01249952
0.01249952
0.012499519
0.012499519
0.012499519
0.012499519
0.012499519
0.012499518
0.012499518
0.012499518
0.012499517
0.012499521
0.012499521
0.012499521
0.01249952
0.01249952
0.01249952
0.01249952
0.01249952
0.01249952
0.01249952
0.01249952
0.012499519
0.012499519
0.012499519
0.012499519
0.012499519
0.012499518
0.012499518
0.012499518
0.012499517
0.012499521
0.012499521
0.01249952
0.01249952
0.01249952
0.01249952
0.01249952
0.01249952
0.01249952
0.01249952
0.01249952
0.012499519
0.012499519
0.012499519
0.012499519
0.012499519
0.012499518
0.012499518
0.012499518
0.012499518
0.012499521
0.01249952
0.01249952
0.01249952
0.01249952
0.01249952
0.01249952
0.01249952
0.01249952
0.01249952
0.012499519
0.012499519
0.012499519
0.012499519
0.012499519
0.012499519
0.012499518
0.012499518
0.012499518
0.012499518
0.01249952
0.012499519
0.012499519
0.012499519
0.012499519
0.012499519
0.012499519
0.012499518
0.012499518
0.012499518
0.012499518
0.012499518
0.012499518
0.012499518
0.012499517
0.012499517
0.012499517
0.012499517
0.012499517
0.012499517
0.01249952
0.01249952
0.012499519
0.012499519
0.012499519
0.012499519
0.012499519
0.012499519
0.012499518
0.012499518
0.012499518
0.012499518
0.012499518
0.012499518
0.012499518
0.012499517
0.012499517
0.012499517
0.012499517
0.012499517
0.01249952
0.01249952
0.01249952
0.012499519
0.012499519
0.012499519
0.012499519
0.012499519
0.012499519
0.012499518
0.012499518
0.012499518
0.012499518
0.012499518
0.012499518
0.012499517
0.012499517
0.012499517
0.012499517
0.012499517
0.01249952
0.01249952
0.01249952
0.01249952
0.012499519
0.012499519
0.012499519
0.012499519
0.012499519
0.012499519
0.012499518
0.012499518
0.012499518
0.012499518
0.012499518
0.012499517
0.012499517
0.012499517
0.012499517
0.012499517
0.01249952
0.01249952
0.01249952
0.01249952
0.012499519
0.012499519
0.012499519
0.012499519
0.012499519
0.012499519
0.012499518
0.012499518
0.012499518
0.012499518
0.012499518
0.012499518
0.012499517
0.012499517
0.012499517
0.012499517
0.01249952
0.01249952
0.01249952
0.01249952
0.01249952
0.012499519
0.012499519
0.012499519
0.012499519
0.012499519
0.012499519
0.012499518
0.012499518
0.012499518
0.012499518
0.012499518
0.012499517
0.012499517
0.012499517
0.012499517
0.01249952
0.01249952
0.01249952
0.01249952
0.01249952
0.01249952
0.012499519
0.012499519
0.012499519
0.012499519
0.012499519
0.012499518
0.012499518
0.012499518
0.012499518
0.012499518
0.012499517
0.012499517
0.012499517
0.012499517
0.01249952
0.01249952
0.01249952
0.01249952
0.01249952
0.01249952
0.012499519
0.012499519
0.012499519
0.012499519
0.012499519
0.012499519
0.012499518
0.012499518
0.012499518
0.012499518
0.012499517
0.012499517
0.012499517
0.012499517
0.012499521
0.01249952
0.01249952
0.01249952
0.01249952
0.01249952
0.01249952
0.012499519
0.012499519
0.012499519
0.012499519
0.012499519
0.012499518
0.012499518
0.012499518
0.012499518
0.012499518
0.012499517
0.012499517
0.012499517
0.012499521
0.01249952
0.01249952
0.01249952
0.01249952
0.01249952
0.01249952
0.012499519
0.012499519
0.012499519
0.012499519
0.012499519
0.012499519
0.012499518
0.012499518
0.012499518
0.012499518
0.012499517
0.012499517
0.012499517
0.012499521
0.01249952
0.01249952
0.01249952
0.01249952
0.01249952
0.01249952
0.01249952
0.012499519
0.012499519
0.012499519
0.012499519
0.012499519
0.012499518
0.012499518
0.012499518
0.012499518
0.012499517
0.012499517
0.012499517
0.012499521
0.012499521
0.01249952
0.01249952
0.01249952
0.01249952
0.01249952
0.01249952
0.012499519
0.012499519
0.012499519
0.012499519
0.012499519
0.012499518
0.012499518
0.012499518
0.012499518
0.012499517
0.012499517
0.012499517
0.012499521
0.012499521
0.01249952
0.01249952
0.01249952
0.01249952
0.01249952
0.01249952
0.012499519
0.012499519
0.012499519
0.012499519
0.012499519
0.012499518
0.012499518
0.012499518
0.012499518
0.012499518
0.012499517
0.012499517
0.012499521
0.012499521
0.01249952
0.01249952
0.01249952
0.01249952
0.01249952
0.01249952
0.012499519
0.012499519
0.012499519
0.012499519
0.012499519
0.012499518
0.012499518
0.012499518
0.012499518
0.012499518
0.012499517
0.012499517
0.012499521
0.012499521
0.01249952
0.01249952
0.01249952
0.01249952
0.01249952
0.01249952
0.01249952
0.012499519
0.012499519
0.012499519
0.012499519
0.012499519
0.012499518
0.012499518
0.012499518
0.012499518
0.012499517
0.012499517
0.012499521
0.012499521
0.01249952
0.01249952
0.01249952
0.01249952
0.01249952
0.01249952
0.01249952
0.012499519
0.012499519
0.012499519
0.012499519
0.012499519
0.012499518
0.012499518
0.012499518
0.012499518
0.012499517
0.012499517
0.012499521
0.012499521
0.01249952
0.01249952
0.01249952
0.01249952
0.01249952
0.01249952
0.01249952
0.012499519
0.012499519
0.012499519
0.012499519
0.012499519
0.012499518
0.012499518
0.012499518
0.012499518
0.012499518
0.012499517
0.012499521
0.012499521
0.01249952
0.01249952
0.01249952
0.01249952
0.01249952
0.01249952
0.01249952
0.012499519
0.012499519
0.012499519
0.012499519
0.012499519
0.012499519
0.012499518
0.012499518
0.012499518
0.012499518
0.012499517
0.012499521
0.01249952
0.01249952
0.01249952
0.01249952
0.01249952
0.01249952
0.01249952
0.01249952
0.012499519
0.012499519
0.012499519
0.012499519
0.012499519
0.012499519
0.012499518
0.012499518
0.012499518
0.012499518
0.012499518
0.01249952
0.01249952
0.01249952
0.01249952
0.01249952
0.01249952
0.01249952
0.01249952
0.01249952
0.012499519
0.012499519
0.012499519
0.012499519
0.012499519
0.012499519
0.012499519
0.012499518
0.012499518
0.012499518
0.012499518
0.01249952
0.012499519
0.012499519
0.012499519
0.012499519
0.012499519
0.012499519
0.012499518
0.012499518
0.012499518
0.012499518
0.012499518
0.012499518
0.012499518
0.012499518
0.012499517
0.012499517
0.012499517
0.012499517
0.012499517
0.01249952
0.01249952
0.012499519
0.012499519
0.012499519
0.012499519
0.012499519
0.012499519
0.012499519
0.012499518
0.012499518
0.012499518
0.012499518
0.012499518
0.012499518
0.012499517
0.012499517
0.012499517
0.012499517
0.012499517
0.01249952
0.01249952
0.01249952
0.012499519
0.012499519
0.012499519
0.012499519
0.012499519
0.012499519
0.012499519
0.012499518
0.012499518
0.012499518
0.012499518
0.012499518
0.012499518
0.012499517
0.012499517
0.012499517
0.012499517
0.01249952
0.01249952
0.01249952
0.01249952
0.012499519
0.012499519
0.012499519
0.012499519
0.012499519
0.012499519
0.012499519
0.012499518
0.012499518
0.012499518
0.012499518
0.012499518
0.012499517
0.012499517
0.012499517
0.012499517
0.01249952
0.01249952
0.01249952
0.01249952
0.01249952
0.01249952
0.012499519
0.012499519
0.012499519
0.012499519
0.012499519
0.012499519
0.012499518
0.012499518
0.012499518
0.012499518
0.012499518
0.012499517
0.012499517
0.012499517
0.01249952
0.01249952
0.01249952
0.01249952
0.01249952
0.01249952
0.012499519
0.012499519
0.012499519
0.012499519
0.012499519
0.012499519
0.012499518
0.012499518
0.012499518
0.012499518
0.012499518
0.012499517
0.012499517
0.012499517
0.01249952
0.01249952
0.01249952
0.01249952
0.01249952
0.01249952
0.01249952
0.012499519
0.012499519
0.012499519
0.012499519
0.012499519
0.012499519
0.012499518
0.012499518
0.012499518
0.012499518
0.012499517
0.012499517
0.012499517
0.012499521
0.01249952
0.01249952
0.01249952
0.01249952
0.01249952
0.01249952
0.01249952
0.012499519
0.012499519
0.012499519
0.012499519
0.012499519
0.012499518
0.012499518
0.012499518
0.012499518
0.012499517
0.012499517
0.012499517
0.012499521
0.01249952
0.01249952
0.01249952
0.01249952
0.01249952
0.01249952
0.01249952
0.012499519
0.012499519
0.012499519
0.012499519
0.012499519
0.012499518
0.012499518
0.012499518
0.012499518
0.012499517
0.012499517
0.012499517
0.012499521
0.012499521
0.01249952
0.01249952
0.01249952
0.01249952
0.01249952
0.01249952
0.01249952
0.012499519
0.012499519
0.012499519
0.012499519
0.012499518
0.012499518
0.012499518
0.012499518
0.012499518
0.012499517
0.012499517
0.012499521
0.012499521
0.01249952
0.01249952
0.01249952
0.01249952
0.01249952
0.01249952
0.01249952
0.012499519
0.012499519
0.012499519
0.012499519
0.012499519
0.012499518
0.012499518
0.012499518
0.012499518
0.012499517
0.012499517
0.012499521
0.012499521
0.012499521
0.01249952
0.01249952
0.01249952
0.01249952
0.01249952
0.01249952
0.012499519
0.012499519
0.012499519
0.012499519
0.012499519
0.012499518
0.012499518
0.012499518
0.012499518
0.012499517
0.012499517
0.012499521
0.012499521
0.012499521
0.01249952
0.01249952
0.01249952
0.01249952
0.01249952
0.01249952
0.012499519
0.012499519
0.012499519
0.012499519
0.012499519
0.012499518
0.012499518
0.012499518
0.012499518
0.012499517
0.012499517
0.012499521
0.012499521
0.012499521
0.01249952
0.01249952
0.01249952
0.01249952
0.01249952
0.01249952
0.01249952
0.012499519
0.012499519
0.012499519
0.012499519
0.012499519
0.012499518
0.012499518
0.012499518
0.012499517
0.012499517
0.012499521
0.012499521
0.012499521
0.01249952
0.01249952
0.01249952
0.01249952
0.01249952
0.01249952
0.01249952
0.012499519
0.012499519
0.012499519
0.012499519
0.012499519
0.012499518
0.012499518
0.012499518
0.012499518
0.012499517
0.012499521
0.012499521
0.012499521
0.01249952
0.01249952
0.01249952
0.01249952
0.01249952
0.01249952
0.01249952
0.012499519
0.012499519
0.012499519
0.012499519
0.012499519
0.012499518
0.012499518
0.012499518
0.012499518
0.012499517
0.012499521
0.012499521
0.012499521
0.01249952
0.01249952
0.01249952
0.01249952
0.01249952
0.01249952
0.01249952
0.012499519
0.012499519
0.012499519
0.012499519
0.012499519
0.012499518
0.012499518
0.012499518
0.012499518
0.012499517
0.012499521
0.012499521
0.01249952
0.01249952
0.01249952
0.01249952
0.01249952
0.01249952
0.01249952
0.01249952
0.012499519
0.012499519
0.012499519
0.012499519
0.012499519
0.012499519
0.012499518
0.012499518
0.012499518
0.012499517
0.012499521
0.012499521
0.01249952
0.01249952
0.01249952
0.01249952
0.01249952
0.01249952
0.01249952
0.01249952
0.012499519
0.012499519
0.012499519
0.012499519
0.012499519
0.012499519
0.012499518
0.012499518
0.012499518
0.012499518
0.012499521
0.01249952
0.01249952
0.01249952
0.01249952
0.01249952
0.01249952
0.01249952
0.01249952
0.01249952
0.012499519
0.012499519
0.012499519
0.012499519
0.012499519
0.012499519
0.012499518
0.012499518
0.012499518
0.012499518
0.01249952
0.012499519
0.012499519
0.012499519
0.012499519
0.012499519
0.012499519
0.012499519
0.012499518
0.012499518
0.012499518
0.012499518
0.012499518
0.012499518
0.012499518
0.012499517
0.012499517
0.012499517
0.012499517
0.012499517
0.01249952
0.01249952
0.01249952
0.012499519
0.012499519
0.012499519
0.012499519
0.012499519
0.012499519
0.012499519
0.012499518
0.012499518
0.012499518
0.012499518
0.012499518
0.012499518
0.012499517
0.012499517
0.012499517
0.012499517
0.01249952
0.01249952
0.01249952
0.01249952
0.01249952
0.012499519
0.012499519
0.012499519
0.012499519
0.012499519
0.012499519
0.012499519
0.012499518
0.012499518
0.012499518
0.012499518
0.012499518
0.012499517
0.012499517
0.012499517
0.01249952
0.01249952
0.01249952
0.01249952
0.01249952
0.01249952
0.01249952
0.012499519
0.012499519
0.012499519
0.012499519
0.012499519
0.012499519
0.012499518
0.012499518
0.012499518
0.012499518
0.012499517
0.012499517
0.012499517
0.01249952
0.01249952
0.01249952
0.01249952
0.01249952
0.01249952
0.01249952
0.01249952
0.012499519
0.012499519
0.012499519
0.012499519
0.012499519
0.012499519
0.012499518
0.012499518
0.012499518
0.012499518
0.012499517
0.012499517
0.01249952
0.01249952
0.01249952
0.01249952
0.01249952
0.01249952
0.01249952
0.01249952
0.01249952
0.012499519
0.012499519
0.012499519
0.012499519
0.012499519
0.012499518
0.012499518
0.012499518
0.012499518
0.012499517
0.012499517
0.012499521
0.012499521
0.012499521
0.01249952
0.01249952
0.01249952
0.01249952
0.01249952
0.01249952
0.01249952
0.012499519
0.012499519
0.012499519
0.012499519
0.012499519
0.012499518
0.012499518
0.012499518
0.012499517
0.012499517
0.012499521
0.012499521
0.012499521
0.012499521
0.01249952
0.01249952
0.01249952
0.01249952
0.01249952
0.01249952
0.01249952
0.012499519
0.012499519
0.012499519
0.012499519
0.012499518
0.012499518
0.012499518
0.012499517
0.012499517
0.012499521
0.012499521
0.012499521
0.012499521
0.012499521
0.01249952
0.01249952
0.01249952
0.01249952
0.01249952
0.01249952
0.012499519
0.012499519
0.012499519
0.012499519
0.012499518
0.012499518
0.012499518
0.012499517
0.012499517
0.012499521
0.012499521
0.012499521
0.012499521
0.012499521
0.012499521
0.01249952
0.01249952
0.01249952
0.01249952
0.01249952
0.01249952
0.012499519
0.012499519
0.012499519
0.012499519
0.012499518
0.012499518
0.012499517
0.012499517
0.012499521
0.012499521
0.012499521
0.012499521
0.012499521
0.012499521
0.01249952
0.01249952
0.01249952
0.01249952
0.01249952
0.01249952
0.012499519
0.012499519
0.012499519
0.012499519
0.012499518
0.012499518
0.012499518
0.012499517
0.012499521
0.012499521
0.012499521
0.012499521
0.012499521
0.012499521
0.012499521
0.01249952
0.01249952
0.01249952
0.01249952
0.01249952
0.012499519
0.012499519
0.012499519
0.012499519
0.012499518
0.012499518
0.012499518
0.012499517
0.012499521
0.012499521
0.012499521
0.012499521
0.012499521
0.012499521
0.012499521
0.01249952
0.01249952
0.01249952
0.01249952
0.01249952
0.01249952
0.012499519
0.012499519
0.012499519
0.012499518
0.012499518
0.012499518
0.012499517
0.012499521
0.012499521
0.012499521
0.012499521
0.012499521
0.012499521
0.012499521
0.01249952
0.01249952
0.01249952
0.01249952
0.01249952
0.01249952
0.012499519
0.012499519
0.012499519
0.012499518
0.012499518
0.012499518
0.012499517
0.012499521
0.012499521
0.012499521
0.012499521
0.012499521
0.012499521
0.012499521
0.01249952
0.01249952
0.01249952
0.01249952
0.01249952
0.01249952
0.012499519
0.012499519
0.012499519
0.012499518
0.012499518
0.012499518
0.012499517
0.012499521
0.012499521
0.012499521
0.012499521
0.012499521
0.012499521
0.012499521
0.01249952
0.01249952
0.01249952
0.01249952
0.01249952
0.01249952
0.012499519
0.012499519
0.012499519
0.012499519
0.012499518
0.012499518
0.012499517
0.012499521
0.012499521
0.012499521
0.012499521
0.012499521
0.012499521
0.01249952
0.01249952
0.01249952
0.01249952
0.01249952
0.01249952
0.012499519
0.012499519
0.012499519
0.012499519
0.012499519
0.012499518
0.012499518
0.012499517
0.012499521
0.012499521
0.012499521
0.012499521
0.012499521
0.01249952
0.01249952
0.01249952
0.01249952
0.01249952
0.01249952
0.01249952
0.012499519
0.012499519
0.012499519
0.012499519
0.012499519
0.012499518
0.012499518
0.012499518
0.012499521
0.012499521
0.012499521
0.01249952
0.01249952
0.01249952
0.01249952
0.01249952
0.01249952
0.01249952
0.01249952
0.012499519
0.012499519
0.012499519
0.012499519
0.012499519
0.012499519
0.012499518
0.012499518
0.012499518
0.012499521
0.01249952
0.01249952
0.01249952
0.01249952
0.01249952
0.01249952
0.01249952
0.01249952
0.01249952
0.012499519
0.012499519
0.012499519
0.012499519
0.012499519
0.012499519
0.012499519
0.012499518
0.012499518
0.012499518
0.01249952
0.012499519
0.012499519
0.012499519
0.012499519
0.012499519
0.012499519
0.012499519
0.012499518
0.012499518
0.012499518
0.012499518
0.012499518
0.012499518
0.012499518
0.012499517
0.012499517
0.012499517
0.012499517
0.012499517
0.01249952
0.01249952
0.012499519
0.012499519
0.012499519
0.012499519
0.012499519
0.012499519
0.012499519
0.012499518
0.012499518
0.012499518
0.012499518
0.012499518
0.012499518
0.012499518
0.012499517
0.012499517
0.012499517
0.012499517
0.01249952
0.01249952
0.01249952
0.01249952
0.012499519
0.012499519
0.012499519
0.012499519
0.012499519
0.012499519
0.012499519
0.012499518
0.012499518
0.012499518
0.012499518
0.012499518
0.012499517
0.012499517
0.012499517
0.012499517
0.01249952
0.01249952
0.01249952
0.01249952
0.01249952
0.012499519
0.012499519
0.012499519
0.012499519
0.012499519
0.012499519
0.012499519
0.012499518
0.012499518
0.012499518
0.012499518
0.012499518
0.012499517
0.012499517
0.012499517
0.01249952
0.01249952
0.01249952
0.01249952
0.01249952
0.01249952
0.01249952
0.012499519
0.012499519
0.012499519
0.012499519
0.012499519
0.012499518
0.012499518
0.012499518
0.012499518
0.012499518
0.012499517
0.012499517
0.012499517
0.01249952
0.01249952
0.01249952
0.01249952
0.01249952
0.01249952
0.01249952
0.01249952
0.012499519
0.012499519
0.012499519
0.012499519
0.012499519
0.012499518
0.012499518
0.012499518
0.012499518
0.012499517
0.012499517
0.012499517
0.01249952
0.01249952
0.01249952
0.01249952
0.01249952
0.01249952
0.01249952
0.01249952
0.012499519
0.012499519
0.012499519
0.012499519
0.012499519
0.012499518
0.012499518
0.012499518
0.012499518
0.012499517
0.012499517
0.012499517
0.012499521
0.012499521
0.01249952
0.01249952
0.01249952
0.01249952
0.01249952
0.01249952
0.01249952
0.012499519
0.012499519
0.012499519
0.012499519
0.012499519
0.012499518
0.012499518
0.012499518
0.012499518
0.012499517
0.012499517
0.012499521
0.012499521
0.012499521
0.01249952
0.01249952
0.01249952
0.01249952
0.01249952
0.01249952
0.012499519
0.012499519
0.012499519
0.012499519
0.012499519
0.012499518
0.012499518
0.012499518
0.012499518
0.012499517
0.012499517
0.012499521
0.012499521
0.012499521
0.01249952
0.01249952
0.01249952
0.01249952
0.01249952
0.01249952
0.01249952
0.012499519
0.012499519
0.012499519
0.012499519
0.012499519
0.012499518
0.012499518
0.012499518
0.012499517
0.012499517
0.012499521
0.012499521
0.012499521
0.012499521
0.01249952
0.01249952
0.01249952
0.01249952
0.01249952
0.01249952
0.012499519
0.012499519
0.012499519
0.012499519
0.012499519
0.012499518
0.012499518
0.012499518
0.012499517
0.012499517
0.012499521
0.012499521
0.012499521
0.012499521
0.01249952
0.01249952
0.01249952
0.01249952
0.01249952
0.01249952
0.01249952
0.012499519
0.012499519
0.012499519
0.012499519
0.012499518
0.012499518
0.012499518
0.012499517
0.012499517
0.012499521
0.012499521
0.012499521
0.012499521
0.01249952
0.01249952
0.01249952
0.01249952
0.01249952
0.01249952
0.01249952
0.012499519
0.012499519
0.012499519
0.012499519
0.012499518
0.012499518
0.012499518
0.012499518
0.012499517
0.012499521
0.012499521
0.012499521
0.012499521
0.01249952
0.01249952
0.01249952
0.01249952
0.01249952
0.01249952
0.01249952
0.012499519
0.012499519
0.012499519
0.012499519
0.012499518
0.012499518
0.012499518
0.012499518
0.012499517
0.012499521
0.012499521
0.012499521
0.012499521
0.01249952
0.01249952
0.01249952
0.01249952
0.01249952
0.01249952
0.01249952
0.012499519
0.012499519
0.012499519
0.012499519
0.012499519
0.012499518
0.012499518
0.012499518
0.012499517
0.012499521
0.012499521
0.012499521
0.012499521
0.01249952
0.01249952
0.01249952
0.01249952
0.01249952
0.01249952
0.01249952
0.012499519
0.012499519
0.012499519
0.012499519
0.012499519
0.012499518
0.012499518
0.012499518
0.012499517
0.012499521
0.012499521
0.012499521
0.012499521
0.01249952
0.01249952
0.01249952
0.01249952
0.01249952
0.01249952
0.01249952
0.012499519
0.012499519
0.012499519
0.012499519
0.012499519
0.012499518
0.012499518
0.012499518
0.012499517
0.012499521
0.012499521
0.012499521
0.01249952
0.01249952
0.01249952
0.01249952
0.01249952
0.01249952
0.01249952
0.01249952
0.012499519
0.012499519
0.012499519
0.012499519
0.012499519
0.012499518
0.012499518
0.012499518
0.012499517
0.012499521
0.012499521
0.01249952
0.01249952
0.01249952
0.01249952
0.01249952
0.01249952
0.01249952
0.01249952
0.01249952
0.012499519
0.012499519
0.012499519
0.012499519
0.012499519
0.012499518
0.012499518
0.012499518
0.012499518
0.012499521
0.01249952
0.01249952
0.01249952
0.01249952
0.01249952
0.01249952
0.01249952
0.01249952
0.01249952
0.012499519
0.012499519
0.012499519
0.012499519
0.012499519
0.012499519
0.012499518
0.012499518
0.012499518
0.012499518
0.01249952
0.012499519
0.012499519
0.012499519
0.012499519
0.012499519
0.012499519
0.012499518
0.012499518
0.012499518
0.012499518
0.012499518
0.012499518
0.012499518
0.012499517
0.012499517
0.012499517
0.012499517
0.012499517
0.012499517
0.01249952
0.01249952
0.012499519
0.012499519
0.012499519
0.012499519
0.012499519
0.012499519
0.012499518
0.012499518
0.012499518
0.012499518
0.012499518
0.012499518
0.012499517
0.012499517
0.012499517
0.012499517
0.012499517
0.012499517
0.01249952
0.01249952
0.01249952
0.012499519
0.012499519
0.012499519
0.012499519
0.012499519
0.012499519
0.012499518
0.012499518
0.012499518
0.012499518
0.012499518
0.012499518
0.012499517
0.012499517
0.012499517
0.012499517
0.012499517
0.01249952
0.01249952
0.01249952
0.01249952
0.012499519
0.012499519
0.012499519
0.012499519
0.012499519
0.012499518
0.012499518
0.012499518
0.012499518
0.012499518
0.012499518
0.012499517
0.012499517
0.012499517
0.012499517
0.012499517
0.01249952
0.01249952
0.01249952
0.01249952
0.012499519
0.012499519
0.012499519
0.012499519
0.012499519
0.012499519
0.012499518
0.012499518
0.012499518
0.012499518
0.012499518
0.012499517
0.012499517
0.012499517
0.012499517
0.012499517
0.01249952
0.01249952
0.01249952
0.01249952
0.01249952
0.012499519
0.012499519
0.012499519
0.012499519
0.012499519
0.012499518
0.012499518
0.012499518
0.012499518
0.012499518
0.012499517
0.012499517
0.012499517
0.012499517
0.012499517
0.01249952
0.01249952
0.01249952
0.01249952
0.01249952
0.012499519
0.012499519
0.012499519
0.012499519
0.012499519
0.012499519
0.012499518
0.012499518
0.012499518
0.012499518
0.012499517
0.012499517
0.012499517
0.012499517
0.012499517
0.01249952
0.01249952
0.01249952
0.01249952
0.01249952
0.01249952
0.012499519
0.012499519
0.012499519
0.012499519
0.012499519
0.012499518
0.012499518
0.012499518
0.012499518
0.012499518
0.012499517
0.012499517
0.012499517
0.012499517
0.012499521
0.01249952
0.01249952
0.01249952
0.01249952
0.01249952
0.012499519
0.012499519
0.012499519
0.012499519
0.012499519
0.012499518
0.012499518
0.012499518
0.012499518
0.012499518
0.012499517
0.012499517
0.012499517
0.012499517
0.012499521
0.01249952
0.01249952
0.01249952
0.01249952
0.01249952
0.01249952
0.012499519
0.012499519
0.012499519
0.012499519
0.012499518
0.012499518
0.012499518
0.012499518
0.012499518
0.012499518
0.012499517
0.012499517
0.012499517
0.012499521
0.01249952
0.01249952
0.01249952
0.01249952
0.01249952
0.01249952
0.012499519
0.012499519
0.012499519
0.012499519
0.012499519
0.012499518
0.012499518
0.012499518
0.012499518
0.012499518
0.012499517
0.012499517
0.012499517
0.012499521
0.01249952
0.01249952
0.01249952
0.01249952
0.01249952
0.01249952
0.012499519
0.012499519
0.012499519
0.012499519
0.012499519
0.012499518
0.012499518
0.012499518
0.012499518
0.012499518
0.012499517
0.012499517
0.012499517
0.012499521
0.01249952
0.01249952
0.01249952
0.01249952
0.01249952
0.01249952
0.01249952
0.012499519
0.012499519
0.012499519
0.012499519
0.012499518
0.012499518
0.012499518
0.012499518
0.012499518
0.012499518
0.012499517
0.012499517
0.012499521
0.012499521
0.01249952
0.01249952
0.01249952
0.01249952
0.01249952
0.01249952
0.012499519
0.012499519
0.012499519
0.012499519
0.012499519
0.012499518
0.012499518
0.012499518
0.012499518
0.012499518
0.012499517
0.012499517
0.012499521
0.012499521
0.01249952
0.01249952
0.01249952
0.01249952
0.01249952
0.01249952
0.012499519
0.012499519
0.012499519
0.012499519
0.012499519
0.012499518
0.012499518
0.012499518
0.012499518
0.012499518
0.012499517
0.012499517
0.012499521
0.012499521
0.01249952
0.01249952
0.01249952
0.01249952
0.01249952
0.01249952
0.012499519
0.012499519
0.012499519
0.012499519
0.012499519
0.012499519
0.012499518
0.012499518
0.012499518
0.012499518
0.012499518
0.012499517
0.012499521
0.012499521
0.01249952
0.01249952
0.01249952
0.01249952
0.01249952
0.01249952
0.012499519
0.012499519
0.012499519
0.012499519
0.012499519
0.012499519
0.012499518
0.012499518
0.012499518
0.012499518
0.012499518
0.012499517
0.012499521
0.01249952
0.01249952
0.01249952
0.01249952
0.01249952
0.01249952
0.01249952
0.01249952
0.012499519
0.012499519
0.012499519
0.012499519
0.012499519
0.012499519
0.012499518
0.012499518
0.012499518
0.012499518
0.012499517
0.012499521
0.01249952
0.01249952
0.01249952
0.01249952
0.01249952
0.01249952
0.01249952
0.01249952
0.012499519
0.012499519
0.012499519
0.012499519
0.012499519
0.012499519
0.012499519
0.012499518
0.012499518
0.012499518
0.012499518
0.012499521
0.01249952
0.01249952
0.01249952
0.01249952
0.01249952
0.01249952
0.01249952
0.01249952
0.012499519
0.012499519
0.012499519
0.012499519
0.012499519
0.012499519
0.012499519
0.012499518
0.012499518
0.012499518
0.012499518
0.01249952
0.012499519
0.012499519
0.012499519
0.012499519
0.012499519
0.012499519
0.012499519
0.012499518
0.012499518
0.012499518
0.012499518
0.012499518
0.012499518
0.012499517
0.012499517
0.012499517
0.012499517
0.012499517
0.012499517
0.01249952
0.01249952
0.012499519
0.012499519
0.012499519
0.012499519
0.012499519
0.012499519
0.012499519
0.012499518
0.012499518
0.012499518
0.012499518
0.012499518
0.012499518
0.012499517
0.012499517
0.012499517
0.012499517
0.012499517
0.01249952
0.01249952
0.01249952
0.01249952
0.012499519
0.012499519
0.012499519
0.012499519
0.012499519
0.012499519
0.012499519
0.012499518
0.012499518
0.012499518
0.012499518
0.012499518
0.012499517
0.012499517
0.012499517
0.012499517
0.01249952
0.01249952
0.01249952
0.01249952
0.01249952
0.012499519
0.012499519
0.012499519
0.012499519
0.012499519
0.012499519
0.012499518
0.012499518
0.012499518
0.012499518
0.012499518
0.012499517
0.012499517
0.012499517
0.012499517
0.01249952
0.01249952
0.01249952
0.01249952
0.01249952
0.01249952
0.01249952
0.012499519
0.012499519
0.012499519
0.012499519
0.012499519
0.012499518
0.012499518
0.012499518
0.012499518
0.012499517
0.012499517
0.012499517
0.012499517
0.01249952
0.01249952
0.01249952
0.01249952
0.01249952
0.01249952
0.01249952
0.012499519
0.012499519
0.012499519
0.012499519
0.012499519
0.012499519
0.012499518
0.012499518
0.012499518
0.012499518
0.012499517
0.012499517
0.012499517
0.01249952
0.01249952
0.01249952
0.01249952
0.01249952
0.01249952
0.01249952
0.01249952
0.012499519
0.012499519
0.012499519
0.012499519
0.012499519
0.012499518
0.012499518
0.012499518
0.012499518
0.012499517
0.012499517
0.012499517
0.012499521
0.01249952
0.01249952
0.01249952
0.01249952
0.01249952
0.01249952
0.01249952
0.012499519
0.012499519
0.012499519
0.012499519
0.012499519
0.012499519
0.012499518
0.012499518
0.012499518
0.012499517
0.012499517
0.012499517
0.012499521
0.012499521
0.01249952
0.01249952
0.01249952
0.01249952
0.01249952
0.01249952
0.01249952
0.012499519
0.012499519
0.012499519
0.012499519
0.012499519
0.012499518
0.012499518
0.012499518
0.012499518
0.012499517
0.012499517
0.012499521
0.012499521
0.012499521
0.01249952
0.01249952
0.01249952
0.01249952
0.01249952
0.01249952
0.012499519
0.012499519
0.012499519
0.012499519
0.012499519
0.012499518
0.012499518
0.012499518
0.012499518
0.012499517
0.012499517
0.012499521
0.012499521
0.012499521
0.01249952
0.01249952
0.01249952
0.01249952
0.01249952
0.01249952
0.01249952
0.012499519
0.012499519
0.012499519
0.012499519
0.012499518
0.012499518
0.012499518
0.012499518
0.012499517
0.012499517
0.012499521
0.012499521
0.012499521
0.01249952
0.01249952
0.01249952
0.01249952
0.01249952
0.01249952
0.01249952
0.012499519
0.012499519
0.012499519
0.012499519
0.012499519
0.012499518
0.012499518
0.012499518
0.012499517
0.012499517
0.012499521
0.012499521
0.012499521
0.01249952
0.01249952
0.01249952
0.01249952
0.01249952
0.01249952
0.01249952
0.012499519
0.012499519
0.012499519
0.012499519
0.012499519
0.012499518
0.012499518
0.012499518
0.012499517
0.012499517
0.012499521
0.012499521
0.012499521
0.01249952
0.01249952
0.01249952
0.01249952
0.01249952
0.01249952
0.01249952
0.01249952
0.012499519
0.012499519
0.012499519
0.012499519
0.012499518
0.012499518
0.012499518
0.012499518
0.012499517
0.012499521
0.012499521
0.012499521
0.01249952
0.01249952
0.01249952
0.01249952
0.01249952
0.01249952
0.01249952
0.01249952
0.012499519
0.012499519
0.012499519
0.012499519
0.012499518
0.012499518
0.012499518
0.012499518
0.012499517
0.012499521
0.012499521
0.012499521
0.01249952
0.01249952
0.01249952
0.01249952
0.01249952
0.01249952
0.01249952
0.01249952
0.012499519
0.012499519
0.012499519
0.012499519
0.012499519
0.012499518
0.012499518
0.012499518
0.012499517
0.012499521
0.012499521
0.01249952
0.01249952
0.01249952
0.01249952
0.01249952
0.01249952
0.01249952
0.01249952
0.01249952
0.012499519
0.012499519
0.012499519
0.012499519
0.012499519
0.012499518
0.012499518
0.012499518
0.012499517
0.012499521
0.012499521
0.01249952
0.01249952
0.01249952
0.01249952
0.01249952
0.01249952
0.01249952
0.01249952
0.01249952
0.012499519
0.012499519
0.012499519
0.012499519
0.012499519
0.012499518
0.012499518
0.012499518
0.012499517
0.012499521
0.012499521
0.01249952
0.01249952
0.01249952
0.01249952
0.01249952
0.01249952
0.01249952
0.01249952
0.012499519
0.012499519
0.012499519
0.012499519
0.012499519
0.012499519
0.012499518
0.012499518
0.012499518
0.012499518
0.012499521
0.01249952
0.01249952
0.01249952
0.01249952
0.01249952
0.01249952
0.01249952
0.01249952
0.01249952
0.012499519
0.012499519
0.012499519
0.012499519
0.012499519
0.012499519
0.012499518
0.012499518
0.012499518
0.012499518
0.01249952
0.012499519
0.012499519
0.012499519
0.012499519
0.012499519
0.012499519
0.012499519
0.012499518
0.012499518
0.012499518
0.012499518
0.012499518
0.012499518
0.012499518
0.012499517
0.012499517
0.012499517
0.012499517
0.012499517
0.01249952
0.01249952
0.01249952
0.012499519
0.012499519
0.012499519
0.012499519
0.012499519
0.012499519
0.012499519
0.012499519
0.012499518
0.012499518
0.012499518
0.012499518
0.012499518
0.012499517
0.012499517
0.012499517
0.012499517
0.01249952
0.01249952
0.01249952
0.01249952
0.01249952
0.01249952
0.01249952
0.012499519
0.012499519
0.012499519
0.012499519
0.012499519
0.012499519
0.012499518
0.012499518
0.012499518
0.012499518
0.012499517
0.012499517
0.012499517
0.01249952
0.01249952
0.01249952
0.01249952
0.01249952
0.01249952
0.01249952
0.01249952
0.01249952
0.012499519
0.012499519
0.012499519
0.012499519
0.012499519
0.012499518
0.012499518
0.012499518
0.012499517
0.012499517
0.012499517
0.01249952
0.01249952
0.01249952
0.01249952
0.01249952
0.01249952
0.01249952
0.01249952
0.01249952
0.01249952
0.01249952
0.012499519
0.012499519
0.012499519
0.012499519
0.012499518
0.012499518
0.012499518
0.012499517
0.012499517
0.01249952
0.01249952
0.012499521
0.012499521
0.012499521
0.012499521
0.01249952
0.01249952
0.01249952
0.01249952
0.01249952
0.01249952
0.012499519
0.012499519
0.012499519
0.012499518
0.012499518
0.012499518
0.012499517
0.012499517
0.012499521
0.012499521
0.012499521
0.012499521
0.012499521
0.012499521
0.012499521
0.012499521
0.01249952
0.01249952
0.01249952
0.01249952
0.01249952
0.012499519
0.012499519
0.012499519
0.012499518
0.012499518
0.012499517
0.012499517
0.012499521
0.012499521
0.012499521
0.012499521
0.012499521
0.012499521
0.012499521
0.012499521
0.012499521
0.01249952
0.01249952
0.01249952
0.01249952
0.012499519
0.012499519
0.012499519
0.012499518
0.012499518
0.012499517
0.012499517
0.012499521
0.012499521
0.012499521
0.012499521
0.012499521
0.012499521
0.012499521
0.012499521
0.012499521
0.012499521
0.01249952
0.01249952
0.01249952
0.012499519
0.012499519
0.012499519
0.012499518
0.012499518
0.012499518
0.012499517
0.012499521
0.012499521
0.012499521
0.012499521
0.012499521
0.012499521
0.012499521
0.012499521
0.012499521
0.012499521
0.01249952
0.01249952
0.01249952
0.01249952
0.012499519
0.012499519
0.012499518
0.012499518
0.012499518
0.012499517
0.012499521
0.012499521
0.012499521
0.012499521
0.012499521
0.012499521
0.012499521
0.012499521
0.012499521
0.012499521
0.01249952
0.01249952
0.01249952
0.01249952
0.012499519
0.012499519
0.012499519
0.012499518
0.012499518
0.012499517
0.012499521
0.012499521
0.012499521
0.012499521
0.012499521
0.012499521
0.012499521
0.012499521
0.012499521
0.012499521
0.012499521
0.01249952
0.01249952
0.01249952
0.012499519
0.012499519
0.012499519
0.012499518
0.012499518
0.012499517
0.012499521
0.012499521
0.012499521
0.012499521
0.012499521
0.012499521
0.012499521
0.012499521
0.012499521
0.012499521
0.01249952
0.01249952
0.01249952
0.01249952
0.012499519
0.012499519
0.012499519
0.012499518
0.012499518
0.012499517
0.012499521
0.012499521
0.012499521
0.012499521
0.012499521
0.012499521
0.012499521
0.012499521
0.012499521
0.012499521
0.01249952
0.01249952
0.01249952
0.01249952
0.012499519
0.012499519
0.012499519
0.012499518
0.012499518
0.012499517
0.012499521
0.012499521
0.012499521
0.012499521
0.012499521
0.012499521
0.012499521
0.012499521
0.012499521
0.012499521
0.01249952
0.01249952
0.01249952
0.01249952
0.012499519
0.012499519
0.012499519
0.012499518
0.012499518
0.012499517
0.012499521
0.012499521
0.012499521
0.012499521
0.012499521
0.012499521
0.012499521
0.012499521
0.012499521
0.01249952
0.01249952
0.01249952
0.01249952
0.01249952
0.012499519
0.012499519
0.012499519
0.012499518
0.012499518
0.012499517
0.012499521
0.012499521
0.012499521
0.012499521
0.012499521
0.012499521
0.012499521
0.012499521
0.01249952
0.01249952
0.01249952
0.01249952
0.01249952
0.012499519
0.012499519
0.012499519
0.012499519
0.012499518
0.012499518
0.012499517
0.012499521
0.012499521
0.012499521
0.012499521
0.012499521
0.01249952
0.01249952
0.01249952
0.01249952
0.01249952
0.01249952
0.01249952
0.01249952
0.012499519
0.012499519
0.012499519
0.012499519
0.012499518
0.012499518
0.012499517
0.012499521
0.012499521
0.01249952
0.01249952
0.01249952
0.01249952
0.01249952
0.01249952
0.01249952
0.01249952
0.01249952
0.01249952
0.012499519
0.012499519
0.012499519
0.012499519
0.012499519
0.012499518
0.012499518
0.012499518
0.012499521
0.01249952
0.01249952
0.01249952
0.01249952
0.01249952
0.01249952
0.01249952
0.01249952
0.01249952
0.01249952
0.012499519
0.012499519
0.012499519
0.012499519
0.012499519
0.012499519
0.012499518
0.012499518
0.012499518
0.01249952
0.012499519
0.012499519
0.012499519
0.012499519
0.012499519
0.012499519
0.012499519
0.012499518
0.012499518
0.012499518
0.012499518
0.012499518
0.012499518
0.012499518
0.012499517
0.012499517
0.012499517
0.012499517
0.012499517
0.01249952
0.01249952
0.01249952
0.012499519
0.012499519
0.012499519
0.012499519
0.012499519
0.012499519
0.012499519
0.012499518
0.012499518
0.012499518
0.012499518
0.012499518
0.012499518
0.012499517
0.012499517
0.012499517
0.012499517
0.01249952
0.01249952
0.01249952
0.01249952
0.01249952
0.012499519
0.012499519
0.012499519
0.012499519
0.012499519
0.012499519
0.012499519
0.012499518
0.012499518
0.012499518
0.012499518
0.012499517
0.012499517
0.012499517
0.012499517
0.01249952
0.01249952
0.01249952
0.01249952
0.01249952
0.01249952
0.01249952
0.01249952
0.012499519
0.012499519
0.012499519
0.012499519
0.012499519
0.012499518
0.012499518
0.012499518
0.012499518
0.012499517
0.012499517
0.012499517
0.01249952
0.01249952
0.01249952
0.01249952
0.01249952
0.01249952
0.01249952
0.01249952
0.01249952
0.01249952
0.012499519
0.012499519
0.012499519
0.012499519
0.012499518
0.012499518
0.012499518
0.012499517
0.012499517
0.012499517
0.01249952
0.01249952
0.01249952
0.01249952
0.01249952
0.01249952
0.01249952
0.01249952
0.01249952
0.01249952
0.01249952
0.012499519
0.012499519
0.012499519
0.012499519
0.012499518
0.012499518
0.012499518
0.012499517
0.012499517
0.01249952
0.012499521
0.012499521
0.012499521
0.012499521
0.01249952
0.01249952
0.01249952
0.01249952
0.01249952
0.01249952
0.01249952
0.012499519
0.012499519
0.012499519
0.012499519
0.012499518
0.012499518
0.012499517
0.012499517
0.012499521
0.012499521
0.012499521
0.012499521
0.012499521
0.012499521
0.012499521
0.012499521
0.01249952
0.01249952
0.01249952
0.01249952
0.012499519
0.012499519
0.012499519
0.012499519
0.012499518
0.012499518
0.012499517
0.012499517
0.012499521
0.012499521
0.012499521
0.012499521
0.012499521
0.012499521
0.012499521
0.012499521
0.012499521
0.01249952
0.01249952
0.01249952
0.01249952
0.012499519
0.012499519
0.012499519
0.012499518
0.012499518
0.012499517
0.012499517
0.012499521
0.012499521
0.012499521
0.012499521
0.012499521
0.012499521
0.012499521
0.012499521
0.012499521
0.012499521
0.01249952
0.01249952
0.01249952
0.012499519
0.012499519
0.012499519
0.012499518
0.012499518
0.012499518
0.012499517
0.012499521
0.012499521
0.012499521
0.012499521
0.012499521
0.012499521
0.012499521
0.012499521
0.012499521
0.012499521
0.01249952
0.01249952
0.01249952
0.012499519
0.012499519
0.012499519
0.012499518
0.012499518
0.012499518
0.012499517
0.012499521
0.012499521
0.012499521
0.012499521
0.012499521
0.012499521
0.012499521
0.012499521
0.012499521
0.012499521
0.01249952
0.01249952
0.01249952
0.01249952
0.012499519
0.012499519
0.012499518
0.012499518
0.012499518
0.012499517
0.012499521
0.012499521
0.012499521
0.012499521
0.012499521
0.012499521
0.012499521
0.012499521
0.012499521
0.012499521
0.01249952
0.01249952
0.01249952
0.01249952
0.012499519
0.012499519
0.012499518
0.012499518
0.012499518
0.012499517
0.012499521
0.012499521
0.012499521
0.012499521
0.012499521
0.012499521
0.012499521
0.012499521
0.012499521
0.01249952
0.01249952
0.01249952
0.01249952
0.01249952
0.012499519
0.012499519
0.012499518
0.012499518
0.012499518
0.012499517
0.012499521
0.012499521
0.012499521
0.012499521
0.012499521
0.012499521
0.012499521
0.012499521
0.012499521
0.01249952
0.01249952
0.01249952
0.01249952
0.012499519
0.012499519
0.012499519
0.012499519
0.012499518
0.012499518
0.012499517
0.012499521
0.012499521
0.012499521
0.012499521
0.012499521
0.012499521
0.012499521
0.012499521
0.01249952
0.01249952
0.01249952
0.01249952
0.01249952
0.012499519
0.012499519
0.012499519
0.012499519
0.012499518
0.012499518
0.012499517
0.012499521
0.012499521
0.012499521
0.012499521
0.012499521
0.012499521
0.012499521
0.01249952
0.01249952
0.01249952
0.01249952
0.01249952
0.01249952
0.012499519
0.012499519
0.012499519
0.012499519
0.012499518
0.012499518
0.012499517
0.012499521
0.012499521
0.012499521
0.01249952
0.01249952
0.01249952
0.01249952
0.01249952
0.01249952
0.01249952
0.01249952
0.01249952
0.012499519
0.012499519
0.012499519
0.012499519
0.012499519
0.012499518
0.012499518
0.012499517
0.012499521
0.012499521
0.01249952
0.01249952
0.01249952
0.01249952
0.01249952
0.01249952
0.01249952
0.01249952
0.01249952
0.012499519
0.012499519
0.012499519
0.012499519
0.012499519
0.012499519
0.012499518
0.012499518
0.012499518
0.012499521
0.01249952
0.01249952
0.01249952
0.01249952
0.01249952
0.01249952
0.01249952
0.01249952
0.01249952
0.012499519
0.012499519
0.012499519
0.012499519
0.012499519
0.012499519
0.012499519
0.012499518
0.012499518
0.012499518
0.01249952
0.012499519
0.012499519
0.012499519
0.012499519
0.012499519
0.012499519
0.012499518
0.012499518
0.012499518
0.012499518
0.012499518
0.012499518
0.012499518
0.012499518
0.012499517
0.012499517
0.012499517
0.012499517
0.012499517
0.01249952
0.01249952
0.012499519
0.012499519
0.012499519
0.012499519
0.012499519
0.012499519
0.012499518
0.012499518
0.012499518
0.012499518
0.012499518
0.012499518
0.012499518
0.012499517
0.012499517
0.012499517
0.012499517
0.012499517
0.01249952
0.01249952
0.01249952
0.012499519
0.012499519
0.012499519
0.012499519
0.012499519
0.012499519
0.012499518
0.012499518
0.012499518
0.012499518
0.012499518
0.012499518
0.012499517
0.012499517
0.012499517
0.012499517
0.012499517
0.01249952
0.01249952
0.01249952
0.01249952
0.012499519
0.012499519
0.012499519
0.012499519
0.012499519
0.012499519
0.012499518
0.012499518
0.012499518
0.012499518
0.012499518
0.012499517
0.012499517
0.012499517
0.012499517
0.012499517
0.01249952
0.01249952
0.01249952
0.01249952
0.01249952
0.012499519
0.012499519
0.012499519
0.012499519
0.012499519
0.012499519
0.012499518
0.012499518
0.012499518
0.012499518
0.012499517
0.012499517
0.012499517
0.012499517
0.012499517
0.01249952
0.01249952
0.01249952
0.01249952
0.01249952
0.012499519
0.012499519
0.012499519
0.012499519
0.012499519
0.012499519
0.012499518
0.012499518
0.012499518
0.012499518
0.012499518
0.012499517
0.012499517
0.012499517
0.012499517
0.01249952
0.01249952
0.01249952
0.01249952
0.01249952
0.01249952
0.012499519
0.012499519
0.012499519
0.012499519
0.012499519
0.012499519
0.012499518
0.012499518
0.012499518
0.012499518
0.012499518
0.012499517
0.012499517
0.012499517
0.01249952
0.01249952
0.01249952
0.01249952
0.01249952
0.01249952
0.01249952
0.012499519
0.012499519
0.012499519
0.012499519
0.012499519
0.012499518
0.012499518
0.012499518
0.012499518
0.012499518
0.012499517
0.012499517
0.012499517
0.012499521
0.01249952
0.01249952
0.01249952
0.01249952
0.01249952
0.01249952
0.01249952
0.012499519
0.012499519
0.012499519
0.012499519
0.012499519
0.012499518
0.012499518
0.012499518
0.012499518
0.012499517
0.012499517
0.012499517
0.012499521
0.01249952
0.01249952
0.01249952
0.01249952
0.01249952
0.01249952
0.01249952
0.01249952
0.012499519
0.012499519
0.012499519
0.012499519
0.012499518
0.012499518
0.012499518
0.012499518
0.012499517
0.012499517
0.012499517
0.012499521
0.012499521
0.01249952
0.01249952
0.01249952
0.01249952
0.01249952
0.01249952
0.01249952
0.012499519
0.012499519
0.012499519
0.012499519
0.012499518
0.012499518
0.012499518
0.012499518
0.012499518
0.012499517
0.012499517
0.012499521
0.012499521
0.01249952
0.01249952
0.01249952
0.01249952
0.01249952
0.01249952
0.01249952
0.012499519
0.012499519
0.012499519
0.012499519
0.012499519
0.012499518
0.012499518
0.012499518
0.012499518
0.012499517
0.012499517
0.012499521
0.012499521
0.01249952
0.01249952
0.01249952
0.01249952
0.01249952
0.01249952
0.01249952
0.012499519
0.012499519
0.012499519
0.012499519
0.012499519
0.012499518
0.012499518
0.012499518
0.012499518
0.012499517
0.012499517
0.012499521
0.012499521
0.01249952
0.01249952
0.01249952
0.01249952
0.01249952
0.01249952
0.01249952
0.012499519
0.012499519
0.012499519
0.012499519
0.012499519
0.012499518
0.012499518
0.012499518
0.012499518
0.012499517
0.012499517
0.012499521
0.012499521
0.01249952
0.01249952
0.01249952
0.01249952
0.01249952
0.01249952
0.01249952
0.012499519
0.012499519
0.012499519
0.012499519
0.012499519
0.012499518
0.012499518
0.012499518
0.012499518
0.012499517
0.012499517
0.012499521
0.012499521
0.01249952
0.01249952
0.01249952
0.01249952
0.01249952
0.01249952
0.01249952
0.012499519
0.012499519
0.012499519
0.012499519
0.012499519
0.012499519
0.012499518
0.012499518
0.012499518
0.012499518
0.012499517
0.012499521
0.012499521
0.01249952
0.01249952
0.01249952
0.01249952
0.01249952
0.01249952
0.01249952
0.012499519
0.012499519
0.012499519
0.012499519
0.012499519
0.012499519
0.012499518
0.012499518
0.012499518
0.012499518
0.012499517
0.012499521
0.012499521
0.01249952
0.01249952
0.01249952
0.01249952
0.01249952
0.01249952
0.01249952
0.01249952
0.012499519
0.012499519
0.012499519
0.012499519
0.012499519
0.012499518
0.012499518
0.012499518
0.012499518
0.012499517
0.012499521
0.01249952
0.01249952
0.01249952
0.01249952
0.01249952
0.01249952
0.01249952
0.01249952
0.01249952
0.012499519
0.012499519
0.012499519
0.012499519
0.012499519
0.012499519
0.012499518
0.012499518
0.012499518
0.012499518
0.012499521
0.01249952
0.01249952
0.01249952
0.01249952
0.01249952
0.01249952
0.01249952
0.01249952
0.01249952
0.012499519
0.012499519
0.012499519
0.012499519
0.012499519
0.012499519
0.012499518
0.012499518
0.012499518
0.012499518
0.01249952
0.012499519
0.012499519
0.012499519
0.012499519
0.012499519
0.012499519
0.012499518
0.012499518
0.012499518
0.012499518
0.012499518
0.012499518
0.012499518
0.012499518
0.012499517
0.012499517
0.012499517
0.012499517
0.012499517
0.01249952
0.01249952
0.012499519
0.012499519
0.012499519
0.012499519
0.012499519
0.012499519
0.012499519
0.012499518
0.012499518
0.012499518
0.012499518
0.012499518
0.012499518
0.012499517
0.012499517
0.012499517
0.012499517
0.012499517
0.01249952
0.01249952
0.01249952
0.012499519
0.012499519
0.012499519
0.012499519
0.012499519
0.012499519
0.012499518
0.012499518
0.012499518
0.012499518
0.012499518
0.012499518
0.012499517
0.012499517
0.012499517
0.012499517
0.012499517
0.01249952
0.01249952
0.01249952
0.01249952
0.012499519
0.012499519
0.012499519
0.012499519
0.012499519
0.012499519
0.012499518
0.012499518
0.012499518
0.012499518
0.012499518
0.012499517
0.012499517
0.012499517
0.012499517
0.012499517
0.01249952
0.01249952
0.01249952
0.01249952
0.012499519
0.012499519
0.012499519
0.012499519
0.012499519
0.012499519
0.012499518
0.012499518
0.012499518
0.012499518
0.012499518
0.012499517
0.012499517
0.012499517
0.012499517
0.012499517
0.01249952
0.01249952
0.01249952
0.01249952
0.01249952
0.012499519
0.012499519
0.012499519
0.012499519
0.012499518
0.012499518
0.012499518
0.012499518
0.012499518
0.012499518
0.012499517
0.012499517
0.012499517
0.012499517
0.012499517
0.01249952
0.01249952
0.01249952
0.01249952
0.01249952
0.012499519
0.012499519
0.012499519
0.012499519
0.012499518
0.012499518
0.012499518
0.012499518
0.012499518
0.012499518
0.012499518
0.012499517
0.012499517
0.012499517
0.012499517
0.01249952
0.01249952
0.01249952
0.01249952
0.01249952
0.012499519
0.012499519
0.012499519
0.012499519
0.012499518
0.012499518
0.012499518
0.012499518
0.012499518
0.012499518
0.012499518
0.012499517
0.012499517
0.012499517
0.012499517
0.012499521
0.01249952
0.01249952
0.01249952
0.01249952
0.012499519
0.012499519
0.012499519
0.012499519
0.012499519
0.012499518
0.012499518
0.012499518
0.012499518
0.012499518
0.012499518
0.012499518
0.012499517
0.012499517
0.012499517
0.012499521
0.01249952
0.01249952
0.01249952
0.01249952
0.012499519
0.012499519
0.012499519
0.012499519
0.012499519
0.012499518
0.012499518
0.012499518
0.012499518
0.012499518
0.012499518
0.012499518
0.012499517
0.012499517
0.012499517
0.012499521
0.01249952
0.01249952
0.01249952
0.01249952
0.01249952
0.012499519
0.012499519
0.012499519
0.012499519
0.012499518
0.012499518
0.012499518
0.012499518
0.012499518
0.012499518
0.012499518
0.012499518
0.012499517
0.012499517
0.012499521
0.012499521
0.01249952
0.01249952
0.01249952
0.01249952
0.012499519
0.012499519
0.012499519
0.012499519
0.012499519
0.012499518
0.012499518
0.012499518
0.012499518
0.012499518
0.012499518
0.012499518
0.012499517
0.012499517
0.012499521
0.012499521
0.01249952
0.01249952
0.01249952
0.01249952
0.01249952
0.012499519
0.012499519
0.012499519
0.012499519
0.012499518
0.012499518
0.012499518
0.012499518
0.012499518
0.012499518
0.012499518
0.012499517
0.012499517
0.012499521
0.012499521
0.01249952
0.01249952
0.01249952
0.01249952
0.01249952
0.012499519
0.012499519
0.012499519
0.012499519
0.012499519
0.012499518
0.012499518
0.012499518
0.012499518
0.012499518
0.012499518
0.012499517
0.012499517
0.012499521
0.012499521
0.01249952
0.01249952
0.01249952
0.01249952
0.01249952
0.01249952
0.012499519
0.012499519
0.012499519
0.012499519
0.012499519
0.012499518
0.012499518
0.012499518
0.012499518
0.012499518
0.012499518
0.012499517
0.012499521
0.012499521
0.012499521
0.01249952
0.01249952
0.01249952
0.01249952
0.01249952
0.012499519
0.012499519
0.012499519
0.012499519
0.012499519
0.012499519
0.012499518
0.012499518
0.012499518
0.012499518
0.012499518
0.012499517
0.012499521
0.012499521
0.012499521
0.01249952
0.01249952
0.01249952
0.01249952
0.01249952
0.01249952
0.012499519
0.012499519
0.012499519
0.012499519
0.012499519
0.012499519
0.012499518
0.012499518
0.012499518
0.012499518
0.012499517
0.012499521
0.012499521
0.012499521
0.01249952
0.01249952
0.01249952
0.01249952
0.01249952
0.01249952
0.012499519
0.012499519
0.012499519
0.012499519
0.012499519
0.012499519
0.012499519
0.012499518
0.012499518
0.012499518
0.012499517
0.012499521
0.012499521
0.01249952
0.01249952
0.01249952
0.01249952
0.01249952
0.01249952
0.01249952
0.012499519
0.012499519
0.012499519
0.012499519
0.012499519
0.012499519
0.012499519
0.012499518
0.012499518
0.012499518
0.012499518
0.012499521
0.01249952
0.01249952
0.01249952
0.01249952
0.01249952
0.01249952
0.01249952
0.01249952
0.012499519
0.012499519
0.012499519
0.012499519
0.012499519
0.012499519
0.012499519
0.012499518
0.012499518
0.012499518
0.012499518
0.01249952
0.012499519
0.012499519
0.012499519
0.012499519
0.012499519
0.012499519
0.012499519
0.012499518
0.012499518
0.012499518
0.012499518
0.012499518
0.012499518
0.012499518
0.012499517
0.012499517
0.012499517
0.012499517
0.012499517
0.01249952
0.01249952
0.01249952
0.012499519
0.012499519
0.012499519
0.012499519
0.012499519
0.012499519
0.012499519
0.012499518
0.012499518
0.012499518
0.012499518
0.012499518
0.012499518
0.012499518
0.012499517
0.012499517
0.012499517
0.01249952
0.01249952
0.01249952
0.01249952
0.01249952
0.012499519
0.012499519
0.012499519
0.012499519
0.012499519
0.012499519
0.012499518
0.012499518
0.012499518
0.012499518
0.012499518
0.012499518
0.012499517
0.012499517
0.012499517
0.01249952
0.01249952
0.01249952
0.01249952
0.01249952
0.01249952
0.012499519
0.012499519
0.012499519
0.012499519
0.012499519
0.012499519
0.012499518
0.012499518
0.012499518
0.012499518
0.012499518
0.012499518
0.012499517
0.012499517
0.01249952
0.01249952
0.01249952
0.01249952
0.01249952
0.01249952
0.012499519
0.012499519
0.012499519
0.012499519
0.012499519
0.012499519
0.012499518
0.012499518
0.012499518
0.012499518
0.012499518
0.012499518
0.012499517
0.012499517
0.01249952
0.01249952
0.01249952
0.01249952
0.01249952
0.01249952
0.012499519
0.012499519
0.012499519
0.012499519
0.012499519
0.012499519
0.012499519
0.012499518
0.012499518
0.012499518
0.012499518
0.012499518
0.012499517
0.012499517
0.012499521
0.012499521
0.01249952
0.01249952
0.01249952
0.01249952
0.012499519
0.012499519
0.012499519
0.012499519
0.012499519
0.012499519
0.012499519
0.012499518
0.012499518
0.012499518
0.012499518
0.012499518
0.012499517
0.012499517
0.012499521
0.012499521
0.012499521
0.01249952
0.01249952
0.01249952
0.01249952
0.012499519
0.012499519
0.012499519
0.012499519
0.012499519
0.012499519
0.012499518
0.012499518
0.012499518
0.012499518
0.012499518
0.012499517
0.012499517
0.012499521
0.012499521
0.012499521
0.01249952
0.01249952
0.01249952
0.01249952
0.012499519
0.012499519
0.012499519
0.012499519
0.012499519
0.012499518
0.012499518
0.012499518
0.012499518
0.012499518
0.012499518
0.012499517
0.012499517
0.012499521
0.012499521
0.012499521
0.01249952
0.01249952
0.01249952
0.01249952
0.012499519
0.012499519
0.012499519
0.012499519
0.012499518
0.012499518
0.012499518
0.012499518
0.012499518
0.012499518
0.012499518
0.012499517
0.012499517
0.012499521
0.012499521
0.012499521
0.01249952
0.01249952
0.01249952
0.01249952
0.012499519
0.012499519
0.012499519
0.012499519
0.012499518
0.012499518
0.012499518
0.012499518
0.012499518
0.012499518
0.012499518
0.012499518
0.012499517
0.012499521
0.012499521
0.012499521
0.01249952
0.01249952
0.01249952
0.01249952
0.01249952
0.012499519
0.012499519
0.012499519
0.012499519
0.012499518
0.012499518
0.012499518
0.012499518
0.012499518
0.012499518
0.012499518
0.012499517
0.012499521
0.012499521
0.012499521
0.01249952
0.01249952
0.01249952
0.01249952
0.01249952
0.012499519
0.012499519
0.012499519
0.012499519
0.012499519
0.012499519
0.012499518
0.012499518
0.012499518
0.012499518
0.012499518
0.012499517
0.012499521
0.012499521
0.012499521
0.012499521
0.01249952
0.01249952
0.01249952
0.01249952
0.01249952
0.012499519
0.012499519
0.012499519
0.012499519
0.012499519
0.012499519
0.012499518
0.012499518
0.012499518
0.012499518
0.012499517
0.012499521
0.012499521
0.012499521
0.012499521
0.01249952
0.01249952
0.01249952
0.01249952
0.01249952
0.01249952
0.012499519
0.012499519
0.012499519
0.012499519
0.012499519
0.012499519
0.012499518
0.012499518
0.012499518
0.012499517
0.012499521
0.012499521
0.012499521
0.012499521
0.01249952
0.01249952
0.01249952
0.01249952
0.01249952
0.01249952
0.01249952
0.012499519
0.012499519
0.012499519
0.012499519
0.012499519
0.012499518
0.012499518
0.012499518
0.012499517
0.012499521
0.012499521
0.012499521
0.012499521
0.012499521
0.01249952
0.01249952
0.01249952
0.01249952
0.01249952
0.01249952
0.01249952
0.012499519
0.012499519
0.012499519
0.012499519
0.012499519
0.012499518
0.012499518
0.012499517
0.012499521
0.012499521
0.012499521
0.012499521
0.012499521
0.01249952
0.01249952
0.01249952
0.01249952
0.01249952
0.01249952
0.01249952
0.012499519
0.012499519
0.012499519
0.012499519
0.012499519
0.012499518
0.012499518
0.012499518
0.012499521
0.012499521
0.012499521
0.012499521
0.01249952
0.01249952
0.01249952
0.01249952
0.01249952
0.01249952
0.01249952
0.012499519
0.012499519
0.012499519
0.012499519
0.012499519
0.012499519
0.012499518
0.012499518
0.012499518
0.012499521
0.01249952
0.01249952
0.01249952
0.01249952
0.01249952
0.01249952
0.01249952
0.01249952
0.01249952
0.012499519
0.012499519
0.012499519
0.012499519
0.012499519
0.012499519
0.012499519
0.012499518
0.012499518
0.012499518
0.01249952
0.012499519
0.012499519
0.012499519
0.012499519
0.012499519
0.012499519
0.012499519
0.012499518
0.012499518
0.012499518
0.012499518
0.012499518
0.012499518
0.012499518
0.012499517
0.012499517
0.012499517
0.012499517
0.012499517
0.01249952
0.01249952
0.01249952
0.012499519
0.012499519
0.012499519
0.012499519
0.012499519
0.012499519
0.012499519
0.012499519
0.012499518
0.012499518
0.012499518
0.012499518
0.012499518
0.012499518
0.012499517
0.012499517
0.012499517
0.01249952
0.01249952
0.01249952
0.01249952
0.01249952
0.01249952
0.012499519
0.012499519
0.012499519
0.012499519
0.012499519
0.012499519
0.012499518
0.012499518
0.012499518
0.012499518
0.012499518
0.012499518
0.012499517
0.012499517
0.01249952
0.01249952
0.01249952
0.01249952
0.01249952
0.01249952
0.01249952
0.012499519
0.012499519
0.012499519
0.012499519
0.012499519
0.012499519
0.012499518
0.012499518
0.012499518
0.012499518
0.012499518
0.012499517
0.012499517
0.01249952
0.01249952
0.01249952
0.01249952
0.01249952
0.01249952
0.01249952
0.01249952
0.012499519
0.012499519
0.012499519
0.012499519
0.012499519
0.012499519
0.012499518
0.012499518
0.012499518
0.012499518
0.012499517
0.012499517
0.01249952
0.01249952
0.01249952
0.01249952
0.01249952
0.01249952
0.01249952
0.01249952
0.01249952
0.012499519
0.012499519
0.012499519
0.012499519
0.012499519
0.012499518
0.012499518
0.012499518
0.012499518
0.012499517
0.012499517
0.012499521
0.012499521
0.012499521
0.012499521
0.01249952
0.01249952
0.01249952
0.01249952
0.01249952
0.012499519
0.012499519
0.012499519
0.012499519
0.012499519
0.012499519
0.012499518
0.012499518
0.012499518
0.012499517
0.012499517
0.012499521
0.012499521
0.012499521
0.012499521
0.012499521
0.01249952
0.01249952
0.01249952
0.012499519
0.012499519
0.012499519
0.012499519
0.012499519
0.012499519
0.012499519
0.012499518
0.012499518
0.012499518
0.012499517
0.012499517
0.012499521
0.012499521
0.012499521
0.012499521
0.012499521
0.01249952
0.01249952
0.01249952
0.012499519
0.012499519
0.012499519
0.012499519
0.012499519
0.012499519
0.012499519
0.012499519
0.012499518
0.012499518
0.012499517
0.012499517
0.012499521
0.012499521
0.012499521
0.012499521
0.012499521
0.012499521
0.01249952
0.01249952
0.01249952
0.012499519
0.012499519
0.012499519
0.012499519
0.012499519
0.012499519
0.012499519
0.012499518
0.012499518
0.012499518
0.012499517
0.012499521
0.012499521
0.012499521
0.012499521
0.012499521
0.012499521
0.01249952
0.01249952
0.01249952
0.012499519
0.012499519
0.012499519
0.012499519
0.012499519
0.012499519
0.012499519
0.012499518
0.012499518
0.012499518
0.012499517
0.012499521
0.012499521
0.012499521
0.012499521
0.012499521
0.012499521
0.01249952
0.01249952
0.01249952
0.01249952
0.012499519
0.012499519
0.012499519
0.012499519
0.012499519
0.012499519
0.012499518
0.012499518
0.012499518
0.012499517
0.012499521
0.012499521
0.012499521
0.012499521
0.012499521
0.012499521
0.01249952
0.01249952
0.01249952
0.01249952
0.01249952
0.012499519
0.012499519
0.012499519
0.012499519
0.012499519
0.012499518
0.012499518
0.012499518
0.012499517
0.012499521
0.012499521
0.012499521
0.012499521
0.012499521
0.01249952
0.01249952
0.01249952
0.01249952
0.01249952
0.01249952
0.012499519
0.012499519
0.012499519
0.012499519
0.012499519
0.012499518
0.012499518
0.012499518
0.012499517
0.012499521
0.012499521
0.012499521
0.012499521
0.012499521
0.01249952
0.01249952
0.01249952
0.01249952
0.01249952
0.01249952
0.01249952
0.012499519
0.012499519
0.012499519
0.012499519
0.012499518
0.012499518
0.012499518
0.012499517
0.012499521
0.012499521
0.012499521
0.012499521
0.012499521
0.01249952
0.01249952
0.01249952
0.01249952
0.01249952
0.01249952
0.01249952
0.01249952
0.012499519
0.012499519
0.012499519
0.012499518
0.012499518
0.012499518
0.012499517
0.012499521
0.012499521
0.012499521
0.012499521
0.012499521
0.01249952
0.01249952
0.01249952
0.01249952
0.01249952
0.01249952
0.01249952
0.01249952
0.012499519
0.012499519
0.012499519
0.012499519
0.012499518
0.012499518
0.012499517
0.012499521
0.012499521
0.012499521
0.012499521
0.012499521
0.01249952
0.01249952
0.01249952
0.01249952
0.01249952
0.01249952
0.01249952
0.01249952
0.012499519
0.012499519
0.012499519
0.012499519
0.012499518
0.012499518
0.012499517
0.012499521
0.012499521
0.012499521
0.012499521
0.01249952
0.01249952
0.01249952
0.01249952
0.01249952
0.01249952
0.01249952
0.01249952
0.012499519
0.012499519
0.012499519
0.012499519
0.012499519
0.012499518
0.012499518
0.012499518
0.012499521
0.01249952
0.01249952
0.01249952
0.01249952
0.01249952
0.01249952
0.01249952
0.01249952
0.01249952
0.012499519
0.012499519
0.012499519
0.012499519
0.012499519
0.012499519
0.012499519
0.012499518
0.012499518
0.012499518
0.01249952
0.012499519
0.012499519
0.012499519
0.012499519
0.012499519
0.012499519
0.012499519
0.012499518
0.012499518
0.012499518
0.012499518
0.012499518
0.012499518
0.012499518
0.012499517
0.012499517
0.012499517
0.012499517
0.012499517
0.01249952
0.01249952
0.012499519
0.012499519
0.012499519
0.012499519
0.012499519
0.012499519
0.012499519
0.012499519
0.012499518
0.012499518
0.012499518
0.012499518
0.012499518
0.012499518
0.012499517
0.012499517
0.012499517
0.012499517
0.01249952
0.01249952
0.01249952
0.01249952
0.012499519
0.012499519
0.012499519
0.012499519
0.012499519
0.012499519
0.012499519
0.012499518
0.012499518
0.012499518
0.012499518
0.012499518
0.012499518
0.012499517
0.012499517
0.012499517
0.01249952
0.01249952
0.01249952
0.01249952
0.01249952
0.01249952
0.01249952
0.012499519
0.012499519
0.012499519
0.012499519
0.012499519
0.012499519
0.012499518
0.012499518
0.012499518
0.012499518
0.012499517
0.012499517
0.012499517
0.01249952
0.01249952
0.01249952
0.01249952
0.01249952
0.01249952
0.01249952
0.01249952
0.01249952
0.012499519
0.012499519
0.012499519
0.012499519
0.012499519
0.012499518
0.012499518
0.012499518
0.012499518
0.012499517
0.012499517
0.01249952
0.01249952
0.01249952
0.01249952
0.01249952
0.01249952
0.01249952
0.01249952
0.01249952
0.01249952
0.012499519
0.012499519
0.012499519
0.012499519
0.012499518
0.012499518
0.012499518
0.012499518
0.012499517
0.012499517
0.01249952
0.01249952
0.01249952
0.01249952
0.01249952
0.01249952
0.01249952
0.01249952
0.01249952
0.01249952
0.01249952
0.01249952
0.012499519
0.012499519
0.012499519
0.012499518
0.012499518
0.012499518
0.012499517
0.012499517
0.012499521
0.012499521
0.012499521
0.012499521
0.012499521
0.012499521
0.01249952
0.01249952
0.01249952
0.01249952
0.01249952
0.01249952
0.012499519
0.012499519
0.012499519
0.012499518
0.012499518
0.012499518
0.012499517
0.012499517
0.012499521
0.012499521
0.012499521
0.012499521
0.012499521
0.012499521
0.012499521
0.01249952
0.01249952
0.01249952
0.01249952
0.01249952
0.012499519
0.012499519
0.012499519
0.012499519
0.012499518
0.012499518
0.012499517
0.012499517
0.012499521
0.012499521
0.012499521
0.012499521
0.012499521
0.012499521
0.012499521
0.012499521
0.01249952
0.01249952
0.01249952
0.01249952
0.012499519
0.012499519
0.012499519
0.012499519
0.012499518
0.012499518
0.012499517
0.012499517
0.012499521
0.012499521
0.012499521
0.012499521
0.012499521
0.012499521
0.012499521
0.012499521
0.01249952
0.01249952
0.01249952
0.01249952
0.012499519
0.012499519
0.012499519
0.012499519
0.012499518
0.012499518
0.012499517
0.012499517
0.012499521
0.012499521
0.012499521
0.012499521
0.012499521
0.012499521
0.012499521
0.012499521
0.012499521
0.01249952
0.01249952
0.01249952
0.012499519
0.012499519
0.012499519
0.012499519
0.012499518
0.012499518
0.012499518
0.012499517
0.012499521
0.012499521
0.012499521
0.012499521
0.012499521
0.012499521
0.012499521
0.012499521
0.012499521
0.01249952
0.01249952
0.01249952
0.012499519
0.012499519
0.012499519
0.012499519
0.012499518
0.012499518
0.012499518
0.012499517
0.012499521
0.012499521
0.012499521
0.012499521
0.012499521
0.012499521
0.012499521
0.012499521
0.012499521
0.01249952
0.01249952
0.01249952
0.01249952
0.012499519
0.012499519
0.012499519
0.012499518
0.012499518
0.012499518
0.012499517
0.012499521
0.012499521
0.012499521
0.012499521
0.012499521
0.012499521
0.01249952
0.01249952
0.01249952
0.01249952
0.01249952
0.01249952
0.01249952
0.012499519
0.012499519
0.012499519
0.012499518
0.012499518
0.012499518
0.012499517
0.012499521
0.012499521
0.012499521
0.012499521
0.012499521
0.01249952
0.01249952
0.01249952
0.01249952
0.01249952
0.01249952
0.01249952
0.01249952
0.012499519
0.012499519
0.012499519
0.012499518
0.012499518
0.012499518
0.012499517
0.012499521
0.012499521
0.012499521
0.012499521
0.012499521
0.01249952
0.01249952
0.01249952
0.01249952
0.01249952
0.01249952
0.01249952
0.012499519
0.012499519
0.012499519
0.012499519
0.012499518
0.012499518
0.012499518
0.012499517
0.012499521
0.012499521
0.012499521
0.012499521
0.012499521
0.01249952
0.01249952
0.01249952
0.01249952
0.01249952
0.01249952
0.01249952
0.012499519
0.012499519
0.012499519
0.012499519
0.012499518
0.012499518
0.012499518
0.012499517
0.012499521
0.012499521
0.01249952
0.01249952
0.01249952
0.01249952
0.01249952
0.01249952
0.01249952
0.01249952
0.01249952
0.012499519
0.012499519
0.012499519
0.012499519
0.012499519
0.012499518
0.012499518
0.012499518
0.012499518
0.01249952
0.01249952
0.01249952
0.01249952
0.01249952
0.01249952
0.01249952
0.01249952
0.01249952
0.01249952
0.012499519
0.012499519
0.012499519
0.012499519
0.012499519
0.012499519
0.012499518
0.012499518
0.012499518
0.012499518
0.01249952
0.012499519
0.012499519
0.012499519
0.012499519
0.012499519
0.012499519
0.012499518
0.012499518
0.012499518
0.012499518
0.012499518
0.012499518
0.012499518
0.012499518
0.012499517
0.012499517
0.012499517
0.012499517
0.012499517
0.01249952
0.01249952
0.012499519
0.012499519
0.012499519
0.012499519
0.012499519
0.012499519
0.012499519
0.012499519
0.012499518
0.012499518
0.012499518
0.012499518
0.012499518
0.012499517
0.012499517
0.012499517
0.012499517
0.012499517
0.01249952
0.01249952
0.01249952
0.012499519
0.012499519
0.012499519
0.012499519
0.012499519
0.012499519
0.012499519
0.012499519
0.012499518
0.012499518
0.012499518
0.012499518
0.012499518
0.012499517
0.012499517
0.012499517
0.012499517
0.01249952
0.01249952
0.01249952
0.01249952
0.01249952
0.01249952
0.01249952
0.012499519
0.012499519
0.012499519
0.012499519
0.012499519
0.012499519
0.012499518
0.012499518
0.012499518
0.012499518
0.012499517
0.012499517
0.012499517
0.01249952
0.01249952
0.01249952
0.01249952
0.01249952
0.01249952
0.01249952
0.01249952
0.01249952
0.012499519
0.012499519
0.012499519
0.012499519
0.012499519
0.012499518
0.012499518
0.012499518
0.012499517
0.012499517
0.012499517
0.01249952
0.01249952
0.01249952
0.01249952
0.01249952
0.01249952
0.01249952
0.01249952
0.01249952
0.01249952
0.01249952
0.012499519
0.012499519
0.012499519
0.012499519
0.012499518
0.012499518
0.012499518
0.012499517
0.012499517
0.01249952
0.01249952
0.01249952
0.01249952
0.012499521
0.012499521
0.012499521
0.012499521
0.01249952
0.01249952
0.01249952
0.01249952
0.012499519
0.012499519
0.012499519
0.012499518
0.012499518
0.012499518
0.012499517
0.012499517
0.012499521
0.012499521
0.012499521
0.012499521
0.012499521
0.012499521
0.012499521
0.012499521
0.012499521
0.01249952
0.01249952
0.01249952
0.01249952
0.012499519
0.012499519
0.012499519
0.012499518
0.012499518
0.012499517
0.012499517
0.012499521
0.012499521
0.012499521
0.012499521
0.012499521
0.012499521
0.012499521
0.012499521
0.012499521
0.012499521
0.01249952
0.01249952
0.01249952
0.01249952
0.012499519
0.012499519
0.012499518
0.012499518
0.012499517
0.012499517
0.012499521
0.012499521
0.012499521
0.012499521
0.012499521
0.012499521
0.012499521
0.012499521
0.012499521
0.012499521
0.012499521
0.01249952
0.01249952
0.01249952
0.012499519
0.012499519
0.012499518
0.012499518
0.012499517
0.012499517
0.012499521
0.012499521
0.012499521
0.012499521
0.012499521
0.012499521
0.012499521
0.012499521
0.012499521
0.012499521
0.012499521
0.01249952
0.01249952
0.01249952
0.012499519
0.012499519
0.012499518
0.012499518
0.012499517
0.012499517
0.012499521
0.012499521
0.012499521
0.012499521
0.012499521
0.012499521
0.012499521
0.012499521
0.012499521
0.012499521
0.012499521
0.01249952
0.01249952
0.01249952
0.012499519
0.012499519
0.012499518
0.012499518
0.012499517
0.012499517
0.012499521
0.012499521
0.012499521
0.012499521
0.012499521
0.012499521
0.012499521
0.012499521
0.012499521
0.012499521
0.012499521
0.01249952
0.01249952
0.01249952
0.012499519
0.012499519
0.012499518
0.012499518
0.012499518
0.012499517
0.012499521
0.012499521
0.012499521
0.012499521
0.012499521
0.012499521
0.012499521
0.012499521
0.012499521
0.012499521
0.012499521
0.01249952
0.01249952
0.01249952
0.012499519
0.012499519
0.012499518
0.012499518
0.012499518
0.012499517
0.012499521
0.012499521
0.012499521
0.012499521
0.012499521
0.012499521
0.012499521
0.012499521
0.012499521
0.012499521
0.01249952
0.01249952
0.01249952
0.012499519
0.012499519
0.012499519
0.012499518
0.012499518
0.012499518
0.012499517
0.012499521
0.012499521
0.012499521
0.012499521
0.012499521
0.012499521
0.012499521
0.01249952
0.01249952
0.01249952
0.01249952
0.01249952
0.01249952
0.012499519
0.012499519
0.012499519
0.012499518
0.012499518
0.012499518
0.012499517
0.012499521
0.012499521
0.012499521
0.012499521
0.012499521
0.012499521
0.01249952
0.01249952
0.01249952
0.01249952
0.01249952
0.01249952
0.01249952
0.012499519
0.012499519
0.012499519
0.012499518
0.012499518
0.012499518
0.012499517
0.012499521
0.012499521
0.012499521
0.012499521
0.01249952
0.01249952
0.01249952
0.01249952
0.01249952
0.01249952
0.01249952
0.01249952
0.012499519
0.012499519
0.012499519
0.012499519
0.012499518
0.012499518
0.012499518
0.012499517
0.012499521
0.01249952
0.01249952
0.01249952
0.01249952
0.01249952
0.01249952
0.01249952
0.01249952
0.01249952
0.01249952
0.012499519
0.012499519
0.012499519
0.012499519
0.012499519
0.012499518
0.012499518
0.012499518
0.012499518
0.01249952
0.01249952
0.01249952
0.01249952
0.01249952
0.01249952
0.01249952
0.01249952
0.01249952
0.01249952
0.012499519
0.012499519
0.012499519
0.012499519
0.012499519
0.012499519
0.012499518
0.012499518
0.012499518
0.012499518
0.01249952
0.012499519
0.012499519
0.012499519
0.012499519
0.012499519
0.012499519
0.012499519
0.012499518
0.012499518
0.012499518
0.012499518
0.012499518
0.012499518
0.012499518
0.012499517
0.012499517
0.012499517
0.012499517
0.012499517
0.01249952
0.01249952
0.012499519
0.012499519
0.012499519
0.012499519
0.012499519
0.012499519
0.012499519
0.012499519
0.012499518
0.012499518
0.012499518
0.012499518
0.012499518
0.012499518
0.012499517
0.012499517
0.012499517
0.012499517
0.01249952
0.01249952
0.01249952
0.01249952
0.012499519
0.012499519
0.012499519
0.012499519
0.012499519
0.012499519
0.012499519
0.012499519
0.012499518
0.012499518
0.012499518
0.012499518
0.012499517
0.012499517
0.012499517
0.012499517
0.01249952
0.01249952
0.01249952
0.01249952
0.01249952
0.01249952
0.01249952
0.01249952
0.01249952
0.012499519
0.012499519
0.012499519
0.012499519
0.012499518
0.012499518
0.012499518
0.012499518
0.012499517
0.012499517
0.012499517
0.01249952
0.01249952
0.01249952
0.01249952
0.01249952
0.01249952
0.01249952
0.01249952
0.01249952
0.01249952
0.012499519
0.012499519
0.012499519
0.012499519
0.012499518
0.012499518
0.012499518
0.012499517
0.012499517
0.012499517
0.01249952
0.01249952
0.01249952
0.01249952
0.01249952
0.01249952
0.01249952
0.01249952
0.01249952
0.01249952
0.01249952
0.01249952
0.012499519
0.012499519
0.012499519
0.012499518
0.012499518
0.012499518
0.012499517
0.012499517
0.01249952
0.012499521
0.012499521
0.012499521
0.012499521
0.012499521
0.012499521
0.012499521
0.012499521
0.01249952
0.01249952
0.01249952
0.01249952
0.012499519
0.012499519
0.012499518
0.012499518
0.012499518
0.012499517
0.012499517
0.012499521
0.012499521
0.012499521
0.012499521
0.012499521
0.012499521
0.012499521
0.012499521
0.012499521
0.012499521
0.012499521
0.01249952
0.01249952
0.012499519
0.012499519
0.012499519
0.012499518
0.012499518
0.012499517
0.012499517
0.012499521
0.012499521
0.012499521
0.012499521
0.012499521
0.012499521
0.012499521
0.012499521
0.012499521
0.012499521
0.012499521
0.012499521
0.01249952
0.01249952
0.012499519
0.012499519
0.012499518
0.012499518
0.012499517
0.012499517
0.012499521
0.012499521
0.012499521
0.012499521
0.012499521
0.012499521
0.012499521
0.012499521
0.012499521
0.012499521
0.012499521
0.012499521
0.01249952
0.01249952
0.012499519
0.012499519
0.012499518
0.012499518
0.012499517
0.012499517
0.012499521
0.012499521
0.012499521
0.012499521
0.012499521
0.012499521
0.012499521
0.012499521
0.012499521
0.012499521
0.012499521
0.012499521
0.01249952
0.01249952
0.012499519
0.012499519
0.012499518
0.012499518
0.012499517
0.012499517
0.012499521
0.012499521
0.012499521
0.012499521
0.012499521
0.012499521
0.012499521
0.012499521
0.012499521
0.012499521
0.012499521
0.012499521
0.01249952
0.01249952
0.01249952
0.012499519
0.012499519
0.012499518
0.012499518
0.012499517
0.012499521
0.012499521
0.012499521
0.012499521
0.012499521
0.012499521
0.012499521
0.012499521
0.012499521
0.012499521
0.012499521
0.012499521
0.01249952
0.01249952
0.01249952
0.012499519
0.012499519
0.012499518
0.012499518
0.012499517
0.012499521
0.012499521
0.012499521
0.012499521
0.012499521
0.012499521
0.012499521
0.012499521
0.012499521
0.012499521
0.012499521
0.012499521
0.01249952
0.01249952
0.012499519
0.012499519
0.012499519
0.012499518
0.012499518
0.012499517
0.012499521
0.012499521
0.012499521
0.012499521
0.012499521
0.012499521
0.012499521
0.012499521
0.012499521
0.012499521
0.012499521
0.01249952
0.01249952
0.01249952
0.012499519
0.012499519
0.012499518
0.012499518
0.012499518
0.012499517
0.012499521
0.012499521
0.012499521
0.012499521
0.012499521
0.012499521
0.012499521
0.012499521
0.012499521
0.01249952
0.01249952
0.01249952
0.01249952
0.01249952
0.012499519
0.012499519
0.012499518
0.012499518
0.012499518
0.012499517
0.012499521
0.012499521
0.012499521
0.012499521
0.012499521
0.012499521
0.012499521
0.01249952
0.01249952
0.01249952
0.01249952
0.01249952
0.01249952
0.012499519
0.012499519
0.012499519
0.012499518
0.012499518
0.012499518
0.012499517
0.012499521
0.012499521
0.012499521
0.012499521
0.01249952
0.01249952
0.01249952
0.01249952
0.01249952
0.01249952
0.01249952
0.01249952
0.01249952
0.012499519
0.012499519
0.012499519
0.012499518
0.012499518
0.012499518
0.012499517
0.012499521
0.01249952
0.01249952
0.01249952
0.01249952
0.01249952
0.01249952
0.01249952
0.01249952
0.01249952
0.01249952
0.012499519
0.012499519
0.012499519
0.012499519
0.012499519
0.012499518
0.012499518
0.012499518
0.012499518
0.01249952
0.01249952
0.01249952
0.01249952
0.01249952
0.01249952
0.01249952
0.01249952
0.01249952
0.01249952
0.012499519
0.012499519
0.012499519
0.012499519
0.012499519
0.012499519
0.012499519
0.012499518
0.012499518
0.012499518
0.01249952
0.012499519
0.012499519
0.012499519
0.012499519
0.012499519
0.012499519
0.012499519
0.012499518
0.012499518
0.012499518
0.012499518
0.012499518
0.012499518
0.012499518
0.012499517
0.012499517
0.012499517
0.012499517
0.012499517
0.01249952
0.01249952
0.012499519
0.012499519
0.012499519
0.012499519
0.012499519
0.012499519
0.012499519
0.012499519
0.012499518
0.012499518
0.012499518
0.012499518
0.012499518
0.012499517
0.012499517
0.012499517
0.012499517
0.012499517
0.01249952
0.01249952
0.01249952
0.01249952
0.012499519
0.012499519
0.012499519
0.012499519
0.012499519
0.012499519
0.012499519
0.012499518
0.012499518
0.012499518
0.012499518
0.012499517
0.012499517
0.012499517
0.012499517
0.012499517
0.01249952
0.01249952
0.01249952
0.01249952
0.01249952
0.01249952
0.01249952
0.01249952
0.01249952
0.012499519
0.012499519
0.012499519
0.012499518
0.012499518
0.012499518
0.012499518
0.012499517
0.012499517
0.012499517
0.012499517
0.01249952
0.01249952
0.01249952
0.01249952
0.01249952
0.01249952
0.01249952
0.01249952
0.01249952
0.01249952
0.012499519
0.012499519
0.012499519
0.012499518
0.012499518
0.012499518
0.012499517
0.012499517
0.012499517
0.012499517
0.01249952
0.01249952
0.01249952
0.01249952
0.01249952
0.01249952
0.01249952
0.01249952
0.01249952
0.01249952
0.01249952
0.01249952
0.012499519
0.012499519
0.012499518
0.012499518
0.012499518
0.012499517
0.012499517
0.012499517
0.01249952
0.012499521
0.012499521
0.012499521
0.012499521
0.01249952
0.01249952
0.01249952
0.01249952
0.01249952
0.01249952
0.01249952
0.012499519
0.012499519
0.012499519
0.012499518
0.012499518
0.012499517
0.012499517
0.012499517
0.012499521
0.012499521
0.012499521
0.012499521
0.012499521
0.012499521
0.012499521
0.012499521
0.012499521
0.012499521
0.01249952
0.01249952
0.01249952
0.012499519
0.012499519
0.012499518
0.012499518
0.012499518
0.012499517
0.012499517
0.012499521
0.012499521
0.012499521
0.012499521
0.012499521
0.012499521
0.012499521
0.012499521
0.012499521
0.012499521
0.012499521
0.01249952
0.01249952
0.01249952
0.012499519
0.012499519
0.012499518
0.012499518
0.012499517
0.012499517
0.012499521
0.012499521
0.012499521
0.012499521
0.012499521
0.012499521
0.012499521
0.012499521
0.012499521
0.012499521
0.012499521
0.012499521
0.01249952
0.01249952
0.012499519
0.012499519
0.012499518
0.012499518
0.012499517
0.012499517
0.012499521
0.012499521
0.012499521
0.012499521
0.012499521
0.012499521
0.012499521
0.012499521
0.012499521
0.012499521
0.012499521
0.012499521
0.01249952
0.01249952
0.012499519
0.012499519
0.012499519
0.012499518
0.012499518
0.012499517
0.012499521
0.012499521
0.012499521
0.012499521
0.012499521
0.012499521
0.012499521
0.012499521
0.012499521
0.012499521
0.012499521
0.012499521
0.01249952
0.01249952
0.012499519
0.012499519
0.012499519
0.012499518
0.012499518
0.012499517
0.012499521
0.012499521
0.012499521
0.012499521
0.012499521
0.012499521
0.012499521
0.012499521
0.012499521
0.012499521
0.012499521
0.012499521
0.01249952
0.01249952
0.012499519
0.012499519
0.012499519
0.012499518
0.012499518
0.012499517
0.012499521
0.012499521
0.012499521
0.012499521
0.012499521
0.012499521
0.012499521
0.012499521
0.012499521
0.012499521
0.012499521
0.01249952
0.01249952
0.01249952
0.012499519
0.012499519
0.012499519
0.012499518
0.012499518
0.012499517
0.012499521
0.012499521
0.012499521
0.012499521
0.012499521
0.012499521
0.012499521
0.012499521
0.012499521
0.012499521
0.012499521
0.01249952
0.01249952
0.01249952
0.012499519
0.012499519
0.012499518
0.012499518
0.012499518
0.012499517
0.012499521
0.012499521
0.012499521
0.01249952
0.01249952
0.01249952
0.01249952
0.01249952
0.01249952
0.01249952
0.01249952
0.01249952
0.01249952
0.01249952
0.012499519
0.012499519
0.012499518
0.012499518
0.012499518
0.012499517
0.012499521
0.012499521
0.01249952
0.01249952
0.01249952
0.01249952
0.01249952
0.01249952
0.01249952
0.01249952
0.01249952
0.01249952
0.01249952
0.012499519
0.012499519
0.012499519
0.012499518
0.012499518
0.012499518
0.012499517
0.012499521
0.012499521
0.01249952
0.01249952
0.01249952
0.01249952
0.01249952
0.01249952
0.01249952
0.01249952
0.01249952
0.01249952
0.01249952
0.012499519
0.012499519
0.012499519
0.012499518
0.012499518
0.012499518
0.012499517
0.012499521
0.01249952
0.01249952
0.01249952
0.01249952
0.01249952
0.01249952
0.01249952
0.01249952
0.01249952
0.01249952
0.01249952
0.012499519
0.012499519
0.012499519
0.012499519
0.012499518
0.012499518
0.012499518
0.012499518
0.01249952
0.01249952
0.01249952
0.01249952
0.01249952
0.01249952
0.01249952
0.01249952
0.01249952
0.01249952
0.012499519
0.012499519
0.012499519
0.012499519
0.012499519
0.012499519
0.012499519
0.012499518
0.012499518
0.012499518
0.01249952
0.012499519
0.012499519
0.012499519
0.012499519
0.012499519
0.012499519
0.012499518
0.012499518
0.012499518
0.012499518
0.012499518
0.012499518
0.012499518
0.012499518
0.012499517
0.012499517
0.012499517
0.012499517
0.012499517
0.01249952
0.01249952
0.012499519
0.012499519
0.012499519
0.012499519
0.012499519
0.012499519
0.012499519
0.012499518
0.012499518
0.012499518
0.012499518
0.012499518
0.012499517
0.012499517
0.012499517
0.012499517
0.012499517
0.012499517
0.01249952
0.01249952
0.01249952
0.012499519
0.012499519
0.012499519
0.012499519
0.012499519
0.012499519
0.012499519
0.012499519
0.012499518
0.012499518
0.012499518
0.012499517
0.012499517
0.012499517
0.012499517
0.012499517
0.012499517
0.01249952
0.01249952
0.01249952
0.01249952
0.012499519
0.012499519
0.012499519
0.012499519
0.012499519
0.012499519
0.012499519
0.012499519
0.012499518
0.012499518
0.012499517
0.012499517
0.012499517
0.012499517
0.012499517
0.012499517
0.01249952
0.01249952
0.01249952
0.01249952
0.01249952
0.012499519
0.012499519
0.01249952
0.01249952
0.01249952
0.012499519
0.012499519
0.012499518
0.012499518
0.012499517
0.012499517
0.012499517
0.012499517
0.012499517
0.012499517
0.01249952
0.01249952
0.01249952
0.01249952
0.01249952
0.01249952
0.01249952
0.01249952
0.01249952
0.01249952
0.01249952
0.012499519
0.012499519
0.012499518
0.012499518
0.012499517
0.012499517
0.012499517
0.012499517
0.012499517
0.01249952
0.01249952
0.01249952
0.01249952
0.01249952
0.01249952
0.01249952
0.01249952
0.01249952
0.01249952
0.01249952
0.01249952
0.012499519
0.012499519
0.012499518
0.012499518
0.012499517
0.012499517
0.012499517
0.012499517
0.01249952
0.012499521
0.012499521
0.012499521
0.01249952
0.01249952
0.01249952
0.01249952
0.01249952
0.01249952
0.01249952
0.01249952
0.012499519
0.012499519
0.012499518
0.012499518
0.012499518
0.012499517
0.012499517
0.012499517
0.012499521
0.012499521
0.012499521
0.012499521
0.012499521
0.012499521
0.01249952
0.01249952
0.01249952
0.01249952
0.01249952
0.01249952
0.01249952
0.012499519
0.012499519
0.012499518
0.012499518
0.012499517
0.012499517
0.012499517
0.012499521
0.012499521
0.012499521
0.012499521
0.012499521
0.012499521
0.012499521
0.01249952
0.01249952
0.01249952
0.01249952
0.01249952
0.01249952
0.012499519
0.012499519
0.012499519
0.012499518
0.012499518
0.012499517
0.012499517
0.012499521
0.012499521
0.012499521
0.012499521
0.012499521
0.012499521
0.012499521
0.012499521
0.01249952
0.01249952
0.01249952
0.01249952
0.01249952
0.012499519
0.012499519
0.012499519
0.012499518
0.012499518
0.012499517
0.012499517
0.012499521
0.01249952
0.01249952
0.01249952
0.012499521
0.012499521
0.012499521
0.012499521
0.012499521
0.01249952
0.01249952
0.01249952
0.012499519
0.012499519
0.012499519
0.012499519
0.012499519
0.012499518
0.012499518
0.012499517
0.012499521
0.01249952
0.01249952
0.01249952
0.01249952
0.01249952
0.012499521
0.012499521
0.012499521
0.01249952
0.01249952
0.01249952
0.012499519
0.012499519
0.012499519
0.012499519
0.012499518
0.012499518
0.012499518
0.012499517
0.012499521
0.01249952
0.01249952
0.01249952
0.01249952
0.01249952
0.01249952
0.01249952
0.012499521
0.01249952
0.01249952
0.01249952
0.012499519
0.012499519
0.012499519
0.012499519
0.012499518
0.012499518
0.012499518
0.012499517
0.012499521
0.012499521
0.01249952
0.01249952
0.01249952
0.01249952
0.01249952
0.01249952
0.01249952
0.01249952
0.01249952
0.01249952
0.01249952
0.012499519
0.012499519
0.012499518
0.012499518
0.012499518
0.012499518
0.012499517
0.012499521
0.012499521
0.01249952
0.01249952
0.01249952
0.01249952
0.01249952
0.01249952
0.01249952
0.01249952
0.01249952
0.01249952
0.01249952
0.012499519
0.012499519
0.012499518
0.012499518
0.012499518
0.012499518
0.012499517
0.012499521
0.012499521
0.01249952
0.01249952
0.01249952
0.01249952
0.01249952
0.01249952
0.01249952
0.01249952
0.01249952
0.01249952
0.01249952
0.012499519
0.012499519
0.012499519
0.012499518
0.012499518
0.012499518
0.012499517
0.012499521
0.012499521
0.01249952
0.01249952
0.01249952
0.01249952
0.01249952
0.01249952
0.01249952
0.01249952
0.01249952
0.01249952
0.01249952
0.012499519
0.012499519
0.012499519
0.012499518
0.012499518
0.012499518
0.012499517
0.012499521
0.01249952
0.01249952
0.01249952
0.01249952
0.01249952
0.01249952
0.01249952
0.01249952
0.01249952
0.01249952
0.012499519
0.012499519
0.012499519
0.012499519
0.012499519
0.012499518
0.012499518
0.012499518
0.012499518
0.01249952
0.01249952
0.01249952
0.01249952
0.01249952
0.01249952
0.01249952
0.01249952
0.01249952
0.012499519
0.012499519
0.012499519
0.012499519
0.012499519
0.012499519
0.012499519
0.012499518
0.012499518
0.012499518
0.012499518
0.01249952
0.012499519
0.012499519
0.012499519
0.012499519
0.012499519
0.012499519
0.012499518
0.012499518
0.012499518
0.012499518
0.012499518
0.012499518
0.012499518
0.012499518
0.012499517
0.012499517
0.012499517
0.012499517
0.012499517
0.01249952
0.01249952
0.012499519
0.012499519
0.012499519
0.012499519
0.012499519
0.012499519
0.012499519
0.012499518
0.012499518
0.012499518
0.012499518
0.012499518
0.012499517
0.012499517
0.012499517
0.012499517
0.012499517
0.012499517
0.01249952
0.01249952
0.01249952
0.012499519
0.012499519
0.012499519
0.012499519
0.012499519
0.012499519
0.012499519
0.012499518
0.012499518
0.012499518
0.012499517
0.012499517
0.012499517
0.012499517
0.012499517
0.012499517
0.012499517
0.01249952
0.01249952
0.01249952
0.012499519
0.012499519
0.012499519
0.012499519
0.012499519
0.012499519
0.012499519
0.012499519
0.012499518
0.012499518
0.012499517
0.012499517
0.012499517
0.012499517
0.012499517
0.012499517
0.012499517
0.01249952
0.01249952
0.01249952
0.01249952
0.012499519
0.012499519
0.012499519
0.012499519
0.012499519
0.012499519
0.012499519
0.012499519
0.012499518
0.012499518
0.012499517
0.012499517
0.012499517
0.012499517
0.012499517
0.012499517
0.01249952
0.01249952
0.01249952
0.01249952
0.012499519
0.012499519
0.012499519
0.012499519
0.012499519
0.012499519
0.012499519
0.012499519
0.012499519
0.012499518
0.012499517
0.012499517
0.012499517
0.012499517
0.012499517
0.012499517
0.01249952
0.01249952
0.01249952
0.01249952
0.01249952
0.012499519
0.012499519
0.012499519
0.012499519
0.012499519
0.012499519
0.012499519
0.012499519
0.012499518
0.012499518
0.012499517
0.012499517
0.012499517
0.012499517
0.012499517
0.01249952
0.01249952
0.01249952
0.01249952
0.01249952
0.01249952
0.012499519
0.012499519
0.012499519
0.012499519
0.012499519
0.012499519
0.012499519
0.012499519
0.012499518
0.012499518
0.012499517
0.012499517
0.012499517
0.012499517
0.012499521
0.012499521
0.012499521
0.012499521
0.01249952
0.01249952
0.01249952
0.012499519
0.012499519
0.012499519
0.012499519
0.012499519
0.012499519
0.012499519
0.012499519
0.012499518
0.012499518
0.012499517
0.012499517
0.012499517
0.012499521
0.012499521
0.012499521
0.012499521
0.012499521
0.01249952
0.01249952
0.01249952
0.012499519
0.012499519
0.012499519
0.012499519
0.012499519
0.012499519
0.012499519
0.012499519
0.012499518
0.012499518
0.012499517
0.012499517
0.012499521
0.01249952
0.01249952
0.012499521
0.012499521
0.012499521
0.01249952
0.01249952
0.01249952
0.012499519
0.012499519
0.012499519
0.012499519
0.012499519
0.012499519
0.012499519
0.012499518
0.012499518
0.012499517
0.012499517
0.012499521
0.01249952
0.01249952
0.01249952
0.01249952
0.012499521
0.012499521
0.01249952
0.01249952
0.01249952
0.012499519
0.012499519
0.012499519
0.012499519
0.012499519
0.012499519
0.012499518
0.012499518
0.012499517
0.012499517
0.012499521
0.01249952
0.01249952
0.01249952
0.01249952
0.01249952
0.01249952
0.01249952
0.01249952
0.01249952
0.012499519
0.012499519
0.012499519
0.012499519
0.012499519
0.012499518
0.012499518
0.012499518
0.012499518
0.012499517
0.012499521
0.01249952
0.01249952
0.01249952
0.01249952
0.01249952
0.01249952
0.01249952
0.01249952
0.01249952
0.01249952
0.012499519
0.012499519
0.012499519
0.012499518
0.012499518
0.012499518
0.012499518
0.012499518
0.012499517
0.012499521
0.01249952
0.01249952
0.01249952
0.012499519
0.012499519
0.01249952
0.01249952
0.01249952
0.01249952
0.01249952
0.01249952
0.012499519
0.012499519
0.012499518
0.012499518
0.012499518
0.012499518
0.012499518
0.012499517
0.012499521
0.01249952
0.01249952
0.01249952
0.012499519
0.012499519
0.012499519
0.01249952
0.01249952
0.01249952
0.01249952
0.01249952
0.012499519
0.012499519
0.012499519
0.012499518
0.012499518
0.012499518
0.012499518
0.012499517
0.012499521
0.012499521
0.01249952
0.01249952
0.01249952
0.012499519
0.012499519
0.01249952
0.01249952
0.01249952
0.01249952
0.01249952
0.012499519
0.012499519
0.012499519
0.012499518
0.012499518
0.012499518
0.012499518
0.012499517
0.012499521
0.012499521
0.01249952
0.01249952
0.01249952
0.01249952
0.01249952
0.01249952
0.01249952
0.01249952
0.01249952
0.01249952
0.012499519
0.012499519
0.012499519
0.012499519
0.012499518
0.012499518
0.012499518
0.012499517
0.012499521
0.012499521
0.01249952
0.01249952
0.01249952
0.01249952
0.01249952
0.01249952
0.01249952
0.012499519
0.012499519
0.012499519
0.012499519
0.012499519
0.012499519
0.012499519
0.012499518
0.012499518
0.012499518
0.012499518
0.012499521
0.01249952
0.01249952
0.01249952
0.01249952
0.01249952
0.01249952
0.01249952
0.01249952
0.012499519
0.012499519
0.012499519
0.012499519
0.012499519
0.012499519
0.012499519
0.012499518
0.012499518
0.012499518
0.012499518
0.01249952
0.012499519
0.012499519
0.012499519
0.012499519
0.012499519
0.012499519
0.012499519
0.012499518
0.012499518
0.012499518
0.012499518
0.012499518
0.012499518
0.012499518
0.012499517
0.012499517
0.012499517
0.012499517
0.012499517
0.01249952
0.01249952
0.012499519
0.012499519
0.012499519
0.012499519
0.012499519
0.012499519
0.012499519
0.012499518
0.012499518
0.012499518
0.012499518
0.012499518
0.012499518
0.012499517
0.012499517
0.012499517
0.012499517
0.012499517
0.01249952
0.01249952
0.01249952
0.012499519
0.012499519
0.012499519
0.012499519
0.012499519
0.012499519
0.012499519
0.012499518
0.012499518
0.012499518
0.012499518
0.012499517
0.012499517
0.012499517
0.012499517
0.012499517
0.012499517
0.01249952
0.01249952
0.01249952
0.012499519
0.012499519
0.012499519
0.012499519
0.012499519
0.012499519
0.012499519
0.012499519
0.012499518
0.012499518
0.012499518
0.012499517
0.012499517
0.012499517
0.012499517
0.012499517
0.012499517
0.01249952
0.01249952
0.01249952
0.01249952
0.012499519
0.012499519
0.012499519
0.012499519
0.012499519
0.012499519
0.012499519
0.012499519
0.012499518
0.012499518
0.012499517
0.012499517
0.012499517
0.012499517
0.012499517
0.012499517
0.01249952
0.01249952
0.01249952
0.01249952
0.012499519
0.012499519
0.012499519
0.012499519
0.012499519
0.012499519
0.012499519
0.012499519
0.012499519
0.012499518
0.012499518
0.012499517
0.012499517
0.012499517
0.012499517
0.012499517
0.01249952
0.01249952
0.01249952
0.01249952
0.01249952
0.012499519
0.012499519
0.012499519
0.012499519
0.012499519
0.012499519
0.012499519
0.012499519
0.012499519
0.012499518
0.012499518
0.012499517
0.012499517
0.012499517
0.012499517
0.012499521
0.01249952
0.01249952
0.01249952
0.01249952
0.01249952
0.012499519
0.012499519
0.012499519
0.012499519
0.012499519
0.012499519
0.012499519
0.012499519
0.012499518
0.012499518
0.012499518
0.012499517
0.012499517
0.012499517
0.012499521
0.012499521
0.012499521
0.01249952
0.01249952
0.01249952
0.012499519
0.012499519
0.012499519
0.012499519
0.012499519
0.012499519
0.012499519
0.012499519
0.012499519
0.012499518
0.012499518
0.012499518
0.012499517
0.012499517
0.012499521
0.012499521
0.012499521
0.012499521
0.012499521
0.01249952
0.01249952
0.012499519
0.012499519
0.012499519
0.012499519
0.012499519
0.012499519
0.012499519
0.012499519
0.012499519
0.012499518
0.012499518
0.012499517
0.012499517
0.012499521
0.012499521
0.012499521
0.012499521
0.012499521
0.012499521
0.01249952
0.01249952
0.012499519
0.012499519
0.012499519
0.012499519
0.012499519
0.012499519
0.012499519
0.012499519
0.012499518
0.012499518
0.012499517
0.012499517
0.012499521
0.01249952
0.01249952
0.01249952
0.012499521
0.012499521
0.012499521
0.01249952
0.01249952
0.012499519
0.012499519
0.012499519
0.012499518
0.012499519
0.012499519
0.012499519
0.012499518
0.012499518
0.012499518
0.012499517
0.012499521
0.01249952
0.01249952
0.01249952
0.01249952
0.01249952
0.01249952
0.01249952
0.01249952
0.01249952
0.012499519
0.012499519
0.012499518
0.012499518
0.012499518
0.012499518
0.012499518
0.012499518
0.012499518
0.012499517
0.012499521
0.01249952
0.01249952
0.01249952
0.01249952
0.01249952
0.01249952
0.01249952
0.01249952
0.01249952
0.01249952
0.012499519
0.012499519
0.012499518
0.012499518
0.012499518
0.012499518
0.012499518
0.012499518
0.012499517
0.012499521
0.012499521
0.01249952
0.01249952
0.01249952
0.01249952
0.01249952
0.01249952
0.01249952
0.01249952
0.01249952
0.012499519
0.012499519
0.012499519
0.012499518
0.012499518
0.012499518
0.012499518
0.012499518
0.012499517
0.012499521
0.012499521
0.01249952
0.01249952
0.01249952
0.01249952
0.01249952
0.01249952
0.01249952
0.01249952
0.01249952
0.01249952
0.012499519
0.012499519
0.012499519
0.012499518
0.012499518
0.012499518
0.012499518
0.012499517
0.012499521
0.012499521
0.01249952
0.01249952
0.01249952
0.01249952
0.01249952
0.01249952
0.01249952
0.01249952
0.01249952
0.01249952
0.012499519
0.012499519
0.012499519
0.012499518
0.012499518
0.012499518
0.012499518
0.012499517
0.012499521
0.012499521
0.01249952
0.01249952
0.01249952
0.01249952
0.01249952
0.01249952
0.01249952
0.01249952
0.01249952
0.01249952
0.012499519
0.012499519
0.012499519
0.012499519
0.012499518
0.012499518
0.012499518
0.012499517
0.012499521
0.012499521
0.012499521
0.01249952
0.01249952
0.01249952
0.01249952
0.01249952
0.01249952
0.01249952
0.01249952
0.012499519
0.012499519
0.012499519
0.012499519
0.012499519
0.012499518
0.012499518
0.012499518
0.012499518
0.012499521
0.01249952
0.01249952
0.01249952
0.01249952
0.01249952
0.01249952
0.01249952
0.01249952
0.012499519
0.012499519
0.012499519
0.012499519
0.012499519
0.012499519
0.012499519
0.012499518
0.012499518
0.012499518
0.012499518
0.01249952
0.012499519
0.012499519
0.012499519
0.012499519
0.012499519
0.012499519
0.012499519
0.012499518
0.012499518
0.012499518
0.012499518
0.012499518
0.012499518
0.012499518
0.012499517
0.012499517
0.012499517
0.012499517
0.012499517
0.01249952
0.01249952
0.012499519
0.012499519
0.012499519
0.012499519
0.012499519
0.012499519
0.012499519
0.012499518
0.012499518
0.012499518
0.012499518
0.012499518
0.012499518
0.012499518
0.012499517
0.012499517
0.012499517
0.012499517
0.01249952
0.01249952
0.01249952
0.012499519
0.012499519
0.012499519
0.012499519
0.012499519
0.012499519
0.012499519
0.012499519
0.012499518
0.012499518
0.012499518
0.012499518
0.012499518
0.012499517
0.012499517
0.012499517
0.012499517
0.01249952
0.01249952
0.01249952
0.01249952
0.012499519
0.012499519
0.012499519
0.012499519
0.012499519
0.012499519
0.012499519
0.012499519
0.012499518
0.012499518
0.012499518
0.012499518
0.012499517
0.012499517
0.012499517
0.012499517
0.01249952
0.01249952
0.01249952
0.01249952
0.012499519
0.012499519
0.012499519
0.012499519
0.012499519
0.012499519
0.012499519
0.012499519
0.012499518
0.012499518
0.012499518
0.012499518
0.012499517
0.012499517
0.012499517
0.012499517
0.01249952
0.01249952
0.01249952
0.01249952
0.01249952
0.012499519
0.012499519
0.012499519
0.012499519
0.012499519
0.012499519
0.012499519
0.012499519
0.012499518
0.012499518
0.012499518
0.012499517
0.012499517
0.012499517
0.012499517
0.012499521
0.01249952
0.01249952
0.01249952
0.01249952
0.012499519
0.012499519
0.012499519
0.012499519
0.012499519
0.012499519
0.012499519
0.012499519
0.012499519
0.012499518
0.012499518
0.012499518
0.012499517
0.012499517
0.012499517
0.012499521
0.012499521
0.01249952
0.01249952
0.01249952
0.01249952
0.012499519
0.012499519
0.012499519
0.012499519
0.012499519
0.012499519
0.012499519
0.012499519
0.012499519
0.012499518
0.012499518
0.012499517
0.012499517
0.012499517
0.012499521
0.012499521
0.012499521
0.01249952
0.01249952
0.01249952
0.012499519
0.012499519
0.012499519
0.012499518
0.012499519
0.012499519
0.012499519
0.012499519
0.012499519
0.012499518
0.012499518
0.012499518
0.012499517
0.012499517
0.012499521
0.012499521
0.012499521
0.012499521
0.01249952
0.01249952
0.01249952
0.012499519
0.012499519
0.012499518
0.012499518
0.012499518
0.012499519
0.012499519
0.012499519
0.012499519
0.012499518
0.012499518
0.012499517
0.012499517
0.012499521
0.012499521
0.012499521
0.012499521
0.012499521
0.01249952
0.01249952
0.01249952
0.012499519
0.012499519
0.012499518
0.012499518
0.012499518
0.012499519
0.012499519
0.012499519
0.012499518
0.012499518
0.012499517
0.012499517
0.012499521
0.012499521
0.012499521
0.012499521
0.012499521
0.012499521
0.01249952
0.01249952
0.01249952
0.012499519
0.012499519
0.012499518
0.012499518
0.012499518
0.012499519
0.012499518
0.012499518
0.012499518
0.012499518
0.012499517
0.012499521
0.012499521
0.01249952
0.01249952
0.01249952
0.01249952
0.01249952
0.01249952
0.01249952
0.012499519
0.012499519
0.012499519
0.012499518
0.012499518
0.012499518
0.012499518
0.012499518
0.012499518
0.012499518
0.012499517
0.012499521
0.012499521
0.01249952
0.01249952
0.01249952
0.01249952
0.01249952
0.01249952
0.01249952
0.01249952
0.012499519
0.012499519
0.012499519
0.012499518
0.012499518
0.012499518
0.012499518
0.012499518
0.012499518
0.012499517
0.012499521
0.012499521
0.012499521
0.01249952
0.01249952
0.01249952
0.01249952
0.01249952
0.01249952
0.01249952
0.01249952
0.012499519
0.012499519
0.012499519
0.012499518
0.012499518
0.012499518
0.012499518
0.012499518
0.012499517
0.012499521
0.012499521
0.012499521
0.01249952
0.01249952
0.01249952
0.01249952
0.01249952
0.01249952
0.01249952
0.01249952
0.01249952
0.012499519
0.012499519
0.012499519
0.012499518
0.012499518
0.012499518
0.012499518
0.012499517
0.012499521
0.012499521
0.012499521
0.01249952
0.01249952
0.01249952
0.01249952
0.01249952
0.01249952
0.01249952
0.01249952
0.01249952
0.012499519
0.012499519
0.012499519
0.012499519
0.012499518
0.012499518
0.012499518
0.012499517
0.012499521
0.012499521
0.012499521
0.012499521
0.01249952
0.01249952
0.01249952
0.01249952
0.01249952
0.01249952
0.01249952
0.01249952
0.012499519
0.012499519
0.012499519
0.012499519
0.012499518
0.012499518
0.012499518
0.012499518
0.012499521
0.012499521
0.012499521
0.01249952
0.01249952
0.01249952
0.01249952
0.01249952
0.01249952
0.01249952
0.01249952
0.012499519
0.012499519
0.012499519
0.012499519
0.012499519
0.012499518
0.012499518
0.012499518
0.012499518
0.012499521
0.01249952
0.01249952
0.01249952
0.01249952
0.01249952
0.01249952
0.01249952
0.01249952
0.01249952
0.012499519
0.012499519
0.012499519
0.012499519
0.012499519
0.012499519
0.012499519
0.012499518
0.012499518
0.012499518
0.01249952
0.012499519
0.012499519
0.012499519
0.012499519
0.012499519
0.012499519
0.012499519
0.012499518
0.012499518
0.012499518
0.012499518
0.012499518
0.012499518
0.012499518
0.012499517
0.012499517
0.012499517
0.012499517
0.012499517
0.01249952
0.01249952
0.012499519
0.012499519
0.012499519
0.012499519
0.012499519
0.012499519
0.012499519
0.012499518
0.012499518
0.012499518
0.012499518
0.012499518
0.012499518
0.012499518
0.012499517
0.012499517
0.012499517
0.012499517
0.01249952
0.01249952
0.01249952
0.012499519
0.012499519
0.012499519
0.012499519
0.012499519
0.012499519
0.012499519
0.012499518
0.012499518
0.012499518
0.012499518
0.012499518
0.012499518
0.012499518
0.012499517
0.012499517
0.012499517
0.01249952
0.01249952
0.01249952
0.01249952
0.012499519
0.012499519
0.012499519
0.012499519
0.012499519
0.012499519
0.012499519
0.012499518
0.012499518
0.012499518
0.012499518
0.012499518
0.012499518
0.012499517
0.012499517
0.012499517
0.01249952
0.01249952
0.01249952
0.01249952
0.012499519
0.012499519
0.012499519
0.012499519
0.012499519
0.012499519
0.012499519
0.012499518
0.012499518
0.012499518
0.012499518
0.012499518
0.012499518
0.012499517
0.012499517
0.012499517
0.01249952
0.01249952
0.01249952
0.01249952
0.012499519
0.012499519
0.012499519
0.012499519
0.012499519
0.012499519
0.012499519
0.012499519
0.012499518
0.012499518
0.012499518
0.012499518
0.012499518
0.012499517
0.012499517
0.012499517
0.01249952
0.01249952
0.01249952
0.01249952
0.01249952
0.012499519
0.012499519
0.012499519
0.012499519
0.012499519
0.012499519
0.012499519
0.012499519
0.012499518
0.012499518
0.012499518
0.012499518
0.012499517
0.012499517
0.012499517
0.012499521
0.01249952
0.01249952
0.01249952
0.01249952
0.012499519
0.012499519
0.012499519
0.012499518
0.012499518
0.012499518
0.012499518
0.012499519
0.012499518
0.012499518
0.012499518
0.012499518
0.012499517
0.012499517
0.012499517
0.012499521
0.01249952
0.01249952
0.01249952
0.01249952
0.01249952
0.012499519
0.012499519
0.012499518
0.012499518
0.012499518
0.012499518
0.012499518
0.012499518
0.012499518
0.012499518
0.012499518
0.012499518
0.012499517
0.012499517
0.012499521
0.012499521
0.01249952
0.01249952
0.01249952
0.01249952
0.012499519
0.012499519
0.012499518
0.012499518
0.012499518
0.012499518
0.012499518
0.012499518
0.012499518
0.012499518
0.012499518
0.012499518
0.012499517
0.012499517
0.012499521
0.012499521
0.01249952
0.01249952
0.01249952
0.01249952
0.01249952
0.012499519
0.012499519
0.012499518
0.012499518
0.012499518
0.012499518
0.012499518
0.012499518
0.012499518
0.012499518
0.012499518
0.012499517
0.012499517
0.012499521
0.012499521
0.01249952
0.01249952
0.01249952
0.01249952
0.01249952
0.01249952
0.012499519
0.012499519
0.012499518
0.012499518
0.012499518
0.012499518
0.012499518
0.012499518
0.012499518
0.012499518
0.012499517
0.012499517
0.012499521
0.012499521
0.012499521
0.01249952
0.01249952
0.01249952
0.01249952
0.01249952
0.012499519
0.012499519
0.012499519
0.012499518
0.012499518
0.012499518
0.012499518
0.012499518
0.012499518
0.012499518
0.012499518
0.012499517
0.012499521
0.012499521
0.012499521
0.01249952
0.01249952
0.01249952
0.01249952
0.01249952
0.01249952
0.012499519
0.012499519
0.012499519
0.012499518
0.012499518
0.012499518
0.012499518
0.012499518
0.012499518
0.012499518
0.012499517
0.012499521
0.012499521
0.012499521
0.01249952
0.01249952
0.01249952
0.01249952
0.01249952
0.01249952
0.01249952
0.012499519
0.012499519
0.012499519
0.012499518
0.012499518
0.012499518
0.012499518
0.012499518
0.012499518
0.012499517
0.012499521
0.012499521
0.012499521
0.012499521
0.01249952
0.01249952
0.01249952
0.01249952
0.01249952
0.01249952
0.012499519
0.012499519
0.012499519
0.012499519
0.012499518
0.012499518
0.012499518
0.012499518
0.012499518
0.012499517
0.012499521
0.012499521
0.012499521
0.012499521
0.01249952
0.01249952
0.01249952
0.01249952
0.01249952
0.01249952
0.01249952
0.012499519
0.012499519
0.012499519
0.012499519
0.012499518
0.012499518
0.012499518
0.012499518
0.012499517
0.012499521
0.012499521
0.012499521
0.012499521
0.01249952
0.01249952
0.01249952
0.01249952
0.01249952
0.01249952
0.012499519
0.012499519
0.012499519
0.012499519
0.012499519
0.012499519
0.012499518
0.012499518
0.012499518
0.012499517
0.012499521
0.012499521
0.012499521
0.01249952
0.01249952
0.01249952
0.01249952
0.01249952
0.01249952
0.01249952
0.012499519
0.012499519
0.012499519
0.012499519
0.012499519
0.012499519
0.012499518
0.012499518
0.012499518
0.012499518
0.012499521
0.01249952
0.01249952
0.01249952
0.01249952
0.01249952
0.01249952
0.01249952
0.01249952
0.01249952
0.012499519
0.012499519
0.012499519
0.012499519
0.012499519
0.012499519
0.012499519
0.012499518
0.012499518
0.012499518
0.01249952
0.012499519
0.012499519
0.012499519
0.012499519
0.012499519
0.012499519
0.012499519
0.012499518
0.012499518
0.012499518
0.012499518
0.012499518
0.012499518
0.012499518
0.012499517
0.012499517
0.012499517
0.012499517
0.012499517
0.01249952
0.01249952
0.012499519
0.012499519
0.012499519
0.012499519
0.012499519
0.012499519
0.012499519
0.012499518
0.012499518
0.012499518
0.012499518
0.012499518
0.012499518
0.012499518
0.012499517
0.012499517
0.012499517
0.012499517
0.01249952
0.01249952
0.01249952
0.012499519
0.012499519
0.012499519
0.012499519
0.012499519
0.012499519
0.012499518
0.012499518
0.012499518
0.012499518
0.012499518
0.012499518
0.012499518
0.012499518
0.012499517
0.012499517
0.012499517
0.01249952
0.01249952
0.01249952
0.01249952
0.012499519
0.012499519
0.012499519
0.012499519
0.012499519
0.012499519
0.012499518
0.012499518
0.012499518
0.012499518
0.012499518
0.012499518
0.012499518
0.012499517
0.012499517
0.012499517
0.01249952
0.01249952
0.01249952
0.01249952
0.012499519
0.012499519
0.012499519
0.012499519
0.012499519
0.012499519
0.012499518
0.012499518
0.012499518
0.012499518
0.012499518
0.012499518
0.012499518
0.012499517
0.012499517
0.012499517
0.01249952
0.01249952
0.01249952
0.01249952
0.01249952
0.012499519
0.012499519
0.012499519
0.012499519
0.012499519
0.012499518
0.012499518
0.012499518
0.012499518
0.012499518
0.012499518
0.012499518
0.012499517
0.012499517
0.012499517
0.01249952
0.01249952
0.01249952
0.01249952
0.01249952
0.012499519
0.012499519
0.012499519
0.012499519
0.012499518
0.012499518
0.012499518
0.012499518
0.012499518
0.012499518
0.012499518
0.012499518
0.012499517
0.012499517
0.012499517
0.012499521
0.01249952
0.01249952
0.01249952
0.01249952
0.012499519
0.012499519
0.012499519
0.012499519
0.012499518
0.012499518
0.012499518
0.012499518
0.012499518
0.012499518
0.012499518
0.012499518
0.012499517
0.012499517
0.012499517
0.012499521
0.01249952
0.01249952
0.01249952
0.01249952
0.01249952
0.012499519
0.012499519
0.012499519
0.012499518
0.012499518
0.012499518
0.012499518
0.012499518
0.012499518
0.012499518
0.012499518
0.012499517
0.012499517
0.012499517
0.012499521
0.01249952
0.01249952
0.01249952
0.01249952
0.01249952
0.012499519
0.012499519
0.012499519
0.012499518
0.012499518
0.012499518
0.012499518
0.012499518
0.012499518
0.012499518
0.012499518
0.012499517
0.012499517
0.012499517
0.012499521
0.012499521
0.01249952
0.01249952
0.01249952
0.01249952
0.012499519
0.012499519
0.012499519
0.012499518
0.012499518
0.012499518
0.012499518
0.012499518
0.012499518
0.012499518
0.012499518
0.012499518
0.012499517
0.012499517
0.012499521
0.012499521
0.01249952
0.01249952
0.01249952
0.01249952
0.01249952
0.012499519
0.012499519
0.012499519
0.012499518
0.012499518
0.012499518
0.012499518
0.012499518
0.012499518
0.012499518
0.012499518
0.012499517
0.012499517
0.012499521
0.012499521
0.01249952
0.01249952
0.01249952
0.01249952
0.01249952
0.01249952
0.012499519
0.012499519
0.012499519
0.012499518
0.012499518
0.012499518
0.012499518
0.012499518
0.012499518
0.012499518
0.012499517
0.012499517
0.012499521
0.012499521
0.012499521
0.01249952
0.01249952
0.01249952
0.01249952
0.01249952
0.012499519
0.012499519
0.012499519
0.012499519
0.012499518
0.012499518
0.012499518
0.012499518
0.012499518
0.012499518
0.012499518
0.012499517
0.012499521
0.012499521
0.012499521
0.012499521
0.01249952
0.01249952
0.01249952
0.01249952
0.012499519
0.012499519
0.012499519
0.012499519
0.012499519
0.012499518
0.012499518
0.012499518
0.012499518
0.012499518
0.012499518
0.012499517
0.012499521
0.012499521
0.012499521
0.012499521
0.01249952
0.01249952
0.01249952
0.01249952
0.012499519
0.012499519
0.012499519
0.012499519
0.012499519
0.012499519
0.012499518
0.012499518
0.012499518
0.012499518
0.012499518
0.012499517
0.012499521
0.012499521
0.012499521
0.012499521
0.01249952
0.01249952
0.01249952
0.01249952
0.012499519
0.012499519
0.012499519
0.012499519
0.012499519
0.012499519
0.012499519
0.012499518
0.012499518
0.012499518
0.012499518
0.012499517
0.012499521
0.012499521
0.012499521
0.012499521
0.01249952
0.01249952
0.01249952
0.01249952
0.01249952
0.012499519
0.012499519
0.012499519
0.012499519
0.012499519
0.012499519
0.012499518
0.012499518
0.012499518
0.012499518
0.012499517
0.012499521
0.01249952
0.01249952
0.01249952
0.01249952
0.01249952
0.01249952
0.01249952
0.01249952
0.012499519
0.012499519
0.012499519
0.012499519
0.012499519
0.012499519
0.012499519
0.012499518
0.012499518
0.012499518
0.012499518
0.01249952
0.01249952
0.01249952
0.01249952
0.01249952
0.01249952
0.01249952
0.01249952
0.01249952
0.01249952
0.012499519
0.012499519
0.012499519
0.012499519
0.012499519
0.012499519
0.012499518
0.012499518
0.012499518
0.012499518
0.01249952
0.012499519
0.012499519
0.012499519
0.012499519
0.012499519
0.012499519
0.012499519
0.012499518
0.012499518
0.012499518
0.012499518
0.012499518
0.012499518
0.012499518
0.012499517
0.012499517
0.012499517
0.012499517
0.012499517
0.01249952
0.01249952
0.012499519
0.012499519
0.012499519
0.012499519
0.012499519
0.012499519
0.012499519
0.012499519
0.012499518
0.012499518
0.012499518
0.012499518
0.012499518
0.012499518
0.012499517
0.012499517
0.012499517
0.012499517
0.01249952
0.01249952
0.01249952
0.01249952
0.012499519
0.012499519
0.012499519
0.012499519
0.012499519
0.012499519
0.012499519
0.012499518
0.012499518
0.012499518
0.012499518
0.012499518
0.012499518
0.012499517
0.012499517
0.012499517
0.01249952
0.01249952
0.01249952
0.01249952
0.01249952
0.01249952
0.012499519
0.012499519
0.012499519
0.012499519
0.012499519
0.012499519
0.012499519
0.012499518
0.012499518
0.012499518
0.012499518
0.012499517
0.012499517
0.012499517
0.01249952
0.01249952
0.01249952
0.01249952
0.01249952
0.01249952
0.01249952
0.012499519
0.012499519
0.012499519
0.012499519
0.012499519
0.012499519
0.012499519
0.012499518
0.012499518
0.012499518
0.012499518
0.012499517
0.012499517
0.01249952
0.01249952
0.01249952
0.01249952
0.01249952
0.01249952
0.01249952
0.01249952
0.012499519
0.012499519
0.012499519
0.012499519
0.012499519
0.012499519
0.012499518
0.012499518
0.012499518
0.012499518
0.012499517
0.012499517
0.01249952
0.01249952
0.01249952
0.01249952
0.01249952
0.01249952
0.01249952
0.01249952
0.012499519
0.012499519
0.012499519
0.012499519
0.012499519
0.012499519
0.012499519
0.012499518
0.012499518
0.012499518
0.012499517
0.012499517
0.012499521
0.012499521
0.01249952
0.01249952
0.01249952
0.01249952
0.01249952
0.01249952
0.01249952
0.012499519
0.012499519
0.012499519
0.012499519
0.012499519
0.012499519
0.012499518
0.012499518
0.012499518
0.012499517
0.012499517
0.012499521
0.012499521
0.01249952
0.01249952
0.01249952
0.01249952
0.01249952
0.01249952
0.01249952
0.012499519
0.012499519
0.012499519
0.012499519
0.012499519
0.012499519
0.012499518
0.012499518
0.012499518
0.012499517
0.012499517
0.012499521
0.012499521
0.012499521
0.01249952
0.01249952
0.01249952
0.01249952
0.01249952
0.01249952
0.012499519
0.012499519
0.012499519
0.012499519
0.012499519
0.012499519
0.012499518
0.012499518
0.012499518
0.012499517
0.012499517
0.012499521
0.012499521
0.012499521
0.01249952
0.01249952
0.01249952
0.01249952
0.01249952
0.01249952
0.012499519
0.012499519
0.012499519
0.012499519
0.012499519
0.012499519
0.012499518
0.012499518
0.012499518
0.012499517
0.012499517
0.012499521
0.012499521
0.012499521
0.01249952
0.01249952
0.01249952
0.01249952
0.01249952
0.01249952
0.01249952
0.012499519
0.012499519
0.012499519
0.012499519
0.012499519
0.012499518
0.012499518
0.012499518
0.012499518
0.012499517
0.012499521
0.012499521
0.012499521
0.012499521
0.01249952
0.01249952
0.01249952
0.01249952
0.01249952
0.01249952
0.012499519
0.012499519
0.012499519
0.012499519
0.012499519
0.012499518
0.012499518
0.012499518
0.012499518
0.012499517
0.012499521
0.012499521
0.012499521
0.012499521
0.01249952
0.01249952
0.01249952
0.01249952
0.01249952
0.01249952
0.01249952
0.012499519
0.012499519
0.012499519
0.012499519
0.012499518
0.012499518
0.012499518
0.012499518
0.012499517
0.012499521
0.012499521
0.012499521
0.012499521
0.012499521
0.01249952
0.01249952
0.01249952
0.01249952
0.01249952
0.01249952
0.012499519
0.012499519
0.012499519
0.012499519
0.012499518
0.012499518
0.012499518
0.012499518
0.012499517
0.012499521
0.012499521
0.012499521
0.012499521
0.012499521
0.01249952
0.01249952
0.01249952
0.01249952
0.01249952
0.01249952
0.012499519
0.012499519
0.012499519
0.012499519
0.012499518
0.012499518
0.012499518
0.012499518
0.012499517
0.012499521
0.012499521
0.012499521
0.012499521
0.012499521
0.01249952
0.01249952
0.01249952
0.01249952
0.01249952
0.012499519
0.012499519
0.012499519
0.012499519
0.012499519
0.012499519
0.012499518
0.012499518
0.012499518
0.012499517
0.012499521
0.012499521
0.012499521
0.012499521
0.012499521
0.01249952
0.01249952
0.01249952
0.01249952
0.01249952
0.012499519
0.012499519
0.012499519
0.012499519
0.012499519
0.012499519
0.012499518
0.012499518
0.012499518
0.012499517
0.012499521
0.01249952
0.01249952
0.01249952
0.01249952
0.01249952
0.01249952
0.01249952
0.01249952
0.01249952
0.012499519
0.012499519
0.012499519
0.012499519
0.012499519
0.012499519
0.012499518
0.012499518
0.012499518
0.012499518
0.01249952
0.01249952
0.01249952
0.01249952
0.01249952
0.01249952
0.01249952
0.01249952
0.01249952
0.01249952
0.012499519
0.012499519
0.012499519
0.012499519
0.012499519
0.012499519
0.012499518
0.012499518
0.012499518
0.012499518
0.01249952
0.012499519
0.012499519
0.012499519
0.012499519
0.012499519
0.012499519
0.012499519
0.012499518
0.012499518
0.012499518
0.012499518
0.012499518
0.012499518
0.012499518
0.012499517
0.012499517
0.012499517
0.012499517
0.012499517
0.01249952
0.01249952
0.01249952
0.012499519
0.012499519
0.012499519
0.012499519
0.012499519
0.012499519
0.012499519
0.012499519
0.012499518
0.012499518
0.012499518
0.012499518
0.012499518
0.012499517
0.012499517
0.012499517
0.012499517
0.01249952
0.01249952
0.01249952
0.01249952
0.01249952
0.01249952
0.01249952
0.01249952
0.012499519
0.012499519
0.012499519
0.012499519
0.012499519
0.012499519
0.012499518
0.012499518
0.012499518
0.012499517
0.012499517
0.012499517
0.01249952
0.01249952
0.01249952
0.01249952
0.01249952
0.01249952
0.01249952
0.01249952
0.01249952
0.01249952
0.012499519
0.012499519
0.012499519
0.012499519
0.012499519
0.012499518
0.012499518
0.012499517
0.012499517
0.012499517
0.01249952
0.01249952
0.01249952
0.01249952
0.01249952
0.01249952
0.01249952
0.01249952
0.01249952
0.01249952
0.01249952
0.01249952
0.012499519
0.012499519
0.012499519
0.012499519
0.012499518
0.012499518
0.012499517
0.012499517
0.01249952
0.012499521
0.012499521
0.012499521
0.012499521
0.012499521
0.012499521
0.012499521
0.012499521
0.01249952
0.01249952
0.01249952
0.01249952
0.012499519
0.012499519
0.012499519
0.012499518
0.012499518
0.012499517
0.012499517
0.012499521
0.012499521
0.012499521
0.012499521
0.012499521
0.012499521
0.012499521
0.012499521
0.012499521
0.012499521
0.01249952
0.01249952
0.01249952
0.01249952
0.012499519
0.012499519
0.012499518
0.012499518
0.012499517
0.012499517
0.012499521
0.012499521
0.012499521
0.012499521
0.012499521
0.012499521
0.012499521
0.012499521
0.012499521
0.012499521
0.012499521
0.01249952
0.01249952
0.01249952
0.012499519
0.012499519
0.012499519
0.012499518
0.012499518
0.012499517
0.012499521
0.012499521
0.012499521
0.012499521
0.012499521
0.012499521
0.012499521
0.012499521
0.012499521
0.012499521
0.012499521
0.01249952
0.01249952
0.01249952
0.012499519
0.012499519
0.012499519
0.012499518
0.012499518
0.012499517
0.012499521
0.012499521
0.012499521
0.012499521
0.012499521
0.012499521
0.012499521
0.012499521
0.012499521
0.012499521
0.012499521
0.012499521
0.01249952
0.01249952
0.01249952
0.012499519
0.012499519
0.012499518
0.012499518
0.012499517
0.012499521
0.012499521
0.012499521
0.012499521
0.012499521
0.012499521
0.012499521
0.012499521
0.012499521
0.012499521
0.012499521
0.012499521
0.01249952
0.01249952
0.01249952
0.012499519
0.012499519
0.012499518
0.012499518
0.012499517
0.012499521
0.012499521
0.012499521
0.012499521
0.012499521
0.012499521
0.012499521
0.012499521
0.012499521
0.012499521
0.012499521
0.012499521
0.01249952
0.01249952
0.01249952
0.012499519
0.012499519
0.012499518
0.012499518
0.012499517
0.012499521
0.012499521
0.012499521
0.012499521
0.012499521
0.012499521
0.012499521
0.012499521
0.012499521
0.012499521
0.012499521
0.012499521
0.01249952
0.01249952
0.012499519
0.012499519
0.012499519
0.012499518
0.012499518
0.012499517
0.012499521
0.012499521
0.012499521
0.012499521
0.012499521
0.012499521
0.012499521
0.012499521
0.012499521
0.012499521
0.012499521
0.012499521
0.01249952
0.01249952
0.012499519
0.012499519
0.012499519
0.012499518
0.012499518
0.012499517
0.012499521
0.012499521
0.012499521
0.012499521
0.012499521
0.012499521
0.012499521
0.012499521
0.012499521
0.012499521
0.012499521
0.01249952
0.01249952
0.01249952
0.012499519
0.012499519
0.012499519
0.012499518
0.012499518
0.012499517
0.012499521
0.012499521
0.012499521
0.012499521
0.012499521
0.012499521
0.012499521
0.012499521
0.01249952
0.01249952
0.01249952
0.01249952
0.01249952
0.01249952
0.012499519
0.012499519
0.012499519
0.012499518
0.012499518
0.012499517
0.012499521
0.012499521
0.012499521
0.012499521
0.012499521
0.012499521
0.012499521
0.01249952
0.01249952
0.01249952
0.01249952
0.01249952
0.01249952
0.012499519
0.012499519
0.012499519
0.012499519
0.012499518
0.012499518
0.012499517
0.012499521
0.012499521
0.012499521
0.012499521
0.012499521
0.012499521
0.01249952
0.01249952
0.01249952
0.01249952
0.01249952
0.01249952
0.01249952
0.012499519
0.012499519
0.012499519
0.012499518
0.012499518
0.012499518
0.012499517
0.012499521
0.01249952
0.01249952
0.01249952
0.01249952
0.01249952
0.01249952
0.01249952
0.01249952
0.01249952
0.01249952
0.01249952
0.012499519
0.012499519
0.012499519
0.012499519
0.012499518
0.012499518
0.012499518
0.012499518
0.01249952
0.01249952
0.01249952
0.01249952
0.01249952
0.01249952
0.01249952
0.01249952
0.01249952
0.01249952
0.012499519
0.012499519
0.012499519
0.012499519
0.012499519
0.012499519
0.012499519
0.012499518
0.012499518
0.012499518
0.01249952
0.012499519
0.012499519
0.012499519
0.012499519
0.012499519
0.012499519
0.012499519
0.012499518
0.012499518
0.012499518
0.012499518
0.012499518
0.012499518
0.012499518
0.012499517
0.012499517
0.012499517
0.012499517
0.012499517
0.01249952
0.01249952
0.01249952
0.012499519
0.012499519
0.012499519
0.012499519
0.012499519
0.012499519
0.012499519
0.012499519
0.012499518
0.012499518
0.012499518
0.012499518
0.012499518
0.012499517
0.012499517
0.012499517
0.012499517
0.01249952
0.01249952
0.01249952
0.01249952
0.01249952
0.01249952
0.01249952
0.01249952
0.01249952
0.012499519
0.012499519
0.012499519
0.012499519
0.012499518
0.012499518
0.012499518
0.012499517
0.012499517
0.012499517
0.012499517
0.01249952
0.01249952
0.01249952
0.01249952
0.01249952
0.01249952
0.01249952
0.01249952
0.01249952
0.01249952
0.01249952
0.012499519
0.012499519
0.012499519
0.012499519
0.012499518
0.012499518
0.012499517
0.012499517
0.012499517
0.01249952
0.01249952
0.01249952
0.01249952
0.01249952
0.012499521
0.012499521
0.012499521
0.012499521
0.01249952
0.01249952
0.01249952
0.01249952
0.012499519
0.012499519
0.012499518
0.012499518
0.012499518
0.012499517
0.012499517
0.01249952
0.012499521
0.012499521
0.012499521
0.012499521
0.012499521
0.012499521
0.012499521
0.012499521
0.012499521
0.012499521
0.01249952
0.01249952
0.01249952
0.012499519
0.012499519
0.012499518
0.012499518
0.012499517
0.012499517
0.012499521
0.012499521
0.012499521
0.012499521
0.012499521
0.012499521
0.012499521
0.012499521
0.012499521
0.012499521
0.012499521
0.012499521
0.01249952
0.01249952
0.012499519
0.012499519
0.012499518
0.012499518
0.012499517
0.012499517
0.012499521
0.012499521
0.012499521
0.012499521
0.012499521
0.012499522
0.012499522
0.012499522
0.012499522
0.012499522
0.012499521
0.012499521
0.012499521
0.01249952
0.01249952
0.012499519
0.012499519
0.012499518
0.012499518
0.012499517
0.012499521
0.012499521
0.012499521
0.012499521
0.012499522
0.012499522
0.012499522
0.012499522
0.012499522
0.012499522
0.012499522
0.012499521
0.012499521
0.01249952
0.01249952
0.012499519
0.012499519
0.012499518
0.012499518
0.012499517
0.012499521
0.012499521
0.012499521
0.012499521
0.012499522
0.012499522
0.012499522
0.012499522
0.012499522
0.012499522
0.012499522
0.012499521
0.012499521
0.01249952
0.01249952
0.012499519
0.012499519
0.012499518
0.012499518
0.012499517
0.012499521
0.012499521
0.012499521
0.012499521
0.012499522
0.012499522
0.012499522
0.012499522
0.012499522
0.012499522
0.012499522
0.012499521
0.012499521
0.01249952
0.01249952
0.012499519
0.012499519
0.012499518
0.012499518
0.012499517
0.012499521
0.012499521
0.012499521
0.012499521
0.012499521
0.012499522
0.012499522
0.012499522
0.012499522
0.012499522
0.012499522
0.012499521
0.012499521
0.01249952
0.01249952
0.012499519
0.012499519
0.012499518
0.012499518
0.012499517
0.012499521
0.012499521
0.012499521
0.012499521
0.012499521
0.012499521
0.012499522
0.012499522
0.012499522
0.012499522
0.012499522
0.012499521
0.012499521
0.01249952
0.01249952
0.012499519
0.012499519
0.012499518
0.012499518
0.012499517
0.012499521
0.012499521
0.012499521
0.012499521
0.012499521
0.012499521
0.012499521
0.012499521
0.012499521
0.012499521
0.012499521
0.012499521
0.012499521
0.01249952
0.01249952
0.012499519
0.012499519
0.012499518
0.012499518
0.012499517
0.012499521
0.012499521
0.012499521
0.012499521
0.012499521
0.012499521
0.012499521
0.012499521
0.012499521
0.012499521
0.012499521
0.012499521
0.01249952
0.01249952
0.01249952
0.012499519
0.012499519
0.012499518
0.012499518
0.012499517
0.012499521
0.012499521
0.012499521
0.012499521
0.012499521
0.012499521
0.012499521
0.012499521
0.012499521
0.012499521
0.012499521
0.01249952
0.01249952
0.01249952
0.012499519
0.012499519
0.012499519
0.012499518
0.012499518
0.012499517
0.012499521
0.012499521
0.01249952
0.01249952
0.01249952
0.01249952
0.01249952
0.01249952
0.01249952
0.01249952
0.01249952
0.01249952
0.01249952
0.01249952
0.012499519
0.012499519
0.012499518
0.012499518
0.012499518
0.012499517
0.012499521
0.012499521
0.01249952
0.01249952
0.01249952
0.01249952
0.01249952
0.01249952
0.01249952
0.01249952
0.01249952
0.01249952
0.01249952
0.012499519
0.012499519
0.012499519
0.012499518
0.012499518
0.012499518
0.012499517
0.012499521
0.01249952
0.01249952
0.01249952
0.01249952
0.01249952
0.01249952
0.01249952
0.01249952
0.01249952
0.01249952
0.01249952
0.012499519
0.012499519
0.012499519
0.012499519
0.012499518
0.012499518
0.012499518
0.012499518
0.01249952
0.01249952
0.01249952
0.01249952
0.01249952
0.01249952
0.01249952
0.01249952
0.01249952
0.01249952
0.012499519
0.012499519
0.012499519
0.012499519
0.012499519
0.012499519
0.012499518
0.012499518
0.012499518
0.012499518
0.01249952
0.012499519
0.012499519
0.012499519
0.012499519
0.012499519
0.012499519
0.012499519
0.012499518
0.012499518
0.012499518
0.012499518
0.012499518
0.012499518
0.012499518
0.012499517
0.012499517
0.012499517
0.012499517
0.012499517
0.01249952
0.01249952
0.012499519
0.012499519
0.012499519
0.012499519
0.012499519
0.012499519
0.012499519
0.012499519
0.012499518
0.012499518
0.012499518
0.012499518
0.012499518
0.012499517
0.012499517
0.012499517
0.012499517
0.012499517
0.01249952
0.01249952
0.01249952
0.01249952
0.012499519
0.012499519
0.012499519
0.012499519
0.012499519
0.012499519
0.012499519
0.012499519
0.012499518
0.012499518
0.012499518
0.012499517
0.012499517
0.012499517
0.012499517
0.012499517
0.01249952
0.01249952
0.01249952
0.01249952
0.01249952
0.01249952
0.01249952
0.01249952
0.01249952
0.01249952
0.012499519
0.012499519
0.012499519
0.012499518
0.012499518
0.012499518
0.012499517
0.012499517
0.012499517
0.012499517
0.01249952
0.01249952
0.01249952
0.01249952
0.01249952
0.01249952
0.01249952
0.01249952
0.01249952
0.01249952
0.01249952
0.012499519
0.012499519
0.012499519
0.012499518
0.012499518
0.012499517
0.012499517
0.012499517
0.012499517
0.01249952
0.01249952
0.01249952
0.01249952
0.01249952
0.01249952
0.01249952
0.01249952
0.01249952
0.01249952
0.01249952
0.01249952
0.012499519
0.012499519
0.012499519
0.012499518
0.012499518
0.012499517
0.012499517
0.012499517
0.01249952
0.012499521
0.012499521
0.012499521
0.012499521
0.012499521
0.012499521
0.012499521
0.012499521
0.012499521
0.01249952
0.01249952
0.01249952
0.012499519
0.012499519
0.012499518
0.012499518
0.012499518
0.012499517
0.012499517
0.012499521
0.012499521
0.012499521
0.012499521
0.012499521
0.012499521
0.012499521
0.012499521
0.012499521
0.012499521
0.012499521
0.01249952
0.01249952
0.01249952
0.012499519
0.012499519
0.012499518
0.012499518
0.012499517
0.012499517
0.012499521
0.012499521
0.012499521
0.012499521
0.012499521
0.012499521
0.012499521
0.012499521
0.012499521
0.012499521
0.012499521
0.012499521
0.01249952
0.01249952
0.012499519
0.012499519
0.012499518
0.012499518
0.012499517
0.012499517
0.012499521
0.012499521
0.012499521
0.012499521
0.012499521
0.012499521
0.012499521
0.012499521
0.012499521
0.012499521
0.012499521
0.012499521
0.01249952
0.01249952
0.012499519
0.012499519
0.012499518
0.012499518
0.012499517
0.012499517
0.012499521
0.012499521
0.012499521
0.012499521
0.012499521
0.012499521
0.012499521
0.012499522
0.012499522
0.012499521
0.012499521
0.012499521
0.01249952
0.01249952
0.012499519
0.012499519
0.012499518
0.012499518
0.012499517
0.012499517
0.012499521
0.012499521
0.012499521
0.012499521
0.012499521
0.012499521
0.012499521
0.012499521
0.012499521
0.012499521
0.012499521
0.012499521
0.01249952
0.01249952
0.012499519
0.012499519
0.012499518
0.012499518
0.012499517
0.012499517
0.012499521
0.012499521
0.012499521
0.012499521
0.012499521
0.012499521
0.012499521
0.012499521
0.012499521
0.012499521
0.012499521
0.012499521
0.01249952
0.01249952
0.012499519
0.012499519
0.012499518
0.012499518
0.012499518
0.012499517
0.012499521
0.012499521
0.01249952
0.01249952
0.012499521
0.012499521
0.012499521
0.012499521
0.012499521
0.012499521
0.012499521
0.01249952
0.01249952
0.01249952
0.012499519
0.012499519
0.012499518
0.012499518
0.012499518
0.012499517
0.012499521
0.012499521
0.01249952
0.01249952
0.01249952
0.01249952
0.01249952
0.012499521
0.012499521
0.012499521
0.01249952
0.01249952
0.01249952
0.012499519
0.012499519
0.012499519
0.012499518
0.012499518
0.012499518
0.012499517
0.012499521
0.012499521
0.01249952
0.01249952
0.01249952
0.01249952
0.01249952
0.01249952
0.01249952
0.01249952
0.01249952
0.01249952
0.01249952
0.012499519
0.012499519
0.012499519
0.012499518
0.012499518
0.012499518
0.012499517
0.012499521
0.01249952
0.01249952
0.01249952
0.01249952
0.01249952
0.01249952
0.01249952
0.01249952
0.01249952
0.01249952
0.01249952
0.012499519
0.012499519
0.012499519
0.012499519
0.012499518
0.012499518
0.012499518
0.012499517
0.012499521
0.01249952
0.01249952
0.01249952
0.01249952
0.01249952
0.01249952
0.01249952
0.01249952
0.01249952
0.01249952
0.01249952
0.012499519
0.012499519
0.012499519
0.012499519
0.012499518
0.012499518
0.012499518
0.012499517
0.012499521
0.01249952
0.01249952
0.01249952
0.01249952
0.01249952
0.01249952
0.01249952
0.01249952
0.01249952
0.01249952
0.012499519
0.012499519
0.012499519
0.012499519
0.012499519
0.012499518
0.012499518
0.012499518
0.012499518
0.01249952
0.01249952
0.01249952
0.01249952
0.01249952
0.01249952
0.01249952
0.01249952
0.01249952
0.01249952
0.012499519
0.012499519
0.012499519
0.012499519
0.012499519
0.012499519
0.012499518
0.012499518
0.012499518
0.012499518
0.01249952
0.012499519
0.012499519
0.012499519
0.012499519
0.012499519
0.012499519
0.012499518
0.012499518
0.012499518
0.012499518
0.012499518
0.012499518
0.012499518
0.012499518
0.012499517
0.012499517
0.012499517
0.012499517
0.012499517
0.01249952
0.01249952
0.012499519
0.012499519
0.012499519
0.012499519
0.012499519
0.012499519
0.012499519
0.012499518
0.012499518
0.012499518
0.012499518
0.012499518
0.012499517
0.012499517
0.012499517
0.012499517
0.012499517
0.012499517
0.01249952
0.01249952
0.01249952
0.012499519
0.012499519
0.012499519
0.012499519
0.012499519
0.012499519
0.012499519
0.012499519
0.012499518
0.012499518
0.012499518
0.012499517
0.012499517
0.012499517
0.012499517
0.012499517
0.012499517
0.01249952
0.01249952
0.01249952
0.01249952
0.012499519
0.012499519
0.012499519
0.012499519
0.012499519
0.012499519
0.012499519
0.012499518
0.012499518
0.012499518
0.012499517
0.012499517
0.012499517
0.012499517
0.012499517
0.012499517
0.01249952
0.01249952
0.01249952
0.01249952
0.012499519
0.012499519
0.012499519
0.012499519
0.012499519
0.012499519
0.012499519
0.012499519
0.012499518
0.012499518
0.012499518
0.012499517
0.012499517
0.012499517
0.012499517
0.012499517
0.01249952
0.01249952
0.01249952
0.01249952
0.01249952
0.012499519
0.012499519
0.012499519
0.012499519
0.012499519
0.012499519
0.012499519
0.012499519
0.012499518
0.012499518
0.012499517
0.012499517
0.012499517
0.012499517
0.012499517
0.01249952
0.01249952
0.01249952
0.01249952
0.01249952
0.01249952
0.012499519
0.012499519
0.012499519
0.012499519
0.012499519
0.012499519
0.012499519
0.012499518
0.012499518
0.012499518
0.012499517
0.012499517
0.012499517
0.012499517
0.012499521
0.01249952
0.01249952
0.01249952
0.01249952
0.01249952
0.01249952
0.012499519
0.012499519
0.012499519
0.012499519
0.012499519
0.012499519
0.012499519
0.012499518
0.012499518
0.012499518
0.012499517
0.012499517
0.012499517
0.012499521
0.012499521
0.012499521
0.012499521
0.01249952
0.01249952
0.01249952
0.01249952
0.01249952
0.012499519
0.012499519
0.012499519
0.012499519
0.012499519
0.012499518
0.012499518
0.012499518
0.012499517
0.012499517
0.012499517
0.012499521
0.012499521
0.012499521
0.012499521
0.012499521
0.01249952
0.01249952
0.01249952
0.01249952
0.01249952
0.012499519
0.012499519
0.012499519
0.012499519
0.012499518
0.012499518
0.012499518
0.012499518
0.012499517
0.012499517
0.012499521
0.012499521
0.012499521
0.012499521
0.012499521
0.012499521
0.01249952
0.01249952
0.01249952
0.01249952
0.01249952
0.012499519
0.012499519
0.012499519
0.012499518
0.012499518
0.012499518
0.012499518
0.012499517
0.012499517
0.012499521
0.01249952
0.01249952
0.01249952
0.01249952
0.01249952
0.01249952
0.01249952
0.01249952
0.01249952
0.01249952
0.012499519
0.012499519
0.012499519
0.012499518
0.012499518
0.012499518
0.012499518
0.012499517
0.012499517
0.012499521
0.01249952
0.01249952
0.01249952
0.01249952
0.01249952
0.01249952
0.01249952
0.01249952
0.01249952
0.01249952
0.012499519
0.012499519
0.012499519
0.012499518
0.012499518
0.012499518
0.012499518
0.012499517
0.012499517
0.012499521
0.01249952
0.01249952
0.01249952
0.01249952
0.01249952
0.01249952
0.01249952
0.01249952
0.01249952
0.01249952
0.012499519
0.012499519
0.012499519
0.012499518
0.012499518
0.012499518
0.012499518
0.012499517
0.012499517
0.012499521
0.01249952
0.01249952
0.01249952
0.01249952
0.01249952
0.01249952
0.01249952
0.01249952
0.01249952
0.01249952
0.012499519
0.012499519
0.012499519
0.012499518
0.012499518
0.012499518
0.012499518
0.012499517
0.012499517
0.012499521
0.01249952
0.01249952
0.01249952
0.01249952
0.01249952
0.01249952
0.01249952
0.01249952
0.01249952
0.012499519
0.012499519
0.012499519
0.012499519
0.012499518
0.012499518
0.012499518
0.012499518
0.012499518
0.012499517
0.012499521
0.012499521
0.01249952
0.01249952
0.01249952
0.01249952
0.01249952
0.01249952
0.01249952
0.01249952
0.012499519
0.012499519
0.012499519
0.012499519
0.012499518
0.012499518
0.012499518
0.012499518
0.012499518
0.012499517
0.012499521
0.012499521
0.01249952
0.01249952
0.01249952
0.01249952
0.01249952
0.01249952
0.01249952
0.012499519
0.012499519
0.012499519
0.012499519
0.012499519
0.012499519
0.012499518
0.012499518
0.012499518
0.012499518
0.012499517
0.012499521
0.01249952
0.01249952
0.01249952
0.01249952
0.01249952
0.01249952
0.01249952
0.01249952
0.012499519
0.012499519
0.012499519
0.012499519
0.012499519
0.012499519
0.012499518
0.012499518
0.012499518
0.012499518
0.012499518
0.012499521
0.01249952
0.01249952
0.01249952
0.01249952
0.01249952
0.01249952
0.01249952
0.01249952
0.012499519
0.012499519
0.012499519
0.012499519
0.012499519
0.012499519
0.012499519
0.012499518
0.012499518
0.012499518
0.012499518
0.01249952
0.012499519
0.012499519
0.012499519
0.012499519
0.012499519
0.012499519
0.012499519
0.012499518
0.012499518
0.012499518
0.012499518
0.012499518
0.012499518
0.012499518
0.012499517
0.012499517
0.012499517
0.012499517
0.012499517
0.01249952
0.01249952
0.012499519
0.012499519
0.012499519
0.012499519
0.012499519
0.012499519
0.012499519
0.012499518
0.012499518
0.012499518
0.012499518
0.012499518
0.012499517
0.012499517
0.012499517
0.012499517
0.012499517
0.012499517
0.01249952
0.01249952
0.01249952
0.012499519
0.012499519
0.012499519
0.012499519
0.012499519
0.012499519
0.012499519
0.012499518
0.012499518
0.012499518
0.012499517
0.012499517
0.012499517
0.012499517
0.012499517
0.012499517
0.012499517
0.01249952
0.01249952
0.01249952
0.012499519
0.012499519
0.012499519
0.012499519
0.012499519
0.012499519
0.012499519
0.012499518
0.012499518
0.012499518
0.012499517
0.012499517
0.012499517
0.012499517
0.012499517
0.012499517
0.012499517
0.01249952
0.01249952
0.01249952
0.01249952
0.012499519
0.012499519
0.012499519
0.012499519
0.012499519
0.012499519
0.012499518
0.012499518
0.012499518
0.012499517
0.012499517
0.012499517
0.012499517
0.012499517
0.012499517
0.012499517
0.01249952
0.01249952
0.01249952
0.01249952
0.012499519
0.012499519
0.012499519
0.012499518
0.012499518
0.012499518
0.012499518
0.012499518
0.012499518
0.012499518
0.012499517
0.012499517
0.012499517
0.012499517
0.012499517
0.012499517
0.01249952
0.01249952
0.01249952
0.01249952
0.012499519
0.012499519
0.012499519
0.012499518
0.012499518
0.012499518
0.012499518
0.012499518
0.012499518
0.012499518
0.012499517
0.012499517
0.012499517
0.012499517
0.012499517
0.012499517
0.012499521
0.01249952
0.01249952
0.01249952
0.01249952
0.012499519
0.012499519
0.012499518
0.012499518
0.012499518
0.012499518
0.012499518
0.012499518
0.012499518
0.012499518
0.012499517
0.012499517
0.012499517
0.012499517
0.012499517
0.012499521
0.01249952
0.01249952
0.01249952
0.01249952
0.012499519
0.012499519
0.012499518
0.012499518
0.012499518
0.012499518
0.012499518
0.012499518
0.012499518
0.012499518
0.012499518
0.012499517
0.012499517
0.012499517
0.012499517
0.012499521
0.01249952
0.01249952
0.01249952
0.01249952
0.01249952
0.012499519
0.012499519
0.012499518
0.012499518
0.012499518
0.012499518
0.012499518
0.012499518
0.012499518
0.012499518
0.012499518
0.012499517
0.012499517
0.012499517
0.012499521
0.01249952
0.01249952
0.01249952
0.01249952
0.01249952
0.012499519
0.012499519
0.012499518
0.012499518
0.012499518
0.012499518
0.012499518
0.012499518
0.012499518
0.012499518
0.012499518
0.012499517
0.012499517
0.012499517
0.012499521
0.01249952
0.01249952
0.01249952
0.01249952
0.01249952
0.01249952
0.012499519
0.012499519
0.012499518
0.012499518
0.012499518
0.012499518
0.012499518
0.012499518
0.012499518
0.012499518
0.012499517
0.012499517
0.012499517
0.012499521
0.01249952
0.01249952
0.01249952
0.01249952
0.01249952
0.01249952
0.012499519
0.012499519
0.012499519
0.012499518
0.012499518
0.012499518
0.012499518
0.012499518
0.012499518
0.012499518
0.012499517
0.012499517
0.012499517
0.012499521
0.01249952
0.01249952
0.01249952
0.01249952
0.012499519
0.012499519
0.012499519
0.012499519
0.012499519
0.012499519
0.012499518
0.012499518
0.012499518
0.012499518
0.012499518
0.012499518
0.012499518
0.012499517
0.012499517
0.012499521
0.012499521
0.01249952
0.01249952
0.012499519
0.012499519
0.012499519
0.012499519
0.012499519
0.012499519
0.012499519
0.012499519
0.012499518
0.012499518
0.012499518
0.012499518
0.012499518
0.012499518
0.012499517
0.012499517
0.012499521
0.012499521
0.01249952
0.01249952
0.01249952
0.012499519
0.012499519
0.012499519
0.012499519
0.012499519
0.012499519
0.012499519
0.012499518
0.012499518
0.012499518
0.012499518
0.012499518
0.012499518
0.012499517
0.012499517
0.012499521
0.012499521
0.01249952
0.01249952
0.01249952
0.012499519
0.012499519
0.012499519
0.012499519
0.012499519
0.012499519
0.012499519
0.012499519
0.012499518
0.012499518
0.012499518
0.012499518
0.012499518
0.012499518
0.012499517
0.012499521
0.012499521
0.01249952
0.01249952
0.01249952
0.01249952
0.012499519
0.012499519
0.012499519
0.012499519
0.012499519
0.012499519
0.012499519
0.012499519
0.012499519
0.012499518
0.012499518
0.012499518
0.012499518
0.012499517
0.012499521
0.012499521
0.01249952
0.01249952
0.01249952
0.01249952
0.01249952
0.01249952
0.012499519
0.012499519
0.012499519
0.012499519
0.012499519
0.012499519
0.012499519
0.012499518
0.012499518
0.012499518
0.012499518
0.012499518
0.012499521
0.01249952
0.01249952
0.01249952
0.01249952
0.01249952
0.01249952
0.01249952
0.01249952
0.012499519
0.012499519
0.012499519
0.012499519
0.012499519
0.012499519
0.012499519
0.012499518
0.012499518
0.012499518
0.012499518
0.01249952
0.012499519
0.012499519
0.012499519
0.012499519
0.012499519
0.012499519
0.012499519
0.012499518
0.012499518
0.012499518
0.012499518
0.012499518
0.012499518
0.012499518
0.012499517
0.012499517
0.012499517
0.012499517
0.012499517
0.01249952
0.01249952
0.01249952
0.012499519
0.012499519
0.012499519
0.012499519
0.012499519
0.012499519
0.012499518
0.012499518
0.012499518
0.012499518
0.012499518
0.012499518
0.012499517
0.012499517
0.012499517
0.012499517
0.012499517
0.01249952
0.01249952
0.01249952
0.01249952
0.012499519
0.012499519
0.012499519
0.012499519
0.012499519
0.012499519
0.012499518
0.012499518
0.012499518
0.012499518
0.012499517
0.012499517
0.012499517
0.012499517
0.012499517
0.012499517
0.01249952
0.01249952
0.01249952
0.01249952
0.012499519
0.012499519
0.012499519
0.012499519
0.012499519
0.012499519
0.012499518
0.012499518
0.012499518
0.012499517
0.012499517
0.012499517
0.012499517
0.012499517
0.012499517
0.012499517
0.01249952
0.01249952
0.01249952
0.01249952
0.012499519
0.012499519
0.012499519
0.012499519
0.012499518
0.012499518
0.012499518
0.012499518
0.012499518
0.012499517
0.012499517
0.012499517
0.012499517
0.012499517
0.012499517
0.012499517
0.01249952
0.01249952
0.01249952
0.01249952
0.012499519
0.012499519
0.012499519
0.012499518
0.012499518
0.012499518
0.012499518
0.012499518
0.012499518
0.012499518
0.012499517
0.012499517
0.012499517
0.012499517
0.012499517
0.012499517
0.01249952
0.01249952
0.01249952
0.01249952
0.012499519
0.012499519
0.012499518
0.012499518
0.012499518
0.012499518
0.012499518
0.012499518
0.012499518
0.012499518
0.012499517
0.012499517
0.012499517
0.012499517
0.012499517
0.012499517
0.012499521
0.01249952
0.01249952
0.01249952
0.012499519
0.012499519
0.012499518
0.012499518
0.012499517
0.012499517
0.012499517
0.012499518
0.012499518
0.012499518
0.012499518
0.012499517
0.012499517
0.012499517
0.012499517
0.012499517
0.012499521
0.01249952
0.01249952
0.01249952
0.01249952
0.012499519
0.012499519
0.012499518
0.012499517
0.012499517
0.012499517
0.012499517
0.012499517
0.012499518
0.012499518
0.012499517
0.012499517
0.012499517
0.012499517
0.012499517
0.012499521
0.012499521
0.01249952
0.01249952
0.01249952
0.012499519
0.012499519
0.012499518
0.012499517
0.012499517
0.012499517
0.012499517
0.012499517
0.012499517
0.012499517
0.012499518
0.012499517
0.012499517
0.012499517
0.012499517
0.012499521
0.012499521
0.01249952
0.01249952
0.01249952
0.01249952
0.012499519
0.012499518
0.012499518
0.012499517
0.012499517
0.012499517
0.012499517
0.012499517
0.012499517
0.012499518
0.012499518
0.012499517
0.012499517
0.012499517
0.012499521
0.012499521
0.01249952
0.01249952
0.01249952
0.01249952
0.012499519
0.012499519
0.012499518
0.012499518
0.012499517
0.012499517
0.012499517
0.012499517
0.012499517
0.012499517
0.012499517
0.012499517
0.012499517
0.012499517
0.012499521
0.012499521
0.01249952
0.01249952
0.01249952
0.012499519
0.012499519
0.012499519
0.012499519
0.012499518
0.012499518
0.012499517
0.012499517
0.012499517
0.012499517
0.012499517
0.012499517
0.012499517
0.012499517
0.012499517
0.012499521
0.012499521
0.01249952
0.01249952
0.01249952
0.012499519
0.012499519
0.012499519
0.012499519
0.012499519
0.012499518
0.012499518
0.012499517
0.012499517
0.012499517
0.012499517
0.012499517
0.012499517
0.012499517
0.012499517
0.012499521
0.012499521
0.01249952
0.01249952
0.01249952
0.012499519
0.012499519
0.012499519
0.012499519
0.012499519
0.012499519
0.012499518
0.012499518
0.012499518
0.012499518
0.012499518
0.012499518
0.012499518
0.012499517
0.012499517
0.012499521
0.012499521
0.012499521
0.01249952
0.01249952
0.01249952
0.012499519
0.012499519
0.012499519
0.012499519
0.012499519
0.012499519
0.012499518
0.012499518
0.012499518
0.012499518
0.012499518
0.012499518
0.012499518
0.012499517
0.012499521
0.012499521
0.012499521
0.01249952
0.01249952
0.01249952
0.012499519
0.012499519
0.012499519
0.012499519
0.012499519
0.012499519
0.012499519
0.012499518
0.012499518
0.012499518
0.012499518
0.012499518
0.012499518
0.012499517
0.012499521
0.012499521
0.012499521
0.01249952
0.01249952
0.01249952
0.01249952
0.012499519
0.012499519
0.012499519
0.012499519
0.012499519
0.012499519
0.012499519
0.012499519
0.012499518
0.012499518
0.012499518
0.012499518
0.012499517
0.012499521
0.012499521
0.012499521
0.01249952
0.01249952
0.01249952
0.01249952
0.01249952
0.012499519
0.012499519
0.012499519
0.012499519
0.012499519
0.012499519
0.012499519
0.012499519
0.012499518
0.012499518
0.012499518
0.012499518
0.012499521
0.01249952
0.01249952
0.01249952
0.01249952
0.01249952
0.01249952
0.01249952
0.01249952
0.012499519
0.012499519
0.012499519
0.012499519
0.012499519
0.012499519
0.012499519
0.012499518
0.012499518
0.012499518
0.012499518
0.01249952
0.012499519
0.012499519
0.012499519
0.012499519
0.012499519
0.012499519
0.012499519
0.012499518
0.012499518
0.012499518
0.012499518
0.012499518
0.012499518
0.012499518
0.012499517
0.012499517
0.012499517
0.012499517
0.012499517
0.01249952
0.01249952
0.01249952
0.012499519
0.012499519
0.012499519
0.012499519
0.012499519
0.012499519
0.012499519
0.012499518
0.012499518
0.012499518
0.012499518
0.012499518
0.012499518
0.012499517
0.012499517
0.012499517
0.012499517
0.01249952
0.01249952
0.01249952
0.01249952
0.012499519
0.012499519
0.012499519
0.012499519
0.012499519
0.012499519
0.012499518
0.012499518
0.012499518
0.012499518
0.012499518
0.012499518
0.012499518
0.012499517
0.012499517
0.012499517
0.01249952
0.01249952
0.01249952
0.01249952
0.01249952
0.012499519
0.012499519
0.012499519
0.012499519
0.012499519
0.012499518
0.012499518
0.012499518
0.012499518
0.012499518
0.012499518
0.012499518
0.012499517
0.012499517
0.012499517
0.01249952
0.01249952
0.01249952
0.01249952
0.01249952
0.012499519
0.012499519
0.012499519
0.012499519
0.012499519
0.012499518
0.012499518
0.012499518
0.012499518
0.012499518
0.012499518
0.012499518
0.012499517
0.012499517
0.012499517
0.01249952
0.01249952
0.01249952
0.01249952
0.01249952
0.012499519
0.012499519
0.012499519
0.012499518
0.012499518
0.012499518
0.012499518
0.012499518
0.012499518
0.012499518
0.012499518
0.012499517
0.012499517
0.012499517
0.012499517
0.01249952
0.01249952
0.01249952
0.01249952
0.01249952
0.012499519
0.012499519
0.012499518
0.012499518
0.012499518
0.012499518
0.012499518
0.012499518
0.012499518
0.012499518
0.012499518
0.012499517
0.012499517
0.012499517
0.012499517
0.012499521
0.01249952
0.01249952
0.01249952
0.01249952
0.012499519
0.012499519
0.012499518
0.012499518
0.012499518
0.012499518
0.012499518
0.012499518
0.012499518
0.012499518
0.012499518
0.012499518
0.012499517
0.012499517
0.012499517
0.012499521
0.012499521
0.01249952
0.01249952
0.01249952
0.012499519
0.012499519
0.012499518
0.012499518
0.012499517
0.012499517
0.012499517
0.012499518
0.012499518
0.012499518
0.012499518
0.012499518
0.012499517
0.012499517
0.012499517
0.012499521
0.012499521
0.01249952
0.01249952
0.01249952
0.01249952
0.012499519
0.012499519
0.012499518
0.012499517
0.012499517
0.012499517
0.012499517
0.012499518
0.012499518
0.012499518
0.012499518
0.012499517
0.012499517
0.012499517
0.012499521
0.012499521
0.01249952
0.01249952
0.01249952
0.01249952
0.012499519
0.012499519
0.012499518
0.012499518
0.012499517
0.012499517
0.012499517
0.012499517
0.012499518
0.012499518
0.012499518
0.012499517
0.012499517
0.012499517
0.012499521
0.012499521
0.01249952
0.01249952
0.01249952
0.01249952
0.012499519
0.012499519
0.012499519
0.012499518
0.012499517
0.012499517
0.012499517
0.012499517
0.012499517
0.012499518
0.012499518
0.012499517
0.012499517
0.012499517
0.012499521
0.012499521
0.012499521
0.01249952
0.01249952
0.01249952
0.01249952
0.012499519
0.012499519
0.012499518
0.012499518
0.012499518
0.012499517
0.012499517
0.012499517
0.012499517
0.012499517
0.012499517
0.012499517
0.012499517
0.012499521
0.012499521
0.012499521
0.01249952
0.01249952
0.01249952
0.01249952
0.012499519
0.012499519
0.012499519
0.012499518
0.012499518
0.012499518
0.012499518
0.012499518
0.012499518
0.012499518
0.012499518
0.012499517
0.012499517
0.012499521
0.012499521
0.012499521
0.012499521
0.01249952
0.01249952
0.01249952
0.012499519
0.012499519
0.012499519
0.012499519
0.012499518
0.012499518
0.012499518
0.012499518
0.012499518
0.012499518
0.012499518
0.012499517
0.012499517
0.012499521
0.012499521
0.012499521
0.012499521
0.01249952
0.01249952
0.01249952
0.01249952
0.012499519
0.012499519
0.012499519
0.012499519
0.012499519
0.012499518
0.012499518
0.012499518
0.012499518
0.012499518
0.012499518
0.012499517
0.012499521
0.012499521
0.012499521
0.012499521
0.01249952
0.01249952
0.01249952
0.01249952
0.012499519
0.012499519
0.012499519
0.012499519
0.012499519
0.012499519
0.012499518
0.012499518
0.012499518
0.012499518
0.012499518
0.012499517
0.012499521
0.012499521
0.012499521
0.012499521
0.01249952
0.01249952
0.01249952
0.01249952
0.01249952
0.012499519
0.012499519
0.012499519
0.012499519
0.012499519
0.012499519
0.012499518
0.012499518
0.012499518
0.012499518
0.012499517
0.012499521
0.012499521
0.012499521
0.01249952
0.01249952
0.01249952
0.01249952
0.01249952
0.01249952
0.012499519
0.012499519
0.012499519
0.012499519
0.012499519
0.012499519
0.012499519
0.012499518
0.012499518
0.012499518
0.012499518
0.012499521
0.01249952
0.01249952
0.01249952
0.01249952
0.01249952
0.01249952
0.01249952
0.01249952
0.01249952
0.012499519
0.012499519
0.012499519
0.012499519
0.012499519
0.012499519
0.012499518
0.012499518
0.012499518
0.012499518
0.01249952
0.012499519
0.012499519
0.012499519
0.012499519
0.012499519
0.012499519
0.012499519
0.012499518
0.012499518
0.012499518
0.012499518
0.012499518
0.012499518
0.012499517
0.012499517
0.012499517
0.012499517
0.012499517
0.012499517
0.01249952
0.01249952
0.01249952
0.012499519
0.012499519
0.012499519
0.012499519
0.012499519
0.012499519
0.012499519
0.012499518
0.012499518
0.012499518
0.012499518
0.012499518
0.012499518
0.012499517
0.012499517
0.012499517
0.012499517
0.01249952
0.01249952
0.01249952
0.01249952
0.01249952
0.012499519
0.012499519
0.012499519
0.012499519
0.012499519
0.012499519
0.012499519
0.012499518
0.012499518
0.012499518
0.012499518
0.012499518
0.012499517
0.012499517
0.012499517
0.01249952
0.01249952
0.01249952
0.01249952
0.01249952
0.01249952
0.012499519
0.012499519
0.012499519
0.012499519
0.012499519
0.012499519
0.012499519
0.012499519
0.012499518
0.012499518
0.012499518
0.012499518
0.012499517
0.012499517
0.01249952
0.01249952
0.01249952
0.01249952
0.01249952
0.01249952
0.01249952
0.012499519
0.012499519
0.012499519
0.012499519
0.012499519
0.012499519
0.012499519
0.012499518
0.012499518
0.012499518
0.012499518
0.012499517
0.012499517
0.01249952
0.01249952
0.01249952
0.01249952
0.01249952
0.01249952
0.01249952
0.012499519
0.012499519
0.012499519
0.012499519
0.012499519
0.012499519
0.012499519
0.012499519
0.012499518
0.012499518
0.012499518
0.012499517
0.012499517
0.01249952
0.01249952
0.01249952
0.01249952
0.01249952
0.01249952
0.01249952
0.012499519
0.012499519
0.012499519
0.012499519
0.012499519
0.012499519
0.012499519
0.012499518
0.012499518
0.012499518
0.012499518
0.012499517
0.012499517
0.012499521
0.01249952
0.01249952
0.01249952
0.01249952
0.01249952
0.01249952
0.012499519
0.012499519
0.012499519
0.012499518
0.012499518
0.012499518
0.012499518
0.012499518
0.012499518
0.012499518
0.012499518
0.012499517
0.012499517
0.012499521
0.012499521
0.01249952
0.01249952
0.01249952
0.01249952
0.01249952
0.012499519
0.012499519
0.012499519
0.012499518
0.012499518
0.012499518
0.012499518
0.012499518
0.012499518
0.012499518
0.012499518
0.012499517
0.012499517
0.012499521
0.012499521
0.01249952
0.01249952
0.01249952
0.01249952
0.01249952
0.012499519
0.012499519
0.012499519
0.012499518
0.012499518
0.012499518
0.012499518
0.012499518
0.012499518
0.012499518
0.012499518
0.012499517
0.012499517
0.012499521
0.012499521
0.012499521
0.01249952
0.01249952
0.01249952
0.01249952
0.012499519
0.012499519
0.012499519
0.012499518
0.012499518
0.012499518
0.012499518
0.012499518
0.012499518
0.012499518
0.012499518
0.012499517
0.012499517
0.012499521
0.012499521
0.012499521
0.012499521
0.01249952
0.01249952
0.01249952
0.01249952
0.012499519
0.012499519
0.012499519
0.012499518
0.012499518
0.012499518
0.012499518
0.012499518
0.012499518
0.012499518
0.012499517
0.012499517
0.012499521
0.012499521
0.012499521
0.012499521
0.01249952
0.01249952
0.01249952
0.01249952
0.012499519
0.012499519
0.012499519
0.012499519
0.012499518
0.012499518
0.012499518
0.012499518
0.012499518
0.012499518
0.012499517
0.012499517
0.012499521
0.012499521
0.012499521
0.012499521
0.012499521
0.01249952
0.01249952
0.01249952
0.01249952
0.012499519
0.012499519
0.012499519
0.012499519
0.012499518
0.012499518
0.012499518
0.012499518
0.012499518
0.012499517
0.012499517
0.012499521
0.012499521
0.012499521
0.012499521
0.012499521
0.012499521
0.01249952
0.01249952
0.01249952
0.012499519
0.012499519
0.012499519
0.012499519
0.012499519
0.012499518
0.012499518
0.012499518
0.012499518
0.012499518
0.012499517
0.012499521
0.012499521
0.012499521
0.012499521
0.012499521
0.012499521
0.01249952
0.01249952
0.01249952
0.012499519
0.012499519
0.012499519
0.012499519
0.012499519
0.012499519
0.012499518
0.012499518
0.012499518
0.012499518
0.012499517
0.012499521
0.012499521
0.012499521
0.012499521
0.012499521
0.012499521
0.01249952
0.01249952
0.01249952
0.012499519
0.012499519
0.012499519
0.012499519
0.012499519
0.012499519
0.012499519
0.012499518
0.012499518
0.012499518
0.012499517
0.012499521
0.012499521
0.012499521
0.012499521
0.012499521
0.01249952
0.01249952
0.01249952
0.01249952
0.01249952
0.012499519
0.012499519
0.012499519
0.012499519
0.012499519
0.012499519
0.012499518
0.012499518
0.012499518
0.012499517
0.012499521
0.012499521
0.012499521
0.01249952
0.01249952
0.01249952
0.01249952
0.01249952
0.01249952
0.01249952
0.012499519
0.012499519
0.012499519
0.012499519
0.012499519
0.012499519
0.012499518
0.012499518
0.012499518
0.012499518
0.012499521
0.01249952
0.01249952
0.01249952
0.01249952
0.01249952
0.01249952
0.01249952
0.01249952
0.01249952
0.012499519
0.012499519
0.012499519
0.012499519
0.012499519
0.012499519
0.012499518
0.012499518
0.012499518
0.012499518
0.01249952
0.012499519
0.012499519
0.012499519
0.012499519
0.012499519
0.012499519
0.012499519
0.012499518
0.012499518
0.012499518
0.012499518
0.012499518
0.012499518
0.012499517
0.012499517
0.012499517
0.012499517
0.012499517
0.012499517
0.01249952
0.01249952
0.01249952
0.012499519
0.012499519
0.012499519
0.012499519
0.012499519
0.012499519
0.012499519
0.012499519
0.012499518
0.012499518
0.012499518
0.012499518
0.012499518
0.012499517
0.012499517
0.012499517
0.012499517
0.01249952
0.01249952
0.01249952
0.01249952
0.01249952
0.01249952
0.012499519
0.012499519
0.012499519
0.012499519
0.012499519
0.012499519
0.012499519
0.012499519
0.012499518
0.012499518
0.012499518
0.012499517
0.012499517
0.012499517
0.01249952
0.01249952
0.01249952
0.01249952
0.01249952
0.01249952
0.01249952
0.012499519
0.012499519
0.012499519
0.012499519
0.012499519
0.012499519
0.012499519
0.012499519
0.012499518
0.012499518
0.012499518
0.012499517
0.012499517
0.01249952
0.01249952
0.01249952
0.01249952
0.01249952
0.01249952
0.01249952
0.01249952
0.012499519
0.012499519
0.012499519
0.012499519
0.012499519
0.012499519
0.012499519
0.012499519
0.012499518
0.012499518
0.012499517
0.012499517
0.01249952
0.01249952
0.01249952
0.01249952
0.012499521
0.012499521
0.01249952
0.01249952
0.01249952
0.012499519
0.012499519
0.012499519
0.012499519
0.012499519
0.012499519
0.012499519
0.012499518
0.012499518
0.012499517
0.012499517
0.01249952
0.01249952
0.01249952
0.012499521
0.012499521
0.012499521
0.012499521
0.01249952
0.01249952
0.01249952
0.012499519
0.012499519
0.012499519
0.012499519
0.012499519
0.012499519
0.012499518
0.012499518
0.012499517
0.012499517
0.012499521
0.012499521
0.01249952
0.01249952
0.012499521
0.012499521
0.012499521
0.01249952
0.01249952
0.01249952
0.012499519
0.012499519
0.012499519
0.012499519
0.012499519
0.012499519
0.012499518
0.012499518
0.012499518
0.012499517
0.012499521
0.012499521
0.012499521
0.01249952
0.01249952
0.012499521
0.012499521
0.012499521
0.01249952
0.01249952
0.01249952
0.012499519
0.012499519
0.012499519
0.012499519
0.012499518
0.012499518
0.012499518
0.012499518
0.012499517
0.012499521
0.012499521
0.012499521
0.01249952
0.01249952
0.01249952
0.01249952
0.01249952
0.01249952
0.01249952
0.01249952
0.012499519
0.012499519
0.012499519
0.012499518
0.012499518
0.012499518
0.012499518
0.012499518
0.012499517
0.012499521
0.012499521
0.012499521
0.012499521
0.01249952
0.01249952
0.01249952
0.01249952
0.01249952
0.01249952
0.01249952
0.01249952
0.012499519
0.012499519
0.012499519
0.012499518
0.012499518
0.012499518
0.012499517
0.012499517
0.012499521
0.012499521
0.012499521
0.012499521
0.012499521
0.01249952
0.01249952
0.01249952
0.01249952
0.01249952
0.01249952
0.01249952
0.012499519
0.012499519
0.012499519
0.012499518
0.012499518
0.012499518
0.012499517
0.012499517
0.012499521
0.012499521
0.012499521
0.012499521
0.012499521
0.012499521
0.01249952
0.01249952
0.01249952
0.01249952
0.01249952
0.01249952
0.01249952
0.012499519
0.012499519
0.012499518
0.012499518
0.012499518
0.012499517
0.012499517
0.012499521
0.012499521
0.012499521
0.012499521
0.012499521
0.012499521
0.012499521
0.01249952
0.01249952
0.01249952
0.01249952
0.01249952
0.01249952
0.012499519
0.012499519
0.012499519
0.012499518
0.012499518
0.012499517
0.012499517
0.012499521
0.012499521
0.012499521
0.012499521
0.012499521
0.012499521
0.012499521
0.01249952
0.01249952
0.01249952
0.01249952
0.01249952
0.01249952
0.012499519
0.012499519
0.012499519
0.012499518
0.012499518
0.012499518
0.012499517
0.012499521
0.012499521
0.012499521
0.012499521
0.012499521
0.012499521
0.012499521
0.01249952
0.01249952
0.01249952
0.012499519
0.012499519
0.012499519
0.012499519
0.012499519
0.012499519
0.012499518
0.012499518
0.012499518
0.012499517
0.012499521
0.012499521
0.012499521
0.012499521
0.012499521
0.012499521
0.012499521
0.01249952
0.01249952
0.01249952
0.012499519
0.012499519
0.012499519
0.012499519
0.012499519
0.012499519
0.012499518
0.012499518
0.012499518
0.012499517
0.012499521
0.012499521
0.012499521
0.012499521
0.012499521
0.012499521
0.01249952
0.01249952
0.01249952
0.01249952
0.012499519
0.012499519
0.012499519
0.012499519
0.012499519
0.012499519
0.012499518
0.012499518
0.012499518
0.012499517
0.012499521
0.01249952
0.01249952
0.01249952
0.01249952
0.01249952
0.01249952
0.01249952
0.01249952
0.01249952
0.01249952
0.012499519
0.012499519
0.012499519
0.012499519
0.012499519
0.012499518
0.012499518
0.012499518
0.012499518
0.012499521
0.01249952
0.01249952
0.01249952
0.01249952
0.01249952
0.01249952
0.01249952
0.01249952
0.01249952
0.01249952
0.012499519
0.012499519
0.012499519
0.012499519
0.012499519
0.012499518
0.012499518
0.012499518
0.012499518
0.01249952
0.012499519
0.012499519
0.012499519
0.012499519
0.012499519
0.012499519
0.012499519
0.012499518
0.012499518
0.012499518
0.012499518
0.012499518
0.012499518
0.012499518
0.012499517
0.012499517
0.012499517
0.012499517
0.012499517
0.01249952
0.01249952
0.01249952
0.012499519
0.012499519
0.012499519
0.012499519
0.012499519
0.012499519
0.012499519
0.012499519
0.012499518
0.012499518
0.012499518
0.012499518
0.012499518
0.012499517
0.012499517
0.012499517
0.012499517
0.01249952
0.01249952
0.01249952
0.01249952
0.01249952
0.01249952
0.012499519
0.012499519
0.012499519
0.012499519
0.012499519
0.012499519
0.012499519
0.012499519
0.012499518
0.012499518
0.012499518
0.012499517
0.012499517
0.012499517
0.01249952
0.01249952
0.01249952
0.01249952
0.01249952
0.01249952
0.01249952
0.01249952
0.012499519
0.012499519
0.012499519
0.012499519
0.012499519
0.012499519
0.012499519
0.012499518
0.012499518
0.012499517
0.012499517
0.012499517
0.01249952
0.01249952
0.01249952
0.01249952
0.01249952
0.012499521
0.01249952
0.01249952
0.01249952
0.01249952
0.012499519
0.012499519
0.012499519
0.012499519
0.012499519
0.012499519
0.012499518
0.012499518
0.012499517
0.012499517
0.01249952
0.01249952
0.012499521
0.012499521
0.012499521
0.012499521
0.012499521
0.012499521
0.01249952
0.01249952
0.01249952
0.012499519
0.012499519
0.012499519
0.012499519
0.012499519
0.012499519
0.012499518
0.012499517
0.012499517
0.012499521
0.012499521
0.012499521
0.012499521
0.012499521
0.012499521
0.012499521
0.012499521
0.012499521
0.01249952
0.01249952
0.01249952
0.012499519
0.012499519
0.012499519
0.012499519
0.012499519
0.012499518
0.012499518
0.012499517
0.012499521
0.012499521
0.012499521
0.012499521
0.012499521
0.012499521
0.012499521
0.012499521
0.012499521
0.012499521
0.012499521
0.01249952
0.01249952
0.012499519
0.012499519
0.012499519
0.012499519
0.012499518
0.012499518
0.012499517
0.012499521
0.012499521
0.012499521
0.012499521
0.012499521
0.012499521
0.012499521
0.012499522
0.012499522
0.012499521
0.012499521
0.01249952
0.01249952
0.012499519
0.012499519
0.012499519
0.012499518
0.012499518
0.012499518
0.012499517
0.012499521
0.012499521
0.012499521
0.012499521
0.012499521
0.012499521
0.012499521
0.012499522
0.012499522
0.012499522
0.012499521
0.012499521
0.01249952
0.01249952
0.012499519
0.012499519
0.012499518
0.012499518
0.012499518
0.012499517
0.012499521
0.012499521
0.012499521
0.012499521
0.012499521
0.012499521
0.012499521
0.012499521
0.012499521
0.012499522
0.012499522
0.012499521
0.012499521
0.01249952
0.012499519
0.012499519
0.012499518
0.012499518
0.012499518
0.012499517
0.012499521
0.012499521
0.012499521
0.012499521
0.012499521
0.012499521
0.012499521
0.012499521
0.012499521
0.012499521
0.012499521
0.012499521
0.012499521
0.01249952
0.012499519
0.012499519
0.012499518
0.012499518
0.012499518
0.012499517
0.012499521
0.012499521
0.012499521
0.012499521
0.012499521
0.012499521
0.012499521
0.012499521
0.012499521
0.012499521
0.012499521
0.012499521
0.012499521
0.01249952
0.01249952
0.012499519
0.012499518
0.012499518
0.012499518
0.012499517
0.012499521
0.012499521
0.012499521
0.012499521
0.012499521
0.012499521
0.012499521
0.012499521
0.012499521
0.012499521
0.012499521
0.012499521
0.012499521
0.01249952
0.01249952
0.012499519
0.012499519
0.012499518
0.012499518
0.012499517
0.012499521
0.012499521
0.012499521
0.012499521
0.012499521
0.012499521
0.012499521
0.012499521
0.012499521
0.01249952
0.01249952
0.01249952
0.01249952
0.01249952
0.01249952
0.012499519
0.012499519
0.012499518
0.012499518
0.012499517
0.012499521
0.012499521
0.012499521
0.012499521
0.012499521
0.012499521
0.012499521
0.012499521
0.01249952
0.01249952
0.01249952
0.01249952
0.01249952
0.01249952
0.012499519
0.012499519
0.012499519
0.012499518
0.012499518
0.012499517
0.012499521
0.012499521
0.012499521
0.012499521
0.012499521
0.012499521
0.012499521
0.012499521
0.01249952
0.01249952
0.01249952
0.01249952
0.01249952
0.012499519
0.012499519
0.012499519
0.012499519
0.012499518
0.012499518
0.012499517
0.012499521
0.012499521
0.01249952
0.012499521
0.012499521
0.012499521
0.012499521
0.01249952
0.01249952
0.01249952
0.01249952
0.01249952
0.012499519
0.012499519
0.012499519
0.012499519
0.012499518
0.012499518
0.012499518
0.012499517
0.012499521
0.01249952
0.01249952
0.01249952
0.01249952
0.01249952
0.01249952
0.01249952
0.01249952
0.01249952
0.01249952
0.012499519
0.012499519
0.012499519
0.012499519
0.012499519
0.012499518
0.012499518
0.012499518
0.012499518
0.01249952
0.01249952
0.01249952
0.01249952
0.01249952
0.01249952
0.01249952
0.01249952
0.01249952
0.01249952
0.01249952
0.012499519
0.012499519
0.012499519
0.012499519
0.012499519
0.012499518
0.012499518
0.012499518
0.012499518
0.01249952
0.012499519
0.012499519
0.012499519
0.012499519
0.012499519
0.012499519
0.012499519
0.012499518
0.012499518
0.012499518
0.012499518
0.012499518
0.012499518
0.012499518
0.012499517
0.012499517
0.012499517
0.012499517
0.012499517
0.01249952
0.01249952
0.01249952
0.012499519
0.012499519
0.012499519
0.012499519
0.012499519
0.012499519
0.012499519
0.012499519
0.012499518
0.012499518
0.012499518
0.012499518
0.012499518
0.012499517
0.012499517
0.012499517
0.012499517
0.01249952
0.01249952
0.01249952
0.01249952
0.01249952
0.01249952
0.01249952
0.01249952
0.012499519
0.012499519
0.012499519
0.012499519
0.012499519
0.012499519
0.012499518
0.012499518
0.012499517
0.012499517
0.012499517
0.012499517
0.01249952
0.01249952
0.01249952
0.01249952
0.01249952
0.01249952
0.01249952
0.01249952
0.01249952
0.01249952
0.012499519
0.012499519
0.012499519
0.012499519
0.012499519
0.012499518
0.012499518
0.012499517
0.012499517
0.012499517
0.01249952
0.01249952
0.01249952
0.01249952
0.01249952
0.012499521
0.012499521
0.012499521
0.01249952
0.01249952
0.01249952
0.01249952
0.012499519
0.012499519
0.012499519
0.012499519
0.012499518
0.012499518
0.012499517
0.012499517
0.01249952
0.012499521
0.012499521
0.012499521
0.012499521
0.012499521
0.012499521
0.012499521
0.012499521
0.012499521
0.01249952
0.01249952
0.01249952
0.012499519
0.012499519
0.012499519
0.012499518
0.012499518
0.012499517
0.012499517
0.012499521
0.012499521
0.012499521
0.012499521
0.012499521
0.012499521
0.012499522
0.012499522
0.012499521
0.012499521
0.012499521
0.01249952
0.01249952
0.01249952
0.012499519
0.012499519
0.012499519
0.012499518
0.012499517
0.012499517
0.012499521
0.012499521
0.012499521
0.012499521
0.012499521
0.012499522
0.012499522
0.012499522
0.012499522
0.012499522
0.012499521
0.012499521
0.01249952
0.01249952
0.012499519
0.012499519
0.012499519
0.012499518
0.012499518
0.012499517
0.012499521
0.012499521
0.012499521
0.012499521
0.012499521
0.012499522
0.012499522
0.012499522
0.012499522
0.012499522
0.012499522
0.012499521
0.012499521
0.01249952
0.012499519
0.012499519
0.012499519
0.012499518
0.012499518
0.012499517
0.012499521
0.012499521
0.012499521
0.012499521
0.012499521
0.012499522
0.012499522
0.012499522
0.012499522
0.012499523
0.012499522
0.012499522
0.012499521
0.01249952
0.01249952
0.012499519
0.012499519
0.012499518
0.012499518
0.012499517
0.012499521
0.012499521
0.012499521
0.012499521
0.012499521
0.012499522
0.012499522
0.012499522
0.012499522
0.012499522
0.012499522
0.012499522
0.012499521
0.012499521
0.01249952
0.012499519
0.012499519
0.012499518
0.012499518
0.012499517
0.012499521
0.012499521
0.012499521
0.012499521
0.012499521
0.012499522
0.012499522
0.012499522
0.012499522
0.012499522
0.012499522
0.012499522
0.012499522
0.012499521
0.01249952
0.012499519
0.012499519
0.012499518
0.012499518
0.012499517
0.012499521
0.012499521
0.012499521
0.012499521
0.012499521
0.012499522
0.012499521
0.012499521
0.012499522
0.012499522
0.012499522
0.012499522
0.012499521
0.012499521
0.01249952
0.012499519
0.012499519
0.012499518
0.012499518
0.012499517
0.012499521
0.012499521
0.012499521
0.012499521
0.012499521
0.012499521
0.012499521
0.012499521
0.012499521
0.012499521
0.012499521
0.012499521
0.012499521
0.012499521
0.01249952
0.012499519
0.012499519
0.012499518
0.012499518
0.012499517
0.012499521
0.012499521
0.012499521
0.012499521
0.012499521
0.012499521
0.012499521
0.012499521
0.012499521
0.012499521
0.012499521
0.012499521
0.012499521
0.01249952
0.01249952
0.012499519
0.012499519
0.012499518
0.012499518
0.012499517
0.012499521
0.012499521
0.012499521
0.012499521
0.012499521
0.012499521
0.012499521
0.012499521
0.012499521
0.012499521
0.01249952
0.01249952
0.01249952
0.01249952
0.01249952
0.012499519
0.012499519
0.012499518
0.012499518
0.012499517
0.012499521
0.012499521
0.012499521
0.012499521
0.012499521
0.012499521
0.012499521
0.012499521
0.012499521
0.01249952
0.01249952
0.01249952
0.01249952
0.01249952
0.012499519
0.012499519
0.012499519
0.012499518
0.012499518
0.012499517
0.012499521
0.012499521
0.01249952
0.01249952
0.01249952
0.012499521
0.012499521
0.01249952
0.01249952
0.01249952
0.01249952
0.01249952
0.01249952
0.012499519
0.012499519
0.012499519
0.012499518
0.012499518
0.012499518
0.012499517
0.012499521
0.01249952
0.01249952
0.01249952
0.01249952
0.01249952
0.01249952
0.01249952
0.01249952
0.01249952
0.01249952
0.01249952
0.012499519
0.012499519
0.012499519
0.012499519
0.012499518
0.012499518
0.012499518
0.012499518
0.01249952
0.01249952
0.01249952
0.01249952
0.01249952
0.01249952
0.01249952
0.01249952
0.01249952
0.01249952
0.012499519
0.012499519
0.012499519
0.012499519
0.012499519
0.012499519
0.012499518
0.012499518
0.012499518
0.012499518
0.01249952
0.012499519
0.012499519
0.012499519
0.012499519
0.012499519
0.012499519
0.012499519
0.012499518
0.012499518
0.012499518
0.012499518
0.012499518
0.012499518
0.012499518
0.012499517
0.012499517
0.012499517
0.012499517
0.012499517
0.01249952
0.01249952
0.012499519
0.012499519
0.012499519
0.012499519
0.012499519
0.012499519
0.012499519
0.012499519
0.012499518
0.012499518
0.012499518
0.012499518
0.012499518
0.012499518
0.012499517
0.012499517
0.012499517
0.012499517
0.01249952
0.01249952
0.01249952
0.01249952
0.01249952
0.012499519
0.012499519
0.012499519
0.012499519
0.012499519
0.012499519
0.012499519
0.012499518
0.012499518
0.012499518
0.012499518
0.012499517
0.012499517
0.012499517
0.012499517
0.01249952
0.01249952
0.01249952
0.01249952
0.01249952
0.01249952
0.01249952
0.01249952
0.01249952
0.012499519
0.012499519
0.012499519
0.012499519
0.012499518
0.012499518
0.012499518
0.012499517
0.012499517
0.012499517
0.012499517
0.01249952
0.01249952
0.01249952
0.01249952
0.01249952
0.01249952
0.01249952
0.01249952
0.01249952
0.01249952
0.01249952
0.012499519
0.012499519
0.012499519
0.012499518
0.012499518
0.012499518
0.012499517
0.012499517
0.012499517
0.01249952
0.01249952
0.01249952
0.01249952
0.01249952
0.01249952
0.01249952
0.012499521
0.01249952
0.01249952
0.01249952
0.01249952
0.012499519
0.012499519
0.012499518
0.012499518
0.012499518
0.012499517
0.012499517
0.012499517
0.012499521
0.012499521
0.012499521
0.012499521
0.012499521
0.012499521
0.012499521
0.012499521
0.012499521
0.012499521
0.01249952
0.01249952
0.012499519
0.012499519
0.012499519
0.012499518
0.012499518
0.012499518
0.012499517
0.012499517
0.012499521
0.012499521
0.012499521
0.012499521
0.012499521
0.012499521
0.012499521
0.012499521
0.012499521
0.012499521
0.012499521
0.01249952
0.01249952
0.012499519
0.012499519
0.012499518
0.012499518
0.012499518
0.012499517
0.012499517
0.012499521
0.012499521
0.012499521
0.012499521
0.012499521
0.012499521
0.012499521
0.012499522
0.012499522
0.012499522
0.012499521
0.012499521
0.01249952
0.01249952
0.012499519
0.012499519
0.012499518
0.012499518
0.012499517
0.012499517
0.012499521
0.012499521
0.012499521
0.012499521
0.012499521
0.012499521
0.012499521
0.012499522
0.012499522
0.012499522
0.012499522
0.012499521
0.012499521
0.01249952
0.012499519
0.012499519
0.012499518
0.012499518
0.012499517
0.012499517
0.012499521
0.012499521
0.012499521
0.012499521
0.012499521
0.012499521
0.012499521
0.012499522
0.012499522
0.012499522
0.012499522
0.012499521
0.012499521
0.01249952
0.01249952
0.012499519
0.012499519
0.012499518
0.012499517
0.012499517
0.012499521
0.012499521
0.012499521
0.012499521
0.012499521
0.012499521
0.012499521
0.012499521
0.012499521
0.012499522
0.012499522
0.012499521
0.012499521
0.01249952
0.01249952
0.012499519
0.012499519
0.012499518
0.012499518
0.012499517
0.012499521
0.012499521
0.012499521
0.012499521
0.012499521
0.012499521
0.012499521
0.012499521
0.012499521
0.012499521
0.012499521
0.012499521
0.012499521
0.01249952
0.01249952
0.012499519
0.012499519
0.012499518
0.012499518
0.012499517
0.012499521
0.012499521
0.012499521
0.012499521
0.012499521
0.012499521
0.012499521
0.012499521
0.012499521
0.012499521
0.012499521
0.012499521
0.01249952
0.01249952
0.012499519
0.012499519
0.012499519
0.012499518
0.012499518
0.012499517
0.012499521
0.012499521
0.012499521
0.012499521
0.012499521
0.012499521
0.012499521
0.012499521
0.012499521
0.012499521
0.012499521
0.01249952
0.01249952
0.01249952
0.012499519
0.012499519
0.012499518
0.012499518
0.012499518
0.012499517
0.012499521
0.012499521
0.012499521
0.01249952
0.01249952
0.012499521
0.012499521
0.012499521
0.012499521
0.01249952
0.01249952
0.01249952
0.01249952
0.012499519
0.012499519
0.012499519
0.012499518
0.012499518
0.012499518
0.012499517
0.012499521
0.012499521
0.012499521
0.01249952
0.01249952
0.01249952
0.01249952
0.01249952
0.01249952
0.01249952
0.01249952
0.01249952
0.01249952
0.012499519
0.012499519
0.012499519
0.012499518
0.012499518
0.012499518
0.012499517
0.012499521
0.012499521
0.01249952
0.01249952
0.01249952
0.01249952
0.01249952
0.01249952
0.01249952
0.01249952
0.01249952
0.01249952
0.012499519
0.012499519
0.012499519
0.012499519
0.012499518
0.012499518
0.012499518
0.012499517
0.012499521
0.01249952
0.01249952
0.01249952
0.01249952
0.01249952
0.01249952
0.01249952
0.01249952
0.01249952
0.01249952
0.012499519
0.012499519
0.012499519
0.012499519
0.012499519
0.012499518
0.012499518
0.012499518
0.012499518
0.01249952
0.01249952
0.01249952
0.01249952
0.01249952
0.01249952
0.01249952
0.01249952
0.01249952
0.01249952
0.012499519
0.012499519
0.012499519
0.012499519
0.012499519
0.012499519
0.012499518
0.012499518
0.012499518
0.012499518
0.01249952
0.012499519
0.012499519
0.012499519
0.012499519
0.012499519
0.012499519
0.012499518
0.012499518
0.012499518
0.012499518
0.012499518
0.012499518
0.012499518
0.012499518
0.012499517
0.012499517
0.012499517
0.012499517
0.012499517
0.01249952
0.01249952
0.012499519
0.012499519
0.012499519
0.012499519
0.012499519
0.012499519
0.012499519
0.012499518
0.012499518
0.012499518
0.012499518
0.012499518
0.012499517
0.012499517
0.012499517
0.012499517
0.012499517
0.012499517
0.01249952
0.01249952
0.01249952
0.012499519
0.012499519
0.012499519
0.012499519
0.012499519
0.012499519
0.012499519
0.012499518
0.012499518
0.012499518
0.012499517
0.012499517
0.012499517
0.012499517
0.012499517
0.012499517
0.012499517
0.01249952
0.01249952
0.01249952
0.012499519
0.012499519
0.012499519
0.012499519
0.012499519
0.012499519
0.012499519
0.012499519
0.012499518
0.012499518
0.012499517
0.012499517
0.012499517
0.012499517
0.012499517
0.012499517
0.012499517
0.01249952
0.01249952
0.01249952
0.01249952
0.012499519
0.012499519
0.012499519
0.012499519
0.012499519
0.012499519
0.012499519
0.012499518
0.012499518
0.012499518
0.012499517
0.012499517
0.012499517
0.012499517
0.012499517
0.012499517
0.01249952
0.01249952
0.01249952
0.01249952
0.01249952
0.012499519
0.012499519
0.012499519
0.012499519
0.012499519
0.012499519
0.012499519
0.012499518
0.012499518
0.012499517
0.012499517
0.012499517
0.012499517
0.012499517
0.012499517
0.01249952
0.01249952
0.01249952
0.01249952
0.01249952
0.01249952
0.012499519
0.012499519
0.012499519
0.012499519
0.012499519
0.012499519
0.012499518
0.012499518
0.012499518
0.012499517
0.012499517
0.012499517
0.012499517
0.012499517
0.012499521
0.01249952
0.01249952
0.01249952
0.01249952
0.01249952
0.01249952
0.01249952
0.012499519
0.012499519
0.012499519
0.012499519
0.012499519
0.012499518
0.012499518
0.012499518
0.012499517
0.012499517
0.012499517
0.012499517
0.012499521
0.01249952
0.01249952
0.01249952
0.01249952
0.01249952
0.01249952
0.01249952
0.01249952
0.012499519
0.012499519
0.012499519
0.012499519
0.012499518
0.012499518
0.012499518
0.012499517
0.012499517
0.012499517
0.012499517
0.012499521
0.01249952
0.01249952
0.01249952
0.01249952
0.01249952
0.01249952
0.01249952
0.01249952
0.01249952
0.012499519
0.012499519
0.012499519
0.012499519
0.012499518
0.012499518
0.012499518
0.012499517
0.012499517
0.012499517
0.012499521
0.01249952
0.01249952
0.01249952
0.01249952
0.01249952
0.01249952
0.01249952
0.01249952
0.01249952
0.012499519
0.012499519
0.012499519
0.012499519
0.012499518
0.012499518
0.012499518
0.012499518
0.012499517
0.012499517
0.012499521
0.01249952
0.01249952
0.01249952
0.01249952
0.01249952
0.01249952
0.01249952
0.01249952
0.01249952
0.012499519
0.012499519
0.012499519
0.012499519
0.012499518
0.012499518
0.012499518
0.012499518
0.012499517
0.012499517
0.012499521
0.01249952
0.01249952
0.01249952
0.01249952
0.01249952
0.01249952
0.01249952
0.01249952
0.01249952
0.012499519
0.012499519
0.012499519
0.012499518
0.012499518
0.012499518
0.012499518
0.012499518
0.012499517
0.012499517
0.012499521
0.012499521
0.01249952
0.01249952
0.01249952
0.01249952
0.01249952
0.01249952
0.01249952
0.01249952
0.012499519
0.012499519
0.012499519
0.012499518
0.012499518
0.012499518
0.012499518
0.012499518
0.012499517
0.012499517
0.012499521
0.012499521
0.01249952
0.01249952
0.01249952
0.01249952
0.01249952
0.01249952
0.01249952
0.01249952
0.012499519
0.012499519
0.012499519
0.012499518
0.012499518
0.012499518
0.012499518
0.012499518
0.012499517
0.012499517
0.012499521
0.012499521
0.01249952
0.01249952
0.01249952
0.01249952
0.01249952
0.01249952
0.01249952
0.01249952
0.012499519
0.012499519
0.012499519
0.012499519
0.012499518
0.012499518
0.012499518
0.012499518
0.012499517
0.012499517
0.012499521
0.012499521
0.01249952
0.01249952
0.01249952
0.01249952
0.01249952
0.01249952
0.01249952
0.01249952
0.012499519
0.012499519
0.012499519
0.012499519
0.012499518
0.012499518
0.012499518
0.012499518
0.012499518
0.012499517
0.012499521
0.012499521
0.01249952
0.01249952
0.01249952
0.01249952
0.01249952
0.01249952
0.012499519
0.012499519
0.012499519
0.012499519
0.012499519
0.012499519
0.012499519
0.012499518
0.012499518
0.012499518
0.012499518
0.012499517
0.012499521
0.01249952
0.01249952
0.01249952
0.01249952
0.01249952
0.01249952
0.01249952
0.012499519
0.012499519
0.012499519
0.012499519
0.012499519
0.012499519
0.012499519
0.012499518
0.012499518
0.012499518
0.012499518
0.012499518
0.012499521
0.01249952
0.01249952
0.01249952
0.01249952
0.01249952
0.01249952
0.01249952
0.01249952
0.012499519
0.012499519
0.012499519
0.012499519
0.012499519
0.012499519
0.012499519
0.012499518
0.012499518
0.012499518
0.012499518
0.01249952
0.012499519
0.012499519
0.012499519
0.012499519
0.012499519
0.012499519
0.012499518
0.012499518
0.012499518
0.012499518
0.012499518
0.012499518
0.012499518
0.012499518
0.012499517
0.012499517
0.012499517
0.012499517
0.012499517
0.01249952
0.01249952
0.012499519
0.012499519
0.012499519
0.012499519
0.012499519
0.012499519
0.012499519
0.012499518
0.012499518
0.012499518
0.012499518
0.012499517
0.012499517
0.012499517
0.012499517
0.012499517
0.012499517
0.012499517
0.01249952
0.01249952
0.01249952
0.012499519
0.012499519
0.012499519
0.012499519
0.012499519
0.012499519
0.012499518
0.012499518
0.012499518
0.012499517
0.012499517
0.012499517
0.012499517
0.012499517
0.012499517
0.012499517
0.012499517
0.01249952
0.01249952
0.01249952
0.012499519
0.012499519
0.012499519
0.012499519
0.012499519
0.012499519
0.012499519
0.012499518
0.012499518
0.012499517
0.012499517
0.012499517
0.012499517
0.012499517
0.012499517
0.012499517
0.012499517
0.01249952
0.01249952
0.01249952
0.01249952
0.012499519
0.012499519
0.012499519
0.012499519
0.012499519
0.012499519
0.012499518
0.012499518
0.012499518
0.012499517
0.012499517
0.012499517
0.012499517
0.012499517
0.012499517
0.012499517
0.01249952
0.01249952
0.01249952
0.01249952
0.012499519
0.012499519
0.012499519
0.012499519
0.012499519
0.012499519
0.012499518
0.012499518
0.012499518
0.012499517
0.012499517
0.012499517
0.012499517
0.012499517
0.012499517
0.012499517
0.01249952
0.01249952
0.01249952
0.01249952
0.012499519
0.012499519
0.012499519
0.012499518
0.012499518
0.012499518
0.012499518
0.012499518
0.012499518
0.012499518
0.012499517
0.012499517
0.012499517
0.012499517
0.012499517
0.012499517
0.01249952
0.01249952
0.01249952
0.01249952
0.01249952
0.012499519
0.012499519
0.012499518
0.012499518
0.012499518
0.012499518
0.012499518
0.012499518
0.012499518
0.012499517
0.012499517
0.012499517
0.012499517
0.012499517
0.012499517
0.012499521
0.01249952
0.01249952
0.01249952
0.01249952
0.012499519
0.012499519
0.012499518
0.012499518
0.012499518
0.012499518
0.012499518
0.012499518
0.012499518
0.012499518
0.012499517
0.012499517
0.012499517
0.012499517
0.012499517
0.012499521
0.01249952
0.01249952
0.01249952
0.01249952
0.01249952
0.012499519
0.012499519
0.012499518
0.012499518
0.012499518
0.012499518
0.012499518
0.012499518
0.012499518
0.012499518
0.012499517
0.012499517
0.012499517
0.012499517
0.012499521
0.01249952
0.01249952
0.01249952
0.01249952
0.01249952
0.012499519
0.012499519
0.012499519
0.012499518
0.012499518
0.012499518
0.012499518
0.012499518
0.012499518
0.012499518
0.012499518
0.012499517
0.012499517
0.012499517
0.012499521
0.01249952
0.01249952
0.01249952
0.01249952
0.01249952
0.012499519
0.012499519
0.012499519
0.012499518
0.012499518
0.012499518
0.012499517
0.012499517
0.012499518
0.012499518
0.012499518
0.012499517
0.012499517
0.012499517
0.012499521
0.01249952
0.01249952
0.01249952
0.01249952
0.012499519
0.012499519
0.012499519
0.012499519
0.012499519
0.012499518
0.012499518
0.012499517
0.012499517
0.012499517
0.012499518
0.012499518
0.012499517
0.012499517
0.012499517
0.012499521
0.01249952
0.01249952
0.01249952
0.012499519
0.012499519
0.012499519
0.012499519
0.012499519
0.012499519
0.012499519
0.012499518
0.012499518
0.012499517
0.012499517
0.012499517
0.012499517
0.012499517
0.012499517
0.012499517
0.012499521
0.012499521
0.01249952
0.01249952
0.012499519
0.012499519
0.012499519
0.012499519
0.012499519
0.012499519
0.012499519
0.012499518
0.012499518
0.012499518
0.012499518
0.012499517
0.012499517
0.012499517
0.012499517
0.012499517
0.012499521
0.012499521
0.01249952
0.01249952
0.012499519
0.012499519
0.012499519
0.012499519
0.012499519
0.012499519
0.012499519
0.012499519
0.012499518
0.012499518
0.012499518
0.012499518
0.012499518
0.012499517
0.012499517
0.012499517
0.012499521
0.012499521
0.01249952
0.01249952
0.01249952
0.012499519
0.012499519
0.012499519
0.012499519
0.012499519
0.012499519
0.012499519
0.012499519
0.012499518
0.012499518
0.012499518
0.012499518
0.012499518
0.012499517
0.012499517
0.012499521
0.012499521
0.01249952
0.01249952
0.01249952
0.01249952
0.012499519
0.012499519
0.012499519
0.012499519
0.012499519
0.012499519
0.012499519
0.012499519
0.012499518
0.012499518
0.012499518
0.012499518
0.012499518
0.012499517
0.012499521
0.012499521
0.01249952
0.01249952
0.01249952
0.01249952
0.01249952
0.012499519
0.012499519
0.012499519
0.012499519
0.012499519
0.012499519
0.012499519
0.012499519
0.012499518
0.012499518
0.012499518
0.012499518
0.012499518
0.012499521
0.01249952
0.01249952
0.01249952
0.01249952
0.01249952
0.01249952
0.01249952
0.01249952
0.012499519
0.012499519
0.012499519
0.012499519
0.012499519
0.012499519
0.012499519
0.012499518
0.012499518
0.012499518
0.012499518
0.01249952
0.012499519
0.012499519
0.012499519
0.012499519
0.012499519
0.012499519
0.012499519
0.012499518
0.012499518
0.012499518
0.012499518
0.012499518
0.012499518
0.012499518
0.012499517
0.012499517
0.012499517
0.012499517
0.012499517
0.01249952
0.01249952
0.01249952
0.012499519
0.012499519
0.012499519
0.012499519
0.012499519
0.012499519
0.012499519
0.012499518
0.012499518
0.012499518
0.012499518
0.012499518
0.012499518
0.012499517
0.012499517
0.012499517
0.012499517
0.01249952
0.01249952
0.01249952
0.01249952
0.012499519
0.012499519
0.012499519
0.012499519
0.012499519
0.012499519
0.012499519
0.012499518
0.012499518
0.012499518
0.012499518
0.012499517
0.012499517
0.012499517
0.012499517
0.012499517
0.01249952
0.01249952
0.01249952
0.01249952
0.01249952
0.012499519
0.012499519
0.012499519
0.012499519
0.012499519
0.012499519
0.012499518
0.012499518
0.012499518
0.012499517
0.012499517
0.012499517
0.012499517
0.012499517
0.012499517
0.01249952
0.01249952
0.01249952
0.01249952
0.01249952
0.012499519
0.012499519
0.012499519
0.012499519
0.012499519
0.012499519
0.012499519
0.012499518
0.012499518
0.012499517
0.012499517
0.012499517
0.012499517
0.012499517
0.012499517
0.01249952
0.01249952
0.01249952
0.01249952
0.01249952
0.01249952
0.012499519
0.012499519
0.012499519
0.012499519
0.012499519
0.012499519
0.012499519
0.012499518
0.012499518
0.012499517
0.012499517
0.012499517
0.012499517
0.012499517
0.012499521
0.012499521
0.01249952
0.01249952
0.01249952
0.01249952
0.012499519
0.012499519
0.012499519
0.012499519
0.012499519
0.012499519
0.012499519
0.012499518
0.012499518
0.012499517
0.012499517
0.012499517
0.012499517
0.012499517
0.012499521
0.012499521
0.012499521
0.01249952
0.01249952
0.01249952
0.012499519
0.012499519
0.012499519
0.012499519
0.012499519
0.012499519
0.012499519
0.012499519
0.012499518
0.012499518
0.012499517
0.012499517
0.012499517
0.012499517
0.012499521
0.012499521
0.012499521
0.012499521
0.01249952
0.01249952
0.01249952
0.012499519
0.012499519
0.012499518
0.012499518
0.012499518
0.012499519
0.012499519
0.012499518
0.012499518
0.012499518
0.012499517
0.012499517
0.012499517
0.012499521
0.012499521
0.012499521
0.012499521
0.012499521
0.01249952
0.01249952
0.012499519
0.012499519
0.012499518
0.012499518
0.012499518
0.012499518
0.012499518
0.012499518
0.012499518
0.012499518
0.012499518
0.012499517
0.012499517
0.012499521
0.012499521
0.012499521
0.012499521
0.012499521
0.01249952
0.01249952
0.01249952
0.012499519
0.012499518
0.012499518
0.012499518
0.012499518
0.012499518
0.012499518
0.012499518
0.012499518
0.012499518
0.012499517
0.012499517
0.012499521
0.012499521
0.01249952
0.01249952
0.01249952
0.01249952
0.01249952
0.01249952
0.012499519
0.012499519
0.012499518
0.012499518
0.012499518
0.012499518
0.012499518
0.012499518
0.012499518
0.012499518
0.012499517
0.012499517
0.012499521
0.012499521
0.01249952
0.01249952
0.01249952
0.01249952
0.01249952
0.01249952
0.01249952
0.012499519
0.012499519
0.012499518
0.012499518
0.012499518
0.012499518
0.012499518
0.012499518
0.012499518
0.012499517
0.012499517
0.012499521
0.012499521
0.01249952
0.01249952
0.01249952
0.01249952
0.01249952
0.01249952
0.01249952
0.01249952
0.012499519
0.012499519
0.012499518
0.012499518
0.012499518
0.012499518
0.012499518
0.012499518
0.012499517
0.012499517
0.012499521
0.012499521
0.01249952
0.01249952
0.01249952
0.01249952
0.01249952
0.01249952
0.01249952
0.01249952
0.012499519
0.012499519
0.012499519
0.012499518
0.012499518
0.012499518
0.012499518
0.012499518
0.012499518
0.012499517
0.012499521
0.012499521
0.012499521
0.01249952
0.01249952
0.01249952
0.01249952
0.01249952
0.01249952
0.01249952
0.01249952
0.012499519
0.012499519
0.012499519
0.012499518
0.012499518
0.012499518
0.012499518
0.012499518
0.012499517
0.012499521
0.012499521
0.012499521
0.01249952
0.01249952
0.01249952
0.01249952
0.01249952
0.01249952
0.01249952
0.01249952
0.012499519
0.012499519
0.012499519
0.012499518
0.012499518
0.012499518
0.012499518
0.012499518
0.012499517
0.012499521
0.012499521
0.012499521
0.01249952
0.01249952
0.01249952
0.01249952
0.01249952
0.01249952
0.01249952
0.012499519
0.012499519
0.012499519
0.012499519
0.012499519
0.012499518
0.012499518
0.012499518
0.012499518
0.012499517
0.012499521
0.012499521
0.012499521
0.01249952
0.01249952
0.01249952
0.01249952
0.01249952
0.01249952
0.012499519
0.012499519
0.012499519
0.012499519
0.012499519
0.012499519
0.012499519
0.012499518
0.012499518
0.012499518
0.012499518
0.012499521
0.01249952
0.01249952
0.01249952
0.01249952
0.01249952
0.01249952
0.01249952
0.01249952
0.012499519
0.012499519
0.012499519
0.012499519
0.012499519
0.012499519
0.012499519
0.012499518
0.012499518
0.012499518
0.012499518
0.01249952
0.012499519
0.012499519
0.012499519
0.012499519
0.012499519
0.012499519
0.012499519
0.012499518
0.012499518
0.012499518
0.012499518
0.012499518
0.012499518
0.012499518
0.012499517
0.012499517
0.012499517
0.012499517
0.012499517
0.01249952
0.01249952
0.01249952
0.01249952
0.012499519
0.012499519
0.012499519
0.012499519
0.012499519
0.012499519
0.012499519
0.012499518
0.012499518
0.012499518
0.012499518
0.012499518
0.012499517
0.012499517
0.012499517
0.012499517
0.01249952
0.01249952
0.01249952
0.01249952
0.01249952
0.01249952
0.012499519
0.012499519
0.012499519
0.012499519
0.012499519
0.012499519
0.012499518
0.012499518
0.012499518
0.012499518
0.012499518
0.012499517
0.012499517
0.012499517
0.01249952
0.01249952
0.01249952
0.01249952
0.01249952
0.01249952
0.01249952
0.01249952
0.01249952
0.012499519
0.012499519
0.012499519
0.012499519
0.012499518
0.012499518
0.012499518
0.012499518
0.012499517
0.012499517
0.012499517
0.01249952
0.01249952
0.01249952
0.01249952
0.01249952
0.01249952
0.01249952
0.01249952
0.01249952
0.01249952
0.01249952
0.012499519
0.012499519
0.012499519
0.012499518
0.012499518
0.012499518
0.012499517
0.012499517
0.012499517
0.01249952
0.012499521
0.012499521
0.01249952
0.01249952
0.01249952
0.01249952
0.01249952
0.01249952
0.01249952
0.01249952
0.01249952
0.012499519
0.012499519
0.012499518
0.012499518
0.012499518
0.012499518
0.012499517
0.012499517
0.012499521
0.012499521
0.012499521
0.012499521
0.012499521
0.01249952
0.01249952
0.01249952
0.01249952
0.01249952
0.01249952
0.01249952
0.01249952
0.012499519
0.012499519
0.012499518
0.012499518
0.012499518
0.012499517
0.012499517
0.012499521
0.012499521
0.012499521
0.012499521
0.012499521
0.012499521
0.01249952
0.01249952
0.01249952
0.01249952
0.01249952
0.01249952
0.01249952
0.012499519
0.012499519
0.012499519
0.012499518
0.012499518
0.012499517
0.012499517
0.012499521
0.012499521
0.012499521
0.012499521
0.012499521
0.012499521
0.01249952
0.01249952
0.01249952
0.012499519
0.012499519
0.012499519
0.01249952
0.012499519
0.012499519
0.012499519
0.012499518
0.012499518
0.012499517
0.012499517
0.012499521
0.012499521
0.012499521
0.012499521
0.012499521
0.012499521
0.012499521
0.01249952
0.01249952
0.012499519
0.012499519
0.012499519
0.012499519
0.012499519
0.012499519
0.012499519
0.012499518
0.012499518
0.012499517
0.012499517
0.012499521
0.012499521
0.012499521
0.012499521
0.012499521
0.012499521
0.012499521
0.012499521
0.01249952
0.01249952
0.012499519
0.012499519
0.012499519
0.012499519
0.012499519
0.012499519
0.012499518
0.012499518
0.012499518
0.012499517
0.012499521
0.012499521
0.012499521
0.012499521
0.012499521
0.012499521
0.012499521
0.012499521
0.01249952
0.01249952
0.012499519
0.012499519
0.012499519
0.012499519
0.012499519
0.012499519
0.012499518
0.012499518
0.012499518
0.012499517
0.012499521
0.012499521
0.012499521
0.012499521
0.012499521
0.012499521
0.012499521
0.012499521
0.012499521
0.01249952
0.01249952
0.012499519
0.012499519
0.012499519
0.012499519
0.012499518
0.012499518
0.012499518
0.012499518
0.012499517
0.012499521
0.012499521
0.012499521
0.012499521
0.012499521
0.012499521
0.012499521
0.012499521
0.012499521
0.01249952
0.01249952
0.012499519
0.012499519
0.012499519
0.012499519
0.012499518
0.012499518
0.012499518
0.012499518
0.012499517
0.012499521
0.012499521
0.012499521
0.012499521
0.012499521
0.012499521
0.012499521
0.012499521
0.012499521
0.01249952
0.01249952
0.01249952
0.012499519
0.012499519
0.012499519
0.012499518
0.012499518
0.012499518
0.012499518
0.012499517
0.012499521
0.012499521
0.012499521
0.012499521
0.012499521
0.01249952
0.01249952
0.01249952
0.01249952
0.01249952
0.01249952
0.01249952
0.012499519
0.012499519
0.012499519
0.012499518
0.012499518
0.012499518
0.012499518
0.012499517
0.012499521
0.012499521
0.012499521
0.012499521
0.012499521
0.01249952
0.01249952
0.01249952
0.01249952
0.01249952
0.01249952
0.01249952
0.012499519
0.012499519
0.012499519
0.012499519
0.012499518
0.012499518
0.012499518
0.012499517
0.012499521
0.012499521
0.012499521
0.012499521
0.01249952
0.01249952
0.01249952
0.01249952
0.01249952
0.01249952
0.01249952
0.01249952
0.012499519
0.012499519
0.012499519
0.012499519
0.012499518
0.012499518
0.012499518
0.012499517
0.012499521
0.012499521
0.012499521
0.01249952
0.01249952
0.01249952
0.01249952
0.01249952
0.01249952
0.01249952
0.01249952
0.012499519
0.012499519
0.012499519
0.012499519
0.012499519
0.012499518
0.012499518
0.012499518
0.012499518
0.012499521
0.01249952
0.01249952
0.01249952
0.01249952
0.01249952
0.01249952
0.01249952
0.01249952
0.01249952
0.012499519
0.012499519
0.012499519
0.012499519
0.012499519
0.012499519
0.012499519
0.012499518
0.012499518
0.012499518
0.01249952
0.012499519
0.012499519
0.012499519
0.012499519
0.012499519
0.012499519
0.012499519
0.012499518
0.012499518
0.012499518
0.012499518
0.012499518
0.012499518
0.012499517
0.012499517
0.012499517
0.012499517
0.012499517
0.012499517
0.01249952
0.01249952
0.012499519
0.012499519
0.012499519
0.012499519
0.012499519
0.012499519
0.012499519
0.012499519
0.012499518
0.012499518
0.012499518
0.012499518
0.012499518
0.012499518
0.012499517
0.012499517
0.012499517
0.012499517
0.01249952
0.01249952
0.01249952
0.01249952
0.01249952
0.012499519
0.012499519
0.012499519
0.012499519
0.012499519
0.012499519
0.012499519
0.012499518
0.012499518
0.012499518
0.012499518
0.012499517
0.012499517
0.012499517
0.012499517
0.01249952
0.01249952
0.01249952
0.01249952
0.01249952
0.01249952
0.01249952
0.012499519
0.012499519
0.012499519
0.012499519
0.012499519
0.012499519
0.012499518
0.012499518
0.012499518
0.012499518
0.012499517
0.012499517
0.012499517
0.01249952
0.01249952
0.01249952
0.01249952
0.01249952
0.01249952
0.01249952
0.01249952
0.012499519
0.012499519
0.012499519
0.012499519
0.012499519
0.012499519
0.012499518
0.012499518
0.012499518
0.012499517
0.012499517
0.012499517
0.01249952
0.01249952
0.01249952
0.01249952
0.01249952
0.01249952
0.01249952
0.01249952
0.01249952
0.01249952
0.012499519
0.012499519
0.012499519
0.012499519
0.012499519
0.012499518
0.012499518
0.012499517
0.012499517
0.012499517
0.01249952
0.01249952
0.01249952
0.01249952
0.01249952
0.01249952
0.01249952
0.01249952
0.01249952
0.01249952
0.01249952
0.012499519
0.012499519
0.012499519
0.012499519
0.012499518
0.012499518
0.012499518
0.012499517
0.012499517
0.012499521
0.012499521
0.012499521
0.012499521
0.01249952
0.01249952
0.01249952
0.01249952
0.01249952
0.01249952
0.01249952
0.01249952
0.012499519
0.012499519
0.012499519
0.012499518
0.012499518
0.012499518
0.012499517
0.012499517
0.012499521
0.012499521
0.012499521
0.012499521
0.012499521
0.012499521
0.01249952
0.01249952
0.01249952
0.01249952
0.01249952
0.012499519
0.012499519
0.012499519
0.012499519
0.012499518
0.012499518
0.012499518
0.012499517
0.012499517
0.012499521
0.012499521
0.012499521
0.012499521
0.012499521
0.012499521
0.012499521
0.01249952
0.01249952
0.01249952
0.012499519
0.012499519
0.012499519
0.012499519
0.012499519
0.012499518
0.012499518
0.012499518
0.012499517
0.012499517
0.012499521
0.012499521
0.012499521
0.012499521
0.012499521
0.012499521
0.012499521
0.01249952
0.01249952
0.01249952
0.012499519
0.012499519
0.012499519
0.012499519
0.012499519
0.012499518
0.012499518
0.012499518
0.012499517
0.012499517
0.012499521
0.012499521
0.012499521
0.012499521
0.012499521
0.012499521
0.012499521
0.012499521
0.01249952
0.01249952
0.01249952
0.012499519
0.012499519
0.012499519
0.012499519
0.012499518
0.012499518
0.012499518
0.012499517
0.012499517
0.012499521
0.012499521
0.012499521
0.012499521
0.012499521
0.012499521
0.012499521
0.012499521
0.01249952
0.01249952
0.01249952
0.012499519
0.012499519
0.012499519
0.012499519
0.012499518
0.012499518
0.012499518
0.012499517
0.012499517
0.012499521
0.012499521
0.012499521
0.012499521
0.012499521
0.012499521
0.012499521
0.012499521
0.01249952
0.01249952
0.01249952
0.012499519
0.012499519
0.012499519
0.012499519
0.012499518
0.012499518
0.012499518
0.012499517
0.012499517
0.012499521
0.012499521
0.012499521
0.012499521
0.012499521
0.012499521
0.012499521
0.01249952
0.01249952
0.01249952
0.01249952
0.012499519
0.012499519
0.012499519
0.012499519
0.012499518
0.012499518
0.012499518
0.012499518
0.012499517
0.012499521
0.012499521
0.012499521
0.012499521
0.012499521
0.01249952
0.01249952
0.01249952
0.01249952
0.01249952
0.01249952
0.012499519
0.012499519
0.012499519
0.012499519
0.012499518
0.012499518
0.012499518
0.012499518
0.012499517
0.012499521
0.012499521
0.012499521
0.012499521
0.01249952
0.01249952
0.01249952
0.01249952
0.01249952
0.01249952
0.01249952
0.012499519
0.012499519
0.012499519
0.012499519
0.012499518
0.012499518
0.012499518
0.012499518
0.012499517
0.012499521
0.012499521
0.012499521
0.01249952
0.01249952
0.01249952
0.01249952
0.01249952
0.01249952
0.01249952
0.01249952
0.012499519
0.012499519
0.012499519
0.012499519
0.012499518
0.012499518
0.012499518
0.012499518
0.012499517
0.012499521
0.012499521
0.01249952
0.01249952
0.01249952
0.01249952
0.01249952
0.01249952
0.01249952
0.01249952
0.012499519
0.012499519
0.012499519
0.012499519
0.012499519
0.012499519
0.012499518
0.012499518
0.012499518
0.012499518
0.012499521
0.01249952
0.01249952
0.01249952
0.01249952
0.01249952
0.01249952
0.01249952
0.01249952
0.01249952
0.012499519
0.012499519
0.012499519
0.012499519
0.012499519
0.012499519
0.012499518
0.012499518
0.012499518
0.012499518
0.01249952
0.012499519
0.012499519
0.012499519
0.012499519
0.012499519
0.012499519
0.012499518
0.012499518
0.012499518
0.012499518
0.012499518
0.012499518
0.012499518
0.012499518
0.012499517
0.012499517
0.012499517
0.012499517
0.012499517
0.01249952
0.01249952
0.012499519
0.012499519
0.012499519
0.012499519
0.012499519
0.012499519
0.012499519
0.012499518
0.012499518
0.012499518
0.012499518
0.012499518
0.012499518
0.012499517
0.012499517
0.012499517
0.012499517
0.012499517
0.01249952
0.01249952
0.01249952
0.012499519
0.012499519
0.012499519
0.012499519
0.012499519
0.012499519
0.012499519
0.012499518
0.012499518
0.012499518
0.012499518
0.012499518
0.012499518
0.012499517
0.012499517
0.012499517
0.012499517
0.01249952
0.01249952
0.01249952
0.01249952
0.01249952
0.012499519
0.012499519
0.012499519
0.012499519
0.012499519
0.012499519
0.012499518
0.012499518
0.012499518
0.012499518
0.012499518
0.012499517
0.012499517
0.012499517
0.012499517
0.01249952
0.01249952
0.01249952
0.01249952
0.01249952
0.01249952
0.012499519
0.012499519
0.012499519
0.012499519
0.012499519
0.012499519
0.012499518
0.012499518
0.012499518
0.012499518
0.012499518
0.012499517
0.012499517
0.012499517
0.01249952
0.01249952
0.01249952
0.01249952
0.01249952
0.01249952
0.01249952
0.012499519
0.012499519
0.012499519
0.012499519
0.012499519
0.012499519
0.012499518
0.012499518
0.012499518
0.012499518
0.012499517
0.012499517
0.012499517
0.01249952
0.01249952
0.01249952
0.01249952
0.01249952
0.01249952
0.01249952
0.01249952
0.012499519
0.012499519
0.012499519
0.012499519
0.012499519
0.012499518
0.012499518
0.012499518
0.012499518
0.012499517
0.012499517
0.012499517
0.012499521
0.01249952
0.01249952
0.01249952
0.01249952
0.01249952
0.01249952
0.01249952
0.01249952
0.012499519
0.012499519
0.012499519
0.012499519
0.012499518
0.012499518
0.012499518
0.012499518
0.012499517
0.012499517
0.012499517
0.012499521
0.012499521
0.01249952
0.01249952
0.01249952
0.01249952
0.01249952
0.01249952
0.01249952
0.012499519
0.012499519
0.012499519
0.012499519
0.012499518
0.012499518
0.012499518
0.012499518
0.012499517
0.012499517
0.012499517
0.012499521
0.012499521
0.01249952
0.01249952
0.01249952
0.01249952
0.01249952
0.01249952
0.01249952
0.012499519
0.012499519
0.012499519
0.012499519
0.012499518
0.012499518
0.012499518
0.012499518
0.012499517
0.012499517
0.012499517
0.012499521
0.012499521
0.012499521
0.01249952
0.01249952
0.01249952
0.01249952
0.01249952
0.01249952
0.01249952
0.012499519
0.012499519
0.012499519
0.012499519
0.012499518
0.012499518
0.012499518
0.012499517
0.012499517
0.012499517
0.012499521
0.012499521
0.012499521
0.012499521
0.01249952
0.01249952
0.01249952
0.01249952
0.01249952
0.01249952
0.012499519
0.012499519
0.012499519
0.012499519
0.012499518
0.012499518
0.012499518
0.012499517
0.012499517
0.012499517
0.012499521
0.012499521
0.012499521
0.012499521
0.01249952
0.01249952
0.01249952
0.01249952
0.01249952
0.01249952
0.012499519
0.012499519
0.012499519
0.012499519
0.012499518
0.012499518
0.012499518
0.012499518
0.012499517
0.012499517
0.012499521
0.012499521
0.012499521
0.012499521
0.012499521
0.01249952
0.01249952
0.01249952
0.01249952
0.01249952
0.012499519
0.012499519
0.012499519
0.012499519
0.012499518
0.012499518
0.012499518
0.012499518
0.012499517
0.012499517
0.012499521
0.012499521
0.012499521
0.012499521
0.01249952
0.01249952
0.01249952
0.01249952
0.01249952
0.01249952
0.012499519
0.012499519
0.012499519
0.012499519
0.012499518
0.012499518
0.012499518
0.012499518
0.012499517
0.012499517
0.012499521
0.012499521
0.012499521
0.01249952
0.01249952
0.01249952
0.01249952
0.01249952
0.01249952
0.01249952
0.012499519
0.012499519
0.012499519
0.012499519
0.012499518
0.012499518
0.012499518
0.012499518
0.012499517
0.012499517
0.012499521
0.012499521
0.012499521
0.01249952
0.01249952
0.01249952
0.01249952
0.01249952
0.01249952
0.01249952
0.012499519
0.012499519
0.012499519
0.012499519
0.012499518
0.012499518
0.012499518
0.012499518
0.012499518
0.012499517
0.012499521
0.012499521
0.01249952
0.01249952
0.01249952
0.01249952
0.01249952
0.01249952
0.01249952
0.01249952
0.012499519
0.012499519
0.012499519
0.012499519
0.012499519
0.012499518
0.012499518
0.012499518
0.012499518
0.012499517
0.012499521
0.01249952
0.01249952
0.01249952
0.01249952
0.01249952
0.01249952
0.01249952
0.01249952
0.01249952
0.012499519
0.012499519
0.012499519
0.012499519
0.012499519
0.012499518
0.012499518
0.012499518
0.012499518
0.012499518
0.01249952
0.01249952
0.01249952
0.01249952
0.01249952
0.01249952
0.01249952
0.01249952
0.01249952
0.01249952
0.012499519
0.012499519
0.012499519
0.012499519
0.012499519
0.012499519
0.012499518
0.012499518
0.012499518
0.012499518
0.01249952
0.012499519
0.012499519
0.012499519
0.012499519
0.012499519
0.012499519
0.012499519
0.012499518
0.012499518
0.012499518
0.012499518
0.012499518
0.012499518
0.012499518
0.012499517
0.012499517
0.012499517
0.012499517
0.012499517
0.01249952
0.01249952
0.01249952
0.012499519
0.012499519
0.012499519
0.012499519
0.012499519
0.012499519
0.012499519
0.012499518
0.012499518
0.012499518
0.012499518
0.012499518
0.012499518
0.012499517
0.012499517
0.012499517
0.012499517
0.01249952
0.01249952
0.01249952
0.01249952
0.01249952
0.012499519
0.012499519
0.012499519
0.012499519
0.012499519
0.012499519
0.012499518
0.012499518
0.012499518
0.012499518
0.012499518
0.012499517
0.012499517
0.012499517
0.012499517
0.01249952
0.01249952
0.01249952
0.01249952
0.01249952
0.01249952
0.01249952
0.012499519
0.012499519
0.012499519
0.012499519
0.012499519
0.012499518
0.012499518
0.012499518
0.012499518
0.012499518
0.012499517
0.012499517
0.012499517
0.01249952
0.01249952
0.01249952
0.01249952
0.01249952
0.01249952
0.01249952
0.01249952
0.012499519
0.012499519
0.012499519
0.012499519
0.012499519
0.012499518
0.012499518
0.012499518
0.012499518
0.012499517
0.012499517
0.012499517
0.01249952
0.01249952
0.01249952
0.01249952
0.01249952
0.01249952
0.01249952
0.01249952
0.01249952
0.012499519
0.012499519
0.012499519
0.012499519
0.012499518
0.012499518
0.012499518
0.012499518
0.012499518
0.012499517
0.012499517
0.012499521
0.012499521
0.01249952
0.01249952
0.01249952
0.01249952
0.01249952
0.01249952
0.01249952
0.01249952
0.012499519
0.012499519
0.012499519
0.012499519
0.012499518
0.012499518
0.012499518
0.012499518
0.012499517
0.012499517
0.012499521
0.012499521
0.012499521
0.01249952
0.01249952
0.01249952
0.01249952
0.01249952
0.01249952
0.01249952
0.012499519
0.012499519
0.012499519
0.012499519
0.012499518
0.012499518
0.012499518
0.012499518
0.012499517
0.012499517
0.012499521
0.012499521
0.012499521
0.012499521
0.01249952
0.01249952
0.01249952
0.01249952
0.01249952
0.01249952
0.01249952
0.012499519
0.012499519
0.012499519
0.012499518
0.012499518
0.012499518
0.012499518
0.012499517
0.012499517
0.012499521
0.012499521
0.012499521
0.012499521
0.012499521
0.01249952
0.01249952
0.01249952
0.01249952
0.01249952
0.01249952
0.012499519
0.012499519
0.012499519
0.012499518
0.012499518
0.012499518
0.012499518
0.012499517
0.012499517
0.012499521
0.012499521
0.012499521
0.012499521
0.012499521
0.01249952
0.01249952
0.01249952
0.01249952
0.01249952
0.01249952
0.012499519
0.012499519
0.012499519
0.012499519
0.012499518
0.012499518
0.012499518
0.012499517
0.012499517
0.012499521
0.012499521
0.012499521
0.012499521
0.012499521
0.012499521
0.01249952
0.01249952
0.01249952
0.01249952
0.01249952
0.012499519
0.012499519
0.012499519
0.012499519
0.012499518
0.012499518
0.012499518
0.012499517
0.012499517
0.012499521
0.012499521
0.012499521
0.012499521
0.012499521
0.012499521
0.01249952
0.01249952
0.01249952
0.01249952
0.01249952
0.012499519
0.012499519
0.012499519
0.012499519
0.012499518
0.012499518
0.012499518
0.012499518
0.012499517
0.012499521
0.012499521
0.012499521
0.012499521
0.012499521
0.012499521
0.01249952
0.01249952
0.01249952
0.01249952
0.01249952
0.012499519
0.012499519
0.012499519
0.012499519
0.012499518
0.012499518
0.012499518
0.012499518
0.012499517
0.012499521
0.012499521
0.012499521
0.012499521
0.012499521
0.012499521
0.01249952
0.01249952
0.01249952
0.01249952
0.01249952
0.012499519
0.012499519
0.012499519
0.012499519
0.012499518
0.012499518
0.012499518
0.012499518
0.012499517
0.012499521
0.012499521
0.012499521
0.012499521
0.012499521
0.01249952
0.01249952
0.01249952
0.01249952
0.01249952
0.01249952
0.012499519
0.012499519
0.012499519
0.012499519
0.012499518
0.012499518
0.012499518
0.012499518
0.012499517
0.012499521
0.012499521
0.012499521
0.012499521
0.012499521
0.01249952
0.01249952
0.01249952
0.01249952
0.01249952
0.01249952
0.012499519
0.012499519
0.012499519
0.012499519
0.012499518
0.012499518
0.012499518
0.012499518
0.012499517
0.012499521
0.012499521
0.012499521
0.012499521
0.01249952
0.01249952
0.01249952
0.01249952
0.01249952
0.01249952
0.01249952
0.012499519
0.012499519
0.012499519
0.012499519
0.012499518
0.012499518
0.012499518
0.012499518
0.012499517
0.012499521
0.012499521
0.01249952
0.01249952
0.01249952
0.01249952
0.01249952
0.01249952
0.01249952
0.01249952
0.01249952
0.012499519
0.012499519
0.012499519
0.012499519
0.012499519
0.012499518
0.012499518
0.012499518
0.012499518
0.012499521
0.01249952
0.01249952
0.01249952
0.01249952
0.01249952
0.01249952
0.01249952
0.01249952
0.01249952
0.012499519
0.012499519
0.012499519
0.012499519
0.012499519
0.012499519
0.012499518
0.012499518
0.012499518
0.012499518
0.01249952
0.012499519
0.012499519
0.012499519
0.012499519
0.012499519
0.012499519
0.012499519
0.012499518
0.012499518
0.012499518
0.012499518
0.012499518
0.012499518
0.012499518
0.012499517
0.012499517
0.012499517
0.012499517
0.012499517
0.01249952
0.01249952
0.01249952
0.012499519
0.012499519
0.012499519
0.012499519
0.012499519
0.012499519
0.012499519
0.012499518
0.012499518
0.012499518
0.012499518
0.012499518
0.012499518
0.012499517
0.012499517
0.012499517
0.012499517
0.01249952
0.01249952
0.01249952
0.01249952
0.01249952
0.01249952
0.01249952
0.012499519
0.012499519
0.012499519
0.012499519
0.012499519
0.012499518
0.012499518
0.012499518
0.012499518
0.012499518
0.012499517
0.012499517
0.012499517
0.01249952
0.01249952
0.01249952
0.01249952
0.01249952
0.01249952
0.01249952
0.01249952
0.01249952
0.012499519
0.012499519
0.012499519
0.012499519
0.012499518
0.012499518
0.012499518
0.012499518
0.012499517
0.012499517
0.012499517
0.01249952
0.01249952
0.01249952
0.01249952
0.01249952
0.01249952
0.01249952
0.01249952
0.01249952
0.01249952
0.012499519
0.012499519
0.012499519
0.012499518
0.012499518
0.012499518
0.012499518
0.012499517
0.012499517
0.012499517
0.01249952
0.01249952
0.01249952
0.01249952
0.01249952
0.01249952
0.01249952
0.01249952
0.01249952
0.01249952
0.01249952
0.012499519
0.012499519
0.012499519
0.012499518
0.012499518
0.012499518
0.012499518
0.012499517
0.012499517
0.012499521
0.012499521
0.012499521
0.012499521
0.012499521
0.01249952
0.01249952
0.01249952
0.01249952
0.01249952
0.01249952
0.01249952
0.012499519
0.012499519
0.012499518
0.012499518
0.012499518
0.012499518
0.012499517
0.012499517
0.012499521
0.012499521
0.012499521
0.012499521
0.012499521
0.012499521
0.01249952
0.01249952
0.01249952
0.01249952
0.01249952
0.01249952
0.012499519
0.012499519
0.012499519
0.012499518
0.012499518
0.012499518
0.012499517
0.012499517
0.012499521
0.012499521
0.012499521
0.012499521
0.012499521
0.012499521
0.012499521
0.012499521
0.01249952
0.01249952
0.01249952
0.01249952
0.01249952
0.012499519
0.012499519
0.012499519
0.012499518
0.012499518
0.012499517
0.012499517
0.012499521
0.012499521
0.012499521
0.012499521
0.012499521
0.012499521
0.012499521
0.012499521
0.01249952
0.01249952
0.01249952
0.01249952
0.01249952
0.012499519
0.012499519
0.012499519
0.012499518
0.012499518
0.012499517
0.012499517
0.012499521
0.012499521
0.012499521
0.012499521
0.012499521
0.012499521
0.012499521
0.012499521
0.012499521
0.01249952
0.01249952
0.01249952
0.01249952
0.01249952
0.012499519
0.012499519
0.012499518
0.012499518
0.012499518
0.012499517
0.012499521
0.012499521
0.012499521
0.012499521
0.012499521
0.012499521
0.012499521
0.012499521
0.012499521
0.01249952
0.01249952
0.01249952
0.01249952
0.01249952
0.012499519
0.012499519
0.012499519
0.012499518
0.012499518
0.012499517
0.012499521
0.012499521
0.012499521
0.012499521
0.012499521
0.012499521
0.012499521
0.012499521
0.012499521
0.01249952
0.01249952
0.01249952
0.01249952
0.012499519
0.012499519
0.012499519
0.012499519
0.012499518
0.012499518
0.012499517
0.012499521
0.012499521
0.012499521
0.012499521
0.012499521
0.012499521
0.012499521
0.012499521
0.012499521
0.01249952
0.01249952
0.01249952
0.01249952
0.012499519
0.012499519
0.012499519
0.012499518
0.012499518
0.012499518
0.012499517
0.012499521
0.012499521
0.012499521
0.012499521
0.012499521
0.012499521
0.012499521
0.012499521
0.012499521
0.01249952
0.01249952
0.01249952
0.01249952
0.012499519
0.012499519
0.012499519
0.012499518
0.012499518
0.012499518
0.012499517
0.012499521
0.012499521
0.012499521
0.012499521
0.012499521
0.012499521
0.012499521
0.01249952
0.01249952
0.01249952
0.01249952
0.01249952
0.01249952
0.012499519
0.012499519
0.012499519
0.012499518
0.012499518
0.012499518
0.012499517
0.012499521
0.012499521
0.012499521
0.012499521
0.012499521
0.01249952
0.01249952
0.01249952
0.01249952
0.01249952
0.01249952
0.01249952
0.01249952
0.012499519
0.012499519
0.012499519
0.012499518
0.012499518
0.012499518
0.012499517
0.012499521
0.012499521
0.012499521
0.012499521
0.012499521
0.01249952
0.01249952
0.01249952
0.01249952
0.01249952
0.01249952
0.01249952
0.01249952
0.012499519
0.012499519
0.012499519
0.012499518
0.012499518
0.012499518
0.012499517
0.012499521
0.012499521
0.01249952
0.01249952
0.01249952
0.01249952
0.01249952
0.01249952
0.01249952
0.01249952
0.01249952
0.01249952
0.012499519
0.012499519
0.012499519
0.012499519
0.012499518
0.012499518
0.012499518
0.012499518
0.012499521
0.01249952
0.01249952
0.01249952
0.01249952
0.01249952
0.01249952
0.01249952
0.01249952
0.01249952
0.012499519
0.012499519
0.012499519
0.012499519
0.012499519
0.012499519
0.012499519
0.012499518
0.012499518
0.012499518
0.01249952
0.012499519
0.012499519
0.012499519
0.012499519
0.012499519
0.012499519
0.012499519
0.012499518
0.012499518
0.012499518
0.012499518
0.012499518
0.012499518
0.012499518
0.012499517
0.012499517
0.012499517
0.012499517
0.012499517
0.01249952
0.01249952
0.012499519
0.012499519
0.012499519
0.012499519
0.012499519
0.012499519
0.012499519
0.012499519
0.012499518
0.012499518
0.012499518
0.012499518
0.012499518
0.012499517
0.012499517
0.012499517
0.012499517
0.012499517
0.01249952
0.01249952
0.01249952
0.012499519
0.012499519
0.012499519
0.012499519
0.012499519
0.012499519
0.012499519
0.012499519
0.012499518
0.012499518
0.012499518
0.012499518
0.012499517
0.012499517
0.012499517
0.012499517
0.012499517
0.01249952
0.01249952
0.01249952
0.01249952
0.01249952
0.01249952
0.01249952
0.01249952
0.012499519
0.012499519
0.012499519
0.012499519
0.012499518
0.012499518
0.012499518
0.012499518
0.012499517
0.012499517
0.012499517
0.012499517
0.01249952
0.01249952
0.01249952
0.01249952
0.01249952
0.01249952
0.01249952
0.01249952
0.01249952
0.01249952
0.012499519
0.012499519
0.012499519
0.012499518
0.012499518
0.012499518
0.012499517
0.012499517
0.012499517
0.012499517
0.01249952
0.01249952
0.01249952
0.01249952
0.01249952
0.01249952
0.01249952
0.01249952
0.01249952
0.01249952
0.01249952
0.012499519
0.012499519
0.012499518
0.012499518
0.012499518
0.012499517
0.012499517
0.012499517
0.012499517
0.01249952
0.01249952
0.01249952
0.01249952
0.01249952
0.01249952
0.01249952
0.01249952
0.01249952
0.01249952
0.01249952
0.01249952
0.012499519
0.012499519
0.012499518
0.012499518
0.012499518
0.012499517
0.012499517
0.012499517
0.012499521
0.012499521
0.012499521
0.012499521
0.012499521
0.01249952
0.01249952
0.01249952
0.01249952
0.01249952
0.01249952
0.01249952
0.01249952
0.012499519
0.012499519
0.012499518
0.012499518
0.012499517
0.012499517
0.012499517
0.012499521
0.012499521
0.012499521
0.012499521
0.012499521
0.012499521
0.012499521
0.01249952
0.01249952
0.01249952
0.01249952
0.01249952
0.01249952
0.012499519
0.012499519
0.012499519
0.012499518
0.012499518
0.012499517
0.012499517
0.012499521
0.012499521
0.012499521
0.012499521
0.012499521
0.012499521
0.012499521
0.012499521
0.01249952
0.01249952
0.01249952
0.01249952
0.01249952
0.01249952
0.012499519
0.012499519
0.012499518
0.012499518
0.012499517
0.012499517
0.012499521
0.012499521
0.012499521
0.012499521
0.012499521
0.012499521
0.012499521
0.012499521
0.012499521
0.01249952
0.01249952
0.01249952
0.01249952
0.01249952
0.012499519
0.012499519
0.012499518
0.012499518
0.012499517
0.012499517
0.012499521
0.012499521
0.012499521
0.012499521
0.012499521
0.012499521
0.012499521
0.012499521
0.012499521
0.01249952
0.01249952
0.01249952
0.01249952
0.012499519
0.012499519
0.012499519
0.012499518
0.012499518
0.012499518
0.012499517
0.012499521
0.012499521
0.012499521
0.012499521
0.012499521
0.012499521
0.012499521
0.012499521
0.012499521
0.012499521
0.01249952
0.01249952
0.01249952
0.012499519
0.012499519
0.012499519
0.012499518
0.012499518
0.012499518
0.012499517
0.012499521
0.012499521
0.012499521
0.012499521
0.012499521
0.012499521
0.012499521
0.012499521
0.012499521
0.012499521
0.01249952
0.01249952
0.01249952
0.012499519
0.012499519
0.012499519
0.012499518
0.012499518
0.012499518
0.012499517
0.012499521
0.012499521
0.012499521
0.01249952
0.01249952
0.01249952
0.01249952
0.012499521
0.012499521
0.012499521
0.01249952
0.01249952
0.01249952
0.012499519
0.012499519
0.012499518
0.012499518
0.012499518
0.012499518
0.012499517
0.012499521
0.012499521
0.012499521
0.01249952
0.01249952
0.01249952
0.01249952
0.01249952
0.01249952
0.01249952
0.01249952
0.01249952
0.01249952
0.012499519
0.012499519
0.012499518
0.012499518
0.012499518
0.012499518
0.012499517
0.012499521
0.012499521
0.012499521
0.01249952
0.01249952
0.01249952
0.01249952
0.01249952
0.01249952
0.01249952
0.01249952
0.01249952
0.01249952
0.012499519
0.012499519
0.012499518
0.012499518
0.012499518
0.012499518
0.012499517
0.012499521
0.012499521
0.01249952
0.01249952
0.01249952
0.01249952
0.01249952
0.01249952
0.01249952
0.01249952
0.01249952
0.01249952
0.012499519
0.012499519
0.012499519
0.012499519
0.012499518
0.012499518
0.012499518
0.012499517
0.012499521
0.012499521
0.01249952
0.01249952
0.01249952
0.01249952
0.01249952
0.01249952
0.01249952
0.01249952
0.01249952
0.012499519
0.012499519
0.012499519
0.012499519
0.012499519
0.012499518
0.012499518
0.012499518
0.012499518
0.012499521
0.01249952
0.01249952
0.01249952
0.01249952
0.01249952
0.01249952
0.01249952
0.01249952
0.01249952
0.012499519
0.012499519
0.012499519
0.012499519
0.012499519
0.012499519
0.012499518
0.012499518
0.012499518
0.012499518
0.01249952
0.012499519
0.012499519
0.012499519
0.012499519
0.012499519
0.012499519
0.012499518
0.012499518
0.012499518
0.012499518
0.012499518
0.012499518
0.012499518
0.012499517
0.012499517
0.012499517
0.012499517
0.012499517
0.012499517
0.01249952
0.01249952
0.012499519
0.012499519
0.012499519
0.012499519
0.012499519
0.012499519
0.012499519
0.012499518
0.012499518
0.012499518
0.012499518
0.012499518
0.012499517
0.012499517
0.012499517
0.012499517
0.012499517
0.012499517
0.01249952
0.01249952
0.012499519
0.012499519
0.012499519
0.012499519
0.012499519
0.012499519
0.012499519
0.012499519
0.012499518
0.012499518
0.012499518
0.012499518
0.012499517
0.012499517
0.012499517
0.012499517
0.012499517
0.012499517
0.01249952
0.01249952
0.01249952
0.012499519
0.012499519
0.012499519
0.012499519
0.012499519
0.012499519
0.012499519
0.012499519
0.012499518
0.012499518
0.012499518
0.012499518
0.012499517
0.012499517
0.012499517
0.012499517
0.012499517
0.01249952
0.01249952
0.01249952
0.01249952
0.012499519
0.012499519
0.012499519
0.012499519
0.012499519
0.012499519
0.012499519
0.012499519
0.012499518
0.012499518
0.012499518
0.012499517
0.012499517
0.012499517
0.012499517
0.012499517
0.01249952
0.01249952
0.01249952
0.01249952
0.01249952
0.012499519
0.012499519
0.012499519
0.012499519
0.01249952
0.012499519
0.012499519
0.012499519
0.012499518
0.012499518
0.012499518
0.012499517
0.012499517
0.012499517
0.012499517
0.01249952
0.01249952
0.01249952
0.01249952
0.01249952
0.01249952
0.01249952
0.01249952
0.01249952
0.01249952
0.01249952
0.012499519
0.012499519
0.012499519
0.012499518
0.012499518
0.012499517
0.012499517
0.012499517
0.012499517
0.01249952
0.01249952
0.01249952
0.01249952
0.01249952
0.01249952
0.01249952
0.01249952
0.01249952
0.01249952
0.01249952
0.01249952
0.012499519
0.012499519
0.012499519
0.012499518
0.012499518
0.012499517
0.012499517
0.012499517
0.012499521
0.01249952
0.01249952
0.01249952
0.01249952
0.01249952
0.01249952
0.01249952
0.01249952
0.01249952
0.01249952
0.01249952
0.012499519
0.012499519
0.012499519
0.012499518
0.012499518
0.012499517
0.012499517
0.012499517
0.012499521
0.01249952
0.012499521
0.012499521
0.012499521
0.012499521
0.01249952
0.01249952
0.01249952
0.01249952
0.01249952
0.01249952
0.012499519
0.012499519
0.012499519
0.012499519
0.012499518
0.012499518
0.012499517
0.012499517
0.012499521
0.01249952
0.012499521
0.012499521
0.012499521
0.012499521
0.012499521
0.01249952
0.01249952
0.01249952
0.01249952
0.012499519
0.012499519
0.012499519
0.012499519
0.012499519
0.012499518
0.012499518
0.012499517
0.012499517
0.012499521
0.01249952
0.01249952
0.01249952
0.012499521
0.012499521
0.012499521
0.012499521
0.01249952
0.01249952
0.01249952
0.012499519
0.012499519
0.012499519
0.012499519
0.012499519
0.012499518
0.012499518
0.012499517
0.012499517
0.012499521
0.01249952
0.01249952
0.01249952
0.01249952
0.01249952
0.012499521
0.012499521
0.01249952
0.01249952
0.01249952
0.012499519
0.012499519
0.012499519
0.012499519
0.012499518
0.012499518
0.012499518
0.012499517
0.012499517
0.012499521
0.01249952
0.01249952
0.01249952
0.01249952
0.01249952
0.01249952
0.01249952
0.01249952
0.01249952
0.01249952
0.01249952
0.012499519
0.012499519
0.012499519
0.012499518
0.012499518
0.012499518
0.012499517
0.012499517
0.012499521
0.012499521
0.01249952
0.01249952
0.01249952
0.01249952
0.01249952
0.01249952
0.01249952
0.01249952
0.01249952
0.01249952
0.012499519
0.012499519
0.012499518
0.012499518
0.012499518
0.012499518
0.012499517
0.012499517
0.012499521
0.012499521
0.01249952
0.01249952
0.01249952
0.01249952
0.01249952
0.01249952
0.01249952
0.01249952
0.01249952
0.01249952
0.012499519
0.012499519
0.012499519
0.012499518
0.012499518
0.012499518
0.012499518
0.012499517
0.012499521
0.012499521
0.01249952
0.01249952
0.01249952
0.01249952
0.01249952
0.01249952
0.01249952
0.01249952
0.01249952
0.01249952
0.012499519
0.012499519
0.012499519
0.012499518
0.012499518
0.012499518
0.012499518
0.012499517
0.012499521
0.012499521
0.01249952
0.01249952
0.01249952
0.01249952
0.01249952
0.01249952
0.01249952
0.01249952
0.01249952
0.012499519
0.012499519
0.012499519
0.012499519
0.012499518
0.012499518
0.012499518
0.012499518
0.012499517
0.012499521
0.01249952
0.01249952
0.01249952
0.01249952
0.01249952
0.01249952
0.01249952
0.01249952
0.01249952
0.012499519
0.012499519
0.012499519
0.012499519
0.012499519
0.012499518
0.012499518
0.012499518
0.012499518
0.012499518
0.012499521
0.01249952
0.01249952
0.01249952
0.01249952
0.01249952
0.01249952
0.01249952
0.01249952
0.012499519
0.012499519
0.012499519
0.012499519
0.012499519
0.012499519
0.012499519
0.012499518
0.012499518
0.012499518
0.012499518
0.01249952
0.012499519
0.012499519
0.012499519
0.012499519
0.012499519
0.012499519
0.012499518
0.012499518
0.012499518
0.012499518
0.012499518
0.012499518
0.012499518
0.012499517
0.012499517
0.012499517
0.012499517
0.012499517
0.012499517
0.01249952
0.01249952
0.012499519
0.012499519
0.012499519
0.012499519
0.012499519
0.012499519
0.012499519
0.012499518
0.012499518
0.012499518
0.012499518
0.012499518
0.012499518
0.012499517
0.012499517
0.012499517
0.012499517
0.012499517
0.01249952
0.01249952
0.012499519
0.012499519
0.012499519
0.012499519
0.012499519
0.012499519
0.012499519
0.012499519
0.012499518
0.012499518
0.012499518
0.012499518
0.012499518
0.012499517
0.012499517
0.012499517
0.012499517
0.012499517
0.01249952
0.01249952
0.01249952
0.012499519
0.012499519
0.012499519
0.012499519
0.012499519
0.012499519
0.012499519
0.012499519
0.012499518
0.012499518
0.012499518
0.012499518
0.012499517
0.012499517
0.012499517
0.012499517
0.012499517
0.01249952
0.01249952
0.01249952
0.01249952
0.012499519
0.012499519
0.012499519
0.012499519
0.012499519
0.012499519
0.012499519
0.012499519
0.012499518
0.012499518
0.012499518
0.012499518
0.012499517
0.012499517
0.012499517
0.012499517
0.01249952
0.01249952
0.01249952
0.01249952
0.01249952
0.012499519
0.012499519
0.012499519
0.012499519
0.012499519
0.012499519
0.012499519
0.012499519
0.012499518
0.012499518
0.012499518
0.012499517
0.012499517
0.012499517
0.012499517
0.01249952
0.01249952
0.01249952
0.01249952
0.01249952
0.01249952
0.012499519
0.012499519
0.012499519
0.012499519
0.012499519
0.012499519
0.012499519
0.012499519
0.012499518
0.012499518
0.012499518
0.012499517
0.012499517
0.012499517
0.01249952
0.01249952
0.01249952
0.01249952
0.01249952
0.01249952
0.01249952
0.012499519
0.012499519
0.012499519
0.012499519
0.012499519
0.012499519
0.012499519
0.012499519
0.012499518
0.012499518
0.012499517
0.012499517
0.012499517
0.012499521
0.01249952
0.01249952
0.01249952
0.01249952
0.01249952
0.01249952
0.01249952
0.01249952
0.012499519
0.012499519
0.012499519
0.012499519
0.012499519
0.012499519
0.012499518
0.012499518
0.012499518
0.012499517
0.012499517
0.012499521
0.01249952
0.01249952
0.01249952
0.01249952
0.01249952
0.01249952
0.01249952
0.01249952
0.01249952
0.012499519
0.012499519
0.012499519
0.012499519
0.012499519
0.012499518
0.012499518
0.012499518
0.012499517
0.012499517
0.012499521
0.012499521
0.012499521
0.012499521
0.012499521
0.01249952
0.01249952
0.01249952
0.01249952
0.01249952
0.012499519
0.012499519
0.012499519
0.012499519
0.012499519
0.012499519
0.012499518
0.012499518
0.012499517
0.012499517
0.012499521
0.012499521
0.01249952
0.01249952
0.012499521
0.012499521
0.01249952
0.01249952
0.01249952
0.01249952
0.01249952
0.012499519
0.012499519
0.012499519
0.012499519
0.012499519
0.012499518
0.012499518
0.012499517
0.012499517
0.012499521
0.012499521
0.01249952
0.01249952
0.01249952
0.01249952
0.01249952
0.01249952
0.01249952
0.01249952
0.01249952
0.012499519
0.012499519
0.012499519
0.012499519
0.012499518
0.012499518
0.012499518
0.012499518
0.012499517
0.012499521
0.012499521
0.01249952
0.01249952
0.01249952
0.01249952
0.01249952
0.01249952
0.01249952
0.01249952
0.01249952
0.012499519
0.012499519
0.012499519
0.012499519
0.012499518
0.012499518
0.012499518
0.012499518
0.012499517
0.012499521
0.012499521
0.01249952
0.01249952
0.01249952
0.01249952
0.01249952
0.01249952
0.01249952
0.01249952
0.01249952
0.01249952
0.012499519
0.012499519
0.012499519
0.012499518
0.012499518
0.012499518
0.012499518
0.012499517
0.012499521
0.012499521
0.01249952
0.01249952
0.01249952
0.01249952
0.01249952
0.01249952
0.01249952
0.01249952
0.01249952
0.01249952
0.012499519
0.012499519
0.012499519
0.012499518
0.012499518
0.012499518
0.012499518
0.012499517
0.012499521
0.012499521
0.01249952
0.01249952
0.01249952
0.01249952
0.01249952
0.01249952
0.01249952
0.01249952
0.01249952
0.01249952
0.012499519
0.012499519
0.012499519
0.012499518
0.012499518
0.012499518
0.012499518
0.012499517
0.012499521
0.012499521
0.01249952
0.01249952
0.01249952
0.01249952
0.01249952
0.01249952
0.01249952
0.01249952
0.01249952
0.012499519
0.012499519
0.012499519
0.012499519
0.012499518
0.012499518
0.012499518
0.012499518
0.012499517
0.012499521
0.01249952
0.01249952
0.01249952
0.01249952
0.01249952
0.01249952
0.01249952
0.01249952
0.01249952
0.012499519
0.012499519
0.012499519
0.012499519
0.012499519
0.012499519
0.012499518
0.012499518
0.012499518
0.012499518
0.01249952
0.01249952
0.01249952
0.01249952
0.01249952
0.01249952
0.01249952
0.01249952
0.01249952
0.012499519
0.012499519
0.012499519
0.012499519
0.012499519
0.012499519
0.012499519
0.012499518
0.012499518
0.012499518
0.012499518
0.01249952
0.012499519
0.012499519
0.012499519
0.012499519
0.012499519
0.012499519
0.012499518
0.012499518
0.012499518
0.012499518
0.012499518
0.012499518
0.012499518
0.012499518
0.012499517
0.012499517
0.012499517
0.012499517
0.012499517
0.01249952
0.01249952
0.012499519
0.012499519
0.012499519
0.012499519
0.012499519
0.012499519
0.012499519
0.012499518
0.012499518
0.012499518
0.012499518
0.012499518
0.012499518
0.012499517
0.012499517
0.012499517
0.012499517
0.012499517
0.01249952
0.01249952
0.01249952
0.012499519
0.012499519
0.012499519
0.012499519
0.012499519
0.012499519
0.012499519
0.012499519
0.012499518
0.012499518
0.012499518
0.012499518
0.012499518
0.012499517
0.012499517
0.012499517
0.012499517
0.01249952
0.01249952
0.01249952
0.01249952
0.012499519
0.012499519
0.012499519
0.012499519
0.012499519
0.012499519
0.012499519
0.012499519
0.012499518
0.012499518
0.012499518
0.012499518
0.012499517
0.012499517
0.012499517
0.012499517
0.01249952
0.01249952
0.01249952
0.01249952
0.01249952
0.012499519
0.012499519
0.012499519
0.012499519
0.012499519
0.012499519
0.012499519
0.012499519
0.012499518
0.012499518
0.012499518
0.012499517
0.012499517
0.012499517
0.012499517
0.01249952
0.01249952
0.01249952
0.01249952
0.01249952
0.01249952
0.012499519
0.012499519
0.012499519
0.012499519
0.012499519
0.012499519
0.012499519
0.012499518
0.012499518
0.012499518
0.012499518
0.012499517
0.012499517
0.012499517
0.01249952
0.01249952
0.01249952
0.01249952
0.01249952
0.01249952
0.01249952
0.012499519
0.012499519
0.012499519
0.012499519
0.012499519
0.012499519
0.012499519
0.012499518
0.012499518
0.012499518
0.012499517
0.012499517
0.012499517
0.01249952
0.01249952
0.01249952
0.01249952
0.01249952
0.01249952
0.01249952
0.01249952
0.012499519
0.012499519
0.012499519
0.012499519
0.012499519
0.012499519
0.012499519
0.012499518
0.012499518
0.012499518
0.012499517
0.012499517
0.012499521
0.012499521
0.01249952
0.01249952
0.01249952
0.01249952
0.01249952
0.01249952
0.01249952
0.012499519
0.012499519
0.012499519
0.012499519
0.012499519
0.012499519
0.012499518
0.012499518
0.012499518
0.012499517
0.012499517
0.012499521
0.012499521
0.012499521
0.012499521
0.01249952
0.01249952
0.01249952
0.01249952
0.01249952
0.01249952
0.012499519
0.012499519
0.012499519
0.012499519
0.012499519
0.012499519
0.012499518
0.012499518
0.012499517
0.012499517
0.012499521
0.012499521
0.012499521
0.012499521
0.012499521
0.01249952
0.01249952
0.01249952
0.01249952
0.01249952
0.012499519
0.012499519
0.012499519
0.012499519
0.012499519
0.012499519
0.012499518
0.012499518
0.012499517
0.012499517
0.012499521
0.012499521
0.012499521
0.012499521
0.012499521
0.012499521
0.01249952
0.01249952
0.01249952
0.01249952
0.01249952
0.012499519
0.012499519
0.012499519
0.012499519
0.012499519
0.012499518
0.012499518
0.012499518
0.012499517
0.012499521
0.012499521
0.012499521
0.012499521
0.012499521
0.012499521
0.01249952
0.01249952
0.01249952
0.01249952
0.01249952
0.012499519
0.012499519
0.012499519
0.012499519
0.012499519
0.012499518
0.012499518
0.012499518
0.012499517
0.012499521
0.012499521
0.01249952
0.01249952
0.01249952
0.01249952
0.01249952
0.01249952
0.01249952
0.01249952
0.01249952
0.012499519
0.012499519
0.012499519
0.012499519
0.012499519
0.012499518
0.012499518
0.012499518
0.012499517
0.012499521
0.012499521
0.01249952
0.01249952
0.01249952
0.01249952
0.01249952
0.01249952
0.01249952
0.01249952
0.01249952
0.01249952
0.012499519
0.012499519
0.012499519
0.012499518
0.012499518
0.012499518
0.012499518
0.012499517
0.012499521
0.012499521
0.01249952
0.01249952
0.01249952
0.01249952
0.01249952
0.01249952
0.01249952
0.01249952
0.01249952
0.01249952
0.012499519
0.012499519
0.012499519
0.012499518
0.012499518
0.012499518
0.012499518
0.012499517
0.012499521
0.012499521
0.01249952
0.01249952
0.01249952
0.01249952
0.01249952
0.01249952
0.01249952
0.01249952
0.01249952
0.01249952
0.012499519
0.012499519
0.012499519
0.012499519
0.012499518
0.012499518
0.012499518
0.012499517
0.012499521
0.012499521
0.01249952
0.01249952
0.01249952
0.01249952
0.01249952
0.01249952
0.01249952
0.01249952
0.01249952
0.01249952
0.012499519
0.012499519
0.012499519
0.012499519
0.012499518
0.012499518
0.012499518
0.012499517
0.012499521
0.012499521
0.01249952
0.01249952
0.01249952
0.01249952
0.01249952
0.01249952
0.01249952
0.01249952
0.01249952
0.012499519
0.012499519
0.012499519
0.012499519
0.012499519
0.012499518
0.012499518
0.012499518
0.012499518
0.01249952
0.01249952
0.01249952
0.01249952
0.01249952
0.01249952
0.01249952
0.01249952
0.01249952
0.01249952
0.012499519
0.012499519
0.012499519
0.012499519
0.012499519
0.012499519
0.012499519
0.012499518
0.012499518
0.012499518
0.01249952
0.012499519
0.012499519
0.012499519
0.012499519
0.012499519
0.012499519
0.012499518
0.012499518
0.012499518
0.012499518
0.012499518
0.012499518
0.012499518
0.012499517
0.012499517
0.012499517
0.012499517
0.012499517
0.012499517
0.01249952
0.01249952
0.012499519
0.012499519
0.012499519
0.012499519
0.012499519
0.012499519
0.012499518
0.012499518
0.012499518
0.012499518
0.012499518
0.012499518
0.012499518
0.012499517
0.012499517
0.012499517
0.012499517
0.012499517
0.01249952
0.01249952
0.012499519
0.012499519
0.012499519
0.012499519
0.012499519
0.012499519
0.012499519
0.012499519
0.012499518
0.012499518
0.012499518
0.012499518
0.012499518
0.012499517
0.012499517
0.012499517
0.012499517
0.012499517
0.01249952
0.01249952
0.01249952
0.012499519
0.012499519
0.012499519
0.012499519
0.012499519
0.012499519
0.012499519
0.012499519
0.012499518
0.012499518
0.012499518
0.012499518
0.012499517
0.012499517
0.012499517
0.012499517
0.012499517
0.01249952
0.01249952
0.01249952
0.01249952
0.012499519
0.012499519
0.012499519
0.012499519
0.012499519
0.012499519
0.012499519
0.012499519
0.012499518
0.012499518
0.012499518
0.012499517
0.012499517
0.012499517
0.012499517
0.012499517
0.01249952
0.01249952
0.01249952
0.01249952
0.012499519
0.012499519
0.012499519
0.012499519
0.012499519
0.012499519
0.012499519
0.012499519
0.012499518
0.012499518
0.012499518
0.012499518
0.012499517
0.012499517
0.012499517
0.012499517
0.01249952
0.01249952
0.01249952
0.01249952
0.01249952
0.012499519
0.012499519
0.012499519
0.012499519
0.012499519
0.012499519
0.012499519
0.012499519
0.012499518
0.012499518
0.012499518
0.012499517
0.012499517
0.012499517
0.012499517
0.01249952
0.01249952
0.01249952
0.01249952
0.01249952
0.01249952
0.012499519
0.012499519
0.012499519
0.012499519
0.012499519
0.012499519
0.012499519
0.012499519
0.012499518
0.012499518
0.012499518
0.012499517
0.012499517
0.012499517
0.012499521
0.01249952
0.01249952
0.01249952
0.01249952
0.01249952
0.01249952
0.012499519
0.012499519
0.012499519
0.012499519
0.012499519
0.012499519
0.012499519
0.012499518
0.012499518
0.012499518
0.012499517
0.012499517
0.012499517
0.012499521
0.01249952
0.01249952
0.01249952
0.01249952
0.01249952
0.01249952
0.01249952
0.012499519
0.012499519
0.012499519
0.012499519
0.012499519
0.012499519
0.012499519
0.012499518
0.012499518
0.012499518
0.012499517
0.012499517
0.012499521
0.012499521
0.01249952
0.01249952
0.01249952
0.01249952
0.01249952
0.01249952
0.012499519
0.012499519
0.012499519
0.012499519
0.012499519
0.012499519
0.012499519
0.012499518
0.012499518
0.012499518
0.012499517
0.012499517
0.012499521
0.01249952
0.01249952
0.01249952
0.01249952
0.01249952
0.01249952
0.01249952
0.01249952
0.012499519
0.012499519
0.012499519
0.012499519
0.012499519
0.012499519
0.012499518
0.012499518
0.012499518
0.012499517
0.012499517
0.012499521
0.01249952
0.01249952
0.01249952
0.01249952
0.01249952
0.01249952
0.01249952
0.01249952
0.01249952
0.012499519
0.012499519
0.012499519
0.012499519
0.012499518
0.012499518
0.012499518
0.012499518
0.012499518
0.012499517
0.012499521
0.01249952
0.01249952
0.01249952
0.01249952
0.01249952
0.01249952
0.01249952
0.01249952
0.01249952
0.012499519
0.012499519
0.012499519
0.012499519
0.012499518
0.012499518
0.012499518
0.012499518
0.012499518
0.012499517
0.012499521
0.012499521
0.01249952
0.01249952
0.01249952
0.01249952
0.01249952
0.01249952
0.01249952
0.01249952
0.01249952
0.012499519
0.012499519
0.012499519
0.012499518
0.012499518
0.012499518
0.012499518
0.012499518
0.012499517
0.012499521
0.012499521
0.01249952
0.01249952
0.01249952
0.01249952
0.01249952
0.01249952
0.01249952
0.01249952
0.01249952
0.012499519
0.012499519
0.012499519
0.012499518
0.012499518
0.012499518
0.012499518
0.012499518
0.012499517
0.012499521
0.012499521
0.01249952
0.01249952
0.01249952
0.01249952
0.01249952
0.01249952
0.01249952
0.01249952
0.01249952
0.012499519
0.012499519
0.012499519
0.012499519
0.012499518
0.012499518
0.012499518
0.012499518
0.012499517
0.012499521
0.012499521
0.01249952
0.01249952
0.01249952
0.01249952
0.01249952
0.01249952
0.01249952
0.01249952
0.01249952
0.012499519
0.012499519
0.012499519
0.012499519
0.012499518
0.012499518
0.012499518
0.012499518
0.012499517
0.012499521
0.01249952
0.01249952
0.01249952
0.01249952
0.01249952
0.01249952
0.01249952
0.01249952
0.01249952
0.012499519
0.012499519
0.012499519
0.012499519
0.012499519
0.012499519
0.012499518
0.012499518
0.012499518
0.012499518
0.01249952
0.01249952
0.01249952
0.01249952
0.01249952
0.01249952
0.01249952
0.01249952
0.01249952
0.012499519
0.012499519
0.012499519
0.012499519
0.012499519
0.012499519
0.012499519
0.012499518
0.012499518
0.012499518
0.012499518
0.01249952
0.012499519
0.012499519
0.012499519
0.012499519
0.012499519
0.012499519
0.012499518
0.012499518
0.012499518
0.012499518
0.012499518
0.012499518
0.012499518
0.012499517
0.012499517
0.012499517
0.012499517
0.012499517
0.012499517
0.01249952
0.01249952
0.012499519
0.012499519
0.012499519
0.012499519
0.012499519
0.012499519
0.012499518
0.012499518
0.012499518
0.012499518
0.012499518
0.012499518
0.012499517
0.012499517
0.012499517
0.012499517
0.012499517
0.012499517
0.01249952
0.01249952
0.012499519
0.012499519
0.012499519
0.012499519
0.012499519
0.012499519
0.012499519
0.012499518
0.012499518
0.012499518
0.012499518
0.012499518
0.012499517
0.012499517
0.012499517
0.012499517
0.012499517
0.012499517
0.01249952
0.01249952
0.01249952
0.012499519
0.012499519
0.012499519
0.012499519
0.012499519
0.012499519
0.012499519
0.012499518
0.012499518
0.012499518
0.012499518
0.012499517
0.012499517
0.012499517
0.012499517
0.012499517
0.012499517
0.01249952
0.01249952
0.01249952
0.012499519
0.012499519
0.012499519
0.012499519
0.012499519
0.012499519
0.012499519
0.012499518
0.012499518
0.012499518
0.012499518
0.012499517
0.012499517
0.012499517
0.012499517
0.012499517
0.012499517
0.01249952
0.01249952
0.01249952
0.01249952
0.012499519
0.012499519
0.012499519
0.012499519
0.012499519
0.012499519
0.012499519
0.012499518
0.012499518
0.012499518
0.012499518
0.012499517
0.012499517
0.012499517
0.012499517
0.012499517
0.01249952
0.01249952
0.01249952
0.01249952
0.012499519
0.012499519
0.012499519
0.012499519
0.012499519
0.012499519
0.012499519
0.012499518
0.012499518
0.012499518
0.012499518
0.012499518
0.012499517
0.012499517
0.012499517
0.012499517
0.01249952
0.01249952
0.01249952
0.01249952
0.01249952
0.012499519
0.012499519
0.012499519
0.012499519
0.012499518
0.012499518
0.012499518
0.012499518
0.012499518
0.012499518
0.012499518
0.012499517
0.012499517
0.012499517
0.012499517
0.01249952
0.01249952
0.01249952
0.01249952
0.01249952
0.012499519
0.012499519
0.012499519
0.012499519
0.012499518
0.012499518
0.012499518
0.012499518
0.012499518
0.012499518
0.012499518
0.012499518
0.012499517
0.012499517
0.012499517
0.012499521
0.01249952
0.01249952
0.01249952
0.01249952
0.01249952
0.012499519
0.012499519
0.012499519
0.012499518
0.012499518
0.012499518
0.012499518
0.012499518
0.012499518
0.012499518
0.012499518
0.012499518
0.012499517
0.012499517
0.012499521
0.01249952
0.01249952
0.01249952
0.01249952
0.01249952
0.01249952
0.012499519
0.012499519
0.012499518
0.012499518
0.012499518
0.012499518
0.012499518
0.012499518
0.012499518
0.012499518
0.012499518
0.012499517
0.012499517
0.012499521
0.01249952
0.01249952
0.01249952
0.01249952
0.01249952
0.01249952
0.012499519
0.012499519
0.012499519
0.012499518
0.012499518
0.012499518
0.012499518
0.012499518
0.012499518
0.012499518
0.012499518
0.012499517
0.012499517
0.012499521
0.01249952
0.01249952
0.01249952
0.01249952
0.01249952
0.01249952
0.01249952
0.012499519
0.012499519
0.012499519
0.012499518
0.012499518
0.012499518
0.012499518
0.012499518
0.012499518
0.012499518
0.012499517
0.012499517
0.012499521
0.01249952
0.01249952
0.01249952
0.01249952
0.01249952
0.01249952
0.01249952
0.01249952
0.012499519
0.012499519
0.012499519
0.012499518
0.012499518
0.012499518
0.012499518
0.012499518
0.012499518
0.012499518
0.012499517
0.012499521
0.012499521
0.01249952
0.01249952
0.01249952
0.01249952
0.01249952
0.01249952
0.01249952
0.01249952
0.012499519
0.012499519
0.012499519
0.012499518
0.012499518
0.012499518
0.012499518
0.012499518
0.012499518
0.012499517
0.012499521
0.012499521
0.01249952
0.01249952
0.01249952
0.01249952
0.01249952
0.01249952
0.01249952
0.01249952
0.012499519
0.012499519
0.012499519
0.012499519
0.012499518
0.012499518
0.012499518
0.012499518
0.012499518
0.012499517
0.012499521
0.012499521
0.01249952
0.01249952
0.01249952
0.01249952
0.01249952
0.01249952
0.01249952
0.01249952
0.01249952
0.012499519
0.012499519
0.012499519
0.012499519
0.012499518
0.012499518
0.012499518
0.012499518
0.012499517
0.012499521
0.012499521
0.01249952
0.01249952
0.01249952
0.01249952
0.01249952
0.01249952
0.01249952
0.01249952
0.012499519
0.012499519
0.012499519
0.012499519
0.012499519
0.012499519
0.012499518
0.012499518
0.012499518
0.012499517
0.012499521
0.012499521
0.01249952
0.01249952
0.01249952
0.01249952
0.01249952
0.01249952
0.01249952
0.01249952
0.012499519
0.012499519
0.012499519
0.012499519
0.012499519
0.012499519
0.012499518
0.012499518
0.012499518
0.012499518
0.01249952
0.01249952
0.01249952
0.01249952
0.01249952
0.01249952
0.01249952
0.01249952
0.01249952
0.012499519
0.012499519
0.012499519
0.012499519
0.012499519
0.012499519
0.012499519
0.012499518
0.012499518
0.012499518
0.012499518
)
;

boundaryField
{
    inlet
    {
        type            fixedValue;
        value           uniform 0.01;
    }
    outlet
    {
        type            inletOutlet;
        inletValue      uniform 0.01;
        value           nonuniform List<scalar> 
400
(
0.01249952
0.01249952
0.01249952
0.01249952
0.01249952
0.01249952
0.01249952
0.01249952
0.01249952
0.012499521
0.012499521
0.012499521
0.012499521
0.012499521
0.012499521
0.012499521
0.012499521
0.012499521
0.012499521
0.01249952
0.012499519
0.01249952
0.01249952
0.01249952
0.01249952
0.01249952
0.01249952
0.01249952
0.01249952
0.01249952
0.01249952
0.01249952
0.01249952
0.01249952
0.012499521
0.012499521
0.012499521
0.012499521
0.012499521
0.01249952
0.012499519
0.012499519
0.012499519
0.01249952
0.01249952
0.01249952
0.01249952
0.01249952
0.01249952
0.01249952
0.01249952
0.01249952
0.01249952
0.01249952
0.01249952
0.01249952
0.01249952
0.01249952
0.01249952
0.01249952
0.012499519
0.012499519
0.012499519
0.012499519
0.012499519
0.01249952
0.01249952
0.01249952
0.01249952
0.01249952
0.01249952
0.01249952
0.01249952
0.01249952
0.01249952
0.01249952
0.01249952
0.01249952
0.01249952
0.01249952
0.012499519
0.012499519
0.012499519
0.012499519
0.012499519
0.012499519
0.012499519
0.01249952
0.01249952
0.01249952
0.01249952
0.01249952
0.01249952
0.01249952
0.01249952
0.01249952
0.01249952
0.01249952
0.01249952
0.01249952
0.012499519
0.012499519
0.012499519
0.012499519
0.012499519
0.012499519
0.012499519
0.012499519
0.012499519
0.01249952
0.01249952
0.01249952
0.01249952
0.01249952
0.01249952
0.01249952
0.01249952
0.01249952
0.01249952
0.01249952
0.012499519
0.012499519
0.012499519
0.012499519
0.012499519
0.012499519
0.012499519
0.012499519
0.012499519
0.012499519
0.01249952
0.01249952
0.01249952
0.01249952
0.01249952
0.01249952
0.01249952
0.01249952
0.01249952
0.01249952
0.012499518
0.012499519
0.012499519
0.012499519
0.012499519
0.012499519
0.012499519
0.012499519
0.012499519
0.012499519
0.012499519
0.012499519
0.01249952
0.01249952
0.01249952
0.01249952
0.01249952
0.01249952
0.01249952
0.01249952
0.012499518
0.012499518
0.012499519
0.012499519
0.012499519
0.012499519
0.012499519
0.012499519
0.012499519
0.012499519
0.012499519
0.012499519
0.012499519
0.01249952
0.01249952
0.01249952
0.01249952
0.01249952
0.01249952
0.01249952
0.012499518
0.012499518
0.012499518
0.012499519
0.012499519
0.012499519
0.012499519
0.012499518
0.012499518
0.012499518
0.012499518
0.012499519
0.012499519
0.012499519
0.01249952
0.01249952
0.01249952
0.01249952
0.01249952
0.012499519
0.012499518
0.012499518
0.012499518
0.012499518
0.012499518
0.012499519
0.012499519
0.012499518
0.012499518
0.012499518
0.012499518
0.012499518
0.012499519
0.012499519
0.012499519
0.012499519
0.01249952
0.012499519
0.012499519
0.012499519
0.012499518
0.012499518
0.012499518
0.012499518
0.012499518
0.012499518
0.012499518
0.012499518
0.012499518
0.012499518
0.012499518
0.012499518
0.012499518
0.012499519
0.012499519
0.012499519
0.012499519
0.012499519
0.012499519
0.012499519
0.012499518
0.012499518
0.012499518
0.012499518
0.012499518
0.012499518
0.012499518
0.012499518
0.012499518
0.012499518
0.012499518
0.012499518
0.012499518
0.012499518
0.012499519
0.012499519
0.012499519
0.012499519
0.012499519
0.012499519
0.012499518
0.012499518
0.012499518
0.012499518
0.012499518
0.012499518
0.012499518
0.012499518
0.012499518
0.012499518
0.012499518
0.012499518
0.012499518
0.012499518
0.012499518
0.012499519
0.012499519
0.012499519
0.012499519
0.012499519
0.012499517
0.012499517
0.012499517
0.012499517
0.012499517
0.012499518
0.012499518
0.012499518
0.012499518
0.012499518
0.012499518
0.012499518
0.012499518
0.012499518
0.012499518
0.012499518
0.012499519
0.012499519
0.012499519
0.012499519
0.012499517
0.012499517
0.012499517
0.012499517
0.012499517
0.012499517
0.012499518
0.012499518
0.012499518
0.012499518
0.012499518
0.012499518
0.012499518
0.012499518
0.012499518
0.012499518
0.012499518
0.012499519
0.012499519
0.012499519
0.012499517
0.012499517
0.012499517
0.012499517
0.012499517
0.012499517
0.012499517
0.012499517
0.012499518
0.012499518
0.012499518
0.012499518
0.012499518
0.012499518
0.012499518
0.012499518
0.012499518
0.012499518
0.012499518
0.012499518
0.012499517
0.012499517
0.012499517
0.012499517
0.012499517
0.012499517
0.012499517
0.012499517
0.012499517
0.012499518
0.012499518
0.012499518
0.012499518
0.012499518
0.012499518
0.012499518
0.012499518
0.012499518
0.012499518
0.012499518
0.012499517
0.012499517
0.012499517
0.012499517
0.012499517
0.012499517
0.012499517
0.012499517
0.012499517
0.012499517
0.012499517
0.012499517
0.012499517
0.012499518
0.012499518
0.012499518
0.012499518
0.012499518
0.012499518
0.012499518
0.012499517
0.012499517
0.012499517
0.012499517
0.012499517
0.012499517
0.012499517
0.012499517
0.012499517
0.012499517
0.012499517
0.012499517
0.012499517
0.012499517
0.012499517
0.012499517
0.012499517
0.012499517
0.012499518
0.012499518
)
;
    }
    domain1_to_solid_wall
    {
        type            compressible::turbulentTemperatureCoupledBaffleMixed;
        refValue        nonuniform List<scalar> 
4800
(
0.012499188
0.012499185
0.012499182
0.012499179
0.012499177
0.012499174
0.012499172
0.01249917
0.012499168
0.012499166
0.012499164
0.012499163
0.012499162
0.012499161
0.012499161
0.01249916
0.01249916
0.012499159
0.012499158
0.012499157
0.012499372
0.012499372
0.012499372
0.012499373
0.012499373
0.012499373
0.012499372
0.012499372
0.012499372
0.012499372
0.012499372
0.012499371
0.012499371
0.01249937
0.01249937
0.012499369
0.012499369
0.012499368
0.012499367
0.012499367
0.012499459
0.012499459
0.012499459
0.012499459
0.012499459
0.012499459
0.012499459
0.012499459
0.012499459
0.012499459
0.012499458
0.012499458
0.012499458
0.012499458
0.012499458
0.012499458
0.012499457
0.012499457
0.012499457
0.012499457
0.012499497
0.012499497
0.012499497
0.012499497
0.012499497
0.012499497
0.012499497
0.012499497
0.012499497
0.012499497
0.012499497
0.012499496
0.012499496
0.012499496
0.012499496
0.012499496
0.012499496
0.012499496
0.012499495
0.012499495
0.012499512
0.012499512
0.012499512
0.012499512
0.012499512
0.012499512
0.012499512
0.012499512
0.012499511
0.012499511
0.012499511
0.012499511
0.012499511
0.012499511
0.012499511
0.012499511
0.01249951
0.01249951
0.01249951
0.01249951
0.012499517
0.012499517
0.012499517
0.012499517
0.012499517
0.012499517
0.012499517
0.012499517
0.012499516
0.012499516
0.012499516
0.012499516
0.012499516
0.012499516
0.012499516
0.012499515
0.012499515
0.012499515
0.012499515
0.012499515
0.012499519
0.012499519
0.012499519
0.012499518
0.012499518
0.012499518
0.012499518
0.012499518
0.012499518
0.012499518
0.012499518
0.012499517
0.012499517
0.012499517
0.012499517
0.012499517
0.012499517
0.012499517
0.012499516
0.012499516
0.012499519
0.012499519
0.012499519
0.012499519
0.012499519
0.012499519
0.012499518
0.012499518
0.012499518
0.012499518
0.012499518
0.012499518
0.012499518
0.012499517
0.012499517
0.012499517
0.012499517
0.012499517
0.012499517
0.012499517
0.012499519
0.012499519
0.012499519
0.012499519
0.012499519
0.012499519
0.012499518
0.012499518
0.012499518
0.012499518
0.012499518
0.012499518
0.012499518
0.012499518
0.012499517
0.012499517
0.012499517
0.012499517
0.012499517
0.012499517
0.012499519
0.012499519
0.012499519
0.012499519
0.012499519
0.012499519
0.012499519
0.012499518
0.012499518
0.012499518
0.012499518
0.012499518
0.012499518
0.012499518
0.012499517
0.012499517
0.012499517
0.012499517
0.012499517
0.012499517
0.012499519
0.012499519
0.012499519
0.012499519
0.012499519
0.012499519
0.012499519
0.012499518
0.012499518
0.012499518
0.012499518
0.012499518
0.012499518
0.012499518
0.012499517
0.012499517
0.012499517
0.012499517
0.012499517
0.012499517
0.012499519
0.012499519
0.012499519
0.012499519
0.012499519
0.012499519
0.012499518
0.012499518
0.012499518
0.012499518
0.012499518
0.012499518
0.012499518
0.012499518
0.012499517
0.012499517
0.012499517
0.012499517
0.012499517
0.012499517
0.012499519
0.012499519
0.012499519
0.012499519
0.012499519
0.012499519
0.012499519
0.012499518
0.012499518
0.012499518
0.012499518
0.012499518
0.012499518
0.012499518
0.012499517
0.012499517
0.012499517
0.012499517
0.012499517
0.012499517
0.012499519
0.012499519
0.012499519
0.012499519
0.012499519
0.012499519
0.012499519
0.012499518
0.012499518
0.012499518
0.012499518
0.012499518
0.012499518
0.012499518
0.012499517
0.012499517
0.012499517
0.012499517
0.012499517
0.012499517
0.012499519
0.012499519
0.012499519
0.012499519
0.012499519
0.012499519
0.012499518
0.012499518
0.012499518
0.012499518
0.012499518
0.012499518
0.012499518
0.012499518
0.012499517
0.012499517
0.012499517
0.012499517
0.012499517
0.012499517
0.012499519
0.012499519
0.012499519
0.012499519
0.012499519
0.012499519
0.012499519
0.012499518
0.012499518
0.012499518
0.012499518
0.012499518
0.012499518
0.012499518
0.012499517
0.012499517
0.012499517
0.012499517
0.012499517
0.012499517
0.012499519
0.012499519
0.012499519
0.012499519
0.012499519
0.012499519
0.012499519
0.012499518
0.012499518
0.012499518
0.012499518
0.012499518
0.012499518
0.012499518
0.012499517
0.012499517
0.012499517
0.012499517
0.012499517
0.012499517
0.012499519
0.012499519
0.012499519
0.012499519
0.012499519
0.012499519
0.012499518
0.012499518
0.012499518
0.012499518
0.012499518
0.012499518
0.012499518
0.012499518
0.012499517
0.012499517
0.012499517
0.012499517
0.012499517
0.012499517
0.012499519
0.012499519
0.012499519
0.012499519
0.012499519
0.012499519
0.012499518
0.012499518
0.012499518
0.012499518
0.012499518
0.012499518
0.012499518
0.012499518
0.012499517
0.012499517
0.012499517
0.012499517
0.012499517
0.012499517
0.012499519
0.012499519
0.012499519
0.012499519
0.012499519
0.012499519
0.012499519
0.012499518
0.012499518
0.012499518
0.012499518
0.012499518
0.012499518
0.012499518
0.012499517
0.012499517
0.012499517
0.012499517
0.012499517
0.012499517
0.012499519
0.012499519
0.012499519
0.012499519
0.012499519
0.012499519
0.012499518
0.012499518
0.012499518
0.012499518
0.012499518
0.012499518
0.012499518
0.012499518
0.012499517
0.012499517
0.012499517
0.012499517
0.012499517
0.012499517
0.012499519
0.012499519
0.012499519
0.012499519
0.012499519
0.012499519
0.012499519
0.012499518
0.012499518
0.012499518
0.012499518
0.012499518
0.012499518
0.012499518
0.012499517
0.012499517
0.012499517
0.012499517
0.012499517
0.012499517
0.012499519
0.012499519
0.012499519
0.012499519
0.012499519
0.012499519
0.012499519
0.012499518
0.012499518
0.012499518
0.012499518
0.012499518
0.012499518
0.012499518
0.012499517
0.012499517
0.012499517
0.012499517
0.012499517
0.012499517
0.012499519
0.012499519
0.012499519
0.012499519
0.012499519
0.012499519
0.012499518
0.012499518
0.012499518
0.012499518
0.012499518
0.012499518
0.012499518
0.012499518
0.012499517
0.012499517
0.012499517
0.012499517
0.012499517
0.012499517
0.012499519
0.012499519
0.012499519
0.012499519
0.012499519
0.012499519
0.012499518
0.012499518
0.012499518
0.012499518
0.012499518
0.012499518
0.012499518
0.012499518
0.012499517
0.012499517
0.012499517
0.012499517
0.012499517
0.012499517
0.012499519
0.012499519
0.012499519
0.012499519
0.012499519
0.012499519
0.012499519
0.012499518
0.012499518
0.012499518
0.012499518
0.012499518
0.012499518
0.012499518
0.012499517
0.012499517
0.012499517
0.012499517
0.012499517
0.012499517
0.012499519
0.012499519
0.012499519
0.012499519
0.012499519
0.012499519
0.012499518
0.012499518
0.012499518
0.012499518
0.012499518
0.012499518
0.012499518
0.012499518
0.012499517
0.012499517
0.012499517
0.012499517
0.012499517
0.012499517
0.012499519
0.012499519
0.012499519
0.012499519
0.012499519
0.012499519
0.012499519
0.012499518
0.012499518
0.012499518
0.012499518
0.012499518
0.012499518
0.012499518
0.012499517
0.012499517
0.012499517
0.012499517
0.012499517
0.012499517
0.012499519
0.012499519
0.012499519
0.012499519
0.012499519
0.012499519
0.012499519
0.012499518
0.012499518
0.012499518
0.012499518
0.012499518
0.012499518
0.012499518
0.012499517
0.012499517
0.012499517
0.012499517
0.012499517
0.012499517
0.012499519
0.012499519
0.012499519
0.012499519
0.012499519
0.012499519
0.012499519
0.012499518
0.012499518
0.012499518
0.012499518
0.012499518
0.012499518
0.012499518
0.012499517
0.012499517
0.012499517
0.012499517
0.012499517
0.012499517
0.012499519
0.012499519
0.012499519
0.012499519
0.012499519
0.012499519
0.012499519
0.012499518
0.012499518
0.012499518
0.012499518
0.012499518
0.012499518
0.012499518
0.012499517
0.012499517
0.012499517
0.012499517
0.012499517
0.012499517
0.012499519
0.012499519
0.012499519
0.012499519
0.012499519
0.012499519
0.012499519
0.012499518
0.012499518
0.012499518
0.012499518
0.012499518
0.012499518
0.012499518
0.012499517
0.012499517
0.012499517
0.012499517
0.012499517
0.012499517
0.012499519
0.012499519
0.012499519
0.012499519
0.012499519
0.012499519
0.012499518
0.012499518
0.012499518
0.012499518
0.012499518
0.012499518
0.012499518
0.012499518
0.012499517
0.012499517
0.012499517
0.012499517
0.012499517
0.012499517
0.012499519
0.012499519
0.012499519
0.012499519
0.012499519
0.012499519
0.012499519
0.012499518
0.012499518
0.012499518
0.012499518
0.012499518
0.012499518
0.012499518
0.012499517
0.012499517
0.012499517
0.012499517
0.012499517
0.012499517
0.012499519
0.012499519
0.012499519
0.012499519
0.012499519
0.012499519
0.012499519
0.012499518
0.012499518
0.012499518
0.012499518
0.012499518
0.012499518
0.012499518
0.012499517
0.012499517
0.012499517
0.012499517
0.012499517
0.012499517
0.012499519
0.012499519
0.012499519
0.012499519
0.012499519
0.012499519
0.012499518
0.012499518
0.012499518
0.012499518
0.012499518
0.012499518
0.012499518
0.012499518
0.012499517
0.012499517
0.012499517
0.012499517
0.012499517
0.012499517
0.012499519
0.012499519
0.012499519
0.012499519
0.012499519
0.012499519
0.012499519
0.012499518
0.012499518
0.012499518
0.012499518
0.012499518
0.012499518
0.012499518
0.012499517
0.012499517
0.012499517
0.012499517
0.012499517
0.012499517
0.012499519
0.012499519
0.012499519
0.012499519
0.012499519
0.012499519
0.012499519
0.012499518
0.012499518
0.012499518
0.012499518
0.012499518
0.012499518
0.012499518
0.012499517
0.012499517
0.012499517
0.012499517
0.012499517
0.012499517
0.012499519
0.012499519
0.012499519
0.012499519
0.012499519
0.012499519
0.012499518
0.012499518
0.012499518
0.012499518
0.012499518
0.012499518
0.012499518
0.012499518
0.012499517
0.012499517
0.012499517
0.012499517
0.012499517
0.012499517
0.012499519
0.012499519
0.012499519
0.012499519
0.012499519
0.012499519
0.012499518
0.012499518
0.012499518
0.012499518
0.012499518
0.012499518
0.012499518
0.012499518
0.012499517
0.012499517
0.012499517
0.012499517
0.012499517
0.012499517
0.012499519
0.012499519
0.012499519
0.012499519
0.012499519
0.012499519
0.012499519
0.012499518
0.012499518
0.012499518
0.012499518
0.012499518
0.012499518
0.012499518
0.012499517
0.012499517
0.012499517
0.012499517
0.012499517
0.012499517
0.012499519
0.012499519
0.012499519
0.012499519
0.012499519
0.012499519
0.012499518
0.012499518
0.012499518
0.012499518
0.012499518
0.012499518
0.012499518
0.012499518
0.012499517
0.012499517
0.012499517
0.012499517
0.012499517
0.012499517
0.012499519
0.012499519
0.012499519
0.012499519
0.012499519
0.012499519
0.012499518
0.012499518
0.012499518
0.012499518
0.012499518
0.012499518
0.012499518
0.012499518
0.012499517
0.012499517
0.012499517
0.012499517
0.012499517
0.012499517
0.012499519
0.012499519
0.012499519
0.012499519
0.012499519
0.012499519
0.012499519
0.012499518
0.012499518
0.012499518
0.012499518
0.012499518
0.012499518
0.012499518
0.012499517
0.012499517
0.012499517
0.012499517
0.012499517
0.012499517
0.012499519
0.012499519
0.012499519
0.012499519
0.012499519
0.012499519
0.012499518
0.012499518
0.012499518
0.012499518
0.012499518
0.012499518
0.012499518
0.012499518
0.012499517
0.012499517
0.012499517
0.012499517
0.012499517
0.012499517
0.012499519
0.012499519
0.012499519
0.012499519
0.012499519
0.012499519
0.012499518
0.012499518
0.012499518
0.012499518
0.012499518
0.012499518
0.012499518
0.012499518
0.012499517
0.012499517
0.012499517
0.012499517
0.012499517
0.012499517
0.012499519
0.012499519
0.012499519
0.012499519
0.012499519
0.012499519
0.012499519
0.012499518
0.012499518
0.012499518
0.012499518
0.012499518
0.012499518
0.012499518
0.012499517
0.012499517
0.012499517
0.012499517
0.012499517
0.012499517
0.012499519
0.012499519
0.012499519
0.012499519
0.012499519
0.012499519
0.012499518
0.012499518
0.012499518
0.012499518
0.012499518
0.012499518
0.012499518
0.012499518
0.012499517
0.012499517
0.012499517
0.012499517
0.012499517
0.012499517
0.012499519
0.012499519
0.012499519
0.012499519
0.012499519
0.012499519
0.012499518
0.012499518
0.012499518
0.012499518
0.012499518
0.012499518
0.012499518
0.012499518
0.012499517
0.012499517
0.012499517
0.012499517
0.012499517
0.012499517
0.012499519
0.012499519
0.012499519
0.012499519
0.012499519
0.012499519
0.012499519
0.012499518
0.012499518
0.012499518
0.012499518
0.012499518
0.012499518
0.012499518
0.012499517
0.012499517
0.012499517
0.012499517
0.012499517
0.012499517
0.012499519
0.012499519
0.012499519
0.012499519
0.012499519
0.012499519
0.012499518
0.012499518
0.012499518
0.012499518
0.012499518
0.012499518
0.012499518
0.012499518
0.012499517
0.012499517
0.012499517
0.012499517
0.012499517
0.012499517
0.012499519
0.012499519
0.012499519
0.012499519
0.012499519
0.012499519
0.012499518
0.012499518
0.012499518
0.012499518
0.012499518
0.012499518
0.012499518
0.012499518
0.012499517
0.012499517
0.012499517
0.012499517
0.012499517
0.012499517
0.012499519
0.012499519
0.012499519
0.012499519
0.012499519
0.012499519
0.012499519
0.012499518
0.012499518
0.012499518
0.012499518
0.012499518
0.012499518
0.012499518
0.012499517
0.012499517
0.012499517
0.012499517
0.012499517
0.012499517
0.012499519
0.012499519
0.012499519
0.012499519
0.012499519
0.012499519
0.012499518
0.012499518
0.012499518
0.012499518
0.012499518
0.012499518
0.012499518
0.012499518
0.012499517
0.012499517
0.012499517
0.012499517
0.012499517
0.012499517
0.012499519
0.012499519
0.012499519
0.012499519
0.012499519
0.012499519
0.012499518
0.012499518
0.012499518
0.012499518
0.012499518
0.012499518
0.012499518
0.012499518
0.012499517
0.012499517
0.012499517
0.012499517
0.012499517
0.012499517
0.012499519
0.012499519
0.012499519
0.012499519
0.012499519
0.012499519
0.012499519
0.012499518
0.012499518
0.012499518
0.012499518
0.012499518
0.012499518
0.012499518
0.012499517
0.012499517
0.012499517
0.012499517
0.012499517
0.012499517
0.012499519
0.012499519
0.012499519
0.012499519
0.012499519
0.012499519
0.012499518
0.012499518
0.012499518
0.012499518
0.012499518
0.012499518
0.012499518
0.012499518
0.012499517
0.012499517
0.012499517
0.012499517
0.012499517
0.012499517
0.012499519
0.012499519
0.012499519
0.012499519
0.012499519
0.012499519
0.012499518
0.012499518
0.012499518
0.012499518
0.012499518
0.012499518
0.012499518
0.012499518
0.012499517
0.012499517
0.012499517
0.012499517
0.012499517
0.012499517
0.012499519
0.012499519
0.012499519
0.012499519
0.012499519
0.012499519
0.012499518
0.012499518
0.012499518
0.012499518
0.012499518
0.012499518
0.012499518
0.012499518
0.012499517
0.012499517
0.012499517
0.012499517
0.012499517
0.012499517
0.012499519
0.012499519
0.012499519
0.012499519
0.012499519
0.012499519
0.012499518
0.012499518
0.012499518
0.012499518
0.012499518
0.012499518
0.012499518
0.012499518
0.012499517
0.012499517
0.012499517
0.012499517
0.012499517
0.012499517
0.012499191
0.012499191
0.012499189
0.012499188
0.012499187
0.012499186
0.012499185
0.012499185
0.012499184
0.012499184
0.012499184
0.012499184
0.012499185
0.012499186
0.012499187
0.012499188
0.012499189
0.01249919
0.012499191
0.012499192
0.012499374
0.012499374
0.012499375
0.012499375
0.012499376
0.012499376
0.012499376
0.012499377
0.012499377
0.012499377
0.012499377
0.012499377
0.012499377
0.012499377
0.012499376
0.012499376
0.012499376
0.012499375
0.012499375
0.012499374
0.01249946
0.01249946
0.01249946
0.01249946
0.012499461
0.012499461
0.012499461
0.012499461
0.012499461
0.012499461
0.012499461
0.012499461
0.012499461
0.012499461
0.012499461
0.012499461
0.012499461
0.012499461
0.012499461
0.01249946
0.012499498
0.012499498
0.012499498
0.012499498
0.012499499
0.012499499
0.012499499
0.012499499
0.012499499
0.012499499
0.012499499
0.012499499
0.012499499
0.012499499
0.012499499
0.012499499
0.012499499
0.012499499
0.012499499
0.012499499
0.012499513
0.012499513
0.012499513
0.012499513
0.012499513
0.012499513
0.012499514
0.012499514
0.012499514
0.012499514
0.012499514
0.012499514
0.012499514
0.012499514
0.012499514
0.012499514
0.012499514
0.012499514
0.012499514
0.012499514
0.012499518
0.012499518
0.012499518
0.012499518
0.012499518
0.012499518
0.012499519
0.012499519
0.012499519
0.012499519
0.012499519
0.012499519
0.012499519
0.012499519
0.012499519
0.012499519
0.012499519
0.012499519
0.012499519
0.012499519
0.012499519
0.01249952
0.01249952
0.01249952
0.01249952
0.01249952
0.01249952
0.01249952
0.01249952
0.01249952
0.01249952
0.01249952
0.01249952
0.01249952
0.01249952
0.01249952
0.01249952
0.01249952
0.01249952
0.01249952
0.01249952
0.01249952
0.01249952
0.01249952
0.01249952
0.01249952
0.01249952
0.01249952
0.012499521
0.012499521
0.012499521
0.012499521
0.012499521
0.012499521
0.012499521
0.012499521
0.012499521
0.012499521
0.012499521
0.012499521
0.01249952
0.01249952
0.01249952
0.01249952
0.01249952
0.01249952
0.01249952
0.012499521
0.012499521
0.012499521
0.012499521
0.012499521
0.012499521
0.012499521
0.012499521
0.012499521
0.012499521
0.012499521
0.012499521
0.012499521
0.01249952
0.01249952
0.01249952
0.01249952
0.01249952
0.01249952
0.01249952
0.012499521
0.012499521
0.012499521
0.012499521
0.012499521
0.012499521
0.012499521
0.012499521
0.012499521
0.012499521
0.012499521
0.012499521
0.012499521
0.01249952
0.01249952
0.01249952
0.01249952
0.01249952
0.01249952
0.01249952
0.012499521
0.012499521
0.012499521
0.012499521
0.012499521
0.012499521
0.012499521
0.012499521
0.012499521
0.012499521
0.012499521
0.012499521
0.012499521
0.01249952
0.01249952
0.01249952
0.01249952
0.01249952
0.01249952
0.01249952
0.012499521
0.012499521
0.012499521
0.012499521
0.012499521
0.012499521
0.012499521
0.012499521
0.012499521
0.012499521
0.012499521
0.012499521
0.012499521
0.01249952
0.01249952
0.01249952
0.01249952
0.01249952
0.01249952
0.01249952
0.012499521
0.012499521
0.012499521
0.012499521
0.012499521
0.012499521
0.012499521
0.012499521
0.012499521
0.012499521
0.012499521
0.012499521
0.012499521
0.01249952
0.01249952
0.01249952
0.01249952
0.01249952
0.01249952
0.01249952
0.012499521
0.012499521
0.012499521
0.012499521
0.012499521
0.012499521
0.012499521
0.012499521
0.012499521
0.012499521
0.012499521
0.012499521
0.012499521
0.01249952
0.01249952
0.01249952
0.01249952
0.01249952
0.01249952
0.01249952
0.012499521
0.012499521
0.012499521
0.012499521
0.012499521
0.012499521
0.012499521
0.012499521
0.012499521
0.012499521
0.012499521
0.012499521
0.012499521
0.01249952
0.01249952
0.01249952
0.01249952
0.01249952
0.01249952
0.01249952
0.012499521
0.012499521
0.012499521
0.012499521
0.012499521
0.012499521
0.012499521
0.012499521
0.012499521
0.012499521
0.012499521
0.012499521
0.012499521
0.01249952
0.01249952
0.01249952
0.01249952
0.01249952
0.01249952
0.01249952
0.012499521
0.012499521
0.012499521
0.012499521
0.012499521
0.012499521
0.012499521
0.012499521
0.012499521
0.012499521
0.012499521
0.012499521
0.012499521
0.01249952
0.01249952
0.01249952
0.01249952
0.01249952
0.01249952
0.01249952
0.012499521
0.012499521
0.012499521
0.012499521
0.012499521
0.012499521
0.012499521
0.012499521
0.012499521
0.012499521
0.012499521
0.012499521
0.012499521
0.01249952
0.01249952
0.01249952
0.01249952
0.01249952
0.01249952
0.01249952
0.012499521
0.012499521
0.012499521
0.012499521
0.012499521
0.012499521
0.012499521
0.012499521
0.012499521
0.012499521
0.012499521
0.012499521
0.012499521
0.01249952
0.01249952
0.01249952
0.01249952
0.01249952
0.01249952
0.01249952
0.012499521
0.012499521
0.012499521
0.012499521
0.012499521
0.012499521
0.012499521
0.012499521
0.012499521
0.012499521
0.012499521
0.012499521
0.012499521
0.01249952
0.01249952
0.01249952
0.01249952
0.01249952
0.01249952
0.01249952
0.012499521
0.012499521
0.012499521
0.012499521
0.012499521
0.012499521
0.012499521
0.012499521
0.012499521
0.012499521
0.012499521
0.012499521
0.012499521
0.01249952
0.01249952
0.01249952
0.01249952
0.01249952
0.01249952
0.01249952
0.012499521
0.012499521
0.012499521
0.012499521
0.012499521
0.012499521
0.012499521
0.012499521
0.012499521
0.012499521
0.012499521
0.012499521
0.012499521
0.01249952
0.01249952
0.01249952
0.01249952
0.01249952
0.01249952
0.01249952
0.012499521
0.012499521
0.012499521
0.012499521
0.012499521
0.012499521
0.012499521
0.012499521
0.012499521
0.012499521
0.012499521
0.012499521
0.012499521
0.01249952
0.01249952
0.01249952
0.01249952
0.01249952
0.01249952
0.01249952
0.012499521
0.012499521
0.012499521
0.012499521
0.012499521
0.012499521
0.012499521
0.012499521
0.012499521
0.012499521
0.012499521
0.012499521
0.012499521
0.01249952
0.01249952
0.01249952
0.01249952
0.01249952
0.01249952
0.01249952
0.012499521
0.012499521
0.012499521
0.012499521
0.012499521
0.012499521
0.012499521
0.012499521
0.012499521
0.012499521
0.012499521
0.012499521
0.012499521
0.01249952
0.01249952
0.01249952
0.01249952
0.01249952
0.01249952
0.01249952
0.012499521
0.012499521
0.012499521
0.012499521
0.012499521
0.012499521
0.012499521
0.012499521
0.012499521
0.012499521
0.012499521
0.012499521
0.012499521
0.01249952
0.01249952
0.01249952
0.01249952
0.01249952
0.01249952
0.01249952
0.012499521
0.012499521
0.012499521
0.012499521
0.012499521
0.012499521
0.012499521
0.012499521
0.012499521
0.012499521
0.012499521
0.012499521
0.012499521
0.01249952
0.01249952
0.01249952
0.01249952
0.01249952
0.01249952
0.01249952
0.012499521
0.012499521
0.012499521
0.012499521
0.012499521
0.012499521
0.012499521
0.012499521
0.012499521
0.012499521
0.012499521
0.012499521
0.012499521
0.01249952
0.01249952
0.01249952
0.01249952
0.01249952
0.01249952
0.01249952
0.012499521
0.012499521
0.012499521
0.012499521
0.012499521
0.012499521
0.012499521
0.012499521
0.012499521
0.012499521
0.012499521
0.012499521
0.012499521
0.01249952
0.01249952
0.01249952
0.01249952
0.01249952
0.01249952
0.01249952
0.012499521
0.012499521
0.012499521
0.012499521
0.012499521
0.012499521
0.012499521
0.012499521
0.012499521
0.012499521
0.012499521
0.012499521
0.012499521
0.01249952
0.01249952
0.01249952
0.01249952
0.01249952
0.01249952
0.01249952
0.012499521
0.012499521
0.012499521
0.012499521
0.012499521
0.012499521
0.012499521
0.012499521
0.012499521
0.012499521
0.012499521
0.012499521
0.012499521
0.01249952
0.01249952
0.01249952
0.01249952
0.01249952
0.01249952
0.01249952
0.012499521
0.012499521
0.012499521
0.012499521
0.012499521
0.012499521
0.012499521
0.012499521
0.012499521
0.012499521
0.012499521
0.012499521
0.012499521
0.01249952
0.01249952
0.01249952
0.01249952
0.01249952
0.01249952
0.01249952
0.012499521
0.012499521
0.012499521
0.012499521
0.012499521
0.012499521
0.012499521
0.012499521
0.012499521
0.012499521
0.012499521
0.012499521
0.012499521
0.01249952
0.01249952
0.01249952
0.01249952
0.01249952
0.01249952
0.01249952
0.012499521
0.012499521
0.012499521
0.012499521
0.012499521
0.012499521
0.012499521
0.012499521
0.012499521
0.012499521
0.012499521
0.012499521
0.012499521
0.01249952
0.01249952
0.01249952
0.01249952
0.01249952
0.01249952
0.01249952
0.012499521
0.012499521
0.012499521
0.012499521
0.012499521
0.012499521
0.012499521
0.012499521
0.012499521
0.012499521
0.012499521
0.012499521
0.012499521
0.01249952
0.01249952
0.01249952
0.01249952
0.01249952
0.01249952
0.01249952
0.012499521
0.012499521
0.012499521
0.012499521
0.012499521
0.012499521
0.012499521
0.012499521
0.012499521
0.012499521
0.012499521
0.012499521
0.012499521
0.01249952
0.01249952
0.01249952
0.01249952
0.01249952
0.01249952
0.01249952
0.012499521
0.012499521
0.012499521
0.012499521
0.012499521
0.012499521
0.012499521
0.012499521
0.012499521
0.012499521
0.012499521
0.012499521
0.012499521
0.01249952
0.01249952
0.01249952
0.01249952
0.01249952
0.01249952
0.01249952
0.012499521
0.012499521
0.012499521
0.012499521
0.012499521
0.012499521
0.012499521
0.012499521
0.012499521
0.012499521
0.012499521
0.012499521
0.012499521
0.01249952
0.01249952
0.01249952
0.01249952
0.01249952
0.01249952
0.01249952
0.012499521
0.012499521
0.012499521
0.012499521
0.012499521
0.012499521
0.012499521
0.012499521
0.012499521
0.012499521
0.012499521
0.012499521
0.012499521
0.01249952
0.01249952
0.01249952
0.01249952
0.01249952
0.01249952
0.01249952
0.012499521
0.012499521
0.012499521
0.012499521
0.012499521
0.012499521
0.012499521
0.012499521
0.012499521
0.012499521
0.012499521
0.012499521
0.012499521
0.01249952
0.01249952
0.01249952
0.01249952
0.01249952
0.01249952
0.01249952
0.012499521
0.012499521
0.012499521
0.012499521
0.012499521
0.012499521
0.012499521
0.012499521
0.012499521
0.012499521
0.012499521
0.012499521
0.012499521
0.01249952
0.01249952
0.01249952
0.01249952
0.01249952
0.01249952
0.01249952
0.012499521
0.012499521
0.012499521
0.012499521
0.012499521
0.012499521
0.012499521
0.012499521
0.012499521
0.012499521
0.012499521
0.012499521
0.012499521
0.01249952
0.01249952
0.01249952
0.01249952
0.01249952
0.01249952
0.01249952
0.012499521
0.012499521
0.012499521
0.012499521
0.012499521
0.012499521
0.012499521
0.012499521
0.012499521
0.012499521
0.012499521
0.012499521
0.012499521
0.01249952
0.01249952
0.01249952
0.01249952
0.01249952
0.01249952
0.01249952
0.012499521
0.012499521
0.012499521
0.012499521
0.012499521
0.012499521
0.012499521
0.012499521
0.012499521
0.012499521
0.012499521
0.012499521
0.012499521
0.01249952
0.01249952
0.01249952
0.01249952
0.01249952
0.01249952
0.01249952
0.012499521
0.012499521
0.012499521
0.012499521
0.012499521
0.012499521
0.012499521
0.012499521
0.012499521
0.012499521
0.012499521
0.012499521
0.012499521
0.01249952
0.01249952
0.01249952
0.01249952
0.01249952
0.01249952
0.01249952
0.012499521
0.012499521
0.012499521
0.012499521
0.012499521
0.012499521
0.012499521
0.012499521
0.012499521
0.012499521
0.012499521
0.012499521
0.012499521
0.01249952
0.01249952
0.01249952
0.01249952
0.01249952
0.01249952
0.01249952
0.012499521
0.012499521
0.012499521
0.012499521
0.012499521
0.012499521
0.012499521
0.012499521
0.012499521
0.012499521
0.012499521
0.012499521
0.012499521
0.01249952
0.01249952
0.01249952
0.01249952
0.01249952
0.01249952
0.01249952
0.012499521
0.012499521
0.012499521
0.012499521
0.012499521
0.012499521
0.012499521
0.012499521
0.012499521
0.012499521
0.012499521
0.012499521
0.012499521
0.01249952
0.01249952
0.01249952
0.01249952
0.01249952
0.01249952
0.01249952
0.012499521
0.012499521
0.012499521
0.012499521
0.012499521
0.012499521
0.012499521
0.012499521
0.012499521
0.012499521
0.012499521
0.012499521
0.012499521
0.01249952
0.01249952
0.01249952
0.01249952
0.01249952
0.01249952
0.01249952
0.012499521
0.012499521
0.012499521
0.012499521
0.012499521
0.012499521
0.012499521
0.012499521
0.012499521
0.012499521
0.012499521
0.012499521
0.012499521
0.01249952
0.01249952
0.01249952
0.01249952
0.01249952
0.01249952
0.01249952
0.012499521
0.012499521
0.012499521
0.012499521
0.012499521
0.012499521
0.012499521
0.012499521
0.012499521
0.012499521
0.012499521
0.012499521
0.012499521
0.01249952
0.01249952
0.01249952
0.01249952
0.01249952
0.01249952
0.01249952
0.012499521
0.012499521
0.012499521
0.012499521
0.012499521
0.012499521
0.012499521
0.012499521
0.012499521
0.012499521
0.012499521
0.012499521
0.012499521
0.01249952
0.01249952
0.01249952
0.01249952
0.01249952
0.01249952
0.01249952
0.012499521
0.012499521
0.012499521
0.012499521
0.012499521
0.012499521
0.012499521
0.012499521
0.012499521
0.012499521
0.012499521
0.012499521
0.012499521
0.01249952
0.01249952
0.01249952
0.01249952
0.01249952
0.01249952
0.01249952
0.012499521
0.012499521
0.012499521
0.012499521
0.012499521
0.012499521
0.012499521
0.012499521
0.012499521
0.012499521
0.012499521
0.012499521
0.012499521
0.01249952
0.01249952
0.01249952
0.01249952
0.01249952
0.01249952
0.01249952
0.012499521
0.012499521
0.012499521
0.012499521
0.012499521
0.012499521
0.012499521
0.012499521
0.012499521
0.012499521
0.012499521
0.012499521
0.012499521
0.01249952
0.01249952
0.01249952
0.01249952
0.01249952
0.01249952
0.01249952
0.012499521
0.012499521
0.012499521
0.012499521
0.012499521
0.012499521
0.012499521
0.012499521
0.012499521
0.012499521
0.012499521
0.012499521
0.012499521
0.01249952
0.01249952
0.01249952
0.01249952
0.01249952
0.01249952
0.01249952
0.012499521
0.012499521
0.012499521
0.012499521
0.012499521
0.012499521
0.012499521
0.012499521
0.012499521
0.012499521
0.012499521
0.012499521
0.012499521
0.01249952
0.01249952
0.01249952
0.01249952
0.01249952
0.01249952
0.01249952
0.012499521
0.012499521
0.012499521
0.012499521
0.012499521
0.012499521
0.012499521
0.012499521
0.012499521
0.012499521
0.012499521
0.012499521
0.012499521
0.01249952
0.01249952
0.01249952
0.01249952
0.01249952
0.01249952
0.01249952
0.012499521
0.012499521
0.012499521
0.012499521
0.012499521
0.012499521
0.012499521
0.012499521
0.012499521
0.012499521
0.012499521
0.012499521
0.012499521
0.01249952
0.01249952
0.01249952
0.01249952
0.01249952
0.01249952
0.01249952
0.012499521
0.012499521
0.012499521
0.012499521
0.012499521
0.012499521
0.012499521
0.012499521
0.012499521
0.012499521
0.012499521
0.012499521
0.012499521
0.012499148
0.012499144
0.01249914
0.012499137
0.012499134
0.012499131
0.012499129
0.012499128
0.012499127
0.012499126
0.012499126
0.012499127
0.012499128
0.01249913
0.012499132
0.012499134
0.012499137
0.012499141
0.012499145
0.012499189
0.012499186
0.012499183
0.012499181
0.012499178
0.012499175
0.012499173
0.012499171
0.012499169
0.012499167
0.012499166
0.012499165
0.012499163
0.012499163
0.012499162
0.012499161
0.012499161
0.01249916
0.01249916
0.012499149
0.012499159
0.012499366
0.012499367
0.012499367
0.012499367
0.012499368
0.012499368
0.012499368
0.012499368
0.012499369
0.012499369
0.012499369
0.012499369
0.012499369
0.012499369
0.012499368
0.012499368
0.012499368
0.012499368
0.012499367
0.012499373
0.012499374
0.012499374
0.012499374
0.012499374
0.012499374
0.012499374
0.012499374
0.012499373
0.012499373
0.012499373
0.012499373
0.012499372
0.012499372
0.012499371
0.012499371
0.01249937
0.012499369
0.012499369
0.012499367
0.012499368
0.012499457
0.012499457
0.012499457
0.012499457
0.012499457
0.012499457
0.012499457
0.012499457
0.012499458
0.012499458
0.012499458
0.012499458
0.012499458
0.012499458
0.012499458
0.012499458
0.012499458
0.012499458
0.012499457
0.01249946
0.01249946
0.01249946
0.01249946
0.01249946
0.01249946
0.01249946
0.01249946
0.01249946
0.01249946
0.01249946
0.01249946
0.01249946
0.012499459
0.012499459
0.012499459
0.012499459
0.012499458
0.012499458
0.012499457
0.012499458
0.012499495
0.012499495
0.012499495
0.012499495
0.012499495
0.012499495
0.012499495
0.012499496
0.012499496
0.012499496
0.012499496
0.012499496
0.012499496
0.012499496
0.012499496
0.012499496
0.012499496
0.012499496
0.012499496
0.012499499
0.012499498
0.012499498
0.012499498
0.012499498
0.012499498
0.012499498
0.012499498
0.012499498
0.012499498
0.012499498
0.012499498
0.012499498
0.012499498
0.012499497
0.012499497
0.012499497
0.012499497
0.012499497
0.012499496
0.012499497
0.01249951
0.01249951
0.01249951
0.01249951
0.01249951
0.01249951
0.01249951
0.01249951
0.01249951
0.01249951
0.01249951
0.01249951
0.01249951
0.01249951
0.01249951
0.01249951
0.012499511
0.012499511
0.012499511
0.012499513
0.012499513
0.012499513
0.012499513
0.012499513
0.012499513
0.012499513
0.012499513
0.012499513
0.012499513
0.012499513
0.012499513
0.012499512
0.012499512
0.012499512
0.012499512
0.012499512
0.012499512
0.012499511
0.012499511
0.012499511
0.012499515
0.012499515
0.012499515
0.012499515
0.012499515
0.012499515
0.012499515
0.012499515
0.012499515
0.012499515
0.012499515
0.012499515
0.012499515
0.012499515
0.012499515
0.012499515
0.012499515
0.012499515
0.012499516
0.012499518
0.012499518
0.012499518
0.012499518
0.012499518
0.012499518
0.012499518
0.012499518
0.012499518
0.012499518
0.012499518
0.012499517
0.012499517
0.012499517
0.012499517
0.012499517
0.012499517
0.012499517
0.012499516
0.012499516
0.012499516
0.012499516
0.012499516
0.012499516
0.012499516
0.012499516
0.012499516
0.012499516
0.012499516
0.012499516
0.012499516
0.012499516
0.012499517
0.012499517
0.012499517
0.012499517
0.012499517
0.012499517
0.012499517
0.012499517
0.01249952
0.01249952
0.01249952
0.01249952
0.01249952
0.01249952
0.012499519
0.012499519
0.012499519
0.012499519
0.012499519
0.012499519
0.012499519
0.012499519
0.012499518
0.012499518
0.012499518
0.012499518
0.012499518
0.012499517
0.012499518
0.012499516
0.012499516
0.012499516
0.012499516
0.012499517
0.012499517
0.012499517
0.012499517
0.012499517
0.012499517
0.012499517
0.012499517
0.012499517
0.012499517
0.012499517
0.012499517
0.012499517
0.012499517
0.012499517
0.01249952
0.01249952
0.01249952
0.01249952
0.01249952
0.01249952
0.01249952
0.01249952
0.01249952
0.012499519
0.012499519
0.012499519
0.012499519
0.012499519
0.012499519
0.012499519
0.012499518
0.012499518
0.012499518
0.012499517
0.012499518
0.012499516
0.012499516
0.012499517
0.012499517
0.012499517
0.012499517
0.012499517
0.012499517
0.012499517
0.012499517
0.012499517
0.012499517
0.012499517
0.012499517
0.012499517
0.012499517
0.012499517
0.012499517
0.012499517
0.01249952
0.01249952
0.01249952
0.01249952
0.01249952
0.01249952
0.01249952
0.01249952
0.01249952
0.012499519
0.012499519
0.012499519
0.012499519
0.012499519
0.012499519
0.012499519
0.012499519
0.012499518
0.012499518
0.012499517
0.012499518
0.012499516
0.012499517
0.012499517
0.012499517
0.012499517
0.012499517
0.012499517
0.012499517
0.012499517
0.012499517
0.012499517
0.012499517
0.012499517
0.012499517
0.012499517
0.012499517
0.012499517
0.012499517
0.012499517
0.01249952
0.01249952
0.01249952
0.01249952
0.01249952
0.01249952
0.01249952
0.01249952
0.01249952
0.01249952
0.012499519
0.012499519
0.012499519
0.012499519
0.012499519
0.012499519
0.012499519
0.012499518
0.012499518
0.012499517
0.012499518
0.012499516
0.012499517
0.012499517
0.012499517
0.012499517
0.012499517
0.012499517
0.012499517
0.012499517
0.012499517
0.012499517
0.012499517
0.012499517
0.012499517
0.012499517
0.012499517
0.012499517
0.012499517
0.012499517
0.01249952
0.01249952
0.01249952
0.01249952
0.01249952
0.01249952
0.01249952
0.01249952
0.01249952
0.01249952
0.012499519
0.012499519
0.012499519
0.012499519
0.012499519
0.012499519
0.012499519
0.012499518
0.012499518
0.012499517
0.012499518
0.012499516
0.012499516
0.012499517
0.012499517
0.012499517
0.012499517
0.012499517
0.012499517
0.012499517
0.012499517
0.012499517
0.012499517
0.012499517
0.012499517
0.012499517
0.012499517
0.012499517
0.012499517
0.012499517
0.01249952
0.01249952
0.01249952
0.01249952
0.01249952
0.01249952
0.01249952
0.01249952
0.01249952
0.01249952
0.012499519
0.012499519
0.012499519
0.012499519
0.012499519
0.012499519
0.012499519
0.012499518
0.012499518
0.012499517
0.012499518
0.012499516
0.012499517
0.012499517
0.012499517
0.012499517
0.012499517
0.012499517
0.012499517
0.012499517
0.012499517
0.012499517
0.012499517
0.012499517
0.012499517
0.012499517
0.012499517
0.012499517
0.012499517
0.012499517
0.01249952
0.01249952
0.01249952
0.01249952
0.01249952
0.01249952
0.01249952
0.01249952
0.01249952
0.01249952
0.012499519
0.012499519
0.012499519
0.012499519
0.012499519
0.012499519
0.012499519
0.012499518
0.012499518
0.012499517
0.012499518
0.012499516
0.012499517
0.012499517
0.012499517
0.012499517
0.012499517
0.012499517
0.012499517
0.012499517
0.012499517
0.012499517
0.012499517
0.012499517
0.012499517
0.012499517
0.012499517
0.012499517
0.012499517
0.012499517
0.01249952
0.01249952
0.01249952
0.01249952
0.01249952
0.01249952
0.01249952
0.01249952
0.01249952
0.01249952
0.012499519
0.012499519
0.012499519
0.012499519
0.012499519
0.012499519
0.012499519
0.012499518
0.012499518
0.012499517
0.012499518
0.012499516
0.012499516
0.012499517
0.012499517
0.012499517
0.012499517
0.012499517
0.012499517
0.012499517
0.012499517
0.012499517
0.012499517
0.012499517
0.012499517
0.012499517
0.012499517
0.012499517
0.012499517
0.012499517
0.01249952
0.01249952
0.01249952
0.01249952
0.01249952
0.01249952
0.01249952
0.01249952
0.01249952
0.01249952
0.012499519
0.012499519
0.012499519
0.012499519
0.012499519
0.012499519
0.012499519
0.012499518
0.012499518
0.012499517
0.012499518
0.012499516
0.012499516
0.012499517
0.012499517
0.012499517
0.012499517
0.012499517
0.012499517
0.012499517
0.012499517
0.012499517
0.012499517
0.012499517
0.012499517
0.012499517
0.012499517
0.012499517
0.012499517
0.012499517
0.01249952
0.01249952
0.01249952
0.01249952
0.01249952
0.01249952
0.01249952
0.01249952
0.01249952
0.01249952
0.012499519
0.012499519
0.012499519
0.012499519
0.012499519
0.012499519
0.012499519
0.012499518
0.012499518
0.012499517
0.012499518
0.012499516
0.012499517
0.012499517
0.012499517
0.012499517
0.012499517
0.012499517
0.012499517
0.012499517
0.012499517
0.012499517
0.012499517
0.012499517
0.012499517
0.012499517
0.012499517
0.012499517
0.012499517
0.012499517
0.01249952
0.01249952
0.01249952
0.01249952
0.01249952
0.01249952
0.01249952
0.01249952
0.01249952
0.01249952
0.012499519
0.012499519
0.012499519
0.012499519
0.012499519
0.012499519
0.012499519
0.012499518
0.012499518
0.012499517
0.012499518
0.012499516
0.012499516
0.012499517
0.012499517
0.012499517
0.012499517
0.012499517
0.012499517
0.012499517
0.012499517
0.012499517
0.012499517
0.012499517
0.012499517
0.012499517
0.012499517
0.012499517
0.012499517
0.012499517
0.01249952
0.01249952
0.01249952
0.01249952
0.01249952
0.01249952
0.01249952
0.01249952
0.01249952
0.01249952
0.012499519
0.012499519
0.012499519
0.012499519
0.012499519
0.012499519
0.012499519
0.012499518
0.012499518
0.012499517
0.012499518
0.012499516
0.012499517
0.012499517
0.012499517
0.012499517
0.012499517
0.012499517
0.012499517
0.012499517
0.012499517
0.012499517
0.012499517
0.012499517
0.012499517
0.012499517
0.012499517
0.012499517
0.012499517
0.012499517
0.01249952
0.01249952
0.01249952
0.01249952
0.01249952
0.01249952
0.01249952
0.01249952
0.01249952
0.01249952
0.012499519
0.012499519
0.012499519
0.012499519
0.012499519
0.012499519
0.012499519
0.012499518
0.012499518
0.012499517
0.012499518
0.012499517
0.012499517
0.012499517
0.012499517
0.012499517
0.012499517
0.012499517
0.012499517
0.012499517
0.012499517
0.012499517
0.012499517
0.012499517
0.012499517
0.012499517
0.012499517
0.012499517
0.012499517
0.012499517
0.01249952
0.01249952
0.01249952
0.01249952
0.01249952
0.01249952
0.01249952
0.01249952
0.01249952
0.01249952
0.012499519
0.012499519
0.012499519
0.012499519
0.012499519
0.012499519
0.012499519
0.012499518
0.012499518
0.012499517
0.012499518
0.012499516
0.012499516
0.012499517
0.012499517
0.012499517
0.012499517
0.012499517
0.012499517
0.012499517
0.012499517
0.012499517
0.012499517
0.012499517
0.012499517
0.012499517
0.012499517
0.012499517
0.012499517
0.012499517
0.01249952
0.01249952
0.01249952
0.01249952
0.01249952
0.01249952
0.01249952
0.01249952
0.01249952
0.01249952
0.012499519
0.012499519
0.012499519
0.012499519
0.012499519
0.012499519
0.012499519
0.012499518
0.012499518
0.012499517
0.012499518
0.012499516
0.012499517
0.012499517
0.012499517
0.012499517
0.012499517
0.012499517
0.012499517
0.012499517
0.012499517
0.012499517
0.012499517
0.012499517
0.012499517
0.012499517
0.012499517
0.012499517
0.012499517
0.012499517
0.01249952
0.01249952
0.01249952
0.01249952
0.01249952
0.01249952
0.01249952
0.01249952
0.01249952
0.01249952
0.012499519
0.012499519
0.012499519
0.012499519
0.012499519
0.012499519
0.012499519
0.012499518
0.012499518
0.012499517
0.012499518
0.012499516
0.012499517
0.012499517
0.012499517
0.012499517
0.012499517
0.012499517
0.012499517
0.012499517
0.012499517
0.012499517
0.012499517
0.012499517
0.012499517
0.012499517
0.012499517
0.012499517
0.012499517
0.012499517
0.01249952
0.01249952
0.01249952
0.01249952
0.01249952
0.01249952
0.01249952
0.01249952
0.01249952
0.01249952
0.012499519
0.012499519
0.012499519
0.012499519
0.012499519
0.012499519
0.012499519
0.012499518
0.012499518
0.012499517
0.012499518
0.012499516
0.012499516
0.012499517
0.012499517
0.012499517
0.012499517
0.012499517
0.012499517
0.012499517
0.012499517
0.012499517
0.012499517
0.012499517
0.012499517
0.012499517
0.012499517
0.012499517
0.012499517
0.012499517
0.01249952
0.01249952
0.01249952
0.01249952
0.01249952
0.01249952
0.01249952
0.01249952
0.01249952
0.01249952
0.012499519
0.012499519
0.012499519
0.012499519
0.012499519
0.012499519
0.012499519
0.012499518
0.012499518
0.012499517
0.012499518
0.012499516
0.012499516
0.012499517
0.012499517
0.012499517
0.012499517
0.012499517
0.012499517
0.012499517
0.012499517
0.012499517
0.012499517
0.012499517
0.012499517
0.012499517
0.012499517
0.012499517
0.012499517
0.012499517
0.01249952
0.01249952
0.01249952
0.01249952
0.01249952
0.01249952
0.01249952
0.01249952
0.01249952
0.01249952
0.012499519
0.012499519
0.012499519
0.012499519
0.012499519
0.012499519
0.012499519
0.012499518
0.012499518
0.012499517
0.012499518
0.012499516
0.012499517
0.012499517
0.012499517
0.012499517
0.012499517
0.012499517
0.012499517
0.012499517
0.012499517
0.012499517
0.012499517
0.012499517
0.012499517
0.012499517
0.012499517
0.012499517
0.012499517
0.012499517
0.01249952
0.01249952
0.01249952
0.01249952
0.01249952
0.01249952
0.01249952
0.01249952
0.01249952
0.01249952
0.012499519
0.012499519
0.012499519
0.012499519
0.012499519
0.012499519
0.012499519
0.012499518
0.012499518
0.012499517
0.012499518
0.012499516
0.012499516
0.012499517
0.012499517
0.012499517
0.012499517
0.012499517
0.012499517
0.012499517
0.012499517
0.012499517
0.012499517
0.012499517
0.012499517
0.012499517
0.012499517
0.012499517
0.012499517
0.012499517
0.01249952
0.01249952
0.01249952
0.01249952
0.01249952
0.01249952
0.01249952
0.01249952
0.01249952
0.01249952
0.012499519
0.012499519
0.012499519
0.012499519
0.012499519
0.012499519
0.012499519
0.012499518
0.012499518
0.012499517
0.012499518
0.012499517
0.012499517
0.012499517
0.012499517
0.012499517
0.012499517
0.012499517
0.012499517
0.012499517
0.012499517
0.012499517
0.012499517
0.012499517
0.012499517
0.012499517
0.012499517
0.012499517
0.012499517
0.012499517
0.01249952
0.01249952
0.01249952
0.01249952
0.01249952
0.01249952
0.01249952
0.01249952
0.01249952
0.01249952
0.012499519
0.012499519
0.012499519
0.012499519
0.012499519
0.012499519
0.012499519
0.012499518
0.012499518
0.012499517
0.012499518
0.012499517
0.012499517
0.012499517
0.012499517
0.012499517
0.012499517
0.012499517
0.012499517
0.012499517
0.012499517
0.012499517
0.012499517
0.012499517
0.012499517
0.012499517
0.012499517
0.012499517
0.012499517
0.012499517
0.01249952
0.01249952
0.01249952
0.01249952
0.01249952
0.01249952
0.01249952
0.01249952
0.01249952
0.01249952
0.012499519
0.012499519
0.012499519
0.012499519
0.012499519
0.012499519
0.012499519
0.012499518
0.012499518
0.012499517
0.012499518
0.012499516
0.012499517
0.012499517
0.012499517
0.012499517
0.012499517
0.012499517
0.012499517
0.012499517
0.012499517
0.012499517
0.012499517
0.012499517
0.012499517
0.012499517
0.012499517
0.012499517
0.012499517
0.012499517
0.01249952
0.01249952
0.01249952
0.01249952
0.01249952
0.01249952
0.01249952
0.01249952
0.01249952
0.01249952
0.012499519
0.012499519
0.012499519
0.012499519
0.012499519
0.012499519
0.012499519
0.012499518
0.012499518
0.012499517
0.012499518
0.012499517
0.012499517
0.012499517
0.012499517
0.012499517
0.012499517
0.012499517
0.012499517
0.012499517
0.012499517
0.012499517
0.012499517
0.012499517
0.012499517
0.012499517
0.012499517
0.012499517
0.012499517
0.012499517
0.01249952
0.01249952
0.01249952
0.01249952
0.01249952
0.01249952
0.01249952
0.01249952
0.01249952
0.01249952
0.012499519
0.012499519
0.012499519
0.012499519
0.012499519
0.012499519
0.012499519
0.012499518
0.012499518
0.012499517
0.012499518
0.012499517
0.012499517
0.012499517
0.012499517
0.012499517
0.012499517
0.012499517
0.012499517
0.012499517
0.012499517
0.012499517
0.012499517
0.012499517
0.012499517
0.012499517
0.012499517
0.012499517
0.012499517
0.012499517
0.01249952
0.01249952
0.01249952
0.01249952
0.01249952
0.01249952
0.01249952
0.01249952
0.01249952
0.01249952
0.012499519
0.012499519
0.012499519
0.012499519
0.012499519
0.012499519
0.012499519
0.012499518
0.012499518
0.012499517
0.012499518
0.012499516
0.012499517
0.012499517
0.012499517
0.012499517
0.012499517
0.012499517
0.012499517
0.012499517
0.012499517
0.012499517
0.012499517
0.012499517
0.012499517
0.012499517
0.012499517
0.012499517
0.012499517
0.012499517
0.01249952
0.01249952
0.01249952
0.01249952
0.01249952
0.01249952
0.01249952
0.01249952
0.01249952
0.01249952
0.012499519
0.012499519
0.012499519
0.012499519
0.012499519
0.012499519
0.012499519
0.012499518
0.012499518
0.012499517
0.012499518
0.012499516
0.012499517
0.012499517
0.012499517
0.012499517
0.012499517
0.012499517
0.012499517
0.012499517
0.012499517
0.012499517
0.012499517
0.012499517
0.012499517
0.012499517
0.012499517
0.012499517
0.012499517
0.012499517
0.01249952
0.01249952
0.01249952
0.01249952
0.01249952
0.01249952
0.01249952
0.01249952
0.01249952
0.01249952
0.012499519
0.012499519
0.012499519
0.012499519
0.012499519
0.012499519
0.012499519
0.012499518
0.012499518
0.012499517
0.012499518
0.012499517
0.012499517
0.012499517
0.012499517
0.012499517
0.012499517
0.012499517
0.012499517
0.012499517
0.012499517
0.012499517
0.012499517
0.012499517
0.012499517
0.012499517
0.012499517
0.012499517
0.012499517
0.012499517
0.01249952
0.01249952
0.01249952
0.01249952
0.01249952
0.01249952
0.01249952
0.01249952
0.01249952
0.01249952
0.012499519
0.012499519
0.012499519
0.012499519
0.012499519
0.012499519
0.012499519
0.012499518
0.012499518
0.012499517
0.012499518
0.012499516
0.012499516
0.012499517
0.012499517
0.012499517
0.012499517
0.012499517
0.012499517
0.012499517
0.012499517
0.012499517
0.012499517
0.012499517
0.012499517
0.012499517
0.012499517
0.012499517
0.012499517
0.012499517
0.01249952
0.01249952
0.01249952
0.01249952
0.01249952
0.01249952
0.01249952
0.01249952
0.01249952
0.01249952
0.012499519
0.012499519
0.012499519
0.012499519
0.012499519
0.012499519
0.012499519
0.012499518
0.012499518
0.012499517
0.012499518
0.012499517
0.012499517
0.012499517
0.012499517
0.012499517
0.012499517
0.012499517
0.012499517
0.012499517
0.012499517
0.012499517
0.012499517
0.012499517
0.012499517
0.012499517
0.012499517
0.012499517
0.012499517
0.012499517
0.01249952
0.01249952
0.01249952
0.01249952
0.01249952
0.01249952
0.01249952
0.01249952
0.01249952
0.01249952
0.012499519
0.012499519
0.012499519
0.012499519
0.012499519
0.012499519
0.012499519
0.012499518
0.012499518
0.012499517
0.012499518
0.012499517
0.012499517
0.012499517
0.012499517
0.012499517
0.012499517
0.012499517
0.012499517
0.012499517
0.012499517
0.012499517
0.012499517
0.012499517
0.012499517
0.012499517
0.012499517
0.012499517
0.012499517
0.012499517
0.01249952
0.01249952
0.01249952
0.01249952
0.01249952
0.01249952
0.01249952
0.01249952
0.01249952
0.01249952
0.012499519
0.012499519
0.012499519
0.012499519
0.012499519
0.012499519
0.012499519
0.012499518
0.012499518
0.012499517
0.012499518
0.012499516
0.012499516
0.012499517
0.012499517
0.012499517
0.012499517
0.012499517
0.012499517
0.012499517
0.012499517
0.012499517
0.012499517
0.012499517
0.012499517
0.012499517
0.012499517
0.012499517
0.012499517
0.012499517
0.01249952
0.01249952
0.01249952
0.01249952
0.01249952
0.01249952
0.01249952
0.01249952
0.01249952
0.01249952
0.012499519
0.012499519
0.012499519
0.012499519
0.012499519
0.012499519
0.012499519
0.012499518
0.012499518
0.012499517
0.012499518
0.012499516
0.012499517
0.012499517
0.012499517
0.012499517
0.012499517
0.012499517
0.012499517
0.012499517
0.012499517
0.012499517
0.012499517
0.012499517
0.012499517
0.012499517
0.012499517
0.012499517
0.012499517
0.012499517
0.01249952
0.01249952
0.01249952
0.01249952
0.01249952
0.01249952
0.01249952
0.01249952
0.01249952
0.01249952
0.012499519
0.012499519
0.012499519
0.012499519
0.012499519
0.012499519
0.012499519
0.012499518
0.012499518
0.012499517
0.012499518
0.012499516
0.012499517
0.012499517
0.012499517
0.012499517
0.012499517
0.012499517
0.012499517
0.012499517
0.012499517
0.012499517
0.012499517
0.012499517
0.012499517
0.012499517
0.012499517
0.012499517
0.012499517
0.012499517
0.01249952
0.01249952
0.01249952
0.01249952
0.01249952
0.01249952
0.01249952
0.01249952
0.01249952
0.01249952
0.012499519
0.012499519
0.012499519
0.012499519
0.012499519
0.012499519
0.012499519
0.012499518
0.012499518
0.012499517
0.012499518
0.012499516
0.012499516
0.012499517
0.012499517
0.012499517
0.012499517
0.012499517
0.012499517
0.012499517
0.012499517
0.012499517
0.012499517
0.012499517
0.012499517
0.012499517
0.012499517
0.012499517
0.012499517
0.012499517
0.01249952
0.01249952
0.01249952
0.01249952
0.01249952
0.01249952
0.01249952
0.01249952
0.01249952
0.01249952
0.012499519
0.012499519
0.012499519
0.012499519
0.012499519
0.012499519
0.012499519
0.012499518
0.012499518
0.012499517
0.012499518
0.012499516
0.012499517
0.012499517
0.012499517
0.012499517
0.012499517
0.012499517
0.012499517
0.012499517
0.012499517
0.012499517
0.012499517
0.012499517
0.012499517
0.012499517
0.012499517
0.012499517
0.012499517
0.012499517
0.01249952
0.01249952
0.01249952
0.01249952
0.01249952
0.01249952
0.01249952
0.01249952
0.01249952
0.01249952
0.012499519
0.012499519
0.012499519
0.012499519
0.012499519
0.012499519
0.012499519
0.012499518
0.012499518
0.012499517
0.012499518
0.012499516
0.012499517
0.012499517
0.012499517
0.012499517
0.012499517
0.012499517
0.012499517
0.012499517
0.012499517
0.012499517
0.012499517
0.012499517
0.012499517
0.012499517
0.012499517
0.012499517
0.012499517
0.012499517
0.01249952
0.01249952
0.01249952
0.01249952
0.01249952
0.01249952
0.01249952
0.01249952
0.01249952
0.01249952
0.012499519
0.012499519
0.012499519
0.012499519
0.012499519
0.012499519
0.012499519
0.012499518
0.012499518
0.012499517
0.012499518
0.012499516
0.012499516
0.012499517
0.012499517
0.012499517
0.012499517
0.012499517
0.012499517
0.012499517
0.012499517
0.012499517
0.012499517
0.012499517
0.012499517
0.012499517
0.012499517
0.012499517
0.012499517
0.012499517
0.01249952
0.01249952
0.01249952
0.01249952
0.01249952
0.01249952
0.01249952
0.01249952
0.01249952
0.01249952
0.012499519
0.012499519
0.012499519
0.012499519
0.012499519
0.012499519
0.012499519
0.012499518
0.012499518
0.012499517
0.012499518
0.012499516
0.012499517
0.012499517
0.012499517
0.012499517
0.012499517
0.012499517
0.012499517
0.012499517
0.012499517
0.012499517
0.012499517
0.012499517
0.012499517
0.012499517
0.012499517
0.012499517
0.012499517
0.012499517
0.01249952
0.01249952
0.01249952
0.01249952
0.01249952
0.01249952
0.01249952
0.01249952
0.01249952
0.01249952
0.012499519
0.012499519
0.012499519
0.012499519
0.012499519
0.012499519
0.012499519
0.012499518
0.012499518
0.012499517
0.012499518
0.012499516
0.012499517
0.012499517
0.012499517
0.012499517
0.012499517
0.012499517
0.012499517
0.012499517
0.012499517
0.012499517
0.012499517
0.012499517
0.012499517
0.012499517
0.012499517
0.012499517
0.012499517
0.012499517
0.01249952
0.01249952
0.01249952
0.01249952
0.01249952
0.01249952
0.01249952
0.01249952
0.01249952
0.01249952
0.012499519
0.012499519
0.012499519
0.012499519
0.012499519
0.012499519
0.012499519
0.012499518
0.012499518
0.012499517
0.012499518
0.012499516
0.012499516
0.012499517
0.012499517
0.012499517
0.012499517
0.012499517
0.012499517
0.012499517
0.012499517
0.012499517
0.012499517
0.012499517
0.012499517
0.012499517
0.012499517
0.012499517
0.012499517
0.012499517
0.01249952
0.01249952
0.01249952
0.01249952
0.01249952
0.01249952
0.01249952
0.01249952
0.01249952
0.01249952
0.012499519
0.012499519
0.012499519
0.012499519
0.012499519
0.012499519
0.012499519
0.012499518
0.012499518
0.012499517
0.012499518
0.012499516
0.012499517
0.012499517
0.012499517
0.012499517
0.012499517
0.012499517
0.012499517
0.012499517
0.012499517
0.012499517
0.012499517
0.012499517
0.012499517
0.012499517
0.012499517
0.012499517
0.012499517
0.012499517
0.01249952
0.01249952
0.01249952
0.01249952
0.01249952
0.01249952
0.01249952
0.01249952
0.01249952
0.01249952
0.012499519
0.012499519
0.012499519
0.012499519
0.012499519
0.012499519
0.012499519
0.012499518
0.012499518
0.012499517
0.012499518
0.012499517
0.012499517
0.012499517
0.012499517
0.012499517
0.012499517
0.012499517
0.012499517
0.012499517
0.012499517
0.012499517
0.012499517
0.012499517
0.012499517
0.012499517
0.012499517
0.012499517
0.012499517
0.012499517
0.01249952
0.01249952
0.01249952
0.01249952
0.01249952
0.01249952
0.01249952
0.01249952
0.01249952
0.01249952
0.012499519
0.012499519
0.012499519
0.012499519
0.012499519
0.012499519
0.012499519
0.012499518
0.012499518
0.012499517
0.012499518
0.012499516
0.012499516
0.012499517
0.012499517
0.012499517
0.012499517
0.012499517
0.012499517
0.012499517
0.012499517
0.012499517
0.012499517
0.012499517
0.012499517
0.012499517
0.012499517
0.012499517
0.012499517
0.012499517
0.01249952
0.01249952
0.01249952
0.01249952
0.01249952
0.01249952
0.01249952
0.01249952
0.01249952
0.01249952
0.012499519
0.012499519
0.012499519
0.012499519
0.012499519
0.012499519
0.012499519
0.012499518
0.012499518
0.012499517
0.012499518
0.012499516
0.012499517
0.012499517
0.012499517
0.012499517
0.012499517
0.012499517
0.012499517
0.012499517
0.012499517
0.012499517
0.012499517
0.012499517
0.012499517
0.012499517
0.012499517
0.012499517
0.012499517
0.012499517
0.01249952
0.01249952
0.01249952
0.01249952
0.01249952
0.01249952
0.01249952
0.01249952
0.01249952
0.01249952
0.012499519
0.012499519
0.012499519
0.012499519
0.012499519
0.012499519
0.012499519
0.012499518
0.012499518
0.012499517
0.012499518
0.012499517
0.012499517
0.012499517
0.012499517
0.012499517
0.012499517
0.012499517
0.012499517
0.012499517
0.012499517
0.012499517
0.012499517
0.012499517
0.012499517
0.012499517
0.012499517
0.012499517
0.012499517
0.012499517
0.01249952
0.01249952
0.01249952
0.01249952
0.01249952
0.01249952
0.01249952
0.01249952
0.01249952
0.01249952
0.012499519
0.012499519
0.012499519
0.012499519
0.012499519
0.012499519
0.012499519
0.012499518
0.012499518
0.012499517
0.012499518
0.012499516
0.012499516
0.012499517
0.012499517
0.012499517
0.012499517
0.012499517
0.012499517
0.012499517
0.012499517
0.012499517
0.012499517
0.012499517
0.012499517
0.012499517
0.012499517
0.012499517
0.012499517
0.012499517
0.01249952
0.01249952
0.01249952
0.01249952
0.01249952
0.01249952
0.01249952
0.01249952
0.01249952
0.01249952
0.012499519
0.012499519
0.012499519
0.012499519
0.012499519
0.012499519
0.012499519
0.012499518
0.012499518
0.012499517
0.012499518
0.012499516
0.012499517
0.012499517
0.012499517
0.012499517
0.012499517
0.012499517
0.012499517
0.012499517
0.012499517
0.012499517
0.012499517
0.012499517
0.012499517
0.012499517
0.012499517
0.012499517
0.012499517
0.012499517
0.01249952
0.01249952
0.01249952
0.01249952
0.01249952
0.01249952
0.01249952
0.01249952
0.01249952
0.01249952
0.012499519
0.012499519
0.012499519
0.012499519
0.012499519
0.012499519
0.012499519
0.012499518
0.012499518
0.012499517
0.012499518
0.012499516
0.012499517
0.012499517
0.012499517
0.012499517
0.012499517
0.012499517
0.012499517
0.012499517
0.012499517
0.012499517
0.012499517
0.012499517
0.012499517
0.012499517
0.012499517
0.012499517
0.012499517
0.012499517
0.01249952
0.01249952
0.01249952
0.01249952
0.01249952
0.01249952
0.01249952
0.01249952
0.01249952
0.01249952
0.012499519
0.012499519
0.012499519
0.012499519
0.012499519
0.012499519
0.012499519
0.012499518
0.012499518
0.012499517
0.012499518
0.012499516
0.012499516
0.012499517
0.012499517
0.012499517
0.012499517
0.012499517
0.012499517
0.012499517
0.012499517
0.012499517
0.012499517
0.012499517
0.012499517
0.012499517
0.012499517
0.012499517
0.012499517
0.012499517
0.01249952
0.01249952
0.01249952
0.01249952
0.01249952
0.01249952
0.01249952
0.01249952
0.01249952
0.012499519
0.012499519
0.012499519
0.012499519
0.012499519
0.012499519
0.012499519
0.012499519
0.012499518
0.012499518
0.012499517
0.012499518
0.012499516
0.012499516
0.012499517
0.012499517
0.012499517
0.012499517
0.012499517
0.012499517
0.012499517
0.012499517
0.012499517
0.012499517
0.012499517
0.012499517
0.012499517
0.012499517
0.012499517
0.012499517
0.012499517
0.01249952
0.01249952
0.01249952
0.01249952
0.01249952
0.01249952
0.01249952
0.01249952
0.01249952
0.012499519
0.012499519
0.012499519
0.012499519
0.012499519
0.012499519
0.012499519
0.012499519
0.012499518
0.012499518
0.012499517
0.012499518
0.012499516
0.012499516
0.012499517
0.012499517
0.012499517
0.012499517
0.012499517
0.012499517
0.012499517
0.012499517
0.012499517
0.012499517
0.012499517
0.012499517
0.012499517
0.012499517
0.012499517
0.012499517
0.012499517
0.01249952
0.01249952
0.01249952
0.01249952
0.01249952
0.01249952
0.01249952
0.01249952
0.01249952
0.012499519
0.012499519
0.012499519
0.012499519
0.012499519
0.012499519
0.012499519
0.012499518
0.012499518
0.012499518
0.012499517
0.012499518
0.012499516
0.012499516
0.012499516
0.012499517
0.012499517
0.012499517
0.012499517
0.012499517
0.012499517
0.012499517
0.012499517
0.012499517
0.012499517
0.012499517
0.012499517
0.012499517
0.012499517
0.012499517
0.012499517
0.01249952
0.01249952
0.01249952
0.01249952
0.01249952
0.01249952
0.01249952
0.01249952
0.01249952
0.012499519
0.012499519
0.012499519
0.012499519
0.012499519
0.012499519
0.012499519
0.012499518
0.012499518
0.012499518
0.012499517
0.012499518
)
;
        refGradient     uniform 0;
        valueFraction   uniform 0.99980891;
        source          uniform 0;
        value           nonuniform List<scalar> 
4800
(
0.012499187
0.012499183
0.012499179
0.012499176
0.012499173
0.01249917
0.012499167
0.012499165
0.012499162
0.012499161
0.012499159
0.012499158
0.012499157
0.012499156
0.012499156
0.012499156
0.012499156
0.012499156
0.012499156
0.012499156
0.012499372
0.012499373
0.012499373
0.012499373
0.012499373
0.012499373
0.012499373
0.012499373
0.012499373
0.012499373
0.012499372
0.012499372
0.012499371
0.012499371
0.01249937
0.01249937
0.012499369
0.012499368
0.012499368
0.012499367
0.012499459
0.012499459
0.012499459
0.012499459
0.012499459
0.012499459
0.012499459
0.012499459
0.012499459
0.012499459
0.012499459
0.012499458
0.012499458
0.012499458
0.012499458
0.012499458
0.012499457
0.012499457
0.012499457
0.012499457
0.012499497
0.012499497
0.012499497
0.012499497
0.012499497
0.012499497
0.012499497
0.012499497
0.012499497
0.012499497
0.012499497
0.012499496
0.012499496
0.012499496
0.012499496
0.012499496
0.012499496
0.012499496
0.012499495
0.012499495
0.012499512
0.012499512
0.012499512
0.012499512
0.012499512
0.012499512
0.012499512
0.012499512
0.012499511
0.012499511
0.012499511
0.012499511
0.012499511
0.012499511
0.012499511
0.012499511
0.01249951
0.01249951
0.01249951
0.01249951
0.012499517
0.012499517
0.012499517
0.012499517
0.012499517
0.012499517
0.012499517
0.012499517
0.012499516
0.012499516
0.012499516
0.012499516
0.012499516
0.012499516
0.012499516
0.012499515
0.012499515
0.012499515
0.012499515
0.012499515
0.012499519
0.012499519
0.012499519
0.012499518
0.012499518
0.012499518
0.012499518
0.012499518
0.012499518
0.012499518
0.012499518
0.012499517
0.012499517
0.012499517
0.012499517
0.012499517
0.012499517
0.012499517
0.012499516
0.012499516
0.012499519
0.012499519
0.012499519
0.012499519
0.012499519
0.012499519
0.012499518
0.012499518
0.012499518
0.012499518
0.012499518
0.012499518
0.012499518
0.012499517
0.012499517
0.012499517
0.012499517
0.012499517
0.012499517
0.012499517
0.012499519
0.012499519
0.012499519
0.012499519
0.012499519
0.012499519
0.012499518
0.012499518
0.012499518
0.012499518
0.012499518
0.012499518
0.012499518
0.012499518
0.012499517
0.012499517
0.012499517
0.012499517
0.012499517
0.012499517
0.012499519
0.012499519
0.012499519
0.012499519
0.012499519
0.012499519
0.012499519
0.012499518
0.012499518
0.012499518
0.012499518
0.012499518
0.012499518
0.012499518
0.012499517
0.012499517
0.012499517
0.012499517
0.012499517
0.012499517
0.012499519
0.012499519
0.012499519
0.012499519
0.012499519
0.012499519
0.012499519
0.012499518
0.012499518
0.012499518
0.012499518
0.012499518
0.012499518
0.012499518
0.012499517
0.012499517
0.012499517
0.012499517
0.012499517
0.012499517
0.012499519
0.012499519
0.012499519
0.012499519
0.012499519
0.012499519
0.012499518
0.012499518
0.012499518
0.012499518
0.012499518
0.012499518
0.012499518
0.012499518
0.012499517
0.012499517
0.012499517
0.012499517
0.012499517
0.012499517
0.012499519
0.012499519
0.012499519
0.012499519
0.012499519
0.012499519
0.012499519
0.012499518
0.012499518
0.012499518
0.012499518
0.012499518
0.012499518
0.012499518
0.012499517
0.012499517
0.012499517
0.012499517
0.012499517
0.012499517
0.012499519
0.012499519
0.012499519
0.012499519
0.012499519
0.012499519
0.012499519
0.012499518
0.012499518
0.012499518
0.012499518
0.012499518
0.012499518
0.012499518
0.012499517
0.012499517
0.012499517
0.012499517
0.012499517
0.012499517
0.012499519
0.012499519
0.012499519
0.012499519
0.012499519
0.012499519
0.012499518
0.012499518
0.012499518
0.012499518
0.012499518
0.012499518
0.012499518
0.012499518
0.012499517
0.012499517
0.012499517
0.012499517
0.012499517
0.012499517
0.012499519
0.012499519
0.012499519
0.012499519
0.012499519
0.012499519
0.012499519
0.012499518
0.012499518
0.012499518
0.012499518
0.012499518
0.012499518
0.012499518
0.012499517
0.012499517
0.012499517
0.012499517
0.012499517
0.012499517
0.012499519
0.012499519
0.012499519
0.012499519
0.012499519
0.012499519
0.012499519
0.012499518
0.012499518
0.012499518
0.012499518
0.012499518
0.012499518
0.012499518
0.012499517
0.012499517
0.012499517
0.012499517
0.012499517
0.012499517
0.012499519
0.012499519
0.012499519
0.012499519
0.012499519
0.012499519
0.012499518
0.012499518
0.012499518
0.012499518
0.012499518
0.012499518
0.012499518
0.012499518
0.012499517
0.012499517
0.012499517
0.012499517
0.012499517
0.012499517
0.012499519
0.012499519
0.012499519
0.012499519
0.012499519
0.012499519
0.012499518
0.012499518
0.012499518
0.012499518
0.012499518
0.012499518
0.012499518
0.012499518
0.012499517
0.012499517
0.012499517
0.012499517
0.012499517
0.012499517
0.012499519
0.012499519
0.012499519
0.012499519
0.012499519
0.012499519
0.012499519
0.012499518
0.012499518
0.012499518
0.012499518
0.012499518
0.012499518
0.012499518
0.012499517
0.012499517
0.012499517
0.012499517
0.012499517
0.012499517
0.012499519
0.012499519
0.012499519
0.012499519
0.012499519
0.012499519
0.012499518
0.012499518
0.012499518
0.012499518
0.012499518
0.012499518
0.012499518
0.012499518
0.012499517
0.012499517
0.012499517
0.012499517
0.012499517
0.012499517
0.012499519
0.012499519
0.012499519
0.012499519
0.012499519
0.012499519
0.012499519
0.012499518
0.012499518
0.012499518
0.012499518
0.012499518
0.012499518
0.012499518
0.012499517
0.012499517
0.012499517
0.012499517
0.012499517
0.012499517
0.012499519
0.012499519
0.012499519
0.012499519
0.012499519
0.012499519
0.012499519
0.012499518
0.012499518
0.012499518
0.012499518
0.012499518
0.012499518
0.012499518
0.012499517
0.012499517
0.012499517
0.012499517
0.012499517
0.012499517
0.012499519
0.012499519
0.012499519
0.012499519
0.012499519
0.012499519
0.012499518
0.012499518
0.012499518
0.012499518
0.012499518
0.012499518
0.012499518
0.012499518
0.012499517
0.012499517
0.012499517
0.012499517
0.012499517
0.012499517
0.012499519
0.012499519
0.012499519
0.012499519
0.012499519
0.012499519
0.012499518
0.012499518
0.012499518
0.012499518
0.012499518
0.012499518
0.012499518
0.012499518
0.012499517
0.012499517
0.012499517
0.012499517
0.012499517
0.012499517
0.012499519
0.012499519
0.012499519
0.012499519
0.012499519
0.012499519
0.012499519
0.012499518
0.012499518
0.012499518
0.012499518
0.012499518
0.012499518
0.012499518
0.012499517
0.012499517
0.012499517
0.012499517
0.012499517
0.012499517
0.012499519
0.012499519
0.012499519
0.012499519
0.012499519
0.012499519
0.012499518
0.012499518
0.012499518
0.012499518
0.012499518
0.012499518
0.012499518
0.012499518
0.012499517
0.012499517
0.012499517
0.012499517
0.012499517
0.012499517
0.012499519
0.012499519
0.012499519
0.012499519
0.012499519
0.012499519
0.012499519
0.012499518
0.012499518
0.012499518
0.012499518
0.012499518
0.012499518
0.012499518
0.012499517
0.012499517
0.012499517
0.012499517
0.012499517
0.012499517
0.012499519
0.012499519
0.012499519
0.012499519
0.012499519
0.012499519
0.012499519
0.012499518
0.012499518
0.012499518
0.012499518
0.012499518
0.012499518
0.012499518
0.012499517
0.012499517
0.012499517
0.012499517
0.012499517
0.012499517
0.012499519
0.012499519
0.012499519
0.012499519
0.012499519
0.012499519
0.012499519
0.012499518
0.012499518
0.012499518
0.012499518
0.012499518
0.012499518
0.012499518
0.012499517
0.012499517
0.012499517
0.012499517
0.012499517
0.012499517
0.012499519
0.012499519
0.012499519
0.012499519
0.012499519
0.012499519
0.012499519
0.012499518
0.012499518
0.012499518
0.012499518
0.012499518
0.012499518
0.012499518
0.012499517
0.012499517
0.012499517
0.012499517
0.012499517
0.012499517
0.012499519
0.012499519
0.012499519
0.012499519
0.012499519
0.012499519
0.012499519
0.012499518
0.012499518
0.012499518
0.012499518
0.012499518
0.012499518
0.012499518
0.012499517
0.012499517
0.012499517
0.012499517
0.012499517
0.012499517
0.012499519
0.012499519
0.012499519
0.012499519
0.012499519
0.012499519
0.012499518
0.012499518
0.012499518
0.012499518
0.012499518
0.012499518
0.012499518
0.012499518
0.012499517
0.012499517
0.012499517
0.012499517
0.012499517
0.012499517
0.012499519
0.012499519
0.012499519
0.012499519
0.012499519
0.012499519
0.012499519
0.012499518
0.012499518
0.012499518
0.012499518
0.012499518
0.012499518
0.012499518
0.012499517
0.012499517
0.012499517
0.012499517
0.012499517
0.012499517
0.012499519
0.012499519
0.012499519
0.012499519
0.012499519
0.012499519
0.012499519
0.012499518
0.012499518
0.012499518
0.012499518
0.012499518
0.012499518
0.012499518
0.012499517
0.012499517
0.012499517
0.012499517
0.012499517
0.012499517
0.012499519
0.012499519
0.012499519
0.012499519
0.012499519
0.012499519
0.012499518
0.012499518
0.012499518
0.012499518
0.012499518
0.012499518
0.012499518
0.012499518
0.012499517
0.012499517
0.012499517
0.012499517
0.012499517
0.012499517
0.012499519
0.012499519
0.012499519
0.012499519
0.012499519
0.012499519
0.012499519
0.012499518
0.012499518
0.012499518
0.012499518
0.012499518
0.012499518
0.012499518
0.012499517
0.012499517
0.012499517
0.012499517
0.012499517
0.012499517
0.012499519
0.012499519
0.012499519
0.012499519
0.012499519
0.012499519
0.012499519
0.012499518
0.012499518
0.012499518
0.012499518
0.012499518
0.012499518
0.012499518
0.012499517
0.012499517
0.012499517
0.012499517
0.012499517
0.012499517
0.012499519
0.012499519
0.012499519
0.012499519
0.012499519
0.012499519
0.012499518
0.012499518
0.012499518
0.012499518
0.012499518
0.012499518
0.012499518
0.012499518
0.012499517
0.012499517
0.012499517
0.012499517
0.012499517
0.012499517
0.012499519
0.012499519
0.012499519
0.012499519
0.012499519
0.012499519
0.012499518
0.012499518
0.012499518
0.012499518
0.012499518
0.012499518
0.012499518
0.012499518
0.012499517
0.012499517
0.012499517
0.012499517
0.012499517
0.012499517
0.012499519
0.012499519
0.012499519
0.012499519
0.012499519
0.012499519
0.012499519
0.012499518
0.012499518
0.012499518
0.012499518
0.012499518
0.012499518
0.012499518
0.012499517
0.012499517
0.012499517
0.012499517
0.012499517
0.012499517
0.012499519
0.012499519
0.012499519
0.012499519
0.012499519
0.012499519
0.012499518
0.012499518
0.012499518
0.012499518
0.012499518
0.012499518
0.012499518
0.012499518
0.012499517
0.012499517
0.012499517
0.012499517
0.012499517
0.012499517
0.012499519
0.012499519
0.012499519
0.012499519
0.012499519
0.012499519
0.012499518
0.012499518
0.012499518
0.012499518
0.012499518
0.012499518
0.012499518
0.012499518
0.012499517
0.012499517
0.012499517
0.012499517
0.012499517
0.012499517
0.012499519
0.012499519
0.012499519
0.012499519
0.012499519
0.012499519
0.012499519
0.012499518
0.012499518
0.012499518
0.012499518
0.012499518
0.012499518
0.012499518
0.012499517
0.012499517
0.012499517
0.012499517
0.012499517
0.012499517
0.012499519
0.012499519
0.012499519
0.012499519
0.012499519
0.012499519
0.012499518
0.012499518
0.012499518
0.012499518
0.012499518
0.012499518
0.012499518
0.012499518
0.012499517
0.012499517
0.012499517
0.012499517
0.012499517
0.012499517
0.012499519
0.012499519
0.012499519
0.012499519
0.012499519
0.012499519
0.012499518
0.012499518
0.012499518
0.012499518
0.012499518
0.012499518
0.012499518
0.012499518
0.012499517
0.012499517
0.012499517
0.012499517
0.012499517
0.012499517
0.012499519
0.012499519
0.012499519
0.012499519
0.012499519
0.012499519
0.012499519
0.012499518
0.012499518
0.012499518
0.012499518
0.012499518
0.012499518
0.012499518
0.012499517
0.012499517
0.012499517
0.012499517
0.012499517
0.012499517
0.012499519
0.012499519
0.012499519
0.012499519
0.012499519
0.012499519
0.012499518
0.012499518
0.012499518
0.012499518
0.012499518
0.012499518
0.012499518
0.012499518
0.012499517
0.012499517
0.012499517
0.012499517
0.012499517
0.012499517
0.012499519
0.012499519
0.012499519
0.012499519
0.012499519
0.012499519
0.012499518
0.012499518
0.012499518
0.012499518
0.012499518
0.012499518
0.012499518
0.012499518
0.012499517
0.012499517
0.012499517
0.012499517
0.012499517
0.012499517
0.012499519
0.012499519
0.012499519
0.012499519
0.012499519
0.012499519
0.012499519
0.012499518
0.012499518
0.012499518
0.012499518
0.012499518
0.012499518
0.012499518
0.012499517
0.012499517
0.012499517
0.012499517
0.012499517
0.012499517
0.012499519
0.012499519
0.012499519
0.012499519
0.012499519
0.012499519
0.012499518
0.012499518
0.012499518
0.012499518
0.012499518
0.012499518
0.012499518
0.012499518
0.012499517
0.012499517
0.012499517
0.012499517
0.012499517
0.012499517
0.012499519
0.012499519
0.012499519
0.012499519
0.012499519
0.012499519
0.012499518
0.012499518
0.012499518
0.012499518
0.012499518
0.012499518
0.012499518
0.012499518
0.012499517
0.012499517
0.012499517
0.012499517
0.012499517
0.012499517
0.012499519
0.012499519
0.012499519
0.012499519
0.012499519
0.012499519
0.012499519
0.012499518
0.012499518
0.012499518
0.012499518
0.012499518
0.012499518
0.012499518
0.012499517
0.012499517
0.012499517
0.012499517
0.012499517
0.012499517
0.012499519
0.012499519
0.012499519
0.012499519
0.012499519
0.012499519
0.012499518
0.012499518
0.012499518
0.012499518
0.012499518
0.012499518
0.012499518
0.012499518
0.012499517
0.012499517
0.012499517
0.012499517
0.012499517
0.012499517
0.012499519
0.012499519
0.012499519
0.012499519
0.012499519
0.012499519
0.012499518
0.012499518
0.012499518
0.012499518
0.012499518
0.012499518
0.012499518
0.012499518
0.012499517
0.012499517
0.012499517
0.012499517
0.012499517
0.012499517
0.012499519
0.012499519
0.012499519
0.012499519
0.012499519
0.012499519
0.012499519
0.012499518
0.012499518
0.012499518
0.012499518
0.012499518
0.012499518
0.012499518
0.012499517
0.012499517
0.012499517
0.012499517
0.012499517
0.012499517
0.012499519
0.012499519
0.012499519
0.012499519
0.012499519
0.012499519
0.012499518
0.012499518
0.012499518
0.012499518
0.012499518
0.012499518
0.012499518
0.012499518
0.012499517
0.012499517
0.012499517
0.012499517
0.012499517
0.012499517
0.012499519
0.012499519
0.012499519
0.012499519
0.012499519
0.012499519
0.012499518
0.012499518
0.012499518
0.012499518
0.012499518
0.012499518
0.012499518
0.012499518
0.012499517
0.012499517
0.012499517
0.012499517
0.012499517
0.012499517
0.012499519
0.012499519
0.012499519
0.012499519
0.012499519
0.012499519
0.012499518
0.012499518
0.012499518
0.012499518
0.012499518
0.012499518
0.012499518
0.012499518
0.012499517
0.012499517
0.012499517
0.012499517
0.012499517
0.012499517
0.012499519
0.012499519
0.012499519
0.012499519
0.012499519
0.012499519
0.012499518
0.012499518
0.012499518
0.012499518
0.012499518
0.012499518
0.012499518
0.012499518
0.012499517
0.012499517
0.012499517
0.012499517
0.012499517
0.012499517
0.01249919
0.012499188
0.012499187
0.012499185
0.012499183
0.012499182
0.012499181
0.01249918
0.012499179
0.012499179
0.012499179
0.012499179
0.01249918
0.012499181
0.012499182
0.012499184
0.012499185
0.012499187
0.012499189
0.012499191
0.012499374
0.012499374
0.012499375
0.012499376
0.012499376
0.012499377
0.012499377
0.012499377
0.012499378
0.012499378
0.012499378
0.012499378
0.012499378
0.012499377
0.012499377
0.012499377
0.012499376
0.012499376
0.012499375
0.012499374
0.01249946
0.01249946
0.01249946
0.01249946
0.012499461
0.012499461
0.012499461
0.012499461
0.012499461
0.012499461
0.012499461
0.012499461
0.012499461
0.012499461
0.012499461
0.012499461
0.012499461
0.012499461
0.012499461
0.01249946
0.012499498
0.012499498
0.012499498
0.012499498
0.012499499
0.012499499
0.012499499
0.012499499
0.012499499
0.012499499
0.012499499
0.012499499
0.012499499
0.012499499
0.012499499
0.012499499
0.012499499
0.012499499
0.012499499
0.012499499
0.012499513
0.012499513
0.012499513
0.012499513
0.012499513
0.012499513
0.012499514
0.012499514
0.012499514
0.012499514
0.012499514
0.012499514
0.012499514
0.012499514
0.012499514
0.012499514
0.012499514
0.012499514
0.012499514
0.012499514
0.012499518
0.012499518
0.012499518
0.012499518
0.012499518
0.012499518
0.012499519
0.012499519
0.012499519
0.012499519
0.012499519
0.012499519
0.012499519
0.012499519
0.012499519
0.012499519
0.012499519
0.012499519
0.012499519
0.012499519
0.012499519
0.01249952
0.01249952
0.01249952
0.01249952
0.01249952
0.01249952
0.01249952
0.01249952
0.01249952
0.01249952
0.01249952
0.01249952
0.01249952
0.01249952
0.01249952
0.01249952
0.01249952
0.01249952
0.01249952
0.01249952
0.01249952
0.01249952
0.01249952
0.01249952
0.01249952
0.01249952
0.01249952
0.012499521
0.012499521
0.012499521
0.012499521
0.012499521
0.012499521
0.012499521
0.012499521
0.012499521
0.012499521
0.012499521
0.012499521
0.01249952
0.01249952
0.01249952
0.01249952
0.01249952
0.01249952
0.01249952
0.012499521
0.012499521
0.012499521
0.012499521
0.012499521
0.012499521
0.012499521
0.012499521
0.012499521
0.012499521
0.012499521
0.012499521
0.012499521
0.01249952
0.01249952
0.01249952
0.01249952
0.01249952
0.01249952
0.01249952
0.012499521
0.012499521
0.012499521
0.012499521
0.012499521
0.012499521
0.012499521
0.012499521
0.012499521
0.012499521
0.012499521
0.012499521
0.012499521
0.01249952
0.01249952
0.01249952
0.01249952
0.01249952
0.01249952
0.01249952
0.012499521
0.012499521
0.012499521
0.012499521
0.012499521
0.012499521
0.012499521
0.012499521
0.012499521
0.012499521
0.012499521
0.012499521
0.012499521
0.01249952
0.01249952
0.01249952
0.01249952
0.01249952
0.01249952
0.01249952
0.012499521
0.012499521
0.012499521
0.012499521
0.012499521
0.012499521
0.012499521
0.012499521
0.012499521
0.012499521
0.012499521
0.012499521
0.012499521
0.01249952
0.01249952
0.01249952
0.01249952
0.01249952
0.01249952
0.01249952
0.012499521
0.012499521
0.012499521
0.012499521
0.012499521
0.012499521
0.012499521
0.012499521
0.012499521
0.012499521
0.012499521
0.012499521
0.012499521
0.01249952
0.01249952
0.01249952
0.01249952
0.01249952
0.01249952
0.01249952
0.012499521
0.012499521
0.012499521
0.012499521
0.012499521
0.012499521
0.012499521
0.012499521
0.012499521
0.012499521
0.012499521
0.012499521
0.012499521
0.01249952
0.01249952
0.01249952
0.01249952
0.01249952
0.01249952
0.01249952
0.012499521
0.012499521
0.012499521
0.012499521
0.012499521
0.012499521
0.012499521
0.012499521
0.012499521
0.012499521
0.012499521
0.012499521
0.012499521
0.01249952
0.01249952
0.01249952
0.01249952
0.01249952
0.01249952
0.01249952
0.012499521
0.012499521
0.012499521
0.012499521
0.012499521
0.012499521
0.012499521
0.012499521
0.012499521
0.012499521
0.012499521
0.012499521
0.012499521
0.01249952
0.01249952
0.01249952
0.01249952
0.01249952
0.01249952
0.01249952
0.012499521
0.012499521
0.012499521
0.012499521
0.012499521
0.012499521
0.012499521
0.012499521
0.012499521
0.012499521
0.012499521
0.012499521
0.012499521
0.01249952
0.01249952
0.01249952
0.01249952
0.01249952
0.01249952
0.01249952
0.012499521
0.012499521
0.012499521
0.012499521
0.012499521
0.012499521
0.012499521
0.012499521
0.012499521
0.012499521
0.012499521
0.012499521
0.012499521
0.01249952
0.01249952
0.01249952
0.01249952
0.01249952
0.01249952
0.01249952
0.012499521
0.012499521
0.012499521
0.012499521
0.012499521
0.012499521
0.012499521
0.012499521
0.012499521
0.012499521
0.012499521
0.012499521
0.012499521
0.01249952
0.01249952
0.01249952
0.01249952
0.01249952
0.01249952
0.01249952
0.012499521
0.012499521
0.012499521
0.012499521
0.012499521
0.012499521
0.012499521
0.012499521
0.012499521
0.012499521
0.012499521
0.012499521
0.012499521
0.01249952
0.01249952
0.01249952
0.01249952
0.01249952
0.01249952
0.01249952
0.012499521
0.012499521
0.012499521
0.012499521
0.012499521
0.012499521
0.012499521
0.012499521
0.012499521
0.012499521
0.012499521
0.012499521
0.012499521
0.01249952
0.01249952
0.01249952
0.01249952
0.01249952
0.01249952
0.01249952
0.012499521
0.012499521
0.012499521
0.012499521
0.012499521
0.012499521
0.012499521
0.012499521
0.012499521
0.012499521
0.012499521
0.012499521
0.012499521
0.01249952
0.01249952
0.01249952
0.01249952
0.01249952
0.01249952
0.01249952
0.012499521
0.012499521
0.012499521
0.012499521
0.012499521
0.012499521
0.012499521
0.012499521
0.012499521
0.012499521
0.012499521
0.012499521
0.012499521
0.01249952
0.01249952
0.01249952
0.01249952
0.01249952
0.01249952
0.01249952
0.012499521
0.012499521
0.012499521
0.012499521
0.012499521
0.012499521
0.012499521
0.012499521
0.012499521
0.012499521
0.012499521
0.012499521
0.012499521
0.01249952
0.01249952
0.01249952
0.01249952
0.01249952
0.01249952
0.01249952
0.012499521
0.012499521
0.012499521
0.012499521
0.012499521
0.012499521
0.012499521
0.012499521
0.012499521
0.012499521
0.012499521
0.012499521
0.012499521
0.01249952
0.01249952
0.01249952
0.01249952
0.01249952
0.01249952
0.01249952
0.012499521
0.012499521
0.012499521
0.012499521
0.012499521
0.012499521
0.012499521
0.012499521
0.012499521
0.012499521
0.012499521
0.012499521
0.012499521
0.01249952
0.01249952
0.01249952
0.01249952
0.01249952
0.01249952
0.01249952
0.012499521
0.012499521
0.012499521
0.012499521
0.012499521
0.012499521
0.012499521
0.012499521
0.012499521
0.012499521
0.012499521
0.012499521
0.012499521
0.01249952
0.01249952
0.01249952
0.01249952
0.01249952
0.01249952
0.01249952
0.012499521
0.012499521
0.012499521
0.012499521
0.012499521
0.012499521
0.012499521
0.012499521
0.012499521
0.012499521
0.012499521
0.012499521
0.012499521
0.01249952
0.01249952
0.01249952
0.01249952
0.01249952
0.01249952
0.01249952
0.012499521
0.012499521
0.012499521
0.012499521
0.012499521
0.012499521
0.012499521
0.012499521
0.012499521
0.012499521
0.012499521
0.012499521
0.012499521
0.01249952
0.01249952
0.01249952
0.01249952
0.01249952
0.01249952
0.01249952
0.012499521
0.012499521
0.012499521
0.012499521
0.012499521
0.012499521
0.012499521
0.012499521
0.012499521
0.012499521
0.012499521
0.012499521
0.012499521
0.01249952
0.01249952
0.01249952
0.01249952
0.01249952
0.01249952
0.01249952
0.012499521
0.012499521
0.012499521
0.012499521
0.012499521
0.012499521
0.012499521
0.012499521
0.012499521
0.012499521
0.012499521
0.012499521
0.012499521
0.01249952
0.01249952
0.01249952
0.01249952
0.01249952
0.01249952
0.01249952
0.012499521
0.012499521
0.012499521
0.012499521
0.012499521
0.012499521
0.012499521
0.012499521
0.012499521
0.012499521
0.012499521
0.012499521
0.012499521
0.01249952
0.01249952
0.01249952
0.01249952
0.01249952
0.01249952
0.01249952
0.012499521
0.012499521
0.012499521
0.012499521
0.012499521
0.012499521
0.012499521
0.012499521
0.012499521
0.012499521
0.012499521
0.012499521
0.012499521
0.01249952
0.01249952
0.01249952
0.01249952
0.01249952
0.01249952
0.01249952
0.012499521
0.012499521
0.012499521
0.012499521
0.012499521
0.012499521
0.012499521
0.012499521
0.012499521
0.012499521
0.012499521
0.012499521
0.012499521
0.01249952
0.01249952
0.01249952
0.01249952
0.01249952
0.01249952
0.01249952
0.012499521
0.012499521
0.012499521
0.012499521
0.012499521
0.012499521
0.012499521
0.012499521
0.012499521
0.012499521
0.012499521
0.012499521
0.012499521
0.01249952
0.01249952
0.01249952
0.01249952
0.01249952
0.01249952
0.01249952
0.012499521
0.012499521
0.012499521
0.012499521
0.012499521
0.012499521
0.012499521
0.012499521
0.012499521
0.012499521
0.012499521
0.012499521
0.012499521
0.01249952
0.01249952
0.01249952
0.01249952
0.01249952
0.01249952
0.01249952
0.012499521
0.012499521
0.012499521
0.012499521
0.012499521
0.012499521
0.012499521
0.012499521
0.012499521
0.012499521
0.012499521
0.012499521
0.012499521
0.01249952
0.01249952
0.01249952
0.01249952
0.01249952
0.01249952
0.01249952
0.012499521
0.012499521
0.012499521
0.012499521
0.012499521
0.012499521
0.012499521
0.012499521
0.012499521
0.012499521
0.012499521
0.012499521
0.012499521
0.01249952
0.01249952
0.01249952
0.01249952
0.01249952
0.01249952
0.01249952
0.012499521
0.012499521
0.012499521
0.012499521
0.012499521
0.012499521
0.012499521
0.012499521
0.012499521
0.012499521
0.012499521
0.012499521
0.012499521
0.01249952
0.01249952
0.01249952
0.01249952
0.01249952
0.01249952
0.01249952
0.012499521
0.012499521
0.012499521
0.012499521
0.012499521
0.012499521
0.012499521
0.012499521
0.012499521
0.012499521
0.012499521
0.012499521
0.012499521
0.01249952
0.01249952
0.01249952
0.01249952
0.01249952
0.01249952
0.01249952
0.012499521
0.012499521
0.012499521
0.012499521
0.012499521
0.012499521
0.012499521
0.012499521
0.012499521
0.012499521
0.012499521
0.012499521
0.012499521
0.01249952
0.01249952
0.01249952
0.01249952
0.01249952
0.01249952
0.01249952
0.012499521
0.012499521
0.012499521
0.012499521
0.012499521
0.012499521
0.012499521
0.012499521
0.012499521
0.012499521
0.012499521
0.012499521
0.012499521
0.01249952
0.01249952
0.01249952
0.01249952
0.01249952
0.01249952
0.01249952
0.012499521
0.012499521
0.012499521
0.012499521
0.012499521
0.012499521
0.012499521
0.012499521
0.012499521
0.012499521
0.012499521
0.012499521
0.012499521
0.01249952
0.01249952
0.01249952
0.01249952
0.01249952
0.01249952
0.01249952
0.012499521
0.012499521
0.012499521
0.012499521
0.012499521
0.012499521
0.012499521
0.012499521
0.012499521
0.012499521
0.012499521
0.012499521
0.012499521
0.01249952
0.01249952
0.01249952
0.01249952
0.01249952
0.01249952
0.01249952
0.012499521
0.012499521
0.012499521
0.012499521
0.012499521
0.012499521
0.012499521
0.012499521
0.012499521
0.012499521
0.012499521
0.012499521
0.012499521
0.01249952
0.01249952
0.01249952
0.01249952
0.01249952
0.01249952
0.01249952
0.012499521
0.012499521
0.012499521
0.012499521
0.012499521
0.012499521
0.012499521
0.012499521
0.012499521
0.012499521
0.012499521
0.012499521
0.012499521
0.01249952
0.01249952
0.01249952
0.01249952
0.01249952
0.01249952
0.01249952
0.012499521
0.012499521
0.012499521
0.012499521
0.012499521
0.012499521
0.012499521
0.012499521
0.012499521
0.012499521
0.012499521
0.012499521
0.012499521
0.01249952
0.01249952
0.01249952
0.01249952
0.01249952
0.01249952
0.01249952
0.012499521
0.012499521
0.012499521
0.012499521
0.012499521
0.012499521
0.012499521
0.012499521
0.012499521
0.012499521
0.012499521
0.012499521
0.012499521
0.01249952
0.01249952
0.01249952
0.01249952
0.01249952
0.01249952
0.01249952
0.012499521
0.012499521
0.012499521
0.012499521
0.012499521
0.012499521
0.012499521
0.012499521
0.012499521
0.012499521
0.012499521
0.012499521
0.012499521
0.01249952
0.01249952
0.01249952
0.01249952
0.01249952
0.01249952
0.01249952
0.012499521
0.012499521
0.012499521
0.012499521
0.012499521
0.012499521
0.012499521
0.012499521
0.012499521
0.012499521
0.012499521
0.012499521
0.012499521
0.01249952
0.01249952
0.01249952
0.01249952
0.01249952
0.01249952
0.01249952
0.012499521
0.012499521
0.012499521
0.012499521
0.012499521
0.012499521
0.012499521
0.012499521
0.012499521
0.012499521
0.012499521
0.012499521
0.012499521
0.01249952
0.01249952
0.01249952
0.01249952
0.01249952
0.01249952
0.01249952
0.012499521
0.012499521
0.012499521
0.012499521
0.012499521
0.012499521
0.012499521
0.012499521
0.012499521
0.012499521
0.012499521
0.012499521
0.012499521
0.01249952
0.01249952
0.01249952
0.01249952
0.01249952
0.01249952
0.01249952
0.012499521
0.012499521
0.012499521
0.012499521
0.012499521
0.012499521
0.012499521
0.012499521
0.012499521
0.012499521
0.012499521
0.012499521
0.012499521
0.01249952
0.01249952
0.01249952
0.01249952
0.01249952
0.01249952
0.01249952
0.012499521
0.012499521
0.012499521
0.012499521
0.012499521
0.012499521
0.012499521
0.012499521
0.012499521
0.012499521
0.012499521
0.012499521
0.012499521
0.01249952
0.01249952
0.01249952
0.01249952
0.01249952
0.01249952
0.01249952
0.012499521
0.012499521
0.012499521
0.012499521
0.012499521
0.012499521
0.012499521
0.012499521
0.012499521
0.012499521
0.012499521
0.012499521
0.012499521
0.01249952
0.01249952
0.01249952
0.01249952
0.01249952
0.01249952
0.01249952
0.012499521
0.012499521
0.012499521
0.012499521
0.012499521
0.012499521
0.012499521
0.012499521
0.012499521
0.012499521
0.012499521
0.012499521
0.012499521
0.01249952
0.01249952
0.01249952
0.01249952
0.01249952
0.01249952
0.01249952
0.012499521
0.012499521
0.012499521
0.012499521
0.012499521
0.012499521
0.012499521
0.012499521
0.012499521
0.012499521
0.012499521
0.012499521
0.012499521
0.01249952
0.01249952
0.01249952
0.01249952
0.01249952
0.01249952
0.01249952
0.012499521
0.012499521
0.012499521
0.012499521
0.012499521
0.012499521
0.012499521
0.012499521
0.012499521
0.012499521
0.012499521
0.012499521
0.012499521
0.01249952
0.01249952
0.01249952
0.01249952
0.01249952
0.01249952
0.01249952
0.012499521
0.012499521
0.012499521
0.012499521
0.012499521
0.012499521
0.012499521
0.012499521
0.012499521
0.012499521
0.012499521
0.012499521
0.012499521
0.01249952
0.01249952
0.01249952
0.01249952
0.01249952
0.01249952
0.01249952
0.012499521
0.012499521
0.012499521
0.012499521
0.012499521
0.012499521
0.012499521
0.012499521
0.012499521
0.012499521
0.012499521
0.012499521
0.012499521
0.012499147
0.012499142
0.012499137
0.012499133
0.01249913
0.012499127
0.012499124
0.012499123
0.012499121
0.012499121
0.012499121
0.012499122
0.012499123
0.012499125
0.012499127
0.01249913
0.012499134
0.012499138
0.012499143
0.012499188
0.012499184
0.01249918
0.012499177
0.012499174
0.012499171
0.012499168
0.012499166
0.012499164
0.012499162
0.012499161
0.012499159
0.012499158
0.012499158
0.012499157
0.012499157
0.012499157
0.012499157
0.012499157
0.012499148
0.012499158
0.012499366
0.012499367
0.012499367
0.012499368
0.012499368
0.012499368
0.012499369
0.012499369
0.012499369
0.012499369
0.012499369
0.012499369
0.012499369
0.012499369
0.012499369
0.012499369
0.012499368
0.012499368
0.012499368
0.012499374
0.012499374
0.012499374
0.012499374
0.012499374
0.012499374
0.012499374
0.012499374
0.012499374
0.012499374
0.012499374
0.012499373
0.012499373
0.012499372
0.012499372
0.012499371
0.01249937
0.01249937
0.012499369
0.012499367
0.012499368
0.012499457
0.012499457
0.012499457
0.012499457
0.012499457
0.012499457
0.012499457
0.012499457
0.012499458
0.012499458
0.012499458
0.012499458
0.012499458
0.012499458
0.012499458
0.012499458
0.012499458
0.012499458
0.012499457
0.01249946
0.01249946
0.01249946
0.01249946
0.01249946
0.01249946
0.01249946
0.01249946
0.01249946
0.01249946
0.01249946
0.01249946
0.01249946
0.012499459
0.012499459
0.012499459
0.012499459
0.012499458
0.012499458
0.012499457
0.012499458
0.012499495
0.012499495
0.012499495
0.012499495
0.012499495
0.012499495
0.012499495
0.012499496
0.012499496
0.012499496
0.012499496
0.012499496
0.012499496
0.012499496
0.012499496
0.012499496
0.012499496
0.012499496
0.012499496
0.012499499
0.012499498
0.012499498
0.012499498
0.012499498
0.012499498
0.012499498
0.012499498
0.012499498
0.012499498
0.012499498
0.012499498
0.012499498
0.012499498
0.012499497
0.012499497
0.012499497
0.012499497
0.012499497
0.012499496
0.012499497
0.01249951
0.01249951
0.01249951
0.01249951
0.01249951
0.01249951
0.01249951
0.01249951
0.01249951
0.01249951
0.01249951
0.01249951
0.01249951
0.01249951
0.01249951
0.01249951
0.012499511
0.012499511
0.012499511
0.012499513
0.012499513
0.012499513
0.012499513
0.012499513
0.012499513
0.012499513
0.012499513
0.012499513
0.012499513
0.012499513
0.012499513
0.012499512
0.012499512
0.012499512
0.012499512
0.012499512
0.012499512
0.012499511
0.012499511
0.012499511
0.012499515
0.012499515
0.012499515
0.012499515
0.012499515
0.012499515
0.012499515
0.012499515
0.012499515
0.012499515
0.012499515
0.012499515
0.012499515
0.012499515
0.012499515
0.012499515
0.012499515
0.012499515
0.012499516
0.012499518
0.012499518
0.012499518
0.012499518
0.012499518
0.012499518
0.012499518
0.012499518
0.012499518
0.012499518
0.012499518
0.012499517
0.012499517
0.012499517
0.012499517
0.012499517
0.012499517
0.012499517
0.012499516
0.012499516
0.012499516
0.012499516
0.012499516
0.012499516
0.012499516
0.012499516
0.012499516
0.012499516
0.012499516
0.012499516
0.012499516
0.012499516
0.012499517
0.012499517
0.012499517
0.012499517
0.012499517
0.012499517
0.012499517
0.012499517
0.01249952
0.01249952
0.01249952
0.01249952
0.01249952
0.01249952
0.012499519
0.012499519
0.012499519
0.012499519
0.012499519
0.012499519
0.012499519
0.012499519
0.012499518
0.012499518
0.012499518
0.012499518
0.012499518
0.012499517
0.012499518
0.012499516
0.012499516
0.012499516
0.012499516
0.012499517
0.012499517
0.012499517
0.012499517
0.012499517
0.012499517
0.012499517
0.012499517
0.012499517
0.012499517
0.012499517
0.012499517
0.012499517
0.012499517
0.012499517
0.01249952
0.01249952
0.01249952
0.01249952
0.01249952
0.01249952
0.01249952
0.01249952
0.01249952
0.012499519
0.012499519
0.012499519
0.012499519
0.012499519
0.012499519
0.012499519
0.012499518
0.012499518
0.012499518
0.012499517
0.012499518
0.012499516
0.012499516
0.012499517
0.012499517
0.012499517
0.012499517
0.012499517
0.012499517
0.012499517
0.012499517
0.012499517
0.012499517
0.012499517
0.012499517
0.012499517
0.012499517
0.012499517
0.012499517
0.012499517
0.01249952
0.01249952
0.01249952
0.01249952
0.01249952
0.01249952
0.01249952
0.01249952
0.01249952
0.012499519
0.012499519
0.012499519
0.012499519
0.012499519
0.012499519
0.012499519
0.012499519
0.012499518
0.012499518
0.012499517
0.012499518
0.012499516
0.012499517
0.012499517
0.012499517
0.012499517
0.012499517
0.012499517
0.012499517
0.012499517
0.012499517
0.012499517
0.012499517
0.012499517
0.012499517
0.012499517
0.012499517
0.012499517
0.012499517
0.012499517
0.01249952
0.01249952
0.01249952
0.01249952
0.01249952
0.01249952
0.01249952
0.01249952
0.01249952
0.01249952
0.012499519
0.012499519
0.012499519
0.012499519
0.012499519
0.012499519
0.012499519
0.012499518
0.012499518
0.012499517
0.012499518
0.012499516
0.012499517
0.012499517
0.012499517
0.012499517
0.012499517
0.012499517
0.012499517
0.012499517
0.012499517
0.012499517
0.012499517
0.012499517
0.012499517
0.012499517
0.012499517
0.012499517
0.012499517
0.012499517
0.01249952
0.01249952
0.01249952
0.01249952
0.01249952
0.01249952
0.01249952
0.01249952
0.01249952
0.01249952
0.012499519
0.012499519
0.012499519
0.012499519
0.012499519
0.012499519
0.012499519
0.012499518
0.012499518
0.012499517
0.012499518
0.012499516
0.012499516
0.012499517
0.012499517
0.012499517
0.012499517
0.012499517
0.012499517
0.012499517
0.012499517
0.012499517
0.012499517
0.012499517
0.012499517
0.012499517
0.012499517
0.012499517
0.012499517
0.012499517
0.01249952
0.01249952
0.01249952
0.01249952
0.01249952
0.01249952
0.01249952
0.01249952
0.01249952
0.01249952
0.012499519
0.012499519
0.012499519
0.012499519
0.012499519
0.012499519
0.012499519
0.012499518
0.012499518
0.012499517
0.012499518
0.012499516
0.012499517
0.012499517
0.012499517
0.012499517
0.012499517
0.012499517
0.012499517
0.012499517
0.012499517
0.012499517
0.012499517
0.012499517
0.012499517
0.012499517
0.012499517
0.012499517
0.012499517
0.012499517
0.01249952
0.01249952
0.01249952
0.01249952
0.01249952
0.01249952
0.01249952
0.01249952
0.01249952
0.01249952
0.012499519
0.012499519
0.012499519
0.012499519
0.012499519
0.012499519
0.012499519
0.012499518
0.012499518
0.012499517
0.012499518
0.012499516
0.012499517
0.012499517
0.012499517
0.012499517
0.012499517
0.012499517
0.012499517
0.012499517
0.012499517
0.012499517
0.012499517
0.012499517
0.012499517
0.012499517
0.012499517
0.012499517
0.012499517
0.012499517
0.01249952
0.01249952
0.01249952
0.01249952
0.01249952
0.01249952
0.01249952
0.01249952
0.01249952
0.01249952
0.012499519
0.012499519
0.012499519
0.012499519
0.012499519
0.012499519
0.012499519
0.012499518
0.012499518
0.012499517
0.012499518
0.012499516
0.012499516
0.012499517
0.012499517
0.012499517
0.012499517
0.012499517
0.012499517
0.012499517
0.012499517
0.012499517
0.012499517
0.012499517
0.012499517
0.012499517
0.012499517
0.012499517
0.012499517
0.012499517
0.01249952
0.01249952
0.01249952
0.01249952
0.01249952
0.01249952
0.01249952
0.01249952
0.01249952
0.01249952
0.012499519
0.012499519
0.012499519
0.012499519
0.012499519
0.012499519
0.012499519
0.012499518
0.012499518
0.012499517
0.012499518
0.012499516
0.012499516
0.012499517
0.012499517
0.012499517
0.012499517
0.012499517
0.012499517
0.012499517
0.012499517
0.012499517
0.012499517
0.012499517
0.012499517
0.012499517
0.012499517
0.012499517
0.012499517
0.012499517
0.01249952
0.01249952
0.01249952
0.01249952
0.01249952
0.01249952
0.01249952
0.01249952
0.01249952
0.01249952
0.012499519
0.012499519
0.012499519
0.012499519
0.012499519
0.012499519
0.012499519
0.012499518
0.012499518
0.012499517
0.012499518
0.012499516
0.012499517
0.012499517
0.012499517
0.012499517
0.012499517
0.012499517
0.012499517
0.012499517
0.012499517
0.012499517
0.012499517
0.012499517
0.012499517
0.012499517
0.012499517
0.012499517
0.012499517
0.012499517
0.01249952
0.01249952
0.01249952
0.01249952
0.01249952
0.01249952
0.01249952
0.01249952
0.01249952
0.01249952
0.012499519
0.012499519
0.012499519
0.012499519
0.012499519
0.012499519
0.012499519
0.012499518
0.012499518
0.012499517
0.012499518
0.012499516
0.012499516
0.012499517
0.012499517
0.012499517
0.012499517
0.012499517
0.012499517
0.012499517
0.012499517
0.012499517
0.012499517
0.012499517
0.012499517
0.012499517
0.012499517
0.012499517
0.012499517
0.012499517
0.01249952
0.01249952
0.01249952
0.01249952
0.01249952
0.01249952
0.01249952
0.01249952
0.01249952
0.01249952
0.012499519
0.012499519
0.012499519
0.012499519
0.012499519
0.012499519
0.012499519
0.012499518
0.012499518
0.012499517
0.012499518
0.012499516
0.012499517
0.012499517
0.012499517
0.012499517
0.012499517
0.012499517
0.012499517
0.012499517
0.012499517
0.012499517
0.012499517
0.012499517
0.012499517
0.012499517
0.012499517
0.012499517
0.012499517
0.012499517
0.01249952
0.01249952
0.01249952
0.01249952
0.01249952
0.01249952
0.01249952
0.01249952
0.01249952
0.01249952
0.012499519
0.012499519
0.012499519
0.012499519
0.012499519
0.012499519
0.012499519
0.012499518
0.012499518
0.012499517
0.012499518
0.012499517
0.012499517
0.012499517
0.012499517
0.012499517
0.012499517
0.012499517
0.012499517
0.012499517
0.012499517
0.012499517
0.012499517
0.012499517
0.012499517
0.012499517
0.012499517
0.012499517
0.012499517
0.012499517
0.01249952
0.01249952
0.01249952
0.01249952
0.01249952
0.01249952
0.01249952
0.01249952
0.01249952
0.01249952
0.012499519
0.012499519
0.012499519
0.012499519
0.012499519
0.012499519
0.012499519
0.012499518
0.012499518
0.012499517
0.012499518
0.012499516
0.012499516
0.012499517
0.012499517
0.012499517
0.012499517
0.012499517
0.012499517
0.012499517
0.012499517
0.012499517
0.012499517
0.012499517
0.012499517
0.012499517
0.012499517
0.012499517
0.012499517
0.012499517
0.01249952
0.01249952
0.01249952
0.01249952
0.01249952
0.01249952
0.01249952
0.01249952
0.01249952
0.01249952
0.012499519
0.012499519
0.012499519
0.012499519
0.012499519
0.012499519
0.012499519
0.012499518
0.012499518
0.012499517
0.012499518
0.012499516
0.012499517
0.012499517
0.012499517
0.012499517
0.012499517
0.012499517
0.012499517
0.012499517
0.012499517
0.012499517
0.012499517
0.012499517
0.012499517
0.012499517
0.012499517
0.012499517
0.012499517
0.012499517
0.01249952
0.01249952
0.01249952
0.01249952
0.01249952
0.01249952
0.01249952
0.01249952
0.01249952
0.01249952
0.012499519
0.012499519
0.012499519
0.012499519
0.012499519
0.012499519
0.012499519
0.012499518
0.012499518
0.012499517
0.012499518
0.012499516
0.012499517
0.012499517
0.012499517
0.012499517
0.012499517
0.012499517
0.012499517
0.012499517
0.012499517
0.012499517
0.012499517
0.012499517
0.012499517
0.012499517
0.012499517
0.012499517
0.012499517
0.012499517
0.01249952
0.01249952
0.01249952
0.01249952
0.01249952
0.01249952
0.01249952
0.01249952
0.01249952
0.01249952
0.012499519
0.012499519
0.012499519
0.012499519
0.012499519
0.012499519
0.012499519
0.012499518
0.012499518
0.012499517
0.012499518
0.012499516
0.012499516
0.012499517
0.012499517
0.012499517
0.012499517
0.012499517
0.012499517
0.012499517
0.012499517
0.012499517
0.012499517
0.012499517
0.012499517
0.012499517
0.012499517
0.012499517
0.012499517
0.012499517
0.01249952
0.01249952
0.01249952
0.01249952
0.01249952
0.01249952
0.01249952
0.01249952
0.01249952
0.01249952
0.012499519
0.012499519
0.012499519
0.012499519
0.012499519
0.012499519
0.012499519
0.012499518
0.012499518
0.012499517
0.012499518
0.012499516
0.012499516
0.012499517
0.012499517
0.012499517
0.012499517
0.012499517
0.012499517
0.012499517
0.012499517
0.012499517
0.012499517
0.012499517
0.012499517
0.012499517
0.012499517
0.012499517
0.012499517
0.012499517
0.01249952
0.01249952
0.01249952
0.01249952
0.01249952
0.01249952
0.01249952
0.01249952
0.01249952
0.01249952
0.012499519
0.012499519
0.012499519
0.012499519
0.012499519
0.012499519
0.012499519
0.012499518
0.012499518
0.012499517
0.012499518
0.012499516
0.012499517
0.012499517
0.012499517
0.012499517
0.012499517
0.012499517
0.012499517
0.012499517
0.012499517
0.012499517
0.012499517
0.012499517
0.012499517
0.012499517
0.012499517
0.012499517
0.012499517
0.012499517
0.01249952
0.01249952
0.01249952
0.01249952
0.01249952
0.01249952
0.01249952
0.01249952
0.01249952
0.01249952
0.012499519
0.012499519
0.012499519
0.012499519
0.012499519
0.012499519
0.012499519
0.012499518
0.012499518
0.012499517
0.012499518
0.012499516
0.012499516
0.012499517
0.012499517
0.012499517
0.012499517
0.012499517
0.012499517
0.012499517
0.012499517
0.012499517
0.012499517
0.012499517
0.012499517
0.012499517
0.012499517
0.012499517
0.012499517
0.012499517
0.01249952
0.01249952
0.01249952
0.01249952
0.01249952
0.01249952
0.01249952
0.01249952
0.01249952
0.01249952
0.012499519
0.012499519
0.012499519
0.012499519
0.012499519
0.012499519
0.012499519
0.012499518
0.012499518
0.012499517
0.012499518
0.012499517
0.012499517
0.012499517
0.012499517
0.012499517
0.012499517
0.012499517
0.012499517
0.012499517
0.012499517
0.012499517
0.012499517
0.012499517
0.012499517
0.012499517
0.012499517
0.012499517
0.012499517
0.012499517
0.01249952
0.01249952
0.01249952
0.01249952
0.01249952
0.01249952
0.01249952
0.01249952
0.01249952
0.01249952
0.012499519
0.012499519
0.012499519
0.012499519
0.012499519
0.012499519
0.012499519
0.012499518
0.012499518
0.012499517
0.012499518
0.012499517
0.012499517
0.012499517
0.012499517
0.012499517
0.012499517
0.012499517
0.012499517
0.012499517
0.012499517
0.012499517
0.012499517
0.012499517
0.012499517
0.012499517
0.012499517
0.012499517
0.012499517
0.012499517
0.01249952
0.01249952
0.01249952
0.01249952
0.01249952
0.01249952
0.01249952
0.01249952
0.01249952
0.01249952
0.012499519
0.012499519
0.012499519
0.012499519
0.012499519
0.012499519
0.012499519
0.012499518
0.012499518
0.012499517
0.012499518
0.012499516
0.012499517
0.012499517
0.012499517
0.012499517
0.012499517
0.012499517
0.012499517
0.012499517
0.012499517
0.012499517
0.012499517
0.012499517
0.012499517
0.012499517
0.012499517
0.012499517
0.012499517
0.012499517
0.01249952
0.01249952
0.01249952
0.01249952
0.01249952
0.01249952
0.01249952
0.01249952
0.01249952
0.01249952
0.012499519
0.012499519
0.012499519
0.012499519
0.012499519
0.012499519
0.012499519
0.012499518
0.012499518
0.012499517
0.012499518
0.012499517
0.012499517
0.012499517
0.012499517
0.012499517
0.012499517
0.012499517
0.012499517
0.012499517
0.012499517
0.012499517
0.012499517
0.012499517
0.012499517
0.012499517
0.012499517
0.012499517
0.012499517
0.012499517
0.01249952
0.01249952
0.01249952
0.01249952
0.01249952
0.01249952
0.01249952
0.01249952
0.01249952
0.01249952
0.012499519
0.012499519
0.012499519
0.012499519
0.012499519
0.012499519
0.012499519
0.012499518
0.012499518
0.012499517
0.012499518
0.012499517
0.012499517
0.012499517
0.012499517
0.012499517
0.012499517
0.012499517
0.012499517
0.012499517
0.012499517
0.012499517
0.012499517
0.012499517
0.012499517
0.012499517
0.012499517
0.012499517
0.012499517
0.012499517
0.01249952
0.01249952
0.01249952
0.01249952
0.01249952
0.01249952
0.01249952
0.01249952
0.01249952
0.01249952
0.012499519
0.012499519
0.012499519
0.012499519
0.012499519
0.012499519
0.012499519
0.012499518
0.012499518
0.012499517
0.012499518
0.012499516
0.012499517
0.012499517
0.012499517
0.012499517
0.012499517
0.012499517
0.012499517
0.012499517
0.012499517
0.012499517
0.012499517
0.012499517
0.012499517
0.012499517
0.012499517
0.012499517
0.012499517
0.012499517
0.01249952
0.01249952
0.01249952
0.01249952
0.01249952
0.01249952
0.01249952
0.01249952
0.01249952
0.01249952
0.012499519
0.012499519
0.012499519
0.012499519
0.012499519
0.012499519
0.012499519
0.012499518
0.012499518
0.012499517
0.012499518
0.012499516
0.012499517
0.012499517
0.012499517
0.012499517
0.012499517
0.012499517
0.012499517
0.012499517
0.012499517
0.012499517
0.012499517
0.012499517
0.012499517
0.012499517
0.012499517
0.012499517
0.012499517
0.012499517
0.01249952
0.01249952
0.01249952
0.01249952
0.01249952
0.01249952
0.01249952
0.01249952
0.01249952
0.01249952
0.012499519
0.012499519
0.012499519
0.012499519
0.012499519
0.012499519
0.012499519
0.012499518
0.012499518
0.012499517
0.012499518
0.012499517
0.012499517
0.012499517
0.012499517
0.012499517
0.012499517
0.012499517
0.012499517
0.012499517
0.012499517
0.012499517
0.012499517
0.012499517
0.012499517
0.012499517
0.012499517
0.012499517
0.012499517
0.012499517
0.01249952
0.01249952
0.01249952
0.01249952
0.01249952
0.01249952
0.01249952
0.01249952
0.01249952
0.01249952
0.012499519
0.012499519
0.012499519
0.012499519
0.012499519
0.012499519
0.012499519
0.012499518
0.012499518
0.012499517
0.012499518
0.012499516
0.012499516
0.012499517
0.012499517
0.012499517
0.012499517
0.012499517
0.012499517
0.012499517
0.012499517
0.012499517
0.012499517
0.012499517
0.012499517
0.012499517
0.012499517
0.012499517
0.012499517
0.012499517
0.01249952
0.01249952
0.01249952
0.01249952
0.01249952
0.01249952
0.01249952
0.01249952
0.01249952
0.01249952
0.012499519
0.012499519
0.012499519
0.012499519
0.012499519
0.012499519
0.012499519
0.012499518
0.012499518
0.012499517
0.012499518
0.012499517
0.012499517
0.012499517
0.012499517
0.012499517
0.012499517
0.012499517
0.012499517
0.012499517
0.012499517
0.012499517
0.012499517
0.012499517
0.012499517
0.012499517
0.012499517
0.012499517
0.012499517
0.012499517
0.01249952
0.01249952
0.01249952
0.01249952
0.01249952
0.01249952
0.01249952
0.01249952
0.01249952
0.01249952
0.012499519
0.012499519
0.012499519
0.012499519
0.012499519
0.012499519
0.012499519
0.012499518
0.012499518
0.012499517
0.012499518
0.012499517
0.012499517
0.012499517
0.012499517
0.012499517
0.012499517
0.012499517
0.012499517
0.012499517
0.012499517
0.012499517
0.012499517
0.012499517
0.012499517
0.012499517
0.012499517
0.012499517
0.012499517
0.012499517
0.01249952
0.01249952
0.01249952
0.01249952
0.01249952
0.01249952
0.01249952
0.01249952
0.01249952
0.01249952
0.012499519
0.012499519
0.012499519
0.012499519
0.012499519
0.012499519
0.012499519
0.012499518
0.012499518
0.012499517
0.012499518
0.012499516
0.012499516
0.012499517
0.012499517
0.012499517
0.012499517
0.012499517
0.012499517
0.012499517
0.012499517
0.012499517
0.012499517
0.012499517
0.012499517
0.012499517
0.012499517
0.012499517
0.012499517
0.012499517
0.01249952
0.01249952
0.01249952
0.01249952
0.01249952
0.01249952
0.01249952
0.01249952
0.01249952
0.01249952
0.012499519
0.012499519
0.012499519
0.012499519
0.012499519
0.012499519
0.012499519
0.012499518
0.012499518
0.012499517
0.012499518
0.012499516
0.012499517
0.012499517
0.012499517
0.012499517
0.012499517
0.012499517
0.012499517
0.012499517
0.012499517
0.012499517
0.012499517
0.012499517
0.012499517
0.012499517
0.012499517
0.012499517
0.012499517
0.012499517
0.01249952
0.01249952
0.01249952
0.01249952
0.01249952
0.01249952
0.01249952
0.01249952
0.01249952
0.01249952
0.012499519
0.012499519
0.012499519
0.012499519
0.012499519
0.012499519
0.012499519
0.012499518
0.012499518
0.012499517
0.012499518
0.012499516
0.012499517
0.012499517
0.012499517
0.012499517
0.012499517
0.012499517
0.012499517
0.012499517
0.012499517
0.012499517
0.012499517
0.012499517
0.012499517
0.012499517
0.012499517
0.012499517
0.012499517
0.012499517
0.01249952
0.01249952
0.01249952
0.01249952
0.01249952
0.01249952
0.01249952
0.01249952
0.01249952
0.01249952
0.012499519
0.012499519
0.012499519
0.012499519
0.012499519
0.012499519
0.012499519
0.012499518
0.012499518
0.012499517
0.012499518
0.012499516
0.012499516
0.012499517
0.012499517
0.012499517
0.012499517
0.012499517
0.012499517
0.012499517
0.012499517
0.012499517
0.012499517
0.012499517
0.012499517
0.012499517
0.012499517
0.012499517
0.012499517
0.012499517
0.01249952
0.01249952
0.01249952
0.01249952
0.01249952
0.01249952
0.01249952
0.01249952
0.01249952
0.01249952
0.012499519
0.012499519
0.012499519
0.012499519
0.012499519
0.012499519
0.012499519
0.012499518
0.012499518
0.012499517
0.012499518
0.012499516
0.012499517
0.012499517
0.012499517
0.012499517
0.012499517
0.012499517
0.012499517
0.012499517
0.012499517
0.012499517
0.012499517
0.012499517
0.012499517
0.012499517
0.012499517
0.012499517
0.012499517
0.012499517
0.01249952
0.01249952
0.01249952
0.01249952
0.01249952
0.01249952
0.01249952
0.01249952
0.01249952
0.01249952
0.012499519
0.012499519
0.012499519
0.012499519
0.012499519
0.012499519
0.012499519
0.012499518
0.012499518
0.012499517
0.012499518
0.012499516
0.012499517
0.012499517
0.012499517
0.012499517
0.012499517
0.012499517
0.012499517
0.012499517
0.012499517
0.012499517
0.012499517
0.012499517
0.012499517
0.012499517
0.012499517
0.012499517
0.012499517
0.012499517
0.01249952
0.01249952
0.01249952
0.01249952
0.01249952
0.01249952
0.01249952
0.01249952
0.01249952
0.01249952
0.012499519
0.012499519
0.012499519
0.012499519
0.012499519
0.012499519
0.012499519
0.012499518
0.012499518
0.012499517
0.012499518
0.012499516
0.012499516
0.012499517
0.012499517
0.012499517
0.012499517
0.012499517
0.012499517
0.012499517
0.012499517
0.012499517
0.012499517
0.012499517
0.012499517
0.012499517
0.012499517
0.012499517
0.012499517
0.012499517
0.01249952
0.01249952
0.01249952
0.01249952
0.01249952
0.01249952
0.01249952
0.01249952
0.01249952
0.01249952
0.012499519
0.012499519
0.012499519
0.012499519
0.012499519
0.012499519
0.012499519
0.012499518
0.012499518
0.012499517
0.012499518
0.012499516
0.012499517
0.012499517
0.012499517
0.012499517
0.012499517
0.012499517
0.012499517
0.012499517
0.012499517
0.012499517
0.012499517
0.012499517
0.012499517
0.012499517
0.012499517
0.012499517
0.012499517
0.012499517
0.01249952
0.01249952
0.01249952
0.01249952
0.01249952
0.01249952
0.01249952
0.01249952
0.01249952
0.01249952
0.012499519
0.012499519
0.012499519
0.012499519
0.012499519
0.012499519
0.012499519
0.012499518
0.012499518
0.012499517
0.012499518
0.012499516
0.012499517
0.012499517
0.012499517
0.012499517
0.012499517
0.012499517
0.012499517
0.012499517
0.012499517
0.012499517
0.012499517
0.012499517
0.012499517
0.012499517
0.012499517
0.012499517
0.012499517
0.012499517
0.01249952
0.01249952
0.01249952
0.01249952
0.01249952
0.01249952
0.01249952
0.01249952
0.01249952
0.01249952
0.012499519
0.012499519
0.012499519
0.012499519
0.012499519
0.012499519
0.012499519
0.012499518
0.012499518
0.012499517
0.012499518
0.012499516
0.012499516
0.012499517
0.012499517
0.012499517
0.012499517
0.012499517
0.012499517
0.012499517
0.012499517
0.012499517
0.012499517
0.012499517
0.012499517
0.012499517
0.012499517
0.012499517
0.012499517
0.012499517
0.01249952
0.01249952
0.01249952
0.01249952
0.01249952
0.01249952
0.01249952
0.01249952
0.01249952
0.01249952
0.012499519
0.012499519
0.012499519
0.012499519
0.012499519
0.012499519
0.012499519
0.012499518
0.012499518
0.012499517
0.012499518
0.012499516
0.012499517
0.012499517
0.012499517
0.012499517
0.012499517
0.012499517
0.012499517
0.012499517
0.012499517
0.012499517
0.012499517
0.012499517
0.012499517
0.012499517
0.012499517
0.012499517
0.012499517
0.012499517
0.01249952
0.01249952
0.01249952
0.01249952
0.01249952
0.01249952
0.01249952
0.01249952
0.01249952
0.01249952
0.012499519
0.012499519
0.012499519
0.012499519
0.012499519
0.012499519
0.012499519
0.012499518
0.012499518
0.012499517
0.012499518
0.012499517
0.012499517
0.012499517
0.012499517
0.012499517
0.012499517
0.012499517
0.012499517
0.012499517
0.012499517
0.012499517
0.012499517
0.012499517
0.012499517
0.012499517
0.012499517
0.012499517
0.012499517
0.012499517
0.01249952
0.01249952
0.01249952
0.01249952
0.01249952
0.01249952
0.01249952
0.01249952
0.01249952
0.01249952
0.012499519
0.012499519
0.012499519
0.012499519
0.012499519
0.012499519
0.012499519
0.012499518
0.012499518
0.012499517
0.012499518
0.012499516
0.012499516
0.012499517
0.012499517
0.012499517
0.012499517
0.012499517
0.012499517
0.012499517
0.012499517
0.012499517
0.012499517
0.012499517
0.012499517
0.012499517
0.012499517
0.012499517
0.012499517
0.012499517
0.01249952
0.01249952
0.01249952
0.01249952
0.01249952
0.01249952
0.01249952
0.01249952
0.01249952
0.01249952
0.012499519
0.012499519
0.012499519
0.012499519
0.012499519
0.012499519
0.012499519
0.012499518
0.012499518
0.012499517
0.012499518
0.012499516
0.012499517
0.012499517
0.012499517
0.012499517
0.012499517
0.012499517
0.012499517
0.012499517
0.012499517
0.012499517
0.012499517
0.012499517
0.012499517
0.012499517
0.012499517
0.012499517
0.012499517
0.012499517
0.01249952
0.01249952
0.01249952
0.01249952
0.01249952
0.01249952
0.01249952
0.01249952
0.01249952
0.01249952
0.012499519
0.012499519
0.012499519
0.012499519
0.012499519
0.012499519
0.012499519
0.012499518
0.012499518
0.012499517
0.012499518
0.012499517
0.012499517
0.012499517
0.012499517
0.012499517
0.012499517
0.012499517
0.012499517
0.012499517
0.012499517
0.012499517
0.012499517
0.012499517
0.012499517
0.012499517
0.012499517
0.012499517
0.012499517
0.012499517
0.01249952
0.01249952
0.01249952
0.01249952
0.01249952
0.01249952
0.01249952
0.01249952
0.01249952
0.01249952
0.012499519
0.012499519
0.012499519
0.012499519
0.012499519
0.012499519
0.012499519
0.012499518
0.012499518
0.012499517
0.012499518
0.012499516
0.012499516
0.012499517
0.012499517
0.012499517
0.012499517
0.012499517
0.012499517
0.012499517
0.012499517
0.012499517
0.012499517
0.012499517
0.012499517
0.012499517
0.012499517
0.012499517
0.012499517
0.012499517
0.01249952
0.01249952
0.01249952
0.01249952
0.01249952
0.01249952
0.01249952
0.01249952
0.01249952
0.01249952
0.012499519
0.012499519
0.012499519
0.012499519
0.012499519
0.012499519
0.012499519
0.012499518
0.012499518
0.012499517
0.012499518
0.012499516
0.012499517
0.012499517
0.012499517
0.012499517
0.012499517
0.012499517
0.012499517
0.012499517
0.012499517
0.012499517
0.012499517
0.012499517
0.012499517
0.012499517
0.012499517
0.012499517
0.012499517
0.012499517
0.01249952
0.01249952
0.01249952
0.01249952
0.01249952
0.01249952
0.01249952
0.01249952
0.01249952
0.01249952
0.012499519
0.012499519
0.012499519
0.012499519
0.012499519
0.012499519
0.012499519
0.012499518
0.012499518
0.012499517
0.012499518
0.012499516
0.012499517
0.012499517
0.012499517
0.012499517
0.012499517
0.012499517
0.012499517
0.012499517
0.012499517
0.012499517
0.012499517
0.012499517
0.012499517
0.012499517
0.012499517
0.012499517
0.012499517
0.012499517
0.01249952
0.01249952
0.01249952
0.01249952
0.01249952
0.01249952
0.01249952
0.01249952
0.01249952
0.01249952
0.012499519
0.012499519
0.012499519
0.012499519
0.012499519
0.012499519
0.012499519
0.012499518
0.012499518
0.012499517
0.012499518
0.012499516
0.012499516
0.012499517
0.012499517
0.012499517
0.012499517
0.012499517
0.012499517
0.012499517
0.012499517
0.012499517
0.012499517
0.012499517
0.012499517
0.012499517
0.012499517
0.012499517
0.012499517
0.012499517
0.01249952
0.01249952
0.01249952
0.01249952
0.01249952
0.01249952
0.01249952
0.01249952
0.01249952
0.012499519
0.012499519
0.012499519
0.012499519
0.012499519
0.012499519
0.012499519
0.012499519
0.012499518
0.012499518
0.012499517
0.012499518
0.012499516
0.012499516
0.012499517
0.012499517
0.012499517
0.012499517
0.012499517
0.012499517
0.012499517
0.012499517
0.012499517
0.012499517
0.012499517
0.012499517
0.012499517
0.012499517
0.012499517
0.012499517
0.012499517
0.01249952
0.01249952
0.01249952
0.01249952
0.01249952
0.01249952
0.01249952
0.01249952
0.01249952
0.012499519
0.012499519
0.012499519
0.012499519
0.012499519
0.012499519
0.012499519
0.012499519
0.012499518
0.012499518
0.012499517
0.012499518
0.012499516
0.012499516
0.012499517
0.012499517
0.012499517
0.012499517
0.012499517
0.012499517
0.012499517
0.012499517
0.012499517
0.012499517
0.012499517
0.012499517
0.012499517
0.012499517
0.012499517
0.012499517
0.012499517
0.01249952
0.01249952
0.01249952
0.01249952
0.01249952
0.01249952
0.01249952
0.01249952
0.01249952
0.012499519
0.012499519
0.012499519
0.012499519
0.012499519
0.012499519
0.012499519
0.012499518
0.012499518
0.012499518
0.012499517
0.012499518
0.012499516
0.012499516
0.012499516
0.012499517
0.012499517
0.012499517
0.012499517
0.012499517
0.012499517
0.012499517
0.012499517
0.012499517
0.012499517
0.012499517
0.012499517
0.012499517
0.012499517
0.012499517
0.012499517
0.01249952
0.01249952
0.01249952
0.01249952
0.01249952
0.01249952
0.01249952
0.01249952
0.01249952
0.012499519
0.012499519
0.012499519
0.012499519
0.012499519
0.012499519
0.012499519
0.012499518
0.012499518
0.012499518
0.012499517
0.012499518
)
;
        Tnbr            T;
        kappaMethod     fluidThermo;
    }
}


// ************************************************************************* //
